task,family,variant,repeat,status,outcome,solverMode,fallbackReason,B,b,p,K,qStates,fiberCount,activeAnchors,activeMacroEdges,expandedSize,objectiveKind,objectivePrimary,objectiveSecondary,analysisSec,registrySec,fiberSec,encodingSec,solverSec,decodeSec,verifySec,totalSec,peakRssKb,verification,modelBytes,vars,backendTotalClauses,error,searchNodeUniverse,primaryVars,semanticTypeCount,selectedFiberCount,meanRepresentativeLength,maxRepresentativeLength,optimizationPasses,fallbackUsed,backendTranslationCount,costStrategy,unquotientedFiberCount,encodedFiberCount,costScope,parseSec,translationAndSolveSec,totalInternalSec,inputTraceCount,reducedTraceCount,smallFormulaSec,smallFormulaBound,solved,repeats
5to10Traces/0183.trace,5to10Traces,atlas-b,1,TIMEOUT,,ATLAS_B,,10,2,0,8,,,,,,MIN_EXPANDED_SIZE,,,0.030126631,,,,,,,360.0,3276712.0,IN_PROGRESS,,,,TIMEOUT,,,,,,,,,,,,,,,,,,,,,False,1
robot/RRtrace/order2.trace,robot,macro,1,SAT,,MACRO,,2050,2,5,13,4,37,7,7,9,REPAIR,4,9,0.046981033,0.000739529,0.128905579,0.025242606,5.738341842,0.010776387,0.023198256,6.293498623999994,620020.0,PASSED,26357,343472,937671,,13,13718,6,4,0.2857142857142857,2,2,,2,WEIGHTED_MAXSAT,61,37,16,0.90073673,4.837605112,6.093974905,6,6,0.000442451,0,True,1
5to10Traces/0183.trace,5to10Traces,macro,1,SAT,,MACRO,,10,2,0,8,1,62,3,3,5,MIN_EXPANDED_SIZE,0,5,0.035962094,0.00075848,0.096629394,0.013176168,70.524537988,0.005622625,0.022699976,71.141183737,2869408.0,PASSED,155138,2023694,4843136,,8,32453,61,2,0.6666666666666666,1,1,,1,WEIGHTED_MAXSAT,94,46,8,1.42147597,69.103062018,70.872245988,94,94,0.009302399,0,True,1
5to10Traces/0116.trace,5to10Traces,macro,1,TIMEOUT,,MACRO,,67,2,0,8,,,,,,MIN_EXPANDED_SIZE,,,0.032876488,,,,,,,360.0,2102012.0,IN_PROGRESS,,,,TIMEOUT,,,,,,,,,,,,,,,,,,,,,False,1
moreDetailedTest/0057.trace,moreDetailedTest,macro,1,TIMEOUT,,MACRO,,18,2,0,8,,,,,,MIN_EXPANDED_SIZE,,,0.036598716,,,,,,,360.0,2418788.0,IN_PROGRESS,,,,TIMEOUT,,,,,,,,,,,,,,,,,,,,,False,1
baseTest/0019.trace,baseTest,macro,1,TIMEOUT,,MACRO,,18,2,0,8,,,,,,MIN_EXPANDED_SIZE,,,0.031608885,,,,,,,360.0,3792812.0,IN_PROGRESS,,,,TIMEOUT,,,,,,,,,,,,,,,,,,,,,False,1
equal/0004.trace,equal,macro,1,TIMEOUT,,MACRO,,10,2,0,8,,,,,,MIN_EXPANDED_SIZE,,,0.041806138,,,,,,,360.0,3877708.0,IN_PROGRESS,,,,TIMEOUT,,,,,,,,,,,,,,,,,,,,,False,1
5to10Traces/0043.trace,5to10Traces,macro,1,TIMEOUT,,MACRO,,10,2,0,8,,,,,,MIN_EXPANDED_SIZE,,,0.037510372,,,,,,,360.0,8951056.0,IN_PROGRESS,,,,TIMEOUT,,,,,,,,,,,,,,,,,,,,,False,1
5to10Traces/0172.trace,5to10Traces,atlas-b,1,TIMEOUT,,ATLAS_B,,6,2,0,6,,,,,,MIN_EXPANDED_SIZE,,,0.037962453,,,,,,,360.0,3144592.0,IN_PROGRESS,,,,TIMEOUT,,,,,,,,,,,,,,,,,,,,,False,1
voting_machine/voting13.trace,voting_machine,macro,1,SAT,,MACRO,,13,2,0,8,4,69,4,4,4,MIN_EXPANDED_SIZE,0,4,0.057715785,0.000843152,0.06388903,0.015269796,4.489734415,0.006294498,0.010045257,4.894352988000037,461644.0,PASSED,60999,201519,529111,,8,8579,10,3,0.0,0,1,,1,WEIGHTED_MAXSAT,69,69,8,0.73189715,3.757837265,4.752395552,19,19,0.011419734,0,True,1
5to10Traces/0088.trace,5to10Traces,macro,1,SAT,,MACRO,,3,2,0,3,1,22,1,1,2,MIN_EXPANDED_SIZE,0,2,0.037776475,0.000476383,0.018667257,0.005206868,0.845544483,0.005217958,0.007757007,1.140705945000036,141140.0,PASSED,16409,10077,19173,,3,489,21,1,1.0,1,1,,1,WEIGHTED_MAXSAT,24,5,2,0.296524458,0.549020025,0.982378453,10,10,0.006561125,2,True,1
5to10Traces/0047.trace,5to10Traces,atlas-b,1,SAT,,ATLAS_B,,18,2,0,8,,,,,6,MIN_EXPANDED_SIZE,0,6,0.035763101,,,0.041168475,53.499324329,0.031406675,0.023251259,54.131524105999915,1273744.0,PASSED,14999,960119,3292805,,11,7460,,,,,1,,1,,,,8,,,53.907498927,,,,,True,1
equal/0025.trace,equal,atlas-b,1,TIMEOUT,,ATLAS_B,,6,2,0,6,,,,,,MIN_EXPANDED_SIZE,,,0.036675446,,,,,,,360.0,2907564.0,IN_PROGRESS,,,,TIMEOUT,,,,,,,,,,,,,,,,,,,,,False,1
5to10Traces/0047.trace,5to10Traces,macro,1,SAT,,MACRO,,18,2,0,8,1,78,3,3,6,MIN_EXPANDED_SIZE,0,6,0.033046184,0.000699069,0.108396458,0.015807382,29.542709309,0.006658888,0.011681202,30.09781281800042,1279484.0,PASSED,114282,737367,1774221,,8,12917,77,3,1.0,2,1,,1,WEIGHTED_MAXSAT,174,46,8,0.94194609,28.600763219,29.847560599,34,34,0.015035872,0,True,1
weakening/weaken_antecedent/weaken_antecedent_10_10_10.trace,weakening,atlas-b,1,SAT,,ATLAS_B,,10,2,0,8,,,,,6,MIN_EXPANDED_SIZE,0,6,0.079434224,,,0.044334825,2.130999996,0.021349011,0.015991098,2.719644610999694,358852.0,PASSED,10204,179547,601675,,11,4483,,,,,1,,1,,,,8,,,2.58233643,,,,,True,1
weakening/weaken_antecedent/weaken_antecedent_30_10_10.trace,weakening,atlas-b,1,SAT,,ATLAS_B,,10,2,0,8,,,,,6,MIN_EXPANDED_SIZE,0,6,0.084661043,,,0.044055778,22.738747918,0.018830623,0.02053738,23.533438530999774,4076632.0,PASSED,22543,3160048,12058775,,11,24883,,,,,1,,1,,,,8,,,23.218768079,,,,,True,1
robot/RRtrace/order7.trace,robot,macro,1,SAT,,MACRO,,2050,2,5,13,4,37,7,7,9,REPAIR,4,9,0.046165544,0.000648037,0.105424018,0.014522267,6.676072264,0.009872614,0.035744576,7.20562554900016,977980.0,PASSED,25568,411508,1127592,,13,16421,6,4,0.2857142857142857,2,2,,2,WEIGHTED_MAXSAT,61,37,16,0.714502931,5.961569333,7.009945269,8,8,0.000403671,0,True,1
moreDetailedTest/0052.trace,moreDetailedTest,macro,1,SAT,,MACRO,,3,2,0,3,1,22,1,1,2,MIN_EXPANDED_SIZE,0,2,0.036966858,0.000861863,0.019335786,0.01234338,6.709199399,0.005040454,0.016723027,7.3673960539999825,898048.0,PASSED,100584,481408,914247,,3,20676,21,1,1.0,1,1,,1,WEIGHTED_MAXSAT,24,5,2,2.204468019,4.50473138,7.194537473,800,496,0.01423404,2,True,1
5to10Traces/0041.trace,5to10Traces,atlas-b,1,TIMEOUT,,ATLAS_B,,10,2,0,8,,,,,,MIN_EXPANDED_SIZE,,,0.045149617,,,,,,,360.0,4435872.0,IN_PROGRESS,,,,TIMEOUT,,,,,,,,,,,,,,,,,,,,,False,1
5to10Traces/0138.trace,5to10Traces,macro,1,SAT,,MACRO,,3,2,0,3,1,22,1,1,2,MIN_EXPANDED_SIZE,0,2,0.032092874,0.000596815,0.019647473,0.006156874,2.418824665,0.004567982,0.009948455,2.853238505999798,274900.0,PASSED,45187,125116,236934,,3,5421,21,1,1.0,1,1,,1,WEIGHTED_MAXSAT,24,5,2,0.69324945,1.725575215,2.676249446,150,130,0.009058951,2,True,1
moreDetailedTest/0084.trace,moreDetailedTest,macro,1,TIMEOUT,,MACRO,,67,2,0,8,,,,,,MIN_EXPANDED_SIZE,,,0.031814637,,,,,,,360.0,1770812.0,IN_PROGRESS,,,,TIMEOUT,,,,,,,,,,,,,,,,,,,,,False,1
weakening/weaken_antecedent/weaken_antecedent_10_60_60.trace,weakening,macro,1,SAT,,MACRO,,10,2,0,8,15,109,6,6,6,MIN_EXPANDED_SIZE,0,6,0.094111273,0.002435185,0.047645227,0.01315356,25.591418448,0.010925291,0.027778579,26.429943718999766,1762560.0,PASSED,115206,1084612,2731926,,8,45156,6,6,0.0,0,1,,1,WEIGHTED_MAXSAT,169,109,8,1.339547157,24.251871291,26.168799933,120,117,0.001301695,0,True,1
baseTest/0021.trace,baseTest,macro,1,SAT,,MACRO,,18,2,0,8,1,58,3,3,6,MIN_EXPANDED_SIZE,0,6,0.032984967,0.000644407,0.047973346,0.006209995,37.12069545,0.006128103,0.010980882,37.532910043000356,869252.0,PASSED,50186,459234,966868,,8,9512,57,3,1.0,1,1,,1,WEIGHTED_MAXSAT,174,36,8,0.635782019,36.484913431,37.322568988,48,48,0.008619289,0,True,1
robot/RAtrace/final47.trace,robot,macro,1,SAT,,MACRO,,2050,2,6,14,2,14,8,8,9,REPAIR,5,9,0.036248694,0.00077529,0.074028588,0.01501646,8.575443932,0.009947474,0.02216956,9.106157325999902,1018192.0,PASSED,28413,556596,1526826,,14,20684,6,3,0.125,1,2,,2,WEIGHTED_MAXSAT,22,14,16,0.796361309,7.779082623,8.903590189,16,13,0.00037631,0,True,1
5to10Traces/0110.trace,5to10Traces,atlas-b,1,SAT,,ATLAS_B,,67,2,0,8,,,,,2,MIN_EXPANDED_SIZE,0,2,0.035808042,,,0.031659692,1.174404244,0.011410093,0.01956376,1.7049760659997446,247924.0,PASSED,4988,81166,267916,,12,1133,,,,,1,,1,,,,8,,,1.54160321,,,,,True,1
peterson/constrained/safety2.trace,peterson,atlas-b,1,SAT,,ATLAS_B,,18,2,0,8,,,,,5,MIN_EXPANDED_SIZE,0,5,0.099521376,,,0.053654917,23.993032677,0.017570437,0.016260922,24.784963290000178,3716524.0,PASSED,38649,2575762,9747198,,23,22257,,,,,1,,1,,,,8,,,24.486637125,,,,,True,1
increasingNumVariables/0055.trace,increasingNumVariables,macro,1,TIMEOUT,,MACRO,,264,2,0,8,,,,,,MIN_EXPANDED_SIZE,,,0.034153968,,,,,,,360.0,1693472.0,IN_PROGRESS,,,,TIMEOUT,,,,,,,,,,,,,,,,,,,,,False,1
5to10Traces/0147.trace,5to10Traces,macro,1,SAT,,MACRO,,3,2,0,3,1,22,1,1,2,MIN_EXPANDED_SIZE,0,2,0.040002898,0.000654336,0.04926038,0.010307706,4.607383165,0.005154727,0.0188738,5.1577223819999745,580516.0,PASSED,92357,324069,712743,,3,16185,21,1,1.0,1,1,,1,WEIGHTED_MAXSAT,24,5,2,1.066308038,3.541075127,5.007835023,187,187,0.017649803,2,True,1
disjunctedExistence/0003.trace,disjunctedExistence,macro,1,TIMEOUT,,MACRO,,36,2,0,8,,,,,,MIN_EXPANDED_SIZE,,,0.040728368,,,,,,,360.0,1751188.0,IN_PROGRESS,,,,TIMEOUT,,,,,,,,,,,,,,,,,,,,,False,1
baseTest/0033.trace,baseTest,atlas-b,1,ERROR,,ATLAS_B,,3,2,0,3,,,,,,MIN_EXPANDED_SIZE,,,0.036979085,,,,,,,360.0,1533976.0,FAILED,,,,"ErrorType: Translation capacity exceeded.
In this scope, universe contains 5029 atoms
and relations of arity 3 cannot be represented.
Visit http://alloy.mit.edu/ for advice on refactoring.",,,,,,,,,,,,,,,,23.883329046,,,,,False,1
moreDetailedTest/0090.trace,moreDetailedTest,macro,1,TIMEOUT,,MACRO,,6,2,0,6,,,,,,MIN_EXPANDED_SIZE,,,0.040904139,,,,,,,360.0,3214592.0,IN_PROGRESS,,,,TIMEOUT,,,,,,,,,,,,,,,,,,,,,False,1
robot/RRtrace/order7.trace,robot,atlas-b,1,SAT,,ATLAS_B,,2050,2,5,13,,,,,9,REPAIR,4,9,0.046229078,,,0.065012685,70.639217565,0.017098699,0.018764023,71.53566681700022,6320420.0,PASSED,10670,4036010,15570212,,22,20911,,,,,2,,2,,,,16,,,71.091410033,,,,,True,1
baseTest/0019.trace,baseTest,atlas-b,1,ERROR,,ATLAS_B,,18,2,0,8,,,,,,MIN_EXPANDED_SIZE,,,0.064513014,,,,,,,360.0,1748400.0,FAILED,,,,"ErrorType: Translation capacity exceeded.
In this scope, universe contains 5051 atoms
and relations of arity 3 cannot be represented.
Visit http://alloy.mit.edu/ for advice on refactoring.",,,,,,,,,,,,,,,,29.576405872,,,,,False,1
peterson/base/safety1.trace,peterson,macro,1,SAT,,MACRO,,18,2,0,8,5,67,4,4,5,MIN_EXPANDED_SIZE,0,5,0.097019047,0.002201238,0.072059691,0.016949665,5.313588872,0.010305841,0.010528626,5.820612312999856,617072.0,PASSED,55394,274770,922914,,8,10840,10,4,0.25,1,1,,1,WEIGHTED_MAXSAT,67,67,8,0.737892093,4.575696779,5.635549474,12,12,0.000297398,0,True,1
moreDetailedTest/0027.trace,moreDetailedTest,macro,1,SAT,,MACRO,,5,2,0,5,1,24,1,1,3,MIN_EXPANDED_SIZE,0,3,0.035867571,0.000565555,0.023139767,0.008795341,1.697241939,0.004543639,0.022648604,2.0147119939997538,231340.0,PASSED,22748,53941,110471,,5,1677,23,1,2.0,2,1,,1,WEIGHTED_MAXSAT,44,22,5,0.40184671,1.295395229,1.873825735,10,10,0.008325689,0,True,1
5to10Traces/0062.trace,5to10Traces,macro,1,TIMEOUT,,MACRO,,18,2,0,8,,,,,,MIN_EXPANDED_SIZE,,,0.039064955,,,,,,,360.0,4053176.0,IN_PROGRESS,,,,TIMEOUT,,,,,,,,,,,,,,,,,,,,,False,1
5to10Traces/0165.trace,5to10Traces,atlas-b,1,TIMEOUT,,ATLAS_B,,6,2,0,6,,,,,,MIN_EXPANDED_SIZE,,,0.040398266,,,,,,,360.0,5365528.0,IN_PROGRESS,,,,TIMEOUT,,,,,,,,,,,,,,,,,,,,,False,1
weakening/weaken_antecedent/weaken_antecedent_10_30_30.trace,weakening,macro,1,SAT,,MACRO,,10,2,0,8,15,109,6,6,6,MIN_EXPANDED_SIZE,0,6,0.088540339,0.002017153,0.026877791,0.008038479,17.503549589,0.009831587,0.014431766,18.051074465000056,1245688.0,PASSED,99438,579630,1510304,,8,24696,6,6,0.0,0,1,,1,WEIGHTED_MAXSAT,169,109,8,1.10146134,16.402088249,17.796777704,60,55,0.001235382,0,True,1
moreDetailedTest/0079.trace,moreDetailedTest,macro,1,TIMEOUT,,MACRO,,67,2,0,8,,,,,,MIN_EXPANDED_SIZE,,,0.03873386,,,,,,,360.0,4885988.0,IN_PROGRESS,,,,TIMEOUT,,,,,,,,,,,,,,,,,,,,,False,1
5to10Traces/0096.trace,5to10Traces,macro,1,SAT,,MACRO,,3,2,0,3,1,22,1,1,2,MIN_EXPANDED_SIZE,0,2,0.03950318,0.000647377,0.029067185,0.006979424,3.00676418,0.004035606,0.013503466,3.609374875999947,374340.0,PASSED,49506,157427,297295,,3,6762,21,1,1.0,1,1,,1,WEIGHTED_MAXSAT,24,5,2,0.819677723,2.187086457,3.382244312,200,165,0.008105793,2,True,1
baseTest/0028.trace,baseTest,atlas-b,1,SAT,,ATLAS_B,,6,2,0,6,,,,,5,MIN_EXPANDED_SIZE,0,5,0.035737752,,,0.031614302,5.038613077,0.019066642,0.016298659,5.571453873999872,285136.0,PASSED,7343,108958,351891,,9,1692,,,,,1,,1,,,,6,,,5.436181951,,,,,True,1
5to10Traces/0107.trace,5to10Traces,atlas-b,1,SAT,,ATLAS_B,,3,2,0,3,,,,,2,MIN_EXPANDED_SIZE,0,2,0.04022682,,,0.054745832,19.912102186,0.085065791,0.0144356,20.72822625500021,3129964.0,PASSED,66984,2205490,7572675,,5,35031,,,,,1,,1,,,,3,,,20.418031734,,,,,True,1
5to10Traces/0161.trace,5to10Traces,atlas-b,1,TIMEOUT,,ATLAS_B,,6,2,0,6,,,,,,MIN_EXPANDED_SIZE,,,0.03757717,,,,,,,360.0,3852124.0,IN_PROGRESS,,,,TIMEOUT,,,,,,,,,,,,,,,,,,,,,False,1
baseTest/0007.trace,baseTest,macro,1,SAT,,MACRO,,10,2,0,8,1,42,4,5,6,MIN_EXPANDED_SIZE,0,6,0.042654466,0.000487183,0.041803913,0.008645456,10.608194949,0.006784206,0.026129654,11.508753573000831,339748.0,PASSED,36158,167524,360626,,8,4298,41,3,0.4,1,1,,1,WEIGHTED_MAXSAT,94,36,8,0.551072503,10.057122446,11.321673136,16,16,0.009972633,0,True,1
equal/0004.trace,equal,atlas-b,1,TIMEOUT,,ATLAS_B,,10,2,0,8,,,,,,MIN_EXPANDED_SIZE,,,0.041565317,,,,,,,360.0,3865400.0,IN_PROGRESS,,,,TIMEOUT,,,,,,,,,,,,,,,,,,,,,False,1
robot/RRtrace/order2.trace,robot,atlas-b,1,SAT,,ATLAS_B,,2050,2,5,13,,,,,9,REPAIR,4,9,0.052105049,,,0.046259191,73.529651122,0.01670982,0.017571553,74.3256637530003,6184660.0,PASSED,9072,3918950,15170460,,22,18495,,,,,2,,2,,,,16,,,73.939880668,,,,,True,1
baseTest/0028.trace,baseTest,macro,1,SAT,,MACRO,,6,2,0,6,1,34,5,5,5,MIN_EXPANDED_SIZE,0,5,0.03338643,0.000589856,0.028979791,0.005428136,5.089593735,0.006604098,0.009888716,5.421993201999612,444800.0,PASSED,31865,157149,327908,,6,3741,33,1,0.0,0,1,,1,WEIGHTED_MAXSAT,54,32,6,0.544731031,4.544862704,5.260903061,21,21,0.009692311,0,True,1
equal/0022.trace,equal,macro,1,TIMEOUT,,MACRO,,6,2,0,6,,,,,,MIN_EXPANDED_SIZE,,,0.04190878,,,,,,,360.0,2055004.0,IN_PROGRESS,,,,TIMEOUT,,,,,,,,,,,,,,,,,,,,,False,1
increasingNumVariables/0014.trace,increasingNumVariables,atlas-b,1,TIMEOUT,,ATLAS_B,,11,2,0,8,,,,,,MIN_EXPANDED_SIZE,,,0.039139175,,,,,,,360.0,1024500.0,IN_PROGRESS,,,,TIMEOUT,,,,,,,,,,,,,,,,,,,,,False,1
5to10Traces/0042.trace,5to10Traces,atlas-b,1,TIMEOUT,,ATLAS_B,,10,2,0,8,,,,,,MIN_EXPANDED_SIZE,,,0.039615699,,,,,,,360.0,4303708.0,IN_PROGRESS,,,,TIMEOUT,,,,,,,,,,,,,,,,,,,,,False,1
moreDetailedTest/0120.trace,moreDetailedTest,macro,1,TIMEOUT,,MACRO,,10,2,0,8,,,,,,MIN_EXPANDED_SIZE,,,0.038887602,,,,,,,360.0,4933044.0,IN_PROGRESS,,,,TIMEOUT,,,,,,,,,,,,,,,,,,,,,False,1
moreDetailedTest/0084.trace,moreDetailedTest,atlas-b,1,TIMEOUT,,ATLAS_B,,67,2,0,8,,,,,,MIN_EXPANDED_SIZE,,,0.035336779,,,,,,,360.0,1522548.0,IN_PROGRESS,,,,TIMEOUT,,,,,,,,,,,,,,,,,,,,,False,1
peterson/constrained/liveness4.trace,peterson,macro,1,SAT,,MACRO,,18,2,0,8,10,171,4,4,5,MIN_EXPANDED_SIZE,0,5,0.110531523,0.001732106,0.123699064,0.020004902,10.735809757,0.010377056,0.011690782,11.2997273710007,848832.0,PASSED,85588,361694,1218384,,8,16197,10,4,0.25,1,1,,1,WEIGHTED_MAXSAT,171,171,8,1.047942111,9.687867646,11.11864854,12,12,0.00037313,0,True,1
moreDetailedTest/0097.trace,moreDetailedTest,atlas-b,1,SAT,,ATLAS_B,,6,2,0,6,,,,,5,MIN_EXPANDED_SIZE,0,5,0.035125326,,,0.028006866,2.668332174,0.023774723,0.019076728,3.1910954710001533,194428.0,PASSED,4808,54464,175648,,9,922,,,,,1,,1,,,,6,,,3.040918363,,,,,True,1
5to10Traces/0176.trace,5to10Traces,atlas-b,1,SAT,,ATLAS_B,,10,2,0,8,,,,,3,MIN_EXPANDED_SIZE,0,3,0.034723255,,,0.045359388,1.268234717,0.014904557,0.014577728,1.7852569719998428,259128.0,PASSED,4809,82237,269611,,11,1120,,,,,1,,1,,,,8,,,1.653409792,,,,,True,1
5to10Traces/0043.trace,5to10Traces,atlas-b,1,TIMEOUT,,ATLAS_B,,10,2,0,8,,,,,,MIN_EXPANDED_SIZE,,,0.040983621,,,,,,,360.0,4435152.0,IN_PROGRESS,,,,TIMEOUT,,,,,,,,,,,,,,,,,,,,,False,1
5to10Traces/0192.trace,5to10Traces,atlas-b,1,SAT,,ATLAS_B,,10,2,0,8,,,,,5,MIN_EXPANDED_SIZE,0,5,0.039529698,,,0.075702052,36.276344862,0.045057881,0.020353345,37.149569672000325,3825632.0,PASSED,95075,2963555,9729644,,11,32320,,,,,1,,1,,,,8,,,36.77826852,,,,,True,1
increasingNumVariables/0009.trace,increasingNumVariables,atlas-b,1,TIMEOUT,,ATLAS_B,,11,2,0,8,,,,,,MIN_EXPANDED_SIZE,,,0.034831327,,,,,,,360.0,531400.0,IN_PROGRESS,,,,TIMEOUT,,,,,,,,,,,,,,,,,,,,,False,1
5to10Traces/0053.trace,5to10Traces,macro,1,TIMEOUT,,MACRO,,18,2,0,8,,,,,,MIN_EXPANDED_SIZE,,,0.039675448,,,,,,,360.0,2955708.0,IN_PROGRESS,,,,TIMEOUT,,,,,,,,,,,,,,,,,,,,,False,1
baseTest/0042.trace,baseTest,atlas-b,1,TIMEOUT,,ATLAS_B,,10,2,0,8,,,,,,MIN_EXPANDED_SIZE,,,0.033448107,,,,,,,360.0,698840.0,IN_PROGRESS,,,,TIMEOUT,,,,,,,,,,,,,,,,,,,,,False,1
equal/0041.trace,equal,atlas-b,1,SAT,,ATLAS_B,,10,2,0,8,,,,,5,MIN_EXPANDED_SIZE,0,5,0.033598451,,,0.053146482,8.624204401,0.018507658,0.015870857,9.63123199599977,1015384.0,PASSED,25589,747157,2452696,,11,8320,,,,,1,,1,,,,8,,,9.425691456,,,,,True,1
moreDetailedTest/0038.trace,moreDetailedTest,atlas-b,1,TIMEOUT,,ATLAS_B,,18,2,0,8,,,,,,MIN_EXPANDED_SIZE,,,0.043701555,,,,,,,360.0,6685868.0,IN_PROGRESS,,,,TIMEOUT,,,,,,,,,,,,,,,,,,,,,False,1
5to10Traces/0116.trace,5to10Traces,atlas-b,1,TIMEOUT,,ATLAS_B,,67,2,0,8,,,,,,MIN_EXPANDED_SIZE,,,0.033192787,,,,,,,360.0,1559424.0,IN_PROGRESS,,,,TIMEOUT,,,,,,,,,,,,,,,,,,,,,False,1
5to10Traces/0103.trace,5to10Traces,macro,1,SAT,,MACRO,,3,2,0,3,1,22,1,1,2,MIN_EXPANDED_SIZE,0,2,0.034308421,0.000693688,0.056167971,0.009875653,4.507832588,0.00452896,0.054399585,5.366930524999589,602500.0,PASSED,79097,318079,702763,,3,15897,21,1,1.0,1,1,,1,WEIGHTED_MAXSAT,24,5,2,0.975825938,3.53200665,5.170207981,182,182,0.01772424,2,True,1
moreDetailedTest/0120.trace,moreDetailedTest,atlas-b,1,SAT,,ATLAS_B,,10,2,0,8,,,,,5,MIN_EXPANDED_SIZE,0,5,0.038094411,,,0.096414471,53.091817343,0.07906804,0.023286838,54.05669712999952,5217108.0,PASSED,141489,4441154,14580944,,11,48320,,,,,1,,1,,,,8,,,53.644353828,,,,,True,1
increasingNumVariables/0055.trace,increasingNumVariables,atlas-b,1,TIMEOUT,,ATLAS_B,,264,2,0,8,,,,,,MIN_EXPANDED_SIZE,,,0.040951367,,,,,,,360.0,1577792.0,IN_PROGRESS,,,,TIMEOUT,,,,,,,,,,,,,,,,,,,,,False,1
moreDetailedTest/0090.trace,moreDetailedTest,atlas-b,1,TIMEOUT,,ATLAS_B,,6,2,0,6,,,,,,MIN_EXPANDED_SIZE,,,0.035552598,,,,,,,360.0,2911888.0,IN_PROGRESS,,,,TIMEOUT,,,,,,,,,,,,,,,,,,,,,False,1
5to10Traces/0036.trace,5to10Traces,macro,1,TIMEOUT,,MACRO,,10,2,0,8,,,,,,MIN_EXPANDED_SIZE,,,0.041444516,,,,,,,360.0,3549856.0,IN_PROGRESS,,,,TIMEOUT,,,,,,,,,,,,,,,,,,,,,False,1
5to10Traces/0062.trace,5to10Traces,atlas-b,1,TIMEOUT,,ATLAS_B,,18,2,0,8,,,,,,MIN_EXPANDED_SIZE,,,0.041010235,,,,,,,360.0,4235232.0,IN_PROGRESS,,,,TIMEOUT,,,,,,,,,,,,,,,,,,,,,False,1
5to10Traces/0161.trace,5to10Traces,macro,1,TIMEOUT,,MACRO,,6,2,0,6,,,,,,MIN_EXPANDED_SIZE,,,0.039520692,,,,,,,360.0,2710948.0,IN_PROGRESS,,,,TIMEOUT,,,,,,,,,,,,,,,,,,,,,False,1
equal/0022.trace,equal,atlas-b,1,TIMEOUT,,ATLAS_B,,6,2,0,6,,,,,,MIN_EXPANDED_SIZE,,,0.033433476,,,,,,,360.0,1492960.0,IN_PROGRESS,,,,TIMEOUT,,,,,,,,,,,,,,,,,,,,,False,1
equal/0025.trace,equal,macro,1,TIMEOUT,,MACRO,,6,2,0,6,,,,,,MIN_EXPANDED_SIZE,,,0.042671943,,,,,,,360.0,3184436.0,IN_PROGRESS,,,,TIMEOUT,,,,,,,,,,,,,,,,,,,,,False,1
increasingNumVariables/0009.trace,increasingNumVariables,macro,1,SAT,,MACRO,,11,2,0,8,1,44,5,5,7,MIN_EXPANDED_SIZE,0,7,0.03536708,0.000461602,0.040859549,0.006745112,78.835374506,0.014534608,0.020764654,79.26868582499992,909568.0,PASSED,42636,398151,856641,,8,8299,43,2,0.4,1,1,,1,WEIGHTED_MAXSAT,104,36,8,0.608056948,78.227317558,79.094379401,40,40,0.010090376,0,True,1
5to10Traces/0042.trace,5to10Traces,macro,1,TIMEOUT,,MACRO,,10,2,0,8,,,,,,MIN_EXPANDED_SIZE,,,0.037273335,,,,,,,360.0,4464292.0,IN_PROGRESS,,,,TIMEOUT,,,,,,,,,,,,,,,,,,,,,False,1
5to10Traces/0053.trace,5to10Traces,atlas-b,1,TIMEOUT,,ATLAS_B,,18,2,0,8,,,,,,MIN_EXPANDED_SIZE,,,0.046442499,,,,,,,360.0,4131344.0,IN_PROGRESS,,,,TIMEOUT,,,,,,,,,,,,,,,,,,,,,False,1
increasingNumVariables/0016.trace,increasingNumVariables,macro,1,SAT,,MACRO,,20,2,0,8,1,62,5,5,7,MIN_EXPANDED_SIZE,0,7,0.036105518,0.000580015,0.061519533,0.006105742,52.13989984,0.006620896,0.010008356,52.59977777200038,554864.0,PASSED,41365,304316,659466,,8,6624,61,3,0.4,1,1,,1,WEIGHTED_MAXSAT,194,36,8,0.595249614,51.544650226,52.386708759,30,30,0.028369682,0,True,1
moreDetailedTest/0105.trace,moreDetailedTest,macro,1,SAT,,MACRO,,3,2,0,3,1,22,1,1,2,MIN_EXPANDED_SIZE,0,2,0.038976595,0.00188281,0.01961282,0.014093584,4.916987836,0.006214735,0.015717387,5.625441534000856,554148.0,PASSED,79912,334115,632720,,3,14349,21,1,1.0,1,1,,1,WEIGHTED_MAXSAT,24,5,2,1.28440809,3.632579746,5.420737212,500,345,0.018036199,2,True,1
equal/0015.trace,equal,macro,1,SAT,,MACRO,,18,2,0,8,1,58,3,3,6,MIN_EXPANDED_SIZE,0,6,0.03805661,0.000664087,0.059491589,0.010708474,93.350860686,0.014816563,0.019479697,94.07383759899858,2420928.0,PASSED,96847,1806713,3824244,,8,33008,57,3,1.0,1,1,,1,WEIGHTED_MAXSAT,174,36,8,1.144823006,92.20603768,93.781868372,200,198,0.027414927,0,True,1
peterson/base/safety1.trace,peterson,atlas-b,1,SAT,,ATLAS_B,,18,2,0,8,,,,,5,MIN_EXPANDED_SIZE,0,5,0.087733158,,,0.058840681,24.920180762,0.038456411,0.023592746,25.75319298500108,3721392.0,PASSED,39116,2575762,9747243,,23,22257,,,,,1,,1,,,,8,,,25.406683322,,,,,True,1
disjunctedExistence/0030.trace,disjunctedExistence,macro,1,SAT,,MACRO,,11,2,0,8,1,44,3,3,4,MIN_EXPANDED_SIZE,0,4,0.042123508,0.000648058,0.047151911,0.0199597,29.192338758,0.006315228,0.021780858,29.843372293000357,1951544.0,PASSED,83588,1422375,3007145,,8,26317,43,2,0.3333333333333333,1,1,,1,WEIGHTED_MAXSAT,104,36,8,0.96179655,28.230542208,29.562158701,151,151,0.013747144,0,True,1
moreDetailedTest/0083.trace,moreDetailedTest,atlas-b,1,SAT,,ATLAS_B,,67,2,0,8,,,,,2,MIN_EXPANDED_SIZE,0,2,0.037014942,,,0.040089594,0.915171393,0.013819017,0.016264951,2.203022095000051,195388.0,PASSED,4163,57540,189966,,12,878,,,,,1,,1,,,,8,,,2.037573254,,,,,True,1
weakening/weaken_antecedent/weaken_antecedent_20_10_10.trace,weakening,atlas-b,1,SAT,,ATLAS_B,,10,2,0,8,,,,,6,MIN_EXPANDED_SIZE,0,6,0.083681181,,,0.031323651,9.17816649,0.016545209,0.016100807,11.357123625000895,1484216.0,PASSED,16383,1052148,3897275,,11,12683,,,,,1,,1,,,,8,,,11.11684773,,,,,True,1
increasingNumVariables/0031.trace,increasingNumVariables,macro,1,TIMEOUT,,MACRO,,37,2,0,8,,,,,,MIN_EXPANDED_SIZE,,,0.033436038,,,,,,,360.0,1734060.0,IN_PROGRESS,,,,TIMEOUT,,,,,,,,,,,,,,,,,,,,,False,1
disjunctedExistence/0048.trace,disjunctedExistence,atlas-b,1,TIMEOUT,,ATLAS_B,,134,2,0,8,,,,,,MIN_EXPANDED_SIZE,,,0.046185996,,,,,,,360.0,1476484.0,IN_PROGRESS,,,,TIMEOUT,,,,,,,,,,,,,,,,,,,,,False,1
moreDetailedTest/0027.trace,moreDetailedTest,atlas-b,1,SAT,,ATLAS_B,,5,2,0,5,,,,,3,MIN_EXPANDED_SIZE,0,3,0.03769018,,,0.050429968,0.715890574,0.026823132,0.01582056,1.2676394190002611,163640.0,PASSED,4354,38396,121118,,7,747,,,,,1,,1,,,,5,,,1.115363767,,,,,True,1
robot/RAtrace/final47.trace,robot,atlas-b,1,SAT,,ATLAS_B,,2050,2,6,14,,,,,9,REPAIR,5,9,0.037497936,,,0.946619318,127.874018591,0.027586842,0.02449761,129.72768607499893,8616008.0,PASSED,15313,7532330,29049488,,23,39850,,,,,2,,2,,,,16,,,129.210586829,,,,,True,1
weakening/weaken_antecedent/weaken_antecedent_30_10_10.trace,weakening,macro,1,SAT,,MACRO,,10,2,0,8,15,109,6,6,6,MIN_EXPANDED_SIZE,0,6,0.083747303,0.002250769,0.085004216,0.007754795,16.742400485,0.011076374,0.01394779,17.32823120500143,1128888.0,PASSED,94815,579655,1580136,,8,26643,6,6,0.0,0,1,,1,WEIGHTED_MAXSAT,169,109,8,1.019164424,15.723236061,17.081397694,20,20,0.001193581,0,True,1
peterson/extra_traces/safety5.trace,peterson,macro,1,SAT,,MACRO,,18,2,0,8,5,67,4,4,5,MIN_EXPANDED_SIZE,0,5,0.102073929,0.001017867,0.092206558,0.009565444,6.166486678,0.010129449,0.012759998,6.703059300998575,612380.0,PASSED,61468,336166,1111486,,8,13084,10,4,0.25,1,1,,1,WEIGHTED_MAXSAT,67,67,8,0.888433863,5.278052815,6.508960859,16,16,0.000302558,0,True,1
peterson/extra_traces/safety5.trace,peterson,atlas-b,1,SAT,,ATLAS_B,,18,2,0,8,,,,,5,MIN_EXPANDED_SIZE,0,5,0.093954594,,,0.051455565,36.836896598,0.021865162,0.016371289,37.655127537000226,4549456.0,PASSED,49907,3402698,12906408,,23,29297,,,,,1,,1,,,,8,,,37.327904194,,,,,True,1
baseTest/0033.trace,baseTest,macro,1,SAT,,MACRO,,3,2,0,3,1,22,1,1,2,MIN_EXPANDED_SIZE,0,2,0.035516551,0.000768527,0.038935258,0.05947453,46.287375404,0.005765292,0.048944594,51.624411336000776,3352184.0,PASSED,520811,2999304,5728630,,3,128775,21,1,1.0,1,1,,1,WEIGHTED_MAXSAT,24,5,2,21.039311428,25.248063976,51.31003059,5000,3024,0.035907179,2,True,1
moreDetailedTest/0118.trace,moreDetailedTest,macro,1,SAT,,MACRO,,10,2,0,8,1,42,3,3,5,MIN_EXPANDED_SIZE,0,5,0.037312536,0.00075612,0.040370657,0.019156227,145.965798125,0.006197373,0.017584422,146.7992238349998,3842440.0,PASSED,141150,3608914,7651105,,8,64259,41,2,0.6666666666666666,1,1,,1,WEIGHTED_MAXSAT,94,36,8,2.229984147,143.735813978,146.449737717,400,398,0.019706981,0,True,1
5to10Traces/0135.trace,5to10Traces,atlas-b,1,SAT,,ATLAS_B,,3,2,0,3,,,,,2,MIN_EXPANDED_SIZE,0,2,0.034547727,,,0.034678851,2.589774635,0.01371572,0.01484268,3.1216785479991813,420632.0,PASSED,10009,256524,879958,,5,4131,,,,,1,,1,,,,3,,,2.960465123,,,,,True,1
5to10Traces/0060.trace,5to10Traces,atlas-b,1,TIMEOUT,,ATLAS_B,,18,2,0,8,,,,,,MIN_EXPANDED_SIZE,,,0.041164451,,,,,,,360.0,3845064.0,IN_PROGRESS,,,,TIMEOUT,,,,,,,,,,,,,,,,,,,,,False,1
5to10Traces/0110.trace,5to10Traces,macro,1,SAT,,MACRO,,67,2,0,8,1,149,1,1,2,MIN_EXPANDED_SIZE,0,2,0.037673318,0.000502703,0.100764875,0.002886215,0.761238915,0.004581449,0.015141923,1.1354238660005649,137992.0,PASSED,11628,10165,19703,,8,511,148,1,1.0,1,1,,1,WEIGHTED_MAXSAT,664,5,2,0.269961955,0.49127696,0.989406206,9,9,0.006689094,2,True,1
increasingNumVariables/0003.trace,increasingNumVariables,macro,1,SAT,,MACRO,,10,2,0,8,1,42,3,3,5,MIN_EXPANDED_SIZE,0,5,0.035058719,0.000653457,0.040267276,0.006910969,17.608656738,0.00655022,0.010176304,18.02657930299938,1030840.0,PASSED,52573,570310,1217928,,8,11360,41,2,0.6666666666666666,1,1,,1,WEIGHTED_MAXSAT,94,36,8,0.676324752,16.932331986,17.826743257,60,60,0.009558868,0,True,1
5to10Traces/0103.trace,5to10Traces,atlas-b,1,SAT,,ATLAS_B,,3,2,0,3,,,,,2,MIN_EXPANDED_SIZE,0,2,0.039262409,,,0.064542905,16.199885708,0.026374564,0.015874403,16.90764774499985,2234440.0,PASSED,52859,1722979,5915735,,5,27381,,,,,1,,1,,,,3,,,16.644518798,,,,,True,1
baseTest/0007.trace,baseTest,atlas-b,1,SAT,,ATLAS_B,,10,2,0,8,,,,,6,MIN_EXPANDED_SIZE,0,6,0.034780673,,,0.038218122,123.310054717,0.016073702,0.014165732,123.87004690700087,346900.0,PASSED,6189,126565,415148,,11,1600,,,,,1,,1,,,,8,,,123.685745197,,,,,True,1
disjunctedExistence/0009.trace,disjunctedExistence,atlas-b,1,TIMEOUT,,ATLAS_B,,36,2,0,8,,,,,,MIN_EXPANDED_SIZE,,,0.037030932,,,,,,,360.0,2898828.0,IN_PROGRESS,,,,TIMEOUT,,,,,,,,,,,,,,,,,,,,,False,1
5to10Traces/0036.trace,5to10Traces,atlas-b,1,TIMEOUT,,ATLAS_B,,10,2,0,8,,,,,,MIN_EXPANDED_SIZE,,,0.03503883,,,,,,,360.0,3356396.0,IN_PROGRESS,,,,TIMEOUT,,,,,,,,,,,,,,,,,,,,,False,1
5to10Traces/0107.trace,5to10Traces,macro,1,SAT,,MACRO,,3,2,0,3,1,22,1,1,2,MIN_EXPANDED_SIZE,0,2,0.035736579,0.000787781,0.039881219,0.011097347,4.776720694,0.005574149,0.02200111,5.442185600999437,588456.0,PASSED,95007,406886,897590,,3,20298,21,1,1.0,1,1,,1,WEIGHTED_MAXSAT,24,5,2,1.230046403,3.546674291,5.257697976,233,233,0.019553454,2,True,1
moreDetailedTest/0121.trace,moreDetailedTest,atlas-b,1,SAT,,ATLAS_B,,10,2,0,8,,,,,5,MIN_EXPANDED_SIZE,0,5,0.036792777,,,0.103046122,65.713588207,0.071604419,0.026022408,66.81539819200043,5766852.0,PASSED,164689,5179956,17006595,,11,56320,,,,,1,,1,,,,8,,,66.424230617,,,,,True,1
increasingNumVariables/0035.trace,increasingNumVariables,macro,1,TIMEOUT,,MACRO,,70,2,0,8,,,,,,MIN_EXPANDED_SIZE,,,0.034235888,,,,,,,360.0,1071752.0,IN_PROGRESS,,,,TIMEOUT,,,,,,,,,,,,,,,,,,,,,False,1
moreDetailedTest/0069.trace,moreDetailedTest,atlas-b,1,SAT,,ATLAS_B,,18,2,0,8,,,,,3,MIN_EXPANDED_SIZE,0,3,0.035834946,,,0.039230805,1.514121607,0.026169941,0.014318138,2.6265669229997,260112.0,PASSED,4809,82237,269611,,11,1120,,,,,1,,1,,,,8,,,2.481814173,,,,,True,1
weakening/weaken_antecedent/weaken_antecedent_85_10_10.trace,weakening,atlas-b,1,TIMEOUT,,ATLAS_B,,10,2,0,8,,,,,,MIN_EXPANDED_SIZE,,,0.083556355,,,,,,,360.0,4460692.0,IN_PROGRESS,,,,TIMEOUT,,,,,,,,,,,,,,,,,,,,,False,1
weakening/weaken_antecedent/weaken_antecedent_85_10_10.trace,weakening,macro,1,SAT,,MACRO,,10,2,0,8,15,109,6,6,6,MIN_EXPANDED_SIZE,0,6,0.090911237,0.002055074,0.268976971,0.007704702,26.119670056,0.009237433,0.027240505,27.002120061000824,2261496.0,PASSED,111475,1344147,3620628,,8,62943,6,6,0.0,0,1,,1,WEIGHTED_MAXSAT,169,109,8,1.230500321,24.889169735,26.727480371,20,20,0.001128449,0,True,1
disjunctedExistence/0048.trace,disjunctedExistence,macro,1,TIMEOUT,,MACRO,,134,2,0,8,,,,,,MIN_EXPANDED_SIZE,,,0.04072578,,,,,,,360.0,1763780.0,IN_PROGRESS,,,,TIMEOUT,,,,,,,,,,,,,,,,,,,,,False,1
5to10Traces/0156.trace,5to10Traces,atlas-b,1,UNSAT,,ATLAS_B,,6,2,0,6,,,,,0,MIN_EXPANDED_SIZE,0,0,0.037670051,,,0.048647211,101.436321749,0.0,0.0,101.93009254400022,398152.0,NOT_APPLICABLE_UNSAT,14038,252624,816548,,9,3722,,,,,1,,1,,,,6,,,101.785976839,,,,,True,1
5to10Traces/0151.trace,5to10Traces,atlas-b,1,SAT,,ATLAS_B,,3,2,0,3,,,,,2,MIN_EXPANDED_SIZE,0,2,0.033363494,,,0.076063782,19.539361828,0.057654211,0.013879429,20.370973459001107,3205648.0,PASSED,68362,2252795,7735337,,5,35781,,,,,1,,1,,,,3,,,20.04662466,,,,,True,1
moreDetailedTest/0057.trace,moreDetailedTest,atlas-b,1,TIMEOUT,,ATLAS_B,,18,2,0,8,,,,,,MIN_EXPANDED_SIZE,,,0.040870123,,,,,,,360.0,1945396.0,IN_PROGRESS,,,,TIMEOUT,,,,,,,,,,,,,,,,,,,,,False,1
increasingNumVariables/0014.trace,increasingNumVariables,macro,1,SAT,,MACRO,,11,2,0,8,1,44,5,5,7,MIN_EXPANDED_SIZE,0,7,0.039331511,0.000738391,0.030827881,0.007854281,111.876936523,0.005850265,0.022333985,112.38207150599919,1701948.0,PASSED,54009,866353,1847651,,8,16417,43,2,0.4,1,1,,1,WEIGHTED_MAXSAT,104,36,8,0.815998555,111.060937968,112.13126149,90,90,0.011662739,0,True,1
moreDetailedTest/0033.trace,moreDetailedTest,atlas-b,1,TIMEOUT,,ATLAS_B,,18,2,0,8,,,,,,MIN_EXPANDED_SIZE,,,0.03905421,,,,,,,360.0,3364252.0,IN_PROGRESS,,,,TIMEOUT,,,,,,,,,,,,,,,,,,,,,False,1
5to10Traces/0060.trace,5to10Traces,macro,1,TIMEOUT,,MACRO,,18,2,0,8,,,,,,MIN_EXPANDED_SIZE,,,0.035206621,,,,,,,360.0,3779896.0,IN_PROGRESS,,,,TIMEOUT,,,,,,,,,,,,,,,,,,,,,False,1
weakening/weaken_antecedent/weaken_antecedent_20_10_10.trace,weakening,macro,1,SAT,,MACRO,,10,2,0,8,15,109,6,6,6,MIN_EXPANDED_SIZE,0,6,0.086396372,0.002090266,0.04517071,0.017888179,15.124086156,0.011764604,0.019841101,15.609118058000604,900372.0,PASSED,91771,440615,1209096,,8,20043,6,6,0.0,0,1,,1,WEIGHTED_MAXSAT,169,109,8,1.128373811,13.995712345,15.412772223,20,20,0.001172601,0,True,1
moreDetailedTest/0097.trace,moreDetailedTest,macro,1,SAT,,MACRO,,6,2,0,6,1,34,5,5,5,MIN_EXPANDED_SIZE,0,5,0.033831296,0.000472632,0.034890984,0.004937082,3.011591043,0.005256271,0.959711646,4.406787644998985,254532.0,PASSED,33313,77316,163621,,6,2316,33,1,0.0,0,1,,1,WEIGHTED_MAXSAT,54,32,6,0.459379954,2.552211089,4.22654709,10,10,0.011286642,0,True,1
moreDetailedTest/0083.trace,moreDetailedTest,macro,1,SAT,,MACRO,,67,2,0,8,1,69,1,1,2,MIN_EXPANDED_SIZE,0,2,0.03323477,0.000498464,0.089771583,0.006479123,0.714537825,0.008483908,0.010276765,1.8624068959998112,122600.0,PASSED,9596,7199,14047,,8,385,68,1,1.0,1,1,,1,WEIGHTED_MAXSAT,664,5,2,0.260534603,0.454003222,1.68585129,6,6,0.009236298,2,True,1
5to10Traces/0120.trace,5to10Traces,atlas-b,1,SAT,,ATLAS_B,,67,2,0,8,,,,,2,MIN_EXPANDED_SIZE,0,2,0.040072362,,,0.054010865,12.202484352,0.04222436,0.014532979,12.88123758799884,2024088.0,PASSED,56062,1538041,5074891,,12,16858,,,,,1,,1,,,,8,,,12.653123122,,,,,True,1
moreDetailedTest/0102.trace,moreDetailedTest,atlas-b,1,SAT,,ATLAS_B,,3,2,0,3,,,,,2,MIN_EXPANDED_SIZE,0,2,0.041349667,,,0.075343906,6.484811901,0.061192969,0.020034166,7.202557722001075,1129312.0,PASSED,58346,605839,1876049,,5,15081,,,,,1,,1,,,,3,,,6.976224324,,,,,True,1
moreDetailedTest/0105.trace,moreDetailedTest,atlas-b,1,SAT,,ATLAS_B,,3,2,0,3,,,,,2,MIN_EXPANDED_SIZE,0,2,0.038399588,,,0.085596991,9.770687326,0.12366414,0.023654913,10.578458604999469,1355328.0,PASSED,95602,1009020,3124932,,5,25081,,,,,1,,1,,,,3,,,10.351289236,,,,,True,1
disjunctedExistence/0003.trace,disjunctedExistence,atlas-b,1,TIMEOUT,,ATLAS_B,,36,2,0,8,,,,,,MIN_EXPANDED_SIZE,,,0.039481017,,,,,,,360.0,1483908.0,IN_PROGRESS,,,,TIMEOUT,,,,,,,,,,,,,,,,,,,,,False,1
moreDetailedTest/0102.trace,moreDetailedTest,macro,1,SAT,,MACRO,,3,2,0,3,1,22,1,1,2,MIN_EXPANDED_SIZE,0,2,0.04006171,0.000706499,0.02805462,0.008291871,3.737407263,0.005224874,0.012838438,4.270160213998679,455744.0,PASSED,61695,220745,418038,,3,9489,21,1,1.0,1,1,,1,WEIGHTED_MAXSAT,24,5,2,1.007320545,2.730086718,4.099655573,300,232,0.013925212,2,True,1
equal/0015.trace,equal,atlas-b,1,TIMEOUT,,ATLAS_B,,18,2,0,8,,,,,,MIN_EXPANDED_SIZE,,,0.043532612,,,,,,,360.0,1961656.0,IN_PROGRESS,,,,TIMEOUT,,,,,,,,,,,,,,,,,,,,,False,1
increasingNumVariables/0035.trace,increasingNumVariables,atlas-b,1,TIMEOUT,,ATLAS_B,,70,2,0,8,,,,,,MIN_EXPANDED_SIZE,,,0.032065085,,,,,,,360.0,910456.0,IN_PROGRESS,,,,TIMEOUT,,,,,,,,,,,,,,,,,,,,,False,1
weakening/weaken_antecedent/weaken_antecedent_10_60_60.trace,weakening,atlas-b,1,SAT,,ATLAS_B,,10,2,0,8,,,,,6,MIN_EXPANDED_SIZE,0,6,0.084301222,,,0.057480582,10.538773675,0.048776496,0.028064424,11.263276117000714,1543568.0,PASSED,46804,1026244,3484175,,11,25483,,,,,1,,1,,,,8,,,11.055806315,,,,,True,1
5to10Traces/0120.trace,5to10Traces,macro,1,SAT,,MACRO,,67,2,0,8,1,149,1,1,2,MIN_EXPANDED_SIZE,0,2,0.034193659,0.00071736,0.12171614,0.012295725,3.530178064,0.004652987,0.015367848,4.128732900000614,461592.0,PASSED,65593,202201,389731,,8,8701,148,1,1.0,1,1,,1,WEIGHTED_MAXSAT,664,5,2,1.044820431,2.485357633,3.983744678,194,194,0.014451633,2,True,1
5to10Traces/0096.trace,5to10Traces,atlas-b,1,SAT,,ATLAS_B,,3,2,0,3,,,,,2,MIN_EXPANDED_SIZE,0,2,0.032233006,,,0.051562592,3.937823819,0.018437612,0.020451896,4.504125219000343,711196.0,PASSED,39674,404255,1251611,,5,10081,,,,,1,,1,,,,3,,,4.342339699,,,,,True,1
increasingNumVariables/0043.trace,increasingNumVariables,atlas-b,1,TIMEOUT,,ATLAS_B,,135,2,0,8,,,,,,MIN_EXPANDED_SIZE,,,0.036478842,,,,,,,360.0,938332.0,IN_PROGRESS,,,,TIMEOUT,,,,,,,,,,,,,,,,,,,,,False,1
equal/0028.trace,equal,macro,1,SAT,,MACRO,,6,2,0,6,1,34,3,3,3,MIN_EXPANDED_SIZE,0,3,0.041442179,0.000505094,0.026887872,0.004994046,2.32794257,0.006177609,0.011553745,2.6638900880006986,257416.0,PASSED,29384,79138,168907,,6,2316,33,1,0.0,0,1,,1,WEIGHTED_MAXSAT,54,32,6,0.472653965,1.855288605,2.504276716,10,10,0.008618205,0,True,1
disjunctedExistence/0009.trace,disjunctedExistence,macro,1,TIMEOUT,,MACRO,,36,2,0,8,,,,,,MIN_EXPANDED_SIZE,,,0.044579815,,,,,,,360.0,2597008.0,IN_PROGRESS,,,,TIMEOUT,,,,,,,,,,,,,,,,,,,,,False,1
equal/0028.trace,equal,atlas-b,1,SAT,,ATLAS_B,,6,2,0,6,,,,,3,MIN_EXPANDED_SIZE,0,3,0.038773696,,,0.037766989,1.813838023,0.01612408,0.013820626,2.318177557999661,194608.0,PASSED,4808,54464,175648,,9,922,,,,,1,,1,,,,6,,,2.179744616,,,,,True,1
5to10Traces/0127.trace,5to10Traces,macro,1,SAT,,MACRO,,67,2,0,8,1,176,1,1,2,MIN_EXPANDED_SIZE,0,2,0.036013802,0.000771081,0.279771364,0.012245634,4.616184027,0.004560615,0.019753498,5.510879740000746,618436.0,PASSED,94904,366685,821325,,8,18151,175,1,1.0,1,1,,1,WEIGHTED_MAXSAT,664,5,2,1.398169525,3.218014502,5.311594318,202,202,0.011926786,2,True,1
baseTest/0021.trace,baseTest,atlas-b,1,SAT,,ATLAS_B,,18,2,0,8,,,,,6,MIN_EXPANDED_SIZE,0,6,0.033048111,,,0.044722359,32.060119539,0.028049725,0.018625088,32.91298538299998,680516.0,PASSED,13581,362981,1191376,,11,4160,,,,,1,,1,,,,8,,,32.757143164,,,,,True,1
peterson/constrained/liveness4.trace,peterson,atlas-b,1,SAT,,ATLAS_B,,18,2,0,8,,,,,5,MIN_EXPANDED_SIZE,0,5,0.119228612,,,0.048820672,25.632030311,0.0186922,0.017743334,26.45402046399977,3711556.0,PASSED,38377,2576539,9748658,,23,22257,,,,,1,,1,,,,8,,,26.135466275,,,,,True,1
moreDetailedTest/0121.trace,moreDetailedTest,macro,1,TIMEOUT,,MACRO,,10,2,0,8,,,,,,MIN_EXPANDED_SIZE,,,0.042447688,,,,,,,360.0,5719112.0,IN_PROGRESS,,,,TIMEOUT,,,,,,,,,,,,,,,,,,,,,False,1
weakening/weaken_antecedent/weaken_antecedent_10_10_10.trace,weakening,macro,1,SAT,,MACRO,,10,2,0,8,15,109,6,6,6,MIN_EXPANDED_SIZE,0,6,0.08980246,0.002200439,0.061636705,0.011528623,15.416866609,0.010383282,0.011882953,15.879271882000467,837860.0,PASSED,90776,294467,820261,,8,13146,6,6,0.0,0,1,,1,WEIGHTED_MAXSAT,169,109,8,0.948481238,14.468385371,15.695952892,20,20,0.001372617,0,True,1
moreDetailedTest/0038.trace,moreDetailedTest,macro,1,TIMEOUT,,MACRO,,18,2,0,8,,,,,,MIN_EXPANDED_SIZE,,,0.036792,,,,,,,360.0,6075660.0,IN_PROGRESS,,,,TIMEOUT,,,,,,,,,,,,,,,,,,,,,False,1
5to10Traces/0088.trace,5to10Traces,atlas-b,1,SAT,,ATLAS_B,,3,2,0,3,,,,,2,MIN_EXPANDED_SIZE,0,2,0.03667342,,,0.04371989,0.610657279,0.013294939,0.023643199,1.1428172060004727,134488.0,PASSED,4354,21237,65175,,5,581,,,,,1,,1,,,,3,,,0.999745711,,,,,True,1
5to10Traces/0165.trace,5to10Traces,macro,1,TIMEOUT,,MACRO,,6,2,0,6,,,,,,MIN_EXPANDED_SIZE,,,0.046481826,,,,,,,360.0,3689552.0,IN_PROGRESS,,,,TIMEOUT,,,,,,,,,,,,,,,,,,,,,False,1
weakening/weaken_antecedent/weaken_antecedent_10_30_30.trace,weakening,atlas-b,1,SAT,,ATLAS_B,,10,2,0,8,,,,,6,MIN_EXPANDED_SIZE,0,6,0.072530218,,,0.03759253,4.429007771,0.017818959,0.022085743,5.076371404000383,831180.0,PASSED,24844,518223,1754675,,11,12883,,,,,1,,1,,,,8,,,4.860669362,,,,,True,1
increasingNumVariables/0003.trace,increasingNumVariables,atlas-b,1,SAT,,ATLAS_B,,10,2,0,8,,,,,5,MIN_EXPANDED_SIZE,0,5,0.031901157,,,0.058829169,10.152205404,0.016301817,0.015152927,10.702148871001555,745812.0,PASSED,16349,451637,1482436,,11,5120,,,,,1,,1,,,,8,,,10.54753276,,,,,True,1
increasingNumVariables/0031.trace,increasingNumVariables,atlas-b,1,TIMEOUT,,ATLAS_B,,37,2,0,8,,,,,,MIN_EXPANDED_SIZE,,,0.039007398,,,,,,,360.0,1422880.0,IN_PROGRESS,,,,TIMEOUT,,,,,,,,,,,,,,,,,,,,,False,1
5to10Traces/0156.trace,5to10Traces,macro,1,UNSAT,,MACRO,,6,2,0,6,1,34,0,0,0,MIN_EXPANDED_SIZE,0,0,0.034484012,0.000663658,0.032957021,0.007537824,61.092377335,0.000317129,0.000515704,61.39779574299973,695772.0,NOT_APPLICABLE_UNSAT,52268,348920,725587,,6,7141,33,0,0.0,0,1,,1,WEIGHTED_MAXSAT,54,32,6,0.662991057,60.429386278,61.236214024,50,50,0.010102813,0,True,1
equal/0041.trace,equal,macro,1,SAT,,MACRO,,10,2,0,8,1,42,3,3,5,MIN_EXPANDED_SIZE,0,5,0.034982146,0.000695779,0.036315872,0.009264511,39.096405053,0.006146656,0.018017967,39.656574159998854,1759368.0,PASSED,73413,912967,1936569,,8,17300,41,2,0.6666666666666666,1,1,,1,WEIGHTED_MAXSAT,94,36,8,1.004147231,38.092257822,39.39182221,100,99,0.010881655,0,True,1
baseTest/0042.trace,baseTest,macro,1,SAT,,MACRO,,10,2,0,8,1,42,3,3,5,MIN_EXPANDED_SIZE,0,5,0.036682402,0.00075546,0.05693916,0.006940947,15.322849678,0.006505696,0.011281075,15.799807604000307,866184.0,PASSED,53763,475448,1009506,,8,9710,41,2,0.6666666666666666,1,1,,1,WEIGHTED_MAXSAT,94,36,8,0.72080512,14.602044558,15.568151381,50,50,0.008967573,0,True,1
disjunctedExistence/0030.trace,disjunctedExistence,atlas-b,1,SAT,,ATLAS_B,,11,2,0,8,,,,,4,MIN_EXPANDED_SIZE,0,4,0.039842558,,,0.060533267,11.90015357,0.03216248,0.019362274,12.581755659999544,1651236.0,PASSED,44228,1199415,3957497,,12,13203,,,,,1,,1,,,,8,,,12.348899614,,,,,True,1
5to10Traces/0135.trace,5to10Traces,macro,1,SAT,,MACRO,,3,2,0,3,1,22,1,1,2,MIN_EXPANDED_SIZE,0,2,0.033437544,0.000637397,0.041082531,0.00479824,1.548065518,0.003816214,0.008098548,1.9375355089996447,232940.0,PASSED,33782,48108,106062,,3,2460,21,1,1.0,1,1,,1,WEIGHTED_MAXSAT,24,5,2,0.521511511,1.026554007,1.76077954,27,27,0.006886656,2,True,1
increasingNumVariables/0043.trace,increasingNumVariables,macro,1,TIMEOUT,,MACRO,,135,2,0,8,,,,,,MIN_EXPANDED_SIZE,,,0.038027398,,,,,,,360.0,1032444.0,IN_PROGRESS,,,,TIMEOUT,,,,,,,,,,,,,,,,,,,,,False,1
5to10Traces/0138.trace,5to10Traces,atlas-b,1,SAT,,ATLAS_B,,3,2,0,3,,,,,2,MIN_EXPANDED_SIZE,0,2,0.036246837,,,0.058732494,3.283700297,0.026780162,0.015773686,3.8983792799990624,582768.0,PASSED,30342,303464,939395,,5,7581,,,,,1,,1,,,,3,,,3.722143998,,,,,True,1
moreDetailedTest/0118.trace,moreDetailedTest,atlas-b,1,SAT,,ATLAS_B,,10,2,0,8,,,,,5,MIN_EXPANDED_SIZE,0,5,0.035394964,,,0.078185168,40.92071896,0.057185381,0.017172283,41.90861274500094,3837292.0,PASSED,95089,2963555,9729644,,11,32320,,,,,1,,1,,,,8,,,41.577758646,,,,,True,1
5to10Traces/0121.trace,5to10Traces,macro,1,SAT,,MACRO,,67,2,0,8,1,176,1,1,2,MIN_EXPANDED_SIZE,0,2,0.037048969,0.000713709,0.273472164,0.02116931,3.771128378,0.004102571,0.019499436,4.606575863999751,472384.0,PASSED,68012,230770,515010,,8,11482,175,1,1.0,1,1,,1,WEIGHTED_MAXSAT,664,5,2,0.978951304,2.792177074,4.409615843,127,127,0.01261029,2,True,1
moreDetailedTest/0045.trace,moreDetailedTest,macro,1,SAT,,MACRO,,3,2,0,3,1,22,1,1,2,MIN_EXPANDED_SIZE,0,2,0.031948111,0.000619777,0.019705121,0.007203314,3.151327128,0.004373658,0.011571532,3.5932824639985483,454168.0,PASSED,55438,194152,367626,,3,8301,21,1,1.0,1,1,,1,WEIGHTED_MAXSAT,24,5,2,0.784284436,2.367042692,3.439189609,250,205,0.015776915,2,True,1
moreDetailedTest/0079.trace,moreDetailedTest,atlas-b,1,TIMEOUT,,ATLAS_B,,67,2,0,8,,,,,,MIN_EXPANDED_SIZE,,,0.035464966,,,,,,,360.0,5206960.0,IN_PROGRESS,,,,TIMEOUT,,,,,,,,,,,,,,,,,,,,,False,1
5to10Traces/0147.trace,5to10Traces,atlas-b,1,SAT,,ATLAS_B,,3,2,0,3,,,,,2,MIN_EXPANDED_SIZE,0,2,0.039024306,,,0.05534959,15.924948178,0.035614601,0.015209663,16.697963845999766,2301120.0,PASSED,54236,1770284,6078348,,5,28131,,,,,1,,1,,,,3,,,16.382398926,,,,,True,1
5to10Traces/0192.trace,5to10Traces,macro,1,SAT,,MACRO,,10,2,0,8,1,42,3,3,5,MIN_EXPANDED_SIZE,0,5,0.041058922,0.00073735,0.039151968,0.015657806,142.851751937,0.015305811,0.020172682,143.77568969800086,3803116.0,PASSED,141468,3585617,7571124,,8,64325,41,2,0.6666666666666666,1,1,,1,WEIGHTED_MAXSAT,94,36,8,2.081788273,140.769963664,143.425417122,400,399,0.015603104,0,True,1
moreDetailedTest/0029.trace,moreDetailedTest,macro,1,SAT,,MACRO,,18,2,0,8,1,58,3,3,6,MIN_EXPANDED_SIZE,0,6,0.038358051,0.000673448,0.057695621,0.010138963,102.280458867,0.0063029,0.028922366,104.91195187999983,2336176.0,PASSED,92252,1827558,3882068,,8,33206,57,3,1.0,2,1,,1,WEIGHTED_MAXSAT,174,36,8,1.141179543,101.139279324,104.574468189,200,198,0.019284699,0,True,1
5to10Traces/0041.trace,5to10Traces,macro,1,TIMEOUT,,MACRO,,10,2,0,8,,,,,,MIN_EXPANDED_SIZE,,,0.04509053,,,,,,,360.0,8232104.0,IN_PROGRESS,,,,TIMEOUT,,,,,,,,,,,,,,,,,,,,,False,1
moreDetailedTest/0052.trace,moreDetailedTest,atlas-b,1,SAT,,ATLAS_B,,3,2,0,3,,,,,2,MIN_EXPANDED_SIZE,0,2,0.038206416,,,0.096340346,16.974396028,0.178727958,0.020191442,18.574458581000727,2406280.0,PASSED,151730,1613785,4998255,,5,40081,,,,,1,,1,,,,3,,,18.30583839,,,,,True,1
moreDetailedTest/0069.trace,moreDetailedTest,macro,1,SAT,,MACRO,,18,2,0,8,1,58,1,1,3,MIN_EXPANDED_SIZE,0,3,0.036765897,0.000543734,0.056464756,0.004642864,2.821117339,0.004678725,0.008841908,3.6709693829998287,286568.0,PASSED,29319,108580,236866,,8,3275,57,1,2.0,2,1,,1,WEIGHTED_MAXSAT,174,36,8,0.516988857,2.304128482,3.505263215,10,10,0.008745125,0,True,1
voting_machine/voting13.trace,voting_machine,atlas-b,1,SAT,,ATLAS_B,,13,2,0,8,,,,,4,MIN_EXPANDED_SIZE,0,4,0.05102751,,,0.040118066,6.278242952,0.018235999,0.018026244,6.852224071000819,862148.0,PASSED,19638,607254,2170465,,18,11058,,,,,1,,1,,,,8,,,6.680248193,,,,,True,1
5to10Traces/0127.trace,5to10Traces,atlas-b,1,SAT,,ATLAS_B,,67,2,0,8,,,,,2,MIN_EXPANDED_SIZE,0,2,0.040711023,,,0.08570472,50.865856478,0.052993903,0.014552501,51.82910946499942,6841608.0,PASSED,94778,6022821,20699470,,12,44808,,,,,1,,1,,,,8,,,51.37961791,,,,,True,1
5to10Traces/0176.trace,5to10Traces,macro,1,SAT,,MACRO,,10,2,0,8,1,42,2,3,3,MIN_EXPANDED_SIZE,0,3,0.036515451,0.000589205,0.047422233,0.009387962,3.493852289,0.007362937,0.021007264,3.906132144998992,325200.0,PASSED,35029,115683,257185,,8,3341,41,2,0.3333333333333333,1,1,,1,WEIGHTED_MAXSAT,94,36,8,0.50886327,2.984989019,3.713634537,10,10,0.009387402,0,True,1
moreDetailedTest/0045.trace,moreDetailedTest,atlas-b,1,SAT,,ATLAS_B,,3,2,0,3,,,,,2,MIN_EXPANDED_SIZE,0,2,0.036066498,,,0.073305837,5.104289649,0.038172555,0.015807844,5.737302951998572,723896.0,PASSED,49004,505045,1563825,,5,12581,,,,,1,,1,,,,3,,,5.559144129,,,,,True,1
peterson/constrained/safety2.trace,peterson,macro,1,SAT,,MACRO,,18,2,0,8,5,67,4,4,5,MIN_EXPANDED_SIZE,0,5,0.084341934,0.002043905,0.080235904,0.015832245,4.935511228,0.014490889,0.015044394,5.462294387998554,599628.0,PASSED,49795,265409,882889,,8,10741,10,4,0.25,1,1,,1,WEIGHTED_MAXSAT,67,67,8,0.777232344,4.158278884,5.291916775,12,12,0.000333849,0,True,1
5to10Traces/0151.trace,5to10Traces,macro,1,SAT,,MACRO,,3,2,0,3,1,22,1,1,2,MIN_EXPANDED_SIZE,0,2,0.037380143,0.000624997,0.045363738,0.011096148,5.453322337,0.004491331,0.020926662,6.15967376899971,595840.0,PASSED,95913,413830,915520,,3,20622,21,1,1.0,1,1,,1,WEIGHTED_MAXSAT,24,5,2,1.264528694,4.188793643,5.956241748,238,238,0.010249885,2,True,1
moreDetailedTest/0029.trace,moreDetailedTest,atlas-b,1,SAT,,ATLAS_B,,18,2,0,8,,,,,6,MIN_EXPANDED_SIZE,0,6,0.035727059,,,0.067147542,81.98390536,0.036909707,0.016284518,82.93594271899929,1949768.0,PASSED,48689,1485955,4878344,,11,16320,,,,,1,,1,,,,8,,,82.708558037,,,,,True,1
5to10Traces/0172.trace,5to10Traces,macro,1,TIMEOUT,,MACRO,,6,2,0,6,,,,,,MIN_EXPANDED_SIZE,,,0.044646269,,,,,,,360.0,3355544.0,IN_PROGRESS,,,,TIMEOUT,,,,,,,,,,,,,,,,,,,,,False,1
moreDetailedTest/0033.trace,moreDetailedTest,macro,1,TIMEOUT,,MACRO,,18,2,0,8,,,,,,MIN_EXPANDED_SIZE,,,0.039785651,,,,,,,360.0,3449840.0,IN_PROGRESS,,,,TIMEOUT,,,,,,,,,,,,,,,,,,,,,False,1
5to10Traces/0121.trace,5to10Traces,atlas-b,1,SAT,,ATLAS_B,,67,2,0,8,,,,,2,MIN_EXPANDED_SIZE,0,2,0.038824925,,,0.059574802,31.324635595,0.037893859,0.018541619,32.14558755300095,4675516.0,PASSED,60503,3790446,13026670,,12,28308,,,,,1,,1,,,,8,,,31.790039867,,,,,True,1
increasingNumVariables/0016.trace,increasingNumVariables,atlas-b,1,TIMEOUT,,ATLAS_B,,20,2,0,8,,,,,,MIN_EXPANDED_SIZE,,,0.034279822,,,,,,,360.0,449988.0,IN_PROGRESS,,,,TIMEOUT,,,,,,,,,,,,,,,,,,,,,False,1
5to10Traces/0017.trace,5to10Traces,atlas-b,1,SAT,,ATLAS_B,,5,2,0,5,,,,,3,MIN_EXPANDED_SIZE,0,3,0.031102055,,,0.066683987,28.189053579,0.044324499,0.015434685,28.869363826999916,4016820.0,PASSED,60059,3090057,10559098,,7,35507,,,,,1,,1,,,,5,,,28.619049008,,,,,True,1
robot/RRtrace/order5.trace,robot,macro,1,SAT,,MACRO,,2050,2,5,13,4,37,7,7,9,REPAIR,4,9,0.050460768,0.00072052,0.085699138,0.008063572,5.749720063,0.01054464,0.012959197,6.1977139979999265,586992.0,PASSED,26372,327932,878566,,13,12764,6,4,0.2857142857142857,2,2,,2,WEIGHTED_MAXSAT,61,37,16,0.795807672,4.953912391,6.043489435,10,10,0.000470173,0,True,1
5to10Traces/0017.trace,5to10Traces,macro,1,SAT,,MACRO,,5,2,0,5,1,34,1,1,3,MIN_EXPANDED_SIZE,0,3,0.03892813,0.000662658,0.070271183,0.021196463,23.099865949,0.004358168,0.022387477,23.751465603999918,2826840.0,PASSED,181310,2063324,4795244,,5,42483,33,1,2.0,2,1,,1,WEIGHTED_MAXSAT,44,28,5,1.73649316,21.363372789,23.495837312,208,208,0.011463585,0,True,1
5to10Traces/0163.trace,5to10Traces,macro,1,TIMEOUT,,MACRO,,6,2,0,6,,,,,,MIN_EXPANDED_SIZE,,,0.037332258,,,,,,,360.0,3267908.0,IN_PROGRESS,,,,TIMEOUT,,,,,,,,,,,,,,,,,,,,,False,1
moreDetailedTest/0089.trace,moreDetailedTest,macro,1,TIMEOUT,,MACRO,,6,2,0,6,,,,,,MIN_EXPANDED_SIZE,,,0.044574612,,,,,,,360.0,2971600.0,IN_PROGRESS,,,,TIMEOUT,,,,,,,,,,,,,,,,,,,,,False,1
baseTest/0011.trace,baseTest,macro,1,SAT,,MACRO,,5,2,0,5,1,32,1,1,3,MIN_EXPANDED_SIZE,0,3,0.036646337,0.00078064,0.0271141,0.030531499,100.219203162,0.004984027,0.036784606,102.70889709400001,6738876.0,PASSED,313585,8226412,16589036,,5,156786,31,1,2.0,2,1,,1,WEIGHTED_MAXSAT,44,28,5,8.83743256,91.381770602,102.308888546,2000,1585,0.009560037,0,True,1
equal/0023.trace,equal,macro,1,SAT,,MACRO,,6,2,0,6,1,34,4,5,5,MIN_EXPANDED_SIZE,0,5,0.034760806,0.000511965,0.028830121,0.009763268,4.166456834,0.006581055,0.024515873,4.546784564000063,444244.0,PASSED,35531,147372,307237,,6,3591,33,2,0.2,1,1,,1,WEIGHTED_MAXSAT,54,32,6,0.533450328,3.633006506,4.352786621,20,20,0.008354286,0,True,1
5to10Traces/0007.trace,5to10Traces,macro,1,SAT,,MACRO,,5,2,0,5,1,34,1,1,3,MIN_EXPANDED_SIZE,0,3,0.042868654,0.000730252,0.055151507,0.010203311,10.218574447,0.00476606,0.010446649,10.661449472000186,1099384.0,PASSED,110805,824467,1939151,,5,17493,33,1,2.0,2,1,,1,WEIGHTED_MAXSAT,44,28,5,0.982420432,9.236154015,10.482714719,82,82,0.008364486,0,True,1
5to10Traces/0190.trace,5to10Traces,atlas-b,1,SAT,,ATLAS_B,,10,2,0,8,,,,,5,MIN_EXPANDED_SIZE,0,5,0.03625887,,,0.060499475,32.874631643,0.058773365,0.016597663,33.64548102800018,3482784.0,PASSED,83489,2594157,8516821,,11,28320,,,,,1,,1,,,,8,,,33.341694542,,,,,True,1
voting_machine/voting14.trace,voting_machine,macro,1,SAT,,MACRO,,13,2,0,8,4,69,4,4,4,MIN_EXPANDED_SIZE,0,4,0.055594782,0.000892476,0.05101665,0.014886239,2.736809832,0.006637311,0.018942316,3.121300023999993,276128.0,PASSED,37776,102962,276302,,8,5147,10,3,0.0,0,1,,1,WEIGHTED_MAXSAT,69,69,8,0.598680891,2.138128941,2.98692243,8,8,0.016044862,0,True,1
5to10Traces/0074.trace,5to10Traces,macro,1,TIMEOUT,,MACRO,,18,2,0,8,,,,,,MIN_EXPANDED_SIZE,,,0.040531298,,,,,,,360.0,2384504.0,IN_PROGRESS,,,,TIMEOUT,,,,,,,,,,,,,,,,,,,,,False,1
5to10Traces/0005.trace,5to10Traces,atlas-b,1,SAT,,ATLAS_B,,5,2,0,5,,,,,3,MIN_EXPANDED_SIZE,0,3,0.034912927,,,0.056006944,6.051950833,0.015687042,0.015059284,6.6359818910000286,1063692.0,PASSED,16909,774237,2644600,,7,8987,,,,,1,,1,,,,5,,,6.459426562,,,,,True,1
equal/0030.trace,equal,atlas-b,1,SAT,,ATLAS_B,,3,2,0,3,,,,,2,MIN_EXPANDED_SIZE,0,2,0.040911879,,,0.041725291,0.902121617,0.021500098,0.014330974,1.4170015689999218,182612.0,PASSED,6190,41394,127617,,5,1081,,,,,1,,1,,,,3,,,1.288739426,,,,,True,1
5to10Traces/0005.trace,5to10Traces,macro,1,SAT,,MACRO,,5,2,0,5,1,34,1,1,3,MIN_EXPANDED_SIZE,0,3,0.032824321,0.000799062,0.047788313,0.017359067,7.385930205,0.964236187,0.021020817,10.412136991000125,951600.0,PASSED,92803,525155,1221659,,5,11319,33,1,2.0,2,1,,1,WEIGHTED_MAXSAT,44,28,5,0.97671225,6.409217955,10.236915154,52,52,0.009981407,0,True,1
weakening/weaken_antecedent/weaken_antecedent_55_10_10.trace,weakening,atlas-b,1,TIMEOUT,,ATLAS_B,,10,2,0,8,,,,,,MIN_EXPANDED_SIZE,,,0.08337967,,,,,,,360.0,4456536.0,IN_PROGRESS,,,,TIMEOUT,,,,,,,,,,,,,,,,,,,,,False,1
weakening/weaken_antecedent/weaken_antecedent_25_10_10.trace,weakening,atlas-b,1,SAT,,ATLAS_B,,10,2,0,8,,,,,6,MIN_EXPANDED_SIZE,0,6,0.08794395,,,0.040500512,15.57042661,0.025339503,0.022353292,16.364828434999936,2414724.0,PASSED,19463,1911348,7209275,,11,18283,,,,,1,,1,,,,8,,,16.054271903,,,,,True,1
robot/RRtrace/order10.trace,robot,macro,1,SAT,,MACRO,,2050,2,5,13,4,37,7,7,9,REPAIR,4,9,0.059242307,0.000847313,0.10237995,0.015209619,7.601778597,0.01001505,0.015667642,8.144301840000026,1040556.0,PASSED,26000,471966,1295604,,13,18806,6,4,0.2857142857142857,2,2,,2,WEIGHTED_MAXSAT,61,37,16,0.768421412,6.833357185,7.943806376,12,10,0.000417041,0,True,1
moreDetailedTest/0014.trace,moreDetailedTest,macro,1,TIMEOUT,,MACRO,,10,2,0,8,,,,,,MIN_EXPANDED_SIZE,,,0.041617791,,,,,,,360.0,2003952.0,IN_PROGRESS,,,,TIMEOUT,,,,,,,,,,,,,,,,,,,,,False,1
5to10Traces/0009.trace,5to10Traces,atlas-b,1,SAT,,ATLAS_B,,5,2,0,5,,,,,3,MIN_EXPANDED_SIZE,0,3,0.036905275,,,0.053462517,11.911022094,0.01534422,0.015838892,12.560354598999993,2031556.0,PASSED,31534,1561022,5333499,,7,17997,,,,,1,,1,,,,5,,,12.335483405,,,,,True,1
5to10Traces/0002.trace,5to10Traces,macro,1,SAT,,MACRO,,5,2,0,5,1,32,1,1,3,MIN_EXPANDED_SIZE,0,3,0.03971065,0.000680098,0.032862078,0.007936212,4.610464213,0.00408352,0.008202998,4.9471814619998895,511652.0,PASSED,57742,236718,474168,,5,5208,31,1,2.0,2,1,,1,WEIGHTED_MAXSAT,44,28,5,0.641878106,3.968586107,4.799882611,50,48,0.008299382,0,True,1
moreDetailedTest/0124.trace,moreDetailedTest,macro,1,SAT,,MACRO,,10,2,0,8,1,42,3,3,5,MIN_EXPANDED_SIZE,0,5,0.034173513,0.000684828,0.040631664,0.014020374,24.896531612,0.005666552,0.014828366,25.402287514000136,1783524.0,PASSED,66619,923498,1957440,,8,17564,41,2,0.6666666666666666,1,1,,1,WEIGHTED_MAXSAT,94,36,8,0.886329472,24.01020214,25.183888114,100,100,0.018652678,0,True,1
weakening/weaken_antecedent/weaken_antecedent_15_10_10.trace,weakening,macro,1,SAT,,MACRO,,10,2,0,8,15,109,6,6,6,MIN_EXPANDED_SIZE,0,6,0.082652916,0.001961112,0.046374548,0.006584496,13.738481091,0.009534205,0.016761097,14.168721466000079,869516.0,PASSED,90462,371139,1023620,,8,16743,6,6,0.0,0,1,,1,WEIGHTED_MAXSAT,169,109,8,0.930906772,12.807574319,13.990604472,20,20,0.001251184,0,True,1
baseTest/0015.trace,baseTest,macro,1,TIMEOUT,,MACRO,,18,2,0,8,,,,,,MIN_EXPANDED_SIZE,,,0.043888892,,,,,,,360.0,7467996.0,IN_PROGRESS,,,,TIMEOUT,,,,,,,,,,,,,,,,,,,,,False,1
robot/RAtrace/final21.trace,robot,macro,1,SAT,,MACRO,,2050,2,6,14,2,14,8,8,9,REPAIR,5,9,0.035367411,0.003135153,0.040973011,0.007332865,5.133267193,0.011044474,0.018163453,5.541959116000044,651736.0,PASSED,19289,308131,822337,,14,11051,6,3,0.125,1,2,,2,WEIGHTED_MAXSAT,22,14,16,0.507626023,4.62564117,5.36619148,7,7,0.000427842,0,True,1
5to10Traces/0070.trace,5to10Traces,atlas-b,1,TIMEOUT,,ATLAS_B,,18,2,0,8,,,,,,MIN_EXPANDED_SIZE,,,0.036126391,,,,,,,360.0,1026592.0,IN_PROGRESS,,,,TIMEOUT,,,,,,,,,,,,,,,,,,,,,False,1
peterson/base/safety2.trace,peterson,atlas-b,1,SAT,,ATLAS_B,,18,2,0,8,,,,,5,MIN_EXPANDED_SIZE,0,5,0.088314621,,,0.042529367,27.257020078,0.026264852,0.01573341,28.0919248969999,3702404.0,PASSED,38649,2575762,9747198,,23,22257,,,,,1,,1,,,,8,,,27.717337184,,,,,True,1
increasingNumVariables/0013.trace,increasingNumVariables,macro,1,SAT,,MACRO,,11,2,0,8,1,44,5,5,7,MIN_EXPANDED_SIZE,0,7,0.038461078,0.000692759,0.056638974,0.007986494,92.432748547,0.006344738,0.013870709,92.91486252100003,1279552.0,PASSED,63340,755701,1600711,,8,14635,43,2,0.4,1,1,,1,WEIGHTED_MAXSAT,104,36,8,0.737961977,91.69478657,92.704994564,80,80,0.011398375,0,True,1
5to10Traces/0178.trace,5to10Traces,macro,1,SAT,,MACRO,,10,2,0,8,1,42,3,3,5,MIN_EXPANDED_SIZE,0,5,0.034324303,0.000664588,0.046134688,0.008050814,17.788158604,0.006311738,0.017067394,18.25601275500003,865116.0,PASSED,57909,469299,998753,,8,9545,41,2,0.6666666666666666,1,1,,1,WEIGHTED_MAXSAT,94,36,8,0.719035677,17.069122927,18.052470028,50,50,0.025675793,0,True,1
disjunctedExistence/0057.trace,disjunctedExistence,macro,1,TIMEOUT,,MACRO,,134,2,0,8,,,,,,MIN_EXPANDED_SIZE,,,0.039312157,,,,,,,360.0,3929556.0,IN_PROGRESS,,,,TIMEOUT,,,,,,,,,,,,,,,,,,,,,False,1
disjunctedExistence/0060.trace,disjunctedExistence,atlas-b,1,TIMEOUT,,ATLAS_B,,134,2,0,8,,,,,,MIN_EXPANDED_SIZE,,,0.038284659,,,,,,,360.0,5683828.0,IN_PROGRESS,,,,TIMEOUT,,,,,,,,,,,,,,,,,,,,,False,1
moreDetailedTest/0030.trace,moreDetailedTest,macro,1,SAT,,MACRO,,18,2,0,8,1,58,3,3,6,MIN_EXPANDED_SIZE,0,6,0.031977611,0.000448622,0.060098638,0.005801054,10.930485267,0.005832925,0.009012049,11.285360244999993,465616.0,PASSED,44808,199687,430341,,8,4859,57,3,1.0,2,1,,1,WEIGHTED_MAXSAT,174,36,8,0.569793074,10.360692193,11.136233019,20,20,0.008956668,0,True,1
robot/RRtrace/order10.trace,robot,atlas-b,1,SAT,,ATLAS_B,,2050,2,5,13,,,,,9,REPAIR,4,9,0.049346062,,,0.050820112,120.678124571,0.021321891,0.026062954,121.56465527899991,7590244.0,PASSED,13094,6020786,23241259,,22,30831,,,,,2,,2,,,,16,,,121.118374193,,,,,True,1
baseTest/0011.trace,baseTest,atlas-b,1,ERROR,,ATLAS_B,,5,2,0,5,,,,,,MIN_EXPANDED_SIZE,,,0.041623857,,,,,,,360.0,1432056.0,FAILED,,,,"ErrorType: Translation capacity exceeded.
In this scope, universe contains 2031 atoms
and relations of arity 3 cannot be represented.
Visit http://alloy.mit.edu/ for advice on refactoring.",,,,,,,,,,,,,,,,7.71101734,,,,,False,1
peterson/base/safety5.trace,peterson,macro,1,SAT,,MACRO,,18,2,0,8,5,67,4,4,5,MIN_EXPANDED_SIZE,0,5,0.098842688,0.001058985,0.091560183,0.015767557,5.030580054,0.010481041,0.011221189,5.541204862000086,597856.0,PASSED,54831,259515,860207,,8,10543,10,4,0.25,1,1,,1,WEIGHTED_MAXSAT,67,67,8,0.858489371,4.172090683,5.372178924,12,12,0.000381039,0,True,1
moreDetailedTest/0065.trace,moreDetailedTest,macro,1,TIMEOUT,,MACRO,,18,2,0,8,,,,,,MIN_EXPANDED_SIZE,,,0.044944497,,,,,,,360.0,5681548.0,IN_PROGRESS,,,,TIMEOUT,,,,,,,,,,,,,,,,,,,,,False,1
5to10Traces/0057.trace,5to10Traces,macro,1,TIMEOUT,,MACRO,,18,2,0,8,,,,,,MIN_EXPANDED_SIZE,,,0.039465546,,,,,,,360.0,3962732.0,IN_PROGRESS,,,,TIMEOUT,,,,,,,,,,,,,,,,,,,,,False,1
5to10Traces/0077.trace,5to10Traces,atlas-b,1,TIMEOUT,,ATLAS_B,,18,2,0,8,,,,,,MIN_EXPANDED_SIZE,,,0.038282352,,,,,,,360.0,4882196.0,IN_PROGRESS,,,,TIMEOUT,,,,,,,,,,,,,,,,,,,,,False,1
weakening/weaken_antecedent/weaken_antecedent_10_40_40.trace,weakening,macro,1,SAT,,MACRO,,10,2,0,8,15,109,6,6,6,MIN_EXPANDED_SIZE,0,6,0.08609594,0.001820068,0.030068909,0.00914927,18.892892809,0.010398522,0.022141332,19.459928906000187,1571352.0,PASSED,105077,758932,1944102,,8,31956,6,6,0.0,0,1,,1,WEIGHTED_MAXSAT,169,109,8,1.159520971,17.733371838,19.215836649,80,77,0.000974086,0,True,1
moreDetailedTest/0106.trace,moreDetailedTest,macro,1,SAT,,MACRO,,3,2,0,3,1,22,1,1,2,MIN_EXPANDED_SIZE,0,2,0.037015772,0.000678478,0.021266029,0.010351802,5.748339486,0.00419484,0.011409079,6.880458786999952,737088.0,PASSED,89021,387006,735530,,3,16599,21,1,1.0,1,1,,1,WEIGHTED_MAXSAT,24,5,2,1.441574457,4.306765029,6.676434902,600,400,0.013579477,2,True,1
5to10Traces/0048.trace,5to10Traces,macro,1,SAT,,MACRO,,18,2,0,8,1,58,3,3,6,MIN_EXPANDED_SIZE,0,6,0.036824507,0.000684018,0.083330947,0.008971695,65.944072242,0.004618071,0.016668255,66.52492866900002,1791688.0,PASSED,72931,908952,1922934,,8,17366,57,3,1.0,2,1,,1,WEIGHTED_MAXSAT,174,36,8,0.803508985,65.140563257,66.264299387,100,100,0.019483192,0,True,1
baseTest/0005.trace,baseTest,atlas-b,1,ERROR,,ATLAS_B,,10,2,0,8,,,,,,MIN_EXPANDED_SIZE,,,0.041664519,,,,,,,360.0,1453932.0,FAILED,,,,"ErrorType: Translation capacity exceeded.
In this scope, universe contains 1664 atoms
and relations of arity 3 cannot be represented.
Visit http://alloy.mit.edu/ for advice on refactoring.",,,,,,,,,,,,,,,,7.060178684,,,,,False,1
5to10Traces/0142.trace,5to10Traces,atlas-b,1,SAT,,ATLAS_B,,3,2,0,3,,,,,2,MIN_EXPANDED_SIZE,0,2,0.036235017,,,0.090007492,5.587483984,0.046196237,0.020941927,6.260428157000206,717092.0,PASSED,48950,505048,1563829,,5,12581,,,,,1,,1,,,,3,,,6.079561461,,,,,True,1
5to10Traces/0139.trace,5to10Traces,atlas-b,1,SAT,,ATLAS_B,,3,2,0,3,,,,,2,MIN_EXPANDED_SIZE,0,2,0.031303908,,,0.046709731,6.7917065,0.016401488,0.014940941,7.419548834000125,1043732.0,PASSED,24084,739034,2536946,,5,11781,,,,,1,,1,,,,3,,,7.213405617,,,,,True,1
baseTest/0024.trace,baseTest,macro,1,TIMEOUT,,MACRO,,6,2,0,6,,,,,,MIN_EXPANDED_SIZE,,,0.041559506,,,,,,,360.0,3763892.0,IN_PROGRESS,,,,TIMEOUT,,,,,,,,,,,,,,,,,,,,,False,1
equal/0023.trace,equal,atlas-b,1,SAT,,ATLAS_B,,6,2,0,6,,,,,5,MIN_EXPANDED_SIZE,0,5,0.035518838,,,0.048851747,5.810160792,0.025585838,0.015578477,6.376182462000088,290860.0,PASSED,7108,104004,335873,,9,1622,,,,,1,,1,,,,6,,,6.201037606,,,,,True,1
robot/RRtrace/order5.trace,robot,atlas-b,1,SAT,,ATLAS_B,,2050,2,5,13,,,,,9,REPAIR,4,9,0.046825273,,,0.055689374,64.320455126,0.024825507,0.026110791,65.21437024100032,4721092.0,PASSED,8629,3049008,11660411,,22,19221,,,,,2,,2,,,,16,,,64.760040858,,,,,True,1
baseTest/0005.trace,baseTest,macro,1,TIMEOUT,,MACRO,,10,2,0,8,,,,,,MIN_EXPANDED_SIZE,,,0.048153136,,,,,,,360.0,4409112.0,IN_PROGRESS,,,,TIMEOUT,,,,,,,,,,,,,,,,,,,,,False,1
equal/0039.trace,equal,macro,1,SAT,,MACRO,,10,2,0,8,1,42,3,3,5,MIN_EXPANDED_SIZE,0,5,0.040536967,0.000787051,0.036018879,0.02533126,126.711214687,0.005863344,0.028622094,127.60729120699989,3804916.0,PASSED,137042,3612219,7637425,,8,64688,41,2,0.6666666666666666,1,1,,1,WEIGHTED_MAXSAT,94,36,8,2.41921496,124.291999727,127.275256217,400,399,0.022885897,0,True,1
increasingNumVariables/0028.trace,increasingNumVariables,atlas-b,1,TIMEOUT,,ATLAS_B,,37,2,0,8,,,,,,MIN_EXPANDED_SIZE,,,0.036463191,,,,,,,360.0,963008.0,IN_PROGRESS,,,,TIMEOUT,,,,,,,,,,,,,,,,,,,,,False,1
5to10Traces/0129.trace,5to10Traces,atlas-b,1,SAT,,ATLAS_B,,67,2,0,8,,,,,2,MIN_EXPANDED_SIZE,0,2,0.042147794,,,0.075319201,56.31651467,0.049126581,0.015963241,57.336564741000075,7207160.0,PASSED,105748,6737180,23154766,,12,50088,,,,,1,,1,,,,8,,,56.818379311,,,,,True,1
moreDetailedTest/0008.trace,moreDetailedTest,macro,1,TIMEOUT,,MACRO,,10,2,0,8,,,,,,MIN_EXPANDED_SIZE,,,0.039810821,,,,,,,360.0,5027348.0,IN_PROGRESS,,,,TIMEOUT,,,,,,,,,,,,,,,,,,,,,False,1
moreDetailedTest/0124.trace,moreDetailedTest,atlas-b,1,SAT,,ATLAS_B,,10,2,0,8,,,,,5,MIN_EXPANDED_SIZE,0,5,0.041431286,,,0.071676181,9.724230912,0.021585102,0.017225945,10.363501521999751,1019588.0,PASSED,25589,747156,2452695,,11,8320,,,,,1,,1,,,,8,,,10.172415781,,,,,True,1
peterson/base/liveness2.trace,peterson,macro,1,SAT,,MACRO,,18,2,0,8,6,103,4,4,5,MIN_EXPANDED_SIZE,0,5,0.075794534,0.001256104,0.103515783,0.01779659,5.582881781,0.021866849,0.011005677,6.114912732000448,542584.0,PASSED,57057,285366,951634,,8,12215,10,4,0.25,1,1,,1,WEIGHTED_MAXSAT,103,103,8,0.859790812,4.723090969,5.92837457,12,12,0.000326909,0,True,1
moreDetailedTest/0067.trace,moreDetailedTest,atlas-b,1,TIMEOUT,,ATLAS_B,,18,2,0,8,,,,,,MIN_EXPANDED_SIZE,,,0.038826298,,,,,,,360.0,7998152.0,IN_PROGRESS,,,,TIMEOUT,,,,,,,,,,,,,,,,,,,,,False,1
5to10Traces/0015.trace,5to10Traces,atlas-b,1,SAT,,ATLAS_B,,5,2,0,5,,,,,3,MIN_EXPANDED_SIZE,0,3,0.037237864,,,0.07821706,23.363961668,0.041749666,0.016734382,24.196251706999647,3679168.0,PASSED,53684,2748622,9392214,,7,31597,,,,,1,,1,,,,5,,,23.852904782,,,,,True,1
5to10Traces/0007.trace,5to10Traces,atlas-b,1,SAT,,ATLAS_B,,5,2,0,5,,,,,3,MIN_EXPANDED_SIZE,0,3,0.035056846,,,0.055046085,10.224537976,0.017151883,0.015755675,10.914950995999789,1712680.0,PASSED,25184,1219587,4166615,,7,14087,,,,,1,,1,,,,5,,,10.656843261,,,,,True,1
baseTest/0001.trace,baseTest,atlas-b,1,TIMEOUT,,ATLAS_B,,10,2,0,8,,,,,,MIN_EXPANDED_SIZE,,,0.037361628,,,,,,,360.0,3513720.0,IN_PROGRESS,,,,TIMEOUT,,,,,,,,,,,,,,,,,,,,,False,1
increasingNumVariables/0030.trace,increasingNumVariables,atlas-b,1,TIMEOUT,,ATLAS_B,,37,2,0,8,,,,,,MIN_EXPANDED_SIZE,,,0.037286439,,,,,,,360.0,1072328.0,IN_PROGRESS,,,,TIMEOUT,,,,,,,,,,,,,,,,,,,,,False,1
5to10Traces/0146.trace,5to10Traces,macro,1,SAT,,MACRO,,3,2,0,3,1,22,1,1,2,MIN_EXPANDED_SIZE,0,2,0.033889689,0.000699729,0.028612737,0.008857828,4.172190323,0.003646717,0.011684514,4.731959508999353,468876.0,PASSED,65910,248036,469696,,3,10641,21,1,1.0,1,1,,1,WEIGHTED_MAXSAT,24,5,2,1.028344554,3.143845769,4.542782464,350,260,0.013922474,2,True,1
baseTest/0030.trace,baseTest,atlas-b,1,SAT,,ATLAS_B,,3,2,0,3,,,,,2,MIN_EXPANDED_SIZE,0,2,0.034128016,,,0.046920919,2.396583725,0.030682803,0.017601872,3.0161936549993698,333612.0,PASSED,21092,202676,627227,,5,5081,,,,,1,,1,,,,3,,,2.831299746,,,,,True,1
equal/0029.trace,equal,atlas-b,1,SAT,,ATLAS_B,,3,2,0,3,,,,,2,MIN_EXPANDED_SIZE,0,2,0.041478553,,,0.062193248,4.121015781,0.021311842,0.015008313,4.745066059999772,703844.0,PASSED,39628,404250,1251610,,5,10081,,,,,1,,1,,,,3,,,4.565617317,,,,,True,1
moreDetailedTest/0018.trace,moreDetailedTest,atlas-b,1,SAT,,ATLAS_B,,5,2,0,5,,,,,3,MIN_EXPANDED_SIZE,0,3,0.041572855,,,0.062111756,13.034320958,0.069420662,0.018532337,13.761847703000058,1604368.0,PASSED,58334,1085263,3446953,,7,18147,,,,,1,,1,,,,5,,,13.530943299,,,,,True,1
5to10Traces/0163.trace,5to10Traces,atlas-b,1,TIMEOUT,,ATLAS_B,,6,2,0,6,,,,,,MIN_EXPANDED_SIZE,,,0.037588118,,,,,,,360.0,4744124.0,IN_PROGRESS,,,,TIMEOUT,,,,,,,,,,,,,,,,,,,,,False,1
5to10Traces/0026.trace,5to10Traces,macro,1,TIMEOUT,,MACRO,,10,2,0,8,,,,,,MIN_EXPANDED_SIZE,,,0.033950914,,,,,,,360.0,1811532.0,IN_PROGRESS,,,,TIMEOUT,,,,,,,,,,,,,,,,,,,,,False,1
moreDetailedTest/0008.trace,moreDetailedTest,atlas-b,1,TIMEOUT,,ATLAS_B,,10,2,0,8,,,,,,MIN_EXPANDED_SIZE,,,0.033974699,,,,,,,360.0,5403340.0,IN_PROGRESS,,,,TIMEOUT,,,,,,,,,,,,,,,,,,,,,False,1
increasingNumVariables/0013.trace,increasingNumVariables,atlas-b,1,TIMEOUT,,ATLAS_B,,11,2,0,8,,,,,,MIN_EXPANDED_SIZE,,,0.041226176,,,,,,,360.0,957056.0,IN_PROGRESS,,,,TIMEOUT,,,,,,,,,,,,,,,,,,,,,False,1
moreDetailedTest/0030.trace,moreDetailedTest,atlas-b,1,SAT,,ATLAS_B,,18,2,0,8,,,,,6,MIN_EXPANDED_SIZE,0,6,0.0362007,,,0.036153219,8.467884888,0.026005104,0.019790736,9.042855685999712,298768.0,PASSED,7109,156117,512176,,11,1920,,,,,1,,1,,,,8,,,8.856672025,,,,,True,1
5to10Traces/0155.trace,5to10Traces,macro,1,SAT,,MACRO,,6,2,0,6,1,40,1,1,1,MIN_EXPANDED_SIZE,0,1,0.036873328,0.000507683,0.057002973,0.003751721,0.831233508,0.004957894,0.007576535,1.13763160399958,132768.0,PASSED,15819,4899,9613,,6,530,39,1,0.0,0,1,,1,WEIGHTED_MAXSAT,54,1,1,0.371407247,0.459826261,1.00897771,10,10,0.005662923,1,True,1
5to10Traces/0057.trace,5to10Traces,atlas-b,1,TIMEOUT,,ATLAS_B,,18,2,0,8,,,,,,MIN_EXPANDED_SIZE,,,0.038723869,,,,,,,360.0,5816560.0,IN_PROGRESS,,,,TIMEOUT,,,,,,,,,,,,,,,,,,,,,False,1
5to10Traces/0139.trace,5to10Traces,macro,1,SAT,,MACRO,,3,2,0,3,1,22,1,1,2,MIN_EXPANDED_SIZE,0,2,0.032327226,0.000685548,0.055829924,0.006790764,2.471537218,0.004714077,0.009846548,2.909048628999699,286996.0,PASSED,59803,135180,298164,,3,6780,21,1,1.0,1,1,,1,WEIGHTED_MAXSAT,24,5,2,0.729159289,1.742377929,2.755093355,78,78,0.014185974,2,True,1
equal/0039.trace,equal,atlas-b,1,SAT,,ATLAS_B,,10,2,0,8,,,,,5,MIN_EXPANDED_SIZE,0,5,0.035613235,,,0.074040967,46.229319438,0.111685658,0.017632558,47.06588772000032,3824516.0,PASSED,95089,2963556,9729645,,11,32320,,,,,1,,1,,,,8,,,46.774102798,,,,,True,1
equal/0030.trace,equal,macro,1,SAT,,MACRO,,3,2,0,3,1,22,1,1,2,MIN_EXPANDED_SIZE,0,2,0.033821647,0.000521445,0.01881761,0.004218854,0.970891043,0.004453841,0.007583476,1.28192071400008,170356.0,PASSED,20786,19424,37123,,3,894,21,1,1.0,1,1,,1,WEIGHTED_MAXSAT,24,5,2,0.324783216,0.646107827,1.112492281,20,20,0.007015071,2,True,1
increasingNumVariables/0030.trace,increasingNumVariables,macro,1,TIMEOUT,,MACRO,,37,2,0,8,,,,,,MIN_EXPANDED_SIZE,,,0.033747745,,,,,,,360.0,1798700.0,IN_PROGRESS,,,,TIMEOUT,,,,,,,,,,,,,,,,,,,,,False,1
5to10Traces/0129.trace,5to10Traces,macro,1,SAT,,MACRO,,67,2,0,8,1,176,1,1,2,MIN_EXPANDED_SIZE,0,2,0.036383656,0.000740301,0.32668747,0.013285229,5.957989348,0.004598715,0.012381083,6.868176370000583,781960.0,PASSED,108982,409677,920697,,8,20257,175,1,1.0,1,1,,1,WEIGHTED_MAXSAT,664,5,2,1.792671183,4.165318165,6.655441848,226,226,0.019055038,2,True,1
5to10Traces/0146.trace,5to10Traces,atlas-b,1,SAT,,ATLAS_B,,3,2,0,3,,,,,2,MIN_EXPANDED_SIZE,0,2,0.036118028,,,0.067472976,7.512433332,0.080959131,0.014771913,8.425265822000256,1171016.0,PASSED,67594,706637,2188267,,5,17581,,,,,1,,1,,,,3,,,8.227844229,,,,,True,1
increasingNumVariables/0024.trace,increasingNumVariables,macro,1,TIMEOUT,,MACRO,,37,2,0,8,,,,,,MIN_EXPANDED_SIZE,,,0.032082879,,,,,,,360.0,573712.0,IN_PROGRESS,,,,TIMEOUT,,,,,,,,,,,,,,,,,,,,,False,1
moreDetailedTest/0113.trace,moreDetailedTest,macro,1,SAT,,MACRO,,10,2,0,8,1,42,3,3,5,MIN_EXPANDED_SIZE,0,5,0.043723742,0.000660277,0.041070941,0.010970941,75.841198051,0.006119213,0.013446727,76.39208212300036,2363212.0,PASSED,89721,1830067,3884694,,8,33239,41,2,0.6666666666666666,1,1,,1,WEIGHTED_MAXSAT,94,36,8,1.08021763,74.760980421,76.158382595,200,199,0.011234158,0,True,1
equal/0018.trace,equal,macro,1,TIMEOUT,,MACRO,,18,2,0,8,,,,,,MIN_EXPANDED_SIZE,,,0.033779497,,,,,,,360.0,3757852.0,IN_PROGRESS,,,,TIMEOUT,,,,,,,,,,,,,,,,,,,,,False,1
peterson/base/safety5.trace,peterson,atlas-b,1,SAT,,ATLAS_B,,18,2,0,8,,,,,5,MIN_EXPANDED_SIZE,0,5,0.089029699,,,0.059534244,24.898641754,0.018510368,0.016755492,25.717594960000497,3719112.0,PASSED,37874,2575762,9747123,,23,22257,,,,,1,,1,,,,8,,,25.362491712,,,,,True,1
disjunctedExistence/0036.trace,disjunctedExistence,macro,1,SAT,,MACRO,,11,2,0,8,1,44,3,3,4,MIN_EXPANDED_SIZE,0,4,0.040142422,0.000666308,0.05640372,0.01447753,81.952828563,0.006512256,0.022080075,82.7674137009999,2947364.0,PASSED,109922,2353188,4981566,,8,42520,43,2,0.3333333333333333,1,1,,1,WEIGHTED_MAXSAT,104,36,8,1.568102181,80.384726382,82.440849222,251,251,0.029201907,0,True,1
moreDetailedTest/0021.trace,moreDetailedTest,atlas-b,1,SAT,,ATLAS_B,,5,2,0,5,,,,,3,MIN_EXPANDED_SIZE,0,3,0.03564712,,,0.079001868,19.934032236,0.122248104,0.022432634,20.837580632000027,2728744.0,PASSED,95694,1807230,5740626,,7,30147,,,,,1,,1,,,,5,,,20.52763024,,,,,True,1
weakening/weaken_antecedent/weaken_antecedent_50_10_10.trace,weakening,atlas-b,1,TIMEOUT,,ATLAS_B,,10,2,0,8,,,,,,MIN_EXPANDED_SIZE,,,0.086563632,,,,,,,360.0,4412492.0,IN_PROGRESS,,,,TIMEOUT,,,,,,,,,,,,,,,,,,,,,False,1
increasingNumVariables/0042.trace,increasingNumVariables,macro,1,TIMEOUT,,MACRO,,135,2,0,8,,,,,,MIN_EXPANDED_SIZE,,,0.033555814,,,,,,,360.0,921792.0,IN_PROGRESS,,,,TIMEOUT,,,,,,,,,,,,,,,,,,,,,False,1
disjunctedExistence/0012.trace,disjunctedExistence,atlas-b,1,TIMEOUT,,ATLAS_B,,36,2,0,8,,,,,,MIN_EXPANDED_SIZE,,,0.042099635,,,,,,,360.0,3327744.0,IN_PROGRESS,,,,TIMEOUT,,,,,,,,,,,,,,,,,,,,,False,1
moreDetailedTest/0065.trace,moreDetailedTest,atlas-b,1,TIMEOUT,,ATLAS_B,,18,2,0,8,,,,,,MIN_EXPANDED_SIZE,,,0.038256802,,,,,,,360.0,5722536.0,IN_PROGRESS,,,,TIMEOUT,,,,,,,,,,,,,,,,,,,,,False,1
robot/RAtrace/final21.trace,robot,atlas-b,1,SAT,,ATLAS_B,,2050,2,6,14,,,,,9,REPAIR,5,9,0.037822423,,,0.045904519,39.051074476,0.017729295,0.01678911,39.878172465000716,3689452.0,PASSED,7661,2177315,8315351,,23,14098,,,,,2,,2,,,,16,,,39.462777141,,,,,True,1
weakening/weaken_antecedent/weaken_antecedent_25_10_10.trace,weakening,macro,1,SAT,,MACRO,,10,2,0,8,15,109,6,6,6,MIN_EXPANDED_SIZE,0,6,0.078098541,0.001925992,0.069617074,0.009865464,15.372462393,0.010171372,0.032457399,15.947598353999638,1058960.0,PASSED,93315,510171,1394652,,8,23343,6,6,0.0,0,1,,1,WEIGHTED_MAXSAT,169,109,8,1.062699058,14.309763335,15.713778913,20,20,0.001319045,0,True,1
peterson/base/safety3.trace,peterson,macro,1,SAT,,MACRO,,18,2,0,8,5,67,4,4,5,MIN_EXPANDED_SIZE,0,5,0.0885177,0.001031127,0.068891915,0.010503641,5.207667891,0.977239218,0.014369445,7.630517549000615,606920.0,PASSED,52637,272021,911621,,8,10873,10,4,0.25,1,1,,1,WEIGHTED_MAXSAT,67,67,8,0.712310464,4.495357427,6.494206871,12,12,0.000317388,0,True,1
peterson/base/safety3.trace,peterson,atlas-b,1,SAT,,ATLAS_B,,18,2,0,8,,,,,5,MIN_EXPANDED_SIZE,0,5,0.089581848,,,0.044625405,23.946685553,0.02798954,0.022762789,24.709001135000108,3702940.0,PASSED,39115,2575762,9747243,,23,22257,,,,,1,,1,,,,8,,,24.427997711,,,,,True,1
disjunctedExistence/0060.trace,disjunctedExistence,macro,1,TIMEOUT,,MACRO,,134,2,0,8,,,,,,MIN_EXPANDED_SIZE,,,0.05230595,,,,,,,360.0,4549116.0,IN_PROGRESS,,,,TIMEOUT,,,,,,,,,,,,,,,,,,,,,False,1
moreDetailedTest/0055.trace,moreDetailedTest,macro,1,SAT,,MACRO,,3,2,0,3,1,22,1,1,2,MIN_EXPANDED_SIZE,0,2,0.038964721,0.000356209,0.019179098,0.003672763,0.864696426,0.005152881,0.008099696,1.1330823719999898,136672.0,PASSED,16424,10152,19224,,3,498,21,1,1.0,1,1,,1,WEIGHTED_MAXSAT,24,5,2,0.353057681,0.511638745,1.009651933,10,10,0.006432434,2,True,1
5to10Traces/0164.trace,5to10Traces,atlas-b,1,TIMEOUT,,ATLAS_B,,6,2,0,6,,,,,,MIN_EXPANDED_SIZE,,,0.041391433,,,,,,,360.0,1732068.0,IN_PROGRESS,,,,TIMEOUT,,,,,,,,,,,,,,,,,,,,,False,1
5to10Traces/0058.trace,5to10Traces,atlas-b,1,TIMEOUT,,ATLAS_B,,18,2,0,8,,,,,,MIN_EXPANDED_SIZE,,,0.041253613,,,,,,,360.0,3491728.0,IN_PROGRESS,,,,TIMEOUT,,,,,,,,,,,,,,,,,,,,,False,1
5to10Traces/0070.trace,5to10Traces,macro,1,SAT,,MACRO,,18,2,0,8,1,58,4,5,7,MIN_EXPANDED_SIZE,0,7,0.039327842,0.000670707,0.054458909,0.012883719,116.588233558,0.006270066,0.036068538,117.24768112600032,1784116.0,PASSED,70133,905847,1919753,,8,17168,57,2,0.6,1,1,,1,WEIGHTED_MAXSAT,174,36,8,0.85675462,115.731478938,116.954425873,100,99,0.0163888,0,True,1
increasingNumVariables/0007.trace,increasingNumVariables,macro,1,SAT,,MACRO,,10,2,0,8,1,42,3,3,5,MIN_EXPANDED_SIZE,0,5,0.034584967,0.000773721,0.045416486,0.008772433,32.395577141,0.005878096,0.03578632,32.94534576899969,1790508.0,PASSED,73534,931771,1980449,,8,17531,41,2,0.6666666666666666,1,1,,1,WEIGHTED_MAXSAT,94,36,8,0.832188201,31.56338894,32.691949916,100,100,0.010877049,0,True,1
5to10Traces/0026.trace,5to10Traces,atlas-b,1,TIMEOUT,,ATLAS_B,,10,2,0,8,,,,,,MIN_EXPANDED_SIZE,,,0.034411263,,,,,,,360.0,1015904.0,IN_PROGRESS,,,,TIMEOUT,,,,,,,,,,,,,,,,,,,,,False,1
baseTest/0024.trace,baseTest,atlas-b,1,TIMEOUT,,ATLAS_B,,6,2,0,6,,,,,,MIN_EXPANDED_SIZE,,,0.040503305,,,,,,,360.0,3425628.0,IN_PROGRESS,,,,TIMEOUT,,,,,,,,,,,,,,,,,,,,,False,1
disjunctedExistence/0061.trace,disjunctedExistence,atlas-b,1,TIMEOUT,,ATLAS_B,,134,2,0,8,,,,,,MIN_EXPANDED_SIZE,,,0.043450894,,,,,,,360.0,9175284.0,IN_PROGRESS,,,,TIMEOUT,,,,,,,,,,,,,,,,,,,,,False,1
5to10Traces/0155.trace,5to10Traces,atlas-b,1,SAT,,ATLAS_B,,6,2,0,6,,,,,1,MIN_EXPANDED_SIZE,0,1,0.036024936,,,0.030067278,1.902653445,0.015243335,0.016017075,2.4309707599986723,372480.0,PASSED,6223,200214,684298,,9,2122,,,,,1,,1,,,,6,,,2.265847486,,,,,True,1
5to10Traces/0142.trace,5to10Traces,macro,1,SAT,,MACRO,,3,2,0,3,1,22,1,1,2,MIN_EXPANDED_SIZE,0,2,0.042082237,0.000731019,0.020674909,0.008035893,3.417004684,0.010046527,0.012112611,3.987030684000274,479928.0,PASSED,56875,193991,367753,,3,8364,21,1,1.0,1,1,,1,WEIGHTED_MAXSAT,24,5,2,0.883970445,2.533034239,3.79093278,250,201,0.012243355,2,True,1
moreDetailedTest/0094.trace,moreDetailedTest,atlas-b,1,TIMEOUT,,ATLAS_B,,6,2,0,6,,,,,,MIN_EXPANDED_SIZE,,,0.0350368,,,,,,,360.0,4947048.0,IN_PROGRESS,,,,TIMEOUT,,,,,,,,,,,,,,,,,,,,,False,1
increasingNumVariables/0033.trace,increasingNumVariables,macro,1,TIMEOUT,,MACRO,,70,2,0,8,,,,,,MIN_EXPANDED_SIZE,,,0.040766259,,,,,,,360.0,937908.0,IN_PROGRESS,,,,TIMEOUT,,,,,,,,,,,,,,,,,,,,,False,1
moreDetailedTest/0100.trace,moreDetailedTest,atlas-b,1,SAT,,ATLAS_B,,3,2,0,3,,,,,2,MIN_EXPANDED_SIZE,0,2,0.03998543,,,0.031827566,0.889842317,0.021307749,0.025451419,1.4104608640009246,177548.0,PASSED,6176,41394,127617,,5,1081,,,,,1,,1,,,,3,,,1.272428117,,,,,True,1
weakening/weaken_antecedent/weaken_antecedent_95_10_10.trace,weakening,atlas-b,1,TIMEOUT,,ATLAS_B,,10,2,0,8,,,,,,MIN_EXPANDED_SIZE,,,0.087430017,,,,,,,360.0,4435932.0,IN_PROGRESS,,,,TIMEOUT,,,,,,,,,,,,,,,,,,,,,False,1
weakening/weaken_antecedent/weaken_antecedent_95_10_10.trace,weakening,macro,1,SAT,,MACRO,,10,2,0,8,15,109,6,6,6,MIN_EXPANDED_SIZE,0,6,0.089462702,0.003932372,0.297558662,0.008423029,26.807381257,0.009446345,0.0315812,27.772779019000154,2484504.0,PASSED,115276,1416948,3816214,,8,66441,6,6,0.0,0,1,,1,WEIGHTED_MAXSAT,169,109,8,1.64921444,25.158166817,27.470096335,20,20,0.00116616,0,True,1
disjunctedExistence/0012.trace,disjunctedExistence,macro,1,TIMEOUT,,MACRO,,36,2,0,8,,,,,,MIN_EXPANDED_SIZE,,,0.043883359,,,,,,,360.0,3191696.0,IN_PROGRESS,,,,TIMEOUT,,,,,,,,,,,,,,,,,,,,,False,1
5to10Traces/0091.trace,5to10Traces,atlas-b,1,SAT,,ATLAS_B,,3,2,0,3,,,,,2,MIN_EXPANDED_SIZE,0,2,0.032782011,,,0.034887906,2.533560361,0.02285266,0.026016493,3.0647630370003753,425396.0,PASSED,10009,256524,879935,,5,4131,,,,,1,,1,,,,3,,,2.920829557,,,,,True,1
5to10Traces/0166.trace,5to10Traces,atlas-b,1,TIMEOUT,,ATLAS_B,,6,2,0,6,,,,,,MIN_EXPANDED_SIZE,,,0.034849674,,,,,,,360.0,1992904.0,IN_PROGRESS,,,,TIMEOUT,,,,,,,,,,,,,,,,,,,,,False,1
moreDetailedTest/0089.trace,moreDetailedTest,atlas-b,1,TIMEOUT,,ATLAS_B,,6,2,0,6,,,,,,MIN_EXPANDED_SIZE,,,0.036149496,,,,,,,360.0,2719180.0,IN_PROGRESS,,,,TIMEOUT,,,,,,,,,,,,,,,,,,,,,False,1
increasingNumVariables/0028.trace,increasingNumVariables,macro,1,TIMEOUT,,MACRO,,37,2,0,8,,,,,,MIN_EXPANDED_SIZE,,,0.034940406,,,,,,,360.0,1065588.0,IN_PROGRESS,,,,TIMEOUT,,,,,,,,,,,,,,,,,,,,,False,1
moreDetailedTest/0125.trace,moreDetailedTest,atlas-b,1,SAT,,ATLAS_B,,10,2,0,8,,,,,3,MIN_EXPANDED_SIZE,0,3,0.035803492,,,0.029423885,1.13368823,0.023168419,0.01708406,1.6472085069999594,254384.0,PASSED,4809,82237,269611,,11,1120,,,,,1,,1,,,,8,,,1.495476313,,,,,True,1
5to10Traces/0058.trace,5to10Traces,macro,1,TIMEOUT,,MACRO,,18,2,0,8,,,,,,MIN_EXPANDED_SIZE,,,0.037963869,,,,,,,360.0,3421164.0,IN_PROGRESS,,,,TIMEOUT,,,,,,,,,,,,,,,,,,,,,False,1
weakening/weaken_antecedent/weaken_antecedent_50_10_10.trace,weakening,macro,1,SAT,,MACRO,,10,2,0,8,15,109,6,6,6,MIN_EXPANDED_SIZE,0,6,0.088949925,0.002415083,0.130485826,0.018740542,20.5336473,0.01184002,0.032073293,21.290356933999647,1775972.0,PASSED,101845,822723,2230189,,8,38226,6,6,0.0,0,1,,1,WEIGHTED_MAXSAT,169,109,8,1.114791784,19.418855516,20.99726559,20,20,0.001125759,0,True,1
moreDetailedTest/0067.trace,moreDetailedTest,macro,1,TIMEOUT,,MACRO,,18,2,0,8,,,,,,MIN_EXPANDED_SIZE,,,0.03619026,,,,,,,360.0,7390256.0,IN_PROGRESS,,,,TIMEOUT,,,,,,,,,,,,,,,,,,,,,False,1
moreDetailedTest/0021.trace,moreDetailedTest,macro,1,SAT,,MACRO,,5,2,0,5,1,32,1,1,3,MIN_EXPANDED_SIZE,0,3,0.03909659,0.000863273,0.042938302,0.012327065,27.143061445,0.003810554,0.011530736,27.87685731700003,2542984.0,PASSED,110457,1752510,3513641,,5,34167,31,1,2.0,2,1,,1,WEIGHTED_MAXSAT,44,28,5,1.712975231,25.430086214,27.541084929,500,346,0.012010787,0,True,1
5to10Traces/0196.trace,5to10Traces,atlas-b,1,SAT,,ATLAS_B,,10,2,0,8,,,,,5,MIN_EXPANDED_SIZE,0,5,0.034508944,,,0.080020501,44.890748136,0.082556,0.018180918,45.81117411000014,4579252.0,PASSED,118289,3702355,12155294,,11,40320,,,,,1,,1,,,,8,,,45.43266743,,,,,True,1
moreDetailedTest/0028.trace,moreDetailedTest,atlas-b,1,SAT,,ATLAS_B,,5,2,0,5,,,,,3,MIN_EXPANDED_SIZE,0,3,0.034136124,,,0.06063944,5.799868379,0.020868501,0.015242547,6.458146205999583,840460.0,PASSED,30364,543781,1726694,,7,9147,,,,,1,,1,,,,5,,,6.248786436,,,,,True,1
moreDetailedTest/0113.trace,moreDetailedTest,atlas-b,1,SAT,,ATLAS_B,,10,2,0,8,,,,,5,MIN_EXPANDED_SIZE,0,5,0.044359944,,,0.059135419,16.897099991,0.028095899,0.016349508,17.58868791199893,1955540.0,PASSED,48689,1485956,4878346,,11,16320,,,,,1,,1,,,,8,,,17.352237259,,,,,True,1
disjunctedExistence/0057.trace,disjunctedExistence,atlas-b,1,TIMEOUT,,ATLAS_B,,134,2,0,8,,,,,,MIN_EXPANDED_SIZE,,,0.034057963,,,,,,,360.0,4846080.0,IN_PROGRESS,,,,TIMEOUT,,,,,,,,,,,,,,,,,,,,,False,1
moreDetailedTest/0028.trace,moreDetailedTest,macro,1,SAT,,MACRO,,5,2,0,5,1,32,1,1,3,MIN_EXPANDED_SIZE,0,3,0.034321259,0.00073016,0.03012964,0.012008189,8.377947654,0.004482927,0.010323211,8.853768736000347,989368.0,PASSED,76615,655517,1313371,,5,13230,31,1,2.0,2,1,,1,WEIGHTED_MAXSAT,44,28,5,0.90757882,7.470368834,8.629371061,150,131,0.010408674,0,True,1
equal/0018.trace,equal,atlas-b,1,TIMEOUT,,ATLAS_B,,18,2,0,8,,,,,,MIN_EXPANDED_SIZE,,,0.040181634,,,,,,,360.0,3844420.0,IN_PROGRESS,,,,TIMEOUT,,,,,,,,,,,,,,,,,,,,,False,1
increasingNumVariables/0033.trace,increasingNumVariables,atlas-b,1,TIMEOUT,,ATLAS_B,,70,2,0,8,,,,,,MIN_EXPANDED_SIZE,,,0.033666596,,,,,,,360.0,732760.0,IN_PROGRESS,,,,TIMEOUT,,,,,,,,,,,,,,,,,,,,,False,1
weakening/weaken_antecedent/weaken_antecedent_15_10_10.trace,weakening,atlas-b,1,SAT,,ATLAS_B,,10,2,0,8,,,,,6,MIN_EXPANDED_SIZE,0,6,0.079882569,,,0.039853437,3.915340148,0.023147155,0.02070079,4.514358246000484,741824.0,PASSED,13303,433648,1542875,,11,8083,,,,,1,,1,,,,8,,,4.362761059,,,,,True,1
5to10Traces/0196.trace,5to10Traces,macro,1,TIMEOUT,,MACRO,,10,2,0,8,,,,,,MIN_EXPANDED_SIZE,,,0.039061936,,,,,,,360.0,4192776.0,IN_PROGRESS,,,,TIMEOUT,,,,,,,,,,,,,,,,,,,,,False,1
5to10Traces/0048.trace,5to10Traces,atlas-b,1,SAT,,ATLAS_B,,18,2,0,8,,,,,6,MIN_EXPANDED_SIZE,0,6,0.035790708,,,0.044031459,145.569510003,0.019635655,0.017075686,146.14778496600047,1024868.0,PASSED,25589,747157,2452696,,11,8320,,,,,1,,1,,,,8,,,145.98083515,,,,,True,1
increasingNumVariables/0017.trace,increasingNumVariables,atlas-b,1,TIMEOUT,,ATLAS_B,,20,2,0,8,,,,,,MIN_EXPANDED_SIZE,,,0.031612845,,,,,,,360.0,572584.0,IN_PROGRESS,,,,TIMEOUT,,,,,,,,,,,,,,,,,,,,,False,1
equal/0017.trace,equal,macro,1,SAT,,MACRO,,18,2,0,8,1,58,3,3,6,MIN_EXPANDED_SIZE,0,6,0.040715032,0.000762891,0.062575105,0.01698227,165.883933969,0.006534328,0.028995808,166.7267344339998,3216456.0,PASSED,112909,2698278,5713873,,8,48584,57,3,1.0,2,1,,1,WEIGHTED_MAXSAT,174,36,8,1.719585069,164.1643489,166.381494848,300,297,0.012146709,0,True,1
disjunctedExistence/0061.trace,disjunctedExistence,macro,1,TIMEOUT,,MACRO,,134,2,0,8,,,,,,MIN_EXPANDED_SIZE,,,0.045910639,,,,,,,360.0,5369680.0,IN_PROGRESS,,,,TIMEOUT,,,,,,,,,,,,,,,,,,,,,False,1
equal/0017.trace,equal,atlas-b,1,SAT,,ATLAS_B,,18,2,0,8,,,,,6,MIN_EXPANDED_SIZE,0,6,0.036162255,,,0.062014539,88.246318326,0.044120533,0.022434892,89.00178762900032,3171312.0,PASSED,71879,2224754,7303993,,11,24320,,,,,1,,1,,,,8,,,88.718860208,,,,,True,1
5to10Traces/0122.trace,5to10Traces,macro,1,TIMEOUT,,MACRO,,67,2,0,8,,,,,,MIN_EXPANDED_SIZE,,,0.043795464,,,,,,,360.0,2946192.0,IN_PROGRESS,,,,TIMEOUT,,,,,,,,,,,,,,,,,,,,,False,1
baseTest/0015.trace,baseTest,atlas-b,1,TIMEOUT,,ATLAS_B,,18,2,0,8,,,,,,MIN_EXPANDED_SIZE,,,0.037687277,,,,,,,360.0,7852340.0,IN_PROGRESS,,,,TIMEOUT,,,,,,,,,,,,,,,,,,,,,False,1
peterson/base/liveness2.trace,peterson,atlas-b,1,SAT,,ATLAS_B,,18,2,0,8,,,,,5,MIN_EXPANDED_SIZE,0,5,0.086073319,,,0.06037245,25.298526735,0.019774837,0.016489678,26.15799219499968,3709064.0,PASSED,38664,2576539,9748687,,23,22257,,,,,1,,1,,,,8,,,25.79858699,,,,,True,1
moreDetailedTest/0094.trace,moreDetailedTest,macro,1,TIMEOUT,,MACRO,,6,2,0,6,,,,,,MIN_EXPANDED_SIZE,,,0.045054054,,,,,,,360.0,4927156.0,IN_PROGRESS,,,,TIMEOUT,,,,,,,,,,,,,,,,,,,,,False,1
weakening/weaken_antecedent/weaken_antecedent_55_10_10.trace,weakening,macro,1,SAT,,MACRO,,10,2,0,8,15,109,6,6,6,MIN_EXPANDED_SIZE,0,6,0.08882461,0.004918891,0.154187241,0.009923436,20.612466717,0.009174066,0.015535516,21.28683468500094,1733740.0,PASSED,103320,888732,2406398,,8,41361,6,6,0.0,0,1,,1,WEIGHTED_MAXSAT,169,109,8,1.154595326,19.457871391,21.063276145,20,20,0.001093879,0,True,1
moreDetailedTest/0018.trace,moreDetailedTest,macro,1,SAT,,MACRO,,5,2,0,5,1,32,1,1,3,MIN_EXPANDED_SIZE,0,3,0.032774788,0.000659938,0.035555092,0.010389788,18.264995481,0.007356638,0.019746149,18.88205065299917,1743964.0,PASSED,92128,1146841,2292221,,5,22638,31,1,2.0,2,1,,1,WEIGHTED_MAXSAT,44,28,5,1.12564217,17.139353311,18.619272653,300,230,0.012101824,0,True,1
5to10Traces/0074.trace,5to10Traces,atlas-b,1,TIMEOUT,,ATLAS_B,,18,2,0,8,,,,,,MIN_EXPANDED_SIZE,,,0.040957638,,,,,,,360.0,1973756.0,IN_PROGRESS,,,,TIMEOUT,,,,,,,,,,,,,,,,,,,,,False,1
5to10Traces/0077.trace,5to10Traces,macro,1,SAT,,MACRO,,18,2,0,8,1,78,3,3,5,MIN_EXPANDED_SIZE,0,5,0.040077357,0.00073473,0.131662456,0.021645092,169.551129986,0.006196708,0.02317418,170.30190697500075,3539744.0,PASSED,192125,3039586,7274367,,8,48095,77,2,0.6666666666666666,1,1,,1,WEIGHTED_MAXSAT,174,46,8,1.690379711,167.860750275,169.995790547,144,144,0.018797425,0,True,1
weakening/weaken_antecedent/weaken_antecedent_10_40_40.trace,weakening,atlas-b,1,SAT,,ATLAS_B,,10,2,0,8,,,,,6,MIN_EXPANDED_SIZE,0,6,0.079541432,,,0.046207966,6.962962451,0.01912133,0.026091269,8.12109303699981,923752.0,PASSED,32164,687564,2331175,,11,17083,,,,,1,,1,,,,8,,,7.91846142,,,,,True,1
increasingNumVariables/0007.trace,increasingNumVariables,atlas-b,1,SAT,,ATLAS_B,,10,2,0,8,,,,,5,MIN_EXPANDED_SIZE,0,5,0.034556399,,,0.052541919,9.247213452,0.019469009,0.026794788,9.85507365400008,1025652.0,PASSED,25589,747157,2452696,,11,8320,,,,,1,,1,,,,8,,,9.651181772,,,,,True,1
increasingNumVariables/0042.trace,increasingNumVariables,atlas-b,1,TIMEOUT,,ATLAS_B,,135,2,0,8,,,,,,MIN_EXPANDED_SIZE,,,0.040213683,,,,,,,360.0,777228.0,IN_PROGRESS,,,,TIMEOUT,,,,,,,,,,,,,,,,,,,,,False,1
5to10Traces/0091.trace,5to10Traces,macro,1,SAT,,MACRO,,3,2,0,3,1,22,1,1,2,MIN_EXPANDED_SIZE,0,2,0.037442893,0.000605247,0.041207764,0.011666195,1.595225644,0.019441256,0.007974666,2.0097695920012484,231184.0,PASSED,33790,48060,106032,,3,2460,21,1,1.0,1,1,,1,WEIGHTED_MAXSAT,24,5,2,0.501169931,1.094055713,1.811202653,27,27,0.007119832,2,True,1
equal/0029.trace,equal,macro,1,SAT,,MACRO,,3,2,0,3,1,22,1,1,2,MIN_EXPANDED_SIZE,0,2,0.038957234,0.000673318,0.018400007,0.007593216,3.066111435,0.009074265,0.019693752,3.6518153119995986,380576.0,PASSED,50609,157287,298503,,3,6780,21,1,1.0,1,1,,1,WEIGHTED_MAXSAT,24,5,2,0.847875546,2.218235889,3.455645337,200,164,0.011447459,2,True,1
baseTest/0030.trace,baseTest,macro,1,SAT,,MACRO,,3,2,0,3,1,22,1,1,2,MIN_EXPANDED_SIZE,0,2,0.033044733,0.000704759,0.021905552,0.005945121,2.110813725,0.004304606,0.016193878,2.4843776850011636,268116.0,PASSED,38729,97047,183651,,3,4215,21,1,1.0,1,1,,1,WEIGHTED_MAXSAT,24,5,2,0.686715158,1.424098567,2.345428339,100,100,0.007726908,2,True,1
disjunctedExistence/0036.trace,disjunctedExistence,atlas-b,1,SAT,,ATLAS_B,,11,2,0,8,,,,,4,MIN_EXPANDED_SIZE,0,4,0.040478335,,,0.063578519,20.269285624,0.053043734,0.017210185,21.068251608001447,2915376.0,PASSED,71928,1986915,6555797,,12,21703,,,,,1,,1,,,,8,,,20.756034736,,,,,True,1
5to10Traces/0164.trace,5to10Traces,macro,1,TIMEOUT,,MACRO,,6,2,0,6,,,,,,MIN_EXPANDED_SIZE,,,0.034432011,,,,,,,360.0,2499352.0,IN_PROGRESS,,,,TIMEOUT,,,,,,,,,,,,,,,,,,,,,False,1
increasingNumVariables/0017.trace,increasingNumVariables,macro,1,TIMEOUT,,MACRO,,20,2,0,8,,,,,,MIN_EXPANDED_SIZE,,,0.034068099,,,,,,,360.0,930912.0,IN_PROGRESS,,,,TIMEOUT,,,,,,,,,,,,,,,,,,,,,False,1
5to10Traces/0002.trace,5to10Traces,atlas-b,1,SAT,,ATLAS_B,,5,2,0,5,,,,,3,MIN_EXPANDED_SIZE,0,3,0.039301913,,,0.038505282,2.15573864,0.019810422,0.018171455,2.681924471000457,348948.0,PASSED,11784,182794,579857,,7,3147,,,,,1,,1,,,,5,,,2.539165769,,,,,True,1
moreDetailedTest/0055.trace,moreDetailedTest,atlas-b,1,SAT,,ATLAS_B,,3,2,0,3,,,,,2,MIN_EXPANDED_SIZE,0,2,0.032035311,,,0.038063459,0.632815197,0.027289309,0.013360492,1.1857025900008011,138016.0,PASSED,4354,21234,65172,,5,581,,,,,1,,1,,,,3,,,1.031678985,,,,,True,1
5to10Traces/0181.trace,5to10Traces,macro,1,SAT,,MACRO,,10,2,0,8,1,62,3,3,5,MIN_EXPANDED_SIZE,0,5,0.032604398,0.000553825,0.075013007,0.014177914,49.957951546,0.006266454,0.012120117,50.48024228699978,1956092.0,PASSED,148514,1352207,3216287,,8,22190,61,2,0.6666666666666666,1,1,,1,WEIGHTED_MAXSAT,94,46,8,1.226355092,48.731596454,50.23237563,63,63,0.008933939,0,True,1
moreDetailedTest/0093.trace,moreDetailedTest,macro,1,TIMEOUT,,MACRO,,6,2,0,6,,,,,,MIN_EXPANDED_SIZE,,,0.040062835,,,,,,,360.0,4476368.0,IN_PROGRESS,,,,TIMEOUT,,,,,,,,,,,,,,,,,,,,,False,1
moreDetailedTest/0106.trace,moreDetailedTest,atlas-b,1,SAT,,ATLAS_B,,3,2,0,3,,,,,2,MIN_EXPANDED_SIZE,0,2,0.040050955,,,0.120779231,12.522982418,0.102320026,0.016460801,13.422147918998235,2168888.0,PASSED,114400,1210610,3749369,,5,30081,,,,,1,,1,,,,3,,,13.116742183,,,,,True,1
5to10Traces/0178.trace,5to10Traces,atlas-b,1,SAT,,ATLAS_B,,10,2,0,8,,,,,5,MIN_EXPANDED_SIZE,0,5,0.032822831,,,0.045972284,25.42727311,0.033307013,0.01602526,26.026244733999192,684780.0,PASSED,14039,377757,1239871,,11,4320,,,,,1,,1,,,,8,,,25.851829603,,,,,True,1
baseTest/0001.trace,baseTest,macro,1,TIMEOUT,,MACRO,,10,2,0,8,,,,,,MIN_EXPANDED_SIZE,,,0.042092209,,,,,,,360.0,3523876.0,IN_PROGRESS,,,,TIMEOUT,,,,,,,,,,,,,,,,,,,,,False,1
moreDetailedTest/0062.trace,moreDetailedTest,macro,1,TIMEOUT,,MACRO,,18,2,0,8,,,,,,MIN_EXPANDED_SIZE,,,0.037189179,,,,,,,360.0,3804872.0,IN_PROGRESS,,,,TIMEOUT,,,,,,,,,,,,,,,,,,,,,False,1
5to10Traces/0009.trace,5to10Traces,macro,1,SAT,,MACRO,,5,2,0,5,1,34,1,1,3,MIN_EXPANDED_SIZE,0,3,0.037392719,0.000697469,0.064307511,0.022120509,13.370695494,0.970863775,0.997935079,16.636009619000106,1918652.0,PASSED,120167,1039313,2415842,,5,22071,33,1,2.0,2,1,,1,WEIGHTED_MAXSAT,44,28,5,1.176774795,12.193920699,16.355793153,105,105,0.008243566,0,True,1
moreDetailedTest/0014.trace,moreDetailedTest,atlas-b,1,TIMEOUT,,ATLAS_B,,10,2,0,8,,,,,,MIN_EXPANDED_SIZE,,,0.039467997,,,,,,,360.0,1601364.0,IN_PROGRESS,,,,TIMEOUT,,,,,,,,,,,,,,,,,,,,,False,1
moreDetailedTest/0100.trace,moreDetailedTest,macro,1,SAT,,MACRO,,3,2,0,3,1,22,1,1,2,MIN_EXPANDED_SIZE,0,2,0.040155751,0.000543674,0.019778862,0.00482704,1.110075426,0.005221301,0.013081462,1.4343860150002001,165272.0,PASSED,19187,18651,35694,,3,867,21,1,1.0,1,1,,1,WEIGHTED_MAXSAT,24,5,2,0.412670136,0.69740529,1.289135286,20,19,0.006907706,2,True,1
voting_machine/voting14.trace,voting_machine,atlas-b,1,SAT,,ATLAS_B,,13,2,0,8,,,,,4,MIN_EXPANDED_SIZE,0,4,0.054363272,,,0.037429367,2.60198581,0.026308738,0.018111907,3.2004176059999736,332012.0,PASSED,8938,143699,488658,,18,3274,,,,,1,,1,,,,8,,,3.021559702,,,,,True,1
5to10Traces/0122.trace,5to10Traces,atlas-b,1,TIMEOUT,,ATLAS_B,,67,2,0,8,,,,,,MIN_EXPANDED_SIZE,,,0.041087276,,,,,,,360.0,3010832.0,IN_PROGRESS,,,,TIMEOUT,,,,,,,,,,,,,,,,,,,,,False,1
5to10Traces/0015.trace,5to10Traces,macro,1,SAT,,MACRO,,5,2,0,5,1,34,1,1,3,MIN_EXPANDED_SIZE,0,3,0.036873832,0.00072979,0.075559163,0.014380297,27.470389922,0.004612594,0.017903812,28.15070994600137,2667268.0,PASSED,168448,1836162,4287885,,5,38136,33,1,2.0,2,1,,1,WEIGHTED_MAXSAT,44,28,5,1.660758825,25.809631097,27.84161157,185,185,0.008389445,0,True,1
moreDetailedTest/0093.trace,moreDetailedTest,atlas-b,1,TIMEOUT,,ATLAS_B,,6,2,0,6,,,,,,MIN_EXPANDED_SIZE,,,0.044132597,,,,,,,360.0,4377864.0,IN_PROGRESS,,,,TIMEOUT,,,,,,,,,,,,,,,,,,,,,False,1
peterson/base/safety2.trace,peterson,macro,1,SAT,,MACRO,,18,2,0,8,5,67,4,4,5,MIN_EXPANDED_SIZE,0,5,0.086310803,0.001036048,0.063806888,0.008501098,4.522459414,0.010184405,0.010723108,4.976538248998622,599580.0,PASSED,49795,265409,882889,,8,10741,10,4,0.25,1,1,,1,WEIGHTED_MAXSAT,67,67,8,0.720797485,3.801661929,4.80386424,12,12,0.000309218,0,True,1
5to10Traces/0166.trace,5to10Traces,macro,1,TIMEOUT,,MACRO,,6,2,0,6,,,,,,MIN_EXPANDED_SIZE,,,0.039003501,,,,,,,360.0,2771128.0,IN_PROGRESS,,,,TIMEOUT,,,,,,,,,,,,,,,,,,,,,False,1
moreDetailedTest/0062.trace,moreDetailedTest,atlas-b,1,TIMEOUT,,ATLAS_B,,18,2,0,8,,,,,,MIN_EXPANDED_SIZE,,,0.033500324,,,,,,,360.0,3824952.0,IN_PROGRESS,,,,TIMEOUT,,,,,,,,,,,,,,,,,,,,,False,1
5to10Traces/0190.trace,5to10Traces,macro,1,SAT,,MACRO,,10,2,0,8,1,42,3,3,5,MIN_EXPANDED_SIZE,0,5,0.033014621,0.000703229,0.050232945,0.022842476,80.439510646,0.00587169,0.017086384,81.23228502799975,3455704.0,PASSED,128840,3146876,6650111,,8,56537,41,2,0.6666666666666666,1,1,,1,WEIGHTED_MAXSAT,94,36,8,2.425373955,78.014136691,80.877223401,350,348,0.01186555,0,True,1
moreDetailedTest/0125.trace,moreDetailedTest,macro,1,SAT,,MACRO,,10,2,0,8,1,42,1,1,3,MIN_EXPANDED_SIZE,0,3,0.03417565,0.000503814,0.042509426,0.005677255,2.707525209,0.004712008,0.007863184,3.046796437000012,306416.0,PASSED,30857,112682,247328,,8,3341,41,1,2.0,2,1,,1,WEIGHTED_MAXSAT,94,36,8,0.489439562,2.218085647,2.877722619,10,10,0.00847431,0,True,1
5to10Traces/0181.trace,5to10Traces,atlas-b,1,SAT,,ATLAS_B,,10,2,0,8,,,,,5,MIN_EXPANDED_SIZE,0,5,0.034844178,,,0.055850409,15.171573508,0.024017043,0.031461336,15.844921132000309,2215620.0,PASSED,25612,1771916,6078309,,11,13550,,,,,1,,1,,,,8,,,15.597581374,,,,,True,1
increasingNumVariables/0024.trace,increasingNumVariables,atlas-b,1,TIMEOUT,,ATLAS_B,,37,2,0,8,,,,,,MIN_EXPANDED_SIZE,,,0.036455542,,,,,,,360.0,450776.0,IN_PROGRESS,,,,TIMEOUT,,,,,,,,,,,,,,,,,,,,,False,1
5to10Traces/0010.trace,5to10Traces,atlas-b,1,SAT,,ATLAS_B,,5,2,0,5,,,,,3,MIN_EXPANDED_SIZE,0,3,0.030952242,,,0.068219146,10.178196994,0.032019729,0.023768556,10.823322652999991,1408504.0,PASSED,49014,904772,2873537,,7,15147,,,,,1,,1,,,,5,,,10.625042946,,,,,True,1
robot/RRtrace/order1.trace,robot,macro,1,SAT,,MACRO,,2050,2,5,13,4,37,7,7,9,REPAIR,4,9,0.047140742,0.000536334,0.076363818,0.006743795,5.523593764,0.011886888,0.012937045,6.600154475999943,420508.0,PASSED,22181,221088,590235,,13,8736,6,4,0.2857142857142857,2,2,,2,WEIGHTED_MAXSAT,61,37,16,0.60059271,4.923001054,6.444272067,4,4,0.00039615,0,True,1
5to10Traces/0010.trace,5to10Traces,macro,1,SAT,,MACRO,,5,2,0,5,1,32,1,1,3,MIN_EXPANDED_SIZE,0,3,0.033804206,0.000625416,0.030430079,0.01042996,17.932336868,0.004202486,0.010478268,18.472751777999974,1691264.0,PASSED,84764,1028512,2061660,,5,20391,31,1,2.0,2,1,,1,WEIGHTED_MAXSAT,44,28,5,1.086819327,16.845517541,18.237290453,250,204,0.011776586,0,True,1
5to10Traces/0069.trace,5to10Traces,macro,1,SAT,,MACRO,,18,2,0,8,1,78,1,1,2,MIN_EXPANDED_SIZE,0,2,0.031546488,0.000456082,0.104481784,0.015371593,1.409392902,0.004131224,0.010354935,1.8504339350000691,413644.0,PASSED,30211,49649,110933,,8,2525,77,1,1.0,1,1,,1,WEIGHTED_MAXSAT,174,5,2,0.49617418,0.913218722,1.683709879,27,27,0.01270037,2,True,1
moreDetailedTest/0013.trace,moreDetailedTest,macro,1,SAT,,MACRO,,10,2,0,8,1,42,2,3,4,MIN_EXPANDED_SIZE,0,4,0.03455208,0.000606376,0.048146304,0.004435102,3.018387236,0.006063127,0.016775741,3.3824437910000142,312024.0,PASSED,30670,113522,251596,,8,3341,41,2,0.6666666666666666,2,1,,1,WEIGHTED_MAXSAT,94,36,8,0.474427662,2.543959574,3.21522315,10,10,0.007446275,0,True,1
baseTest/0026.trace,baseTest,macro,1,TIMEOUT,,MACRO,,6,2,0,6,,,,,,MIN_EXPANDED_SIZE,,,0.042621513,,,,,,,360.0,8707568.0,IN_PROGRESS,,,,TIMEOUT,,,,,,,,,,,,,,,,,,,,,False,1
equal/0034.trace,equal,macro,1,SAT,,MACRO,,3,2,0,3,1,22,1,1,2,MIN_EXPANDED_SIZE,0,2,0.036740402,0.000546344,0.023674647,0.005324836,1.843669247,0.004129256,0.018642858,2.186812152000016,258644.0,PASSED,37109,83505,158435,,3,3648,21,1,1.0,1,1,,1,WEIGHTED_MAXSAT,24,5,2,0.537552749,1.306116498,2.052077609,100,88,0.008445026,2,True,1
5to10Traces/0012.trace,5to10Traces,macro,1,SAT,,MACRO,,5,2,0,5,1,32,1,1,3,MIN_EXPANDED_SIZE,0,3,0.040024976,0.000646917,0.031428806,0.010089209,19.534837393,0.004493075,0.011492524,20.086835930999996,1753864.0,PASSED,92010,1127689,2246902,,5,22365,31,1,2.0,2,1,,1,WEIGHTED_MAXSAT,44,28,5,1.111009937,18.423827456,19.842640992,300,229,0.011504675,0,True,1
5to10Traces/0094.trace,5to10Traces,atlas-b,1,SAT,,ATLAS_B,,3,2,0,3,,,,,2,MIN_EXPANDED_SIZE,0,2,0.034516445,,,0.047106038,3.238473973,0.020495999,0.013781025,3.7817514330000677,575520.0,PASSED,30316,303457,939386,,5,7581,,,,,1,,1,,,,3,,,3.627440088,,,,,True,1
voting_machine/voting10.trace,voting_machine,macro,1,SAT,,MACRO,,13,2,0,8,4,69,4,4,4,MIN_EXPANDED_SIZE,0,4,0.059417853,0.00075695,0.061053735,0.007234797,3.330097588,0.00619833,0.01201274,3.7085499009999694,353316.0,PASSED,44578,128448,345520,,8,6203,10,3,0.0,0,1,,1,WEIGHTED_MAXSAT,69,69,8,0.598873779,2.731223809,3.577320416,10,10,0.007058932,0,True,1
5to10Traces/0078.trace,5to10Traces,macro,1,TIMEOUT,,MACRO,,18,2,0,8,,,,,,MIN_EXPANDED_SIZE,,,0.043015349,,,,,,,360.0,3236772.0,IN_PROGRESS,,,,TIMEOUT,,,,,,,,,,,,,,,,,,,,,False,1
5to10Traces/0073.trace,5to10Traces,atlas-b,1,SAT,,ATLAS_B,,18,2,0,8,,,,,5,MIN_EXPANDED_SIZE,0,5,0.036966285,,,0.050585547,105.522933844,0.024454922,0.019583337,106.26332112799992,3143696.0,PASSED,34762,2471741,8479547,,11,18800,,,,,1,,1,,,,8,,,105.962957296,,,,,True,1
increasingNumVariables/0046.trace,increasingNumVariables,atlas-b,1,TIMEOUT,,ATLAS_B,,135,2,0,8,,,,,,MIN_EXPANDED_SIZE,,,0.033094947,,,,,,,360.0,1441124.0,IN_PROGRESS,,,,TIMEOUT,,,,,,,,,,,,,,,,,,,,,False,1
5to10Traces/0073.trace,5to10Traces,macro,1,SAT,,MACRO,,18,2,0,8,1,78,3,3,5,MIN_EXPANDED_SIZE,0,5,0.041944176,0.000690908,0.142049383,0.013238136,87.6730839,0.006327548,0.012482511,88.3137777070001,2771060.0,PASSED,147009,1899127,4547775,,8,30605,77,2,0.6666666666666666,1,1,,1,WEIGHTED_MAXSAT,174,46,8,1.331035381,86.342048519,88.059801973,88,88,0.012226978,0,True,1
weakening/weaken_antecedent/weaken_antecedent_10_50_50.trace,weakening,atlas-b,1,SAT,,ATLAS_B,,10,2,0,8,,,,,6,MIN_EXPANDED_SIZE,0,6,0.080836582,,,0.044285574,7.898196183,0.020183125,0.021935491,8.547644147000028,1387368.0,PASSED,39484,856900,2907675,,11,21283,,,,,1,,1,,,,8,,,8.347142023,,,,,True,1
weakening/weaken_antecedent/weaken_antecedent_80_10_10.trace,weakening,atlas-b,1,TIMEOUT,,ATLAS_B,,10,2,0,8,,,,,,MIN_EXPANDED_SIZE,,,0.097808533,,,,,,,360.0,4445076.0,IN_PROGRESS,,,,TIMEOUT,,,,,,,,,,,,,,,,,,,,,False,1
robot/RAtrace/final43.trace,robot,macro,1,SAT,,MACRO,,2050,2,6,14,2,14,8,8,9,REPAIR,5,9,0.038133831,0.000649627,0.046496143,0.006926344,5.583795294,0.010644302,0.018228654,6.007137181999951,654732.0,PASSED,19544,320173,861461,,14,11621,6,3,0.125,1,2,,2,WEIGHTED_MAXSAT,22,14,16,0.611048306,4.972746988,5.828515045,7,6,0.001062438,0,True,1
moreDetailedTest/0058.trace,moreDetailedTest,macro,1,SAT,,MACRO,,18,2,0,8,1,58,5,6,6,MIN_EXPANDED_SIZE,0,6,0.036354634,0.000544985,0.057496825,0.00491235,7.956970136,0.006122633,0.009720827,8.371571551999978,454720.0,PASSED,36717,206373,447847,,8,4925,57,2,0.16666666666666666,1,1,,1,WEIGHTED_MAXSAT,174,36,8,0.489050111,7.467920025,8.226151645,20,20,0.017950186,0,True,1
5to10Traces/0025.trace,5to10Traces,atlas-b,1,TIMEOUT,,ATLAS_B,,10,2,0,8,,,,,,MIN_EXPANDED_SIZE,,,0.034161276,,,,,,,360.0,1877264.0,IN_PROGRESS,,,,TIMEOUT,,,,,,,,,,,,,,,,,,,,,False,1
5to10Traces/0137.trace,5to10Traces,macro,1,SAT,,MACRO,,3,2,0,3,1,22,1,1,2,MIN_EXPANDED_SIZE,0,2,0.034945633,0.000649777,0.039642669,0.005865667,2.103835815,0.004917801,0.012397781,2.551739601999998,267624.0,PASSED,45219,90932,200528,,3,4584,21,1,1.0,1,1,,1,WEIGHTED_MAXSAT,24,5,2,0.642586475,1.46124934,2.345215549,52,52,0.009639427,2,True,1
moreDetailedTest/0059.trace,moreDetailedTest,macro,1,TIMEOUT,,MACRO,,18,2,0,8,,,,,,MIN_EXPANDED_SIZE,,,0.039424323,,,,,,,360.0,2590464.0,IN_PROGRESS,,,,TIMEOUT,,,,,,,,,,,,,,,,,,,,,False,1
weakening/weaken_antecedent/weaken_antecedent_10_25_25.trace,weakening,macro,1,SAT,,MACRO,,10,2,0,8,15,109,6,6,6,MIN_EXPANDED_SIZE,0,6,0.090334823,0.00226525,0.031659662,0.007707145,16.841209286,0.010389137,0.013283563,17.385813893999966,1540172.0,PASSED,96357,545941,1429246,,8,23343,6,6,0.0,0,1,,1,WEIGHTED_MAXSAT,169,109,8,1.122213823,15.718995463,17.112117383,50,50,0.001183861,0,True,1
baseTest/0035.trace,baseTest,macro,1,SAT,,MACRO,,3,2,0,3,1,22,1,1,2,MIN_EXPANDED_SIZE,0,2,0.035880485,0.000561925,0.02070415,0.004786488,1.610676887,0.004677334,0.011031194,1.9661451829999805,227120.0,PASSED,29714,49869,95015,,3,2217,21,1,1.0,1,1,,1,WEIGHTED_MAXSAT,24,5,2,0.510935381,1.099741506,1.800040114,50,50,0.010267763,2,True,1
robot/RRtrace/order4.trace,robot,macro,1,SAT,,MACRO,,2050,2,5,13,4,37,7,7,9,REPAIR,4,9,0.053716259,0.000655747,0.070475125,0.008188787,4.883012678,0.010702935,0.017226018,5.366064696999956,608992.0,PASSED,22377,289731,778511,,13,11386,6,4,0.2857142857142857,2,2,,2,WEIGHTED_MAXSAT,61,37,16,0.581380597,4.301632081,5.150380289,7,7,0.000467972,0,True,1
5to10Traces/0092.trace,5to10Traces,atlas-b,1,SAT,,ATLAS_B,,3,2,0,3,,,,,2,MIN_EXPANDED_SIZE,0,2,0.034009905,,,0.051236393,2.513154224,0.016190071,0.01577789,3.0695874859998185,341672.0,PASSED,21054,202661,627164,,5,5081,,,,,1,,1,,,,3,,,2.916219216,,,,,True,1
peterson/constrained/safety3.trace,peterson,atlas-b,1,SAT,,ATLAS_B,,18,2,0,8,,,,,5,MIN_EXPANDED_SIZE,0,5,0.103090462,,,0.05825729,22.893873012,0.017015665,0.016539782,23.725746297000114,3701520.0,PASSED,39115,2575762,9747243,,23,22257,,,,,1,,1,,,,8,,,23.377453589,,,,,True,1
increasingNumVariables/0000.trace,increasingNumVariables,macro,1,SAT,,MACRO,,10,2,0,8,1,42,3,3,5,MIN_EXPANDED_SIZE,0,5,0.043164854,0.000643697,0.043726689,0.00599051,8.819291365,0.006437472,0.010533881,9.20549054900016,522008.0,PASSED,46733,292182,628100,,8,6410,41,2,0.6666666666666666,1,1,,1,WEIGHTED_MAXSAT,94,36,8,0.57313084,8.246160525,9.026231937,30,30,0.009294399,0,True,1
5to10Traces/0035.trace,5to10Traces,macro,1,TIMEOUT,,MACRO,,10,2,0,8,,,,,,MIN_EXPANDED_SIZE,,,0.042604598,,,,,,,360.0,6073008.0,IN_PROGRESS,,,,TIMEOUT,,,,,,,,,,,,,,,,,,,,,False,1
disjunctedExistence/0015.trace,disjunctedExistence,macro,1,TIMEOUT,,MACRO,,36,2,0,8,,,,,,MIN_EXPANDED_SIZE,,,0.036625749,,,,,,,360.0,3619532.0,IN_PROGRESS,,,,TIMEOUT,,,,,,,,,,,,,,,,,,,,,False,1
disjunctedExistence/0058.trace,disjunctedExistence,atlas-b,1,SAT,,ATLAS_B,,134,2,0,8,,,,,2,MIN_EXPANDED_SIZE,0,2,0.038978828,,,0.080386819,64.38462818,0.03946967,0.014412624,65.34249659299985,7910632.0,PASSED,149330,7104393,24516721,,15,51036,,,,,1,,1,,,,8,,,64.870612394,,,,,True,1
moreDetailedTest/0073.trace,moreDetailedTest,macro,1,TIMEOUT,,MACRO,,67,2,0,8,,,,,,MIN_EXPANDED_SIZE,,,0.040645422,,,,,,,360.0,2365336.0,IN_PROGRESS,,,,TIMEOUT,,,,,,,,,,,,,,,,,,,,,False,1
robot/RAtrace/final43.trace,robot,atlas-b,1,SAT,,ATLAS_B,,2050,2,6,14,,,,,9,REPAIR,5,9,0.04364312,,,0.054239772,33.009238382,0.018038689,0.016034497,33.921658107999974,3592888.0,PASSED,8501,2177315,8315436,,23,14098,,,,,2,,2,,,,16,,,33.642536975,,,,,True,1
baseTest/0026.trace,baseTest,atlas-b,1,ERROR,,ATLAS_B,,6,2,0,6,,,,,,MIN_EXPANDED_SIZE,,,0.053494563,,,,,,,360.0,1457456.0,FAILED,,,,"ErrorType: Translation capacity exceeded.
In this scope, universe contains 1755 atoms
and relations of arity 3 cannot be represented.
Visit http://alloy.mit.edu/ for advice on refactoring.",,,,,,,,,,,,,,,,6.613814101,,,,,False,1
peterson/extra_traces/liveness2.trace,peterson,macro,1,SAT,,MACRO,,18,2,0,8,6,103,4,4,5,MIN_EXPANDED_SIZE,0,5,0.079079824,0.001216223,0.116654522,0.011168097,6.718358301,0.010370325,0.012069192,7.238057173000016,675076.0,PASSED,66815,356177,1180693,,8,14624,10,4,0.25,1,1,,1,WEIGHTED_MAXSAT,103,103,8,1.003302434,5.715055867,7.077890943,16,16,0.000346059,0,True,1
moreDetailedTest/0020.trace,moreDetailedTest,macro,1,SAT,,MACRO,,5,2,0,5,1,32,1,1,3,MIN_EXPANDED_SIZE,0,3,0.038903524,0.000622046,0.028636131,0.011630319,16.884045107,0.004341955,0.021839361,17.544668407000245,1990944.0,PASSED,102236,1478461,2958225,,5,28980,31,1,2.0,2,1,,1,WEIGHTED_MAXSAT,44,28,5,1.387837931,15.496207176,17.295837349,400,294,0.013843928,0,True,1
5to10Traces/0195.trace,5to10Traces,macro,1,TIMEOUT,,MACRO,,10,2,0,8,,,,,,MIN_EXPANDED_SIZE,,,0.041498584,,,,,,,360.0,5457340.0,IN_PROGRESS,,,,TIMEOUT,,,,,,,,,,,,,,,,,,,,,False,1
5to10Traces/0152.trace,5to10Traces,atlas-b,1,SAT,,ATLAS_B,,3,2,0,3,,,,,2,MIN_EXPANDED_SIZE,0,2,0.034054176,,,0.10061847,10.011666061,0.090449257,0.026837223,10.78423658499969,1368740.0,PASSED,95648,1009017,3124932,,5,25081,,,,,1,,1,,,,3,,,10.583795704,,,,,True,1
weakening/weaken_antecedent/weaken_antecedent_35_10_10.trace,weakening,macro,1,SAT,,MACRO,,10,2,0,8,15,109,6,6,6,MIN_EXPANDED_SIZE,0,6,0.086541632,0.002195682,0.101595263,0.00999168,17.82387189,0.009949965,0.016076944,18.47035532400014,1372980.0,PASSED,96427,649171,1765652,,8,29943,6,6,0.0,0,1,,1,WEIGHTED_MAXSAT,169,109,8,1.234640223,16.589231667,18.207558558,20,20,0.001306101,0,True,1
moreDetailedTest/0001.trace,moreDetailedTest,macro,1,TIMEOUT,,MACRO,,10,2,0,8,,,,,,MIN_EXPANDED_SIZE,,,0.038069769,,,,,,,360.0,2349996.0,IN_PROGRESS,,,,TIMEOUT,,,,,,,,,,,,,,,,,,,,,False,1
5to10Traces/0068.trace,5to10Traces,macro,1,SAT,,MACRO,,18,2,0,8,1,58,5,6,7,MIN_EXPANDED_SIZE,0,7,0.033854274,0.000608426,0.057670522,0.007308833,53.131114349,0.00603473,0.011525744,53.55928005800024,870796.0,PASSED,57449,466149,999075,,8,9479,57,3,0.3333333333333333,1,1,,1,WEIGHTED_MAXSAT,174,36,8,0.66921714,52.461897209,53.37938632,50,50,0.019289759,0,True,1
baseTest/0038.trace,baseTest,atlas-b,1,ERROR,,ATLAS_B,,10,2,0,8,,,,,,MIN_EXPANDED_SIZE,,,0.042747758,,,,,,,360.0,1254404.0,FAILED,,,,"ErrorType: Translation capacity exceeded.
In this scope, universe contains 1551 atoms
and relations of arity 3 cannot be represented.
Visit http://alloy.mit.edu/ for advice on refactoring.",,,,,,,,,,,,,,,,5.744335841,,,,,False,1
5to10Traces/0157.trace,5to10Traces,atlas-b,1,TIMEOUT,,ATLAS_B,,6,2,0,6,,,,,,MIN_EXPANDED_SIZE,,,0.035027104,,,,,,,360.0,1320068.0,IN_PROGRESS,,,,TIMEOUT,,,,,,,,,,,,,,,,,,,,,False,1
5to10Traces/0016.trace,5to10Traces,atlas-b,1,SAT,,ATLAS_B,,5,2,0,5,,,,,3,MIN_EXPANDED_SIZE,0,3,0.036361954,,,0.089470279,16.341235349,0.065976692,0.026611559,17.120992011,1853412.0,PASSED,76994,1446255,4593799,,7,24147,,,,,1,,1,,,,5,,,16.870133235,,,,,True,1
baseTest/0010.trace,baseTest,macro,1,SAT,,MACRO,,5,2,0,5,1,32,1,1,3,MIN_EXPANDED_SIZE,0,3,0.042796024,0.00075536,0.023046814,0.034303941,123.027053395,0.00538153,0.028416943,125.35477007500003,5655912.0,PASSED,261081,6573028,13234927,,5,125832,31,1,2.0,2,1,,1,WEIGHTED_MAXSAT,44,28,5,6.773262703,116.253790692,124.951307051,1500,1271,0.009579352,0,True,1
equal/0034.trace,equal,atlas-b,1,SAT,,ATLAS_B,,3,2,0,3,,,,,2,MIN_EXPANDED_SIZE,0,2,0.034000988,,,0.044054611,2.470663025,0.021938643,0.016293316,3.0236460240003,335872.0,PASSED,21014,202658,627164,,5,5081,,,,,1,,1,,,,3,,,2.861885798,,,,,True,1
robot/RRtrace/order1.trace,robot,atlas-b,1,SAT,,ATLAS_B,,2050,2,5,13,,,,,9,REPAIR,4,9,0.05203746,,,0.046856095,27.367890739,0.016544233,0.023236997,28.05210994700019,2506248.0,PASSED,5944,1259477,4800943,,22,8331,,,,,2,,2,,,,16,,,27.793400088,,,,,True,1
baseTest/0038.trace,baseTest,macro,1,TIMEOUT,,MACRO,,10,2,0,8,,,,,,MIN_EXPANDED_SIZE,,,0.043218179,,,,,,,360.0,4430956.0,IN_PROGRESS,,,,TIMEOUT,,,,,,,,,,,,,,,,,,,,,False,1
equal/0021.trace,equal,macro,1,SAT,,MACRO,,18,2,0,8,1,58,3,3,5,MIN_EXPANDED_SIZE,0,5,0.042558452,0.000535604,0.059112394,0.005100243,4.031573422,0.007101445,0.01035251,4.4344039699999485,314356.0,PASSED,34943,114515,252241,,8,3341,57,2,0.6666666666666666,2,1,,1,WEIGHTED_MAXSAT,174,36,8,0.558423521,3.473149901,4.267966785,10,10,0.011273354,0,True,1
moreDetailedTest/0015.trace,moreDetailedTest,atlas-b,1,SAT,,ATLAS_B,,5,2,0,5,,,,,3,MIN_EXPANDED_SIZE,0,3,0.035636969,,,0.055663332,7.400567378,0.025471664,0.015578047,8.02686828800006,963600.0,PASSED,39644,724273,2300113,,7,12147,,,,,1,,1,,,,5,,,7.835122868,,,,,True,1
5to10Traces/0118.trace,5to10Traces,atlas-b,1,TIMEOUT,,ATLAS_B,,67,2,0,8,,,,,,MIN_EXPANDED_SIZE,,,0.041593744,,,,,,,360.0,1781828.0,IN_PROGRESS,,,,TIMEOUT,,,,,,,,,,,,,,,,,,,,,False,1
moreDetailedTest/0060.trace,moreDetailedTest,macro,1,TIMEOUT,,MACRO,,18,2,0,8,,,,,,MIN_EXPANDED_SIZE,,,0.043285439,,,,,,,360.0,3243024.0,IN_PROGRESS,,,,TIMEOUT,,,,,,,,,,,,,,,,,,,,,False,1
moreDetailedTest/0059.trace,moreDetailedTest,atlas-b,1,TIMEOUT,,ATLAS_B,,18,2,0,8,,,,,,MIN_EXPANDED_SIZE,,,0.041864032,,,,,,,360.0,2375248.0,IN_PROGRESS,,,,TIMEOUT,,,,,,,,,,,,,,,,,,,,,False,1
peterson/constrained/liveness3.trace,peterson,macro,1,SAT,,MACRO,,18,2,0,8,10,171,4,4,5,MIN_EXPANDED_SIZE,0,5,0.104797789,0.00183444,0.13532756,0.019169889,11.864107057,0.009828313,0.010713031,12.491784791999635,981300.0,PASSED,88962,365564,1234494,,8,16263,10,4,0.25,1,1,,1,WEIGHTED_MAXSAT,171,171,8,1.29407922,10.570027837,12.255555941,12,12,0.000348381,0,True,1
moreDetailedTest/0017.trace,moreDetailedTest,atlas-b,1,SAT,,ATLAS_B,,5,2,0,5,,,,,3,MIN_EXPANDED_SIZE,0,3,0.035722533,,,0.060707411,9.068222363,0.029468057,0.022930225,9.758045423999647,1406960.0,PASSED,49024,904778,2873543,,7,15147,,,,,1,,1,,,,5,,,9.529630878,,,,,True,1
5to10Traces/0105.trace,5to10Traces,atlas-b,1,SAT,,ATLAS_B,,3,2,0,3,,,,,2,MIN_EXPANDED_SIZE,0,2,0.036130763,,,0.068494357,15.784243825,0.025611902,0.014510438,16.519396342999244,2897096.0,PASSED,60609,1987887,6825430,,5,31581,,,,,1,,1,,,,3,,,16.243829803,,,,,True,1
5to10Traces/0012.trace,5to10Traces,atlas-b,1,SAT,,ATLAS_B,,5,2,0,5,,,,,3,MIN_EXPANDED_SIZE,0,3,0.035658225,,,0.072924529,9.323854445,0.058094501,0.019028004,10.035336608000762,1583116.0,PASSED,58304,1085261,3446954,,7,18147,,,,,1,,1,,,,5,,,9.815807009,,,,,True,1
baseTest/0016.trace,baseTest,atlas-b,1,SAT,,ATLAS_B,,18,2,0,8,,,,,6,MIN_EXPANDED_SIZE,0,6,0.030591103,,,0.049313107,40.398222084,0.018775882,0.014896008,41.47447440100041,952304.0,PASSED,22586,651113,2137394,,11,7280,,,,,1,,1,,,,8,,,41.247442027,,,,,True,1
increasingNumVariables/0051.trace,increasingNumVariables,atlas-b,1,TIMEOUT,,ATLAS_B,,264,2,0,8,,,,,,MIN_EXPANDED_SIZE,,,0.032933511,,,,,,,360.0,981112.0,IN_PROGRESS,,,,TIMEOUT,,,,,,,,,,,,,,,,,,,,,False,1
5to10Traces/0028.trace,5to10Traces,macro,1,TIMEOUT,,MACRO,,10,2,0,8,,,,,,MIN_EXPANDED_SIZE,,,0.031663534,,,,,,,360.0,2003960.0,IN_PROGRESS,,,,TIMEOUT,,,,,,,,,,,,,,,,,,,,,False,1
baseTest/0036.trace,baseTest,atlas-b,1,SAT,,ATLAS_B,,10,2,0,8,,,,,5,MIN_EXPANDED_SIZE,0,5,0.044725037,,,0.121053166,99.284994074,0.112870846,0.02520067,100.43494674900012,7790684.0,PASSED,234294,7396354,24283958,,11,80320,,,,,1,,1,,,,8,,,99.944116631,,,,,True,1
equal/0020.trace,equal,atlas-b,1,TIMEOUT,,ATLAS_B,,18,2,0,8,,,,,,MIN_EXPANDED_SIZE,,,0.035854788,,,,,,,360.0,1030036.0,IN_PROGRESS,,,,TIMEOUT,,,,,,,,,,,,,,,,,,,,,False,1
moreDetailedTest/0088.trace,moreDetailedTest,atlas-b,1,TIMEOUT,,ATLAS_B,,6,2,0,6,,,,,,MIN_EXPANDED_SIZE,,,0.037766592,,,,,,,360.0,1964236.0,IN_PROGRESS,,,,TIMEOUT,,,,,,,,,,,,,,,,,,,,,False,1
5to10Traces/0069.trace,5to10Traces,atlas-b,1,SAT,,ATLAS_B,,18,2,0,8,,,,,2,MIN_EXPANDED_SIZE,0,2,0.03172003,,,0.035614986,5.906641033,0.017453304,0.015614504,6.490260601000045,1054532.0,PASSED,12444,764168,2620425,,11,5990,,,,,1,,1,,,,8,,,6.274744637,,,,,True,1
5to10Traces/0081.trace,5to10Traces,macro,1,TIMEOUT,,MACRO,,18,2,0,8,,,,,,MIN_EXPANDED_SIZE,,,0.032983945,,,,,,,360.0,4524524.0,IN_PROGRESS,,,,TIMEOUT,,,,,,,,,,,,,,,,,,,,,False,1
moreDetailedTest/0060.trace,moreDetailedTest,atlas-b,1,TIMEOUT,,ATLAS_B,,18,2,0,8,,,,,,MIN_EXPANDED_SIZE,,,0.037873778,,,,,,,360.0,3173208.0,IN_PROGRESS,,,,TIMEOUT,,,,,,,,,,,,,,,,,,,,,False,1
increasingNumVariables/0000.trace,increasingNumVariables,atlas-b,1,TIMEOUT,,ATLAS_B,,10,2,0,8,,,,,,MIN_EXPANDED_SIZE,,,0.036514294,,,,,,,360.0,444284.0,IN_PROGRESS,,,,TIMEOUT,,,,,,,,,,,,,,,,,,,,,False,1
moreDetailedTest/0073.trace,moreDetailedTest,atlas-b,1,TIMEOUT,,ATLAS_B,,67,2,0,8,,,,,,MIN_EXPANDED_SIZE,,,0.044077727,,,,,,,360.0,2059072.0,IN_PROGRESS,,,,TIMEOUT,,,,,,,,,,,,,,,,,,,,,False,1
5to10Traces/0054.trace,5to10Traces,macro,1,SAT,,MACRO,,18,2,0,8,1,58,3,3,6,MIN_EXPANDED_SIZE,0,6,0.042211963,0.00070867,0.05649285,0.017415742,137.565799647,0.007189076,0.030942398,138.37059616399983,2913356.0,PASSED,104725,2280120,4852123,,8,41027,57,3,1.0,1,1,,1,WEIGHTED_MAXSAT,174,36,8,1.625211837,135.94058781,138.032489481,250,248,0.01995725,0,True,1
5to10Traces/0195.trace,5to10Traces,atlas-b,1,SAT,,ATLAS_B,,10,2,0,8,,,,,5,MIN_EXPANDED_SIZE,0,5,0.040183009,,,0.082709063,85.545589363,0.095074038,0.026663193,86.62579595899933,8121180.0,PASSED,101133,7538474,25864990,,11,56810,,,,,1,,1,,,,8,,,86.121530788,,,,,True,1
5to10Traces/0016.trace,5to10Traces,macro,1,SAT,,MACRO,,5,2,0,5,1,32,1,1,3,MIN_EXPANDED_SIZE,0,3,0.041106044,0.000598936,0.035586825,0.011769699,17.796253605,0.004667885,0.015184769,20.123747234999428,2018984.0,PASSED,102503,1518562,3058437,,5,29631,31,1,2.0,2,1,,1,WEIGHTED_MAXSAT,44,28,5,1.32602303,16.470230575,18.259968465,400,295,0.012015846,0,True,1
equal/0021.trace,equal,atlas-b,1,SAT,,ATLAS_B,,18,2,0,8,,,,,5,MIN_EXPANDED_SIZE,0,5,0.035560036,,,0.045383701,1.674758086,0.015163918,0.018153239,2.233806573000038,257704.0,PASSED,4809,82237,269611,,11,1120,,,,,1,,1,,,,8,,,2.055307842,,,,,True,1
increasingNumVariables/0046.trace,increasingNumVariables,macro,1,TIMEOUT,,MACRO,,135,2,0,8,,,,,,MIN_EXPANDED_SIZE,,,0.043099839,,,,,,,360.0,1796248.0,IN_PROGRESS,,,,TIMEOUT,,,,,,,,,,,,,,,,,,,,,False,1
increasingNumVariables/0051.trace,increasingNumVariables,macro,1,TIMEOUT,,MACRO,,264,2,0,8,,,,,,MIN_EXPANDED_SIZE,,,0.033237829,,,,,,,360.0,1030136.0,IN_PROGRESS,,,,TIMEOUT,,,,,,,,,,,,,,,,,,,,,False,1
5to10Traces/0118.trace,5to10Traces,macro,1,TIMEOUT,,MACRO,,67,2,0,8,,,,,,MIN_EXPANDED_SIZE,,,0.038924243,,,,,,,360.0,2023744.0,IN_PROGRESS,,,,TIMEOUT,,,,,,,,,,,,,,,,,,,,,False,1
5to10Traces/0028.trace,5to10Traces,atlas-b,1,TIMEOUT,,ATLAS_B,,10,2,0,8,,,,,,MIN_EXPANDED_SIZE,,,0.04416432,,,,,,,360.0,1604976.0,IN_PROGRESS,,,,TIMEOUT,,,,,,,,,,,,,,,,,,,,,False,1
increasingNumVariables/0032.trace,increasingNumVariables,macro,1,TIMEOUT,,MACRO,,70,2,0,8,,,,,,MIN_EXPANDED_SIZE,,,0.035170008,,,,,,,360.0,612528.0,IN_PROGRESS,,,,TIMEOUT,,,,,,,,,,,,,,,,,,,,,False,1
moreDetailedTest/0115.trace,moreDetailedTest,macro,1,SAT,,MACRO,,10,2,0,8,1,42,3,3,5,MIN_EXPANDED_SIZE,0,5,0.041205701,0.000681918,0.049538905,0.02187865,92.206301051,0.005458667,0.013192286,92.88014847400063,2876852.0,PASSED,108714,2248017,4744401,,8,40829,41,2,0.6666666666666666,1,1,,1,WEIGHTED_MAXSAT,94,36,8,1.408590888,90.797710163,92.595759958,250,250,0.011735986,0,True,1
equal/0011.trace,equal,macro,1,SAT,,MACRO,,5,2,0,5,1,32,1,1,3,MIN_EXPANDED_SIZE,0,3,0.033822342,0.000676378,0.026957327,0.011886421,20.453143014,0.004166313,0.011971292,21.088095518000046,2038980.0,PASSED,100784,1442275,2898825,,5,28161,31,1,2.0,2,1,,1,WEIGHTED_MAXSAT,44,28,5,1.339180547,19.113962467,20.798947284,400,285,0.013776551,0,True,1
peterson/extra_traces/liveness2.trace,peterson,atlas-b,1,SAT,,ATLAS_B,,18,2,0,8,,,,,5,MIN_EXPANDED_SIZE,0,5,0.082796662,,,0.049060042,34.037139512,0.027036329,0.015693193,34.885065747000226,4572424.0,PASSED,49766,3403475,12907882,,23,29297,,,,,1,,1,,,,8,,,34.502848655,,,,,True,1
equal/0014.trace,equal,macro,1,SAT,,MACRO,,5,2,0,5,1,24,1,1,3,MIN_EXPANDED_SIZE,0,3,0.03412781,0.000531165,0.029628778,0.004725598,1.769347657,0.010208904,0.008477169,2.4183961620001355,233196.0,PASSED,22846,54672,111160,,5,1698,23,1,2.0,2,1,,1,WEIGHTED_MAXSAT,44,22,5,0.420107873,1.349239784,2.281404612,10,10,0.00892426,0,True,1
moreDetailedTest/0012.trace,moreDetailedTest,atlas-b,1,TIMEOUT,,ATLAS_B,,10,2,0,8,,,,,,MIN_EXPANDED_SIZE,,,0.03982925,,,,,,,360.0,1015668.0,IN_PROGRESS,,,,TIMEOUT,,,,,,,,,,,,,,,,,,,,,False,1
weakening/weaken_antecedent/weaken_antecedent_10_5_5.trace,weakening,atlas-b,1,SAT,,ATLAS_B,,10,2,0,8,,,,,6,MIN_EXPANDED_SIZE,0,6,0.081537769,,,0.031229632,1.405373454,0.03375583,0.017967944,1.9489615920001597,264460.0,PASSED,6554,94878,313425,,11,2383,,,,,1,,1,,,,8,,,1.821722911,,,,,True,1
increasingNumVariables/0029.trace,increasingNumVariables,macro,1,TIMEOUT,,MACRO,,37,2,0,8,,,,,,MIN_EXPANDED_SIZE,,,0.041332085,,,,,,,360.0,1399476.0,IN_PROGRESS,,,,TIMEOUT,,,,,,,,,,,,,,,,,,,,,False,1
disjunctedExistence/0063.trace,disjunctedExistence,atlas-b,1,TIMEOUT,,ATLAS_B,,134,2,0,8,,,,,,MIN_EXPANDED_SIZE,,,0.04254832,,,,,,,360.0,6502316.0,IN_PROGRESS,,,,TIMEOUT,,,,,,,,,,,,,,,,,,,,,False,1
moreDetailedTest/0020.trace,moreDetailedTest,atlas-b,1,SAT,,ATLAS_B,,5,2,0,5,,,,,3,MIN_EXPANDED_SIZE,0,3,0.036217412,,,0.086496401,12.012808649,0.09513356,0.02359022,12.82200984300016,1825792.0,PASSED,77014,1446249,4593790,,7,24147,,,,,1,,1,,,,5,,,12.55301911,,,,,True,1
robot/RRtrace/order4.trace,robot,atlas-b,1,SAT,,ATLAS_B,,2050,2,5,13,,,,,9,REPAIR,4,9,0.061322079,,,0.055763467,36.67305805,0.01767824,0.023062356,37.477542833999905,3963396.0,PASSED,7642,2154243,8230712,,22,13776,,,,,2,,2,,,,16,,,37.099854666,,,,,True,1
weakening/weaken_antecedent/weaken_antecedent_80_10_10.trace,weakening,macro,1,SAT,,MACRO,,10,2,0,8,15,109,6,6,6,MIN_EXPANDED_SIZE,0,6,0.09238442,0.002426391,0.32550314,0.007510541,26.801871097,0.009931933,0.021015604,27.713773544000105,1915888.0,PASSED,109204,1274671,3435152,,8,59643,6,6,0.0,0,1,,1,WEIGHTED_MAXSAT,169,109,8,1.264273429,25.537597668,27.453418891,20,20,0.001034367,0,True,1
peterson/base/liveness5.trace,peterson,macro,1,SAT,,MACRO,,18,2,0,8,6,103,4,4,5,MIN_EXPANDED_SIZE,0,5,0.090390749,0.00115743,0.098605478,0.017481085,6.055707259,0.014816027,0.01530675,6.570341929999813,542120.0,PASSED,62675,279472,928952,,8,12017,10,4,0.25,1,1,,1,WEIGHTED_MAXSAT,103,103,8,0.916548175,5.139159084,6.419763609,12,12,0.000306317,0,True,1
peterson/base/liveness5.trace,peterson,atlas-b,1,SAT,,ATLAS_B,,18,2,0,8,,,,,5,MIN_EXPANDED_SIZE,0,5,0.082691404,,,0.042325217,25.45670323,0.028772341,0.019059195,26.223560737000298,3713116.0,PASSED,37889,2576539,9748612,,23,22257,,,,,1,,1,,,,8,,,25.923373321,,,,,True,1
disjunctedExistence/0058.trace,disjunctedExistence,macro,1,SAT,,MACRO,,134,2,0,8,1,310,1,1,2,MIN_EXPANDED_SIZE,0,2,0.041754902,0.00079726,0.305585223,0.013476483,5.52741366,0.004122305,0.017902525,6.409592591000546,924764.0,PASSED,120369,374099,845407,,8,18292,309,1,1.0,1,1,,1,WEIGHTED_MAXSAT,1334,5,2,1.640965361,3.886448299,6.203744524,202,202,0.012269142,2,True,1
peterson/extra_traces/safety1.trace,peterson,macro,1,SAT,,MACRO,,18,2,0,8,5,67,4,4,5,MIN_EXPANDED_SIZE,0,5,0.102021055,0.001027286,0.07980148,0.013070952,5.648087153,0.009820223,0.010686775,6.1449971150004785,607652.0,PASSED,56193,330280,1087096,,8,13018,10,4,0.25,1,1,,1,WEIGHTED_MAXSAT,67,67,8,0.853947822,4.794139331,5.976244514,16,16,0.000329958,0,True,1
5to10Traces/0108.trace,5to10Traces,atlas-b,1,SAT,,ATLAS_B,,3,2,0,3,,,,,2,MIN_EXPANDED_SIZE,0,2,0.031923142,,,0.074064036,10.076115583,0.112935564,0.016843019,10.828915084999608,1345916.0,PASSED,95690,1009013,3124933,,5,25081,,,,,1,,1,,,,3,,,10.63162435,,,,,True,1
5to10Traces/0055.trace,5to10Traces,atlas-b,1,TIMEOUT,,ATLAS_B,,18,2,0,8,,,,,,MIN_EXPANDED_SIZE,,,0.039843203,,,,,,,360.0,4994884.0,IN_PROGRESS,,,,TIMEOUT,,,,,,,,,,,,,,,,,,,,,False,1
5to10Traces/0092.trace,5to10Traces,macro,1,SAT,,MACRO,,3,2,0,3,1,22,1,1,2,MIN_EXPANDED_SIZE,0,2,0.035698827,0.00076411,0.023371923,0.005597416,1.929496528,0.00567473,0.014579802,2.3647131670004455,249224.0,PASSED,37399,80937,153230,,3,3495,21,1,1.0,1,1,,1,WEIGHTED_MAXSAT,24,5,2,0.568282161,1.361214367,2.173271304,100,86,0.007422804,2,True,1
increasingNumVariables/0020.trace,increasingNumVariables,macro,1,TIMEOUT,,MACRO,,20,2,0,8,,,,,,MIN_EXPANDED_SIZE,,,0.034971198,,,,,,,360.0,1058572.0,IN_PROGRESS,,,,TIMEOUT,,,,,,,,,,,,,,,,,,,,,False,1
5to10Traces/0081.trace,5to10Traces,atlas-b,1,SAT,,ATLAS_B,,18,2,0,8,,,,,5,MIN_EXPANDED_SIZE,0,5,0.035778859,,,0.073807458,170.764030827,0.050885471,0.024681555,171.713683304999,6592988.0,PASSED,77659,5746922,19717531,,11,43370,,,,,1,,1,,,,8,,,171.25331704,,,,,True,1
baseTest/0010.trace,baseTest,atlas-b,1,ERROR,,ATLAS_B,,5,2,0,5,,,,,,MIN_EXPANDED_SIZE,,,0.035386039,,,,,,,360.0,1442188.0,FAILED,,,,"ErrorType: Translation capacity exceeded.
In this scope, universe contains 1531 atoms
and relations of arity 3 cannot be represented.
Visit http://alloy.mit.edu/ for advice on refactoring.",,,,,,,,,,,,,,,,5.686229716,,,,,False,1
disjunctedExistence/0000.trace,disjunctedExistence,atlas-b,1,TIMEOUT,,ATLAS_B,,36,2,0,8,,,,,,MIN_EXPANDED_SIZE,,,0.041743097,,,,,,,360.0,785676.0,IN_PROGRESS,,,,TIMEOUT,,,,,,,,,,,,,,,,,,,,,False,1
5to10Traces/0054.trace,5to10Traces,atlas-b,1,TIMEOUT,,ATLAS_B,,18,2,0,8,,,,,,MIN_EXPANDED_SIZE,,,0.039876419,,,,,,,360.0,2763420.0,IN_PROGRESS,,,,TIMEOUT,,,,,,,,,,,,,,,,,,,,,False,1
5to10Traces/0157.trace,5to10Traces,macro,1,UNSAT,,MACRO,,6,2,0,6,1,40,0,0,0,MIN_EXPANDED_SIZE,0,0,0.034762703,0.000539254,0.062313664,0.009210345,132.496785981,0.000299698,0.000438302,132.88383080400126,1104268.0,NOT_APPLICABLE_UNSAT,94531,671944,1561557,,6,13483,39,0,0.0,0,1,,1,WEIGHTED_MAXSAT,54,34,6,0.888261459,131.608524522,132.69116969,50,50,0.010043747,0,True,1
moreDetailedTest/0044.trace,moreDetailedTest,atlas-b,1,SAT,,ATLAS_B,,3,2,0,3,,,,,2,MIN_EXPANDED_SIZE,0,2,0.038769919,,,0.030707495,0.886940454,0.019641941,0.016843188,1.4248695520000183,179056.0,PASSED,6019,39378,121372,,5,1031,,,,,1,,1,,,,3,,,1.250752761,,,,,True,1
increasingNumVariables/0039.trace,increasingNumVariables,macro,1,TIMEOUT,,MACRO,,70,2,0,8,,,,,,MIN_EXPANDED_SIZE,,,0.041039529,,,,,,,360.0,1692100.0,IN_PROGRESS,,,,TIMEOUT,,,,,,,,,,,,,,,,,,,,,False,1
moreDetailedTest/0006.trace,moreDetailedTest,atlas-b,1,TIMEOUT,,ATLAS_B,,10,2,0,8,,,,,,MIN_EXPANDED_SIZE,,,0.03745428,,,,,,,360.0,3851264.0,IN_PROGRESS,,,,TIMEOUT,,,,,,,,,,,,,,,,,,,,,False,1
weakening/weaken_antecedent/weaken_antecedent_90_10_10.trace,weakening,atlas-b,1,TIMEOUT,,ATLAS_B,,10,2,0,8,,,,,,MIN_EXPANDED_SIZE,,,0.088210212,,,,,,,360.0,4458932.0,IN_PROGRESS,,,,TIMEOUT,,,,,,,,,,,,,,,,,,,,,False,1
weakening/weaken_antecedent/weaken_antecedent_90_10_10.trace,weakening,macro,1,SAT,,MACRO,,10,2,0,8,15,109,6,6,6,MIN_EXPANDED_SIZE,0,6,0.102817949,0.002080804,0.293440195,0.010958434,26.344916786,0.010734789,0.030230204,27.285001181999178,2005872.0,PASSED,112881,1413671,3806152,,8,66243,6,6,0.0,0,1,,1,WEIGHTED_MAXSAT,169,109,8,1.546315329,24.798601457,27.00786316,20,20,0.001319594,0,True,1
disjunctedExistence/0063.trace,disjunctedExistence,macro,1,TIMEOUT,,MACRO,,134,2,0,8,,,,,,MIN_EXPANDED_SIZE,,,0.034245998,,,,,,,360.0,5268880.0,IN_PROGRESS,,,,TIMEOUT,,,,,,,,,,,,,,,,,,,,,False,1
5to10Traces/0014.trace,5to10Traces,atlas-b,1,SAT,,ATLAS_B,,5,2,0,5,,,,,3,MIN_EXPANDED_SIZE,0,3,0.036271023,,,0.072195576,12.315859477,0.075655307,0.026440494,13.081229458999587,1719444.0,PASSED,67684,1265757,4020372,,7,21147,,,,,1,,1,,,,5,,,12.84747534,,,,,True,1
5to10Traces/0065.trace,5to10Traces,atlas-b,1,TIMEOUT,,ATLAS_B,,18,2,0,8,,,,,,MIN_EXPANDED_SIZE,,,0.034866076,,,,,,,360.0,8642860.0,IN_PROGRESS,,,,TIMEOUT,,,,,,,,,,,,,,,,,,,,,False,1
moreDetailedTest/0013.trace,moreDetailedTest,atlas-b,1,SAT,,ATLAS_B,,10,2,0,8,,,,,4,MIN_EXPANDED_SIZE,0,4,0.035684514,,,0.036181996,2.017341976,0.017013605,0.019371546,2.555403505999493,261860.0,PASSED,4809,82237,269611,,11,1120,,,,,1,,1,,,,8,,,2.393658236,,,,,True,1
moreDetailedTest/0015.trace,moreDetailedTest,macro,1,SAT,,MACRO,,5,2,0,5,1,32,1,1,3,MIN_EXPANDED_SIZE,0,3,0.037613023,0.000707738,0.024930529,0.009893143,10.522014531,0.004650599,0.016689357,11.165604310999697,1243076.0,PASSED,81544,813347,1619325,,5,16380,31,1,2.0,2,1,,1,WEIGHTED_MAXSAT,44,28,5,1.019721486,9.502293045,10.900337592,200,162,0.010342425,0,True,1
moreDetailedTest/0116.trace,moreDetailedTest,atlas-b,1,SAT,,ATLAS_B,,10,2,0,8,,,,,5,MIN_EXPANDED_SIZE,0,5,0.036764171,,,0.084125103,25.100891081,0.072248958,0.018138934,25.906818114999624,3166884.0,PASSED,71889,2224755,7303995,,11,24320,,,,,1,,1,,,,8,,,25.620879838,,,,,True,1
5to10Traces/0055.trace,5to10Traces,macro,1,TIMEOUT,,MACRO,,18,2,0,8,,,,,,MIN_EXPANDED_SIZE,,,0.044746375,,,,,,,360.0,3646880.0,IN_PROGRESS,,,,TIMEOUT,,,,,,,,,,,,,,,,,,,,,False,1
weakening/weaken_antecedent/weaken_antecedent_10_5_5.trace,weakening,macro,1,SAT,,MACRO,,10,2,0,8,15,109,6,6,6,MIN_EXPANDED_SIZE,0,6,0.079231656,0.002053354,0.029175138,0.007386985,13.804589598,0.009466389,0.010662631,14.230242771000121,840540.0,PASSED,86341,220085,640886,,8,10143,6,6,0.0,0,1,,1,WEIGHTED_MAXSAT,169,109,8,1.005211399,12.799378199,14.014353899,10,10,0.00116125,0,True,1
moreDetailedTest/0017.trace,moreDetailedTest,macro,1,SAT,,MACRO,,5,2,0,5,1,32,1,1,3,MIN_EXPANDED_SIZE,0,3,0.044769029,0.000672758,0.029555359,0.010471126,18.988425264,0.004345694,0.030631336,19.555878981000205,1736124.0,PASSED,87403,1005559,2017899,,5,19887,31,1,2.0,2,1,,1,WEIGHTED_MAXSAT,44,28,5,1.008919556,17.979505708,19.297079449,250,200,0.010545008,0,True,1
moreDetailedTest/0012.trace,moreDetailedTest,macro,1,TIMEOUT,,MACRO,,10,2,0,8,,,,,,MIN_EXPANDED_SIZE,,,0.034354325,,,,,,,360.0,1821536.0,IN_PROGRESS,,,,TIMEOUT,,,,,,,,,,,,,,,,,,,,,False,1
5to10Traces/0170.trace,5to10Traces,atlas-b,1,TIMEOUT,,ATLAS_B,,6,2,0,6,,,,,,MIN_EXPANDED_SIZE,,,0.036968496,,,,,,,360.0,2910212.0,IN_PROGRESS,,,,TIMEOUT,,,,,,,,,,,,,,,,,,,,,False,1
moreDetailedTest/0108.trace,moreDetailedTest,atlas-b,1,SAT,,ATLAS_B,,3,2,0,3,,,,,2,MIN_EXPANDED_SIZE,0,2,0.044586548,,,0.089778723,18.05629747,0.134742471,0.016528014,18.943341460000738,2425716.0,PASSED,151744,1613781,4998245,,5,40081,,,,,1,,1,,,,3,,,18.662861042,,,,,True,1
moreDetailedTest/0115.trace,moreDetailedTest,atlas-b,1,SAT,,ATLAS_B,,10,2,0,8,,,,,5,MIN_EXPANDED_SIZE,0,5,0.036637629,,,0.063544401,21.52152305,0.048087108,0.01862295,22.3310127069999,2669952.0,PASSED,60279,1855354,6091169,,11,20320,,,,,1,,1,,,,8,,,22.017721396,,,,,True,1
disjunctedExistence/0015.trace,disjunctedExistence,atlas-b,1,TIMEOUT,,ATLAS_B,,36,2,0,8,,,,,,MIN_EXPANDED_SIZE,,,0.042154561,,,,,,,360.0,3871876.0,IN_PROGRESS,,,,TIMEOUT,,,,,,,,,,,,,,,,,,,,,False,1
moreDetailedTest/0108.trace,moreDetailedTest,macro,1,SAT,,MACRO,,3,2,0,3,1,22,1,1,2,MIN_EXPANDED_SIZE,0,2,0.0361265,0.000784592,0.021984795,0.017786507,6.408040918,0.006602005,0.019835194,7.319797037000171,875528.0,PASSED,103736,480089,912515,,3,20550,21,1,1.0,1,1,,1,WEIGHTED_MAXSAT,24,5,2,1.876413849,4.531627069,7.096456913,800,494,0.02220903,2,True,1
equal/0011.trace,equal,atlas-b,1,SAT,,ATLAS_B,,5,2,0,5,,,,,3,MIN_EXPANDED_SIZE,0,3,0.034372981,,,0.08869155,12.405812945,0.03829349,0.020210715,13.524365386998397,1821672.0,PASSED,76966,1446245,4593786,,7,24147,,,,,1,,1,,,,5,,,13.282613878,,,,,True,1
increasingNumVariables/0039.trace,increasingNumVariables,atlas-b,1,TIMEOUT,,ATLAS_B,,70,2,0,8,,,,,,MIN_EXPANDED_SIZE,,,0.035245505,,,,,,,360.0,1476416.0,IN_PROGRESS,,,,TIMEOUT,,,,,,,,,,,,,,,,,,,,,False,1
weakening/weaken_antecedent/weaken_antecedent_10_25_25.trace,weakening,atlas-b,1,SAT,,ATLAS_B,,10,2,0,8,,,,,6,MIN_EXPANDED_SIZE,0,6,0.079561796,,,0.04888782,4.084790781,0.027936099,0.020871589,4.720871747998899,696904.0,PASSED,21184,433558,1466425,,11,10783,,,,,1,,1,,,,8,,,4.545695052,,,,,True,1
5to10Traces/0170.trace,5to10Traces,macro,1,TIMEOUT,,MACRO,,6,2,0,6,,,,,,MIN_EXPANDED_SIZE,,,0.032282211,,,,,,,360.0,3200388.0,IN_PROGRESS,,,,TIMEOUT,,,,,,,,,,,,,,,,,,,,,False,1
5to10Traces/0068.trace,5to10Traces,atlas-b,1,TIMEOUT,,ATLAS_B,,18,2,0,8,,,,,,MIN_EXPANDED_SIZE,,,0.035943951,,,,,,,360.0,703224.0,IN_PROGRESS,,,,TIMEOUT,,,,,,,,,,,,,,,,,,,,,False,1
increasingNumVariables/0005.trace,increasingNumVariables,atlas-b,1,SAT,,ATLAS_B,,10,2,0,8,,,,,5,MIN_EXPANDED_SIZE,0,5,0.035336772,,,0.057119929,6.66238949,0.017582044,0.029440093,7.272882860001118,892808.0,PASSED,20969,599397,1967566,,11,6720,,,,,1,,1,,,,8,,,7.080019882,,,,,True,1
equal/0001.trace,equal,macro,1,TIMEOUT,,MACRO,,10,2,0,8,,,,,,MIN_EXPANDED_SIZE,,,0.037148931,,,,,,,360.0,2338060.0,IN_PROGRESS,,,,TIMEOUT,,,,,,,,,,,,,,,,,,,,,False,1
disjunctedExistence/0000.trace,disjunctedExistence,macro,1,TIMEOUT,,MACRO,,36,2,0,8,,,,,,MIN_EXPANDED_SIZE,,,0.034929374,,,,,,,360.0,1053208.0,IN_PROGRESS,,,,TIMEOUT,,,,,,,,,,,,,,,,,,,,,False,1
equal/0001.trace,equal,atlas-b,1,TIMEOUT,,ATLAS_B,,10,2,0,8,,,,,,MIN_EXPANDED_SIZE,,,0.039616367,,,,,,,360.0,1968688.0,IN_PROGRESS,,,,TIMEOUT,,,,,,,,,,,,,,,,,,,,,False,1
5to10Traces/0106.trace,5to10Traces,macro,1,SAT,,MACRO,,3,2,0,3,1,22,1,1,2,MIN_EXPANDED_SIZE,0,2,0.038863231,0.000696079,0.019567294,0.015635386,4.684819634,0.004934704,0.016603844,5.3251882450003905,559100.0,PASSED,73331,309699,588747,,3,13314,21,1,1.0,1,1,,1,WEIGHTED_MAXSAT,24,5,2,1.217690932,3.467128702,5.133031323,450,319,0.014107005,2,True,1
baseTest/0035.trace,baseTest,atlas-b,1,SAT,,ATLAS_B,,3,2,0,3,,,,,2,MIN_EXPANDED_SIZE,0,2,0.034409038,,,0.054355873,1.661005057,0.01576798,0.015917935,2.2201134500010085,266076.0,PASSED,11792,101877,314978,,5,2581,,,,,1,,1,,,,3,,,2.05331905,,,,,True,1
peterson/constrained/liveness3.trace,peterson,atlas-b,1,SAT,,ATLAS_B,,18,2,0,8,,,,,5,MIN_EXPANDED_SIZE,0,5,0.121876725,,,0.056024889,25.964967312,0.021904198,0.017025355,26.845516776000295,3704956.0,PASSED,39153,2576539,9748733,,23,22257,,,,,1,,1,,,,8,,,26.481642869,,,,,True,1
moreDetailedTest/0044.trace,moreDetailedTest,macro,1,SAT,,MACRO,,3,2,0,3,1,22,1,1,2,MIN_EXPANDED_SIZE,0,2,0.035376355,0.000545565,0.032327112,0.003646809,1.103714502,0.004713878,0.011485783,1.4176852679993317,169852.0,PASSED,20662,19133,36227,,3,885,21,1,1.0,1,1,,1,WEIGHTED_MAXSAT,24,5,2,0.419749922,0.68396458,1.295044522,19,19,0.005405557,2,True,1
weakening/weaken_antecedent/weaken_antecedent_10_50_50.trace,weakening,macro,1,SAT,,MACRO,,10,2,0,8,15,109,6,6,6,MIN_EXPANDED_SIZE,0,6,0.094735535,0.002075897,0.026891733,0.009520009,20.669217871,0.00992677,0.02168684,21.32698926700141,1862740.0,PASSED,108641,880947,2239277,,8,36906,6,6,0.0,0,1,,1,WEIGHTED_MAXSAT,169,109,8,1.284559606,19.384658265,21.045187586,100,92,0.001035518,0,True,1
moreDetailedTest/0088.trace,moreDetailedTest,macro,1,TIMEOUT,,MACRO,,6,2,0,6,,,,,,MIN_EXPANDED_SIZE,,,0.036981635,,,,,,,360.0,2756024.0,IN_PROGRESS,,,,TIMEOUT,,,,,,,,,,,,,,,,,,,,,False,1
5to10Traces/0078.trace,5to10Traces,atlas-b,1,TIMEOUT,,ATLAS_B,,18,2,0,8,,,,,,MIN_EXPANDED_SIZE,,,0.036566126,,,,,,,360.0,3158256.0,IN_PROGRESS,,,,TIMEOUT,,,,,,,,,,,,,,,,,,,,,False,1
5to10Traces/0152.trace,5to10Traces,macro,1,SAT,,MACRO,,3,2,0,3,1,22,1,1,2,MIN_EXPANDED_SIZE,0,2,0.047001121,0.00074787,0.019085161,0.010929258,4.994212092,0.005613163,0.014604068,5.78916190199925,557584.0,PASSED,81366,342162,650317,,3,14700,21,1,1.0,1,1,,1,WEIGHTED_MAXSAT,24,5,2,1.33347747,3.660734622,5.57449153,500,354,0.013861488,2,True,1
weakening/weaken_antecedent/weaken_antecedent_35_10_10.trace,weakening,atlas-b,1,SAT,,ATLAS_B,,10,2,0,8,,,,,6,MIN_EXPANDED_SIZE,0,6,0.088268767,,,0.044004529,49.1119587,0.018349129,0.022289872,50.007542421000835,6934548.0,PASSED,25623,5766448,22233875,,11,32483,,,,,1,,1,,,,8,,,49.576454118,,,,,True,1
increasingNumVariables/0020.trace,increasingNumVariables,atlas-b,1,TIMEOUT,,ATLAS_B,,20,2,0,8,,,,,,MIN_EXPANDED_SIZE,,,0.032755684,,,,,,,360.0,917408.0,IN_PROGRESS,,,,TIMEOUT,,,,,,,,,,,,,,,,,,,,,False,1
increasingNumVariables/0029.trace,increasingNumVariables,atlas-b,1,TIMEOUT,,ATLAS_B,,37,2,0,8,,,,,,MIN_EXPANDED_SIZE,,,0.042210871,,,,,,,360.0,1033084.0,IN_PROGRESS,,,,TIMEOUT,,,,,,,,,,,,,,,,,,,,,False,1
5to10Traces/0014.trace,5to10Traces,macro,1,SAT,,MACRO,,5,2,0,5,1,32,1,1,3,MIN_EXPANDED_SIZE,0,3,0.033307742,0.000650297,0.035870581,0.010896632,16.059946479,0.004621864,0.01530763,16.707587052000235,2116388.0,PASSED,96236,1292471,2597699,,5,25326,31,1,2.0,2,1,,1,WEIGHTED_MAXSAT,44,28,5,1.28540856,14.774537919,16.435734298,350,255,0.01081293,0,True,1
equal/0020.trace,equal,macro,1,SAT,,MACRO,,18,2,0,8,1,58,3,3,6,MIN_EXPANDED_SIZE,0,6,0.035160082,0.000705989,0.072049271,0.02425194,61.433632963,0.943441288,0.023612313,64.58260168400011,1741260.0,PASSED,70224,919887,1943189,,8,17465,57,3,1.0,2,1,,1,WEIGHTED_MAXSAT,174,36,8,0.974063019,60.459569944,63.502117443,100,100,0.017190051,0,True,1
baseTest/0036.trace,baseTest,macro,1,TIMEOUT,,MACRO,,10,2,0,8,,,,,,MIN_EXPANDED_SIZE,,,0.034872854,,,,,,,360.0,7198520.0,IN_PROGRESS,,,,TIMEOUT,,,,,,,,,,,,,,,,,,,,,False,1
equal/0014.trace,equal,atlas-b,1,SAT,,ATLAS_B,,5,2,0,5,,,,,3,MIN_EXPANDED_SIZE,0,3,0.033283954,,,0.033094618,0.737544465,0.03425391,0.016820162,1.29416017100084,160412.0,PASSED,4354,38396,121118,,7,747,,,,,1,,1,,,,5,,,1.126779437,,,,,True,1
5to10Traces/0108.trace,5to10Traces,macro,1,SAT,,MACRO,,3,2,0,3,1,22,1,1,2,MIN_EXPANDED_SIZE,0,2,0.041902695,0.000699089,0.018192398,0.009138405,4.892167008,0.004752497,0.01227421,5.569829545000175,549120.0,PASSED,77773,335774,638904,,3,14457,21,1,1.0,1,1,,1,WEIGHTED_MAXSAT,24,5,2,1.200973639,3.691193369,5.370959076,500,347,0.00968859,2,True,1
increasingNumVariables/0005.trace,increasingNumVariables,macro,1,SAT,,MACRO,,10,2,0,8,1,42,3,3,5,MIN_EXPANDED_SIZE,0,5,0.033670734,0.000657368,0.055959522,0.00855379,23.870104107,0.006632579,0.011616812,24.42959717099984,1152032.0,PASSED,66961,739588,1570282,,8,14264,41,2,0.6666666666666666,1,1,,1,WEIGHTED_MAXSAT,94,36,8,0.793823986,23.076280121,24.179577617,80,80,0.009888816,0,True,1
5to10Traces/0137.trace,5to10Traces,atlas-b,1,SAT,,ATLAS_B,,3,2,0,3,,,,,2,MIN_EXPANDED_SIZE,0,2,0.035486373,,,0.039768948,4.008583041,0.014102459,0.014354535,4.549852105001264,774008.0,PASSED,16909,493049,1692208,,5,7881,,,,,1,,1,,,,3,,,4.379283465,,,,,True,1
peterson/extra_traces/safety1.trace,peterson,atlas-b,1,SAT,,ATLAS_B,,18,2,0,8,,,,,5,MIN_EXPANDED_SIZE,0,5,0.102903364,,,0.057563155,35.980885835,0.02162163,0.02532214,36.881664514001386,4554960.0,PASSED,49595,3402698,12906378,,23,29297,,,,,1,,1,,,,8,,,36.516947869,,,,,True,1
5to10Traces/0022.trace,5to10Traces,macro,1,SAT,,MACRO,,10,2,0,8,1,42,2,3,3,MIN_EXPANDED_SIZE,0,3,0.035852223,0.000517134,0.039414899,0.004392398,2.888189966,0.006726101,0.012615429,3.2575171730004513,276172.0,PASSED,25695,108649,242455,,8,3242,41,2,0.3333333333333333,1,1,,1,WEIGHTED_MAXSAT,94,36,8,0.505113393,2.383076573,3.082978827,10,10,0.010594985,0,True,1
moreDetailedTest/0086.trace,moreDetailedTest,macro,1,UNSAT,,MACRO,,6,2,0,6,1,34,0,0,0,MIN_EXPANDED_SIZE,0,0,0.034498266,0.000520614,0.033706945,0.006683449,17.811981091,0.000406881,0.000431631,18.102251484999215,453352.0,NOT_APPLICABLE_UNSAT,43340,146864,307813,,6,3541,33,0,0.0,0,1,,1,WEIGHTED_MAXSAT,54,32,6,0.571523597,17.240457494,17.946376659,20,20,0.011823958,0,True,1
moreDetailedTest/0001.trace,moreDetailedTest,atlas-b,1,TIMEOUT,,ATLAS_B,,10,2,0,8,,,,,,MIN_EXPANDED_SIZE,,,0.035781331,,,,,,,360.0,1936336.0,IN_PROGRESS,,,,TIMEOUT,,,,,,,,,,,,,,,,,,,,,False,1
5to10Traces/0035.trace,5to10Traces,atlas-b,1,TIMEOUT,,ATLAS_B,,10,2,0,8,,,,,,MIN_EXPANDED_SIZE,,,0.041479632,,,,,,,360.0,8638332.0,IN_PROGRESS,,,,TIMEOUT,,,,,,,,,,,,,,,,,,,,,False,1
baseTest/0016.trace,baseTest,macro,1,SAT,,MACRO,,18,2,0,8,1,58,3,3,6,MIN_EXPANDED_SIZE,0,6,0.034892904,0.00075286,0.061149993,0.010768021,56.032463373,0.006211613,0.013091168,56.54509853899981,1458948.0,PASSED,60929,825093,1752375,,8,15782,57,3,1.0,1,1,,1,WEIGHTED_MAXSAT,174,36,8,0.774413899,55.258049474,56.29818558,87,87,0.009321812,0,True,1
moreDetailedTest/0036.trace,moreDetailedTest,macro,1,TIMEOUT,,MACRO,,18,2,0,8,,,,,,MIN_EXPANDED_SIZE,,,0.038641031,,,,,,,360.0,5001960.0,IN_PROGRESS,,,,TIMEOUT,,,,,,,,,,,,,,,,,,,,,False,1
5to10Traces/0025.trace,5to10Traces,macro,1,TIMEOUT,,MACRO,,10,2,0,8,,,,,,MIN_EXPANDED_SIZE,,,0.035456679,,,,,,,360.0,1769096.0,IN_PROGRESS,,,,TIMEOUT,,,,,,,,,,,,,,,,,,,,,False,1
moreDetailedTest/0058.trace,moreDetailedTest,atlas-b,1,SAT,,ATLAS_B,,18,2,0,8,,,,,6,MIN_EXPANDED_SIZE,0,6,0.034569358,,,0.044260647,14.574734903,0.017334375,0.016545904,15.11368430100083,311428.0,PASSED,7109,156117,512176,,11,1920,,,,,1,,1,,,,8,,,14.96120987,,,,,True,1
moreDetailedTest/0006.trace,moreDetailedTest,macro,1,TIMEOUT,,MACRO,,10,2,0,8,,,,,,MIN_EXPANDED_SIZE,,,0.042443838,,,,,,,360.0,3735220.0,IN_PROGRESS,,,,TIMEOUT,,,,,,,,,,,,,,,,,,,,,False,1
voting_machine/voting10.trace,voting_machine,atlas-b,1,SAT,,ATLAS_B,,13,2,0,8,,,,,4,MIN_EXPANDED_SIZE,0,4,0.06076118,,,0.038409691,6.768921702,0.020825579,0.013355549,7.392080935000195,602476.0,PASSED,12190,336309,1196825,,18,6162,,,,,1,,1,,,,8,,,7.195712895,,,,,True,1
5to10Traces/0106.trace,5to10Traces,atlas-b,1,SAT,,ATLAS_B,,3,2,0,3,,,,,2,MIN_EXPANDED_SIZE,0,2,0.038226046,,,0.076733089,9.470890042,0.100786775,0.019723699,10.254189063000013,1378528.0,PASSED,86384,908233,2812717,,5,22581,,,,,1,,1,,,,3,,,10.020126861,,,,,True,1
5to10Traces/0105.trace,5to10Traces,macro,1,SAT,,MACRO,,3,2,0,3,1,22,1,1,2,MIN_EXPANDED_SIZE,0,2,0.038653347,0.000691159,0.039242343,0.013748249,4.641643524,0.004504251,0.012372992,5.200390908001282,589416.0,PASSED,87282,368213,814739,,3,18381,21,1,1.0,1,1,,1,WEIGHTED_MAXSAT,24,5,2,1.270997989,3.370645535,5.004496301,210,210,0.009897135,2,True,1
moreDetailedTest/0086.trace,moreDetailedTest,atlas-b,1,UNSAT,,ATLAS_B,,6,2,0,6,,,,,0,MIN_EXPANDED_SIZE,0,0,0.033142489,,,0.05662492,30.664946099,0.0,0.0,31.169175979999636,286824.0,NOT_APPLICABLE_UNSAT,7108,104004,335873,,9,1622,,,,,1,,1,,,,6,,,31.024874928,,,,,True,1
peterson/constrained/safety3.trace,peterson,macro,1,SAT,,MACRO,,18,2,0,8,5,67,4,4,5,MIN_EXPANDED_SIZE,0,5,0.097251739,0.00185059,0.083011838,0.011271193,4.598099285,0.009673469,0.01342386,5.121773918999679,609324.0,PASSED,52637,272021,911621,,8,10873,10,4,0.25,1,1,,1,WEIGHTED_MAXSAT,67,67,8,0.818601888,3.779497397,4.951076418,12,12,0.000338299,0,True,1
5to10Traces/0065.trace,5to10Traces,macro,1,TIMEOUT,,MACRO,,18,2,0,8,,,,,,MIN_EXPANDED_SIZE,,,0.045640615,,,,,,,360.0,5925164.0,IN_PROGRESS,,,,TIMEOUT,,,,,,,,,,,,,,,,,,,,,False,1
moreDetailedTest/0036.trace,moreDetailedTest,atlas-b,1,TIMEOUT,,ATLAS_B,,18,2,0,8,,,,,,MIN_EXPANDED_SIZE,,,0.037960439,,,,,,,360.0,5398556.0,IN_PROGRESS,,,,TIMEOUT,,,,,,,,,,,,,,,,,,,,,False,1
5to10Traces/0094.trace,5to10Traces,macro,1,SAT,,MACRO,,3,2,0,3,1,22,1,1,2,MIN_EXPANDED_SIZE,0,2,0.031661672,0.000695489,0.02033123,0.006363685,2.555769118,0.004836454,0.024843904,2.960348018001241,275236.0,PASSED,42035,120521,227556,,3,5223,21,1,1.0,1,1,,1,WEIGHTED_MAXSAT,24,5,2,0.733767386,1.822001732,2.824555959,150,126,0.008236597,2,True,1
moreDetailedTest/0116.trace,moreDetailedTest,macro,1,SAT,,MACRO,,10,2,0,8,1,42,3,3,5,MIN_EXPANDED_SIZE,0,5,0.032981578,0.000635698,0.050713457,0.015399024,154.868313879,0.005731244,0.028165228,155.77434688799985,3227720.0,PASSED,121583,2700296,5708075,,8,48650,41,2,0.6666666666666666,1,1,,1,WEIGHTED_MAXSAT,94,36,8,1.645869511,153.222444368,155.410680689,300,299,0.013308027,0,True,1
5to10Traces/0022.trace,5to10Traces,atlas-b,1,SAT,,ATLAS_B,,10,2,0,8,,,,,3,MIN_EXPANDED_SIZE,0,3,0.035516665,,,0.037420407,1.172189588,0.015867016,0.021800727,1.7231571869997424,257252.0,PASSED,4809,82237,269611,,11,1120,,,,,1,,1,,,,8,,,1.56386312,,,,,True,1
increasingNumVariables/0032.trace,increasingNumVariables,atlas-b,1,TIMEOUT,,ATLAS_B,,70,2,0,8,,,,,,MIN_EXPANDED_SIZE,,,0.031767715,,,,,,,360.0,486404.0,IN_PROGRESS,,,,TIMEOUT,,,,,,,,,,,,,,,,,,,,,False,1
5to10Traces/0140.trace,5to10Traces,atlas-b,1,SAT,,ATLAS_B,,3,2,0,3,,,,,2,MIN_EXPANDED_SIZE,0,2,0.030613803,,,0.062019337,3.949761448,0.037210473,0.018616776,4.524965206999923,704892.0,PASSED,39684,404249,1251608,,5,10081,,,,,1,,1,,,,3,,,4.368632727,,,,,True,1
weakening/weaken_antecedent/weaken_antecedent_10_65_65.trace,weakening,macro,1,SAT,,MACRO,,10,2,0,8,15,109,6,6,6,MIN_EXPANDED_SIZE,0,6,0.075062895,0.003762627,0.040733466,0.01196031,22.567531385,0.00908716,0.019954989,23.15615208099996,1877328.0,PASSED,117331,1149900,2890118,,8,47796,6,6,0.0,0,1,,1,WEIGHTED_MAXSAT,169,109,8,1.445188631,21.122342754,22.945043608,130,125,0.001224152,0,True,1
5to10Traces/0140.trace,5to10Traces,macro,1,SAT,,MACRO,,3,2,0,3,1,22,1,1,2,MIN_EXPANDED_SIZE,0,2,0.0461914,0.000633077,0.027755644,0.006588432,2.719997017,0.004101553,0.008791522,3.244038041999943,373164.0,PASSED,51249,158947,300206,,3,6825,21,1,1.0,1,1,,1,WEIGHTED_MAXSAT,24,5,2,0.74846652,1.971530497,3.078702674,200,167,0.010268853,2,True,1
5to10Traces/0145.trace,5to10Traces,macro,1,SAT,,MACRO,,3,2,0,3,1,22,1,1,2,MIN_EXPANDED_SIZE,0,2,0.033858741,0.00071496,0.046950332,0.008732321,3.967994139,0.004217026,0.017529652,4.6136178799999925,492956.0,PASSED,76094,268628,593600,,3,13404,21,1,1.0,1,1,,1,WEIGHTED_MAXSAT,24,5,2,1.20176199,2.766232149,4.441302689,154,154,0.00871927,2,True,1
moreDetailedTest/0031.trace,moreDetailedTest,atlas-b,1,TIMEOUT,,ATLAS_B,,18,2,0,8,,,,,,MIN_EXPANDED_SIZE,,,0.038059777,,,,,,,360.0,2369644.0,IN_PROGRESS,,,,TIMEOUT,,,,,,,,,,,,,,,,,,,,,False,1
baseTest/0009.trace,baseTest,macro,1,SAT,,MACRO,,5,2,0,5,1,32,1,1,3,MIN_EXPANDED_SIZE,0,3,0.033282143,0.003549821,0.024526839,0.008803396,7.779895652,0.004087265,0.00894381,8.172383403000026,887360.0,PASSED,67094,514588,1038081,,5,10458,31,1,2.0,2,1,,1,WEIGHTED_MAXSAT,44,28,5,0.778484563,7.001411089,7.991460526,100,99,0.007434361,0,True,1
disjunctedExistence/0069.trace,disjunctedExistence,atlas-b,1,TIMEOUT,,ATLAS_B,,134,2,0,8,,,,,,MIN_EXPANDED_SIZE,,,0.049039417,,,,,,,360.0,4430072.0,IN_PROGRESS,,,,TIMEOUT,,,,,,,,,,,,,,,,,,,,,False,1
moreDetailedTest/0023.trace,moreDetailedTest,atlas-b,1,SAT,,ATLAS_B,,5,2,0,5,,,,,3,MIN_EXPANDED_SIZE,0,3,0.043484183,,,0.093916256,24.606406828,0.082590784,0.023819165,25.483320310999943,3325276.0,PASSED,133054,2529219,8034321,,7,42147,,,,,1,,1,,,,5,,,25.190935068,,,,,True,1
5to10Traces/0189.trace,5to10Traces,atlas-b,1,SAT,,ATLAS_B,,10,2,0,8,,,,,5,MIN_EXPANDED_SIZE,0,5,0.037479418,,,0.055391531,55.781447567,0.033908417,0.018233547,56.65053021400013,5838692.0,PASSED,66288,4879139,16740070,,11,36860,,,,,1,,1,,,,8,,,56.249005062,,,,,True,1
moreDetailedTest/0098.trace,moreDetailedTest,atlas-b,1,TIMEOUT,,ATLAS_B,,6,2,0,6,,,,,,MIN_EXPANDED_SIZE,,,0.03438646,,,,,,,360.0,978064.0,IN_PROGRESS,,,,TIMEOUT,,,,,,,,,,,,,,,,,,,,,False,1
5to10Traces/0104.trace,5to10Traces,macro,1,SAT,,MACRO,,3,2,0,3,1,22,1,1,2,MIN_EXPANDED_SIZE,0,2,0.04075426,0.000701599,0.01938163,0.008959556,4.326401663,0.004416837,0.011087701,4.828492632999996,559324.0,PASSED,68335,276981,526696,,3,11901,21,1,1.0,1,1,,1,WEIGHTED_MAXSAT,24,5,2,1.129502601,3.196899062,4.64186644,400,288,0.010688351,2,True,1
moreDetailedTest/0023.trace,moreDetailedTest,macro,1,SAT,,MACRO,,5,2,0,5,1,32,1,1,3,MIN_EXPANDED_SIZE,0,3,0.040430512,0.00073831,0.030126322,0.013867855,43.77119634,0.004517931,0.023213483,44.504434907999894,2881952.0,PASSED,127520,2327073,4693148,,5,44898,31,1,2.0,2,1,,1,WEIGHTED_MAXSAT,44,28,5,2.340411352,41.430784988,44.254390162,700,451,0.015717332,0,True,1
equal/0040.trace,equal,atlas-b,1,SAT,,ATLAS_B,,10,2,0,8,,,,,5,MIN_EXPANDED_SIZE,0,5,0.045997105,,,0.131945252,105.962149433,0.138512911,0.024944921,107.10868512299999,7961896.0,PASSED,234289,7396352,24283543,,11,80320,,,,,1,,1,,,,8,,,106.648636237,,,,,True,1
5to10Traces/0082.trace,5to10Traces,macro,1,TIMEOUT,,MACRO,,18,2,0,8,,,,,,MIN_EXPANDED_SIZE,,,0.038590293,,,,,,,360.0,3842888.0,IN_PROGRESS,,,,TIMEOUT,,,,,,,,,,,,,,,,,,,,,False,1
increasingNumVariables/0004.trace,increasingNumVariables,macro,1,SAT,,MACRO,,10,2,0,8,1,42,3,3,5,MIN_EXPANDED_SIZE,0,5,0.033093728,0.000686048,0.039644791,0.007369995,12.652773848,0.0060116,0.01132825,13.074897183999838,984708.0,PASSED,61067,653702,1392772,,8,12746,41,2,0.6666666666666666,1,1,,1,WEIGHTED_MAXSAT,94,36,8,0.788531734,11.864242114,12.883479877,70,70,0.019661902,0,True,1
voting_machine/voting7.trace,voting_machine,macro,1,SAT,,MACRO,,13,2,0,8,4,69,4,4,4,MIN_EXPANDED_SIZE,0,4,0.054145546,0.000858713,0.055104502,0.014488864,3.87488437,0.006327728,0.011806243,4.267874292999977,457060.0,PASSED,53291,162919,437219,,8,7160,10,3,0.0,0,1,,1,WEIGHTED_MAXSAT,69,69,8,0.793893205,3.080991165,4.122398015,14,14,0.012282266,0,True,1
robot/RAtrace/final44.trace,robot,macro,1,SAT,,MACRO,,2050,2,6,14,2,14,8,8,9,REPAIR,5,9,0.043217837,0.000698079,0.043747671,0.013136128,5.680788401,0.01163976,0.029322779,6.133647850999978,611592.0,PASSED,19786,364171,986537,,14,13331,6,3,0.125,1,2,,2,WEIGHTED_MAXSAT,22,14,16,0.653738999,5.027049402,5.945862205,7,7,0.000486083,0,True,1
weakening/weaken_antecedent/weaken_antecedent_10_85_85.trace,weakening,atlas-b,1,SAT,,ATLAS_B,,10,2,0,8,,,,,6,MIN_EXPANDED_SIZE,0,6,0.092342475,,,0.055074044,12.764069361,0.034515158,0.019605211,13.518669988000056,1957688.0,PASSED,65104,1449587,4925425,,11,35983,,,,,1,,1,,,,8,,,13.286082635,,,,,True,1
5to10Traces/0159.trace,5to10Traces,atlas-b,1,TIMEOUT,,ATLAS_B,,6,2,0,6,,,,,,MIN_EXPANDED_SIZE,,,0.04740911,,,,,,,360.0,2492220.0,IN_PROGRESS,,,,TIMEOUT,,,,,,,,,,,,,,,,,,,,,False,1
5to10Traces/0027.trace,5to10Traces,macro,1,TIMEOUT,,MACRO,,10,2,0,8,,,,,,MIN_EXPANDED_SIZE,,,0.036722861,,,,,,,360.0,2804736.0,IN_PROGRESS,,,,TIMEOUT,,,,,,,,,,,,,,,,,,,,,False,1
peterson/constrained/safety1.trace,peterson,macro,1,SAT,,MACRO,,18,2,0,8,5,67,4,4,5,MIN_EXPANDED_SIZE,0,5,0.089659185,0.000926875,0.074492361,0.015658337,4.688072842,0.01842085,0.014797524,5.203213324000217,617980.0,PASSED,55394,274770,922914,,8,10840,10,4,0.25,1,1,,1,WEIGHTED_MAXSAT,67,67,8,0.781419528,3.906653314,5.028157088,12,12,0.000314478,0,True,1
baseTest/0012.trace,baseTest,macro,1,TIMEOUT,,MACRO,,5,2,0,5,,,,,,MIN_EXPANDED_SIZE,,,0.03347229,,,,,,,360.0,4446228.0,IN_PROGRESS,,,,TIMEOUT,,,,,,,,,,,,,,,,,,,,,False,1
5to10Traces/0066.trace,5to10Traces,macro,1,SAT,,MACRO,,18,2,0,8,1,58,1,1,2,MIN_EXPANDED_SIZE,0,2,0.03515639,0.000529494,0.058157145,0.00300614,0.870641474,0.003947555,0.016714777,1.2506315919999906,145888.0,PASSED,14233,11229,21561,,8,554,57,1,1.0,1,1,,1,WEIGHTED_MAXSAT,174,5,2,0.318642428,0.551999046,1.071582046,10,10,0.007502861,2,True,1
weakening/weaken_antecedent/weaken_antecedent_10_85_85.trace,weakening,macro,1,SAT,,MACRO,,10,2,0,8,15,109,6,6,6,MIN_EXPANDED_SIZE,0,6,0.090747886,0.002112097,0.034581435,0.01084743,28.555467029,0.010924342,0.03928323,29.278010043999984,2086028.0,PASSED,125872,1435279,3580449,,8,59346,6,6,0.0,0,1,,1,WEIGHTED_MAXSAT,169,109,8,1.632027457,26.923439572,28.994372741,170,160,0.001063118,0,True,1
5to10Traces/0033.trace,5to10Traces,atlas-b,1,TIMEOUT,,ATLAS_B,,10,2,0,8,,,,,,MIN_EXPANDED_SIZE,,,0.03891817,,,,,,,360.0,7684380.0,IN_PROGRESS,,,,TIMEOUT,,,,,,,,,,,,,,,,,,,,,False,1
peterson/extra_traces/safety3.trace,peterson,macro,1,SAT,,MACRO,,18,2,0,8,5,67,4,4,5,MIN_EXPANDED_SIZE,0,5,0.093025286,0.001046008,0.076581138,0.010019787,5.996560932,0.009881483,0.013473489,6.5183341090000795,585068.0,PASSED,61425,332136,1095564,,8,13018,10,4,0.25,1,1,,1,WEIGHTED_MAXSAT,67,67,8,0.968694301,5.027866631,6.352144906,16,16,0.000329888,0,True,1
disjunctedExistence/0070.trace,disjunctedExistence,macro,1,TIMEOUT,,MACRO,,134,2,0,8,,,,,,MIN_EXPANDED_SIZE,,,0.033616605,,,,,,,360.0,9118088.0,IN_PROGRESS,,,,TIMEOUT,,,,,,,,,,,,,,,,,,,,,False,1
5to10Traces/0046.trace,5to10Traces,macro,1,SAT,,MACRO,,18,2,0,8,1,58,3,3,6,MIN_EXPANDED_SIZE,0,6,0.034757025,0.00073678,0.054621522,0.00678305,18.922713788,0.005683311,0.013448638,19.397464044000117,867940.0,PASSED,57672,465958,992712,,8,9578,57,3,1.0,2,1,,1,WEIGHTED_MAXSAT,174,36,8,0.735912302,18.186801486,19.175609314,50,50,0.009335258,0,True,1
moreDetailedTest/0063.trace,moreDetailedTest,macro,1,TIMEOUT,,MACRO,,18,2,0,8,,,,,,MIN_EXPANDED_SIZE,,,0.03797176,,,,,,,360.0,4278416.0,IN_PROGRESS,,,,TIMEOUT,,,,,,,,,,,,,,,,,,,,,False,1
equal/0031.trace,equal,atlas-b,1,SAT,,ATLAS_B,,3,2,0,3,,,,,2,MIN_EXPANDED_SIZE,0,2,0.033645246,,,0.062591089,6.409861097,0.050002728,0.014372254,7.049328763000176,1131680.0,PASSED,58300,605846,1876052,,5,15081,,,,,1,,1,,,,3,,,6.871440673,,,,,True,1
moreDetailedTest/0007.trace,moreDetailedTest,atlas-b,1,TIMEOUT,,ATLAS_B,,10,2,0,8,,,,,,MIN_EXPANDED_SIZE,,,0.034909586,,,,,,,360.0,4290720.0,IN_PROGRESS,,,,TIMEOUT,,,,,,,,,,,,,,,,,,,,,False,1
moreDetailedTest/0070.trace,moreDetailedTest,atlas-b,1,TIMEOUT,,ATLAS_B,,18,2,0,8,,,,,,MIN_EXPANDED_SIZE,,,0.037206028,,,,,,,360.0,1604760.0,IN_PROGRESS,,,,TIMEOUT,,,,,,,,,,,,,,,,,,,,,False,1
baseTest/0009.trace,baseTest,atlas-b,1,SAT,,ATLAS_B,,5,2,0,5,,,,,3,MIN_EXPANDED_SIZE,0,3,0.034988003,,,0.041853274,3.953623975,0.033357571,0.018279832,4.544985471000018,661000.0,PASSED,21076,363293,1153326,,7,6147,,,,,1,,1,,,,5,,,4.379431603,,,,,True,1
moreDetailedTest/0085.trace,moreDetailedTest,macro,1,TIMEOUT,,MACRO,,6,2,0,6,,,,,,MIN_EXPANDED_SIZE,,,0.03636047,,,,,,,360.0,2069404.0,IN_PROGRESS,,,,TIMEOUT,,,,,,,,,,,,,,,,,,,,,False,1
robot/RAtrace/final45.trace,robot,macro,1,SAT,,MACRO,,2050,2,6,14,2,14,8,8,9,REPAIR,5,9,0.046137031,0.000719739,0.043079521,0.007734373,6.029625671,0.010821314,0.969487763,7.497137417999966,648544.0,PASSED,21970,405850,1100790,,14,14870,6,3,0.125,1,2,,2,WEIGHTED_MAXSAT,22,14,16,0.633924024,5.395701647,7.292052753,10,9,0.00038119,0,True,1
5to10Traces/0024.trace,5to10Traces,macro,1,TIMEOUT,,MACRO,,10,2,0,8,,,,,,MIN_EXPANDED_SIZE,,,0.033954352,,,,,,,360.0,912440.0,IN_PROGRESS,,,,TIMEOUT,,,,,,,,,,,,,,,,,,,,,False,1
5to10Traces/0101.trace,5to10Traces,atlas-b,1,SAT,,ATLAS_B,,3,2,0,3,,,,,2,MIN_EXPANDED_SIZE,0,2,0.043306921,,,0.057649876,11.757277483,0.019545791,0.014619812,12.438389658999768,1992716.0,PASSED,46759,1514837,5200980,,5,24081,,,,,1,,1,,,,3,,,12.212153069,,,,,True,1
weakening/weaken_antecedent/weaken_antecedent_40_10_10.trace,weakening,macro,1,SAT,,MACRO,,10,2,0,8,15,109,6,6,6,MIN_EXPANDED_SIZE,0,6,0.086788178,0.006698134,0.108819743,0.009397906,17.431306588,0.554021346,0.024268614,18.61480177200019,1666340.0,PASSED,98212,718631,1951112,,8,33243,6,6,0.0,0,1,,1,WEIGHTED_MAXSAT,169,109,8,1.12216089,16.309145698,18.384815742,20,20,0.001056968,0,True,1
moreDetailedTest/0070.trace,moreDetailedTest,macro,1,TIMEOUT,,MACRO,,18,2,0,8,,,,,,MIN_EXPANDED_SIZE,,,0.03289093,,,,,,,360.0,2014464.0,IN_PROGRESS,,,,TIMEOUT,,,,,,,,,,,,,,,,,,,,,False,1
5to10Traces/0080.trace,5to10Traces,macro,1,TIMEOUT,,MACRO,,18,2,0,8,,,,,,MIN_EXPANDED_SIZE,,,0.039840509,,,,,,,360.0,3503044.0,IN_PROGRESS,,,,TIMEOUT,,,,,,,,,,,,,,,,,,,,,False,1
baseTest/0022.trace,baseTest,atlas-b,1,TIMEOUT,,ATLAS_B,,6,2,0,6,,,,,,MIN_EXPANDED_SIZE,,,0.041633775,,,,,,,360.0,2759392.0,IN_PROGRESS,,,,TIMEOUT,,,,,,,,,,,,,,,,,,,,,False,1
5to10Traces/0034.trace,5to10Traces,atlas-b,1,TIMEOUT,,ATLAS_B,,10,2,0,8,,,,,,MIN_EXPANDED_SIZE,,,0.042240445,,,,,,,360.0,3171116.0,IN_PROGRESS,,,,TIMEOUT,,,,,,,,,,,,,,,,,,,,,False,1
5to10Traces/0109.trace,5to10Traces,atlas-b,1,SAT,,ATLAS_B,,3,2,0,3,,,,,2,MIN_EXPANDED_SIZE,0,2,0.037550902,,,0.092103668,22.520962965,0.039737558,0.014888759,23.372286902999804,3436952.0,PASSED,76391,2527164,8677310,,5,40131,,,,,1,,1,,,,3,,,23.026533698,,,,,True,1
baseTest/0040.trace,baseTest,atlas-b,1,ERROR,,ATLAS_B,,10,2,0,8,,,,,,MIN_EXPANDED_SIZE,,,0.041982056,,,,,,,360.0,1746628.0,FAILED,,,,"ErrorType: Translation capacity exceeded.
In this scope, universe contains 5051 atoms
and relations of arity 3 cannot be represented.
Visit http://alloy.mit.edu/ for advice on refactoring.",,,,,,,,,,,,,,,,31.275002067,,,,,False,1
moreDetailedTest/0063.trace,moreDetailedTest,atlas-b,1,TIMEOUT,,ATLAS_B,,18,2,0,8,,,,,,MIN_EXPANDED_SIZE,,,0.046487047,,,,,,,360.0,4566848.0,IN_PROGRESS,,,,TIMEOUT,,,,,,,,,,,,,,,,,,,,,False,1
robot/RAtrace/final45.trace,robot,atlas-b,1,SAT,,ATLAS_B,,2050,2,6,14,,,,,9,REPAIR,5,9,0.038583501,,,0.046908955,57.831213461,0.018435937,0.018645212,58.58734307699979,4934052.0,PASSED,10229,3078320,11769167,,23,19642,,,,,2,,2,,,,16,,,58.228787383,,,,,True,1
baseTest/0022.trace,baseTest,macro,1,TIMEOUT,,MACRO,,6,2,0,6,,,,,,MIN_EXPANDED_SIZE,,,0.039051122,,,,,,,360.0,3031628.0,IN_PROGRESS,,,,TIMEOUT,,,,,,,,,,,,,,,,,,,,,False,1
equal/0031.trace,equal,macro,1,SAT,,MACRO,,3,2,0,3,1,22,1,1,2,MIN_EXPANDED_SIZE,0,2,0.037275526,0.000647657,0.028328175,0.008296734,3.542970703,0.004286316,0.010295208,4.043039731000135,460420.0,PASSED,59996,216317,411101,,3,9318,21,1,1.0,1,1,,1,WEIGHTED_MAXSAT,24,5,2,0.935043489,2.607927214,3.872700843,300,222,0.013929116,2,True,1
moreDetailedTest/0046.trace,moreDetailedTest,macro,1,SAT,,MACRO,,3,2,0,3,1,22,1,1,2,MIN_EXPANDED_SIZE,0,2,0.045777676,0.000700719,0.022873778,0.014002049,3.590395242,0.004209094,0.024222354,4.220537712000805,459872.0,PASSED,59052,218245,414114,,3,9381,21,1,1.0,1,1,,1,WEIGHTED_MAXSAT,24,5,2,0.882946972,2.70744827,4.014635414,300,228,0.014331317,2,True,1
5to10Traces/0143.trace,5to10Traces,atlas-b,1,SAT,,ATLAS_B,,3,2,0,3,,,,,2,MIN_EXPANDED_SIZE,0,2,0.034933133,,,0.053992298,11.021318979,0.024039939,0.014755699,11.682977258000392,1721672.0,PASSED,38459,1231007,4226425,,5,19581,,,,,1,,1,,,,3,,,11.44517721,,,,,True,1
moreDetailedTest/0119.trace,moreDetailedTest,atlas-b,1,SAT,,ATLAS_B,,10,2,0,8,,,,,5,MIN_EXPANDED_SIZE,0,5,0.041544211,,,0.094257314,53.332300484,0.103259907,0.029828556,54.299860861000525,4746916.0,PASSED,118289,3702356,12155295,,11,40320,,,,,1,,1,,,,8,,,53.924509129,,,,,True,1
increasingNumVariables/0048.trace,increasingNumVariables,atlas-b,1,TIMEOUT,,ATLAS_B,,264,2,0,8,,,,,,MIN_EXPANDED_SIZE,,,0.033455563,,,,,,,360.0,572424.0,IN_PROGRESS,,,,TIMEOUT,,,,,,,,,,,,,,,,,,,,,False,1
moreDetailedTest/0068.trace,moreDetailedTest,atlas-b,1,TIMEOUT,,ATLAS_B,,18,2,0,8,,,,,,MIN_EXPANDED_SIZE,,,0.035846122,,,,,,,360.0,1015944.0,IN_PROGRESS,,,,TIMEOUT,,,,,,,,,,,,,,,,,,,,,False,1
equal/0042.trace,equal,atlas-b,1,SAT,,ATLAS_B,,10,2,0,8,,,,,4,MIN_EXPANDED_SIZE,0,4,0.040604032,,,0.039552023,1.284767504,0.021504113,0.019274543,1.8436511310001151,257024.0,PASSED,4809,82237,269611,,11,1120,,,,,1,,1,,,,8,,,1.679910311,,,,,True,1
5to10Traces/0059.trace,5to10Traces,atlas-b,1,TIMEOUT,,ATLAS_B,,18,2,0,8,,,,,,MIN_EXPANDED_SIZE,,,0.037044095,,,,,,,360.0,6836320.0,IN_PROGRESS,,,,TIMEOUT,,,,,,,,,,,,,,,,,,,,,False,1
5to10Traces/0130.trace,5to10Traces,atlas-b,1,TIMEOUT,,ATLAS_B,,67,2,0,8,,,,,,MIN_EXPANDED_SIZE,,,0.038287305,,,,,,,360.0,4184524.0,IN_PROGRESS,,,,TIMEOUT,,,,,,,,,,,,,,,,,,,,,False,1
baseTest/0002.trace,baseTest,atlas-b,1,SAT,,ATLAS_B,,10,2,0,8,,,,,5,MIN_EXPANDED_SIZE,0,5,0.044418323,,,0.042977064,154.891291516,0.016437593,0.016024302,155.44461625700023,353884.0,PASSED,7571,170893,560689,,11,2080,,,,,1,,1,,,,8,,,155.276446854,,,,,True,1
increasingNumVariables/0021.trace,increasingNumVariables,atlas-b,1,TIMEOUT,,ATLAS_B,,20,2,0,8,,,,,,MIN_EXPANDED_SIZE,,,0.033646146,,,,,,,360.0,978524.0,IN_PROGRESS,,,,TIMEOUT,,,,,,,,,,,,,,,,,,,,,False,1
5to10Traces/0141.trace,5to10Traces,macro,1,SAT,,MACRO,,3,2,0,3,1,22,1,1,2,MIN_EXPANDED_SIZE,0,2,0.034262349,0.000682409,0.042941524,0.008190112,2.992868251,0.004725198,0.019523989,3.451768611999796,448724.0,PASSED,65424,187392,414996,,3,9354,21,1,1.0,1,1,,1,WEIGHTED_MAXSAT,24,5,2,0.864101407,2.128766844,3.280452558,107,107,0.008626643,2,True,1
baseTest/0006.trace,baseTest,macro,1,TIMEOUT,,MACRO,,10,2,0,8,,,,,,MIN_EXPANDED_SIZE,,,0.032918123,,,,,,,360.0,2067704.0,IN_PROGRESS,,,,TIMEOUT,,,,,,,,,,,,,,,,,,,,,False,1
moreDetailedTest/0080.trace,moreDetailedTest,atlas-b,1,TIMEOUT,,ATLAS_B,,67,2,0,8,,,,,,MIN_EXPANDED_SIZE,,,0.044173138,,,,,,,360.0,6207848.0,IN_PROGRESS,,,,TIMEOUT,,,,,,,,,,,,,,,,,,,,,False,1
5to10Traces/0145.trace,5to10Traces,atlas-b,1,SAT,,ATLAS_B,,3,2,0,3,,,,,2,MIN_EXPANDED_SIZE,0,2,0.039642111,,,0.056110113,12.235212627,0.017907364,0.01479816,12.892798422999476,1936256.0,PASSED,45109,1458071,5006186,,5,23181,,,,,1,,1,,,,3,,,12.670897203,,,,,True,1
moreDetailedTest/0054.trace,moreDetailedTest,atlas-b,1,SAT,,ATLAS_B,,3,2,0,3,,,,,2,MIN_EXPANDED_SIZE,0,2,0.034193494,,,0.044150863,2.69085987,0.017848093,0.014525092,3.265627112999937,336764.0,PASSED,21054,202667,627171,,5,5081,,,,,1,,1,,,,3,,,3.085869215,,,,,True,1
moreDetailedTest/0123.trace,moreDetailedTest,macro,1,TIMEOUT,,MACRO,,10,2,0,8,,,,,,MIN_EXPANDED_SIZE,,,0.03478841,,,,,,,360.0,7078396.0,IN_PROGRESS,,,,TIMEOUT,,,,,,,,,,,,,,,,,,,,,False,1
robot/RAtrace/final44.trace,robot,atlas-b,1,SAT,,ATLAS_B,,2050,2,6,14,,,,,9,REPAIR,5,9,0.039265333,,,0.053551432,38.184769378,0.016828387,0.017071263,38.99752154399994,3745580.0,PASSED,8861,2177315,8315471,,23,14098,,,,,2,,2,,,,16,,,38.600499929,,,,,True,1
disjunctedExistence/0042.trace,disjunctedExistence,macro,1,SAT,,MACRO,,11,2,0,8,1,44,3,3,4,MIN_EXPANDED_SIZE,0,4,0.043199178,0.000655197,0.047910953,0.02220014,89.884383103,0.005549987,0.027000307,90.76548282499971,3869820.0,PASSED,144161,3801376,8089966,,8,67270,43,2,0.3333333333333333,1,1,,1,WEIGHTED_MAXSAT,104,36,8,2.879381096,87.005002007,90.398952069,402,402,0.016828047,0,True,1
5to10Traces/0003.trace,5to10Traces,macro,1,SAT,,MACRO,,5,2,0,5,1,34,1,1,3,MIN_EXPANDED_SIZE,0,3,0.035140363,0.000697149,0.066511816,0.007511719,4.102732228,0.004123399,0.008105206,4.533624872000473,556980.0,PASSED,66246,263090,615606,,5,6111,33,1,2.0,2,1,,1,WEIGHTED_MAXSAT,44,28,5,0.703388582,3.399343646,4.331693518,26,26,0.010934981,0,True,1
5to10Traces/0024.trace,5to10Traces,atlas-b,1,TIMEOUT,,ATLAS_B,,10,2,0,8,,,,,,MIN_EXPANDED_SIZE,,,0.040562178,,,,,,,360.0,702164.0,IN_PROGRESS,,,,TIMEOUT,,,,,,,,,,,,,,,,,,,,,False,1
5to10Traces/0109.trace,5to10Traces,macro,1,SAT,,MACRO,,3,2,0,3,1,22,1,1,2,MIN_EXPANDED_SIZE,0,2,0.03787136,0.000710799,0.040948623,0.01189269,6.446065924,0.004303036,0.011812908,7.111776201000794,805872.0,PASSED,107300,467991,1043415,,3,23241,21,1,1.0,1,1,,1,WEIGHTED_MAXSAT,24,5,2,1.873203742,4.572862182,6.874493668,267,267,0.010675807,2,True,1
equal/0036.trace,equal,macro,1,SAT,,MACRO,,10,2,0,8,1,42,3,3,5,MIN_EXPANDED_SIZE,0,5,0.041292892,0.000697359,0.043024469,0.010483853,51.260346759,0.00559454,0.018015876,53.953413901000204,2337332.0,PASSED,94272,1839382,3894988,,8,33536,41,2,0.6666666666666666,1,1,,1,WEIGHTED_MAXSAT,94,36,8,1.199996973,50.060349786,53.61446979,200,200,0.011351116,0,True,1
equal/0040.trace,equal,macro,1,TIMEOUT,,MACRO,,10,2,0,8,,,,,,MIN_EXPANDED_SIZE,,,0.037982023,,,,,,,360.0,7397252.0,IN_PROGRESS,,,,TIMEOUT,,,,,,,,,,,,,,,,,,,,,False,1
increasingNumVariables/0021.trace,increasingNumVariables,macro,1,TIMEOUT,,MACRO,,20,2,0,8,,,,,,MIN_EXPANDED_SIZE,,,0.036753661,,,,,,,360.0,1359096.0,IN_PROGRESS,,,,TIMEOUT,,,,,,,,,,,,,,,,,,,,,False,1
5to10Traces/0143.trace,5to10Traces,macro,1,SAT,,MACRO,,3,2,0,3,1,22,1,1,2,MIN_EXPANDED_SIZE,0,2,0.038302861,0.000620196,0.044162702,0.008367977,3.173418716,0.004060015,0.022632155,3.6546119790000375,493352.0,PASSED,68370,228033,507909,,3,11361,21,1,1.0,1,1,,1,WEIGHTED_MAXSAT,24,5,2,0.872013438,2.301405278,3.460746566,130,130,0.00888256,2,True,1
5to10Traces/0141.trace,5to10Traces,atlas-b,1,SAT,,ATLAS_B,,3,2,0,3,,,,,2,MIN_EXPANDED_SIZE,0,2,0.038252499,,,0.068258905,8.846596701,0.018426396,0.01507416,9.520881766000457,1532024.0,PASSED,32084,1013404,3479153,,5,16131,,,,,1,,1,,,,3,,,9.284991236,,,,,True,1
peterson/base/liveness3.trace,peterson,macro,1,SAT,,MACRO,,18,2,0,8,6,103,4,4,5,MIN_EXPANDED_SIZE,0,5,0.071152609,0.009089205,0.101393622,0.010298476,5.593073473,0.020828269,0.012070861,6.123145049000414,545040.0,PASSED,60190,291978,980366,,8,12347,10,4,0.25,1,1,,1,WEIGHTED_MAXSAT,103,103,8,1.001394934,4.591678539,5.938276769,12,12,0.000393651,0,True,1
increasingNumVariables/0012.trace,increasingNumVariables,macro,1,SAT,,MACRO,,11,2,0,8,1,44,5,5,7,MIN_EXPANDED_SIZE,0,7,0.036092503,0.000701298,0.040067645,0.007770921,144.208692825,0.006669649,0.014134552,144.68383019500016,1022140.0,PASSED,53298,672420,1445414,,8,13084,43,2,0.4,1,1,,1,WEIGHTED_MAXSAT,104,36,8,0.733013844,143.475678981,144.47194511,70,70,0.010645365,0,True,1
peterson/extra_traces/safety2.trace,peterson,atlas-b,1,SAT,,ATLAS_B,,18,2,0,8,,,,,5,MIN_EXPANDED_SIZE,0,5,0.095772173,,,0.059142424,39.058517386,0.018532319,0.01630269,39.92100168199977,4552924.0,PASSED,49751,3402698,12906393,,23,29297,,,,,1,,1,,,,8,,,39.555098026,,,,,True,1
equal/0005.trace,equal,macro,1,TIMEOUT,,MACRO,,10,2,0,8,,,,,,MIN_EXPANDED_SIZE,,,0.042484156,,,,,,,360.0,7239980.0,IN_PROGRESS,,,,TIMEOUT,,,,,,,,,,,,,,,,,,,,,False,1
moreDetailedTest/0011.trace,moreDetailedTest,atlas-b,1,TIMEOUT,,ATLAS_B,,10,2,0,8,,,,,,MIN_EXPANDED_SIZE,,,0.041857831,,,,,,,360.0,8000688.0,IN_PROGRESS,,,,TIMEOUT,,,,,,,,,,,,,,,,,,,,,False,1
weakening/weaken_antecedent/weaken_antecedent_10_65_65.trace,weakening,atlas-b,1,SAT,,ATLAS_B,,10,2,0,8,,,,,6,MIN_EXPANDED_SIZE,0,6,0.081045832,,,0.054252859,9.830033136,0.021158678,0.016576602,10.548537343000135,1597636.0,PASSED,50464,1110912,3772425,,11,27583,,,,,1,,1,,,,8,,,10.315775571,,,,,True,1
increasingNumVariables/0048.trace,increasingNumVariables,macro,1,TIMEOUT,,MACRO,,264,2,0,8,,,,,,MIN_EXPANDED_SIZE,,,0.035159665,,,,,,,360.0,638468.0,IN_PROGRESS,,,,TIMEOUT,,,,,,,,,,,,,,,,,,,,,False,1
disjunctedExistence/0067.trace,disjunctedExistence,atlas-b,1,TIMEOUT,,ATLAS_B,,134,2,0,8,,,,,,MIN_EXPANDED_SIZE,,,0.046558393,,,,,,,360.0,4445900.0,IN_PROGRESS,,,,TIMEOUT,,,,,,,,,,,,,,,,,,,,,False,1
voting_machine/voting4.trace,voting_machine,macro,1,SAT,,MACRO,,13,2,0,8,4,69,4,4,4,MIN_EXPANDED_SIZE,0,4,0.06136095,0.001356105,0.061239887,0.02137071,3.895964636,0.006469179,0.010384603,4.337683045999256,453408.0,PASSED,50369,152409,409841,,8,6863,10,3,0.0,0,1,,1,WEIGHTED_MAXSAT,69,69,8,0.737124582,3.158840054,4.162686994,13,13,0.007101187,0,True,1
peterson/constrained/safety1.trace,peterson,atlas-b,1,SAT,,ATLAS_B,,18,2,0,8,,,,,5,MIN_EXPANDED_SIZE,0,5,0.089904209,,,0.061396662,24.115738271,0.018186107,0.017856479,24.937815751000016,3713140.0,PASSED,39116,2575762,9747243,,23,22257,,,,,1,,1,,,,8,,,24.636517276,,,,,True,1
voting_machine/voting7.trace,voting_machine,atlas-b,1,SAT,,ATLAS_B,,13,2,0,8,,,,,4,MIN_EXPANDED_SIZE,0,4,0.061621757,,,0.045130684,6.556050814,0.016847693,0.014552451,7.174812068999927,781132.0,PASSED,15252,456729,1629525,,18,8338,,,,,1,,1,,,,8,,,6.997659021,,,,,True,1
increasingNumVariables/0015.trace,increasingNumVariables,macro,1,TIMEOUT,,MACRO,,11,2,0,8,,,,,,MIN_EXPANDED_SIZE,,,0.034925556,,,,,,,360.0,1814944.0,IN_PROGRESS,,,,TIMEOUT,,,,,,,,,,,,,,,,,,,,,False,1
peterson/base/liveness3.trace,peterson,atlas-b,1,SAT,,ATLAS_B,,18,2,0,8,,,,,5,MIN_EXPANDED_SIZE,0,5,0.076784998,,,0.045422185,25.946450893,0.016790725,0.016344344,26.712349184999766,3717024.0,PASSED,39130,2576539,9748732,,23,22257,,,,,1,,1,,,,8,,,26.402094353,,,,,True,1
disjunctedExistence/0069.trace,disjunctedExistence,macro,1,TIMEOUT,,MACRO,,134,2,0,8,,,,,,MIN_EXPANDED_SIZE,,,0.045707883,,,,,,,360.0,7735716.0,IN_PROGRESS,,,,TIMEOUT,,,,,,,,,,,,,,,,,,,,,False,1
moreDetailedTest/0034.trace,moreDetailedTest,atlas-b,1,TIMEOUT,,ATLAS_B,,18,2,0,8,,,,,,MIN_EXPANDED_SIZE,,,0.040165346,,,,,,,360.0,3828504.0,IN_PROGRESS,,,,TIMEOUT,,,,,,,,,,,,,,,,,,,,,False,1
5to10Traces/0031.trace,5to10Traces,atlas-b,1,TIMEOUT,,ATLAS_B,,10,2,0,8,,,,,,MIN_EXPANDED_SIZE,,,0.03915473,,,,,,,360.0,6472548.0,IN_PROGRESS,,,,TIMEOUT,,,,,,,,,,,,,,,,,,,,,False,1
5to10Traces/0093.trace,5to10Traces,atlas-b,1,SAT,,ATLAS_B,,3,2,0,3,,,,,2,MIN_EXPANDED_SIZE,0,2,0.034800535,,,0.048687492,4.116913342,0.013294713,0.016431245,4.733798696999656,777216.0,PASSED,17184,502510,1724650,,5,8031,,,,,1,,1,,,,3,,,4.532441912,,,,,True,1
5to10Traces/0033.trace,5to10Traces,macro,1,TIMEOUT,,MACRO,,10,2,0,8,,,,,,MIN_EXPANDED_SIZE,,,0.036018636,,,,,,,360.0,5264152.0,IN_PROGRESS,,,,TIMEOUT,,,,,,,,,,,,,,,,,,,,,False,1
increasingNumVariables/0011.trace,increasingNumVariables,macro,1,SAT,,MACRO,,11,2,0,8,1,44,5,5,7,MIN_EXPANDED_SIZE,0,7,0.033232849,0.000706279,0.051848191,0.010491337,108.407447862,0.009595662,0.019535403,108.90230067800076,1079248.0,PASSED,51059,578890,1227200,,8,11566,43,2,0.4,1,1,,1,WEIGHTED_MAXSAT,104,36,8,0.643607083,107.763840779,108.695497377,60,60,0.015337976,0,True,1
5to10Traces/0066.trace,5to10Traces,atlas-b,1,SAT,,ATLAS_B,,18,2,0,8,,,,,2,MIN_EXPANDED_SIZE,0,2,0.035642817,,,0.042032764,1.080593208,0.030345338,0.016108733,1.6545555960001366,254192.0,PASSED,4809,82237,269611,,11,1120,,,,,1,,1,,,,8,,,1.484113958,,,,,True,1
baseTest/0012.trace,baseTest,atlas-b,1,ERROR,,ATLAS_B,,5,2,0,5,,,,,,MIN_EXPANDED_SIZE,,,0.037233298,,,,,,,360.0,1515244.0,FAILED,,,,"ErrorType: Translation capacity exceeded.
In this scope, universe contains 5031 atoms
and relations of arity 3 cannot be represented.
Visit http://alloy.mit.edu/ for advice on refactoring.",,,,,,,,,,,,,,,,24.237941443,,,,,False,1
disjunctedExistence/0042.trace,disjunctedExistence,atlas-b,1,TIMEOUT,,ATLAS_B,,11,2,0,8,,,,,,MIN_EXPANDED_SIZE,,,0.042040845,,,,,,,360.0,4007536.0,IN_PROGRESS,,,,TIMEOUT,,,,,,,,,,,,,,,,,,,,,False,1
5to10Traces/0003.trace,5to10Traces,atlas-b,1,SAT,,ATLAS_B,,5,2,0,5,,,,,3,MIN_EXPANDED_SIZE,0,3,0.035384429,,,0.048733834,3.561898166,0.024741922,0.014406744,4.130317978000676,688628.0,PASSED,9734,388266,1325516,,7,4567,,,,,1,,1,,,,5,,,3.961377513,,,,,True,1
5to10Traces/0034.trace,5to10Traces,macro,1,TIMEOUT,,MACRO,,10,2,0,8,,,,,,MIN_EXPANDED_SIZE,,,0.042924984,,,,,,,360.0,3249616.0,IN_PROGRESS,,,,TIMEOUT,,,,,,,,,,,,,,,,,,,,,False,1
moreDetailedTest/0022.trace,moreDetailedTest,macro,1,SAT,,MACRO,,5,2,0,5,1,32,1,1,3,MIN_EXPANDED_SIZE,0,3,0.038353087,0.000737049,0.025038607,0.012373275,36.259872409,0.004229611,0.016989696,37.21475789700162,2735612.0,PASSED,118741,2021407,4058610,,5,39249,31,1,2.0,2,1,,1,WEIGHTED_MAXSAT,44,28,5,1.784736892,34.475135517,36.884177439,600,398,0.024408431,0,True,1
increasingNumVariables/0050.trace,increasingNumVariables,macro,1,TIMEOUT,,MACRO,,264,2,0,8,,,,,,MIN_EXPANDED_SIZE,,,0.037353811,,,,,,,360.0,915792.0,IN_PROGRESS,,,,TIMEOUT,,,,,,,,,,,,,,,,,,,,,False,1
moreDetailedTest/0054.trace,moreDetailedTest,macro,1,SAT,,MACRO,,3,2,0,3,1,22,1,1,2,MIN_EXPANDED_SIZE,0,2,0.035069127,0.000683758,0.022071195,0.012033098,3.585190239,0.004177697,0.021937092,4.739675524000631,262112.0,PASSED,38145,86287,164017,,3,3738,21,1,1.0,1,1,,1,WEIGHTED_MAXSAT,24,5,2,0.573092256,3.012097983,4.59496302,100,91,0.008101718,2,True,1
weakening/weaken_antecedent/weaken_antecedent_5_10_10.trace,weakening,atlas-b,1,SAT,,ATLAS_B,,10,2,0,8,,,,,6,MIN_EXPANDED_SIZE,0,6,0.085928599,,,0.043607916,1.127581436,0.017612431,0.018438482,1.726107102998867,239344.0,PASSED,7439,55046,163775,,11,1883,,,,,1,,1,,,,8,,,1.57632624,,,,,True,1
weakening/weaken_antecedent/weaken_antecedent_5_10_10.trace,weakening,macro,1,SAT,,MACRO,,10,2,0,8,15,109,6,6,6,MIN_EXPANDED_SIZE,0,6,0.086275738,0.002284788,0.024943538,0.007619795,13.204011715,0.956732374,0.020778572,16.207489499000076,843516.0,PASSED,89290,223596,633462,,8,9846,6,6,0.0,0,1,,1,WEIGHTED_MAXSAT,169,109,8,0.852150997,12.351860718,16.009710748,20,19,0.001117359,0,True,1
disjunctedExistence/0067.trace,disjunctedExistence,macro,1,TIMEOUT,,MACRO,,134,2,0,8,,,,,,MIN_EXPANDED_SIZE,,,0.037690964,,,,,,,360.0,7829144.0,IN_PROGRESS,,,,TIMEOUT,,,,,,,,,,,,,,,,,,,,,False,1
5to10Traces/0168.trace,5to10Traces,atlas-b,1,TIMEOUT,,ATLAS_B,,6,2,0,6,,,,,,MIN_EXPANDED_SIZE,,,0.037386351,,,,,,,360.0,2713220.0,IN_PROGRESS,,,,TIMEOUT,,,,,,,,,,,,,,,,,,,,,False,1
5to10Traces/0084.trace,5to10Traces,atlas-b,1,TIMEOUT,,ATLAS_B,,18,2,0,8,,,,,,MIN_EXPANDED_SIZE,,,0.041023923,,,,,,,360.0,4173448.0,IN_PROGRESS,,,,TIMEOUT,,,,,,,,,,,,,,,,,,,,,False,1
moreDetailedTest/0080.trace,moreDetailedTest,macro,1,TIMEOUT,,MACRO,,67,2,0,8,,,,,,MIN_EXPANDED_SIZE,,,0.034755412,,,,,,,360.0,5625424.0,IN_PROGRESS,,,,TIMEOUT,,,,,,,,,,,,,,,,,,,,,False,1
moreDetailedTest/0068.trace,moreDetailedTest,macro,1,TIMEOUT,,MACRO,,18,2,0,8,,,,,,MIN_EXPANDED_SIZE,,,0.038980987,,,,,,,360.0,1804396.0,IN_PROGRESS,,,,TIMEOUT,,,,,,,,,,,,,,,,,,,,,False,1
equal/0006.trace,equal,atlas-b,1,TIMEOUT,,ATLAS_B,,10,2,0,8,,,,,,MIN_EXPANDED_SIZE,,,0.041323685,,,,,,,360.0,982592.0,IN_PROGRESS,,,,TIMEOUT,,,,,,,,,,,,,,,,,,,,,False,1
5to10Traces/0093.trace,5to10Traces,macro,1,SAT,,MACRO,,3,2,0,3,1,22,1,1,2,MIN_EXPANDED_SIZE,0,2,0.034626993,0.000652998,0.035606259,0.006337521,2.036009767,0.004459469,0.009504336,2.401995338999768,268484.0,PASSED,46335,92814,205776,,3,4656,21,1,1.0,1,1,,1,WEIGHTED_MAXSAT,24,5,2,0.655906336,1.380103431,2.240468051,53,53,0.007329067,2,True,1
weakening/weaken_antecedent/weaken_antecedent_10_15_15.trace,weakening,macro,1,SAT,,MACRO,,10,2,0,8,15,109,6,6,6,MIN_EXPANDED_SIZE,0,6,0.076102409,0.002264951,0.038925508,0.006701581,15.520480055,0.010293234,0.011903466,15.989703569000994,870780.0,PASSED,92930,367788,997694,,8,16116,6,6,0.0,0,1,,1,WEIGHTED_MAXSAT,169,109,8,1.017381007,14.503099048,15.772035637,30,29,0.001200532,0,True,1
moreDetailedTest/0011.trace,moreDetailedTest,macro,1,TIMEOUT,,MACRO,,10,2,0,8,,,,,,MIN_EXPANDED_SIZE,,,0.031976251,,,,,,,360.0,7200380.0,IN_PROGRESS,,,,TIMEOUT,,,,,,,,,,,,,,,,,,,,,False,1
5to10Traces/0008.trace,5to10Traces,atlas-b,1,SAT,,ATLAS_B,,5,2,0,5,,,,,3,MIN_EXPANDED_SIZE,0,3,0.045487319,,,0.064257557,7.343858042,0.027995977,0.023824403,7.987452383000345,948276.0,PASSED,39674,724282,2300122,,7,12147,,,,,1,,1,,,,5,,,7.792474033,,,,,True,1
moreDetailedTest/0031.trace,moreDetailedTest,macro,1,TIMEOUT,,MACRO,,18,2,0,8,,,,,,MIN_EXPANDED_SIZE,,,0.041490691,,,,,,,360.0,2908436.0,IN_PROGRESS,,,,TIMEOUT,,,,,,,,,,,,,,,,,,,,,False,1
moreDetailedTest/0123.trace,moreDetailedTest,atlas-b,1,SAT,,ATLAS_B,,10,2,0,8,,,,,5,MIN_EXPANDED_SIZE,0,5,0.035710642,,,0.118592485,100.933412393,0.166038004,0.027055754,102.15460062700004,7997368.0,PASSED,234289,7396351,24283540,,11,80320,,,,,1,,1,,,,8,,,101.635399193,,,,,True,1
disjunctedExistence/0070.trace,disjunctedExistence,atlas-b,1,TIMEOUT,,ATLAS_B,,134,2,0,8,,,,,,MIN_EXPANDED_SIZE,,,0.03998938,,,,,,,360.0,4422296.0,IN_PROGRESS,,,,TIMEOUT,,,,,,,,,,,,,,,,,,,,,False,1
moreDetailedTest/0022.trace,moreDetailedTest,atlas-b,1,SAT,,ATLAS_B,,5,2,0,5,,,,,3,MIN_EXPANDED_SIZE,0,3,0.044261214,,,0.110743053,24.779555334,0.078132042,0.018285409,25.686519885999587,3066772.0,PASSED,114394,2168215,6887461,,7,36147,,,,,1,,1,,,,5,,,25.344507159,,,,,True,1
equal/0036.trace,equal,atlas-b,1,SAT,,ATLAS_B,,10,2,0,8,,,,,5,MIN_EXPANDED_SIZE,0,5,0.03496161,,,0.057424212,18.361463086,0.030250541,0.017709583,19.03266172199983,1940580.0,PASSED,48689,1485956,4878345,,11,16320,,,,,1,,1,,,,8,,,18.811697412,,,,,True,1
increasingNumVariables/0050.trace,increasingNumVariables,atlas-b,1,TIMEOUT,,ATLAS_B,,264,2,0,8,,,,,,MIN_EXPANDED_SIZE,,,0.035885047,,,,,,,360.0,888832.0,IN_PROGRESS,,,,TIMEOUT,,,,,,,,,,,,,,,,,,,,,False,1
weakening/weaken_antecedent/weaken_antecedent_10_15_15.trace,weakening,atlas-b,1,SAT,,ATLAS_B,,10,2,0,8,,,,,6,MIN_EXPANDED_SIZE,0,6,0.082589893,,,0.033768021,2.772546293,0.018401692,0.015281447,3.3550831560005463,413932.0,PASSED,13864,264216,889925,,11,6583,,,,,1,,1,,,,8,,,3.203832119,,,,,True,1
5to10Traces/0008.trace,5to10Traces,macro,1,SAT,,MACRO,,5,2,0,5,1,32,1,1,3,MIN_EXPANDED_SIZE,0,3,0.036463665,0.000696219,0.026364499,0.009652033,16.81839506,0.004120882,0.013587401,17.782749059999333,1400236.0,PASSED,82589,856000,1727932,,5,16842,31,1,2.0,2,1,,1,WEIGHTED_MAXSAT,44,28,5,1.025700214,15.792694846,17.518773608,200,168,0.010964759,0,True,1
5to10Traces/0080.trace,5to10Traces,atlas-b,1,TIMEOUT,,ATLAS_B,,18,2,0,8,,,,,,MIN_EXPANDED_SIZE,,,0.036347222,,,,,,,360.0,3507368.0,IN_PROGRESS,,,,TIMEOUT,,,,,,,,,,,,,,,,,,,,,False,1
increasingNumVariables/0037.trace,increasingNumVariables,atlas-b,1,TIMEOUT,,ATLAS_B,,70,2,0,8,,,,,,MIN_EXPANDED_SIZE,,,0.041727307,,,,,,,360.0,1040864.0,IN_PROGRESS,,,,TIMEOUT,,,,,,,,,,,,,,,,,,,,,False,1
equal/0006.trace,equal,macro,1,TIMEOUT,,MACRO,,10,2,0,8,,,,,,MIN_EXPANDED_SIZE,,,0.035525939,,,,,,,360.0,1787216.0,IN_PROGRESS,,,,TIMEOUT,,,,,,,,,,,,,,,,,,,,,False,1
5to10Traces/0130.trace,5to10Traces,macro,1,TIMEOUT,,MACRO,,67,2,0,8,,,,,,MIN_EXPANDED_SIZE,,,0.036231208,,,,,,,360.0,3965360.0,IN_PROGRESS,,,,TIMEOUT,,,,,,,,,,,,,,,,,,,,,False,1
5to10Traces/0082.trace,5to10Traces,atlas-b,1,TIMEOUT,,ATLAS_B,,18,2,0,8,,,,,,MIN_EXPANDED_SIZE,,,0.039083742,,,,,,,360.0,3819624.0,IN_PROGRESS,,,,TIMEOUT,,,,,,,,,,,,,,,,,,,,,False,1
increasingNumVariables/0015.trace,increasingNumVariables,atlas-b,1,TIMEOUT,,ATLAS_B,,11,2,0,8,,,,,,MIN_EXPANDED_SIZE,,,0.037620398,,,,,,,360.0,1034324.0,IN_PROGRESS,,,,TIMEOUT,,,,,,,,,,,,,,,,,,,,,False,1
5to10Traces/0197.trace,5to10Traces,macro,1,TIMEOUT,,MACRO,,10,2,0,8,,,,,,MIN_EXPANDED_SIZE,,,0.035829692,,,,,,,360.0,6167932.0,IN_PROGRESS,,,,TIMEOUT,,,,,,,,,,,,,,,,,,,,,False,1
baseTest/0006.trace,baseTest,atlas-b,1,TIMEOUT,,ATLAS_B,,10,2,0,8,,,,,,MIN_EXPANDED_SIZE,,,0.041338174,,,,,,,360.0,1547744.0,IN_PROGRESS,,,,TIMEOUT,,,,,,,,,,,,,,,,,,,,,False,1
peterson/extra_traces/safety3.trace,peterson,atlas-b,1,SAT,,ATLAS_B,,18,2,0,8,,,,,5,MIN_EXPANDED_SIZE,0,5,0.086498469,,,0.072433868,38.347809781,0.027938955,0.02182777,39.256193062999955,4515508.0,PASSED,50371,3402698,12906453,,23,29297,,,,,1,,1,,,,8,,,38.882545011,,,,,True,1
moreDetailedTest/0007.trace,moreDetailedTest,macro,1,TIMEOUT,,MACRO,,10,2,0,8,,,,,,MIN_EXPANDED_SIZE,,,0.03809519,,,,,,,360.0,4396164.0,IN_PROGRESS,,,,TIMEOUT,,,,,,,,,,,,,,,,,,,,,False,1
peterson/extra_traces/liveness4.trace,peterson,macro,1,SAT,,MACRO,,18,2,0,8,6,103,4,4,5,MIN_EXPANDED_SIZE,0,5,0.083372868,0.001152361,0.121769603,0.018978492,6.989834392,0.012108556,0.017376519,7.56093718000011,673696.0,PASSED,69603,356123,1180231,,8,14558,10,4,0.25,1,1,,1,WEIGHTED_MAXSAT,103,103,8,0.863230874,6.126603518,7.392926671,16,16,0.000290788,0,True,1
moreDetailedTest/0098.trace,moreDetailedTest,macro,1,UNSAT,,MACRO,,6,2,0,6,1,34,0,0,0,MIN_EXPANDED_SIZE,0,0,0.033710179,0.000636547,0.032793654,0.012456526,145.628411134,0.000321159,0.000452512,146.2663808010002,1699100.0,NOT_APPLICABLE_UNSAT,79099,1024109,2102942,,6,19416,33,0,0.0,0,1,,1,WEIGHTED_MAXSAT,54,32,6,0.908430804,144.71998033,146.029105522,150,150,0.01074176,0,True,1
5to10Traces/0104.trace,5to10Traces,atlas-b,1,SAT,,ATLAS_B,,3,2,0,3,,,,,2,MIN_EXPANDED_SIZE,0,2,0.036455045,,,0.079907923,8.953341393,0.05354501,0.013774273,9.707048043999748,1326356.0,PASSED,77004,807432,2500489,,5,20081,,,,,1,,1,,,,3,,,9.46540383,,,,,True,1
5to10Traces/0101.trace,5to10Traces,macro,1,SAT,,MACRO,,3,2,0,3,1,22,1,1,2,MIN_EXPANDED_SIZE,0,2,0.041884095,0.000636898,0.054614749,0.015760738,4.08321856,0.003753835,0.012611381,4.766937372998655,509212.0,PASSED,78148,278472,617712,,3,13872,21,1,1.0,1,1,,1,WEIGHTED_MAXSAT,24,5,2,0.9678885,3.11533006,4.561293082,160,160,0.014896914,2,True,1
weakening/weaken_antecedent/weaken_antecedent_40_10_10.trace,weakening,atlas-b,1,SAT,,ATLAS_B,,10,2,0,8,,,,,6,MIN_EXPANDED_SIZE,0,6,0.088847412,,,0.046338889,105.66575053,0.018523957,0.018350123,106.62908054199943,9101604.0,PASSED,28703,8452748,32766675,,11,41083,,,,,1,,1,,,,8,,,106.126195813,,,,,True,1
increasingNumVariables/0004.trace,increasingNumVariables,atlas-b,1,SAT,,ATLAS_B,,10,2,0,8,,,,,5,MIN_EXPANDED_SIZE,0,5,0.035974195,,,0.047402082,58.161223008,0.020339376,0.022298889,58.78637675699974,765928.0,PASSED,18659,525517,1725001,,11,5920,,,,,1,,1,,,,8,,,58.586404167,,,,,True,1
increasingNumVariables/0012.trace,increasingNumVariables,atlas-b,1,TIMEOUT,,ATLAS_B,,11,2,0,8,,,,,,MIN_EXPANDED_SIZE,,,0.041496095,,,,,,,360.0,885336.0,IN_PROGRESS,,,,TIMEOUT,,,,,,,,,,,,,,,,,,,,,False,1
5to10Traces/0168.trace,5to10Traces,macro,1,TIMEOUT,,MACRO,,6,2,0,6,,,,,,MIN_EXPANDED_SIZE,,,0.037531027,,,,,,,360.0,2993468.0,IN_PROGRESS,,,,TIMEOUT,,,,,,,,,,,,,,,,,,,,,False,1
equal/0042.trace,equal,macro,1,SAT,,MACRO,,10,2,0,8,1,42,3,3,4,MIN_EXPANDED_SIZE,0,4,0.042664556,0.000495233,0.046068297,0.00519167,3.568808041,0.00596483,0.008508888,3.893795735999447,318196.0,PASSED,35044,114931,255185,,8,3341,41,2,0.3333333333333333,1,1,,1,WEIGHTED_MAXSAT,94,36,8,0.553095087,3.015712954,3.752533183,10,10,0.009351821,0,True,1
baseTest/0040.trace,baseTest,macro,1,TIMEOUT,,MACRO,,10,2,0,8,,,,,,MIN_EXPANDED_SIZE,,,0.057792821,,,,,,,360.0,3840964.0,IN_PROGRESS,,,,TIMEOUT,,,,,,,,,,,,,,,,,,,,,False,1
equal/0005.trace,equal,atlas-b,1,TIMEOUT,,ATLAS_B,,10,2,0,8,,,,,,MIN_EXPANDED_SIZE,,,0.042709617,,,,,,,360.0,7968632.0,IN_PROGRESS,,,,TIMEOUT,,,,,,,,,,,,,,,,,,,,,False,1
5to10Traces/0031.trace,5to10Traces,macro,1,TIMEOUT,,MACRO,,10,2,0,8,,,,,,MIN_EXPANDED_SIZE,,,0.033860941,,,,,,,360.0,4414932.0,IN_PROGRESS,,,,TIMEOUT,,,,,,,,,,,,,,,,,,,,,False,1
increasingNumVariables/0037.trace,increasingNumVariables,macro,1,TIMEOUT,,MACRO,,70,2,0,8,,,,,,MIN_EXPANDED_SIZE,,,0.032850814,,,,,,,360.0,1320288.0,IN_PROGRESS,,,,TIMEOUT,,,,,,,,,,,,,,,,,,,,,False,1
5to10Traces/0027.trace,5to10Traces,atlas-b,1,TIMEOUT,,ATLAS_B,,10,2,0,8,,,,,,MIN_EXPANDED_SIZE,,,0.032639498,,,,,,,360.0,3557056.0,IN_PROGRESS,,,,TIMEOUT,,,,,,,,,,,,,,,,,,,,,False,1
peterson/extra_traces/liveness4.trace,peterson,atlas-b,1,SAT,,ATLAS_B,,18,2,0,8,,,,,5,MIN_EXPANDED_SIZE,0,5,0.071272913,,,0.05073986,32.746417732,0.015610092,0.015816956,33.51510990499992,4559720.0,PASSED,49922,3403475,12907897,,23,29297,,,,,1,,1,,,,8,,,33.185602452,,,,,True,1
5to10Traces/0148.trace,5to10Traces,macro,1,SAT,,MACRO,,3,2,0,3,1,22,1,1,2,MIN_EXPANDED_SIZE,0,2,0.039097615,0.000678718,0.02003395,0.01818648,4.615285445,0.004574783,0.010631207,5.1544856450000225,559264.0,PASSED,71556,284280,541161,,3,12252,21,1,1.0,1,1,,1,WEIGHTED_MAXSAT,24,5,2,1.206236898,3.409048547,4.988424673,400,293,0.020174615,2,True,1
moreDetailedTest/0002.trace,moreDetailedTest,macro,1,TIMEOUT,,MACRO,,10,2,0,8,,,,,,MIN_EXPANDED_SIZE,,,0.030940315,,,,,,,360.0,491260.0,IN_PROGRESS,,,,TIMEOUT,,,,,,,,,,,,,,,,,,,,,False,1
moreDetailedTest/0046.trace,moreDetailedTest,atlas-b,1,SAT,,ATLAS_B,,3,2,0,3,,,,,2,MIN_EXPANDED_SIZE,0,2,0.035669583,,,0.063431342,7.08477716,0.035236321,0.015299392,7.686740773000565,1139448.0,PASSED,58344,605843,1876052,,5,15081,,,,,1,,1,,,,3,,,7.515010449,,,,,True,1
5to10Traces/0046.trace,5to10Traces,atlas-b,1,SAT,,ATLAS_B,,18,2,0,8,,,,,6,MIN_EXPANDED_SIZE,0,6,0.034130911,,,0.051690625,171.339047952,0.020387215,0.029933394,171.8841874109985,717652.0,PASSED,14039,377757,1239871,,11,4320,,,,,1,,1,,,,8,,,171.743340951,,,,,True,1
baseTest/0002.trace,baseTest,macro,1,SAT,,MACRO,,10,2,0,8,1,42,4,5,5,MIN_EXPANDED_SIZE,0,5,0.031307051,0.000518615,0.051674516,0.006852986,7.672719393,0.006205979,0.019239073,8.03708336300042,493324.0,PASSED,48399,213199,456425,,8,5123,41,2,0.2,1,1,,1,WEIGHTED_MAXSAT,94,36,8,0.636524982,7.036194411,7.896401537,22,22,0.017603959,0,True,1
moreDetailedTest/0064.trace,moreDetailedTest,macro,1,TIMEOUT,,MACRO,,18,2,0,8,,,,,,MIN_EXPANDED_SIZE,,,0.036629696,,,,,,,360.0,4903308.0,IN_PROGRESS,,,,TIMEOUT,,,,,,,,,,,,,,,,,,,,,False,1
5to10Traces/0159.trace,5to10Traces,macro,1,TIMEOUT,,MACRO,,6,2,0,6,,,,,,MIN_EXPANDED_SIZE,,,0.031540463,,,,,,,360.0,2209996.0,IN_PROGRESS,,,,TIMEOUT,,,,,,,,,,,,,,,,,,,,,False,1
moreDetailedTest/0085.trace,moreDetailedTest,atlas-b,1,TIMEOUT,,ATLAS_B,,6,2,0,6,,,,,,MIN_EXPANDED_SIZE,,,0.033299275,,,,,,,360.0,1502560.0,IN_PROGRESS,,,,TIMEOUT,,,,,,,,,,,,,,,,,,,,,False,1
moreDetailedTest/0034.trace,moreDetailedTest,macro,1,TIMEOUT,,MACRO,,18,2,0,8,,,,,,MIN_EXPANDED_SIZE,,,0.02901607,,,,,,,360.0,3664948.0,IN_PROGRESS,,,,TIMEOUT,,,,,,,,,,,,,,,,,,,,,False,1
voting_machine/voting4.trace,voting_machine,atlas-b,1,SAT,,ATLAS_B,,13,2,0,8,,,,,4,MIN_EXPANDED_SIZE,0,4,0.051870144,,,0.037386424,4.209768972,0.014740476,0.012362043,4.737305988001026,749500.0,PASSED,14256,426624,1521324,,18,7794,,,,,1,,1,,,,8,,,4.592275801,,,,,True,1
5to10Traces/0197.trace,5to10Traces,atlas-b,1,SAT,,ATLAS_B,,10,2,0,8,,,,,5,MIN_EXPANDED_SIZE,0,5,0.033303135,,,0.092826775,82.313319756,0.042206704,0.016608396,83.15772479800034,8424324.0,PASSED,112870,8434250,28938647,,11,63530,,,,,1,,1,,,,8,,,82.782368761,,,,,True,1
5to10Traces/0059.trace,5to10Traces,macro,1,TIMEOUT,,MACRO,,18,2,0,8,,,,,,MIN_EXPANDED_SIZE,,,0.033213922,,,,,,,360.0,4539560.0,IN_PROGRESS,,,,TIMEOUT,,,,,,,,,,,,,,,,,,,,,False,1
moreDetailedTest/0002.trace,moreDetailedTest,atlas-b,1,TIMEOUT,,ATLAS_B,,10,2,0,8,,,,,,MIN_EXPANDED_SIZE,,,0.034747674,,,,,,,360.0,334612.0,IN_PROGRESS,,,,TIMEOUT,,,,,,,,,,,,,,,,,,,,,False,1
peterson/extra_traces/safety2.trace,peterson,macro,1,SAT,,MACRO,,18,2,0,8,5,67,4,4,5,MIN_EXPANDED_SIZE,0,5,0.089902834,0.001535951,0.074241464,0.016968606,4.856555728,0.01007417,0.017143061,5.3746500669985835,614052.0,PASSED,58971,336220,1111948,,8,13150,10,4,0.25,1,1,,1,WEIGHTED_MAXSAT,67,67,8,0.70576849,4.150787238,5.192201359,16,16,0.000297058,0,True,1
5to10Traces/0084.trace,5to10Traces,macro,1,TIMEOUT,,MACRO,,18,2,0,8,,,,,,MIN_EXPANDED_SIZE,,,0.033594082,,,,,,,360.0,4048228.0,IN_PROGRESS,,,,TIMEOUT,,,,,,,,,,,,,,,,,,,,,False,1
moreDetailedTest/0064.trace,moreDetailedTest,atlas-b,1,TIMEOUT,,ATLAS_B,,18,2,0,8,,,,,,MIN_EXPANDED_SIZE,,,0.035267777,,,,,,,360.0,5185272.0,IN_PROGRESS,,,,TIMEOUT,,,,,,,,,,,,,,,,,,,,,False,1
5to10Traces/0189.trace,5to10Traces,macro,1,TIMEOUT,,MACRO,,10,2,0,8,,,,,,MIN_EXPANDED_SIZE,,,0.036021435,,,,,,,360.0,4029636.0,IN_PROGRESS,,,,TIMEOUT,,,,,,,,,,,,,,,,,,,,,False,1
moreDetailedTest/0119.trace,moreDetailedTest,macro,1,SAT,,MACRO,,10,2,0,8,1,42,3,3,5,MIN_EXPANDED_SIZE,0,5,0.033578106,0.000455533,0.048961796,0.022570412,153.402270825,0.005452806,0.024841593,154.29147168800046,4355128.0,PASSED,158854,4532099,9603882,,8,80396,41,2,0.6666666666666666,1,1,,1,WEIGHTED_MAXSAT,94,36,8,2.7342821,150.667988725,153.963957311,500,498,0.018517134,0,True,1
5to10Traces/0148.trace,5to10Traces,atlas-b,1,SAT,,ATLAS_B,,3,2,0,3,,,,,2,MIN_EXPANDED_SIZE,0,2,0.029902338,,,0.068660552,7.50044448,0.107010135,0.017806275,8.227672092998546,1330924.0,PASSED,76990,807414,2500476,,5,20081,,,,,1,,1,,,,3,,,8.01205907,,,,,True,1
increasingNumVariables/0011.trace,increasingNumVariables,atlas-b,1,TIMEOUT,,ATLAS_B,,11,2,0,8,,,,,,MIN_EXPANDED_SIZE,,,0.029184818,,,,,,,360.0,776056.0,IN_PROGRESS,,,,TIMEOUT,,,,,,,,,,,,,,,,,,,,,False,1
5to10Traces/0173.trace,5to10Traces,atlas-b,1,TIMEOUT,,ATLAS_B,,6,2,0,6,,,,,,MIN_EXPANDED_SIZE,,,0.037261294,,,,,,,360.0,9040636.0,IN_PROGRESS,,,,TIMEOUT,,,,,,,,,,,,,,,,,,,,,False,1
weakening/weaken_antecedent/weaken_antecedent_10_100_100.trace,weakening,macro,1,SAT,,MACRO,,10,2,0,8,15,109,6,6,6,MIN_EXPANDED_SIZE,0,6,0.08201666,0.002163915,0.024515217,0.011783162,31.748108962,0.010212363,0.044767111,32.556814698999915,2548372.0,PASSED,135090,1704088,4230786,,8,70236,6,6,0.0,0,1,,1,WEIGHTED_MAXSAT,169,109,8,2.112687551,29.635421411,32.247783844,200,193,0.001062257,0,True,1
5to10Traces/0173.trace,5to10Traces,macro,1,TIMEOUT,,MACRO,,6,2,0,6,,,,,,MIN_EXPANDED_SIZE,,,0.044365481,,,,,,,360.0,5837340.0,IN_PROGRESS,,,,TIMEOUT,,,,,,,,,,,,,,,,,,,,,False,1
5to10Traces/0154.trace,5to10Traces,macro,1,SAT,,MACRO,,6,2,0,6,1,34,4,5,5,MIN_EXPANDED_SIZE,0,5,0.038680759,0.000549164,0.034650335,0.006206111,3.069625136,0.006879508,0.009338301,3.415711606000059,254172.0,PASSED,29349,77747,162658,,6,2341,33,2,0.2,1,1,,1,WEIGHTED_MAXSAT,54,32,6,0.493505619,2.576119517,3.23976386,10,10,0.009806514,0,True,1
moreDetailedTest/0035.trace,moreDetailedTest,atlas-b,1,TIMEOUT,,ATLAS_B,,18,2,0,8,,,,,,MIN_EXPANDED_SIZE,,,0.041652456,,,,,,,360.0,4738524.0,IN_PROGRESS,,,,TIMEOUT,,,,,,,,,,,,,,,,,,,,,False,1
baseTest/0037.trace,baseTest,macro,1,SAT,,MACRO,,10,2,0,8,1,42,3,3,5,MIN_EXPANDED_SIZE,0,5,0.034042151,0.000686459,0.054106809,0.00797059,39.124768288,0.005780642,0.027409434,39.67565300299998,1781996.0,PASSED,67578,934924,1987746,,8,17630,41,2,0.6666666666666666,1,1,,1,WEIGHTED_MAXSAT,94,36,8,0.757349083,38.367419205,39.426424401,100,100,0.008523196,0,True,1
disjunctedExistence/0049.trace,disjunctedExistence,atlas-b,1,SAT,,ATLAS_B,,134,2,0,8,,,,,5,MIN_EXPANDED_SIZE,0,5,0.043738275,,,0.052036504,19.859164905,0.024557095,0.016161955,20.604393842000036,2293360.0,PASSED,40330,1842243,6357721,,15,13536,,,,,1,,1,,,,8,,,20.298902542,,,,,True,1
moreDetailedTest/0081.trace,moreDetailedTest,atlas-b,1,TIMEOUT,,ATLAS_B,,67,2,0,8,,,,,,MIN_EXPANDED_SIZE,,,0.047934239,,,,,,,360.0,7212144.0,IN_PROGRESS,,,,TIMEOUT,,,,,,,,,,,,,,,,,,,,,False,1
5to10Traces/0086.trace,5to10Traces,atlas-b,1,TIMEOUT,,ATLAS_B,,18,2,0,8,,,,,,MIN_EXPANDED_SIZE,,,0.039668561,,,,,,,360.0,4290636.0,IN_PROGRESS,,,,TIMEOUT,,,,,,,,,,,,,,,,,,,,,False,1
moreDetailedTest/0040.trace,moreDetailedTest,atlas-b,1,SAT,,ATLAS_B,,18,2,0,8,,,,,6,MIN_EXPANDED_SIZE,0,6,0.035425299,,,0.056859918,52.100110039,0.019773845,0.017179497,52.73929689900001,1009328.0,PASSED,25589,747157,2452696,,11,8320,,,,,1,,1,,,,8,,,52.533458314,,,,,True,1
5to10Traces/0171.trace,5to10Traces,macro,1,TIMEOUT,,MACRO,,6,2,0,6,,,,,,MIN_EXPANDED_SIZE,,,0.043916197,,,,,,,360.0,5207124.0,IN_PROGRESS,,,,TIMEOUT,,,,,,,,,,,,,,,,,,,,,False,1
moreDetailedTest/0081.trace,moreDetailedTest,macro,1,TIMEOUT,,MACRO,,67,2,0,8,,,,,,MIN_EXPANDED_SIZE,,,0.045641508,,,,,,,360.0,6600536.0,IN_PROGRESS,,,,TIMEOUT,,,,,,,,,,,,,,,,,,,,,False,1
equal/0019.trace,equal,atlas-b,1,TIMEOUT,,ATLAS_B,,18,2,0,8,,,,,,MIN_EXPANDED_SIZE,,,0.03257878,,,,,,,360.0,7938204.0,IN_PROGRESS,,,,TIMEOUT,,,,,,,,,,,,,,,,,,,,,False,1
5to10Traces/0018.trace,5to10Traces,macro,1,SAT,,MACRO,,5,2,0,5,1,32,1,1,3,MIN_EXPANDED_SIZE,0,3,0.040967976,0.000557385,0.031754329,0.011774625,28.160633025,0.004002828,0.013900781,28.809953281999697,2060000.0,PASSED,106265,1629905,3277170,,5,31794,31,1,2.0,2,1,,1,WEIGHTED_MAXSAT,44,28,5,1.552206354,26.608426671,28.511685348,450,320,0.01345748,0,True,1
increasingNumVariables/0047.trace,increasingNumVariables,macro,1,TIMEOUT,,MACRO,,135,2,0,8,,,,,,MIN_EXPANDED_SIZE,,,0.038720775,,,,,,,360.0,1759832.0,IN_PROGRESS,,,,TIMEOUT,,,,,,,,,,,,,,,,,,,,,False,1
voting_machine/voting3.trace,voting_machine,macro,1,SAT,,MACRO,,13,2,0,8,4,69,4,4,4,MIN_EXPANDED_SIZE,0,4,0.061295561,0.000775411,0.049479447,0.00750701,4.131049184,0.014946847,0.008391954,4.550019324000004,391672.0,PASSED,46990,136858,361530,,8,6335,10,3,0.0,0,1,,1,WEIGHTED_MAXSAT,69,69,8,0.649573358,3.481475826,4.356068972,12,12,0.007017096,0,True,1
robot/RAtrace/final42.trace,robot,macro,1,SAT,,MACRO,,2050,2,6,14,2,14,8,8,9,REPAIR,5,9,0.035920446,0.000662158,0.045880971,0.00785681,5.416212057,0.010624113,0.013590222,5.843949721000172,643940.0,PASSED,19544,320173,861461,,14,11621,6,3,0.125,1,2,,2,WEIGHTED_MAXSAT,22,14,16,0.63690626,4.779305797,5.643726622,6,6,0.000428031,0,True,1
weakening/weaken_antecedent/weaken_antecedent_45_10_10.trace,weakening,atlas-b,1,TIMEOUT,,ATLAS_B,,10,2,0,8,,,,,,MIN_EXPANDED_SIZE,,,0.075707085,,,,,,,360.0,4423928.0,IN_PROGRESS,,,,TIMEOUT,,,,,,,,,,,,,,,,,,,,,False,1
5to10Traces/0132.trace,5to10Traces,atlas-b,1,SAT,,ATLAS_B,,3,2,0,3,,,,,2,MIN_EXPANDED_SIZE,0,2,0.032606377,,,0.038242017,0.582605725,0.012629335,0.012609406,1.0612291450001976,135764.0,PASSED,4354,21235,65173,,5,581,,,,,1,,1,,,,3,,,0.944244153,,,,,True,1
5to10Traces/0095.trace,5to10Traces,macro,1,SAT,,MACRO,,3,2,0,3,1,22,1,1,2,MIN_EXPANDED_SIZE,0,2,0.032759471,0.000685289,0.03612748,0.009214255,2.739853319,0.004420567,0.012184695,3.1797265680002056,288824.0,PASSED,56623,141388,311248,,3,7104,21,1,1.0,1,1,,1,WEIGHTED_MAXSAT,24,5,2,0.729591774,2.010261545,3.019468396,81,81,0.010353396,2,True,1
robot/RAtrace/final46.trace,robot,macro,1,SAT,,MACRO,,2050,2,6,14,2,14,8,8,9,REPAIR,5,9,0.050840523,0.000618937,0.040950319,0.006995176,6.467680594,0.010342615,0.013732875,6.910906102000354,781564.0,PASSED,22383,447529,1215043,,14,16409,6,3,0.125,1,2,,2,WEIGHTED_MAXSAT,22,14,16,0.648718264,5.81896233,6.73525648,13,11,0.00038623,0,True,1
baseTest/0031.trace,baseTest,macro,1,SAT,,MACRO,,3,2,0,3,1,22,1,1,2,MIN_EXPANDED_SIZE,0,2,0.03382465,0.000715819,0.021933024,0.029365671,14.986957763,0.004596102,0.024663787,18.133836156000143,2179672.0,PASSED,229824,1254686,2391400,,3,53823,21,1,1.0,1,1,,1,WEIGHTED_MAXSAT,24,5,2,6.173371977,8.813585786,17.822315161,1500,1278,0.017840064,2,True,1
5to10Traces/0076.trace,5to10Traces,macro,1,TIMEOUT,,MACRO,,18,2,0,8,,,,,,MIN_EXPANDED_SIZE,,,0.042384357,,,,,,,360.0,2774944.0,IN_PROGRESS,,,,TIMEOUT,,,,,,,,,,,,,,,,,,,,,False,1
weakening/weaken_antecedent/weaken_antecedent_45_10_10.trace,weakening,macro,1,SAT,,MACRO,,10,2,0,8,15,109,6,6,6,MIN_EXPANDED_SIZE,0,6,0.081482232,0.001815683,0.121746946,0.011812203,18.167553856,0.010151883,0.015160223,18.80335640400017,1760580.0,PASSED,99257,788171,2136652,,8,36543,6,6,0.0,0,1,,1,WEIGHTED_MAXSAT,169,109,8,1.119138223,17.048415633,18.556281487,20,20,0.001473515,0,True,1
5to10Traces/0038.trace,5to10Traces,atlas-b,1,TIMEOUT,,ATLAS_B,,10,2,0,8,,,,,,MIN_EXPANDED_SIZE,,,0.035627953,,,,,,,360.0,3865108.0,IN_PROGRESS,,,,TIMEOUT,,,,,,,,,,,,,,,,,,,,,False,1
peterson/extra_traces/liveness1.trace,peterson,macro,1,SAT,,MACRO,,18,2,0,8,6,103,4,4,5,MIN_EXPANDED_SIZE,0,5,0.078243093,0.001437307,0.099869301,0.013410415,6.640375251,0.22267566,0.025470386,7.4237762520001525,674820.0,PASSED,63746,350237,1155841,,8,14492,10,4,0.25,1,1,,1,WEIGHTED_MAXSAT,103,103,8,0.847587553,5.792787698,7.261472715,16,16,0.000298668,0,True,1
disjunctedExistence/0045.trace,disjunctedExistence,macro,1,SAT,,MACRO,,11,2,0,8,1,44,3,3,4,MIN_EXPANDED_SIZE,0,4,0.044988068,0.000609196,0.051293041,0.019353078,166.694558154,0.006772088,0.027208176,167.74269750699978,4551492.0,PASSED,170510,4711254,9999052,,8,83440,43,2,0.3333333333333333,1,1,,1,WEIGHTED_MAXSAT,104,36,8,2.938453602,163.756104552,167.367858706,501,501,0.036246693,0,True,1
5to10Traces/0006.trace,5to10Traces,macro,1,SAT,,MACRO,,5,2,0,5,1,32,1,1,3,MIN_EXPANDED_SIZE,0,3,0.03579126,0.000567994,0.030414336,0.009101786,10.301307981,0.00927281,0.010297656,10.76428891500018,983244.0,PASSED,76289,631974,1258272,,5,12768,31,1,2.0,2,1,,1,WEIGHTED_MAXSAT,44,28,5,0.897755618,9.403552363,10.577433643,150,129,0.008931052,0,True,1
moreDetailedTest/0066.trace,moreDetailedTest,macro,1,TIMEOUT,,MACRO,,18,2,0,8,,,,,,MIN_EXPANDED_SIZE,,,0.034418175,,,,,,,360.0,6230052.0,IN_PROGRESS,,,,TIMEOUT,,,,,,,,,,,,,,,,,,,,,False,1
equal/0026.trace,equal,atlas-b,1,TIMEOUT,,ATLAS_B,,6,2,0,6,,,,,,MIN_EXPANDED_SIZE,,,0.03961105,,,,,,,360.0,5824144.0,IN_PROGRESS,,,,TIMEOUT,,,,,,,,,,,,,,,,,,,,,False,1
moreDetailedTest/0047.trace,moreDetailedTest,atlas-b,1,SAT,,ATLAS_B,,3,2,0,3,,,,,2,MIN_EXPANDED_SIZE,0,2,0.037446508,,,0.073059329,7.477448647,0.09834934,0.01837226,8.234623980999913,1187252.0,PASSED,67684,706632,2188268,,5,17581,,,,,1,,1,,,,3,,,8.018793301,,,,,True,1
moreDetailedTest/0048.trace,moreDetailedTest,atlas-b,1,SAT,,ATLAS_B,,3,2,0,3,,,,,2,MIN_EXPANDED_SIZE,0,2,0.033801593,,,0.078517442,9.438383313,0.071096828,0.014820287,10.14980880200028,1333788.0,PASSED,76984,807434,2500494,,5,20081,,,,,1,,1,,,,3,,,9.940705548,,,,,True,1
baseTest/0037.trace,baseTest,atlas-b,1,SAT,,ATLAS_B,,10,2,0,8,,,,,5,MIN_EXPANDED_SIZE,0,5,0.033769122,,,0.055075809,7.606880779,0.021538943,0.016253634,8.211659951000001,978256.0,PASSED,25594,747157,2452741,,11,8320,,,,,1,,1,,,,8,,,8.028732611,,,,,True,1
moreDetailedTest/0077.trace,moreDetailedTest,macro,1,TIMEOUT,,MACRO,,67,2,0,8,,,,,,MIN_EXPANDED_SIZE,,,0.043505697,,,,,,,360.0,3901652.0,IN_PROGRESS,,,,TIMEOUT,,,,,,,,,,,,,,,,,,,,,False,1
robot/RAtrace/final3.trace,robot,macro,1,SAT,,MACRO,,2050,2,6,14,2,14,8,8,9,REPAIR,5,9,0.040559327,0.000671977,0.03949315,0.006075479,4.371175636,0.020742451,0.01685061,4.778029994000008,530180.0,PASSED,19335,276175,736385,,14,9911,6,3,0.125,1,2,,2,WEIGHTED_MAXSAT,22,14,16,0.585351152,3.785824484,4.603926345,5,5,0.000436861,0,True,1
5to10Traces/0011.trace,5to10Traces,macro,1,SAT,,MACRO,,5,2,0,5,1,34,1,1,3,MIN_EXPANDED_SIZE,0,3,0.03301276,0.000610556,0.052415067,0.011151251,12.846795575,0.004570009,0.01111338,13.36316738000005,1895352.0,PASSED,124832,1342425,3138488,,5,28014,33,1,2.0,2,1,,1,WEIGHTED_MAXSAT,44,28,5,1.155863788,11.690931787,13.125847213,133,133,0.007188578,0,True,1
5to10Traces/0098.trace,5to10Traces,atlas-b,1,SAT,,ATLAS_B,,3,2,0,3,,,,,2,MIN_EXPANDED_SIZE,0,2,0.036487362,,,0.063614459,5.544700926,0.032951239,0.021370797,6.208065143000113,710648.0,PASSED,49024,505053,1563834,,5,12581,,,,,1,,1,,,,3,,,6.009773242,,,,,True,1
weakening/weaken_antecedent/weaken_antecedent_10_35_35.trace,weakening,macro,1,SAT,,MACRO,,10,2,0,8,15,109,6,6,6,MIN_EXPANDED_SIZE,0,6,0.10239006,0.004287072,0.036193824,0.007715681,17.51583731,0.010195926,0.02455179,18.094830247000118,1542716.0,PASSED,103198,693628,1786038,,8,29316,6,6,0.0,0,1,,1,WEIGHTED_MAXSAT,169,109,8,1.103858523,16.411978787,17.844658073,70,69,0.00113742,0,True,1
moreDetailedTest/0048.trace,moreDetailedTest,macro,1,SAT,,MACRO,,3,2,0,3,1,22,1,1,2,MIN_EXPANDED_SIZE,0,2,0.034975372,0.000694598,0.021896151,0.008927503,4.502185563,0.003953703,0.020002221,5.156793860999642,565060.0,PASSED,69558,286624,544492,,3,12297,21,1,1.0,1,1,,1,WEIGHTED_MAXSAT,24,5,2,1.096632935,3.405552628,4.938025227,400,296,0.010684348,2,True,1
5to10Traces/0000.trace,5to10Traces,macro,1,SAT,,MACRO,,5,2,0,5,1,28,1,1,3,MIN_EXPANDED_SIZE,0,3,0.037989471,0.000494673,0.027287161,0.006242373,1.699956936,0.004110257,0.009024735,2.01962475099981,232888.0,PASSED,36637,49172,100564,,5,1602,27,1,2.0,2,1,,1,WEIGHTED_MAXSAT,44,26,5,0.512549765,1.187407171,1.863913831,10,10,0.008218804,0,True,1
baseTest/0023.trace,baseTest,atlas-b,1,SAT,,ATLAS_B,,6,2,0,6,,,,,6,MIN_EXPANDED_SIZE,0,6,0.033981156,,,0.040421264,46.073102351,0.029852529,0.023297307,46.63955853100015,415580.0,PASSED,14962,272440,880622,,9,4002,,,,,1,,1,,,,6,,,46.487401733,,,,,True,1
5to10Traces/0167.trace,5to10Traces,atlas-b,1,TIMEOUT,,ATLAS_B,,6,2,0,6,,,,,,MIN_EXPANDED_SIZE,,,0.036771099,,,,,,,360.0,6701192.0,IN_PROGRESS,,,,TIMEOUT,,,,,,,,,,,,,,,,,,,,,False,1
5to10Traces/0179.trace,5to10Traces,atlas-b,1,SAT,,ATLAS_B,,10,2,0,8,,,,,5,MIN_EXPANDED_SIZE,0,5,0.033177424,,,0.036697647,8.818151506,0.019017881,0.016143105,9.655795253000178,1166804.0,PASSED,13904,876140,3004652,,11,6830,,,,,1,,1,,,,8,,,9.463767174,,,,,True,1
baseTest/0034.trace,baseTest,atlas-b,1,SAT,,ATLAS_B,,3,2,0,3,,,,,2,MIN_EXPANDED_SIZE,0,2,0.039631314,,,0.067101497,9.545263791,0.133000004,0.017706316,10.375896402999842,1355440.0,PASSED,95867,1009067,3125204,,5,25081,,,,,1,,1,,,,3,,,10.119721705,,,,,True,1
moreDetailedTest/0066.trace,moreDetailedTest,atlas-b,1,TIMEOUT,,ATLAS_B,,18,2,0,8,,,,,,MIN_EXPANDED_SIZE,,,0.036357167,,,,,,,360.0,6477788.0,IN_PROGRESS,,,,TIMEOUT,,,,,,,,,,,,,,,,,,,,,False,1
robot/RAtrace/final3.trace,robot,atlas-b,1,SAT,,ATLAS_B,,2050,2,6,14,,,,,9,REPAIR,5,9,0.035594677,,,0.067737343,24.35135536,0.01828906,0.017439392,25.113147836999815,3146940.0,PASSED,6929,1576645,6012907,,23,10402,,,,,2,,2,,,,16,,,24.759047288,,,,,True,1
baseTest/0023.trace,baseTest,macro,1,SAT,,MACRO,,6,2,0,6,1,34,4,5,6,MIN_EXPANDED_SIZE,0,6,0.033010053,0.00061999,0.036494348,0.007017771,17.643861454,0.009467825,0.011727854,18.07301510799971,823936.0,PASSED,53845,381384,791801,,6,7691,33,2,0.4,2,1,,1,WEIGHTED_MAXSAT,54,32,6,0.676578589,16.967282865,17.888298115,54,54,0.020397279,0,True,1
equal/0026.trace,equal,macro,1,TIMEOUT,,MACRO,,6,2,0,6,,,,,,MIN_EXPANDED_SIZE,,,0.051041319,,,,,,,360.0,5917736.0,IN_PROGRESS,,,,TIMEOUT,,,,,,,,,,,,,,,,,,,,,False,1
moreDetailedTest/0092.trace,moreDetailedTest,macro,1,TIMEOUT,,MACRO,,6,2,0,6,,,,,,MIN_EXPANDED_SIZE,,,0.036521423,,,,,,,360.0,4077472.0,IN_PROGRESS,,,,TIMEOUT,,,,,,,,,,,,,,,,,,,,,False,1
5to10Traces/0160.trace,5to10Traces,atlas-b,1,TIMEOUT,,ATLAS_B,,6,2,0,6,,,,,,MIN_EXPANDED_SIZE,,,0.035000374,,,,,,,360.0,986692.0,IN_PROGRESS,,,,TIMEOUT,,,,,,,,,,,,,,,,,,,,,False,1
moreDetailedTest/0099.trace,moreDetailedTest,atlas-b,1,SAT,,ATLAS_B,,3,2,0,3,,,,,2,MIN_EXPANDED_SIZE,0,2,0.033151575,,,1.041472822,4.949718624,0.028746516,0.01407202,6.929763037999692,705196.0,PASSED,39590,404245,1251608,,5,10081,,,,,1,,1,,,,3,,,6.744425107,,,,,True,1
increasingNumVariables/0025.trace,increasingNumVariables,atlas-b,1,TIMEOUT,,ATLAS_B,,37,2,0,8,,,,,,MIN_EXPANDED_SIZE,,,0.041375797,,,,,,,360.0,714988.0,IN_PROGRESS,,,,TIMEOUT,,,,,,,,,,,,,,,,,,,,,False,1
moreDetailedTest/0026.trace,moreDetailedTest,atlas-b,1,SAT,,ATLAS_B,,5,2,0,5,,,,,3,MIN_EXPANDED_SIZE,0,3,0.034468245,,,0.054012999,4.640097554,0.016078151,0.014823417,5.253998722000688,657160.0,PASSED,21064,363285,1153272,,7,6147,,,,,1,,1,,,,5,,,5.073939051,,,,,True,1
equal/0037.trace,equal,atlas-b,1,SAT,,ATLAS_B,,10,2,0,8,,,,,5,MIN_EXPANDED_SIZE,0,5,0.036534931,,,0.032395039,2.121092115,0.021828066,0.015089465,2.6584974209999928,289984.0,PASSED,7109,156117,512176,,11,1920,,,,,1,,1,,,,8,,,2.500026539,,,,,True,1
5to10Traces/0134.trace,5to10Traces,atlas-b,1,SAT,,ATLAS_B,,3,2,0,3,,,,,2,MIN_EXPANDED_SIZE,0,2,0.032569943,,,0.039623753,1.467657908,0.014559301,0.022118603,2.003905071999725,259860.0,PASSED,11770,101871,314949,,5,2581,,,,,1,,1,,,,3,,,1.843657273,,,,,True,1
5to10Traces/0045.trace,5to10Traces,atlas-b,1,SAT,,ATLAS_B,,18,2,0,8,,,,,5,MIN_EXPANDED_SIZE,0,5,0.036544261,,,0.029407959,2.095089518,0.015576368,0.024394034,2.614602012999967,378396.0,PASSED,5129,204308,699408,,11,1790,,,,,1,,1,,,,8,,,2.473471448,,,,,True,1
baseTest/0027.trace,baseTest,atlas-b,1,TIMEOUT,,ATLAS_B,,6,2,0,6,,,,,,MIN_EXPANDED_SIZE,,,0.032961534,,,,,,,360.0,1074116.0,IN_PROGRESS,,,,TIMEOUT,,,,,,,,,,,,,,,,,,,,,False,1
increasingNumVariables/0026.trace,increasingNumVariables,atlas-b,1,TIMEOUT,,ATLAS_B,,37,2,0,8,,,,,,MIN_EXPANDED_SIZE,,,0.032571514,,,,,,,360.0,786972.0,IN_PROGRESS,,,,TIMEOUT,,,,,,,,,,,,,,,,,,,,,False,1
5to10Traces/0144.trace,5to10Traces,macro,1,SAT,,MACRO,,3,2,0,3,1,22,1,1,2,MIN_EXPANDED_SIZE,0,2,0.031424822,0.000661978,0.025540644,0.011993561,3.573333658,0.014870418,0.013618134,4.176121589999639,471956.0,PASSED,61461,223843,426857,,3,9624,21,1,1.0,1,1,,1,WEIGHTED_MAXSAT,24,5,2,0.964146088,2.60918757,3.996147551,300,230,0.016683436,2,True,1
baseTest/0017.trace,baseTest,macro,1,TIMEOUT,,MACRO,,18,2,0,8,,,,,,MIN_EXPANDED_SIZE,,,0.032323996,,,,,,,360.0,4420332.0,IN_PROGRESS,,,,TIMEOUT,,,,,,,,,,,,,,,,,,,,,False,1
moreDetailedTest/0005.trace,moreDetailedTest,atlas-b,1,TIMEOUT,,ATLAS_B,,10,2,0,8,,,,,,MIN_EXPANDED_SIZE,,,0.040528586,,,,,,,360.0,3496932.0,IN_PROGRESS,,,,TIMEOUT,,,,,,,,,,,,,,,,,,,,,False,1
5to10Traces/0154.trace,5to10Traces,atlas-b,1,SAT,,ATLAS_B,,6,2,0,6,,,,,5,MIN_EXPANDED_SIZE,0,5,0.035409424,,,0.030424159,4.135935847,0.026978627,0.020172323,4.67567143999986,199436.0,PASSED,4808,54464,175648,,9,922,,,,,1,,1,,,,6,,,4.515334843,,,,,True,1
moreDetailedTest/0010.trace,moreDetailedTest,atlas-b,1,TIMEOUT,,ATLAS_B,,10,2,0,8,,,,,,MIN_EXPANDED_SIZE,,,0.039646198,,,,,,,360.0,6690464.0,IN_PROGRESS,,,,TIMEOUT,,,,,,,,,,,,,,,,,,,,,False,1
moreDetailedTest/0003.trace,moreDetailedTest,macro,1,TIMEOUT,,MACRO,,10,2,0,8,,,,,,MIN_EXPANDED_SIZE,,,0.036189241,,,,,,,360.0,2938692.0,IN_PROGRESS,,,,TIMEOUT,,,,,,,,,,,,,,,,,,,,,False,1
robot/RAtrace/final42.trace,robot,atlas-b,1,SAT,,ATLAS_B,,2050,2,6,14,,,,,9,REPAIR,5,9,0.038886894,,,0.055845361,29.063893107,0.025940508,0.021373045,29.82538874400052,3539168.0,PASSED,7895,1876980,7164189,,23,12250,,,,,2,,2,,,,16,,,29.476265884,,,,,True,1
disjunctedExistence/0018.trace,disjunctedExistence,macro,1,TIMEOUT,,MACRO,,36,2,0,8,,,,,,MIN_EXPANDED_SIZE,,,0.033174722,,,,,,,360.0,4352588.0,IN_PROGRESS,,,,TIMEOUT,,,,,,,,,,,,,,,,,,,,,False,1
5to10Traces/0023.trace,5to10Traces,macro,1,SAT,,MACRO,,10,2,0,8,1,62,4,5,5,MIN_EXPANDED_SIZE,0,5,0.03479392,0.000514983,0.069903409,0.006977279,6.541256487,0.006987169,0.016875176,6.9591881619999185,492008.0,PASSED,62735,227898,547108,,8,5228,61,2,0.2,1,1,,1,WEIGHTED_MAXSAT,94,46,8,0.678757234,5.862499253,6.757190203,10,10,0.009604059,0,True,1
5to10Traces/0011.trace,5to10Traces,atlas-b,1,SAT,,ATLAS_B,,5,2,0,5,,,,,3,MIN_EXPANDED_SIZE,0,3,0.040061982,,,0.048964843,21.142337438,0.020329249,0.015815298,22.443718737999916,2712412.0,PASSED,39284,1976682,6754048,,7,22757,,,,,1,,1,,,,5,,,22.150551746,,,,,True,1
5to10Traces/0179.trace,5to10Traces,macro,1,SAT,,MACRO,,10,2,0,8,1,62,3,3,5,MIN_EXPANDED_SIZE,0,5,0.037443121,0.000666168,0.072389646,0.010080522,16.665866853,0.006506906,0.011416439,17.079455030000645,1016748.0,PASSED,119217,662168,1583192,,8,11861,61,3,0.6666666666666666,1,1,,1,WEIGHTED_MAXSAT,94,46,8,0.988496954,15.677369899,16.906814395,31,31,0.008559472,0,True,1
equal/0027.trace,equal,macro,1,UNSAT,,MACRO,,6,2,0,6,1,34,0,0,0,MIN_EXPANDED_SIZE,0,0,0.034740679,0.00073976,0.033223188,0.00815217,94.048773579,0.000325919,0.000527564,94.44924523200007,998784.0,NOT_APPLICABLE_UNSAT,65791,681677,1404534,,6,13166,33,0,0.0,0,1,,1,WEIGHTED_MAXSAT,54,32,6,0.75858207,93.290191509,94.224525998,100,100,0.010387081,0,True,1
equal/0019.trace,equal,macro,1,TIMEOUT,,MACRO,,18,2,0,8,,,,,,MIN_EXPANDED_SIZE,,,0.038446391,,,,,,,360.0,7123796.0,IN_PROGRESS,,,,TIMEOUT,,,,,,,,,,,,,,,,,,,,,False,1
increasingNumVariables/0026.trace,increasingNumVariables,macro,1,TIMEOUT,,MACRO,,37,2,0,8,,,,,,MIN_EXPANDED_SIZE,,,0.033089499,,,,,,,360.0,916720.0,IN_PROGRESS,,,,TIMEOUT,,,,,,,,,,,,,,,,,,,,,False,1
5to10Traces/0160.trace,5to10Traces,macro,1,UNSAT,,MACRO,,6,2,0,6,1,34,0,0,0,MIN_EXPANDED_SIZE,0,0,0.033710979,0.000746141,0.025849946,0.009681701,152.366721153,0.000287578,0.000418491,152.7974630510007,1778244.0,NOT_APPLICABLE_UNSAT,75720,1044941,2169808,,6,19516,33,0,0.0,0,1,,1,WEIGHTED_MAXSAT,54,32,6,0.927213243,151.43950791,152.539074807,150,150,0.012681401,0,True,1
5to10Traces/0144.trace,5to10Traces,atlas-b,1,SAT,,ATLAS_B,,3,2,0,3,,,,,2,MIN_EXPANDED_SIZE,0,2,0.039460104,,,0.050823081,6.241010863,0.075060314,0.017550123,6.962311246000354,1079404.0,PASSED,58258,605836,1876045,,5,15081,,,,,1,,1,,,,3,,,6.71650472,,,,,True,1
peterson/constrained/safety4.trace,peterson,macro,1,SAT,,MACRO,,18,2,0,8,5,67,4,4,5,MIN_EXPANDED_SIZE,0,5,0.099130782,0.001085859,0.06903333,0.025149268,4.686965025,0.010299198,0.012750733,5.182268814999588,599740.0,PASSED,50166,268151,895511,,8,10807,10,4,0.25,1,1,,1,WEIGHTED_MAXSAT,67,67,8,0.730915692,3.956049333,5.017700629,12,12,0.00034515,0,True,1
increasingNumVariables/0027.trace,increasingNumVariables,macro,1,TIMEOUT,,MACRO,,37,2,0,8,,,,,,MIN_EXPANDED_SIZE,,,0.038799346,,,,,,,360.0,1094612.0,IN_PROGRESS,,,,TIMEOUT,,,,,,,,,,,,,,,,,,,,,False,1
peterson/extra_traces/liveness5.trace,peterson,atlas-b,1,SAT,,ATLAS_B,,18,2,0,8,,,,,5,MIN_EXPANDED_SIZE,0,5,0.073964864,,,0.053687238,34.599841038,0.018247702,0.02589157,35.45602031499948,4593288.0,PASSED,49922,3403475,12907897,,23,29297,,,,,1,,1,,,,8,,,35.09147042,,,,,True,1
equal/0009.trace,equal,macro,1,SAT,,MACRO,,5,2,0,5,1,32,1,1,3,MIN_EXPANDED_SIZE,0,3,0.035831256,0.000551714,0.029475302,0.006841816,2.5895725,0.004578538,0.008254063,2.903463255999668,295924.0,PASSED,40622,105798,217428,,5,2688,31,1,2.0,2,1,,1,WEIGHTED_MAXSAT,44,28,5,0.517415259,2.072157241,2.770036206,20,20,0.008780927,0,True,1
moreDetailedTest/0061.trace,moreDetailedTest,atlas-b,1,TIMEOUT,,ATLAS_B,,18,2,0,8,,,,,,MIN_EXPANDED_SIZE,,,0.035433196,,,,,,,360.0,3476156.0,IN_PROGRESS,,,,TIMEOUT,,,,,,,,,,,,,,,,,,,,,False,1
weakening/weaken_antecedent/weaken_antecedent_10_100_100.trace,weakening,atlas-b,1,SAT,,ATLAS_B,,10,2,0,8,,,,,6,MIN_EXPANDED_SIZE,0,6,0.091489987,,,0.06157622,15.564464428,0.050701577,0.032379553,16.371427246000167,2646052.0,PASSED,76084,1703600,5790175,,11,42283,,,,,1,,1,,,,8,,,16.101875777,,,,,True,1
increasingNumVariables/0025.trace,increasingNumVariables,macro,1,TIMEOUT,,MACRO,,37,2,0,8,,,,,,MIN_EXPANDED_SIZE,,,0.032765043,,,,,,,360.0,942224.0,IN_PROGRESS,,,,TIMEOUT,,,,,,,,,,,,,,,,,,,,,False,1
disjunctedExistence/0064.trace,disjunctedExistence,atlas-b,1,TIMEOUT,,ATLAS_B,,134,2,0,8,,,,,,MIN_EXPANDED_SIZE,,,0.032923871,,,,,,,360.0,4443984.0,IN_PROGRESS,,,,TIMEOUT,,,,,,,,,,,,,,,,,,,,,False,1
voting_machine/voting5.trace,voting_machine,macro,1,SAT,,MACRO,,13,2,0,8,4,69,4,4,4,MIN_EXPANDED_SIZE,0,4,0.061401632,0.00080066,0.055233075,0.011935874,3.086395629,0.008681231,0.020141412,3.5335910140001943,449996.0,PASSED,49912,147368,388908,,8,6632,10,3,0.0,0,1,,1,WEIGHTED_MAXSAT,69,69,8,0.692579247,2.393816382,3.344298738,13,13,0.006850205,0,True,1
robot/RAtrace/final46.trace,robot,atlas-b,1,SAT,,ATLAS_B,,2050,2,6,14,,,,,9,REPAIR,5,9,0.034814455,,,0.049697344,67.885917359,0.020080951,0.020594064,68.68250772200008,5389216.0,PASSED,11777,3979325,15222881,,23,25186,,,,,2,,2,,,,16,,,68.292101631,,,,,True,1
voting_machine/voting3.trace,voting_machine,atlas-b,1,SAT,,ATLAS_B,,13,2,0,8,,,,,4,MIN_EXPANDED_SIZE,0,4,0.055221445,,,0.031286675,14.168347249,0.017912028,0.025938982,14.770442516999537,407316.0,PASSED,12580,197919,675602,,18,4550,,,,,1,,1,,,,8,,,14.578475448,,,,,True,1
increasingNumVariables/0008.trace,increasingNumVariables,macro,1,SAT,,MACRO,,11,2,0,8,1,44,5,5,7,MIN_EXPANDED_SIZE,0,7,0.039058983,0.00074458,0.043001468,0.006183656,52.627925896,0.014946189,0.011416065,53.03625099300007,548676.0,PASSED,40147,302049,648175,,8,6649,43,2,0.4,1,1,,1,WEIGHTED_MAXSAT,104,36,8,0.542008426,52.08591747,52.85142791,30,30,0.010408477,0,True,1
peterson/constrained/safety4.trace,peterson,atlas-b,1,SAT,,ATLAS_B,,18,2,0,8,,,,,5,MIN_EXPANDED_SIZE,0,5,0.086024406,,,0.054173076,25.530392565,0.018369171,0.016535291,26.31148721199952,3708804.0,PASSED,38339,2575762,9747168,,23,22257,,,,,1,,1,,,,8,,,25.983177219,,,,,True,1
disjunctedExistence/0049.trace,disjunctedExistence,macro,1,SAT,,MACRO,,134,2,0,8,1,310,3,3,5,MIN_EXPANDED_SIZE,0,5,0.036117275,0.00077493,0.340911379,0.012320979,88.2376548,0.007124957,0.011705967,89.08586513599948,2084440.0,PASSED,98992,1142590,2743240,,8,19186,309,2,0.6666666666666666,1,1,,1,WEIGHTED_MAXSAT,1334,46,8,1.203654034,87.034000766,88.816891713,52,52,0.022288585,0,True,1
moreDetailedTest/0087.trace,moreDetailedTest,atlas-b,1,TIMEOUT,,ATLAS_B,,6,2,0,6,,,,,,MIN_EXPANDED_SIZE,,,0.042045274,,,,,,,360.0,1753216.0,IN_PROGRESS,,,,TIMEOUT,,,,,,,,,,,,,,,,,,,,,False,1
5to10Traces/0030.trace,5to10Traces,atlas-b,1,TIMEOUT,,ATLAS_B,,10,2,0,8,,,,,,MIN_EXPANDED_SIZE,,,0.035374999,,,,,,,360.0,1959068.0,IN_PROGRESS,,,,TIMEOUT,,,,,,,,,,,,,,,,,,,,,False,1
5to10Traces/0052.trace,5to10Traces,atlas-b,1,TIMEOUT,,ATLAS_B,,18,2,0,8,,,,,,MIN_EXPANDED_SIZE,,,0.040958617,,,,,,,360.0,1964356.0,IN_PROGRESS,,,,TIMEOUT,,,,,,,,,,,,,,,,,,,,,False,1
5to10Traces/0038.trace,5to10Traces,macro,1,TIMEOUT,,MACRO,,10,2,0,8,,,,,,MIN_EXPANDED_SIZE,,,0.037234458,,,,,,,360.0,3713868.0,IN_PROGRESS,,,,TIMEOUT,,,,,,,,,,,,,,,,,,,,,False,1
increasingNumVariables/0053.trace,increasingNumVariables,macro,1,TIMEOUT,,MACRO,,264,2,0,8,,,,,,MIN_EXPANDED_SIZE,,,0.036563891,,,,,,,360.0,1516832.0,IN_PROGRESS,,,,TIMEOUT,,,,,,,,,,,,,,,,,,,,,False,1
5to10Traces/0076.trace,5to10Traces,atlas-b,1,TIMEOUT,,ATLAS_B,,18,2,0,8,,,,,,MIN_EXPANDED_SIZE,,,0.033590141,,,,,,,360.0,2760396.0,IN_PROGRESS,,,,TIMEOUT,,,,,,,,,,,,,,,,,,,,,False,1
baseTest/0031.trace,baseTest,atlas-b,1,ERROR,,ATLAS_B,,3,2,0,3,,,,,,MIN_EXPANDED_SIZE,,,0.039110234,,,,,,,360.0,1217412.0,FAILED,,,,"ErrorType: Translation capacity exceeded.
In this scope, universe contains 1529 atoms
and relations of arity 3 cannot be represented.
Visit http://alloy.mit.edu/ for advice on refactoring.",,,,,,,,,,,,,,,,4.893917155,,,,,False,1
disjunctedExistence/0018.trace,disjunctedExistence,atlas-b,1,TIMEOUT,,ATLAS_B,,36,2,0,8,,,,,,MIN_EXPANDED_SIZE,,,0.036914855,,,,,,,360.0,4788444.0,IN_PROGRESS,,,,TIMEOUT,,,,,,,,,,,,,,,,,,,,,False,1
5to10Traces/0023.trace,5to10Traces,atlas-b,1,SAT,,ATLAS_B,,10,2,0,8,,,,,5,MIN_EXPANDED_SIZE,0,5,0.032401713,,,0.041574934,17.392181322,0.017252114,0.015464927,17.95575235599972,467852.0,PASSED,6224,288287,987561,,11,2420,,,,,1,,1,,,,8,,,17.772274319,,,,,True,1
5to10Traces/0167.trace,5to10Traces,macro,1,TIMEOUT,,MACRO,,6,2,0,6,,,,,,MIN_EXPANDED_SIZE,,,0.041214614,,,,,,,360.0,4262840.0,IN_PROGRESS,,,,TIMEOUT,,,,,,,,,,,,,,,,,,,,,False,1
moreDetailedTest/0122.trace,moreDetailedTest,macro,1,TIMEOUT,,MACRO,,10,2,0,8,,,,,,MIN_EXPANDED_SIZE,,,0.043005646,,,,,,,360.0,6280572.0,IN_PROGRESS,,,,TIMEOUT,,,,,,,,,,,,,,,,,,,,,False,1
increasingNumVariables/0010.trace,increasingNumVariables,macro,1,SAT,,MACRO,,11,2,0,8,1,44,5,5,7,MIN_EXPANDED_SIZE,0,7,0.040824322,0.000675728,0.046336147,0.006897021,101.76638713,0.006401444,0.025274036,102.23466055500103,900744.0,PASSED,44733,495670,1066872,,8,9916,43,2,0.4,1,1,,1,WEIGHTED_MAXSAT,104,36,8,0.651548862,101.114838268,102.012070872,50,50,0.010464765,0,True,1
moreDetailedTest/0010.trace,moreDetailedTest,macro,1,TIMEOUT,,MACRO,,10,2,0,8,,,,,,MIN_EXPANDED_SIZE,,,0.040654101,,,,,,,360.0,6225864.0,IN_PROGRESS,,,,TIMEOUT,,,,,,,,,,,,,,,,,,,,,False,1
weakening/weaken_antecedent/weaken_antecedent_10_55_55.trace,weakening,atlas-b,1,SAT,,ATLAS_B,,10,2,0,8,,,,,6,MIN_EXPANDED_SIZE,0,6,0.083290713,,,0.047657028,9.6401163,0.027565879,0.023646324,10.571955748999244,1478852.0,PASSED,43144,941572,3195925,,11,23383,,,,,1,,1,,,,8,,,10.351833508,,,,,True,1
weakening/weaken_antecedent/weaken_antecedent_10_55_55.trace,weakening,macro,1,SAT,,MACRO,,10,2,0,8,15,109,6,6,6,MIN_EXPANDED_SIZE,0,6,0.078973167,0.002108016,0.036267801,0.009938026,23.865175153,0.011345405,0.02163207,25.12661499599926,1942988.0,PASSED,111862,978839,2476057,,8,40866,6,6,0.0,0,1,,1,WEIGHTED_MAXSAT,169,109,8,1.357187451,22.507987702,24.892041368,110,104,0.001269494,0,True,1
disjunctedExistence/0064.trace,disjunctedExistence,macro,1,TIMEOUT,,MACRO,,134,2,0,8,,,,,,MIN_EXPANDED_SIZE,,,0.036148439,,,,,,,360.0,6099180.0,IN_PROGRESS,,,,TIMEOUT,,,,,,,,,,,,,,,,,,,,,False,1
5to10Traces/0188.trace,5to10Traces,atlas-b,1,SAT,,ATLAS_B,,10,2,0,8,,,,,5,MIN_EXPANDED_SIZE,0,5,0.03223969,,,0.085221019,25.411056385,0.070952083,0.017516252,26.19176287799928,3152268.0,PASSED,71889,2224757,7303996,,11,24320,,,,,1,,1,,,,8,,,25.909041338,,,,,True,1
5to10Traces/0013.trace,5to10Traces,atlas-b,1,SAT,,ATLAS_B,,5,2,0,5,,,,,3,MIN_EXPANDED_SIZE,0,3,0.035025224,,,0.06402354,19.995559086,0.027721871,0.016023593,20.77529031299855,3074508.0,PASSED,45109,2288427,7819466,,7,26327,,,,,1,,1,,,,5,,,20.450415009,,,,,True,1
moreDetailedTest/0005.trace,moreDetailedTest,macro,1,TIMEOUT,,MACRO,,10,2,0,8,,,,,,MIN_EXPANDED_SIZE,,,0.038348723,,,,,,,360.0,3524996.0,IN_PROGRESS,,,,TIMEOUT,,,,,,,,,,,,,,,,,,,,,False,1
moreDetailedTest/0026.trace,moreDetailedTest,macro,1,SAT,,MACRO,,5,2,0,5,1,32,1,1,3,MIN_EXPANDED_SIZE,0,3,0.035904262,0.000653747,0.034630529,0.017850068,8.255274386,0.004224651,0.009009376,8.718573786998604,868308.0,PASSED,70166,451712,908761,,5,9282,31,1,2.0,2,1,,1,WEIGHTED_MAXSAT,44,28,5,0.762354422,7.492919964,8.500478852,100,89,0.009294465,0,True,1
equal/0008.trace,equal,atlas-b,1,SAT,,ATLAS_B,,5,2,0,5,,,,,3,MIN_EXPANDED_SIZE,0,3,0.034585478,,,0.061983467,6.798496155,0.024788701,1.037724831,8.4774160270008,949264.0,PASSED,39640,724265,2300106,,7,12147,,,,,1,,1,,,,5,,,8.262349761,,,,,True,1
5to10Traces/0052.trace,5to10Traces,macro,1,SAT,,MACRO,,18,2,0,8,1,58,3,3,6,MIN_EXPANDED_SIZE,0,6,0.041944622,0.000712168,0.06667422,0.009747046,99.963246334,0.006632165,0.032070125,101.94759540199993,2344768.0,PASSED,92668,1797427,3784877,,8,32942,57,3,1.0,2,1,,1,WEIGHTED_MAXSAT,174,36,8,1.120697399,98.842548935,100.747629713,200,199,0.010597058,0,True,1
weakening/weaken_antecedent/weaken_antecedent_10_80_80.trace,weakening,macro,1,SAT,,MACRO,,10,2,0,8,15,109,6,6,6,MIN_EXPANDED_SIZE,0,6,0.085433091,0.002539917,0.047957264,0.019101743,28.881982683,0.017620774,0.046356382,29.61092330500105,2165808.0,PASSED,124157,1369927,3422121,,8,56706,6,6,0.0,0,1,,1,WEIGHTED_MAXSAT,169,109,8,1.616978991,27.265003692,29.326836028,160,152,0.001113559,0,True,1
moreDetailedTest/0061.trace,moreDetailedTest,macro,1,TIMEOUT,,MACRO,,18,2,0,8,,,,,,MIN_EXPANDED_SIZE,,,0.042410661,,,,,,,360.0,3506676.0,IN_PROGRESS,,,,TIMEOUT,,,,,,,,,,,,,,,,,,,,,False,1
5to10Traces/0112.trace,5to10Traces,atlas-b,1,SAT,,ATLAS_B,,67,2,0,8,,,,,2,MIN_EXPANDED_SIZE,0,2,0.036367076,,,0.046312554,3.085085689,0.015733819,0.014748443,3.8069317689987656,478828.0,PASSED,13257,317416,1047426,,12,3683,,,,,1,,1,,,,8,,,3.485189215,,,,,True,1
moreDetailedTest/0035.trace,moreDetailedTest,macro,1,TIMEOUT,,MACRO,,18,2,0,8,,,,,,MIN_EXPANDED_SIZE,,,0.03470836,,,,,,,360.0,4419436.0,IN_PROGRESS,,,,TIMEOUT,,,,,,,,,,,,,,,,,,,,,False,1
moreDetailedTest/0003.trace,moreDetailedTest,atlas-b,1,TIMEOUT,,ATLAS_B,,10,2,0,8,,,,,,MIN_EXPANDED_SIZE,,,0.042756171,,,,,,,360.0,2388708.0,IN_PROGRESS,,,,TIMEOUT,,,,,,,,,,,,,,,,,,,,,False,1
disjunctedExistence/0045.trace,disjunctedExistence,atlas-b,1,SAT,,ATLAS_B,,11,2,0,8,,,,,4,MIN_EXPANDED_SIZE,0,4,0.039869378,,,0.121553855,43.679448415,0.094988837,0.022362264,44.69952285200088,4983904.0,PASSED,141178,3955665,13051547,,12,42953,,,,,1,,1,,,,8,,,44.277841736,,,,,True,1
moreDetailedTest/0122.trace,moreDetailedTest,atlas-b,1,TIMEOUT,,ATLAS_B,,10,2,0,8,,,,,,MIN_EXPANDED_SIZE,,,0.047215816,,,,,,,360.0,6688896.0,IN_PROGRESS,,,,TIMEOUT,,,,,,,,,,,,,,,,,,,,,False,1
equal/0027.trace,equal,atlas-b,1,TIMEOUT,,ATLAS_B,,6,2,0,6,,,,,,MIN_EXPANDED_SIZE,,,0.04303392,,,,,,,360.0,822228.0,IN_PROGRESS,,,,TIMEOUT,,,,,,,,,,,,,,,,,,,,,False,1
increasingNumVariables/0010.trace,increasingNumVariables,atlas-b,1,TIMEOUT,,ATLAS_B,,11,2,0,8,,,,,,MIN_EXPANDED_SIZE,,,0.033242529,,,,,,,360.0,726148.0,IN_PROGRESS,,,,TIMEOUT,,,,,,,,,,,,,,,,,,,,,False,1
weakening/weaken_antecedent/weaken_antecedent_10_80_80.trace,weakening,atlas-b,1,SAT,,ATLAS_B,,10,2,0,8,,,,,6,MIN_EXPANDED_SIZE,0,6,0.091545169,,,0.067049806,13.920066619,0.04100032,0.022107009,14.699843241000053,1874816.0,PASSED,61444,1364921,4637175,,11,33883,,,,,1,,1,,,,8,,,14.462178356,,,,,True,1
5to10Traces/0112.trace,5to10Traces,macro,1,SAT,,MACRO,,67,2,0,8,1,149,1,1,2,MIN_EXPANDED_SIZE,0,2,0.035236583,0.000672718,0.131604293,0.007512863,1.585432536,0.004254206,0.010170365,2.080859159001193,226124.0,PASSED,24686,41153,79711,,8,1825,148,1,1.0,1,1,,1,WEIGHTED_MAXSAT,664,5,2,0.546766374,1.038666162,1.919684116,39,39,0.011368168,2,True,1
5to10Traces/0000.trace,5to10Traces,atlas-b,1,SAT,,ATLAS_B,,5,2,0,5,,,,,3,MIN_EXPANDED_SIZE,0,3,0.039107979,,,0.045917723,0.788408887,0.029658232,0.014984096,1.3727129569997487,164300.0,PASSED,4354,38395,121118,,7,747,,,,,1,,1,,,,5,,,1.188207871,,,,,True,1
increasingNumVariables/0018.trace,increasingNumVariables,atlas-b,1,TIMEOUT,,ATLAS_B,,20,2,0,8,,,,,,MIN_EXPANDED_SIZE,,,0.034216636,,,,,,,360.0,770304.0,IN_PROGRESS,,,,TIMEOUT,,,,,,,,,,,,,,,,,,,,,False,1
equal/0008.trace,equal,macro,1,SAT,,MACRO,,5,2,0,5,1,32,1,1,3,MIN_EXPANDED_SIZE,0,3,0.035503635,0.000666958,0.037146931,0.009740825,11.80546768,0.00479144,0.012822259,12.368174240000371,1301792.0,PASSED,82239,834583,1675039,,5,16632,31,1,2.0,2,1,,1,WEIGHTED_MAXSAT,44,28,5,0.972912926,10.832554754,12.148462357,200,168,0.010469625,0,True,1
5to10Traces/0045.trace,5to10Traces,macro,1,SAT,,MACRO,,18,2,0,8,1,78,3,3,5,MIN_EXPANDED_SIZE,0,5,0.038691302,0.000539934,0.078521615,0.0055304,4.144620503,0.006005533,0.008050079,4.528202383000462,319188.0,PASSED,42304,165417,391827,,8,4238,77,3,0.6666666666666666,1,1,,1,WEIGHTED_MAXSAT,174,46,8,0.569940008,3.574680495,4.361558182,7,7,0.008997305,0,True,1
5to10Traces/0018.trace,5to10Traces,atlas-b,1,SAT,,ATLAS_B,,5,2,0,5,,,,,3,MIN_EXPANDED_SIZE,0,3,0.033789448,,,0.089190486,18.954186051,0.086118162,0.022297806,19.76913699099896,2600240.0,PASSED,86414,1626743,5167214,,7,27147,,,,,1,,1,,,,5,,,19.522442334,,,,,True,1
increasingNumVariables/0008.trace,increasingNumVariables,atlas-b,1,TIMEOUT,,ATLAS_B,,11,2,0,8,,,,,,MIN_EXPANDED_SIZE,,,0.036844832,,,,,,,360.0,429840.0,IN_PROGRESS,,,,TIMEOUT,,,,,,,,,,,,,,,,,,,,,False,1
5to10Traces/0029.trace,5to10Traces,macro,1,TIMEOUT,,MACRO,,10,2,0,8,,,,,,MIN_EXPANDED_SIZE,,,0.040251186,,,,,,,360.0,3693628.0,IN_PROGRESS,,,,TIMEOUT,,,,,,,,,,,,,,,,,,,,,False,1
baseTest/0017.trace,baseTest,atlas-b,1,ERROR,,ATLAS_B,,18,2,0,8,,,,,,MIN_EXPANDED_SIZE,,,0.037150701,,,,,,,360.0,1254312.0,FAILED,,,,"ErrorType: Translation capacity exceeded.
In this scope, universe contains 1551 atoms
and relations of arity 3 cannot be represented.
Visit http://alloy.mit.edu/ for advice on refactoring.",,,,,,,,,,,,,,,,5.634716088,,,,,False,1
peterson/extra_traces/liveness1.trace,peterson,atlas-b,1,SAT,,ATLAS_B,,18,2,0,8,,,,,5,MIN_EXPANDED_SIZE,0,5,0.078553465,,,0.060761231,35.678412894,0.018099114,0.016014856,36.576665675000186,4561864.0,PASSED,49610,3403475,12907867,,23,29297,,,,,1,,1,,,,8,,,36.183337547,,,,,True,1
moreDetailedTest/0047.trace,moreDetailedTest,macro,1,SAT,,MACRO,,3,2,0,3,1,22,1,1,2,MIN_EXPANDED_SIZE,0,2,0.035724173,0.000665418,0.019655095,0.008253015,3.927116007,0.00439521,0.011868163,4.5373048769997695,476440.0,PASSED,63931,248843,471559,,3,10686,21,1,1.0,1,1,,1,WEIGHTED_MAXSAT,24,5,2,1.060253106,2.866862901,4.351182094,350,259,0.008854172,2,True,1
peterson/constrained/liveness1.trace,peterson,macro,1,SAT,,MACRO,,18,2,0,8,10,171,4,4,5,MIN_EXPANDED_SIZE,0,5,0.115682053,0.001741617,0.149398382,0.012155521,11.368708755,0.028538357,0.011930036,12.030979913999545,964040.0,PASSED,92622,368313,1245787,,8,16230,10,4,0.25,1,1,,1,WEIGHTED_MAXSAT,171,171,8,1.338367265,10.03034149,11.800937945,12,12,0.000304058,0,True,1
moreDetailedTest/0040.trace,moreDetailedTest,macro,1,SAT,,MACRO,,18,2,0,8,1,58,3,3,6,MIN_EXPANDED_SIZE,0,6,0.041246994,0.000681878,0.058525565,0.008237014,72.469631241,0.005555511,0.010525938,73.01640160900024,1794632.0,PASSED,72899,926446,1976928,,8,17432,57,3,1.0,1,1,,1,WEIGHTED_MAXSAT,174,36,8,0.779646088,71.689985153,72.743582199,100,100,0.009055247,0,True,1
5to10Traces/0171.trace,5to10Traces,atlas-b,1,TIMEOUT,,ATLAS_B,,6,2,0,6,,,,,,MIN_EXPANDED_SIZE,,,0.035326934,,,,,,,360.0,8452716.0,IN_PROGRESS,,,,TIMEOUT,,,,,,,,,,,,,,,,,,,,,False,1
5to10Traces/0098.trace,5to10Traces,macro,1,SAT,,MACRO,,3,2,0,3,1,22,1,1,2,MIN_EXPANDED_SIZE,0,2,0.036658757,0.000675239,0.028213656,0.007414942,3.338663436,0.005007436,0.011370649,3.768558715000836,455316.0,PASSED,54710,192043,365599,,3,8274,21,1,1.0,1,1,,1,WEIGHTED_MAXSAT,24,5,2,1.009571499,2.329091937,3.609890274,250,199,0.008757108,2,True,1
weakening/weaken_antecedent/weaken_antecedent_10_35_35.trace,weakening,atlas-b,1,SAT,,ATLAS_B,,10,2,0,8,,,,,6,MIN_EXPANDED_SIZE,0,6,0.089211554,,,0.044376656,5.087136458,0.018267516,0.032570895,5.7350830220002535,907832.0,PASSED,28504,602896,2042925,,11,14983,,,,,1,,1,,,,8,,,5.555877263,,,,,True,1
increasingNumVariables/0047.trace,increasingNumVariables,atlas-b,1,TIMEOUT,,ATLAS_B,,135,2,0,8,,,,,,MIN_EXPANDED_SIZE,,,0.040252773,,,,,,,360.0,1530592.0,IN_PROGRESS,,,,TIMEOUT,,,,,,,,,,,,,,,,,,,,,False,1
increasingNumVariables/0027.trace,increasingNumVariables,atlas-b,1,TIMEOUT,,ATLAS_B,,37,2,0,8,,,,,,MIN_EXPANDED_SIZE,,,0.035505509,,,,,,,360.0,881096.0,IN_PROGRESS,,,,TIMEOUT,,,,,,,,,,,,,,,,,,,,,False,1
5to10Traces/0188.trace,5to10Traces,macro,1,SAT,,MACRO,,10,2,0,8,1,42,3,3,5,MIN_EXPANDED_SIZE,0,5,0.042019008,0.000681548,0.04059011,0.015056064,106.749891676,0.005417738,0.034861797,107.473221663,3251564.0,PASSED,116907,2733920,5794730,,8,49244,41,2,0.6666666666666666,1,1,,1,WEIGHTED_MAXSAT,94,36,8,1.779872304,104.970019372,107.164577136,300,300,0.01377397,0,True,1
equal/0037.trace,equal,macro,1,SAT,,MACRO,,10,2,0,8,1,42,3,3,5,MIN_EXPANDED_SIZE,0,5,0.03311696,0.000685239,0.049053674,0.005807808,7.904516841,0.006835946,0.008899492,8.321281647000433,455892.0,PASSED,40162,200599,428461,,8,4925,41,2,0.6666666666666666,1,1,,1,WEIGHTED_MAXSAT,94,36,8,0.507718079,7.396798762,8.16940092,20,20,0.009797817,0,True,1
baseTest/0034.trace,baseTest,macro,1,SAT,,MACRO,,3,2,0,3,1,22,1,1,2,MIN_EXPANDED_SIZE,0,2,0.035700571,0.00071655,0.025149053,0.01214333,6.596563203,0.005006646,0.014916396,7.345467156999803,917028.0,PASSED,98846,461830,879411,,3,19830,21,1,1.0,1,1,,1,WEIGHTED_MAXSAT,24,5,2,1.882266937,4.714296266,7.156553473,500,471,0.010875776,2,True,1
equal/0009.trace,equal,atlas-b,1,SAT,,ATLAS_B,,5,2,0,5,,,,,3,MIN_EXPANDED_SIZE,0,3,0.038230859,,,0.041056695,1.319945994,0.018101332,0.03237003,1.9011509400006616,258308.0,PASSED,6204,74495,235803,,7,1347,,,,,1,,1,,,,5,,,1.716667126,,,,,True,1
5to10Traces/0030.trace,5to10Traces,macro,1,TIMEOUT,,MACRO,,10,2,0,8,,,,,,MIN_EXPANDED_SIZE,,,0.037694395,,,,,,,360.0,2340124.0,IN_PROGRESS,,,,TIMEOUT,,,,,,,,,,,,,,,,,,,,,False,1
increasingNumVariables/0018.trace,increasingNumVariables,macro,1,TIMEOUT,,MACRO,,20,2,0,8,,,,,,MIN_EXPANDED_SIZE,,,0.034470852,,,,,,,360.0,924068.0,IN_PROGRESS,,,,TIMEOUT,,,,,,,,,,,,,,,,,,,,,False,1
5to10Traces/0095.trace,5to10Traces,atlas-b,1,SAT,,ATLAS_B,,3,2,0,3,,,,,2,MIN_EXPANDED_SIZE,0,2,0.032079022,,,1.018578747,6.796572294,0.021008176,0.03075952,9.335372106999785,1061504.0,PASSED,24909,767418,2634345,,5,12231,,,,,1,,1,,,,3,,,9.146004425,,,,,True,1
peterson/constrained/liveness1.trace,peterson,atlas-b,1,SAT,,ATLAS_B,,18,2,0,8,,,,,5,MIN_EXPANDED_SIZE,0,5,0.121949428,,,0.057174122,24.809182145,0.016537816,0.024425488,25.64450266699896,3711916.0,PASSED,39154,2576539,9748733,,23,22257,,,,,1,,1,,,,8,,,25.327314975,,,,,True,1
5to10Traces/0128.trace,5to10Traces,macro,1,TIMEOUT,,MACRO,,67,2,0,8,,,,,,MIN_EXPANDED_SIZE,,,0.036905485,,,,,,,360.0,3703736.0,IN_PROGRESS,,,,TIMEOUT,,,,,,,,,,,,,,,,,,,,,False,1
moreDetailedTest/0032.trace,moreDetailedTest,macro,1,SAT,,MACRO,,18,2,0,8,1,58,3,3,6,MIN_EXPANDED_SIZE,0,6,0.035268691,0.000674069,0.075187342,0.013760043,172.429997,0.006970097,0.035139125,173.2259892279999,3254224.0,PASSED,112008,2726874,5771404,,8,49145,57,3,1.0,2,1,,1,WEIGHTED_MAXSAT,174,36,8,1.581544634,170.848452366,172.916893949,300,297,0.011773447,0,True,1
moreDetailedTest/0092.trace,moreDetailedTest,atlas-b,1,TIMEOUT,,ATLAS_B,,6,2,0,6,,,,,,MIN_EXPANDED_SIZE,,,0.044349752,,,,,,,360.0,3718196.0,IN_PROGRESS,,,,TIMEOUT,,,,,,,,,,,,,,,,,,,,,False,1
5to10Traces/0006.trace,5to10Traces,atlas-b,1,SAT,,ATLAS_B,,5,2,0,5,,,,,3,MIN_EXPANDED_SIZE,0,3,0.031828704,,,0.051831322,5.095494553,0.01864475,0.014050017,5.670750630000839,842076.0,PASSED,30364,543780,1726695,,7,9147,,,,,1,,1,,,,5,,,5.510171782,,,,,True,1
baseTest/0027.trace,baseTest,macro,1,UNSAT,,MACRO,,6,2,0,6,1,34,0,0,0,MIN_EXPANDED_SIZE,0,0,0.030774785,0.000537435,0.024151137,0.009622978,153.427216038,0.000245016,0.00073755,153.84924343600142,1740656.0,NOT_APPLICABLE_UNSAT,78133,1110561,2289740,,6,20766,33,0,0.0,0,1,,1,WEIGHTED_MAXSAT,54,32,6,0.98228397,152.444932068,153.606813708,162,162,0.020393937,0,True,1
moreDetailedTest/0041.trace,moreDetailedTest,macro,1,SAT,,MACRO,,18,2,0,8,1,58,3,3,6,MIN_EXPANDED_SIZE,0,6,0.043349924,0.000526154,0.054723719,0.005488408,12.245404854,0.006475874,0.017604203,12.631613221999942,322492.0,PASSED,34915,112696,250434,,8,3308,57,3,1.0,2,1,,1,WEIGHTED_MAXSAT,174,36,8,0.461372845,11.784032009,12.465520453,10,10,0.008325353,0,True,1
5to10Traces/0132.trace,5to10Traces,macro,1,SAT,,MACRO,,3,2,0,3,1,22,1,1,2,MIN_EXPANDED_SIZE,0,2,0.036041368,0.000513023,0.022648328,0.00337207,0.902486616,0.004567153,0.016097282,1.1900107049987128,142656.0,PASSED,16615,10226,19460,,3,498,21,1,1.0,1,1,,1,WEIGHTED_MAXSAT,24,5,2,0.368989345,0.533497271,1.050271084,10,10,0.006280089,2,True,1
moreDetailedTest/0077.trace,moreDetailedTest,atlas-b,1,TIMEOUT,,ATLAS_B,,67,2,0,8,,,,,,MIN_EXPANDED_SIZE,,,0.046586711,,,,,,,360.0,4083896.0,IN_PROGRESS,,,,TIMEOUT,,,,,,,,,,,,,,,,,,,,,False,1
moreDetailedTest/0087.trace,moreDetailedTest,macro,1,TIMEOUT,,MACRO,,6,2,0,6,,,,,,MIN_EXPANDED_SIZE,,,0.037299548,,,,,,,360.0,2496424.0,IN_PROGRESS,,,,TIMEOUT,,,,,,,,,,,,,,,,,,,,,False,1
voting_machine/voting5.trace,voting_machine,atlas-b,1,SAT,,ATLAS_B,,13,2,0,8,,,,,4,MIN_EXPANDED_SIZE,0,4,0.063411187,,,0.041891877,3.076132681,0.029224527,0.019239388,3.719966689001012,408464.0,PASSED,13576,211474,722348,,18,4869,,,,,1,,1,,,,8,,,3.540398557,,,,,True,1
5to10Traces/0029.trace,5to10Traces,atlas-b,1,TIMEOUT,,ATLAS_B,,10,2,0,8,,,,,,MIN_EXPANDED_SIZE,,,0.041006814,,,,,,,360.0,5185164.0,IN_PROGRESS,,,,TIMEOUT,,,,,,,,,,,,,,,,,,,,,False,1
5to10Traces/0134.trace,5to10Traces,macro,1,SAT,,MACRO,,3,2,0,3,1,22,1,1,2,MIN_EXPANDED_SIZE,0,2,0.035072774,0.000679208,0.020491912,0.004515332,1.328126395,0.004364888,0.018003004,1.650785806001295,226820.0,PASSED,28823,42458,81157,,3,1884,21,1,1.0,1,1,,1,WEIGHTED_MAXSAT,24,5,2,0.411489702,0.916636693,1.509628729,50,44,0.00702485,2,True,1
moreDetailedTest/0032.trace,moreDetailedTest,atlas-b,1,TIMEOUT,,ATLAS_B,,18,2,0,8,,,,,,MIN_EXPANDED_SIZE,,,0.038950968,,,,,,,360.0,3175696.0,IN_PROGRESS,,,,TIMEOUT,,,,,,,,,,,,,,,,,,,,,False,1
peterson/extra_traces/liveness5.trace,peterson,macro,1,SAT,,MACRO,,18,2,0,8,6,103,4,4,5,MIN_EXPANDED_SIZE,0,5,0.070978591,0.001040688,0.111413789,0.021844517,5.864392302,0.009946828,0.012728633,6.4075061040002765,702084.0,PASSED,69603,356123,1180231,,8,14558,10,4,0.25,1,1,,1,WEIGHTED_MAXSAT,103,103,8,0.936208305,4.928183997,6.210885071,16,16,0.000303769,0,True,1
5to10Traces/0013.trace,5to10Traces,macro,1,SAT,,MACRO,,5,2,0,5,1,34,1,1,3,MIN_EXPANDED_SIZE,0,3,0.032167196,0.000702559,0.070032615,0.017699997,19.017661236,0.004120291,0.011023676,19.623934948998794,2358040.0,PASSED,150385,1546986,3601990,,5,32025,33,1,2.0,2,1,,1,WEIGHTED_MAXSAT,44,28,5,1.426214417,17.591446819,19.34910925,154,154,0.019620488,0,True,1
moreDetailedTest/0041.trace,moreDetailedTest,atlas-b,1,SAT,,ATLAS_B,,18,2,0,8,,,,,6,MIN_EXPANDED_SIZE,0,6,0.041723204,,,0.029188926,24.202406831,0.029049482,0.01857672,24.713502050000898,282612.0,PASSED,4809,82237,269611,,11,1120,,,,,1,,1,,,,8,,,24.57828401,,,,,True,1
5to10Traces/0086.trace,5to10Traces,macro,1,TIMEOUT,,MACRO,,18,2,0,8,,,,,,MIN_EXPANDED_SIZE,,,0.034578451,,,,,,,360.0,4224024.0,IN_PROGRESS,,,,TIMEOUT,,,,,,,,,,,,,,,,,,,,,False,1
moreDetailedTest/0099.trace,moreDetailedTest,macro,1,SAT,,MACRO,,3,2,0,3,1,22,1,1,2,MIN_EXPANDED_SIZE,0,2,0.032381694,0.000630477,0.021529351,0.006832764,2.688001361,0.004863022,0.018313254,3.1329706470005476,338952.0,PASSED,49368,148835,282354,,3,6393,21,1,1.0,1,1,,1,WEIGHTED_MAXSAT,24,5,2,0.770231093,1.917770268,2.994225444,200,157,0.011090099,2,True,1
5to10Traces/0128.trace,5to10Traces,atlas-b,1,TIMEOUT,,ATLAS_B,,67,2,0,8,,,,,,MIN_EXPANDED_SIZE,,,0.036263488,,,,,,,360.0,3973804.0,IN_PROGRESS,,,,TIMEOUT,,,,,,,,,,,,,,,,,,,,,False,1
increasingNumVariables/0053.trace,increasingNumVariables,atlas-b,1,TIMEOUT,,ATLAS_B,,264,2,0,8,,,,,,MIN_EXPANDED_SIZE,,,0.038032166,,,,,,,360.0,1147564.0,IN_PROGRESS,,,,TIMEOUT,,,,,,,,,,,,,,,,,,,,,False,1
5to10Traces/0149.trace,5to10Traces,atlas-b,1,SAT,,ATLAS_B,,3,2,0,3,,,,,2,MIN_EXPANDED_SIZE,0,2,0.031995059,,,0.063514915,17.170158452,0.039413441,0.026383313,17.86525746999996,2813764.0,PASSED,60885,1997348,6858109,,5,31731,,,,,1,,1,,,,3,,,17.621074032,,,,,True,1
weakening/weaken_antecedent/weaken_antecedent_75_10_10.trace,weakening,macro,1,SAT,,MACRO,,10,2,0,8,15,109,6,6,6,MIN_EXPANDED_SIZE,0,6,0.079870799,0.002374581,0.194296564,0.021256731,25.994048352,0.009581394,0.028136444,26.76285187499991,2127112.0,PASSED,108185,1205163,3249644,,8,56343,6,6,0.0,0,1,,1,WEIGHTED_MAXSAT,169,109,8,1.118849087,24.875199265,26.507056127,20,20,0.001056347,0,True,1
5to10Traces/0149.trace,5to10Traces,macro,1,SAT,,MACRO,,3,2,0,3,1,22,1,1,2,MIN_EXPANDED_SIZE,0,2,0.033973594,0.000601636,0.044169635,0.010702725,4.858397829,0.005093211,0.018565326,5.45984167000006,574608.0,PASSED,90562,369188,819998,,3,18372,21,1,1.0,1,1,,1,WEIGHTED_MAXSAT,24,5,2,1.134240345,3.724157484,5.294978395,211,211,0.009478491,2,True,1
5to10Traces/0050.trace,5to10Traces,macro,1,SAT,,MACRO,,18,2,0,8,1,58,3,3,6,MIN_EXPANDED_SIZE,0,6,0.031751225,0.000682368,0.064628001,0.009832753,80.130390009,0.006004186,0.014952679,80.69513191800002,1978168.0,PASSED,82832,1377099,2921949,,8,25451,57,3,1.0,1,1,,1,WEIGHTED_MAXSAT,174,36,8,1.009647556,79.120742453,80.477303006,150,150,0.016193676,0,True,1
moreDetailedTest/0112.trace,moreDetailedTest,atlas-b,1,SAT,,ATLAS_B,,3,2,0,3,,,,,2,MIN_EXPANDED_SIZE,0,2,0.03309345,,,0.071848127,3.468389795,0.027296339,0.027928555,4.104308404999983,583696.0,PASSED,30342,303453,939384,,5,7581,,,,,1,,1,,,,3,,,3.921686501,,,,,True,1
baseTest/0008.trace,baseTest,macro,1,SAT,,MACRO,,5,2,0,5,1,32,1,1,3,MIN_EXPANDED_SIZE,0,3,0.039647981,0.000740899,0.03502453,0.018618074,133.990991313,0.004054485,0.026221226,135.36514258700004,4231228.0,PASSED,195258,4482152,9029931,,5,85911,31,1,2.0,2,1,,1,WEIGHTED_MAXSAT,44,28,5,4.793001676,129.197989637,135.082365804,1000,869,0.007935606,0,True,1
disjunctedExistence/0033.trace,disjunctedExistence,atlas-b,1,SAT,,ATLAS_B,,11,2,0,8,,,,,4,MIN_EXPANDED_SIZE,0,4,0.034062928,,,0.06280751,14.76277886,0.044804829,0.015561319,15.41298906999998,2075116.0,PASSED,58078,1593165,5256647,,12,17453,,,,,1,,1,,,,8,,,15.212588546,,,,,True,1
moreDetailedTest/0075.trace,moreDetailedTest,atlas-b,1,TIMEOUT,,ATLAS_B,,67,2,0,8,,,,,,MIN_EXPANDED_SIZE,,,0.039982011,,,,,,,360.0,3232484.0,IN_PROGRESS,,,,TIMEOUT,,,,,,,,,,,,,,,,,,,,,False,1
5to10Traces/0100.trace,5to10Traces,atlas-b,1,SAT,,ATLAS_B,,3,2,0,3,,,,,2,MIN_EXPANDED_SIZE,0,2,0.033351242,,,0.081263665,6.17564628,0.033038044,0.014625242,6.808529966000151,1089276.0,PASSED,58284,605839,1876048,,5,15081,,,,,1,,1,,,,3,,,6.633362713,,,,,True,1
moreDetailedTest/0051.trace,moreDetailedTest,atlas-b,1,SAT,,ATLAS_B,,3,2,0,3,,,,,2,MIN_EXPANDED_SIZE,0,2,0.038710813,,,0.082301413,15.073942294,0.0634711,0.024553603,16.030356436000147,2408692.0,PASSED,133090,1412199,4373810,,5,35081,,,,,1,,1,,,,3,,,15.78398791,,,,,True,1
5to10Traces/0182.trace,5to10Traces,macro,1,SAT,,MACRO,,10,2,0,8,1,42,3,3,5,MIN_EXPANDED_SIZE,0,5,0.032907681,0.000697989,0.044448323,0.0145628,44.981175295,0.005909654,0.018570758,46.23746487099993,2053208.0,PASSED,83042,1355881,2870007,,8,25121,41,2,0.6666666666666666,1,1,,1,WEIGHTED_MAXSAT,94,36,8,1.965770886,43.015404409,45.997384204,150,150,0.016904552,0,True,1
moreDetailedTest/0075.trace,moreDetailedTest,macro,1,TIMEOUT,,MACRO,,67,2,0,8,,,,,,MIN_EXPANDED_SIZE,,,0.036411784,,,,,,,360.0,3238200.0,IN_PROGRESS,,,,TIMEOUT,,,,,,,,,,,,,,,,,,,,,False,1
equal/0016.trace,equal,atlas-b,1,SAT,,ATLAS_B,,18,2,0,8,,,,,5,MIN_EXPANDED_SIZE,0,5,0.031926087,,,0.035608696,2.164449654,0.0633166,0.016514134,2.7642156250001335,297812.0,PASSED,7109,156117,512176,,11,1920,,,,,1,,1,,,,8,,,2.602242556,,,,,True,1
5to10Traces/0063.trace,5to10Traces,macro,1,TIMEOUT,,MACRO,,18,2,0,8,,,,,,MIN_EXPANDED_SIZE,,,0.047033923,,,,,,,360.0,5720780.0,IN_PROGRESS,,,,TIMEOUT,,,,,,,,,,,,,,,,,,,,,False,1
increasingNumVariables/0023.trace,increasingNumVariables,macro,1,TIMEOUT,,MACRO,,20,2,0,8,,,,,,MIN_EXPANDED_SIZE,,,0.034198342,,,,,,,360.0,1754548.0,IN_PROGRESS,,,,TIMEOUT,,,,,,,,,,,,,,,,,,,,,False,1
voting_machine/voting8.trace,voting_machine,macro,1,SAT,,MACRO,,13,2,0,8,4,69,4,4,4,MIN_EXPANDED_SIZE,0,4,0.051594532,0.000841063,0.067661368,0.008900286,4.661866272,0.006063721,0.011539377,5.092135138999993,453788.0,PASSED,59599,183269,487409,,8,7952,10,3,0.0,0,1,,1,WEIGHTED_MAXSAT,69,69,8,0.794939029,3.866927243,4.91647649,16,16,0.00714083,0,True,1
robot/RRtrace/order6.trace,robot,macro,1,SAT,,MACRO,,2050,2,5,13,4,37,7,7,9,REPAIR,4,9,0.045755796,0.000814472,0.094288756,0.013263503,6.260869525,0.010948221,0.020163076,6.9141399390000515,779656.0,PASSED,23415,390771,1071151,,13,15626,6,4,0.2857142857142857,2,2,,2,WEIGHTED_MAXSAT,61,37,16,0.758721968,5.502147557,6.704935377,7,7,0.000438592,0,True,1
weakening/weaken_antecedent/weaken_antecedent_100_10_10.trace,weakening,atlas-b,1,TIMEOUT,,ATLAS_B,,10,2,0,8,,,,,,MIN_EXPANDED_SIZE,,,0.084827915,,,,,,,360.0,4471972.0,IN_PROGRESS,,,,TIMEOUT,,,,,,,,,,,,,,,,,,,,,False,1
5to10Traces/0049.trace,5to10Traces,atlas-b,1,SAT,,ATLAS_B,,18,2,0,8,,,,,6,MIN_EXPANDED_SIZE,0,6,0.034016358,,,0.050873888,111.661727547,0.017002812,0.016510359,112.33268870200004,2187456.0,PASSED,25246,1743923,5982258,,11,13340,,,,,1,,1,,,,8,,,112.082991831,,,,,True,1
5to10Traces/0194.trace,5to10Traces,macro,1,TIMEOUT,,MACRO,,10,2,0,8,,,,,,MIN_EXPANDED_SIZE,,,0.041981676,,,,,,,360.0,4030844.0,IN_PROGRESS,,,,TIMEOUT,,,,,,,,,,,,,,,,,,,,,False,1
robot/RAtrace/final4.trace,robot,macro,1,SAT,,MACRO,,2050,2,6,14,2,14,8,8,9,REPAIR,5,9,0.038513999,0.000701149,0.064392262,0.006922434,5.826569305,0.01048862,0.015409022,6.296080126000106,595592.0,PASSED,23085,367807,1001031,,14,13559,6,3,0.125,1,2,,2,WEIGHTED_MAXSAT,22,14,16,0.638757836,5.187811469,6.091793354,6,6,0.000423722,0,True,1
baseTest/0014.trace,baseTest,macro,1,SAT,,MACRO,,5,2,0,5,1,32,1,1,3,MIN_EXPANDED_SIZE,0,3,0.031596424,0.000649758,0.028301757,0.006931705,5.01534071,0.004255514,0.012909335,5.417197913000109,503392.0,PASSED,51944,260437,524753,,5,5649,31,1,2.0,2,1,,1,WEIGHTED_MAXSAT,44,28,5,0.606564105,4.408776605,5.226276298,50,50,0.008187619,0,True,1
5to10Traces/0044.trace,5to10Traces,macro,1,SAT,,MACRO,,18,2,0,8,1,58,3,3,5,MIN_EXPANDED_SIZE,0,5,0.035062317,0.000534404,0.051498537,0.007745907,4.32407501,0.009583587,0.012692309,4.718314739000107,328668.0,PASSED,34999,111871,243249,,8,3341,57,3,0.6666666666666666,1,1,,1,WEIGHTED_MAXSAT,174,36,8,0.497796967,3.826278043,4.54589692,10,10,0.016325346,0,True,1
weakening/weaken_antecedent/weaken_antecedent_100_10_10.trace,weakening,macro,1,SAT,,MACRO,,10,2,0,8,15,109,6,6,6,MIN_EXPANDED_SIZE,0,6,0.08381197,0.004451199,0.357535107,0.010943353,33.227543112,0.009235867,0.021376882,34.23740306699983,2553652.0,PASSED,116389,1552671,4177152,,8,72843,6,6,0.0,0,1,,1,WEIGHTED_MAXSAT,169,109,8,1.290287522,31.93725559,33.91058559,20,20,0.001384947,0,True,1
5to10Traces/0150.trace,5to10Traces,atlas-b,1,SAT,,ATLAS_B,,3,2,0,3,,,,,2,MIN_EXPANDED_SIZE,0,2,0.038873829,,,0.07481891,10.250248168,0.070650919,0.014806226,10.947991059999822,1469148.0,PASSED,86336,908215,2812702,,5,22581,,,,,1,,1,,,,3,,,10.748691732,,,,,True,1
peterson/base/liveness4.trace,peterson,macro,1,SAT,,MACRO,,18,2,0,8,6,103,4,4,5,MIN_EXPANDED_SIZE,0,5,0.080528133,0.001011287,0.091707041,0.00938153,5.304050517,0.009959546,0.012768731,5.784782738000104,547112.0,PASSED,57428,288108,964256,,8,12281,10,4,0.25,1,1,,1,WEIGHTED_MAXSAT,103,103,8,0.912338519,4.391711998,5.623634009,12,12,0.000296578,0,True,1
disjunctedExistence/0021.trace,disjunctedExistence,macro,1,TIMEOUT,,MACRO,,36,2,0,8,,,,,,MIN_EXPANDED_SIZE,,,0.037935574,,,,,,,360.0,5328192.0,IN_PROGRESS,,,,TIMEOUT,,,,,,,,,,,,,,,,,,,,,False,1
5to10Traces/0187.trace,5to10Traces,macro,1,TIMEOUT,,MACRO,,10,2,0,8,,,,,,MIN_EXPANDED_SIZE,,,0.034630942,,,,,,,360.0,3603648.0,IN_PROGRESS,,,,TIMEOUT,,,,,,,,,,,,,,,,,,,,,False,1
moreDetailedTest/0107.trace,moreDetailedTest,macro,1,SAT,,MACRO,,3,2,0,3,1,22,1,1,2,MIN_EXPANDED_SIZE,0,2,0.04060438,0.000729689,0.021082211,0.01204399,6.214191213,0.004560822,0.01393414,6.873669212000095,932404.0,PASSED,97013,437429,831625,,3,18750,21,1,1.0,1,1,,1,WEIGHTED_MAXSAT,24,5,2,1.705440968,4.508750245,6.694885457,700,451,0.018480512,2,True,1
equal/0002.trace,equal,atlas-b,1,TIMEOUT,,ATLAS_B,,10,2,0,8,,,,,,MIN_EXPANDED_SIZE,,,0.031903249,,,,,,,360.0,351792.0,IN_PROGRESS,,,,TIMEOUT,,,,,,,,,,,,,,,,,,,,,False,1
moreDetailedTest/0025.trace,moreDetailedTest,atlas-b,1,SAT,,ATLAS_B,,5,2,0,5,,,,,3,MIN_EXPANDED_SIZE,0,3,0.036402308,,,0.115329337,43.428499985,0.120992428,0.031057254,44.94908376500007,4467996.0,PASSED,189124,3612187,11474839,,7,60147,,,,,1,,1,,,,5,,,44.587723419,,,,,True,1
moreDetailedTest/0096.trace,moreDetailedTest,atlas-b,1,UNSAT,,ATLAS_B,,6,2,0,6,,,,,0,MIN_EXPANDED_SIZE,0,0,0.036562836,,,0.044989608,165.654650712,0.0,0.0,166.16978698799994,711604.0,NOT_APPLICABLE_UNSAT,25588,500324,1617673,,9,7222,,,,,1,,1,,,,6,,,166.008770476,,,,,True,1
baseTest/0008.trace,baseTest,atlas-b,1,SAT,,ATLAS_B,,5,2,0,5,,,,,3,MIN_EXPANDED_SIZE,0,3,0.042787041,,,0.100607129,51.286060549,0.142191159,0.017069809,52.33663204499999,4455412.0,PASSED,189302,3612267,11475372,,7,60147,,,,,1,,1,,,,5,,,51.942985835,,,,,True,1
moreDetailedTest/0078.trace,moreDetailedTest,macro,1,TIMEOUT,,MACRO,,67,2,0,8,,,,,,MIN_EXPANDED_SIZE,,,0.046726853,,,,,,,360.0,4165828.0,IN_PROGRESS,,,,TIMEOUT,,,,,,,,,,,,,,,,,,,,,False,1
robot/RRtrace/order9.trace,robot,macro,1,SAT,,MACRO,,2050,2,5,13,4,37,7,7,9,REPAIR,4,9,0.054277029,0.0008023,0.145836224,0.00802465,7.695807968,0.010946302,0.015810113,8.28927133499974,1004768.0,PASSED,26000,471966,1295604,,13,18806,6,4,0.2857142857142857,2,2,,2,WEIGHTED_MAXSAT,61,37,16,0.693865471,7.001942497,8.08500511,11,10,0.00039334,0,True,1
5to10Traces/0174.trace,5to10Traces,macro,1,TIMEOUT,,MACRO,,6,2,0,6,,,,,,MIN_EXPANDED_SIZE,,,0.042373223,,,,,,,360.0,3628772.0,IN_PROGRESS,,,,TIMEOUT,,,,,,,,,,,,,,,,,,,,,False,1
5to10Traces/0191.trace,5to10Traces,atlas-b,1,SAT,,ATLAS_B,,10,2,0,8,,,,,5,MIN_EXPANDED_SIZE,0,5,0.034137176,,,0.082544987,64.465537545,0.039081761,0.037666215,65.33518578400026,6791108.0,PASSED,80221,5942873,20390033,,11,44840,,,,,1,,1,,,,8,,,64.975051402,,,,,True,1
weakening/weaken_antecedent/weaken_antecedent_10_95_95.trace,weakening,macro,1,SAT,,MACRO,,10,2,0,8,15,109,6,6,6,MIN_EXPANDED_SIZE,0,6,0.093791211,0.002241209,0.029611743,0.011384508,33.711049628,0.010003722,0.034732907,34.45983073399975,2535204.0,PASSED,130580,1581825,3934715,,8,65286,6,6,0.0,0,1,,1,WEIGHTED_MAXSAT,169,109,8,1.772590035,31.938459593,34.148400496,190,178,0.001162311,0,True,1
moreDetailedTest/0096.trace,moreDetailedTest,macro,1,UNSAT,,MACRO,,6,2,0,6,1,34,0,0,0,MIN_EXPANDED_SIZE,0,0,0.044040801,0.000580915,0.029536921,0.008418679,91.858415587,0.002692481,0.991008033,93.75025951800035,1016280.0,NOT_APPLICABLE_UNSAT,70348,693059,1440060,,6,13166,33,0,0.0,0,1,,1,WEIGHTED_MAXSAT,54,32,6,0.797744734,91.060670853,93.573233874,100,100,0.017537488,0,True,1
5to10Traces/0153.trace,5to10Traces,macro,1,SAT,,MACRO,,3,2,0,3,1,22,1,1,2,MIN_EXPANDED_SIZE,0,2,0.035918928,0.000649997,0.051120546,0.011783188,5.568814566,0.004851087,0.015732091,6.270731666999836,761480.0,PASSED,106448,453948,998154,,3,22656,21,1,1.0,1,1,,1,WEIGHTED_MAXSAT,24,5,2,1.437929031,4.130885535,6.056449577,261,261,0.01798572,2,True,1
baseTest/0039.trace,baseTest,atlas-b,1,ERROR,,ATLAS_B,,10,2,0,8,,,,,,MIN_EXPANDED_SIZE,,,0.044659836,,,,,,,360.0,1465152.0,FAILED,,,,"ErrorType: Translation capacity exceeded.
In this scope, universe contains 2051 atoms
and relations of arity 3 cannot be represented.
Visit http://alloy.mit.edu/ for advice on refactoring.",,,,,,,,,,,,,,,,7.985337987,,,,,False,1
5to10Traces/0136.trace,5to10Traces,atlas-b,1,SAT,,ATLAS_B,,3,2,0,3,,,,,2,MIN_EXPANDED_SIZE,0,2,0.034027359,,,0.050551331,2.395134972,0.023811932,0.02676938,3.0050308470003984,337584.0,PASSED,21042,202668,627172,,5,5081,,,,,1,,1,,,,3,,,2.815726882,,,,,True,1
5to10Traces/0124.trace,5to10Traces,atlas-b,1,TIMEOUT,,ATLAS_B,,67,2,0,8,,,,,,MIN_EXPANDED_SIZE,,,0.039760259,,,,,,,360.0,3174244.0,IN_PROGRESS,,,,TIMEOUT,,,,,,,,,,,,,,,,,,,,,False,1
baseTest/0020.trace,baseTest,atlas-b,1,TIMEOUT,,ATLAS_B,,18,2,0,8,,,,,,MIN_EXPANDED_SIZE,,,0.0440857,,,,,,,360.0,4738152.0,IN_PROGRESS,,,,TIMEOUT,,,,,,,,,,,,,,,,,,,,,False,1
moreDetailedTest/0107.trace,moreDetailedTest,atlas-b,1,SAT,,ATLAS_B,,3,2,0,3,,,,,2,MIN_EXPANDED_SIZE,0,2,0.04136371,,,0.085510563,14.500770709,0.113580342,0.016645559,15.323466912000185,2404232.0,PASSED,133128,1412202,4373815,,5,35081,,,,,1,,1,,,,3,,,15.089334514,,,,,True,1
robot/RRtrace/order9.trace,robot,atlas-b,1,SAT,,ATLAS_B,,2050,2,5,13,,,,,9,REPAIR,4,9,0.047702887,,,0.063695037,95.524137702,0.024280425,0.015722669,96.42840939400003,7172012.0,PASSED,12578,5524592,21323506,,22,28351,,,,,2,,2,,,,16,,,95.95786033,,,,,True,1
baseTest/0039.trace,baseTest,macro,1,TIMEOUT,,MACRO,,10,2,0,8,,,,,,MIN_EXPANDED_SIZE,,,0.033890177,,,,,,,360.0,4428072.0,IN_PROGRESS,,,,TIMEOUT,,,,,,,,,,,,,,,,,,,,,False,1
equal/0002.trace,equal,macro,1,TIMEOUT,,MACRO,,10,2,0,8,,,,,,MIN_EXPANDED_SIZE,,,0.033267633,,,,,,,360.0,499780.0,IN_PROGRESS,,,,TIMEOUT,,,,,,,,,,,,,,,,,,,,,False,1
moreDetailedTest/0009.trace,moreDetailedTest,macro,1,TIMEOUT,,MACRO,,10,2,0,8,,,,,,MIN_EXPANDED_SIZE,,,0.043740089,,,,,,,360.0,5712832.0,IN_PROGRESS,,,,TIMEOUT,,,,,,,,,,,,,,,,,,,,,False,1
5to10Traces/0071.trace,5to10Traces,atlas-b,1,SAT,,ATLAS_B,,18,2,0,8,,,,,5,MIN_EXPANDED_SIZE,0,5,0.03376761,,,0.05304461,80.511927711,0.021585643,0.026235748,81.19796074199985,2099360.0,PASSED,23784,1631951,5598012,,11,12500,,,,,1,,1,,,,8,,,80.936187711,,,,,True,1
moreDetailedTest/0037.trace,moreDetailedTest,atlas-b,1,TIMEOUT,,ATLAS_B,,18,2,0,8,,,,,,MIN_EXPANDED_SIZE,,,0.041459519,,,,,,,360.0,5797960.0,IN_PROGRESS,,,,TIMEOUT,,,,,,,,,,,,,,,,,,,,,False,1
increasingNumVariables/0006.trace,increasingNumVariables,atlas-b,1,SAT,,ATLAS_B,,10,2,0,8,,,,,5,MIN_EXPANDED_SIZE,0,5,0.034653384,,,0.045615312,8.205741857,0.018147492,0.016947314,8.830051633999574,966032.0,PASSED,23279,673277,2210131,,11,7520,,,,,1,,1,,,,8,,,8.632014398,,,,,True,1
moreDetailedTest/0109.trace,moreDetailedTest,atlas-b,1,SAT,,ATLAS_B,,3,2,0,3,,,,,2,MIN_EXPANDED_SIZE,0,2,0.038653091,,,0.105655285,22.738816236,0.099986499,0.017837547,23.651618105000125,2998516.0,PASSED,189064,2016962,6247132,,5,50081,,,,,1,,1,,,,3,,,23.328912656,,,,,True,1
equal/0032.trace,equal,atlas-b,1,SAT,,ATLAS_B,,3,2,0,3,,,,,2,MIN_EXPANDED_SIZE,0,2,0.037049023,,,0.078519163,8.031307811,0.064566699,0.020103609,8.767690153999865,1332104.0,PASSED,77000,807436,2500491,,5,20081,,,,,1,,1,,,,3,,,8.550226929,,,,,True,1
5to10Traces/0019.trace,5to10Traces,atlas-b,1,SAT,,ATLAS_B,,5,2,0,5,,,,,3,MIN_EXPANDED_SIZE,0,3,0.040993758,,,0.060956403,32.531429973,0.049446984,0.015887676,33.39325099400048,4415480.0,PASSED,68638,3550252,12131846,,7,40777,,,,,1,,1,,,,5,,,33.007427171,,,,,True,1
5to10Traces/0061.trace,5to10Traces,atlas-b,1,TIMEOUT,,ATLAS_B,,18,2,0,8,,,,,,MIN_EXPANDED_SIZE,,,0.035616164,,,,,,,360.0,7309708.0,IN_PROGRESS,,,,TIMEOUT,,,,,,,,,,,,,,,,,,,,,False,1
baseTest/0013.trace,baseTest,atlas-b,1,SAT,,ATLAS_B,,5,2,0,5,,,,,3,MIN_EXPANDED_SIZE,0,3,0.035089502,,,0.079555637,20.846671399,0.089940229,0.026321614,21.701416289999543,2733732.0,PASSED,95845,1807290,5740915,,7,30147,,,,,1,,1,,,,5,,,21.384062934,,,,,True,1
increasingNumVariables/0022.trace,increasingNumVariables,atlas-b,1,TIMEOUT,,ATLAS_B,,20,2,0,8,,,,,,MIN_EXPANDED_SIZE,,,0.03540399,,,,,,,360.0,1008632.0,IN_PROGRESS,,,,TIMEOUT,,,,,,,,,,,,,,,,,,,,,False,1
5to10Traces/0039.trace,5to10Traces,macro,1,TIMEOUT,,MACRO,,10,2,0,8,,,,,,MIN_EXPANDED_SIZE,,,0.043610981,,,,,,,360.0,7475600.0,IN_PROGRESS,,,,TIMEOUT,,,,,,,,,,,,,,,,,,,,,False,1
baseTest/0032.trace,baseTest,macro,1,SAT,,MACRO,,3,2,0,3,1,22,1,1,2,MIN_EXPANDED_SIZE,0,2,0.033128169,0.00071861,0.018552915,0.027132784,21.698986199,0.004538686,0.028272945,24.176968986000247,2489160.0,PASSED,287954,1603517,3059609,,3,68844,21,1,1.0,1,1,,1,WEIGHTED_MAXSAT,24,5,2,8.446396907,13.252589292,23.839192026,2000,1625,0.014080011,2,True,1
moreDetailedTest/0019.trace,moreDetailedTest,atlas-b,1,SAT,,ATLAS_B,,5,2,0,5,,,,,3,MIN_EXPANDED_SIZE,0,3,0.040649499,,,0.066134027,12.064989061,0.03997851,0.018016061,12.780212994000067,1733736.0,PASSED,67694,1265760,4020373,,7,21147,,,,,1,,1,,,,5,,,12.551354778,,,,,True,1
5to10Traces/0050.trace,5to10Traces,atlas-b,1,TIMEOUT,,ATLAS_B,,18,2,0,8,,,,,,MIN_EXPANDED_SIZE,,,0.040162215,,,,,,,360.0,1607136.0,IN_PROGRESS,,,,TIMEOUT,,,,,,,,,,,,,,,,,,,,,False,1
moreDetailedTest/0053.trace,moreDetailedTest,atlas-b,1,SAT,,ATLAS_B,,3,2,0,3,,,,,2,MIN_EXPANDED_SIZE,0,2,0.034122809,,,0.112998642,22.414857574,0.126006231,0.015528711,23.340150916999846,3041752.0,PASSED,189134,2016959,6247127,,5,50081,,,,,1,,1,,,,3,,,23.067029937,,,,,True,1
moreDetailedTest/0095.trace,moreDetailedTest,macro,1,TIMEOUT,,MACRO,,6,2,0,6,,,,,,MIN_EXPANDED_SIZE,,,0.034813843,,,,,,,360.0,5893988.0,IN_PROGRESS,,,,TIMEOUT,,,,,,,,,,,,,,,,,,,,,False,1
robot/RRtrace/order6.trace,robot,atlas-b,1,SAT,,ATLAS_B,,2050,2,5,13,,,,,9,REPAIR,4,9,0.045118073,,,0.054869868,145.16291103,0.016583379,0.018524213,146.02459813099995,5685860.0,PASSED,10154,3539816,13652459,,22,18431,,,,,2,,2,,,,16,,,145.583247186,,,,,True,1
disjunctedExistence/0051.trace,disjunctedExistence,macro,1,TIMEOUT,,MACRO,,134,2,0,8,,,,,,MIN_EXPANDED_SIZE,,,0.036478999,,,,,,,360.0,2765088.0,IN_PROGRESS,,,,TIMEOUT,,,,,,,,,,,,,,,,,,,,,False,1
5to10Traces/0021.trace,5to10Traces,macro,1,SAT,,MACRO,,5,2,0,5,1,34,1,1,3,MIN_EXPANDED_SIZE,0,3,0.035231882,0.00075377,0.057193206,0.016630509,39.427594236,0.004410099,0.013573186,40.11937716099965,3257480.0,PASSED,184082,2632122,6126454,,5,54054,33,1,2.0,2,1,,1,WEIGHTED_MAXSAT,44,28,5,2.335139987,37.092454249,39.813783502,264,264,0.007853723,0,True,1
5to10Traces/0174.trace,5to10Traces,atlas-b,1,TIMEOUT,,ATLAS_B,,6,2,0,6,,,,,,MIN_EXPANDED_SIZE,,,0.037552045,,,,,,,360.0,3352924.0,IN_PROGRESS,,,,TIMEOUT,,,,,,,,,,,,,,,,,,,,,False,1
5to10Traces/0124.trace,5to10Traces,macro,1,TIMEOUT,,MACRO,,67,2,0,8,,,,,,MIN_EXPANDED_SIZE,,,0.035254976,,,,,,,360.0,2895580.0,IN_PROGRESS,,,,TIMEOUT,,,,,,,,,,,,,,,,,,,,,False,1
equal/0024.trace,equal,macro,1,TIMEOUT,,MACRO,,6,2,0,6,,,,,,MIN_EXPANDED_SIZE,,,0.038561418,,,,,,,360.0,2759756.0,IN_PROGRESS,,,,TIMEOUT,,,,,,,,,,,,,,,,,,,,,False,1
equal/0016.trace,equal,macro,1,SAT,,MACRO,,18,2,0,8,1,58,3,3,5,MIN_EXPANDED_SIZE,0,5,0.039234897,0.000524054,0.058270121,0.009000643,5.35809311,0.00595261,0.014675415,5.7715972619998865,459408.0,PASSED,36841,210003,459629,,8,4991,57,3,0.6666666666666666,1,1,,1,WEIGHTED_MAXSAT,174,36,8,0.553971826,4.804121284,5.57526243,20,20,0.008930491,0,True,1
increasingNumVariables/0022.trace,increasingNumVariables,macro,1,TIMEOUT,,MACRO,,20,2,0,8,,,,,,MIN_EXPANDED_SIZE,,,0.035853116,,,,,,,360.0,1776392.0,IN_PROGRESS,,,,TIMEOUT,,,,,,,,,,,,,,,,,,,,,False,1
5to10Traces/0071.trace,5to10Traces,macro,1,SAT,,MACRO,,18,2,0,8,1,78,3,3,5,MIN_EXPANDED_SIZE,0,5,0.043517273,0.000687579,0.128540105,0.022173578,35.325710564,0.005865959,0.021715315,35.976796984999964,2106408.0,PASSED,139694,1211772,2867896,,8,20573,77,2,0.6666666666666666,1,1,,1,WEIGHTED_MAXSAT,174,46,8,1.170117759,34.155592805,35.695073581,58,58,0.011731337,0,True,1
5to10Traces/0039.trace,5to10Traces,atlas-b,1,TIMEOUT,,ATLAS_B,,10,2,0,8,,,,,,MIN_EXPANDED_SIZE,,,0.036402722,,,,,,,360.0,4432464.0,IN_PROGRESS,,,,TIMEOUT,,,,,,,,,,,,,,,,,,,,,False,1
peterson/constrained/liveness5.trace,peterson,macro,1,SAT,,MACRO,,18,2,0,8,10,171,4,4,5,MIN_EXPANDED_SIZE,0,5,0.12645136,0.001714295,0.136223952,0.014084584,11.446406534,0.010535962,0.013181001,12.068283254000562,897944.0,PASSED,92059,353058,1183080,,8,15933,10,4,0.25,1,1,,1,WEIGHTED_MAXSAT,171,171,8,1.225667652,10.220738882,11.850061482,12,12,0.000323338,0,True,1
increasingNumVariables/0019.trace,increasingNumVariables,macro,1,TIMEOUT,,MACRO,,20,2,0,8,,,,,,MIN_EXPANDED_SIZE,,,0.046308868,,,,,,,360.0,1114548.0,IN_PROGRESS,,,,TIMEOUT,,,,,,,,,,,,,,,,,,,,,False,1
peterson/extra_traces/safety4.trace,peterson,atlas-b,1,SAT,,ATLAS_B,,18,2,0,8,,,,,5,MIN_EXPANDED_SIZE,0,5,0.093876994,,,0.041056189,34.520852437,0.020205601,0.016651636,35.326273703999505,4596476.0,PASSED,49907,3402698,12906408,,23,29297,,,,,1,,1,,,,8,,,35.007359154,,,,,True,1
equal/0007.trace,equal,macro,1,SAT,,MACRO,,10,2,0,8,1,42,4,5,5,MIN_EXPANDED_SIZE,0,5,0.033294041,0.000519944,0.044675396,0.005078346,3.910391142,0.006295618,0.009297499,4.258121433999804,315552.0,PASSED,30696,114406,251984,,8,3341,41,2,0.2,1,1,,1,WEIGHTED_MAXSAT,94,36,8,0.499398653,3.410992489,4.093905646,10,10,0.00818901,0,True,1
moreDetailedTest/0091.trace,moreDetailedTest,atlas-b,1,TIMEOUT,,ATLAS_B,,6,2,0,6,,,,,,MIN_EXPANDED_SIZE,,,0.034017051,,,,,,,360.0,3382332.0,IN_PROGRESS,,,,TIMEOUT,,,,,,,,,,,,,,,,,,,,,False,1
weakening/weaken_antecedent/weaken_antecedent_75_10_10.trace,weakening,atlas-b,1,TIMEOUT,,ATLAS_B,,10,2,0,8,,,,,,MIN_EXPANDED_SIZE,,,0.095146517,,,,,,,360.0,4458676.0,IN_PROGRESS,,,,TIMEOUT,,,,,,,,,,,,,,,,,,,,,False,1
increasingNumVariables/0006.trace,increasingNumVariables,macro,1,SAT,,MACRO,,10,2,0,8,1,42,3,3,5,MIN_EXPANDED_SIZE,0,5,0.034210803,0.00074463,0.044784065,0.00901195,41.014073682,0.005908777,0.013240294,41.52453561499988,1745388.0,PASSED,65578,846859,1807317,,8,16145,41,2,0.6666666666666666,1,1,,1,WEIGHTED_MAXSAT,94,36,8,0.808906189,40.205167493,41.270448594,90,90,0.018226386,0,True,1
disjunctedExistence/0054.trace,disjunctedExistence,atlas-b,1,TIMEOUT,,ATLAS_B,,134,2,0,8,,,,,,MIN_EXPANDED_SIZE,,,0.044805076,,,,,,,360.0,3741864.0,IN_PROGRESS,,,,TIMEOUT,,,,,,,,,,,,,,,,,,,,,False,1
voting_machine/voting9.trace,voting_machine,macro,1,SAT,,MACRO,,13,2,0,8,4,69,4,4,4,MIN_EXPANDED_SIZE,0,4,0.055129317,0.000953495,0.053194935,0.008224295,3.860257578,0.006185852,0.009316395,4.245404414999939,459840.0,PASSED,51080,164129,442683,,8,7325,10,3,0.0,0,1,,1,WEIGHTED_MAXSAT,69,69,8,0.700650234,3.159607344,4.079380698,13,13,0.006989824,0,True,1
robot/RAtrace/final4.trace,robot,atlas-b,1,SAT,,ATLAS_B,,2050,2,6,14,,,,,9,REPAIR,5,9,0.037103873,,,0.051556803,77.299122877,0.025797526,0.016977936,78.07115962399985,5377280.0,PASSED,9091,3944100,15263085,,23,18850,,,,,2,,2,,,,16,,,77.720551194,,,,,True,1
voting_machine/voting8.trace,voting_machine,atlas-b,1,SAT,,ATLAS_B,,13,2,0,8,,,,,4,MIN_EXPANDED_SIZE,0,4,0.060348704,,,0.038021328,10.811361878,0.017769236,0.015357983,11.363450763999936,776448.0,PASSED,17643,516939,1845969,,18,9426,,,,,1,,1,,,,8,,,11.212632777,,,,,True,1
increasingNumVariables/0036.trace,increasingNumVariables,macro,1,TIMEOUT,,MACRO,,70,2,0,8,,,,,,MIN_EXPANDED_SIZE,,,0.038080579,,,,,,,360.0,1044020.0,IN_PROGRESS,,,,TIMEOUT,,,,,,,,,,,,,,,,,,,,,False,1
peterson/constrained/liveness5.trace,peterson,atlas-b,1,SAT,,ATLAS_B,,18,2,0,8,,,,,5,MIN_EXPANDED_SIZE,0,5,0.129709761,,,0.044956043,23.465177867,0.016437346,0.016803906,24.25184584999988,3711548.0,PASSED,37912,2576539,9748613,,23,22257,,,,,1,,1,,,,8,,,23.964839184,,,,,True,1
disjunctedExistence/0033.trace,disjunctedExistence,macro,1,SAT,,MACRO,,11,2,0,8,1,44,3,3,4,MIN_EXPANDED_SIZE,0,4,0.041809609,0.000725829,0.046345229,0.012042209,73.86781567,0.005766773,0.01354655,74.58280682199984,2702744.0,PASSED,98818,1888726,4019000,,8,34204,43,2,0.3333333333333333,1,1,,1,WEIGHTED_MAXSAT,104,36,8,1.724530628,72.143285042,74.247938566,201,201,0.032883742,0,True,1
moreDetailedTest/0024.trace,moreDetailedTest,atlas-b,1,SAT,,ATLAS_B,,5,2,0,5,,,,,3,MIN_EXPANDED_SIZE,0,3,0.037904976,,,0.107699157,27.661896822,0.108932961,0.028745093,28.558582407998983,3849440.0,PASSED,151754,2890198,9181148,,7,48147,,,,,1,,1,,,,5,,,28.275880225,,,,,True,1
5to10Traces/0184.trace,5to10Traces,atlas-b,1,SAT,,ATLAS_B,,10,2,0,8,,,,,5,MIN_EXPANDED_SIZE,0,5,0.042060106,,,0.067044859,18.173118931,0.049491023,0.01806821,18.877784395999697,1938656.0,PASSED,48689,1485956,4878345,,11,16320,,,,,1,,1,,,,8,,,18.65753256,,,,,True,1
5to10Traces/0032.trace,5to10Traces,atlas-b,1,TIMEOUT,,ATLAS_B,,10,2,0,8,,,,,,MIN_EXPANDED_SIZE,,,0.039718114,,,,,,,360.0,2387972.0,IN_PROGRESS,,,,TIMEOUT,,,,,,,,,,,,,,,,,,,,,False,1
5to10Traces/0150.trace,5to10Traces,macro,1,SAT,,MACRO,,3,2,0,3,1,22,1,1,2,MIN_EXPANDED_SIZE,0,2,0.038088501,0.000694109,0.028392204,0.010726305,4.89392692,0.004792727,0.021006508,5.500062448998506,551108.0,PASSED,76043,312766,595358,,3,13431,21,1,1.0,1,1,,1,WEIGHTED_MAXSAT,24,5,2,1.25683338,3.63709354,5.301088658,450,321,0.012860522,2,True,1
increasingNumVariables/0041.trace,increasingNumVariables,macro,1,TIMEOUT,,MACRO,,135,2,0,8,,,,,,MIN_EXPANDED_SIZE,,,0.035994475,,,,,,,360.0,914584.0,IN_PROGRESS,,,,TIMEOUT,,,,,,,,,,,,,,,,,,,,,False,1
5to10Traces/0044.trace,5to10Traces,atlas-b,1,SAT,,ATLAS_B,,18,2,0,8,,,,,5,MIN_EXPANDED_SIZE,0,5,0.036390985,,,0.038946674,1.356807517,0.016859167,0.014967027,1.878731410999535,256008.0,PASSED,4809,82237,269611,,11,1120,,,,,1,,1,,,,8,,,1.735280533,,,,,True,1
baseTest/0014.trace,baseTest,atlas-b,1,SAT,,ATLAS_B,,5,2,0,5,,,,,3,MIN_EXPANDED_SIZE,0,3,0.032797081,,,0.037015623,2.065735955,0.018926072,0.028542538,2.814593822999086,351968.0,PASSED,11790,182795,579878,,7,3147,,,,,1,,1,,,,5,,,2.654919295,,,,,True,1
disjunctedExistence/0051.trace,disjunctedExistence,atlas-b,1,TIMEOUT,,ATLAS_B,,134,2,0,8,,,,,,MIN_EXPANDED_SIZE,,,0.040175686,,,,,,,360.0,2449172.0,IN_PROGRESS,,,,TIMEOUT,,,,,,,,,,,,,,,,,,,,,False,1
5to10Traces/0021.trace,5to10Traces,atlas-b,1,SAT,,ATLAS_B,,5,2,0,5,,,,,3,MIN_EXPANDED_SIZE,0,3,0.034951268,,,0.072587326,36.815373208,0.034542913,0.016732733,37.7047411679996,4975180.0,PASSED,75563,3921377,13400196,,7,45027,,,,,1,,1,,,,5,,,37.299665007,,,,,True,1
5to10Traces/0136.trace,5to10Traces,macro,1,SAT,,MACRO,,3,2,0,3,1,22,1,1,2,MIN_EXPANDED_SIZE,0,2,0.034252466,0.000708959,0.021861398,0.005050133,1.978217322,0.004645703,0.012785748,2.3691491359986685,256892.0,PASSED,38732,85345,162245,,3,3720,21,1,1.0,1,1,,1,WEIGHTED_MAXSAT,24,5,2,0.564684947,1.413532375,2.216882821,100,89,0.009550342,2,True,1
moreDetailedTest/0114.trace,moreDetailedTest,macro,1,SAT,,MACRO,,10,2,0,8,1,42,3,3,5,MIN_EXPANDED_SIZE,0,5,0.033843124,0.00038916,0.040012198,0.007913609,8.544106303,0.005778643,0.015990823,8.96951388799971,416840.0,PASSED,40882,208190,456028,,8,4958,41,3,0.6666666666666666,1,1,,1,WEIGHTED_MAXSAT,94,36,8,0.56632902,7.977777283,8.797824891,20,20,0.008810093,0,True,1
increasingNumVariables/0045.trace,increasingNumVariables,macro,1,TIMEOUT,,MACRO,,135,2,0,8,,,,,,MIN_EXPANDED_SIZE,,,0.034099742,,,,,,,360.0,1334116.0,IN_PROGRESS,,,,TIMEOUT,,,,,,,,,,,,,,,,,,,,,False,1
moreDetailedTest/0053.trace,moreDetailedTest,macro,1,SAT,,MACRO,,3,2,0,3,1,22,1,1,2,MIN_EXPANDED_SIZE,0,2,0.037298071,0.000685478,0.023376845,0.017784908,7.497901945,0.012955871,0.014933932,8.409911963999548,1059520.0,PASSED,116291,577883,1097327,,3,24762,21,1,1.0,1,1,,1,WEIGHTED_MAXSAT,24,5,2,2.419349259,5.078552686,8.166095291,1000,596,0.0166882,2,True,1
weakening/weaken_antecedent/weaken_antecedent_10_45_45.trace,weakening,atlas-b,1,SAT,,ATLAS_B,,10,2,0,8,,,,,6,MIN_EXPANDED_SIZE,0,6,0.086715531,,,0.05438168,7.543819591,0.01901494,0.015941159,8.253483679000055,1294488.0,PASSED,35824,772233,2619425,,11,19183,,,,,1,,1,,,,8,,,8.01558399,,,,,True,1
weakening/weaken_antecedent/weaken_antecedent_10_45_45.trace,weakening,macro,1,SAT,,MACRO,,10,2,0,8,15,109,6,6,6,MIN_EXPANDED_SIZE,0,6,0.100508844,0.002150197,0.0239705,0.013238818,20.549664355,0.010104286,0.026347553,21.096158111000477,1692928.0,PASSED,107399,832205,2121343,,8,34926,6,6,0.0,0,1,,1,WEIGHTED_MAXSAT,169,109,8,1.490267929,19.059396426,20.88251136,90,86,0.001248453,0,True,1
disjunctedExistence/0054.trace,disjunctedExistence,macro,1,TIMEOUT,,MACRO,,134,2,0,8,,,,,,MIN_EXPANDED_SIZE,,,0.033939593,,,,,,,360.0,3188916.0,IN_PROGRESS,,,,TIMEOUT,,,,,,,,,,,,,,,,,,,,,False,1
5to10Traces/0177.trace,5to10Traces,atlas-b,1,SAT,,ATLAS_B,,10,2,0,8,,,,,4,MIN_EXPANDED_SIZE,0,4,0.035056119,,,0.028189912,8.63488868,0.014734737,0.015846286,9.138284927001223,406144.0,PASSED,5494,232301,795459,,11,2000,,,,,1,,1,,,,8,,,8.997329415,,,,,True,1
5to10Traces/0175.trace,5to10Traces,atlas-b,1,TIMEOUT,,ATLAS_B,,6,2,0,6,,,,,,MIN_EXPANDED_SIZE,,,0.040534695,,,,,,,360.0,4449724.0,IN_PROGRESS,,,,TIMEOUT,,,,,,,,,,,,,,,,,,,,,False,1
moreDetailedTest/0019.trace,moreDetailedTest,macro,1,SAT,,MACRO,,5,2,0,5,1,32,1,1,3,MIN_EXPANDED_SIZE,0,3,0.047083546,0.002181287,0.026203858,0.010921847,14.914848096,0.004491338,0.011618156,15.52511177300039,2126844.0,PASSED,96940,1318280,2647471,,5,25809,31,1,2.0,2,1,,1,WEIGHTED_MAXSAT,44,28,5,1.23404407,13.680804026,15.288737045,350,260,0.01333632,0,True,1
moreDetailedTest/0109.trace,moreDetailedTest,macro,1,SAT,,MACRO,,3,2,0,3,1,22,1,1,2,MIN_EXPANDED_SIZE,0,2,0.034211509,0.00075444,0.031037735,0.013170955,7.916102845,0.647200868,0.015975269,10.46531372499885,1054164.0,PASSED,119676,577562,1099066,,3,24771,21,1,1.0,1,1,,1,WEIGHTED_MAXSAT,24,5,2,2.298867206,5.617235639,10.273011435,1000,596,0.024640007,2,True,1
equal/0012.trace,equal,atlas-b,1,SAT,,ATLAS_B,,5,2,0,5,,,,,3,MIN_EXPANDED_SIZE,0,3,0.036430367,,,0.111969621,41.017541474,0.189604589,0.024451682,42.03858944000058,4471020.0,PASSED,189090,3612182,11474834,,7,60147,,,,,1,,1,,,,5,,,41.725677532,,,,,True,1
5to10Traces/0032.trace,5to10Traces,macro,1,TIMEOUT,,MACRO,,10,2,0,8,,,,,,MIN_EXPANDED_SIZE,,,0.039773885,,,,,,,360.0,2927348.0,IN_PROGRESS,,,,TIMEOUT,,,,,,,,,,,,,,,,,,,,,False,1
weakening/weaken_antecedent/weaken_antecedent_60_10_10.trace,weakening,macro,1,SAT,,MACRO,,10,2,0,8,15,109,6,6,6,MIN_EXPANDED_SIZE,0,6,0.091259656,0.003653628,0.174676522,0.018669311,22.688387777,0.009230507,0.019635196,23.77881305700066,1727820.0,PASSED,103796,996655,2693136,,8,46443,6,6,0.0,0,1,,1,WEIGHTED_MAXSAT,169,109,8,1.129105786,21.559281991,23.557514425,20,20,0.001208813,0,True,1
moreDetailedTest/0091.trace,moreDetailedTest,macro,1,TIMEOUT,,MACRO,,6,2,0,6,,,,,,MIN_EXPANDED_SIZE,,,0.044532063,,,,,,,360.0,3614340.0,IN_PROGRESS,,,,TIMEOUT,,,,,,,,,,,,,,,,,,,,,False,1
5to10Traces/0090.trace,5to10Traces,atlas-b,1,SAT,,ATLAS_B,,3,2,0,3,,,,,2,MIN_EXPANDED_SIZE,0,2,0.038074412,,,0.045766455,1.521612531,0.01822499,0.015105527,2.135918590000074,264124.0,PASSED,11784,101872,314951,,5,2581,,,,,1,,1,,,,3,,,1.921477096,,,,,True,1
moreDetailedTest/0112.trace,moreDetailedTest,macro,1,SAT,,MACRO,,3,2,0,3,1,22,1,1,2,MIN_EXPANDED_SIZE,0,2,0.033635265,0.000662058,0.01979723,0.006883921,2.374033738,0.004407726,0.027644807,2.8974080339994543,273184.0,PASSED,45261,123304,232050,,3,5295,21,1,1.0,1,1,,1,WEIGHTED_MAXSAT,24,5,2,0.666792881,1.707240857,2.700794479,150,131,0.010368113,2,True,1
moreDetailedTest/0095.trace,moreDetailedTest,atlas-b,1,TIMEOUT,,ATLAS_B,,6,2,0,6,,,,,,MIN_EXPANDED_SIZE,,,0.041460171,,,,,,,360.0,5834192.0,IN_PROGRESS,,,,TIMEOUT,,,,,,,,,,,,,,,,,,,,,False,1
disjunctedExistence/0021.trace,disjunctedExistence,atlas-b,1,TIMEOUT,,ATLAS_B,,36,2,0,8,,,,,,MIN_EXPANDED_SIZE,,,0.050074865,,,,,,,360.0,5869692.0,IN_PROGRESS,,,,TIMEOUT,,,,,,,,,,,,,,,,,,,,,False,1
moreDetailedTest/0114.trace,moreDetailedTest,atlas-b,1,SAT,,ATLAS_B,,10,2,0,8,,,,,5,MIN_EXPANDED_SIZE,0,5,0.031735647,,,0.032504607,2.380410993,0.025665426,0.012679244,2.941012008999678,291048.0,PASSED,7109,156117,512176,,11,1920,,,,,1,,1,,,,8,,,2.766027127,,,,,True,1
equal/0024.trace,equal,atlas-b,1,TIMEOUT,,ATLAS_B,,6,2,0,6,,,,,,MIN_EXPANDED_SIZE,,,0.040165989,,,,,,,360.0,1961216.0,IN_PROGRESS,,,,TIMEOUT,,,,,,,,,,,,,,,,,,,,,False,1
increasingNumVariables/0045.trace,increasingNumVariables,atlas-b,1,TIMEOUT,,ATLAS_B,,135,2,0,8,,,,,,MIN_EXPANDED_SIZE,,,0.043904427,,,,,,,360.0,1079532.0,IN_PROGRESS,,,,TIMEOUT,,,,,,,,,,,,,,,,,,,,,False,1
weakening/weaken_antecedent/weaken_antecedent_60_10_10.trace,weakening,atlas-b,1,TIMEOUT,,ATLAS_B,,10,2,0,8,,,,,,MIN_EXPANDED_SIZE,,,0.077336543,,,,,,,360.0,4437276.0,IN_PROGRESS,,,,TIMEOUT,,,,,,,,,,,,,,,,,,,,,False,1
5to10Traces/0090.trace,5to10Traces,macro,1,SAT,,MACRO,,3,2,0,3,1,22,1,1,2,MIN_EXPANDED_SIZE,0,2,0.036213794,0.000786051,0.023283059,0.004548231,1.433647744,0.004610793,0.013305984,1.763678195000466,230048.0,PASSED,30413,45668,86213,,3,2010,21,1,1.0,1,1,,1,WEIGHTED_MAXSAT,24,5,2,0.475298356,0.958349388,1.632119875,50,48,0.006431162,2,True,1
5to10Traces/0153.trace,5to10Traces,atlas-b,1,SAT,,ATLAS_B,,3,2,0,3,,,,,2,MIN_EXPANDED_SIZE,0,2,0.036872941,,,0.066600082,20.903631286,0.057170035,0.014532313,21.746545224999863,3405424.0,PASSED,74735,2470397,8482608,,5,39231,,,,,1,,1,,,,3,,,21.404521494,,,,,True,1
increasingNumVariables/0049.trace,increasingNumVariables,atlas-b,1,TIMEOUT,,ATLAS_B,,264,2,0,8,,,,,,MIN_EXPANDED_SIZE,,,0.036479526,,,,,,,360.0,777880.0,IN_PROGRESS,,,,TIMEOUT,,,,,,,,,,,,,,,,,,,,,False,1
equal/0012.trace,equal,macro,1,SAT,,MACRO,,5,2,0,5,1,32,1,1,3,MIN_EXPANDED_SIZE,0,3,0.041063717,0.000696649,0.030828241,0.019523716,34.584344752,0.004340087,0.019026593,35.583476784000595,3282948.0,PASSED,150464,3019323,6052620,,5,58359,31,1,2.0,2,1,,1,WEIGHTED_MAXSAT,44,28,5,3.058769348,31.525575404,35.296933554,1000,597,0.01927713,0,True,1
5to10Traces/0061.trace,5to10Traces,macro,1,TIMEOUT,,MACRO,,18,2,0,8,,,,,,MIN_EXPANDED_SIZE,,,0.033667347,,,,,,,360.0,4949004.0,IN_PROGRESS,,,,TIMEOUT,,,,,,,,,,,,,,,,,,,,,False,1
5to10Traces/0063.trace,5to10Traces,atlas-b,1,TIMEOUT,,ATLAS_B,,18,2,0,8,,,,,,MIN_EXPANDED_SIZE,,,0.036987749,,,,,,,360.0,8187892.0,IN_PROGRESS,,,,TIMEOUT,,,,,,,,,,,,,,,,,,,,,False,1
increasingNumVariables/0036.trace,increasingNumVariables,atlas-b,1,TIMEOUT,,ATLAS_B,,70,2,0,8,,,,,,MIN_EXPANDED_SIZE,,,0.037890906,,,,,,,360.0,978584.0,IN_PROGRESS,,,,TIMEOUT,,,,,,,,,,,,,,,,,,,,,False,1
5to10Traces/0185.trace,5to10Traces,macro,1,SAT,,MACRO,,10,2,0,8,1,62,3,3,5,MIN_EXPANDED_SIZE,0,5,0.033848424,0.00071902,0.091140136,0.020347223,84.526927955,0.006415894,0.01545371,85.18811370099866,3166892.0,PASSED,167853,2547888,6046608,,8,40835,61,2,0.6666666666666666,1,1,,1,WEIGHTED_MAXSAT,94,46,8,1.941284029,82.585643926,84.882174233,120,120,0.01396793,0,True,1
baseTest/0032.trace,baseTest,atlas-b,1,ERROR,,ATLAS_B,,3,2,0,3,,,,,,MIN_EXPANDED_SIZE,,,0.045106356,,,,,,,360.0,1445936.0,FAILED,,,,"ErrorType: Translation capacity exceeded.
In this scope, universe contains 2029 atoms
and relations of arity 3 cannot be represented.
Visit http://alloy.mit.edu/ for advice on refactoring.",,,,,,,,,,,,,,,,6.425605968,,,,,False,1
peterson/base/liveness4.trace,peterson,atlas-b,1,SAT,,ATLAS_B,,18,2,0,8,,,,,5,MIN_EXPANDED_SIZE,0,5,0.081068615,,,0.061268496,24.127539537,0.01689936,0.016404366,24.95080243400116,3702460.0,PASSED,38354,2576539,9748657,,23,22257,,,,,1,,1,,,,8,,,24.623111062,,,,,True,1
moreDetailedTest/0025.trace,moreDetailedTest,macro,1,SAT,,MACRO,,5,2,0,5,1,32,1,1,3,MIN_EXPANDED_SIZE,0,3,0.033572553,0.000738031,0.028244858,0.019021587,56.389400643,0.004280907,0.031915069,57.47664858100143,3330916.0,PASSED,149622,3005678,6042378,,5,57855,31,1,2.0,2,1,,1,WEIGHTED_MAXSAT,44,28,5,3.29170048,53.097700163,57.158298034,1000,594,0.019907192,0,True,1
peterson/extra_traces/liveness3.trace,peterson,macro,1,SAT,,MACRO,,18,2,0,8,6,103,4,4,5,MIN_EXPANDED_SIZE,0,5,0.074579832,0.001358247,0.113187683,0.018929775,6.163145526,0.011121293,0.016314784,6.748677035000583,670284.0,PASSED,69560,352093,1164309,,8,14492,10,4,0.25,1,1,,1,WEIGHTED_MAXSAT,103,103,8,0.843180897,5.319964629,6.525058254,16,16,0.000341999,0,True,1
moreDetailedTest/0051.trace,moreDetailedTest,macro,1,SAT,,MACRO,,3,2,0,3,1,22,1,1,2,MIN_EXPANDED_SIZE,0,2,0.035286331,0.00072605,0.020456847,0.021742602,6.231609601,0.004294697,0.01542542,7.003900158000761,934416.0,PASSED,93890,437132,831711,,3,18714,21,1,1.0,1,1,,1,WEIGHTED_MAXSAT,24,5,2,1.730231829,4.501377772,6.763800908,700,453,0.013908229,2,True,1
5to10Traces/0182.trace,5to10Traces,atlas-b,1,SAT,,ATLAS_B,,10,2,0,8,,,,,5,MIN_EXPANDED_SIZE,0,5,0.036547096,,,0.058811222,12.782032716,0.030087219,0.021197208,13.504563516999042,1602848.0,PASSED,37139,1116556,3665520,,11,12320,,,,,1,,1,,,,8,,,13.239349273,,,,,True,1
5to10Traces/0191.trace,5to10Traces,macro,1,TIMEOUT,,MACRO,,10,2,0,8,,,,,,MIN_EXPANDED_SIZE,,,0.037800589,,,,,,,360.0,4667604.0,IN_PROGRESS,,,,TIMEOUT,,,,,,,,,,,,,,,,,,,,,False,1
weakening/weaken_antecedent/weaken_antecedent_10_95_95.trace,weakening,atlas-b,1,SAT,,ATLAS_B,,10,2,0,8,,,,,6,MIN_EXPANDED_SIZE,0,6,0.101744844,,,0.061873777,15.726995062,0.049853518,0.019923534,16.551443792999635,2193456.0,PASSED,72424,1618926,5501925,,11,40183,,,,,1,,1,,,,8,,,16.274644172,,,,,True,1
increasingNumVariables/0023.trace,increasingNumVariables,atlas-b,1,TIMEOUT,,ATLAS_B,,20,2,0,8,,,,,,MIN_EXPANDED_SIZE,,,0.037480191,,,,,,,360.0,1120672.0,IN_PROGRESS,,,,TIMEOUT,,,,,,,,,,,,,,,,,,,,,False,1
increasingNumVariables/0019.trace,increasingNumVariables,atlas-b,1,TIMEOUT,,ATLAS_B,,20,2,0,8,,,,,,MIN_EXPANDED_SIZE,,,0.035144469,,,,,,,360.0,798484.0,IN_PROGRESS,,,,TIMEOUT,,,,,,,,,,,,,,,,,,,,,False,1
5to10Traces/0177.trace,5to10Traces,macro,1,SAT,,MACRO,,10,2,0,8,1,58,3,3,4,MIN_EXPANDED_SIZE,0,4,0.03535107,0.000518854,0.061014788,0.006381274,5.208685611,0.005841068,0.010895176,5.58431558600023,449884.0,PASSED,55790,195569,479615,,8,4601,57,2,0.3333333333333333,1,1,,1,WEIGHTED_MAXSAT,94,46,8,0.671914854,4.536770757,5.415663464,8,8,0.018428321,0,True,1
equal/0032.trace,equal,macro,1,SAT,,MACRO,,3,2,0,3,1,22,1,1,2,MIN_EXPANDED_SIZE,0,2,0.034425105,0.00071222,0.028462603,0.009045836,4.628975352,0.004328188,0.02981069,5.207640493001236,565348.0,PASSED,71052,278954,529772,,3,11955,21,1,1.0,1,1,,1,WEIGHTED_MAXSAT,24,5,2,1.127804781,3.501170571,5.020399505,400,290,0.01507961,2,True,1
baseTest/0020.trace,baseTest,macro,1,TIMEOUT,,MACRO,,18,2,0,8,,,,,,MIN_EXPANDED_SIZE,,,0.035538636,,,,,,,360.0,4396120.0,IN_PROGRESS,,,,TIMEOUT,,,,,,,,,,,,,,,,,,,,,False,1
equal/0007.trace,equal,atlas-b,1,SAT,,ATLAS_B,,10,2,0,8,,,,,5,MIN_EXPANDED_SIZE,0,5,0.035037686,,,0.036100235,1.470990823,0.015514949,0.018588742,1.9884335639999335,254292.0,PASSED,4809,82237,269611,,11,1120,,,,,1,,1,,,,8,,,1.83506847,,,,,True,1
5to10Traces/0184.trace,5to10Traces,macro,1,SAT,,MACRO,,10,2,0,8,1,42,3,3,5,MIN_EXPANDED_SIZE,0,5,0.03846652,0.000706079,0.0392318,0.010228796,53.054081144,0.006105435,0.019488367,53.63412320700081,2349352.0,PASSED,93738,1789250,3769892,,8,32843,41,2,0.6666666666666666,1,1,,1,WEIGHTED_MAXSAT,94,36,8,1.116175147,51.937905997,53.368277133,200,199,0.012130507,0,True,1
increasingNumVariables/0049.trace,increasingNumVariables,macro,1,TIMEOUT,,MACRO,,264,2,0,8,,,,,,MIN_EXPANDED_SIZE,,,0.036358922,,,,,,,360.0,902084.0,IN_PROGRESS,,,,TIMEOUT,,,,,,,,,,,,,,,,,,,,,False,1
5to10Traces/0194.trace,5to10Traces,atlas-b,1,SAT,,ATLAS_B,,10,2,0,8,,,,,5,MIN_EXPANDED_SIZE,0,5,0.037926398,,,0.064973265,40.652056833,0.081704741,0.0228421,41.49241983799948,4200956.0,PASSED,106689,3332956,10942470,,11,36320,,,,,1,,1,,,,8,,,41.169834881,,,,,True,1
peterson/extra_traces/liveness3.trace,peterson,atlas-b,1,SAT,,ATLAS_B,,18,2,0,8,,,,,5,MIN_EXPANDED_SIZE,0,5,0.081745012,,,0.054687066,48.209443407,0.023731655,0.015471661,49.09559055200043,4523932.0,PASSED,50386,3403475,12907942,,23,29297,,,,,1,,1,,,,8,,,48.706321912,,,,,True,1
5to10Traces/0193.trace,5to10Traces,macro,1,TIMEOUT,,MACRO,,10,2,0,8,,,,,,MIN_EXPANDED_SIZE,,,0.034706813,,,,,,,360.0,5039584.0,IN_PROGRESS,,,,TIMEOUT,,,,,,,,,,,,,,,,,,,,,False,1
moreDetailedTest/0111.trace,moreDetailedTest,macro,1,SAT,,MACRO,,3,2,0,3,1,22,1,1,2,MIN_EXPANDED_SIZE,0,2,0.03327244,0.000508724,0.020915656,0.004608154,0.880923249,0.005821647,0.017649017,1.194784436000191,141952.0,PASSED,16692,10460,20060,,3,516,21,1,1.0,1,1,,1,WEIGHTED_MAXSAT,24,5,2,0.322009276,0.558913973,1.047847383,10,10,0.009159848,2,True,1
moreDetailedTest/0009.trace,moreDetailedTest,atlas-b,1,TIMEOUT,,ATLAS_B,,10,2,0,8,,,,,,MIN_EXPANDED_SIZE,,,0.045796468,,,,,,,360.0,5721208.0,IN_PROGRESS,,,,TIMEOUT,,,,,,,,,,,,,,,,,,,,,False,1
5to10Traces/0187.trace,5to10Traces,atlas-b,1,SAT,,ATLAS_B,,10,2,0,8,,,,,5,MIN_EXPANDED_SIZE,0,5,0.032605559,,,0.066072611,44.572025286,0.047269867,0.015661979,45.3593117190012,4903988.0,PASSED,55649,4067342,13954566,,11,30770,,,,,1,,1,,,,8,,,45.015242045,,,,,True,1
baseTest/0013.trace,baseTest,macro,1,SAT,,MACRO,,5,2,0,5,1,32,1,1,3,MIN_EXPANDED_SIZE,0,3,0.036281382,0.000704459,0.027707632,0.015561427,24.762577418,0.004575172,0.745678395,26.826902607999727,2979564.0,PASSED,130008,2446099,4922281,,5,47271,31,1,2.0,2,1,,1,WEIGHTED_MAXSAT,44,28,5,2.255432428,22.50714499,26.537542317,500,475,0.008079667,0,True,1
moreDetailedTest/0039.trace,moreDetailedTest,macro,1,TIMEOUT,,MACRO,,18,2,0,8,,,,,,MIN_EXPANDED_SIZE,,,0.049608219,,,,,,,360.0,7149272.0,IN_PROGRESS,,,,TIMEOUT,,,,,,,,,,,,,,,,,,,,,False,1
5to10Traces/0049.trace,5to10Traces,macro,1,SAT,,MACRO,,18,2,0,8,1,78,3,3,6,MIN_EXPANDED_SIZE,0,6,0.034594503,0.000738241,0.115712779,0.011744667,65.521219304,0.005775515,0.021823556,66.11670541500098,2030696.0,PASSED,127874,1375729,3328775,,8,22223,77,3,1.0,2,1,,1,WEIGHTED_MAXSAT,174,46,8,1.021836341,64.499382963,65.859522737,62,62,0.009314229,0,True,1
moreDetailedTest/0078.trace,moreDetailedTest,atlas-b,1,TIMEOUT,,ATLAS_B,,67,2,0,8,,,,,,MIN_EXPANDED_SIZE,,,0.037925399,,,,,,,360.0,4784156.0,IN_PROGRESS,,,,TIMEOUT,,,,,,,,,,,,,,,,,,,,,False,1
moreDetailedTest/0024.trace,moreDetailedTest,macro,1,SAT,,MACRO,,5,2,0,5,1,32,1,1,3,MIN_EXPANDED_SIZE,0,3,0.041095203,0.000685998,0.030393345,0.015698011,33.291387442,0.004542681,0.016831942,34.552828324000075,2999852.0,PASSED,134160,2505104,5019465,,5,48594,31,1,2.0,2,1,,1,WEIGHTED_MAXSAT,44,28,5,2.255736695,31.035650747,34.237310367,800,495,0.021056815,0,True,1
voting_machine/voting9.trace,voting_machine,atlas-b,1,SAT,,ATLAS_B,,13,2,0,8,,,,,4,MIN_EXPANDED_SIZE,0,4,0.05626849,,,0.037709263,4.970270042,0.033414376,0.017393107,5.561248562999026,743416.0,PASSED,15647,426624,1521476,,18,7794,,,,,1,,1,,,,8,,,5.390371776,,,,,True,1
5to10Traces/0185.trace,5to10Traces,atlas-b,1,SAT,,ATLAS_B,,10,2,0,8,,,,,5,MIN_EXPANDED_SIZE,0,5,0.034132026,,,0.062480827,33.159937327,0.024025265,0.021076876,34.80570547200114,4232724.0,PASSED,46474,3367517,11553266,,11,25520,,,,,1,,1,,,,8,,,34.48937687,,,,,True,1
5to10Traces/0019.trace,5to10Traces,macro,1,SAT,,MACRO,,5,2,0,5,1,34,1,1,3,MIN_EXPANDED_SIZE,0,3,0.035712398,0.000642107,0.065359914,0.01563065,23.800699683,0.004409929,0.013211044,24.430970430999878,3088392.0,PASSED,183677,2376323,5525948,,5,48909,33,1,2.0,2,1,,1,WEIGHTED_MAXSAT,44,28,5,1.774612768,22.026086915,24.15747604,239,239,0.00782487,0,True,1
moreDetailedTest/0111.trace,moreDetailedTest,atlas-b,1,SAT,,ATLAS_B,,3,2,0,3,,,,,2,MIN_EXPANDED_SIZE,0,2,0.04246932,,,0.041333709,0.561301388,0.0137628,0.013942294,1.0656561859996145,131832.0,PASSED,4354,21237,65175,,5,581,,,,,1,,1,,,,3,,,0.934880236,,,,,True,1
peterson/extra_traces/safety4.trace,peterson,macro,1,SAT,,MACRO,,18,2,0,8,5,67,4,4,5,MIN_EXPANDED_SIZE,0,5,0.091338892,0.001070908,0.089448681,0.016704628,6.55496857,0.009708311,0.011675783,7.078585896999357,602616.0,PASSED,61468,336166,1111486,,8,13084,10,4,0.25,1,1,,1,WEIGHTED_MAXSAT,67,67,8,0.803323504,5.751645066,6.899664654,16,16,0.000317378,0,True,1
5to10Traces/0175.trace,5to10Traces,macro,1,TIMEOUT,,MACRO,,6,2,0,6,,,,,,MIN_EXPANDED_SIZE,,,0.041916985,,,,,,,360.0,6314212.0,IN_PROGRESS,,,,TIMEOUT,,,,,,,,,,,,,,,,,,,,,False,1
moreDetailedTest/0039.trace,moreDetailedTest,atlas-b,1,TIMEOUT,,ATLAS_B,,18,2,0,8,,,,,,MIN_EXPANDED_SIZE,,,0.038282567,,,,,,,360.0,8003724.0,IN_PROGRESS,,,,TIMEOUT,,,,,,,,,,,,,,,,,,,,,False,1
5to10Traces/0100.trace,5to10Traces,macro,1,SAT,,MACRO,,3,2,0,3,1,22,1,1,2,MIN_EXPANDED_SIZE,0,2,0.039307612,0.000661628,0.029240145,0.008111573,3.644707163,0.004681099,0.010608542,4.119439955000416,461840.0,PASSED,59156,219353,417598,,3,9453,21,1,1.0,1,1,,1,WEIGHTED_MAXSAT,24,5,2,0.878132821,2.766574342,3.969889478,300,227,0.009916693,2,True,1
moreDetailedTest/0037.trace,moreDetailedTest,macro,1,TIMEOUT,,MACRO,,18,2,0,8,,,,,,MIN_EXPANDED_SIZE,,,0.03668476,,,,,,,360.0,5626800.0,IN_PROGRESS,,,,TIMEOUT,,,,,,,,,,,,,,,,,,,,,False,1
5to10Traces/0193.trace,5to10Traces,atlas-b,1,SAT,,ATLAS_B,,10,2,0,8,,,,,5,MIN_EXPANDED_SIZE,0,5,0.043281094,,,0.080665521,77.258797537,0.062880732,0.0275068,78.22544059500069,7280064.0,PASSED,90128,6698684,22983435,,11,50510,,,,,1,,1,,,,8,,,77.77032886,,,,,True,1
increasingNumVariables/0041.trace,increasingNumVariables,atlas-b,1,TIMEOUT,,ATLAS_B,,135,2,0,8,,,,,,MIN_EXPANDED_SIZE,,,0.034899649,,,,,,,360.0,748668.0,IN_PROGRESS,,,,TIMEOUT,,,,,,,,,,,,,,,,,,,,,False,1
5to10Traces/0020.trace,5to10Traces,atlas-b,1,SAT,,ATLAS_B,,5,2,0,5,,,,,3,MIN_EXPANDED_SIZE,0,3,0.02969256,,,0.067161088,17.20653866,0.078322019,0.016389214,17.90925212600007,2723000.0,PASSED,95754,1807239,5740632,,7,30147,,,,,1,,1,,,,5,,,17.685144987,,,,,True,1
weakening/weaken_antecedent/weaken_antecedent_65_10_10.trace,weakening,macro,1,SAT,,MACRO,,10,2,0,8,15,109,6,6,6,MIN_EXPANDED_SIZE,0,6,0.081981765,0.001729465,0.160623752,0.012995357,22.387868132,0.009751409,0.022047546,23.03985698500003,1756652.0,PASSED,104745,1066171,2878652,,8,49743,6,6,0.0,0,1,,1,WEIGHTED_MAXSAT,169,109,8,1.100320147,21.287547985,22.831021753,20,20,0.001454437,0,True,1
5to10Traces/0020.trace,5to10Traces,macro,1,SAT,,MACRO,,5,2,0,5,1,32,1,1,3,MIN_EXPANDED_SIZE,0,3,0.032507794,0.000638248,0.034444027,0.012206826,35.094074612,0.004386879,0.020548761,35.82780501800005,2544852.0,PASSED,110482,1761545,3541309,,5,34209,31,1,2.0,2,1,,1,WEIGHTED_MAXSAT,44,28,5,1.79098115,33.303093462,35.571425956,500,345,0.013328567,0,True,1
5to10Traces/0037.trace,5to10Traces,macro,1,TIMEOUT,,MACRO,,10,2,0,8,,,,,,MIN_EXPANDED_SIZE,,,0.039342267,,,,,,,360.0,6743592.0,IN_PROGRESS,,,,TIMEOUT,,,,,,,,,,,,,,,,,,,,,False,1
moreDetailedTest/0076.trace,moreDetailedTest,atlas-b,1,TIMEOUT,,ATLAS_B,,67,2,0,8,,,,,,MIN_EXPANDED_SIZE,,,0.0341294,,,,,,,360.0,3467504.0,IN_PROGRESS,,,,TIMEOUT,,,,,,,,,,,,,,,,,,,,,False,1
baseTest/0018.trace,baseTest,macro,1,TIMEOUT,,MACRO,,18,2,0,8,,,,,,MIN_EXPANDED_SIZE,,,0.032684145,,,,,,,360.0,4481864.0,IN_PROGRESS,,,,TIMEOUT,,,,,,,,,,,,,,,,,,,,,False,1
disjunctedExistence/0055.trace,disjunctedExistence,atlas-b,1,TIMEOUT,,ATLAS_B,,134,2,0,8,,,,,,MIN_EXPANDED_SIZE,,,0.037550072,,,,,,,360.0,6319988.0,IN_PROGRESS,,,,TIMEOUT,,,,,,,,,,,,,,,,,,,,,False,1
moreDetailedTest/0072.trace,moreDetailedTest,atlas-b,1,SAT,,ATLAS_B,,67,2,0,8,,,,,2,MIN_EXPANDED_SIZE,0,2,0.034063923,,,0.031394872,1.622832473,0.017481273,0.015063479,2.1381346109999413,290920.0,PASSED,7188,144166,475785,,12,1813,,,,,1,,1,,,,8,,,1.993896609,,,,,True,1
5to10Traces/0158.trace,5to10Traces,atlas-b,1,TIMEOUT,,ATLAS_B,,6,2,0,6,,,,,,MIN_EXPANDED_SIZE,,,0.035216454,,,,,,,360.0,822960.0,IN_PROGRESS,,,,TIMEOUT,,,,,,,,,,,,,,,,,,,,,False,1
moreDetailedTest/0074.trace,moreDetailedTest,atlas-b,1,TIMEOUT,,ATLAS_B,,67,2,0,8,,,,,,MIN_EXPANDED_SIZE,,,0.041245062,,,,,,,360.0,3005200.0,IN_PROGRESS,,,,TIMEOUT,,,,,,,,,,,,,,,,,,,,,False,1
5to10Traces/0117.trace,5to10Traces,macro,1,SAT,,MACRO,,67,2,0,8,1,176,3,3,4,MIN_EXPANDED_SIZE,0,4,0.033279808,0.000774441,0.253542739,0.011412785,41.47609444,0.006171744,0.019296516,42.27589666200015,2564052.0,PASSED,122876,1645772,3916047,,8,26851,175,2,0.3333333333333333,1,1,,1,WEIGHTED_MAXSAT,664,46,8,1.26567362,40.21042082,41.99864016,76,76,0.008696012,0,True,1
moreDetailedTest/0072.trace,moreDetailedTest,macro,1,SAT,,MACRO,,67,2,0,8,1,149,1,1,2,MIN_EXPANDED_SIZE,0,2,0.036650469,0.000585146,0.114390593,0.00336321,1.010303841,0.004622614,0.016715106,1.425777953000079,181040.0,PASSED,16603,18657,35953,,8,871,148,1,1.0,1,1,,1,WEIGHTED_MAXSAT,664,5,2,0.374417125,0.635886716,1.282805337,17,17,0.007204822,2,True,1
equal/0038.trace,equal,atlas-b,1,SAT,,ATLAS_B,,10,2,0,8,,,,,5,MIN_EXPANDED_SIZE,0,5,0.04193565,,,0.070022319,24.301087996,0.060328581,0.016737066,25.073049814000115,3178624.0,PASSED,71889,2224756,7303995,,11,24320,,,,,1,,1,,,,8,,,24.804336661,,,,,True,1
5to10Traces/0169.trace,5to10Traces,macro,1,TIMEOUT,,MACRO,,6,2,0,6,,,,,,MIN_EXPANDED_SIZE,,,0.038322354,,,,,,,360.0,4693272.0,IN_PROGRESS,,,,TIMEOUT,,,,,,,,,,,,,,,,,,,,,False,1
increasingNumVariables/0044.trace,increasingNumVariables,macro,1,TIMEOUT,,MACRO,,135,2,0,8,,,,,,MIN_EXPANDED_SIZE,,,0.035771382,,,,,,,360.0,1052140.0,IN_PROGRESS,,,,TIMEOUT,,,,,,,,,,,,,,,,,,,,,False,1
voting_machine/voting2.trace,voting_machine,macro,1,SAT,,MACRO,,13,2,0,8,2,34,4,4,4,MIN_EXPANDED_SIZE,0,4,0.040645847,0.000570265,0.041698885,0.006407541,2.326786939,0.015306799,0.009670388,2.6597095990000525,269580.0,PASSED,34915,99682,252473,,8,4302,10,2,0.0,0,1,,1,WEIGHTED_MAXSAT,34,34,8,0.510553397,1.816233542,2.530594787,10,10,0.007006837,0,True,1
robot/RRtrace/order8.trace,robot,macro,1,SAT,,MACRO,,2050,2,5,13,4,37,7,7,9,REPAIR,4,9,0.051873887,0.000637427,0.106354794,0.012543665,6.758193138,0.010305085,0.013996674,7.308927749999839,999992.0,PASSED,25783,428456,1173098,,13,17057,6,4,0.2857142857142857,2,2,,2,WEIGHTED_MAXSAT,61,37,16,0.704982645,6.053210493,7.088735155,10,9,0.000396131,0,True,1
weakening/weaken_antecedent/weaken_antecedent_70_10_10.trace,weakening,atlas-b,1,TIMEOUT,,ATLAS_B,,10,2,0,8,,,,,,MIN_EXPANDED_SIZE,,,0.088753773,,,,,,,360.0,4451488.0,IN_PROGRESS,,,,TIMEOUT,,,,,,,,,,,,,,,,,,,,,False,1
5to10Traces/0114.trace,5to10Traces,atlas-b,1,TIMEOUT,,ATLAS_B,,67,2,0,8,,,,,,MIN_EXPANDED_SIZE,,,0.033021169,,,,,,,360.0,993084.0,IN_PROGRESS,,,,TIMEOUT,,,,,,,,,,,,,,,,,,,,,False,1
5to10Traces/0180.trace,5to10Traces,macro,1,SAT,,MACRO,,10,2,0,8,1,42,3,3,5,MIN_EXPANDED_SIZE,0,5,0.042323545,0.000675738,0.061725261,0.021617145,28.01330358,0.006143374,0.012148213,28.554930305999733,1777808.0,PASSED,73506,921414,1958172,,8,17498,41,2,0.6666666666666666,1,1,,1,WEIGHTED_MAXSAT,94,36,8,0.789002854,27.224300726,28.297978872,100,100,0.009976835,0,True,1
robot/RAtrace/final22.trace,robot,macro,1,SAT,,MACRO,,2050,2,6,14,2,14,8,8,9,REPAIR,5,9,0.035675429,0.000684128,0.046109847,0.007218463,5.086765448,0.010856248,0.012096702,5.486362595000173,646704.0,PASSED,22916,350321,934383,,14,12533,6,3,0.125,1,2,,2,WEIGHTED_MAXSAT,22,14,16,0.514560905,4.572204543,5.313642201,10,10,0.000462042,0,True,1
baseTest/0004.trace,baseTest,macro,1,TIMEOUT,,MACRO,,10,2,0,8,,,,,,MIN_EXPANDED_SIZE,,,0.041021051,,,,,,,360.0,5639140.0,IN_PROGRESS,,,,TIMEOUT,,,,,,,,,,,,,,,,,,,,,False,1
5to10Traces/0102.trace,5to10Traces,macro,1,SAT,,MACRO,,3,2,0,3,1,22,1,1,2,MIN_EXPANDED_SIZE,0,2,0.032919446,0.00074252,0.024813941,0.008650861,4.62890908,0.005445515,0.01467959,6.428128903000015,484528.0,PASSED,64783,254622,483373,,3,10938,21,1,1.0,1,1,,1,WEIGHTED_MAXSAT,24,5,2,1.059647522,3.569261558,6.247677303,350,265,0.009821581,2,True,1
weakening/weaken_antecedent/weaken_antecedent_70_10_10.trace,weakening,macro,1,SAT,,MACRO,,10,2,0,8,15,109,6,6,6,MIN_EXPANDED_SIZE,0,6,0.081452276,0.002152257,0.199016172,0.010228332,22.709498012,0.011613908,0.02920286,23.93666248799991,1804460.0,PASSED,107351,1135663,3064144,,8,53043,6,6,0.0,0,1,,1,WEIGHTED_MAXSAT,169,109,8,1.161577473,21.547920539,23.690131954,20,20,0.001165211,0,True,1
5to10Traces/0085.trace,5to10Traces,atlas-b,1,TIMEOUT,,ATLAS_B,,18,2,0,8,,,,,,MIN_EXPANDED_SIZE,,,0.033362539,,,,,,,360.0,7947568.0,IN_PROGRESS,,,,TIMEOUT,,,,,,,,,,,,,,,,,,,,,False,1
peterson/base/liveness1.trace,peterson,macro,1,SAT,,MACRO,,18,2,0,8,6,103,4,4,5,MIN_EXPANDED_SIZE,0,5,0.076997981,0.001251532,0.092962792,0.022625043,5.473012769,0.010345416,0.012309326,5.985699113999999,552992.0,PASSED,63238,294727,991659,,8,12314,10,4,0.25,1,1,,1,WEIGHTED_MAXSAT,103,103,8,0.812861389,4.66015138,5.794526824,12,12,0.000311058,0,True,1
disjunctedExistence/0006.trace,disjunctedExistence,macro,1,TIMEOUT,,MACRO,,36,2,0,8,,,,,,MIN_EXPANDED_SIZE,,,0.038208253,,,,,,,360.0,2513512.0,IN_PROGRESS,,,,TIMEOUT,,,,,,,,,,,,,,,,,,,,,False,1
5to10Traces/0040.trace,5to10Traces,macro,1,TIMEOUT,,MACRO,,10,2,0,8,,,,,,MIN_EXPANDED_SIZE,,,0.039877793,,,,,,,360.0,4123288.0,IN_PROGRESS,,,,TIMEOUT,,,,,,,,,,,,,,,,,,,,,False,1
moreDetailedTest/0071.trace,moreDetailedTest,macro,1,TIMEOUT,,MACRO,,67,2,0,8,,,,,,MIN_EXPANDED_SIZE,,,0.038370028,,,,,,,360.0,2470088.0,IN_PROGRESS,,,,TIMEOUT,,,,,,,,,,,,,,,,,,,,,False,1
equal/0035.trace,equal,atlas-b,1,SAT,,ATLAS_B,,3,2,0,3,,,,,2,MIN_EXPANDED_SIZE,0,2,0.033885745,,,0.027697843,0.578481605,0.021945114,0.012540477,1.062132302000009,132240.0,PASSED,4354,21237,65175,,5,581,,,,,1,,1,,,,3,,,0.937863205,,,,,True,1
moreDetailedTest/0103.trace,moreDetailedTest,atlas-b,1,SAT,,ATLAS_B,,3,2,0,3,,,,,2,MIN_EXPANDED_SIZE,0,2,0.04096539,,,0.069685641,7.422651775,0.08035264,0.014708224,8.162402303999897,1186968.0,PASSED,67678,706638,2188275,,5,17581,,,,,1,,1,,,,3,,,7.931258984,,,,,True,1
moreDetailedTest/0004.trace,moreDetailedTest,atlas-b,1,TIMEOUT,,ATLAS_B,,10,2,0,8,,,,,,MIN_EXPANDED_SIZE,,,0.037080339,,,,,,,360.0,3180808.0,IN_PROGRESS,,,,TIMEOUT,,,,,,,,,,,,,,,,,,,,,False,1
baseTest/0018.trace,baseTest,atlas-b,1,ERROR,,ATLAS_B,,18,2,0,8,,,,,,MIN_EXPANDED_SIZE,,,0.042272712,,,,,,,360.0,1460108.0,FAILED,,,,"ErrorType: Translation capacity exceeded.
In this scope, universe contains 2051 atoms
and relations of arity 3 cannot be represented.
Visit http://alloy.mit.edu/ for advice on refactoring.",,,,,,,,,,,,,,,,8.069604832,,,,,False,1
moreDetailedTest/0049.trace,moreDetailedTest,macro,1,SAT,,MACRO,,3,2,0,3,1,22,1,1,2,MIN_EXPANDED_SIZE,0,2,0.038163016,0.000725269,0.020788812,0.010321859,4.895089928,0.004150898,0.011830829,5.603852098000061,547648.0,PASSED,77847,335375,636405,,3,14358,21,1,1.0,1,1,,1,WEIGHTED_MAXSAT,24,5,2,1.261130264,3.633959664,5.423414624,500,348,0.0107227,2,True,1
robot/RRtrace/order.trace,robot,macro,1,SAT,,MACRO,,1026,2,5,13,4,37,7,7,9,REPAIR,4,9,0.053517965,0.000729439,0.092571734,0.015264038,4.797827011,0.020099384,0.015128805,5.292707224999958,570520.0,PASSED,22157,262640,703559,,13,10326,6,4,0.2857142857142857,2,2,,2,WEIGHTED_MAXSAT,61,37,16,0.676294834,4.121532177,5.107864856,6,6,0.000440941,0,True,1
5to10Traces/0004.trace,5to10Traces,macro,1,SAT,,MACRO,,5,2,0,5,1,32,1,1,3,MIN_EXPANDED_SIZE,0,3,0.034963102,0.000596116,0.03029588,0.008379609,7.63806719,0.004245801,0.009054996,8.081105343000218,886500.0,PASSED,70254,437799,878086,,5,9030,31,1,2.0,2,1,,1,WEIGHTED_MAXSAT,44,28,5,0.762661666,6.875405524,7.850827327,100,89,0.009342173,0,True,1
5to10Traces/0126.trace,5to10Traces,atlas-b,1,TIMEOUT,,ATLAS_B,,67,2,0,8,,,,,,MIN_EXPANDED_SIZE,,,0.039926191,,,,,,,360.0,3541132.0,IN_PROGRESS,,,,TIMEOUT,,,,,,,,,,,,,,,,,,,,,False,1
weakening/weaken_antecedent/weaken_antecedent_10_90_90.trace,weakening,macro,1,SAT,,MACRO,,10,2,0,8,15,109,6,6,6,MIN_EXPANDED_SIZE,0,6,0.097993135,0.002104585,0.034031717,0.010621567,35.695983741,0.009346176,0.024577348,36.45235351200017,2504508.0,PASSED,127575,1483989,3698207,,8,61326,6,6,0.0,0,1,,1,WEIGHTED_MAXSAT,169,109,8,1.739593629,33.956390112,36.143221845,180,166,0.001093589,0,True,1
moreDetailedTest/0004.trace,moreDetailedTest,macro,1,TIMEOUT,,MACRO,,10,2,0,8,,,,,,MIN_EXPANDED_SIZE,,,0.035381752,,,,,,,360.0,3279004.0,IN_PROGRESS,,,,TIMEOUT,,,,,,,,,,,,,,,,,,,,,False,1
5to10Traces/0051.trace,5to10Traces,macro,1,SAT,,MACRO,,18,2,0,8,1,78,3,3,6,MIN_EXPANDED_SIZE,0,6,0.039006947,0.00073773,0.130409367,0.01424285,159.840282325,0.006293309,0.026087087,160.59481774899996,2744520.0,PASSED,153500,1825197,4355684,,8,29483,77,3,1.0,2,1,,1,WEIGHTED_MAXSAT,174,46,8,1.34682301,158.493459315,160.255427712,85,85,0.00987788,0,True,1
baseTest/0025.trace,baseTest,atlas-b,1,TIMEOUT,,ATLAS_B,,6,2,0,6,,,,,,MIN_EXPANDED_SIZE,,,0.039280904,,,,,,,360.0,4125412.0,IN_PROGRESS,,,,TIMEOUT,,,,,,,,,,,,,,,,,,,,,False,1
5to10Traces/0083.trace,5to10Traces,atlas-b,1,TIMEOUT,,ATLAS_B,,18,2,0,8,,,,,,MIN_EXPANDED_SIZE,,,0.032921928,,,,,,,360.0,7153532.0,IN_PROGRESS,,,,TIMEOUT,,,,,,,,,,,,,,,,,,,,,False,1
5to10Traces/0162.trace,5to10Traces,atlas-b,1,TIMEOUT,,ATLAS_B,,6,2,0,6,,,,,,MIN_EXPANDED_SIZE,,,0.039562247,,,,,,,360.0,1487356.0,IN_PROGRESS,,,,TIMEOUT,,,,,,,,,,,,,,,,,,,,,False,1
baseTest/0029.trace,baseTest,atlas-b,1,SAT,,ATLAS_B,,3,2,0,3,,,,,2,MIN_EXPANDED_SIZE,0,2,0.041756397,,,0.107486681,24.819973996,0.084623522,0.016971914,25.74093040600019,3098260.0,PASSED,189306,2017051,6247665,,5,50081,,,,,1,,1,,,,3,,,25.410598209,,,,,True,1
moreDetailedTest/0071.trace,moreDetailedTest,atlas-b,1,TIMEOUT,,ATLAS_B,,67,2,0,8,,,,,,MIN_EXPANDED_SIZE,,,0.036657073,,,,,,,360.0,1833296.0,IN_PROGRESS,,,,TIMEOUT,,,,,,,,,,,,,,,,,,,,,False,1
robot/RRtrace/order.trace,robot,atlas-b,1,SAT,,ATLAS_B,,1026,2,5,13,,,,,9,REPAIR,4,9,0.051274645,,,0.067921892,51.514192249,0.016816791,0.021107766,52.29708715800007,3360924.0,PASSED,6976,1855988,7087446,,22,11961,,,,,2,,2,,,,16,,,51.944850391,,,,,True,1
baseTest/0025.trace,baseTest,macro,1,TIMEOUT,,MACRO,,6,2,0,6,,,,,,MIN_EXPANDED_SIZE,,,0.041831742,,,,,,,360.0,4134356.0,IN_PROGRESS,,,,TIMEOUT,,,,,,,,,,,,,,,,,,,,,False,1
equal/0035.trace,equal,macro,1,SAT,,MACRO,,3,2,0,3,1,22,1,1,2,MIN_EXPANDED_SIZE,0,2,0.034610041,0.000524654,0.025385686,0.003276797,0.896169691,0.005110987,0.008210738,1.1958551500001704,134268.0,PASSED,12316,10886,20798,,3,534,21,1,1.0,1,1,,1,WEIGHTED_MAXSAT,24,5,2,0.36241138,0.533758311,1.045751322,10,10,0.006505643,2,True,1
moreDetailedTest/0082.trace,moreDetailedTest,macro,1,SAT,,MACRO,,67,2,0,8,1,149,1,1,2,MIN_EXPANDED_SIZE,0,2,0.0356699,0.00074409,0.129617261,0.00937373,2.27643235,0.004838309,0.009607196,2.7936398299998473,454008.0,PASSED,39044,90714,175012,,8,3922,148,1,1.0,1,1,,1,WEIGHTED_MAXSAT,664,5,2,0.717480913,1.558951437,2.630035454,86,86,0.014843915,2,True,1
5to10Traces/0119.trace,5to10Traces,atlas-b,1,SAT,,ATLAS_B,,67,2,0,8,,,,,2,MIN_EXPANDED_SIZE,0,2,0.040644363,,,0.05560642,20.538064918,0.019048797,0.014871716,21.343372348999765,3942484.0,PASSED,48623,3016555,10366766,,12,22588,,,,,1,,1,,,,8,,,20.987390382,,,,,True,1
moreDetailedTest/0056.trace,moreDetailedTest,atlas-b,1,SAT,,ATLAS_B,,3,2,0,3,,,,,2,MIN_EXPANDED_SIZE,0,2,0.033035999,,,0.053994428,3.257077039,0.018725139,0.024629395,3.8843446889995903,581832.0,PASSED,30334,303458,939389,,5,7581,,,,,1,,1,,,,3,,,3.683530222,,,,,True,1
increasingNumVariables/0054.trace,increasingNumVariables,atlas-b,1,TIMEOUT,,ATLAS_B,,264,2,0,8,,,,,,MIN_EXPANDED_SIZE,,,0.044224397,,,,,,,360.0,1493164.0,IN_PROGRESS,,,,TIMEOUT,,,,,,,,,,,,,,,,,,,,,False,1
moreDetailedTest/0101.trace,moreDetailedTest,atlas-b,1,SAT,,ATLAS_B,,3,2,0,3,,,,,2,MIN_EXPANDED_SIZE,0,2,0.040011221,,,0.075587034,5.914552335,0.040246997,0.014938476,6.577734794999742,714392.0,PASSED,48964,505056,1563836,,5,12581,,,,,1,,1,,,,3,,,6.381005062,,,,,True,1
equal/0010.trace,equal,atlas-b,1,SAT,,ATLAS_B,,5,2,0,5,,,,,3,MIN_EXPANDED_SIZE,0,3,0.041561464,,,0.061510928,12.692391044,0.075584249,0.017415204,13.418801818000247,1600932.0,PASSED,58354,1085260,3446951,,7,18147,,,,,1,,1,,,,5,,,13.178769342,,,,,True,1
5to10Traces/0186.trace,5to10Traces,atlas-b,1,SAT,,ATLAS_B,,10,2,0,8,,,,,5,MIN_EXPANDED_SIZE,0,5,0.037893323,,,0.063552365,22.080761101,0.053885326,0.022810274,22.86155363600028,2677468.0,PASSED,60289,1855357,6091171,,11,20320,,,,,1,,1,,,,8,,,22.566785289,,,,,True,1
5to10Traces/0072.trace,5to10Traces,atlas-b,1,TIMEOUT,,ATLAS_B,,18,2,0,8,,,,,,MIN_EXPANDED_SIZE,,,0.03349353,,,,,,,360.0,1603100.0,IN_PROGRESS,,,,TIMEOUT,,,,,,,,,,,,,,,,,,,,,False,1
baseTest/0003.trace,baseTest,atlas-b,1,TIMEOUT,,ATLAS_B,,10,2,0,8,,,,,,MIN_EXPANDED_SIZE,,,0.037029407,,,,,,,360.0,4266052.0,IN_PROGRESS,,,,TIMEOUT,,,,,,,,,,,,,,,,,,,,,False,1
increasingNumVariables/0001.trace,increasingNumVariables,atlas-b,1,SAT,,ATLAS_B,,10,2,0,8,,,,,5,MIN_EXPANDED_SIZE,0,5,0.031759392,,,0.045511645,119.877854612,0.035967845,0.016605001,120.44809399199949,473992.0,PASSED,11729,303876,997305,,11,3520,,,,,1,,1,,,,8,,,120.285200766,,,,,True,1
5to10Traces/0056.trace,5to10Traces,macro,1,TIMEOUT,,MACRO,,18,2,0,8,,,,,,MIN_EXPANDED_SIZE,,,0.037211559,,,,,,,360.0,3205504.0,IN_PROGRESS,,,,TIMEOUT,,,,,,,,,,,,,,,,,,,,,False,1
baseTest/0041.trace,baseTest,macro,1,TIMEOUT,,MACRO,,10,2,0,8,,,,,,MIN_EXPANDED_SIZE,,,0.041414794,,,,,,,360.0,4435940.0,IN_PROGRESS,,,,TIMEOUT,,,,,,,,,,,,,,,,,,,,,False,1
moreDetailedTest/0104.trace,moreDetailedTest,atlas-b,1,SAT,,ATLAS_B,,3,2,0,3,,,,,2,MIN_EXPANDED_SIZE,0,2,0.033993409,,,0.064830111,8.216416097,0.065216312,0.021304516,8.911434549999285,1334392.0,PASSED,77042,807435,2500494,,5,20081,,,,,1,,1,,,,3,,,8.702162125,,,,,True,1
5to10Traces/0037.trace,5to10Traces,atlas-b,1,TIMEOUT,,ATLAS_B,,10,2,0,8,,,,,,MIN_EXPANDED_SIZE,,,0.035333695,,,,,,,360.0,4451596.0,IN_PROGRESS,,,,TIMEOUT,,,,,,,,,,,,,,,,,,,,,False,1
moreDetailedTest/0016.trace,moreDetailedTest,atlas-b,1,SAT,,ATLAS_B,,5,2,0,5,,,,,3,MIN_EXPANDED_SIZE,0,3,0.041889152,,,0.03840413,1.215034801,0.016676893,0.017913716,1.7706915689996094,255412.0,PASSED,6204,74491,235799,,7,1347,,,,,1,,1,,,,5,,,1.615366553,,,,,True,1
moreDetailedTest/0110.trace,moreDetailedTest,macro,1,SAT,,MACRO,,3,2,0,3,1,22,1,1,2,MIN_EXPANDED_SIZE,0,2,0.034662801,0.000748849,0.022660052,0.007865319,2.028382933,0.004274964,0.009106002,2.431972821999807,254628.0,PASSED,38797,86671,163536,,3,3747,21,1,1.0,1,1,,1,WEIGHTED_MAXSAT,24,5,2,0.569756042,1.458626891,2.252671021,100,91,0.008184798,2,True,1
robot/RRtrace/order8.trace,robot,atlas-b,1,SAT,,ATLAS_B,,2050,2,5,13,,,,,9,REPAIR,4,9,0.051982061,,,0.046386312,129.650950373,0.022993379,0.018637352,130.61425721399974,7059228.0,PASSED,11522,5028398,19405700,,22,25871,,,,,2,,2,,,,16,,,130.072806013,,,,,True,1
disjunctedExistence/0010.trace,disjunctedExistence,macro,1,TIMEOUT,,MACRO,,36,2,0,8,,,,,,MIN_EXPANDED_SIZE,,,0.038700892,,,,,,,360.0,4576180.0,IN_PROGRESS,,,,TIMEOUT,,,,,,,,,,,,,,,,,,,,,False,1
5to10Traces/0064.trace,5to10Traces,macro,1,TIMEOUT,,MACRO,,18,2,0,8,,,,,,MIN_EXPANDED_SIZE,,,0.039901826,,,,,,,360.0,4269140.0,IN_PROGRESS,,,,TIMEOUT,,,,,,,,,,,,,,,,,,,,,False,1
5to10Traces/0004.trace,5to10Traces,atlas-b,1,SAT,,ATLAS_B,,5,2,0,5,,,,,3,MIN_EXPANDED_SIZE,0,3,0.034933831,,,0.047919701,3.944351518,0.022153207,0.022953738,4.515630896000403,658752.0,PASSED,21064,363281,1153269,,7,6147,,,,,1,,1,,,,5,,,4.351816341,,,,,True,1
5to10Traces/0162.trace,5to10Traces,macro,1,TIMEOUT,,MACRO,,6,2,0,6,,,,,,MIN_EXPANDED_SIZE,,,0.037054159,,,,,,,360.0,2088968.0,IN_PROGRESS,,,,TIMEOUT,,,,,,,,,,,,,,,,,,,,,False,1
equal/0003.trace,equal,macro,1,TIMEOUT,,MACRO,,10,2,0,8,,,,,,MIN_EXPANDED_SIZE,,,0.038662249,,,,,,,360.0,3243908.0,IN_PROGRESS,,,,TIMEOUT,,,,,,,,,,,,,,,,,,,,,False,1
equal/0038.trace,equal,macro,1,SAT,,MACRO,,10,2,0,8,1,42,3,3,5,MIN_EXPANDED_SIZE,0,5,0.036062812,0.000722929,0.05601865,0.01301525,125.136028282,0.005820355,0.01789724,125.87195136900027,3249684.0,PASSED,114051,2730325,5770307,,8,49277,41,2,0.6666666666666666,1,1,,1,WEIGHTED_MAXSAT,94,36,8,1.59881506,123.537213222,125.559795392,300,300,0.013784451,0,True,1
increasingNumVariables/0001.trace,increasingNumVariables,macro,1,SAT,,MACRO,,10,2,0,8,1,42,3,3,5,MIN_EXPANDED_SIZE,0,5,0.034282168,0.000653467,0.044635046,0.015833474,13.188967813,0.006218146,0.010141432,13.63315124699966,881184.0,PASSED,50737,381407,816797,,8,8027,41,2,0.6666666666666666,1,1,,1,WEIGHTED_MAXSAT,94,36,8,0.585507399,12.603460414,13.405665506,40,40,0.014433836,0,True,1
5to10Traces/0119.trace,5to10Traces,macro,1,SAT,,MACRO,,67,2,0,8,1,176,1,1,2,MIN_EXPANDED_SIZE,0,2,0.032236973,0.00074745,0.277684835,0.008220409,2.91695477,0.012772472,0.018227348,3.6436876200004917,457208.0,PASSED,59959,184370,412780,,8,9160,175,1,1.0,1,1,,1,WEIGHTED_MAXSAT,664,5,2,0.801632096,2.115322674,3.462798627,101,101,0.008487277,2,True,1
5to10Traces/0056.trace,5to10Traces,atlas-b,1,TIMEOUT,,ATLAS_B,,18,2,0,8,,,,,,MIN_EXPANDED_SIZE,,,0.036392695,,,,,,,360.0,3183020.0,IN_PROGRESS,,,,TIMEOUT,,,,,,,,,,,,,,,,,,,,,False,1
peterson/base/safety4.trace,peterson,macro,1,SAT,,MACRO,,18,2,0,8,5,67,4,4,5,MIN_EXPANDED_SIZE,0,5,0.097291055,0.001019436,0.069219001,0.009010349,4.821948056,0.019359833,0.011868671,5.321865072000037,605948.0,PASSED,50166,268151,895511,,8,10807,10,4,0.25,1,1,,1,WEIGHTED_MAXSAT,67,67,8,0.700420547,4.121527509,5.132592568,12,12,0.000313578,0,True,1
increasingNumVariables/0052.trace,increasingNumVariables,macro,1,TIMEOUT,,MACRO,,264,2,0,8,,,,,,MIN_EXPANDED_SIZE,,,0.032946708,,,,,,,360.0,1068944.0,IN_PROGRESS,,,,TIMEOUT,,,,,,,,,,,,,,,,,,,,,False,1
peterson/constrained/safety5.trace,peterson,atlas-b,1,SAT,,ATLAS_B,,18,2,0,8,,,,,5,MIN_EXPANDED_SIZE,0,5,0.087796743,,,0.040625954,24.126447215,0.0171016,0.019491161,24.873365465999996,3701372.0,PASSED,37874,2575762,9747123,,23,22257,,,,,1,,1,,,,8,,,24.57989336,,,,,True,1
equal/0013.trace,equal,macro,1,SAT,,MACRO,,5,2,0,5,1,32,1,1,3,MIN_EXPANDED_SIZE,0,3,0.033783656,0.000698388,0.03122885,0.012376744,6.844063951,0.004667453,0.00990381,7.246274834999895,875792.0,PASSED,69206,390720,781431,,5,8190,31,1,2.0,2,1,,1,WEIGHTED_MAXSAT,44,28,5,0.748456218,6.095607733,7.060778218,100,81,0.009407437,0,True,1
moreDetailedTest/0042.trace,moreDetailedTest,atlas-b,1,TIMEOUT,,ATLAS_B,,18,2,0,8,,,,,,MIN_EXPANDED_SIZE,,,0.034636259,,,,,,,360.0,1608432.0,IN_PROGRESS,,,,TIMEOUT,,,,,,,,,,,,,,,,,,,,,False,1
weakening/weaken_antecedent/weaken_antecedent_65_10_10.trace,weakening,atlas-b,1,TIMEOUT,,ATLAS_B,,10,2,0,8,,,,,,MIN_EXPANDED_SIZE,,,0.07277618,,,,,,,360.0,4438352.0,IN_PROGRESS,,,,TIMEOUT,,,,,,,,,,,,,,,,,,,,,False,1
increasingNumVariables/0054.trace,increasingNumVariables,macro,1,TIMEOUT,,MACRO,,264,2,0,8,,,,,,MIN_EXPANDED_SIZE,,,0.040668078,,,,,,,360.0,1812112.0,IN_PROGRESS,,,,TIMEOUT,,,,,,,,,,,,,,,,,,,,,False,1
disjunctedExistence/0066.trace,disjunctedExistence,atlas-b,1,TIMEOUT,,ATLAS_B,,134,2,0,8,,,,,,MIN_EXPANDED_SIZE,,,0.040066053,,,,,,,360.0,8159128.0,IN_PROGRESS,,,,TIMEOUT,,,,,,,,,,,,,,,,,,,,,False,1
weakening/weaken_antecedent/weaken_antecedent_10_70_70.trace,weakening,macro,1,SAT,,MACRO,,10,2,0,8,15,109,6,6,6,MIN_EXPANDED_SIZE,0,6,0.077903978,0.002065034,0.02562006,0.011101135,26.912243545,0.009525393,0.038200154,27.55960789799974,2119292.0,PASSED,119664,1223301,3067415,,8,50766,6,6,0.0,0,1,,1,WEIGHTED_MAXSAT,169,109,8,1.719017618,25.193225927,27.299584958,140,134,0.001105379,0,True,1
robot/RAtrace/final22.trace,robot,atlas-b,1,SAT,,ATLAS_B,,2050,2,6,14,,,,,9,REPAIR,5,9,0.035998705,,,0.04824029,54.900099291,0.018501211,0.024599333,55.67867275699973,4578236.0,PASSED,8648,3078320,11769008,,23,19642,,,,,2,,2,,,,16,,,55.32913842,,,,,True,1
voting_machine/voting2.trace,voting_machine,atlas-b,1,SAT,,ATLAS_B,,13,2,0,8,,,,,4,MIN_EXPANDED_SIZE,0,4,0.039384095,,,0.041702397,2.728163729,0.030122739,0.017909686,3.315652612998747,319428.0,PASSED,10355,170792,582009,,18,3912,,,,,1,,1,,,,8,,,3.131826544,,,,,True,1
increasingNumVariables/0038.trace,increasingNumVariables,macro,1,TIMEOUT,,MACRO,,70,2,0,8,,,,,,MIN_EXPANDED_SIZE,,,0.033705395,,,,,,,360.0,1788844.0,IN_PROGRESS,,,,TIMEOUT,,,,,,,,,,,,,,,,,,,,,False,1
peterson/base/safety4.trace,peterson,atlas-b,1,SAT,,ATLAS_B,,18,2,0,8,,,,,5,MIN_EXPANDED_SIZE,0,5,0.092031763,,,0.064097042,25.831244145,0.018656475,0.016535599,26.607173331998638,3718704.0,PASSED,38339,2575762,9747168,,23,22257,,,,,1,,1,,,,8,,,26.296464164,,,,,True,1
disjunctedExistence/0055.trace,disjunctedExistence,macro,1,TIMEOUT,,MACRO,,134,2,0,8,,,,,,MIN_EXPANDED_SIZE,,,0.041555554,,,,,,,360.0,3742596.0,IN_PROGRESS,,,,TIMEOUT,,,,,,,,,,,,,,,,,,,,,False,1
moreDetailedTest/0043.trace,moreDetailedTest,atlas-b,1,SAT,,ATLAS_B,,3,2,0,3,,,,,2,MIN_EXPANDED_SIZE,0,2,0.037303,,,0.071970041,4.344319347,0.022547982,0.020265282,4.951352365000275,713972.0,PASSED,39630,404249,1251607,,5,10081,,,,,1,,1,,,,3,,,4.788561988,,,,,True,1
5to10Traces/0097.trace,5to10Traces,atlas-b,1,SAT,,ATLAS_B,,3,2,0,3,,,,,2,MIN_EXPANDED_SIZE,0,2,0.033363976,,,0.065417579,8.903646924,0.023637681,0.018129696,9.566422734998923,1498448.0,PASSED,31259,985021,3381590,,5,15681,,,,,1,,1,,,,3,,,9.347171535,,,,,True,1
5to10Traces/0075.trace,5to10Traces,atlas-b,1,SAT,,ATLAS_B,,18,2,0,8,,,,,5,MIN_EXPANDED_SIZE,0,5,0.034591449,,,0.066223019,66.956295497,0.023607799,0.017361524,67.80401813599929,4267188.0,PASSED,47206,3423503,11745290,,11,25940,,,,,1,,1,,,,8,,,67.416761078,,,,,True,1
5to10Traces/0085.trace,5to10Traces,macro,1,SAT,,MACRO,,18,2,0,8,1,78,3,3,5,MIN_EXPANDED_SIZE,0,5,0.037926293,0.000717787,0.128301305,0.026078117,150.055907607,0.006334084,0.022617737,151.081310182999,5261992.0,PASSED,214629,5470715,13072457,,8,85451,77,2,0.6666666666666666,1,1,,1,WEIGHTED_MAXSAT,174,46,8,2.261131502,147.794776105,150.681044159,257,257,0.028531963,0,True,1
increasingNumVariables/0034.trace,increasingNumVariables,macro,1,TIMEOUT,,MACRO,,70,2,0,8,,,,,,MIN_EXPANDED_SIZE,,,0.036648611,,,,,,,360.0,922500.0,IN_PROGRESS,,,,TIMEOUT,,,,,,,,,,,,,,,,,,,,,False,1
5to10Traces/0102.trace,5to10Traces,atlas-b,1,SAT,,ATLAS_B,,3,2,0,3,,,,,2,MIN_EXPANDED_SIZE,0,2,0.039083666,,,0.073924571,8.109123942,0.057945901,0.014361137,8.810729520000677,1246956.0,PASSED,67670,706643,2188278,,5,17581,,,,,1,,1,,,,3,,,8.590198131,,,,,True,1
baseTest/0004.trace,baseTest,atlas-b,1,TIMEOUT,,ATLAS_B,,10,2,0,8,,,,,,MIN_EXPANDED_SIZE,,,0.035146313,,,,,,,360.0,5801800.0,IN_PROGRESS,,,,TIMEOUT,,,,,,,,,,,,,,,,,,,,,False,1
disjunctedExistence/0010.trace,disjunctedExistence,atlas-b,1,TIMEOUT,,ATLAS_B,,36,2,0,8,,,,,,MIN_EXPANDED_SIZE,,,0.034190675,,,,,,,360.0,7090772.0,IN_PROGRESS,,,,TIMEOUT,,,,,,,,,,,,,,,,,,,,,False,1
5to10Traces/0064.trace,5to10Traces,atlas-b,1,TIMEOUT,,ATLAS_B,,18,2,0,8,,,,,,MIN_EXPANDED_SIZE,,,0.042785087,,,,,,,360.0,4741284.0,IN_PROGRESS,,,,TIMEOUT,,,,,,,,,,,,,,,,,,,,,False,1
5to10Traces/0083.trace,5to10Traces,macro,1,TIMEOUT,,MACRO,,18,2,0,8,,,,,,MIN_EXPANDED_SIZE,,,0.038594926,,,,,,,360.0,4952888.0,IN_PROGRESS,,,,TIMEOUT,,,,,,,,,,,,,,,,,,,,,False,1
moreDetailedTest/0050.trace,moreDetailedTest,macro,1,SAT,,MACRO,,3,2,0,3,1,22,1,1,2,MIN_EXPANDED_SIZE,0,2,0.034031663,0.00075738,0.018034493,0.012549969,4.979496315,0.004997701,0.028578001,5.892293935999987,732248.0,PASSED,85624,383944,729406,,3,16473,21,1,1.0,1,1,,1,WEIGHTED_MAXSAT,24,5,2,1.457280355,3.52221596,5.697890553,600,398,0.011800009,2,True,1
increasingNumVariables/0002.trace,increasingNumVariables,macro,1,SAT,,MACRO,,10,2,0,8,1,42,3,3,5,MIN_EXPANDED_SIZE,0,5,0.035848881,0.000783381,0.043499612,0.011531062,17.255208079,0.006040719,0.010594238,17.67376081600014,873924.0,PASSED,57220,476467,1022921,,8,9611,41,2,0.6666666666666666,1,1,,1,WEIGHTED_MAXSAT,94,36,8,0.700803416,16.554404663,17.480719078,50,50,0.018362612,0,True,1
moreDetailedTest/0016.trace,moreDetailedTest,macro,1,SAT,,MACRO,,5,2,0,5,1,32,1,1,3,MIN_EXPANDED_SIZE,0,3,0.036247832,0.000585445,0.029510315,0.009329395,2.481043069,0.005483243,0.011030729,2.846562583999912,272920.0,PASSED,42663,98113,195082,,5,2583,31,1,2.0,2,1,,1,WEIGHTED_MAXSAT,44,28,5,0.515330588,1.965712481,2.670331568,20,20,0.008927165,0,True,1
weakening/weaken_antecedent/weaken_antecedent_10_75_75.trace,weakening,atlas-b,1,SAT,,ATLAS_B,,10,2,0,8,,,,,6,MIN_EXPANDED_SIZE,0,6,0.099499032,,,0.057179141,12.507968811,0.02857062,0.027127312,13.260784353000417,1796948.0,PASSED,57784,1280248,4348925,,11,31783,,,,,1,,1,,,,8,,,13.042059992,,,,,True,1
weakening/weaken_antecedent/weaken_antecedent_10_75_75.trace,weakening,macro,1,SAT,,MACRO,,10,2,0,8,15,109,6,6,6,MIN_EXPANDED_SIZE,0,6,0.077661389,0.00225972,0.025005496,0.011074811,27.981536891,0.009094309,0.017681644,28.60165939000035,2175340.0,PASSED,121466,1280172,3205334,,8,53076,6,6,0.0,0,1,,1,WEIGHTED_MAXSAT,169,109,8,1.485218318,26.496318573,28.329209428,150,141,0.001185021,0,True,1
disjunctedExistence/0066.trace,disjunctedExistence,macro,1,TIMEOUT,,MACRO,,134,2,0,8,,,,,,MIN_EXPANDED_SIZE,,,0.053940476,,,,,,,360.0,6554752.0,IN_PROGRESS,,,,TIMEOUT,,,,,,,,,,,,,,,,,,,,,False,1
5to10Traces/0099.trace,5to10Traces,atlas-b,1,SAT,,ATLAS_B,,3,2,0,3,,,,,2,MIN_EXPANDED_SIZE,0,2,0.034762141,,,0.064086014,10.974843013,0.031720708,0.018958399,11.661113596999712,1735212.0,PASSED,39009,1249929,4291285,,5,19881,,,,,1,,1,,,,3,,,11.432731846,,,,,True,1
5to10Traces/0087.trace,5to10Traces,atlas-b,1,TIMEOUT,,ATLAS_B,,18,2,0,8,,,,,,MIN_EXPANDED_SIZE,,,0.032827839,,,,,,,360.0,8596860.0,IN_PROGRESS,,,,TIMEOUT,,,,,,,,,,,,,,,,,,,,,False,1
moreDetailedTest/0104.trace,moreDetailedTest,macro,1,SAT,,MACRO,,3,2,0,3,1,22,1,1,2,MIN_EXPANDED_SIZE,0,2,0.03935256,0.000752911,0.020174183,0.009972299,4.032823195,0.00501994,0.013503678,4.727949147998515,558348.0,PASSED,70999,279767,532884,,3,12045,21,1,1.0,1,1,,1,WEIGHTED_MAXSAT,24,5,2,1.083109931,2.949713264,4.522541375,400,289,0.014923298,2,True,1
moreDetailedTest/0101.trace,moreDetailedTest,macro,1,SAT,,MACRO,,3,2,0,3,1,22,1,1,2,MIN_EXPANDED_SIZE,0,2,0.04328638,0.000686239,0.036779738,0.007567162,3.123315298,0.004323621,0.026301365,3.6452425389998098,452060.0,PASSED,55381,184544,349884,,3,7923,21,1,1.0,1,1,,1,WEIGHTED_MAXSAT,24,5,2,0.796147418,2.32716788,3.448747126,250,193,0.011239984,2,True,1
equal/0033.trace,equal,atlas-b,1,SAT,,ATLAS_B,,3,2,0,3,,,,,2,MIN_EXPANDED_SIZE,0,2,0.036696626,,,0.101047135,22.99361933,0.12377792,0.016677283,23.950930899000014,3023564.0,PASSED,189032,2016947,6247118,,5,50081,,,,,1,,1,,,,3,,,23.610738817,,,,,True,1
5to10Traces/0075.trace,5to10Traces,macro,1,SAT,,MACRO,,18,2,0,8,1,78,3,3,5,MIN_EXPANDED_SIZE,0,5,0.042476328,0.00073536,0.114265566,0.014503165,110.889230201,0.005988701,0.014263974,111.57244979900133,3216356.0,PASSED,149077,2612116,6246530,,8,41660,77,2,0.6666666666666666,1,1,,1,WEIGHTED_MAXSAT,174,46,8,1.33427357,109.554956631,111.276149008,122,122,0.015598585,0,True,1
weakening/weaken_antecedent/weaken_antecedent_10_20_20.trace,weakening,macro,1,SAT,,MACRO,,10,2,0,8,15,109,6,6,6,MIN_EXPANDED_SIZE,0,6,0.080039245,0.002100436,0.035972738,0.011358106,15.977202928,0.009990339,0.012893157,16.50944164500106,1029216.0,PASSED,95660,449254,1194768,,8,19416,6,6,0.0,0,1,,1,WEIGHTED_MAXSAT,169,109,8,1.06278272,14.914420208,16.272369594,40,39,0.001163511,0,True,1
moreDetailedTest/0042.trace,moreDetailedTest,macro,1,SAT,,MACRO,,18,2,0,8,1,58,3,3,6,MIN_EXPANDED_SIZE,0,6,0.034284083,0.000698188,0.067359683,0.015162808,80.96158244,0.010499289,0.018254196,81.58899413699874,2042360.0,PASSED,79336,1361463,2881729,,8,25319,57,3,1.0,2,1,,1,WEIGHTED_MAXSAT,174,36,8,1.039873462,79.921708978,81.3031157,150,150,0.02673634,0,True,1
5to10Traces/0131.trace,5to10Traces,atlas-b,1,TIMEOUT,,ATLAS_B,,67,2,0,8,,,,,,MIN_EXPANDED_SIZE,,,0.042343017,,,,,,,360.0,8104872.0,IN_PROGRESS,,,,TIMEOUT,,,,,,,,,,,,,,,,,,,,,False,1
moreDetailedTest/0076.trace,moreDetailedTest,macro,1,TIMEOUT,,MACRO,,67,2,0,8,,,,,,MIN_EXPANDED_SIZE,,,0.039906569,,,,,,,360.0,3289416.0,IN_PROGRESS,,,,TIMEOUT,,,,,,,,,,,,,,,,,,,,,False,1
moreDetailedTest/0110.trace,moreDetailedTest,atlas-b,1,SAT,,ATLAS_B,,3,2,0,3,,,,,2,MIN_EXPANDED_SIZE,0,2,0.034959676,,,0.050942494,3.152317719,0.016017368,0.01382784,4.176469800000632,341032.0,PASSED,21084,202669,627173,,5,5081,,,,,1,,1,,,,3,,,4.036251328,,,,,True,1
disjunctedExistence/0006.trace,disjunctedExistence,atlas-b,1,TIMEOUT,,ATLAS_B,,36,2,0,8,,,,,,MIN_EXPANDED_SIZE,,,0.039082816,,,,,,,360.0,1931596.0,IN_PROGRESS,,,,TIMEOUT,,,,,,,,,,,,,,,,,,,,,False,1
moreDetailedTest/0050.trace,moreDetailedTest,atlas-b,1,SAT,,ATLAS_B,,3,2,0,3,,,,,2,MIN_EXPANDED_SIZE,0,2,0.040451011,,,0.074429358,13.411530723,0.093671842,0.017860858,14.213867331000074,2180568.0,PASSED,114404,1210608,3749374,,5,30081,,,,,1,,1,,,,3,,,13.959066673,,,,,True,1
equal/0003.trace,equal,atlas-b,1,TIMEOUT,,ATLAS_B,,10,2,0,8,,,,,,MIN_EXPANDED_SIZE,,,0.034900442,,,,,,,360.0,3180752.0,IN_PROGRESS,,,,TIMEOUT,,,,,,,,,,,,,,,,,,,,,False,1
increasingNumVariables/0002.trace,increasingNumVariables,atlas-b,1,TIMEOUT,,ATLAS_B,,10,2,0,8,,,,,,MIN_EXPANDED_SIZE,,,0.035266632,,,,,,,360.0,701684.0,IN_PROGRESS,,,,TIMEOUT,,,,,,,,,,,,,,,,,,,,,False,1
weakening/weaken_antecedent/weaken_antecedent_10_20_20.trace,weakening,atlas-b,1,SAT,,ATLAS_B,,10,2,0,8,,,,,6,MIN_EXPANDED_SIZE,0,6,0.089839352,,,0.041844529,3.33143919,0.029279016,0.019337436,3.9807487960006256,657852.0,PASSED,17524,348886,1178175,,11,8683,,,,,1,,1,,,,8,,,3.801940934,,,,,True,1
5to10Traces/0131.trace,5to10Traces,macro,1,TIMEOUT,,MACRO,,67,2,0,8,,,,,,MIN_EXPANDED_SIZE,,,0.037958952,,,,,,,360.0,5215372.0,IN_PROGRESS,,,,TIMEOUT,,,,,,,,,,,,,,,,,,,,,False,1
5to10Traces/0051.trace,5to10Traces,atlas-b,1,TIMEOUT,,ATLAS_B,,18,2,0,8,,,,,,MIN_EXPANDED_SIZE,,,0.035981941,,,,,,,360.0,3059760.0,IN_PROGRESS,,,,TIMEOUT,,,,,,,,,,,,,,,,,,,,,False,1
increasingNumVariables/0040.trace,increasingNumVariables,atlas-b,1,TIMEOUT,,ATLAS_B,,135,2,0,8,,,,,,MIN_EXPANDED_SIZE,,,0.033114945,,,,,,,360.0,525820.0,IN_PROGRESS,,,,TIMEOUT,,,,,,,,,,,,,,,,,,,,,False,1
equal/0033.trace,equal,macro,1,SAT,,MACRO,,3,2,0,3,1,22,1,1,2,MIN_EXPANDED_SIZE,0,2,0.03594784,0.00076851,0.02818802,0.013012764,8.144345812,0.005256333,0.024610352,9.010383955999714,1057856.0,PASSED,119386,574635,1093334,,3,24627,21,1,1.0,1,1,,1,WEIGHTED_MAXSAT,24,5,2,2.34864925,5.795696562,8.836223555,1000,590,0.015329838,2,True,1
5to10Traces/0072.trace,5to10Traces,macro,1,TIMEOUT,,MACRO,,18,2,0,8,1,58,5,6,7,MIN_EXPANDED_SIZE,0,7,0.039069096,0.000749191,0.056484571,0.009416917,179.548147842,0.005619701,0.020211361,360.0,2046272.0,PASSED,83421,1390257,2955771,TIMEOUT,8,25583,57,3,0.3333333333333333,1,1,,1,WEIGHTED_MAXSAT,174,36,8,0.958010844,178.590136998,179.875548414,150,150,0.012755018,0,False,1
5to10Traces/0169.trace,5to10Traces,atlas-b,1,TIMEOUT,,ATLAS_B,,6,2,0,6,,,,,,MIN_EXPANDED_SIZE,,,0.040012212,,,,,,,360.0,7587628.0,IN_PROGRESS,,,,TIMEOUT,,,,,,,,,,,,,,,,,,,,,False,1
increasingNumVariables/0038.trace,increasingNumVariables,atlas-b,1,TIMEOUT,,ATLAS_B,,70,2,0,8,,,,,,MIN_EXPANDED_SIZE,,,0.041436849,,,,,,,360.0,1167356.0,IN_PROGRESS,,,,TIMEOUT,,,,,,,,,,,,,,,,,,,,,False,1
5to10Traces/0125.trace,5to10Traces,macro,1,SAT,,MACRO,,67,2,0,8,1,176,1,1,2,MIN_EXPANDED_SIZE,0,2,0.036896511,0.000718349,0.281851158,0.010016459,4.566073052,0.003755951,0.009467405,5.556245570000101,530184.0,PASSED,84321,319575,720589,,8,15793,175,1,1.0,1,1,,1,WEIGHTED_MAXSAT,664,5,2,1.080560416,3.485512636,5.31419705,176,176,0.009239118,2,True,1
baseTest/0041.trace,baseTest,atlas-b,1,SAT,,ATLAS_B,,10,2,0,8,,,,,5,MIN_EXPANDED_SIZE,0,5,0.042215643,,,0.087496279,48.18137105,0.05883895,0.02908117,49.06370679799875,4342220.0,PASSED,118340,3702356,12155496,,11,40320,,,,,1,,1,,,,8,,,48.733023533,,,,,True,1
peterson/base/liveness1.trace,peterson,atlas-b,1,SAT,,ATLAS_B,,18,2,0,8,,,,,5,MIN_EXPANDED_SIZE,0,5,0.071083732,,,0.045700902,24.59613643,0.017587358,0.015122091,25.709312563998537,3715364.0,PASSED,39131,2576539,9748732,,23,22257,,,,,1,,1,,,,8,,,25.358725206,,,,,True,1
moreDetailedTest/0103.trace,moreDetailedTest,macro,1,SAT,,MACRO,,3,2,0,3,1,22,1,1,2,MIN_EXPANDED_SIZE,0,2,0.045552118,0.000602447,0.018829932,0.008778648,3.862196007,0.004806791,0.019777738,4.50767174000066,478500.0,PASSED,65754,246886,467086,,3,10605,21,1,1.0,1,1,,1,WEIGHTED_MAXSAT,24,5,2,1.084535555,2.777660452,4.307035297,350,257,0.014635238,2,True,1
peterson/constrained/liveness2.trace,peterson,macro,1,SAT,,MACRO,,18,2,0,8,10,171,4,4,5,MIN_EXPANDED_SIZE,0,5,0.112438735,0.001798699,0.133800586,0.01251329,10.825378084,0.023831917,0.012075559,11.480493129000024,921284.0,PASSED,85217,358952,1205762,,8,16131,10,4,0.25,1,1,,1,WEIGHTED_MAXSAT,171,171,8,1.019967,9.805411084,11.262764301,12,12,0.000330619,0,True,1
moreDetailedTest/0074.trace,moreDetailedTest,macro,1,TIMEOUT,,MACRO,,67,2,0,8,,,,,,MIN_EXPANDED_SIZE,,,0.034110647,,,,,,,360.0,2981908.0,IN_PROGRESS,,,,TIMEOUT,,,,,,,,,,,,,,,,,,,,,False,1
5to10Traces/0117.trace,5to10Traces,atlas-b,1,TIMEOUT,,ATLAS_B,,67,2,0,8,,,,,,MIN_EXPANDED_SIZE,,,0.029880347,,,,,,,360.0,2953360.0,IN_PROGRESS,,,,TIMEOUT,,,,,,,,,,,,,,,,,,,,,False,1
5to10Traces/0126.trace,5to10Traces,macro,1,TIMEOUT,,MACRO,,67,2,0,8,,,,,,MIN_EXPANDED_SIZE,,,0.042987939,,,,,,,360.0,3478448.0,IN_PROGRESS,,,,TIMEOUT,,,,,,,,,,,,,,,,,,,,,False,1
weakening/weaken_antecedent/weaken_antecedent_10_90_90.trace,weakening,atlas-b,1,SAT,,ATLAS_B,,10,2,0,8,,,,,6,MIN_EXPANDED_SIZE,0,6,0.091837135,,,0.055023751,14.550204917,0.046462353,0.018160846,15.364854763998665,2014668.0,PASSED,68764,1534253,5213675,,11,38083,,,,,1,,1,,,,8,,,15.082673893,,,,,True,1
increasingNumVariables/0044.trace,increasingNumVariables,atlas-b,1,TIMEOUT,,ATLAS_B,,135,2,0,8,,,,,,MIN_EXPANDED_SIZE,,,0.03702095,,,,,,,360.0,1019932.0,IN_PROGRESS,,,,TIMEOUT,,,,,,,,,,,,,,,,,,,,,False,1
increasingNumVariables/0052.trace,increasingNumVariables,atlas-b,1,TIMEOUT,,ATLAS_B,,264,2,0,8,,,,,,MIN_EXPANDED_SIZE,,,0.043279073,,,,,,,360.0,1048340.0,IN_PROGRESS,,,,TIMEOUT,,,,,,,,,,,,,,,,,,,,,False,1
5to10Traces/0099.trace,5to10Traces,macro,1,SAT,,MACRO,,3,2,0,3,1,22,1,1,2,MIN_EXPANDED_SIZE,0,2,0.032385229,0.004630894,0.048595774,0.009346241,3.370270324,0.431966056,0.010549503,4.266004777000489,479792.0,PASSED,69796,230391,509751,,3,11523,21,1,1.0,1,1,,1,WEIGHTED_MAXSAT,24,5,2,0.801365965,2.568904359,4.090382343,132,132,0.008267912,2,True,1
equal/0010.trace,equal,macro,1,SAT,,MACRO,,5,2,0,5,1,32,1,1,3,MIN_EXPANDED_SIZE,0,3,0.037067315,0.000572706,0.023748898,0.010205454,11.569166391,0.004588163,0.020605683,14.13922082099998,1724944.0,PASSED,91389,1109324,2216157,,5,21924,31,1,2.0,2,1,,1,WEIGHTED_MAXSAT,44,28,5,1.035550529,10.533615862,12.908221977,300,224,0.011591291,0,True,1
baseTest/0029.trace,baseTest,macro,1,SAT,,MACRO,,3,2,0,3,1,22,1,1,2,MIN_EXPANDED_SIZE,0,2,0.036292344,0.000702109,0.02571247,0.018419694,11.605522077,0.014636533,0.02084991,13.201817336999738,1628880.0,PASSED,168213,888121,1691562,,3,38163,21,1,1.0,1,1,,1,WEIGHTED_MAXSAT,24,5,2,4.218589143,7.386932934,12.970676133,1000,903,0.012900526,2,True,1
equal/0013.trace,equal,atlas-b,1,SAT,,ATLAS_B,,5,2,0,5,,,,,3,MIN_EXPANDED_SIZE,0,3,0.033201711,,,0.041989797,6.41410574,0.016461451,0.015954758,6.986564155999076,651260.0,PASSED,21050,363281,1153272,,7,6147,,,,,1,,1,,,,5,,,6.806048381,,,,,True,1
5to10Traces/0097.trace,5to10Traces,macro,1,SAT,,MACRO,,3,2,0,3,1,22,1,1,2,MIN_EXPANDED_SIZE,0,2,0.038600447,0.000713399,0.05328809,0.022858774,3.103759757,0.004627684,0.009436323,3.570265490001475,394260.0,PASSED,64145,181517,401909,,3,9075,21,1,1.0,1,1,,1,WEIGHTED_MAXSAT,24,5,2,0.81546449,2.288295267,3.410776618,104,104,0.013602285,2,True,1
increasingNumVariables/0040.trace,increasingNumVariables,macro,1,TIMEOUT,,MACRO,,135,2,0,8,,,,,,MIN_EXPANDED_SIZE,,,0.032061101,,,,,,,360.0,601580.0,IN_PROGRESS,,,,TIMEOUT,,,,,,,,,,,,,,,,,,,,,False,1
5to10Traces/0180.trace,5to10Traces,atlas-b,1,SAT,,ATLAS_B,,10,2,0,8,,,,,5,MIN_EXPANDED_SIZE,0,5,0.037060325,,,0.048078851,8.835420437,0.021698893,0.032170273,9.457079285000873,1017124.0,PASSED,25589,747157,2452696,,11,8320,,,,,1,,1,,,,8,,,9.254720473,,,,,True,1
peterson/constrained/liveness2.trace,peterson,atlas-b,1,SAT,,ATLAS_B,,18,2,0,8,,,,,5,MIN_EXPANDED_SIZE,0,5,0.120602427,,,0.046533979,25.94448653,0.020251354,0.015358902,26.788586227999986,3707364.0,PASSED,38687,2576539,9748688,,23,22257,,,,,1,,1,,,,8,,,26.465058824,,,,,True,1
5to10Traces/0079.trace,5to10Traces,macro,1,TIMEOUT,,MACRO,,18,2,0,8,,,,,,MIN_EXPANDED_SIZE,,,0.040938607,,,,,,,360.0,4197540.0,IN_PROGRESS,,,,TIMEOUT,,,,,,,,,,,,,,,,,,,,,False,1
moreDetailedTest/0117.trace,moreDetailedTest,macro,1,SAT,,MACRO,,10,2,0,8,1,42,3,3,5,MIN_EXPANDED_SIZE,0,5,0.039629951,0.00070315,0.037826121,0.01525956,133.93870957,0.005771115,0.024706725,134.84089168599894,3531332.0,PASSED,123624,3198858,6781152,,8,57197,41,2,0.6666666666666666,1,1,,1,WEIGHTED_MAXSAT,94,36,8,2.164053951,131.774655619,134.493774612,350,349,0.024797863,0,True,1
moreDetailedTest/0082.trace,moreDetailedTest,atlas-b,1,SAT,,ATLAS_B,,67,2,0,8,,,,,2,MIN_EXPANDED_SIZE,0,2,0.044414565,,,0.064234948,5.817468625,0.019176556,0.017674745,6.461148594999031,980300.0,PASSED,26229,687541,2268652,,12,7678,,,,,1,,1,,,,8,,,6.263757704,,,,,True,1
5to10Traces/0040.trace,5to10Traces,atlas-b,1,TIMEOUT,,ATLAS_B,,10,2,0,8,,,,,,MIN_EXPANDED_SIZE,,,0.043379427,,,,,,,360.0,4098252.0,IN_PROGRESS,,,,TIMEOUT,,,,,,,,,,,,,,,,,,,,,False,1
baseTest/0003.trace,baseTest,macro,1,TIMEOUT,,MACRO,,10,2,0,8,,,,,,MIN_EXPANDED_SIZE,,,0.039891763,,,,,,,360.0,4237940.0,IN_PROGRESS,,,,TIMEOUT,,,,,,,,,,,,,,,,,,,,,False,1
moreDetailedTest/0126.trace,moreDetailedTest,macro,1,SAT,,MACRO,,10,2,0,8,1,42,3,3,5,MIN_EXPANDED_SIZE,0,5,0.033377618,0.000544055,0.052893974,0.010324608,55.285685379,0.005741054,0.017188533,55.87783817200034,1954656.0,PASSED,84064,1379693,2938171,,8,25418,41,2,0.6666666666666666,1,1,,1,WEIGHTED_MAXSAT,94,36,8,0.978117323,54.307568056,55.598531102,150,149,0.010184544,0,True,1
5to10Traces/0114.trace,5to10Traces,macro,1,TIMEOUT,,MACRO,,67,2,0,8,,,,,,MIN_EXPANDED_SIZE,,,0.031913959,,,,,,,360.0,1517992.0,IN_PROGRESS,,,,TIMEOUT,,,,,,,,,,,,,,,,,,,,,False,1
moreDetailedTest/0049.trace,moreDetailedTest,atlas-b,1,SAT,,ATLAS_B,,3,2,0,3,,,,,2,MIN_EXPANDED_SIZE,0,2,0.041948862,,,0.075490637,11.840545966,0.092376303,0.021624283,12.670713756000623,1952256.0,PASSED,95714,1009018,3124928,,5,25081,,,,,1,,1,,,,3,,,12.389966871,,,,,True,1
moreDetailedTest/0043.trace,moreDetailedTest,macro,1,SAT,,MACRO,,3,2,0,3,1,22,1,1,2,MIN_EXPANDED_SIZE,0,2,0.032742744,0.000677488,0.02335937,0.006638929,2.670788116,0.004225653,0.023023112,3.211758313998871,375124.0,PASSED,47718,155873,296108,,3,6717,21,1,1.0,1,1,,1,WEIGHTED_MAXSAT,24,5,2,0.734752136,1.93603598,3.016087403,200,163,0.00817331,2,True,1
weakening/weaken_antecedent/weaken_antecedent_10_70_70.trace,weakening,atlas-b,1,SAT,,ATLAS_B,,10,2,0,8,,,,,6,MIN_EXPANDED_SIZE,0,6,0.098780186,,,0.073238656,10.432545153,0.02224735,0.016376922,11.200667438999517,1701484.0,PASSED,54124,1195583,4060675,,11,29683,,,,,1,,1,,,,8,,,10.937861228,,,,,True,1
5to10Traces/0125.trace,5to10Traces,atlas-b,1,SAT,,ATLAS_B,,67,2,0,8,,,,,2,MIN_EXPANDED_SIZE,0,2,0.035758005,,,0.063452143,43.997682816,0.042186938,0.01407684,44.88109988399992,6153564.0,PASSED,82898,5248930,18039566,,12,39088,,,,,1,,1,,,,8,,,44.466653252,,,,,True,1
5to10Traces/0186.trace,5to10Traces,macro,1,SAT,,MACRO,,10,2,0,8,1,42,3,3,5,MIN_EXPANDED_SIZE,0,5,0.032829066,0.000670778,0.046946487,0.02411737,121.407491683,0.005472569,0.013826906,122.1339199740014,2920472.0,PASSED,103224,2266178,4787744,,8,41126,41,2,0.6666666666666666,1,1,,1,WEIGHTED_MAXSAT,94,36,8,1.344460138,120.063031545,121.792523118,250,250,0.019109706,0,True,1
moreDetailedTest/0117.trace,moreDetailedTest,atlas-b,1,TIMEOUT,,ATLAS_B,,10,2,0,8,,,,,,MIN_EXPANDED_SIZE,,,0.039644238,,,,,,,360.0,3494632.0,IN_PROGRESS,,,,TIMEOUT,,,,,,,,,,,,,,,,,,,,,False,1
peterson/constrained/safety5.trace,peterson,macro,1,SAT,,MACRO,,18,2,0,8,5,67,4,4,5,MIN_EXPANDED_SIZE,0,5,0.085350835,0.00076742,0.067982897,0.014981854,4.616884009,0.009553088,0.018587142,5.103181526999833,593012.0,PASSED,54831,259515,860207,,8,10543,10,4,0.25,1,1,,1,WEIGHTED_MAXSAT,67,67,8,0.681674906,3.935209103,4.914959952,12,12,0.000317298,0,True,1
5to10Traces/0087.trace,5to10Traces,macro,1,TIMEOUT,,MACRO,,18,2,0,8,,,,,,MIN_EXPANDED_SIZE,,,0.032109197,,,,,,,360.0,5763616.0,IN_PROGRESS,,,,TIMEOUT,,,,,,,,,,,,,,,,,,,,,False,1
moreDetailedTest/0126.trace,moreDetailedTest,atlas-b,1,SAT,,ATLAS_B,,10,2,0,8,,,,,5,MIN_EXPANDED_SIZE,0,5,0.031260014,,,0.059404404,11.619684525,0.017456341,0.014488532,12.238651998000933,1598648.0,PASSED,37139,1116557,3665521,,11,12320,,,,,1,,1,,,,8,,,12.022906769,,,,,True,1
5to10Traces/0158.trace,5to10Traces,macro,1,UNSAT,,MACRO,,6,2,0,6,1,34,0,0,0,MIN_EXPANDED_SIZE,0,0,0.031938203,0.000456582,0.032290423,0.009026264,70.467768078,0.000574465,0.000485283,70.79849687099886,1014848.0,NOT_APPLICABLE_UNSAT,71674,676487,1387388,,6,13116,33,0,0.0,0,1,,1,WEIGHTED_MAXSAT,54,32,6,0.844831954,69.622936124,70.622794686,100,100,0.009929839,0,True,1
moreDetailedTest/0056.trace,moreDetailedTest,macro,1,SAT,,MACRO,,3,2,0,3,1,22,1,1,2,MIN_EXPANDED_SIZE,0,2,0.029916235,0.000506304,0.018928499,0.00816409,2.296079805,0.004674306,0.013314488,2.7339784409996355,276336.0,PASSED,44346,126464,239748,,3,5457,21,1,1.0,1,1,,1,WEIGHTED_MAXSAT,24,5,2,0.648327665,1.64775214,2.56697978,150,132,0.007541943,2,True,1
5to10Traces/0079.trace,5to10Traces,atlas-b,1,TIMEOUT,,ATLAS_B,,18,2,0,8,,,,,,MIN_EXPANDED_SIZE,,,0.032117983,,,,,,,360.0,6055572.0,IN_PROGRESS,,,,TIMEOUT,,,,,,,,,,,,,,,,,,,,,False,1
increasingNumVariables/0034.trace,increasingNumVariables,atlas-b,1,TIMEOUT,,ATLAS_B,,70,2,0,8,,,,,,MIN_EXPANDED_SIZE,,,0.037667903,,,,,,,360.0,788976.0,IN_PROGRESS,,,,TIMEOUT,,,,,,,,,,,,,,,,,,,,,False,1
