task,family,B,b,inputSha256,constraintSha256,profile,status,issues,matchedPath,originalPath,recognizedFeatures,identityConstraints,protectedIdentities,oldEdges
5to10Traces/0000.trace,5to10Traces,5,2,77fb428a069a6f5b21aeed975b428548a2642a5226f0e4c2e2ac284777a8614b,e3b0c44298fc1c149afbf4c8996fb92427ae41e4649b934ca495991b7852b855,无自定义结构约束,EXACT_MATCH,,ATLAS/experiment_artifacts/2026-09-26/rq3-constraint-audit/inputs/5to10Traces/0000.trace,ATLAS/benchmark/5to10Traces/0000.trace,,,,
5to10Traces/0002.trace,5to10Traces,5,2,eb40501cc06da1eccd73b8b511a5d40674abeffa8794fa8e717e0fabc662a9eb,e3b0c44298fc1c149afbf4c8996fb92427ae41e4649b934ca495991b7852b855,无自定义结构约束,EXACT_MATCH,,ATLAS/experiment_artifacts/2026-09-26/rq3-constraint-audit/inputs/5to10Traces/0002.trace,ATLAS/benchmark/5to10Traces/0002.trace,,,,
5to10Traces/0003.trace,5to10Traces,5,2,6f39abe0295506c074ecc2d2ca624dbabd9e790cd4e32e2376c334e22c74ed0b,e3b0c44298fc1c149afbf4c8996fb92427ae41e4649b934ca495991b7852b855,无自定义结构约束,EXACT_MATCH,,ATLAS/experiment_artifacts/2026-09-26/rq3-constraint-audit/inputs/5to10Traces/0003.trace,ATLAS/benchmark/5to10Traces/0003.trace,,,,
5to10Traces/0004.trace,5to10Traces,5,2,05629bb4f6035f93350157aa5f7d9a45ae7afd501c1d9cfe01c1c67a1b471a14,e3b0c44298fc1c149afbf4c8996fb92427ae41e4649b934ca495991b7852b855,无自定义结构约束,EXACT_MATCH,,ATLAS/experiment_artifacts/2026-09-26/rq3-constraint-audit/inputs/5to10Traces/0004.trace,ATLAS/benchmark/5to10Traces/0004.trace,,,,
5to10Traces/0005.trace,5to10Traces,5,2,660a589b506704d37a8541151f8c604018739a7d81f670e47eb3eaa1c1d4d439,e3b0c44298fc1c149afbf4c8996fb92427ae41e4649b934ca495991b7852b855,无自定义结构约束,EXACT_MATCH,,ATLAS/experiment_artifacts/2026-09-26/rq3-constraint-audit/inputs/5to10Traces/0005.trace,ATLAS/benchmark/5to10Traces/0005.trace,,,,
5to10Traces/0006.trace,5to10Traces,5,2,7d3075244c5bbbe213fc317b55abec9af8071310f9d4db6cd3ae780bfd8366dd,e3b0c44298fc1c149afbf4c8996fb92427ae41e4649b934ca495991b7852b855,无自定义结构约束,EXACT_MATCH,,ATLAS/experiment_artifacts/2026-09-26/rq3-constraint-audit/inputs/5to10Traces/0006.trace,ATLAS/benchmark/5to10Traces/0006.trace,,,,
5to10Traces/0007.trace,5to10Traces,5,2,18f49d7822132d05f1d4bb6e2811d77950778ba815b21d52c8366d09efeb63b2,e3b0c44298fc1c149afbf4c8996fb92427ae41e4649b934ca495991b7852b855,无自定义结构约束,EXACT_MATCH,,ATLAS/experiment_artifacts/2026-09-26/rq3-constraint-audit/inputs/5to10Traces/0007.trace,ATLAS/benchmark/5to10Traces/0007.trace,,,,
5to10Traces/0008.trace,5to10Traces,5,2,41fc8b607a7d2187795688c08a2796236044c4aecfef14332076b60f8e493d1b,e3b0c44298fc1c149afbf4c8996fb92427ae41e4649b934ca495991b7852b855,无自定义结构约束,EXACT_MATCH,,ATLAS/experiment_artifacts/2026-09-26/rq3-constraint-audit/inputs/5to10Traces/0008.trace,ATLAS/benchmark/5to10Traces/0008.trace,,,,
5to10Traces/0009.trace,5to10Traces,5,2,1fa2c89971eb9bf85ddb1903d4936d8b6807ddd6862da4db6a33713d919f22f9,e3b0c44298fc1c149afbf4c8996fb92427ae41e4649b934ca495991b7852b855,无自定义结构约束,EXACT_MATCH,,ATLAS/experiment_artifacts/2026-09-26/rq3-constraint-audit/inputs/5to10Traces/0009.trace,ATLAS/benchmark/5to10Traces/0009.trace,,,,
5to10Traces/0010.trace,5to10Traces,5,2,2c8d5f6b675827a4d0fc5a57c97b8c99adfd9886e1aee9ccba5b50f656dad98c,e3b0c44298fc1c149afbf4c8996fb92427ae41e4649b934ca495991b7852b855,无自定义结构约束,EXACT_MATCH,,ATLAS/experiment_artifacts/2026-09-26/rq3-constraint-audit/inputs/5to10Traces/0010.trace,ATLAS/benchmark/5to10Traces/0010.trace,,,,
5to10Traces/0011.trace,5to10Traces,5,2,e38bf3e3c82d45a788e109824513c902af600af42cf5fa633e528c6fba782796,e3b0c44298fc1c149afbf4c8996fb92427ae41e4649b934ca495991b7852b855,无自定义结构约束,EXACT_MATCH,,ATLAS/experiment_artifacts/2026-09-26/rq3-constraint-audit/inputs/5to10Traces/0011.trace,ATLAS/benchmark/5to10Traces/0011.trace,,,,
5to10Traces/0012.trace,5to10Traces,5,2,b0ba16143354c8bf8a49bc68a909bda16cdb8008d6a8f5dc909add5fee906128,e3b0c44298fc1c149afbf4c8996fb92427ae41e4649b934ca495991b7852b855,无自定义结构约束,EXACT_MATCH,,ATLAS/experiment_artifacts/2026-09-26/rq3-constraint-audit/inputs/5to10Traces/0012.trace,ATLAS/benchmark/5to10Traces/0012.trace,,,,
5to10Traces/0013.trace,5to10Traces,5,2,0a8539b9676e0142c7a3d8adc1f088dd222e222568f6c4c0e638bd9d2d1c0025,e3b0c44298fc1c149afbf4c8996fb92427ae41e4649b934ca495991b7852b855,无自定义结构约束,EXACT_MATCH,,ATLAS/experiment_artifacts/2026-09-26/rq3-constraint-audit/inputs/5to10Traces/0013.trace,ATLAS/benchmark/5to10Traces/0013.trace,,,,
5to10Traces/0014.trace,5to10Traces,5,2,327d8396cc8c1a82e18d32f56a21117f218ebf6b88c17672b7bc0d39fff6f5bc,e3b0c44298fc1c149afbf4c8996fb92427ae41e4649b934ca495991b7852b855,无自定义结构约束,EXACT_MATCH,,ATLAS/experiment_artifacts/2026-09-26/rq3-constraint-audit/inputs/5to10Traces/0014.trace,ATLAS/benchmark/5to10Traces/0014.trace,,,,
5to10Traces/0015.trace,5to10Traces,5,2,0f0ec3bcc17fbab360cf629aca37f0d9e5415b296cb77f0082b1ee7567b46347,e3b0c44298fc1c149afbf4c8996fb92427ae41e4649b934ca495991b7852b855,无自定义结构约束,EXACT_MATCH,,ATLAS/experiment_artifacts/2026-09-26/rq3-constraint-audit/inputs/5to10Traces/0015.trace,ATLAS/benchmark/5to10Traces/0015.trace,,,,
5to10Traces/0016.trace,5to10Traces,5,2,fbf3dac0c3575546823f9684f2862c2e7dd41a4bf51dc7a1cc1208b93e939e0d,e3b0c44298fc1c149afbf4c8996fb92427ae41e4649b934ca495991b7852b855,无自定义结构约束,EXACT_MATCH,,ATLAS/experiment_artifacts/2026-09-26/rq3-constraint-audit/inputs/5to10Traces/0016.trace,ATLAS/benchmark/5to10Traces/0016.trace,,,,
5to10Traces/0017.trace,5to10Traces,5,2,45486e7c1a54c0d1b69c7fc4e6221d12e666904407bd082fcfdc0f69768ad5c2,e3b0c44298fc1c149afbf4c8996fb92427ae41e4649b934ca495991b7852b855,无自定义结构约束,EXACT_MATCH,,ATLAS/experiment_artifacts/2026-09-26/rq3-constraint-audit/inputs/5to10Traces/0017.trace,ATLAS/benchmark/5to10Traces/0017.trace,,,,
5to10Traces/0018.trace,5to10Traces,5,2,2a201848a120d6627cd6a3129527070df72cfba676dee4fc4872104f9611e1e6,e3b0c44298fc1c149afbf4c8996fb92427ae41e4649b934ca495991b7852b855,无自定义结构约束,EXACT_MATCH,,ATLAS/experiment_artifacts/2026-09-26/rq3-constraint-audit/inputs/5to10Traces/0018.trace,ATLAS/benchmark/5to10Traces/0018.trace,,,,
5to10Traces/0019.trace,5to10Traces,5,2,d2ec63cb54f0d08edb08846e8e8cb304c4b44efa96bb5a3f755504a22f94a765,e3b0c44298fc1c149afbf4c8996fb92427ae41e4649b934ca495991b7852b855,无自定义结构约束,EXACT_MATCH,,ATLAS/experiment_artifacts/2026-09-26/rq3-constraint-audit/inputs/5to10Traces/0019.trace,ATLAS/benchmark/5to10Traces/0019.trace,,,,
5to10Traces/0020.trace,5to10Traces,5,2,fa994ea3d9fc4247e0618daf953b8dc940ca28b3068aba53d565728d72de4500,e3b0c44298fc1c149afbf4c8996fb92427ae41e4649b934ca495991b7852b855,无自定义结构约束,EXACT_MATCH,,ATLAS/experiment_artifacts/2026-09-26/rq3-constraint-audit/inputs/5to10Traces/0020.trace,ATLAS/benchmark/5to10Traces/0020.trace,,,,
5to10Traces/0021.trace,5to10Traces,5,2,762208528583c652bfc45a65086137c0dbc2552587d032bd3d98e729c206c156,e3b0c44298fc1c149afbf4c8996fb92427ae41e4649b934ca495991b7852b855,无自定义结构约束,EXACT_MATCH,,ATLAS/experiment_artifacts/2026-09-26/rq3-constraint-audit/inputs/5to10Traces/0021.trace,ATLAS/benchmark/5to10Traces/0021.trace,,,,
5to10Traces/0022.trace,5to10Traces,10,2,6c80b75187a5ed478cf842bff2085bc613efa684acf8c148e6eaa8f09b40d5c5,e3b0c44298fc1c149afbf4c8996fb92427ae41e4649b934ca495991b7852b855,无自定义结构约束,EXACT_MATCH,,ATLAS/experiment_artifacts/2026-09-26/rq3-constraint-audit/inputs/5to10Traces/0022.trace,ATLAS/benchmark/5to10Traces/0022.trace,,,,
5to10Traces/0023.trace,5to10Traces,10,2,1f43e054972e60ab5774a73ec981357b10aa7add71b038501ae6ccb7299587c8,e3b0c44298fc1c149afbf4c8996fb92427ae41e4649b934ca495991b7852b855,无自定义结构约束,EXACT_MATCH,,ATLAS/experiment_artifacts/2026-09-26/rq3-constraint-audit/inputs/5to10Traces/0023.trace,ATLAS/benchmark/5to10Traces/0023.trace,,,,
5to10Traces/0024.trace,5to10Traces,10,2,0d57abc1154e4fe68d03e0823d739a52f7893a122f72f3fde9028f3a8ae33c3b,e3b0c44298fc1c149afbf4c8996fb92427ae41e4649b934ca495991b7852b855,无自定义结构约束,EXACT_MATCH,,ATLAS/experiment_artifacts/2026-09-26/rq3-constraint-audit/inputs/5to10Traces/0024.trace,ATLAS/benchmark/5to10Traces/0024.trace,,,,
5to10Traces/0025.trace,5to10Traces,10,2,38507a0ac6501a233719bcf5b5b67c29c1621684a3e1a855dc0d13a7e773e48f,e3b0c44298fc1c149afbf4c8996fb92427ae41e4649b934ca495991b7852b855,无自定义结构约束,EXACT_MATCH,,ATLAS/experiment_artifacts/2026-09-26/rq3-constraint-audit/inputs/5to10Traces/0025.trace,ATLAS/benchmark/5to10Traces/0025.trace,,,,
5to10Traces/0026.trace,5to10Traces,10,2,fc3f69ae20507e848cc21ca73eda7dd7bccf867f9de674721df7526c2f6463a1,e3b0c44298fc1c149afbf4c8996fb92427ae41e4649b934ca495991b7852b855,无自定义结构约束,EXACT_MATCH,,ATLAS/experiment_artifacts/2026-09-26/rq3-constraint-audit/inputs/5to10Traces/0026.trace,ATLAS/benchmark/5to10Traces/0026.trace,,,,
5to10Traces/0027.trace,5to10Traces,10,2,ebc6ebfd17f860ed1799aaa5836ba235cb0bda9d86eab7bd16a584195748e4ed,e3b0c44298fc1c149afbf4c8996fb92427ae41e4649b934ca495991b7852b855,无自定义结构约束,EXACT_MATCH,,ATLAS/experiment_artifacts/2026-09-26/rq3-constraint-audit/inputs/5to10Traces/0027.trace,ATLAS/benchmark/5to10Traces/0027.trace,,,,
5to10Traces/0028.trace,5to10Traces,10,2,ff529adeae7753e8593aa98359266dfe653752c9f93b02843e2b714d5969b8e9,e3b0c44298fc1c149afbf4c8996fb92427ae41e4649b934ca495991b7852b855,无自定义结构约束,EXACT_MATCH,,ATLAS/experiment_artifacts/2026-09-26/rq3-constraint-audit/inputs/5to10Traces/0028.trace,ATLAS/benchmark/5to10Traces/0028.trace,,,,
5to10Traces/0029.trace,5to10Traces,10,2,07a00ad7c82e28b5155dcaa566e300eeff50745de409392212cf2b4fd2399ea7,e3b0c44298fc1c149afbf4c8996fb92427ae41e4649b934ca495991b7852b855,无自定义结构约束,EXACT_MATCH,,ATLAS/experiment_artifacts/2026-09-26/rq3-constraint-audit/inputs/5to10Traces/0029.trace,ATLAS/benchmark/5to10Traces/0029.trace,,,,
5to10Traces/0030.trace,5to10Traces,10,2,35f848aca47ffdc2abe20fea5611e3d02f2a02a9a64ad107ce1af81e048c4b11,e3b0c44298fc1c149afbf4c8996fb92427ae41e4649b934ca495991b7852b855,无自定义结构约束,EXACT_MATCH,,ATLAS/experiment_artifacts/2026-09-26/rq3-constraint-audit/inputs/5to10Traces/0030.trace,ATLAS/benchmark/5to10Traces/0030.trace,,,,
5to10Traces/0031.trace,5to10Traces,10,2,0e62190a102c28fd19abe1f19ac42dcbc0d81046ffc5d271154d27288c3b7d3b,e3b0c44298fc1c149afbf4c8996fb92427ae41e4649b934ca495991b7852b855,无自定义结构约束,EXACT_MATCH,,ATLAS/experiment_artifacts/2026-09-26/rq3-constraint-audit/inputs/5to10Traces/0031.trace,ATLAS/benchmark/5to10Traces/0031.trace,,,,
5to10Traces/0032.trace,5to10Traces,10,2,57dd97edf5cc3c106dcad445c7ae0dbdcaa578bc4fc72302ed1652e13a51bc64,e3b0c44298fc1c149afbf4c8996fb92427ae41e4649b934ca495991b7852b855,无自定义结构约束,EXACT_MATCH,,ATLAS/experiment_artifacts/2026-09-26/rq3-constraint-audit/inputs/5to10Traces/0032.trace,ATLAS/benchmark/5to10Traces/0032.trace,,,,
5to10Traces/0033.trace,5to10Traces,10,2,ee7ed51fee44ba93cdbb31b9b14ad02bb32f3de11c0469756dc702c50db80225,e3b0c44298fc1c149afbf4c8996fb92427ae41e4649b934ca495991b7852b855,无自定义结构约束,EXACT_MATCH,,ATLAS/experiment_artifacts/2026-09-26/rq3-constraint-audit/inputs/5to10Traces/0033.trace,ATLAS/benchmark/5to10Traces/0033.trace,,,,
5to10Traces/0034.trace,5to10Traces,10,2,5359af3606015c7bc80e09ecb994c0944124012d2a334ddb061df8ee7e0ee7e9,e3b0c44298fc1c149afbf4c8996fb92427ae41e4649b934ca495991b7852b855,无自定义结构约束,EXACT_MATCH,,ATLAS/experiment_artifacts/2026-09-26/rq3-constraint-audit/inputs/5to10Traces/0034.trace,ATLAS/benchmark/5to10Traces/0034.trace,,,,
5to10Traces/0035.trace,5to10Traces,10,2,c426873f1d6100da2ac5121d8557a0015b1beb10f5c91e225ec81118451b884b,e3b0c44298fc1c149afbf4c8996fb92427ae41e4649b934ca495991b7852b855,无自定义结构约束,EXACT_MATCH,,ATLAS/experiment_artifacts/2026-09-26/rq3-constraint-audit/inputs/5to10Traces/0035.trace,ATLAS/benchmark/5to10Traces/0035.trace,,,,
5to10Traces/0036.trace,5to10Traces,10,2,b1e2aae2986a43365166a93f9337049f72a8d732496765ee22e195921efbf547,e3b0c44298fc1c149afbf4c8996fb92427ae41e4649b934ca495991b7852b855,无自定义结构约束,EXACT_MATCH,,ATLAS/experiment_artifacts/2026-09-26/rq3-constraint-audit/inputs/5to10Traces/0036.trace,ATLAS/benchmark/5to10Traces/0036.trace,,,,
5to10Traces/0037.trace,5to10Traces,10,2,706cc48d00f6e56c776cb6c6f15b2e4616903816e710c5c243f51d0099d07091,e3b0c44298fc1c149afbf4c8996fb92427ae41e4649b934ca495991b7852b855,无自定义结构约束,EXACT_MATCH,,ATLAS/experiment_artifacts/2026-09-26/rq3-constraint-audit/inputs/5to10Traces/0037.trace,ATLAS/benchmark/5to10Traces/0037.trace,,,,
5to10Traces/0038.trace,5to10Traces,10,2,d411a5a489be3c4f9746e0d02df6458494aa8173562852ada225c09ea49dfee5,e3b0c44298fc1c149afbf4c8996fb92427ae41e4649b934ca495991b7852b855,无自定义结构约束,EXACT_MATCH,,ATLAS/experiment_artifacts/2026-09-26/rq3-constraint-audit/inputs/5to10Traces/0038.trace,ATLAS/benchmark/5to10Traces/0038.trace,,,,
5to10Traces/0039.trace,5to10Traces,10,2,aa9847bdb52c00f1c8ddb561e4735990d45a46974fadc08b61b61d3bbf22efa1,e3b0c44298fc1c149afbf4c8996fb92427ae41e4649b934ca495991b7852b855,无自定义结构约束,EXACT_MATCH,,ATLAS/experiment_artifacts/2026-09-26/rq3-constraint-audit/inputs/5to10Traces/0039.trace,ATLAS/benchmark/5to10Traces/0039.trace,,,,
5to10Traces/0040.trace,5to10Traces,10,2,44f5cbcc1bfb3c796d7ca0e658ddf54d832f3fe4be5a9cdddcbb1e5e8eddf61d,e3b0c44298fc1c149afbf4c8996fb92427ae41e4649b934ca495991b7852b855,无自定义结构约束,EXACT_MATCH,,ATLAS/experiment_artifacts/2026-09-26/rq3-constraint-audit/inputs/5to10Traces/0040.trace,ATLAS/benchmark/5to10Traces/0040.trace,,,,
5to10Traces/0041.trace,5to10Traces,10,2,19adba18fde82da20adba26fd41cc7576324db55d448cd26ee2f06aab0e4e69a,e3b0c44298fc1c149afbf4c8996fb92427ae41e4649b934ca495991b7852b855,无自定义结构约束,EXACT_MATCH,,ATLAS/experiment_artifacts/2026-09-26/rq3-constraint-audit/inputs/5to10Traces/0041.trace,ATLAS/benchmark/5to10Traces/0041.trace,,,,
5to10Traces/0042.trace,5to10Traces,10,2,5cfb6e0dfec7365f0e68ecb0ad2f4f9871e8800b3c557179eff7b723e201b857,e3b0c44298fc1c149afbf4c8996fb92427ae41e4649b934ca495991b7852b855,无自定义结构约束,EXACT_MATCH,,ATLAS/experiment_artifacts/2026-09-26/rq3-constraint-audit/inputs/5to10Traces/0042.trace,ATLAS/benchmark/5to10Traces/0042.trace,,,,
5to10Traces/0043.trace,5to10Traces,10,2,0ba767b4a1ffc90b215690664a295541a24c200c57666378d08384c8d5bc52db,e3b0c44298fc1c149afbf4c8996fb92427ae41e4649b934ca495991b7852b855,无自定义结构约束,EXACT_MATCH,,ATLAS/experiment_artifacts/2026-09-26/rq3-constraint-audit/inputs/5to10Traces/0043.trace,ATLAS/benchmark/5to10Traces/0043.trace,,,,
5to10Traces/0044.trace,5to10Traces,18,2,14c046169a257cc5c4e9a2085440c69639c5a2f6631e6aca6d1b14a58a103b8b,e3b0c44298fc1c149afbf4c8996fb92427ae41e4649b934ca495991b7852b855,无自定义结构约束,EXACT_MATCH,,ATLAS/experiment_artifacts/2026-09-26/rq3-constraint-audit/inputs/5to10Traces/0044.trace,ATLAS/benchmark/5to10Traces/0044.trace,,,,
5to10Traces/0045.trace,5to10Traces,18,2,6be0adea98eb9f7f8aa3bc1d94d8fab75c02fea48f2f56dd13cc3e0b4c5951f9,e3b0c44298fc1c149afbf4c8996fb92427ae41e4649b934ca495991b7852b855,无自定义结构约束,EXACT_MATCH,,ATLAS/experiment_artifacts/2026-09-26/rq3-constraint-audit/inputs/5to10Traces/0045.trace,ATLAS/benchmark/5to10Traces/0045.trace,,,,
5to10Traces/0046.trace,5to10Traces,18,2,5015ab49b8416d7fd346e98aa2c1d6056f2a5e41522ce67ca9331ba5cb7ef5aa,e3b0c44298fc1c149afbf4c8996fb92427ae41e4649b934ca495991b7852b855,无自定义结构约束,EXACT_MATCH,,ATLAS/experiment_artifacts/2026-09-26/rq3-constraint-audit/inputs/5to10Traces/0046.trace,ATLAS/benchmark/5to10Traces/0046.trace,,,,
5to10Traces/0047.trace,5to10Traces,18,2,8fce70ae980e6764f2a896a63e52a23cd45fd9c602acf346d208674a041a7ba8,e3b0c44298fc1c149afbf4c8996fb92427ae41e4649b934ca495991b7852b855,无自定义结构约束,EXACT_MATCH,,ATLAS/experiment_artifacts/2026-09-26/rq3-constraint-audit/inputs/5to10Traces/0047.trace,ATLAS/benchmark/5to10Traces/0047.trace,,,,
5to10Traces/0048.trace,5to10Traces,18,2,014bbe82bb5bd12969eeb2dc31d08d7fae63765cdc8ced993133d22211c15d66,e3b0c44298fc1c149afbf4c8996fb92427ae41e4649b934ca495991b7852b855,无自定义结构约束,EXACT_MATCH,,ATLAS/experiment_artifacts/2026-09-26/rq3-constraint-audit/inputs/5to10Traces/0048.trace,ATLAS/benchmark/5to10Traces/0048.trace,,,,
5to10Traces/0049.trace,5to10Traces,18,2,30438c7936428af7ad72cc1315ea699c8be91d6b2fd954c32d5ece0bc742772d,e3b0c44298fc1c149afbf4c8996fb92427ae41e4649b934ca495991b7852b855,无自定义结构约束,EXACT_MATCH,,ATLAS/experiment_artifacts/2026-09-26/rq3-constraint-audit/inputs/5to10Traces/0049.trace,ATLAS/benchmark/5to10Traces/0049.trace,,,,
5to10Traces/0050.trace,5to10Traces,18,2,e8a823e3c3a7b888a9cbb620f2002d454a22f181ad3c3d6bad1204fb0f76904b,e3b0c44298fc1c149afbf4c8996fb92427ae41e4649b934ca495991b7852b855,无自定义结构约束,EXACT_MATCH,,ATLAS/experiment_artifacts/2026-09-26/rq3-constraint-audit/inputs/5to10Traces/0050.trace,ATLAS/benchmark/5to10Traces/0050.trace,,,,
5to10Traces/0051.trace,5to10Traces,18,2,73f4ee93b2ae99232e726fb217d7d554449a94a0e373248232b5425de7aed882,e3b0c44298fc1c149afbf4c8996fb92427ae41e4649b934ca495991b7852b855,无自定义结构约束,EXACT_MATCH,,ATLAS/experiment_artifacts/2026-09-26/rq3-constraint-audit/inputs/5to10Traces/0051.trace,ATLAS/benchmark/5to10Traces/0051.trace,,,,
5to10Traces/0052.trace,5to10Traces,18,2,91ff15f195ca072afe71e536812bb9f6c402c6f3e2f227a1c1997ddd407c5988,e3b0c44298fc1c149afbf4c8996fb92427ae41e4649b934ca495991b7852b855,无自定义结构约束,EXACT_MATCH,,ATLAS/experiment_artifacts/2026-09-26/rq3-constraint-audit/inputs/5to10Traces/0052.trace,ATLAS/benchmark/5to10Traces/0052.trace,,,,
5to10Traces/0053.trace,5to10Traces,18,2,e7248279f2a15a5de11d23fd419dd208c9e4f00722658331d9ffea70eb2a14f3,e3b0c44298fc1c149afbf4c8996fb92427ae41e4649b934ca495991b7852b855,无自定义结构约束,EXACT_MATCH,,ATLAS/experiment_artifacts/2026-09-26/rq3-constraint-audit/inputs/5to10Traces/0053.trace,ATLAS/benchmark/5to10Traces/0053.trace,,,,
5to10Traces/0054.trace,5to10Traces,18,2,cdef96667f3e06b99fe679140c3e1979c0841dfc1c39b27629fcb3bb58e25741,e3b0c44298fc1c149afbf4c8996fb92427ae41e4649b934ca495991b7852b855,无自定义结构约束,EXACT_MATCH,,ATLAS/experiment_artifacts/2026-09-26/rq3-constraint-audit/inputs/5to10Traces/0054.trace,ATLAS/benchmark/5to10Traces/0054.trace,,,,
5to10Traces/0055.trace,5to10Traces,18,2,6ac3094d3b73be048f62252ce02bec18ad576cacbd3f2032dd829ad3d37a8888,e3b0c44298fc1c149afbf4c8996fb92427ae41e4649b934ca495991b7852b855,无自定义结构约束,EXACT_MATCH,,ATLAS/experiment_artifacts/2026-09-26/rq3-constraint-audit/inputs/5to10Traces/0055.trace,ATLAS/benchmark/5to10Traces/0055.trace,,,,
5to10Traces/0056.trace,5to10Traces,18,2,20f4e14ed1677bec1373dcd944e30d8cfc45c5fa4e2a9e72082654e3c7c07d55,e3b0c44298fc1c149afbf4c8996fb92427ae41e4649b934ca495991b7852b855,无自定义结构约束,EXACT_MATCH,,ATLAS/experiment_artifacts/2026-09-26/rq3-constraint-audit/inputs/5to10Traces/0056.trace,ATLAS/benchmark/5to10Traces/0056.trace,,,,
5to10Traces/0057.trace,5to10Traces,18,2,23eef4fd79d5c9dca6054fb5076ba2e9ca74f1c58562f751761a687cb97c8225,e3b0c44298fc1c149afbf4c8996fb92427ae41e4649b934ca495991b7852b855,无自定义结构约束,EXACT_MATCH,,ATLAS/experiment_artifacts/2026-09-26/rq3-constraint-audit/inputs/5to10Traces/0057.trace,ATLAS/benchmark/5to10Traces/0057.trace,,,,
5to10Traces/0058.trace,5to10Traces,18,2,ca7e3124f44c2b26b59839f88d1effc0bb59258816a64d1e31a04caed2a3c093,e3b0c44298fc1c149afbf4c8996fb92427ae41e4649b934ca495991b7852b855,无自定义结构约束,EXACT_MATCH,,ATLAS/experiment_artifacts/2026-09-26/rq3-constraint-audit/inputs/5to10Traces/0058.trace,ATLAS/benchmark/5to10Traces/0058.trace,,,,
5to10Traces/0059.trace,5to10Traces,18,2,1a57e62a9cd8a4b5a550a414264c541abedfaf0ecb8a6cc02a6fec1bd623c0b0,e3b0c44298fc1c149afbf4c8996fb92427ae41e4649b934ca495991b7852b855,无自定义结构约束,EXACT_MATCH,,ATLAS/experiment_artifacts/2026-09-26/rq3-constraint-audit/inputs/5to10Traces/0059.trace,ATLAS/benchmark/5to10Traces/0059.trace,,,,
5to10Traces/0060.trace,5to10Traces,18,2,89c502bda45cb21889bc87970c566b7ec35390aff17b424c7cec9d21e656c633,e3b0c44298fc1c149afbf4c8996fb92427ae41e4649b934ca495991b7852b855,无自定义结构约束,EXACT_MATCH,,ATLAS/experiment_artifacts/2026-09-26/rq3-constraint-audit/inputs/5to10Traces/0060.trace,ATLAS/benchmark/5to10Traces/0060.trace,,,,
5to10Traces/0061.trace,5to10Traces,18,2,b0f1a823becc45ec700901a4d17a8fb4a2747ae6558a0a7ee75914e2a8bf19c2,e3b0c44298fc1c149afbf4c8996fb92427ae41e4649b934ca495991b7852b855,无自定义结构约束,EXACT_MATCH,,ATLAS/experiment_artifacts/2026-09-26/rq3-constraint-audit/inputs/5to10Traces/0061.trace,ATLAS/benchmark/5to10Traces/0061.trace,,,,
5to10Traces/0062.trace,5to10Traces,18,2,659578e22d18330e18c4bd6eac4e1e2a4cc66cc0b6764d215dba3d25570d0d4e,e3b0c44298fc1c149afbf4c8996fb92427ae41e4649b934ca495991b7852b855,无自定义结构约束,EXACT_MATCH,,ATLAS/experiment_artifacts/2026-09-26/rq3-constraint-audit/inputs/5to10Traces/0062.trace,ATLAS/benchmark/5to10Traces/0062.trace,,,,
5to10Traces/0063.trace,5to10Traces,18,2,2ce63ff5e34cef24daee6a38e21f61b2a9b228d75356b8ec857a53c0be00c773,e3b0c44298fc1c149afbf4c8996fb92427ae41e4649b934ca495991b7852b855,无自定义结构约束,EXACT_MATCH,,ATLAS/experiment_artifacts/2026-09-26/rq3-constraint-audit/inputs/5to10Traces/0063.trace,ATLAS/benchmark/5to10Traces/0063.trace,,,,
5to10Traces/0064.trace,5to10Traces,18,2,4739f9e06f3c05ec3596ff9831d461a251a6384e5b72166a6596b77e3f6fe6b3,e3b0c44298fc1c149afbf4c8996fb92427ae41e4649b934ca495991b7852b855,无自定义结构约束,EXACT_MATCH,,ATLAS/experiment_artifacts/2026-09-26/rq3-constraint-audit/inputs/5to10Traces/0064.trace,ATLAS/benchmark/5to10Traces/0064.trace,,,,
5to10Traces/0065.trace,5to10Traces,18,2,2f6f12b0ce96437e99643656a191987fe3e29e5ea11200883df97544dbeaa31f,e3b0c44298fc1c149afbf4c8996fb92427ae41e4649b934ca495991b7852b855,无自定义结构约束,EXACT_MATCH,,ATLAS/experiment_artifacts/2026-09-26/rq3-constraint-audit/inputs/5to10Traces/0065.trace,ATLAS/benchmark/5to10Traces/0065.trace,,,,
5to10Traces/0066.trace,5to10Traces,18,2,be366ea181bd705203673a02f3beb9307e2b7f2428e44e84f12e6d02991f1a4e,e3b0c44298fc1c149afbf4c8996fb92427ae41e4649b934ca495991b7852b855,无自定义结构约束,EXACT_MATCH,,ATLAS/experiment_artifacts/2026-09-26/rq3-constraint-audit/inputs/5to10Traces/0066.trace,ATLAS/benchmark/5to10Traces/0066.trace,,,,
5to10Traces/0068.trace,5to10Traces,18,2,b8c4141464e79c6eaaed0c2f296370039049719c1228e7e6b019fc381050f8a2,e3b0c44298fc1c149afbf4c8996fb92427ae41e4649b934ca495991b7852b855,无自定义结构约束,EXACT_MATCH,,ATLAS/experiment_artifacts/2026-09-26/rq3-constraint-audit/inputs/5to10Traces/0068.trace,ATLAS/benchmark/5to10Traces/0068.trace,,,,
5to10Traces/0069.trace,5to10Traces,18,2,69f6ca91822c321e18396ab634066518e44a44b6f64bdfeb4c83956d8a4095f6,e3b0c44298fc1c149afbf4c8996fb92427ae41e4649b934ca495991b7852b855,无自定义结构约束,EXACT_MATCH,,ATLAS/experiment_artifacts/2026-09-26/rq3-constraint-audit/inputs/5to10Traces/0069.trace,ATLAS/benchmark/5to10Traces/0069.trace,,,,
5to10Traces/0070.trace,5to10Traces,18,2,a5e13ab1eb3be7dc2415e0c02ec5362d6e303166b8c91d28a3670fa657d6279d,e3b0c44298fc1c149afbf4c8996fb92427ae41e4649b934ca495991b7852b855,无自定义结构约束,EXACT_MATCH,,ATLAS/experiment_artifacts/2026-09-26/rq3-constraint-audit/inputs/5to10Traces/0070.trace,ATLAS/benchmark/5to10Traces/0070.trace,,,,
5to10Traces/0071.trace,5to10Traces,18,2,46b83e7e6b53a7da44fc411f1088825e0272c13e8143b4c9eeeb2ef3d110cb26,e3b0c44298fc1c149afbf4c8996fb92427ae41e4649b934ca495991b7852b855,无自定义结构约束,EXACT_MATCH,,ATLAS/experiment_artifacts/2026-09-26/rq3-constraint-audit/inputs/5to10Traces/0071.trace,ATLAS/benchmark/5to10Traces/0071.trace,,,,
5to10Traces/0072.trace,5to10Traces,18,2,5a765703a495b808f153726282d69d93ac2f988c6a385bfc19d5234ff374d7f4,e3b0c44298fc1c149afbf4c8996fb92427ae41e4649b934ca495991b7852b855,无自定义结构约束,EXACT_MATCH,,ATLAS/experiment_artifacts/2026-09-26/rq3-constraint-audit/inputs/5to10Traces/0072.trace,ATLAS/benchmark/5to10Traces/0072.trace,,,,
5to10Traces/0073.trace,5to10Traces,18,2,796cc73a47026adb51fe9c60fc5a6bf2fab504caa9bf10868738968b723c7858,e3b0c44298fc1c149afbf4c8996fb92427ae41e4649b934ca495991b7852b855,无自定义结构约束,EXACT_MATCH,,ATLAS/experiment_artifacts/2026-09-26/rq3-constraint-audit/inputs/5to10Traces/0073.trace,ATLAS/benchmark/5to10Traces/0073.trace,,,,
5to10Traces/0074.trace,5to10Traces,18,2,17a8172a264c432b22b6195f94909869d4a7b32b69d4fe159beebda0c06d060c,e3b0c44298fc1c149afbf4c8996fb92427ae41e4649b934ca495991b7852b855,无自定义结构约束,EXACT_MATCH,,ATLAS/experiment_artifacts/2026-09-26/rq3-constraint-audit/inputs/5to10Traces/0074.trace,ATLAS/benchmark/5to10Traces/0074.trace,,,,
5to10Traces/0075.trace,5to10Traces,18,2,839c7f703e8cdbddd265b823b571ea03e2daca58a23f1493feff60c796373619,e3b0c44298fc1c149afbf4c8996fb92427ae41e4649b934ca495991b7852b855,无自定义结构约束,EXACT_MATCH,,ATLAS/experiment_artifacts/2026-09-26/rq3-constraint-audit/inputs/5to10Traces/0075.trace,ATLAS/benchmark/5to10Traces/0075.trace,,,,
5to10Traces/0076.trace,5to10Traces,18,2,4a481963aaa32652946def7cfc9f5619c28a3cdab2e2e295fa79bcd026e61c82,e3b0c44298fc1c149afbf4c8996fb92427ae41e4649b934ca495991b7852b855,无自定义结构约束,EXACT_MATCH,,ATLAS/experiment_artifacts/2026-09-26/rq3-constraint-audit/inputs/5to10Traces/0076.trace,ATLAS/benchmark/5to10Traces/0076.trace,,,,
5to10Traces/0077.trace,5to10Traces,18,2,37be0b9dadbe653282583062331b1d0b8c75f19c11d87996a10a06629585968b,e3b0c44298fc1c149afbf4c8996fb92427ae41e4649b934ca495991b7852b855,无自定义结构约束,EXACT_MATCH,,ATLAS/experiment_artifacts/2026-09-26/rq3-constraint-audit/inputs/5to10Traces/0077.trace,ATLAS/benchmark/5to10Traces/0077.trace,,,,
5to10Traces/0078.trace,5to10Traces,18,2,38647e132ee55de9993f8c59a208e35d4c2ce6487de2fac015c6509a0f9e6b3c,e3b0c44298fc1c149afbf4c8996fb92427ae41e4649b934ca495991b7852b855,无自定义结构约束,EXACT_MATCH,,ATLAS/experiment_artifacts/2026-09-26/rq3-constraint-audit/inputs/5to10Traces/0078.trace,ATLAS/benchmark/5to10Traces/0078.trace,,,,
5to10Traces/0079.trace,5to10Traces,18,2,6b1f34756a919d6f363f39c71ab2178ce9a2b7c6a15cb0d3988ef8e04e59e7d3,e3b0c44298fc1c149afbf4c8996fb92427ae41e4649b934ca495991b7852b855,无自定义结构约束,EXACT_MATCH,,ATLAS/experiment_artifacts/2026-09-26/rq3-constraint-audit/inputs/5to10Traces/0079.trace,ATLAS/benchmark/5to10Traces/0079.trace,,,,
5to10Traces/0080.trace,5to10Traces,18,2,f2434042464636c57e3f95690a219a0e946ad0f386c0b30fe37d6445d6301399,e3b0c44298fc1c149afbf4c8996fb92427ae41e4649b934ca495991b7852b855,无自定义结构约束,EXACT_MATCH,,ATLAS/experiment_artifacts/2026-09-26/rq3-constraint-audit/inputs/5to10Traces/0080.trace,ATLAS/benchmark/5to10Traces/0080.trace,,,,
5to10Traces/0081.trace,5to10Traces,18,2,708450a78b236ce7eaba4691c29adff08e77676f2cb2a2cda38d5b44d96f876a,e3b0c44298fc1c149afbf4c8996fb92427ae41e4649b934ca495991b7852b855,无自定义结构约束,EXACT_MATCH,,ATLAS/experiment_artifacts/2026-09-26/rq3-constraint-audit/inputs/5to10Traces/0081.trace,ATLAS/benchmark/5to10Traces/0081.trace,,,,
5to10Traces/0082.trace,5to10Traces,18,2,4cd2b5c3744207c1bb88b4c6530198d66a9b5f692ade912133a82a8b55436b94,e3b0c44298fc1c149afbf4c8996fb92427ae41e4649b934ca495991b7852b855,无自定义结构约束,EXACT_MATCH,,ATLAS/experiment_artifacts/2026-09-26/rq3-constraint-audit/inputs/5to10Traces/0082.trace,ATLAS/benchmark/5to10Traces/0082.trace,,,,
5to10Traces/0083.trace,5to10Traces,18,2,0092a507c55a5a4282a41def1ce2999d755b8d97fb91d2fe0eded9a1fa81ffd8,e3b0c44298fc1c149afbf4c8996fb92427ae41e4649b934ca495991b7852b855,无自定义结构约束,EXACT_MATCH,,ATLAS/experiment_artifacts/2026-09-26/rq3-constraint-audit/inputs/5to10Traces/0083.trace,ATLAS/benchmark/5to10Traces/0083.trace,,,,
5to10Traces/0084.trace,5to10Traces,18,2,90b35332457b1de8f31e323bc011ba287b72e2f64855510dfd38861206238f9e,e3b0c44298fc1c149afbf4c8996fb92427ae41e4649b934ca495991b7852b855,无自定义结构约束,EXACT_MATCH,,ATLAS/experiment_artifacts/2026-09-26/rq3-constraint-audit/inputs/5to10Traces/0084.trace,ATLAS/benchmark/5to10Traces/0084.trace,,,,
5to10Traces/0085.trace,5to10Traces,18,2,962abce4353536cc3b40909494550e87ae35ec3d917b025b9727780e9074c2ac,e3b0c44298fc1c149afbf4c8996fb92427ae41e4649b934ca495991b7852b855,无自定义结构约束,EXACT_MATCH,,ATLAS/experiment_artifacts/2026-09-26/rq3-constraint-audit/inputs/5to10Traces/0085.trace,ATLAS/benchmark/5to10Traces/0085.trace,,,,
5to10Traces/0086.trace,5to10Traces,18,2,929b50c651ec3b1e85ea1b9db831d7236326feb88b6dbd8e7feaa83ad80291f1,e3b0c44298fc1c149afbf4c8996fb92427ae41e4649b934ca495991b7852b855,无自定义结构约束,EXACT_MATCH,,ATLAS/experiment_artifacts/2026-09-26/rq3-constraint-audit/inputs/5to10Traces/0086.trace,ATLAS/benchmark/5to10Traces/0086.trace,,,,
5to10Traces/0087.trace,5to10Traces,18,2,ba2473e07d4ef1cc752c3df0883e089989827b9dac948df541f3be6543952417,e3b0c44298fc1c149afbf4c8996fb92427ae41e4649b934ca495991b7852b855,无自定义结构约束,EXACT_MATCH,,ATLAS/experiment_artifacts/2026-09-26/rq3-constraint-audit/inputs/5to10Traces/0087.trace,ATLAS/benchmark/5to10Traces/0087.trace,,,,
5to10Traces/0088.trace,5to10Traces,3,2,7a07ac4d8b0c8cb38deb1004b65846c157259ffb4f5548d7963544aac1cca8d2,e3b0c44298fc1c149afbf4c8996fb92427ae41e4649b934ca495991b7852b855,无自定义结构约束,EXACT_MATCH,,ATLAS/experiment_artifacts/2026-09-26/rq3-constraint-audit/inputs/5to10Traces/0088.trace,ATLAS/benchmark/5to10Traces/0088.trace,,,,
5to10Traces/0090.trace,5to10Traces,3,2,aae4d3cc849f2b5a7e0584e99d69fb211c2f31bb4dc3fd6e19b24b8d24d723e7,e3b0c44298fc1c149afbf4c8996fb92427ae41e4649b934ca495991b7852b855,无自定义结构约束,EXACT_MATCH,,ATLAS/experiment_artifacts/2026-09-26/rq3-constraint-audit/inputs/5to10Traces/0090.trace,ATLAS/benchmark/5to10Traces/0090.trace,,,,
5to10Traces/0091.trace,5to10Traces,3,2,631f0c457dbe50cec8cf550316abcb72b4d5a50890fa3ebffe13f433ccc4b5cb,e3b0c44298fc1c149afbf4c8996fb92427ae41e4649b934ca495991b7852b855,无自定义结构约束,EXACT_MATCH,,ATLAS/experiment_artifacts/2026-09-26/rq3-constraint-audit/inputs/5to10Traces/0091.trace,ATLAS/benchmark/5to10Traces/0091.trace,,,,
5to10Traces/0092.trace,5to10Traces,3,2,62ea86f634cfac925dd12ebd7ea482b5fb3baeee8d14c5660c3a9644a3fa5912,e3b0c44298fc1c149afbf4c8996fb92427ae41e4649b934ca495991b7852b855,无自定义结构约束,EXACT_MATCH,,ATLAS/experiment_artifacts/2026-09-26/rq3-constraint-audit/inputs/5to10Traces/0092.trace,ATLAS/benchmark/5to10Traces/0092.trace,,,,
5to10Traces/0093.trace,5to10Traces,3,2,1f7a3bfe898eeb704830223ce1a03d66aa0a1819d554c73d9249e9e11f5f6416,e3b0c44298fc1c149afbf4c8996fb92427ae41e4649b934ca495991b7852b855,无自定义结构约束,EXACT_MATCH,,ATLAS/experiment_artifacts/2026-09-26/rq3-constraint-audit/inputs/5to10Traces/0093.trace,ATLAS/benchmark/5to10Traces/0093.trace,,,,
5to10Traces/0094.trace,5to10Traces,3,2,cf035066127ad327132c81cc964e05ab03813f8cd80476dd27099088393ab63a,e3b0c44298fc1c149afbf4c8996fb92427ae41e4649b934ca495991b7852b855,无自定义结构约束,EXACT_MATCH,,ATLAS/experiment_artifacts/2026-09-26/rq3-constraint-audit/inputs/5to10Traces/0094.trace,ATLAS/benchmark/5to10Traces/0094.trace,,,,
5to10Traces/0095.trace,5to10Traces,3,2,969646a38bc6bc704a38a19c2bc089befbedff76da85252b4f0454cf7ca53f0e,e3b0c44298fc1c149afbf4c8996fb92427ae41e4649b934ca495991b7852b855,无自定义结构约束,EXACT_MATCH,,ATLAS/experiment_artifacts/2026-09-26/rq3-constraint-audit/inputs/5to10Traces/0095.trace,ATLAS/benchmark/5to10Traces/0095.trace,,,,
5to10Traces/0096.trace,5to10Traces,3,2,9e8986cbce62921405456d7978fa1091f428c3cedf59d10e01cb987e4c6c4ee6,e3b0c44298fc1c149afbf4c8996fb92427ae41e4649b934ca495991b7852b855,无自定义结构约束,EXACT_MATCH,,ATLAS/experiment_artifacts/2026-09-26/rq3-constraint-audit/inputs/5to10Traces/0096.trace,ATLAS/benchmark/5to10Traces/0096.trace,,,,
5to10Traces/0097.trace,5to10Traces,3,2,36c74123004bf554286ebf3fbf6e0f9b4505302bf15f0fdee14eef2158b9c364,e3b0c44298fc1c149afbf4c8996fb92427ae41e4649b934ca495991b7852b855,无自定义结构约束,EXACT_MATCH,,ATLAS/experiment_artifacts/2026-09-26/rq3-constraint-audit/inputs/5to10Traces/0097.trace,ATLAS/benchmark/5to10Traces/0097.trace,,,,
5to10Traces/0098.trace,5to10Traces,3,2,ce337958f9cb1506bf6ebe597c8c3e73ec58f29c61a50599552376d2a26a0dec,e3b0c44298fc1c149afbf4c8996fb92427ae41e4649b934ca495991b7852b855,无自定义结构约束,EXACT_MATCH,,ATLAS/experiment_artifacts/2026-09-26/rq3-constraint-audit/inputs/5to10Traces/0098.trace,ATLAS/benchmark/5to10Traces/0098.trace,,,,
5to10Traces/0099.trace,5to10Traces,3,2,c152a3542a2cfa8f0a9b44f8c2b462f744c64c750d256d066eec5363f634e9e4,e3b0c44298fc1c149afbf4c8996fb92427ae41e4649b934ca495991b7852b855,无自定义结构约束,EXACT_MATCH,,ATLAS/experiment_artifacts/2026-09-26/rq3-constraint-audit/inputs/5to10Traces/0099.trace,ATLAS/benchmark/5to10Traces/0099.trace,,,,
5to10Traces/0100.trace,5to10Traces,3,2,b385b1b83e1ba702a7e5529e05d998e662379fac0cb8e524ec316b8c70f44830,e3b0c44298fc1c149afbf4c8996fb92427ae41e4649b934ca495991b7852b855,无自定义结构约束,EXACT_MATCH,,ATLAS/experiment_artifacts/2026-09-26/rq3-constraint-audit/inputs/5to10Traces/0100.trace,ATLAS/benchmark/5to10Traces/0100.trace,,,,
5to10Traces/0101.trace,5to10Traces,3,2,372b9838d8266f416e41aa875ecca19abe8623178268fe6bc729bd22a9fc7775,e3b0c44298fc1c149afbf4c8996fb92427ae41e4649b934ca495991b7852b855,无自定义结构约束,EXACT_MATCH,,ATLAS/experiment_artifacts/2026-09-26/rq3-constraint-audit/inputs/5to10Traces/0101.trace,ATLAS/benchmark/5to10Traces/0101.trace,,,,
5to10Traces/0102.trace,5to10Traces,3,2,b780914745d7bbc088f58293ac0eb364e8086bfbccba6fd53d071b9a4fdadc02,e3b0c44298fc1c149afbf4c8996fb92427ae41e4649b934ca495991b7852b855,无自定义结构约束,EXACT_MATCH,,ATLAS/experiment_artifacts/2026-09-26/rq3-constraint-audit/inputs/5to10Traces/0102.trace,ATLAS/benchmark/5to10Traces/0102.trace,,,,
5to10Traces/0103.trace,5to10Traces,3,2,e1a3034eb29a3ce2cdc0011b004fc8cfe908ae000a29283ae55944c0b36bcd9b,e3b0c44298fc1c149afbf4c8996fb92427ae41e4649b934ca495991b7852b855,无自定义结构约束,EXACT_MATCH,,ATLAS/experiment_artifacts/2026-09-26/rq3-constraint-audit/inputs/5to10Traces/0103.trace,ATLAS/benchmark/5to10Traces/0103.trace,,,,
5to10Traces/0104.trace,5to10Traces,3,2,3ee39a99cc109097f05b7991cc51b4e4a6db2c271cb9d6598152d17238349cb1,e3b0c44298fc1c149afbf4c8996fb92427ae41e4649b934ca495991b7852b855,无自定义结构约束,EXACT_MATCH,,ATLAS/experiment_artifacts/2026-09-26/rq3-constraint-audit/inputs/5to10Traces/0104.trace,ATLAS/benchmark/5to10Traces/0104.trace,,,,
5to10Traces/0105.trace,5to10Traces,3,2,abb42f8c7226c387421d21d7148df6ff92155bea62f30a15fd0dd6e191c5b81b,e3b0c44298fc1c149afbf4c8996fb92427ae41e4649b934ca495991b7852b855,无自定义结构约束,EXACT_MATCH,,ATLAS/experiment_artifacts/2026-09-26/rq3-constraint-audit/inputs/5to10Traces/0105.trace,ATLAS/benchmark/5to10Traces/0105.trace,,,,
5to10Traces/0106.trace,5to10Traces,3,2,9593852e462db7fcb6ebe1f947471ac2acb167a391edb99c28d7ea92ee701ef3,e3b0c44298fc1c149afbf4c8996fb92427ae41e4649b934ca495991b7852b855,无自定义结构约束,EXACT_MATCH,,ATLAS/experiment_artifacts/2026-09-26/rq3-constraint-audit/inputs/5to10Traces/0106.trace,ATLAS/benchmark/5to10Traces/0106.trace,,,,
5to10Traces/0107.trace,5to10Traces,3,2,178d6d3d64ff35e0e1ff913cca0c8d0a07ce0195a3712dfbfad369cdd25dcdec,e3b0c44298fc1c149afbf4c8996fb92427ae41e4649b934ca495991b7852b855,无自定义结构约束,EXACT_MATCH,,ATLAS/experiment_artifacts/2026-09-26/rq3-constraint-audit/inputs/5to10Traces/0107.trace,ATLAS/benchmark/5to10Traces/0107.trace,,,,
5to10Traces/0108.trace,5to10Traces,3,2,f696ac90e9140a1845d027e5579384548ee806f1e2495d49bdfd806b44ea86e3,e3b0c44298fc1c149afbf4c8996fb92427ae41e4649b934ca495991b7852b855,无自定义结构约束,EXACT_MATCH,,ATLAS/experiment_artifacts/2026-09-26/rq3-constraint-audit/inputs/5to10Traces/0108.trace,ATLAS/benchmark/5to10Traces/0108.trace,,,,
5to10Traces/0109.trace,5to10Traces,3,2,aeb5a317c4e0a898dcbeb6bed86b860c48c88f68e233287d49df9e3de9c62e3e,e3b0c44298fc1c149afbf4c8996fb92427ae41e4649b934ca495991b7852b855,无自定义结构约束,EXACT_MATCH,,ATLAS/experiment_artifacts/2026-09-26/rq3-constraint-audit/inputs/5to10Traces/0109.trace,ATLAS/benchmark/5to10Traces/0109.trace,,,,
5to10Traces/0110.trace,5to10Traces,67,2,e1f66e56770e41f59288cd527b24b9791a8b7cf4ccfdd90634bdb644cdaa5f38,e3b0c44298fc1c149afbf4c8996fb92427ae41e4649b934ca495991b7852b855,无自定义结构约束,EXACT_MATCH,,ATLAS/experiment_artifacts/2026-09-26/rq3-constraint-audit/inputs/5to10Traces/0110.trace,ATLAS/benchmark/5to10Traces/0110.trace,,,,
5to10Traces/0112.trace,5to10Traces,67,2,091a04c7c5936ecbfa22c19ce53f1f45fe5914a8b4c437064960db8fdbc56c7d,e3b0c44298fc1c149afbf4c8996fb92427ae41e4649b934ca495991b7852b855,无自定义结构约束,EXACT_MATCH,,ATLAS/experiment_artifacts/2026-09-26/rq3-constraint-audit/inputs/5to10Traces/0112.trace,ATLAS/benchmark/5to10Traces/0112.trace,,,,
5to10Traces/0114.trace,5to10Traces,67,2,5be77e06b023af1250463756bf06f6c5db3c04a372a3f491f29ab97e931bf38a,e3b0c44298fc1c149afbf4c8996fb92427ae41e4649b934ca495991b7852b855,无自定义结构约束,EXACT_MATCH,,ATLAS/experiment_artifacts/2026-09-26/rq3-constraint-audit/inputs/5to10Traces/0114.trace,ATLAS/benchmark/5to10Traces/0114.trace,,,,
5to10Traces/0116.trace,5to10Traces,67,2,04648b1607ab764a7a9a2bd046edfeacf74a58b108d36b72db4e30d627a9c954,e3b0c44298fc1c149afbf4c8996fb92427ae41e4649b934ca495991b7852b855,无自定义结构约束,EXACT_MATCH,,ATLAS/experiment_artifacts/2026-09-26/rq3-constraint-audit/inputs/5to10Traces/0116.trace,ATLAS/benchmark/5to10Traces/0116.trace,,,,
5to10Traces/0117.trace,5to10Traces,67,2,d3c2fe8052ecf8528a9b8d2977e9aa4d2c511d320c9111e21202eb2dbf3a9567,e3b0c44298fc1c149afbf4c8996fb92427ae41e4649b934ca495991b7852b855,无自定义结构约束,EXACT_MATCH,,ATLAS/experiment_artifacts/2026-09-26/rq3-constraint-audit/inputs/5to10Traces/0117.trace,ATLAS/benchmark/5to10Traces/0117.trace,,,,
5to10Traces/0118.trace,5to10Traces,67,2,7a61766dc359d3151e0d4e1ee04e9405401715c35b35d6cf874a6f7e3a076354,e3b0c44298fc1c149afbf4c8996fb92427ae41e4649b934ca495991b7852b855,无自定义结构约束,EXACT_MATCH,,ATLAS/experiment_artifacts/2026-09-26/rq3-constraint-audit/inputs/5to10Traces/0118.trace,ATLAS/benchmark/5to10Traces/0118.trace,,,,
5to10Traces/0119.trace,5to10Traces,67,2,ef685ef6eb2164beed9d2227784f11e537a9265388d76c9bed067e1b32573d25,e3b0c44298fc1c149afbf4c8996fb92427ae41e4649b934ca495991b7852b855,无自定义结构约束,EXACT_MATCH,,ATLAS/experiment_artifacts/2026-09-26/rq3-constraint-audit/inputs/5to10Traces/0119.trace,ATLAS/benchmark/5to10Traces/0119.trace,,,,
5to10Traces/0120.trace,5to10Traces,67,2,e8f11d243d801f3d266cdee6419fd70266e2f09691110c367022d4a00a6198cb,e3b0c44298fc1c149afbf4c8996fb92427ae41e4649b934ca495991b7852b855,无自定义结构约束,EXACT_MATCH,,ATLAS/experiment_artifacts/2026-09-26/rq3-constraint-audit/inputs/5to10Traces/0120.trace,ATLAS/benchmark/5to10Traces/0120.trace,,,,
5to10Traces/0121.trace,5to10Traces,67,2,e45333bddeaa1e9ab771c42877b7697ed4fdd5374692a194e80178ce15b63daf,e3b0c44298fc1c149afbf4c8996fb92427ae41e4649b934ca495991b7852b855,无自定义结构约束,EXACT_MATCH,,ATLAS/experiment_artifacts/2026-09-26/rq3-constraint-audit/inputs/5to10Traces/0121.trace,ATLAS/benchmark/5to10Traces/0121.trace,,,,
5to10Traces/0122.trace,5to10Traces,67,2,897a5ba441da1c6902f1cdc93cee4464c6082662af684976e07981c9a6b917d3,e3b0c44298fc1c149afbf4c8996fb92427ae41e4649b934ca495991b7852b855,无自定义结构约束,EXACT_MATCH,,ATLAS/experiment_artifacts/2026-09-26/rq3-constraint-audit/inputs/5to10Traces/0122.trace,ATLAS/benchmark/5to10Traces/0122.trace,,,,
5to10Traces/0124.trace,5to10Traces,67,2,55ab5b41efbf8296ff4d2cbe513f62334719832cba180ff0c7ad5be330854371,e3b0c44298fc1c149afbf4c8996fb92427ae41e4649b934ca495991b7852b855,无自定义结构约束,EXACT_MATCH,,ATLAS/experiment_artifacts/2026-09-26/rq3-constraint-audit/inputs/5to10Traces/0124.trace,ATLAS/benchmark/5to10Traces/0124.trace,,,,
5to10Traces/0125.trace,5to10Traces,67,2,43c3aa17eb255777403ee0c951142e46a4b2758997d2e1254ffeb9ce010ae2c1,e3b0c44298fc1c149afbf4c8996fb92427ae41e4649b934ca495991b7852b855,无自定义结构约束,EXACT_MATCH,,ATLAS/experiment_artifacts/2026-09-26/rq3-constraint-audit/inputs/5to10Traces/0125.trace,ATLAS/benchmark/5to10Traces/0125.trace,,,,
5to10Traces/0126.trace,5to10Traces,67,2,06b8f145441a4c53b4a1f07f068961f9d977fdc8ca1bae46737002179a95f00e,e3b0c44298fc1c149afbf4c8996fb92427ae41e4649b934ca495991b7852b855,无自定义结构约束,EXACT_MATCH,,ATLAS/experiment_artifacts/2026-09-26/rq3-constraint-audit/inputs/5to10Traces/0126.trace,ATLAS/benchmark/5to10Traces/0126.trace,,,,
5to10Traces/0127.trace,5to10Traces,67,2,38b148e43e53e0ba5fb58e99548c5349a8584426d82a0641034aee72f07c14dc,e3b0c44298fc1c149afbf4c8996fb92427ae41e4649b934ca495991b7852b855,无自定义结构约束,EXACT_MATCH,,ATLAS/experiment_artifacts/2026-09-26/rq3-constraint-audit/inputs/5to10Traces/0127.trace,ATLAS/benchmark/5to10Traces/0127.trace,,,,
5to10Traces/0128.trace,5to10Traces,67,2,b5d6342146db3553a3dcf5758ec58215536115c1632db0303a0b7e62d038592a,e3b0c44298fc1c149afbf4c8996fb92427ae41e4649b934ca495991b7852b855,无自定义结构约束,EXACT_MATCH,,ATLAS/experiment_artifacts/2026-09-26/rq3-constraint-audit/inputs/5to10Traces/0128.trace,ATLAS/benchmark/5to10Traces/0128.trace,,,,
5to10Traces/0129.trace,5to10Traces,67,2,c5e3de677a29cdb03406f7da996e01021bb5366f8583362622373c7513d2f3ca,e3b0c44298fc1c149afbf4c8996fb92427ae41e4649b934ca495991b7852b855,无自定义结构约束,EXACT_MATCH,,ATLAS/experiment_artifacts/2026-09-26/rq3-constraint-audit/inputs/5to10Traces/0129.trace,ATLAS/benchmark/5to10Traces/0129.trace,,,,
5to10Traces/0130.trace,5to10Traces,67,2,7eeea4da9600647b4ca3c724512372bbb595ada3823a84b02f170fa928a4c6bf,e3b0c44298fc1c149afbf4c8996fb92427ae41e4649b934ca495991b7852b855,无自定义结构约束,EXACT_MATCH,,ATLAS/experiment_artifacts/2026-09-26/rq3-constraint-audit/inputs/5to10Traces/0130.trace,ATLAS/benchmark/5to10Traces/0130.trace,,,,
5to10Traces/0131.trace,5to10Traces,67,2,c5c4a92ab8c6b7948f51749b2d9e2562d7f73ff62a72766c117bab32d44c8618,e3b0c44298fc1c149afbf4c8996fb92427ae41e4649b934ca495991b7852b855,无自定义结构约束,EXACT_MATCH,,ATLAS/experiment_artifacts/2026-09-26/rq3-constraint-audit/inputs/5to10Traces/0131.trace,ATLAS/benchmark/5to10Traces/0131.trace,,,,
5to10Traces/0132.trace,5to10Traces,3,2,b8f04080b403b525d4739677abc2261552d7e90a544a4b029ca6c415ea2d8b4f,e3b0c44298fc1c149afbf4c8996fb92427ae41e4649b934ca495991b7852b855,无自定义结构约束,EXACT_MATCH,,ATLAS/experiment_artifacts/2026-09-26/rq3-constraint-audit/inputs/5to10Traces/0132.trace,ATLAS/benchmark/5to10Traces/0132.trace,,,,
5to10Traces/0134.trace,5to10Traces,3,2,b9a86b47eaf5db55f3666241002af9f574c3f021a944ea482f846dbf92122d19,e3b0c44298fc1c149afbf4c8996fb92427ae41e4649b934ca495991b7852b855,无自定义结构约束,EXACT_MATCH,,ATLAS/experiment_artifacts/2026-09-26/rq3-constraint-audit/inputs/5to10Traces/0134.trace,ATLAS/benchmark/5to10Traces/0134.trace,,,,
5to10Traces/0135.trace,5to10Traces,3,2,1b6cceba381c9c55c8430ee1ee6b4571c1253381b79984b3214b0df3c84af5ae,e3b0c44298fc1c149afbf4c8996fb92427ae41e4649b934ca495991b7852b855,无自定义结构约束,EXACT_MATCH,,ATLAS/experiment_artifacts/2026-09-26/rq3-constraint-audit/inputs/5to10Traces/0135.trace,ATLAS/benchmark/5to10Traces/0135.trace,,,,
5to10Traces/0136.trace,5to10Traces,3,2,4862d0411c76482cbd08f868d034567e7f25612117230e55a8f33bc967d0257d,e3b0c44298fc1c149afbf4c8996fb92427ae41e4649b934ca495991b7852b855,无自定义结构约束,EXACT_MATCH,,ATLAS/experiment_artifacts/2026-09-26/rq3-constraint-audit/inputs/5to10Traces/0136.trace,ATLAS/benchmark/5to10Traces/0136.trace,,,,
5to10Traces/0137.trace,5to10Traces,3,2,06a4f0323c3063b2759ca99fa5e10bf8f6fc5fff6b9cf7ec7fcd745abafd1f3a,e3b0c44298fc1c149afbf4c8996fb92427ae41e4649b934ca495991b7852b855,无自定义结构约束,EXACT_MATCH,,ATLAS/experiment_artifacts/2026-09-26/rq3-constraint-audit/inputs/5to10Traces/0137.trace,ATLAS/benchmark/5to10Traces/0137.trace,,,,
5to10Traces/0138.trace,5to10Traces,3,2,09f0d6edaa326743df4626e398323c88e54ccc3996da89c4ac50e088a460f418,e3b0c44298fc1c149afbf4c8996fb92427ae41e4649b934ca495991b7852b855,无自定义结构约束,EXACT_MATCH,,ATLAS/experiment_artifacts/2026-09-26/rq3-constraint-audit/inputs/5to10Traces/0138.trace,ATLAS/benchmark/5to10Traces/0138.trace,,,,
5to10Traces/0139.trace,5to10Traces,3,2,bf7944e4c8fc98df28f2164a293c37173fe918ab58c61018526a048088c84fc7,e3b0c44298fc1c149afbf4c8996fb92427ae41e4649b934ca495991b7852b855,无自定义结构约束,EXACT_MATCH,,ATLAS/experiment_artifacts/2026-09-26/rq3-constraint-audit/inputs/5to10Traces/0139.trace,ATLAS/benchmark/5to10Traces/0139.trace,,,,
5to10Traces/0140.trace,5to10Traces,3,2,799116c644e6dcce5d5f7359b49af06ac7f6a7597b28ebc0af2447732535679d,e3b0c44298fc1c149afbf4c8996fb92427ae41e4649b934ca495991b7852b855,无自定义结构约束,EXACT_MATCH,,ATLAS/experiment_artifacts/2026-09-26/rq3-constraint-audit/inputs/5to10Traces/0140.trace,ATLAS/benchmark/5to10Traces/0140.trace,,,,
5to10Traces/0141.trace,5to10Traces,3,2,eaaa14beeeee68786188f6926149a68b31cafde21a0dee43ee6800922b11834f,e3b0c44298fc1c149afbf4c8996fb92427ae41e4649b934ca495991b7852b855,无自定义结构约束,EXACT_MATCH,,ATLAS/experiment_artifacts/2026-09-26/rq3-constraint-audit/inputs/5to10Traces/0141.trace,ATLAS/benchmark/5to10Traces/0141.trace,,,,
5to10Traces/0142.trace,5to10Traces,3,2,436b64ca4da5bdacfc8950be816246e2cc610f8ec153de76d6de51765295127d,e3b0c44298fc1c149afbf4c8996fb92427ae41e4649b934ca495991b7852b855,无自定义结构约束,EXACT_MATCH,,ATLAS/experiment_artifacts/2026-09-26/rq3-constraint-audit/inputs/5to10Traces/0142.trace,ATLAS/benchmark/5to10Traces/0142.trace,,,,
5to10Traces/0143.trace,5to10Traces,3,2,23f66a69bf200e03b6a5fe7fe0c81ab0b5dded3605a6a4f86290dba127b209a0,e3b0c44298fc1c149afbf4c8996fb92427ae41e4649b934ca495991b7852b855,无自定义结构约束,EXACT_MATCH,,ATLAS/experiment_artifacts/2026-09-26/rq3-constraint-audit/inputs/5to10Traces/0143.trace,ATLAS/benchmark/5to10Traces/0143.trace,,,,
5to10Traces/0144.trace,5to10Traces,3,2,604fd17a18204fd9bec122e669ecccc314f471b58a39ccb29b6af9a238ff456e,e3b0c44298fc1c149afbf4c8996fb92427ae41e4649b934ca495991b7852b855,无自定义结构约束,EXACT_MATCH,,ATLAS/experiment_artifacts/2026-09-26/rq3-constraint-audit/inputs/5to10Traces/0144.trace,ATLAS/benchmark/5to10Traces/0144.trace,,,,
5to10Traces/0145.trace,5to10Traces,3,2,f0e2bde72ac3567604f09ae166019f0a2ce10cece29e4ed24dad2092598bc0f6,e3b0c44298fc1c149afbf4c8996fb92427ae41e4649b934ca495991b7852b855,无自定义结构约束,EXACT_MATCH,,ATLAS/experiment_artifacts/2026-09-26/rq3-constraint-audit/inputs/5to10Traces/0145.trace,ATLAS/benchmark/5to10Traces/0145.trace,,,,
5to10Traces/0146.trace,5to10Traces,3,2,93a3bb585734055b11004058e88a658f78a400e8ea2036c5ddff5db42549bd0f,e3b0c44298fc1c149afbf4c8996fb92427ae41e4649b934ca495991b7852b855,无自定义结构约束,EXACT_MATCH,,ATLAS/experiment_artifacts/2026-09-26/rq3-constraint-audit/inputs/5to10Traces/0146.trace,ATLAS/benchmark/5to10Traces/0146.trace,,,,
5to10Traces/0147.trace,5to10Traces,3,2,d01635d37957b69b76d355d254efc5f4394e536dfecdfe9d75264b441c802a5d,e3b0c44298fc1c149afbf4c8996fb92427ae41e4649b934ca495991b7852b855,无自定义结构约束,EXACT_MATCH,,ATLAS/experiment_artifacts/2026-09-26/rq3-constraint-audit/inputs/5to10Traces/0147.trace,ATLAS/benchmark/5to10Traces/0147.trace,,,,
5to10Traces/0148.trace,5to10Traces,3,2,c7d77813a74ca26f649eb0561259f3a5cad1014bd795b1fa361c58c242ab03fb,e3b0c44298fc1c149afbf4c8996fb92427ae41e4649b934ca495991b7852b855,无自定义结构约束,EXACT_MATCH,,ATLAS/experiment_artifacts/2026-09-26/rq3-constraint-audit/inputs/5to10Traces/0148.trace,ATLAS/benchmark/5to10Traces/0148.trace,,,,
5to10Traces/0149.trace,5to10Traces,3,2,dc750485e1b246b59418d8b42c562354e1f671c984191df12f963494e8079044,e3b0c44298fc1c149afbf4c8996fb92427ae41e4649b934ca495991b7852b855,无自定义结构约束,EXACT_MATCH,,ATLAS/experiment_artifacts/2026-09-26/rq3-constraint-audit/inputs/5to10Traces/0149.trace,ATLAS/benchmark/5to10Traces/0149.trace,,,,
5to10Traces/0150.trace,5to10Traces,3,2,8e09912a622de8882f0f7db7d6babe6c3bb7c6ba055a3a40a1665e45b82599ed,e3b0c44298fc1c149afbf4c8996fb92427ae41e4649b934ca495991b7852b855,无自定义结构约束,EXACT_MATCH,,ATLAS/experiment_artifacts/2026-09-26/rq3-constraint-audit/inputs/5to10Traces/0150.trace,ATLAS/benchmark/5to10Traces/0150.trace,,,,
5to10Traces/0151.trace,5to10Traces,3,2,e98a99d67e1970c2d431177825de7a20ffb2543cbaf9ddff8358954141101c52,e3b0c44298fc1c149afbf4c8996fb92427ae41e4649b934ca495991b7852b855,无自定义结构约束,EXACT_MATCH,,ATLAS/experiment_artifacts/2026-09-26/rq3-constraint-audit/inputs/5to10Traces/0151.trace,ATLAS/benchmark/5to10Traces/0151.trace,,,,
5to10Traces/0152.trace,5to10Traces,3,2,48bc0b6afc1d05a106c6a545b028f53d2841adbaf2761ee1d25653821ac6020d,e3b0c44298fc1c149afbf4c8996fb92427ae41e4649b934ca495991b7852b855,无自定义结构约束,EXACT_MATCH,,ATLAS/experiment_artifacts/2026-09-26/rq3-constraint-audit/inputs/5to10Traces/0152.trace,ATLAS/benchmark/5to10Traces/0152.trace,,,,
5to10Traces/0153.trace,5to10Traces,3,2,9f4bd41aab16e2e41288202c56344218a42573d8ee800a22c6623b29e76448e1,e3b0c44298fc1c149afbf4c8996fb92427ae41e4649b934ca495991b7852b855,无自定义结构约束,EXACT_MATCH,,ATLAS/experiment_artifacts/2026-09-26/rq3-constraint-audit/inputs/5to10Traces/0153.trace,ATLAS/benchmark/5to10Traces/0153.trace,,,,
5to10Traces/0154.trace,5to10Traces,6,2,86ea5d1e67f32593afcf9ca718f0f15de0bdeb895fea6b059c15320ab4bf0ee9,e3b0c44298fc1c149afbf4c8996fb92427ae41e4649b934ca495991b7852b855,无自定义结构约束,EXACT_MATCH,,ATLAS/experiment_artifacts/2026-09-26/rq3-constraint-audit/inputs/5to10Traces/0154.trace,ATLAS/benchmark/5to10Traces/0154.trace,,,,
5to10Traces/0155.trace,5to10Traces,6,2,cac4f35d45dd50acfc42000fba2cc7c8316cd1b38aba1dacf04663c1fffed8cb,e3b0c44298fc1c149afbf4c8996fb92427ae41e4649b934ca495991b7852b855,无自定义结构约束,EXACT_MATCH,,ATLAS/experiment_artifacts/2026-09-26/rq3-constraint-audit/inputs/5to10Traces/0155.trace,ATLAS/benchmark/5to10Traces/0155.trace,,,,
5to10Traces/0156.trace,5to10Traces,6,2,22793e02187ed3410cdf3eab2afe065fe084e6adab1ab091856f7d442b6526d8,e3b0c44298fc1c149afbf4c8996fb92427ae41e4649b934ca495991b7852b855,无自定义结构约束,EXACT_MATCH,,ATLAS/experiment_artifacts/2026-09-26/rq3-constraint-audit/inputs/5to10Traces/0156.trace,ATLAS/benchmark/5to10Traces/0156.trace,,,,
5to10Traces/0157.trace,5to10Traces,6,2,588f3e17285d00e0ef25a984d20cb2c7311b5f83e1a7b7cfd03f0d91845196cb,e3b0c44298fc1c149afbf4c8996fb92427ae41e4649b934ca495991b7852b855,无自定义结构约束,EXACT_MATCH,,ATLAS/experiment_artifacts/2026-09-26/rq3-constraint-audit/inputs/5to10Traces/0157.trace,ATLAS/benchmark/5to10Traces/0157.trace,,,,
5to10Traces/0158.trace,5to10Traces,6,2,5366c4744106435515ba36ff3a0abe3eab73b21822dacf475bab1e42886251a5,e3b0c44298fc1c149afbf4c8996fb92427ae41e4649b934ca495991b7852b855,无自定义结构约束,EXACT_MATCH,,ATLAS/experiment_artifacts/2026-09-26/rq3-constraint-audit/inputs/5to10Traces/0158.trace,ATLAS/benchmark/5to10Traces/0158.trace,,,,
5to10Traces/0159.trace,5to10Traces,6,2,7a8b91d4cd781948c46b32f1afefe696c01a426fdc32358e7dd94a5c0277a1a4,e3b0c44298fc1c149afbf4c8996fb92427ae41e4649b934ca495991b7852b855,无自定义结构约束,EXACT_MATCH,,ATLAS/experiment_artifacts/2026-09-26/rq3-constraint-audit/inputs/5to10Traces/0159.trace,ATLAS/benchmark/5to10Traces/0159.trace,,,,
5to10Traces/0160.trace,5to10Traces,6,2,67e4917bdac48ce1d41bc9df055dd50a4f2e832f346c348b0da8c5dc6550231e,e3b0c44298fc1c149afbf4c8996fb92427ae41e4649b934ca495991b7852b855,无自定义结构约束,EXACT_MATCH,,ATLAS/experiment_artifacts/2026-09-26/rq3-constraint-audit/inputs/5to10Traces/0160.trace,ATLAS/benchmark/5to10Traces/0160.trace,,,,
5to10Traces/0161.trace,5to10Traces,6,2,09abb388cb5185e890e0474dda93ee7673d3d8d7117e591fb747af2c191ff37b,e3b0c44298fc1c149afbf4c8996fb92427ae41e4649b934ca495991b7852b855,无自定义结构约束,EXACT_MATCH,,ATLAS/experiment_artifacts/2026-09-26/rq3-constraint-audit/inputs/5to10Traces/0161.trace,ATLAS/benchmark/5to10Traces/0161.trace,,,,
5to10Traces/0162.trace,5to10Traces,6,2,febccb0ca50074ae0455fb54efe74868059da61ae079aabc0f6d6ac2d519167b,e3b0c44298fc1c149afbf4c8996fb92427ae41e4649b934ca495991b7852b855,无自定义结构约束,EXACT_MATCH,,ATLAS/experiment_artifacts/2026-09-26/rq3-constraint-audit/inputs/5to10Traces/0162.trace,ATLAS/benchmark/5to10Traces/0162.trace,,,,
5to10Traces/0163.trace,5to10Traces,6,2,698048cb05237bb76881248a194dfd4222f786aff27053424c01cd4df973fcb3,e3b0c44298fc1c149afbf4c8996fb92427ae41e4649b934ca495991b7852b855,无自定义结构约束,EXACT_MATCH,,ATLAS/experiment_artifacts/2026-09-26/rq3-constraint-audit/inputs/5to10Traces/0163.trace,ATLAS/benchmark/5to10Traces/0163.trace,,,,
5to10Traces/0164.trace,5to10Traces,6,2,6df83574ea926131b131832dcccba0c5588a338ea681d59b1706dc1a127a37d4,e3b0c44298fc1c149afbf4c8996fb92427ae41e4649b934ca495991b7852b855,无自定义结构约束,EXACT_MATCH,,ATLAS/experiment_artifacts/2026-09-26/rq3-constraint-audit/inputs/5to10Traces/0164.trace,ATLAS/benchmark/5to10Traces/0164.trace,,,,
5to10Traces/0165.trace,5to10Traces,6,2,43f2142433c9b3046e39e2cecba2ab6f12de2f060be5a409edc2d34939e9cbd4,e3b0c44298fc1c149afbf4c8996fb92427ae41e4649b934ca495991b7852b855,无自定义结构约束,EXACT_MATCH,,ATLAS/experiment_artifacts/2026-09-26/rq3-constraint-audit/inputs/5to10Traces/0165.trace,ATLAS/benchmark/5to10Traces/0165.trace,,,,
5to10Traces/0166.trace,5to10Traces,6,2,6a37e5470656768f553fc77683f563d89952ded7e1fcecbd6e8c6031e1d59e87,e3b0c44298fc1c149afbf4c8996fb92427ae41e4649b934ca495991b7852b855,无自定义结构约束,EXACT_MATCH,,ATLAS/experiment_artifacts/2026-09-26/rq3-constraint-audit/inputs/5to10Traces/0166.trace,ATLAS/benchmark/5to10Traces/0166.trace,,,,
5to10Traces/0167.trace,5to10Traces,6,2,de9222b66cb05b730d04d9402205c708cb7a392a3663ddec8dcc12ce7051f8b2,e3b0c44298fc1c149afbf4c8996fb92427ae41e4649b934ca495991b7852b855,无自定义结构约束,EXACT_MATCH,,ATLAS/experiment_artifacts/2026-09-26/rq3-constraint-audit/inputs/5to10Traces/0167.trace,ATLAS/benchmark/5to10Traces/0167.trace,,,,
5to10Traces/0168.trace,5to10Traces,6,2,a7f8d4ada64dafe6ccc1158f17b1987d24509f77c20e994e0be3de8e82d2254a,e3b0c44298fc1c149afbf4c8996fb92427ae41e4649b934ca495991b7852b855,无自定义结构约束,EXACT_MATCH,,ATLAS/experiment_artifacts/2026-09-26/rq3-constraint-audit/inputs/5to10Traces/0168.trace,ATLAS/benchmark/5to10Traces/0168.trace,,,,
5to10Traces/0169.trace,5to10Traces,6,2,604c64f4fe5c15293a02c7a950a094fe7237524676db62bb33b8ebcf96274598,e3b0c44298fc1c149afbf4c8996fb92427ae41e4649b934ca495991b7852b855,无自定义结构约束,EXACT_MATCH,,ATLAS/experiment_artifacts/2026-09-26/rq3-constraint-audit/inputs/5to10Traces/0169.trace,ATLAS/benchmark/5to10Traces/0169.trace,,,,
5to10Traces/0170.trace,5to10Traces,6,2,e714e7763d0985a9f60e3f51e93026b7c9a055fac5e1fee366ac90f541b78e17,e3b0c44298fc1c149afbf4c8996fb92427ae41e4649b934ca495991b7852b855,无自定义结构约束,EXACT_MATCH,,ATLAS/experiment_artifacts/2026-09-26/rq3-constraint-audit/inputs/5to10Traces/0170.trace,ATLAS/benchmark/5to10Traces/0170.trace,,,,
5to10Traces/0171.trace,5to10Traces,6,2,b20ab982fceffe4adbbfb37241ddd8dbd85b26501d8b13f20e9fb892232c88c6,e3b0c44298fc1c149afbf4c8996fb92427ae41e4649b934ca495991b7852b855,无自定义结构约束,EXACT_MATCH,,ATLAS/experiment_artifacts/2026-09-26/rq3-constraint-audit/inputs/5to10Traces/0171.trace,ATLAS/benchmark/5to10Traces/0171.trace,,,,
5to10Traces/0172.trace,5to10Traces,6,2,688cf40d1b7d992482dc722d710b7aeabe69223403907db7c6e4b1095513cfaa,e3b0c44298fc1c149afbf4c8996fb92427ae41e4649b934ca495991b7852b855,无自定义结构约束,EXACT_MATCH,,ATLAS/experiment_artifacts/2026-09-26/rq3-constraint-audit/inputs/5to10Traces/0172.trace,ATLAS/benchmark/5to10Traces/0172.trace,,,,
5to10Traces/0173.trace,5to10Traces,6,2,027b9d21049f56e1d569a406b650b8449dffbfbe65a47d8da69ec7d0a0bfaa23,e3b0c44298fc1c149afbf4c8996fb92427ae41e4649b934ca495991b7852b855,无自定义结构约束,EXACT_MATCH,,ATLAS/experiment_artifacts/2026-09-26/rq3-constraint-audit/inputs/5to10Traces/0173.trace,ATLAS/benchmark/5to10Traces/0173.trace,,,,
5to10Traces/0174.trace,5to10Traces,6,2,fe41503b69e91d4a017b84083fcd427a964966e8836a156bb0e7c99b89d4ed30,e3b0c44298fc1c149afbf4c8996fb92427ae41e4649b934ca495991b7852b855,无自定义结构约束,EXACT_MATCH,,ATLAS/experiment_artifacts/2026-09-26/rq3-constraint-audit/inputs/5to10Traces/0174.trace,ATLAS/benchmark/5to10Traces/0174.trace,,,,
5to10Traces/0175.trace,5to10Traces,6,2,28732aebd9a32ac10df5fde6e83c5c5b69a775b314df1fd64c6db1ea9f1cd116,e3b0c44298fc1c149afbf4c8996fb92427ae41e4649b934ca495991b7852b855,无自定义结构约束,EXACT_MATCH,,ATLAS/experiment_artifacts/2026-09-26/rq3-constraint-audit/inputs/5to10Traces/0175.trace,ATLAS/benchmark/5to10Traces/0175.trace,,,,
5to10Traces/0176.trace,5to10Traces,10,2,d5a043284aa0a5c5774276dd80654700e024333355a5976fb375e5983586f01e,e3b0c44298fc1c149afbf4c8996fb92427ae41e4649b934ca495991b7852b855,无自定义结构约束,EXACT_MATCH,,ATLAS/experiment_artifacts/2026-09-26/rq3-constraint-audit/inputs/5to10Traces/0176.trace,ATLAS/benchmark/5to10Traces/0176.trace,,,,
5to10Traces/0177.trace,5to10Traces,10,2,00e0be481f0685337ad14fe5edf3c6111e7905f4ebc18e2e634915cd78faf8af,e3b0c44298fc1c149afbf4c8996fb92427ae41e4649b934ca495991b7852b855,无自定义结构约束,EXACT_MATCH,,ATLAS/experiment_artifacts/2026-09-26/rq3-constraint-audit/inputs/5to10Traces/0177.trace,ATLAS/benchmark/5to10Traces/0177.trace,,,,
5to10Traces/0178.trace,5to10Traces,10,2,4430fdb2aab411bdcb015e7f6c8b460ba74aa0805e1ed6617219a2c9b842e93b,e3b0c44298fc1c149afbf4c8996fb92427ae41e4649b934ca495991b7852b855,无自定义结构约束,EXACT_MATCH,,ATLAS/experiment_artifacts/2026-09-26/rq3-constraint-audit/inputs/5to10Traces/0178.trace,ATLAS/benchmark/5to10Traces/0178.trace,,,,
5to10Traces/0179.trace,5to10Traces,10,2,d43534cc1cc93480ed9d9fde9dcc9c1e9c8800ee23f104ea4d255189972fc382,e3b0c44298fc1c149afbf4c8996fb92427ae41e4649b934ca495991b7852b855,无自定义结构约束,EXACT_MATCH,,ATLAS/experiment_artifacts/2026-09-26/rq3-constraint-audit/inputs/5to10Traces/0179.trace,ATLAS/benchmark/5to10Traces/0179.trace,,,,
5to10Traces/0180.trace,5to10Traces,10,2,f488a5779e94138197c49413e19aa6c9098792854143982992b07496bc724119,e3b0c44298fc1c149afbf4c8996fb92427ae41e4649b934ca495991b7852b855,无自定义结构约束,EXACT_MATCH,,ATLAS/experiment_artifacts/2026-09-26/rq3-constraint-audit/inputs/5to10Traces/0180.trace,ATLAS/benchmark/5to10Traces/0180.trace,,,,
5to10Traces/0181.trace,5to10Traces,10,2,99ffce474947f4398b531039a7e48fe137a4ec84e569eef662591ccf7027bafa,e3b0c44298fc1c149afbf4c8996fb92427ae41e4649b934ca495991b7852b855,无自定义结构约束,EXACT_MATCH,,ATLAS/experiment_artifacts/2026-09-26/rq3-constraint-audit/inputs/5to10Traces/0181.trace,ATLAS/benchmark/5to10Traces/0181.trace,,,,
5to10Traces/0182.trace,5to10Traces,10,2,dab7b013d1e8d416aa3521ff6cafc90dab9a343235d0ba0b27df0e39cec0522b,e3b0c44298fc1c149afbf4c8996fb92427ae41e4649b934ca495991b7852b855,无自定义结构约束,EXACT_MATCH,,ATLAS/experiment_artifacts/2026-09-26/rq3-constraint-audit/inputs/5to10Traces/0182.trace,ATLAS/benchmark/5to10Traces/0182.trace,,,,
5to10Traces/0183.trace,5to10Traces,10,2,7916c59cbc42af906d83b5c9a37a794076f41f998650a4c86e92bddaba18da25,e3b0c44298fc1c149afbf4c8996fb92427ae41e4649b934ca495991b7852b855,无自定义结构约束,EXACT_MATCH,,ATLAS/experiment_artifacts/2026-09-26/rq3-constraint-audit/inputs/5to10Traces/0183.trace,ATLAS/benchmark/5to10Traces/0183.trace,,,,
5to10Traces/0184.trace,5to10Traces,10,2,e1a0abb63f0d0574ec055c7c1399f95ad47b000cd6a4944a8ea8bfb895a0a5d3,e3b0c44298fc1c149afbf4c8996fb92427ae41e4649b934ca495991b7852b855,无自定义结构约束,EXACT_MATCH,,ATLAS/experiment_artifacts/2026-09-26/rq3-constraint-audit/inputs/5to10Traces/0184.trace,ATLAS/benchmark/5to10Traces/0184.trace,,,,
5to10Traces/0185.trace,5to10Traces,10,2,fcf466c6def80e828dda76534ea43b918b98537b4aa82fc1256f149e8cfde24f,e3b0c44298fc1c149afbf4c8996fb92427ae41e4649b934ca495991b7852b855,无自定义结构约束,EXACT_MATCH,,ATLAS/experiment_artifacts/2026-09-26/rq3-constraint-audit/inputs/5to10Traces/0185.trace,ATLAS/benchmark/5to10Traces/0185.trace,,,,
5to10Traces/0186.trace,5to10Traces,10,2,6c35d83292b8c3ba57c1ff70f542e719141299b437277834cfe7be3de30c77e5,e3b0c44298fc1c149afbf4c8996fb92427ae41e4649b934ca495991b7852b855,无自定义结构约束,EXACT_MATCH,,ATLAS/experiment_artifacts/2026-09-26/rq3-constraint-audit/inputs/5to10Traces/0186.trace,ATLAS/benchmark/5to10Traces/0186.trace,,,,
5to10Traces/0187.trace,5to10Traces,10,2,b6dfee7d418c289bbd1e34d3c8f1d0d60e1c4f69ecaace4c58cfe595b2138de0,e3b0c44298fc1c149afbf4c8996fb92427ae41e4649b934ca495991b7852b855,无自定义结构约束,EXACT_MATCH,,ATLAS/experiment_artifacts/2026-09-26/rq3-constraint-audit/inputs/5to10Traces/0187.trace,ATLAS/benchmark/5to10Traces/0187.trace,,,,
5to10Traces/0188.trace,5to10Traces,10,2,34ecee67cee4bbe34e57a29d6c0d8119f2c9e9761cb28f18932a041c91443219,e3b0c44298fc1c149afbf4c8996fb92427ae41e4649b934ca495991b7852b855,无自定义结构约束,EXACT_MATCH,,ATLAS/experiment_artifacts/2026-09-26/rq3-constraint-audit/inputs/5to10Traces/0188.trace,ATLAS/benchmark/5to10Traces/0188.trace,,,,
5to10Traces/0189.trace,5to10Traces,10,2,0fe6622716b9cea1f2d8283991a34c46b7095f11c1cd07d16e97a9e72256fd88,e3b0c44298fc1c149afbf4c8996fb92427ae41e4649b934ca495991b7852b855,无自定义结构约束,EXACT_MATCH,,ATLAS/experiment_artifacts/2026-09-26/rq3-constraint-audit/inputs/5to10Traces/0189.trace,ATLAS/benchmark/5to10Traces/0189.trace,,,,
5to10Traces/0190.trace,5to10Traces,10,2,5bdc71268d6664f33dc62ac1e1065fd8312e52f0c4b7f21caa591950d454d04f,e3b0c44298fc1c149afbf4c8996fb92427ae41e4649b934ca495991b7852b855,无自定义结构约束,EXACT_MATCH,,ATLAS/experiment_artifacts/2026-09-26/rq3-constraint-audit/inputs/5to10Traces/0190.trace,ATLAS/benchmark/5to10Traces/0190.trace,,,,
5to10Traces/0191.trace,5to10Traces,10,2,45737bd8f6964ba07b5df630ad9ef4844163cd64ae95e879c7c1b8e891dd4b99,e3b0c44298fc1c149afbf4c8996fb92427ae41e4649b934ca495991b7852b855,无自定义结构约束,EXACT_MATCH,,ATLAS/experiment_artifacts/2026-09-26/rq3-constraint-audit/inputs/5to10Traces/0191.trace,ATLAS/benchmark/5to10Traces/0191.trace,,,,
5to10Traces/0192.trace,5to10Traces,10,2,d327ecb59370e7f354a49762e1340a8d988054ec2dd62e634ebaf3dbc7ae7294,e3b0c44298fc1c149afbf4c8996fb92427ae41e4649b934ca495991b7852b855,无自定义结构约束,EXACT_MATCH,,ATLAS/experiment_artifacts/2026-09-26/rq3-constraint-audit/inputs/5to10Traces/0192.trace,ATLAS/benchmark/5to10Traces/0192.trace,,,,
5to10Traces/0193.trace,5to10Traces,10,2,ec540ad4faf34d19b8c26dffb374dbd65ab41efbc701e91149a9529aa8a6d61a,e3b0c44298fc1c149afbf4c8996fb92427ae41e4649b934ca495991b7852b855,无自定义结构约束,EXACT_MATCH,,ATLAS/experiment_artifacts/2026-09-26/rq3-constraint-audit/inputs/5to10Traces/0193.trace,ATLAS/benchmark/5to10Traces/0193.trace,,,,
5to10Traces/0194.trace,5to10Traces,10,2,a69d162010b7ff747dfa303ad27f320627acaacf2f088d9cd54cd43e48d33c95,e3b0c44298fc1c149afbf4c8996fb92427ae41e4649b934ca495991b7852b855,无自定义结构约束,EXACT_MATCH,,ATLAS/experiment_artifacts/2026-09-26/rq3-constraint-audit/inputs/5to10Traces/0194.trace,ATLAS/benchmark/5to10Traces/0194.trace,,,,
5to10Traces/0195.trace,5to10Traces,10,2,a7c00f50034dbd7a62bdbbd60a084419a657f6c52fdb5217a05261b11c1b7565,e3b0c44298fc1c149afbf4c8996fb92427ae41e4649b934ca495991b7852b855,无自定义结构约束,EXACT_MATCH,,ATLAS/experiment_artifacts/2026-09-26/rq3-constraint-audit/inputs/5to10Traces/0195.trace,ATLAS/benchmark/5to10Traces/0195.trace,,,,
5to10Traces/0196.trace,5to10Traces,10,2,438aa7e3144068c90b4e85af4ebb46ddf8cdd2bc007660cf47c4294248d78baf,e3b0c44298fc1c149afbf4c8996fb92427ae41e4649b934ca495991b7852b855,无自定义结构约束,EXACT_MATCH,,ATLAS/experiment_artifacts/2026-09-26/rq3-constraint-audit/inputs/5to10Traces/0196.trace,ATLAS/benchmark/5to10Traces/0196.trace,,,,
5to10Traces/0197.trace,5to10Traces,10,2,9562ac3a2879a4b49b5609d75f0a5e8bd0127f9043ce178798c78d75444be3c3,e3b0c44298fc1c149afbf4c8996fb92427ae41e4649b934ca495991b7852b855,无自定义结构约束,EXACT_MATCH,,ATLAS/experiment_artifacts/2026-09-26/rq3-constraint-audit/inputs/5to10Traces/0197.trace,ATLAS/benchmark/5to10Traces/0197.trace,,,,
baseTest/0001.trace,baseTest,10,2,9547ffb5a3f76c5b4a41be156b2d786934fb0a67853456691c927aafbe7cc350,e3b0c44298fc1c149afbf4c8996fb92427ae41e4649b934ca495991b7852b855,无自定义结构约束,EXACT_MATCH,,ATLAS/experiment_artifacts/2026-09-26/rq3-constraint-audit/inputs/baseTest/0001.trace,ATLAS/benchmark/baseTest/0001.trace,,,,
baseTest/0002.trace,baseTest,10,2,ec3b613c79867a372347b5c3e20ecf655b6b26e0936663eac81b7d8e862aeeff,e3b0c44298fc1c149afbf4c8996fb92427ae41e4649b934ca495991b7852b855,无自定义结构约束,EXACT_MATCH,,ATLAS/experiment_artifacts/2026-09-26/rq3-constraint-audit/inputs/baseTest/0002.trace,ATLAS/benchmark/baseTest/0002.trace,,,,
baseTest/0003.trace,baseTest,10,2,9d0781db353a283bf3632c6789a888d5ec911aebae55319d22c203997ded5dd6,e3b0c44298fc1c149afbf4c8996fb92427ae41e4649b934ca495991b7852b855,无自定义结构约束,EXACT_MATCH,,ATLAS/experiment_artifacts/2026-09-26/rq3-constraint-audit/inputs/baseTest/0003.trace,ATLAS/benchmark/baseTest/0003.trace,,,,
baseTest/0004.trace,baseTest,10,2,7aa00584c4ad2de7006e587b72dcde92c0e7845ed79c9f95bf570bb9cbfdc063,e3b0c44298fc1c149afbf4c8996fb92427ae41e4649b934ca495991b7852b855,无自定义结构约束,EXACT_MATCH,,ATLAS/experiment_artifacts/2026-09-26/rq3-constraint-audit/inputs/baseTest/0004.trace,ATLAS/benchmark/baseTest/0004.trace,,,,
baseTest/0005.trace,baseTest,10,2,20c6c43cc7f2f8eb85ba9b564b1e146ecb731d0d44d4a16139452fb0713522a6,e3b0c44298fc1c149afbf4c8996fb92427ae41e4649b934ca495991b7852b855,无自定义结构约束,EXACT_MATCH,,ATLAS/experiment_artifacts/2026-09-26/rq3-constraint-audit/inputs/baseTest/0005.trace,ATLAS/benchmark/baseTest/0005.trace,,,,
baseTest/0006.trace,baseTest,10,2,a4875e300f2efbc8da4907b662fde75274e8e6d78dce4a030d2fecd0d5b6bb40,e3b0c44298fc1c149afbf4c8996fb92427ae41e4649b934ca495991b7852b855,无自定义结构约束,EXACT_MATCH,,ATLAS/experiment_artifacts/2026-09-26/rq3-constraint-audit/inputs/baseTest/0006.trace,ATLAS/benchmark/baseTest/0006.trace,,,,
baseTest/0007.trace,baseTest,10,2,1afe526db22540339194bce20eb8c5a402e11a7dfd0852830fd6e17afd7e22cf,e3b0c44298fc1c149afbf4c8996fb92427ae41e4649b934ca495991b7852b855,无自定义结构约束,EXACT_MATCH,,ATLAS/experiment_artifacts/2026-09-26/rq3-constraint-audit/inputs/baseTest/0007.trace,ATLAS/benchmark/baseTest/0007.trace,,,,
baseTest/0008.trace,baseTest,5,2,ec69e9f99c51c86e5de82428f8153433abde0918392eb32df689b20e2533b30e,e3b0c44298fc1c149afbf4c8996fb92427ae41e4649b934ca495991b7852b855,无自定义结构约束,EXACT_MATCH,,ATLAS/experiment_artifacts/2026-09-26/rq3-constraint-audit/inputs/baseTest/0008.trace,ATLAS/benchmark/baseTest/0008.trace,,,,
baseTest/0009.trace,baseTest,5,2,654e6c0caf520ddc287bc85bc4ecc4a8a114c520ebe18f105adb3e3161790123,e3b0c44298fc1c149afbf4c8996fb92427ae41e4649b934ca495991b7852b855,无自定义结构约束,EXACT_MATCH,,ATLAS/experiment_artifacts/2026-09-26/rq3-constraint-audit/inputs/baseTest/0009.trace,ATLAS/benchmark/baseTest/0009.trace,,,,
baseTest/0010.trace,baseTest,5,2,287f09d1ad3dd55a010036216c1436e98f7e5a60101f60da5d0708936b208576,e3b0c44298fc1c149afbf4c8996fb92427ae41e4649b934ca495991b7852b855,无自定义结构约束,EXACT_MATCH,,ATLAS/experiment_artifacts/2026-09-26/rq3-constraint-audit/inputs/baseTest/0010.trace,ATLAS/benchmark/baseTest/0010.trace,,,,
baseTest/0011.trace,baseTest,5,2,07511e9d3b5c516d46998d9c9d61a64f53aa0f89f48be8fd2b63532ec0f02cf8,e3b0c44298fc1c149afbf4c8996fb92427ae41e4649b934ca495991b7852b855,无自定义结构约束,EXACT_MATCH,,ATLAS/experiment_artifacts/2026-09-26/rq3-constraint-audit/inputs/baseTest/0011.trace,ATLAS/benchmark/baseTest/0011.trace,,,,
baseTest/0012.trace,baseTest,5,2,735b7b931a99b69cedbbcd331855f5c86d90516529a3d67640aa10f8daf3e688,e3b0c44298fc1c149afbf4c8996fb92427ae41e4649b934ca495991b7852b855,无自定义结构约束,EXACT_MATCH,,ATLAS/experiment_artifacts/2026-09-26/rq3-constraint-audit/inputs/baseTest/0012.trace,ATLAS/benchmark/baseTest/0012.trace,,,,
baseTest/0013.trace,baseTest,5,2,64a9fe0afb1011acaf62a9439d020d9a3e8e758a16c239f582d6ece5389263f3,e3b0c44298fc1c149afbf4c8996fb92427ae41e4649b934ca495991b7852b855,无自定义结构约束,EXACT_MATCH,,ATLAS/experiment_artifacts/2026-09-26/rq3-constraint-audit/inputs/baseTest/0013.trace,ATLAS/benchmark/baseTest/0013.trace,,,,
baseTest/0014.trace,baseTest,5,2,eae019e9a301ed433d0d98ed55a659e6f4b7e91af1f2365dcf8a5028fc1ba84c,e3b0c44298fc1c149afbf4c8996fb92427ae41e4649b934ca495991b7852b855,无自定义结构约束,EXACT_MATCH,,ATLAS/experiment_artifacts/2026-09-26/rq3-constraint-audit/inputs/baseTest/0014.trace,ATLAS/benchmark/baseTest/0014.trace,,,,
baseTest/0015.trace,baseTest,18,2,70287e746b0fd29f573bf71c771be740d7fb07aed69694f32274ed8f6bbbe2e4,e3b0c44298fc1c149afbf4c8996fb92427ae41e4649b934ca495991b7852b855,无自定义结构约束,EXACT_MATCH,,ATLAS/experiment_artifacts/2026-09-26/rq3-constraint-audit/inputs/baseTest/0015.trace,ATLAS/benchmark/baseTest/0015.trace,,,,
baseTest/0016.trace,baseTest,18,2,fa50e2911675719d95d055e6cd91cf981e06cbaef02d9e0626d2c09b3cd0707f,e3b0c44298fc1c149afbf4c8996fb92427ae41e4649b934ca495991b7852b855,无自定义结构约束,EXACT_MATCH,,ATLAS/experiment_artifacts/2026-09-26/rq3-constraint-audit/inputs/baseTest/0016.trace,ATLAS/benchmark/baseTest/0016.trace,,,,
baseTest/0017.trace,baseTest,18,2,9318a97d8cbc2695eddcd727e99f571d64603e79a45c38d72462a798bdddc12f,e3b0c44298fc1c149afbf4c8996fb92427ae41e4649b934ca495991b7852b855,无自定义结构约束,EXACT_MATCH,,ATLAS/experiment_artifacts/2026-09-26/rq3-constraint-audit/inputs/baseTest/0017.trace,ATLAS/benchmark/baseTest/0017.trace,,,,
baseTest/0018.trace,baseTest,18,2,ea1b54c7e0c5cef5e8e11b4e5819c775b2cf77f09161f77412617d706fbc9bd1,e3b0c44298fc1c149afbf4c8996fb92427ae41e4649b934ca495991b7852b855,无自定义结构约束,EXACT_MATCH,,ATLAS/experiment_artifacts/2026-09-26/rq3-constraint-audit/inputs/baseTest/0018.trace,ATLAS/benchmark/baseTest/0018.trace,,,,
baseTest/0019.trace,baseTest,18,2,27f4306dca1eb9c7167d1d78927b29ebea54f66d6ac703d1e64f727b7ce375c1,e3b0c44298fc1c149afbf4c8996fb92427ae41e4649b934ca495991b7852b855,无自定义结构约束,EXACT_MATCH,,ATLAS/experiment_artifacts/2026-09-26/rq3-constraint-audit/inputs/baseTest/0019.trace,ATLAS/benchmark/baseTest/0019.trace,,,,
baseTest/0020.trace,baseTest,18,2,a4c43f7b49a0903c436b07c0e10b397b87316fe078f8f3929ede0fb8f4a60e01,e3b0c44298fc1c149afbf4c8996fb92427ae41e4649b934ca495991b7852b855,无自定义结构约束,EXACT_MATCH,,ATLAS/experiment_artifacts/2026-09-26/rq3-constraint-audit/inputs/baseTest/0020.trace,ATLAS/benchmark/baseTest/0020.trace,,,,
baseTest/0021.trace,baseTest,18,2,5589e1cf5fde72aa059271e32c8257148d45c86f9ba4cc0e82335409f974ac19,e3b0c44298fc1c149afbf4c8996fb92427ae41e4649b934ca495991b7852b855,无自定义结构约束,EXACT_MATCH,,ATLAS/experiment_artifacts/2026-09-26/rq3-constraint-audit/inputs/baseTest/0021.trace,ATLAS/benchmark/baseTest/0021.trace,,,,
baseTest/0022.trace,baseTest,6,2,143633c7de1d7e7a0576364eb602323960a8ebfb03194da1c0991ab456cfd847,e3b0c44298fc1c149afbf4c8996fb92427ae41e4649b934ca495991b7852b855,无自定义结构约束,EXACT_MATCH,,ATLAS/experiment_artifacts/2026-09-26/rq3-constraint-audit/inputs/baseTest/0022.trace,ATLAS/benchmark/baseTest/0022.trace,,,,
baseTest/0023.trace,baseTest,6,2,c9b19521e3bc05732496d76fe72ff0fc49fa5e4cee3011bbaba6fcc5ad539eae,e3b0c44298fc1c149afbf4c8996fb92427ae41e4649b934ca495991b7852b855,无自定义结构约束,EXACT_MATCH,,ATLAS/experiment_artifacts/2026-09-26/rq3-constraint-audit/inputs/baseTest/0023.trace,ATLAS/benchmark/baseTest/0023.trace,,,,
baseTest/0024.trace,baseTest,6,2,d723312aa8c1976041cad7d58e58659979ac2d32409b27ffe5efaf859fb9e221,e3b0c44298fc1c149afbf4c8996fb92427ae41e4649b934ca495991b7852b855,无自定义结构约束,EXACT_MATCH,,ATLAS/experiment_artifacts/2026-09-26/rq3-constraint-audit/inputs/baseTest/0024.trace,ATLAS/benchmark/baseTest/0024.trace,,,,
baseTest/0025.trace,baseTest,6,2,76c4a7293fcbc391e510c9fdec6cda107581fedf9a878e65a3a67d7e897419f0,e3b0c44298fc1c149afbf4c8996fb92427ae41e4649b934ca495991b7852b855,无自定义结构约束,EXACT_MATCH,,ATLAS/experiment_artifacts/2026-09-26/rq3-constraint-audit/inputs/baseTest/0025.trace,ATLAS/benchmark/baseTest/0025.trace,,,,
baseTest/0026.trace,baseTest,6,2,c1fae1fcd3b0bb0f99c0e135639da132714f971a145d59f958b456cfd73c08c3,e3b0c44298fc1c149afbf4c8996fb92427ae41e4649b934ca495991b7852b855,无自定义结构约束,EXACT_MATCH,,ATLAS/experiment_artifacts/2026-09-26/rq3-constraint-audit/inputs/baseTest/0026.trace,ATLAS/benchmark/baseTest/0026.trace,,,,
baseTest/0027.trace,baseTest,6,2,ff9cd0854fe0341214f869d776aac38a0e6677ee17710838c61310e981057546,e3b0c44298fc1c149afbf4c8996fb92427ae41e4649b934ca495991b7852b855,无自定义结构约束,EXACT_MATCH,,ATLAS/experiment_artifacts/2026-09-26/rq3-constraint-audit/inputs/baseTest/0027.trace,ATLAS/benchmark/baseTest/0027.trace,,,,
baseTest/0028.trace,baseTest,6,2,b8f882bacbebe284185916f6223600b429c1d4be629d4815681951c6ffd7a893,e3b0c44298fc1c149afbf4c8996fb92427ae41e4649b934ca495991b7852b855,无自定义结构约束,EXACT_MATCH,,ATLAS/experiment_artifacts/2026-09-26/rq3-constraint-audit/inputs/baseTest/0028.trace,ATLAS/benchmark/baseTest/0028.trace,,,,
baseTest/0029.trace,baseTest,3,2,896504bb5809cff6d7043900fa043e659ad4cd31efc4976c9761960ac36b5964,e3b0c44298fc1c149afbf4c8996fb92427ae41e4649b934ca495991b7852b855,无自定义结构约束,EXACT_MATCH,,ATLAS/experiment_artifacts/2026-09-26/rq3-constraint-audit/inputs/baseTest/0029.trace,ATLAS/benchmark/baseTest/0029.trace,,,,
baseTest/0030.trace,baseTest,3,2,82699e230f5e24a3e0a282f7fba0ba60976a55cf5416a352a652d38a956e2029,e3b0c44298fc1c149afbf4c8996fb92427ae41e4649b934ca495991b7852b855,无自定义结构约束,EXACT_MATCH,,ATLAS/experiment_artifacts/2026-09-26/rq3-constraint-audit/inputs/baseTest/0030.trace,ATLAS/benchmark/baseTest/0030.trace,,,,
baseTest/0031.trace,baseTest,3,2,62761da60c0251c9234fe017d63810efe7707690c494ee27278655c72a566025,e3b0c44298fc1c149afbf4c8996fb92427ae41e4649b934ca495991b7852b855,无自定义结构约束,EXACT_MATCH,,ATLAS/experiment_artifacts/2026-09-26/rq3-constraint-audit/inputs/baseTest/0031.trace,ATLAS/benchmark/baseTest/0031.trace,,,,
baseTest/0032.trace,baseTest,3,2,c929b0daecc15eeecff69fad25b681ccbd79a6670e44111a0f47c89afa75a016,e3b0c44298fc1c149afbf4c8996fb92427ae41e4649b934ca495991b7852b855,无自定义结构约束,EXACT_MATCH,,ATLAS/experiment_artifacts/2026-09-26/rq3-constraint-audit/inputs/baseTest/0032.trace,ATLAS/benchmark/baseTest/0032.trace,,,,
baseTest/0033.trace,baseTest,3,2,6ea284eaba3d6f2ca110a3c0bda24a177149d3f4549c2712d2e4a56139f05a82,e3b0c44298fc1c149afbf4c8996fb92427ae41e4649b934ca495991b7852b855,无自定义结构约束,EXACT_MATCH,,ATLAS/experiment_artifacts/2026-09-26/rq3-constraint-audit/inputs/baseTest/0033.trace,ATLAS/benchmark/baseTest/0033.trace,,,,
baseTest/0034.trace,baseTest,3,2,d761999ab52cdf91d792c391c3260cb916db123c409b13bdd15b22f0c7536dda,e3b0c44298fc1c149afbf4c8996fb92427ae41e4649b934ca495991b7852b855,无自定义结构约束,EXACT_MATCH,,ATLAS/experiment_artifacts/2026-09-26/rq3-constraint-audit/inputs/baseTest/0034.trace,ATLAS/benchmark/baseTest/0034.trace,,,,
baseTest/0035.trace,baseTest,3,2,b31846ba7ebe249081f7c4b9ee042285ed1d3194b4d893efc9a56086808774a9,e3b0c44298fc1c149afbf4c8996fb92427ae41e4649b934ca495991b7852b855,无自定义结构约束,EXACT_MATCH,,ATLAS/experiment_artifacts/2026-09-26/rq3-constraint-audit/inputs/baseTest/0035.trace,ATLAS/benchmark/baseTest/0035.trace,,,,
baseTest/0036.trace,baseTest,10,2,f83114b007ed8486aaa1359b784e1629b9112cb40f68776f201b9cb07a0041a5,e3b0c44298fc1c149afbf4c8996fb92427ae41e4649b934ca495991b7852b855,无自定义结构约束,EXACT_MATCH,,ATLAS/experiment_artifacts/2026-09-26/rq3-constraint-audit/inputs/baseTest/0036.trace,ATLAS/benchmark/baseTest/0036.trace,,,,
baseTest/0037.trace,baseTest,10,2,9301814cf200bba9d564cb24bc8469de48c0569a670583499ce8aa45ad6484e5,e3b0c44298fc1c149afbf4c8996fb92427ae41e4649b934ca495991b7852b855,无自定义结构约束,EXACT_MATCH,,ATLAS/experiment_artifacts/2026-09-26/rq3-constraint-audit/inputs/baseTest/0037.trace,ATLAS/benchmark/baseTest/0037.trace,,,,
baseTest/0038.trace,baseTest,10,2,94cdd623cd55fefdeeb586e239ed93fab3d98e9036dafbf683549d087bd92602,e3b0c44298fc1c149afbf4c8996fb92427ae41e4649b934ca495991b7852b855,无自定义结构约束,EXACT_MATCH,,ATLAS/experiment_artifacts/2026-09-26/rq3-constraint-audit/inputs/baseTest/0038.trace,ATLAS/benchmark/baseTest/0038.trace,,,,
baseTest/0039.trace,baseTest,10,2,1c50818c58b20fc2560a5acf9983ab0d276e8a042adba320ee183606d1d502f1,e3b0c44298fc1c149afbf4c8996fb92427ae41e4649b934ca495991b7852b855,无自定义结构约束,EXACT_MATCH,,ATLAS/experiment_artifacts/2026-09-26/rq3-constraint-audit/inputs/baseTest/0039.trace,ATLAS/benchmark/baseTest/0039.trace,,,,
baseTest/0040.trace,baseTest,10,2,2d01c4a45631c22085feb6cdf4ca13217795df8db1af8aadca86e2d48e488276,e3b0c44298fc1c149afbf4c8996fb92427ae41e4649b934ca495991b7852b855,无自定义结构约束,EXACT_MATCH,,ATLAS/experiment_artifacts/2026-09-26/rq3-constraint-audit/inputs/baseTest/0040.trace,ATLAS/benchmark/baseTest/0040.trace,,,,
baseTest/0041.trace,baseTest,10,2,c3386b7fed1390e9dbbdadbbe614bf374aa59ce6cfa6e0242f58554e530e34e2,e3b0c44298fc1c149afbf4c8996fb92427ae41e4649b934ca495991b7852b855,无自定义结构约束,EXACT_MATCH,,ATLAS/experiment_artifacts/2026-09-26/rq3-constraint-audit/inputs/baseTest/0041.trace,ATLAS/benchmark/baseTest/0041.trace,,,,
baseTest/0042.trace,baseTest,10,2,2244b83a855d75871bb864ca4fbfbc316c76e290d7554bd7a76747980d449e08,e3b0c44298fc1c149afbf4c8996fb92427ae41e4649b934ca495991b7852b855,无自定义结构约束,EXACT_MATCH,,ATLAS/experiment_artifacts/2026-09-26/rq3-constraint-audit/inputs/baseTest/0042.trace,ATLAS/benchmark/baseTest/0042.trace,,,,
disjunctedExistence/0000.trace,disjunctedExistence,36,2,9aa52b88a4b6321d15ceac2fa1866a38bfa4b34e19bb5f98e058b22455bf54c1,e3b0c44298fc1c149afbf4c8996fb92427ae41e4649b934ca495991b7852b855,无自定义结构约束,EXACT_MATCH,,ATLAS/experiment_artifacts/2026-09-26/rq3-constraint-audit/inputs/disjunctedExistence/0000.trace,ATLAS/benchmark/disjunctedExistence/0000.trace,,,,
disjunctedExistence/0003.trace,disjunctedExistence,36,2,424507b2de8960903fda914ede4da873c9ed6d3925a5e02f18cb3b19d0ece32e,e3b0c44298fc1c149afbf4c8996fb92427ae41e4649b934ca495991b7852b855,无自定义结构约束,EXACT_MATCH,,ATLAS/experiment_artifacts/2026-09-26/rq3-constraint-audit/inputs/disjunctedExistence/0003.trace,ATLAS/benchmark/disjunctedExistence/0003.trace,,,,
disjunctedExistence/0006.trace,disjunctedExistence,36,2,0e0f0f8358471184615f2f0433167538d8968d843bc7bcd9a977a2151225d8a2,e3b0c44298fc1c149afbf4c8996fb92427ae41e4649b934ca495991b7852b855,无自定义结构约束,EXACT_MATCH,,ATLAS/experiment_artifacts/2026-09-26/rq3-constraint-audit/inputs/disjunctedExistence/0006.trace,ATLAS/benchmark/disjunctedExistence/0006.trace,,,,
disjunctedExistence/0009.trace,disjunctedExistence,36,2,1808d3ef3a9d5d8bb99423643f556bcbc170897950dc5f771dc89b5d3ea4e21d,e3b0c44298fc1c149afbf4c8996fb92427ae41e4649b934ca495991b7852b855,无自定义结构约束,EXACT_MATCH,,ATLAS/experiment_artifacts/2026-09-26/rq3-constraint-audit/inputs/disjunctedExistence/0009.trace,ATLAS/benchmark/disjunctedExistence/0009.trace,,,,
disjunctedExistence/0010.trace,disjunctedExistence,36,2,69186f916c3d5e967441fba75b4722708863cae8cf14ee673ff76673cefb1b0c,e3b0c44298fc1c149afbf4c8996fb92427ae41e4649b934ca495991b7852b855,无自定义结构约束,EXACT_MATCH,,ATLAS/experiment_artifacts/2026-09-26/rq3-constraint-audit/inputs/disjunctedExistence/0010.trace,ATLAS/benchmark/disjunctedExistence/0010.trace,,,,
disjunctedExistence/0012.trace,disjunctedExistence,36,2,ca651d108be883ce1902f3503e423288abb4ccb7c55aa057ad7ac2a8dbb3c293,e3b0c44298fc1c149afbf4c8996fb92427ae41e4649b934ca495991b7852b855,无自定义结构约束,EXACT_MATCH,,ATLAS/experiment_artifacts/2026-09-26/rq3-constraint-audit/inputs/disjunctedExistence/0012.trace,ATLAS/benchmark/disjunctedExistence/0012.trace,,,,
disjunctedExistence/0015.trace,disjunctedExistence,36,2,1bfdce4b3f7d8319b507423f0276b9623575e0c9bd3e72db79a089df5b0b4f6b,e3b0c44298fc1c149afbf4c8996fb92427ae41e4649b934ca495991b7852b855,无自定义结构约束,EXACT_MATCH,,ATLAS/experiment_artifacts/2026-09-26/rq3-constraint-audit/inputs/disjunctedExistence/0015.trace,ATLAS/benchmark/disjunctedExistence/0015.trace,,,,
disjunctedExistence/0018.trace,disjunctedExistence,36,2,2786837aa8a2b43607b5445f018ad5814e357ff5849f7ef8b11bb649c131a26b,e3b0c44298fc1c149afbf4c8996fb92427ae41e4649b934ca495991b7852b855,无自定义结构约束,EXACT_MATCH,,ATLAS/experiment_artifacts/2026-09-26/rq3-constraint-audit/inputs/disjunctedExistence/0018.trace,ATLAS/benchmark/disjunctedExistence/0018.trace,,,,
disjunctedExistence/0021.trace,disjunctedExistence,36,2,7c153275999711b89ac7dfe3272080e06f4dfd9607e4c22582b295b2e6a11951,e3b0c44298fc1c149afbf4c8996fb92427ae41e4649b934ca495991b7852b855,无自定义结构约束,EXACT_MATCH,,ATLAS/experiment_artifacts/2026-09-26/rq3-constraint-audit/inputs/disjunctedExistence/0021.trace,ATLAS/benchmark/disjunctedExistence/0021.trace,,,,
disjunctedExistence/0030.trace,disjunctedExistence,11,2,7a1d604605f878c29bb0e1f081fe5a726c71f72c25561513fbfd9911cf196c55,e3b0c44298fc1c149afbf4c8996fb92427ae41e4649b934ca495991b7852b855,无自定义结构约束,EXACT_MATCH,,ATLAS/experiment_artifacts/2026-09-26/rq3-constraint-audit/inputs/disjunctedExistence/0030.trace,ATLAS/benchmark/disjunctedExistence/0030.trace,,,,
disjunctedExistence/0033.trace,disjunctedExistence,11,2,95c06178b9635bd4227fa1fa0f326005487fab0b66adb0640602f7a9493351ca,e3b0c44298fc1c149afbf4c8996fb92427ae41e4649b934ca495991b7852b855,无自定义结构约束,EXACT_MATCH,,ATLAS/experiment_artifacts/2026-09-26/rq3-constraint-audit/inputs/disjunctedExistence/0033.trace,ATLAS/benchmark/disjunctedExistence/0033.trace,,,,
disjunctedExistence/0036.trace,disjunctedExistence,11,2,42bd2fd48168a346de5a4a580a801bd6fa28548f4a7dfc831b33916167f8b112,e3b0c44298fc1c149afbf4c8996fb92427ae41e4649b934ca495991b7852b855,无自定义结构约束,EXACT_MATCH,,ATLAS/experiment_artifacts/2026-09-26/rq3-constraint-audit/inputs/disjunctedExistence/0036.trace,ATLAS/benchmark/disjunctedExistence/0036.trace,,,,
disjunctedExistence/0042.trace,disjunctedExistence,11,2,9ee4956bd881e7a72108246ac4fc1142fe4988a926d88d267b8cea0f358f6732,e3b0c44298fc1c149afbf4c8996fb92427ae41e4649b934ca495991b7852b855,无自定义结构约束,EXACT_MATCH,,ATLAS/experiment_artifacts/2026-09-26/rq3-constraint-audit/inputs/disjunctedExistence/0042.trace,ATLAS/benchmark/disjunctedExistence/0042.trace,,,,
disjunctedExistence/0045.trace,disjunctedExistence,11,2,fbf7c42f8d1e5dd6310dd6068d655e08723527693bff2083f7ff09be97c3299e,e3b0c44298fc1c149afbf4c8996fb92427ae41e4649b934ca495991b7852b855,无自定义结构约束,EXACT_MATCH,,ATLAS/experiment_artifacts/2026-09-26/rq3-constraint-audit/inputs/disjunctedExistence/0045.trace,ATLAS/benchmark/disjunctedExistence/0045.trace,,,,
disjunctedExistence/0048.trace,disjunctedExistence,134,2,f40572e52f00c672d689de94400867426882c00278f9ad24fc73f6c37a203d3c,e3b0c44298fc1c149afbf4c8996fb92427ae41e4649b934ca495991b7852b855,无自定义结构约束,EXACT_MATCH,,ATLAS/experiment_artifacts/2026-09-26/rq3-constraint-audit/inputs/disjunctedExistence/0048.trace,ATLAS/benchmark/disjunctedExistence/0048.trace,,,,
disjunctedExistence/0049.trace,disjunctedExistence,134,2,2f22c240859e2b9d49a99537712e8ad7f7de4cca881491e6a5f51d9d9739dc34,e3b0c44298fc1c149afbf4c8996fb92427ae41e4649b934ca495991b7852b855,无自定义结构约束,EXACT_MATCH,,ATLAS/experiment_artifacts/2026-09-26/rq3-constraint-audit/inputs/disjunctedExistence/0049.trace,ATLAS/benchmark/disjunctedExistence/0049.trace,,,,
disjunctedExistence/0051.trace,disjunctedExistence,134,2,aa52387a1981bbc65e2191e92595db67c0d9ea3192605a3b1c6cb022ebccd084,e3b0c44298fc1c149afbf4c8996fb92427ae41e4649b934ca495991b7852b855,无自定义结构约束,EXACT_MATCH,,ATLAS/experiment_artifacts/2026-09-26/rq3-constraint-audit/inputs/disjunctedExistence/0051.trace,ATLAS/benchmark/disjunctedExistence/0051.trace,,,,
disjunctedExistence/0054.trace,disjunctedExistence,134,2,092edbe817520f3dea1c1708f793a024f854f6785c11b969e7cc80168bfe7282,e3b0c44298fc1c149afbf4c8996fb92427ae41e4649b934ca495991b7852b855,无自定义结构约束,EXACT_MATCH,,ATLAS/experiment_artifacts/2026-09-26/rq3-constraint-audit/inputs/disjunctedExistence/0054.trace,ATLAS/benchmark/disjunctedExistence/0054.trace,,,,
disjunctedExistence/0055.trace,disjunctedExistence,134,2,c94e259027212905fc24057176069edd3844cda7b23707d016f228c9db37693c,e3b0c44298fc1c149afbf4c8996fb92427ae41e4649b934ca495991b7852b855,无自定义结构约束,EXACT_MATCH,,ATLAS/experiment_artifacts/2026-09-26/rq3-constraint-audit/inputs/disjunctedExistence/0055.trace,ATLAS/benchmark/disjunctedExistence/0055.trace,,,,
disjunctedExistence/0057.trace,disjunctedExistence,134,2,6e6462f56f7be1474c46e342cd9b52c0e2b197772fd4f9243e9ad16e47672048,e3b0c44298fc1c149afbf4c8996fb92427ae41e4649b934ca495991b7852b855,无自定义结构约束,EXACT_MATCH,,ATLAS/experiment_artifacts/2026-09-26/rq3-constraint-audit/inputs/disjunctedExistence/0057.trace,ATLAS/benchmark/disjunctedExistence/0057.trace,,,,
disjunctedExistence/0058.trace,disjunctedExistence,134,2,536d0e502da77b68bdba3a5dfb2a835e378bb339a49182a1519300259a4e8af8,e3b0c44298fc1c149afbf4c8996fb92427ae41e4649b934ca495991b7852b855,无自定义结构约束,EXACT_MATCH,,ATLAS/experiment_artifacts/2026-09-26/rq3-constraint-audit/inputs/disjunctedExistence/0058.trace,ATLAS/benchmark/disjunctedExistence/0058.trace,,,,
disjunctedExistence/0060.trace,disjunctedExistence,134,2,ae8c721ccca0c09bb1caaa404fe38187b88082487b2dd912873a54f1110e35d3,e3b0c44298fc1c149afbf4c8996fb92427ae41e4649b934ca495991b7852b855,无自定义结构约束,EXACT_MATCH,,ATLAS/experiment_artifacts/2026-09-26/rq3-constraint-audit/inputs/disjunctedExistence/0060.trace,ATLAS/benchmark/disjunctedExistence/0060.trace,,,,
disjunctedExistence/0061.trace,disjunctedExistence,134,2,05796686e3c55d78c6963abdea7159548834606d6e6ce6ea7e70e2122c847d73,e3b0c44298fc1c149afbf4c8996fb92427ae41e4649b934ca495991b7852b855,无自定义结构约束,EXACT_MATCH,,ATLAS/experiment_artifacts/2026-09-26/rq3-constraint-audit/inputs/disjunctedExistence/0061.trace,ATLAS/benchmark/disjunctedExistence/0061.trace,,,,
disjunctedExistence/0063.trace,disjunctedExistence,134,2,626d67f59fe04a454da0de7737bf2ad85b99392a408360b738091701b07475ab,e3b0c44298fc1c149afbf4c8996fb92427ae41e4649b934ca495991b7852b855,无自定义结构约束,EXACT_MATCH,,ATLAS/experiment_artifacts/2026-09-26/rq3-constraint-audit/inputs/disjunctedExistence/0063.trace,ATLAS/benchmark/disjunctedExistence/0063.trace,,,,
disjunctedExistence/0064.trace,disjunctedExistence,134,2,fc617b191fd4d845769d17e2dd10f4af437581f59ee25a7839c6dec061cc113e,e3b0c44298fc1c149afbf4c8996fb92427ae41e4649b934ca495991b7852b855,无自定义结构约束,EXACT_MATCH,,ATLAS/experiment_artifacts/2026-09-26/rq3-constraint-audit/inputs/disjunctedExistence/0064.trace,ATLAS/benchmark/disjunctedExistence/0064.trace,,,,
disjunctedExistence/0066.trace,disjunctedExistence,134,2,43d4cd6a258fce14a544ddfc107ce97e4591d36af4a6b020ee012f67194b5a6f,e3b0c44298fc1c149afbf4c8996fb92427ae41e4649b934ca495991b7852b855,无自定义结构约束,EXACT_MATCH,,ATLAS/experiment_artifacts/2026-09-26/rq3-constraint-audit/inputs/disjunctedExistence/0066.trace,ATLAS/benchmark/disjunctedExistence/0066.trace,,,,
disjunctedExistence/0067.trace,disjunctedExistence,134,2,91d865176d70910e5658d0568f6799c7fd07c31c47b1eea93804f38bf3e5376c,e3b0c44298fc1c149afbf4c8996fb92427ae41e4649b934ca495991b7852b855,无自定义结构约束,EXACT_MATCH,,ATLAS/experiment_artifacts/2026-09-26/rq3-constraint-audit/inputs/disjunctedExistence/0067.trace,ATLAS/benchmark/disjunctedExistence/0067.trace,,,,
disjunctedExistence/0069.trace,disjunctedExistence,134,2,622819d40ba94df8d8abeb6b955778f2a23b50fbe826af1277da478a3864b519,e3b0c44298fc1c149afbf4c8996fb92427ae41e4649b934ca495991b7852b855,无自定义结构约束,EXACT_MATCH,,ATLAS/experiment_artifacts/2026-09-26/rq3-constraint-audit/inputs/disjunctedExistence/0069.trace,ATLAS/benchmark/disjunctedExistence/0069.trace,,,,
disjunctedExistence/0070.trace,disjunctedExistence,134,2,0cfd956822f9adddc5db2a29649255f2a901633e32f3a021d3575c9899d300fe,e3b0c44298fc1c149afbf4c8996fb92427ae41e4649b934ca495991b7852b855,无自定义结构约束,EXACT_MATCH,,ATLAS/experiment_artifacts/2026-09-26/rq3-constraint-audit/inputs/disjunctedExistence/0070.trace,ATLAS/benchmark/disjunctedExistence/0070.trace,,,,
equal/0001.trace,equal,10,2,d49246fb746c17e1586e2867db0b38c03500efb47fb5651cf4883b43a0b95c1e,e3b0c44298fc1c149afbf4c8996fb92427ae41e4649b934ca495991b7852b855,无自定义结构约束,EXACT_MATCH,,ATLAS/experiment_artifacts/2026-09-26/rq3-constraint-audit/inputs/equal/0001.trace,ATLAS/benchmark/equal/0001.trace,,,,
equal/0002.trace,equal,10,2,c4c504b73ecfe3051e9f57b0451084de14d0e5758787b689f5de361e371bbb0f,e3b0c44298fc1c149afbf4c8996fb92427ae41e4649b934ca495991b7852b855,无自定义结构约束,EXACT_MATCH,,ATLAS/experiment_artifacts/2026-09-26/rq3-constraint-audit/inputs/equal/0002.trace,ATLAS/benchmark/equal/0002.trace,,,,
equal/0003.trace,equal,10,2,a54af567df01635ac7e9ab2c69fccc5dfbe7036e61a5ece6e8b14f34a75d81f1,e3b0c44298fc1c149afbf4c8996fb92427ae41e4649b934ca495991b7852b855,无自定义结构约束,EXACT_MATCH,,ATLAS/experiment_artifacts/2026-09-26/rq3-constraint-audit/inputs/equal/0003.trace,ATLAS/benchmark/equal/0003.trace,,,,
equal/0004.trace,equal,10,2,332954efe6beae93332a9411a11e213582f0e3d5fca888d0efe93f8cb778dcdd,e3b0c44298fc1c149afbf4c8996fb92427ae41e4649b934ca495991b7852b855,无自定义结构约束,EXACT_MATCH,,ATLAS/experiment_artifacts/2026-09-26/rq3-constraint-audit/inputs/equal/0004.trace,ATLAS/benchmark/equal/0004.trace,,,,
equal/0005.trace,equal,10,2,86453d0b027578128918dd8e6850374eed8381f32b6ec05b52993568e47b4517,e3b0c44298fc1c149afbf4c8996fb92427ae41e4649b934ca495991b7852b855,无自定义结构约束,EXACT_MATCH,,ATLAS/experiment_artifacts/2026-09-26/rq3-constraint-audit/inputs/equal/0005.trace,ATLAS/benchmark/equal/0005.trace,,,,
equal/0006.trace,equal,10,2,32a25bd96a241f1fd10f4bf5f991f6898b65b0e7799fc6e658adc867dfe067f8,e3b0c44298fc1c149afbf4c8996fb92427ae41e4649b934ca495991b7852b855,无自定义结构约束,EXACT_MATCH,,ATLAS/experiment_artifacts/2026-09-26/rq3-constraint-audit/inputs/equal/0006.trace,ATLAS/benchmark/equal/0006.trace,,,,
equal/0007.trace,equal,10,2,4cf75674988206dfe295cc17eb52615507e429ed7c80ed604edc779cb7eb2ca0,e3b0c44298fc1c149afbf4c8996fb92427ae41e4649b934ca495991b7852b855,无自定义结构约束,EXACT_MATCH,,ATLAS/experiment_artifacts/2026-09-26/rq3-constraint-audit/inputs/equal/0007.trace,ATLAS/benchmark/equal/0007.trace,,,,
equal/0008.trace,equal,5,2,68b9dbffdba5a8716cc749e502c78caaa27f683a9a081ec0950c20632e3b7341,e3b0c44298fc1c149afbf4c8996fb92427ae41e4649b934ca495991b7852b855,无自定义结构约束,EXACT_MATCH,,ATLAS/experiment_artifacts/2026-09-26/rq3-constraint-audit/inputs/equal/0008.trace,ATLAS/benchmark/equal/0008.trace,,,,
equal/0009.trace,equal,5,2,cecb682b73e3226b62a99ac3addf63d43d618e3b9e585fb4806cb9656ef7825f,e3b0c44298fc1c149afbf4c8996fb92427ae41e4649b934ca495991b7852b855,无自定义结构约束,EXACT_MATCH,,ATLAS/experiment_artifacts/2026-09-26/rq3-constraint-audit/inputs/equal/0009.trace,ATLAS/benchmark/equal/0009.trace,,,,
equal/0010.trace,equal,5,2,326b6a2c71e37fa4698ac9877ad12e365e9f3169daceb9ed57a6151c7545c6d1,e3b0c44298fc1c149afbf4c8996fb92427ae41e4649b934ca495991b7852b855,无自定义结构约束,EXACT_MATCH,,ATLAS/experiment_artifacts/2026-09-26/rq3-constraint-audit/inputs/equal/0010.trace,ATLAS/benchmark/equal/0010.trace,,,,
equal/0011.trace,equal,5,2,6a25bb440bd73b9db02ef82026418621ff2db1d014d247ffb4cb080dd44eaa80,e3b0c44298fc1c149afbf4c8996fb92427ae41e4649b934ca495991b7852b855,无自定义结构约束,EXACT_MATCH,,ATLAS/experiment_artifacts/2026-09-26/rq3-constraint-audit/inputs/equal/0011.trace,ATLAS/benchmark/equal/0011.trace,,,,
equal/0012.trace,equal,5,2,402ed177efa0f193824d67aea4e5b6574cd2d2ff2f653f025cac8a94543a8a51,e3b0c44298fc1c149afbf4c8996fb92427ae41e4649b934ca495991b7852b855,无自定义结构约束,EXACT_MATCH,,ATLAS/experiment_artifacts/2026-09-26/rq3-constraint-audit/inputs/equal/0012.trace,ATLAS/benchmark/equal/0012.trace,,,,
equal/0013.trace,equal,5,2,8cebc4f8416d5be2c6a204cd769627cf8e59eb27115e3a87f20a6d366fcc26e9,e3b0c44298fc1c149afbf4c8996fb92427ae41e4649b934ca495991b7852b855,无自定义结构约束,EXACT_MATCH,,ATLAS/experiment_artifacts/2026-09-26/rq3-constraint-audit/inputs/equal/0013.trace,ATLAS/benchmark/equal/0013.trace,,,,
equal/0014.trace,equal,5,2,6bebe7d6a616c309c24c8503f0245c9ddfca89df3734c741eb461ba94ab2c090,e3b0c44298fc1c149afbf4c8996fb92427ae41e4649b934ca495991b7852b855,无自定义结构约束,EXACT_MATCH,,ATLAS/experiment_artifacts/2026-09-26/rq3-constraint-audit/inputs/equal/0014.trace,ATLAS/benchmark/equal/0014.trace,,,,
equal/0015.trace,equal,18,2,6a33b18c2367b297b6d09d9e44c594eb9d376ae81f2c1def6e1e3f6b14dd33eb,e3b0c44298fc1c149afbf4c8996fb92427ae41e4649b934ca495991b7852b855,无自定义结构约束,EXACT_MATCH,,ATLAS/experiment_artifacts/2026-09-26/rq3-constraint-audit/inputs/equal/0015.trace,ATLAS/benchmark/equal/0015.trace,,,,
equal/0016.trace,equal,18,2,8b761ca9f997be17658c978560d3f885344a9358ad321796a7e719bfe6ce0a65,e3b0c44298fc1c149afbf4c8996fb92427ae41e4649b934ca495991b7852b855,无自定义结构约束,EXACT_MATCH,,ATLAS/experiment_artifacts/2026-09-26/rq3-constraint-audit/inputs/equal/0016.trace,ATLAS/benchmark/equal/0016.trace,,,,
equal/0017.trace,equal,18,2,415e06b8e00b1e8d4fe33da97c84cc3f295b257fedb8b3b7d229ef248830565b,e3b0c44298fc1c149afbf4c8996fb92427ae41e4649b934ca495991b7852b855,无自定义结构约束,EXACT_MATCH,,ATLAS/experiment_artifacts/2026-09-26/rq3-constraint-audit/inputs/equal/0017.trace,ATLAS/benchmark/equal/0017.trace,,,,
equal/0018.trace,equal,18,2,38dbdb0155ed1902ee1ecfcc93fe20dfdb107c03d20deb11e4e6de2a806eb736,e3b0c44298fc1c149afbf4c8996fb92427ae41e4649b934ca495991b7852b855,无自定义结构约束,EXACT_MATCH,,ATLAS/experiment_artifacts/2026-09-26/rq3-constraint-audit/inputs/equal/0018.trace,ATLAS/benchmark/equal/0018.trace,,,,
equal/0019.trace,equal,18,2,18cc01c619b4357e619182899a50849090d84dce2cd2f99cabcf420d4f23bf10,e3b0c44298fc1c149afbf4c8996fb92427ae41e4649b934ca495991b7852b855,无自定义结构约束,EXACT_MATCH,,ATLAS/experiment_artifacts/2026-09-26/rq3-constraint-audit/inputs/equal/0019.trace,ATLAS/benchmark/equal/0019.trace,,,,
equal/0020.trace,equal,18,2,e5b5f71aaa4f83bfb89a82fcc9a1d9b77f761080bbe91790b43f8c80250f807d,e3b0c44298fc1c149afbf4c8996fb92427ae41e4649b934ca495991b7852b855,无自定义结构约束,EXACT_MATCH,,ATLAS/experiment_artifacts/2026-09-26/rq3-constraint-audit/inputs/equal/0020.trace,ATLAS/benchmark/equal/0020.trace,,,,
equal/0021.trace,equal,18,2,b1e3c019e26ccc9ae26b50e4aa559c39fb6fdca6d7807a00026c13cd4d3c4c3b,e3b0c44298fc1c149afbf4c8996fb92427ae41e4649b934ca495991b7852b855,无自定义结构约束,EXACT_MATCH,,ATLAS/experiment_artifacts/2026-09-26/rq3-constraint-audit/inputs/equal/0021.trace,ATLAS/benchmark/equal/0021.trace,,,,
equal/0022.trace,equal,6,2,54aac81ee3b36bf4c2e56ccc89676b262fda5407f52f4b8283d6e29db86a8181,e3b0c44298fc1c149afbf4c8996fb92427ae41e4649b934ca495991b7852b855,无自定义结构约束,EXACT_MATCH,,ATLAS/experiment_artifacts/2026-09-26/rq3-constraint-audit/inputs/equal/0022.trace,ATLAS/benchmark/equal/0022.trace,,,,
equal/0023.trace,equal,6,2,f963d51b04b474bbc92efce90577bf4747d5beb8e0bf538f00ddc3b7d4fbaf98,e3b0c44298fc1c149afbf4c8996fb92427ae41e4649b934ca495991b7852b855,无自定义结构约束,EXACT_MATCH,,ATLAS/experiment_artifacts/2026-09-26/rq3-constraint-audit/inputs/equal/0023.trace,ATLAS/benchmark/equal/0023.trace,,,,
equal/0024.trace,equal,6,2,591191500853d381ffc261d6fc8335d26e1dd1db3e401462025d499293c452c7,e3b0c44298fc1c149afbf4c8996fb92427ae41e4649b934ca495991b7852b855,无自定义结构约束,EXACT_MATCH,,ATLAS/experiment_artifacts/2026-09-26/rq3-constraint-audit/inputs/equal/0024.trace,ATLAS/benchmark/equal/0024.trace,,,,
equal/0025.trace,equal,6,2,edb9330d0129cc0be80bf467b4cbef6358640874afff7c1a9fe9e6c3571001bc,e3b0c44298fc1c149afbf4c8996fb92427ae41e4649b934ca495991b7852b855,无自定义结构约束,EXACT_MATCH,,ATLAS/experiment_artifacts/2026-09-26/rq3-constraint-audit/inputs/equal/0025.trace,ATLAS/benchmark/equal/0025.trace,,,,
equal/0026.trace,equal,6,2,88e940e86be14702db987816ee958a630575c2bd110e6bb025fa8a60b3e90740,e3b0c44298fc1c149afbf4c8996fb92427ae41e4649b934ca495991b7852b855,无自定义结构约束,EXACT_MATCH,,ATLAS/experiment_artifacts/2026-09-26/rq3-constraint-audit/inputs/equal/0026.trace,ATLAS/benchmark/equal/0026.trace,,,,
equal/0027.trace,equal,6,2,2060b406c622d13080c08aafed54ff741a77a75ea2c0424b337ed9562ffcd122,e3b0c44298fc1c149afbf4c8996fb92427ae41e4649b934ca495991b7852b855,无自定义结构约束,EXACT_MATCH,,ATLAS/experiment_artifacts/2026-09-26/rq3-constraint-audit/inputs/equal/0027.trace,ATLAS/benchmark/equal/0027.trace,,,,
equal/0028.trace,equal,6,2,7f4d66bc49002a76dc3538d28842230ce9547b4ff15f23b217fac65a62f021ec,e3b0c44298fc1c149afbf4c8996fb92427ae41e4649b934ca495991b7852b855,无自定义结构约束,EXACT_MATCH,,ATLAS/experiment_artifacts/2026-09-26/rq3-constraint-audit/inputs/equal/0028.trace,ATLAS/benchmark/equal/0028.trace,,,,
equal/0029.trace,equal,3,2,b0b757df1984fbb189cd104036ada718f9ab017a51aae6d602b363378f4b397b,e3b0c44298fc1c149afbf4c8996fb92427ae41e4649b934ca495991b7852b855,无自定义结构约束,EXACT_MATCH,,ATLAS/experiment_artifacts/2026-09-26/rq3-constraint-audit/inputs/equal/0029.trace,ATLAS/benchmark/equal/0029.trace,,,,
equal/0030.trace,equal,3,2,711ddd89f791ef8ab17f11b2a19baa627aeac6e0d21f0570a5d9fe2fbc7edc13,e3b0c44298fc1c149afbf4c8996fb92427ae41e4649b934ca495991b7852b855,无自定义结构约束,EXACT_MATCH,,ATLAS/experiment_artifacts/2026-09-26/rq3-constraint-audit/inputs/equal/0030.trace,ATLAS/benchmark/equal/0030.trace,,,,
equal/0031.trace,equal,3,2,07d9495d2d7df44ccf12e6c70a0471d48176e442f29c2986e9730e35f9ec0057,e3b0c44298fc1c149afbf4c8996fb92427ae41e4649b934ca495991b7852b855,无自定义结构约束,EXACT_MATCH,,ATLAS/experiment_artifacts/2026-09-26/rq3-constraint-audit/inputs/equal/0031.trace,ATLAS/benchmark/equal/0031.trace,,,,
equal/0032.trace,equal,3,2,22f8f30c38f86e2961b6487ba7ec8102440b1da43a7633778cf607c34dc4bfe2,e3b0c44298fc1c149afbf4c8996fb92427ae41e4649b934ca495991b7852b855,无自定义结构约束,EXACT_MATCH,,ATLAS/experiment_artifacts/2026-09-26/rq3-constraint-audit/inputs/equal/0032.trace,ATLAS/benchmark/equal/0032.trace,,,,
equal/0033.trace,equal,3,2,42ae15afdc2e72af93dec4c095ef937630ddcb39ac7c44d122e402f86296ccfd,e3b0c44298fc1c149afbf4c8996fb92427ae41e4649b934ca495991b7852b855,无自定义结构约束,EXACT_MATCH,,ATLAS/experiment_artifacts/2026-09-26/rq3-constraint-audit/inputs/equal/0033.trace,ATLAS/benchmark/equal/0033.trace,,,,
equal/0034.trace,equal,3,2,2b22e3672cf346ef8bceba6aa27fbb5bd388ea8ad69c40e7e97d187ea0c7a395,e3b0c44298fc1c149afbf4c8996fb92427ae41e4649b934ca495991b7852b855,无自定义结构约束,EXACT_MATCH,,ATLAS/experiment_artifacts/2026-09-26/rq3-constraint-audit/inputs/equal/0034.trace,ATLAS/benchmark/equal/0034.trace,,,,
equal/0035.trace,equal,3,2,efa12ce81efae335dc2fc0910a4b88d841f0936b905544dacaf74b02f6ce95b9,e3b0c44298fc1c149afbf4c8996fb92427ae41e4649b934ca495991b7852b855,无自定义结构约束,EXACT_MATCH,,ATLAS/experiment_artifacts/2026-09-26/rq3-constraint-audit/inputs/equal/0035.trace,ATLAS/benchmark/equal/0035.trace,,,,
equal/0036.trace,equal,10,2,353e8b045848d454806ff176d7d39d1f870de1ac30bee6cc65bdbe1fd2f87dfe,e3b0c44298fc1c149afbf4c8996fb92427ae41e4649b934ca495991b7852b855,无自定义结构约束,EXACT_MATCH,,ATLAS/experiment_artifacts/2026-09-26/rq3-constraint-audit/inputs/equal/0036.trace,ATLAS/benchmark/equal/0036.trace,,,,
equal/0037.trace,equal,10,2,8e23125d1a97f16b9aa603e0f88af1d097eac1636d15d041a3b233ac7df17b50,e3b0c44298fc1c149afbf4c8996fb92427ae41e4649b934ca495991b7852b855,无自定义结构约束,EXACT_MATCH,,ATLAS/experiment_artifacts/2026-09-26/rq3-constraint-audit/inputs/equal/0037.trace,ATLAS/benchmark/equal/0037.trace,,,,
equal/0038.trace,equal,10,2,4d24fb57818be344b2dc7cc7e11f0284590551691d78845da16fa441585533f5,e3b0c44298fc1c149afbf4c8996fb92427ae41e4649b934ca495991b7852b855,无自定义结构约束,EXACT_MATCH,,ATLAS/experiment_artifacts/2026-09-26/rq3-constraint-audit/inputs/equal/0038.trace,ATLAS/benchmark/equal/0038.trace,,,,
equal/0039.trace,equal,10,2,0d5ade36218701a3ad9bb7a45cdc9fd97f1e71a2ac121ffdaec5ac6268e17437,e3b0c44298fc1c149afbf4c8996fb92427ae41e4649b934ca495991b7852b855,无自定义结构约束,EXACT_MATCH,,ATLAS/experiment_artifacts/2026-09-26/rq3-constraint-audit/inputs/equal/0039.trace,ATLAS/benchmark/equal/0039.trace,,,,
equal/0040.trace,equal,10,2,87a399fb051ea4bdb2cf7ff71b23af3577838a2c90898c341fa665bca6a8ba38,e3b0c44298fc1c149afbf4c8996fb92427ae41e4649b934ca495991b7852b855,无自定义结构约束,EXACT_MATCH,,ATLAS/experiment_artifacts/2026-09-26/rq3-constraint-audit/inputs/equal/0040.trace,ATLAS/benchmark/equal/0040.trace,,,,
equal/0041.trace,equal,10,2,039db8452a2b4e828889363c84368109bf7adcced910749d0a98c7dfb219a90a,e3b0c44298fc1c149afbf4c8996fb92427ae41e4649b934ca495991b7852b855,无自定义结构约束,EXACT_MATCH,,ATLAS/experiment_artifacts/2026-09-26/rq3-constraint-audit/inputs/equal/0041.trace,ATLAS/benchmark/equal/0041.trace,,,,
equal/0042.trace,equal,10,2,428b7280c06cd1c4a3dfee817f27bd54186bddd87680459d4e5d202f6b9ee9bd,e3b0c44298fc1c149afbf4c8996fb92427ae41e4649b934ca495991b7852b855,无自定义结构约束,EXACT_MATCH,,ATLAS/experiment_artifacts/2026-09-26/rq3-constraint-audit/inputs/equal/0042.trace,ATLAS/benchmark/equal/0042.trace,,,,
increasingNumVariables/0000.trace,increasingNumVariables,10,2,2a830f2df3356171c4f0fbb2ee06b60cc05a085713ab083d9c190429af24221d,e3b0c44298fc1c149afbf4c8996fb92427ae41e4649b934ca495991b7852b855,无自定义结构约束,EXACT_MATCH,,ATLAS/experiment_artifacts/2026-09-26/rq3-constraint-audit/inputs/increasingNumVariables/0000.trace,ATLAS/benchmark/increasingNumVariables/0000.trace,,,,
increasingNumVariables/0001.trace,increasingNumVariables,10,2,b36c289e04b6261695173c7e059f424c953ab6dd4e58c9e071501c7acc64c31d,e3b0c44298fc1c149afbf4c8996fb92427ae41e4649b934ca495991b7852b855,无自定义结构约束,EXACT_MATCH,,ATLAS/experiment_artifacts/2026-09-26/rq3-constraint-audit/inputs/increasingNumVariables/0001.trace,ATLAS/benchmark/increasingNumVariables/0001.trace,,,,
increasingNumVariables/0002.trace,increasingNumVariables,10,2,a9a5b3b328f419ed605aab700da4cfd7fd98178115d7b84ae68a26e0cd89df04,e3b0c44298fc1c149afbf4c8996fb92427ae41e4649b934ca495991b7852b855,无自定义结构约束,EXACT_MATCH,,ATLAS/experiment_artifacts/2026-09-26/rq3-constraint-audit/inputs/increasingNumVariables/0002.trace,ATLAS/benchmark/increasingNumVariables/0002.trace,,,,
increasingNumVariables/0003.trace,increasingNumVariables,10,2,554d1db6d50e510609a8c1e3ffd7d556385f38ffb0b5bdc160657ceb008146ba,e3b0c44298fc1c149afbf4c8996fb92427ae41e4649b934ca495991b7852b855,无自定义结构约束,EXACT_MATCH,,ATLAS/experiment_artifacts/2026-09-26/rq3-constraint-audit/inputs/increasingNumVariables/0003.trace,ATLAS/benchmark/increasingNumVariables/0003.trace,,,,
increasingNumVariables/0004.trace,increasingNumVariables,10,2,0ab5b815ca087c0ea6b2d5eeef146081cb9011ec8bd9f597a695d4a23df493c4,e3b0c44298fc1c149afbf4c8996fb92427ae41e4649b934ca495991b7852b855,无自定义结构约束,EXACT_MATCH,,ATLAS/experiment_artifacts/2026-09-26/rq3-constraint-audit/inputs/increasingNumVariables/0004.trace,ATLAS/benchmark/increasingNumVariables/0004.trace,,,,
increasingNumVariables/0005.trace,increasingNumVariables,10,2,dbdd627746860fa9b0e155e7eb7bb5b002787d7d0438d288ce8784b5c9a467e8,e3b0c44298fc1c149afbf4c8996fb92427ae41e4649b934ca495991b7852b855,无自定义结构约束,EXACT_MATCH,,ATLAS/experiment_artifacts/2026-09-26/rq3-constraint-audit/inputs/increasingNumVariables/0005.trace,ATLAS/benchmark/increasingNumVariables/0005.trace,,,,
increasingNumVariables/0006.trace,increasingNumVariables,10,2,a032eec421c1e7a369a80d20704c289cca03b525420d89c4af8c374bd834215f,e3b0c44298fc1c149afbf4c8996fb92427ae41e4649b934ca495991b7852b855,无自定义结构约束,EXACT_MATCH,,ATLAS/experiment_artifacts/2026-09-26/rq3-constraint-audit/inputs/increasingNumVariables/0006.trace,ATLAS/benchmark/increasingNumVariables/0006.trace,,,,
increasingNumVariables/0007.trace,increasingNumVariables,10,2,ad8b69cca65b23e3aa0252f99d9c19a337e1bd035c5ca9bd532bebc35f387bcb,e3b0c44298fc1c149afbf4c8996fb92427ae41e4649b934ca495991b7852b855,无自定义结构约束,EXACT_MATCH,,ATLAS/experiment_artifacts/2026-09-26/rq3-constraint-audit/inputs/increasingNumVariables/0007.trace,ATLAS/benchmark/increasingNumVariables/0007.trace,,,,
increasingNumVariables/0008.trace,increasingNumVariables,11,2,3490642575d80a5a874820816271c5464aae14f576b0aad111d8eb63e5c462d3,e3b0c44298fc1c149afbf4c8996fb92427ae41e4649b934ca495991b7852b855,无自定义结构约束,EXACT_MATCH,,ATLAS/experiment_artifacts/2026-09-26/rq3-constraint-audit/inputs/increasingNumVariables/0008.trace,ATLAS/benchmark/increasingNumVariables/0008.trace,,,,
increasingNumVariables/0009.trace,increasingNumVariables,11,2,d58daa4fbf06f40b12f0a79766289a658995837b04cbbd5ad57386ac6a1aed9b,e3b0c44298fc1c149afbf4c8996fb92427ae41e4649b934ca495991b7852b855,无自定义结构约束,EXACT_MATCH,,ATLAS/experiment_artifacts/2026-09-26/rq3-constraint-audit/inputs/increasingNumVariables/0009.trace,ATLAS/benchmark/increasingNumVariables/0009.trace,,,,
increasingNumVariables/0010.trace,increasingNumVariables,11,2,be9d539eb333b64bd4386b76053c5ef1fbd95a8b36c9b3403944f38f5b4241ff,e3b0c44298fc1c149afbf4c8996fb92427ae41e4649b934ca495991b7852b855,无自定义结构约束,EXACT_MATCH,,ATLAS/experiment_artifacts/2026-09-26/rq3-constraint-audit/inputs/increasingNumVariables/0010.trace,ATLAS/benchmark/increasingNumVariables/0010.trace,,,,
increasingNumVariables/0011.trace,increasingNumVariables,11,2,39cf098d2ef0dd162a82dc3e34366a8e93706c6e131558d9356a4ffc5cef3fb7,e3b0c44298fc1c149afbf4c8996fb92427ae41e4649b934ca495991b7852b855,无自定义结构约束,EXACT_MATCH,,ATLAS/experiment_artifacts/2026-09-26/rq3-constraint-audit/inputs/increasingNumVariables/0011.trace,ATLAS/benchmark/increasingNumVariables/0011.trace,,,,
increasingNumVariables/0012.trace,increasingNumVariables,11,2,c859293cb922db9a7147c373543002c252240451f6c91630c075fc58f4c884ba,e3b0c44298fc1c149afbf4c8996fb92427ae41e4649b934ca495991b7852b855,无自定义结构约束,EXACT_MATCH,,ATLAS/experiment_artifacts/2026-09-26/rq3-constraint-audit/inputs/increasingNumVariables/0012.trace,ATLAS/benchmark/increasingNumVariables/0012.trace,,,,
increasingNumVariables/0013.trace,increasingNumVariables,11,2,0a011e572c33dfcc58a4322a5a335d5939e820b9064a678a28e992cd8382c25c,e3b0c44298fc1c149afbf4c8996fb92427ae41e4649b934ca495991b7852b855,无自定义结构约束,EXACT_MATCH,,ATLAS/experiment_artifacts/2026-09-26/rq3-constraint-audit/inputs/increasingNumVariables/0013.trace,ATLAS/benchmark/increasingNumVariables/0013.trace,,,,
increasingNumVariables/0014.trace,increasingNumVariables,11,2,13122ab372812a8693f6f0a4829643eed4ab6bb1126660338787e6d9fc15b715,e3b0c44298fc1c149afbf4c8996fb92427ae41e4649b934ca495991b7852b855,无自定义结构约束,EXACT_MATCH,,ATLAS/experiment_artifacts/2026-09-26/rq3-constraint-audit/inputs/increasingNumVariables/0014.trace,ATLAS/benchmark/increasingNumVariables/0014.trace,,,,
increasingNumVariables/0015.trace,increasingNumVariables,11,2,b4f9ef826a6c9e044262856ba196bc2748476bb88307df8b7e5a80aea8bffddc,e3b0c44298fc1c149afbf4c8996fb92427ae41e4649b934ca495991b7852b855,无自定义结构约束,EXACT_MATCH,,ATLAS/experiment_artifacts/2026-09-26/rq3-constraint-audit/inputs/increasingNumVariables/0015.trace,ATLAS/benchmark/increasingNumVariables/0015.trace,,,,
increasingNumVariables/0016.trace,increasingNumVariables,20,2,b8d2ada4fbe977db8b1b84190b6240d55964bf4b7a3e91a818b44004dff855ef,e3b0c44298fc1c149afbf4c8996fb92427ae41e4649b934ca495991b7852b855,无自定义结构约束,EXACT_MATCH,,ATLAS/experiment_artifacts/2026-09-26/rq3-constraint-audit/inputs/increasingNumVariables/0016.trace,ATLAS/benchmark/increasingNumVariables/0016.trace,,,,
increasingNumVariables/0017.trace,increasingNumVariables,20,2,259f511901444c8d8fdcc15939dc7c2cbcc4ef75a52afbc2fca95b757b67dfdc,e3b0c44298fc1c149afbf4c8996fb92427ae41e4649b934ca495991b7852b855,无自定义结构约束,EXACT_MATCH,,ATLAS/experiment_artifacts/2026-09-26/rq3-constraint-audit/inputs/increasingNumVariables/0017.trace,ATLAS/benchmark/increasingNumVariables/0017.trace,,,,
increasingNumVariables/0018.trace,increasingNumVariables,20,2,95dfed9bcdbf631ea398e2743fa8ed7c48bf8428fbd0951f70a91f28a335a8de,e3b0c44298fc1c149afbf4c8996fb92427ae41e4649b934ca495991b7852b855,无自定义结构约束,EXACT_MATCH,,ATLAS/experiment_artifacts/2026-09-26/rq3-constraint-audit/inputs/increasingNumVariables/0018.trace,ATLAS/benchmark/increasingNumVariables/0018.trace,,,,
increasingNumVariables/0019.trace,increasingNumVariables,20,2,6f005d78edc710d2c62fa5cbbde82652ac3302eed6133dca5eed9c797e70f493,e3b0c44298fc1c149afbf4c8996fb92427ae41e4649b934ca495991b7852b855,无自定义结构约束,EXACT_MATCH,,ATLAS/experiment_artifacts/2026-09-26/rq3-constraint-audit/inputs/increasingNumVariables/0019.trace,ATLAS/benchmark/increasingNumVariables/0019.trace,,,,
increasingNumVariables/0020.trace,increasingNumVariables,20,2,311b784809d3a10949bdcc74d37655d9d9670a6d5ac7dd710e9af302bba16b28,e3b0c44298fc1c149afbf4c8996fb92427ae41e4649b934ca495991b7852b855,无自定义结构约束,EXACT_MATCH,,ATLAS/experiment_artifacts/2026-09-26/rq3-constraint-audit/inputs/increasingNumVariables/0020.trace,ATLAS/benchmark/increasingNumVariables/0020.trace,,,,
increasingNumVariables/0021.trace,increasingNumVariables,20,2,989fc91e6a7271d67957e6d27849d4bdd0bfb1ce56ac4f7b512f6d178148f375,e3b0c44298fc1c149afbf4c8996fb92427ae41e4649b934ca495991b7852b855,无自定义结构约束,EXACT_MATCH,,ATLAS/experiment_artifacts/2026-09-26/rq3-constraint-audit/inputs/increasingNumVariables/0021.trace,ATLAS/benchmark/increasingNumVariables/0021.trace,,,,
increasingNumVariables/0022.trace,increasingNumVariables,20,2,00d8d266dc5992c7363d439f814f2dae3511df0998a2c8d137a715baf7fa41a9,e3b0c44298fc1c149afbf4c8996fb92427ae41e4649b934ca495991b7852b855,无自定义结构约束,EXACT_MATCH,,ATLAS/experiment_artifacts/2026-09-26/rq3-constraint-audit/inputs/increasingNumVariables/0022.trace,ATLAS/benchmark/increasingNumVariables/0022.trace,,,,
increasingNumVariables/0023.trace,increasingNumVariables,20,2,4f6b09f5963f91fc0cf5f929f73982cbc23193e0effa97207488206d56b9e47a,e3b0c44298fc1c149afbf4c8996fb92427ae41e4649b934ca495991b7852b855,无自定义结构约束,EXACT_MATCH,,ATLAS/experiment_artifacts/2026-09-26/rq3-constraint-audit/inputs/increasingNumVariables/0023.trace,ATLAS/benchmark/increasingNumVariables/0023.trace,,,,
increasingNumVariables/0024.trace,increasingNumVariables,37,2,a6cb32342ce9879b98c0c7fc6e3c5ea45ab53a2b78d83e2adbb07a8fca75e9a7,e3b0c44298fc1c149afbf4c8996fb92427ae41e4649b934ca495991b7852b855,无自定义结构约束,EXACT_MATCH,,ATLAS/experiment_artifacts/2026-09-26/rq3-constraint-audit/inputs/increasingNumVariables/0024.trace,ATLAS/benchmark/increasingNumVariables/0024.trace,,,,
increasingNumVariables/0025.trace,increasingNumVariables,37,2,38a441c409dc2b144fe14941b02a00a5998292fb1b1082fa897059c9cb05d284,e3b0c44298fc1c149afbf4c8996fb92427ae41e4649b934ca495991b7852b855,无自定义结构约束,EXACT_MATCH,,ATLAS/experiment_artifacts/2026-09-26/rq3-constraint-audit/inputs/increasingNumVariables/0025.trace,ATLAS/benchmark/increasingNumVariables/0025.trace,,,,
increasingNumVariables/0026.trace,increasingNumVariables,37,2,b20ab2030cacd00b675a176bb62d9a1c86f7b093e187cce6caa442da9506b75c,e3b0c44298fc1c149afbf4c8996fb92427ae41e4649b934ca495991b7852b855,无自定义结构约束,EXACT_MATCH,,ATLAS/experiment_artifacts/2026-09-26/rq3-constraint-audit/inputs/increasingNumVariables/0026.trace,ATLAS/benchmark/increasingNumVariables/0026.trace,,,,
increasingNumVariables/0027.trace,increasingNumVariables,37,2,eef1369c346b66bd1122b82261ff2687558f5613d70c776b649a1aacabd58a8d,e3b0c44298fc1c149afbf4c8996fb92427ae41e4649b934ca495991b7852b855,无自定义结构约束,EXACT_MATCH,,ATLAS/experiment_artifacts/2026-09-26/rq3-constraint-audit/inputs/increasingNumVariables/0027.trace,ATLAS/benchmark/increasingNumVariables/0027.trace,,,,
increasingNumVariables/0028.trace,increasingNumVariables,37,2,1b1c0b48abca612269a0a5beb3e2df127dfb1f148f79e2f87cef4d6657e029bb,e3b0c44298fc1c149afbf4c8996fb92427ae41e4649b934ca495991b7852b855,无自定义结构约束,EXACT_MATCH,,ATLAS/experiment_artifacts/2026-09-26/rq3-constraint-audit/inputs/increasingNumVariables/0028.trace,ATLAS/benchmark/increasingNumVariables/0028.trace,,,,
increasingNumVariables/0029.trace,increasingNumVariables,37,2,8a7057275ae0b67e48e560de6a18e860f8fc1cb61de272ff2366964b469ba2c9,e3b0c44298fc1c149afbf4c8996fb92427ae41e4649b934ca495991b7852b855,无自定义结构约束,EXACT_MATCH,,ATLAS/experiment_artifacts/2026-09-26/rq3-constraint-audit/inputs/increasingNumVariables/0029.trace,ATLAS/benchmark/increasingNumVariables/0029.trace,,,,
increasingNumVariables/0030.trace,increasingNumVariables,37,2,8b5c385f728795afd3076a4ed38bf4d5c720f5e5896238927136d77c436417a8,e3b0c44298fc1c149afbf4c8996fb92427ae41e4649b934ca495991b7852b855,无自定义结构约束,EXACT_MATCH,,ATLAS/experiment_artifacts/2026-09-26/rq3-constraint-audit/inputs/increasingNumVariables/0030.trace,ATLAS/benchmark/increasingNumVariables/0030.trace,,,,
increasingNumVariables/0031.trace,increasingNumVariables,37,2,b9d9c6a6bf77197e2bd0a86c6f3ffb489ac0728893e34ce2b3455f63bc22a619,e3b0c44298fc1c149afbf4c8996fb92427ae41e4649b934ca495991b7852b855,无自定义结构约束,EXACT_MATCH,,ATLAS/experiment_artifacts/2026-09-26/rq3-constraint-audit/inputs/increasingNumVariables/0031.trace,ATLAS/benchmark/increasingNumVariables/0031.trace,,,,
increasingNumVariables/0032.trace,increasingNumVariables,70,2,b7cf7580413326dac839559fdca50aaec97939547f69aa0a041b6d9bb0412465,e3b0c44298fc1c149afbf4c8996fb92427ae41e4649b934ca495991b7852b855,无自定义结构约束,EXACT_MATCH,,ATLAS/experiment_artifacts/2026-09-26/rq3-constraint-audit/inputs/increasingNumVariables/0032.trace,ATLAS/benchmark/increasingNumVariables/0032.trace,,,,
increasingNumVariables/0033.trace,increasingNumVariables,70,2,80d7b99994d4daf5e9963e4a57213517ce3e29bfda521ef5a4a9bc44fcaf6fab,e3b0c44298fc1c149afbf4c8996fb92427ae41e4649b934ca495991b7852b855,无自定义结构约束,EXACT_MATCH,,ATLAS/experiment_artifacts/2026-09-26/rq3-constraint-audit/inputs/increasingNumVariables/0033.trace,ATLAS/benchmark/increasingNumVariables/0033.trace,,,,
increasingNumVariables/0034.trace,increasingNumVariables,70,2,7a65cd0145bf776eaf9661ae0e685ed7839a92690fa84acf04626812be97bbd3,e3b0c44298fc1c149afbf4c8996fb92427ae41e4649b934ca495991b7852b855,无自定义结构约束,EXACT_MATCH,,ATLAS/experiment_artifacts/2026-09-26/rq3-constraint-audit/inputs/increasingNumVariables/0034.trace,ATLAS/benchmark/increasingNumVariables/0034.trace,,,,
increasingNumVariables/0035.trace,increasingNumVariables,70,2,15ebecdc452d631fb7707f95523a5ecc78bd0f2bff49d35ee200f63e7c5c6b2f,e3b0c44298fc1c149afbf4c8996fb92427ae41e4649b934ca495991b7852b855,无自定义结构约束,EXACT_MATCH,,ATLAS/experiment_artifacts/2026-09-26/rq3-constraint-audit/inputs/increasingNumVariables/0035.trace,ATLAS/benchmark/increasingNumVariables/0035.trace,,,,
increasingNumVariables/0036.trace,increasingNumVariables,70,2,e1bd7a45a448d9c2b57fbfba8920bbc7876d3d9118b370924aae2a1290865042,e3b0c44298fc1c149afbf4c8996fb92427ae41e4649b934ca495991b7852b855,无自定义结构约束,EXACT_MATCH,,ATLAS/experiment_artifacts/2026-09-26/rq3-constraint-audit/inputs/increasingNumVariables/0036.trace,ATLAS/benchmark/increasingNumVariables/0036.trace,,,,
increasingNumVariables/0037.trace,increasingNumVariables,70,2,f7f3d0810bad48df9101e5126be866be791a9f80c7449afd5126b996deaeda0b,e3b0c44298fc1c149afbf4c8996fb92427ae41e4649b934ca495991b7852b855,无自定义结构约束,EXACT_MATCH,,ATLAS/experiment_artifacts/2026-09-26/rq3-constraint-audit/inputs/increasingNumVariables/0037.trace,ATLAS/benchmark/increasingNumVariables/0037.trace,,,,
increasingNumVariables/0038.trace,increasingNumVariables,70,2,f16cbe0b14ef8b33915104913a6a856768a9bfac70fb44cecf9831cf7984ace7,e3b0c44298fc1c149afbf4c8996fb92427ae41e4649b934ca495991b7852b855,无自定义结构约束,EXACT_MATCH,,ATLAS/experiment_artifacts/2026-09-26/rq3-constraint-audit/inputs/increasingNumVariables/0038.trace,ATLAS/benchmark/increasingNumVariables/0038.trace,,,,
increasingNumVariables/0039.trace,increasingNumVariables,70,2,6870050c02c17f3d644ae520f295e016a6d1711d908c6205f2f7b3a43dc05e8a,e3b0c44298fc1c149afbf4c8996fb92427ae41e4649b934ca495991b7852b855,无自定义结构约束,EXACT_MATCH,,ATLAS/experiment_artifacts/2026-09-26/rq3-constraint-audit/inputs/increasingNumVariables/0039.trace,ATLAS/benchmark/increasingNumVariables/0039.trace,,,,
increasingNumVariables/0040.trace,increasingNumVariables,135,2,921304a33cc412881d129ebc4b89f7d14cb98cbacb837b96b0d52f7480b96388,e3b0c44298fc1c149afbf4c8996fb92427ae41e4649b934ca495991b7852b855,无自定义结构约束,EXACT_MATCH,,ATLAS/experiment_artifacts/2026-09-26/rq3-constraint-audit/inputs/increasingNumVariables/0040.trace,ATLAS/benchmark/increasingNumVariables/0040.trace,,,,
increasingNumVariables/0041.trace,increasingNumVariables,135,2,bcdfd5e3a50997933d37a3c35bdcfe4532a2a6f2c2944afca3bc396dbc775e81,e3b0c44298fc1c149afbf4c8996fb92427ae41e4649b934ca495991b7852b855,无自定义结构约束,EXACT_MATCH,,ATLAS/experiment_artifacts/2026-09-26/rq3-constraint-audit/inputs/increasingNumVariables/0041.trace,ATLAS/benchmark/increasingNumVariables/0041.trace,,,,
increasingNumVariables/0042.trace,increasingNumVariables,135,2,6fb57c460326b18a306bcbac89f5dd24e4638385447c38cf39c934ad658135f3,e3b0c44298fc1c149afbf4c8996fb92427ae41e4649b934ca495991b7852b855,无自定义结构约束,EXACT_MATCH,,ATLAS/experiment_artifacts/2026-09-26/rq3-constraint-audit/inputs/increasingNumVariables/0042.trace,ATLAS/benchmark/increasingNumVariables/0042.trace,,,,
increasingNumVariables/0043.trace,increasingNumVariables,135,2,e3c1b84a1d5289ce903b49dc1172b72bd22a43e0a7b8320078e4b49fa2c56a74,e3b0c44298fc1c149afbf4c8996fb92427ae41e4649b934ca495991b7852b855,无自定义结构约束,EXACT_MATCH,,ATLAS/experiment_artifacts/2026-09-26/rq3-constraint-audit/inputs/increasingNumVariables/0043.trace,ATLAS/benchmark/increasingNumVariables/0043.trace,,,,
increasingNumVariables/0044.trace,increasingNumVariables,135,2,c9802ea70fc2803345a2dcdd124d7ba6278f5d6c9e712933544a8ee2676a66a4,e3b0c44298fc1c149afbf4c8996fb92427ae41e4649b934ca495991b7852b855,无自定义结构约束,EXACT_MATCH,,ATLAS/experiment_artifacts/2026-09-26/rq3-constraint-audit/inputs/increasingNumVariables/0044.trace,ATLAS/benchmark/increasingNumVariables/0044.trace,,,,
increasingNumVariables/0045.trace,increasingNumVariables,135,2,6032579f6defb002bb46a059d3c5de3598e3390aa67e72422d157126b8156c03,e3b0c44298fc1c149afbf4c8996fb92427ae41e4649b934ca495991b7852b855,无自定义结构约束,EXACT_MATCH,,ATLAS/experiment_artifacts/2026-09-26/rq3-constraint-audit/inputs/increasingNumVariables/0045.trace,ATLAS/benchmark/increasingNumVariables/0045.trace,,,,
increasingNumVariables/0046.trace,increasingNumVariables,135,2,8fef935035582b3dde4e6bb202410be827fe5d53228fb24cd3d34a3e55070a04,e3b0c44298fc1c149afbf4c8996fb92427ae41e4649b934ca495991b7852b855,无自定义结构约束,EXACT_MATCH,,ATLAS/experiment_artifacts/2026-09-26/rq3-constraint-audit/inputs/increasingNumVariables/0046.trace,ATLAS/benchmark/increasingNumVariables/0046.trace,,,,
increasingNumVariables/0047.trace,increasingNumVariables,135,2,d83e3e0d444e396bd86ddd61765b6e891130500f803ad83b5af12213228a973a,e3b0c44298fc1c149afbf4c8996fb92427ae41e4649b934ca495991b7852b855,无自定义结构约束,EXACT_MATCH,,ATLAS/experiment_artifacts/2026-09-26/rq3-constraint-audit/inputs/increasingNumVariables/0047.trace,ATLAS/benchmark/increasingNumVariables/0047.trace,,,,
increasingNumVariables/0048.trace,increasingNumVariables,264,2,d4aed58d55a4dd87c058e28a7fc96aad2ca4e792a98ea7b77176a065bc08327a,e3b0c44298fc1c149afbf4c8996fb92427ae41e4649b934ca495991b7852b855,无自定义结构约束,EXACT_MATCH,,ATLAS/experiment_artifacts/2026-09-26/rq3-constraint-audit/inputs/increasingNumVariables/0048.trace,ATLAS/benchmark/increasingNumVariables/0048.trace,,,,
increasingNumVariables/0049.trace,increasingNumVariables,264,2,888c878df35bb95348487ec57bff7a3354f32ccc2a9f41ac35851a4eadfe2afc,e3b0c44298fc1c149afbf4c8996fb92427ae41e4649b934ca495991b7852b855,无自定义结构约束,EXACT_MATCH,,ATLAS/experiment_artifacts/2026-09-26/rq3-constraint-audit/inputs/increasingNumVariables/0049.trace,ATLAS/benchmark/increasingNumVariables/0049.trace,,,,
increasingNumVariables/0050.trace,increasingNumVariables,264,2,10fc0669200495687049d1e77843d7dc13d096e88b0771a03def8e260f50dbbb,e3b0c44298fc1c149afbf4c8996fb92427ae41e4649b934ca495991b7852b855,无自定义结构约束,EXACT_MATCH,,ATLAS/experiment_artifacts/2026-09-26/rq3-constraint-audit/inputs/increasingNumVariables/0050.trace,ATLAS/benchmark/increasingNumVariables/0050.trace,,,,
increasingNumVariables/0051.trace,increasingNumVariables,264,2,6672bdeac2b4622012f73f35569222cb61266182f5219bbd6e46b4af8cb2da19,e3b0c44298fc1c149afbf4c8996fb92427ae41e4649b934ca495991b7852b855,无自定义结构约束,EXACT_MATCH,,ATLAS/experiment_artifacts/2026-09-26/rq3-constraint-audit/inputs/increasingNumVariables/0051.trace,ATLAS/benchmark/increasingNumVariables/0051.trace,,,,
increasingNumVariables/0052.trace,increasingNumVariables,264,2,2a19bc3133fc529e868e3edd14b0b7f45a305e34c253078a07b7b224493dbf1b,e3b0c44298fc1c149afbf4c8996fb92427ae41e4649b934ca495991b7852b855,无自定义结构约束,EXACT_MATCH,,ATLAS/experiment_artifacts/2026-09-26/rq3-constraint-audit/inputs/increasingNumVariables/0052.trace,ATLAS/benchmark/increasingNumVariables/0052.trace,,,,
increasingNumVariables/0053.trace,increasingNumVariables,264,2,d70cff45984c889f671bc720917824f84e7363cb11be2e73086593ea4d075b6c,e3b0c44298fc1c149afbf4c8996fb92427ae41e4649b934ca495991b7852b855,无自定义结构约束,EXACT_MATCH,,ATLAS/experiment_artifacts/2026-09-26/rq3-constraint-audit/inputs/increasingNumVariables/0053.trace,ATLAS/benchmark/increasingNumVariables/0053.trace,,,,
increasingNumVariables/0054.trace,increasingNumVariables,264,2,ee356efe02576d0c3b952575033ba350d4966db4ff0addd2363e3e069310b2b5,e3b0c44298fc1c149afbf4c8996fb92427ae41e4649b934ca495991b7852b855,无自定义结构约束,EXACT_MATCH,,ATLAS/experiment_artifacts/2026-09-26/rq3-constraint-audit/inputs/increasingNumVariables/0054.trace,ATLAS/benchmark/increasingNumVariables/0054.trace,,,,
increasingNumVariables/0055.trace,increasingNumVariables,264,2,b849ed540620164df9234045e83c5dad83662531ec99376f60641f18d283a6e5,e3b0c44298fc1c149afbf4c8996fb92427ae41e4649b934ca495991b7852b855,无自定义结构约束,EXACT_MATCH,,ATLAS/experiment_artifacts/2026-09-26/rq3-constraint-audit/inputs/increasingNumVariables/0055.trace,ATLAS/benchmark/increasingNumVariables/0055.trace,,,,
moreDetailedTest/0001.trace,moreDetailedTest,10,2,4cf4d87b6dcf64d2fe396c8941ee439eef2c07ee0bb76745f986cfca6ad38387,e3b0c44298fc1c149afbf4c8996fb92427ae41e4649b934ca495991b7852b855,无自定义结构约束,EXACT_MATCH,,ATLAS/experiment_artifacts/2026-09-26/rq3-constraint-audit/inputs/moreDetailedTest/0001.trace,ATLAS/benchmark/moreDetailedTest/0001.trace,,,,
moreDetailedTest/0002.trace,moreDetailedTest,10,2,5084c81afcaf06b16b6902315076bf6112f989b054fa18b89b040908463c4d2a,e3b0c44298fc1c149afbf4c8996fb92427ae41e4649b934ca495991b7852b855,无自定义结构约束,EXACT_MATCH,,ATLAS/experiment_artifacts/2026-09-26/rq3-constraint-audit/inputs/moreDetailedTest/0002.trace,ATLAS/benchmark/moreDetailedTest/0002.trace,,,,
moreDetailedTest/0003.trace,moreDetailedTest,10,2,f9f5d3d029d409c5305aa6b97040981e8b92e9d8395100b7b255f1b519919b40,e3b0c44298fc1c149afbf4c8996fb92427ae41e4649b934ca495991b7852b855,无自定义结构约束,EXACT_MATCH,,ATLAS/experiment_artifacts/2026-09-26/rq3-constraint-audit/inputs/moreDetailedTest/0003.trace,ATLAS/benchmark/moreDetailedTest/0003.trace,,,,
moreDetailedTest/0004.trace,moreDetailedTest,10,2,e136448c7c701e599a0b3efdcad78036bb9e505fbf0def50d71a99f2f147e298,e3b0c44298fc1c149afbf4c8996fb92427ae41e4649b934ca495991b7852b855,无自定义结构约束,EXACT_MATCH,,ATLAS/experiment_artifacts/2026-09-26/rq3-constraint-audit/inputs/moreDetailedTest/0004.trace,ATLAS/benchmark/moreDetailedTest/0004.trace,,,,
moreDetailedTest/0005.trace,moreDetailedTest,10,2,de22b10e381746d23576b1b6da56d8fb96336abaa7a8fcf3af83451d90b053dc,e3b0c44298fc1c149afbf4c8996fb92427ae41e4649b934ca495991b7852b855,无自定义结构约束,EXACT_MATCH,,ATLAS/experiment_artifacts/2026-09-26/rq3-constraint-audit/inputs/moreDetailedTest/0005.trace,ATLAS/benchmark/moreDetailedTest/0005.trace,,,,
moreDetailedTest/0006.trace,moreDetailedTest,10,2,43b61c5334fb0f3169a01dbea98283428ad2fd75d05a745550f085f3e521d13e,e3b0c44298fc1c149afbf4c8996fb92427ae41e4649b934ca495991b7852b855,无自定义结构约束,EXACT_MATCH,,ATLAS/experiment_artifacts/2026-09-26/rq3-constraint-audit/inputs/moreDetailedTest/0006.trace,ATLAS/benchmark/moreDetailedTest/0006.trace,,,,
moreDetailedTest/0007.trace,moreDetailedTest,10,2,7a0a09d61e11823dea8fbf76baf9035e3e954de856ccb0f15a0ad3ecfe085e64,e3b0c44298fc1c149afbf4c8996fb92427ae41e4649b934ca495991b7852b855,无自定义结构约束,EXACT_MATCH,,ATLAS/experiment_artifacts/2026-09-26/rq3-constraint-audit/inputs/moreDetailedTest/0007.trace,ATLAS/benchmark/moreDetailedTest/0007.trace,,,,
moreDetailedTest/0008.trace,moreDetailedTest,10,2,81fcf02a9c3188214421026ae6f166dd3b5ccadc1ba4fa7e068e9ba3f4817ce9,e3b0c44298fc1c149afbf4c8996fb92427ae41e4649b934ca495991b7852b855,无自定义结构约束,EXACT_MATCH,,ATLAS/experiment_artifacts/2026-09-26/rq3-constraint-audit/inputs/moreDetailedTest/0008.trace,ATLAS/benchmark/moreDetailedTest/0008.trace,,,,
moreDetailedTest/0009.trace,moreDetailedTest,10,2,56790fbff4317f35615723262cdac2582549afa62898ba3f81853102ff753346,e3b0c44298fc1c149afbf4c8996fb92427ae41e4649b934ca495991b7852b855,无自定义结构约束,EXACT_MATCH,,ATLAS/experiment_artifacts/2026-09-26/rq3-constraint-audit/inputs/moreDetailedTest/0009.trace,ATLAS/benchmark/moreDetailedTest/0009.trace,,,,
moreDetailedTest/0010.trace,moreDetailedTest,10,2,5e3e0c2c5d3bd4c91cd27e1e8b1cfea9ac7a38750743a778544f7df88c109936,e3b0c44298fc1c149afbf4c8996fb92427ae41e4649b934ca495991b7852b855,无自定义结构约束,EXACT_MATCH,,ATLAS/experiment_artifacts/2026-09-26/rq3-constraint-audit/inputs/moreDetailedTest/0010.trace,ATLAS/benchmark/moreDetailedTest/0010.trace,,,,
moreDetailedTest/0011.trace,moreDetailedTest,10,2,e38a5917378b9df7d12d300f9eb69929ec77ddb6206f1394ba703e78f7785083,e3b0c44298fc1c149afbf4c8996fb92427ae41e4649b934ca495991b7852b855,无自定义结构约束,EXACT_MATCH,,ATLAS/experiment_artifacts/2026-09-26/rq3-constraint-audit/inputs/moreDetailedTest/0011.trace,ATLAS/benchmark/moreDetailedTest/0011.trace,,,,
moreDetailedTest/0012.trace,moreDetailedTest,10,2,20038ffb35a9422faf3a508b108755482e87fe9c437e1e9a725582cd1d97d490,e3b0c44298fc1c149afbf4c8996fb92427ae41e4649b934ca495991b7852b855,无自定义结构约束,EXACT_MATCH,,ATLAS/experiment_artifacts/2026-09-26/rq3-constraint-audit/inputs/moreDetailedTest/0012.trace,ATLAS/benchmark/moreDetailedTest/0012.trace,,,,
moreDetailedTest/0013.trace,moreDetailedTest,10,2,4880f6359b196b71ec8d7d3876a1de65b2cb1d331add5ead63fe22ec98cb9ba3,e3b0c44298fc1c149afbf4c8996fb92427ae41e4649b934ca495991b7852b855,无自定义结构约束,EXACT_MATCH,,ATLAS/experiment_artifacts/2026-09-26/rq3-constraint-audit/inputs/moreDetailedTest/0013.trace,ATLAS/benchmark/moreDetailedTest/0013.trace,,,,
moreDetailedTest/0014.trace,moreDetailedTest,10,2,ba75fbfc0ad01cc18fc4806b36dde4b7b6f65bfc9dd04659b0fc087e4c2ae893,e3b0c44298fc1c149afbf4c8996fb92427ae41e4649b934ca495991b7852b855,无自定义结构约束,EXACT_MATCH,,ATLAS/experiment_artifacts/2026-09-26/rq3-constraint-audit/inputs/moreDetailedTest/0014.trace,ATLAS/benchmark/moreDetailedTest/0014.trace,,,,
moreDetailedTest/0015.trace,moreDetailedTest,5,2,e57d48c9d5b14f420009dd9a2f0f6f5fe2c5574ab0e986b6dc651e8c1a39cac2,e3b0c44298fc1c149afbf4c8996fb92427ae41e4649b934ca495991b7852b855,无自定义结构约束,EXACT_MATCH,,ATLAS/experiment_artifacts/2026-09-26/rq3-constraint-audit/inputs/moreDetailedTest/0015.trace,ATLAS/benchmark/moreDetailedTest/0015.trace,,,,
moreDetailedTest/0016.trace,moreDetailedTest,5,2,2ff055971e33f6ba7e13d9758ec3b09a2a992c3c429bbedff5e0d8aec8cf4ac9,e3b0c44298fc1c149afbf4c8996fb92427ae41e4649b934ca495991b7852b855,无自定义结构约束,EXACT_MATCH,,ATLAS/experiment_artifacts/2026-09-26/rq3-constraint-audit/inputs/moreDetailedTest/0016.trace,ATLAS/benchmark/moreDetailedTest/0016.trace,,,,
moreDetailedTest/0017.trace,moreDetailedTest,5,2,52e36d53331ecd0548f794488523f8257be45cb2e1b84a9743be1f4474e4440c,e3b0c44298fc1c149afbf4c8996fb92427ae41e4649b934ca495991b7852b855,无自定义结构约束,EXACT_MATCH,,ATLAS/experiment_artifacts/2026-09-26/rq3-constraint-audit/inputs/moreDetailedTest/0017.trace,ATLAS/benchmark/moreDetailedTest/0017.trace,,,,
moreDetailedTest/0018.trace,moreDetailedTest,5,2,523268829542b00ea917b0010d59cc92adc645e7bab4e373be1c95d98ed9fff8,e3b0c44298fc1c149afbf4c8996fb92427ae41e4649b934ca495991b7852b855,无自定义结构约束,EXACT_MATCH,,ATLAS/experiment_artifacts/2026-09-26/rq3-constraint-audit/inputs/moreDetailedTest/0018.trace,ATLAS/benchmark/moreDetailedTest/0018.trace,,,,
moreDetailedTest/0019.trace,moreDetailedTest,5,2,e2ad7c80907a13c20da1a3028903a76b6a23a304988e17b95a3616fcc6d24d71,e3b0c44298fc1c149afbf4c8996fb92427ae41e4649b934ca495991b7852b855,无自定义结构约束,EXACT_MATCH,,ATLAS/experiment_artifacts/2026-09-26/rq3-constraint-audit/inputs/moreDetailedTest/0019.trace,ATLAS/benchmark/moreDetailedTest/0019.trace,,,,
moreDetailedTest/0020.trace,moreDetailedTest,5,2,8811f52bcf5e3bb583c5630ac2d4623c8fb873c9d16cd7e000703be5ccfc3047,e3b0c44298fc1c149afbf4c8996fb92427ae41e4649b934ca495991b7852b855,无自定义结构约束,EXACT_MATCH,,ATLAS/experiment_artifacts/2026-09-26/rq3-constraint-audit/inputs/moreDetailedTest/0020.trace,ATLAS/benchmark/moreDetailedTest/0020.trace,,,,
moreDetailedTest/0021.trace,moreDetailedTest,5,2,b29b7e68a35953845512bd1a4f94e053332c9d0878ea812822dcc32bacab180b,e3b0c44298fc1c149afbf4c8996fb92427ae41e4649b934ca495991b7852b855,无自定义结构约束,EXACT_MATCH,,ATLAS/experiment_artifacts/2026-09-26/rq3-constraint-audit/inputs/moreDetailedTest/0021.trace,ATLAS/benchmark/moreDetailedTest/0021.trace,,,,
moreDetailedTest/0022.trace,moreDetailedTest,5,2,d696a953169a9278cf363bf8840909b35df55421a08b41e5fb1c55161d6a136a,e3b0c44298fc1c149afbf4c8996fb92427ae41e4649b934ca495991b7852b855,无自定义结构约束,EXACT_MATCH,,ATLAS/experiment_artifacts/2026-09-26/rq3-constraint-audit/inputs/moreDetailedTest/0022.trace,ATLAS/benchmark/moreDetailedTest/0022.trace,,,,
moreDetailedTest/0023.trace,moreDetailedTest,5,2,827f02303fb89d1072cf0daf19010120dab463227146d39cce52a7813c5866de,e3b0c44298fc1c149afbf4c8996fb92427ae41e4649b934ca495991b7852b855,无自定义结构约束,EXACT_MATCH,,ATLAS/experiment_artifacts/2026-09-26/rq3-constraint-audit/inputs/moreDetailedTest/0023.trace,ATLAS/benchmark/moreDetailedTest/0023.trace,,,,
moreDetailedTest/0024.trace,moreDetailedTest,5,2,90f0ab675c6886352cdf7d36d6f4a97abc24268abb54fdc1e021b512b76eaa3b,e3b0c44298fc1c149afbf4c8996fb92427ae41e4649b934ca495991b7852b855,无自定义结构约束,EXACT_MATCH,,ATLAS/experiment_artifacts/2026-09-26/rq3-constraint-audit/inputs/moreDetailedTest/0024.trace,ATLAS/benchmark/moreDetailedTest/0024.trace,,,,
moreDetailedTest/0025.trace,moreDetailedTest,5,2,f8b781062bd36e16b70042ce1444814abb159610cbfc7d6684f9d8571f8cf8bd,e3b0c44298fc1c149afbf4c8996fb92427ae41e4649b934ca495991b7852b855,无自定义结构约束,EXACT_MATCH,,ATLAS/experiment_artifacts/2026-09-26/rq3-constraint-audit/inputs/moreDetailedTest/0025.trace,ATLAS/benchmark/moreDetailedTest/0025.trace,,,,
moreDetailedTest/0026.trace,moreDetailedTest,5,2,81826a48eff38d46db6b2c56d8264aea34f9f587df0c1a5e491a1052b534312b,e3b0c44298fc1c149afbf4c8996fb92427ae41e4649b934ca495991b7852b855,无自定义结构约束,EXACT_MATCH,,ATLAS/experiment_artifacts/2026-09-26/rq3-constraint-audit/inputs/moreDetailedTest/0026.trace,ATLAS/benchmark/moreDetailedTest/0026.trace,,,,
moreDetailedTest/0027.trace,moreDetailedTest,5,2,0c233b8f85a98d7588240e2c2060428d85cc1df8ef1157bae4b680254ad27e94,e3b0c44298fc1c149afbf4c8996fb92427ae41e4649b934ca495991b7852b855,无自定义结构约束,EXACT_MATCH,,ATLAS/experiment_artifacts/2026-09-26/rq3-constraint-audit/inputs/moreDetailedTest/0027.trace,ATLAS/benchmark/moreDetailedTest/0027.trace,,,,
moreDetailedTest/0028.trace,moreDetailedTest,5,2,64be41842cbbe8980ac16a48701daadda93906fe1e877a972b1765bd7de7a29a,e3b0c44298fc1c149afbf4c8996fb92427ae41e4649b934ca495991b7852b855,无自定义结构约束,EXACT_MATCH,,ATLAS/experiment_artifacts/2026-09-26/rq3-constraint-audit/inputs/moreDetailedTest/0028.trace,ATLAS/benchmark/moreDetailedTest/0028.trace,,,,
moreDetailedTest/0029.trace,moreDetailedTest,18,2,e5c13a63096d0f2db31d842eeaf9c022e3e3d1fc405b54f0275e9164e43ea702,e3b0c44298fc1c149afbf4c8996fb92427ae41e4649b934ca495991b7852b855,无自定义结构约束,EXACT_MATCH,,ATLAS/experiment_artifacts/2026-09-26/rq3-constraint-audit/inputs/moreDetailedTest/0029.trace,ATLAS/benchmark/moreDetailedTest/0029.trace,,,,
moreDetailedTest/0030.trace,moreDetailedTest,18,2,cf737e8c06636d136d941968270a5c23f95e13bbbcbaa1b9270ca41af04c4eae,e3b0c44298fc1c149afbf4c8996fb92427ae41e4649b934ca495991b7852b855,无自定义结构约束,EXACT_MATCH,,ATLAS/experiment_artifacts/2026-09-26/rq3-constraint-audit/inputs/moreDetailedTest/0030.trace,ATLAS/benchmark/moreDetailedTest/0030.trace,,,,
moreDetailedTest/0031.trace,moreDetailedTest,18,2,d38e3d1b6f467074f9b04773d3163291ae8d89b2043a51471e2a17768386b632,e3b0c44298fc1c149afbf4c8996fb92427ae41e4649b934ca495991b7852b855,无自定义结构约束,EXACT_MATCH,,ATLAS/experiment_artifacts/2026-09-26/rq3-constraint-audit/inputs/moreDetailedTest/0031.trace,ATLAS/benchmark/moreDetailedTest/0031.trace,,,,
moreDetailedTest/0032.trace,moreDetailedTest,18,2,19826b912c346d9be8589f7d2cc8a23c8d64aea7b33142f9073a2f47fa9a2a4b,e3b0c44298fc1c149afbf4c8996fb92427ae41e4649b934ca495991b7852b855,无自定义结构约束,EXACT_MATCH,,ATLAS/experiment_artifacts/2026-09-26/rq3-constraint-audit/inputs/moreDetailedTest/0032.trace,ATLAS/benchmark/moreDetailedTest/0032.trace,,,,
moreDetailedTest/0033.trace,moreDetailedTest,18,2,0815ec2799a4f74dedffd398af389f910da5ad3cfb770eb16b6d893c9dd94d49,e3b0c44298fc1c149afbf4c8996fb92427ae41e4649b934ca495991b7852b855,无自定义结构约束,EXACT_MATCH,,ATLAS/experiment_artifacts/2026-09-26/rq3-constraint-audit/inputs/moreDetailedTest/0033.trace,ATLAS/benchmark/moreDetailedTest/0033.trace,,,,
moreDetailedTest/0034.trace,moreDetailedTest,18,2,7dc879b5257630eb8ebc8aaeaddf7f8e2c0f7717b4a4a784faa78f8d9de094f3,e3b0c44298fc1c149afbf4c8996fb92427ae41e4649b934ca495991b7852b855,无自定义结构约束,EXACT_MATCH,,ATLAS/experiment_artifacts/2026-09-26/rq3-constraint-audit/inputs/moreDetailedTest/0034.trace,ATLAS/benchmark/moreDetailedTest/0034.trace,,,,
moreDetailedTest/0035.trace,moreDetailedTest,18,2,e7b367f2efdc4cb7f31e41b8552d3e0ab91e2034d8bb584e61a7ae1750c774cc,e3b0c44298fc1c149afbf4c8996fb92427ae41e4649b934ca495991b7852b855,无自定义结构约束,EXACT_MATCH,,ATLAS/experiment_artifacts/2026-09-26/rq3-constraint-audit/inputs/moreDetailedTest/0035.trace,ATLAS/benchmark/moreDetailedTest/0035.trace,,,,
moreDetailedTest/0036.trace,moreDetailedTest,18,2,c9ed4c4614dbfe90901388443af500c7e1a16c5b8fe35541ca5c2db254207741,e3b0c44298fc1c149afbf4c8996fb92427ae41e4649b934ca495991b7852b855,无自定义结构约束,EXACT_MATCH,,ATLAS/experiment_artifacts/2026-09-26/rq3-constraint-audit/inputs/moreDetailedTest/0036.trace,ATLAS/benchmark/moreDetailedTest/0036.trace,,,,
moreDetailedTest/0037.trace,moreDetailedTest,18,2,d89c703386899c97a310d27b206e8e145c91cf8a6939fcd525e0d0baede8f747,e3b0c44298fc1c149afbf4c8996fb92427ae41e4649b934ca495991b7852b855,无自定义结构约束,EXACT_MATCH,,ATLAS/experiment_artifacts/2026-09-26/rq3-constraint-audit/inputs/moreDetailedTest/0037.trace,ATLAS/benchmark/moreDetailedTest/0037.trace,,,,
moreDetailedTest/0038.trace,moreDetailedTest,18,2,0d18e9f8d22d050ea0c4de80564a33c7c22b89896d67116dcfe4cb314451f2dc,e3b0c44298fc1c149afbf4c8996fb92427ae41e4649b934ca495991b7852b855,无自定义结构约束,EXACT_MATCH,,ATLAS/experiment_artifacts/2026-09-26/rq3-constraint-audit/inputs/moreDetailedTest/0038.trace,ATLAS/benchmark/moreDetailedTest/0038.trace,,,,
moreDetailedTest/0039.trace,moreDetailedTest,18,2,0c180b00dda04beb7101c891aa8836486327261c97f53dc99681954fa42c5065,e3b0c44298fc1c149afbf4c8996fb92427ae41e4649b934ca495991b7852b855,无自定义结构约束,EXACT_MATCH,,ATLAS/experiment_artifacts/2026-09-26/rq3-constraint-audit/inputs/moreDetailedTest/0039.trace,ATLAS/benchmark/moreDetailedTest/0039.trace,,,,
moreDetailedTest/0040.trace,moreDetailedTest,18,2,548b527cb9bb92b42993458f5cddec76676b2b9e8dd25186bca955302c1d2f80,e3b0c44298fc1c149afbf4c8996fb92427ae41e4649b934ca495991b7852b855,无自定义结构约束,EXACT_MATCH,,ATLAS/experiment_artifacts/2026-09-26/rq3-constraint-audit/inputs/moreDetailedTest/0040.trace,ATLAS/benchmark/moreDetailedTest/0040.trace,,,,
moreDetailedTest/0041.trace,moreDetailedTest,18,2,31efac6c1c3ad02176d01d4737047da638bd07be31e32f796a6d6b5f81079de0,e3b0c44298fc1c149afbf4c8996fb92427ae41e4649b934ca495991b7852b855,无自定义结构约束,EXACT_MATCH,,ATLAS/experiment_artifacts/2026-09-26/rq3-constraint-audit/inputs/moreDetailedTest/0041.trace,ATLAS/benchmark/moreDetailedTest/0041.trace,,,,
moreDetailedTest/0042.trace,moreDetailedTest,18,2,1d392a502c2156981d4bc674048d885acb36c2fee78efc8f06e72e2e098e6165,e3b0c44298fc1c149afbf4c8996fb92427ae41e4649b934ca495991b7852b855,无自定义结构约束,EXACT_MATCH,,ATLAS/experiment_artifacts/2026-09-26/rq3-constraint-audit/inputs/moreDetailedTest/0042.trace,ATLAS/benchmark/moreDetailedTest/0042.trace,,,,
moreDetailedTest/0043.trace,moreDetailedTest,3,2,637c502d139a4ebfa69ea51c03da9185ab0dcaf1f14830735a6467b26ab485c8,e3b0c44298fc1c149afbf4c8996fb92427ae41e4649b934ca495991b7852b855,无自定义结构约束,EXACT_MATCH,,ATLAS/experiment_artifacts/2026-09-26/rq3-constraint-audit/inputs/moreDetailedTest/0043.trace,ATLAS/benchmark/moreDetailedTest/0043.trace,,,,
moreDetailedTest/0044.trace,moreDetailedTest,3,2,ee14ef8f70584eeb01a1dd257788ab1a9c013f6a633764758630e2ecf597ffdc,e3b0c44298fc1c149afbf4c8996fb92427ae41e4649b934ca495991b7852b855,无自定义结构约束,EXACT_MATCH,,ATLAS/experiment_artifacts/2026-09-26/rq3-constraint-audit/inputs/moreDetailedTest/0044.trace,ATLAS/benchmark/moreDetailedTest/0044.trace,,,,
moreDetailedTest/0045.trace,moreDetailedTest,3,2,807b5cb529c6e2495c8507c5c59d00de6a680cc6dc9d20079d1153aa43855ec2,e3b0c44298fc1c149afbf4c8996fb92427ae41e4649b934ca495991b7852b855,无自定义结构约束,EXACT_MATCH,,ATLAS/experiment_artifacts/2026-09-26/rq3-constraint-audit/inputs/moreDetailedTest/0045.trace,ATLAS/benchmark/moreDetailedTest/0045.trace,,,,
moreDetailedTest/0046.trace,moreDetailedTest,3,2,ddf2db14fbfd525d4ce4118c0e2a6e4904f485b233d123744df1f3ca70036612,e3b0c44298fc1c149afbf4c8996fb92427ae41e4649b934ca495991b7852b855,无自定义结构约束,EXACT_MATCH,,ATLAS/experiment_artifacts/2026-09-26/rq3-constraint-audit/inputs/moreDetailedTest/0046.trace,ATLAS/benchmark/moreDetailedTest/0046.trace,,,,
moreDetailedTest/0047.trace,moreDetailedTest,3,2,8e2578ac0439b973c4380b4126f953af5754b611da87c8270d5bb903298c5057,e3b0c44298fc1c149afbf4c8996fb92427ae41e4649b934ca495991b7852b855,无自定义结构约束,EXACT_MATCH,,ATLAS/experiment_artifacts/2026-09-26/rq3-constraint-audit/inputs/moreDetailedTest/0047.trace,ATLAS/benchmark/moreDetailedTest/0047.trace,,,,
moreDetailedTest/0048.trace,moreDetailedTest,3,2,cfd0d131fbdca95c92c879d2b75d73d37ed370cbed4030d5c0c95135972e8f57,e3b0c44298fc1c149afbf4c8996fb92427ae41e4649b934ca495991b7852b855,无自定义结构约束,EXACT_MATCH,,ATLAS/experiment_artifacts/2026-09-26/rq3-constraint-audit/inputs/moreDetailedTest/0048.trace,ATLAS/benchmark/moreDetailedTest/0048.trace,,,,
moreDetailedTest/0049.trace,moreDetailedTest,3,2,0f19f8e6afe758d1d90fc6e6d584016ab8f389b640d1d00d6ea607353905b82d,e3b0c44298fc1c149afbf4c8996fb92427ae41e4649b934ca495991b7852b855,无自定义结构约束,EXACT_MATCH,,ATLAS/experiment_artifacts/2026-09-26/rq3-constraint-audit/inputs/moreDetailedTest/0049.trace,ATLAS/benchmark/moreDetailedTest/0049.trace,,,,
moreDetailedTest/0050.trace,moreDetailedTest,3,2,2c1c584bebe0b7766b0213e2f82c80bbf7b559e778ea130f01df92aefa0f259b,e3b0c44298fc1c149afbf4c8996fb92427ae41e4649b934ca495991b7852b855,无自定义结构约束,EXACT_MATCH,,ATLAS/experiment_artifacts/2026-09-26/rq3-constraint-audit/inputs/moreDetailedTest/0050.trace,ATLAS/benchmark/moreDetailedTest/0050.trace,,,,
moreDetailedTest/0051.trace,moreDetailedTest,3,2,315d986329d6c83f00012cbb2c482f9f3bd4f431fd392a10a68febdd91ec5d65,e3b0c44298fc1c149afbf4c8996fb92427ae41e4649b934ca495991b7852b855,无自定义结构约束,EXACT_MATCH,,ATLAS/experiment_artifacts/2026-09-26/rq3-constraint-audit/inputs/moreDetailedTest/0051.trace,ATLAS/benchmark/moreDetailedTest/0051.trace,,,,
moreDetailedTest/0052.trace,moreDetailedTest,3,2,3785c9bbd405b9af8b6f8a11961c2797f9c1f04854c98e4acd4d1e69e0bc4d2c,e3b0c44298fc1c149afbf4c8996fb92427ae41e4649b934ca495991b7852b855,无自定义结构约束,EXACT_MATCH,,ATLAS/experiment_artifacts/2026-09-26/rq3-constraint-audit/inputs/moreDetailedTest/0052.trace,ATLAS/benchmark/moreDetailedTest/0052.trace,,,,
moreDetailedTest/0053.trace,moreDetailedTest,3,2,b9457e9a12074ccc13a2761c726d6c5dfa3e9abc5722f4546c812490d7819015,e3b0c44298fc1c149afbf4c8996fb92427ae41e4649b934ca495991b7852b855,无自定义结构约束,EXACT_MATCH,,ATLAS/experiment_artifacts/2026-09-26/rq3-constraint-audit/inputs/moreDetailedTest/0053.trace,ATLAS/benchmark/moreDetailedTest/0053.trace,,,,
moreDetailedTest/0054.trace,moreDetailedTest,3,2,81bbc8bda62f2d9f673309142da00247859a9f96330fcf68503fb50460439d4c,e3b0c44298fc1c149afbf4c8996fb92427ae41e4649b934ca495991b7852b855,无自定义结构约束,EXACT_MATCH,,ATLAS/experiment_artifacts/2026-09-26/rq3-constraint-audit/inputs/moreDetailedTest/0054.trace,ATLAS/benchmark/moreDetailedTest/0054.trace,,,,
moreDetailedTest/0055.trace,moreDetailedTest,3,2,1183178c8767dd12f98917129108ec5fb88816c431a4f75b16d2dfa73c672b32,e3b0c44298fc1c149afbf4c8996fb92427ae41e4649b934ca495991b7852b855,无自定义结构约束,EXACT_MATCH,,ATLAS/experiment_artifacts/2026-09-26/rq3-constraint-audit/inputs/moreDetailedTest/0055.trace,ATLAS/benchmark/moreDetailedTest/0055.trace,,,,
moreDetailedTest/0056.trace,moreDetailedTest,3,2,0c15179014d1264cc17c57ce654ef40ecea6200e6840f5a07e44ce4c86d30d03,e3b0c44298fc1c149afbf4c8996fb92427ae41e4649b934ca495991b7852b855,无自定义结构约束,EXACT_MATCH,,ATLAS/experiment_artifacts/2026-09-26/rq3-constraint-audit/inputs/moreDetailedTest/0056.trace,ATLAS/benchmark/moreDetailedTest/0056.trace,,,,
moreDetailedTest/0057.trace,moreDetailedTest,18,2,4f2909eebc3b222544bb7be16127794983b5e97d2605d7fca77341a1f4f3d6ca,e3b0c44298fc1c149afbf4c8996fb92427ae41e4649b934ca495991b7852b855,无自定义结构约束,EXACT_MATCH,,ATLAS/experiment_artifacts/2026-09-26/rq3-constraint-audit/inputs/moreDetailedTest/0057.trace,ATLAS/benchmark/moreDetailedTest/0057.trace,,,,
moreDetailedTest/0058.trace,moreDetailedTest,18,2,9b4d02810035bae80c5a0ea6d053c0211b3345dfb507f87879b5353bf9810e20,e3b0c44298fc1c149afbf4c8996fb92427ae41e4649b934ca495991b7852b855,无自定义结构约束,EXACT_MATCH,,ATLAS/experiment_artifacts/2026-09-26/rq3-constraint-audit/inputs/moreDetailedTest/0058.trace,ATLAS/benchmark/moreDetailedTest/0058.trace,,,,
moreDetailedTest/0059.trace,moreDetailedTest,18,2,ac97087e8a8cb6861346d5692115d09083d18031456aedc00407096699c3993a,e3b0c44298fc1c149afbf4c8996fb92427ae41e4649b934ca495991b7852b855,无自定义结构约束,EXACT_MATCH,,ATLAS/experiment_artifacts/2026-09-26/rq3-constraint-audit/inputs/moreDetailedTest/0059.trace,ATLAS/benchmark/moreDetailedTest/0059.trace,,,,
moreDetailedTest/0060.trace,moreDetailedTest,18,2,099d374b4a79e557ce8625dbf70b7ef4051854a9f6f427ea06dfa804137155f0,e3b0c44298fc1c149afbf4c8996fb92427ae41e4649b934ca495991b7852b855,无自定义结构约束,EXACT_MATCH,,ATLAS/experiment_artifacts/2026-09-26/rq3-constraint-audit/inputs/moreDetailedTest/0060.trace,ATLAS/benchmark/moreDetailedTest/0060.trace,,,,
moreDetailedTest/0061.trace,moreDetailedTest,18,2,39181bf238c368c6bf999b400b5dc580ed71990f1b8847bb509a88918425558d,e3b0c44298fc1c149afbf4c8996fb92427ae41e4649b934ca495991b7852b855,无自定义结构约束,EXACT_MATCH,,ATLAS/experiment_artifacts/2026-09-26/rq3-constraint-audit/inputs/moreDetailedTest/0061.trace,ATLAS/benchmark/moreDetailedTest/0061.trace,,,,
moreDetailedTest/0062.trace,moreDetailedTest,18,2,8c05c01f1fa86672e622c5898300ef68087cab4fc917aefd4fa0eb99e0d31ce8,e3b0c44298fc1c149afbf4c8996fb92427ae41e4649b934ca495991b7852b855,无自定义结构约束,EXACT_MATCH,,ATLAS/experiment_artifacts/2026-09-26/rq3-constraint-audit/inputs/moreDetailedTest/0062.trace,ATLAS/benchmark/moreDetailedTest/0062.trace,,,,
moreDetailedTest/0063.trace,moreDetailedTest,18,2,71ee2e001d753ea974c5b2f5ad823ccc113a64daafa89dabcd113ec476fd9ca8,e3b0c44298fc1c149afbf4c8996fb92427ae41e4649b934ca495991b7852b855,无自定义结构约束,EXACT_MATCH,,ATLAS/experiment_artifacts/2026-09-26/rq3-constraint-audit/inputs/moreDetailedTest/0063.trace,ATLAS/benchmark/moreDetailedTest/0063.trace,,,,
moreDetailedTest/0064.trace,moreDetailedTest,18,2,9172e3fe9b33b37e7da8cdc2f455f4a54cb2a904a7da6128c606135935bdecee,e3b0c44298fc1c149afbf4c8996fb92427ae41e4649b934ca495991b7852b855,无自定义结构约束,EXACT_MATCH,,ATLAS/experiment_artifacts/2026-09-26/rq3-constraint-audit/inputs/moreDetailedTest/0064.trace,ATLAS/benchmark/moreDetailedTest/0064.trace,,,,
moreDetailedTest/0065.trace,moreDetailedTest,18,2,49de086b4b2deb5277c139bb937dd02cb7da0ec67d8e0413ed0599c3758ee5e4,e3b0c44298fc1c149afbf4c8996fb92427ae41e4649b934ca495991b7852b855,无自定义结构约束,EXACT_MATCH,,ATLAS/experiment_artifacts/2026-09-26/rq3-constraint-audit/inputs/moreDetailedTest/0065.trace,ATLAS/benchmark/moreDetailedTest/0065.trace,,,,
moreDetailedTest/0066.trace,moreDetailedTest,18,2,cbfc471d055d6f53923782080bf95050aaed9d3165c0bc4c90e820b6576d5892,e3b0c44298fc1c149afbf4c8996fb92427ae41e4649b934ca495991b7852b855,无自定义结构约束,EXACT_MATCH,,ATLAS/experiment_artifacts/2026-09-26/rq3-constraint-audit/inputs/moreDetailedTest/0066.trace,ATLAS/benchmark/moreDetailedTest/0066.trace,,,,
moreDetailedTest/0067.trace,moreDetailedTest,18,2,8bfdde9b0d67c345e53fdae02ca930b5a4ee38ecdf22abe9d65008bc14c87ade,e3b0c44298fc1c149afbf4c8996fb92427ae41e4649b934ca495991b7852b855,无自定义结构约束,EXACT_MATCH,,ATLAS/experiment_artifacts/2026-09-26/rq3-constraint-audit/inputs/moreDetailedTest/0067.trace,ATLAS/benchmark/moreDetailedTest/0067.trace,,,,
moreDetailedTest/0068.trace,moreDetailedTest,18,2,b655e71c689ae313860791906ac28e02bd55899f8ebc76e33057f1bab0d5f81f,e3b0c44298fc1c149afbf4c8996fb92427ae41e4649b934ca495991b7852b855,无自定义结构约束,EXACT_MATCH,,ATLAS/experiment_artifacts/2026-09-26/rq3-constraint-audit/inputs/moreDetailedTest/0068.trace,ATLAS/benchmark/moreDetailedTest/0068.trace,,,,
moreDetailedTest/0069.trace,moreDetailedTest,18,2,a9ac77a0666a85534867d5c71ed179f19df02b2cdcbfb8d03371ef159e3795db,e3b0c44298fc1c149afbf4c8996fb92427ae41e4649b934ca495991b7852b855,无自定义结构约束,EXACT_MATCH,,ATLAS/experiment_artifacts/2026-09-26/rq3-constraint-audit/inputs/moreDetailedTest/0069.trace,ATLAS/benchmark/moreDetailedTest/0069.trace,,,,
moreDetailedTest/0070.trace,moreDetailedTest,18,2,4113d0f1c393d73a8d978b7e373ab3717e657abb7c698f906d252b6447dc785e,e3b0c44298fc1c149afbf4c8996fb92427ae41e4649b934ca495991b7852b855,无自定义结构约束,EXACT_MATCH,,ATLAS/experiment_artifacts/2026-09-26/rq3-constraint-audit/inputs/moreDetailedTest/0070.trace,ATLAS/benchmark/moreDetailedTest/0070.trace,,,,
moreDetailedTest/0071.trace,moreDetailedTest,67,2,57d13b17b326ec9ce16c93c3b3a3cd58a31d7fea0d319c9f63b4a363c220f75a,e3b0c44298fc1c149afbf4c8996fb92427ae41e4649b934ca495991b7852b855,无自定义结构约束,EXACT_MATCH,,ATLAS/experiment_artifacts/2026-09-26/rq3-constraint-audit/inputs/moreDetailedTest/0071.trace,ATLAS/benchmark/moreDetailedTest/0071.trace,,,,
moreDetailedTest/0072.trace,moreDetailedTest,67,2,712a95f97a55148b893cab7e054060b15ca5368cc6eb72bbdff11635e77e8b38,e3b0c44298fc1c149afbf4c8996fb92427ae41e4649b934ca495991b7852b855,无自定义结构约束,EXACT_MATCH,,ATLAS/experiment_artifacts/2026-09-26/rq3-constraint-audit/inputs/moreDetailedTest/0072.trace,ATLAS/benchmark/moreDetailedTest/0072.trace,,,,
moreDetailedTest/0073.trace,moreDetailedTest,67,2,e742f6337ec6bd9e7bda1c2065502eee6341208300398b0c703fa2b0bb35defd,e3b0c44298fc1c149afbf4c8996fb92427ae41e4649b934ca495991b7852b855,无自定义结构约束,EXACT_MATCH,,ATLAS/experiment_artifacts/2026-09-26/rq3-constraint-audit/inputs/moreDetailedTest/0073.trace,ATLAS/benchmark/moreDetailedTest/0073.trace,,,,
moreDetailedTest/0074.trace,moreDetailedTest,67,2,2e1fb6f79c6a1faa78f4871a322a26feeec4f3b6891910359cb1e871d607b1e2,e3b0c44298fc1c149afbf4c8996fb92427ae41e4649b934ca495991b7852b855,无自定义结构约束,EXACT_MATCH,,ATLAS/experiment_artifacts/2026-09-26/rq3-constraint-audit/inputs/moreDetailedTest/0074.trace,ATLAS/benchmark/moreDetailedTest/0074.trace,,,,
moreDetailedTest/0075.trace,moreDetailedTest,67,2,7996d9940d778813e5fbcdafe6750a3b9a0af65c0477403f060535cc6e24d64f,e3b0c44298fc1c149afbf4c8996fb92427ae41e4649b934ca495991b7852b855,无自定义结构约束,EXACT_MATCH,,ATLAS/experiment_artifacts/2026-09-26/rq3-constraint-audit/inputs/moreDetailedTest/0075.trace,ATLAS/benchmark/moreDetailedTest/0075.trace,,,,
moreDetailedTest/0076.trace,moreDetailedTest,67,2,831e91124dcee39271a6aedcc45c8f5fe5958dd7ae0f3ff4ae212e0c32fe0667,e3b0c44298fc1c149afbf4c8996fb92427ae41e4649b934ca495991b7852b855,无自定义结构约束,EXACT_MATCH,,ATLAS/experiment_artifacts/2026-09-26/rq3-constraint-audit/inputs/moreDetailedTest/0076.trace,ATLAS/benchmark/moreDetailedTest/0076.trace,,,,
moreDetailedTest/0077.trace,moreDetailedTest,67,2,b00e1c488a1ff227de8228fb648596ebfe829fd0352e1b171b29410e87917875,e3b0c44298fc1c149afbf4c8996fb92427ae41e4649b934ca495991b7852b855,无自定义结构约束,EXACT_MATCH,,ATLAS/experiment_artifacts/2026-09-26/rq3-constraint-audit/inputs/moreDetailedTest/0077.trace,ATLAS/benchmark/moreDetailedTest/0077.trace,,,,
moreDetailedTest/0078.trace,moreDetailedTest,67,2,7b8192397809be8eb1f97061b084ca8b89710901cf2a3fff0f17b27f7f211ffa,e3b0c44298fc1c149afbf4c8996fb92427ae41e4649b934ca495991b7852b855,无自定义结构约束,EXACT_MATCH,,ATLAS/experiment_artifacts/2026-09-26/rq3-constraint-audit/inputs/moreDetailedTest/0078.trace,ATLAS/benchmark/moreDetailedTest/0078.trace,,,,
moreDetailedTest/0079.trace,moreDetailedTest,67,2,73361930f2abc56658d9de6f4f3cf4ee57a4b1ba1f5dd96eaab48b01b811babb,e3b0c44298fc1c149afbf4c8996fb92427ae41e4649b934ca495991b7852b855,无自定义结构约束,EXACT_MATCH,,ATLAS/experiment_artifacts/2026-09-26/rq3-constraint-audit/inputs/moreDetailedTest/0079.trace,ATLAS/benchmark/moreDetailedTest/0079.trace,,,,
moreDetailedTest/0080.trace,moreDetailedTest,67,2,f88b209c9f44897c74fcb5ea01127241b0ff75ad97d626894bb652e787c86ffc,e3b0c44298fc1c149afbf4c8996fb92427ae41e4649b934ca495991b7852b855,无自定义结构约束,EXACT_MATCH,,ATLAS/experiment_artifacts/2026-09-26/rq3-constraint-audit/inputs/moreDetailedTest/0080.trace,ATLAS/benchmark/moreDetailedTest/0080.trace,,,,
moreDetailedTest/0081.trace,moreDetailedTest,67,2,e6daa1f5db8caa045d341a205eb90d0b19075f97e51295dda11e06a855c805fb,e3b0c44298fc1c149afbf4c8996fb92427ae41e4649b934ca495991b7852b855,无自定义结构约束,EXACT_MATCH,,ATLAS/experiment_artifacts/2026-09-26/rq3-constraint-audit/inputs/moreDetailedTest/0081.trace,ATLAS/benchmark/moreDetailedTest/0081.trace,,,,
moreDetailedTest/0082.trace,moreDetailedTest,67,2,4d7260867536235c162fcf2d264141458d3eb621960070f11fa2838c3a3fd581,e3b0c44298fc1c149afbf4c8996fb92427ae41e4649b934ca495991b7852b855,无自定义结构约束,EXACT_MATCH,,ATLAS/experiment_artifacts/2026-09-26/rq3-constraint-audit/inputs/moreDetailedTest/0082.trace,ATLAS/benchmark/moreDetailedTest/0082.trace,,,,
moreDetailedTest/0083.trace,moreDetailedTest,67,2,a7c5f6d9bd25a1c35e7fd4fb1a8df4030ffa299d1970fee1c260c404b3fc1419,e3b0c44298fc1c149afbf4c8996fb92427ae41e4649b934ca495991b7852b855,无自定义结构约束,EXACT_MATCH,,ATLAS/experiment_artifacts/2026-09-26/rq3-constraint-audit/inputs/moreDetailedTest/0083.trace,ATLAS/benchmark/moreDetailedTest/0083.trace,,,,
moreDetailedTest/0084.trace,moreDetailedTest,67,2,26248e3a236ebf1aa7a6c5bc31aafbc13134a9a5d9990871a12935b8737fc8a3,e3b0c44298fc1c149afbf4c8996fb92427ae41e4649b934ca495991b7852b855,无自定义结构约束,EXACT_MATCH,,ATLAS/experiment_artifacts/2026-09-26/rq3-constraint-audit/inputs/moreDetailedTest/0084.trace,ATLAS/benchmark/moreDetailedTest/0084.trace,,,,
moreDetailedTest/0085.trace,moreDetailedTest,6,2,eaca5cc7c4d2367554b6877c124c9cce8f7af944d720d88f9783c9c8dc046f03,e3b0c44298fc1c149afbf4c8996fb92427ae41e4649b934ca495991b7852b855,无自定义结构约束,EXACT_MATCH,,ATLAS/experiment_artifacts/2026-09-26/rq3-constraint-audit/inputs/moreDetailedTest/0085.trace,ATLAS/benchmark/moreDetailedTest/0085.trace,,,,
moreDetailedTest/0086.trace,moreDetailedTest,6,2,7d1221f99a365f5cdd06e29192e26daaa82b7eeeaacd6120e653fedf3d837ebc,e3b0c44298fc1c149afbf4c8996fb92427ae41e4649b934ca495991b7852b855,无自定义结构约束,EXACT_MATCH,,ATLAS/experiment_artifacts/2026-09-26/rq3-constraint-audit/inputs/moreDetailedTest/0086.trace,ATLAS/benchmark/moreDetailedTest/0086.trace,,,,
moreDetailedTest/0087.trace,moreDetailedTest,6,2,558efb63948013ff1a72713446f4c418cee07091d72c39f6c67a5e739476cc48,e3b0c44298fc1c149afbf4c8996fb92427ae41e4649b934ca495991b7852b855,无自定义结构约束,EXACT_MATCH,,ATLAS/experiment_artifacts/2026-09-26/rq3-constraint-audit/inputs/moreDetailedTest/0087.trace,ATLAS/benchmark/moreDetailedTest/0087.trace,,,,
moreDetailedTest/0088.trace,moreDetailedTest,6,2,f43cb075a600217404d8150609c59e79796ebce8b054f4583035ef7b4b9d6e7c,e3b0c44298fc1c149afbf4c8996fb92427ae41e4649b934ca495991b7852b855,无自定义结构约束,EXACT_MATCH,,ATLAS/experiment_artifacts/2026-09-26/rq3-constraint-audit/inputs/moreDetailedTest/0088.trace,ATLAS/benchmark/moreDetailedTest/0088.trace,,,,
moreDetailedTest/0089.trace,moreDetailedTest,6,2,10eb82fc9b894566e2bdda7fbe063f53fb1f1ab040f98850aea7e910a9bcf07a,e3b0c44298fc1c149afbf4c8996fb92427ae41e4649b934ca495991b7852b855,无自定义结构约束,EXACT_MATCH,,ATLAS/experiment_artifacts/2026-09-26/rq3-constraint-audit/inputs/moreDetailedTest/0089.trace,ATLAS/benchmark/moreDetailedTest/0089.trace,,,,
moreDetailedTest/0090.trace,moreDetailedTest,6,2,ec4fab11813386fee859e75b27a799e8016ac7481d19106d22ea040bbdf7c32b,e3b0c44298fc1c149afbf4c8996fb92427ae41e4649b934ca495991b7852b855,无自定义结构约束,EXACT_MATCH,,ATLAS/experiment_artifacts/2026-09-26/rq3-constraint-audit/inputs/moreDetailedTest/0090.trace,ATLAS/benchmark/moreDetailedTest/0090.trace,,,,
moreDetailedTest/0091.trace,moreDetailedTest,6,2,5fd6f2cf1a0d0eeb256b4bdcb37d8224953e2cbb7d9ca333188168ce6ccdb57d,e3b0c44298fc1c149afbf4c8996fb92427ae41e4649b934ca495991b7852b855,无自定义结构约束,EXACT_MATCH,,ATLAS/experiment_artifacts/2026-09-26/rq3-constraint-audit/inputs/moreDetailedTest/0091.trace,ATLAS/benchmark/moreDetailedTest/0091.trace,,,,
moreDetailedTest/0092.trace,moreDetailedTest,6,2,5c5aa51423d0defa0ed2cc7df8cd3de4afaee02c847b7d08887824bd0de72351,e3b0c44298fc1c149afbf4c8996fb92427ae41e4649b934ca495991b7852b855,无自定义结构约束,EXACT_MATCH,,ATLAS/experiment_artifacts/2026-09-26/rq3-constraint-audit/inputs/moreDetailedTest/0092.trace,ATLAS/benchmark/moreDetailedTest/0092.trace,,,,
moreDetailedTest/0093.trace,moreDetailedTest,6,2,806ba714d81d3e8de22d2a83623ccbe9a8b2ae65952d868b09fae1a9c6591b06,e3b0c44298fc1c149afbf4c8996fb92427ae41e4649b934ca495991b7852b855,无自定义结构约束,EXACT_MATCH,,ATLAS/experiment_artifacts/2026-09-26/rq3-constraint-audit/inputs/moreDetailedTest/0093.trace,ATLAS/benchmark/moreDetailedTest/0093.trace,,,,
moreDetailedTest/0094.trace,moreDetailedTest,6,2,d8a87b17ca65acd920f9826c0a9c8fdb588f555dc94081ffad59d1482b7c0427,e3b0c44298fc1c149afbf4c8996fb92427ae41e4649b934ca495991b7852b855,无自定义结构约束,EXACT_MATCH,,ATLAS/experiment_artifacts/2026-09-26/rq3-constraint-audit/inputs/moreDetailedTest/0094.trace,ATLAS/benchmark/moreDetailedTest/0094.trace,,,,
moreDetailedTest/0095.trace,moreDetailedTest,6,2,aacc5e739f98705704ae7b20d558c66a79cef79dd0a61648486cee28a2a04d11,e3b0c44298fc1c149afbf4c8996fb92427ae41e4649b934ca495991b7852b855,无自定义结构约束,EXACT_MATCH,,ATLAS/experiment_artifacts/2026-09-26/rq3-constraint-audit/inputs/moreDetailedTest/0095.trace,ATLAS/benchmark/moreDetailedTest/0095.trace,,,,
moreDetailedTest/0096.trace,moreDetailedTest,6,2,30aadc3d1d8c8b58f1586950ef713e9fbd8072dad3ff3ee523cf3195b4a8ef50,e3b0c44298fc1c149afbf4c8996fb92427ae41e4649b934ca495991b7852b855,无自定义结构约束,EXACT_MATCH,,ATLAS/experiment_artifacts/2026-09-26/rq3-constraint-audit/inputs/moreDetailedTest/0096.trace,ATLAS/benchmark/moreDetailedTest/0096.trace,,,,
moreDetailedTest/0097.trace,moreDetailedTest,6,2,358203429a0dda968d2aae24d6eedc1bfbb07c72f2684977777992dc1d1b1fb6,e3b0c44298fc1c149afbf4c8996fb92427ae41e4649b934ca495991b7852b855,无自定义结构约束,EXACT_MATCH,,ATLAS/experiment_artifacts/2026-09-26/rq3-constraint-audit/inputs/moreDetailedTest/0097.trace,ATLAS/benchmark/moreDetailedTest/0097.trace,,,,
moreDetailedTest/0098.trace,moreDetailedTest,6,2,7a2f039f0a4fc70b214bebf4450a248f6f82dd8a098ff30196040b8140d2dc5f,e3b0c44298fc1c149afbf4c8996fb92427ae41e4649b934ca495991b7852b855,无自定义结构约束,EXACT_MATCH,,ATLAS/experiment_artifacts/2026-09-26/rq3-constraint-audit/inputs/moreDetailedTest/0098.trace,ATLAS/benchmark/moreDetailedTest/0098.trace,,,,
moreDetailedTest/0099.trace,moreDetailedTest,3,2,6e3917cbf403a61f718ebeb7705c316036eaa834e856a417013f5c458aaecefa,e3b0c44298fc1c149afbf4c8996fb92427ae41e4649b934ca495991b7852b855,无自定义结构约束,EXACT_MATCH,,ATLAS/experiment_artifacts/2026-09-26/rq3-constraint-audit/inputs/moreDetailedTest/0099.trace,ATLAS/benchmark/moreDetailedTest/0099.trace,,,,
moreDetailedTest/0100.trace,moreDetailedTest,3,2,ae943fed0f23fd01580a802978ac508e788b67e43b5932095fd40f4fd4d327e3,e3b0c44298fc1c149afbf4c8996fb92427ae41e4649b934ca495991b7852b855,无自定义结构约束,EXACT_MATCH,,ATLAS/experiment_artifacts/2026-09-26/rq3-constraint-audit/inputs/moreDetailedTest/0100.trace,ATLAS/benchmark/moreDetailedTest/0100.trace,,,,
moreDetailedTest/0101.trace,moreDetailedTest,3,2,aa7f4cc5cca9a51d20e12ae014c64ddd106ffa409541066a82cbe47e1fbca614,e3b0c44298fc1c149afbf4c8996fb92427ae41e4649b934ca495991b7852b855,无自定义结构约束,EXACT_MATCH,,ATLAS/experiment_artifacts/2026-09-26/rq3-constraint-audit/inputs/moreDetailedTest/0101.trace,ATLAS/benchmark/moreDetailedTest/0101.trace,,,,
moreDetailedTest/0102.trace,moreDetailedTest,3,2,5047d939004a1da7728da1452aa54dd90f35a5deec2b3f57c330c73c02127750,e3b0c44298fc1c149afbf4c8996fb92427ae41e4649b934ca495991b7852b855,无自定义结构约束,EXACT_MATCH,,ATLAS/experiment_artifacts/2026-09-26/rq3-constraint-audit/inputs/moreDetailedTest/0102.trace,ATLAS/benchmark/moreDetailedTest/0102.trace,,,,
moreDetailedTest/0103.trace,moreDetailedTest,3,2,c0ec19547d2aac117a0661fe2efbaccd94e9ba457288dfa3976e98ff67283758,e3b0c44298fc1c149afbf4c8996fb92427ae41e4649b934ca495991b7852b855,无自定义结构约束,EXACT_MATCH,,ATLAS/experiment_artifacts/2026-09-26/rq3-constraint-audit/inputs/moreDetailedTest/0103.trace,ATLAS/benchmark/moreDetailedTest/0103.trace,,,,
moreDetailedTest/0104.trace,moreDetailedTest,3,2,b16faa5be0c69486a2719325664a35d45ddf9c63465f195aa0a0f1f5c204845d,e3b0c44298fc1c149afbf4c8996fb92427ae41e4649b934ca495991b7852b855,无自定义结构约束,EXACT_MATCH,,ATLAS/experiment_artifacts/2026-09-26/rq3-constraint-audit/inputs/moreDetailedTest/0104.trace,ATLAS/benchmark/moreDetailedTest/0104.trace,,,,
moreDetailedTest/0105.trace,moreDetailedTest,3,2,1e176ffed47363ead218228b48da77deaa7cf909a169be12c401fc90f179f8ec,e3b0c44298fc1c149afbf4c8996fb92427ae41e4649b934ca495991b7852b855,无自定义结构约束,EXACT_MATCH,,ATLAS/experiment_artifacts/2026-09-26/rq3-constraint-audit/inputs/moreDetailedTest/0105.trace,ATLAS/benchmark/moreDetailedTest/0105.trace,,,,
moreDetailedTest/0106.trace,moreDetailedTest,3,2,e1555ecd63ae937a15801024f37b1eb210c9fc84d618aabb487a4cfcd0ba9133,e3b0c44298fc1c149afbf4c8996fb92427ae41e4649b934ca495991b7852b855,无自定义结构约束,EXACT_MATCH,,ATLAS/experiment_artifacts/2026-09-26/rq3-constraint-audit/inputs/moreDetailedTest/0106.trace,ATLAS/benchmark/moreDetailedTest/0106.trace,,,,
moreDetailedTest/0107.trace,moreDetailedTest,3,2,ef09ec7e6af8ca6149d0c7352dff2376cf44c18911a71ff8173982dadbf716fd,e3b0c44298fc1c149afbf4c8996fb92427ae41e4649b934ca495991b7852b855,无自定义结构约束,EXACT_MATCH,,ATLAS/experiment_artifacts/2026-09-26/rq3-constraint-audit/inputs/moreDetailedTest/0107.trace,ATLAS/benchmark/moreDetailedTest/0107.trace,,,,
moreDetailedTest/0108.trace,moreDetailedTest,3,2,f408a4d5a9b72d379c2ead78bf26000227db4f9f1dca830d9fee783633d3d8f8,e3b0c44298fc1c149afbf4c8996fb92427ae41e4649b934ca495991b7852b855,无自定义结构约束,EXACT_MATCH,,ATLAS/experiment_artifacts/2026-09-26/rq3-constraint-audit/inputs/moreDetailedTest/0108.trace,ATLAS/benchmark/moreDetailedTest/0108.trace,,,,
moreDetailedTest/0109.trace,moreDetailedTest,3,2,8ec12fb251529d587f9c7bfa85915698457040f5698347c15730a5b132e737e3,e3b0c44298fc1c149afbf4c8996fb92427ae41e4649b934ca495991b7852b855,无自定义结构约束,EXACT_MATCH,,ATLAS/experiment_artifacts/2026-09-26/rq3-constraint-audit/inputs/moreDetailedTest/0109.trace,ATLAS/benchmark/moreDetailedTest/0109.trace,,,,
moreDetailedTest/0110.trace,moreDetailedTest,3,2,445da712e30b1b086a9e0e8f61293d61f4bda1d1077561e5a1b055e0af4c57ba,e3b0c44298fc1c149afbf4c8996fb92427ae41e4649b934ca495991b7852b855,无自定义结构约束,EXACT_MATCH,,ATLAS/experiment_artifacts/2026-09-26/rq3-constraint-audit/inputs/moreDetailedTest/0110.trace,ATLAS/benchmark/moreDetailedTest/0110.trace,,,,
moreDetailedTest/0111.trace,moreDetailedTest,3,2,1d0e331fcf1deb12361318c6fb38c3547878fecafbe59c5294d6c9e17c80a342,e3b0c44298fc1c149afbf4c8996fb92427ae41e4649b934ca495991b7852b855,无自定义结构约束,EXACT_MATCH,,ATLAS/experiment_artifacts/2026-09-26/rq3-constraint-audit/inputs/moreDetailedTest/0111.trace,ATLAS/benchmark/moreDetailedTest/0111.trace,,,,
moreDetailedTest/0112.trace,moreDetailedTest,3,2,d5f475dff0a5ba731cfdcc6437dc537c89a5ed705b4afab0107a9a972afc16e3,e3b0c44298fc1c149afbf4c8996fb92427ae41e4649b934ca495991b7852b855,无自定义结构约束,EXACT_MATCH,,ATLAS/experiment_artifacts/2026-09-26/rq3-constraint-audit/inputs/moreDetailedTest/0112.trace,ATLAS/benchmark/moreDetailedTest/0112.trace,,,,
moreDetailedTest/0113.trace,moreDetailedTest,10,2,6f6da48902bae6b3a98db814ddd95c545a8a3739feb97c0e73014d970977752b,e3b0c44298fc1c149afbf4c8996fb92427ae41e4649b934ca495991b7852b855,无自定义结构约束,EXACT_MATCH,,ATLAS/experiment_artifacts/2026-09-26/rq3-constraint-audit/inputs/moreDetailedTest/0113.trace,ATLAS/benchmark/moreDetailedTest/0113.trace,,,,
moreDetailedTest/0114.trace,moreDetailedTest,10,2,2ea1d82ac9204ab07a52af003d6040389a832af40666bd4d1e45f5418de3b9b3,e3b0c44298fc1c149afbf4c8996fb92427ae41e4649b934ca495991b7852b855,无自定义结构约束,EXACT_MATCH,,ATLAS/experiment_artifacts/2026-09-26/rq3-constraint-audit/inputs/moreDetailedTest/0114.trace,ATLAS/benchmark/moreDetailedTest/0114.trace,,,,
moreDetailedTest/0115.trace,moreDetailedTest,10,2,e9149199ba7d5f11e45e9d104609445822fd849841dd12aa3244cd919ccef66b,e3b0c44298fc1c149afbf4c8996fb92427ae41e4649b934ca495991b7852b855,无自定义结构约束,EXACT_MATCH,,ATLAS/experiment_artifacts/2026-09-26/rq3-constraint-audit/inputs/moreDetailedTest/0115.trace,ATLAS/benchmark/moreDetailedTest/0115.trace,,,,
moreDetailedTest/0116.trace,moreDetailedTest,10,2,e1187e99a8450685280d8bb5351d9a66e1fa7730045226eccd52297cf601220e,e3b0c44298fc1c149afbf4c8996fb92427ae41e4649b934ca495991b7852b855,无自定义结构约束,EXACT_MATCH,,ATLAS/experiment_artifacts/2026-09-26/rq3-constraint-audit/inputs/moreDetailedTest/0116.trace,ATLAS/benchmark/moreDetailedTest/0116.trace,,,,
moreDetailedTest/0117.trace,moreDetailedTest,10,2,76dbc214d1874e8253f6d92364d66cd50d8b08ce9ea7d0ac3ce4a182d4fca717,e3b0c44298fc1c149afbf4c8996fb92427ae41e4649b934ca495991b7852b855,无自定义结构约束,EXACT_MATCH,,ATLAS/experiment_artifacts/2026-09-26/rq3-constraint-audit/inputs/moreDetailedTest/0117.trace,ATLAS/benchmark/moreDetailedTest/0117.trace,,,,
moreDetailedTest/0118.trace,moreDetailedTest,10,2,2f2d16c7941c8a7decb207e77669ae1b40bc38b5434af65a3938a09f561b7f14,e3b0c44298fc1c149afbf4c8996fb92427ae41e4649b934ca495991b7852b855,无自定义结构约束,EXACT_MATCH,,ATLAS/experiment_artifacts/2026-09-26/rq3-constraint-audit/inputs/moreDetailedTest/0118.trace,ATLAS/benchmark/moreDetailedTest/0118.trace,,,,
moreDetailedTest/0119.trace,moreDetailedTest,10,2,49b137eb25ccdaaec4c110888d440b31e19e24a201ac87203126c16867fcd951,e3b0c44298fc1c149afbf4c8996fb92427ae41e4649b934ca495991b7852b855,无自定义结构约束,EXACT_MATCH,,ATLAS/experiment_artifacts/2026-09-26/rq3-constraint-audit/inputs/moreDetailedTest/0119.trace,ATLAS/benchmark/moreDetailedTest/0119.trace,,,,
moreDetailedTest/0120.trace,moreDetailedTest,10,2,91a9f15cfde58c0bacff183f60b1971facc7a630ed4deb5443206b7ca390c4d3,e3b0c44298fc1c149afbf4c8996fb92427ae41e4649b934ca495991b7852b855,无自定义结构约束,EXACT_MATCH,,ATLAS/experiment_artifacts/2026-09-26/rq3-constraint-audit/inputs/moreDetailedTest/0120.trace,ATLAS/benchmark/moreDetailedTest/0120.trace,,,,
moreDetailedTest/0121.trace,moreDetailedTest,10,2,0ea86f7bef51632ee46c979683db72c8f7c79fa406e09261e169821e11106e65,e3b0c44298fc1c149afbf4c8996fb92427ae41e4649b934ca495991b7852b855,无自定义结构约束,EXACT_MATCH,,ATLAS/experiment_artifacts/2026-09-26/rq3-constraint-audit/inputs/moreDetailedTest/0121.trace,ATLAS/benchmark/moreDetailedTest/0121.trace,,,,
moreDetailedTest/0122.trace,moreDetailedTest,10,2,33d0a3dd7e74e03f4b4a7aba4bb741234c3826128d8e470c39f807161b418e40,e3b0c44298fc1c149afbf4c8996fb92427ae41e4649b934ca495991b7852b855,无自定义结构约束,EXACT_MATCH,,ATLAS/experiment_artifacts/2026-09-26/rq3-constraint-audit/inputs/moreDetailedTest/0122.trace,ATLAS/benchmark/moreDetailedTest/0122.trace,,,,
moreDetailedTest/0123.trace,moreDetailedTest,10,2,799c541261dc3fd4e2fc4bb4fcd1dbbdb1575a6083b73e8f1f31e74d7dfac881,e3b0c44298fc1c149afbf4c8996fb92427ae41e4649b934ca495991b7852b855,无自定义结构约束,EXACT_MATCH,,ATLAS/experiment_artifacts/2026-09-26/rq3-constraint-audit/inputs/moreDetailedTest/0123.trace,ATLAS/benchmark/moreDetailedTest/0123.trace,,,,
moreDetailedTest/0124.trace,moreDetailedTest,10,2,e5d643710e9d85e0199f9b4e982504cbaa4a558eea405afca7c12f151949438a,e3b0c44298fc1c149afbf4c8996fb92427ae41e4649b934ca495991b7852b855,无自定义结构约束,EXACT_MATCH,,ATLAS/experiment_artifacts/2026-09-26/rq3-constraint-audit/inputs/moreDetailedTest/0124.trace,ATLAS/benchmark/moreDetailedTest/0124.trace,,,,
moreDetailedTest/0125.trace,moreDetailedTest,10,2,233d80713b6f37f3184f268f010e9254c92461fc3c5d55263b2cb151b00853ff,e3b0c44298fc1c149afbf4c8996fb92427ae41e4649b934ca495991b7852b855,无自定义结构约束,EXACT_MATCH,,ATLAS/experiment_artifacts/2026-09-26/rq3-constraint-audit/inputs/moreDetailedTest/0125.trace,ATLAS/benchmark/moreDetailedTest/0125.trace,,,,
moreDetailedTest/0126.trace,moreDetailedTest,10,2,0bbb5a1764156a21048ba4a347f3b48e98a1bbca67575c7d137d9697c3cf677d,e3b0c44298fc1c149afbf4c8996fb92427ae41e4649b934ca495991b7852b855,无自定义结构约束,EXACT_MATCH,,ATLAS/experiment_artifacts/2026-09-26/rq3-constraint-audit/inputs/moreDetailedTest/0126.trace,ATLAS/benchmark/moreDetailedTest/0126.trace,,,,
peterson/base/liveness1.trace,peterson,18,2,9f74b90d31d8148ebcac789e298f8c583860eb7a588bc1597f72b024cf5d4964,2d9df7af7d8884e7e857e5f9673e811205ce8a9106b28ecf32780e8687dbbe5b,Peterson：响应 + x6,EXACT_MATCH,,ATLAS/experiment_artifacts/2026-09-26/rq3-constraint-audit/inputs/peterson/base/liveness1.trace,ATLAS/benchmark/peterson/base/liveness1.trace,OfficialPeterson;NoSharedLiteralBranches;RequiredProposition(x6),NoSharedLiteralBranches,,
peterson/base/liveness2.trace,peterson,18,2,b9921457015aeeaa65008dbf2e68f3d42fc57f078bdbf3369e1e9961cf5a0f12,2d9df7af7d8884e7e857e5f9673e811205ce8a9106b28ecf32780e8687dbbe5b,Peterson：响应 + x6,EXACT_MATCH,,ATLAS/experiment_artifacts/2026-09-26/rq3-constraint-audit/inputs/peterson/base/liveness2.trace,ATLAS/benchmark/peterson/base/liveness2.trace,OfficialPeterson;NoSharedLiteralBranches;RequiredProposition(x6),NoSharedLiteralBranches,,
peterson/base/liveness3.trace,peterson,18,2,935a5ccb740869d35968bd1a207b5b32ee3a0c8ca58febd7c49e0c8d8ae331fb,2d9df7af7d8884e7e857e5f9673e811205ce8a9106b28ecf32780e8687dbbe5b,Peterson：响应 + x6,EXACT_MATCH,,ATLAS/experiment_artifacts/2026-09-26/rq3-constraint-audit/inputs/peterson/base/liveness3.trace,ATLAS/benchmark/peterson/base/liveness3.trace,OfficialPeterson;NoSharedLiteralBranches;RequiredProposition(x6),NoSharedLiteralBranches,,
peterson/base/liveness4.trace,peterson,18,2,29ea766bb803188ab64ad1d8626561a8c07f17f53304bbfc91ab193a033eee82,2d9df7af7d8884e7e857e5f9673e811205ce8a9106b28ecf32780e8687dbbe5b,Peterson：响应 + x6,EXACT_MATCH,,ATLAS/experiment_artifacts/2026-09-26/rq3-constraint-audit/inputs/peterson/base/liveness4.trace,ATLAS/benchmark/peterson/base/liveness4.trace,OfficialPeterson;NoSharedLiteralBranches;RequiredProposition(x6),NoSharedLiteralBranches,,
peterson/base/liveness5.trace,peterson,18,2,54276540f9728e2aa48738953ca9c762b12501349f13a14bee8f1f24746128f2,2d9df7af7d8884e7e857e5f9673e811205ce8a9106b28ecf32780e8687dbbe5b,Peterson：响应 + x6,EXACT_MATCH,,ATLAS/experiment_artifacts/2026-09-26/rq3-constraint-audit/inputs/peterson/base/liveness5.trace,ATLAS/benchmark/peterson/base/liveness5.trace,OfficialPeterson;NoSharedLiteralBranches;RequiredProposition(x6),NoSharedLiteralBranches,,
peterson/base/safety1.trace,peterson,18,2,1709e7620f34798171d9c4be273f0b651842d258231413892bb38ff4073fcffe,d58a9f51f5c1bc20f0078de05342722a1bf972de07a8d4d11d550cf51af247a6,"Peterson：安全 + x2,x8",EXACT_MATCH,,ATLAS/experiment_artifacts/2026-09-26/rq3-constraint-audit/inputs/peterson/base/safety1.trace,ATLAS/benchmark/peterson/base/safety1.trace,OfficialPeterson;NoSharedLiteralBranches;RequiredProposition(x2);RequiredProposition(x8),NoSharedLiteralBranches,,
peterson/base/safety2.trace,peterson,18,2,b21ce94b36972a5f84267a7d9097d947b602d808c00f3edd770cae2760b68477,d58a9f51f5c1bc20f0078de05342722a1bf972de07a8d4d11d550cf51af247a6,"Peterson：安全 + x2,x8",EXACT_MATCH,,ATLAS/experiment_artifacts/2026-09-26/rq3-constraint-audit/inputs/peterson/base/safety2.trace,ATLAS/benchmark/peterson/base/safety2.trace,OfficialPeterson;NoSharedLiteralBranches;RequiredProposition(x2);RequiredProposition(x8),NoSharedLiteralBranches,,
peterson/base/safety3.trace,peterson,18,2,0db0441662ed7a1303e119dff62fef04069ef455d9900c5d7e04f9e707fee1d1,d58a9f51f5c1bc20f0078de05342722a1bf972de07a8d4d11d550cf51af247a6,"Peterson：安全 + x2,x8",EXACT_MATCH,,ATLAS/experiment_artifacts/2026-09-26/rq3-constraint-audit/inputs/peterson/base/safety3.trace,ATLAS/benchmark/peterson/base/safety3.trace,OfficialPeterson;NoSharedLiteralBranches;RequiredProposition(x2);RequiredProposition(x8),NoSharedLiteralBranches,,
peterson/base/safety4.trace,peterson,18,2,76decb7b72704df66647a0ae76f100af83031927339299e129b9fa6fad9c4936,d58a9f51f5c1bc20f0078de05342722a1bf972de07a8d4d11d550cf51af247a6,"Peterson：安全 + x2,x8",EXACT_MATCH,,ATLAS/experiment_artifacts/2026-09-26/rq3-constraint-audit/inputs/peterson/base/safety4.trace,ATLAS/benchmark/peterson/base/safety4.trace,OfficialPeterson;NoSharedLiteralBranches;RequiredProposition(x2);RequiredProposition(x8),NoSharedLiteralBranches,,
peterson/base/safety5.trace,peterson,18,2,f0fd62ae634b43e64719507714c320f5e55b27b6718123ac0ee00880ffe0e576,d58a9f51f5c1bc20f0078de05342722a1bf972de07a8d4d11d550cf51af247a6,"Peterson：安全 + x2,x8",EXACT_MATCH,,ATLAS/experiment_artifacts/2026-09-26/rq3-constraint-audit/inputs/peterson/base/safety5.trace,ATLAS/benchmark/peterson/base/safety5.trace,OfficialPeterson;NoSharedLiteralBranches;RequiredProposition(x2);RequiredProposition(x8),NoSharedLiteralBranches,,
peterson/constrained/liveness1.trace,peterson,18,2,436612e2a9da4c1e24b3c3861fe2635e817a733e1dada8a9af60e3ec8df0b39c,21281860c5f6cc0bde50084cda9d9817440664e679750da612484f6b1f982da5,"Peterson：响应 + x6,x2",EXACT_MATCH,,ATLAS/experiment_artifacts/2026-09-26/rq3-constraint-audit/inputs/peterson/constrained/liveness1.trace,ATLAS/benchmark/peterson/constrained/liveness1.trace,OfficialPeterson;NoSharedLiteralBranches;RequiredProposition(x6);RequiredProposition(x2),NoSharedLiteralBranches,,
peterson/constrained/liveness2.trace,peterson,18,2,bc6618ef2a01f1246eb8470a660798f236d837c2fb5ff3330399689744559cc4,21281860c5f6cc0bde50084cda9d9817440664e679750da612484f6b1f982da5,"Peterson：响应 + x6,x2",EXACT_MATCH,,ATLAS/experiment_artifacts/2026-09-26/rq3-constraint-audit/inputs/peterson/constrained/liveness2.trace,ATLAS/benchmark/peterson/constrained/liveness2.trace,OfficialPeterson;NoSharedLiteralBranches;RequiredProposition(x6);RequiredProposition(x2),NoSharedLiteralBranches,,
peterson/constrained/liveness3.trace,peterson,18,2,75f8132730e01d323fc521584e06a256d30e4aa81f5e601ca5443b3acabaf149,21281860c5f6cc0bde50084cda9d9817440664e679750da612484f6b1f982da5,"Peterson：响应 + x6,x2",EXACT_MATCH,,ATLAS/experiment_artifacts/2026-09-26/rq3-constraint-audit/inputs/peterson/constrained/liveness3.trace,ATLAS/benchmark/peterson/constrained/liveness3.trace,OfficialPeterson;NoSharedLiteralBranches;RequiredProposition(x6);RequiredProposition(x2),NoSharedLiteralBranches,,
peterson/constrained/liveness4.trace,peterson,18,2,c90df4f57b91d92c7f4464050cd924aed3ab91b443d047f740db133d922f5830,21281860c5f6cc0bde50084cda9d9817440664e679750da612484f6b1f982da5,"Peterson：响应 + x6,x2",EXACT_MATCH,,ATLAS/experiment_artifacts/2026-09-26/rq3-constraint-audit/inputs/peterson/constrained/liveness4.trace,ATLAS/benchmark/peterson/constrained/liveness4.trace,OfficialPeterson;NoSharedLiteralBranches;RequiredProposition(x6);RequiredProposition(x2),NoSharedLiteralBranches,,
peterson/constrained/liveness5.trace,peterson,18,2,da3f05a0aa341b1d6a4c7b55e08647703fb1ebb4bf5bdb903f43f5b09960fb7d,21281860c5f6cc0bde50084cda9d9817440664e679750da612484f6b1f982da5,"Peterson：响应 + x6,x2",EXACT_MATCH,,ATLAS/experiment_artifacts/2026-09-26/rq3-constraint-audit/inputs/peterson/constrained/liveness5.trace,ATLAS/benchmark/peterson/constrained/liveness5.trace,OfficialPeterson;NoSharedLiteralBranches;RequiredProposition(x6);RequiredProposition(x2),NoSharedLiteralBranches,,
peterson/constrained/safety1.trace,peterson,18,2,a7514721bec1a23c88ece9f6ccc4b2d10a6d40c27cd2e4e1539495b430dd5cac,d58a9f51f5c1bc20f0078de05342722a1bf972de07a8d4d11d550cf51af247a6,"Peterson：安全 + x2,x8",EXACT_MATCH,,ATLAS/experiment_artifacts/2026-09-26/rq3-constraint-audit/inputs/peterson/constrained/safety1.trace,ATLAS/benchmark/peterson/constrained/safety1.trace,OfficialPeterson;NoSharedLiteralBranches;RequiredProposition(x2);RequiredProposition(x8),NoSharedLiteralBranches,,
peterson/constrained/safety2.trace,peterson,18,2,3f5bd67ef68b5ef5b325bb31ab60b8ac75627512bbf57c013f975c6e6fc98a67,d58a9f51f5c1bc20f0078de05342722a1bf972de07a8d4d11d550cf51af247a6,"Peterson：安全 + x2,x8",EXACT_MATCH,,ATLAS/experiment_artifacts/2026-09-26/rq3-constraint-audit/inputs/peterson/constrained/safety2.trace,ATLAS/benchmark/peterson/constrained/safety2.trace,OfficialPeterson;NoSharedLiteralBranches;RequiredProposition(x2);RequiredProposition(x8),NoSharedLiteralBranches,,
peterson/constrained/safety3.trace,peterson,18,2,6a75feff237f05f0ca5439f9326de8aa1d0571145ffe0ce5d7ffe5379959d7d2,d58a9f51f5c1bc20f0078de05342722a1bf972de07a8d4d11d550cf51af247a6,"Peterson：安全 + x2,x8",EXACT_MATCH,,ATLAS/experiment_artifacts/2026-09-26/rq3-constraint-audit/inputs/peterson/constrained/safety3.trace,ATLAS/benchmark/peterson/constrained/safety3.trace,OfficialPeterson;NoSharedLiteralBranches;RequiredProposition(x2);RequiredProposition(x8),NoSharedLiteralBranches,,
peterson/constrained/safety4.trace,peterson,18,2,4fefc8d74d8cf3e860693287ea83f2d494c62f417fdc2b40d64b00910affcad5,d58a9f51f5c1bc20f0078de05342722a1bf972de07a8d4d11d550cf51af247a6,"Peterson：安全 + x2,x8",EXACT_MATCH,,ATLAS/experiment_artifacts/2026-09-26/rq3-constraint-audit/inputs/peterson/constrained/safety4.trace,ATLAS/benchmark/peterson/constrained/safety4.trace,OfficialPeterson;NoSharedLiteralBranches;RequiredProposition(x2);RequiredProposition(x8),NoSharedLiteralBranches,,
peterson/constrained/safety5.trace,peterson,18,2,07ab14efea161edf075647b43b10ed3094c1200b01e9afd2baa374ac8d13c72a,d58a9f51f5c1bc20f0078de05342722a1bf972de07a8d4d11d550cf51af247a6,"Peterson：安全 + x2,x8",EXACT_MATCH,,ATLAS/experiment_artifacts/2026-09-26/rq3-constraint-audit/inputs/peterson/constrained/safety5.trace,ATLAS/benchmark/peterson/constrained/safety5.trace,OfficialPeterson;NoSharedLiteralBranches;RequiredProposition(x2);RequiredProposition(x8),NoSharedLiteralBranches,,
peterson/extra_traces/liveness1.trace,peterson,18,2,7eed97d678e572df7daa99fbc1517f81e508f56beed6884b75714a9e28105de0,2d9df7af7d8884e7e857e5f9673e811205ce8a9106b28ecf32780e8687dbbe5b,Peterson：响应 + x6,EXACT_MATCH,,ATLAS/experiment_artifacts/2026-09-26/rq3-constraint-audit/inputs/peterson/extra_traces/liveness1.trace,ATLAS/benchmark/peterson/extra_traces/liveness1.trace,OfficialPeterson;NoSharedLiteralBranches;RequiredProposition(x6),NoSharedLiteralBranches,,
peterson/extra_traces/liveness2.trace,peterson,18,2,e98338bab14ea5dea040b72c58025b914786076f578dbd0079e0cae84d36cfa1,2d9df7af7d8884e7e857e5f9673e811205ce8a9106b28ecf32780e8687dbbe5b,Peterson：响应 + x6,EXACT_MATCH,,ATLAS/experiment_artifacts/2026-09-26/rq3-constraint-audit/inputs/peterson/extra_traces/liveness2.trace,ATLAS/benchmark/peterson/extra_traces/liveness2.trace,OfficialPeterson;NoSharedLiteralBranches;RequiredProposition(x6),NoSharedLiteralBranches,,
peterson/extra_traces/liveness3.trace,peterson,18,2,92c08cb6b10d0d9c517c8acfcba4193a92fd802382d721f79ade0f27a73d17d4,2d9df7af7d8884e7e857e5f9673e811205ce8a9106b28ecf32780e8687dbbe5b,Peterson：响应 + x6,EXACT_MATCH,,ATLAS/experiment_artifacts/2026-09-26/rq3-constraint-audit/inputs/peterson/extra_traces/liveness3.trace,ATLAS/benchmark/peterson/extra_traces/liveness3.trace,OfficialPeterson;NoSharedLiteralBranches;RequiredProposition(x6),NoSharedLiteralBranches,,
peterson/extra_traces/liveness4.trace,peterson,18,2,f8f138045b1f9a38d77dff03f46afe71da8fd69753a76d702b83fbc3d4ca9d1e,2d9df7af7d8884e7e857e5f9673e811205ce8a9106b28ecf32780e8687dbbe5b,Peterson：响应 + x6,EXACT_MATCH,,ATLAS/experiment_artifacts/2026-09-26/rq3-constraint-audit/inputs/peterson/extra_traces/liveness4.trace,ATLAS/benchmark/peterson/extra_traces/liveness4.trace,OfficialPeterson;NoSharedLiteralBranches;RequiredProposition(x6),NoSharedLiteralBranches,,
peterson/extra_traces/liveness5.trace,peterson,18,2,f8f138045b1f9a38d77dff03f46afe71da8fd69753a76d702b83fbc3d4ca9d1e,2d9df7af7d8884e7e857e5f9673e811205ce8a9106b28ecf32780e8687dbbe5b,Peterson：响应 + x6,EXACT_MATCH,,ATLAS/experiment_artifacts/2026-09-26/rq3-constraint-audit/inputs/peterson/extra_traces/liveness5.trace,ATLAS/benchmark/peterson/extra_traces/liveness5.trace,OfficialPeterson;NoSharedLiteralBranches;RequiredProposition(x6),NoSharedLiteralBranches,,
peterson/extra_traces/safety1.trace,peterson,18,2,44374167637fffc7780883ea2ffadc6aa5a9d52993858c67804c85bd46dde8b0,d58a9f51f5c1bc20f0078de05342722a1bf972de07a8d4d11d550cf51af247a6,"Peterson：安全 + x2,x8",EXACT_MATCH,,ATLAS/experiment_artifacts/2026-09-26/rq3-constraint-audit/inputs/peterson/extra_traces/safety1.trace,ATLAS/benchmark/peterson/extra_traces/safety1.trace,OfficialPeterson;NoSharedLiteralBranches;RequiredProposition(x2);RequiredProposition(x8),NoSharedLiteralBranches,,
peterson/extra_traces/safety2.trace,peterson,18,2,4f391b540bb696c3ae5e5ee890a1981f1ff2bb1e40d069f920a0204c55b962a7,d58a9f51f5c1bc20f0078de05342722a1bf972de07a8d4d11d550cf51af247a6,"Peterson：安全 + x2,x8",EXACT_MATCH,,ATLAS/experiment_artifacts/2026-09-26/rq3-constraint-audit/inputs/peterson/extra_traces/safety2.trace,ATLAS/benchmark/peterson/extra_traces/safety2.trace,OfficialPeterson;NoSharedLiteralBranches;RequiredProposition(x2);RequiredProposition(x8),NoSharedLiteralBranches,,
peterson/extra_traces/safety3.trace,peterson,18,2,822bbdfec285344d5833e1b0df76f8bed0ca87ac6161f1a8b473902a809aa208,d58a9f51f5c1bc20f0078de05342722a1bf972de07a8d4d11d550cf51af247a6,"Peterson：安全 + x2,x8",EXACT_MATCH,,ATLAS/experiment_artifacts/2026-09-26/rq3-constraint-audit/inputs/peterson/extra_traces/safety3.trace,ATLAS/benchmark/peterson/extra_traces/safety3.trace,OfficialPeterson;NoSharedLiteralBranches;RequiredProposition(x2);RequiredProposition(x8),NoSharedLiteralBranches,,
peterson/extra_traces/safety4.trace,peterson,18,2,46ba74a4558a1e88f34b6db010bd7ef7d90143c2746a2ba88f6cf604915d9590,d58a9f51f5c1bc20f0078de05342722a1bf972de07a8d4d11d550cf51af247a6,"Peterson：安全 + x2,x8",EXACT_MATCH,,ATLAS/experiment_artifacts/2026-09-26/rq3-constraint-audit/inputs/peterson/extra_traces/safety4.trace,ATLAS/benchmark/peterson/extra_traces/safety4.trace,OfficialPeterson;NoSharedLiteralBranches;RequiredProposition(x2);RequiredProposition(x8),NoSharedLiteralBranches,,
peterson/extra_traces/safety5.trace,peterson,18,2,46ba74a4558a1e88f34b6db010bd7ef7d90143c2746a2ba88f6cf604915d9590,d58a9f51f5c1bc20f0078de05342722a1bf972de07a8d4d11d550cf51af247a6,"Peterson：安全 + x2,x8",EXACT_MATCH,,ATLAS/experiment_artifacts/2026-09-26/rq3-constraint-audit/inputs/peterson/extra_traces/safety5.trace,ATLAS/benchmark/peterson/extra_traces/safety5.trace,OfficialPeterson;NoSharedLiteralBranches;RequiredProposition(x2);RequiredProposition(x8),NoSharedLiteralBranches,,
robot/RAtrace/final21.trace,robot,2050,2,af03be7fbc2397df523c58e05c2defaa7a4b05c8c6eb92cfb3f3ad1f82887619,3733f60a5df184a1a381e400584e26e4a312f1424d294befcb81814046432891,Robot RA：5 条旧边,EXACT_MATCH,,ATLAS/experiment_artifacts/2026-09-26/rq3-constraint-audit/inputs/robot/RAtrace/final21.trace,ATLAS/benchmark/robot/RAtrace/final21.trace,OfficialRobotRA;Repair;NoDAGReuse;LeftNotEqualRight,NoDAGReuse(excludeLiterals=true);LeftNotEqualRight,And0:Binary(operator=AND);F0:Unary(operator=F);G0:Unary(operator=G);Neg0:Unary(operator=NOT);x0:Literal(proposition=x0);x2:Literal(proposition=x2),And0->G0;G0->Neg0;Neg0->x2;And0->F0;F0->x0
robot/RAtrace/final22.trace,robot,2050,2,0b9b256621c7879fdcbdecc7088b07bef8c4a9fac018b90a85c5dd4297609f1e,3733f60a5df184a1a381e400584e26e4a312f1424d294befcb81814046432891,Robot RA：5 条旧边,EXACT_MATCH,,ATLAS/experiment_artifacts/2026-09-26/rq3-constraint-audit/inputs/robot/RAtrace/final22.trace,ATLAS/benchmark/robot/RAtrace/final22.trace,OfficialRobotRA;Repair;NoDAGReuse;LeftNotEqualRight,NoDAGReuse(excludeLiterals=true);LeftNotEqualRight,And0:Binary(operator=AND);F0:Unary(operator=F);G0:Unary(operator=G);Neg0:Unary(operator=NOT);x0:Literal(proposition=x0);x2:Literal(proposition=x2),And0->G0;G0->Neg0;Neg0->x2;And0->F0;F0->x0
robot/RAtrace/final3.trace,robot,2050,2,d52f92767d36f3d527df04121ba2a665867ed41657526819f79a5e614af31b52,3733f60a5df184a1a381e400584e26e4a312f1424d294befcb81814046432891,Robot RA：5 条旧边,EXACT_MATCH,,ATLAS/experiment_artifacts/2026-09-26/rq3-constraint-audit/inputs/robot/RAtrace/final3.trace,ATLAS/benchmark/robot/RAtrace/final3.trace,OfficialRobotRA;Repair;NoDAGReuse;LeftNotEqualRight,NoDAGReuse(excludeLiterals=true);LeftNotEqualRight,And0:Binary(operator=AND);F0:Unary(operator=F);G0:Unary(operator=G);Neg0:Unary(operator=NOT);x0:Literal(proposition=x0);x2:Literal(proposition=x2),And0->G0;G0->Neg0;Neg0->x2;And0->F0;F0->x0
robot/RAtrace/final4.trace,robot,2050,2,a5ae4a200430e6b45dd22294c45e034aa637a3c5381915842e16f9e197ebf3d1,3733f60a5df184a1a381e400584e26e4a312f1424d294befcb81814046432891,Robot RA：5 条旧边,EXACT_MATCH,,ATLAS/experiment_artifacts/2026-09-26/rq3-constraint-audit/inputs/robot/RAtrace/final4.trace,ATLAS/benchmark/robot/RAtrace/final4.trace,OfficialRobotRA;Repair;NoDAGReuse;LeftNotEqualRight,NoDAGReuse(excludeLiterals=true);LeftNotEqualRight,And0:Binary(operator=AND);F0:Unary(operator=F);G0:Unary(operator=G);Neg0:Unary(operator=NOT);x0:Literal(proposition=x0);x2:Literal(proposition=x2),And0->G0;G0->Neg0;Neg0->x2;And0->F0;F0->x0
robot/RAtrace/final42.trace,robot,2050,2,c410198587a4c3beccbc1659edff2c0ce31d5894807f59174864ec099f479918,3733f60a5df184a1a381e400584e26e4a312f1424d294befcb81814046432891,Robot RA：5 条旧边,EXACT_MATCH,,ATLAS/experiment_artifacts/2026-09-26/rq3-constraint-audit/inputs/robot/RAtrace/final42.trace,ATLAS/benchmark/robot/RAtrace/final42.trace,OfficialRobotRA;Repair;NoDAGReuse;LeftNotEqualRight,NoDAGReuse(excludeLiterals=true);LeftNotEqualRight,And0:Binary(operator=AND);F0:Unary(operator=F);G0:Unary(operator=G);Neg0:Unary(operator=NOT);x0:Literal(proposition=x0);x2:Literal(proposition=x2),And0->G0;G0->Neg0;Neg0->x2;And0->F0;F0->x0
robot/RAtrace/final43.trace,robot,2050,2,f3abfe251eefe4d2d051eac82b6f9c20ccec52b03eca225b50d950cfc41f3c42,3733f60a5df184a1a381e400584e26e4a312f1424d294befcb81814046432891,Robot RA：5 条旧边,EXACT_MATCH,,ATLAS/experiment_artifacts/2026-09-26/rq3-constraint-audit/inputs/robot/RAtrace/final43.trace,ATLAS/benchmark/robot/RAtrace/final43.trace,OfficialRobotRA;Repair;NoDAGReuse;LeftNotEqualRight,NoDAGReuse(excludeLiterals=true);LeftNotEqualRight,And0:Binary(operator=AND);F0:Unary(operator=F);G0:Unary(operator=G);Neg0:Unary(operator=NOT);x0:Literal(proposition=x0);x2:Literal(proposition=x2),And0->G0;G0->Neg0;Neg0->x2;And0->F0;F0->x0
robot/RAtrace/final44.trace,robot,2050,2,1b07920e1c3da943d037e93424f5264ce49246d6f0dedbd0e16add04b1619b2e,3733f60a5df184a1a381e400584e26e4a312f1424d294befcb81814046432891,Robot RA：5 条旧边,EXACT_MATCH,,ATLAS/experiment_artifacts/2026-09-26/rq3-constraint-audit/inputs/robot/RAtrace/final44.trace,ATLAS/benchmark/robot/RAtrace/final44.trace,OfficialRobotRA;Repair;NoDAGReuse;LeftNotEqualRight,NoDAGReuse(excludeLiterals=true);LeftNotEqualRight,And0:Binary(operator=AND);F0:Unary(operator=F);G0:Unary(operator=G);Neg0:Unary(operator=NOT);x0:Literal(proposition=x0);x2:Literal(proposition=x2),And0->G0;G0->Neg0;Neg0->x2;And0->F0;F0->x0
robot/RAtrace/final45.trace,robot,2050,2,1d2034a84262dfb83192aee474f05d2c625c98a90d17797a383715a63f78c1fe,3733f60a5df184a1a381e400584e26e4a312f1424d294befcb81814046432891,Robot RA：5 条旧边,EXACT_MATCH,,ATLAS/experiment_artifacts/2026-09-26/rq3-constraint-audit/inputs/robot/RAtrace/final45.trace,ATLAS/benchmark/robot/RAtrace/final45.trace,OfficialRobotRA;Repair;NoDAGReuse;LeftNotEqualRight,NoDAGReuse(excludeLiterals=true);LeftNotEqualRight,And0:Binary(operator=AND);F0:Unary(operator=F);G0:Unary(operator=G);Neg0:Unary(operator=NOT);x0:Literal(proposition=x0);x2:Literal(proposition=x2),And0->G0;G0->Neg0;Neg0->x2;And0->F0;F0->x0
robot/RAtrace/final46.trace,robot,2050,2,207fa315da07ed9a18322159e205289fa4a931233fb2b6ad76b6094e97d812c9,3733f60a5df184a1a381e400584e26e4a312f1424d294befcb81814046432891,Robot RA：5 条旧边,EXACT_MATCH,,ATLAS/experiment_artifacts/2026-09-26/rq3-constraint-audit/inputs/robot/RAtrace/final46.trace,ATLAS/benchmark/robot/RAtrace/final46.trace,OfficialRobotRA;Repair;NoDAGReuse;LeftNotEqualRight,NoDAGReuse(excludeLiterals=true);LeftNotEqualRight,And0:Binary(operator=AND);F0:Unary(operator=F);G0:Unary(operator=G);Neg0:Unary(operator=NOT);x0:Literal(proposition=x0);x2:Literal(proposition=x2),And0->G0;G0->Neg0;Neg0->x2;And0->F0;F0->x0
robot/RAtrace/final47.trace,robot,2050,2,4ff6be8138b02f068b8dfdc6d6d6c11acc948cd5db92be07ca3bac992328485e,3733f60a5df184a1a381e400584e26e4a312f1424d294befcb81814046432891,Robot RA：5 条旧边,EXACT_MATCH,,ATLAS/experiment_artifacts/2026-09-26/rq3-constraint-audit/inputs/robot/RAtrace/final47.trace,ATLAS/benchmark/robot/RAtrace/final47.trace,OfficialRobotRA;Repair;NoDAGReuse;LeftNotEqualRight,NoDAGReuse(excludeLiterals=true);LeftNotEqualRight,And0:Binary(operator=AND);F0:Unary(operator=F);G0:Unary(operator=G);Neg0:Unary(operator=NOT);x0:Literal(proposition=x0);x2:Literal(proposition=x2),And0->G0;G0->Neg0;Neg0->x2;And0->F0;F0->x0
robot/RRtrace/order.trace,robot,1026,2,8d2432b2486743e83d897ec36aea2cc3fd34384dcb4fa6fba9fe4106670853a1,1a473c559fe6857a0353880925b32cc2275b8a1e9d70b904606e811afb5a9a19,Robot RR：4 条旧边 + NNF,EXACT_MATCH,,ATLAS/experiment_artifacts/2026-09-26/rq3-constraint-audit/inputs/robot/RRtrace/order.trace,ATLAS/benchmark/robot/RRtrace/order.trace,OfficialRobotRR;Repair;NoDAGReuse;LeftNotEqualRight,NoDAGReuse(excludeLiterals=true);LeftNotEqualRight,And0:Binary(operator=AND);F0:Unary(operator=F);F1:Unary(operator=F);x0:Literal(proposition=x0);x1:Literal(proposition=x1),And0->F0;F0->x0;And0->F1;F1->x1
robot/RRtrace/order1.trace,robot,2050,2,a3abe8fbb73a4ecb60647b73556a968ea82771067cb68363c346c66c539cb423,1a473c559fe6857a0353880925b32cc2275b8a1e9d70b904606e811afb5a9a19,Robot RR：4 条旧边 + NNF,EXACT_MATCH,,ATLAS/experiment_artifacts/2026-09-26/rq3-constraint-audit/inputs/robot/RRtrace/order1.trace,ATLAS/benchmark/robot/RRtrace/order1.trace,OfficialRobotRR;Repair;NoDAGReuse;LeftNotEqualRight,NoDAGReuse(excludeLiterals=true);LeftNotEqualRight,And0:Binary(operator=AND);F0:Unary(operator=F);F1:Unary(operator=F);x0:Literal(proposition=x0);x1:Literal(proposition=x1),And0->F0;F0->x0;And0->F1;F1->x1
robot/RRtrace/order10.trace,robot,2050,2,d3a64270a7ff1cee5aede758295552e7ce71372dfa5e44d2b2d059e5d381baef,1a473c559fe6857a0353880925b32cc2275b8a1e9d70b904606e811afb5a9a19,Robot RR：4 条旧边 + NNF,EXACT_MATCH,,ATLAS/experiment_artifacts/2026-09-26/rq3-constraint-audit/inputs/robot/RRtrace/order10.trace,ATLAS/benchmark/robot/RRtrace/order10.trace,OfficialRobotRR;Repair;NoDAGReuse;LeftNotEqualRight,NoDAGReuse(excludeLiterals=true);LeftNotEqualRight,And0:Binary(operator=AND);F0:Unary(operator=F);F1:Unary(operator=F);x0:Literal(proposition=x0);x1:Literal(proposition=x1),And0->F0;F0->x0;And0->F1;F1->x1
robot/RRtrace/order2.trace,robot,2050,2,e15fb553ba3dbcd97ba8b963a288ed089576ea6dbe9e43da2e5211fbbdc3cb7b,1a473c559fe6857a0353880925b32cc2275b8a1e9d70b904606e811afb5a9a19,Robot RR：4 条旧边 + NNF,EXACT_MATCH,,ATLAS/experiment_artifacts/2026-09-26/rq3-constraint-audit/inputs/robot/RRtrace/order2.trace,ATLAS/benchmark/robot/RRtrace/order2.trace,OfficialRobotRR;Repair;NoDAGReuse;LeftNotEqualRight,NoDAGReuse(excludeLiterals=true);LeftNotEqualRight,And0:Binary(operator=AND);F0:Unary(operator=F);F1:Unary(operator=F);x0:Literal(proposition=x0);x1:Literal(proposition=x1),And0->F0;F0->x0;And0->F1;F1->x1
robot/RRtrace/order4.trace,robot,2050,2,ecdb87e848eb2d2b28ac368ff2d59d2674f234bc6bac47938879c4083870627c,1a473c559fe6857a0353880925b32cc2275b8a1e9d70b904606e811afb5a9a19,Robot RR：4 条旧边 + NNF,EXACT_MATCH,,ATLAS/experiment_artifacts/2026-09-26/rq3-constraint-audit/inputs/robot/RRtrace/order4.trace,ATLAS/benchmark/robot/RRtrace/order4.trace,OfficialRobotRR;Repair;NoDAGReuse;LeftNotEqualRight,NoDAGReuse(excludeLiterals=true);LeftNotEqualRight,And0:Binary(operator=AND);F0:Unary(operator=F);F1:Unary(operator=F);x0:Literal(proposition=x0);x1:Literal(proposition=x1),And0->F0;F0->x0;And0->F1;F1->x1
robot/RRtrace/order5.trace,robot,2050,2,6910c58345fa6ec2a989eacc9a6333c5f4ec9b1198d2398d9d4550b1196f6534,1a473c559fe6857a0353880925b32cc2275b8a1e9d70b904606e811afb5a9a19,Robot RR：4 条旧边 + NNF,EXACT_MATCH,,ATLAS/experiment_artifacts/2026-09-26/rq3-constraint-audit/inputs/robot/RRtrace/order5.trace,ATLAS/benchmark/robot/RRtrace/order5.trace,OfficialRobotRR;Repair;NoDAGReuse;LeftNotEqualRight,NoDAGReuse(excludeLiterals=true);LeftNotEqualRight,And0:Binary(operator=AND);F0:Unary(operator=F);F1:Unary(operator=F);x0:Literal(proposition=x0);x1:Literal(proposition=x1),And0->F0;F0->x0;And0->F1;F1->x1
robot/RRtrace/order6.trace,robot,2050,2,6fa60cb707ea5016a8f17a93532f56a28194e5957c1b9ac3d6518ad16aea2bb5,1a473c559fe6857a0353880925b32cc2275b8a1e9d70b904606e811afb5a9a19,Robot RR：4 条旧边 + NNF,EXACT_MATCH,,ATLAS/experiment_artifacts/2026-09-26/rq3-constraint-audit/inputs/robot/RRtrace/order6.trace,ATLAS/benchmark/robot/RRtrace/order6.trace,OfficialRobotRR;Repair;NoDAGReuse;LeftNotEqualRight,NoDAGReuse(excludeLiterals=true);LeftNotEqualRight,And0:Binary(operator=AND);F0:Unary(operator=F);F1:Unary(operator=F);x0:Literal(proposition=x0);x1:Literal(proposition=x1),And0->F0;F0->x0;And0->F1;F1->x1
robot/RRtrace/order7.trace,robot,2050,2,302c3bc981a3d214adaaa21af2874eea620879b1c4318b2fd230347c8f2c02bf,1a473c559fe6857a0353880925b32cc2275b8a1e9d70b904606e811afb5a9a19,Robot RR：4 条旧边 + NNF,EXACT_MATCH,,ATLAS/experiment_artifacts/2026-09-26/rq3-constraint-audit/inputs/robot/RRtrace/order7.trace,ATLAS/benchmark/robot/RRtrace/order7.trace,OfficialRobotRR;Repair;NoDAGReuse;LeftNotEqualRight,NoDAGReuse(excludeLiterals=true);LeftNotEqualRight,And0:Binary(operator=AND);F0:Unary(operator=F);F1:Unary(operator=F);x0:Literal(proposition=x0);x1:Literal(proposition=x1),And0->F0;F0->x0;And0->F1;F1->x1
robot/RRtrace/order8.trace,robot,2050,2,f6af61f7ecc7792d6b397b019339d1e1ae21db5834d7641fbdfa69f2553aee1e,1a473c559fe6857a0353880925b32cc2275b8a1e9d70b904606e811afb5a9a19,Robot RR：4 条旧边 + NNF,EXACT_MATCH,,ATLAS/experiment_artifacts/2026-09-26/rq3-constraint-audit/inputs/robot/RRtrace/order8.trace,ATLAS/benchmark/robot/RRtrace/order8.trace,OfficialRobotRR;Repair;NoDAGReuse;LeftNotEqualRight,NoDAGReuse(excludeLiterals=true);LeftNotEqualRight,And0:Binary(operator=AND);F0:Unary(operator=F);F1:Unary(operator=F);x0:Literal(proposition=x0);x1:Literal(proposition=x1),And0->F0;F0->x0;And0->F1;F1->x1
robot/RRtrace/order9.trace,robot,2050,2,16897599aa8b78ff3b95727250a7e104d28173d2048cb2096a96454eb1994c31,1a473c559fe6857a0353880925b32cc2275b8a1e9d70b904606e811afb5a9a19,Robot RR：4 条旧边 + NNF,EXACT_MATCH,,ATLAS/experiment_artifacts/2026-09-26/rq3-constraint-audit/inputs/robot/RRtrace/order9.trace,ATLAS/benchmark/robot/RRtrace/order9.trace,OfficialRobotRR;Repair;NoDAGReuse;LeftNotEqualRight,NoDAGReuse(excludeLiterals=true);LeftNotEqualRight,And0:Binary(operator=AND);F0:Unary(operator=F);F1:Unary(operator=F);x0:Literal(proposition=x0);x1:Literal(proposition=x1),And0->F0;F0->x0;And0->F1;F1->x1
voting_machine/voting10.trace,voting_machine,13,2,079adb71eea70013881ed60e6b31f588513a832d18cf5e8e758c3eaef1d1e6b2,26a1c5cdf634c218b7ec6578b1e99d466faacef0ee46f3f0bf3df29e92cfa4f7,Voting：根 G + NNF,EXACT_MATCH,,ATLAS/experiment_artifacts/2026-09-26/rq3-constraint-audit/inputs/voting_machine/voting10.trace,ATLAS/benchmark/voting_machine/voting10.trace,OfficialVoting;NNF,,,
voting_machine/voting13.trace,voting_machine,13,2,8d375b1aaaf8aad8347aa3febb6c753115efed45cd7b48c1d223ee2baf1d6e68,26a1c5cdf634c218b7ec6578b1e99d466faacef0ee46f3f0bf3df29e92cfa4f7,Voting：根 G + NNF,EXACT_MATCH,,ATLAS/experiment_artifacts/2026-09-26/rq3-constraint-audit/inputs/voting_machine/voting13.trace,ATLAS/benchmark/voting_machine/voting13.trace,OfficialVoting;NNF,,,
voting_machine/voting14.trace,voting_machine,13,2,e75441430d5355f3357451f1532cd997d897a3e1ca480ce1eff14da891d99d35,26a1c5cdf634c218b7ec6578b1e99d466faacef0ee46f3f0bf3df29e92cfa4f7,Voting：根 G + NNF,EXACT_MATCH,,ATLAS/experiment_artifacts/2026-09-26/rq3-constraint-audit/inputs/voting_machine/voting14.trace,ATLAS/benchmark/voting_machine/voting14.trace,OfficialVoting;NNF,,,
voting_machine/voting2.trace,voting_machine,13,2,9c56c57ce88a43702403585d2561076b6ec82d857cb441112ff537fd2a49149c,45efdf2ac6601915ba5a4a2cb7ae27bb967933be1a1beebd11b26b0af231a3cb,Voting：仅根 G,EXACT_MATCH,,ATLAS/experiment_artifacts/2026-09-26/rq3-constraint-audit/inputs/voting_machine/voting2.trace,ATLAS/benchmark/voting_machine/voting2.trace,OfficialVoting,,,
voting_machine/voting3.trace,voting_machine,13,2,f2fc24d8ecd656cd2276a9409f2feb061f97049411552f1e9f4e73e455ef246b,26a1c5cdf634c218b7ec6578b1e99d466faacef0ee46f3f0bf3df29e92cfa4f7,Voting：根 G + NNF,EXACT_MATCH,,ATLAS/experiment_artifacts/2026-09-26/rq3-constraint-audit/inputs/voting_machine/voting3.trace,ATLAS/benchmark/voting_machine/voting3.trace,OfficialVoting;NNF,,,
voting_machine/voting4.trace,voting_machine,13,2,556d787d7e05cb7675b4926bc6b9b5f6a3ac18cc80154776e3a9763a0044ab1b,26a1c5cdf634c218b7ec6578b1e99d466faacef0ee46f3f0bf3df29e92cfa4f7,Voting：根 G + NNF,EXACT_MATCH,,ATLAS/experiment_artifacts/2026-09-26/rq3-constraint-audit/inputs/voting_machine/voting4.trace,ATLAS/benchmark/voting_machine/voting4.trace,OfficialVoting;NNF,,,
voting_machine/voting5.trace,voting_machine,13,2,aaa7c5f9eb05af40920404aac394187c62a6c0f9a833f1d632b7161d62146a5a,26a1c5cdf634c218b7ec6578b1e99d466faacef0ee46f3f0bf3df29e92cfa4f7,Voting：根 G + NNF,EXACT_MATCH,,ATLAS/experiment_artifacts/2026-09-26/rq3-constraint-audit/inputs/voting_machine/voting5.trace,ATLAS/benchmark/voting_machine/voting5.trace,OfficialVoting;NNF,,,
voting_machine/voting7.trace,voting_machine,13,2,7888b9164013ee9e3bda61ed3f68d1215476addfb60c72275f26f45b5a9fd9de,26a1c5cdf634c218b7ec6578b1e99d466faacef0ee46f3f0bf3df29e92cfa4f7,Voting：根 G + NNF,EXACT_MATCH,,ATLAS/experiment_artifacts/2026-09-26/rq3-constraint-audit/inputs/voting_machine/voting7.trace,ATLAS/benchmark/voting_machine/voting7.trace,OfficialVoting;NNF,,,
voting_machine/voting8.trace,voting_machine,13,2,0f40eb0be74a98d28e428327dd6a20b96b94e0173b39f5bd4707dcc871294515,26a1c5cdf634c218b7ec6578b1e99d466faacef0ee46f3f0bf3df29e92cfa4f7,Voting：根 G + NNF,EXACT_MATCH,,ATLAS/experiment_artifacts/2026-09-26/rq3-constraint-audit/inputs/voting_machine/voting8.trace,ATLAS/benchmark/voting_machine/voting8.trace,OfficialVoting;NNF,,,
voting_machine/voting9.trace,voting_machine,13,2,761eea46d30389b096d8a253e3b8e75dc91b12368c64d27bf30bcba8785f4f11,26a1c5cdf634c218b7ec6578b1e99d466faacef0ee46f3f0bf3df29e92cfa4f7,Voting：根 G + NNF,EXACT_MATCH,,ATLAS/experiment_artifacts/2026-09-26/rq3-constraint-audit/inputs/voting_machine/voting9.trace,ATLAS/benchmark/voting_machine/voting9.trace,OfficialVoting;NNF,,,
weakening/weaken_antecedent/weaken_antecedent_100_10_10.trace,weakening,10,2,1f56e77af956ff172ba6e53ae010447277162d55ae172957c38fbe0cd21b921e,6793473afd9b8a8ec3a6c146d3e2f3b76d3d7cedbb5603fd69c5a251adad7319,Weakening antecedent 模板,EXACT_MATCH,,ATLAS/experiment_artifacts/2026-09-26/rq3-constraint-audit/inputs/weakening/weaken_antecedent/weaken_antecedent_100_10_10.trace,ATLAS/benchmark/weakening/weaken_antecedent/weaken_antecedent_100_10_10.trace,OfficialWeakeningAntecedent,,,
weakening/weaken_antecedent/weaken_antecedent_10_100_100.trace,weakening,10,2,47f99673f32c3451ee99bf19eff34e1a11996ede4e1a21dcae7155dbfd322499,6793473afd9b8a8ec3a6c146d3e2f3b76d3d7cedbb5603fd69c5a251adad7319,Weakening antecedent 模板,EXACT_MATCH,,ATLAS/experiment_artifacts/2026-09-26/rq3-constraint-audit/inputs/weakening/weaken_antecedent/weaken_antecedent_10_100_100.trace,ATLAS/benchmark/weakening/weaken_antecedent/weaken_antecedent_10_100_100.trace,OfficialWeakeningAntecedent,,,
weakening/weaken_antecedent/weaken_antecedent_10_10_10.trace,weakening,10,2,1d16ac8a55469f2c1f084b1a4f1f6ede012b08c6e25b9c2d5bcbc4b81e4301e2,6793473afd9b8a8ec3a6c146d3e2f3b76d3d7cedbb5603fd69c5a251adad7319,Weakening antecedent 模板,EXACT_MATCH,,ATLAS/experiment_artifacts/2026-09-26/rq3-constraint-audit/inputs/weakening/weaken_antecedent/weaken_antecedent_10_10_10.trace,ATLAS/benchmark/weakening/weaken_antecedent/weaken_antecedent_10_10_10.trace,OfficialWeakeningAntecedent,,,
weakening/weaken_antecedent/weaken_antecedent_10_15_15.trace,weakening,10,2,ee3baf4b8a51686c03e077f3ab3e7a26cef02c3661579201bb0f6e1ba615e40d,6793473afd9b8a8ec3a6c146d3e2f3b76d3d7cedbb5603fd69c5a251adad7319,Weakening antecedent 模板,EXACT_MATCH,,ATLAS/experiment_artifacts/2026-09-26/rq3-constraint-audit/inputs/weakening/weaken_antecedent/weaken_antecedent_10_15_15.trace,ATLAS/benchmark/weakening/weaken_antecedent/weaken_antecedent_10_15_15.trace,OfficialWeakeningAntecedent,,,
weakening/weaken_antecedent/weaken_antecedent_10_20_20.trace,weakening,10,2,c0c3779981abb70483cb3427fd703a2fdabd36ef9955a8fc1bc68dcfbf6d71b7,6793473afd9b8a8ec3a6c146d3e2f3b76d3d7cedbb5603fd69c5a251adad7319,Weakening antecedent 模板,EXACT_MATCH,,ATLAS/experiment_artifacts/2026-09-26/rq3-constraint-audit/inputs/weakening/weaken_antecedent/weaken_antecedent_10_20_20.trace,ATLAS/benchmark/weakening/weaken_antecedent/weaken_antecedent_10_20_20.trace,OfficialWeakeningAntecedent,,,
weakening/weaken_antecedent/weaken_antecedent_10_25_25.trace,weakening,10,2,ee34379ba72ceb1e1371b30d42f4abfc6d8ad7d350bdba4591240b363a3c9e41,6793473afd9b8a8ec3a6c146d3e2f3b76d3d7cedbb5603fd69c5a251adad7319,Weakening antecedent 模板,EXACT_MATCH,,ATLAS/experiment_artifacts/2026-09-26/rq3-constraint-audit/inputs/weakening/weaken_antecedent/weaken_antecedent_10_25_25.trace,ATLAS/benchmark/weakening/weaken_antecedent/weaken_antecedent_10_25_25.trace,OfficialWeakeningAntecedent,,,
weakening/weaken_antecedent/weaken_antecedent_10_30_30.trace,weakening,10,2,3c8e932449f3e88f2a128f240b31e04b69aeea0335eb4da21b18fd713280a1eb,6793473afd9b8a8ec3a6c146d3e2f3b76d3d7cedbb5603fd69c5a251adad7319,Weakening antecedent 模板,EXACT_MATCH,,ATLAS/experiment_artifacts/2026-09-26/rq3-constraint-audit/inputs/weakening/weaken_antecedent/weaken_antecedent_10_30_30.trace,ATLAS/benchmark/weakening/weaken_antecedent/weaken_antecedent_10_30_30.trace,OfficialWeakeningAntecedent,,,
weakening/weaken_antecedent/weaken_antecedent_10_35_35.trace,weakening,10,2,2fbb8c1ea23703d603ed84d6596880d307bc51683c556fd3a8ba35699dddeb63,6793473afd9b8a8ec3a6c146d3e2f3b76d3d7cedbb5603fd69c5a251adad7319,Weakening antecedent 模板,EXACT_MATCH,,ATLAS/experiment_artifacts/2026-09-26/rq3-constraint-audit/inputs/weakening/weaken_antecedent/weaken_antecedent_10_35_35.trace,ATLAS/benchmark/weakening/weaken_antecedent/weaken_antecedent_10_35_35.trace,OfficialWeakeningAntecedent,,,
weakening/weaken_antecedent/weaken_antecedent_10_40_40.trace,weakening,10,2,da7403f27aa1f158185699577aa2ae3c4d8afc04a47d8b75c6cb34f76848b83a,6793473afd9b8a8ec3a6c146d3e2f3b76d3d7cedbb5603fd69c5a251adad7319,Weakening antecedent 模板,EXACT_MATCH,,ATLAS/experiment_artifacts/2026-09-26/rq3-constraint-audit/inputs/weakening/weaken_antecedent/weaken_antecedent_10_40_40.trace,ATLAS/benchmark/weakening/weaken_antecedent/weaken_antecedent_10_40_40.trace,OfficialWeakeningAntecedent,,,
weakening/weaken_antecedent/weaken_antecedent_10_45_45.trace,weakening,10,2,c17f263404864717851c58796941e27a9ef40f021b727a7d93ff3dcff8e90773,6793473afd9b8a8ec3a6c146d3e2f3b76d3d7cedbb5603fd69c5a251adad7319,Weakening antecedent 模板,EXACT_MATCH,,ATLAS/experiment_artifacts/2026-09-26/rq3-constraint-audit/inputs/weakening/weaken_antecedent/weaken_antecedent_10_45_45.trace,ATLAS/benchmark/weakening/weaken_antecedent/weaken_antecedent_10_45_45.trace,OfficialWeakeningAntecedent,,,
weakening/weaken_antecedent/weaken_antecedent_10_50_50.trace,weakening,10,2,c432653b44c0a92c7d83fab8c1cbd28b66f0755a7e0883a7572a2a88fed5b337,6793473afd9b8a8ec3a6c146d3e2f3b76d3d7cedbb5603fd69c5a251adad7319,Weakening antecedent 模板,EXACT_MATCH,,ATLAS/experiment_artifacts/2026-09-26/rq3-constraint-audit/inputs/weakening/weaken_antecedent/weaken_antecedent_10_50_50.trace,ATLAS/benchmark/weakening/weaken_antecedent/weaken_antecedent_10_50_50.trace,OfficialWeakeningAntecedent,,,
weakening/weaken_antecedent/weaken_antecedent_10_55_55.trace,weakening,10,2,a2e61bb3c3c23c964aa5ad90640457a10f48e02bba0d14da706c9be6d3055589,6793473afd9b8a8ec3a6c146d3e2f3b76d3d7cedbb5603fd69c5a251adad7319,Weakening antecedent 模板,EXACT_MATCH,,ATLAS/experiment_artifacts/2026-09-26/rq3-constraint-audit/inputs/weakening/weaken_antecedent/weaken_antecedent_10_55_55.trace,ATLAS/benchmark/weakening/weaken_antecedent/weaken_antecedent_10_55_55.trace,OfficialWeakeningAntecedent,,,
weakening/weaken_antecedent/weaken_antecedent_10_5_5.trace,weakening,10,2,ab9aab936ac54d3de4d2d844ae6e20105dfae44bc22f740105077681303e11a0,6793473afd9b8a8ec3a6c146d3e2f3b76d3d7cedbb5603fd69c5a251adad7319,Weakening antecedent 模板,EXACT_MATCH,,ATLAS/experiment_artifacts/2026-09-26/rq3-constraint-audit/inputs/weakening/weaken_antecedent/weaken_antecedent_10_5_5.trace,ATLAS/benchmark/weakening/weaken_antecedent/weaken_antecedent_10_5_5.trace,OfficialWeakeningAntecedent,,,
weakening/weaken_antecedent/weaken_antecedent_10_60_60.trace,weakening,10,2,d5a68f897fbabe48af83bd0d5d9238e3b40984e471b5de303dac8061f0ffca2b,6793473afd9b8a8ec3a6c146d3e2f3b76d3d7cedbb5603fd69c5a251adad7319,Weakening antecedent 模板,EXACT_MATCH,,ATLAS/experiment_artifacts/2026-09-26/rq3-constraint-audit/inputs/weakening/weaken_antecedent/weaken_antecedent_10_60_60.trace,ATLAS/benchmark/weakening/weaken_antecedent/weaken_antecedent_10_60_60.trace,OfficialWeakeningAntecedent,,,
weakening/weaken_antecedent/weaken_antecedent_10_65_65.trace,weakening,10,2,57e83124523f8160a59ba2b9ca02c40028dad10d6d99663276024ca58d4ef99b,6793473afd9b8a8ec3a6c146d3e2f3b76d3d7cedbb5603fd69c5a251adad7319,Weakening antecedent 模板,EXACT_MATCH,,ATLAS/experiment_artifacts/2026-09-26/rq3-constraint-audit/inputs/weakening/weaken_antecedent/weaken_antecedent_10_65_65.trace,ATLAS/benchmark/weakening/weaken_antecedent/weaken_antecedent_10_65_65.trace,OfficialWeakeningAntecedent,,,
weakening/weaken_antecedent/weaken_antecedent_10_70_70.trace,weakening,10,2,1cb611222a93edfea7ba8779c12bc0944cf9f903952ddcce5c8337a029260877,6793473afd9b8a8ec3a6c146d3e2f3b76d3d7cedbb5603fd69c5a251adad7319,Weakening antecedent 模板,EXACT_MATCH,,ATLAS/experiment_artifacts/2026-09-26/rq3-constraint-audit/inputs/weakening/weaken_antecedent/weaken_antecedent_10_70_70.trace,ATLAS/benchmark/weakening/weaken_antecedent/weaken_antecedent_10_70_70.trace,OfficialWeakeningAntecedent,,,
weakening/weaken_antecedent/weaken_antecedent_10_75_75.trace,weakening,10,2,9c86899e809b70b786263b9d3b13475131052f5b1b03d28a1183d7ab10a8996a,6793473afd9b8a8ec3a6c146d3e2f3b76d3d7cedbb5603fd69c5a251adad7319,Weakening antecedent 模板,EXACT_MATCH,,ATLAS/experiment_artifacts/2026-09-26/rq3-constraint-audit/inputs/weakening/weaken_antecedent/weaken_antecedent_10_75_75.trace,ATLAS/benchmark/weakening/weaken_antecedent/weaken_antecedent_10_75_75.trace,OfficialWeakeningAntecedent,,,
weakening/weaken_antecedent/weaken_antecedent_10_80_80.trace,weakening,10,2,d56277d5d9f58443700f575e34a405a2d742f8795534a5f02eca45b37e187ea5,6793473afd9b8a8ec3a6c146d3e2f3b76d3d7cedbb5603fd69c5a251adad7319,Weakening antecedent 模板,EXACT_MATCH,,ATLAS/experiment_artifacts/2026-09-26/rq3-constraint-audit/inputs/weakening/weaken_antecedent/weaken_antecedent_10_80_80.trace,ATLAS/benchmark/weakening/weaken_antecedent/weaken_antecedent_10_80_80.trace,OfficialWeakeningAntecedent,,,
weakening/weaken_antecedent/weaken_antecedent_10_85_85.trace,weakening,10,2,785299481b8d629428e191daddf5b4a8d0ceb09d65f0fabcecf4d8d8a833d44f,6793473afd9b8a8ec3a6c146d3e2f3b76d3d7cedbb5603fd69c5a251adad7319,Weakening antecedent 模板,EXACT_MATCH,,ATLAS/experiment_artifacts/2026-09-26/rq3-constraint-audit/inputs/weakening/weaken_antecedent/weaken_antecedent_10_85_85.trace,ATLAS/benchmark/weakening/weaken_antecedent/weaken_antecedent_10_85_85.trace,OfficialWeakeningAntecedent,,,
weakening/weaken_antecedent/weaken_antecedent_10_90_90.trace,weakening,10,2,86a2b8a6d338775562ea51da4530d7d0b0b3c3758cc76176b626b30c568c33ba,6793473afd9b8a8ec3a6c146d3e2f3b76d3d7cedbb5603fd69c5a251adad7319,Weakening antecedent 模板,EXACT_MATCH,,ATLAS/experiment_artifacts/2026-09-26/rq3-constraint-audit/inputs/weakening/weaken_antecedent/weaken_antecedent_10_90_90.trace,ATLAS/benchmark/weakening/weaken_antecedent/weaken_antecedent_10_90_90.trace,OfficialWeakeningAntecedent,,,
weakening/weaken_antecedent/weaken_antecedent_10_95_95.trace,weakening,10,2,59b952a79b8654e67cca91f7d517d1a44d5b1865ae3f918a1d8c1d7b84b5d6cd,6793473afd9b8a8ec3a6c146d3e2f3b76d3d7cedbb5603fd69c5a251adad7319,Weakening antecedent 模板,EXACT_MATCH,,ATLAS/experiment_artifacts/2026-09-26/rq3-constraint-audit/inputs/weakening/weaken_antecedent/weaken_antecedent_10_95_95.trace,ATLAS/benchmark/weakening/weaken_antecedent/weaken_antecedent_10_95_95.trace,OfficialWeakeningAntecedent,,,
weakening/weaken_antecedent/weaken_antecedent_15_10_10.trace,weakening,10,2,b1e9611061952a32382f227b3c69ff666095bf79b19f7f14fa21c07adfa64fab,6793473afd9b8a8ec3a6c146d3e2f3b76d3d7cedbb5603fd69c5a251adad7319,Weakening antecedent 模板,EXACT_MATCH,,ATLAS/experiment_artifacts/2026-09-26/rq3-constraint-audit/inputs/weakening/weaken_antecedent/weaken_antecedent_15_10_10.trace,ATLAS/benchmark/weakening/weaken_antecedent/weaken_antecedent_15_10_10.trace,OfficialWeakeningAntecedent,,,
weakening/weaken_antecedent/weaken_antecedent_20_10_10.trace,weakening,10,2,8580a32f9224ec43808eaaefa9c05153e70adb7bed141bc7092a7e186f5f989c,6793473afd9b8a8ec3a6c146d3e2f3b76d3d7cedbb5603fd69c5a251adad7319,Weakening antecedent 模板,EXACT_MATCH,,ATLAS/experiment_artifacts/2026-09-26/rq3-constraint-audit/inputs/weakening/weaken_antecedent/weaken_antecedent_20_10_10.trace,ATLAS/benchmark/weakening/weaken_antecedent/weaken_antecedent_20_10_10.trace,OfficialWeakeningAntecedent,,,
weakening/weaken_antecedent/weaken_antecedent_25_10_10.trace,weakening,10,2,dea8c60fd8d77602478a81c28f2bbc92c5c8ffade2e71b15fbf77c4a420dc29e,6793473afd9b8a8ec3a6c146d3e2f3b76d3d7cedbb5603fd69c5a251adad7319,Weakening antecedent 模板,EXACT_MATCH,,ATLAS/experiment_artifacts/2026-09-26/rq3-constraint-audit/inputs/weakening/weaken_antecedent/weaken_antecedent_25_10_10.trace,ATLAS/benchmark/weakening/weaken_antecedent/weaken_antecedent_25_10_10.trace,OfficialWeakeningAntecedent,,,
weakening/weaken_antecedent/weaken_antecedent_30_10_10.trace,weakening,10,2,ad27f162bc6732725ddbc3ae2b54815743d00de636ebb6f139b30b2130007a9b,6793473afd9b8a8ec3a6c146d3e2f3b76d3d7cedbb5603fd69c5a251adad7319,Weakening antecedent 模板,EXACT_MATCH,,ATLAS/experiment_artifacts/2026-09-26/rq3-constraint-audit/inputs/weakening/weaken_antecedent/weaken_antecedent_30_10_10.trace,ATLAS/benchmark/weakening/weaken_antecedent/weaken_antecedent_30_10_10.trace,OfficialWeakeningAntecedent,,,
weakening/weaken_antecedent/weaken_antecedent_35_10_10.trace,weakening,10,2,a8a622304401fb505c5a4a63b350a2aa6b25b9a511831aa4e6fc2c8da34e4ccd,6793473afd9b8a8ec3a6c146d3e2f3b76d3d7cedbb5603fd69c5a251adad7319,Weakening antecedent 模板,EXACT_MATCH,,ATLAS/experiment_artifacts/2026-09-26/rq3-constraint-audit/inputs/weakening/weaken_antecedent/weaken_antecedent_35_10_10.trace,ATLAS/benchmark/weakening/weaken_antecedent/weaken_antecedent_35_10_10.trace,OfficialWeakeningAntecedent,,,
weakening/weaken_antecedent/weaken_antecedent_40_10_10.trace,weakening,10,2,9e727caad453c3a3439cddc50261a08a0d061c3a9fb076f5fd855be6f030ff63,6793473afd9b8a8ec3a6c146d3e2f3b76d3d7cedbb5603fd69c5a251adad7319,Weakening antecedent 模板,EXACT_MATCH,,ATLAS/experiment_artifacts/2026-09-26/rq3-constraint-audit/inputs/weakening/weaken_antecedent/weaken_antecedent_40_10_10.trace,ATLAS/benchmark/weakening/weaken_antecedent/weaken_antecedent_40_10_10.trace,OfficialWeakeningAntecedent,,,
weakening/weaken_antecedent/weaken_antecedent_45_10_10.trace,weakening,10,2,21c2c4be284b6b6c1ed2cebfa96c725e462d4f0d48c166b86061bc522c2a7051,6793473afd9b8a8ec3a6c146d3e2f3b76d3d7cedbb5603fd69c5a251adad7319,Weakening antecedent 模板,EXACT_MATCH,,ATLAS/experiment_artifacts/2026-09-26/rq3-constraint-audit/inputs/weakening/weaken_antecedent/weaken_antecedent_45_10_10.trace,ATLAS/benchmark/weakening/weaken_antecedent/weaken_antecedent_45_10_10.trace,OfficialWeakeningAntecedent,,,
weakening/weaken_antecedent/weaken_antecedent_50_10_10.trace,weakening,10,2,bdaad8f3733fc4b86751a8e7088e2cc93759052530ea4c33c1600a38a8ea8926,6793473afd9b8a8ec3a6c146d3e2f3b76d3d7cedbb5603fd69c5a251adad7319,Weakening antecedent 模板,EXACT_MATCH,,ATLAS/experiment_artifacts/2026-09-26/rq3-constraint-audit/inputs/weakening/weaken_antecedent/weaken_antecedent_50_10_10.trace,ATLAS/benchmark/weakening/weaken_antecedent/weaken_antecedent_50_10_10.trace,OfficialWeakeningAntecedent,,,
weakening/weaken_antecedent/weaken_antecedent_55_10_10.trace,weakening,10,2,698cb69169559bb00acd7151f73e2cf5e9889d328389deb34a8f0d3b114dcb4f,6793473afd9b8a8ec3a6c146d3e2f3b76d3d7cedbb5603fd69c5a251adad7319,Weakening antecedent 模板,EXACT_MATCH,,ATLAS/experiment_artifacts/2026-09-26/rq3-constraint-audit/inputs/weakening/weaken_antecedent/weaken_antecedent_55_10_10.trace,ATLAS/benchmark/weakening/weaken_antecedent/weaken_antecedent_55_10_10.trace,OfficialWeakeningAntecedent,,,
weakening/weaken_antecedent/weaken_antecedent_5_10_10.trace,weakening,10,2,81780aaba142b8d2ed797230affe87977dde7c5d37b44116e728a9a65c58055b,6793473afd9b8a8ec3a6c146d3e2f3b76d3d7cedbb5603fd69c5a251adad7319,Weakening antecedent 模板,EXACT_MATCH,,ATLAS/experiment_artifacts/2026-09-26/rq3-constraint-audit/inputs/weakening/weaken_antecedent/weaken_antecedent_5_10_10.trace,ATLAS/benchmark/weakening/weaken_antecedent/weaken_antecedent_5_10_10.trace,OfficialWeakeningAntecedent,,,
weakening/weaken_antecedent/weaken_antecedent_60_10_10.trace,weakening,10,2,0053a915e901a06d6204b62b0a344d0f088c52e57a283f87963d02afa63b3416,6793473afd9b8a8ec3a6c146d3e2f3b76d3d7cedbb5603fd69c5a251adad7319,Weakening antecedent 模板,EXACT_MATCH,,ATLAS/experiment_artifacts/2026-09-26/rq3-constraint-audit/inputs/weakening/weaken_antecedent/weaken_antecedent_60_10_10.trace,ATLAS/benchmark/weakening/weaken_antecedent/weaken_antecedent_60_10_10.trace,OfficialWeakeningAntecedent,,,
weakening/weaken_antecedent/weaken_antecedent_65_10_10.trace,weakening,10,2,7486a64d3ca392c9fd953d4b3451811da34ee411cf528f8e4fe2f9e685977352,6793473afd9b8a8ec3a6c146d3e2f3b76d3d7cedbb5603fd69c5a251adad7319,Weakening antecedent 模板,EXACT_MATCH,,ATLAS/experiment_artifacts/2026-09-26/rq3-constraint-audit/inputs/weakening/weaken_antecedent/weaken_antecedent_65_10_10.trace,ATLAS/benchmark/weakening/weaken_antecedent/weaken_antecedent_65_10_10.trace,OfficialWeakeningAntecedent,,,
weakening/weaken_antecedent/weaken_antecedent_70_10_10.trace,weakening,10,2,2ea2fc28033837d3537254dbec71c8357b18e14c5422673dede949b0b419f427,6793473afd9b8a8ec3a6c146d3e2f3b76d3d7cedbb5603fd69c5a251adad7319,Weakening antecedent 模板,EXACT_MATCH,,ATLAS/experiment_artifacts/2026-09-26/rq3-constraint-audit/inputs/weakening/weaken_antecedent/weaken_antecedent_70_10_10.trace,ATLAS/benchmark/weakening/weaken_antecedent/weaken_antecedent_70_10_10.trace,OfficialWeakeningAntecedent,,,
weakening/weaken_antecedent/weaken_antecedent_75_10_10.trace,weakening,10,2,b06dd39bf194c16c54163d3f69bc559bc8a5f357c1cdd5a09b68198359807848,6793473afd9b8a8ec3a6c146d3e2f3b76d3d7cedbb5603fd69c5a251adad7319,Weakening antecedent 模板,EXACT_MATCH,,ATLAS/experiment_artifacts/2026-09-26/rq3-constraint-audit/inputs/weakening/weaken_antecedent/weaken_antecedent_75_10_10.trace,ATLAS/benchmark/weakening/weaken_antecedent/weaken_antecedent_75_10_10.trace,OfficialWeakeningAntecedent,,,
weakening/weaken_antecedent/weaken_antecedent_80_10_10.trace,weakening,10,2,2f04621e218c3ffaba3f032de908f41755c3333f4efe61ce94c95a8591922fdf,6793473afd9b8a8ec3a6c146d3e2f3b76d3d7cedbb5603fd69c5a251adad7319,Weakening antecedent 模板,EXACT_MATCH,,ATLAS/experiment_artifacts/2026-09-26/rq3-constraint-audit/inputs/weakening/weaken_antecedent/weaken_antecedent_80_10_10.trace,ATLAS/benchmark/weakening/weaken_antecedent/weaken_antecedent_80_10_10.trace,OfficialWeakeningAntecedent,,,
weakening/weaken_antecedent/weaken_antecedent_85_10_10.trace,weakening,10,2,36dcd944113412c8b40b0394575b117523e15fefa84a5b3b13ef98d273995fdd,6793473afd9b8a8ec3a6c146d3e2f3b76d3d7cedbb5603fd69c5a251adad7319,Weakening antecedent 模板,EXACT_MATCH,,ATLAS/experiment_artifacts/2026-09-26/rq3-constraint-audit/inputs/weakening/weaken_antecedent/weaken_antecedent_85_10_10.trace,ATLAS/benchmark/weakening/weaken_antecedent/weaken_antecedent_85_10_10.trace,OfficialWeakeningAntecedent,,,
weakening/weaken_antecedent/weaken_antecedent_90_10_10.trace,weakening,10,2,40fcfa5e7ff9b5b83efe744c483ebad50c3395f5c39c10c5b3eb9d016a9b9a04,6793473afd9b8a8ec3a6c146d3e2f3b76d3d7cedbb5603fd69c5a251adad7319,Weakening antecedent 模板,EXACT_MATCH,,ATLAS/experiment_artifacts/2026-09-26/rq3-constraint-audit/inputs/weakening/weaken_antecedent/weaken_antecedent_90_10_10.trace,ATLAS/benchmark/weakening/weaken_antecedent/weaken_antecedent_90_10_10.trace,OfficialWeakeningAntecedent,,,
weakening/weaken_antecedent/weaken_antecedent_95_10_10.trace,weakening,10,2,f69a804f67257ab9f6de373cf77f923202aa836f8bc219703211a8ef7567682d,6793473afd9b8a8ec3a6c146d3e2f3b76d3d7cedbb5603fd69c5a251adad7319,Weakening antecedent 模板,EXACT_MATCH,,ATLAS/experiment_artifacts/2026-09-26/rq3-constraint-audit/inputs/weakening/weaken_antecedent/weaken_antecedent_95_10_10.trace,ATLAS/benchmark/weakening/weaken_antecedent/weaken_antecedent_95_10_10.trace,OfficialWeakeningAntecedent,,,
weakening/weaken_consequent/weaken_consequent_100_10_10.trace,weakening,18,3,a9161f65fc07d3f0e546a24f44292bdd7c943b3bd19fdd3621de69aa37541611,a20f604f9fd520d01e90555be5a5f8af73e8a77bc912cc2e9a0be57b84057f87,Weakening consequent 模板,EXACT_MATCH,,ATLAS/experiment_artifacts/2026-09-26/rq3-constraint-audit/inputs/weakening/weaken_consequent/weaken_consequent_100_10_10.trace,ATLAS/benchmark/weakening/weaken_consequent/weaken_consequent_100_10_10.trace,OfficialWeakeningConsequent,,,
weakening/weaken_consequent/weaken_consequent_10_100_100.trace,weakening,18,3,d276a89c6608dbd30e6fb5b241728d1a2e23b71121d4ad65746269627435b746,a20f604f9fd520d01e90555be5a5f8af73e8a77bc912cc2e9a0be57b84057f87,Weakening consequent 模板,EXACT_MATCH,,ATLAS/experiment_artifacts/2026-09-26/rq3-constraint-audit/inputs/weakening/weaken_consequent/weaken_consequent_10_100_100.trace,ATLAS/benchmark/weakening/weaken_consequent/weaken_consequent_10_100_100.trace,OfficialWeakeningConsequent,,,
weakening/weaken_consequent/weaken_consequent_10_10_10.trace,weakening,18,3,c565be745038a988786ff690a5a008e3ee068ee7eea790f7bbf0d4da7e87a052,a20f604f9fd520d01e90555be5a5f8af73e8a77bc912cc2e9a0be57b84057f87,Weakening consequent 模板,EXACT_MATCH,,ATLAS/experiment_artifacts/2026-09-26/rq3-constraint-audit/inputs/weakening/weaken_consequent/weaken_consequent_10_10_10.trace,ATLAS/benchmark/weakening/weaken_consequent/weaken_consequent_10_10_10.trace,OfficialWeakeningConsequent,,,
weakening/weaken_consequent/weaken_consequent_10_15_15.trace,weakening,18,3,1e4062af74a13ec6fddd4cd9c1263fbc3ca115bd568beb465aa4e1685ccd0278,a20f604f9fd520d01e90555be5a5f8af73e8a77bc912cc2e9a0be57b84057f87,Weakening consequent 模板,EXACT_MATCH,,ATLAS/experiment_artifacts/2026-09-26/rq3-constraint-audit/inputs/weakening/weaken_consequent/weaken_consequent_10_15_15.trace,ATLAS/benchmark/weakening/weaken_consequent/weaken_consequent_10_15_15.trace,OfficialWeakeningConsequent,,,
weakening/weaken_consequent/weaken_consequent_10_20_20.trace,weakening,18,3,05c37633a408b0a663047c20cb7d7b4c4bc7cf60fe7f58db41a18794a69c978b,a20f604f9fd520d01e90555be5a5f8af73e8a77bc912cc2e9a0be57b84057f87,Weakening consequent 模板,EXACT_MATCH,,ATLAS/experiment_artifacts/2026-09-26/rq3-constraint-audit/inputs/weakening/weaken_consequent/weaken_consequent_10_20_20.trace,ATLAS/benchmark/weakening/weaken_consequent/weaken_consequent_10_20_20.trace,OfficialWeakeningConsequent,,,
weakening/weaken_consequent/weaken_consequent_10_25_25.trace,weakening,18,3,cae4b190edc26e2bad260aedcad905f2010a597930f11ca875051ddf727937bf,a20f604f9fd520d01e90555be5a5f8af73e8a77bc912cc2e9a0be57b84057f87,Weakening consequent 模板,EXACT_MATCH,,ATLAS/experiment_artifacts/2026-09-26/rq3-constraint-audit/inputs/weakening/weaken_consequent/weaken_consequent_10_25_25.trace,ATLAS/benchmark/weakening/weaken_consequent/weaken_consequent_10_25_25.trace,OfficialWeakeningConsequent,,,
weakening/weaken_consequent/weaken_consequent_10_30_30.trace,weakening,18,3,4808b046eeb02bb1b7fd9be54e86b347206e24bf97e54133397b7226629fce6f,a20f604f9fd520d01e90555be5a5f8af73e8a77bc912cc2e9a0be57b84057f87,Weakening consequent 模板,EXACT_MATCH,,ATLAS/experiment_artifacts/2026-09-26/rq3-constraint-audit/inputs/weakening/weaken_consequent/weaken_consequent_10_30_30.trace,ATLAS/benchmark/weakening/weaken_consequent/weaken_consequent_10_30_30.trace,OfficialWeakeningConsequent,,,
weakening/weaken_consequent/weaken_consequent_10_35_35.trace,weakening,18,3,52d26e1412eba83ddfdf227ad67da73e01d9d18d82b70dbbdc36e2f384ff384e,a20f604f9fd520d01e90555be5a5f8af73e8a77bc912cc2e9a0be57b84057f87,Weakening consequent 模板,EXACT_MATCH,,ATLAS/experiment_artifacts/2026-09-26/rq3-constraint-audit/inputs/weakening/weaken_consequent/weaken_consequent_10_35_35.trace,ATLAS/benchmark/weakening/weaken_consequent/weaken_consequent_10_35_35.trace,OfficialWeakeningConsequent,,,
weakening/weaken_consequent/weaken_consequent_10_40_40.trace,weakening,18,3,6a07d631793c4224cc96e090f2769ad87740f424509ca192252e8910835f199d,a20f604f9fd520d01e90555be5a5f8af73e8a77bc912cc2e9a0be57b84057f87,Weakening consequent 模板,EXACT_MATCH,,ATLAS/experiment_artifacts/2026-09-26/rq3-constraint-audit/inputs/weakening/weaken_consequent/weaken_consequent_10_40_40.trace,ATLAS/benchmark/weakening/weaken_consequent/weaken_consequent_10_40_40.trace,OfficialWeakeningConsequent,,,
weakening/weaken_consequent/weaken_consequent_10_45_45.trace,weakening,18,3,3a7d0c05499cd67a8edc145a6d66d33cc7194a5b0170cc7d373b25fa0b593763,a20f604f9fd520d01e90555be5a5f8af73e8a77bc912cc2e9a0be57b84057f87,Weakening consequent 模板,EXACT_MATCH,,ATLAS/experiment_artifacts/2026-09-26/rq3-constraint-audit/inputs/weakening/weaken_consequent/weaken_consequent_10_45_45.trace,ATLAS/benchmark/weakening/weaken_consequent/weaken_consequent_10_45_45.trace,OfficialWeakeningConsequent,,,
weakening/weaken_consequent/weaken_consequent_10_50_50.trace,weakening,18,3,afbf8784ce29f36c4e7dae808b5867c11864c6c4a051f10024413f436d244db0,a20f604f9fd520d01e90555be5a5f8af73e8a77bc912cc2e9a0be57b84057f87,Weakening consequent 模板,EXACT_MATCH,,ATLAS/experiment_artifacts/2026-09-26/rq3-constraint-audit/inputs/weakening/weaken_consequent/weaken_consequent_10_50_50.trace,ATLAS/benchmark/weakening/weaken_consequent/weaken_consequent_10_50_50.trace,OfficialWeakeningConsequent,,,
weakening/weaken_consequent/weaken_consequent_10_55_55.trace,weakening,18,3,d88fd4b5ed2d82aaf60b31716077c1d0e271472606f1f6bcfb105b018d85f1b8,a20f604f9fd520d01e90555be5a5f8af73e8a77bc912cc2e9a0be57b84057f87,Weakening consequent 模板,EXACT_MATCH,,ATLAS/experiment_artifacts/2026-09-26/rq3-constraint-audit/inputs/weakening/weaken_consequent/weaken_consequent_10_55_55.trace,ATLAS/benchmark/weakening/weaken_consequent/weaken_consequent_10_55_55.trace,OfficialWeakeningConsequent,,,
weakening/weaken_consequent/weaken_consequent_10_5_5.trace,weakening,18,3,648a67066d404d92c9eb11b63d458b078bfe009a0723e396377e306912622544,a20f604f9fd520d01e90555be5a5f8af73e8a77bc912cc2e9a0be57b84057f87,Weakening consequent 模板,EXACT_MATCH,,ATLAS/experiment_artifacts/2026-09-26/rq3-constraint-audit/inputs/weakening/weaken_consequent/weaken_consequent_10_5_5.trace,ATLAS/benchmark/weakening/weaken_consequent/weaken_consequent_10_5_5.trace,OfficialWeakeningConsequent,,,
weakening/weaken_consequent/weaken_consequent_10_60_60.trace,weakening,18,3,f2cbe5aaae743b9dc6063338f8505b6545de5c0000d10ebabd273d843d973980,a20f604f9fd520d01e90555be5a5f8af73e8a77bc912cc2e9a0be57b84057f87,Weakening consequent 模板,EXACT_MATCH,,ATLAS/experiment_artifacts/2026-09-26/rq3-constraint-audit/inputs/weakening/weaken_consequent/weaken_consequent_10_60_60.trace,ATLAS/benchmark/weakening/weaken_consequent/weaken_consequent_10_60_60.trace,OfficialWeakeningConsequent,,,
weakening/weaken_consequent/weaken_consequent_10_65_65.trace,weakening,18,3,4d96ec9dc3acce7d8f85ca0c3686ed222e2362b73020e3e8a8752aab50ba1772,a20f604f9fd520d01e90555be5a5f8af73e8a77bc912cc2e9a0be57b84057f87,Weakening consequent 模板,EXACT_MATCH,,ATLAS/experiment_artifacts/2026-09-26/rq3-constraint-audit/inputs/weakening/weaken_consequent/weaken_consequent_10_65_65.trace,ATLAS/benchmark/weakening/weaken_consequent/weaken_consequent_10_65_65.trace,OfficialWeakeningConsequent,,,
weakening/weaken_consequent/weaken_consequent_10_70_70.trace,weakening,18,3,dd6e63ef5679bfd0de937eff3cb920c4fac41509f0693889f0eff39fe2b358ba,a20f604f9fd520d01e90555be5a5f8af73e8a77bc912cc2e9a0be57b84057f87,Weakening consequent 模板,EXACT_MATCH,,ATLAS/experiment_artifacts/2026-09-26/rq3-constraint-audit/inputs/weakening/weaken_consequent/weaken_consequent_10_70_70.trace,ATLAS/benchmark/weakening/weaken_consequent/weaken_consequent_10_70_70.trace,OfficialWeakeningConsequent,,,
weakening/weaken_consequent/weaken_consequent_10_75_75.trace,weakening,18,3,a9264ba7a63670b26389af1d2d5346b75f955126e0f2a05351f4e6f17d6dd630,a20f604f9fd520d01e90555be5a5f8af73e8a77bc912cc2e9a0be57b84057f87,Weakening consequent 模板,EXACT_MATCH,,ATLAS/experiment_artifacts/2026-09-26/rq3-constraint-audit/inputs/weakening/weaken_consequent/weaken_consequent_10_75_75.trace,ATLAS/benchmark/weakening/weaken_consequent/weaken_consequent_10_75_75.trace,OfficialWeakeningConsequent,,,
weakening/weaken_consequent/weaken_consequent_10_80_80.trace,weakening,18,3,c4b165b1a621a8218ee3e297acebadafb3d4459ecf2e5640ae7664f32ded2a06,a20f604f9fd520d01e90555be5a5f8af73e8a77bc912cc2e9a0be57b84057f87,Weakening consequent 模板,EXACT_MATCH,,ATLAS/experiment_artifacts/2026-09-26/rq3-constraint-audit/inputs/weakening/weaken_consequent/weaken_consequent_10_80_80.trace,ATLAS/benchmark/weakening/weaken_consequent/weaken_consequent_10_80_80.trace,OfficialWeakeningConsequent,,,
weakening/weaken_consequent/weaken_consequent_10_85_85.trace,weakening,18,3,7aa55051300d2220c06e0b5b806ca04beff81417c670fa2ad42df15843f0bdc1,a20f604f9fd520d01e90555be5a5f8af73e8a77bc912cc2e9a0be57b84057f87,Weakening consequent 模板,EXACT_MATCH,,ATLAS/experiment_artifacts/2026-09-26/rq3-constraint-audit/inputs/weakening/weaken_consequent/weaken_consequent_10_85_85.trace,ATLAS/benchmark/weakening/weaken_consequent/weaken_consequent_10_85_85.trace,OfficialWeakeningConsequent,,,
weakening/weaken_consequent/weaken_consequent_10_90_90.trace,weakening,18,3,b54e8d4aceb6c9279c42c8d005db04296075ab90203596024b08cb32fc2724ee,a20f604f9fd520d01e90555be5a5f8af73e8a77bc912cc2e9a0be57b84057f87,Weakening consequent 模板,EXACT_MATCH,,ATLAS/experiment_artifacts/2026-09-26/rq3-constraint-audit/inputs/weakening/weaken_consequent/weaken_consequent_10_90_90.trace,ATLAS/benchmark/weakening/weaken_consequent/weaken_consequent_10_90_90.trace,OfficialWeakeningConsequent,,,
weakening/weaken_consequent/weaken_consequent_10_95_95.trace,weakening,18,3,cacc2bd3797939ea41759b9e20f7e0d8af2da0e2537c8f1b39e7f86a3b79f661,a20f604f9fd520d01e90555be5a5f8af73e8a77bc912cc2e9a0be57b84057f87,Weakening consequent 模板,EXACT_MATCH,,ATLAS/experiment_artifacts/2026-09-26/rq3-constraint-audit/inputs/weakening/weaken_consequent/weaken_consequent_10_95_95.trace,ATLAS/benchmark/weakening/weaken_consequent/weaken_consequent_10_95_95.trace,OfficialWeakeningConsequent,,,
weakening/weaken_consequent/weaken_consequent_15_10_10.trace,weakening,18,3,527d1c79dca0a4dfc73bccd7b8a09eb27181ee9733827cfded8b0331bb0c5b73,a20f604f9fd520d01e90555be5a5f8af73e8a77bc912cc2e9a0be57b84057f87,Weakening consequent 模板,EXACT_MATCH,,ATLAS/experiment_artifacts/2026-09-26/rq3-constraint-audit/inputs/weakening/weaken_consequent/weaken_consequent_15_10_10.trace,ATLAS/benchmark/weakening/weaken_consequent/weaken_consequent_15_10_10.trace,OfficialWeakeningConsequent,,,
weakening/weaken_consequent/weaken_consequent_20_10_10.trace,weakening,18,3,a6828e17467ccfba3c4892b13af14eae77c56764981c5c6fedae665fc99b4eb0,a20f604f9fd520d01e90555be5a5f8af73e8a77bc912cc2e9a0be57b84057f87,Weakening consequent 模板,EXACT_MATCH,,ATLAS/experiment_artifacts/2026-09-26/rq3-constraint-audit/inputs/weakening/weaken_consequent/weaken_consequent_20_10_10.trace,ATLAS/benchmark/weakening/weaken_consequent/weaken_consequent_20_10_10.trace,OfficialWeakeningConsequent,,,
weakening/weaken_consequent/weaken_consequent_25_10_10.trace,weakening,18,3,86f99f65fdbbca16ebbbae53d1d26468647cf5f845acb40fc6064f556896194e,a20f604f9fd520d01e90555be5a5f8af73e8a77bc912cc2e9a0be57b84057f87,Weakening consequent 模板,EXACT_MATCH,,ATLAS/experiment_artifacts/2026-09-26/rq3-constraint-audit/inputs/weakening/weaken_consequent/weaken_consequent_25_10_10.trace,ATLAS/benchmark/weakening/weaken_consequent/weaken_consequent_25_10_10.trace,OfficialWeakeningConsequent,,,
weakening/weaken_consequent/weaken_consequent_30_10_10.trace,weakening,18,3,3d42d88c0941627c380e2af47f0038693423aaab6c4080fef168dee15df86405,a20f604f9fd520d01e90555be5a5f8af73e8a77bc912cc2e9a0be57b84057f87,Weakening consequent 模板,EXACT_MATCH,,ATLAS/experiment_artifacts/2026-09-26/rq3-constraint-audit/inputs/weakening/weaken_consequent/weaken_consequent_30_10_10.trace,ATLAS/benchmark/weakening/weaken_consequent/weaken_consequent_30_10_10.trace,OfficialWeakeningConsequent,,,
weakening/weaken_consequent/weaken_consequent_35_10_10.trace,weakening,18,3,c4c5301393e2f6cdc29a26b4b0d4191eda1928bc582fbecce0e36d5b5c5f8e97,a20f604f9fd520d01e90555be5a5f8af73e8a77bc912cc2e9a0be57b84057f87,Weakening consequent 模板,EXACT_MATCH,,ATLAS/experiment_artifacts/2026-09-26/rq3-constraint-audit/inputs/weakening/weaken_consequent/weaken_consequent_35_10_10.trace,ATLAS/benchmark/weakening/weaken_consequent/weaken_consequent_35_10_10.trace,OfficialWeakeningConsequent,,,
weakening/weaken_consequent/weaken_consequent_40_10_10.trace,weakening,18,3,44afafa1a03d980f2c15c8d4c93f7621bf95406f52a9042ca772c34765f942c6,a20f604f9fd520d01e90555be5a5f8af73e8a77bc912cc2e9a0be57b84057f87,Weakening consequent 模板,EXACT_MATCH,,ATLAS/experiment_artifacts/2026-09-26/rq3-constraint-audit/inputs/weakening/weaken_consequent/weaken_consequent_40_10_10.trace,ATLAS/benchmark/weakening/weaken_consequent/weaken_consequent_40_10_10.trace,OfficialWeakeningConsequent,,,
weakening/weaken_consequent/weaken_consequent_45_10_10.trace,weakening,18,3,d737901d8f018a1c08e002e91886ae5698fca92b4b6bf0f269cdd7802de407da,a20f604f9fd520d01e90555be5a5f8af73e8a77bc912cc2e9a0be57b84057f87,Weakening consequent 模板,EXACT_MATCH,,ATLAS/experiment_artifacts/2026-09-26/rq3-constraint-audit/inputs/weakening/weaken_consequent/weaken_consequent_45_10_10.trace,ATLAS/benchmark/weakening/weaken_consequent/weaken_consequent_45_10_10.trace,OfficialWeakeningConsequent,,,
weakening/weaken_consequent/weaken_consequent_50_10_10.trace,weakening,18,3,2e2c6fc839f779bbb264f7bada7c1af649e566c9ddbd4489e955b4bd8e844bc1,a20f604f9fd520d01e90555be5a5f8af73e8a77bc912cc2e9a0be57b84057f87,Weakening consequent 模板,EXACT_MATCH,,ATLAS/experiment_artifacts/2026-09-26/rq3-constraint-audit/inputs/weakening/weaken_consequent/weaken_consequent_50_10_10.trace,ATLAS/benchmark/weakening/weaken_consequent/weaken_consequent_50_10_10.trace,OfficialWeakeningConsequent,,,
weakening/weaken_consequent/weaken_consequent_55_10_10.trace,weakening,18,3,ba34617e41e5dbf54dc15ae33f459d5f700fd252488ef59b16ec6f0bd85702b2,a20f604f9fd520d01e90555be5a5f8af73e8a77bc912cc2e9a0be57b84057f87,Weakening consequent 模板,EXACT_MATCH,,ATLAS/experiment_artifacts/2026-09-26/rq3-constraint-audit/inputs/weakening/weaken_consequent/weaken_consequent_55_10_10.trace,ATLAS/benchmark/weakening/weaken_consequent/weaken_consequent_55_10_10.trace,OfficialWeakeningConsequent,,,
weakening/weaken_consequent/weaken_consequent_5_10_10.trace,weakening,18,3,1c2fdebb5c282beeda362b1dd2f771fcbade6cef47e011bc64f3934df3065609,a20f604f9fd520d01e90555be5a5f8af73e8a77bc912cc2e9a0be57b84057f87,Weakening consequent 模板,EXACT_MATCH,,ATLAS/experiment_artifacts/2026-09-26/rq3-constraint-audit/inputs/weakening/weaken_consequent/weaken_consequent_5_10_10.trace,ATLAS/benchmark/weakening/weaken_consequent/weaken_consequent_5_10_10.trace,OfficialWeakeningConsequent,,,
weakening/weaken_consequent/weaken_consequent_60_10_10.trace,weakening,18,3,d6fabd3c8467e4a7e0e8ab65f1917f172c44f6874abdc1425a5eaca124d2fada,a20f604f9fd520d01e90555be5a5f8af73e8a77bc912cc2e9a0be57b84057f87,Weakening consequent 模板,EXACT_MATCH,,ATLAS/experiment_artifacts/2026-09-26/rq3-constraint-audit/inputs/weakening/weaken_consequent/weaken_consequent_60_10_10.trace,ATLAS/benchmark/weakening/weaken_consequent/weaken_consequent_60_10_10.trace,OfficialWeakeningConsequent,,,
weakening/weaken_consequent/weaken_consequent_65_10_10.trace,weakening,18,3,8682219a1e88107e3a694a1aef6111f979939a7ffd7c513d7d6b151d0c746d23,a20f604f9fd520d01e90555be5a5f8af73e8a77bc912cc2e9a0be57b84057f87,Weakening consequent 模板,EXACT_MATCH,,ATLAS/experiment_artifacts/2026-09-26/rq3-constraint-audit/inputs/weakening/weaken_consequent/weaken_consequent_65_10_10.trace,ATLAS/benchmark/weakening/weaken_consequent/weaken_consequent_65_10_10.trace,OfficialWeakeningConsequent,,,
weakening/weaken_consequent/weaken_consequent_70_10_10.trace,weakening,18,3,536daeb88c0f01df49ee57825ce8c3b7f7ece712e80bb47e2afb76944bee6e2a,a20f604f9fd520d01e90555be5a5f8af73e8a77bc912cc2e9a0be57b84057f87,Weakening consequent 模板,EXACT_MATCH,,ATLAS/experiment_artifacts/2026-09-26/rq3-constraint-audit/inputs/weakening/weaken_consequent/weaken_consequent_70_10_10.trace,ATLAS/benchmark/weakening/weaken_consequent/weaken_consequent_70_10_10.trace,OfficialWeakeningConsequent,,,
weakening/weaken_consequent/weaken_consequent_75_10_10.trace,weakening,18,3,b23d468c7148ff8f9bf206a19980408f5ee2e7afb5fd4f3aa68f01919400cd1e,a20f604f9fd520d01e90555be5a5f8af73e8a77bc912cc2e9a0be57b84057f87,Weakening consequent 模板,EXACT_MATCH,,ATLAS/experiment_artifacts/2026-09-26/rq3-constraint-audit/inputs/weakening/weaken_consequent/weaken_consequent_75_10_10.trace,ATLAS/benchmark/weakening/weaken_consequent/weaken_consequent_75_10_10.trace,OfficialWeakeningConsequent,,,
weakening/weaken_consequent/weaken_consequent_80_10_10.trace,weakening,18,3,4e6d871d660393a5167cb3095b33b23d36e45370bbad1a6c79c058438aa312e5,a20f604f9fd520d01e90555be5a5f8af73e8a77bc912cc2e9a0be57b84057f87,Weakening consequent 模板,EXACT_MATCH,,ATLAS/experiment_artifacts/2026-09-26/rq3-constraint-audit/inputs/weakening/weaken_consequent/weaken_consequent_80_10_10.trace,ATLAS/benchmark/weakening/weaken_consequent/weaken_consequent_80_10_10.trace,OfficialWeakeningConsequent,,,
weakening/weaken_consequent/weaken_consequent_85_10_10.trace,weakening,18,3,33aead5ade5e6fd9fb39f43dfedbce107e7ffbbac3937df21110b74ca96ff57a,a20f604f9fd520d01e90555be5a5f8af73e8a77bc912cc2e9a0be57b84057f87,Weakening consequent 模板,EXACT_MATCH,,ATLAS/experiment_artifacts/2026-09-26/rq3-constraint-audit/inputs/weakening/weaken_consequent/weaken_consequent_85_10_10.trace,ATLAS/benchmark/weakening/weaken_consequent/weaken_consequent_85_10_10.trace,OfficialWeakeningConsequent,,,
weakening/weaken_consequent/weaken_consequent_90_10_10.trace,weakening,18,3,65b09948e3207b84c13eb53712052464e9bf28e5593098ccbeb8c87af0b12ea2,a20f604f9fd520d01e90555be5a5f8af73e8a77bc912cc2e9a0be57b84057f87,Weakening consequent 模板,EXACT_MATCH,,ATLAS/experiment_artifacts/2026-09-26/rq3-constraint-audit/inputs/weakening/weaken_consequent/weaken_consequent_90_10_10.trace,ATLAS/benchmark/weakening/weaken_consequent/weaken_consequent_90_10_10.trace,OfficialWeakeningConsequent,,,
weakening/weaken_consequent/weaken_consequent_95_10_10.trace,weakening,18,3,026c828bf9d504c33bdbd1d72ccbba0d1e2201c795082e0db1ba8ec94684d9bc,a20f604f9fd520d01e90555be5a5f8af73e8a77bc912cc2e9a0be57b84057f87,Weakening consequent 模板,EXACT_MATCH,,ATLAS/experiment_artifacts/2026-09-26/rq3-constraint-audit/inputs/weakening/weaken_consequent/weaken_consequent_95_10_10.trace,ATLAS/benchmark/weakening/weaken_consequent/weaken_consequent_95_10_10.trace,OfficialWeakeningConsequent,,,
