algorithm,caseId,family,method,status,objectiveKind,objectivePrimary,objectiveSecondary,verification,totalSec,B,b,numAP,positiveTraceCount,negativeTraceCount,finalFormulaSize,binaryNodeCount,unaryNodeCount,unaryDepth,dagNodeCount,hasSharing,positiveTracePassed,negativeTracePassed,constraintAutomatonPassed,identityConstraintsPassed,vars,backendTotalClauses,peakRssKb,error
Oracle,tiny_01000,plain,oracle,SAT,MIN_EXPANDED_SIZE,0,2,REFERENCE_EXHAUSTIVE,0.21508621599969047,3,0,1,1,1,,,,,,,,,,,,,44668,
ATLAS-B,tiny_01000,plain,atlas-b,SAT,MIN_EXPANDED_SIZE,0,2,PASSED,0.7149651069998981,3,0,1,1,1,2,0,1,1,2,False,True,True,True,True,5848,17763,97068,
MacroATLAS,tiny_01000,plain,macro,SAT,MIN_EXPANDED_SIZE,0,2,PASSED,0.7146839199999704,3,0,1,1,1,2,0,1,1,2,False,True,True,True,True,2328,4528,99856,
Oracle,tiny_01001,nnf,oracle,SAT,MIN_EXPANDED_SIZE,0,2,REFERENCE_EXHAUSTIVE,0.21399828900030116,3,0,1,1,1,,,,,,,,,,,,,44928,
ATLAS-B,tiny_01001,nnf,atlas-b,SAT,MIN_EXPANDED_SIZE,0,2,PASSED,0.8153039570001965,3,0,1,1,1,2,0,1,1,2,False,True,True,True,True,10077,32398,108716,
MacroATLAS,tiny_01001,nnf,macro,SAT,MIN_EXPANDED_SIZE,0,2,PASSED,0.8152218750001339,3,0,1,1,1,2,0,1,1,2,False,True,True,True,True,3221,6955,109868,
Oracle,tiny_01002,cnf,oracle,UNSAT,MIN_EXPANDED_SIZE,0,0,REFERENCE_EXHAUSTIVE,0.21441642900026636,2,0,1,2,1,,,,,,,,,,,,,44996,
ATLAS-B,tiny_01002,cnf,atlas-b,UNSAT,MIN_EXPANDED_SIZE,0,0,NOT_APPLICABLE_UNSAT,0.765720932000022,2,0,1,2,1,,,,,,,,,,,8134,25641,102136,
MacroATLAS,tiny_01002,cnf,macro,UNSAT,MIN_EXPANDED_SIZE,0,0,NOT_APPLICABLE_UNSAT,0.7648687199998676,2,0,1,2,1,,0,,,,,,,,,3209,6984,109352,
Oracle,tiny_01003,dnf,oracle,UNSAT,MIN_EXPANDED_SIZE,0,0,REFERENCE_EXHAUSTIVE,0.16474971200022992,2,0,1,2,1,,,,,,,,,,,,,44648,
ATLAS-B,tiny_01003,dnf,atlas-b,UNSAT,MIN_EXPANDED_SIZE,0,0,NOT_APPLICABLE_UNSAT,0.7651743080000415,2,0,1,2,1,,,,,,,,,,,4251,12372,102060,
MacroATLAS,tiny_01003,dnf,macro,UNSAT,MIN_EXPANDED_SIZE,0,0,NOT_APPLICABLE_UNSAT,0.8154639919998772,2,0,1,2,1,,0,,,,,,,,,3209,6984,114940,
Oracle,tiny_01004,required,oracle,SAT,MIN_EXPANDED_SIZE,0,2,REFERENCE_EXHAUSTIVE,0.21433149700033027,3,0,1,1,1,,,,,,,,,,,,,44968,
ATLAS-B,tiny_01004,required,atlas-b,SAT,MIN_EXPANDED_SIZE,0,2,PASSED,0.7646770450000986,3,0,1,1,1,2,0,1,1,2,False,True,True,True,True,5848,17762,107292,
MacroATLAS,tiny_01004,required,macro,SAT,MIN_EXPANDED_SIZE,0,2,PASSED,0.7154169469999943,3,0,1,1,1,2,0,1,1,2,False,True,True,True,True,2332,4694,97476,
Oracle,tiny_01005,no_dag_reuse,oracle,SAT,MIN_EXPANDED_SIZE,0,2,REFERENCE_EXHAUSTIVE,0.2143352370003413,3,0,1,1,1,,,,,,,,,,,,,45108,
ATLAS-B,tiny_01005,no_dag_reuse,atlas-b,SAT,MIN_EXPANDED_SIZE,0,2,PASSED,0.7147578409999369,3,0,1,1,1,2,0,1,1,2,False,True,True,True,True,4356,12673,98616,
MacroATLAS,tiny_01005,no_dag_reuse,macro,SAT,MIN_EXPANDED_SIZE,0,2,PASSED,0.7150259879999794,3,0,1,1,1,2,0,1,1,2,False,True,True,True,True,2825,5484,102888,
Oracle,tiny_01006,global_prop,oracle,UNSAT,MIN_EXPANDED_SIZE,0,0,REFERENCE_EXHAUSTIVE,0.21468652600015048,2,0,1,2,1,,,,,,,,,,,,,44972,
ATLAS-B,tiny_01006,global_prop,atlas-b,UNSAT,MIN_EXPANDED_SIZE,0,0,NOT_APPLICABLE_UNSAT,0.7646706760001507,2,0,1,2,1,,,,,,,,,,,8135,25604,103240,
MacroATLAS,tiny_01006,global_prop,macro,UNSAT,MIN_EXPANDED_SIZE,0,0,NOT_APPLICABLE_UNSAT,0.7148653249996642,2,0,1,2,1,,0,,,,,,,,,2402,5124,99512,
Oracle,tiny_01007,repair,oracle,SAT,REPAIR,0,3,REFERENCE_EXHAUSTIVE,0.2141158419999556,4,0,1,1,1,,,,,,,,,,,,,46976,
ATLAS-B,tiny_01007,repair,atlas-b,SAT,REPAIR,0,3,PASSED,1.2655336000002535,4,0,1,1,1,3,0,2,2,3,False,True,True,True,True,15515,49500,140248,
MacroATLAS,tiny_01007,repair,macro,SAT,REPAIR,0,3,PASSED,1.0652695879998646,4,0,1,1,1,3,0,2,2,3,False,True,True,True,True,3916,7936,130704,
Oracle,tiny_01008,plain,oracle,SAT,MIN_EXPANDED_SIZE,0,2,REFERENCE_EXHAUSTIVE,0.21413172199982,3,0,1,1,1,,,,,,,,,,,,,44632,
ATLAS-B,tiny_01008,plain,atlas-b,SAT,MIN_EXPANDED_SIZE,0,2,PASSED,0.7651594779999868,3,0,1,1,1,2,0,1,1,2,False,True,True,True,True,4327,12628,99156,
MacroATLAS,tiny_01008,plain,macro,SAT,MIN_EXPANDED_SIZE,0,2,PASSED,0.7151734919998489,3,0,1,1,1,2,0,1,1,2,False,True,True,True,True,2520,4673,94728,
Oracle,tiny_01009,nnf,oracle,SAT,MIN_EXPANDED_SIZE,0,2,REFERENCE_EXHAUSTIVE,0.21408440100003645,3,0,1,1,1,,,,,,,,,,,,,44804,
ATLAS-B,tiny_01009,nnf,atlas-b,SAT,MIN_EXPANDED_SIZE,0,2,PASSED,0.8648379430001114,3,0,1,1,1,2,0,1,1,2,False,True,True,True,True,10080,32405,110656,
MacroATLAS,tiny_01009,nnf,macro,SAT,MIN_EXPANDED_SIZE,0,2,PASSED,0.914895880000131,3,0,1,1,1,2,0,1,1,2,False,True,True,True,True,5390,12123,129944,
Oracle,tiny_01010,cnf,oracle,SAT,MIN_EXPANDED_SIZE,0,1,REFERENCE_EXHAUSTIVE,0.21433922799997163,2,0,1,1,1,,,,,,,,,,,,,44216,
ATLAS-B,tiny_01010,cnf,atlas-b,SAT,MIN_EXPANDED_SIZE,0,1,PASSED,0.7151535009998042,2,0,1,1,1,1,0,0,0,1,False,True,True,True,True,1904,5035,96696,
MacroATLAS,tiny_01010,cnf,macro,SAT,MIN_EXPANDED_SIZE,0,1,PASSED,0.7651265270001204,2,0,1,1,1,1,0,0,0,1,False,True,True,True,True,888,1673,102200,
Oracle,tiny_01011,dnf,oracle,SAT,MIN_EXPANDED_SIZE,0,1,REFERENCE_EXHAUSTIVE,0.21406221100005496,2,0,1,1,1,,,,,,,,,,,,,44736,
ATLAS-B,tiny_01011,dnf,atlas-b,SAT,MIN_EXPANDED_SIZE,0,1,PASSED,0.764788499000133,2,0,1,1,1,1,0,0,0,1,False,True,True,True,True,2959,8497,97948,
MacroATLAS,tiny_01011,dnf,macro,SAT,MIN_EXPANDED_SIZE,0,1,PASSED,0.7649942829998508,2,0,1,1,1,1,0,0,0,1,False,True,True,True,True,888,1673,102672,
Oracle,tiny_01012,required,oracle,SAT,MIN_EXPANDED_SIZE,0,2,REFERENCE_EXHAUSTIVE,0.2141197219998503,3,0,1,1,1,,,,,,,,,,,,,44872,
ATLAS-B,tiny_01012,required,atlas-b,SAT,MIN_EXPANDED_SIZE,0,2,PASSED,0.8147713440002917,3,0,1,1,1,2,0,1,1,2,False,True,True,True,True,7734,24241,101492,
MacroATLAS,tiny_01012,required,macro,SAT,MIN_EXPANDED_SIZE,0,2,PASSED,0.7148038820000693,3,0,1,1,1,2,0,1,1,2,False,True,True,True,True,2957,6022,96564,
Oracle,tiny_01013,no_dag_reuse,oracle,SAT,MIN_EXPANDED_SIZE,0,2,REFERENCE_EXHAUSTIVE,0.21410832199990182,3,0,1,1,1,,,,,,,,,,,,,44956,
ATLAS-B,tiny_01013,no_dag_reuse,atlas-b,SAT,MIN_EXPANDED_SIZE,0,2,PASSED,0.7654483860001164,3,0,1,1,1,2,0,1,1,2,False,True,True,True,True,7767,24292,109608,
MacroATLAS,tiny_01013,no_dag_reuse,macro,SAT,MIN_EXPANDED_SIZE,0,2,PASSED,0.7648172700000941,3,0,1,1,1,2,0,1,1,2,False,True,True,True,True,3837,7261,111836,
Oracle,tiny_01014,global_prop,oracle,SAT,MIN_EXPANDED_SIZE,0,2,REFERENCE_EXHAUSTIVE,0.21418046400003732,3,0,1,1,1,,,,,,,,,,,,,45252,
ATLAS-B,tiny_01014,global_prop,atlas-b,SAT,MIN_EXPANDED_SIZE,0,2,PASSED,0.8652542329996322,3,0,1,1,1,2,0,1,1,2,False,True,True,True,True,10112,32392,111908,
MacroATLAS,tiny_01014,global_prop,macro,SAT,MIN_EXPANDED_SIZE,0,2,PASSED,0.7648834420001549,3,0,1,1,1,2,0,1,1,2,False,True,True,True,True,2405,5126,105068,
Oracle,tiny_01015,repair,oracle,UNSAT,REPAIR,0,0,REFERENCE_EXHAUSTIVE,0.21408782199978305,2,0,1,2,1,,,,,,,,,,,,,45404,
ATLAS-B,tiny_01015,repair,atlas-b,UNSAT,REPAIR,0,0,NOT_APPLICABLE_UNSAT,0.9651685940002608,2,0,1,2,1,,,,,,,,,,,9150,29002,133468,
MacroATLAS,tiny_01015,repair,macro,UNSAT,REPAIR,0,0,NOT_APPLICABLE_UNSAT,0.9151774370002386,2,0,1,2,1,,0,,,,,,,,,1378,2362,125684,
Oracle,tiny_01016,plain,oracle,SAT,MIN_EXPANDED_SIZE,0,3,REFERENCE_EXHAUSTIVE,0.21410427099999652,4,0,1,1,1,,,,,,,,,,,,,45764,
ATLAS-B,tiny_01016,plain,atlas-b,SAT,MIN_EXPANDED_SIZE,0,3,PASSED,0.9152768100002504,4,0,1,1,1,3,0,2,2,3,False,True,True,True,True,18782,62219,131284,
MacroATLAS,tiny_01016,plain,macro,SAT,MIN_EXPANDED_SIZE,0,3,PASSED,1.0153342439998596,4,0,1,1,1,3,0,2,2,3,False,True,True,True,True,6152,12759,134044,
Oracle,tiny_01017,nnf,oracle,SAT,MIN_EXPANDED_SIZE,0,3,REFERENCE_EXHAUSTIVE,0.21435881799970957,4,0,1,1,1,,,,,,,,,,,,,46376,
ATLAS-B,tiny_01017,nnf,atlas-b,SAT,MIN_EXPANDED_SIZE,0,3,PASSED,0.9150266329997976,4,0,1,1,1,3,0,2,2,3,False,True,True,True,True,10719,33786,113332,
MacroATLAS,tiny_01017,nnf,macro,SAT,MIN_EXPANDED_SIZE,0,3,PASSED,1.3156445200002054,4,0,1,1,1,3,0,2,2,3,False,True,True,True,True,13318,32723,140820,
Oracle,tiny_01018,cnf,oracle,SAT,MIN_EXPANDED_SIZE,0,2,REFERENCE_EXHAUSTIVE,0.21397989800016148,3,0,1,1,1,,,,,,,,,,,,,44884,
ATLAS-B,tiny_01018,cnf,atlas-b,SAT,MIN_EXPANDED_SIZE,0,2,PASSED,0.7145590459999767,3,0,1,1,1,2,0,1,1,2,False,True,True,True,True,2130,5452,97300,
MacroATLAS,tiny_01018,cnf,macro,SAT,MIN_EXPANDED_SIZE,0,2,PASSED,0.8648915839999063,3,0,1,1,1,2,0,1,1,2,False,True,True,True,True,3025,6690,122060,
Oracle,tiny_01019,dnf,oracle,SAT,MIN_EXPANDED_SIZE,0,2,REFERENCE_EXHAUSTIVE,0.21407762100034233,3,0,1,1,1,,,,,,,,,,,,,45256,
ATLAS-B,tiny_01019,dnf,atlas-b,SAT,MIN_EXPANDED_SIZE,0,2,PASSED,0.8149105279999276,3,0,1,1,1,2,0,1,1,2,False,True,True,True,True,10103,32440,108852,
MacroATLAS,tiny_01019,dnf,macro,SAT,MIN_EXPANDED_SIZE,0,2,PASSED,0.8650603880000745,3,0,1,1,1,2,0,1,1,2,False,True,True,True,True,3025,6690,120536,
Oracle,tiny_01020,required,oracle,SAT,MIN_EXPANDED_SIZE,0,3,REFERENCE_EXHAUSTIVE,0.21408260099997278,4,0,1,1,1,,,,,,,,,,,,,46440,
ATLAS-B,tiny_01020,required,atlas-b,SAT,MIN_EXPANDED_SIZE,0,3,PASSED,0.8149154380002983,4,0,1,1,1,3,0,2,2,3,False,True,True,True,True,13677,44054,110760,
MacroATLAS,tiny_01020,required,macro,SAT,MIN_EXPANDED_SIZE,0,3,PASSED,0.9150334440000734,4,0,1,1,1,3,0,2,2,3,False,True,True,True,True,6822,14650,132360,
Oracle,tiny_01021,no_dag_reuse,oracle,SAT,MIN_EXPANDED_SIZE,0,3,REFERENCE_EXHAUSTIVE,0.21417403299983562,4,0,1,1,1,,,,,,,,,,,,,46424,
ATLAS-B,tiny_01021,no_dag_reuse,atlas-b,SAT,MIN_EXPANDED_SIZE,0,3,PASSED,0.815114542000174,4,0,1,1,1,3,0,2,2,3,False,True,True,True,True,6307,18688,105980,
MacroATLAS,tiny_01021,no_dag_reuse,macro,SAT,MIN_EXPANDED_SIZE,0,3,PASSED,0.8150433910000174,4,0,1,1,1,3,0,2,2,3,False,True,True,True,True,4826,9278,120668,
Oracle,tiny_01022,global_prop,oracle,SAT,MIN_EXPANDED_SIZE,0,3,REFERENCE_EXHAUSTIVE,0.21426021500019488,4,0,1,1,1,,,,,,,,,,,,,47216,
ATLAS-B,tiny_01022,global_prop,atlas-b,SAT,MIN_EXPANDED_SIZE,0,3,PASSED,0.7649085610000839,4,0,1,1,1,3,0,2,2,3,False,True,True,True,True,8326,25405,101348,
MacroATLAS,tiny_01022,global_prop,macro,SAT,MIN_EXPANDED_SIZE,0,3,PASSED,0.814939848999984,4,0,1,1,1,3,0,2,2,3,False,True,True,True,True,2920,6505,107468,
Oracle,tiny_01023,repair,oracle,SAT,REPAIR,1,2,REFERENCE_EXHAUSTIVE,0.2142387349999808,3,0,1,1,1,,,,,,,,,,,,,45496,
ATLAS-B,tiny_01023,repair,atlas-b,SAT,REPAIR,1,2,PASSED,0.7649445429997286,3,0,1,1,1,2,0,1,1,2,False,True,True,True,True,5187,15000,99944,
MacroATLAS,tiny_01023,repair,macro,SAT,REPAIR,1,2,PASSED,0.7147328609999022,3,0,1,1,1,2,0,1,1,2,False,True,True,True,True,2316,4422,97540,
Oracle,tiny_01024,plain,oracle,UNSAT,MIN_EXPANDED_SIZE,0,0,REFERENCE_EXHAUSTIVE,0.1640185129999736,2,0,1,2,1,,,,,,,,,,,,,44528,
ATLAS-B,tiny_01024,plain,atlas-b,UNSAT,MIN_EXPANDED_SIZE,0,0,NOT_APPLICABLE_UNSAT,0.6145916039999975,2,0,1,2,1,,,,,,,,,,,1123,2557,86804,
MacroATLAS,tiny_01024,plain,macro,UNSAT,MIN_EXPANDED_SIZE,0,0,NOT_APPLICABLE_UNSAT,0.6146115450001162,2,0,1,2,1,,0,,,,,,,,,1211,2265,90520,
Oracle,tiny_01025,nnf,oracle,UNSAT,MIN_EXPANDED_SIZE,0,0,REFERENCE_EXHAUSTIVE,0.2140391200000522,2,0,1,2,1,,,,,,,,,,,,,44568,
ATLAS-B,tiny_01025,nnf,atlas-b,UNSAT,MIN_EXPANDED_SIZE,0,0,NOT_APPLICABLE_UNSAT,0.7147906319996764,2,0,1,2,1,,,,,,,,,,,2650,7148,93984,
MacroATLAS,tiny_01025,nnf,macro,UNSAT,MIN_EXPANDED_SIZE,0,0,NOT_APPLICABLE_UNSAT,0.7148749440002575,2,0,1,2,1,,0,,,,,,,,,2281,4807,104184,
Oracle,tiny_01026,cnf,oracle,SAT,MIN_EXPANDED_SIZE,0,3,REFERENCE_EXHAUSTIVE,0.21410861200001818,3,1,2,1,2,,,,,,,,,,,,,46864,
ATLAS-B,tiny_01026,cnf,atlas-b,SAT,MIN_EXPANDED_SIZE,0,3,PASSED,0.9150974849999329,3,1,2,1,2,3,1,0,0,3,False,True,True,True,True,9658,29978,111444,
MacroATLAS,tiny_01026,cnf,macro,SAT,MIN_EXPANDED_SIZE,0,3,PASSED,0.9652217749999181,3,1,2,1,2,3,1,0,0,3,False,True,True,True,True,5286,12159,131756,
Oracle,tiny_01027,dnf,oracle,SAT,MIN_EXPANDED_SIZE,0,3,REFERENCE_EXHAUSTIVE,0.2141672939997079,3,1,2,1,2,,,,,,,,,,,,,46856,
ATLAS-B,tiny_01027,dnf,atlas-b,SAT,MIN_EXPANDED_SIZE,0,3,PASSED,0.76494699199975,3,1,2,1,2,3,1,0,0,3,False,True,True,True,True,7154,21498,105756,
MacroATLAS,tiny_01027,dnf,macro,SAT,MIN_EXPANDED_SIZE,0,3,PASSED,0.9649757189999946,3,1,2,1,2,3,1,0,0,3,False,True,True,True,True,5286,12159,133564,
Oracle,tiny_01028,required,oracle,UNSAT,MIN_EXPANDED_SIZE,0,0,REFERENCE_EXHAUSTIVE,0.2141286119999677,2,0,1,2,1,,,,,,,,,,,,,45372,
ATLAS-B,tiny_01028,required,atlas-b,UNSAT,MIN_EXPANDED_SIZE,0,0,NOT_APPLICABLE_UNSAT,0.6648132159998568,2,0,1,2,1,,,,,,,,,,,4228,12337,92044,
MacroATLAS,tiny_01028,required,macro,UNSAT,MIN_EXPANDED_SIZE,0,0,NOT_APPLICABLE_UNSAT,0.6649448799998936,2,0,1,2,1,,0,,,,,,,,,1398,2561,89864,
Oracle,tiny_01029,no_dag_reuse,oracle,UNSAT,MIN_EXPANDED_SIZE,0,0,REFERENCE_EXHAUSTIVE,0.21421536399975594,2,0,1,2,1,,,,,,,,,,,,,44668,
ATLAS-B,tiny_01029,no_dag_reuse,atlas-b,UNSAT,MIN_EXPANDED_SIZE,0,0,NOT_APPLICABLE_UNSAT,0.7649039510001785,2,0,1,2,1,,,,,,,,,,,10896,35319,101568,
MacroATLAS,tiny_01029,no_dag_reuse,macro,UNSAT,MIN_EXPANDED_SIZE,0,0,NOT_APPLICABLE_UNSAT,0.6647986859998127,2,0,1,2,1,,0,,,,,,,,,1508,2728,90052,
Oracle,tiny_01030,global_prop,oracle,SAT,MIN_EXPANDED_SIZE,0,4,REFERENCE_EXHAUSTIVE,0.3642721840001286,4,1,2,1,2,,,,,,,,,,,,,76016,
ATLAS-B,tiny_01030,global_prop,atlas-b,SAT,MIN_EXPANDED_SIZE,0,4,PASSED,1.0153129939999417,4,1,2,1,2,4,1,1,1,4,False,True,True,True,True,22169,72021,130076,
MacroATLAS,tiny_01030,global_prop,macro,SAT,MIN_EXPANDED_SIZE,0,4,PASSED,1.015286081999875,4,1,2,1,2,4,1,1,1,4,False,True,True,True,True,6887,16121,132316,
Oracle,tiny_01031,repair,oracle,SAT,REPAIR,0,3,REFERENCE_EXHAUSTIVE,0.2140630109997801,4,0,1,1,1,,,,,,,,,,,,,46448,
ATLAS-B,tiny_01031,repair,atlas-b,SAT,REPAIR,0,3,PASSED,1.0652318180000293,4,0,1,1,1,3,0,2,2,3,False,True,True,True,True,9528,28796,129304,
MacroATLAS,tiny_01031,repair,macro,SAT,REPAIR,0,3,PASSED,1.0152004209999177,4,0,1,1,1,3,0,2,2,3,False,True,True,True,True,3916,7936,130380,
Oracle,tiny_01032,plain,oracle,SAT,MIN_EXPANDED_SIZE,0,1,REFERENCE_EXHAUSTIVE,0.16402962300026047,2,0,1,1,1,,,,,,,,,,,,,44568,
ATLAS-B,tiny_01032,plain,atlas-b,SAT,MIN_EXPANDED_SIZE,0,1,PASSED,0.7148546040002657,2,0,1,1,1,1,0,0,0,1,False,True,True,True,True,5527,17313,96468,
MacroATLAS,tiny_01032,plain,macro,SAT,MIN_EXPANDED_SIZE,0,1,PASSED,0.5647038509996491,2,0,1,1,1,1,0,0,0,1,False,True,True,True,True,320,523,85712,
Oracle,tiny_01033,nnf,oracle,SAT,MIN_EXPANDED_SIZE,0,1,REFERENCE_EXHAUSTIVE,0.16412768600002892,2,0,1,1,1,,,,,,,,,,,,,44436,
ATLAS-B,tiny_01033,nnf,atlas-b,SAT,MIN_EXPANDED_SIZE,0,1,PASSED,0.7651665680000406,2,0,1,1,1,1,0,0,0,1,False,True,True,True,True,5531,17323,103284,
MacroATLAS,tiny_01033,nnf,macro,SAT,MIN_EXPANDED_SIZE,0,1,PASSED,0.6648762479999277,2,0,1,1,1,1,0,0,0,1,False,True,True,True,True,667,1204,95152,
Oracle,tiny_01034,cnf,oracle,SAT,MIN_EXPANDED_SIZE,0,3,REFERENCE_EXHAUSTIVE,0.2140264089998709,3,1,2,2,1,,,,,,,,,,,,,46696,
ATLAS-B,tiny_01034,cnf,atlas-b,SAT,MIN_EXPANDED_SIZE,0,3,PASSED,0.7647640780000984,3,1,2,2,1,3,1,0,0,3,False,True,True,True,True,4897,14031,107300,
MacroATLAS,tiny_01034,cnf,macro,SAT,MIN_EXPANDED_SIZE,0,3,PASSED,0.9151119559996914,3,1,2,2,1,3,1,0,0,3,False,True,True,True,True,5286,12159,124828,
Oracle,tiny_01035,dnf,oracle,SAT,MIN_EXPANDED_SIZE,0,3,REFERENCE_EXHAUSTIVE,0.2141065319997324,3,1,2,2,1,,,,,,,,,,,,,46852,
ATLAS-B,tiny_01035,dnf,atlas-b,SAT,MIN_EXPANDED_SIZE,0,3,PASSED,0.9654687699999158,3,1,2,2,1,3,1,0,0,3,False,True,True,True,True,16540,53825,126604,
MacroATLAS,tiny_01035,dnf,macro,SAT,MIN_EXPANDED_SIZE,0,3,PASSED,0.965075531000366,3,1,2,2,1,3,1,0,0,3,False,True,True,True,True,5286,12159,131120,
Oracle,tiny_01036,required,oracle,SAT,MIN_EXPANDED_SIZE,0,1,REFERENCE_EXHAUSTIVE,0.16425061900008586,2,0,1,1,1,,,,,,,,,,,,,44688,
ATLAS-B,tiny_01036,required,atlas-b,SAT,MIN_EXPANDED_SIZE,0,1,PASSED,0.6648666979999689,2,0,1,1,1,1,0,0,0,1,False,True,True,True,True,866,1944,94388,
MacroATLAS,tiny_01036,required,macro,SAT,MIN_EXPANDED_SIZE,0,1,PASSED,0.6149596629998086,2,0,1,1,1,1,0,0,0,1,False,True,True,True,True,320,523,85976,
Oracle,tiny_01037,no_dag_reuse,oracle,SAT,MIN_EXPANDED_SIZE,0,1,REFERENCE_EXHAUSTIVE,0.2140933010000481,2,0,1,1,1,,,,,,,,,,,,,44740,
ATLAS-B,tiny_01037,no_dag_reuse,atlas-b,SAT,MIN_EXPANDED_SIZE,0,1,PASSED,0.7649336519998542,2,0,1,1,1,1,0,0,0,1,False,True,True,True,True,7389,23794,103756,
MacroATLAS,tiny_01037,no_dag_reuse,macro,SAT,MIN_EXPANDED_SIZE,0,1,PASSED,0.7146916900001088,2,0,1,1,1,1,0,0,0,1,False,True,True,True,True,1321,2432,94092,
Oracle,tiny_01038,global_prop,oracle,SAT,MIN_EXPANDED_SIZE,0,4,REFERENCE_EXHAUSTIVE,0.3142168180002045,4,1,2,2,1,,,,,,,,,,,,,74352,
ATLAS-B,tiny_01038,global_prop,atlas-b,SAT,MIN_EXPANDED_SIZE,0,4,PASSED,1.0159441189998688,4,1,2,2,1,4,1,1,1,4,False,True,True,True,True,22169,72016,131560,
MacroATLAS,tiny_01038,global_prop,macro,SAT,MIN_EXPANDED_SIZE,0,4,PASSED,0.9151001449999967,4,1,2,2,1,4,1,1,1,4,False,True,True,True,True,6887,16121,125432,
Oracle,tiny_01039,repair,oracle,UNSAT,REPAIR,0,0,REFERENCE_EXHAUSTIVE,0.21410105099994325,2,0,1,2,1,,,,,,,,,,,,,45192,
ATLAS-B,tiny_01039,repair,atlas-b,UNSAT,REPAIR,0,0,NOT_APPLICABLE_UNSAT,0.9653490679997958,2,0,1,2,1,,,,,,,,,,,12165,39579,125020,
MacroATLAS,tiny_01039,repair,macro,UNSAT,REPAIR,0,0,NOT_APPLICABLE_UNSAT,0.9152485090003211,2,0,1,2,1,,0,,,,,,,,,1191,2066,125668,
Oracle,tiny_01040,plain,oracle,SAT,MIN_EXPANDED_SIZE,0,2,REFERENCE_EXHAUSTIVE,0.16397989200004304,3,0,1,1,1,,,,,,,,,,,,,44648,
ATLAS-B,tiny_01040,plain,atlas-b,SAT,MIN_EXPANDED_SIZE,0,2,PASSED,0.7649916629998188,3,0,1,1,1,2,0,1,1,2,False,True,True,True,True,4325,12625,101920,
MacroATLAS,tiny_01040,plain,macro,SAT,MIN_EXPANDED_SIZE,0,2,PASSED,0.6648275969996575,3,0,1,1,1,2,0,1,1,2,False,True,True,True,True,1214,2267,93660,
Oracle,tiny_01041,nnf,oracle,SAT,MIN_EXPANDED_SIZE,0,2,REFERENCE_EXHAUSTIVE,0.2142018139998072,3,0,1,1,1,,,,,,,,,,,,,44848,
ATLAS-B,tiny_01041,nnf,atlas-b,SAT,MIN_EXPANDED_SIZE,0,2,PASSED,0.8651371700002528,3,0,1,1,1,2,0,1,1,2,False,True,True,True,True,10077,32397,112812,
MacroATLAS,tiny_01041,nnf,macro,SAT,MIN_EXPANDED_SIZE,0,2,PASSED,0.7649325930001396,3,0,1,1,1,2,0,1,1,2,False,True,True,True,True,2284,4809,108188,
Oracle,tiny_01042,cnf,oracle,UNSAT,MIN_EXPANDED_SIZE,0,0,REFERENCE_EXHAUSTIVE,0.16398578300004374,2,0,1,2,1,,,,,,,,,,,,,44708,
ATLAS-B,tiny_01042,cnf,atlas-b,UNSAT,MIN_EXPANDED_SIZE,0,0,NOT_APPLICABLE_UNSAT,0.8150630420000198,2,0,1,2,1,,,,,,,,,,,10899,35320,103584,
MacroATLAS,tiny_01042,cnf,macro,UNSAT,MIN_EXPANDED_SIZE,0,0,NOT_APPLICABLE_UNSAT,0.814826155999981,2,0,1,2,1,,0,,,,,,,,,3209,6984,115004,
Oracle,tiny_01043,dnf,oracle,UNSAT,MIN_EXPANDED_SIZE,0,0,REFERENCE_EXHAUSTIVE,0.2142084239999349,2,0,1,2,1,,,,,,,,,,,,,45076,
ATLAS-B,tiny_01043,dnf,atlas-b,UNSAT,MIN_EXPANDED_SIZE,0,0,NOT_APPLICABLE_UNSAT,0.815065771999798,2,0,1,2,1,,,,,,,,,,,10899,35328,106828,
MacroATLAS,tiny_01043,dnf,macro,UNSAT,MIN_EXPANDED_SIZE,0,0,NOT_APPLICABLE_UNSAT,0.7649137319999681,2,0,1,2,1,,0,,,,,,,,,3209,6984,108272,
Oracle,tiny_01044,required,oracle,SAT,MIN_EXPANDED_SIZE,0,2,REFERENCE_EXHAUSTIVE,0.16392107000001488,3,0,1,1,1,,,,,,,,,,,,,45028,
ATLAS-B,tiny_01044,required,atlas-b,SAT,MIN_EXPANDED_SIZE,0,2,PASSED,0.7649841229999765,3,0,1,1,1,2,0,1,1,2,False,True,True,True,True,5846,17758,101648,
MacroATLAS,tiny_01044,required,macro,SAT,MIN_EXPANDED_SIZE,0,2,PASSED,0.664660183000251,3,0,1,1,1,2,0,1,1,2,False,True,True,True,True,1214,2267,89908,
Oracle,tiny_01045,no_dag_reuse,oracle,SAT,MIN_EXPANDED_SIZE,0,2,REFERENCE_EXHAUSTIVE,0.21399963900012153,3,0,1,1,1,,,,,,,,,,,,,44984,
ATLAS-B,tiny_01045,no_dag_reuse,atlas-b,SAT,MIN_EXPANDED_SIZE,0,2,PASSED,0.7648936020000292,3,0,1,1,1,2,0,1,1,2,False,True,True,True,True,4357,12672,102364,
MacroATLAS,tiny_01045,no_dag_reuse,macro,SAT,MIN_EXPANDED_SIZE,0,2,PASSED,0.7147616510001171,3,0,1,1,1,2,0,1,1,2,False,True,True,True,True,1420,2690,93448,
Oracle,tiny_01046,global_prop,oracle,UNSAT,MIN_EXPANDED_SIZE,0,0,REFERENCE_EXHAUSTIVE,0.21415110299994922,2,0,1,2,1,,,,,,,,,,,,,44760,
ATLAS-B,tiny_01046,global_prop,atlas-b,UNSAT,MIN_EXPANDED_SIZE,0,0,NOT_APPLICABLE_UNSAT,0.7149366960002226,2,0,1,2,1,,,,,,,,,,,2668,7145,94884,
MacroATLAS,tiny_01046,global_prop,macro,UNSAT,MIN_EXPANDED_SIZE,0,0,NOT_APPLICABLE_UNSAT,0.815016370000194,2,0,1,2,1,,0,,,,,,,,,2604,5442,107720,
Oracle,tiny_01047,repair,oracle,SAT,REPAIR,1,2,REFERENCE_EXHAUSTIVE,0.2140909909999209,3,0,1,1,1,,,,,,,,,,,,,45760,
ATLAS-B,tiny_01047,repair,atlas-b,SAT,REPAIR,1,2,PASSED,0.8650381279999237,3,0,1,1,1,2,0,1,1,2,False,True,True,True,True,11570,37000,113272,
MacroATLAS,tiny_01047,repair,macro,SAT,REPAIR,1,2,PASSED,0.7148444239996934,3,0,1,1,1,2,0,1,1,2,False,True,True,True,True,2316,4422,94104,
Oracle,tiny_01048,plain,oracle,SAT,MIN_EXPANDED_SIZE,0,3,REFERENCE_EXHAUSTIVE,0.214087520999783,3,1,2,1,2,,,,,,,,,,,,,46484,
ATLAS-B,tiny_01048,plain,atlas-b,SAT,MIN_EXPANDED_SIZE,0,3,PASSED,0.9151581369997075,3,1,2,1,2,3,1,0,0,3,False,True,True,True,True,16506,53760,128200,
MacroATLAS,tiny_01048,plain,macro,SAT,MIN_EXPANDED_SIZE,0,3,PASSED,0.7147774919999392,3,1,2,1,2,3,1,0,0,3,False,True,True,True,True,2616,5312,98076,
Oracle,tiny_01049,nnf,oracle,SAT,MIN_EXPANDED_SIZE,0,3,REFERENCE_EXHAUSTIVE,0.214068621000024,3,1,2,1,2,,,,,,,,,,,,,46892,
ATLAS-B,tiny_01049,nnf,atlas-b,SAT,MIN_EXPANDED_SIZE,0,3,PASSED,0.9152365689997168,3,1,2,1,2,3,1,0,0,3,False,True,True,True,True,16513,53780,123780,
MacroATLAS,tiny_01049,nnf,macro,SAT,MIN_EXPANDED_SIZE,0,3,PASSED,0.86496977600018,3,1,2,1,2,3,1,0,0,3,False,True,True,True,True,4466,10083,118792,
Oracle,tiny_01050,cnf,oracle,SAT,MIN_EXPANDED_SIZE,0,1,REFERENCE_EXHAUSTIVE,0.2143095159999575,2,0,1,1,1,,,,,,,,,,,,,44104,
ATLAS-B,tiny_01050,cnf,atlas-b,SAT,MIN_EXPANDED_SIZE,0,1,PASSED,0.7649545439999201,2,0,1,1,1,1,0,0,0,1,False,True,True,True,True,5548,17344,102444,
MacroATLAS,tiny_01050,cnf,macro,SAT,MIN_EXPANDED_SIZE,0,1,PASSED,0.714805522000006,2,0,1,1,1,1,0,0,0,1,False,True,True,True,True,888,1673,107880,
Oracle,tiny_01051,dnf,oracle,SAT,MIN_EXPANDED_SIZE,0,1,REFERENCE_EXHAUSTIVE,0.21406735999971716,2,0,1,1,1,,,,,,,,,,,,,44768,
ATLAS-B,tiny_01051,dnf,atlas-b,SAT,MIN_EXPANDED_SIZE,0,1,PASSED,0.664694074000181,2,0,1,1,1,1,0,0,0,1,False,True,True,True,True,1327,3246,94780,
MacroATLAS,tiny_01051,dnf,macro,SAT,MIN_EXPANDED_SIZE,0,1,PASSED,0.865210081999976,2,0,1,1,1,1,0,0,0,1,False,True,True,True,True,888,1673,118680,
Oracle,tiny_01052,required,oracle,SAT,MIN_EXPANDED_SIZE,0,3,REFERENCE_EXHAUSTIVE,0.21403910000026372,3,1,2,1,2,,,,,,,,,,,,,47484,
ATLAS-B,tiny_01052,required,atlas-b,SAT,MIN_EXPANDED_SIZE,0,3,PASSED,0.8650545979999151,3,1,2,1,2,3,1,0,0,3,False,True,True,True,True,16506,53763,123004,
MacroATLAS,tiny_01052,required,macro,SAT,MIN_EXPANDED_SIZE,0,3,PASSED,0.7649294520001604,3,1,2,1,2,3,1,0,0,3,False,True,True,True,True,3248,6867,104320,
Oracle,tiny_01053,no_dag_reuse,oracle,SAT,MIN_EXPANDED_SIZE,0,3,REFERENCE_EXHAUSTIVE,0.21417649399973016,3,1,2,1,2,,,,,,,,,,,,,46996,
ATLAS-B,tiny_01053,no_dag_reuse,atlas-b,SAT,MIN_EXPANDED_SIZE,0,3,PASSED,0.8650733479998962,3,1,2,1,2,3,1,0,0,3,False,True,True,True,True,9673,30001,110372,
MacroATLAS,tiny_01053,no_dag_reuse,macro,SAT,MIN_EXPANDED_SIZE,0,3,PASSED,0.7647645179999927,3,1,2,1,2,3,1,0,0,3,False,True,True,True,True,2914,5792,99488,
Oracle,tiny_01054,global_prop,oracle,SAT,MIN_EXPANDED_SIZE,0,2,REFERENCE_EXHAUSTIVE,0.2140905510000266,3,0,1,1,1,,,,,,,,,,,,,44920,
ATLAS-B,tiny_01054,global_prop,atlas-b,SAT,MIN_EXPANDED_SIZE,0,2,PASSED,0.8651438109995979,3,0,1,1,1,2,0,1,1,2,False,True,True,True,True,10112,32396,111176,
MacroATLAS,tiny_01054,global_prop,macro,SAT,MIN_EXPANDED_SIZE,0,2,PASSED,0.7648540209997918,3,0,1,1,1,2,0,1,1,2,False,True,True,True,True,2405,5126,110656,
Oracle,tiny_01055,repair,oracle,SAT,REPAIR,0,3,REFERENCE_EXHAUSTIVE,0.21411396099983904,4,0,1,1,1,,,,,,,,,,,,,47308,
ATLAS-B,tiny_01055,repair,atlas-b,SAT,REPAIR,0,3,PASSED,1.0153448739997657,4,0,1,1,1,3,0,2,2,3,False,True,True,True,True,3941,10193,124728,
MacroATLAS,tiny_01055,repair,macro,SAT,REPAIR,0,3,PASSED,1.0153489439999248,4,0,1,1,1,3,0,2,2,3,False,True,True,True,True,3916,7936,126776,
Oracle,tiny_01056,plain,oracle,SAT,MIN_EXPANDED_SIZE,0,3,REFERENCE_EXHAUSTIVE,0.2140413899996929,3,1,2,2,1,,,,,,,,,,,,,46760,
ATLAS-B,tiny_01056,plain,atlas-b,SAT,MIN_EXPANDED_SIZE,0,3,PASSED,0.9653438640002605,3,1,2,2,1,3,1,0,0,3,False,True,True,True,True,16507,53767,130552,
MacroATLAS,tiny_01056,plain,macro,SAT,MIN_EXPANDED_SIZE,0,3,PASSED,0.7147907710000254,3,1,2,2,1,3,1,0,0,3,False,True,True,True,True,2616,5312,95904,
Oracle,tiny_01057,nnf,oracle,SAT,MIN_EXPANDED_SIZE,0,3,REFERENCE_EXHAUSTIVE,0.21416559299996152,3,1,2,2,1,,,,,,,,,,,,,46732,
ATLAS-B,tiny_01057,nnf,atlas-b,SAT,MIN_EXPANDED_SIZE,0,3,PASSED,0.8195272620000651,3,1,2,2,1,3,1,0,0,3,False,True,True,True,True,9631,29929,113964,
MacroATLAS,tiny_01057,nnf,macro,SAT,MIN_EXPANDED_SIZE,0,3,PASSED,0.9151860220003982,3,1,2,2,1,3,1,0,0,3,False,True,True,True,True,4466,10083,120820,
Oracle,tiny_01058,cnf,oracle,SAT,MIN_EXPANDED_SIZE,0,2,REFERENCE_EXHAUSTIVE,0.2141122009998071,3,0,1,1,1,,,,,,,,,,,,,45088,
ATLAS-B,tiny_01058,cnf,atlas-b,SAT,MIN_EXPANDED_SIZE,0,2,PASSED,0.8149259890001304,3,0,1,1,1,2,0,1,1,2,False,True,True,True,True,10103,32433,106360,
MacroATLAS,tiny_01058,cnf,macro,SAT,MIN_EXPANDED_SIZE,0,2,PASSED,0.8651217639999231,3,0,1,1,1,2,0,1,1,2,False,True,True,True,True,3025,6690,118408,
Oracle,tiny_01059,dnf,oracle,SAT,MIN_EXPANDED_SIZE,0,2,REFERENCE_EXHAUSTIVE,0.21421729499979847,3,0,1,1,1,,,,,,,,,,,,,45004,
ATLAS-B,tiny_01059,dnf,atlas-b,SAT,MIN_EXPANDED_SIZE,0,2,PASSED,0.8649854849995791,3,0,1,1,1,2,0,1,1,2,False,True,True,True,True,10104,32435,114256,
MacroATLAS,tiny_01059,dnf,macro,SAT,MIN_EXPANDED_SIZE,0,2,PASSED,0.9150771490003535,3,0,1,1,1,2,0,1,1,2,False,True,True,True,True,3025,6690,120728,
Oracle,tiny_01060,required,oracle,SAT,MIN_EXPANDED_SIZE,0,3,REFERENCE_EXHAUSTIVE,0.21410063200028162,3,1,2,2,1,,,,,,,,,,,,,46764,
ATLAS-B,tiny_01060,required,atlas-b,SAT,MIN_EXPANDED_SIZE,0,3,PASSED,0.9151596169999721,3,1,2,2,1,3,1,0,0,3,False,True,True,True,True,16506,53768,125324,
MacroATLAS,tiny_01060,required,macro,SAT,MIN_EXPANDED_SIZE,0,3,PASSED,0.7648984759998712,3,1,2,2,1,3,1,0,0,3,False,True,True,True,True,3248,6867,104600,
Oracle,tiny_01061,no_dag_reuse,oracle,SAT,MIN_EXPANDED_SIZE,0,3,REFERENCE_EXHAUSTIVE,0.21408012099982443,3,1,2,2,1,,,,,,,,,,,,,47972,
ATLAS-B,tiny_01061,no_dag_reuse,atlas-b,SAT,MIN_EXPANDED_SIZE,0,3,PASSED,0.8651671399998122,3,1,2,2,1,3,1,0,0,3,False,True,True,True,True,9672,29994,115020,
MacroATLAS,tiny_01061,no_dag_reuse,macro,SAT,MIN_EXPANDED_SIZE,0,3,PASSED,0.7649235530002443,3,1,2,2,1,3,1,0,0,3,False,True,True,True,True,2914,5792,102012,
Oracle,tiny_01062,global_prop,oracle,SAT,MIN_EXPANDED_SIZE,0,3,REFERENCE_EXHAUSTIVE,0.2141547719998016,4,0,1,1,1,,,,,,,,,,,,,46284,
ATLAS-B,tiny_01062,global_prop,atlas-b,SAT,MIN_EXPANDED_SIZE,0,3,PASSED,0.8649795810001706,4,0,1,1,1,3,0,2,2,3,False,True,True,True,True,10770,33783,110096,
MacroATLAS,tiny_01062,global_prop,macro,SAT,MIN_EXPANDED_SIZE,0,3,PASSED,0.8150493069997538,4,0,1,1,1,3,0,2,2,3,False,True,True,True,True,2920,6505,114124,
Oracle,tiny_01063,repair,oracle,UNSAT,REPAIR,0,0,REFERENCE_EXHAUSTIVE,0.21407589499995083,2,0,1,2,1,,,,,,,,,,,,,45372,
ATLAS-B,tiny_01063,repair,atlas-b,UNSAT,REPAIR,0,0,NOT_APPLICABLE_UNSAT,0.9152720729998691,2,0,1,2,1,,,,,,,,,,,4859,14267,124940,
MacroATLAS,tiny_01063,repair,macro,UNSAT,REPAIR,0,0,NOT_APPLICABLE_UNSAT,0.9151132400002098,2,0,1,2,1,,0,,,,,,,,,1378,2362,126224,
Oracle,tiny_01064,plain,oracle,SAT,MIN_EXPANDED_SIZE,0,2,REFERENCE_EXHAUSTIVE,0.2141075159997854,3,0,1,1,1,,,,,,,,,,,,,44688,
ATLAS-B,tiny_01064,plain,atlas-b,SAT,MIN_EXPANDED_SIZE,0,2,PASSED,0.6648632480000742,3,0,1,1,1,2,0,1,1,2,False,True,True,True,True,2096,5399,91972,
MacroATLAS,tiny_01064,plain,macro,SAT,MIN_EXPANDED_SIZE,0,2,PASSED,0.7149314850003066,3,0,1,1,1,2,0,1,1,2,False,True,True,True,True,1879,3473,100752,
Oracle,tiny_01065,nnf,oracle,SAT,MIN_EXPANDED_SIZE,0,2,REFERENCE_EXHAUSTIVE,0.2141210750000937,3,0,1,1,1,,,,,,,,,,,,,44704,
ATLAS-B,tiny_01065,nnf,atlas-b,SAT,MIN_EXPANDED_SIZE,0,2,PASSED,0.8149074539996946,3,0,1,1,1,2,0,1,1,2,False,True,True,True,True,7740,24257,110792,
MacroATLAS,tiny_01065,nnf,macro,SAT,MIN_EXPANDED_SIZE,0,2,PASSED,0.8149770959998932,3,0,1,1,1,2,0,1,1,2,False,True,True,True,True,3529,7661,110504,
Oracle,tiny_01066,cnf,oracle,SAT,MIN_EXPANDED_SIZE,0,3,REFERENCE_EXHAUSTIVE,0.21404102399992553,3,1,2,1,2,,,,,,,,,,,,,47048,
ATLAS-B,tiny_01066,cnf,atlas-b,SAT,MIN_EXPANDED_SIZE,0,3,PASSED,0.8150446480003666,3,1,2,1,2,3,1,0,0,3,False,True,True,True,True,9657,29972,105756,
MacroATLAS,tiny_01066,cnf,macro,SAT,MIN_EXPANDED_SIZE,0,3,PASSED,0.9150652580001406,3,1,2,1,2,3,1,0,0,3,False,True,True,True,True,5286,12159,132216,
Oracle,tiny_01067,dnf,oracle,SAT,MIN_EXPANDED_SIZE,0,3,REFERENCE_EXHAUSTIVE,0.21409885499997472,3,1,2,1,2,,,,,,,,,,,,,46772,
ATLAS-B,tiny_01067,dnf,atlas-b,SAT,MIN_EXPANDED_SIZE,0,3,PASSED,0.8650481720001153,3,1,2,1,2,3,1,0,0,3,False,True,True,True,True,12741,40580,109116,
MacroATLAS,tiny_01067,dnf,macro,SAT,MIN_EXPANDED_SIZE,0,3,PASSED,0.965473313000075,3,1,2,1,2,3,1,0,0,3,False,True,True,True,True,5286,12159,132812,
Oracle,tiny_01068,required,oracle,SAT,MIN_EXPANDED_SIZE,0,2,REFERENCE_EXHAUSTIVE,0.2141052550000495,3,0,1,1,1,,,,,,,,,,,,,45216,
ATLAS-B,tiny_01068,required,atlas-b,SAT,MIN_EXPANDED_SIZE,0,2,PASSED,0.8150466970000707,3,0,1,1,1,2,0,1,1,2,False,True,True,True,True,10070,32383,103856,
MacroATLAS,tiny_01068,required,macro,SAT,MIN_EXPANDED_SIZE,0,2,PASSED,0.6647328549997837,3,0,1,1,1,2,0,1,1,2,False,True,True,True,True,1847,3477,94812,
Oracle,tiny_01069,no_dag_reuse,oracle,SAT,MIN_EXPANDED_SIZE,0,2,REFERENCE_EXHAUSTIVE,0.16405572899975596,3,0,1,1,1,,,,,,,,,,,,,45004,
ATLAS-B,tiny_01069,no_dag_reuse,atlas-b,SAT,MIN_EXPANDED_SIZE,0,2,PASSED,0.8650635730000431,3,0,1,1,1,2,0,1,1,2,False,True,True,True,True,10103,32433,111372,
MacroATLAS,tiny_01069,no_dag_reuse,macro,SAT,MIN_EXPANDED_SIZE,0,2,PASSED,0.8650542020000103,3,0,1,1,1,2,0,1,1,2,False,True,True,True,True,3623,7262,114364,
Oracle,tiny_01070,global_prop,oracle,SAT,MIN_EXPANDED_SIZE,0,4,REFERENCE_EXHAUSTIVE,0.314203507000002,4,1,2,1,2,,,,,,,,,,,,,72900,
ATLAS-B,tiny_01070,global_prop,atlas-b,SAT,MIN_EXPANDED_SIZE,0,4,PASSED,0.915197550999892,4,1,2,1,2,4,1,1,1,4,False,True,True,True,True,22169,72009,127472,
MacroATLAS,tiny_01070,global_prop,macro,SAT,MIN_EXPANDED_SIZE,0,4,PASSED,0.9151143189997129,4,1,2,1,2,4,1,1,1,4,False,True,True,True,True,6887,16121,130004,
Oracle,tiny_01071,repair,oracle,SAT,REPAIR,1,2,REFERENCE_EXHAUSTIVE,0.2141817980000269,3,0,1,1,1,,,,,,,,,,,,,45716,
ATLAS-B,tiny_01071,repair,atlas-b,SAT,REPAIR,1,2,PASSED,0.8150718789997882,3,0,1,1,1,2,0,1,1,2,False,True,True,True,True,5188,15003,104152,
MacroATLAS,tiny_01071,repair,macro,SAT,REPAIR,1,2,PASSED,0.7148521729995991,3,0,1,1,1,2,0,1,1,2,False,True,True,True,True,2316,4422,94924,
Oracle,tiny_01072,plain,oracle,SAT,MIN_EXPANDED_SIZE,0,2,REFERENCE_EXHAUSTIVE,0.1640385289997539,3,0,1,1,1,,,,,,,,,,,,,44616,
ATLAS-B,tiny_01072,plain,atlas-b,SAT,MIN_EXPANDED_SIZE,0,2,PASSED,0.8149672350000401,3,0,1,1,1,2,0,1,1,2,False,True,True,True,True,7734,24241,110604,
MacroATLAS,tiny_01072,plain,macro,SAT,MIN_EXPANDED_SIZE,0,2,PASSED,0.7150225069999578,3,0,1,1,1,2,0,1,1,2,False,True,True,True,True,2792,5415,101208,
Oracle,tiny_01073,nnf,oracle,SAT,MIN_EXPANDED_SIZE,0,2,REFERENCE_EXHAUSTIVE,0.21405594400039263,3,0,1,1,1,,,,,,,,,,,,,44756,
ATLAS-B,tiny_01073,nnf,atlas-b,SAT,MIN_EXPANDED_SIZE,0,2,PASSED,0.7653903110003739,3,0,1,1,1,2,0,1,1,2,False,True,True,True,True,5855,17778,102248,
MacroATLAS,tiny_01073,nnf,macro,SAT,MIN_EXPANDED_SIZE,0,2,PASSED,0.8651834360002795,3,0,1,1,1,2,0,1,1,2,False,True,True,True,True,3735,7892,117588,
Oracle,tiny_01074,cnf,oracle,SAT,MIN_EXPANDED_SIZE,0,3,REFERENCE_EXHAUSTIVE,0.21405217400024412,3,1,2,2,1,,,,,,,,,,,,,47564,
ATLAS-B,tiny_01074,cnf,atlas-b,SAT,MIN_EXPANDED_SIZE,0,3,PASSED,0.8652217559997553,3,1,2,2,1,3,1,0,0,3,False,True,True,True,True,12740,40575,113548,
MacroATLAS,tiny_01074,cnf,macro,SAT,MIN_EXPANDED_SIZE,0,3,PASSED,0.8651593949998642,3,1,2,2,1,3,1,0,0,3,False,True,True,True,True,5286,12159,130868,
Oracle,tiny_01075,dnf,oracle,SAT,MIN_EXPANDED_SIZE,0,3,REFERENCE_EXHAUSTIVE,0.21402938300025198,3,1,2,2,1,,,,,,,,,,,,,46760,
ATLAS-B,tiny_01075,dnf,atlas-b,SAT,MIN_EXPANDED_SIZE,0,3,PASSED,0.9155994110001302,3,1,2,2,1,3,1,0,0,3,False,True,True,True,True,12741,40581,115148,
MacroATLAS,tiny_01075,dnf,macro,SAT,MIN_EXPANDED_SIZE,0,3,PASSED,0.9151081689997227,3,1,2,2,1,3,1,0,0,3,False,True,True,True,True,5286,12159,132404,
Oracle,tiny_01076,required,oracle,SAT,MIN_EXPANDED_SIZE,0,2,REFERENCE_EXHAUSTIVE,0.21408478500006822,3,0,1,1,1,,,,,,,,,,,,,45532,
ATLAS-B,tiny_01076,required,atlas-b,SAT,MIN_EXPANDED_SIZE,0,2,PASSED,0.7147932819998459,3,0,1,1,1,2,0,1,1,2,False,True,True,True,True,4326,12627,95268,
MacroATLAS,tiny_01076,required,macro,SAT,MIN_EXPANDED_SIZE,0,2,PASSED,0.7149578859998655,3,0,1,1,1,2,0,1,1,2,False,True,True,True,True,2393,4410,97252,
Oracle,tiny_01077,no_dag_reuse,oracle,SAT,MIN_EXPANDED_SIZE,0,2,REFERENCE_EXHAUSTIVE,0.21408272500002568,3,0,1,1,1,,,,,,,,,,,,,45236,
ATLAS-B,tiny_01077,no_dag_reuse,atlas-b,SAT,MIN_EXPANDED_SIZE,0,2,PASSED,0.8150697179999042,3,0,1,1,1,2,0,1,1,2,False,True,True,True,True,7767,24291,103004,
MacroATLAS,tiny_01077,no_dag_reuse,macro,SAT,MIN_EXPANDED_SIZE,0,2,PASSED,0.8153646849996221,3,0,1,1,1,2,0,1,1,2,False,True,True,True,True,4975,10172,108172,
Oracle,tiny_01078,global_prop,oracle,SAT,MIN_EXPANDED_SIZE,0,4,REFERENCE_EXHAUSTIVE,0.3142287289997512,4,1,2,2,1,,,,,,,,,,,,,73968,
ATLAS-B,tiny_01078,global_prop,atlas-b,SAT,MIN_EXPANDED_SIZE,0,4,PASSED,1.0153840150001088,4,1,2,2,1,4,1,1,1,4,False,True,True,True,True,22170,72020,131608,
MacroATLAS,tiny_01078,global_prop,macro,SAT,MIN_EXPANDED_SIZE,0,4,PASSED,0.9652346770003533,4,1,2,2,1,4,1,1,1,4,False,True,True,True,True,6887,16121,127644,
Oracle,tiny_01079,repair,oracle,SAT,REPAIR,0,3,REFERENCE_EXHAUSTIVE,0.21407779499986646,4,0,1,1,1,,,,,,,,,,,,,46808,
ATLAS-B,tiny_01079,repair,atlas-b,SAT,REPAIR,0,3,PASSED,1.1654796719999467,4,0,1,1,1,3,0,2,2,3,False,True,True,True,True,12242,38125,128884,
MacroATLAS,tiny_01079,repair,macro,SAT,REPAIR,0,3,PASSED,1.0153695750000225,4,0,1,1,1,3,0,2,2,3,False,True,True,True,True,3916,7936,134872,
Oracle,tiny_01080,plain,oracle,SAT,MIN_EXPANDED_SIZE,0,3,REFERENCE_EXHAUSTIVE,0.21421051800007263,4,0,1,1,1,,,,,,,,,,,,,46056,
ATLAS-B,tiny_01080,plain,atlas-b,SAT,MIN_EXPANDED_SIZE,0,3,PASSED,0.865094592999867,4,0,1,1,1,3,0,2,2,3,False,True,True,True,True,13677,44056,111800,
MacroATLAS,tiny_01080,plain,macro,SAT,MIN_EXPANDED_SIZE,0,3,PASSED,0.9677424679998694,4,0,1,1,1,3,0,2,2,3,False,True,True,True,True,7165,14698,134724,
Oracle,tiny_01081,nnf,oracle,SAT,MIN_EXPANDED_SIZE,0,3,REFERENCE_EXHAUSTIVE,0.214025572999617,4,0,1,1,1,,,,,,,,,,,,,46456,
ATLAS-B,tiny_01081,nnf,atlas-b,SAT,MIN_EXPANDED_SIZE,0,3,PASSED,0.9652144669998961,4,0,1,1,1,3,0,2,2,3,False,True,True,True,True,18791,62245,129248,
MacroATLAS,tiny_01081,nnf,macro,SAT,MIN_EXPANDED_SIZE,0,3,PASSED,1.2658197309997377,4,0,1,1,1,3,0,2,2,3,False,True,True,True,True,14213,35520,144408,
Oracle,tiny_01082,cnf,oracle,UNSAT,MIN_EXPANDED_SIZE,0,0,REFERENCE_EXHAUSTIVE,0.214167176999581,2,0,1,2,1,,,,,,,,,,,,,44728,
ATLAS-B,tiny_01082,cnf,atlas-b,UNSAT,MIN_EXPANDED_SIZE,0,0,NOT_APPLICABLE_UNSAT,0.7148446030000741,2,0,1,2,1,,,,,,,,,,,2667,7174,97776,
MacroATLAS,tiny_01082,cnf,macro,UNSAT,MIN_EXPANDED_SIZE,0,0,NOT_APPLICABLE_UNSAT,0.8652410579998104,2,0,1,2,1,,0,,,,,,,,,3209,6984,116816,
Oracle,tiny_01083,dnf,oracle,UNSAT,MIN_EXPANDED_SIZE,0,0,REFERENCE_EXHAUSTIVE,0.16397296699960862,2,0,1,2,1,,,,,,,,,,,,,44616,
ATLAS-B,tiny_01083,dnf,atlas-b,UNSAT,MIN_EXPANDED_SIZE,0,0,NOT_APPLICABLE_UNSAT,0.7147190299997419,2,0,1,2,1,,,,,,,,,,,2668,7178,100444,
MacroATLAS,tiny_01083,dnf,macro,UNSAT,MIN_EXPANDED_SIZE,0,0,NOT_APPLICABLE_UNSAT,0.7649552100001529,2,0,1,2,1,,0,,,,,,,,,3022,6688,106116,
Oracle,tiny_01084,required,oracle,SAT,MIN_EXPANDED_SIZE,0,3,REFERENCE_EXHAUSTIVE,0.21402316299963786,4,0,1,1,1,,,,,,,,,,,,,46420,
ATLAS-B,tiny_01084,required,atlas-b,SAT,MIN_EXPANDED_SIZE,0,3,PASSED,1.0153990549997616,4,0,1,1,1,3,0,2,2,3,False,True,True,True,True,18781,62218,129600,
MacroATLAS,tiny_01084,required,macro,SAT,MIN_EXPANDED_SIZE,0,3,PASSED,0.9650708840003972,4,0,1,1,1,3,0,2,2,3,False,True,True,True,True,6425,12973,133012,
Oracle,tiny_01085,no_dag_reuse,oracle,SAT,MIN_EXPANDED_SIZE,0,3,REFERENCE_EXHAUSTIVE,0.21411292500033596,4,0,1,1,1,,,,,,,,,,,,,46392,
ATLAS-B,tiny_01085,no_dag_reuse,atlas-b,SAT,MIN_EXPANDED_SIZE,0,3,PASSED,0.7649256999998215,4,0,1,1,1,3,0,2,2,3,False,True,True,True,True,6306,18687,103232,
MacroATLAS,tiny_01085,no_dag_reuse,macro,SAT,MIN_EXPANDED_SIZE,0,3,PASSED,0.9151589200000672,4,0,1,1,1,3,0,2,2,3,False,True,True,True,True,5398,10653,134044,
Oracle,tiny_01086,global_prop,oracle,UNSAT,MIN_EXPANDED_SIZE,0,0,REFERENCE_EXHAUSTIVE,0.21412466599986146,2,0,1,2,1,,,,,,,,,,,,,45056,
ATLAS-B,tiny_01086,global_prop,atlas-b,UNSAT,MIN_EXPANDED_SIZE,0,0,NOT_APPLICABLE_UNSAT,0.8148772829999871,2,0,1,2,1,,,,,,,,,,,10901,35293,109088,
MacroATLAS,tiny_01086,global_prop,macro,UNSAT,MIN_EXPANDED_SIZE,0,0,NOT_APPLICABLE_UNSAT,0.764912288999767,2,0,1,2,1,,0,,,,,,,,,2402,5124,108592,
Oracle,tiny_01087,repair,oracle,UNSAT,REPAIR,0,0,REFERENCE_EXHAUSTIVE,0.21410275499965792,2,0,1,2,1,,,,,,,,,,,,,45648,
ATLAS-B,tiny_01087,repair,atlas-b,UNSAT,REPAIR,0,0,NOT_APPLICABLE_UNSAT,0.8150062069998967,2,0,1,2,1,,,,,,,,,,,2122,5339,110920,
MacroATLAS,tiny_01087,repair,macro,UNSAT,REPAIR,0,0,NOT_APPLICABLE_UNSAT,0.8648933889999171,2,0,1,2,1,,0,,,,,,,,,1191,2066,113080,
Oracle,tiny_01088,plain,oracle,UNSAT,MIN_EXPANDED_SIZE,0,0,REFERENCE_EXHAUSTIVE,0.1640587689998938,2,0,1,2,1,,,,,,,,,,,,,44356,
ATLAS-B,tiny_01088,plain,atlas-b,UNSAT,MIN_EXPANDED_SIZE,0,0,NOT_APPLICABLE_UNSAT,0.7649131389998729,2,0,1,2,1,,,,,,,,,,,10879,35294,101116,
MacroATLAS,tiny_01088,plain,macro,UNSAT,MIN_EXPANDED_SIZE,0,0,NOT_APPLICABLE_UNSAT,0.6145801570000913,2,0,1,2,1,,0,,,,,,,,,1211,2265,86468,
Oracle,tiny_01089,nnf,oracle,UNSAT,MIN_EXPANDED_SIZE,0,0,REFERENCE_EXHAUSTIVE,0.21408105499995145,2,0,1,2,1,,,,,,,,,,,,,44676,
ATLAS-B,tiny_01089,nnf,atlas-b,UNSAT,MIN_EXPANDED_SIZE,0,0,NOT_APPLICABLE_UNSAT,0.7147381589998076,2,0,1,2,1,,,,,,,,,,,4236,12353,97288,
MacroATLAS,tiny_01089,nnf,macro,UNSAT,MIN_EXPANDED_SIZE,0,0,NOT_APPLICABLE_UNSAT,0.7648522780000349,2,0,1,2,1,,0,,,,,,,,,2281,4807,106828,
Oracle,tiny_01090,cnf,oracle,SAT,MIN_EXPANDED_SIZE,0,1,REFERENCE_EXHAUSTIVE,0.2144528230001015,2,0,1,1,1,,,,,,,,,,,,,45052,
ATLAS-B,tiny_01090,cnf,atlas-b,SAT,MIN_EXPANDED_SIZE,0,1,PASSED,0.8152354719995856,2,0,1,1,1,1,0,0,0,1,False,True,True,True,True,7392,23802,106688,
MacroATLAS,tiny_01090,cnf,macro,SAT,MIN_EXPANDED_SIZE,0,1,PASSED,0.7656524970002465,2,0,1,1,1,1,0,0,0,1,False,True,True,True,True,888,1673,109384,
Oracle,tiny_01091,dnf,oracle,SAT,MIN_EXPANDED_SIZE,0,1,REFERENCE_EXHAUSTIVE,0.2141274760001579,2,0,1,1,1,,,,,,,,,,,,,44888,
ATLAS-B,tiny_01091,dnf,atlas-b,SAT,MIN_EXPANDED_SIZE,0,1,PASSED,0.7648806079996575,2,0,1,1,1,1,0,0,0,1,False,True,True,True,True,4099,12348,95888,
MacroATLAS,tiny_01091,dnf,macro,SAT,MIN_EXPANDED_SIZE,0,1,PASSED,0.7648101169997972,2,0,1,1,1,1,0,0,0,1,False,True,True,True,True,888,1673,109680,
Oracle,tiny_01092,required,oracle,UNSAT,MIN_EXPANDED_SIZE,0,0,REFERENCE_EXHAUSTIVE,0.2140574340000967,2,0,1,2,1,,,,,,,,,,,,,44304,
ATLAS-B,tiny_01092,required,atlas-b,UNSAT,MIN_EXPANDED_SIZE,0,0,NOT_APPLICABLE_UNSAT,0.715112248999958,2,0,1,2,1,,,,,,,,,,,2646,7146,100624,
MacroATLAS,tiny_01092,required,macro,UNSAT,MIN_EXPANDED_SIZE,0,0,NOT_APPLICABLE_UNSAT,0.6648471879998397,2,0,1,2,1,,0,,,,,,,,,1398,2561,87572,
Oracle,tiny_01093,no_dag_reuse,oracle,UNSAT,MIN_EXPANDED_SIZE,0,0,REFERENCE_EXHAUSTIVE,0.21408955499964577,2,0,1,2,1,,,,,,,,,,,,,44968,
ATLAS-B,tiny_01093,no_dag_reuse,atlas-b,UNSAT,MIN_EXPANDED_SIZE,0,0,NOT_APPLICABLE_UNSAT,0.8148686029999226,2,0,1,2,1,,,,,,,,,,,10896,35319,108620,
MacroATLAS,tiny_01093,no_dag_reuse,macro,UNSAT,MIN_EXPANDED_SIZE,0,0,NOT_APPLICABLE_UNSAT,0.6146838780000508,2,0,1,2,1,,0,,,,,,,,,1508,2728,86888,
Oracle,tiny_01094,global_prop,oracle,SAT,MIN_EXPANDED_SIZE,0,2,REFERENCE_EXHAUSTIVE,0.21406526400005532,3,0,1,1,1,,,,,,,,,,,,,44984,
ATLAS-B,tiny_01094,global_prop,atlas-b,SAT,MIN_EXPANDED_SIZE,0,2,PASSED,0.7155230190001021,3,0,1,1,1,2,0,1,1,2,False,True,True,True,True,2137,5409,96728,
MacroATLAS,tiny_01094,global_prop,macro,SAT,MIN_EXPANDED_SIZE,0,2,PASSED,0.8152744819999498,3,0,1,1,1,2,0,1,1,2,False,True,True,True,True,2405,5126,108372,
Oracle,tiny_01095,repair,oracle,SAT,REPAIR,1,2,REFERENCE_EXHAUSTIVE,0.2142189880000842,3,0,1,1,1,,,,,,,,,,,,,45928,
ATLAS-B,tiny_01095,repair,atlas-b,SAT,REPAIR,1,2,PASSED,0.7149362440000004,3,0,1,1,1,2,0,1,1,2,False,True,True,True,True,3650,9906,96052,
MacroATLAS,tiny_01095,repair,macro,SAT,REPAIR,1,2,PASSED,0.7649537900001633,3,0,1,1,1,2,0,1,1,2,False,True,True,True,True,2316,4422,97988,
Oracle,tiny_01096,plain,oracle,SAT,MIN_EXPANDED_SIZE,0,1,REFERENCE_EXHAUSTIVE,0.16403565800010256,2,0,1,1,1,,,,,,,,,,,,,44380,
ATLAS-B,tiny_01096,plain,atlas-b,SAT,MIN_EXPANDED_SIZE,0,1,PASSED,0.8148189819999061,2,0,1,1,1,1,0,0,0,1,False,True,True,True,True,4079,12317,105204,
MacroATLAS,tiny_01096,plain,macro,SAT,MIN_EXPANDED_SIZE,0,1,PASSED,0.6147083999999268,2,0,1,1,1,1,0,0,0,1,False,True,True,True,True,320,523,87760,
Oracle,tiny_01097,nnf,oracle,SAT,MIN_EXPANDED_SIZE,0,1,REFERENCE_EXHAUSTIVE,0.21412123600021005,2,0,1,1,1,,,,,,,,,,,,,44540,
ATLAS-B,tiny_01097,nnf,atlas-b,SAT,MIN_EXPANDED_SIZE,0,1,PASSED,0.7147991010001533,2,0,1,1,1,1,0,0,0,1,False,True,True,True,True,1312,3223,93924,
MacroATLAS,tiny_01097,nnf,macro,SAT,MIN_EXPANDED_SIZE,0,1,PASSED,0.6648691179998423,2,0,1,1,1,1,0,0,0,1,False,True,True,True,True,667,1204,94584,
Oracle,tiny_01098,cnf,oracle,SAT,MIN_EXPANDED_SIZE,0,2,REFERENCE_EXHAUSTIVE,0.21409914500009108,3,0,1,1,1,,,,,,,,,,,,,45008,
ATLAS-B,tiny_01098,cnf,atlas-b,SAT,MIN_EXPANDED_SIZE,0,2,PASSED,0.764858137000374,3,0,1,1,1,2,0,1,1,2,False,True,True,True,True,5879,17815,100232,
MacroATLAS,tiny_01098,cnf,macro,SAT,MIN_EXPANDED_SIZE,0,2,PASSED,0.865359849000015,3,0,1,1,1,2,0,1,1,2,False,True,True,True,True,3025,6690,120124,
Oracle,tiny_01099,dnf,oracle,SAT,MIN_EXPANDED_SIZE,0,2,REFERENCE_EXHAUSTIVE,0.21407888499970795,3,0,1,1,1,,,,,,,,,,,,,45028,
ATLAS-B,tiny_01099,dnf,atlas-b,SAT,MIN_EXPANDED_SIZE,0,2,PASSED,0.8150424269997529,3,0,1,1,1,2,0,1,1,2,False,True,True,True,True,5879,17816,108536,
MacroATLAS,tiny_01099,dnf,macro,SAT,MIN_EXPANDED_SIZE,0,2,PASSED,0.814910503000192,3,0,1,1,1,2,0,1,1,2,False,True,True,True,True,3025,6690,110284,
Oracle,tiny_01100,required,oracle,SAT,MIN_EXPANDED_SIZE,0,1,REFERENCE_EXHAUSTIVE,0.21402320300012434,2,0,1,1,1,,,,,,,,,,,,,44680,
ATLAS-B,tiny_01100,required,atlas-b,SAT,MIN_EXPANDED_SIZE,0,1,PASSED,0.7647575050000341,2,0,1,1,1,1,0,0,0,1,False,True,True,True,True,7370,23774,102596,
MacroATLAS,tiny_01100,required,macro,SAT,MIN_EXPANDED_SIZE,0,1,PASSED,0.614760681000007,2,0,1,1,1,1,0,0,0,1,False,True,True,True,True,320,523,89504,
Oracle,tiny_01101,no_dag_reuse,oracle,SAT,MIN_EXPANDED_SIZE,0,1,REFERENCE_EXHAUSTIVE,0.21420288800027265,2,0,1,1,1,,,,,,,,,,,,,44788,
ATLAS-B,tiny_01101,no_dag_reuse,atlas-b,SAT,MIN_EXPANDED_SIZE,0,1,PASSED,0.8149743949998083,2,0,1,1,1,1,0,0,0,1,False,True,True,True,True,7388,23795,106092,
MacroATLAS,tiny_01101,no_dag_reuse,macro,SAT,MIN_EXPANDED_SIZE,0,1,PASSED,0.6648937889999615,2,0,1,1,1,1,0,0,0,1,False,True,True,True,True,1321,2432,94636,
Oracle,tiny_01102,global_prop,oracle,SAT,MIN_EXPANDED_SIZE,0,3,REFERENCE_EXHAUSTIVE,0.2141130550003254,4,0,1,1,1,,,,,,,,,,,,,46796,
ATLAS-B,tiny_01102,global_prop,atlas-b,SAT,MIN_EXPANDED_SIZE,0,3,PASSED,0.7149325450000106,4,0,1,1,1,3,0,2,2,3,False,True,True,True,True,2410,6064,96904,
MacroATLAS,tiny_01102,global_prop,macro,SAT,MIN_EXPANDED_SIZE,0,3,PASSED,0.8651267039999766,4,0,1,1,1,3,0,2,2,3,False,True,True,True,True,2920,6505,114200,
Oracle,tiny_01103,repair,oracle,SAT,REPAIR,0,3,REFERENCE_EXHAUSTIVE,0.2139881329999298,4,0,1,1,1,,,,,,,,,,,,,47300,
ATLAS-B,tiny_01103,repair,atlas-b,SAT,REPAIR,0,3,PASSED,1.2154846180001186,4,0,1,1,1,3,0,2,2,3,False,True,True,True,True,12242,38123,135364,
MacroATLAS,tiny_01103,repair,macro,SAT,REPAIR,0,3,PASSED,0.9650882630003252,4,0,1,1,1,3,0,2,2,3,False,True,True,True,True,3916,7936,130340,
Oracle,tiny_01104,plain,oracle,SAT,MIN_EXPANDED_SIZE,0,2,REFERENCE_EXHAUSTIVE,0.21417065700006788,3,0,1,1,1,,,,,,,,,,,,,44820,
ATLAS-B,tiny_01104,plain,atlas-b,SAT,MIN_EXPANDED_SIZE,0,2,PASSED,0.8652291769999465,3,0,1,1,1,2,0,1,1,2,False,True,True,True,True,5847,17759,102772,
MacroATLAS,tiny_01104,plain,macro,SAT,MIN_EXPANDED_SIZE,0,2,PASSED,0.6647621949996392,3,0,1,1,1,2,0,1,1,2,False,True,True,True,True,1214,2267,94640,
Oracle,tiny_01105,nnf,oracle,SAT,MIN_EXPANDED_SIZE,0,2,REFERENCE_EXHAUSTIVE,0.2141800469998998,3,0,1,1,1,,,,,,,,,,,,,45028,
ATLAS-B,tiny_01105,nnf,atlas-b,SAT,MIN_EXPANDED_SIZE,0,2,PASSED,0.815048786999796,3,0,1,1,1,2,0,1,1,2,False,True,True,True,True,10077,32403,105244,
MacroATLAS,tiny_01105,nnf,macro,SAT,MIN_EXPANDED_SIZE,0,2,PASSED,0.7146698789997572,3,0,1,1,1,2,0,1,1,2,False,True,True,True,True,2284,4809,103716,
Oracle,tiny_01106,cnf,oracle,SAT,MIN_EXPANDED_SIZE,0,3,REFERENCE_EXHAUSTIVE,0.21407304400008798,3,1,2,1,2,,,,,,,,,,,,,46968,
ATLAS-B,tiny_01106,cnf,atlas-b,SAT,MIN_EXPANDED_SIZE,0,3,PASSED,0.915184599999975,3,1,2,1,2,3,1,0,0,3,False,True,True,True,True,12739,40582,116008,
MacroATLAS,tiny_01106,cnf,macro,SAT,MIN_EXPANDED_SIZE,0,3,PASSED,0.9652670680002302,3,1,2,1,2,3,1,0,0,3,False,True,True,True,True,5286,12159,132980,
Oracle,tiny_01107,dnf,oracle,SAT,MIN_EXPANDED_SIZE,0,3,REFERENCE_EXHAUSTIVE,0.21430495999993582,3,1,2,1,2,,,,,,,,,,,,,46816,
ATLAS-B,tiny_01107,dnf,atlas-b,SAT,MIN_EXPANDED_SIZE,0,3,PASSED,0.8653330299998743,3,1,2,1,2,3,1,0,0,3,False,True,True,True,True,16539,53824,128476,
MacroATLAS,tiny_01107,dnf,macro,SAT,MIN_EXPANDED_SIZE,0,3,PASSED,0.9650952629999665,3,1,2,1,2,3,1,0,0,3,False,True,True,True,True,5286,12159,134348,
Oracle,tiny_01108,required,oracle,SAT,MIN_EXPANDED_SIZE,0,2,REFERENCE_EXHAUSTIVE,0.1640934600000037,3,0,1,1,1,,,,,,,,,,,,,44860,
ATLAS-B,tiny_01108,required,atlas-b,SAT,MIN_EXPANDED_SIZE,0,2,PASSED,0.8653374190002978,3,0,1,1,1,2,0,1,1,2,False,True,True,True,True,10070,32382,114136,
MacroATLAS,tiny_01108,required,macro,SAT,MIN_EXPANDED_SIZE,0,2,PASSED,0.6647540849999132,3,0,1,1,1,2,0,1,1,2,False,True,True,True,True,1214,2267,89952,
Oracle,tiny_01109,no_dag_reuse,oracle,SAT,MIN_EXPANDED_SIZE,0,2,REFERENCE_EXHAUSTIVE,0.16396138699974472,3,0,1,1,1,,,,,,,,,,,,,45160,
ATLAS-B,tiny_01109,no_dag_reuse,atlas-b,SAT,MIN_EXPANDED_SIZE,0,2,PASSED,0.7150581979999515,3,0,1,1,1,2,0,1,1,2,False,True,True,True,True,2128,5444,96356,
MacroATLAS,tiny_01109,no_dag_reuse,macro,SAT,MIN_EXPANDED_SIZE,0,2,PASSED,0.6649414000003162,3,0,1,1,1,2,0,1,1,2,False,True,True,True,True,1420,2690,91124,
Oracle,tiny_01110,global_prop,oracle,SAT,MIN_EXPANDED_SIZE,0,4,REFERENCE_EXHAUSTIVE,0.3642902450001202,4,1,2,1,2,,,,,,,,,,,,,76284,
ATLAS-B,tiny_01110,global_prop,atlas-b,SAT,MIN_EXPANDED_SIZE,0,4,PASSED,0.965204795000318,4,1,2,1,2,4,1,1,1,4,False,True,True,True,True,22170,72011,130152,
MacroATLAS,tiny_01110,global_prop,macro,SAT,MIN_EXPANDED_SIZE,0,4,PASSED,0.9651039639998089,4,1,2,1,2,4,1,1,1,4,False,True,True,True,True,6887,16121,133924,
Oracle,tiny_01111,repair,oracle,UNSAT,REPAIR,0,0,REFERENCE_EXHAUSTIVE,0.21403842399968198,2,0,1,2,1,,,,,,,,,,,,,45568,
ATLAS-B,tiny_01111,repair,atlas-b,UNSAT,REPAIR,0,0,NOT_APPLICABLE_UNSAT,0.9155232990001423,2,0,1,2,1,,,,,,,,,,,6757,20711,127812,
MacroATLAS,tiny_01111,repair,macro,UNSAT,REPAIR,0,0,NOT_APPLICABLE_UNSAT,0.8650125620001745,2,0,1,2,1,,0,,,,,,,,,1191,2066,115660,
Oracle,tiny_01112,plain,oracle,SAT,MIN_EXPANDED_SIZE,0,3,REFERENCE_EXHAUSTIVE,0.21394048100000873,3,1,2,1,2,,,,,,,,,,,,,46780,
ATLAS-B,tiny_01112,plain,atlas-b,SAT,MIN_EXPANDED_SIZE,0,3,PASSED,0.8649449700001242,3,1,2,1,2,3,1,0,0,3,False,True,True,True,True,12708,40530,107616,
MacroATLAS,tiny_01112,plain,macro,SAT,MIN_EXPANDED_SIZE,0,3,PASSED,0.7147130389998892,3,1,2,1,2,3,1,0,0,3,False,True,True,True,True,2616,5312,100348,
Oracle,tiny_01113,nnf,oracle,SAT,MIN_EXPANDED_SIZE,0,3,REFERENCE_EXHAUSTIVE,0.2141232049998507,3,1,2,1,2,,,,,,,,,,,,,46316,
ATLAS-B,tiny_01113,nnf,atlas-b,SAT,MIN_EXPANDED_SIZE,0,3,PASSED,0.7649334699999599,3,1,2,1,2,3,1,0,0,3,False,True,True,True,True,4873,13998,102856,
MacroATLAS,tiny_01113,nnf,macro,SAT,MIN_EXPANDED_SIZE,0,3,PASSED,0.8150070470001083,3,1,2,1,2,3,1,0,0,3,False,True,True,True,True,4466,10083,111296,
Oracle,tiny_01114,cnf,oracle,SAT,MIN_EXPANDED_SIZE,0,3,REFERENCE_EXHAUSTIVE,0.21410698599993339,3,1,2,2,1,,,,,,,,,,,,,46920,
ATLAS-B,tiny_01114,cnf,atlas-b,SAT,MIN_EXPANDED_SIZE,0,3,PASSED,0.865097773999878,3,1,2,2,1,3,1,0,0,3,False,True,True,True,True,16537,53807,122776,
MacroATLAS,tiny_01114,cnf,macro,SAT,MIN_EXPANDED_SIZE,0,3,PASSED,0.8650720329997057,3,1,2,2,1,3,1,0,0,3,False,True,True,True,True,5286,12159,132272,
Oracle,tiny_01115,dnf,oracle,SAT,MIN_EXPANDED_SIZE,0,3,REFERENCE_EXHAUSTIVE,0.21406944499995006,3,1,2,2,1,,,,,,,,,,,,,46748,
ATLAS-B,tiny_01115,dnf,atlas-b,SAT,MIN_EXPANDED_SIZE,0,3,PASSED,0.8150923680000233,3,1,2,2,1,3,1,0,0,3,False,True,True,True,True,7155,21497,102472,
MacroATLAS,tiny_01115,dnf,macro,SAT,MIN_EXPANDED_SIZE,0,3,PASSED,0.9152286819999063,3,1,2,2,1,3,1,0,0,3,False,True,True,True,True,5286,12159,127600,
Oracle,tiny_01116,required,oracle,SAT,MIN_EXPANDED_SIZE,0,3,REFERENCE_EXHAUSTIVE,0.21419606800009205,3,1,2,1,2,,,,,,,,,,,,,46832,
ATLAS-B,tiny_01116,required,atlas-b,SAT,MIN_EXPANDED_SIZE,0,3,PASSED,0.8651916160001747,3,1,2,1,2,3,1,0,0,3,False,True,True,True,True,12708,40529,111020,
MacroATLAS,tiny_01116,required,macro,SAT,MIN_EXPANDED_SIZE,0,3,PASSED,0.7649710900000173,3,1,2,1,2,3,1,0,0,3,False,True,True,True,True,3248,6867,105468,
Oracle,tiny_01117,no_dag_reuse,oracle,SAT,MIN_EXPANDED_SIZE,0,3,REFERENCE_EXHAUSTIVE,0.21412060600005134,3,1,2,1,2,,,,,,,,,,,,,46756,
ATLAS-B,tiny_01117,no_dag_reuse,atlas-b,SAT,MIN_EXPANDED_SIZE,0,3,PASSED,0.8150382769999851,3,1,2,1,2,3,1,0,0,3,False,True,True,True,True,7171,21531,110704,
MacroATLAS,tiny_01117,no_dag_reuse,macro,SAT,MIN_EXPANDED_SIZE,0,3,PASSED,0.7648643379998248,3,1,2,1,2,3,1,0,0,3,False,True,True,True,True,2914,5792,101044,
Oracle,tiny_01118,global_prop,oracle,SAT,MIN_EXPANDED_SIZE,0,4,REFERENCE_EXHAUSTIVE,0.31421860800037393,4,1,2,2,1,,,,,,,,,,,,,74272,
ATLAS-B,tiny_01118,global_prop,atlas-b,SAT,MIN_EXPANDED_SIZE,0,4,PASSED,0.8650658229998953,4,1,2,2,1,4,1,1,1,4,False,True,True,True,True,10023,30281,112428,
MacroATLAS,tiny_01118,global_prop,macro,SAT,MIN_EXPANDED_SIZE,0,4,PASSED,0.965226815999813,4,1,2,2,1,4,1,1,1,4,False,True,True,True,True,6887,16121,126060,
Oracle,tiny_01119,repair,oracle,SAT,REPAIR,1,2,REFERENCE_EXHAUSTIVE,0.21404375399970377,3,0,1,1,1,,,,,,,,,,,,,45772,
ATLAS-B,tiny_01119,repair,atlas-b,SAT,REPAIR,1,2,PASSED,0.714928344999862,3,0,1,1,1,2,0,1,1,2,False,True,True,True,True,5188,15004,97104,
MacroATLAS,tiny_01119,repair,macro,SAT,REPAIR,1,2,PASSED,0.764792607000345,3,0,1,1,1,2,0,1,1,2,False,True,True,True,True,2316,4422,101400,
Oracle,tiny_01120,plain,oracle,SAT,MIN_EXPANDED_SIZE,0,3,REFERENCE_EXHAUSTIVE,0.21408899500011103,3,1,2,2,1,,,,,,,,,,,,,47060,
ATLAS-B,tiny_01120,plain,atlas-b,SAT,MIN_EXPANDED_SIZE,0,3,PASSED,0.9651833660000193,3,1,2,2,1,3,1,0,0,3,False,True,True,True,True,16506,53773,132032,
MacroATLAS,tiny_01120,plain,macro,SAT,MIN_EXPANDED_SIZE,0,3,PASSED,0.7149654260001626,3,1,2,2,1,3,1,0,0,3,False,True,True,True,True,2616,5312,100148,
Oracle,tiny_01121,nnf,oracle,SAT,MIN_EXPANDED_SIZE,0,3,REFERENCE_EXHAUSTIVE,0.21409856499985835,3,1,2,2,1,,,,,,,,,,,,,46876,
ATLAS-B,tiny_01121,nnf,atlas-b,SAT,MIN_EXPANDED_SIZE,0,3,PASSED,0.9150845780000054,3,1,2,2,1,3,1,0,0,3,False,True,True,True,True,12716,40545,115556,
MacroATLAS,tiny_01121,nnf,macro,SAT,MIN_EXPANDED_SIZE,0,3,PASSED,0.8147993810002845,3,1,2,2,1,3,1,0,0,3,False,True,True,True,True,4466,10083,111400,
Oracle,tiny_01122,cnf,oracle,UNSAT,MIN_EXPANDED_SIZE,0,0,REFERENCE_EXHAUSTIVE,0.2141276160000416,2,0,1,2,1,,,,,,,,,,,,,44788,
ATLAS-B,tiny_01122,cnf,atlas-b,UNSAT,MIN_EXPANDED_SIZE,0,0,NOT_APPLICABLE_UNSAT,0.6647725459997673,2,0,1,2,1,,,,,,,,,,,2667,7176,90080,
MacroATLAS,tiny_01122,cnf,macro,UNSAT,MIN_EXPANDED_SIZE,0,0,NOT_APPLICABLE_UNSAT,0.9149889360000998,2,0,1,2,1,,0,,,,,,,,,3209,6984,117916,
Oracle,tiny_01123,dnf,oracle,UNSAT,MIN_EXPANDED_SIZE,0,0,REFERENCE_EXHAUSTIVE,0.21413059599990447,2,0,1,2,1,,,,,,,,,,,,,44776,
ATLAS-B,tiny_01123,dnf,atlas-b,UNSAT,MIN_EXPANDED_SIZE,0,0,NOT_APPLICABLE_UNSAT,0.7653391889998602,2,0,1,2,1,,,,,,,,,,,10899,35326,106372,
MacroATLAS,tiny_01123,dnf,macro,UNSAT,MIN_EXPANDED_SIZE,0,0,NOT_APPLICABLE_UNSAT,0.8651224050004203,2,0,1,2,1,,0,,,,,,,,,3209,6984,116620,
Oracle,tiny_01124,required,oracle,SAT,MIN_EXPANDED_SIZE,0,3,REFERENCE_EXHAUSTIVE,0.21419335700011288,3,1,2,2,1,,,,,,,,,,,,,47056,
ATLAS-B,tiny_01124,required,atlas-b,SAT,MIN_EXPANDED_SIZE,0,3,PASSED,0.8149466749996463,3,1,2,2,1,3,1,0,0,3,False,True,True,True,True,7122,21448,110524,
MacroATLAS,tiny_01124,required,macro,SAT,MIN_EXPANDED_SIZE,0,3,PASSED,0.764909668999735,3,1,2,2,1,3,1,0,0,3,False,True,True,True,True,3248,6867,104168,
Oracle,tiny_01125,no_dag_reuse,oracle,SAT,MIN_EXPANDED_SIZE,0,3,REFERENCE_EXHAUSTIVE,0.21412973499991494,3,1,2,2,1,,,,,,,,,,,,,46972,
ATLAS-B,tiny_01125,no_dag_reuse,atlas-b,SAT,MIN_EXPANDED_SIZE,0,3,PASSED,0.865011572000185,3,1,2,2,1,3,1,0,0,3,False,True,True,True,True,16555,53846,129008,
MacroATLAS,tiny_01125,no_dag_reuse,macro,SAT,MIN_EXPANDED_SIZE,0,3,PASSED,0.7650359730000673,3,1,2,2,1,3,1,0,0,3,False,True,True,True,True,2914,5792,101624,
Oracle,tiny_01126,global_prop,oracle,UNSAT,MIN_EXPANDED_SIZE,0,0,REFERENCE_EXHAUSTIVE,0.21399319300007846,2,0,1,2,1,,,,,,,,,,,,,45072,
ATLAS-B,tiny_01126,global_prop,atlas-b,UNSAT,MIN_EXPANDED_SIZE,0,0,NOT_APPLICABLE_UNSAT,0.7149484460001077,2,0,1,2,1,,,,,,,,,,,8135,25608,97500,
MacroATLAS,tiny_01126,global_prop,macro,UNSAT,MIN_EXPANDED_SIZE,0,0,NOT_APPLICABLE_UNSAT,0.7646636529998432,2,0,1,2,1,,0,,,,,,,,,2402,5124,110204,
Oracle,tiny_01127,repair,oracle,SAT,REPAIR,0,3,REFERENCE_EXHAUSTIVE,0.21410487499997544,4,0,1,1,1,,,,,,,,,,,,,47228,
ATLAS-B,tiny_01127,repair,atlas-b,SAT,REPAIR,0,3,PASSED,1.2656977879996703,4,0,1,1,1,3,0,2,2,3,False,True,True,True,True,15515,49503,141916,
MacroATLAS,tiny_01127,repair,macro,SAT,REPAIR,0,3,PASSED,1.0653440099999898,4,0,1,1,1,3,0,2,2,3,False,True,True,True,True,3916,7936,125076,
Oracle,tiny_01128,plain,oracle,SAT,MIN_EXPANDED_SIZE,0,2,REFERENCE_EXHAUSTIVE,0.21418750800012276,3,0,1,1,1,,,,,,,,,,,,,45488,
ATLAS-B,tiny_01128,plain,atlas-b,SAT,MIN_EXPANDED_SIZE,0,2,PASSED,0.7648129080002946,3,0,1,1,1,2,0,1,1,2,False,True,True,True,True,5846,17760,101536,
MacroATLAS,tiny_01128,plain,macro,SAT,MIN_EXPANDED_SIZE,0,2,PASSED,0.7148600430000442,3,0,1,1,1,2,0,1,1,2,False,True,True,True,True,1879,3473,98128,
Oracle,tiny_01129,nnf,oracle,SAT,MIN_EXPANDED_SIZE,0,2,REFERENCE_EXHAUSTIVE,0.21411282600001869,3,0,1,1,1,,,,,,,,,,,,,44648,
ATLAS-B,tiny_01129,nnf,atlas-b,SAT,MIN_EXPANDED_SIZE,0,2,PASSED,0.7649018290003369,3,0,1,1,1,2,0,1,1,2,False,True,True,True,True,7739,24256,105268,
MacroATLAS,tiny_01129,nnf,macro,SAT,MIN_EXPANDED_SIZE,0,2,PASSED,0.8649463799997648,3,0,1,1,1,2,0,1,1,2,False,True,True,True,True,3509,7587,119768,
Oracle,tiny_01130,cnf,oracle,SAT,MIN_EXPANDED_SIZE,0,1,REFERENCE_EXHAUSTIVE,0.21411480599999777,2,0,1,1,1,,,,,,,,,,,,,44584,
ATLAS-B,tiny_01130,cnf,atlas-b,SAT,MIN_EXPANDED_SIZE,0,1,PASSED,0.7650362920003317,2,0,1,1,1,1,0,0,0,1,False,True,True,True,True,5548,17345,102852,
MacroATLAS,tiny_01130,cnf,macro,SAT,MIN_EXPANDED_SIZE,0,1,PASSED,0.7649184290003177,2,0,1,1,1,1,0,0,0,1,False,True,True,True,True,888,1673,106252,
Oracle,tiny_01131,dnf,oracle,SAT,MIN_EXPANDED_SIZE,0,1,REFERENCE_EXHAUSTIVE,0.21418616699975246,2,0,1,1,1,,,,,,,,,,,,,44872,
ATLAS-B,tiny_01131,dnf,atlas-b,SAT,MIN_EXPANDED_SIZE,0,1,PASSED,0.765028061999601,2,0,1,1,1,1,0,0,0,1,False,True,True,True,True,5547,17343,104032,
MacroATLAS,tiny_01131,dnf,macro,SAT,MIN_EXPANDED_SIZE,0,1,PASSED,0.8150525969999762,2,0,1,1,1,1,0,0,0,1,False,True,True,True,True,888,1673,110584,
Oracle,tiny_01132,required,oracle,SAT,MIN_EXPANDED_SIZE,0,2,REFERENCE_EXHAUSTIVE,0.21423389799974757,3,0,1,1,1,,,,,,,,,,,,,45252,
ATLAS-B,tiny_01132,required,atlas-b,SAT,MIN_EXPANDED_SIZE,0,2,PASSED,0.7147797709999395,3,0,1,1,1,2,0,1,1,2,False,True,True,True,True,4325,12626,97400,
MacroATLAS,tiny_01132,required,macro,SAT,MIN_EXPANDED_SIZE,0,2,PASSED,0.7149156939999557,3,0,1,1,1,2,0,1,1,2,False,True,True,True,True,1847,3477,94428,
Oracle,tiny_01133,no_dag_reuse,oracle,SAT,MIN_EXPANDED_SIZE,0,2,REFERENCE_EXHAUSTIVE,0.2139718619996529,3,0,1,1,1,,,,,,,,,,,,,44900,
ATLAS-B,tiny_01133,no_dag_reuse,atlas-b,SAT,MIN_EXPANDED_SIZE,0,2,PASSED,0.8651629760001924,3,0,1,1,1,2,0,1,1,2,False,True,True,True,True,10103,32433,111124,
MacroATLAS,tiny_01133,no_dag_reuse,macro,SAT,MIN_EXPANDED_SIZE,0,2,PASSED,0.8148519520000264,3,0,1,1,1,2,0,1,1,2,False,True,True,True,True,3345,6608,109432,
Oracle,tiny_01134,global_prop,oracle,SAT,MIN_EXPANDED_SIZE,0,2,REFERENCE_EXHAUSTIVE,0.21406613399994967,3,0,1,1,1,,,,,,,,,,,,,45060,
ATLAS-B,tiny_01134,global_prop,atlas-b,SAT,MIN_EXPANDED_SIZE,0,2,PASSED,0.7648911779997434,3,0,1,1,1,2,0,1,1,2,False,True,True,True,True,2984,8084,102812,
MacroATLAS,tiny_01134,global_prop,macro,SAT,MIN_EXPANDED_SIZE,0,2,PASSED,0.7651425750000271,3,0,1,1,1,2,0,1,1,2,False,True,True,True,True,2405,5126,109892,
Oracle,tiny_01135,repair,oracle,UNSAT,REPAIR,0,0,REFERENCE_EXHAUSTIVE,0.2141302060003909,2,0,1,2,1,,,,,,,,,,,,,45380,
ATLAS-B,tiny_01135,repair,atlas-b,UNSAT,REPAIR,0,0,NOT_APPLICABLE_UNSAT,1.0152251519998572,2,0,1,2,1,,,,,,,,,,,12165,39581,128332,
MacroATLAS,tiny_01135,repair,macro,UNSAT,REPAIR,0,0,NOT_APPLICABLE_UNSAT,0.8149527349996788,2,0,1,2,1,,0,,,,,,,,,1191,2066,120664,
Oracle,tiny_01136,plain,oracle,SAT,MIN_EXPANDED_SIZE,0,2,REFERENCE_EXHAUSTIVE,0.16415630199981024,3,0,1,1,1,,,,,,,,,,,,,44600,
ATLAS-B,tiny_01136,plain,atlas-b,SAT,MIN_EXPANDED_SIZE,0,2,PASSED,0.764914638999926,3,0,1,1,1,2,0,1,1,2,False,True,True,True,True,7734,24240,100116,
MacroATLAS,tiny_01136,plain,macro,SAT,MIN_EXPANDED_SIZE,0,2,PASSED,0.7650176520000969,3,0,1,1,1,2,0,1,1,2,False,True,True,True,True,2967,5672,101024,
Oracle,tiny_01137,nnf,oracle,SAT,MIN_EXPANDED_SIZE,0,2,REFERENCE_EXHAUSTIVE,0.21411039499980689,3,0,1,1,1,,,,,,,,,,,,,44820,
ATLAS-B,tiny_01137,nnf,atlas-b,SAT,MIN_EXPANDED_SIZE,0,2,PASSED,0.8149252839998553,3,0,1,1,1,2,0,1,1,2,False,True,True,True,True,5855,17777,108316,
MacroATLAS,tiny_01137,nnf,macro,SAT,MIN_EXPANDED_SIZE,0,2,PASSED,0.915047677000075,3,0,1,1,1,2,0,1,1,2,False,True,True,True,True,4347,9354,122572,
Oracle,tiny_01138,cnf,oracle,SAT,MIN_EXPANDED_SIZE,0,2,REFERENCE_EXHAUSTIVE,0.21410201600019718,3,0,1,1,1,,,,,,,,,,,,,45104,
ATLAS-B,tiny_01138,cnf,atlas-b,SAT,MIN_EXPANDED_SIZE,0,2,PASSED,0.7149500349996742,3,0,1,1,1,2,0,1,1,2,False,True,True,True,True,2129,5452,92784,
MacroATLAS,tiny_01138,cnf,macro,SAT,MIN_EXPANDED_SIZE,0,2,PASSED,0.8651304640002309,3,0,1,1,1,2,0,1,1,2,False,True,True,True,True,3025,6690,112048,
Oracle,tiny_01139,dnf,oracle,SAT,MIN_EXPANDED_SIZE,0,2,REFERENCE_EXHAUSTIVE,0.2141419159997895,3,0,1,1,1,,,,,,,,,,,,,45144,
ATLAS-B,tiny_01139,dnf,atlas-b,SAT,MIN_EXPANDED_SIZE,0,2,PASSED,0.7648524579999503,3,0,1,1,1,2,0,1,1,2,False,True,True,True,True,7765,24297,100564,
MacroATLAS,tiny_01139,dnf,macro,SAT,MIN_EXPANDED_SIZE,0,2,PASSED,0.8150530779998917,3,0,1,1,1,2,0,1,1,2,False,True,True,True,True,3025,6690,110624,
Oracle,tiny_01140,required,oracle,SAT,MIN_EXPANDED_SIZE,0,2,REFERENCE_EXHAUSTIVE,0.21408844500001578,3,0,1,1,1,,,,,,,,,,,,,45184,
ATLAS-B,tiny_01140,required,atlas-b,SAT,MIN_EXPANDED_SIZE,0,2,PASSED,0.7650901140000315,3,0,1,1,1,2,0,1,1,2,False,True,True,True,True,2944,8076,98072,
MacroATLAS,tiny_01140,required,macro,SAT,MIN_EXPANDED_SIZE,0,2,PASSED,0.7147731410000233,3,0,1,1,1,2,0,1,1,2,False,True,True,True,True,2311,4364,96532,
Oracle,tiny_01141,no_dag_reuse,oracle,SAT,MIN_EXPANDED_SIZE,0,2,REFERENCE_EXHAUSTIVE,0.21401438300017617,3,0,1,1,1,,,,,,,,,,,,,44892,
ATLAS-B,tiny_01141,no_dag_reuse,atlas-b,SAT,MIN_EXPANDED_SIZE,0,2,PASSED,0.7147199890000593,3,0,1,1,1,2,0,1,1,2,False,True,True,True,True,2129,5447,101624,
MacroATLAS,tiny_01141,no_dag_reuse,macro,SAT,MIN_EXPANDED_SIZE,0,2,PASSED,0.8148178720002761,3,0,1,1,1,2,0,1,1,2,False,True,True,True,True,3516,6656,107748,
Oracle,tiny_01142,global_prop,oracle,SAT,MIN_EXPANDED_SIZE,0,3,REFERENCE_EXHAUSTIVE,0.21398186199985503,4,0,1,1,1,,,,,,,,,,,,,46688,
ATLAS-B,tiny_01142,global_prop,atlas-b,SAT,MIN_EXPANDED_SIZE,0,3,PASSED,0.8149046939997788,4,0,1,1,1,3,0,2,2,3,False,True,True,True,True,6318,18632,105940,
MacroATLAS,tiny_01142,global_prop,macro,SAT,MIN_EXPANDED_SIZE,0,3,PASSED,0.7650139110000964,4,0,1,1,1,3,0,2,2,3,False,True,True,True,True,2920,6505,105452,
Oracle,tiny_01143,repair,oracle,SAT,REPAIR,1,2,REFERENCE_EXHAUSTIVE,0.21427087999973082,3,0,1,1,1,,,,,,,,,,,,,45392,
ATLAS-B,tiny_01143,repair,atlas-b,SAT,REPAIR,1,2,PASSED,0.8154223169999568,3,0,1,1,1,2,0,1,1,2,False,True,True,True,True,11569,37000,106648,
MacroATLAS,tiny_01143,repair,macro,SAT,REPAIR,1,2,PASSED,0.7649977820001368,3,0,1,1,1,2,0,1,1,2,False,True,True,True,True,2316,4422,99576,
Oracle,tiny_01144,plain,oracle,SAT,MIN_EXPANDED_SIZE,0,3,REFERENCE_EXHAUSTIVE,0.21405733400024474,4,0,1,1,1,,,,,,,,,,,,,46756,
ATLAS-B,tiny_01144,plain,atlas-b,SAT,MIN_EXPANDED_SIZE,0,3,PASSED,0.8651130540001759,4,0,1,1,1,3,0,2,2,3,False,True,True,True,True,18780,62215,128136,
MacroATLAS,tiny_01144,plain,macro,SAT,MIN_EXPANDED_SIZE,0,3,PASSED,0.8149182349998227,4,0,1,1,1,3,0,2,2,3,False,True,True,True,True,4529,8682,113736,
Oracle,tiny_01145,nnf,oracle,SAT,MIN_EXPANDED_SIZE,0,3,REFERENCE_EXHAUSTIVE,0.2140517739999268,4,0,1,1,1,,,,,,,,,,,,,46168,
ATLAS-B,tiny_01145,nnf,atlas-b,SAT,MIN_EXPANDED_SIZE,0,3,PASSED,0.8651883360003012,4,0,1,1,1,3,0,2,2,3,False,True,True,True,True,10718,33784,113820,
MacroATLAS,tiny_01145,nnf,macro,SAT,MIN_EXPANDED_SIZE,0,3,PASSED,1.1156818720000956,4,0,1,1,1,3,0,2,2,3,False,True,True,True,True,10881,26818,140620,
Oracle,tiny_01146,cnf,oracle,SAT,MIN_EXPANDED_SIZE,0,3,REFERENCE_EXHAUSTIVE,0.21409424500006935,3,1,2,1,2,,,,,,,,,,,,,46824,
ATLAS-B,tiny_01146,cnf,atlas-b,SAT,MIN_EXPANDED_SIZE,0,3,PASSED,0.9151629799998773,3,1,2,1,2,3,1,0,0,3,False,True,True,True,True,16538,53824,127392,
MacroATLAS,tiny_01146,cnf,macro,SAT,MIN_EXPANDED_SIZE,0,3,PASSED,0.915175040000122,3,1,2,1,2,3,1,0,0,3,False,True,True,True,True,5286,12159,123548,
Oracle,tiny_01147,dnf,oracle,SAT,MIN_EXPANDED_SIZE,0,3,REFERENCE_EXHAUSTIVE,0.2140799439998773,3,1,2,1,2,,,,,,,,,,,,,47040,
ATLAS-B,tiny_01147,dnf,atlas-b,SAT,MIN_EXPANDED_SIZE,0,3,PASSED,0.8652133760001561,3,1,2,1,2,3,1,0,0,3,False,True,True,True,True,12741,40584,115828,
MacroATLAS,tiny_01147,dnf,macro,SAT,MIN_EXPANDED_SIZE,0,3,PASSED,0.9150141560003249,3,1,2,1,2,3,1,0,0,3,False,True,True,True,True,5286,12159,132300,
Oracle,tiny_01148,required,oracle,SAT,MIN_EXPANDED_SIZE,0,3,REFERENCE_EXHAUSTIVE,0.2140723750003417,4,0,1,1,1,,,,,,,,,,,,,45648,
ATLAS-B,tiny_01148,required,atlas-b,SAT,MIN_EXPANDED_SIZE,0,3,PASSED,0.8650236919997951,4,0,1,1,1,3,0,2,2,3,False,True,True,True,True,13678,44058,109012,
MacroATLAS,tiny_01148,required,macro,SAT,MIN_EXPANDED_SIZE,0,3,PASSED,0.9651478850000785,4,0,1,1,1,3,0,2,2,3,False,True,True,True,True,6592,13429,134916,
Oracle,tiny_01149,no_dag_reuse,oracle,SAT,MIN_EXPANDED_SIZE,0,3,REFERENCE_EXHAUSTIVE,0.21401952299993354,4,0,1,1,1,,,,,,,,,,,,,46948,
ATLAS-B,tiny_01149,no_dag_reuse,atlas-b,SAT,MIN_EXPANDED_SIZE,0,3,PASSED,0.81500512599996,4,0,1,1,1,3,0,2,2,3,False,True,True,True,True,6306,18688,107808,
MacroATLAS,tiny_01149,no_dag_reuse,macro,SAT,MIN_EXPANDED_SIZE,0,3,PASSED,0.9651707660000284,4,0,1,1,1,3,0,2,2,3,False,True,True,True,True,5625,11150,131404,
Oracle,tiny_01150,global_prop,oracle,SAT,MIN_EXPANDED_SIZE,0,4,REFERENCE_EXHAUSTIVE,0.3143959620001624,4,1,2,1,2,,,,,,,,,,,,,73548,
ATLAS-B,tiny_01150,global_prop,atlas-b,SAT,MIN_EXPANDED_SIZE,0,4,PASSED,0.9152551830002267,4,1,2,1,2,4,1,1,1,4,False,True,True,True,True,17330,55214,129440,
MacroATLAS,tiny_01150,global_prop,macro,SAT,MIN_EXPANDED_SIZE,0,4,PASSED,0.865145794,4,1,2,1,2,4,1,1,1,4,False,True,True,True,True,6887,16121,126788,
Oracle,tiny_01151,repair,oracle,SAT,REPAIR,0,3,REFERENCE_EXHAUSTIVE,0.21405907400003343,4,0,1,1,1,,,,,,,,,,,,,47040,
ATLAS-B,tiny_01151,repair,atlas-b,SAT,REPAIR,0,3,PASSED,1.0656132560002334,4,0,1,1,1,3,0,2,2,3,False,True,True,True,True,7285,21197,131428,
MacroATLAS,tiny_01151,repair,macro,SAT,REPAIR,0,3,PASSED,0.9651516049998463,4,0,1,1,1,3,0,2,2,3,False,True,True,True,True,3916,7936,129508,
Oracle,tiny_01152,plain,oracle,UNSAT,MIN_EXPANDED_SIZE,0,0,REFERENCE_EXHAUSTIVE,0.21416958700001487,2,0,1,2,1,,,,,,,,,,,,,44460,
ATLAS-B,tiny_01152,plain,atlas-b,UNSAT,MIN_EXPANDED_SIZE,0,0,NOT_APPLICABLE_UNSAT,0.7149505349998435,2,0,1,2,1,,,,,,,,,,,2646,7143,100044,
MacroATLAS,tiny_01152,plain,macro,UNSAT,MIN_EXPANDED_SIZE,0,0,NOT_APPLICABLE_UNSAT,0.6148031420002553,2,0,1,2,1,,0,,,,,,,,,1211,2265,90728,
Oracle,tiny_01153,nnf,oracle,UNSAT,MIN_EXPANDED_SIZE,0,0,REFERENCE_EXHAUSTIVE,0.1639998979999291,2,0,1,2,1,,,,,,,,,,,,,44676,
ATLAS-B,tiny_01153,nnf,atlas-b,UNSAT,MIN_EXPANDED_SIZE,0,0,NOT_APPLICABLE_UNSAT,0.7148183020003671,2,0,1,2,1,,,,,,,,,,,5946,18128,99220,
MacroATLAS,tiny_01153,nnf,macro,UNSAT,MIN_EXPANDED_SIZE,0,0,NOT_APPLICABLE_UNSAT,0.7649399100000664,2,0,1,2,1,,0,,,,,,,,,2281,4807,102720,
Oracle,tiny_01154,cnf,oracle,SAT,MIN_EXPANDED_SIZE,0,3,REFERENCE_EXHAUSTIVE,0.21409661500001675,3,1,2,2,1,,,,,,,,,,,,,46752,
ATLAS-B,tiny_01154,cnf,atlas-b,SAT,MIN_EXPANDED_SIZE,0,3,PASSED,0.9152869829999872,3,1,2,2,1,3,1,0,0,3,False,True,True,True,True,16539,53811,124576,
MacroATLAS,tiny_01154,cnf,macro,SAT,MIN_EXPANDED_SIZE,0,3,PASSED,0.9151412700002766,3,1,2,2,1,3,1,0,0,3,False,True,True,True,True,5286,12159,132636,
Oracle,tiny_01155,dnf,oracle,SAT,MIN_EXPANDED_SIZE,0,3,REFERENCE_EXHAUSTIVE,0.21420804800027327,3,1,2,2,1,,,,,,,,,,,,,47108,
ATLAS-B,tiny_01155,dnf,atlas-b,SAT,MIN_EXPANDED_SIZE,0,3,PASSED,0.8149435049999738,3,1,2,2,1,3,1,0,0,3,False,True,True,True,True,7155,21507,107468,
MacroATLAS,tiny_01155,dnf,macro,SAT,MIN_EXPANDED_SIZE,0,3,PASSED,0.965095293000104,3,1,2,2,1,3,1,0,0,3,False,True,True,True,True,5286,12159,134308,
Oracle,tiny_01156,required,oracle,UNSAT,MIN_EXPANDED_SIZE,0,0,REFERENCE_EXHAUSTIVE,0.16406605900010618,2,0,1,2,1,,,,,,,,,,,,,44828,
ATLAS-B,tiny_01156,required,atlas-b,UNSAT,MIN_EXPANDED_SIZE,0,0,NOT_APPLICABLE_UNSAT,0.7649168389998522,2,0,1,2,1,,,,,,,,,,,5941,18118,100292,
MacroATLAS,tiny_01156,required,macro,UNSAT,MIN_EXPANDED_SIZE,0,0,NOT_APPLICABLE_UNSAT,0.6646905340003286,2,0,1,2,1,,0,,,,,,,,,1211,2265,88524,
Oracle,tiny_01157,no_dag_reuse,oracle,UNSAT,MIN_EXPANDED_SIZE,0,0,REFERENCE_EXHAUSTIVE,0.1640096880000783,2,0,1,2,1,,,,,,,,,,,,,45148,
ATLAS-B,tiny_01157,no_dag_reuse,atlas-b,UNSAT,MIN_EXPANDED_SIZE,0,0,NOT_APPLICABLE_UNSAT,0.714928344999862,2,0,1,2,1,,,,,,,,,,,8131,25635,97856,
MacroATLAS,tiny_01157,no_dag_reuse,macro,UNSAT,MIN_EXPANDED_SIZE,0,0,NOT_APPLICABLE_UNSAT,0.6147039990000849,2,0,1,2,1,,0,,,,,,,,,1321,2432,86392,
Oracle,tiny_01158,global_prop,oracle,SAT,MIN_EXPANDED_SIZE,0,4,REFERENCE_EXHAUSTIVE,0.36429917499981457,4,1,2,2,1,,,,,,,,,,,,,75652,
ATLAS-B,tiny_01158,global_prop,atlas-b,SAT,MIN_EXPANDED_SIZE,0,4,PASSED,0.8652340759999788,4,1,2,2,1,4,1,1,1,4,False,True,True,True,True,13326,41466,114652,
MacroATLAS,tiny_01158,global_prop,macro,SAT,MIN_EXPANDED_SIZE,0,4,PASSED,0.9151818909999747,4,1,2,2,1,4,1,1,1,4,False,True,True,True,True,6887,16121,128072,
Oracle,tiny_01159,repair,oracle,UNSAT,REPAIR,0,0,REFERENCE_EXHAUSTIVE,0.21434790100011014,2,0,1,2,1,,,,,,,,,,,,,45072,
ATLAS-B,tiny_01159,repair,atlas-b,UNSAT,REPAIR,0,0,NOT_APPLICABLE_UNSAT,1.0654969130000609,2,0,1,2,1,,,,,,,,,,,12164,39581,126308,
MacroATLAS,tiny_01159,repair,macro,UNSAT,REPAIR,0,0,NOT_APPLICABLE_UNSAT,0.8650669030002973,2,0,1,2,1,,0,,,,,,,,,1378,2362,126508,
Oracle,tiny_01160,plain,oracle,SAT,MIN_EXPANDED_SIZE,0,1,REFERENCE_EXHAUSTIVE,0.16398091799965187,2,0,1,1,1,,,,,,,,,,,,,44400,
ATLAS-B,tiny_01160,plain,atlas-b,SAT,MIN_EXPANDED_SIZE,0,1,PASSED,0.7649557609997828,2,0,1,1,1,1,0,0,0,1,False,True,True,True,True,7370,23770,99188,
MacroATLAS,tiny_01160,plain,macro,SAT,MIN_EXPANDED_SIZE,0,1,PASSED,0.6147553599998901,2,0,1,1,1,1,0,0,0,1,False,True,True,True,True,320,523,85192,
Oracle,tiny_01161,nnf,oracle,SAT,MIN_EXPANDED_SIZE,0,1,REFERENCE_EXHAUSTIVE,0.214073524000014,2,0,1,1,1,,,,,,,,,,,,,44132,
ATLAS-B,tiny_01161,nnf,atlas-b,SAT,MIN_EXPANDED_SIZE,0,1,PASSED,0.7650111919997471,2,0,1,1,1,1,0,0,0,1,False,True,True,True,True,4084,12326,105108,
MacroATLAS,tiny_01161,nnf,macro,SAT,MIN_EXPANDED_SIZE,0,1,PASSED,0.664667713000199,2,0,1,1,1,1,0,0,0,1,False,True,True,True,True,667,1204,96000,
Oracle,tiny_01162,cnf,oracle,UNSAT,MIN_EXPANDED_SIZE,0,0,REFERENCE_EXHAUSTIVE,0.21406456400018214,2,0,1,2,1,,,,,,,,,,,,,44664,
ATLAS-B,tiny_01162,cnf,atlas-b,UNSAT,MIN_EXPANDED_SIZE,0,0,NOT_APPLICABLE_UNSAT,0.714867513000172,2,0,1,2,1,,,,,,,,,,,4249,12367,96668,
MacroATLAS,tiny_01162,cnf,macro,UNSAT,MIN_EXPANDED_SIZE,0,0,NOT_APPLICABLE_UNSAT,0.8147984420002103,2,0,1,2,1,,0,,,,,,,,,3209,6984,109768,
Oracle,tiny_01163,dnf,oracle,UNSAT,MIN_EXPANDED_SIZE,0,0,REFERENCE_EXHAUSTIVE,0.16393000600010055,2,0,1,2,1,,,,,,,,,,,,,44768,
ATLAS-B,tiny_01163,dnf,atlas-b,UNSAT,MIN_EXPANDED_SIZE,0,0,NOT_APPLICABLE_UNSAT,0.8653392189999067,2,0,1,2,1,,,,,,,,,,,10900,35329,109048,
MacroATLAS,tiny_01163,dnf,macro,UNSAT,MIN_EXPANDED_SIZE,0,0,NOT_APPLICABLE_UNSAT,0.9150200760000189,2,0,1,2,1,,0,,,,,,,,,3022,6688,119168,
Oracle,tiny_01164,required,oracle,SAT,MIN_EXPANDED_SIZE,0,1,REFERENCE_EXHAUSTIVE,0.1640335390002292,2,0,1,1,1,,,,,,,,,,,,,44600,
ATLAS-B,tiny_01164,required,atlas-b,SAT,MIN_EXPANDED_SIZE,0,1,PASSED,0.7649519110000256,2,0,1,1,1,1,0,0,0,1,False,True,True,True,True,1883,5005,96344,
MacroATLAS,tiny_01164,required,macro,SAT,MIN_EXPANDED_SIZE,0,1,PASSED,0.6148978840001291,2,0,1,1,1,1,0,0,0,1,False,True,True,True,True,320,523,85736,
Oracle,tiny_01165,no_dag_reuse,oracle,SAT,MIN_EXPANDED_SIZE,0,1,REFERENCE_EXHAUSTIVE,0.21413674599989463,2,0,1,1,1,,,,,,,,,,,,,45276,
ATLAS-B,tiny_01165,no_dag_reuse,atlas-b,SAT,MIN_EXPANDED_SIZE,0,1,PASSED,0.765034151999771,2,0,1,1,1,1,0,0,0,1,False,True,True,True,True,4096,12342,100372,
MacroATLAS,tiny_01165,no_dag_reuse,macro,SAT,MIN_EXPANDED_SIZE,0,1,PASSED,0.6648232269999426,2,0,1,1,1,1,0,0,0,1,False,True,True,True,True,1321,2432,93896,
Oracle,tiny_01166,global_prop,oracle,UNSAT,MIN_EXPANDED_SIZE,0,0,REFERENCE_EXHAUSTIVE,0.2141054560001976,2,0,1,2,1,,,,,,,,,,,,,44348,
ATLAS-B,tiny_01166,global_prop,atlas-b,UNSAT,MIN_EXPANDED_SIZE,0,0,NOT_APPLICABLE_UNSAT,0.7148688229999607,2,0,1,2,1,,,,,,,,,,,2669,7145,94820,
MacroATLAS,tiny_01166,global_prop,macro,UNSAT,MIN_EXPANDED_SIZE,0,0,NOT_APPLICABLE_UNSAT,0.7148871340000369,2,0,1,2,1,,0,,,,,,,,,2402,5124,98884,
Oracle,tiny_01167,repair,oracle,SAT,REPAIR,1,2,REFERENCE_EXHAUSTIVE,0.21417887699999483,3,0,1,1,1,,,,,,,,,,,,,45448,
ATLAS-B,tiny_01167,repair,atlas-b,SAT,REPAIR,1,2,PASSED,0.8149512050003977,3,0,1,1,1,2,0,1,1,2,False,True,True,True,True,6894,20784,110252,
MacroATLAS,tiny_01167,repair,macro,SAT,REPAIR,1,2,PASSED,0.7650114610000855,3,0,1,1,1,2,0,1,1,2,False,True,True,True,True,2316,4422,99784,
Oracle,tiny_01168,plain,oracle,SAT,MIN_EXPANDED_SIZE,0,2,REFERENCE_EXHAUSTIVE,0.2142110979998506,3,0,1,1,1,,,,,,,,,,,,,44512,
ATLAS-B,tiny_01168,plain,atlas-b,SAT,MIN_EXPANDED_SIZE,0,2,PASSED,0.8651536249999481,3,0,1,1,1,2,0,1,1,2,False,True,True,True,True,10071,32382,113728,
MacroATLAS,tiny_01168,plain,macro,SAT,MIN_EXPANDED_SIZE,0,2,PASSED,0.6647949260000132,3,0,1,1,1,2,0,1,1,2,False,True,True,True,True,1214,2267,88744,
Oracle,tiny_01169,nnf,oracle,SAT,MIN_EXPANDED_SIZE,0,2,REFERENCE_EXHAUSTIVE,0.1640787689998433,3,0,1,1,1,,,,,,,,,,,,,44772,
ATLAS-B,tiny_01169,nnf,atlas-b,SAT,MIN_EXPANDED_SIZE,0,2,PASSED,0.764957030000005,3,0,1,1,1,2,0,1,1,2,False,True,True,True,True,4331,12642,96152,
MacroATLAS,tiny_01169,nnf,macro,SAT,MIN_EXPANDED_SIZE,0,2,PASSED,0.8153007930000058,3,0,1,1,1,2,0,1,1,2,False,True,True,True,True,2284,4809,110284,
Oracle,tiny_01170,cnf,oracle,SAT,MIN_EXPANDED_SIZE,0,1,REFERENCE_EXHAUSTIVE,0.2141384560000006,2,0,1,1,1,,,,,,,,,,,,,45008,
ATLAS-B,tiny_01170,cnf,atlas-b,SAT,MIN_EXPANDED_SIZE,0,1,PASSED,0.7148973640000804,2,0,1,1,1,1,0,0,0,1,False,True,True,True,True,2958,8497,101596,
MacroATLAS,tiny_01170,cnf,macro,SAT,MIN_EXPANDED_SIZE,0,1,PASSED,0.7148352130002422,2,0,1,1,1,1,0,0,0,1,False,True,True,True,True,888,1673,100968,
Oracle,tiny_01171,dnf,oracle,SAT,MIN_EXPANDED_SIZE,0,1,REFERENCE_EXHAUSTIVE,0.21426130899999407,2,0,1,1,1,,,,,,,,,,,,,44648,
ATLAS-B,tiny_01171,dnf,atlas-b,SAT,MIN_EXPANDED_SIZE,0,1,PASSED,0.7649739200001022,2,0,1,1,1,1,0,0,0,1,False,True,True,True,True,5547,17339,100236,
MacroATLAS,tiny_01171,dnf,macro,SAT,MIN_EXPANDED_SIZE,0,1,PASSED,0.7148607330000232,2,0,1,1,1,1,0,0,0,1,False,True,True,True,True,888,1673,101752,
Oracle,tiny_01172,required,oracle,SAT,MIN_EXPANDED_SIZE,0,2,REFERENCE_EXHAUSTIVE,0.2141979180000817,3,0,1,1,1,,,,,,,,,,,,,46024,
ATLAS-B,tiny_01172,required,atlas-b,SAT,MIN_EXPANDED_SIZE,0,2,PASSED,0.7148590830001922,3,0,1,1,1,2,0,1,1,2,False,True,True,True,True,2942,8072,97996,
MacroATLAS,tiny_01172,required,macro,SAT,MIN_EXPANDED_SIZE,0,2,PASSED,0.6649019890001,3,0,1,1,1,2,0,1,1,2,False,True,True,True,True,1214,2267,89660,
Oracle,tiny_01173,no_dag_reuse,oracle,SAT,MIN_EXPANDED_SIZE,0,2,REFERENCE_EXHAUSTIVE,0.2141588459999184,3,0,1,1,1,,,,,,,,,,,,,45580,
ATLAS-B,tiny_01173,no_dag_reuse,atlas-b,SAT,MIN_EXPANDED_SIZE,0,2,PASSED,0.8650065420001738,3,0,1,1,1,2,0,1,1,2,False,True,True,True,True,10102,32434,111172,
MacroATLAS,tiny_01173,no_dag_reuse,macro,SAT,MIN_EXPANDED_SIZE,0,2,PASSED,0.714981785999953,3,0,1,1,1,2,0,1,1,2,False,True,True,True,True,1420,2690,95364,
Oracle,tiny_01174,global_prop,oracle,SAT,MIN_EXPANDED_SIZE,0,2,REFERENCE_EXHAUSTIVE,0.21408205499983524,3,0,1,1,1,,,,,,,,,,,,,45112,
ATLAS-B,tiny_01174,global_prop,atlas-b,SAT,MIN_EXPANDED_SIZE,0,2,PASSED,0.7650210410001819,3,0,1,1,1,2,0,1,1,2,False,True,True,True,True,4364,12632,99408,
MacroATLAS,tiny_01174,global_prop,macro,SAT,MIN_EXPANDED_SIZE,0,2,PASSED,0.8150919680001607,3,0,1,1,1,2,0,1,1,2,False,True,True,True,True,2405,5126,111812,
Oracle,tiny_01175,repair,oracle,SAT,REPAIR,0,3,REFERENCE_EXHAUSTIVE,0.21403890400006276,4,0,1,1,1,,,,,,,,,,,,,46404,
ATLAS-B,tiny_01175,repair,atlas-b,SAT,REPAIR,0,3,PASSED,1.1655546140000297,4,0,1,1,1,3,0,2,2,3,False,True,True,True,True,12242,38124,136528,
MacroATLAS,tiny_01175,repair,macro,SAT,REPAIR,0,3,PASSED,1.0153310040000179,4,0,1,1,1,3,0,2,2,3,False,True,True,True,True,3916,7936,125108,
Oracle,tiny_01176,plain,oracle,SAT,MIN_EXPANDED_SIZE,0,3,REFERENCE_EXHAUSTIVE,0.21407557499969698,3,1,2,1,2,,,,,,,,,,,,,47072,
ATLAS-B,tiny_01176,plain,atlas-b,SAT,MIN_EXPANDED_SIZE,0,3,PASSED,0.8653338700000859,3,1,2,1,2,3,1,0,0,3,False,True,True,True,True,12709,40528,109052,
MacroATLAS,tiny_01176,plain,macro,SAT,MIN_EXPANDED_SIZE,0,3,PASSED,0.7649653799999214,3,1,2,1,2,3,1,0,0,3,False,True,True,True,True,2616,5312,101316,
Oracle,tiny_01177,nnf,oracle,SAT,MIN_EXPANDED_SIZE,0,3,REFERENCE_EXHAUSTIVE,0.2140403539997351,3,1,2,1,2,,,,,,,,,,,,,46880,
ATLAS-B,tiny_01177,nnf,atlas-b,SAT,MIN_EXPANDED_SIZE,0,3,PASSED,0.9151129900001251,3,1,2,1,2,3,1,0,0,3,False,True,True,True,True,16512,53786,130348,
MacroATLAS,tiny_01177,nnf,macro,SAT,MIN_EXPANDED_SIZE,0,3,PASSED,0.8650203009997313,3,1,2,1,2,3,1,0,0,3,False,True,True,True,True,4466,10083,121540,
Oracle,tiny_01178,cnf,oracle,SAT,MIN_EXPANDED_SIZE,0,2,REFERENCE_EXHAUSTIVE,0.21414333600023383,3,0,1,1,1,,,,,,,,,,,,,44832,
ATLAS-B,tiny_01178,cnf,atlas-b,SAT,MIN_EXPANDED_SIZE,0,2,PASSED,0.8650324919999548,3,0,1,1,1,2,0,1,1,2,False,True,True,True,True,10104,32435,106132,
MacroATLAS,tiny_01178,cnf,macro,SAT,MIN_EXPANDED_SIZE,0,2,PASSED,0.8650246520001019,3,0,1,1,1,2,0,1,1,2,False,True,True,True,True,3025,6690,111908,
Oracle,tiny_01179,dnf,oracle,SAT,MIN_EXPANDED_SIZE,0,2,REFERENCE_EXHAUSTIVE,0.21406040400006532,3,0,1,1,1,,,,,,,,,,,,,44420,
ATLAS-B,tiny_01179,dnf,atlas-b,SAT,MIN_EXPANDED_SIZE,0,2,PASSED,0.915108687999691,3,0,1,1,1,2,0,1,1,2,False,True,True,True,True,10103,32437,110764,
MacroATLAS,tiny_01179,dnf,macro,SAT,MIN_EXPANDED_SIZE,0,2,PASSED,0.8651566360003926,3,0,1,1,1,2,0,1,1,2,False,True,True,True,True,3025,6690,119168,
Oracle,tiny_01180,required,oracle,SAT,MIN_EXPANDED_SIZE,0,3,REFERENCE_EXHAUSTIVE,0.21409095500030162,3,1,2,1,2,,,,,,,,,,,,,46672,
ATLAS-B,tiny_01180,required,atlas-b,SAT,MIN_EXPANDED_SIZE,0,3,PASSED,0.8651502749999054,3,1,2,1,2,3,1,0,0,3,False,True,True,True,True,9624,29921,109044,
MacroATLAS,tiny_01180,required,macro,SAT,MIN_EXPANDED_SIZE,0,3,PASSED,0.7649234499999693,3,1,2,1,2,3,1,0,0,3,False,True,True,True,True,3248,6867,104060,
Oracle,tiny_01181,no_dag_reuse,oracle,SAT,MIN_EXPANDED_SIZE,0,3,REFERENCE_EXHAUSTIVE,0.2140635939999811,3,1,2,1,2,,,,,,,,,,,,,47096,
ATLAS-B,tiny_01181,no_dag_reuse,atlas-b,SAT,MIN_EXPANDED_SIZE,0,3,PASSED,0.9651699949999966,3,1,2,1,2,3,1,0,0,3,False,True,True,True,True,16555,53845,125496,
MacroATLAS,tiny_01181,no_dag_reuse,macro,SAT,MIN_EXPANDED_SIZE,0,3,PASSED,0.7651201740000033,3,1,2,1,2,3,1,0,0,3,False,True,True,True,True,2914,5792,101732,
Oracle,tiny_01182,global_prop,oracle,SAT,MIN_EXPANDED_SIZE,0,3,REFERENCE_EXHAUSTIVE,0.21412625600032698,4,0,1,1,1,,,,,,,,,,,,,47052,
ATLAS-B,tiny_01182,global_prop,atlas-b,SAT,MIN_EXPANDED_SIZE,0,3,PASSED,0.8149892259998524,4,0,1,1,1,3,0,2,2,3,False,True,True,True,True,6318,18631,105984,
MacroATLAS,tiny_01182,global_prop,macro,SAT,MIN_EXPANDED_SIZE,0,3,PASSED,0.814894613999968,4,0,1,1,1,3,0,2,2,3,False,True,True,True,True,2920,6505,105300,
Oracle,tiny_01183,repair,oracle,UNSAT,REPAIR,0,0,REFERENCE_EXHAUSTIVE,0.2142115679998824,2,0,1,2,1,,,,,,,,,,,,,45384,
ATLAS-B,tiny_01183,repair,atlas-b,UNSAT,REPAIR,0,0,NOT_APPLICABLE_UNSAT,0.8151785909999489,2,0,1,2,1,,,,,,,,,,,3117,8493,109380,
MacroATLAS,tiny_01183,repair,macro,UNSAT,REPAIR,0,0,NOT_APPLICABLE_UNSAT,0.8651103930001227,2,0,1,2,1,,0,,,,,,,,,1191,2066,114140,
Oracle,tiny_01184,plain,oracle,SAT,MIN_EXPANDED_SIZE,0,3,REFERENCE_EXHAUSTIVE,0.21412723599996752,3,1,2,2,1,,,,,,,,,,,,,46448,
ATLAS-B,tiny_01184,plain,atlas-b,SAT,MIN_EXPANDED_SIZE,0,3,PASSED,0.9151167480004005,3,1,2,2,1,3,1,0,0,3,False,True,True,True,True,12708,40541,113636,
MacroATLAS,tiny_01184,plain,macro,SAT,MIN_EXPANDED_SIZE,0,3,PASSED,0.7147870909998346,3,1,2,2,1,3,1,0,0,3,False,True,True,True,True,2616,5312,98772,
Oracle,tiny_01185,nnf,oracle,SAT,MIN_EXPANDED_SIZE,0,3,REFERENCE_EXHAUSTIVE,0.21414981599991734,3,1,2,2,1,,,,,,,,,,,,,46848,
ATLAS-B,tiny_01185,nnf,atlas-b,SAT,MIN_EXPANDED_SIZE,0,3,PASSED,0.9150813580004069,3,1,2,2,1,3,1,0,0,3,False,True,True,True,True,12713,40541,116860,
MacroATLAS,tiny_01185,nnf,macro,SAT,MIN_EXPANDED_SIZE,0,3,PASSED,0.8149001530000533,3,1,2,2,1,3,1,0,0,3,False,True,True,True,True,4466,10083,113764,
Oracle,tiny_01186,cnf,oracle,SAT,MIN_EXPANDED_SIZE,0,3,REFERENCE_EXHAUSTIVE,0.21417039600009957,3,1,2,1,2,,,,,,,,,,,,,47056,
ATLAS-B,tiny_01186,cnf,atlas-b,SAT,MIN_EXPANDED_SIZE,0,3,PASSED,0.9152539720003006,3,1,2,1,2,3,1,0,0,3,False,True,True,True,True,16539,53830,124872,
MacroATLAS,tiny_01186,cnf,macro,SAT,MIN_EXPANDED_SIZE,0,3,PASSED,0.8654308219997802,3,1,2,1,2,3,1,0,0,3,False,True,True,True,True,5286,12159,131072,
Oracle,tiny_01187,dnf,oracle,SAT,MIN_EXPANDED_SIZE,0,3,REFERENCE_EXHAUSTIVE,0.2141519269998753,3,1,2,1,2,,,,,,,,,,,,,46984,
ATLAS-B,tiny_01187,dnf,atlas-b,SAT,MIN_EXPANDED_SIZE,0,3,PASSED,0.9151450889999069,3,1,2,1,2,3,1,0,0,3,False,True,True,True,True,16539,53828,125532,
MacroATLAS,tiny_01187,dnf,macro,SAT,MIN_EXPANDED_SIZE,0,3,PASSED,0.9652350469996236,3,1,2,1,2,3,1,0,0,3,False,True,True,True,True,5286,12159,131536,
Oracle,tiny_01188,required,oracle,SAT,MIN_EXPANDED_SIZE,0,3,REFERENCE_EXHAUSTIVE,0.2141728459996557,3,1,2,2,1,,,,,,,,,,,,,46760,
ATLAS-B,tiny_01188,required,atlas-b,SAT,MIN_EXPANDED_SIZE,0,3,PASSED,0.8651652749999812,3,1,2,2,1,3,1,0,0,3,False,True,True,True,True,12708,40526,114124,
MacroATLAS,tiny_01188,required,macro,SAT,MIN_EXPANDED_SIZE,0,3,PASSED,0.7648750280000058,3,1,2,2,1,3,1,0,0,3,False,True,True,True,True,3248,6867,102376,
Oracle,tiny_01189,no_dag_reuse,oracle,SAT,MIN_EXPANDED_SIZE,0,3,REFERENCE_EXHAUSTIVE,0.21406783499969606,3,1,2,2,1,,,,,,,,,,,,,47056,
ATLAS-B,tiny_01189,no_dag_reuse,atlas-b,SAT,MIN_EXPANDED_SIZE,0,3,PASSED,0.8158537969998179,3,1,2,2,1,3,1,0,0,3,False,True,True,True,True,7170,21520,102588,
MacroATLAS,tiny_01189,no_dag_reuse,macro,SAT,MIN_EXPANDED_SIZE,0,3,PASSED,0.7649006589999772,3,1,2,2,1,3,1,0,0,3,False,True,True,True,True,2914,5792,100924,
Oracle,tiny_01190,global_prop,oracle,SAT,MIN_EXPANDED_SIZE,0,4,REFERENCE_EXHAUSTIVE,0.31414368500009004,4,1,2,1,2,,,,,,,,,,,,,73164,
ATLAS-B,tiny_01190,global_prop,atlas-b,SAT,MIN_EXPANDED_SIZE,0,4,PASSED,0.7649187600000005,4,1,2,1,2,4,1,1,1,4,False,True,True,True,True,5107,14138,101416,
MacroATLAS,tiny_01190,global_prop,macro,SAT,MIN_EXPANDED_SIZE,0,4,PASSED,1.0152989630000775,4,1,2,1,2,4,1,1,1,4,False,True,True,True,True,6887,16121,134152,
Oracle,tiny_01191,repair,oracle,SAT,REPAIR,1,2,REFERENCE_EXHAUSTIVE,0.21413168599974597,3,0,1,1,1,,,,,,,,,,,,,45612,
ATLAS-B,tiny_01191,repair,atlas-b,SAT,REPAIR,1,2,PASSED,0.7649217990001489,3,0,1,1,1,2,0,1,1,2,False,True,True,True,True,3650,9906,98940,
MacroATLAS,tiny_01191,repair,macro,SAT,REPAIR,1,2,PASSED,0.7148960139998053,3,0,1,1,1,2,0,1,1,2,False,True,True,True,True,2316,4422,94200,
Oracle,tiny_01192,plain,oracle,SAT,MIN_EXPANDED_SIZE,0,2,REFERENCE_EXHAUSTIVE,0.1640034380002362,3,0,1,1,1,,,,,,,,,,,,,44788,
ATLAS-B,tiny_01192,plain,atlas-b,SAT,MIN_EXPANDED_SIZE,0,2,PASSED,0.8150075459998334,3,0,1,1,1,2,0,1,1,2,False,True,True,True,True,7733,24243,104728,
MacroATLAS,tiny_01192,plain,macro,SAT,MIN_EXPANDED_SIZE,0,2,PASSED,0.7148884940002063,3,0,1,1,1,2,0,1,1,2,False,True,True,True,True,2185,4195,96200,
Oracle,tiny_01193,nnf,oracle,SAT,MIN_EXPANDED_SIZE,0,2,REFERENCE_EXHAUSTIVE,0.16402496899991093,3,0,1,1,1,,,,,,,,,,,,,44844,
ATLAS-B,tiny_01193,nnf,atlas-b,SAT,MIN_EXPANDED_SIZE,0,2,PASSED,0.7650523920001433,3,0,1,1,1,2,0,1,1,2,False,True,True,True,True,10079,32402,103592,
MacroATLAS,tiny_01193,nnf,macro,SAT,MIN_EXPANDED_SIZE,0,2,PASSED,0.9152258620001703,3,0,1,1,1,2,0,1,1,2,False,True,True,True,True,4101,8993,123328,
Oracle,tiny_01194,cnf,oracle,SAT,MIN_EXPANDED_SIZE,0,3,REFERENCE_EXHAUSTIVE,0.2141269559997454,3,1,2,2,1,,,,,,,,,,,,,46960,
ATLAS-B,tiny_01194,cnf,atlas-b,SAT,MIN_EXPANDED_SIZE,0,3,PASSED,0.915264333000323,3,1,2,2,1,3,1,0,0,3,False,True,True,True,True,12739,40581,115092,
MacroATLAS,tiny_01194,cnf,macro,SAT,MIN_EXPANDED_SIZE,0,3,PASSED,1.0152164610003638,3,1,2,2,1,3,1,0,0,3,False,True,True,True,True,5286,12159,144820,
Oracle,tiny_01195,dnf,oracle,SAT,MIN_EXPANDED_SIZE,0,3,REFERENCE_EXHAUSTIVE,0.21396278199972585,3,1,2,2,1,,,,,,,,,,,,,47456,
ATLAS-B,tiny_01195,dnf,atlas-b,SAT,MIN_EXPANDED_SIZE,0,3,PASSED,0.915095828000176,3,1,2,2,1,3,1,0,0,3,False,True,True,True,True,12742,40587,116324,
MacroATLAS,tiny_01195,dnf,macro,SAT,MIN_EXPANDED_SIZE,0,3,PASSED,0.965280618000179,3,1,2,2,1,3,1,0,0,3,False,True,True,True,True,5286,12159,134436,
Oracle,tiny_01196,required,oracle,SAT,MIN_EXPANDED_SIZE,0,2,REFERENCE_EXHAUSTIVE,0.21412674600014725,3,0,1,1,1,,,,,,,,,,,,,45164,
ATLAS-B,tiny_01196,required,atlas-b,SAT,MIN_EXPANDED_SIZE,0,2,PASSED,0.8648867980000432,3,0,1,1,1,2,0,1,1,2,False,True,True,True,True,10071,32389,115672,
MacroATLAS,tiny_01196,required,macro,SAT,MIN_EXPANDED_SIZE,0,2,PASSED,0.7147453900001892,3,0,1,1,1,2,0,1,1,2,False,True,True,True,True,2596,5050,99012,
Oracle,tiny_01197,no_dag_reuse,oracle,SAT,MIN_EXPANDED_SIZE,0,2,REFERENCE_EXHAUSTIVE,0.2139908019998984,3,0,1,1,1,,,,,,,,,,,,,45500,
ATLAS-B,tiny_01197,no_dag_reuse,atlas-b,SAT,MIN_EXPANDED_SIZE,0,2,PASSED,0.8149605349999547,3,0,1,1,1,2,0,1,1,2,False,True,True,True,True,7764,24287,107592,
MacroATLAS,tiny_01197,no_dag_reuse,macro,SAT,MIN_EXPANDED_SIZE,0,2,PASSED,0.8149556950002079,3,0,1,1,1,2,0,1,1,2,False,True,True,True,True,2825,5484,109312,
Oracle,tiny_01198,global_prop,oracle,SAT,MIN_EXPANDED_SIZE,0,4,REFERENCE_EXHAUSTIVE,0.3142063979998966,4,1,2,2,1,,,,,,,,,,,,,73460,
ATLAS-B,tiny_01198,global_prop,atlas-b,SAT,MIN_EXPANDED_SIZE,0,4,PASSED,0.7649402299998656,4,1,2,2,1,4,1,1,1,4,False,True,True,True,True,5108,14133,97328,
MacroATLAS,tiny_01198,global_prop,macro,SAT,MIN_EXPANDED_SIZE,0,4,PASSED,0.9651419339998029,4,1,2,2,1,4,1,1,1,4,False,True,True,True,True,6887,16121,126672,
Oracle,tiny_01199,repair,oracle,SAT,REPAIR,0,3,REFERENCE_EXHAUSTIVE,0.2141000649999114,4,0,1,1,1,,,,,,,,,,,,,47160,
ATLAS-B,tiny_01199,repair,atlas-b,SAT,REPAIR,0,3,PASSED,1.2155948300001,4,0,1,1,1,3,0,2,2,3,False,True,True,True,True,12242,38124,133596,
MacroATLAS,tiny_01199,repair,macro,SAT,REPAIR,0,3,PASSED,1.0152028200000132,4,0,1,1,1,3,0,2,2,3,False,True,True,True,True,3916,7936,127476,
Oracle,tiny_01200,plain,oracle,SAT,MIN_EXPANDED_SIZE,0,2,REFERENCE_EXHAUSTIVE,0.21409225600018544,3,0,1,1,1,,,,,,,,,,,,,45232,
ATLAS-B,tiny_01200,plain,atlas-b,SAT,MIN_EXPANDED_SIZE,0,2,PASSED,0.7648793379999006,3,0,1,1,1,2,0,1,1,2,False,True,True,True,True,5848,17762,106216,
MacroATLAS,tiny_01200,plain,macro,SAT,MIN_EXPANDED_SIZE,0,2,PASSED,0.7149106850001772,3,0,1,1,1,2,0,1,1,2,False,True,True,True,True,2949,5618,96160,
Oracle,tiny_01201,nnf,oracle,SAT,MIN_EXPANDED_SIZE,0,2,REFERENCE_EXHAUSTIVE,0.21420695799997702,3,0,1,1,1,,,,,,,,,,,,,44884,
ATLAS-B,tiny_01201,nnf,atlas-b,SAT,MIN_EXPANDED_SIZE,0,2,PASSED,0.8652355970002645,3,0,1,1,1,2,0,1,1,2,False,True,True,True,True,10080,32401,112616,
MacroATLAS,tiny_01201,nnf,macro,SAT,MIN_EXPANDED_SIZE,0,2,PASSED,0.9149974269998893,3,0,1,1,1,2,0,1,1,2,False,True,True,True,True,4605,10280,124244,
Oracle,tiny_01202,cnf,oracle,UNSAT,MIN_EXPANDED_SIZE,0,0,REFERENCE_EXHAUSTIVE,0.2140785749998031,2,0,1,2,1,,,,,,,,,,,,,44812,
ATLAS-B,tiny_01202,cnf,atlas-b,UNSAT,MIN_EXPANDED_SIZE,0,0,NOT_APPLICABLE_UNSAT,0.7147595899996304,2,0,1,2,1,,,,,,,,,,,5959,18140,96136,
MacroATLAS,tiny_01202,cnf,macro,UNSAT,MIN_EXPANDED_SIZE,0,0,NOT_APPLICABLE_UNSAT,0.8651193339997008,2,0,1,2,1,,0,,,,,,,,,3209,6984,115108,
Oracle,tiny_01203,dnf,oracle,UNSAT,MIN_EXPANDED_SIZE,0,0,REFERENCE_EXHAUSTIVE,0.16394839599979605,2,0,1,2,1,,,,,,,,,,,,,44192,
ATLAS-B,tiny_01203,dnf,atlas-b,UNSAT,MIN_EXPANDED_SIZE,0,0,NOT_APPLICABLE_UNSAT,0.7649636609999106,2,0,1,2,1,,,,,,,,,,,10900,35318,106416,
MacroATLAS,tiny_01203,dnf,macro,UNSAT,MIN_EXPANDED_SIZE,0,0,NOT_APPLICABLE_UNSAT,0.7648739179999211,2,0,1,2,1,,0,,,,,,,,,3022,6688,113588,
Oracle,tiny_01204,required,oracle,SAT,MIN_EXPANDED_SIZE,0,2,REFERENCE_EXHAUSTIVE,0.21426448899956085,3,0,1,1,1,,,,,,,,,,,,,45360,
ATLAS-B,tiny_01204,required,atlas-b,SAT,MIN_EXPANDED_SIZE,0,2,PASSED,0.7648253969996404,3,0,1,1,1,2,0,1,1,2,False,True,True,True,True,4325,12626,104376,
MacroATLAS,tiny_01204,required,macro,SAT,MIN_EXPANDED_SIZE,0,2,PASSED,0.7148530029999165,3,0,1,1,1,2,0,1,1,2,False,True,True,True,True,2661,4986,97908,
Oracle,tiny_01205,no_dag_reuse,oracle,SAT,MIN_EXPANDED_SIZE,0,2,REFERENCE_EXHAUSTIVE,0.2141543160000765,3,0,1,1,1,,,,,,,,,,,,,44896,
ATLAS-B,tiny_01205,no_dag_reuse,atlas-b,SAT,MIN_EXPANDED_SIZE,0,2,PASSED,0.8151483800002097,3,0,1,1,1,2,0,1,1,2,False,True,True,True,True,10105,32435,115464,
MacroATLAS,tiny_01205,no_dag_reuse,macro,SAT,MIN_EXPANDED_SIZE,0,2,PASSED,0.8649329499999112,3,0,1,1,1,2,0,1,1,2,False,True,True,True,True,5387,11418,119804,
Oracle,tiny_01206,global_prop,oracle,UNSAT,MIN_EXPANDED_SIZE,0,0,REFERENCE_EXHAUSTIVE,0.21404650400018,2,0,1,2,1,,,,,,,,,,,,,44384,
ATLAS-B,tiny_01206,global_prop,atlas-b,UNSAT,MIN_EXPANDED_SIZE,0,0,NOT_APPLICABLE_UNSAT,0.7148531119996733,2,0,1,2,1,,,,,,,,,,,8135,25604,98400,
MacroATLAS,tiny_01206,global_prop,macro,UNSAT,MIN_EXPANDED_SIZE,0,0,NOT_APPLICABLE_UNSAT,0.8157361049998144,2,0,1,2,1,,0,,,,,,,,,2402,5124,107576,
Oracle,tiny_01207,repair,oracle,UNSAT,REPAIR,0,0,REFERENCE_EXHAUSTIVE,0.21410827499994411,2,0,1,2,1,,,,,,,,,,,,,45216,
ATLAS-B,tiny_01207,repair,atlas-b,UNSAT,REPAIR,0,0,NOT_APPLICABLE_UNSAT,0.9654129109999303,2,0,1,2,1,,,,,,,,,,,6758,20723,130800,
MacroATLAS,tiny_01207,repair,macro,UNSAT,REPAIR,0,0,NOT_APPLICABLE_UNSAT,0.8650823130001299,2,0,1,2,1,,0,,,,,,,,,1378,2362,128432,
Oracle,tiny_01208,plain,oracle,SAT,MIN_EXPANDED_SIZE,0,3,REFERENCE_EXHAUSTIVE,0.21403517299995656,4,0,1,1,1,,,,,,,,,,,,,45996,
ATLAS-B,tiny_01208,plain,atlas-b,SAT,MIN_EXPANDED_SIZE,0,3,PASSED,0.865078523000193,4,0,1,1,1,3,0,2,2,3,False,True,True,True,True,13678,44055,110964,
MacroATLAS,tiny_01208,plain,macro,SAT,MIN_EXPANDED_SIZE,0,3,PASSED,0.91515537999976,4,0,1,1,1,3,0,2,2,3,False,True,True,True,True,6180,12727,133780,
Oracle,tiny_01209,nnf,oracle,SAT,MIN_EXPANDED_SIZE,0,3,REFERENCE_EXHAUSTIVE,0.21410836499990182,4,0,1,1,1,,,,,,,,,,,,,46256,
ATLAS-B,tiny_01209,nnf,atlas-b,SAT,MIN_EXPANDED_SIZE,0,3,PASSED,0.9151860699998906,4,0,1,1,1,3,0,2,2,3,False,True,True,True,True,18791,62246,124320,
MacroATLAS,tiny_01209,nnf,macro,SAT,MIN_EXPANDED_SIZE,0,3,PASSED,1.3159997500001737,4,0,1,1,1,3,0,2,2,3,False,True,True,True,True,13684,33939,149008,
Oracle,tiny_01210,cnf,oracle,SAT,MIN_EXPANDED_SIZE,0,1,REFERENCE_EXHAUSTIVE,0.21406947500008755,2,0,1,1,1,,,,,,,,,,,,,44588,
ATLAS-B,tiny_01210,cnf,atlas-b,SAT,MIN_EXPANDED_SIZE,0,1,PASSED,0.7649221299998317,2,0,1,1,1,1,0,0,0,1,False,True,True,True,True,5547,17345,99668,
MacroATLAS,tiny_01210,cnf,macro,SAT,MIN_EXPANDED_SIZE,0,1,PASSED,0.7147421500003475,2,0,1,1,1,1,0,0,0,1,False,True,True,True,True,888,1673,99652,
Oracle,tiny_01211,dnf,oracle,SAT,MIN_EXPANDED_SIZE,0,1,REFERENCE_EXHAUSTIVE,0.21400377200006915,2,0,1,1,1,,,,,,,,,,,,,44652,
ATLAS-B,tiny_01211,dnf,atlas-b,SAT,MIN_EXPANDED_SIZE,0,1,PASSED,0.7148785330000464,2,0,1,1,1,1,0,0,0,1,False,True,True,True,True,886,1974,93872,
MacroATLAS,tiny_01211,dnf,macro,SAT,MIN_EXPANDED_SIZE,0,1,PASSED,0.7152386319999096,2,0,1,1,1,1,0,0,0,1,False,True,True,True,True,888,1673,101848,
Oracle,tiny_01212,required,oracle,SAT,MIN_EXPANDED_SIZE,0,3,REFERENCE_EXHAUSTIVE,0.21409436500016454,4,0,1,1,1,,,,,,,,,,,,,46360,
ATLAS-B,tiny_01212,required,atlas-b,SAT,MIN_EXPANDED_SIZE,0,3,PASSED,0.9151668100003008,4,0,1,1,1,3,0,2,2,3,False,True,True,True,True,18781,62218,126640,
MacroATLAS,tiny_01212,required,macro,SAT,MIN_EXPANDED_SIZE,0,3,PASSED,0.9652999380000438,4,0,1,1,1,3,0,2,2,3,False,True,True,True,True,7193,15659,128344,
Oracle,tiny_01213,no_dag_reuse,oracle,SAT,MIN_EXPANDED_SIZE,0,3,REFERENCE_EXHAUSTIVE,0.21402992299999823,4,0,1,1,1,,,,,,,,,,,,,46408,
ATLAS-B,tiny_01213,no_dag_reuse,atlas-b,SAT,MIN_EXPANDED_SIZE,0,3,PASSED,0.9652715780002836,4,0,1,1,1,3,0,2,2,3,False,True,True,True,True,18832,62301,133148,
MacroATLAS,tiny_01213,no_dag_reuse,macro,SAT,MIN_EXPANDED_SIZE,0,3,PASSED,1.0152173010001206,4,0,1,1,1,3,0,2,2,3,False,True,True,True,True,7844,17110,136708,
Oracle,tiny_01214,global_prop,oracle,SAT,MIN_EXPANDED_SIZE,0,2,REFERENCE_EXHAUSTIVE,0.2141356550000637,3,0,1,1,1,,,,,,,,,,,,,45104,
ATLAS-B,tiny_01214,global_prop,atlas-b,SAT,MIN_EXPANDED_SIZE,0,2,PASSED,0.7151310299996112,3,0,1,1,1,2,0,1,1,2,False,True,True,True,True,2137,5406,97284,
MacroATLAS,tiny_01214,global_prop,macro,SAT,MIN_EXPANDED_SIZE,0,2,PASSED,0.8151194389997727,3,0,1,1,1,2,0,1,1,2,False,True,True,True,True,2405,5126,111244,
Oracle,tiny_01215,repair,oracle,SAT,REPAIR,1,2,REFERENCE_EXHAUSTIVE,0.21415799699980198,3,0,1,1,1,,,,,,,,,,,,,44956,
ATLAS-B,tiny_01215,repair,atlas-b,SAT,REPAIR,1,2,PASSED,0.7648988589999135,3,0,1,1,1,2,0,1,1,2,False,True,True,True,True,2675,6784,97808,
MacroATLAS,tiny_01215,repair,macro,SAT,REPAIR,1,2,PASSED,0.714817972000219,3,0,1,1,1,2,0,1,1,2,False,True,True,True,True,2316,4422,94500,
Oracle,tiny_01216,plain,oracle,UNSAT,MIN_EXPANDED_SIZE,0,0,REFERENCE_EXHAUSTIVE,0.21404550399984146,2,0,1,2,1,,,,,,,,,,,,,44492,
ATLAS-B,tiny_01216,plain,atlas-b,UNSAT,MIN_EXPANDED_SIZE,0,0,NOT_APPLICABLE_UNSAT,0.7649612899999738,2,0,1,2,1,,,,,,,,,,,8112,25608,102328,
MacroATLAS,tiny_01216,plain,macro,UNSAT,MIN_EXPANDED_SIZE,0,0,NOT_APPLICABLE_UNSAT,0.6148087519995897,2,0,1,2,1,,0,,,,,,,,,1398,2561,87208,
Oracle,tiny_01217,nnf,oracle,UNSAT,MIN_EXPANDED_SIZE,0,0,REFERENCE_EXHAUSTIVE,0.21426476900023772,2,0,1,2,1,,,,,,,,,,,,,44340,
ATLAS-B,tiny_01217,nnf,atlas-b,UNSAT,MIN_EXPANDED_SIZE,0,0,NOT_APPLICABLE_UNSAT,0.7148758029998135,2,0,1,2,1,,,,,,,,,,,8118,25620,103036,
MacroATLAS,tiny_01217,nnf,macro,UNSAT,MIN_EXPANDED_SIZE,0,0,NOT_APPLICABLE_UNSAT,0.7147480499997982,2,0,1,2,1,,0,,,,,,,,,2281,4807,104752,
Oracle,tiny_01218,cnf,oracle,SAT,MIN_EXPANDED_SIZE,0,2,REFERENCE_EXHAUSTIVE,0.2140671739998652,3,0,1,1,1,,,,,,,,,,,,,44788,
ATLAS-B,tiny_01218,cnf,atlas-b,SAT,MIN_EXPANDED_SIZE,0,2,PASSED,0.865150034999715,3,0,1,1,1,2,0,1,1,2,False,True,True,True,True,10104,32436,112456,
MacroATLAS,tiny_01218,cnf,macro,SAT,MIN_EXPANDED_SIZE,0,2,PASSED,0.7651477250001335,3,0,1,1,1,2,0,1,1,2,False,True,True,True,True,3025,6690,111032,
Oracle,tiny_01219,dnf,oracle,SAT,MIN_EXPANDED_SIZE,0,2,REFERENCE_EXHAUSTIVE,0.214112285000283,3,0,1,1,1,,,,,,,,,,,,,45248,
ATLAS-B,tiny_01219,dnf,atlas-b,SAT,MIN_EXPANDED_SIZE,0,2,PASSED,0.7650577330000488,3,0,1,1,1,2,0,1,1,2,False,True,True,True,True,2976,8127,101140,
MacroATLAS,tiny_01219,dnf,macro,SAT,MIN_EXPANDED_SIZE,0,2,PASSED,0.8649063789998763,3,0,1,1,1,2,0,1,1,2,False,True,True,True,True,3025,6690,119248,
Oracle,tiny_01220,required,oracle,UNSAT,MIN_EXPANDED_SIZE,0,0,REFERENCE_EXHAUSTIVE,0.21411154599991278,2,0,1,2,1,,,,,,,,,,,,,45092,
ATLAS-B,tiny_01220,required,atlas-b,UNSAT,MIN_EXPANDED_SIZE,0,0,NOT_APPLICABLE_UNSAT,0.7648474470001929,2,0,1,2,1,,,,,,,,,,,4230,12341,97168,
MacroATLAS,tiny_01220,required,macro,UNSAT,MIN_EXPANDED_SIZE,0,0,NOT_APPLICABLE_UNSAT,0.6145828469998378,2,0,1,2,1,,0,,,,,,,,,1398,2561,86844,
Oracle,tiny_01221,no_dag_reuse,oracle,UNSAT,MIN_EXPANDED_SIZE,0,0,REFERENCE_EXHAUSTIVE,0.1641005999999834,2,0,1,2,1,,,,,,,,,,,,,44992,
ATLAS-B,tiny_01221,no_dag_reuse,atlas-b,UNSAT,MIN_EXPANDED_SIZE,0,0,NOT_APPLICABLE_UNSAT,0.714897234000091,2,0,1,2,1,,,,,,,,,,,4249,12369,97264,
MacroATLAS,tiny_01221,no_dag_reuse,macro,UNSAT,MIN_EXPANDED_SIZE,0,0,NOT_APPLICABLE_UNSAT,0.6646679129999029,2,0,1,2,1,,0,,,,,,,,,1508,2728,90116,
Oracle,tiny_01222,global_prop,oracle,SAT,MIN_EXPANDED_SIZE,0,3,REFERENCE_EXHAUSTIVE,0.21418410700016466,4,0,1,1,1,,,,,,,,,,,,,46652,
ATLAS-B,tiny_01222,global_prop,atlas-b,SAT,MIN_EXPANDED_SIZE,0,3,PASSED,0.8152538919998733,4,0,1,1,1,3,0,2,2,3,False,True,True,True,True,4522,12692,101148,
MacroATLAS,tiny_01222,global_prop,macro,SAT,MIN_EXPANDED_SIZE,0,3,PASSED,0.865104674000122,4,0,1,1,1,3,0,2,2,3,False,True,True,True,True,2920,6505,113508,
Oracle,tiny_01223,repair,oracle,SAT,REPAIR,0,3,REFERENCE_EXHAUSTIVE,0.21396502200013856,4,0,1,1,1,,,,,,,,,,,,,47868,
ATLAS-B,tiny_01223,repair,atlas-b,SAT,REPAIR,0,3,PASSED,1.1153244330002963,4,0,1,1,1,3,0,2,2,3,False,True,True,True,True,9526,28794,136060,
MacroATLAS,tiny_01223,repair,macro,SAT,REPAIR,0,3,PASSED,1.0653360589999465,4,0,1,1,1,3,0,2,2,3,False,True,True,True,True,3916,7936,136460,
Oracle,tiny_01224,plain,oracle,SAT,MIN_EXPANDED_SIZE,0,1,REFERENCE_EXHAUSTIVE,0.16397789799975726,2,0,1,1,1,,,,,,,,,,,,,44412,
ATLAS-B,tiny_01224,plain,atlas-b,SAT,MIN_EXPANDED_SIZE,0,1,PASSED,0.7148828029999095,2,0,1,1,1,1,0,0,0,1,False,True,True,True,True,4079,12319,98952,
MacroATLAS,tiny_01224,plain,macro,SAT,MIN_EXPANDED_SIZE,0,1,PASSED,0.6146546779996243,2,0,1,1,1,1,0,0,0,1,False,True,True,True,True,320,523,88124,
Oracle,tiny_01225,nnf,oracle,SAT,MIN_EXPANDED_SIZE,0,1,REFERENCE_EXHAUSTIVE,0.21402358299974367,2,0,1,1,1,,,,,,,,,,,,,44984,
ATLAS-B,tiny_01225,nnf,atlas-b,SAT,MIN_EXPANDED_SIZE,0,1,PASSED,0.8150288470001215,2,0,1,1,1,1,0,0,0,1,False,True,True,True,True,7375,23776,104964,
MacroATLAS,tiny_01225,nnf,macro,SAT,MIN_EXPANDED_SIZE,0,1,PASSED,0.6647732459996405,2,0,1,1,1,1,0,0,0,1,False,True,True,True,True,667,1204,95944,
Oracle,tiny_01226,cnf,oracle,SAT,MIN_EXPANDED_SIZE,0,3,REFERENCE_EXHAUSTIVE,0.2641034110001783,3,1,2,1,2,,,,,,,,,,,,,47136,
ATLAS-B,tiny_01226,cnf,atlas-b,SAT,MIN_EXPANDED_SIZE,0,3,PASSED,0.8649491700002727,3,1,2,1,2,3,1,0,0,3,False,True,True,True,True,9657,29976,114468,
MacroATLAS,tiny_01226,cnf,macro,SAT,MIN_EXPANDED_SIZE,0,3,PASSED,0.91513618900035,3,1,2,1,2,3,1,0,0,3,False,True,True,True,True,5286,12159,131508,
Oracle,tiny_01227,dnf,oracle,SAT,MIN_EXPANDED_SIZE,0,3,REFERENCE_EXHAUSTIVE,0.21404928400033896,3,1,2,1,2,,,,,,,,,,,,,46916,
ATLAS-B,tiny_01227,dnf,atlas-b,SAT,MIN_EXPANDED_SIZE,0,3,PASSED,0.7648416269998961,3,1,2,1,2,3,1,0,0,3,False,True,True,True,True,3482,9512,104660,
MacroATLAS,tiny_01227,dnf,macro,SAT,MIN_EXPANDED_SIZE,0,3,PASSED,0.9151719300002696,3,1,2,1,2,3,1,0,0,3,False,True,True,True,True,5286,12159,124624,
Oracle,tiny_01228,required,oracle,SAT,MIN_EXPANDED_SIZE,0,1,REFERENCE_EXHAUSTIVE,0.21431547100019088,2,0,1,1,1,,,,,,,,,,,,,44516,
ATLAS-B,tiny_01228,required,atlas-b,SAT,MIN_EXPANDED_SIZE,0,1,PASSED,0.8653074290000404,2,0,1,1,1,1,0,0,0,1,False,True,True,True,True,7370,23771,111080,
MacroATLAS,tiny_01228,required,macro,SAT,MIN_EXPANDED_SIZE,0,1,PASSED,0.6146994389996507,2,0,1,1,1,1,0,0,0,1,False,True,True,True,True,320,523,85324,
Oracle,tiny_01229,no_dag_reuse,oracle,SAT,MIN_EXPANDED_SIZE,0,1,REFERENCE_EXHAUSTIVE,0.21407836500020494,2,0,1,1,1,,,,,,,,,,,,,44780,
ATLAS-B,tiny_01229,no_dag_reuse,atlas-b,SAT,MIN_EXPANDED_SIZE,0,1,PASSED,0.7649000890000934,2,0,1,1,1,1,0,0,0,1,False,True,True,True,True,5544,17332,101608,
MacroATLAS,tiny_01229,no_dag_reuse,macro,SAT,MIN_EXPANDED_SIZE,0,1,PASSED,0.6647054840000237,2,0,1,1,1,1,0,0,0,1,False,True,True,True,True,1321,2432,94652,
Oracle,tiny_01230,global_prop,oracle,SAT,MIN_EXPANDED_SIZE,0,4,REFERENCE_EXHAUSTIVE,0.3142094680001719,4,1,2,1,2,,,,,,,,,,,,,73924,
ATLAS-B,tiny_01230,global_prop,atlas-b,SAT,MIN_EXPANDED_SIZE,0,4,PASSED,0.9150975080001444,4,1,2,1,2,4,1,1,1,4,False,True,True,True,True,17330,55214,130772,
MacroATLAS,tiny_01230,global_prop,macro,SAT,MIN_EXPANDED_SIZE,0,4,PASSED,1.015407905000302,4,1,2,1,2,4,1,1,1,4,False,True,True,True,True,6887,16121,132404,
Oracle,tiny_01231,repair,oracle,UNSAT,REPAIR,0,0,REFERENCE_EXHAUSTIVE,0.21410415499985902,2,0,1,2,1,,,,,,,,,,,,,45972,
ATLAS-B,tiny_01231,repair,atlas-b,UNSAT,REPAIR,0,0,NOT_APPLICABLE_UNSAT,0.865003040999909,2,0,1,2,1,,,,,,,,,,,6759,20719,132412,
MacroATLAS,tiny_01231,repair,macro,UNSAT,REPAIR,0,0,NOT_APPLICABLE_UNSAT,0.8651201140000921,2,0,1,2,1,,0,,,,,,,,,1191,2066,116364,
Oracle,tiny_01232,plain,oracle,SAT,MIN_EXPANDED_SIZE,0,2,REFERENCE_EXHAUSTIVE,0.21401997300017683,3,0,1,1,1,,,,,,,,,,,,,44784,
ATLAS-B,tiny_01232,plain,atlas-b,SAT,MIN_EXPANDED_SIZE,0,2,PASSED,0.6649061690000053,3,0,1,1,1,2,0,1,1,2,False,True,True,True,True,2096,5396,91772,
MacroATLAS,tiny_01232,plain,macro,SAT,MIN_EXPANDED_SIZE,0,2,PASSED,0.6647378749999007,3,0,1,1,1,2,0,1,1,2,False,True,True,True,True,1214,2267,93028,
Oracle,tiny_01233,nnf,oracle,SAT,MIN_EXPANDED_SIZE,0,2,REFERENCE_EXHAUSTIVE,0.16397898699960933,3,0,1,1,1,,,,,,,,,,,,,44724,
ATLAS-B,tiny_01233,nnf,atlas-b,SAT,MIN_EXPANDED_SIZE,0,2,PASSED,0.8148860340002102,3,0,1,1,1,2,0,1,1,2,False,True,True,True,True,10077,32395,104700,
MacroATLAS,tiny_01233,nnf,macro,SAT,MIN_EXPANDED_SIZE,0,2,PASSED,0.8150763779999579,3,0,1,1,1,2,0,1,1,2,False,True,True,True,True,2284,4809,111872,
Oracle,tiny_01234,cnf,oracle,SAT,MIN_EXPANDED_SIZE,0,3,REFERENCE_EXHAUSTIVE,0.2141652770001201,3,1,2,2,1,,,,,,,,,,,,,46916,
ATLAS-B,tiny_01234,cnf,atlas-b,SAT,MIN_EXPANDED_SIZE,0,3,PASSED,0.7648518179998973,3,1,2,2,1,3,1,0,0,3,False,True,True,True,True,7154,21503,103308,
MacroATLAS,tiny_01234,cnf,macro,SAT,MIN_EXPANDED_SIZE,0,3,PASSED,0.9151596599999721,3,1,2,2,1,3,1,0,0,3,False,True,True,True,True,5286,12159,126040,
Oracle,tiny_01235,dnf,oracle,SAT,MIN_EXPANDED_SIZE,0,3,REFERENCE_EXHAUSTIVE,0.21415480600035153,3,1,2,2,1,,,,,,,,,,,,,46680,
ATLAS-B,tiny_01235,dnf,atlas-b,SAT,MIN_EXPANDED_SIZE,0,3,PASSED,0.9151289989999896,3,1,2,2,1,3,1,0,0,3,False,True,True,True,True,16539,53819,125420,
MacroATLAS,tiny_01235,dnf,macro,SAT,MIN_EXPANDED_SIZE,0,3,PASSED,0.8649999009999192,3,1,2,2,1,3,1,0,0,3,False,True,True,True,True,5286,12159,122692,
Oracle,tiny_01236,required,oracle,SAT,MIN_EXPANDED_SIZE,0,2,REFERENCE_EXHAUSTIVE,0.16399713800001336,3,0,1,1,1,,,,,,,,,,,,,45080,
ATLAS-B,tiny_01236,required,atlas-b,SAT,MIN_EXPANDED_SIZE,0,2,PASSED,0.6647963360001086,3,0,1,1,1,2,0,1,1,2,False,True,True,True,True,2096,5399,91868,
MacroATLAS,tiny_01236,required,macro,SAT,MIN_EXPANDED_SIZE,0,2,PASSED,0.6147289099999398,3,0,1,1,1,2,0,1,1,2,False,True,True,True,True,1214,2267,89980,
Oracle,tiny_01237,no_dag_reuse,oracle,SAT,MIN_EXPANDED_SIZE,0,2,REFERENCE_EXHAUSTIVE,0.21413643599998977,3,0,1,1,1,,,,,,,,,,,,,44796,
ATLAS-B,tiny_01237,no_dag_reuse,atlas-b,SAT,MIN_EXPANDED_SIZE,0,2,PASSED,0.7148922630003653,3,0,1,1,1,2,0,1,1,2,False,True,True,True,True,2127,5444,100424,
MacroATLAS,tiny_01237,no_dag_reuse,macro,SAT,MIN_EXPANDED_SIZE,0,2,PASSED,0.6648489379999774,3,0,1,1,1,2,0,1,1,2,False,True,True,True,True,1420,2690,95872,
Oracle,tiny_01238,global_prop,oracle,SAT,MIN_EXPANDED_SIZE,0,4,REFERENCE_EXHAUSTIVE,0.314224607000142,4,1,2,2,1,,,,,,,,,,,,,73904,
ATLAS-B,tiny_01238,global_prop,atlas-b,SAT,MIN_EXPANDED_SIZE,0,4,PASSED,0.9152991030000521,4,1,2,2,1,4,1,1,1,4,False,True,True,True,True,13326,41462,112292,
MacroATLAS,tiny_01238,global_prop,macro,SAT,MIN_EXPANDED_SIZE,0,4,PASSED,0.9152823829999761,4,1,2,2,1,4,1,1,1,4,False,True,True,True,True,6887,16121,124520,
Oracle,tiny_01239,repair,oracle,SAT,REPAIR,1,2,REFERENCE_EXHAUSTIVE,0.21406789499997103,3,0,1,1,1,,,,,,,,,,,,,45428,
ATLAS-B,tiny_01239,repair,atlas-b,SAT,REPAIR,1,2,PASSED,0.7650560530000803,3,0,1,1,1,2,0,1,1,2,False,True,True,True,True,3648,9903,99032,
MacroATLAS,tiny_01239,repair,macro,SAT,REPAIR,1,2,PASSED,0.714940254999874,3,0,1,1,1,2,0,1,1,2,False,True,True,True,True,2316,4422,94416,
Oracle,tiny_01240,plain,oracle,SAT,MIN_EXPANDED_SIZE,0,3,REFERENCE_EXHAUSTIVE,0.31418913699963014,3,1,2,1,2,,,,,,,,,,,,,46768,
ATLAS-B,tiny_01240,plain,atlas-b,SAT,MIN_EXPANDED_SIZE,0,3,PASSED,0.9652811879996079,3,1,2,1,2,3,1,0,0,3,False,True,True,True,True,16504,53754,125576,
MacroATLAS,tiny_01240,plain,macro,SAT,MIN_EXPANDED_SIZE,0,3,PASSED,0.7649605500000689,3,1,2,1,2,3,1,0,0,3,False,True,True,True,True,2616,5312,100692,
Oracle,tiny_01241,nnf,oracle,SAT,MIN_EXPANDED_SIZE,0,3,REFERENCE_EXHAUSTIVE,0.21406524399981208,3,1,2,1,2,,,,,,,,,,,,,46644,
ATLAS-B,tiny_01241,nnf,atlas-b,SAT,MIN_EXPANDED_SIZE,0,3,PASSED,0.8655684340001244,3,1,2,1,2,3,1,0,0,3,False,True,True,True,True,7129,21468,107668,
MacroATLAS,tiny_01241,nnf,macro,SAT,MIN_EXPANDED_SIZE,0,3,PASSED,0.9151313299998947,3,1,2,1,2,3,1,0,0,3,False,True,True,True,True,4466,10083,121176,
Oracle,tiny_01242,cnf,oracle,UNSAT,MIN_EXPANDED_SIZE,0,0,REFERENCE_EXHAUSTIVE,0.21415163700021367,2,0,1,2,1,,,,,,,,,,,,,44800,
ATLAS-B,tiny_01242,cnf,atlas-b,UNSAT,MIN_EXPANDED_SIZE,0,0,NOT_APPLICABLE_UNSAT,0.7148873040000581,2,0,1,2,1,,,,,,,,,,,4252,12377,95040,
MacroATLAS,tiny_01242,cnf,macro,UNSAT,MIN_EXPANDED_SIZE,0,0,NOT_APPLICABLE_UNSAT,0.8150136960002783,2,0,1,2,1,,0,,,,,,,,,3022,6688,113628,
Oracle,tiny_01243,dnf,oracle,UNSAT,MIN_EXPANDED_SIZE,0,0,REFERENCE_EXHAUSTIVE,0.2140980149997631,2,0,1,2,1,,,,,,,,,,,,,45040,
ATLAS-B,tiny_01243,dnf,atlas-b,UNSAT,MIN_EXPANDED_SIZE,0,0,NOT_APPLICABLE_UNSAT,0.8151091590002579,2,0,1,2,1,,,,,,,,,,,8134,25637,105360,
MacroATLAS,tiny_01243,dnf,macro,UNSAT,MIN_EXPANDED_SIZE,0,0,NOT_APPLICABLE_UNSAT,0.8149997159998748,2,0,1,2,1,,0,,,,,,,,,3022,6688,115140,
Oracle,tiny_01244,required,oracle,SAT,MIN_EXPANDED_SIZE,0,3,REFERENCE_EXHAUSTIVE,0.2141624259998025,3,1,2,1,2,,,,,,,,,,,,,46968,
ATLAS-B,tiny_01244,required,atlas-b,SAT,MIN_EXPANDED_SIZE,0,3,PASSED,0.8169252640000195,3,1,2,1,2,3,1,0,0,3,False,True,True,True,True,9625,29919,113552,
MacroATLAS,tiny_01244,required,macro,SAT,MIN_EXPANDED_SIZE,0,3,PASSED,0.8149821960000736,3,1,2,1,2,3,1,0,0,3,False,True,True,True,True,3248,6867,106612,
Oracle,tiny_01245,no_dag_reuse,oracle,SAT,MIN_EXPANDED_SIZE,0,3,REFERENCE_EXHAUSTIVE,0.2140722240001196,3,1,2,1,2,,,,,,,,,,,,,47144,
ATLAS-B,tiny_01245,no_dag_reuse,atlas-b,SAT,MIN_EXPANDED_SIZE,0,3,PASSED,0.9151592489997711,3,1,2,1,2,3,1,0,0,3,False,True,True,True,True,16554,53841,128476,
MacroATLAS,tiny_01245,no_dag_reuse,macro,SAT,MIN_EXPANDED_SIZE,0,3,PASSED,0.7648773679998158,3,1,2,1,2,3,1,0,0,3,False,True,True,True,True,2914,5792,102472,
Oracle,tiny_01246,global_prop,oracle,UNSAT,MIN_EXPANDED_SIZE,0,0,REFERENCE_EXHAUSTIVE,0.21419133700010207,2,0,1,2,1,,,,,,,,,,,,,45184,
ATLAS-B,tiny_01246,global_prop,atlas-b,UNSAT,MIN_EXPANDED_SIZE,0,0,NOT_APPLICABLE_UNSAT,0.6647528760004207,2,0,1,2,1,,,,,,,,,,,1804,4457,93308,
MacroATLAS,tiny_01246,global_prop,macro,UNSAT,MIN_EXPANDED_SIZE,0,0,NOT_APPLICABLE_UNSAT,0.7148323919996074,2,0,1,2,1,,0,,,,,,,,,2604,5442,100948,
Oracle,tiny_01247,repair,oracle,SAT,REPAIR,0,3,REFERENCE_EXHAUSTIVE,0.2141260250000414,4,0,1,1,1,,,,,,,,,,,,,46784,
ATLAS-B,tiny_01247,repair,atlas-b,SAT,REPAIR,0,3,PASSED,1.1656623169997147,4,0,1,1,1,3,0,2,2,3,False,True,True,True,True,15515,49496,132500,
MacroATLAS,tiny_01247,repair,macro,SAT,REPAIR,0,3,PASSED,1.0654638119999618,4,0,1,1,1,3,0,2,2,3,False,True,True,True,True,3916,7936,125528,
Oracle,tiny_01248,plain,oracle,SAT,MIN_EXPANDED_SIZE,0,3,REFERENCE_EXHAUSTIVE,0.21402695400001903,3,1,2,2,1,,,,,,,,,,,,,46448,
ATLAS-B,tiny_01248,plain,atlas-b,SAT,MIN_EXPANDED_SIZE,0,3,PASSED,0.6647380150002391,3,1,2,2,1,3,1,0,0,3,False,True,True,True,True,2356,6127,92660,
MacroATLAS,tiny_01248,plain,macro,SAT,MIN_EXPANDED_SIZE,0,3,PASSED,0.7148570130002554,3,1,2,2,1,3,1,0,0,3,False,True,True,True,True,2616,5312,99112,
Oracle,tiny_01249,nnf,oracle,SAT,MIN_EXPANDED_SIZE,0,3,REFERENCE_EXHAUSTIVE,0.21433141099987552,3,1,2,2,1,,,,,,,,,,,,,46608,
ATLAS-B,tiny_01249,nnf,atlas-b,SAT,MIN_EXPANDED_SIZE,0,3,PASSED,0.7149455750000016,3,1,2,2,1,3,1,0,0,3,False,True,True,True,True,3457,9467,94392,
MacroATLAS,tiny_01249,nnf,macro,SAT,MIN_EXPANDED_SIZE,0,3,PASSED,0.9152594619999945,3,1,2,2,1,3,1,0,0,3,False,True,True,True,True,4466,10083,122976,
Oracle,tiny_01250,cnf,oracle,SAT,MIN_EXPANDED_SIZE,0,1,REFERENCE_EXHAUSTIVE,0.21408040400001482,2,0,1,1,1,,,,,,,,,,,,,44624,
ATLAS-B,tiny_01250,cnf,atlas-b,SAT,MIN_EXPANDED_SIZE,0,1,PASSED,0.6646863240002858,2,0,1,1,1,1,0,0,0,1,False,True,True,True,True,886,1974,89664,
MacroATLAS,tiny_01250,cnf,macro,SAT,MIN_EXPANDED_SIZE,0,1,PASSED,0.7648437069997271,2,0,1,1,1,1,0,0,0,1,False,True,True,True,True,888,1673,107656,
Oracle,tiny_01251,dnf,oracle,SAT,MIN_EXPANDED_SIZE,0,1,REFERENCE_EXHAUSTIVE,0.21414765700001226,2,0,1,1,1,,,,,,,,,,,,,44732,
ATLAS-B,tiny_01251,dnf,atlas-b,SAT,MIN_EXPANDED_SIZE,0,1,PASSED,0.6647405650001019,2,0,1,1,1,1,0,0,0,1,False,True,True,True,True,1904,5034,100248,
MacroATLAS,tiny_01251,dnf,macro,SAT,MIN_EXPANDED_SIZE,0,1,PASSED,0.7648867689999861,2,0,1,1,1,1,0,0,0,1,False,True,True,True,True,888,1673,101380,
Oracle,tiny_01252,required,oracle,SAT,MIN_EXPANDED_SIZE,0,3,REFERENCE_EXHAUSTIVE,0.21412886600001002,3,1,2,2,1,,,,,,,,,,,,,46976,
ATLAS-B,tiny_01252,required,atlas-b,SAT,MIN_EXPANDED_SIZE,0,3,PASSED,0.8650911330000781,3,1,2,2,1,3,1,0,0,3,False,True,True,True,True,12708,40540,117412,
MacroATLAS,tiny_01252,required,macro,SAT,MIN_EXPANDED_SIZE,0,3,PASSED,0.8650891040001625,3,1,2,2,1,3,1,0,0,3,False,True,True,True,True,3248,6867,110868,
Oracle,tiny_01253,no_dag_reuse,oracle,SAT,MIN_EXPANDED_SIZE,0,3,REFERENCE_EXHAUSTIVE,0.21431480000001102,3,1,2,2,1,,,,,,,,,,,,,46840,
ATLAS-B,tiny_01253,no_dag_reuse,atlas-b,SAT,MIN_EXPANDED_SIZE,0,3,PASSED,0.9652766979997978,3,1,2,2,1,3,1,0,0,3,False,True,True,True,True,16555,53850,131132,
MacroATLAS,tiny_01253,no_dag_reuse,macro,SAT,MIN_EXPANDED_SIZE,0,3,PASSED,0.7649043989999882,3,1,2,2,1,3,1,0,0,3,False,True,True,True,True,2914,5792,101200,
Oracle,tiny_01254,global_prop,oracle,SAT,MIN_EXPANDED_SIZE,0,2,REFERENCE_EXHAUSTIVE,0.21409264500016434,3,0,1,1,1,,,,,,,,,,,,,45012,
ATLAS-B,tiny_01254,global_prop,atlas-b,SAT,MIN_EXPANDED_SIZE,0,2,PASSED,0.7649651800002175,3,0,1,1,1,2,0,1,1,2,False,True,True,True,True,2982,8081,104096,
MacroATLAS,tiny_01254,global_prop,macro,SAT,MIN_EXPANDED_SIZE,0,2,PASSED,0.8148741529998915,3,0,1,1,1,2,0,1,1,2,False,True,True,True,True,2405,5126,111264,
Oracle,tiny_01255,repair,oracle,UNSAT,REPAIR,0,0,REFERENCE_EXHAUSTIVE,0.21406233400011843,2,0,1,2,1,,,,,,,,,,,,,45224,
ATLAS-B,tiny_01255,repair,atlas-b,UNSAT,REPAIR,0,0,NOT_APPLICABLE_UNSAT,0.8150612069998715,2,0,1,2,1,,,,,,,,,,,3117,8491,116824,
MacroATLAS,tiny_01255,repair,macro,UNSAT,REPAIR,0,0,NOT_APPLICABLE_UNSAT,0.8650955640000575,2,0,1,2,1,,0,,,,,,,,,1191,2066,117052,
Oracle,tiny_01256,plain,oracle,SAT,MIN_EXPANDED_SIZE,0,2,REFERENCE_EXHAUSTIVE,0.21411966599998777,3,0,1,1,1,,,,,,,,,,,,,44908,
ATLAS-B,tiny_01256,plain,atlas-b,SAT,MIN_EXPANDED_SIZE,0,2,PASSED,0.8150918989999809,3,0,1,1,1,2,0,1,1,2,False,True,True,True,True,10070,32382,108584,
MacroATLAS,tiny_01256,plain,macro,SAT,MIN_EXPANDED_SIZE,0,2,PASSED,0.7148516429997471,3,0,1,1,1,2,0,1,1,2,False,True,True,True,True,1847,3477,97132,
Oracle,tiny_01257,nnf,oracle,SAT,MIN_EXPANDED_SIZE,0,2,REFERENCE_EXHAUSTIVE,0.21401207299959424,3,0,1,1,1,,,,,,,,,,,,,44788,
ATLAS-B,tiny_01257,nnf,atlas-b,SAT,MIN_EXPANDED_SIZE,0,2,PASSED,0.7649525609999728,3,0,1,1,1,2,0,1,1,2,False,True,True,True,True,2949,8090,98104,
MacroATLAS,tiny_01257,nnf,macro,SAT,MIN_EXPANDED_SIZE,0,2,PASSED,0.8149095140001918,3,0,1,1,1,2,0,1,1,2,False,True,True,True,True,3334,7276,110316,
Oracle,tiny_01258,cnf,oracle,SAT,MIN_EXPANDED_SIZE,0,2,REFERENCE_EXHAUSTIVE,0.2141204149997975,3,0,1,1,1,,,,,,,,,,,,,44808,
ATLAS-B,tiny_01258,cnf,atlas-b,SAT,MIN_EXPANDED_SIZE,0,2,PASSED,0.7653891009999825,3,0,1,1,1,2,0,1,1,2,False,True,True,True,True,5879,17816,103496,
MacroATLAS,tiny_01258,cnf,macro,SAT,MIN_EXPANDED_SIZE,0,2,PASSED,0.8652288170001157,3,0,1,1,1,2,0,1,1,2,False,True,True,True,True,3025,6690,120080,
Oracle,tiny_01259,dnf,oracle,SAT,MIN_EXPANDED_SIZE,0,2,REFERENCE_EXHAUSTIVE,0.2642630340001233,3,0,1,1,1,,,,,,,,,,,,,44436,
ATLAS-B,tiny_01259,dnf,atlas-b,SAT,MIN_EXPANDED_SIZE,0,2,PASSED,0.7648137959999985,3,0,1,1,1,2,0,1,1,2,False,True,True,True,True,4358,12680,100900,
MacroATLAS,tiny_01259,dnf,macro,SAT,MIN_EXPANDED_SIZE,0,2,PASSED,0.865156984999885,3,0,1,1,1,2,0,1,1,2,False,True,True,True,True,3025,6690,119440,
Oracle,tiny_01260,required,oracle,SAT,MIN_EXPANDED_SIZE,0,2,REFERENCE_EXHAUSTIVE,0.2140469830001166,3,0,1,1,1,,,,,,,,,,,,,44904,
ATLAS-B,tiny_01260,required,atlas-b,SAT,MIN_EXPANDED_SIZE,0,2,PASSED,0.764872037999794,3,0,1,1,1,2,0,1,1,2,False,True,True,True,True,5846,17762,102364,
MacroATLAS,tiny_01260,required,macro,SAT,MIN_EXPANDED_SIZE,0,2,PASSED,0.714724760000081,3,0,1,1,1,2,0,1,1,2,False,True,True,True,True,1847,3477,98824,
Oracle,tiny_01261,no_dag_reuse,oracle,SAT,MIN_EXPANDED_SIZE,0,2,REFERENCE_EXHAUSTIVE,0.1639913570002136,3,0,1,1,1,,,,,,,,,,,,,45412,
ATLAS-B,tiny_01261,no_dag_reuse,atlas-b,SAT,MIN_EXPANDED_SIZE,0,2,PASSED,0.8151481299996703,3,0,1,1,1,2,0,1,1,2,False,True,True,True,True,7766,24288,109784,
MacroATLAS,tiny_01261,no_dag_reuse,macro,SAT,MIN_EXPANDED_SIZE,0,2,PASSED,0.764855697999792,3,0,1,1,1,2,0,1,1,2,False,True,True,True,True,3743,7610,107380,
Oracle,tiny_01262,global_prop,oracle,SAT,MIN_EXPANDED_SIZE,0,3,REFERENCE_EXHAUSTIVE,0.2141329359997144,4,0,1,1,1,,,,,,,,,,,,,46440,
ATLAS-B,tiny_01262,global_prop,atlas-b,SAT,MIN_EXPANDED_SIZE,0,3,PASSED,0.7147959919998357,4,0,1,1,1,3,0,2,2,3,False,True,True,True,True,3334,8889,98536,
MacroATLAS,tiny_01262,global_prop,macro,SAT,MIN_EXPANDED_SIZE,0,3,PASSED,0.8150132470000244,4,0,1,1,1,3,0,2,2,3,False,True,True,True,True,2920,6505,113608,
Oracle,tiny_01263,repair,oracle,SAT,REPAIR,1,2,REFERENCE_EXHAUSTIVE,0.2140522139998211,3,0,1,1,1,,,,,,,,,,,,,45736,
ATLAS-B,tiny_01263,repair,atlas-b,SAT,REPAIR,1,2,PASSED,0.764910688999862,3,0,1,1,1,2,0,1,1,2,False,True,True,True,True,3649,9905,95756,
MacroATLAS,tiny_01263,repair,macro,SAT,REPAIR,1,2,PASSED,0.7149175539998396,3,0,1,1,1,2,0,1,1,2,False,True,True,True,True,2316,4422,97832,
Oracle,tiny_01264,plain,oracle,SAT,MIN_EXPANDED_SIZE,0,2,REFERENCE_EXHAUSTIVE,0.1640215980000903,3,0,1,1,1,,,,,,,,,,,,,44920,
ATLAS-B,tiny_01264,plain,atlas-b,SAT,MIN_EXPANDED_SIZE,0,2,PASSED,0.7648813880000489,3,0,1,1,1,2,0,1,1,2,False,True,True,True,True,4326,12626,100280,
MacroATLAS,tiny_01264,plain,macro,SAT,MIN_EXPANDED_SIZE,0,2,PASSED,0.714693009000257,3,0,1,1,1,2,0,1,1,2,False,True,True,True,True,2681,5042,98280,
Oracle,tiny_01265,nnf,oracle,SAT,MIN_EXPANDED_SIZE,0,2,REFERENCE_EXHAUSTIVE,0.21410347500022908,3,0,1,1,1,,,,,,,,,,,,,45084,
ATLAS-B,tiny_01265,nnf,atlas-b,SAT,MIN_EXPANDED_SIZE,0,2,PASSED,0.764844126999833,3,0,1,1,1,2,0,1,1,2,False,True,True,True,True,5854,17778,102308,
MacroATLAS,tiny_01265,nnf,macro,SAT,MIN_EXPANDED_SIZE,0,2,PASSED,0.915305343,3,0,1,1,1,2,0,1,1,2,False,True,True,True,True,4134,8861,120328,
Oracle,tiny_01266,cnf,oracle,SAT,MIN_EXPANDED_SIZE,0,3,REFERENCE_EXHAUSTIVE,0.21413209599995753,3,1,2,1,2,,,,,,,,,,,,,46748,
ATLAS-B,tiny_01266,cnf,atlas-b,SAT,MIN_EXPANDED_SIZE,0,3,PASSED,0.8149464849998367,3,1,2,1,2,3,1,0,0,3,False,True,True,True,True,12741,40584,110832,
MacroATLAS,tiny_01266,cnf,macro,SAT,MIN_EXPANDED_SIZE,0,3,PASSED,0.9651716150001448,3,1,2,1,2,3,1,0,0,3,False,True,True,True,True,5286,12159,133788,
Oracle,tiny_01267,dnf,oracle,SAT,MIN_EXPANDED_SIZE,0,3,REFERENCE_EXHAUSTIVE,0.2140667339999709,3,1,2,1,2,,,,,,,,,,,,,46620,
ATLAS-B,tiny_01267,dnf,atlas-b,SAT,MIN_EXPANDED_SIZE,0,3,PASSED,0.8151244099999531,3,1,2,1,2,3,1,0,0,3,False,True,True,True,True,12741,40576,108484,
MacroATLAS,tiny_01267,dnf,macro,SAT,MIN_EXPANDED_SIZE,0,3,PASSED,0.915112587999829,3,1,2,1,2,3,1,0,0,3,False,True,True,True,True,5286,12159,131372,
Oracle,tiny_01268,required,oracle,SAT,MIN_EXPANDED_SIZE,0,2,REFERENCE_EXHAUSTIVE,0.2141114349997224,3,0,1,1,1,,,,,,,,,,,,,44736,
ATLAS-B,tiny_01268,required,atlas-b,SAT,MIN_EXPANDED_SIZE,0,2,PASSED,0.8150697470000523,3,0,1,1,1,2,0,1,1,2,False,True,True,True,True,7735,24244,103000,
MacroATLAS,tiny_01268,required,macro,SAT,MIN_EXPANDED_SIZE,0,2,PASSED,0.7650175719995786,3,0,1,1,1,2,0,1,1,2,False,True,True,True,True,2518,4671,104776,
Oracle,tiny_01269,no_dag_reuse,oracle,SAT,MIN_EXPANDED_SIZE,0,2,REFERENCE_EXHAUSTIVE,0.21441748300003383,3,0,1,1,1,,,,,,,,,,,,,44820,
ATLAS-B,tiny_01269,no_dag_reuse,atlas-b,SAT,MIN_EXPANDED_SIZE,0,2,PASSED,0.7648884089999228,3,0,1,1,1,2,0,1,1,2,False,True,True,True,True,5881,17812,102328,
MacroATLAS,tiny_01269,no_dag_reuse,macro,SAT,MIN_EXPANDED_SIZE,0,2,PASSED,0.8151640599999155,3,0,1,1,1,2,0,1,1,2,False,True,True,True,True,5116,10376,108108,
Oracle,tiny_01270,global_prop,oracle,SAT,MIN_EXPANDED_SIZE,0,4,REFERENCE_EXHAUSTIVE,0.3142473890002293,4,1,2,1,2,,,,,,,,,,,,,72412,
ATLAS-B,tiny_01270,global_prop,atlas-b,SAT,MIN_EXPANDED_SIZE,0,4,PASSED,0.9151525100000981,4,1,2,1,2,4,1,1,1,4,False,True,True,True,True,17330,55210,129868,
MacroATLAS,tiny_01270,global_prop,macro,SAT,MIN_EXPANDED_SIZE,0,4,PASSED,1.015496598000027,4,1,2,1,2,4,1,1,1,4,False,True,True,True,True,6887,16121,131496,
Oracle,tiny_01271,repair,oracle,SAT,REPAIR,0,3,REFERENCE_EXHAUSTIVE,0.21408677399995213,4,0,1,1,1,,,,,,,,,,,,,47080,
ATLAS-B,tiny_01271,repair,atlas-b,SAT,REPAIR,0,3,PASSED,1.0152481330001137,4,0,1,1,1,3,0,2,2,3,False,True,True,True,True,3941,10196,125088,
MacroATLAS,tiny_01271,repair,macro,SAT,REPAIR,0,3,PASSED,1.0152217210002163,4,0,1,1,1,3,0,2,2,3,False,True,True,True,True,3916,7936,128376,
Oracle,tiny_01272,plain,oracle,SAT,MIN_EXPANDED_SIZE,0,3,REFERENCE_EXHAUSTIVE,0.21425045900014084,4,0,1,1,1,,,,,,,,,,,,,46040,
ATLAS-B,tiny_01272,plain,atlas-b,SAT,MIN_EXPANDED_SIZE,0,3,PASSED,0.814908564000234,4,0,1,1,1,3,0,2,2,3,False,True,True,True,True,8265,25385,106480,
MacroATLAS,tiny_01272,plain,macro,SAT,MIN_EXPANDED_SIZE,0,3,PASSED,0.9150383270002749,4,0,1,1,1,3,0,2,2,3,False,True,True,True,True,5494,10857,125176,
Oracle,tiny_01273,nnf,oracle,SAT,MIN_EXPANDED_SIZE,0,3,REFERENCE_EXHAUSTIVE,0.21408129500014184,4,0,1,1,1,,,,,,,,,,,,,46764,
ATLAS-B,tiny_01273,nnf,atlas-b,SAT,MIN_EXPANDED_SIZE,0,3,PASSED,0.8651128740002605,4,0,1,1,1,3,0,2,2,3,False,True,True,True,True,13686,44078,112604,
MacroATLAS,tiny_01273,nnf,macro,SAT,MIN_EXPANDED_SIZE,0,3,PASSED,1.2155164380001224,4,0,1,1,1,3,0,2,2,3,False,True,True,True,True,12732,31501,141964,
Oracle,tiny_01274,cnf,oracle,SAT,MIN_EXPANDED_SIZE,0,3,REFERENCE_EXHAUSTIVE,0.21403991400029554,3,1,2,2,1,,,,,,,,,,,,,46816,
ATLAS-B,tiny_01274,cnf,atlas-b,SAT,MIN_EXPANDED_SIZE,0,3,PASSED,0.9151882910000495,3,1,2,2,1,3,1,0,0,3,False,True,True,True,True,16539,53821,128564,
MacroATLAS,tiny_01274,cnf,macro,SAT,MIN_EXPANDED_SIZE,0,3,PASSED,0.9151942710000185,3,1,2,2,1,3,1,0,0,3,False,True,True,True,True,5286,12159,135476,
Oracle,tiny_01275,dnf,oracle,SAT,MIN_EXPANDED_SIZE,0,3,REFERENCE_EXHAUSTIVE,0.21409872499998528,3,1,2,2,1,,,,,,,,,,,,,46736,
ATLAS-B,tiny_01275,dnf,atlas-b,SAT,MIN_EXPANDED_SIZE,0,3,PASSED,0.9153345439999612,3,1,2,2,1,3,1,0,0,3,False,True,True,True,True,12742,40583,117508,
MacroATLAS,tiny_01275,dnf,macro,SAT,MIN_EXPANDED_SIZE,0,3,PASSED,1.0152981539999928,3,1,2,2,1,3,1,0,0,3,False,True,True,True,True,5286,12159,134088,
Oracle,tiny_01276,required,oracle,SAT,MIN_EXPANDED_SIZE,0,3,REFERENCE_EXHAUSTIVE,0.2142019769999024,4,0,1,1,1,,,,,,,,,,,,,46432,
ATLAS-B,tiny_01276,required,atlas-b,SAT,MIN_EXPANDED_SIZE,0,3,PASSED,0.8649866709997696,4,0,1,1,1,3,0,2,2,3,False,True,True,True,True,13677,44056,112396,
MacroATLAS,tiny_01276,required,macro,SAT,MIN_EXPANDED_SIZE,0,3,PASSED,0.9651746549998279,4,0,1,1,1,3,0,2,2,3,False,True,True,True,True,6925,14696,133608,
Oracle,tiny_01277,no_dag_reuse,oracle,SAT,MIN_EXPANDED_SIZE,0,3,REFERENCE_EXHAUSTIVE,0.2140768350000144,4,0,1,1,1,,,,,,,,,,,,,46212,
ATLAS-B,tiny_01277,no_dag_reuse,atlas-b,SAT,MIN_EXPANDED_SIZE,0,3,PASSED,0.8651551650000329,4,0,1,1,1,3,0,2,2,3,False,True,True,True,True,10760,33841,114692,
MacroATLAS,tiny_01277,no_dag_reuse,macro,SAT,MIN_EXPANDED_SIZE,0,3,PASSED,0.9150976190003348,4,0,1,1,1,3,0,2,2,3,False,True,True,True,True,5819,11982,129988,
Oracle,tiny_01278,global_prop,oracle,SAT,MIN_EXPANDED_SIZE,0,4,REFERENCE_EXHAUSTIVE,0.3142193779999616,4,1,2,2,1,,,,,,,,,,,,,76296,
ATLAS-B,tiny_01278,global_prop,atlas-b,SAT,MIN_EXPANDED_SIZE,0,4,PASSED,0.9654815730000337,4,1,2,2,1,4,1,1,1,4,False,True,True,True,True,17330,55221,128012,
MacroATLAS,tiny_01278,global_prop,macro,SAT,MIN_EXPANDED_SIZE,0,4,PASSED,0.9651773249997859,4,1,2,2,1,4,1,1,1,4,False,True,True,True,True,6887,16121,131372,
Oracle,tiny_01279,repair,oracle,UNSAT,REPAIR,0,0,REFERENCE_EXHAUSTIVE,0.21414988600008655,2,0,1,2,1,,,,,,,,,,,,,45556,
ATLAS-B,tiny_01279,repair,atlas-b,UNSAT,REPAIR,0,0,NOT_APPLICABLE_UNSAT,1.0652578070003074,2,0,1,2,1,,,,,,,,,,,12164,39587,131316,
MacroATLAS,tiny_01279,repair,macro,UNSAT,REPAIR,0,0,NOT_APPLICABLE_UNSAT,0.9150460470000326,2,0,1,2,1,,0,,,,,,,,,1378,2362,120324,
Oracle,tiny_01280,plain,oracle,UNSAT,MIN_EXPANDED_SIZE,0,0,REFERENCE_EXHAUSTIVE,0.2140957349997734,2,0,1,2,1,,,,,,,,,,,,,44336,
ATLAS-B,tiny_01280,plain,atlas-b,UNSAT,MIN_EXPANDED_SIZE,0,0,NOT_APPLICABLE_UNSAT,0.7150804479997532,2,0,1,2,1,,,,,,,,,,,8113,25610,96956,
MacroATLAS,tiny_01280,plain,macro,UNSAT,MIN_EXPANDED_SIZE,0,0,NOT_APPLICABLE_UNSAT,0.6145917559997542,2,0,1,2,1,,0,,,,,,,,,1211,2265,85156,
Oracle,tiny_01281,nnf,oracle,UNSAT,MIN_EXPANDED_SIZE,0,0,REFERENCE_EXHAUSTIVE,0.21404286400002093,2,0,1,2,1,,,,,,,,,,,,,44884,
ATLAS-B,tiny_01281,nnf,atlas-b,UNSAT,MIN_EXPANDED_SIZE,0,0,NOT_APPLICABLE_UNSAT,0.7149214539999775,2,0,1,2,1,,,,,,,,,,,4236,12349,99156,
MacroATLAS,tiny_01281,nnf,macro,UNSAT,MIN_EXPANDED_SIZE,0,0,NOT_APPLICABLE_UNSAT,0.7648774590002176,2,0,1,2,1,,0,,,,,,,,,2281,4807,106836,
Oracle,tiny_01282,cnf,oracle,UNSAT,MIN_EXPANDED_SIZE,0,0,REFERENCE_EXHAUSTIVE,0.16399219699997047,2,0,1,2,1,,,,,,,,,,,,,44944,
ATLAS-B,tiny_01282,cnf,atlas-b,UNSAT,MIN_EXPANDED_SIZE,0,0,NOT_APPLICABLE_UNSAT,0.7150457669999923,2,0,1,2,1,,,,,,,,,,,4250,12367,100924,
MacroATLAS,tiny_01282,cnf,macro,UNSAT,MIN_EXPANDED_SIZE,0,0,NOT_APPLICABLE_UNSAT,0.8150181480000356,2,0,1,2,1,,0,,,,,,,,,3022,6688,106976,
Oracle,tiny_01283,dnf,oracle,UNSAT,MIN_EXPANDED_SIZE,0,0,REFERENCE_EXHAUSTIVE,0.21398964199988768,2,0,1,2,1,,,,,,,,,,,,,44612,
ATLAS-B,tiny_01283,dnf,atlas-b,UNSAT,MIN_EXPANDED_SIZE,0,0,NOT_APPLICABLE_UNSAT,0.7148584829997162,2,0,1,2,1,,,,,,,,,,,4252,12376,102228,
MacroATLAS,tiny_01283,dnf,macro,UNSAT,MIN_EXPANDED_SIZE,0,0,NOT_APPLICABLE_UNSAT,0.9151069489998918,2,0,1,2,1,,0,,,,,,,,,3022,6688,119780,
Oracle,tiny_01284,required,oracle,UNSAT,MIN_EXPANDED_SIZE,0,0,REFERENCE_EXHAUSTIVE,0.16401368800006821,2,0,1,2,1,,,,,,,,,,,,,45040,
ATLAS-B,tiny_01284,required,atlas-b,UNSAT,MIN_EXPANDED_SIZE,0,0,NOT_APPLICABLE_UNSAT,0.7649995110000418,2,0,1,2,1,,,,,,,,,,,8110,25599,102864,
MacroATLAS,tiny_01284,required,macro,UNSAT,MIN_EXPANDED_SIZE,0,0,NOT_APPLICABLE_UNSAT,0.6659486040002776,2,0,1,2,1,,0,,,,,,,,,1398,2561,91864,
Oracle,tiny_01285,no_dag_reuse,oracle,UNSAT,MIN_EXPANDED_SIZE,0,0,REFERENCE_EXHAUSTIVE,0.16394908700021915,2,0,1,2,1,,,,,,,,,,,,,44176,
ATLAS-B,tiny_01285,no_dag_reuse,atlas-b,UNSAT,MIN_EXPANDED_SIZE,0,0,NOT_APPLICABLE_UNSAT,0.7191558889999214,2,0,1,2,1,,,,,,,,,,,4249,12367,99744,
MacroATLAS,tiny_01285,no_dag_reuse,macro,UNSAT,MIN_EXPANDED_SIZE,0,0,NOT_APPLICABLE_UNSAT,0.6147862720004014,2,0,1,2,1,,0,,,,,,,,,1321,2432,86700,
Oracle,tiny_01286,global_prop,oracle,UNSAT,MIN_EXPANDED_SIZE,0,0,REFERENCE_EXHAUSTIVE,0.21405244400011725,2,0,1,2,1,,,,,,,,,,,,,44416,
ATLAS-B,tiny_01286,global_prop,atlas-b,UNSAT,MIN_EXPANDED_SIZE,0,0,NOT_APPLICABLE_UNSAT,0.8148631730000488,2,0,1,2,1,,,,,,,,,,,10901,35295,108108,
MacroATLAS,tiny_01286,global_prop,macro,UNSAT,MIN_EXPANDED_SIZE,0,0,NOT_APPLICABLE_UNSAT,0.819205158999921,2,0,1,2,1,,0,,,,,,,,,2402,5124,109608,
Oracle,tiny_01287,repair,oracle,SAT,REPAIR,1,2,REFERENCE_EXHAUSTIVE,0.21414528600007543,3,0,1,1,1,,,,,,,,,,,,,45756,
ATLAS-B,tiny_01287,repair,atlas-b,SAT,REPAIR,1,2,PASSED,0.8651120140002604,3,0,1,1,1,2,0,1,1,2,False,True,True,True,True,11569,37001,114560,
MacroATLAS,tiny_01287,repair,macro,SAT,REPAIR,1,2,PASSED,0.7149462060001497,3,0,1,1,1,2,0,1,1,2,False,True,True,True,True,2316,4422,94868,
Oracle,tiny_01288,plain,oracle,SAT,MIN_EXPANDED_SIZE,0,1,REFERENCE_EXHAUSTIVE,0.2140413649999573,2,0,1,1,1,,,,,,,,,,,,,44496,
ATLAS-B,tiny_01288,plain,atlas-b,SAT,MIN_EXPANDED_SIZE,0,1,PASSED,0.7649924510001256,2,0,1,1,1,1,0,0,0,1,False,True,True,True,True,2938,8466,100380,
MacroATLAS,tiny_01288,plain,macro,SAT,MIN_EXPANDED_SIZE,0,1,PASSED,0.6148160809998444,2,0,1,1,1,1,0,0,0,1,False,True,True,True,True,320,523,86068,
Oracle,tiny_01289,nnf,oracle,SAT,MIN_EXPANDED_SIZE,0,1,REFERENCE_EXHAUSTIVE,0.1641290810002829,2,0,1,1,1,,,,,,,,,,,,,44644,
ATLAS-B,tiny_01289,nnf,atlas-b,SAT,MIN_EXPANDED_SIZE,0,1,PASSED,0.6648758880000969,2,0,1,1,1,1,0,0,0,1,False,True,True,True,True,1887,5014,91128,
MacroATLAS,tiny_01289,nnf,macro,SAT,MIN_EXPANDED_SIZE,0,1,PASSED,0.664834067999891,2,0,1,1,1,1,0,0,0,1,False,True,True,True,True,667,1204,94740,
Oracle,tiny_01290,cnf,oracle,SAT,MIN_EXPANDED_SIZE,0,1,REFERENCE_EXHAUSTIVE,0.2140447939996193,2,0,1,1,1,,,,,,,,,,,,,44708,
ATLAS-B,tiny_01290,cnf,atlas-b,SAT,MIN_EXPANDED_SIZE,0,1,PASSED,0.7649199500001487,2,0,1,1,1,1,0,0,0,1,False,True,True,True,True,2960,8500,100980,
MacroATLAS,tiny_01290,cnf,macro,SAT,MIN_EXPANDED_SIZE,0,1,PASSED,0.7149456849997478,2,0,1,1,1,1,0,0,0,1,False,True,True,True,True,888,1673,99256,
Oracle,tiny_01291,dnf,oracle,SAT,MIN_EXPANDED_SIZE,0,1,REFERENCE_EXHAUSTIVE,0.21421724799984077,2,0,1,1,1,,,,,,,,,,,,,45088,
ATLAS-B,tiny_01291,dnf,atlas-b,SAT,MIN_EXPANDED_SIZE,0,1,PASSED,0.7649679000001015,2,0,1,1,1,1,0,0,0,1,False,True,True,True,True,2959,8502,101168,
MacroATLAS,tiny_01291,dnf,macro,SAT,MIN_EXPANDED_SIZE,0,1,PASSED,0.7650519329999952,2,0,1,1,1,1,0,0,0,1,False,True,True,True,True,888,1673,107148,
Oracle,tiny_01292,required,oracle,SAT,MIN_EXPANDED_SIZE,0,1,REFERENCE_EXHAUSTIVE,0.21418242700019618,2,0,1,1,1,,,,,,,,,,,,,44548,
ATLAS-B,tiny_01292,required,atlas-b,SAT,MIN_EXPANDED_SIZE,0,1,PASSED,0.7650345219999508,2,0,1,1,1,1,0,0,0,1,False,True,True,True,True,5527,17313,102084,
MacroATLAS,tiny_01292,required,macro,SAT,MIN_EXPANDED_SIZE,0,1,PASSED,0.5646453730000758,2,0,1,1,1,1,0,0,0,1,False,True,True,True,True,320,523,89772,
Oracle,tiny_01293,no_dag_reuse,oracle,SAT,MIN_EXPANDED_SIZE,0,1,REFERENCE_EXHAUSTIVE,0.1639917070001502,2,0,1,1,1,,,,,,,,,,,,,44544,
ATLAS-B,tiny_01293,no_dag_reuse,atlas-b,SAT,MIN_EXPANDED_SIZE,0,1,PASSED,0.7149934359999861,2,0,1,1,1,1,0,0,0,1,False,True,True,True,True,1900,5028,96572,
MacroATLAS,tiny_01293,no_dag_reuse,macro,SAT,MIN_EXPANDED_SIZE,0,1,PASSED,0.6648149169996032,2,0,1,1,1,1,0,0,0,1,False,True,True,True,True,1321,2432,95416,
Oracle,tiny_01294,global_prop,oracle,SAT,MIN_EXPANDED_SIZE,0,2,REFERENCE_EXHAUSTIVE,0.2141658269997606,3,0,1,1,1,,,,,,,,,,,,,45104,
ATLAS-B,tiny_01294,global_prop,atlas-b,SAT,MIN_EXPANDED_SIZE,0,2,PASSED,0.7147539600000528,3,0,1,1,1,2,0,1,1,2,False,True,True,True,True,1483,3451,97940,
MacroATLAS,tiny_01294,global_prop,macro,SAT,MIN_EXPANDED_SIZE,0,2,PASSED,0.8150009959999807,3,0,1,1,1,2,0,1,1,2,False,True,True,True,True,2405,5126,105412,
Oracle,tiny_01295,repair,oracle,SAT,REPAIR,0,3,REFERENCE_EXHAUSTIVE,0.21416190599984475,4,0,1,1,1,,,,,,,,,,,,,46592,
ATLAS-B,tiny_01295,repair,atlas-b,SAT,REPAIR,0,3,PASSED,1.2658149009998851,4,0,1,1,1,3,0,2,2,3,False,True,True,True,True,15515,49503,134760,
MacroATLAS,tiny_01295,repair,macro,SAT,REPAIR,0,3,PASSED,1.0152488919998177,4,0,1,1,1,3,0,2,2,3,False,True,True,True,True,3916,7936,126136,
Oracle,tiny_01296,plain,oracle,SAT,MIN_EXPANDED_SIZE,0,2,REFERENCE_EXHAUSTIVE,0.1640401690001454,3,0,1,1,1,,,,,,,,,,,,,44800,
ATLAS-B,tiny_01296,plain,atlas-b,SAT,MIN_EXPANDED_SIZE,0,2,PASSED,0.8157915950000643,3,0,1,1,1,2,0,1,1,2,False,True,True,True,True,7733,24240,102564,
MacroATLAS,tiny_01296,plain,macro,SAT,MIN_EXPANDED_SIZE,0,2,PASSED,0.6647392700001546,3,0,1,1,1,2,0,1,1,2,False,True,True,True,True,1214,2267,91340,
Oracle,tiny_01297,nnf,oracle,SAT,MIN_EXPANDED_SIZE,0,2,REFERENCE_EXHAUSTIVE,0.16400432799991904,3,0,1,1,1,,,,,,,,,,,,,44708,
ATLAS-B,tiny_01297,nnf,atlas-b,SAT,MIN_EXPANDED_SIZE,0,2,PASSED,0.8151576899999782,3,0,1,1,1,2,0,1,1,2,False,True,True,True,True,7740,24257,106644,
MacroATLAS,tiny_01297,nnf,macro,SAT,MIN_EXPANDED_SIZE,0,2,PASSED,0.8153533849999803,3,0,1,1,1,2,0,1,1,2,False,True,True,True,True,2284,4809,109220,
Oracle,tiny_01298,cnf,oracle,SAT,MIN_EXPANDED_SIZE,0,2,REFERENCE_EXHAUSTIVE,0.2140938250004183,3,0,1,1,1,,,,,,,,,,,,,44944,
ATLAS-B,tiny_01298,cnf,atlas-b,SAT,MIN_EXPANDED_SIZE,0,2,PASSED,0.7649011179996705,3,0,1,1,1,2,0,1,1,2,False,True,True,True,True,5879,17811,107356,
MacroATLAS,tiny_01298,cnf,macro,SAT,MIN_EXPANDED_SIZE,0,2,PASSED,0.8649587310001152,3,0,1,1,1,2,0,1,1,2,False,True,True,True,True,3025,6690,117116,
Oracle,tiny_01299,dnf,oracle,SAT,MIN_EXPANDED_SIZE,0,2,REFERENCE_EXHAUSTIVE,0.21414561600022353,3,0,1,1,1,,,,,,,,,,,,,45840,
ATLAS-B,tiny_01299,dnf,atlas-b,SAT,MIN_EXPANDED_SIZE,0,2,PASSED,0.8150651880000623,3,0,1,1,1,2,0,1,1,2,False,True,True,True,True,10104,32439,110260,
MacroATLAS,tiny_01299,dnf,macro,SAT,MIN_EXPANDED_SIZE,0,2,PASSED,0.9153979559996515,3,0,1,1,1,2,0,1,1,2,False,True,True,True,True,3025,6690,120892,
Oracle,tiny_01300,required,oracle,SAT,MIN_EXPANDED_SIZE,0,2,REFERENCE_EXHAUSTIVE,0.21402135299967995,3,0,1,1,1,,,,,,,,,,,,,45008,
ATLAS-B,tiny_01300,required,atlas-b,SAT,MIN_EXPANDED_SIZE,0,2,PASSED,0.814998075999938,3,0,1,1,1,2,0,1,1,2,False,True,True,True,True,5846,17760,100264,
MacroATLAS,tiny_01300,required,macro,SAT,MIN_EXPANDED_SIZE,0,2,PASSED,0.6649450950003484,3,0,1,1,1,2,0,1,1,2,False,True,True,True,True,1214,2267,90012,
Oracle,tiny_01301,no_dag_reuse,oracle,SAT,MIN_EXPANDED_SIZE,0,2,REFERENCE_EXHAUSTIVE,0.21403877000011562,3,0,1,1,1,,,,,,,,,,,,,45564,
ATLAS-B,tiny_01301,no_dag_reuse,atlas-b,SAT,MIN_EXPANDED_SIZE,0,2,PASSED,0.764807534999818,3,0,1,1,1,2,0,1,1,2,False,True,True,True,True,7765,24287,105460,
MacroATLAS,tiny_01301,no_dag_reuse,macro,SAT,MIN_EXPANDED_SIZE,0,2,PASSED,0.6646614880000925,3,0,1,1,1,2,0,1,1,2,False,True,True,True,True,1420,2690,94140,
Oracle,tiny_01302,global_prop,oracle,SAT,MIN_EXPANDED_SIZE,0,3,REFERENCE_EXHAUSTIVE,0.21408414500001527,4,0,1,1,1,,,,,,,,,,,,,46348,
ATLAS-B,tiny_01302,global_prop,atlas-b,SAT,MIN_EXPANDED_SIZE,0,3,PASSED,0.9151897050001025,4,0,1,1,1,3,0,2,2,3,False,True,True,True,True,13739,44078,115736,
MacroATLAS,tiny_01302,global_prop,macro,SAT,MIN_EXPANDED_SIZE,0,3,PASSED,0.8147881560003043,4,0,1,1,1,3,0,2,2,3,False,True,True,True,True,2920,6505,113616,
Oracle,tiny_01303,repair,oracle,UNSAT,REPAIR,0,0,REFERENCE_EXHAUSTIVE,0.21415814200008754,2,0,1,2,1,,,,,,,,,,,,,45476,
ATLAS-B,tiny_01303,repair,atlas-b,UNSAT,REPAIR,0,0,NOT_APPLICABLE_UNSAT,0.9154609950001031,2,0,1,2,1,,,,,,,,,,,6759,20719,132548,
MacroATLAS,tiny_01303,repair,macro,UNSAT,REPAIR,0,0,NOT_APPLICABLE_UNSAT,0.9157719220002036,2,0,1,2,1,,0,,,,,,,,,1191,2066,116680,
Oracle,tiny_01304,plain,oracle,SAT,MIN_EXPANDED_SIZE,0,3,REFERENCE_EXHAUSTIVE,0.21404978000009578,3,1,2,1,2,,,,,,,,,,,,,46632,
ATLAS-B,tiny_01304,plain,atlas-b,SAT,MIN_EXPANDED_SIZE,0,3,PASSED,0.8149031180000748,3,1,2,1,2,3,1,0,0,3,False,True,True,True,True,12706,40522,107664,
MacroATLAS,tiny_01304,plain,macro,SAT,MIN_EXPANDED_SIZE,0,3,PASSED,0.7648908169999231,3,1,2,1,2,3,1,0,0,3,False,True,True,True,True,2616,5312,100524,
Oracle,tiny_01305,nnf,oracle,SAT,MIN_EXPANDED_SIZE,0,3,REFERENCE_EXHAUSTIVE,0.21404213400001026,3,1,2,1,2,,,,,,,,,,,,,46820,
ATLAS-B,tiny_01305,nnf,atlas-b,SAT,MIN_EXPANDED_SIZE,0,3,PASSED,0.8154027089999545,3,1,2,1,2,3,1,0,0,3,False,True,True,True,True,9630,29926,108412,
MacroATLAS,tiny_01305,nnf,macro,SAT,MIN_EXPANDED_SIZE,0,3,PASSED,0.8650223130002814,3,1,2,1,2,3,1,0,0,3,False,True,True,True,True,4466,10083,120312,
Oracle,tiny_01306,cnf,oracle,SAT,MIN_EXPANDED_SIZE,0,3,REFERENCE_EXHAUSTIVE,0.21412576600005195,3,1,2,1,2,,,,,,,,,,,,,46672,
ATLAS-B,tiny_01306,cnf,atlas-b,SAT,MIN_EXPANDED_SIZE,0,3,PASSED,0.9152501100002155,3,1,2,1,2,3,1,0,0,3,False,True,True,True,True,16539,53822,126316,
MacroATLAS,tiny_01306,cnf,macro,SAT,MIN_EXPANDED_SIZE,0,3,PASSED,0.9653664740003478,3,1,2,1,2,3,1,0,0,3,False,True,True,True,True,5286,12159,129836,
Oracle,tiny_01307,dnf,oracle,SAT,MIN_EXPANDED_SIZE,0,3,REFERENCE_EXHAUSTIVE,0.21410691099981705,3,1,2,1,2,,,,,,,,,,,,,46828,
ATLAS-B,tiny_01307,dnf,atlas-b,SAT,MIN_EXPANDED_SIZE,0,3,PASSED,0.8149589200002083,3,1,2,1,2,3,1,0,0,3,False,True,True,True,True,7153,21496,106508,
MacroATLAS,tiny_01307,dnf,macro,SAT,MIN_EXPANDED_SIZE,0,3,PASSED,0.9654473250002411,3,1,2,1,2,3,1,0,0,3,False,True,True,True,True,5286,12159,127784,
Oracle,tiny_01308,required,oracle,SAT,MIN_EXPANDED_SIZE,0,3,REFERENCE_EXHAUSTIVE,0.21406793100004506,3,1,2,1,2,,,,,,,,,,,,,46968,
ATLAS-B,tiny_01308,required,atlas-b,SAT,MIN_EXPANDED_SIZE,0,3,PASSED,0.8650204030000168,3,1,2,1,2,3,1,0,0,3,False,True,True,True,True,12708,40537,115512,
MacroATLAS,tiny_01308,required,macro,SAT,MIN_EXPANDED_SIZE,0,3,PASSED,0.7649143469998307,3,1,2,1,2,3,1,0,0,3,False,True,True,True,True,3248,6867,104708,
Oracle,tiny_01309,no_dag_reuse,oracle,SAT,MIN_EXPANDED_SIZE,0,3,REFERENCE_EXHAUSTIVE,0.2141191919999983,3,1,2,1,2,,,,,,,,,,,,,46844,
ATLAS-B,tiny_01309,no_dag_reuse,atlas-b,SAT,MIN_EXPANDED_SIZE,0,3,PASSED,0.8162502589998439,3,1,2,1,2,3,1,0,0,3,False,True,True,True,True,9674,29997,109256,
MacroATLAS,tiny_01309,no_dag_reuse,macro,SAT,MIN_EXPANDED_SIZE,0,3,PASSED,0.7648177350001788,3,1,2,1,2,3,1,0,0,3,False,True,True,True,True,2914,5792,97136,
Oracle,tiny_01310,global_prop,oracle,SAT,MIN_EXPANDED_SIZE,0,4,REFERENCE_EXHAUSTIVE,0.3142755179997039,4,1,2,1,2,,,,,,,,,,,,,74132,
ATLAS-B,tiny_01310,global_prop,atlas-b,SAT,MIN_EXPANDED_SIZE,0,4,PASSED,0.9151351370001066,4,1,2,1,2,4,1,1,1,4,False,True,True,True,True,13325,41463,119864,
MacroATLAS,tiny_01310,global_prop,macro,SAT,MIN_EXPANDED_SIZE,0,4,PASSED,0.9150921260002178,4,1,2,1,2,4,1,1,1,4,False,True,True,True,True,6887,16121,124968,
Oracle,tiny_01311,repair,oracle,SAT,REPAIR,1,2,REFERENCE_EXHAUSTIVE,0.21407161099978111,3,0,1,1,1,,,,,,,,,,,,,45676,
ATLAS-B,tiny_01311,repair,atlas-b,SAT,REPAIR,1,2,PASSED,0.8650723339997057,3,0,1,1,1,2,0,1,1,2,False,True,True,True,True,11569,36997,117292,
MacroATLAS,tiny_01311,repair,macro,SAT,REPAIR,1,2,PASSED,0.7649820589999763,3,0,1,1,1,2,0,1,1,2,False,True,True,True,True,2316,4422,99384,
Oracle,tiny_01312,plain,oracle,SAT,MIN_EXPANDED_SIZE,0,3,REFERENCE_EXHAUSTIVE,0.21425053400025718,3,1,2,2,1,,,,,,,,,,,,,47328,
ATLAS-B,tiny_01312,plain,atlas-b,SAT,MIN_EXPANDED_SIZE,0,3,PASSED,0.814949400000387,3,1,2,2,1,3,1,0,0,3,False,True,True,True,True,9624,29915,104680,
MacroATLAS,tiny_01312,plain,macro,SAT,MIN_EXPANDED_SIZE,0,3,PASSED,0.7649399179999818,3,1,2,2,1,3,1,0,0,3,False,True,True,True,True,2616,5312,100788,
Oracle,tiny_01313,nnf,oracle,SAT,MIN_EXPANDED_SIZE,0,3,REFERENCE_EXHAUSTIVE,0.21412411200026327,3,1,2,2,1,,,,,,,,,,,,,46780,
ATLAS-B,tiny_01313,nnf,atlas-b,SAT,MIN_EXPANDED_SIZE,0,3,PASSED,0.9152387399999498,3,1,2,2,1,3,1,0,0,3,False,True,True,True,True,12715,40551,116684,
MacroATLAS,tiny_01313,nnf,macro,SAT,MIN_EXPANDED_SIZE,0,3,PASSED,0.9151383270000224,3,1,2,2,1,3,1,0,0,3,False,True,True,True,True,4466,10083,120908,
Oracle,tiny_01314,cnf,oracle,SAT,MIN_EXPANDED_SIZE,0,3,REFERENCE_EXHAUSTIVE,0.21411178100015604,3,1,2,2,1,,,,,,,,,,,,,47080,
ATLAS-B,tiny_01314,cnf,atlas-b,SAT,MIN_EXPANDED_SIZE,0,3,PASSED,0.9151722479996351,3,1,2,2,1,3,1,0,0,3,False,True,True,True,True,16539,53825,125292,
MacroATLAS,tiny_01314,cnf,macro,SAT,MIN_EXPANDED_SIZE,0,3,PASSED,0.9651764990003358,3,1,2,2,1,3,1,0,0,3,False,True,True,True,True,5286,12159,132220,
Oracle,tiny_01315,dnf,oracle,SAT,MIN_EXPANDED_SIZE,0,3,REFERENCE_EXHAUSTIVE,0.21401590899995426,3,1,2,2,1,,,,,,,,,,,,,47092,
ATLAS-B,tiny_01315,dnf,atlas-b,SAT,MIN_EXPANDED_SIZE,0,3,PASSED,0.7148768350002683,3,1,2,2,1,3,1,0,0,3,False,True,True,True,True,3483,9509,97600,
MacroATLAS,tiny_01315,dnf,macro,SAT,MIN_EXPANDED_SIZE,0,3,PASSED,0.915219388999958,3,1,2,2,1,3,1,0,0,3,False,True,True,True,True,5286,12159,133256,
Oracle,tiny_01316,required,oracle,SAT,MIN_EXPANDED_SIZE,0,3,REFERENCE_EXHAUSTIVE,0.2140100380001968,3,1,2,2,1,,,,,,,,,,,,,47688,
ATLAS-B,tiny_01316,required,atlas-b,SAT,MIN_EXPANDED_SIZE,0,3,PASSED,0.8650423930002944,3,1,2,2,1,3,1,0,0,3,False,True,True,True,True,9623,29928,111052,
MacroATLAS,tiny_01316,required,macro,SAT,MIN_EXPANDED_SIZE,0,3,PASSED,0.7647242829998504,3,1,2,2,1,3,1,0,0,3,False,True,True,True,True,3248,6867,102080,
Oracle,tiny_01317,no_dag_reuse,oracle,SAT,MIN_EXPANDED_SIZE,0,3,REFERENCE_EXHAUSTIVE,0.2142235440001059,3,1,2,2,1,,,,,,,,,,,,,47152,
ATLAS-B,tiny_01317,no_dag_reuse,atlas-b,SAT,MIN_EXPANDED_SIZE,0,3,PASSED,0.9151695579998886,3,1,2,2,1,3,1,0,0,3,False,True,True,True,True,16556,53846,128580,
MacroATLAS,tiny_01317,no_dag_reuse,macro,SAT,MIN_EXPANDED_SIZE,0,3,PASSED,0.7648453459996745,3,1,2,2,1,3,1,0,0,3,False,True,True,True,True,2914,5792,101672,
Oracle,tiny_01318,global_prop,oracle,SAT,MIN_EXPANDED_SIZE,0,4,REFERENCE_EXHAUSTIVE,0.3142416169998796,4,1,2,2,1,,,,,,,,,,,,,73736,
ATLAS-B,tiny_01318,global_prop,atlas-b,SAT,MIN_EXPANDED_SIZE,0,4,PASSED,1.0154121059999852,4,1,2,2,1,4,1,1,1,4,False,True,True,True,True,22170,72022,132036,
MacroATLAS,tiny_01318,global_prop,macro,SAT,MIN_EXPANDED_SIZE,0,4,PASSED,0.9652688820001458,4,1,2,2,1,4,1,1,1,4,False,True,True,True,True,6887,16121,125648,
Oracle,tiny_01319,repair,oracle,SAT,REPAIR,0,3,REFERENCE_EXHAUSTIVE,0.21406773100034115,4,0,1,1,1,,,,,,,,,,,,,47208,
ATLAS-B,tiny_01319,repair,atlas-b,SAT,REPAIR,0,3,PASSED,1.2156252280001354,4,0,1,1,1,3,0,2,2,3,False,True,True,True,True,12241,38128,134284,
MacroATLAS,tiny_01319,repair,macro,SAT,REPAIR,0,3,PASSED,1.1152291049997984,4,0,1,1,1,3,0,2,2,3,False,True,True,True,True,3916,7936,133624,
Oracle,tiny_01320,plain,oracle,SAT,MIN_EXPANDED_SIZE,0,2,REFERENCE_EXHAUSTIVE,0.16405303800002002,3,0,1,1,1,,,,,,,,,,,,,44572,
ATLAS-B,tiny_01320,plain,atlas-b,SAT,MIN_EXPANDED_SIZE,0,2,PASSED,0.8150489409999864,3,0,1,1,1,2,0,1,1,2,False,True,True,True,True,10072,32385,113680,
MacroATLAS,tiny_01320,plain,macro,SAT,MIN_EXPANDED_SIZE,0,2,PASSED,0.7148891649999314,3,0,1,1,1,2,0,1,1,2,False,True,True,True,True,2364,4690,99096,
Oracle,tiny_01321,nnf,oracle,SAT,MIN_EXPANDED_SIZE,0,2,REFERENCE_EXHAUSTIVE,0.214057430000139,3,0,1,1,1,,,,,,,,,,,,,44900,
ATLAS-B,tiny_01321,nnf,atlas-b,SAT,MIN_EXPANDED_SIZE,0,2,PASSED,0.81508727299979,3,0,1,1,1,2,0,1,1,2,False,True,True,True,True,7740,24259,106132,
MacroATLAS,tiny_01321,nnf,macro,SAT,MIN_EXPANDED_SIZE,0,2,PASSED,0.8649700510000002,3,0,1,1,1,2,0,1,1,2,False,True,True,True,True,3654,7904,112540,
Oracle,tiny_01322,cnf,oracle,UNSAT,MIN_EXPANDED_SIZE,0,0,REFERENCE_EXHAUSTIVE,0.16423398200004158,2,0,1,2,1,,,,,,,,,,,,,44716,
ATLAS-B,tiny_01322,cnf,atlas-b,UNSAT,MIN_EXPANDED_SIZE,0,0,NOT_APPLICABLE_UNSAT,0.7141347769997992,2,0,1,2,1,,,,,,,,,,,2668,7176,90292,
MacroATLAS,tiny_01322,cnf,macro,UNSAT,MIN_EXPANDED_SIZE,0,0,NOT_APPLICABLE_UNSAT,0.7650009589997353,2,0,1,2,1,,0,,,,,,,,,3022,6688,113640,
Oracle,tiny_01323,dnf,oracle,UNSAT,MIN_EXPANDED_SIZE,0,0,REFERENCE_EXHAUSTIVE,0.21419391299968993,2,0,1,2,1,,,,,,,,,,,,,44724,
ATLAS-B,tiny_01323,dnf,atlas-b,UNSAT,MIN_EXPANDED_SIZE,0,0,NOT_APPLICABLE_UNSAT,0.6147690190000503,2,0,1,2,1,,,,,,,,,,,1143,2586,87764,
MacroATLAS,tiny_01323,dnf,macro,UNSAT,MIN_EXPANDED_SIZE,0,0,NOT_APPLICABLE_UNSAT,0.8148551670001325,2,0,1,2,1,,0,,,,,,,,,3209,6984,116464,
Oracle,tiny_01324,required,oracle,SAT,MIN_EXPANDED_SIZE,0,2,REFERENCE_EXHAUSTIVE,0.21406219000027704,3,0,1,1,1,,,,,,,,,,,,,45180,
ATLAS-B,tiny_01324,required,atlas-b,SAT,MIN_EXPANDED_SIZE,0,2,PASSED,0.8148959690001902,3,0,1,1,1,2,0,1,1,2,False,True,True,True,True,7733,24245,108316,
MacroATLAS,tiny_01324,required,macro,SAT,MIN_EXPANDED_SIZE,0,2,PASSED,0.7646491909999895,3,0,1,1,1,2,0,1,1,2,False,True,True,True,True,2525,5131,105388,
Oracle,tiny_01325,no_dag_reuse,oracle,SAT,MIN_EXPANDED_SIZE,0,2,REFERENCE_EXHAUSTIVE,0.16405327799975566,3,0,1,1,1,,,,,,,,,,,,,44884,
ATLAS-B,tiny_01325,no_dag_reuse,atlas-b,SAT,MIN_EXPANDED_SIZE,0,2,PASSED,0.7648540460004369,3,0,1,1,1,2,0,1,1,2,False,True,True,True,True,7765,24289,102628,
MacroATLAS,tiny_01325,no_dag_reuse,macro,SAT,MIN_EXPANDED_SIZE,0,2,PASSED,0.7650382689998878,3,0,1,1,1,2,0,1,1,2,False,True,True,True,True,2825,5484,104660,
Oracle,tiny_01326,global_prop,oracle,UNSAT,MIN_EXPANDED_SIZE,0,0,REFERENCE_EXHAUSTIVE,0.21403393999980835,2,0,1,2,1,,,,,,,,,,,,,44876,
ATLAS-B,tiny_01326,global_prop,atlas-b,UNSAT,MIN_EXPANDED_SIZE,0,0,NOT_APPLICABLE_UNSAT,0.7147546020000846,2,0,1,2,1,,,,,,,,,,,4252,12339,96512,
MacroATLAS,tiny_01326,global_prop,macro,UNSAT,MIN_EXPANDED_SIZE,0,0,NOT_APPLICABLE_UNSAT,0.7148666339999181,2,0,1,2,1,,0,,,,,,,,,2604,5442,100472,
Oracle,tiny_01327,repair,oracle,UNSAT,REPAIR,0,0,REFERENCE_EXHAUSTIVE,0.21411341199973322,2,0,1,2,1,,,,,,,,,,,,,45396,
ATLAS-B,tiny_01327,repair,atlas-b,UNSAT,REPAIR,0,0,NOT_APPLICABLE_UNSAT,0.9652277709997179,2,0,1,2,1,,,,,,,,,,,12165,39577,128816,
MacroATLAS,tiny_01327,repair,macro,UNSAT,REPAIR,0,0,NOT_APPLICABLE_UNSAT,0.9152214089999688,2,0,1,2,1,,0,,,,,,,,,1191,2066,116332,
Oracle,tiny_01328,plain,oracle,SAT,MIN_EXPANDED_SIZE,0,2,REFERENCE_EXHAUSTIVE,0.16406133899999986,3,0,1,1,1,,,,,,,,,,,,,44668,
ATLAS-B,tiny_01328,plain,atlas-b,SAT,MIN_EXPANDED_SIZE,0,2,PASSED,0.8149417189997621,3,0,1,1,1,2,0,1,1,2,False,True,True,True,True,5848,17763,100216,
MacroATLAS,tiny_01328,plain,macro,SAT,MIN_EXPANDED_SIZE,0,2,PASSED,0.7149182459997974,3,0,1,1,1,2,0,1,1,2,False,True,True,True,True,2649,5064,98408,
Oracle,tiny_01329,nnf,oracle,SAT,MIN_EXPANDED_SIZE,0,2,REFERENCE_EXHAUSTIVE,0.21407632000000376,3,0,1,1,1,,,,,,,,,,,,,45072,
ATLAS-B,tiny_01329,nnf,atlas-b,SAT,MIN_EXPANDED_SIZE,0,2,PASSED,0.7650729510000929,3,0,1,1,1,2,0,1,1,2,False,True,True,True,True,5856,17781,103148,
MacroATLAS,tiny_01329,nnf,macro,SAT,MIN_EXPANDED_SIZE,0,2,PASSED,0.8150755319998098,3,0,1,1,1,2,0,1,1,2,False,True,True,True,True,4724,10049,113700,
Oracle,tiny_01330,cnf,oracle,SAT,MIN_EXPANDED_SIZE,0,1,REFERENCE_EXHAUSTIVE,0.21408096000004662,2,0,1,1,1,,,,,,,,,,,,,44764,
ATLAS-B,tiny_01330,cnf,atlas-b,SAT,MIN_EXPANDED_SIZE,0,1,PASSED,0.714901275000102,2,0,1,1,1,1,0,0,0,1,False,True,True,True,True,4099,12346,103964,
MacroATLAS,tiny_01330,cnf,macro,SAT,MIN_EXPANDED_SIZE,0,1,PASSED,0.7648826069998904,2,0,1,1,1,1,0,0,0,1,False,True,True,True,True,888,1673,109276,
Oracle,tiny_01331,dnf,oracle,SAT,MIN_EXPANDED_SIZE,0,1,REFERENCE_EXHAUSTIVE,0.21410167100020772,2,0,1,1,1,,,,,,,,,,,,,45024,
ATLAS-B,tiny_01331,dnf,atlas-b,SAT,MIN_EXPANDED_SIZE,0,1,PASSED,0.7650556100002177,2,0,1,1,1,1,0,0,0,1,False,True,True,True,True,4099,12352,101788,
MacroATLAS,tiny_01331,dnf,macro,SAT,MIN_EXPANDED_SIZE,0,1,PASSED,0.7146842710003511,2,0,1,1,1,1,0,0,0,1,False,True,True,True,True,888,1673,100840,
Oracle,tiny_01332,required,oracle,SAT,MIN_EXPANDED_SIZE,0,2,REFERENCE_EXHAUSTIVE,0.214144182000382,3,0,1,1,1,,,,,,,,,,,,,44948,
ATLAS-B,tiny_01332,required,atlas-b,SAT,MIN_EXPANDED_SIZE,0,2,PASSED,0.7649887490001674,3,0,1,1,1,2,0,1,1,2,False,True,True,True,True,10073,32389,103792,
MacroATLAS,tiny_01332,required,macro,SAT,MIN_EXPANDED_SIZE,0,2,PASSED,0.714870035000331,3,0,1,1,1,2,0,1,1,2,False,True,True,True,True,2917,5622,96104,
Oracle,tiny_01333,no_dag_reuse,oracle,SAT,MIN_EXPANDED_SIZE,0,2,REFERENCE_EXHAUSTIVE,0.21410165099996448,3,0,1,1,1,,,,,,,,,,,,,45060,
ATLAS-B,tiny_01333,no_dag_reuse,atlas-b,SAT,MIN_EXPANDED_SIZE,0,2,PASSED,0.9150468550001278,3,0,1,1,1,2,0,1,1,2,False,True,True,True,True,10105,32437,114096,
MacroATLAS,tiny_01333,no_dag_reuse,macro,SAT,MIN_EXPANDED_SIZE,0,2,PASSED,0.8651681960000133,3,0,1,1,1,2,0,1,1,2,False,True,True,True,True,6444,13858,114884,
Oracle,tiny_01334,global_prop,oracle,SAT,MIN_EXPANDED_SIZE,0,2,REFERENCE_EXHAUSTIVE,0.21417333199997302,3,0,1,1,1,,,,,,,,,,,,,45240,
ATLAS-B,tiny_01334,global_prop,atlas-b,SAT,MIN_EXPANDED_SIZE,0,2,PASSED,0.865100973999688,3,0,1,1,1,2,0,1,1,2,False,True,True,True,True,10112,32392,112672,
MacroATLAS,tiny_01334,global_prop,macro,SAT,MIN_EXPANDED_SIZE,0,2,PASSED,0.8151710749998529,3,0,1,1,1,2,0,1,1,2,False,True,True,True,True,2405,5126,108032,
Oracle,tiny_01335,repair,oracle,SAT,REPAIR,1,2,REFERENCE_EXHAUSTIVE,0.21407645099998263,3,0,1,1,1,,,,,,,,,,,,,45424,
ATLAS-B,tiny_01335,repair,atlas-b,SAT,REPAIR,1,2,PASSED,0.7146777699999802,3,0,1,1,1,2,0,1,1,2,False,True,True,True,True,2675,6782,98412,
MacroATLAS,tiny_01335,repair,macro,SAT,REPAIR,1,2,PASSED,0.714865655000267,3,0,1,1,1,2,0,1,1,2,False,True,True,True,True,2316,4422,97248,
Oracle,tiny_01336,plain,oracle,SAT,MIN_EXPANDED_SIZE,0,3,REFERENCE_EXHAUSTIVE,0.21412626199980878,4,0,1,1,1,,,,,,,,,,,,,46080,
ATLAS-B,tiny_01336,plain,atlas-b,SAT,MIN_EXPANDED_SIZE,0,3,PASSED,0.8151134839999941,4,0,1,1,1,3,0,2,2,3,False,True,True,True,True,13678,44055,108300,
MacroATLAS,tiny_01336,plain,macro,SAT,MIN_EXPANDED_SIZE,0,3,PASSED,0.8149454100002913,4,0,1,1,1,3,0,2,2,3,False,True,True,True,True,5170,10105,110584,
Oracle,tiny_01337,nnf,oracle,SAT,MIN_EXPANDED_SIZE,0,3,REFERENCE_EXHAUSTIVE,0.21417595299999448,4,0,1,1,1,,,,,,,,,,,,,46724,
ATLAS-B,tiny_01337,nnf,atlas-b,SAT,MIN_EXPANDED_SIZE,0,3,PASSED,0.8149067290000858,4,0,1,1,1,3,0,2,2,3,False,True,True,True,True,6266,18633,108672,
MacroATLAS,tiny_01337,nnf,macro,SAT,MIN_EXPANDED_SIZE,0,3,PASSED,1.265551177999896,4,0,1,1,1,3,0,2,2,3,False,True,True,True,True,12306,30489,144056,
Oracle,tiny_01338,cnf,oracle,SAT,MIN_EXPANDED_SIZE,0,2,REFERENCE_EXHAUSTIVE,0.21408385100039595,3,0,1,1,1,,,,,,,,,,,,,44792,
ATLAS-B,tiny_01338,cnf,atlas-b,SAT,MIN_EXPANDED_SIZE,0,2,PASSED,0.8149312089999512,3,0,1,1,1,2,0,1,1,2,False,True,True,True,True,10103,32439,107016,
MacroATLAS,tiny_01338,cnf,macro,SAT,MIN_EXPANDED_SIZE,0,2,PASSED,0.8149102289999064,3,0,1,1,1,2,0,1,1,2,False,True,True,True,True,3025,6690,118664,
Oracle,tiny_01339,dnf,oracle,SAT,MIN_EXPANDED_SIZE,0,2,REFERENCE_EXHAUSTIVE,0.21402617900002952,3,0,1,1,1,,,,,,,,,,,,,44912,
ATLAS-B,tiny_01339,dnf,atlas-b,SAT,MIN_EXPANDED_SIZE,0,2,PASSED,0.8150496319999547,3,0,1,1,1,2,0,1,1,2,False,True,True,True,True,7766,24296,110376,
MacroATLAS,tiny_01339,dnf,macro,SAT,MIN_EXPANDED_SIZE,0,2,PASSED,0.8152049160003116,3,0,1,1,1,2,0,1,1,2,False,True,True,True,True,3025,6690,118684,
Oracle,tiny_01340,required,oracle,SAT,MIN_EXPANDED_SIZE,0,3,REFERENCE_EXHAUSTIVE,0.2140954509995936,4,0,1,1,1,,,,,,,,,,,,,46444,
ATLAS-B,tiny_01340,required,atlas-b,SAT,MIN_EXPANDED_SIZE,0,3,PASSED,0.8650860540001304,4,0,1,1,1,3,0,2,2,3,False,True,True,True,True,13677,44054,114488,
MacroATLAS,tiny_01340,required,macro,SAT,MIN_EXPANDED_SIZE,0,3,PASSED,1.0653340870003376,4,0,1,1,1,3,0,2,2,3,False,True,True,True,True,6842,14385,140808,
Oracle,tiny_01341,no_dag_reuse,oracle,SAT,MIN_EXPANDED_SIZE,0,3,REFERENCE_EXHAUSTIVE,0.21399356900019484,4,0,1,1,1,,,,,,,,,,,,,46204,
ATLAS-B,tiny_01341,no_dag_reuse,atlas-b,SAT,MIN_EXPANDED_SIZE,0,3,PASSED,0.9651594890001434,4,0,1,1,1,3,0,2,2,3,False,True,True,True,True,18832,62299,129504,
MacroATLAS,tiny_01341,no_dag_reuse,macro,SAT,MIN_EXPANDED_SIZE,0,3,PASSED,1.0653849870000158,4,0,1,1,1,3,0,2,2,3,False,True,True,True,True,7561,16523,136080,
Oracle,tiny_01342,global_prop,oracle,SAT,MIN_EXPANDED_SIZE,0,3,REFERENCE_EXHAUSTIVE,0.2140042790001644,4,0,1,1,1,,,,,,,,,,,,,46324,
ATLAS-B,tiny_01342,global_prop,atlas-b,SAT,MIN_EXPANDED_SIZE,0,3,PASSED,0.8150507219997962,4,0,1,1,1,3,0,2,2,3,False,True,True,True,True,6319,18629,103852,
MacroATLAS,tiny_01342,global_prop,macro,SAT,MIN_EXPANDED_SIZE,0,3,PASSED,0.8149711209998713,4,0,1,1,1,3,0,2,2,3,False,True,True,True,True,2920,6505,107940,
Oracle,tiny_01343,repair,oracle,SAT,REPAIR,0,3,REFERENCE_EXHAUSTIVE,0.2142558249997819,4,0,1,1,1,,,,,,,,,,,,,46964,
ATLAS-B,tiny_01343,repair,atlas-b,SAT,REPAIR,0,3,PASSED,1.3158698170000207,4,0,1,1,1,3,0,2,2,3,False,True,True,True,True,15515,49498,137288,
MacroATLAS,tiny_01343,repair,macro,SAT,REPAIR,0,3,PASSED,1.0653660670000136,4,0,1,1,1,3,0,2,2,3,False,True,True,True,True,3916,7936,127776,
Oracle,tiny_01344,plain,oracle,UNSAT,MIN_EXPANDED_SIZE,0,0,REFERENCE_EXHAUSTIVE,0.16405396800018934,2,0,1,2,1,,,,,,,,,,,,,44508,
ATLAS-B,tiny_01344,plain,atlas-b,UNSAT,MIN_EXPANDED_SIZE,0,0,NOT_APPLICABLE_UNSAT,0.7149725869999202,2,0,1,2,1,,,,,,,,,,,8112,25602,98108,
MacroATLAS,tiny_01344,plain,macro,UNSAT,MIN_EXPANDED_SIZE,0,0,NOT_APPLICABLE_UNSAT,0.6144931930002713,2,0,1,2,1,,0,,,,,,,,,1398,2561,90804,
Oracle,tiny_01345,nnf,oracle,UNSAT,MIN_EXPANDED_SIZE,0,0,REFERENCE_EXHAUSTIVE,0.21398450800006685,2,0,1,2,1,,,,,,,,,,,,,44548,
ATLAS-B,tiny_01345,nnf,atlas-b,UNSAT,MIN_EXPANDED_SIZE,0,0,NOT_APPLICABLE_UNSAT,0.8148233169999912,2,0,1,2,1,,,,,,,,,,,8117,25611,104088,
MacroATLAS,tiny_01345,nnf,macro,UNSAT,MIN_EXPANDED_SIZE,0,0,NOT_APPLICABLE_UNSAT,0.7146561389999988,2,0,1,2,1,,0,,,,,,,,,2468,5103,101820,
Oracle,tiny_01346,cnf,oracle,SAT,MIN_EXPANDED_SIZE,0,3,REFERENCE_EXHAUSTIVE,0.214118881000104,3,1,2,1,2,,,,,,,,,,,,,47164,
ATLAS-B,tiny_01346,cnf,atlas-b,SAT,MIN_EXPANDED_SIZE,0,3,PASSED,0.8150356409996675,3,1,2,1,2,3,1,0,0,3,False,True,True,True,True,7155,21508,101388,
MacroATLAS,tiny_01346,cnf,macro,SAT,MIN_EXPANDED_SIZE,0,3,PASSED,0.8651972870002282,3,1,2,1,2,3,1,0,0,3,False,True,True,True,True,5286,12159,131384,
Oracle,tiny_01347,dnf,oracle,SAT,MIN_EXPANDED_SIZE,0,3,REFERENCE_EXHAUSTIVE,0.21409387099993182,3,1,2,1,2,,,,,,,,,,,,,46888,
ATLAS-B,tiny_01347,dnf,atlas-b,SAT,MIN_EXPANDED_SIZE,0,3,PASSED,0.9651601189998473,3,1,2,1,2,3,1,0,0,3,False,True,True,True,True,16540,53820,132212,
MacroATLAS,tiny_01347,dnf,macro,SAT,MIN_EXPANDED_SIZE,0,3,PASSED,0.9160421179999503,3,1,2,1,2,3,1,0,0,3,False,True,True,True,True,5286,12159,125272,
Oracle,tiny_01348,required,oracle,UNSAT,MIN_EXPANDED_SIZE,0,0,REFERENCE_EXHAUSTIVE,0.21425168499990832,2,0,1,2,1,,,,,,,,,,,,,44776,
ATLAS-B,tiny_01348,required,atlas-b,UNSAT,MIN_EXPANDED_SIZE,0,0,NOT_APPLICABLE_UNSAT,0.714793003000068,2,0,1,2,1,,,,,,,,,,,5941,18118,94596,
MacroATLAS,tiny_01348,required,macro,UNSAT,MIN_EXPANDED_SIZE,0,0,NOT_APPLICABLE_UNSAT,0.6146286160001182,2,0,1,2,1,,0,,,,,,,,,1211,2265,85944,
Oracle,tiny_01349,no_dag_reuse,oracle,UNSAT,MIN_EXPANDED_SIZE,0,0,REFERENCE_EXHAUSTIVE,0.21401182900035565,2,0,1,2,1,,,,,,,,,,,,,44280,
ATLAS-B,tiny_01349,no_dag_reuse,atlas-b,UNSAT,MIN_EXPANDED_SIZE,0,0,NOT_APPLICABLE_UNSAT,0.7147951930001,2,0,1,2,1,,,,,,,,,,,5958,18137,98388,
MacroATLAS,tiny_01349,no_dag_reuse,macro,UNSAT,MIN_EXPANDED_SIZE,0,0,NOT_APPLICABLE_UNSAT,0.664784230999885,2,0,1,2,1,,0,,,,,,,,,1508,2728,92348,
Oracle,tiny_01350,global_prop,oracle,SAT,MIN_EXPANDED_SIZE,0,4,REFERENCE_EXHAUSTIVE,0.31417834600006245,4,1,2,1,2,,,,,,,,,,,,,73820,
ATLAS-B,tiny_01350,global_prop,atlas-b,SAT,MIN_EXPANDED_SIZE,0,4,PASSED,0.8650229729996681,4,1,2,1,2,4,1,1,1,4,False,True,True,True,True,13322,41453,108604,
MacroATLAS,tiny_01350,global_prop,macro,SAT,MIN_EXPANDED_SIZE,0,4,PASSED,1.0153168140000162,4,1,2,1,2,4,1,1,1,4,False,True,True,True,True,6887,16121,134388,
Oracle,tiny_01351,repair,oracle,UNSAT,REPAIR,0,0,REFERENCE_EXHAUSTIVE,0.21404714000027525,2,0,1,2,1,,,,,,,,,,,,,45056,
ATLAS-B,tiny_01351,repair,atlas-b,UNSAT,REPAIR,0,0,NOT_APPLICABLE_UNSAT,0.915083285000037,2,0,1,2,1,,,,,,,,,,,4859,14265,121148,
MacroATLAS,tiny_01351,repair,macro,UNSAT,REPAIR,0,0,NOT_APPLICABLE_UNSAT,0.9150941769999008,2,0,1,2,1,,0,,,,,,,,,1378,2362,118448,
Oracle,tiny_01352,plain,oracle,SAT,MIN_EXPANDED_SIZE,0,1,REFERENCE_EXHAUSTIVE,0.1640274269998372,2,0,1,1,1,,,,,,,,,,,,,45028,
ATLAS-B,tiny_01352,plain,atlas-b,SAT,MIN_EXPANDED_SIZE,0,1,PASSED,0.7148537539997051,2,0,1,1,1,1,0,0,0,1,False,True,True,True,True,2939,8468,94368,
MacroATLAS,tiny_01352,plain,macro,SAT,MIN_EXPANDED_SIZE,0,1,PASSED,0.614830620000248,2,0,1,1,1,1,0,0,0,1,False,True,True,True,True,320,523,84260,
Oracle,tiny_01353,nnf,oracle,SAT,MIN_EXPANDED_SIZE,0,1,REFERENCE_EXHAUSTIVE,0.21392989700007092,2,0,1,1,1,,,,,,,,,,,,,44492,
ATLAS-B,tiny_01353,nnf,atlas-b,SAT,MIN_EXPANDED_SIZE,0,1,PASSED,0.6649223950003034,2,0,1,1,1,1,0,0,0,1,False,True,True,True,True,573,1185,93356,
MacroATLAS,tiny_01353,nnf,macro,SAT,MIN_EXPANDED_SIZE,0,1,PASSED,0.7149910869998166,2,0,1,1,1,1,0,0,0,1,False,True,True,True,True,667,1204,103452,
Oracle,tiny_01354,cnf,oracle,SAT,MIN_EXPANDED_SIZE,0,3,REFERENCE_EXHAUSTIVE,0.21407593000003544,3,1,2,2,1,,,,,,,,,,,,,46928,
ATLAS-B,tiny_01354,cnf,atlas-b,SAT,MIN_EXPANDED_SIZE,0,3,PASSED,0.7650377899999512,3,1,2,2,1,3,1,0,0,3,False,True,True,True,True,4898,14031,97152,
MacroATLAS,tiny_01354,cnf,macro,SAT,MIN_EXPANDED_SIZE,0,3,PASSED,0.915292781000062,3,1,2,2,1,3,1,0,0,3,False,True,True,True,True,5286,12159,126080,
Oracle,tiny_01355,dnf,oracle,SAT,MIN_EXPANDED_SIZE,0,3,REFERENCE_EXHAUSTIVE,0.2140757800002575,3,1,2,2,1,,,,,,,,,,,,,46732,
ATLAS-B,tiny_01355,dnf,atlas-b,SAT,MIN_EXPANDED_SIZE,0,3,PASSED,0.9653352529999211,3,1,2,2,1,3,1,0,0,3,False,True,True,True,True,16539,53825,131484,
MacroATLAS,tiny_01355,dnf,macro,SAT,MIN_EXPANDED_SIZE,0,3,PASSED,1.0150926500000423,3,1,2,2,1,3,1,0,0,3,False,True,True,True,True,5286,12159,133516,
Oracle,tiny_01356,required,oracle,SAT,MIN_EXPANDED_SIZE,0,1,REFERENCE_EXHAUSTIVE,0.21408060000021578,2,0,1,1,1,,,,,,,,,,,,,44584,
ATLAS-B,tiny_01356,required,atlas-b,SAT,MIN_EXPANDED_SIZE,0,1,PASSED,0.765452089000064,2,0,1,1,1,1,0,0,0,1,False,True,True,True,True,5527,17315,106096,
MacroATLAS,tiny_01356,required,macro,SAT,MIN_EXPANDED_SIZE,0,1,PASSED,0.6152187190000404,2,0,1,1,1,1,0,0,0,1,False,True,True,True,True,320,523,87928,
Oracle,tiny_01357,no_dag_reuse,oracle,SAT,MIN_EXPANDED_SIZE,0,1,REFERENCE_EXHAUSTIVE,0.16403731800028254,2,0,1,1,1,,,,,,,,,,,,,44672,
ATLAS-B,tiny_01357,no_dag_reuse,atlas-b,SAT,MIN_EXPANDED_SIZE,0,1,PASSED,0.7650354699999298,2,0,1,1,1,1,0,0,0,1,False,True,True,True,True,7389,23795,101088,
MacroATLAS,tiny_01357,no_dag_reuse,macro,SAT,MIN_EXPANDED_SIZE,0,1,PASSED,0.6648423930000718,2,0,1,1,1,1,0,0,0,1,False,True,True,True,True,1321,2432,94844,
Oracle,tiny_01358,global_prop,oracle,SAT,MIN_EXPANDED_SIZE,0,4,REFERENCE_EXHAUSTIVE,0.31419637699991654,4,1,2,2,1,,,,,,,,,,,,,73620,
ATLAS-B,tiny_01358,global_prop,atlas-b,SAT,MIN_EXPANDED_SIZE,0,4,PASSED,0.764847895999992,4,1,2,2,1,4,1,1,1,4,False,True,True,True,True,7082,20514,100108,
MacroATLAS,tiny_01358,global_prop,macro,SAT,MIN_EXPANDED_SIZE,0,4,PASSED,0.9149890240000786,4,1,2,2,1,4,1,1,1,4,False,True,True,True,True,6887,16121,127412,
Oracle,tiny_01359,repair,oracle,SAT,REPAIR,1,2,REFERENCE_EXHAUSTIVE,0.2141273719998935,3,0,1,1,1,,,,,,,,,,,,,45772,
ATLAS-B,tiny_01359,repair,atlas-b,SAT,REPAIR,1,2,PASSED,0.7646990719999849,3,0,1,1,1,2,0,1,1,2,False,True,True,True,True,3649,9906,100392,
MacroATLAS,tiny_01359,repair,macro,SAT,REPAIR,1,2,PASSED,0.7148691749998761,3,0,1,1,1,2,0,1,1,2,False,True,True,True,True,2316,4422,97692,
Oracle,tiny_01360,plain,oracle,SAT,MIN_EXPANDED_SIZE,0,2,REFERENCE_EXHAUSTIVE,0.2142392440000549,3,0,1,1,1,,,,,,,,,,,,,45136,
ATLAS-B,tiny_01360,plain,atlas-b,SAT,MIN_EXPANDED_SIZE,0,2,PASSED,0.6647846509999908,3,0,1,1,1,2,0,1,1,2,False,True,True,True,True,2942,8073,93072,
MacroATLAS,tiny_01360,plain,macro,SAT,MIN_EXPANDED_SIZE,0,2,PASSED,0.6652856129999236,3,0,1,1,1,2,0,1,1,2,False,True,True,True,True,1214,2267,90320,
Oracle,tiny_01361,nnf,oracle,SAT,MIN_EXPANDED_SIZE,0,2,REFERENCE_EXHAUSTIVE,0.21414519200016002,3,0,1,1,1,,,,,,,,,,,,,44888,
ATLAS-B,tiny_01361,nnf,atlas-b,SAT,MIN_EXPANDED_SIZE,0,2,PASSED,0.714887865000037,3,0,1,1,1,2,0,1,1,2,False,True,True,True,True,2949,8089,97752,
MacroATLAS,tiny_01361,nnf,macro,SAT,MIN_EXPANDED_SIZE,0,2,PASSED,0.7650698510001348,3,0,1,1,1,2,0,1,1,2,False,True,True,True,True,2284,4809,109452,
Oracle,tiny_01362,cnf,oracle,UNSAT,MIN_EXPANDED_SIZE,0,0,REFERENCE_EXHAUSTIVE,0.21411944200008293,2,0,1,2,1,,,,,,,,,,,,,44948,
ATLAS-B,tiny_01362,cnf,atlas-b,UNSAT,MIN_EXPANDED_SIZE,0,0,NOT_APPLICABLE_UNSAT,0.714689011000246,2,0,1,2,1,,,,,,,,,,,5962,18144,98124,
MacroATLAS,tiny_01362,cnf,macro,UNSAT,MIN_EXPANDED_SIZE,0,0,NOT_APPLICABLE_UNSAT,0.8148460880001949,2,0,1,2,1,,0,,,,,,,,,3022,6688,110220,
Oracle,tiny_01363,dnf,oracle,UNSAT,MIN_EXPANDED_SIZE,0,0,REFERENCE_EXHAUSTIVE,0.21409187100016425,2,0,1,2,1,,,,,,,,,,,,,44748,
ATLAS-B,tiny_01363,dnf,atlas-b,UNSAT,MIN_EXPANDED_SIZE,0,0,NOT_APPLICABLE_UNSAT,0.7146624199999678,2,0,1,2,1,,,,,,,,,,,4252,12373,96084,
MacroATLAS,tiny_01363,dnf,macro,UNSAT,MIN_EXPANDED_SIZE,0,0,NOT_APPLICABLE_UNSAT,0.7649815380000291,2,0,1,2,1,,0,,,,,,,,,3022,6688,107832,
Oracle,tiny_01364,required,oracle,SAT,MIN_EXPANDED_SIZE,0,2,REFERENCE_EXHAUSTIVE,0.2141251419998298,3,0,1,1,1,,,,,,,,,,,,,44840,
ATLAS-B,tiny_01364,required,atlas-b,SAT,MIN_EXPANDED_SIZE,0,2,PASSED,0.8149611200001345,3,0,1,1,1,2,0,1,1,2,False,True,True,True,True,7733,24242,101872,
MacroATLAS,tiny_01364,required,macro,SAT,MIN_EXPANDED_SIZE,0,2,PASSED,0.6648207919997731,3,0,1,1,1,2,0,1,1,2,False,True,True,True,True,1214,2267,94604,
Oracle,tiny_01365,no_dag_reuse,oracle,SAT,MIN_EXPANDED_SIZE,0,2,REFERENCE_EXHAUSTIVE,0.1639503159999549,3,0,1,1,1,,,,,,,,,,,,,44916,
ATLAS-B,tiny_01365,no_dag_reuse,atlas-b,SAT,MIN_EXPANDED_SIZE,0,2,PASSED,0.8148008369998934,3,0,1,1,1,2,0,1,1,2,False,True,True,True,True,10102,32429,107896,
MacroATLAS,tiny_01365,no_dag_reuse,macro,SAT,MIN_EXPANDED_SIZE,0,2,PASSED,0.6647488200001135,3,0,1,1,1,2,0,1,1,2,False,True,True,True,True,1420,2690,94368,
Oracle,tiny_01366,global_prop,oracle,UNSAT,MIN_EXPANDED_SIZE,0,0,REFERENCE_EXHAUSTIVE,0.21402373999990232,2,0,1,2,1,,,,,,,,,,,,,44792,
ATLAS-B,tiny_01366,global_prop,atlas-b,UNSAT,MIN_EXPANDED_SIZE,0,0,NOT_APPLICABLE_UNSAT,0.7647865440003443,2,0,1,2,1,,,,,,,,,,,8135,25607,103384,
MacroATLAS,tiny_01366,global_prop,macro,UNSAT,MIN_EXPANDED_SIZE,0,0,NOT_APPLICABLE_UNSAT,0.7650146490000225,2,0,1,2,1,,0,,,,,,,,,2402,5124,109304,
Oracle,tiny_01367,repair,oracle,SAT,REPAIR,0,3,REFERENCE_EXHAUSTIVE,0.2140640509996956,4,0,1,1,1,,,,,,,,,,,,,47428,
ATLAS-B,tiny_01367,repair,atlas-b,SAT,REPAIR,0,3,PASSED,0.9652507709997735,4,0,1,1,1,3,0,2,2,3,False,True,True,True,True,5291,14568,128872,
MacroATLAS,tiny_01367,repair,macro,SAT,REPAIR,0,3,PASSED,1.0655590920000577,4,0,1,1,1,3,0,2,2,3,False,True,True,True,True,3916,7936,130940,
Oracle,tiny_01368,plain,oracle,SAT,MIN_EXPANDED_SIZE,0,3,REFERENCE_EXHAUSTIVE,0.21413663200019073,3,1,2,1,2,,,,,,,,,,,,,46692,
ATLAS-B,tiny_01368,plain,atlas-b,SAT,MIN_EXPANDED_SIZE,0,3,PASSED,0.7149952069999017,3,1,2,1,2,3,1,0,0,3,False,True,True,True,True,3450,9454,94300,
MacroATLAS,tiny_01368,plain,macro,SAT,MIN_EXPANDED_SIZE,0,3,PASSED,0.7650416999999834,3,1,2,1,2,3,1,0,0,3,False,True,True,True,True,2616,5312,100588,
Oracle,tiny_01369,nnf,oracle,SAT,MIN_EXPANDED_SIZE,0,3,REFERENCE_EXHAUSTIVE,0.21403121899993494,3,1,2,1,2,,,,,,,,,,,,,46836,
ATLAS-B,tiny_01369,nnf,atlas-b,SAT,MIN_EXPANDED_SIZE,0,3,PASSED,0.9150311250000414,3,1,2,1,2,3,1,0,0,3,False,True,True,True,True,16513,53780,124544,
MacroATLAS,tiny_01369,nnf,macro,SAT,MIN_EXPANDED_SIZE,0,3,PASSED,0.865013111999815,3,1,2,1,2,3,1,0,0,3,False,True,True,True,True,4466,10083,120776,
Oracle,tiny_01370,cnf,oracle,SAT,MIN_EXPANDED_SIZE,0,1,REFERENCE_EXHAUSTIVE,0.21408977000010054,2,0,1,1,1,,,,,,,,,,,,,44652,
ATLAS-B,tiny_01370,cnf,atlas-b,SAT,MIN_EXPANDED_SIZE,0,1,PASSED,0.7648608160002368,2,0,1,1,1,1,0,0,0,1,False,True,True,True,True,5547,17345,103576,
MacroATLAS,tiny_01370,cnf,macro,SAT,MIN_EXPANDED_SIZE,0,1,PASSED,0.7150996899999882,2,0,1,1,1,1,0,0,0,1,False,True,True,True,True,888,1673,103016,
Oracle,tiny_01371,dnf,oracle,SAT,MIN_EXPANDED_SIZE,0,1,REFERENCE_EXHAUSTIVE,0.21407838099958099,2,0,1,1,1,,,,,,,,,,,,,45236,
ATLAS-B,tiny_01371,dnf,atlas-b,SAT,MIN_EXPANDED_SIZE,0,1,PASSED,0.7647439840002335,2,0,1,1,1,1,0,0,0,1,False,True,True,True,True,2959,8499,98260,
MacroATLAS,tiny_01371,dnf,macro,SAT,MIN_EXPANDED_SIZE,0,1,PASSED,0.8151091229997292,2,0,1,1,1,1,0,0,0,1,False,True,True,True,True,888,1673,113160,
Oracle,tiny_01372,required,oracle,SAT,MIN_EXPANDED_SIZE,0,3,REFERENCE_EXHAUSTIVE,0.21407089000013002,3,1,2,1,2,,,,,,,,,,,,,46908,
ATLAS-B,tiny_01372,required,atlas-b,SAT,MIN_EXPANDED_SIZE,0,3,PASSED,0.9650124360000518,3,1,2,1,2,3,1,0,0,3,False,True,True,True,True,16504,53761,125480,
MacroATLAS,tiny_01372,required,macro,SAT,MIN_EXPANDED_SIZE,0,3,PASSED,0.7648277849998522,3,1,2,1,2,3,1,0,0,3,False,True,True,True,True,3248,6867,102488,
Oracle,tiny_01373,no_dag_reuse,oracle,SAT,MIN_EXPANDED_SIZE,0,3,REFERENCE_EXHAUSTIVE,0.21407130999978108,3,1,2,1,2,,,,,,,,,,,,,47028,
ATLAS-B,tiny_01373,no_dag_reuse,atlas-b,SAT,MIN_EXPANDED_SIZE,0,3,PASSED,0.8151122530002795,3,1,2,1,2,3,1,0,0,3,False,True,True,True,True,12756,40621,108480,
MacroATLAS,tiny_01373,no_dag_reuse,macro,SAT,MIN_EXPANDED_SIZE,0,3,PASSED,0.7648662560000048,3,1,2,1,2,3,1,0,0,3,False,True,True,True,True,2914,5792,99716,
Oracle,tiny_01374,global_prop,oracle,SAT,MIN_EXPANDED_SIZE,0,2,REFERENCE_EXHAUSTIVE,0.21402106899995488,3,0,1,1,1,,,,,,,,,,,,,45228,
ATLAS-B,tiny_01374,global_prop,atlas-b,SAT,MIN_EXPANDED_SIZE,0,2,PASSED,0.8650325429998702,3,0,1,1,1,2,0,1,1,2,False,True,True,True,True,7773,24253,109048,
MacroATLAS,tiny_01374,global_prop,macro,SAT,MIN_EXPANDED_SIZE,0,2,PASSED,0.8653197899998304,3,0,1,1,1,2,0,1,1,2,False,True,True,True,True,2405,5126,111456,
Oracle,tiny_01375,repair,oracle,UNSAT,REPAIR,0,0,REFERENCE_EXHAUSTIVE,0.2141038509998907,2,0,1,2,1,,,,,,,,,,,,,45728,
ATLAS-B,tiny_01375,repair,atlas-b,UNSAT,REPAIR,0,0,NOT_APPLICABLE_UNSAT,0.8150896930001181,2,0,1,2,1,,,,,,,,,,,2123,5342,112592,
MacroATLAS,tiny_01375,repair,macro,UNSAT,REPAIR,0,0,NOT_APPLICABLE_UNSAT,0.9152126279996082,2,0,1,2,1,,0,,,,,,,,,1191,2066,117056,
Oracle,tiny_01376,plain,oracle,SAT,MIN_EXPANDED_SIZE,0,3,REFERENCE_EXHAUSTIVE,0.2140912310001113,3,1,2,2,1,,,,,,,,,,,,,46532,
ATLAS-B,tiny_01376,plain,atlas-b,SAT,MIN_EXPANDED_SIZE,0,3,PASSED,0.7648571459999403,3,1,2,2,1,3,1,0,0,3,False,True,True,True,True,7121,21457,99916,
MacroATLAS,tiny_01376,plain,macro,SAT,MIN_EXPANDED_SIZE,0,3,PASSED,0.71466300999964,3,1,2,2,1,3,1,0,0,3,False,True,True,True,True,2616,5312,100372,
Oracle,tiny_01377,nnf,oracle,SAT,MIN_EXPANDED_SIZE,0,3,REFERENCE_EXHAUSTIVE,0.21393512799977543,3,1,2,2,1,,,,,,,,,,,,,46688,
ATLAS-B,tiny_01377,nnf,atlas-b,SAT,MIN_EXPANDED_SIZE,0,3,PASSED,0.7648365650002233,3,1,2,2,1,3,1,0,0,3,False,True,True,True,True,7129,21465,99964,
MacroATLAS,tiny_01377,nnf,macro,SAT,MIN_EXPANDED_SIZE,0,3,PASSED,0.8649266509996778,3,1,2,2,1,3,1,0,0,3,False,True,True,True,True,4466,10083,111172,
Oracle,tiny_01378,cnf,oracle,SAT,MIN_EXPANDED_SIZE,0,2,REFERENCE_EXHAUSTIVE,0.21404583000003186,3,0,1,1,1,,,,,,,,,,,,,45084,
ATLAS-B,tiny_01378,cnf,atlas-b,SAT,MIN_EXPANDED_SIZE,0,2,PASSED,0.8152067549999629,3,0,1,1,1,2,0,1,1,2,False,True,True,True,True,10103,32433,104012,
MacroATLAS,tiny_01378,cnf,macro,SAT,MIN_EXPANDED_SIZE,0,2,PASSED,0.8652355280000847,3,0,1,1,1,2,0,1,1,2,False,True,True,True,True,3025,6690,111996,
Oracle,tiny_01379,dnf,oracle,SAT,MIN_EXPANDED_SIZE,0,2,REFERENCE_EXHAUSTIVE,0.2140163690000918,3,0,1,1,1,,,,,,,,,,,,,45060,
ATLAS-B,tiny_01379,dnf,atlas-b,SAT,MIN_EXPANDED_SIZE,0,2,PASSED,0.7647622230001616,3,0,1,1,1,2,0,1,1,2,False,True,True,True,True,5880,17814,105052,
MacroATLAS,tiny_01379,dnf,macro,SAT,MIN_EXPANDED_SIZE,0,2,PASSED,0.8650208829999428,3,0,1,1,1,2,0,1,1,2,False,True,True,True,True,3025,6690,116004,
Oracle,tiny_01380,required,oracle,SAT,MIN_EXPANDED_SIZE,0,3,REFERENCE_EXHAUSTIVE,0.21402108899974337,3,1,2,2,1,,,,,,,,,,,,,46884,
ATLAS-B,tiny_01380,required,atlas-b,SAT,MIN_EXPANDED_SIZE,0,3,PASSED,0.8648598690001563,3,1,2,2,1,3,1,0,0,3,False,True,True,True,True,12708,40538,113256,
MacroATLAS,tiny_01380,required,macro,SAT,MIN_EXPANDED_SIZE,0,3,PASSED,0.7648800270003449,3,1,2,2,1,3,1,0,0,3,False,True,True,True,True,3248,6867,105256,
Oracle,tiny_01381,no_dag_reuse,oracle,SAT,MIN_EXPANDED_SIZE,0,3,REFERENCE_EXHAUSTIVE,0.21413689100018019,3,1,2,2,1,,,,,,,,,,,,,46648,
ATLAS-B,tiny_01381,no_dag_reuse,atlas-b,SAT,MIN_EXPANDED_SIZE,0,3,PASSED,0.9653540239996801,3,1,2,2,1,3,1,0,0,3,False,True,True,True,True,16556,53842,130088,
MacroATLAS,tiny_01381,no_dag_reuse,macro,SAT,MIN_EXPANDED_SIZE,0,3,PASSED,0.7147989029999735,3,1,2,2,1,3,1,0,0,3,False,True,True,True,True,2914,5792,101904,
Oracle,tiny_01382,global_prop,oracle,SAT,MIN_EXPANDED_SIZE,0,3,REFERENCE_EXHAUSTIVE,0.2140811809999832,4,0,1,1,1,,,,,,,,,,,,,46268,
ATLAS-B,tiny_01382,global_prop,atlas-b,SAT,MIN_EXPANDED_SIZE,0,3,PASSED,0.765097520999916,4,0,1,1,1,3,0,2,2,3,False,True,True,True,True,4523,12695,100448,
MacroATLAS,tiny_01382,global_prop,macro,SAT,MIN_EXPANDED_SIZE,0,3,PASSED,0.8151115840000784,4,0,1,1,1,3,0,2,2,3,False,True,True,True,True,2920,6505,112824,
Oracle,tiny_01383,repair,oracle,SAT,REPAIR,1,2,REFERENCE_EXHAUSTIVE,0.21402823899961732,3,0,1,1,1,,,,,,,,,,,,,45432,
ATLAS-B,tiny_01383,repair,atlas-b,SAT,REPAIR,1,2,PASSED,0.8150221819996659,3,0,1,1,1,2,0,1,1,2,False,True,True,True,True,6893,20784,107640,
MacroATLAS,tiny_01383,repair,macro,SAT,REPAIR,1,2,PASSED,0.7145860679997895,3,0,1,1,1,2,0,1,1,2,False,True,True,True,True,2316,4422,93956,
Oracle,tiny_01384,plain,oracle,SAT,MIN_EXPANDED_SIZE,0,2,REFERENCE_EXHAUSTIVE,0.2140679510002883,3,0,1,1,1,,,,,,,,,,,,,44596,
ATLAS-B,tiny_01384,plain,atlas-b,SAT,MIN_EXPANDED_SIZE,0,2,PASSED,0.7648062449998179,3,0,1,1,1,2,0,1,1,2,False,True,True,True,True,7733,24244,102528,
MacroATLAS,tiny_01384,plain,macro,SAT,MIN_EXPANDED_SIZE,0,2,PASSED,0.7147594830003072,3,0,1,1,1,2,0,1,1,2,False,True,True,True,True,2507,5059,96084,
Oracle,tiny_01385,nnf,oracle,SAT,MIN_EXPANDED_SIZE,0,2,REFERENCE_EXHAUSTIVE,0.21423122399983185,3,0,1,1,1,,,,,,,,,,,,,44972,
ATLAS-B,tiny_01385,nnf,atlas-b,SAT,MIN_EXPANDED_SIZE,0,2,PASSED,0.8148311070003729,3,0,1,1,1,2,0,1,1,2,False,True,True,True,True,10078,32402,109200,
MacroATLAS,tiny_01385,nnf,macro,SAT,MIN_EXPANDED_SIZE,0,2,PASSED,0.865015351999773,3,0,1,1,1,2,0,1,1,2,False,True,True,True,True,3797,8219,112312,
Oracle,tiny_01386,cnf,oracle,SAT,MIN_EXPANDED_SIZE,0,3,REFERENCE_EXHAUSTIVE,0.21413701099982063,3,1,2,1,2,,,,,,,,,,,,,46628,
ATLAS-B,tiny_01386,cnf,atlas-b,SAT,MIN_EXPANDED_SIZE,0,3,PASSED,0.7649063270000624,3,1,2,1,2,3,1,0,0,3,False,True,True,True,True,4897,14028,102668,
MacroATLAS,tiny_01386,cnf,macro,SAT,MIN_EXPANDED_SIZE,0,3,PASSED,0.9149852040000042,3,1,2,1,2,3,1,0,0,3,False,True,True,True,True,5286,12159,126424,
Oracle,tiny_01387,dnf,oracle,SAT,MIN_EXPANDED_SIZE,0,3,REFERENCE_EXHAUSTIVE,0.2140146490000916,3,1,2,1,2,,,,,,,,,,,,,46828,
ATLAS-B,tiny_01387,dnf,atlas-b,SAT,MIN_EXPANDED_SIZE,0,3,PASSED,0.8150209609998456,3,1,2,1,2,3,1,0,0,3,False,True,True,True,True,7154,21506,107692,
MacroATLAS,tiny_01387,dnf,macro,SAT,MIN_EXPANDED_SIZE,0,3,PASSED,0.9653393230000802,3,1,2,1,2,3,1,0,0,3,False,True,True,True,True,5286,12159,134064,
Oracle,tiny_01388,required,oracle,SAT,MIN_EXPANDED_SIZE,0,2,REFERENCE_EXHAUSTIVE,0.1639888580002662,3,0,1,1,1,,,,,,,,,,,,,44784,
ATLAS-B,tiny_01388,required,atlas-b,SAT,MIN_EXPANDED_SIZE,0,2,PASSED,0.7149738970001636,3,0,1,1,1,2,0,1,1,2,False,True,True,True,True,4325,12626,101852,
MacroATLAS,tiny_01388,required,macro,SAT,MIN_EXPANDED_SIZE,0,2,PASSED,0.7149341259996618,3,0,1,1,1,2,0,1,1,2,False,True,True,True,True,1847,3477,97700,
Oracle,tiny_01389,no_dag_reuse,oracle,SAT,MIN_EXPANDED_SIZE,0,2,REFERENCE_EXHAUSTIVE,0.21411026099985975,3,0,1,1,1,,,,,,,,,,,,,45056,
ATLAS-B,tiny_01389,no_dag_reuse,atlas-b,SAT,MIN_EXPANDED_SIZE,0,2,PASSED,0.815071861999968,3,0,1,1,1,2,0,1,1,2,False,True,True,True,True,5880,17810,100096,
MacroATLAS,tiny_01389,no_dag_reuse,macro,SAT,MIN_EXPANDED_SIZE,0,2,PASSED,0.8650935249997929,3,0,1,1,1,2,0,1,1,2,False,True,True,True,True,3310,6421,112728,
Oracle,tiny_01390,global_prop,oracle,SAT,MIN_EXPANDED_SIZE,0,4,REFERENCE_EXHAUSTIVE,0.31418116600025314,4,1,2,1,2,,,,,,,,,,,,,72956,
ATLAS-B,tiny_01390,global_prop,atlas-b,SAT,MIN_EXPANDED_SIZE,0,4,PASSED,1.0154802380002366,4,1,2,1,2,4,1,1,1,4,False,True,True,True,True,22170,72021,130036,
MacroATLAS,tiny_01390,global_prop,macro,SAT,MIN_EXPANDED_SIZE,0,4,PASSED,1.0152737940002226,4,1,2,1,2,4,1,1,1,4,False,True,True,True,True,6887,16121,127168,
Oracle,tiny_01391,repair,oracle,SAT,REPAIR,0,3,REFERENCE_EXHAUSTIVE,0.21413801099970442,4,0,1,1,1,,,,,,,,,,,,,47068,
ATLAS-B,tiny_01391,repair,atlas-b,SAT,REPAIR,0,3,PASSED,1.265466096000182,4,0,1,1,1,3,0,2,2,3,False,True,True,True,True,15516,49503,134116,
MacroATLAS,tiny_01391,repair,macro,SAT,REPAIR,0,3,PASSED,1.0654373089996625,4,0,1,1,1,3,0,2,2,3,False,True,True,True,True,3916,7936,124432,
Oracle,tiny_01392,plain,oracle,SAT,MIN_EXPANDED_SIZE,0,2,REFERENCE_EXHAUSTIVE,0.21412345199996707,3,0,1,1,1,,,,,,,,,,,,,44444,
ATLAS-B,tiny_01392,plain,atlas-b,SAT,MIN_EXPANDED_SIZE,0,2,PASSED,0.7649833440000293,3,0,1,1,1,2,0,1,1,2,False,True,True,True,True,7734,24240,100480,
MacroATLAS,tiny_01392,plain,macro,SAT,MIN_EXPANDED_SIZE,0,2,PASSED,0.714786150999771,3,0,1,1,1,2,0,1,1,2,False,True,True,True,True,2522,4837,98912,
Oracle,tiny_01393,nnf,oracle,SAT,MIN_EXPANDED_SIZE,0,2,REFERENCE_EXHAUSTIVE,0.1638561239997216,3,0,1,1,1,,,,,,,,,,,,,44816,
ATLAS-B,tiny_01393,nnf,atlas-b,SAT,MIN_EXPANDED_SIZE,0,2,PASSED,0.8148051560001477,3,0,1,1,1,2,0,1,1,2,False,True,True,True,True,10079,32403,115456,
MacroATLAS,tiny_01393,nnf,macro,SAT,MIN_EXPANDED_SIZE,0,2,PASSED,0.8150871130001178,3,0,1,1,1,2,0,1,1,2,False,True,True,True,True,4333,9430,113356,
Oracle,tiny_01394,cnf,oracle,SAT,MIN_EXPANDED_SIZE,0,3,REFERENCE_EXHAUSTIVE,0.2140400299999783,3,1,2,2,1,,,,,,,,,,,,,46912,
ATLAS-B,tiny_01394,cnf,atlas-b,SAT,MIN_EXPANDED_SIZE,0,3,PASSED,0.8148535980003544,3,1,2,2,1,3,1,0,0,3,False,True,True,True,True,12741,40583,109704,
MacroATLAS,tiny_01394,cnf,macro,SAT,MIN_EXPANDED_SIZE,0,3,PASSED,0.9150518820001707,3,1,2,2,1,3,1,0,0,3,False,True,True,True,True,5286,12159,126392,
Oracle,tiny_01395,dnf,oracle,SAT,MIN_EXPANDED_SIZE,0,3,REFERENCE_EXHAUSTIVE,0.2140285989999029,3,1,2,2,1,,,,,,,,,,,,,46716,
ATLAS-B,tiny_01395,dnf,atlas-b,SAT,MIN_EXPANDED_SIZE,0,3,PASSED,0.7650544609996359,3,1,2,2,1,3,1,0,0,3,False,True,True,True,True,4899,14035,104160,
MacroATLAS,tiny_01395,dnf,macro,SAT,MIN_EXPANDED_SIZE,0,3,PASSED,1.1153674249999312,3,1,2,2,1,3,1,0,0,3,False,True,True,True,True,5286,12159,147416,
Oracle,tiny_01396,required,oracle,SAT,MIN_EXPANDED_SIZE,0,2,REFERENCE_EXHAUSTIVE,0.21403583999972398,3,0,1,1,1,,,,,,,,,,,,,45772,
ATLAS-B,tiny_01396,required,atlas-b,SAT,MIN_EXPANDED_SIZE,0,2,PASSED,0.7649977979999676,3,0,1,1,1,2,0,1,1,2,False,True,True,True,True,4327,12629,104544,
MacroATLAS,tiny_01396,required,macro,SAT,MIN_EXPANDED_SIZE,0,2,PASSED,0.764962777999699,3,0,1,1,1,2,0,1,1,2,False,True,True,True,True,2524,4803,100120,
Oracle,tiny_01397,no_dag_reuse,oracle,SAT,MIN_EXPANDED_SIZE,0,2,REFERENCE_EXHAUSTIVE,0.21413068199990448,3,0,1,1,1,,,,,,,,,,,,,44976,
ATLAS-B,tiny_01397,no_dag_reuse,atlas-b,SAT,MIN_EXPANDED_SIZE,0,2,PASSED,0.7149456470001496,3,0,1,1,1,2,0,1,1,2,False,True,True,True,True,4357,12673,95212,
MacroATLAS,tiny_01397,no_dag_reuse,macro,SAT,MIN_EXPANDED_SIZE,0,2,PASSED,0.8650316889998066,3,0,1,1,1,2,0,1,1,2,False,True,True,True,True,3973,7625,116888,
Oracle,tiny_01398,global_prop,oracle,SAT,MIN_EXPANDED_SIZE,0,4,REFERENCE_EXHAUSTIVE,0.31423535799967794,4,1,2,2,1,,,,,,,,,,,,,72496,
ATLAS-B,tiny_01398,global_prop,atlas-b,SAT,MIN_EXPANDED_SIZE,0,4,PASSED,0.9150503649998427,4,1,2,2,1,4,1,1,1,4,False,True,True,True,True,13325,41468,115004,
MacroATLAS,tiny_01398,global_prop,macro,SAT,MIN_EXPANDED_SIZE,0,4,PASSED,1.015374361999875,4,1,2,2,1,4,1,1,1,4,False,True,True,True,True,6887,16121,131716,
Oracle,tiny_01399,repair,oracle,UNSAT,REPAIR,0,0,REFERENCE_EXHAUSTIVE,0.21409702799974184,2,0,1,2,1,,,,,,,,,,,,,44684,
ATLAS-B,tiny_01399,repair,atlas-b,UNSAT,REPAIR,0,0,NOT_APPLICABLE_UNSAT,0.8152192930001547,2,0,1,2,1,,,,,,,,,,,1364,3081,106568,
MacroATLAS,tiny_01399,repair,macro,UNSAT,REPAIR,0,0,NOT_APPLICABLE_UNSAT,0.8651561169999695,2,0,1,2,1,,0,,,,,,,,,1191,2066,119548,
Oracle,tiny_01400,plain,oracle,SAT,MIN_EXPANDED_SIZE,0,3,REFERENCE_EXHAUSTIVE,0.2140787299999829,4,0,1,1,1,,,,,,,,,,,,,46424,
ATLAS-B,tiny_01400,plain,atlas-b,SAT,MIN_EXPANDED_SIZE,0,3,PASSED,0.8652163149999978,4,0,1,1,1,3,0,2,2,3,False,True,True,True,True,13678,44057,113356,
MacroATLAS,tiny_01400,plain,macro,SAT,MIN_EXPANDED_SIZE,0,3,PASSED,1.0153276379996896,4,0,1,1,1,3,0,2,2,3,False,True,True,True,True,6845,14626,133336,
Oracle,tiny_01401,nnf,oracle,SAT,MIN_EXPANDED_SIZE,0,3,REFERENCE_EXHAUSTIVE,0.21405188700009603,4,0,1,1,1,,,,,,,,,,,,,46784,
ATLAS-B,tiny_01401,nnf,atlas-b,SAT,MIN_EXPANDED_SIZE,0,3,PASSED,0.9151494319999074,4,0,1,1,1,3,0,2,2,3,False,True,True,True,True,18790,62241,126464,
MacroATLAS,tiny_01401,nnf,macro,SAT,MIN_EXPANDED_SIZE,0,3,PASSED,1.0152108759998555,4,0,1,1,1,3,0,2,2,3,False,True,True,True,True,9082,21075,127464,
Oracle,tiny_01402,cnf,oracle,UNSAT,MIN_EXPANDED_SIZE,0,0,REFERENCE_EXHAUSTIVE,0.21414562900008605,2,0,1,2,1,,,,,,,,,,,,,44188,
ATLAS-B,tiny_01402,cnf,atlas-b,UNSAT,MIN_EXPANDED_SIZE,0,0,NOT_APPLICABLE_UNSAT,0.7148354119999567,2,0,1,2,1,,,,,,,,,,,5962,18150,97032,
MacroATLAS,tiny_01402,cnf,macro,UNSAT,MIN_EXPANDED_SIZE,0,0,NOT_APPLICABLE_UNSAT,0.8651949969998896,2,0,1,2,1,,0,,,,,,,,,3209,6984,116628,
Oracle,tiny_01403,dnf,oracle,UNSAT,MIN_EXPANDED_SIZE,0,0,REFERENCE_EXHAUSTIVE,0.21408688199971948,2,0,1,2,1,,,,,,,,,,,,,45160,
ATLAS-B,tiny_01403,dnf,atlas-b,UNSAT,MIN_EXPANDED_SIZE,0,0,NOT_APPLICABLE_UNSAT,0.7648960100000295,2,0,1,2,1,,,,,,,,,,,8134,25641,108176,
MacroATLAS,tiny_01403,dnf,macro,UNSAT,MIN_EXPANDED_SIZE,0,0,NOT_APPLICABLE_UNSAT,0.8149899079999159,2,0,1,2,1,,0,,,,,,,,,3209,6984,115300,
Oracle,tiny_01404,required,oracle,SAT,MIN_EXPANDED_SIZE,0,3,REFERENCE_EXHAUSTIVE,0.2140186060000815,4,0,1,1,1,,,,,,,,,,,,,46252,
ATLAS-B,tiny_01404,required,atlas-b,SAT,MIN_EXPANDED_SIZE,0,3,PASSED,0.9152337049999915,4,0,1,1,1,3,0,2,2,3,False,True,True,True,True,13678,44059,115924,
MacroATLAS,tiny_01404,required,macro,SAT,MIN_EXPANDED_SIZE,0,3,PASSED,0.8151036909998766,4,0,1,1,1,3,0,2,2,3,False,True,True,True,True,4829,9294,115628,
Oracle,tiny_01405,no_dag_reuse,oracle,SAT,MIN_EXPANDED_SIZE,0,3,REFERENCE_EXHAUSTIVE,0.21412288800001988,4,0,1,1,1,,,,,,,,,,,,,46476,
ATLAS-B,tiny_01405,no_dag_reuse,atlas-b,SAT,MIN_EXPANDED_SIZE,0,3,PASSED,0.9654556059999777,4,0,1,1,1,3,0,2,2,3,False,True,True,True,True,18831,62296,130232,
MacroATLAS,tiny_01405,no_dag_reuse,macro,SAT,MIN_EXPANDED_SIZE,0,3,PASSED,0.9651123769999685,4,0,1,1,1,3,0,2,2,3,False,True,True,True,True,7623,16474,134368,
Oracle,tiny_01406,global_prop,oracle,UNSAT,MIN_EXPANDED_SIZE,0,0,REFERENCE_EXHAUSTIVE,0.16405377099999896,2,0,1,2,1,,,,,,,,,,,,,44616,
ATLAS-B,tiny_01406,global_prop,atlas-b,UNSAT,MIN_EXPANDED_SIZE,0,0,NOT_APPLICABLE_UNSAT,0.7146965689998979,2,0,1,2,1,,,,,,,,,,,4253,12342,102800,
MacroATLAS,tiny_01406,global_prop,macro,UNSAT,MIN_EXPANDED_SIZE,0,0,NOT_APPLICABLE_UNSAT,0.8148414239999511,2,0,1,2,1,,0,,,,,,,,,2604,5442,107828,
Oracle,tiny_01407,repair,oracle,SAT,REPAIR,1,2,REFERENCE_EXHAUSTIVE,0.21410137799966833,3,0,1,1,1,,,,,,,,,,,,,46508,
ATLAS-B,tiny_01407,repair,atlas-b,SAT,REPAIR,1,2,PASSED,0.8149986680000438,3,0,1,1,1,2,0,1,1,2,False,True,True,True,True,6894,20786,102516,
MacroATLAS,tiny_01407,repair,macro,SAT,REPAIR,1,2,PASSED,0.7649077800001578,3,0,1,1,1,2,0,1,1,2,False,True,True,True,True,2316,4422,97464,
Oracle,tiny_01408,plain,oracle,UNSAT,MIN_EXPANDED_SIZE,0,0,REFERENCE_EXHAUSTIVE,0.1639322290002383,2,0,1,2,1,,,,,,,,,,,,,44364,
ATLAS-B,tiny_01408,plain,atlas-b,UNSAT,MIN_EXPANDED_SIZE,0,0,NOT_APPLICABLE_UNSAT,0.8149209550001615,2,0,1,2,1,,,,,,,,,,,5939,18109,101172,
MacroATLAS,tiny_01408,plain,macro,UNSAT,MIN_EXPANDED_SIZE,0,0,NOT_APPLICABLE_UNSAT,0.6145419640001819,2,0,1,2,1,,0,,,,,,,,,1211,2265,88428,
Oracle,tiny_01409,nnf,oracle,UNSAT,MIN_EXPANDED_SIZE,0,0,REFERENCE_EXHAUSTIVE,0.2140464570002223,2,0,1,2,1,,,,,,,,,,,,,44924,
ATLAS-B,tiny_01409,nnf,atlas-b,UNSAT,MIN_EXPANDED_SIZE,0,0,NOT_APPLICABLE_UNSAT,0.7148876129999735,2,0,1,2,1,,,,,,,,,,,2651,7156,96200,
MacroATLAS,tiny_01409,nnf,macro,UNSAT,MIN_EXPANDED_SIZE,0,0,NOT_APPLICABLE_UNSAT,0.7648642589997507,2,0,1,2,1,,0,,,,,,,,,2468,5103,107600,
Oracle,tiny_01410,cnf,oracle,SAT,MIN_EXPANDED_SIZE,0,1,REFERENCE_EXHAUSTIVE,0.21404834600025424,2,0,1,1,1,,,,,,,,,,,,,44300,
ATLAS-B,tiny_01410,cnf,atlas-b,SAT,MIN_EXPANDED_SIZE,0,1,PASSED,0.7149719260000893,2,0,1,1,1,1,0,0,0,1,False,True,True,True,True,1903,5035,97988,
MacroATLAS,tiny_01410,cnf,macro,SAT,MIN_EXPANDED_SIZE,0,1,PASSED,0.764826616999926,2,0,1,1,1,1,0,0,0,1,False,True,True,True,True,888,1673,108420,
Oracle,tiny_01411,dnf,oracle,SAT,MIN_EXPANDED_SIZE,0,1,REFERENCE_EXHAUSTIVE,0.2140869280001425,2,0,1,1,1,,,,,,,,,,,,,44840,
ATLAS-B,tiny_01411,dnf,atlas-b,SAT,MIN_EXPANDED_SIZE,0,1,PASSED,0.7149239850000413,2,0,1,1,1,1,0,0,0,1,False,True,True,True,True,2960,8501,102880,
MacroATLAS,tiny_01411,dnf,macro,SAT,MIN_EXPANDED_SIZE,0,1,PASSED,0.7649519410001631,2,0,1,1,1,1,0,0,0,1,False,True,True,True,True,888,1673,107292,
Oracle,tiny_01412,required,oracle,UNSAT,MIN_EXPANDED_SIZE,0,0,REFERENCE_EXHAUSTIVE,0.21413638900003207,2,0,1,2,1,,,,,,,,,,,,,44240,
ATLAS-B,tiny_01412,required,atlas-b,UNSAT,MIN_EXPANDED_SIZE,0,0,NOT_APPLICABLE_UNSAT,0.8149784269999145,2,0,1,2,1,,,,,,,,,,,10878,35292,112592,
MacroATLAS,tiny_01412,required,macro,UNSAT,MIN_EXPANDED_SIZE,0,0,NOT_APPLICABLE_UNSAT,0.6647536549999131,2,0,1,2,1,,0,,,,,,,,,1398,2561,92528,
Oracle,tiny_01413,no_dag_reuse,oracle,UNSAT,MIN_EXPANDED_SIZE,0,0,REFERENCE_EXHAUSTIVE,0.1639491379996798,2,0,1,2,1,,,,,,,,,,,,,44280,
ATLAS-B,tiny_01413,no_dag_reuse,atlas-b,UNSAT,MIN_EXPANDED_SIZE,0,0,NOT_APPLICABLE_UNSAT,0.714771201000076,2,0,1,2,1,,,,,,,,,,,1800,4483,99512,
MacroATLAS,tiny_01413,no_dag_reuse,macro,UNSAT,MIN_EXPANDED_SIZE,0,0,NOT_APPLICABLE_UNSAT,0.6145466749999287,2,0,1,2,1,,0,,,,,,,,,1508,2728,87708,
Oracle,tiny_01414,global_prop,oracle,SAT,MIN_EXPANDED_SIZE,0,2,REFERENCE_EXHAUSTIVE,0.21403873700000986,3,0,1,1,1,,,,,,,,,,,,,45224,
ATLAS-B,tiny_01414,global_prop,atlas-b,SAT,MIN_EXPANDED_SIZE,0,2,PASSED,0.8650252339998588,3,0,1,1,1,2,0,1,1,2,False,True,True,True,True,10112,32396,106032,
MacroATLAS,tiny_01414,global_prop,macro,SAT,MIN_EXPANDED_SIZE,0,2,PASSED,0.7649976619995869,3,0,1,1,1,2,0,1,1,2,False,True,True,True,True,2405,5126,104316,
Oracle,tiny_01415,repair,oracle,SAT,REPAIR,0,3,REFERENCE_EXHAUSTIVE,0.2140838079999412,4,0,1,1,1,,,,,,,,,,,,,46888,
ATLAS-B,tiny_01415,repair,atlas-b,SAT,REPAIR,0,3,PASSED,1.1654987590000019,4,0,1,1,1,3,0,2,2,3,False,True,True,True,True,9528,28796,131244,
MacroATLAS,tiny_01415,repair,macro,SAT,REPAIR,0,3,PASSED,1.015434040999935,4,0,1,1,1,3,0,2,2,3,False,True,True,True,True,3916,7936,130716,
Oracle,tiny_01416,plain,oracle,SAT,MIN_EXPANDED_SIZE,0,1,REFERENCE_EXHAUSTIVE,0.16399477999993906,2,0,1,1,1,,,,,,,,,,,,,44448,
ATLAS-B,tiny_01416,plain,atlas-b,SAT,MIN_EXPANDED_SIZE,0,1,PASSED,0.7149824670000271,2,0,1,1,1,1,0,0,0,1,False,True,True,True,True,5526,17310,96348,
MacroATLAS,tiny_01416,plain,macro,SAT,MIN_EXPANDED_SIZE,0,1,PASSED,0.6145274139998946,2,0,1,1,1,1,0,0,0,1,False,True,True,True,True,320,523,87196,
Oracle,tiny_01417,nnf,oracle,SAT,MIN_EXPANDED_SIZE,0,1,REFERENCE_EXHAUSTIVE,0.21410793799987005,2,0,1,1,1,,,,,,,,,,,,,44548,
ATLAS-B,tiny_01417,nnf,atlas-b,SAT,MIN_EXPANDED_SIZE,0,1,PASSED,0.7649986420001369,2,0,1,1,1,1,0,0,0,1,False,True,True,True,True,5531,17320,97744,
MacroATLAS,tiny_01417,nnf,macro,SAT,MIN_EXPANDED_SIZE,0,1,PASSED,0.664703333000034,2,0,1,1,1,1,0,0,0,1,False,True,True,True,True,667,1204,96852,
Oracle,tiny_01418,cnf,oracle,SAT,MIN_EXPANDED_SIZE,0,2,REFERENCE_EXHAUSTIVE,0.21404561600002125,3,0,1,1,1,,,,,,,,,,,,,44964,
ATLAS-B,tiny_01418,cnf,atlas-b,SAT,MIN_EXPANDED_SIZE,0,2,PASSED,0.7649643320000905,3,0,1,1,1,2,0,1,1,2,False,True,True,True,True,10103,32440,103788,
MacroATLAS,tiny_01418,cnf,macro,SAT,MIN_EXPANDED_SIZE,0,2,PASSED,0.8650748850000127,3,0,1,1,1,2,0,1,1,2,False,True,True,True,True,3025,6690,121024,
Oracle,tiny_01419,dnf,oracle,SAT,MIN_EXPANDED_SIZE,0,2,REFERENCE_EXHAUSTIVE,0.2141076080001767,3,0,1,1,1,,,,,,,,,,,,,45512,
ATLAS-B,tiny_01419,dnf,atlas-b,SAT,MIN_EXPANDED_SIZE,0,2,PASSED,0.6647567049999452,3,0,1,1,1,2,0,1,1,2,False,True,True,True,True,1475,3497,90984,
MacroATLAS,tiny_01419,dnf,macro,SAT,MIN_EXPANDED_SIZE,0,2,PASSED,0.8150366989998474,3,0,1,1,1,2,0,1,1,2,False,True,True,True,True,3025,6690,113272,
Oracle,tiny_01420,required,oracle,SAT,MIN_EXPANDED_SIZE,0,1,REFERENCE_EXHAUSTIVE,0.21413615899973593,2,0,1,1,1,,,,,,,,,,,,,44644,
ATLAS-B,tiny_01420,required,atlas-b,SAT,MIN_EXPANDED_SIZE,0,1,PASSED,0.6646790529998725,2,0,1,1,1,1,0,0,0,1,False,True,True,True,True,1881,5002,98040,
MacroATLAS,tiny_01420,required,macro,SAT,MIN_EXPANDED_SIZE,0,1,PASSED,0.6146327759997803,2,0,1,1,1,1,0,0,0,1,False,True,True,True,True,320,523,85856,
Oracle,tiny_01421,no_dag_reuse,oracle,SAT,MIN_EXPANDED_SIZE,0,1,REFERENCE_EXHAUSTIVE,0.1640208310000162,2,0,1,1,1,,,,,,,,,,,,,44440,
ATLAS-B,tiny_01421,no_dag_reuse,atlas-b,SAT,MIN_EXPANDED_SIZE,0,1,PASSED,0.764806117000262,2,0,1,1,1,1,0,0,0,1,False,True,True,True,True,4096,12339,97000,
MacroATLAS,tiny_01421,no_dag_reuse,macro,SAT,MIN_EXPANDED_SIZE,0,1,PASSED,0.6647707649999575,2,0,1,1,1,1,0,0,0,1,False,True,True,True,True,1321,2432,90380,
Oracle,tiny_01422,global_prop,oracle,SAT,MIN_EXPANDED_SIZE,0,3,REFERENCE_EXHAUSTIVE,0.2140873369999099,4,0,1,1,1,,,,,,,,,,,,,45992,
ATLAS-B,tiny_01422,global_prop,atlas-b,SAT,MIN_EXPANDED_SIZE,0,3,PASSED,0.7648239579998517,4,0,1,1,1,3,0,2,2,3,False,True,True,True,True,8327,25404,101812,
MacroATLAS,tiny_01422,global_prop,macro,SAT,MIN_EXPANDED_SIZE,0,3,PASSED,0.8149168459999601,4,0,1,1,1,3,0,2,2,3,False,True,True,True,True,2920,6505,107040,
Oracle,tiny_01423,repair,oracle,UNSAT,REPAIR,0,0,REFERENCE_EXHAUSTIVE,0.21405113700029688,2,0,1,2,1,,,,,,,,,,,,,45072,
ATLAS-B,tiny_01423,repair,atlas-b,UNSAT,REPAIR,0,0,NOT_APPLICABLE_UNSAT,0.9150900909999109,2,0,1,2,1,,,,,,,,,,,6759,20719,128456,
MacroATLAS,tiny_01423,repair,macro,UNSAT,REPAIR,0,0,NOT_APPLICABLE_UNSAT,0.8652012580000701,2,0,1,2,1,,0,,,,,,,,,1378,2362,121728,
Oracle,tiny_01424,plain,oracle,SAT,MIN_EXPANDED_SIZE,0,2,REFERENCE_EXHAUSTIVE,0.21403274700014663,3,0,1,1,1,,,,,,,,,,,,,44640,
ATLAS-B,tiny_01424,plain,atlas-b,SAT,MIN_EXPANDED_SIZE,0,2,PASSED,0.8651760570000988,3,0,1,1,1,2,0,1,1,2,False,True,True,True,True,10070,32386,109796,
MacroATLAS,tiny_01424,plain,macro,SAT,MIN_EXPANDED_SIZE,0,2,PASSED,0.6648152860002483,3,0,1,1,1,2,0,1,1,2,False,True,True,True,True,1214,2267,94500,
Oracle,tiny_01425,nnf,oracle,SAT,MIN_EXPANDED_SIZE,0,2,REFERENCE_EXHAUSTIVE,0.21418898000001718,3,0,1,1,1,,,,,,,,,,,,,45216,
ATLAS-B,tiny_01425,nnf,atlas-b,SAT,MIN_EXPANDED_SIZE,0,2,PASSED,0.8148417550000886,3,0,1,1,1,2,0,1,1,2,False,True,True,True,True,10078,32400,108476,
MacroATLAS,tiny_01425,nnf,macro,SAT,MIN_EXPANDED_SIZE,0,2,PASSED,0.7148068820001754,3,0,1,1,1,2,0,1,1,2,False,True,True,True,True,2284,4809,102128,
Oracle,tiny_01426,cnf,oracle,SAT,MIN_EXPANDED_SIZE,0,3,REFERENCE_EXHAUSTIVE,0.21401091600000655,3,1,2,1,2,,,,,,,,,,,,,46660,
ATLAS-B,tiny_01426,cnf,atlas-b,SAT,MIN_EXPANDED_SIZE,0,3,PASSED,0.9654627350000737,3,1,2,1,2,3,1,0,0,3,False,True,True,True,True,16539,53826,126684,
MacroATLAS,tiny_01426,cnf,macro,SAT,MIN_EXPANDED_SIZE,0,3,PASSED,0.9152582060000896,3,1,2,1,2,3,1,0,0,3,False,True,True,True,True,5286,12159,126564,
Oracle,tiny_01427,dnf,oracle,SAT,MIN_EXPANDED_SIZE,0,3,REFERENCE_EXHAUSTIVE,0.2140429769997354,3,1,2,1,2,,,,,,,,,,,,,46844,
ATLAS-B,tiny_01427,dnf,atlas-b,SAT,MIN_EXPANDED_SIZE,0,3,PASSED,0.8149892870001167,3,1,2,1,2,3,1,0,0,3,False,True,True,True,True,7155,21500,107820,
MacroATLAS,tiny_01427,dnf,macro,SAT,MIN_EXPANDED_SIZE,0,3,PASSED,0.864983272000245,3,1,2,1,2,3,1,0,0,3,False,True,True,True,True,5286,12159,124536,
Oracle,tiny_01428,required,oracle,SAT,MIN_EXPANDED_SIZE,0,2,REFERENCE_EXHAUSTIVE,0.21404313600032765,3,0,1,1,1,,,,,,,,,,,,,45028,
ATLAS-B,tiny_01428,required,atlas-b,SAT,MIN_EXPANDED_SIZE,0,2,PASSED,0.7648036669997964,3,0,1,1,1,2,0,1,1,2,False,True,True,True,True,5846,17758,98240,
MacroATLAS,tiny_01428,required,macro,SAT,MIN_EXPANDED_SIZE,0,2,PASSED,0.664763584999946,3,0,1,1,1,2,0,1,1,2,False,True,True,True,True,1214,2267,89512,
Oracle,tiny_01429,no_dag_reuse,oracle,SAT,MIN_EXPANDED_SIZE,0,2,REFERENCE_EXHAUSTIVE,0.2141173790000721,3,0,1,1,1,,,,,,,,,,,,,45260,
ATLAS-B,tiny_01429,no_dag_reuse,atlas-b,SAT,MIN_EXPANDED_SIZE,0,2,PASSED,0.7648938090001138,3,0,1,1,1,2,0,1,1,2,False,True,True,True,True,5879,17810,103012,
MacroATLAS,tiny_01429,no_dag_reuse,macro,SAT,MIN_EXPANDED_SIZE,0,2,PASSED,0.6647489440001664,3,0,1,1,1,2,0,1,1,2,False,True,True,True,True,1420,2690,91072,
Oracle,tiny_01430,global_prop,oracle,SAT,MIN_EXPANDED_SIZE,0,4,REFERENCE_EXHAUSTIVE,0.31429270400030873,4,1,2,1,2,,,,,,,,,,,,,72668,
ATLAS-B,tiny_01430,global_prop,atlas-b,SAT,MIN_EXPANDED_SIZE,0,4,PASSED,0.8650409739998395,4,1,2,1,2,4,1,1,1,4,False,True,True,True,True,17330,55216,123704,
MacroATLAS,tiny_01430,global_prop,macro,SAT,MIN_EXPANDED_SIZE,0,4,PASSED,0.9152535150001313,4,1,2,1,2,4,1,1,1,4,False,True,True,True,True,6887,16121,131932,
Oracle,tiny_01431,repair,oracle,SAT,REPAIR,1,2,REFERENCE_EXHAUSTIVE,0.21412977899990437,3,0,1,1,1,,,,,,,,,,,,,46052,
ATLAS-B,tiny_01431,repair,atlas-b,SAT,REPAIR,1,2,PASSED,0.8652588889999606,3,0,1,1,1,2,0,1,1,2,False,True,True,True,True,11569,37001,111480,
MacroATLAS,tiny_01431,repair,macro,SAT,REPAIR,1,2,PASSED,0.7648832189997847,3,0,1,1,1,2,0,1,1,2,False,True,True,True,True,2316,4422,97636,
Oracle,tiny_01432,plain,oracle,SAT,MIN_EXPANDED_SIZE,0,3,REFERENCE_EXHAUSTIVE,0.21408860799965623,3,1,2,1,2,,,,,,,,,,,,,46992,
ATLAS-B,tiny_01432,plain,atlas-b,SAT,MIN_EXPANDED_SIZE,0,3,PASSED,0.8648933609997584,3,1,2,1,2,3,1,0,0,3,False,True,True,True,True,9624,29916,104740,
MacroATLAS,tiny_01432,plain,macro,SAT,MIN_EXPANDED_SIZE,0,3,PASSED,0.7648975499996595,3,1,2,1,2,3,1,0,0,3,False,True,True,True,True,2616,5312,105572,
Oracle,tiny_01433,nnf,oracle,SAT,MIN_EXPANDED_SIZE,0,3,REFERENCE_EXHAUSTIVE,0.2641494560002684,3,1,2,1,2,,,,,,,,,,,,,47036,
ATLAS-B,tiny_01433,nnf,atlas-b,SAT,MIN_EXPANDED_SIZE,0,3,PASSED,0.8651751370002785,3,1,2,1,2,3,1,0,0,3,False,True,True,True,True,12716,40540,110852,
MacroATLAS,tiny_01433,nnf,macro,SAT,MIN_EXPANDED_SIZE,0,3,PASSED,0.9151792229999955,3,1,2,1,2,3,1,0,0,3,False,True,True,True,True,4466,10083,121388,
Oracle,tiny_01434,cnf,oracle,SAT,MIN_EXPANDED_SIZE,0,3,REFERENCE_EXHAUSTIVE,0.21404952700004287,3,1,2,2,1,,,,,,,,,,,,,46492,
ATLAS-B,tiny_01434,cnf,atlas-b,SAT,MIN_EXPANDED_SIZE,0,3,PASSED,0.8148466640000152,3,1,2,2,1,3,1,0,0,3,False,True,True,True,True,12741,40591,117812,
MacroATLAS,tiny_01434,cnf,macro,SAT,MIN_EXPANDED_SIZE,0,3,PASSED,0.9149965390001853,3,1,2,2,1,3,1,0,0,3,False,True,True,True,True,5286,12159,127820,
Oracle,tiny_01435,dnf,oracle,SAT,MIN_EXPANDED_SIZE,0,3,REFERENCE_EXHAUSTIVE,0.21413472900030683,3,1,2,2,1,,,,,,,,,,,,,47392,
ATLAS-B,tiny_01435,dnf,atlas-b,SAT,MIN_EXPANDED_SIZE,0,3,PASSED,0.8147904630000085,3,1,2,2,1,3,1,0,0,3,False,True,True,True,True,7155,21505,103528,
MacroATLAS,tiny_01435,dnf,macro,SAT,MIN_EXPANDED_SIZE,0,3,PASSED,0.9651006369999777,3,1,2,2,1,3,1,0,0,3,False,True,True,True,True,5286,12159,133392,
Oracle,tiny_01436,required,oracle,SAT,MIN_EXPANDED_SIZE,0,3,REFERENCE_EXHAUSTIVE,0.21410554800013415,3,1,2,1,2,,,,,,,,,,,,,46848,
ATLAS-B,tiny_01436,required,atlas-b,SAT,MIN_EXPANDED_SIZE,0,3,PASSED,0.7648235569999997,3,1,2,1,2,3,1,0,0,3,False,True,True,True,True,3448,9449,103276,
MacroATLAS,tiny_01436,required,macro,SAT,MIN_EXPANDED_SIZE,0,3,PASSED,0.7649160999999367,3,1,2,1,2,3,1,0,0,3,False,True,True,True,True,3248,6867,102024,
Oracle,tiny_01437,no_dag_reuse,oracle,SAT,MIN_EXPANDED_SIZE,0,3,REFERENCE_EXHAUSTIVE,0.214097029000186,3,1,2,1,2,,,,,,,,,,,,,47240,
ATLAS-B,tiny_01437,no_dag_reuse,atlas-b,SAT,MIN_EXPANDED_SIZE,0,3,PASSED,0.9150535200001286,3,1,2,1,2,3,1,0,0,3,False,True,True,True,True,16554,53837,129008,
MacroATLAS,tiny_01437,no_dag_reuse,macro,SAT,MIN_EXPANDED_SIZE,0,3,PASSED,0.7149342039997464,3,1,2,1,2,3,1,0,0,3,False,True,True,True,True,2914,5792,97176,
Oracle,tiny_01438,global_prop,oracle,SAT,MIN_EXPANDED_SIZE,0,4,REFERENCE_EXHAUSTIVE,0.31438616600007663,4,1,2,2,1,,,,,,,,,,,,,75048,
ATLAS-B,tiny_01438,global_prop,atlas-b,SAT,MIN_EXPANDED_SIZE,0,4,PASSED,1.015324297999996,4,1,2,2,1,4,1,1,1,4,False,True,True,True,True,22169,72028,134112,
MacroATLAS,tiny_01438,global_prop,macro,SAT,MIN_EXPANDED_SIZE,0,4,PASSED,0.9150835509999524,4,1,2,2,1,4,1,1,1,4,False,True,True,True,True,6887,16121,128372,
Oracle,tiny_01439,repair,oracle,SAT,REPAIR,0,3,REFERENCE_EXHAUSTIVE,0.2140379769998617,4,0,1,1,1,,,,,,,,,,,,,47136,
ATLAS-B,tiny_01439,repair,atlas-b,SAT,REPAIR,0,3,PASSED,1.065399176000028,4,0,1,1,1,3,0,2,2,3,False,True,True,True,True,7286,21199,135480,
MacroATLAS,tiny_01439,repair,macro,SAT,REPAIR,0,3,PASSED,1.0153691400000753,4,0,1,1,1,3,0,2,2,3,False,True,True,True,True,3916,7936,125732,
Oracle,tiny_01440,plain,oracle,SAT,MIN_EXPANDED_SIZE,0,3,REFERENCE_EXHAUSTIVE,0.21415754000008747,3,1,2,2,1,,,,,,,,,,,,,46608,
ATLAS-B,tiny_01440,plain,atlas-b,SAT,MIN_EXPANDED_SIZE,0,3,PASSED,0.8150578189997759,3,1,2,2,1,3,1,0,0,3,False,True,True,True,True,9624,29917,108000,
MacroATLAS,tiny_01440,plain,macro,SAT,MIN_EXPANDED_SIZE,0,3,PASSED,0.7649411110000983,3,1,2,2,1,3,1,0,0,3,False,True,True,True,True,2616,5312,100512,
Oracle,tiny_01441,nnf,oracle,SAT,MIN_EXPANDED_SIZE,0,3,REFERENCE_EXHAUSTIVE,0.21405977699987488,3,1,2,2,1,,,,,,,,,,,,,46984,
ATLAS-B,tiny_01441,nnf,atlas-b,SAT,MIN_EXPANDED_SIZE,0,3,PASSED,0.8651094860001649,3,1,2,2,1,3,1,0,0,3,False,True,True,True,True,9630,29931,110888,
MacroATLAS,tiny_01441,nnf,macro,SAT,MIN_EXPANDED_SIZE,0,3,PASSED,0.8649748729999374,3,1,2,2,1,3,1,0,0,3,False,True,True,True,True,4466,10083,111028,
Oracle,tiny_01442,cnf,oracle,UNSAT,MIN_EXPANDED_SIZE,0,0,REFERENCE_EXHAUSTIVE,0.2140644279998014,2,0,1,2,1,,,,,,,,,,,,,44992,
ATLAS-B,tiny_01442,cnf,atlas-b,UNSAT,MIN_EXPANDED_SIZE,0,0,NOT_APPLICABLE_UNSAT,0.7147135489999528,2,0,1,2,1,,,,,,,,,,,2667,7176,95324,
MacroATLAS,tiny_01442,cnf,macro,UNSAT,MIN_EXPANDED_SIZE,0,0,NOT_APPLICABLE_UNSAT,0.8648685000002843,2,0,1,2,1,,0,,,,,,,,,3209,6984,115800,
Oracle,tiny_01443,dnf,oracle,UNSAT,MIN_EXPANDED_SIZE,0,0,REFERENCE_EXHAUSTIVE,0.21402855600035764,2,0,1,2,1,,,,,,,,,,,,,44984,
ATLAS-B,tiny_01443,dnf,atlas-b,UNSAT,MIN_EXPANDED_SIZE,0,0,NOT_APPLICABLE_UNSAT,0.765073854000093,2,0,1,2,1,,,,,,,,,,,8134,25638,103040,
MacroATLAS,tiny_01443,dnf,macro,UNSAT,MIN_EXPANDED_SIZE,0,0,NOT_APPLICABLE_UNSAT,0.8150412180002604,2,0,1,2,1,,0,,,,,,,,,3022,6688,106812,
Oracle,tiny_01444,required,oracle,SAT,MIN_EXPANDED_SIZE,0,3,REFERENCE_EXHAUSTIVE,0.21403371700034768,3,1,2,2,1,,,,,,,,,,,,,46964,
ATLAS-B,tiny_01444,required,atlas-b,SAT,MIN_EXPANDED_SIZE,0,3,PASSED,0.9150590809999812,3,1,2,2,1,3,1,0,0,3,False,True,True,True,True,12707,40526,118880,
MacroATLAS,tiny_01444,required,macro,SAT,MIN_EXPANDED_SIZE,0,3,PASSED,0.7650737029998709,3,1,2,2,1,3,1,0,0,3,False,True,True,True,True,3248,6867,103116,
Oracle,tiny_01445,no_dag_reuse,oracle,SAT,MIN_EXPANDED_SIZE,0,3,REFERENCE_EXHAUSTIVE,0.2141033879997849,3,1,2,2,1,,,,,,,,,,,,,47068,
ATLAS-B,tiny_01445,no_dag_reuse,atlas-b,SAT,MIN_EXPANDED_SIZE,0,3,PASSED,0.8652277989999675,3,1,2,2,1,3,1,0,0,3,False,True,True,True,True,12755,40596,109608,
MacroATLAS,tiny_01445,no_dag_reuse,macro,SAT,MIN_EXPANDED_SIZE,0,3,PASSED,0.7648509790001299,3,1,2,2,1,3,1,0,0,3,False,True,True,True,True,2914,5792,101764,
Oracle,tiny_01446,global_prop,oracle,UNSAT,MIN_EXPANDED_SIZE,0,0,REFERENCE_EXHAUSTIVE,0.2139923849999832,2,0,1,2,1,,,,,,,,,,,,,44812,
ATLAS-B,tiny_01446,global_prop,atlas-b,UNSAT,MIN_EXPANDED_SIZE,0,0,NOT_APPLICABLE_UNSAT,0.7147798310002145,2,0,1,2,1,,,,,,,,,,,4253,12343,93684,
MacroATLAS,tiny_01446,global_prop,macro,UNSAT,MIN_EXPANDED_SIZE,0,0,NOT_APPLICABLE_UNSAT,0.765025902999696,2,0,1,2,1,,0,,,,,,,,,2402,5124,106700,
Oracle,tiny_01447,repair,oracle,UNSAT,REPAIR,0,0,REFERENCE_EXHAUSTIVE,0.21407324800020433,2,0,1,2,1,,,,,,,,,,,,,45060,
ATLAS-B,tiny_01447,repair,atlas-b,UNSAT,REPAIR,0,0,NOT_APPLICABLE_UNSAT,0.8651324670004215,2,0,1,2,1,,,,,,,,,,,4859,14261,113684,
MacroATLAS,tiny_01447,repair,macro,UNSAT,REPAIR,0,0,NOT_APPLICABLE_UNSAT,0.9151191710002422,2,0,1,2,1,,0,,,,,,,,,1378,2362,124440,
Oracle,tiny_01448,plain,oracle,SAT,MIN_EXPANDED_SIZE,0,2,REFERENCE_EXHAUSTIVE,0.1640520020000622,3,0,1,1,1,,,,,,,,,,,,,44768,
ATLAS-B,tiny_01448,plain,atlas-b,SAT,MIN_EXPANDED_SIZE,0,2,PASSED,0.71506848800027,3,0,1,1,1,2,0,1,1,2,False,True,True,True,True,4324,12625,94896,
MacroATLAS,tiny_01448,plain,macro,SAT,MIN_EXPANDED_SIZE,0,2,PASSED,0.7147955619998356,3,0,1,1,1,2,0,1,1,2,False,True,True,True,True,1847,3477,97544,
Oracle,tiny_01449,nnf,oracle,SAT,MIN_EXPANDED_SIZE,0,2,REFERENCE_EXHAUSTIVE,0.2140048759997626,3,0,1,1,1,,,,,,,,,,,,,44768,
ATLAS-B,tiny_01449,nnf,atlas-b,SAT,MIN_EXPANDED_SIZE,0,2,PASSED,0.8148306739999498,3,0,1,1,1,2,0,1,1,2,False,True,True,True,True,10079,32399,106020,
MacroATLAS,tiny_01449,nnf,macro,SAT,MIN_EXPANDED_SIZE,0,2,PASSED,0.8649676229997567,3,0,1,1,1,2,0,1,1,2,False,True,True,True,True,4137,9227,119680,
Oracle,tiny_01450,cnf,oracle,SAT,MIN_EXPANDED_SIZE,0,1,REFERENCE_EXHAUSTIVE,0.21413566899991565,2,0,1,1,1,,,,,,,,,,,,,44284,
ATLAS-B,tiny_01450,cnf,atlas-b,SAT,MIN_EXPANDED_SIZE,0,1,PASSED,0.6147373190001417,2,0,1,1,1,1,0,0,0,1,False,True,True,True,True,887,1976,89360,
MacroATLAS,tiny_01450,cnf,macro,SAT,MIN_EXPANDED_SIZE,0,1,PASSED,0.7147708709999279,2,0,1,1,1,1,0,0,0,1,False,True,True,True,True,888,1673,99824,
Oracle,tiny_01451,dnf,oracle,SAT,MIN_EXPANDED_SIZE,0,1,REFERENCE_EXHAUSTIVE,0.21418816999994306,2,0,1,1,1,,,,,,,,,,,,,44992,
ATLAS-B,tiny_01451,dnf,atlas-b,SAT,MIN_EXPANDED_SIZE,0,1,PASSED,0.8149606269998912,2,0,1,1,1,1,0,0,0,1,False,True,True,True,True,7391,23800,103096,
MacroATLAS,tiny_01451,dnf,macro,SAT,MIN_EXPANDED_SIZE,0,1,PASSED,0.7648041470001772,2,0,1,1,1,1,0,0,0,1,False,True,True,True,True,888,1673,110012,
Oracle,tiny_01452,required,oracle,SAT,MIN_EXPANDED_SIZE,0,2,REFERENCE_EXHAUSTIVE,0.21412677899979826,3,0,1,1,1,,,,,,,,,,,,,44872,
ATLAS-B,tiny_01452,required,atlas-b,SAT,MIN_EXPANDED_SIZE,0,2,PASSED,0.7151315999999497,3,0,1,1,1,2,0,1,1,2,False,True,True,True,True,2944,8076,98572,
MacroATLAS,tiny_01452,required,macro,SAT,MIN_EXPANDED_SIZE,0,2,PASSED,0.7147179789999427,3,0,1,1,1,2,0,1,1,2,False,True,True,True,True,2042,3862,96864,
Oracle,tiny_01453,no_dag_reuse,oracle,SAT,MIN_EXPANDED_SIZE,0,2,REFERENCE_EXHAUSTIVE,0.21407958800000415,3,0,1,1,1,,,,,,,,,,,,,45092,
ATLAS-B,tiny_01453,no_dag_reuse,atlas-b,SAT,MIN_EXPANDED_SIZE,0,2,PASSED,0.8150469590000284,3,0,1,1,1,2,0,1,1,2,False,True,True,True,True,10103,32436,110184,
MacroATLAS,tiny_01453,no_dag_reuse,macro,SAT,MIN_EXPANDED_SIZE,0,2,PASSED,0.8149124659998961,3,0,1,1,1,2,0,1,1,2,False,True,True,True,True,4197,8784,110204,
Oracle,tiny_01454,global_prop,oracle,SAT,MIN_EXPANDED_SIZE,0,2,REFERENCE_EXHAUSTIVE,0.21408975800022745,3,0,1,1,1,,,,,,,,,,,,,45104,
ATLAS-B,tiny_01454,global_prop,atlas-b,SAT,MIN_EXPANDED_SIZE,0,2,PASSED,0.8650037540000994,3,0,1,1,1,2,0,1,1,2,False,True,True,True,True,10111,32395,107912,
MacroATLAS,tiny_01454,global_prop,macro,SAT,MIN_EXPANDED_SIZE,0,2,PASSED,0.8149824770002851,3,0,1,1,1,2,0,1,1,2,False,True,True,True,True,2405,5126,111184,
Oracle,tiny_01455,repair,oracle,SAT,REPAIR,1,2,REFERENCE_EXHAUSTIVE,0.21419553099985933,3,0,1,1,1,,,,,,,,,,,,,45012,
ATLAS-B,tiny_01455,repair,atlas-b,SAT,REPAIR,1,2,PASSED,0.9152491350000673,3,0,1,1,1,2,0,1,1,2,False,True,True,True,True,11569,37002,114592,
MacroATLAS,tiny_01455,repair,macro,SAT,REPAIR,1,2,PASSED,0.7151423200002682,3,0,1,1,1,2,0,1,1,2,False,True,True,True,True,2316,4422,96568,
Oracle,tiny_01456,plain,oracle,SAT,MIN_EXPANDED_SIZE,0,2,REFERENCE_EXHAUSTIVE,0.16398411000000124,3,0,1,1,1,,,,,,,,,,,,,44628,
ATLAS-B,tiny_01456,plain,atlas-b,SAT,MIN_EXPANDED_SIZE,0,2,PASSED,0.764787886999784,3,0,1,1,1,2,0,1,1,2,False,True,True,True,True,4326,12627,105284,
MacroATLAS,tiny_01456,plain,macro,SAT,MIN_EXPANDED_SIZE,0,2,PASSED,0.7649073190000308,3,0,1,1,1,2,0,1,1,2,False,True,True,True,True,2806,5303,100796,
Oracle,tiny_01457,nnf,oracle,SAT,MIN_EXPANDED_SIZE,0,2,REFERENCE_EXHAUSTIVE,0.21400730499999554,3,0,1,1,1,,,,,,,,,,,,,44916,
ATLAS-B,tiny_01457,nnf,atlas-b,SAT,MIN_EXPANDED_SIZE,0,2,PASSED,0.8649927339997703,3,0,1,1,1,2,0,1,1,2,False,True,True,True,True,10080,32403,113888,
MacroATLAS,tiny_01457,nnf,macro,SAT,MIN_EXPANDED_SIZE,0,2,PASSED,0.9650309650000963,3,0,1,1,1,2,0,1,1,2,False,True,True,True,True,4921,10688,129136,
Oracle,tiny_01458,cnf,oracle,SAT,MIN_EXPANDED_SIZE,0,2,REFERENCE_EXHAUSTIVE,0.21450779699989653,3,0,1,1,1,,,,,,,,,,,,,44912,
ATLAS-B,tiny_01458,cnf,atlas-b,SAT,MIN_EXPANDED_SIZE,0,2,PASSED,0.8149989280000227,3,0,1,1,1,2,0,1,1,2,False,True,True,True,True,10104,32436,108784,
MacroATLAS,tiny_01458,cnf,macro,SAT,MIN_EXPANDED_SIZE,0,2,PASSED,0.8652515689996108,3,0,1,1,1,2,0,1,1,2,False,True,True,True,True,3025,6690,110412,
Oracle,tiny_01459,dnf,oracle,SAT,MIN_EXPANDED_SIZE,0,2,REFERENCE_EXHAUSTIVE,0.21411434900028326,3,0,1,1,1,,,,,,,,,,,,,45100,
ATLAS-B,tiny_01459,dnf,atlas-b,SAT,MIN_EXPANDED_SIZE,0,2,PASSED,0.7649407009998868,3,0,1,1,1,2,0,1,1,2,False,True,True,True,True,4357,12681,97904,
MacroATLAS,tiny_01459,dnf,macro,SAT,MIN_EXPANDED_SIZE,0,2,PASSED,0.9650940470000933,3,0,1,1,1,2,0,1,1,2,False,True,True,True,True,3025,6690,125492,
Oracle,tiny_01460,required,oracle,SAT,MIN_EXPANDED_SIZE,0,2,REFERENCE_EXHAUSTIVE,0.16399420999960057,3,0,1,1,1,,,,,,,,,,,,,45096,
ATLAS-B,tiny_01460,required,atlas-b,SAT,MIN_EXPANDED_SIZE,0,2,PASSED,0.8149013450001803,3,0,1,1,1,2,0,1,1,2,False,True,True,True,True,10072,32385,108760,
MacroATLAS,tiny_01460,required,macro,SAT,MIN_EXPANDED_SIZE,0,2,PASSED,0.7648466079999707,3,0,1,1,1,2,0,1,1,2,False,True,True,True,True,3021,6014,102172,
Oracle,tiny_01461,no_dag_reuse,oracle,SAT,MIN_EXPANDED_SIZE,0,2,REFERENCE_EXHAUSTIVE,0.21407813799987707,3,0,1,1,1,,,,,,,,,,,,,45228,
ATLAS-B,tiny_01461,no_dag_reuse,atlas-b,SAT,MIN_EXPANDED_SIZE,0,2,PASSED,0.7650213229999281,3,0,1,1,1,2,0,1,1,2,False,True,True,True,True,5880,17809,97944,
MacroATLAS,tiny_01461,no_dag_reuse,macro,SAT,MIN_EXPANDED_SIZE,0,2,PASSED,0.8651074969998263,3,0,1,1,1,2,0,1,1,2,False,True,True,True,True,4070,7895,116604,
Oracle,tiny_01462,global_prop,oracle,SAT,MIN_EXPANDED_SIZE,0,3,REFERENCE_EXHAUSTIVE,0.21415188000037233,4,0,1,1,1,,,,,,,,,,,,,46480,
ATLAS-B,tiny_01462,global_prop,atlas-b,SAT,MIN_EXPANDED_SIZE,0,3,PASSED,0.8151569520000521,4,0,1,1,1,3,0,2,2,3,False,True,True,True,True,10770,33784,112308,
MacroATLAS,tiny_01462,global_prop,macro,SAT,MIN_EXPANDED_SIZE,0,3,PASSED,0.8651888979998148,4,0,1,1,1,3,0,2,2,3,False,True,True,True,True,2920,6505,116176,
Oracle,tiny_01463,repair,oracle,SAT,REPAIR,0,3,REFERENCE_EXHAUSTIVE,0.2141648100000566,4,0,1,1,1,,,,,,,,,,,,,47108,
ATLAS-B,tiny_01463,repair,atlas-b,SAT,REPAIR,0,3,PASSED,1.0152450949999547,4,0,1,1,1,3,0,2,2,3,False,True,True,True,True,5290,14564,126888,
MacroATLAS,tiny_01463,repair,macro,SAT,REPAIR,0,3,PASSED,1.0152728269999898,4,0,1,1,1,3,0,2,2,3,False,True,True,True,True,3916,7936,129460,
Oracle,tiny_01464,plain,oracle,SAT,MIN_EXPANDED_SIZE,0,3,REFERENCE_EXHAUSTIVE,0.21407813799987707,4,0,1,1,1,,,,,,,,,,,,,46516,
ATLAS-B,tiny_01464,plain,atlas-b,SAT,MIN_EXPANDED_SIZE,0,3,PASSED,0.9153784579998501,4,0,1,1,1,3,0,2,2,3,False,True,True,True,True,13678,44057,115880,
MacroATLAS,tiny_01464,plain,macro,SAT,MIN_EXPANDED_SIZE,0,3,PASSED,0.9151091310000083,4,0,1,1,1,3,0,2,2,3,False,True,True,True,True,7554,16207,132816,
Oracle,tiny_01465,nnf,oracle,SAT,MIN_EXPANDED_SIZE,0,3,REFERENCE_EXHAUSTIVE,0.21408428799986723,4,0,1,1,1,,,,,,,,,,,,,46260,
ATLAS-B,tiny_01465,nnf,atlas-b,SAT,MIN_EXPANDED_SIZE,0,3,PASSED,0.8150817800001278,4,0,1,1,1,3,0,2,2,3,False,True,True,True,True,8273,25407,105336,
MacroATLAS,tiny_01465,nnf,macro,SAT,MIN_EXPANDED_SIZE,0,3,PASSED,1.0653795949997402,4,0,1,1,1,3,0,2,2,3,False,True,True,True,True,8697,20192,137184,
Oracle,tiny_01466,cnf,oracle,SAT,MIN_EXPANDED_SIZE,0,3,REFERENCE_EXHAUSTIVE,0.21403010600033667,3,1,2,1,2,,,,,,,,,,,,,47080,
ATLAS-B,tiny_01466,cnf,atlas-b,SAT,MIN_EXPANDED_SIZE,0,3,PASSED,0.9655549379999684,3,1,2,1,2,3,1,0,0,3,False,True,True,True,True,16540,53818,130960,
MacroATLAS,tiny_01466,cnf,macro,SAT,MIN_EXPANDED_SIZE,0,3,PASSED,1.0152689870001268,3,1,2,1,2,3,1,0,0,3,False,True,True,True,True,5286,12159,135084,
Oracle,tiny_01467,dnf,oracle,SAT,MIN_EXPANDED_SIZE,0,3,REFERENCE_EXHAUSTIVE,0.21411472799991316,3,1,2,1,2,,,,,,,,,,,,,46700,
ATLAS-B,tiny_01467,dnf,atlas-b,SAT,MIN_EXPANDED_SIZE,0,3,PASSED,0.7649165599996195,3,1,2,1,2,3,1,0,0,3,False,True,True,True,True,3483,9506,104928,
MacroATLAS,tiny_01467,dnf,macro,SAT,MIN_EXPANDED_SIZE,0,3,PASSED,0.9150564500000655,3,1,2,1,2,3,1,0,0,3,False,True,True,True,True,5286,12159,125316,
Oracle,tiny_01468,required,oracle,SAT,MIN_EXPANDED_SIZE,0,3,REFERENCE_EXHAUSTIVE,0.21409955799981617,4,0,1,1,1,,,,,,,,,,,,,46452,
ATLAS-B,tiny_01468,required,atlas-b,SAT,MIN_EXPANDED_SIZE,0,3,PASSED,0.915201973999956,4,0,1,1,1,3,0,2,2,3,False,True,True,True,True,13677,44057,116732,
MacroATLAS,tiny_01468,required,macro,SAT,MIN_EXPANDED_SIZE,0,3,PASSED,0.9152283550001812,4,0,1,1,1,3,0,2,2,3,False,True,True,True,True,7107,15160,131560,
Oracle,tiny_01469,no_dag_reuse,oracle,SAT,MIN_EXPANDED_SIZE,0,3,REFERENCE_EXHAUSTIVE,0.21406483700002354,4,0,1,1,1,,,,,,,,,,,,,46524,
ATLAS-B,tiny_01469,no_dag_reuse,atlas-b,SAT,MIN_EXPANDED_SIZE,0,3,PASSED,0.8652338890001374,4,0,1,1,1,3,0,2,2,3,False,True,True,True,True,10759,33839,110944,
MacroATLAS,tiny_01469,no_dag_reuse,macro,SAT,MIN_EXPANDED_SIZE,0,3,PASSED,0.9653305319998253,4,0,1,1,1,3,0,2,2,3,False,True,True,True,True,6385,13143,125384,
Oracle,tiny_01470,global_prop,oracle,SAT,MIN_EXPANDED_SIZE,0,4,REFERENCE_EXHAUSTIVE,0.31440042700023696,4,1,2,1,2,,,,,,,,,,,,,73848,
ATLAS-B,tiny_01470,global_prop,atlas-b,SAT,MIN_EXPANDED_SIZE,0,4,PASSED,0.9652329699997608,4,1,2,1,2,4,1,1,1,4,False,True,True,True,True,17330,55220,129428,
MacroATLAS,tiny_01470,global_prop,macro,SAT,MIN_EXPANDED_SIZE,0,4,PASSED,0.9649639929998557,4,1,2,1,2,4,1,1,1,4,False,True,True,True,True,6887,16121,132884,
Oracle,tiny_01471,repair,oracle,UNSAT,REPAIR,0,0,REFERENCE_EXHAUSTIVE,0.21407778800039523,2,0,1,2,1,,,,,,,,,,,,,45236,
ATLAS-B,tiny_01471,repair,atlas-b,UNSAT,REPAIR,0,0,NOT_APPLICABLE_UNSAT,1.0152439460002824,2,0,1,2,1,,,,,,,,,,,12164,39579,125416,
MacroATLAS,tiny_01471,repair,macro,UNSAT,REPAIR,0,0,NOT_APPLICABLE_UNSAT,0.8648921409999275,2,0,1,2,1,,0,,,,,,,,,1191,2066,112484,
Oracle,tiny_01472,plain,oracle,UNSAT,MIN_EXPANDED_SIZE,0,0,REFERENCE_EXHAUSTIVE,0.21409239800004798,2,0,1,2,1,,,,,,,,,,,,,44552,
ATLAS-B,tiny_01472,plain,atlas-b,UNSAT,MIN_EXPANDED_SIZE,0,0,NOT_APPLICABLE_UNSAT,0.7148100320000594,2,0,1,2,1,,,,,,,,,,,4229,12336,97072,
MacroATLAS,tiny_01472,plain,macro,UNSAT,MIN_EXPANDED_SIZE,0,0,NOT_APPLICABLE_UNSAT,0.6147854099999677,2,0,1,2,1,,0,,,,,,,,,1211,2265,88324,
Oracle,tiny_01473,nnf,oracle,UNSAT,MIN_EXPANDED_SIZE,0,0,REFERENCE_EXHAUSTIVE,0.21410767799989117,2,0,1,2,1,,,,,,,,,,,,,45016,
ATLAS-B,tiny_01473,nnf,atlas-b,UNSAT,MIN_EXPANDED_SIZE,0,0,NOT_APPLICABLE_UNSAT,0.7650252419998651,2,0,1,2,1,,,,,,,,,,,8115,25607,106732,
MacroATLAS,tiny_01473,nnf,macro,UNSAT,MIN_EXPANDED_SIZE,0,0,NOT_APPLICABLE_UNSAT,0.7650180329997056,2,0,1,2,1,,0,,,,,,,,,2468,5103,107532,
Oracle,tiny_01474,cnf,oracle,SAT,MIN_EXPANDED_SIZE,0,3,REFERENCE_EXHAUSTIVE,0.21415213000000222,3,1,2,2,1,,,,,,,,,,,,,46840,
ATLAS-B,tiny_01474,cnf,atlas-b,SAT,MIN_EXPANDED_SIZE,0,3,PASSED,0.9150809210000261,3,1,2,2,1,3,1,0,0,3,False,True,True,True,True,16538,53825,125916,
MacroATLAS,tiny_01474,cnf,macro,SAT,MIN_EXPANDED_SIZE,0,3,PASSED,0.9149790680003207,3,1,2,2,1,3,1,0,0,3,False,True,True,True,True,5286,12159,131992,
Oracle,tiny_01475,dnf,oracle,SAT,MIN_EXPANDED_SIZE,0,3,REFERENCE_EXHAUSTIVE,0.21411391899982846,3,1,2,2,1,,,,,,,,,,,,,46924,
ATLAS-B,tiny_01475,dnf,atlas-b,SAT,MIN_EXPANDED_SIZE,0,3,PASSED,0.8651680769999075,3,1,2,2,1,3,1,0,0,3,False,True,True,True,True,12741,40587,110560,
MacroATLAS,tiny_01475,dnf,macro,SAT,MIN_EXPANDED_SIZE,0,3,PASSED,0.9152429750001829,3,1,2,2,1,3,1,0,0,3,False,True,True,True,True,5286,12159,131604,
Oracle,tiny_01476,required,oracle,UNSAT,MIN_EXPANDED_SIZE,0,0,REFERENCE_EXHAUSTIVE,0.1640699620002124,2,0,1,2,1,,,,,,,,,,,,,44956,
ATLAS-B,tiny_01476,required,atlas-b,UNSAT,MIN_EXPANDED_SIZE,0,0,NOT_APPLICABLE_UNSAT,0.7650606130000597,2,0,1,2,1,,,,,,,,,,,10879,35294,101500,
MacroATLAS,tiny_01476,required,macro,UNSAT,MIN_EXPANDED_SIZE,0,0,NOT_APPLICABLE_UNSAT,0.6649179990004086,2,0,1,2,1,,0,,,,,,,,,1398,2561,89084,
Oracle,tiny_01477,no_dag_reuse,oracle,UNSAT,MIN_EXPANDED_SIZE,0,0,REFERENCE_EXHAUSTIVE,0.16394334899996466,2,0,1,2,1,,,,,,,,,,,,,44532,
ATLAS-B,tiny_01477,no_dag_reuse,atlas-b,UNSAT,MIN_EXPANDED_SIZE,0,0,NOT_APPLICABLE_UNSAT,0.7648220579999361,2,0,1,2,1,,,,,,,,,,,8130,25628,102980,
MacroATLAS,tiny_01477,no_dag_reuse,macro,UNSAT,MIN_EXPANDED_SIZE,0,0,NOT_APPLICABLE_UNSAT,0.6646745530001681,2,0,1,2,1,,0,,,,,,,,,1508,2728,90888,
Oracle,tiny_01478,global_prop,oracle,SAT,MIN_EXPANDED_SIZE,0,4,REFERENCE_EXHAUSTIVE,0.31419539200032887,4,1,2,2,1,,,,,,,,,,,,,74020,
ATLAS-B,tiny_01478,global_prop,atlas-b,SAT,MIN_EXPANDED_SIZE,0,4,PASSED,0.8150463590000072,4,1,2,2,1,4,1,1,1,4,False,True,True,True,True,10022,30279,109272,
MacroATLAS,tiny_01478,global_prop,macro,SAT,MIN_EXPANDED_SIZE,0,4,PASSED,0.9151101920001565,4,1,2,2,1,4,1,1,1,4,False,True,True,True,True,6887,16121,124868,
Oracle,tiny_01479,repair,oracle,SAT,REPAIR,1,2,REFERENCE_EXHAUSTIVE,0.21409287699998458,3,0,1,1,1,,,,,,,,,,,,,45436,
ATLAS-B,tiny_01479,repair,atlas-b,SAT,REPAIR,1,2,PASSED,0.7147195700003977,3,0,1,1,1,2,0,1,1,2,False,True,True,True,True,1381,2964,97908,
MacroATLAS,tiny_01479,repair,macro,SAT,REPAIR,1,2,PASSED,0.714891883999826,3,0,1,1,1,2,0,1,1,2,False,True,True,True,True,2316,4422,96496,
Oracle,tiny_01480,plain,oracle,SAT,MIN_EXPANDED_SIZE,0,1,REFERENCE_EXHAUSTIVE,0.2140504779999901,2,0,1,1,1,,,,,,,,,,,,,44608,
ATLAS-B,tiny_01480,plain,atlas-b,SAT,MIN_EXPANDED_SIZE,0,1,PASSED,0.7653815819999181,2,0,1,1,1,1,0,0,0,1,False,True,True,True,True,7371,23772,104972,
MacroATLAS,tiny_01480,plain,macro,SAT,MIN_EXPANDED_SIZE,0,1,PASSED,0.5648855559998083,2,0,1,1,1,1,0,0,0,1,False,True,True,True,True,320,523,87208,
Oracle,tiny_01481,nnf,oracle,SAT,MIN_EXPANDED_SIZE,0,1,REFERENCE_EXHAUSTIVE,0.21412352900006226,2,0,1,1,1,,,,,,,,,,,,,44708,
ATLAS-B,tiny_01481,nnf,atlas-b,SAT,MIN_EXPANDED_SIZE,0,1,PASSED,0.8149405660001321,2,0,1,1,1,1,0,0,0,1,False,True,True,True,True,7375,23777,106660,
MacroATLAS,tiny_01481,nnf,macro,SAT,MIN_EXPANDED_SIZE,0,1,PASSED,0.7649878320003154,2,0,1,1,1,1,0,0,0,1,False,True,True,True,True,667,1204,98620,
Oracle,tiny_01482,cnf,oracle,UNSAT,MIN_EXPANDED_SIZE,0,0,REFERENCE_EXHAUSTIVE,0.2142528009999296,2,0,1,2,1,,,,,,,,,,,,,44960,
ATLAS-B,tiny_01482,cnf,atlas-b,UNSAT,MIN_EXPANDED_SIZE,0,0,NOT_APPLICABLE_UNSAT,0.8151718620001702,2,0,1,2,1,,,,,,,,,,,8133,25637,104748,
MacroATLAS,tiny_01482,cnf,macro,UNSAT,MIN_EXPANDED_SIZE,0,0,NOT_APPLICABLE_UNSAT,0.7649385909999182,2,0,1,2,1,,0,,,,,,,,,3209,6984,108000,
Oracle,tiny_01483,dnf,oracle,UNSAT,MIN_EXPANDED_SIZE,0,0,REFERENCE_EXHAUSTIVE,0.21413977899965175,2,0,1,2,1,,,,,,,,,,,,,44248,
ATLAS-B,tiny_01483,dnf,atlas-b,UNSAT,MIN_EXPANDED_SIZE,0,0,NOT_APPLICABLE_UNSAT,0.7149308250000104,2,0,1,2,1,,,,,,,,,,,2667,7178,95912,
MacroATLAS,tiny_01483,dnf,macro,UNSAT,MIN_EXPANDED_SIZE,0,0,NOT_APPLICABLE_UNSAT,0.8149702170003366,2,0,1,2,1,,0,,,,,,,,,3209,6984,116488,
Oracle,tiny_01484,required,oracle,SAT,MIN_EXPANDED_SIZE,0,1,REFERENCE_EXHAUSTIVE,0.21416008000005604,2,0,1,1,1,,,,,,,,,,,,,45184,
ATLAS-B,tiny_01484,required,atlas-b,SAT,MIN_EXPANDED_SIZE,0,1,PASSED,0.8150462789999438,2,0,1,1,1,1,0,0,0,1,False,True,True,True,True,7370,23770,106780,
MacroATLAS,tiny_01484,required,macro,SAT,MIN_EXPANDED_SIZE,0,1,PASSED,0.6146027960003266,2,0,1,1,1,1,0,0,0,1,False,True,True,True,True,320,523,89700,
Oracle,tiny_01485,no_dag_reuse,oracle,SAT,MIN_EXPANDED_SIZE,0,1,REFERENCE_EXHAUSTIVE,0.21408107800016296,2,0,1,1,1,,,,,,,,,,,,,44616,
ATLAS-B,tiny_01485,no_dag_reuse,atlas-b,SAT,MIN_EXPANDED_SIZE,0,1,PASSED,0.7149285549999149,2,0,1,1,1,1,0,0,0,1,False,True,True,True,True,1900,5027,100820,
MacroATLAS,tiny_01485,no_dag_reuse,macro,SAT,MIN_EXPANDED_SIZE,0,1,PASSED,0.71486932300013,2,0,1,1,1,1,0,0,0,1,False,True,True,True,True,1321,2432,94468,
Oracle,tiny_01486,global_prop,oracle,UNSAT,MIN_EXPANDED_SIZE,0,0,REFERENCE_EXHAUSTIVE,0.2141464100000121,2,0,1,2,1,,,,,,,,,,,,,44284,
ATLAS-B,tiny_01486,global_prop,atlas-b,UNSAT,MIN_EXPANDED_SIZE,0,0,NOT_APPLICABLE_UNSAT,0.7648862790001658,2,0,1,2,1,,,,,,,,,,,10901,35295,101176,
MacroATLAS,tiny_01486,global_prop,macro,UNSAT,MIN_EXPANDED_SIZE,0,0,NOT_APPLICABLE_UNSAT,0.7649179200002436,2,0,1,2,1,,0,,,,,,,,,2402,5124,105812,
Oracle,tiny_01487,repair,oracle,SAT,REPAIR,0,3,REFERENCE_EXHAUSTIVE,0.21402322699987053,4,0,1,1,1,,,,,,,,,,,,,47008,
ATLAS-B,tiny_01487,repair,atlas-b,SAT,REPAIR,0,3,PASSED,1.115475012999923,4,0,1,1,1,3,0,2,2,3,False,True,True,True,True,9527,28800,130248,
MacroATLAS,tiny_01487,repair,macro,SAT,REPAIR,0,3,PASSED,1.0151974549999068,4,0,1,1,1,3,0,2,2,3,False,True,True,True,True,3916,7936,126480,
Oracle,tiny_01488,plain,oracle,SAT,MIN_EXPANDED_SIZE,0,2,REFERENCE_EXHAUSTIVE,0.21410391800009165,3,0,1,1,1,,,,,,,,,,,,,44576,
ATLAS-B,tiny_01488,plain,atlas-b,SAT,MIN_EXPANDED_SIZE,0,2,PASSED,0.8150031580003088,3,0,1,1,1,2,0,1,1,2,False,True,True,True,True,10070,32383,109920,
MacroATLAS,tiny_01488,plain,macro,SAT,MIN_EXPANDED_SIZE,0,2,PASSED,0.6647815950000222,3,0,1,1,1,2,0,1,1,2,False,True,True,True,True,1214,2267,89852,
Oracle,tiny_01489,nnf,oracle,SAT,MIN_EXPANDED_SIZE,0,2,REFERENCE_EXHAUSTIVE,0.2141144990000612,3,0,1,1,1,,,,,,,,,,,,,44968,
ATLAS-B,tiny_01489,nnf,atlas-b,SAT,MIN_EXPANDED_SIZE,0,2,PASSED,0.7149239650002528,3,0,1,1,1,2,0,1,1,2,False,True,True,True,True,2949,8091,98556,
MacroATLAS,tiny_01489,nnf,macro,SAT,MIN_EXPANDED_SIZE,0,2,PASSED,0.7649385509998865,3,0,1,1,1,2,0,1,1,2,False,True,True,True,True,2284,4809,105392,
Oracle,tiny_01490,cnf,oracle,SAT,MIN_EXPANDED_SIZE,0,1,REFERENCE_EXHAUSTIVE,0.21405979700011812,2,0,1,1,1,,,,,,,,,,,,,44648,
ATLAS-B,tiny_01490,cnf,atlas-b,SAT,MIN_EXPANDED_SIZE,0,1,PASSED,0.7149137950000295,2,0,1,1,1,1,0,0,0,1,False,True,True,True,True,1903,5036,92608,
MacroATLAS,tiny_01490,cnf,macro,SAT,MIN_EXPANDED_SIZE,0,1,PASSED,0.7648586889999933,2,0,1,1,1,1,0,0,0,1,False,True,True,True,True,888,1673,110116,
Oracle,tiny_01491,dnf,oracle,SAT,MIN_EXPANDED_SIZE,0,1,REFERENCE_EXHAUSTIVE,0.16394546900028217,2,0,1,1,1,,,,,,,,,,,,,44508,
ATLAS-B,tiny_01491,dnf,atlas-b,SAT,MIN_EXPANDED_SIZE,0,1,PASSED,0.7648393980002766,2,0,1,1,1,1,0,0,0,1,False,True,True,True,True,5547,17343,99420,
MacroATLAS,tiny_01491,dnf,macro,SAT,MIN_EXPANDED_SIZE,0,1,PASSED,0.7147497010000734,2,0,1,1,1,1,0,0,0,1,False,True,True,True,True,888,1673,107516,
Oracle,tiny_01492,required,oracle,SAT,MIN_EXPANDED_SIZE,0,2,REFERENCE_EXHAUSTIVE,0.21411264799962737,3,0,1,1,1,,,,,,,,,,,,,44944,
ATLAS-B,tiny_01492,required,atlas-b,SAT,MIN_EXPANDED_SIZE,0,2,PASSED,0.8151235810000799,3,0,1,1,1,2,0,1,1,2,False,True,True,True,True,7732,24239,105372,
MacroATLAS,tiny_01492,required,macro,SAT,MIN_EXPANDED_SIZE,0,2,PASSED,0.6648543969999992,3,0,1,1,1,2,0,1,1,2,False,True,True,True,True,1214,2267,88904,
Oracle,tiny_01493,no_dag_reuse,oracle,SAT,MIN_EXPANDED_SIZE,0,2,REFERENCE_EXHAUSTIVE,0.1639998900000137,3,0,1,1,1,,,,,,,,,,,,,44776,
ATLAS-B,tiny_01493,no_dag_reuse,atlas-b,SAT,MIN_EXPANDED_SIZE,0,2,PASSED,0.7147955710001952,3,0,1,1,1,2,0,1,1,2,False,True,True,True,True,2974,8119,98480,
MacroATLAS,tiny_01493,no_dag_reuse,macro,SAT,MIN_EXPANDED_SIZE,0,2,PASSED,0.7149345550001271,3,0,1,1,1,2,0,1,1,2,False,True,True,True,True,1420,2690,96032,
Oracle,tiny_01494,global_prop,oracle,SAT,MIN_EXPANDED_SIZE,0,2,REFERENCE_EXHAUSTIVE,0.2139656549998108,3,0,1,1,1,,,,,,,,,,,,,44936,
ATLAS-B,tiny_01494,global_prop,atlas-b,SAT,MIN_EXPANDED_SIZE,0,2,PASSED,0.7148825430003853,3,0,1,1,1,2,0,1,1,2,False,True,True,True,True,2137,5409,97224,
MacroATLAS,tiny_01494,global_prop,macro,SAT,MIN_EXPANDED_SIZE,0,2,PASSED,0.8156380540003738,3,0,1,1,1,2,0,1,1,2,False,True,True,True,True,2405,5126,111932,
Oracle,tiny_01495,repair,oracle,UNSAT,REPAIR,0,0,REFERENCE_EXHAUSTIVE,0.214150059000076,2,0,1,2,1,,,,,,,,,,,,,45304,
ATLAS-B,tiny_01495,repair,atlas-b,UNSAT,REPAIR,0,0,NOT_APPLICABLE_UNSAT,0.8651009960003648,2,0,1,2,1,,,,,,,,,,,4859,14265,122396,
MacroATLAS,tiny_01495,repair,macro,UNSAT,REPAIR,0,0,NOT_APPLICABLE_UNSAT,0.9151334920002228,2,0,1,2,1,,0,,,,,,,,,1378,2362,121336,
Oracle,tiny_01496,plain,oracle,SAT,MIN_EXPANDED_SIZE,0,3,REFERENCE_EXHAUSTIVE,0.2140101259997209,3,1,2,1,2,,,,,,,,,,,,,46584,
ATLAS-B,tiny_01496,plain,atlas-b,SAT,MIN_EXPANDED_SIZE,0,3,PASSED,0.8650501850002001,3,1,2,1,2,3,1,0,0,3,False,True,True,True,True,12706,40526,113376,
MacroATLAS,tiny_01496,plain,macro,SAT,MIN_EXPANDED_SIZE,0,3,PASSED,0.7649016489999667,3,1,2,1,2,3,1,0,0,3,False,True,True,True,True,2616,5312,105208,
Oracle,tiny_01497,nnf,oracle,SAT,MIN_EXPANDED_SIZE,0,3,REFERENCE_EXHAUSTIVE,0.21415913999999248,3,1,2,1,2,,,,,,,,,,,,,46712,
ATLAS-B,tiny_01497,nnf,atlas-b,SAT,MIN_EXPANDED_SIZE,0,3,PASSED,0.8151330620003137,3,1,2,1,2,3,1,0,0,3,False,True,True,True,True,9631,29938,108428,
MacroATLAS,tiny_01497,nnf,macro,SAT,MIN_EXPANDED_SIZE,0,3,PASSED,0.8650965150000047,3,1,2,1,2,3,1,0,0,3,False,True,True,True,True,4466,10083,118020,
Oracle,tiny_01498,cnf,oracle,SAT,MIN_EXPANDED_SIZE,0,2,REFERENCE_EXHAUSTIVE,0.2140922580001643,3,0,1,1,1,,,,,,,,,,,,,44796,
ATLAS-B,tiny_01498,cnf,atlas-b,SAT,MIN_EXPANDED_SIZE,0,2,PASSED,0.7150551580002684,3,0,1,1,1,2,0,1,1,2,False,True,True,True,True,2976,8127,98304,
MacroATLAS,tiny_01498,cnf,macro,SAT,MIN_EXPANDED_SIZE,0,2,PASSED,0.8649505019998287,3,0,1,1,1,2,0,1,1,2,False,True,True,True,True,3025,6690,120796,
Oracle,tiny_01499,dnf,oracle,SAT,MIN_EXPANDED_SIZE,0,2,REFERENCE_EXHAUSTIVE,0.2141187790002732,3,0,1,1,1,,,,,,,,,,,,,45508,
ATLAS-B,tiny_01499,dnf,atlas-b,SAT,MIN_EXPANDED_SIZE,0,2,PASSED,0.7650070120002965,3,0,1,1,1,2,0,1,1,2,False,True,True,True,True,4357,12676,102892,
MacroATLAS,tiny_01499,dnf,macro,SAT,MIN_EXPANDED_SIZE,0,2,PASSED,0.8150810100000854,3,0,1,1,1,2,0,1,1,2,False,True,True,True,True,3025,6690,110608,
Oracle,tiny_01500,required,oracle,SAT,MIN_EXPANDED_SIZE,0,3,REFERENCE_EXHAUSTIVE,0.21398302499983402,3,1,2,1,2,,,,,,,,,,,,,47036,
ATLAS-B,tiny_01500,required,atlas-b,SAT,MIN_EXPANDED_SIZE,0,3,PASSED,0.9151456330000656,3,1,2,1,2,3,1,0,0,3,False,True,True,True,True,16507,53771,126140,
MacroATLAS,tiny_01500,required,macro,SAT,MIN_EXPANDED_SIZE,0,3,PASSED,0.7650240120001399,3,1,2,1,2,3,1,0,0,3,False,True,True,True,True,3248,6867,105908,
Oracle,tiny_01501,no_dag_reuse,oracle,SAT,MIN_EXPANDED_SIZE,0,3,REFERENCE_EXHAUSTIVE,0.21414932900006534,3,1,2,1,2,,,,,,,,,,,,,47124,
ATLAS-B,tiny_01501,no_dag_reuse,atlas-b,SAT,MIN_EXPANDED_SIZE,0,3,PASSED,0.9150649599996541,3,1,2,1,2,3,1,0,0,3,False,True,True,True,True,16556,53853,129112,
MacroATLAS,tiny_01501,no_dag_reuse,macro,SAT,MIN_EXPANDED_SIZE,0,3,PASSED,0.7647897970000486,3,1,2,1,2,3,1,0,0,3,False,True,True,True,True,2914,5792,101992,
Oracle,tiny_01502,global_prop,oracle,SAT,MIN_EXPANDED_SIZE,0,3,REFERENCE_EXHAUSTIVE,0.2141103879998809,4,0,1,1,1,,,,,,,,,,,,,46440,
ATLAS-B,tiny_01502,global_prop,atlas-b,SAT,MIN_EXPANDED_SIZE,0,3,PASSED,0.8150700000001052,4,0,1,1,1,3,0,2,2,3,False,True,True,True,True,6319,18631,100960,
MacroATLAS,tiny_01502,global_prop,macro,SAT,MIN_EXPANDED_SIZE,0,3,PASSED,0.8648883109999588,4,0,1,1,1,3,0,2,2,3,False,True,True,True,True,2920,6505,115940,
Oracle,tiny_01503,repair,oracle,SAT,REPAIR,1,2,REFERENCE_EXHAUSTIVE,0.2139916359997187,3,0,1,1,1,,,,,,,,,,,,,45432,
ATLAS-B,tiny_01503,repair,atlas-b,SAT,REPAIR,1,2,PASSED,0.7650018529998306,3,0,1,1,1,2,0,1,1,2,False,True,True,True,True,5187,15003,98448,
MacroATLAS,tiny_01503,repair,macro,SAT,REPAIR,1,2,PASSED,0.7649160900000425,3,0,1,1,1,2,0,1,1,2,False,True,True,True,True,2316,4422,100144,
Oracle,tiny_01504,plain,oracle,SAT,MIN_EXPANDED_SIZE,0,3,REFERENCE_EXHAUSTIVE,0.21410282900023958,3,1,2,2,1,,,,,,,,,,,,,46636,
ATLAS-B,tiny_01504,plain,atlas-b,SAT,MIN_EXPANDED_SIZE,0,3,PASSED,0.8159180399998149,3,1,2,2,1,3,1,0,0,3,False,True,True,True,True,12706,40517,108908,
MacroATLAS,tiny_01504,plain,macro,SAT,MIN_EXPANDED_SIZE,0,3,PASSED,0.7649441200001093,3,1,2,2,1,3,1,0,0,3,False,True,True,True,True,2616,5312,104648,
Oracle,tiny_01505,nnf,oracle,SAT,MIN_EXPANDED_SIZE,0,3,REFERENCE_EXHAUSTIVE,0.21402492700008224,3,1,2,2,1,,,,,,,,,,,,,46580,
ATLAS-B,tiny_01505,nnf,atlas-b,SAT,MIN_EXPANDED_SIZE,0,3,PASSED,0.8148843049998504,3,1,2,2,1,3,1,0,0,3,False,True,True,True,True,9629,29925,105920,
MacroATLAS,tiny_01505,nnf,macro,SAT,MIN_EXPANDED_SIZE,0,3,PASSED,0.9650268549999055,3,1,2,2,1,3,1,0,0,3,False,True,True,True,True,4466,10083,117916,
Oracle,tiny_01506,cnf,oracle,SAT,MIN_EXPANDED_SIZE,0,3,REFERENCE_EXHAUSTIVE,0.21413611800016952,3,1,2,1,2,,,,,,,,,,,,,47208,
ATLAS-B,tiny_01506,cnf,atlas-b,SAT,MIN_EXPANDED_SIZE,0,3,PASSED,0.9151597130003211,3,1,2,1,2,3,1,0,0,3,False,True,True,True,True,16539,53830,125284,
MacroATLAS,tiny_01506,cnf,macro,SAT,MIN_EXPANDED_SIZE,0,3,PASSED,0.8650586349999685,3,1,2,1,2,3,1,0,0,3,False,True,True,True,True,5286,12159,130540,
Oracle,tiny_01507,dnf,oracle,SAT,MIN_EXPANDED_SIZE,0,3,REFERENCE_EXHAUSTIVE,0.2141374889997678,3,1,2,1,2,,,,,,,,,,,,,46908,
ATLAS-B,tiny_01507,dnf,atlas-b,SAT,MIN_EXPANDED_SIZE,0,3,PASSED,0.7649767920001977,3,1,2,1,2,3,1,0,0,3,False,True,True,True,True,4899,14036,101824,
MacroATLAS,tiny_01507,dnf,macro,SAT,MIN_EXPANDED_SIZE,0,3,PASSED,0.9150988009996581,3,1,2,1,2,3,1,0,0,3,False,True,True,True,True,5286,12159,126456,
Oracle,tiny_01508,required,oracle,SAT,MIN_EXPANDED_SIZE,0,3,REFERENCE_EXHAUSTIVE,0.21414978900020287,3,1,2,2,1,,,,,,,,,,,,,46900,
ATLAS-B,tiny_01508,required,atlas-b,SAT,MIN_EXPANDED_SIZE,0,3,PASSED,0.9151611230004164,3,1,2,2,1,3,1,0,0,3,False,True,True,True,True,12708,40534,114052,
MacroATLAS,tiny_01508,required,macro,SAT,MIN_EXPANDED_SIZE,0,3,PASSED,0.8649261709997518,3,1,2,2,1,3,1,0,0,3,False,True,True,True,True,3248,6867,110460,
Oracle,tiny_01509,no_dag_reuse,oracle,SAT,MIN_EXPANDED_SIZE,0,3,REFERENCE_EXHAUSTIVE,0.2140332569997554,3,1,2,2,1,,,,,,,,,,,,,46860,
ATLAS-B,tiny_01509,no_dag_reuse,atlas-b,SAT,MIN_EXPANDED_SIZE,0,3,PASSED,0.815067388999978,3,1,2,2,1,3,1,0,0,3,False,True,True,True,True,7171,21530,106796,
MacroATLAS,tiny_01509,no_dag_reuse,macro,SAT,MIN_EXPANDED_SIZE,0,3,PASSED,0.7147257700003138,3,1,2,2,1,3,1,0,0,3,False,True,True,True,True,2914,5792,97268,
Oracle,tiny_01510,global_prop,oracle,SAT,MIN_EXPANDED_SIZE,0,4,REFERENCE_EXHAUSTIVE,0.31428303399979995,4,1,2,1,2,,,,,,,,,,,,,75364,
ATLAS-B,tiny_01510,global_prop,atlas-b,SAT,MIN_EXPANDED_SIZE,0,4,PASSED,0.8650299739997536,4,1,2,1,2,4,1,1,1,4,False,True,True,True,True,10020,30278,112848,
MacroATLAS,tiny_01510,global_prop,macro,SAT,MIN_EXPANDED_SIZE,0,4,PASSED,0.9652775620002103,4,1,2,1,2,4,1,1,1,4,False,True,True,True,True,6887,16121,125264,
Oracle,tiny_01511,repair,oracle,SAT,REPAIR,0,3,REFERENCE_EXHAUSTIVE,0.21409965800012287,4,0,1,1,1,,,,,,,,,,,,,46440,
ATLAS-B,tiny_01511,repair,atlas-b,SAT,REPAIR,0,3,PASSED,1.1155544950001968,4,0,1,1,1,3,0,2,2,3,False,True,True,True,True,5291,14567,133104,
MacroATLAS,tiny_01511,repair,macro,SAT,REPAIR,0,3,PASSED,1.0152973780000139,4,0,1,1,1,3,0,2,2,3,False,True,True,True,True,3916,7936,125988,
Oracle,tiny_01512,plain,oracle,SAT,MIN_EXPANDED_SIZE,0,2,REFERENCE_EXHAUSTIVE,0.21409272800019608,3,0,1,1,1,,,,,,,,,,,,,44808,
ATLAS-B,tiny_01512,plain,atlas-b,SAT,MIN_EXPANDED_SIZE,0,2,PASSED,0.7647944570003347,3,0,1,1,1,2,0,1,1,2,False,True,True,True,True,7732,24239,100184,
MacroATLAS,tiny_01512,plain,macro,SAT,MIN_EXPANDED_SIZE,0,2,PASSED,0.714941804999853,3,0,1,1,1,2,0,1,1,2,False,True,True,True,True,1734,3156,98136,
Oracle,tiny_01513,nnf,oracle,SAT,MIN_EXPANDED_SIZE,0,2,REFERENCE_EXHAUSTIVE,0.2140517570001066,3,0,1,1,1,,,,,,,,,,,,,45172,
ATLAS-B,tiny_01513,nnf,atlas-b,SAT,MIN_EXPANDED_SIZE,0,2,PASSED,0.7648339280003711,3,0,1,1,1,2,0,1,1,2,False,True,True,True,True,2949,8090,98568,
MacroATLAS,tiny_01513,nnf,macro,SAT,MIN_EXPANDED_SIZE,0,2,PASSED,0.8150085679999393,3,0,1,1,1,2,0,1,1,2,False,True,True,True,True,3221,6955,116264,
Oracle,tiny_01514,cnf,oracle,SAT,MIN_EXPANDED_SIZE,0,3,REFERENCE_EXHAUSTIVE,0.2140350459999354,3,1,2,2,1,,,,,,,,,,,,,46988,
ATLAS-B,tiny_01514,cnf,atlas-b,SAT,MIN_EXPANDED_SIZE,0,3,PASSED,0.7649410809999608,3,1,2,2,1,3,1,0,0,3,False,True,True,True,True,4897,14033,106296,
MacroATLAS,tiny_01514,cnf,macro,SAT,MIN_EXPANDED_SIZE,0,3,PASSED,1.0155465429998003,3,1,2,2,1,3,1,0,0,3,False,True,True,True,True,5286,12159,134304,
Oracle,tiny_01515,dnf,oracle,SAT,MIN_EXPANDED_SIZE,0,3,REFERENCE_EXHAUSTIVE,0.21409362700023848,3,1,2,2,1,,,,,,,,,,,,,46928,
ATLAS-B,tiny_01515,dnf,atlas-b,SAT,MIN_EXPANDED_SIZE,0,3,PASSED,0.8649891630002458,3,1,2,2,1,3,1,0,0,3,False,True,True,True,True,9657,29969,112080,
MacroATLAS,tiny_01515,dnf,macro,SAT,MIN_EXPANDED_SIZE,0,3,PASSED,0.9651129769999898,3,1,2,2,1,3,1,0,0,3,False,True,True,True,True,5286,12159,132464,
Oracle,tiny_01516,required,oracle,SAT,MIN_EXPANDED_SIZE,0,2,REFERENCE_EXHAUSTIVE,0.21416827000030025,3,0,1,1,1,,,,,,,,,,,,,44888,
ATLAS-B,tiny_01516,required,atlas-b,SAT,MIN_EXPANDED_SIZE,0,2,PASSED,0.8150518689999444,3,0,1,1,1,2,0,1,1,2,False,True,True,True,True,7733,24245,106976,
MacroATLAS,tiny_01516,required,macro,SAT,MIN_EXPANDED_SIZE,0,2,PASSED,0.7149166039998818,3,0,1,1,1,2,0,1,1,2,False,True,True,True,True,2471,4861,98936,
Oracle,tiny_01517,no_dag_reuse,oracle,SAT,MIN_EXPANDED_SIZE,0,2,REFERENCE_EXHAUSTIVE,0.2140688270001192,3,0,1,1,1,,,,,,,,,,,,,44816,
ATLAS-B,tiny_01517,no_dag_reuse,atlas-b,SAT,MIN_EXPANDED_SIZE,0,2,PASSED,0.8653015910003887,3,0,1,1,1,2,0,1,1,2,False,True,True,True,True,7765,24287,111196,
MacroATLAS,tiny_01517,no_dag_reuse,macro,SAT,MIN_EXPANDED_SIZE,0,2,PASSED,0.8150044270000762,3,0,1,1,1,2,0,1,1,2,False,True,True,True,True,2825,5484,112168,
Oracle,tiny_01518,global_prop,oracle,SAT,MIN_EXPANDED_SIZE,0,4,REFERENCE_EXHAUSTIVE,0.3142948350000552,4,1,2,2,1,,,,,,,,,,,,,73616,
ATLAS-B,tiny_01518,global_prop,atlas-b,SAT,MIN_EXPANDED_SIZE,0,4,PASSED,0.9153271870000026,4,1,2,2,1,4,1,1,1,4,False,True,True,True,True,17330,55215,128556,
MacroATLAS,tiny_01518,global_prop,macro,SAT,MIN_EXPANDED_SIZE,0,4,PASSED,0.9652012300002752,4,1,2,2,1,4,1,1,1,4,False,True,True,True,True,6887,16121,126400,
Oracle,tiny_01519,repair,oracle,UNSAT,REPAIR,0,0,REFERENCE_EXHAUSTIVE,0.21407174800015127,2,0,1,2,1,,,,,,,,,,,,,45232,
ATLAS-B,tiny_01519,repair,atlas-b,UNSAT,REPAIR,0,0,NOT_APPLICABLE_UNSAT,0.8148377630000141,2,0,1,2,1,,,,,,,,,,,2123,5342,107336,
MacroATLAS,tiny_01519,repair,macro,UNSAT,REPAIR,0,0,NOT_APPLICABLE_UNSAT,0.8149957880000329,2,0,1,2,1,,0,,,,,,,,,1191,2066,116172,
Oracle,tiny_01520,plain,oracle,SAT,MIN_EXPANDED_SIZE,0,2,REFERENCE_EXHAUSTIVE,0.16410130299982484,3,0,1,1,1,,,,,,,,,,,,,44572,
ATLAS-B,tiny_01520,plain,atlas-b,SAT,MIN_EXPANDED_SIZE,0,2,PASSED,0.7648447580004358,3,0,1,1,1,2,0,1,1,2,False,True,True,True,True,4327,12629,102272,
MacroATLAS,tiny_01520,plain,macro,SAT,MIN_EXPANDED_SIZE,0,2,PASSED,0.7149507350000022,3,0,1,1,1,2,0,1,1,2,False,True,True,True,True,2699,5150,95032,
Oracle,tiny_01521,nnf,oracle,SAT,MIN_EXPANDED_SIZE,0,2,REFERENCE_EXHAUSTIVE,0.21422335199986264,3,0,1,1,1,,,,,,,,,,,,,44928,
ATLAS-B,tiny_01521,nnf,atlas-b,SAT,MIN_EXPANDED_SIZE,0,2,PASSED,0.8151741520000542,3,0,1,1,1,2,0,1,1,2,False,True,True,True,True,7742,24261,106944,
MacroATLAS,tiny_01521,nnf,macro,SAT,MIN_EXPANDED_SIZE,0,2,PASSED,0.9152570050000577,3,0,1,1,1,2,0,1,1,2,False,True,True,True,True,4921,10688,115072,
Oracle,tiny_01522,cnf,oracle,UNSAT,MIN_EXPANDED_SIZE,0,0,REFERENCE_EXHAUSTIVE,0.21416501999965476,2,0,1,2,1,,,,,,,,,,,,,44720,
ATLAS-B,tiny_01522,cnf,atlas-b,UNSAT,MIN_EXPANDED_SIZE,0,0,NOT_APPLICABLE_UNSAT,0.7648156270001891,2,0,1,2,1,,,,,,,,,,,5961,18150,103948,
MacroATLAS,tiny_01522,cnf,macro,UNSAT,MIN_EXPANDED_SIZE,0,0,NOT_APPLICABLE_UNSAT,0.8149546770000597,2,0,1,2,1,,0,,,,,,,,,3209,6984,114604,
Oracle,tiny_01523,dnf,oracle,UNSAT,MIN_EXPANDED_SIZE,0,0,REFERENCE_EXHAUSTIVE,0.21406576700019286,2,0,1,2,1,,,,,,,,,,,,,44560,
ATLAS-B,tiny_01523,dnf,atlas-b,UNSAT,MIN_EXPANDED_SIZE,0,0,NOT_APPLICABLE_UNSAT,0.7648869190002188,2,0,1,2,1,,,,,,,,,,,5961,18146,102824,
MacroATLAS,tiny_01523,dnf,macro,UNSAT,MIN_EXPANDED_SIZE,0,0,NOT_APPLICABLE_UNSAT,0.7673609399998895,2,0,1,2,1,,0,,,,,,,,,3022,6688,104024,
Oracle,tiny_01524,required,oracle,SAT,MIN_EXPANDED_SIZE,0,2,REFERENCE_EXHAUSTIVE,0.21412711799985118,3,0,1,1,1,,,,,,,,,,,,,44804,
ATLAS-B,tiny_01524,required,atlas-b,SAT,MIN_EXPANDED_SIZE,0,2,PASSED,0.7653502110001682,3,0,1,1,1,2,0,1,1,2,False,True,True,True,True,5849,17766,104676,
MacroATLAS,tiny_01524,required,macro,SAT,MIN_EXPANDED_SIZE,0,2,PASSED,0.7648569379998662,3,0,1,1,1,2,0,1,1,2,False,True,True,True,True,3166,6259,100368,
Oracle,tiny_01525,no_dag_reuse,oracle,SAT,MIN_EXPANDED_SIZE,0,2,REFERENCE_EXHAUSTIVE,0.2139450139998189,3,0,1,1,1,,,,,,,,,,,,,45156,
ATLAS-B,tiny_01525,no_dag_reuse,atlas-b,SAT,MIN_EXPANDED_SIZE,0,2,PASSED,0.8149690069999451,3,0,1,1,1,2,0,1,1,2,False,True,True,True,True,5880,17809,106912,
MacroATLAS,tiny_01525,no_dag_reuse,macro,SAT,MIN_EXPANDED_SIZE,0,2,PASSED,0.7648911790001875,3,0,1,1,1,2,0,1,1,2,False,True,True,True,True,3774,7184,108992,
Oracle,tiny_01526,global_prop,oracle,UNSAT,MIN_EXPANDED_SIZE,0,0,REFERENCE_EXHAUSTIVE,0.2141447789999802,2,0,1,2,1,,,,,,,,,,,,,44992,
ATLAS-B,tiny_01526,global_prop,atlas-b,UNSAT,MIN_EXPANDED_SIZE,0,0,NOT_APPLICABLE_UNSAT,0.764864229000068,2,0,1,2,1,,,,,,,,,,,8135,25606,102128,
MacroATLAS,tiny_01526,global_prop,macro,UNSAT,MIN_EXPANDED_SIZE,0,0,NOT_APPLICABLE_UNSAT,0.8148620249999112,2,0,1,2,1,,0,,,,,,,,,2604,5442,108648,
Oracle,tiny_01527,repair,oracle,SAT,REPAIR,1,2,REFERENCE_EXHAUSTIVE,0.21401798699980645,3,0,1,1,1,,,,,,,,,,,,,45424,
ATLAS-B,tiny_01527,repair,atlas-b,SAT,REPAIR,1,2,PASSED,0.9151841729999433,3,0,1,1,1,2,0,1,1,2,False,True,True,True,True,11569,36995,112824,
MacroATLAS,tiny_01527,repair,macro,SAT,REPAIR,1,2,PASSED,0.7148907839996355,3,0,1,1,1,2,0,1,1,2,False,True,True,True,True,2316,4422,93776,
Oracle,tiny_01528,plain,oracle,SAT,MIN_EXPANDED_SIZE,0,3,REFERENCE_EXHAUSTIVE,0.21443222600009904,4,0,1,1,1,,,,,,,,,,,,,45876,
ATLAS-B,tiny_01528,plain,atlas-b,SAT,MIN_EXPANDED_SIZE,0,3,PASSED,0.8650661149999905,4,0,1,1,1,3,0,2,2,3,False,True,True,True,True,13677,44053,114648,
MacroATLAS,tiny_01528,plain,macro,SAT,MIN_EXPANDED_SIZE,0,3,PASSED,0.8649582130001363,4,0,1,1,1,3,0,2,2,3,False,True,True,True,True,5070,9953,112244,
Oracle,tiny_01529,nnf,oracle,SAT,MIN_EXPANDED_SIZE,0,3,REFERENCE_EXHAUSTIVE,0.2146531009998398,4,0,1,1,1,,,,,,,,,,,,,46444,
ATLAS-B,tiny_01529,nnf,atlas-b,SAT,MIN_EXPANDED_SIZE,0,3,PASSED,0.8649409319996266,4,0,1,1,1,3,0,2,2,3,False,True,True,True,True,13686,44078,115720,
MacroATLAS,tiny_01529,nnf,macro,SAT,MIN_EXPANDED_SIZE,0,3,PASSED,1.2655999829999018,4,0,1,1,1,3,0,2,2,3,False,True,True,True,True,12935,32180,143704,
Oracle,tiny_01530,cnf,oracle,SAT,MIN_EXPANDED_SIZE,0,1,REFERENCE_EXHAUSTIVE,0.21403943700033778,2,0,1,1,1,,,,,,,,,,,,,44672,
ATLAS-B,tiny_01530,cnf,atlas-b,SAT,MIN_EXPANDED_SIZE,0,1,PASSED,0.8149173459996746,2,0,1,1,1,1,0,0,0,1,False,True,True,True,True,7391,23803,105604,
MacroATLAS,tiny_01530,cnf,macro,SAT,MIN_EXPANDED_SIZE,0,1,PASSED,0.814950836999742,2,0,1,1,1,1,0,0,0,1,False,True,True,True,True,888,1673,109776,
Oracle,tiny_01531,dnf,oracle,SAT,MIN_EXPANDED_SIZE,0,1,REFERENCE_EXHAUSTIVE,0.21417115099984585,2,0,1,1,1,,,,,,,,,,,,,44588,
ATLAS-B,tiny_01531,dnf,atlas-b,SAT,MIN_EXPANDED_SIZE,0,1,PASSED,0.7149486049997904,2,0,1,1,1,1,0,0,0,1,False,True,True,True,True,1903,5032,100600,
MacroATLAS,tiny_01531,dnf,macro,SAT,MIN_EXPANDED_SIZE,0,1,PASSED,0.7151957610003592,2,0,1,1,1,1,0,0,0,1,False,True,True,True,True,888,1673,102236,
Oracle,tiny_01532,required,oracle,SAT,MIN_EXPANDED_SIZE,0,3,REFERENCE_EXHAUSTIVE,0.21419577100004972,4,0,1,1,1,,,,,,,,,,,,,46188,
ATLAS-B,tiny_01532,required,atlas-b,SAT,MIN_EXPANDED_SIZE,0,3,PASSED,0.8149480859997311,4,0,1,1,1,3,0,2,2,3,False,True,True,True,True,10709,33759,107648,
MacroATLAS,tiny_01532,required,macro,SAT,MIN_EXPANDED_SIZE,0,3,PASSED,0.8652187789998607,4,0,1,1,1,3,0,2,2,3,False,True,True,True,True,5524,11123,117680,
Oracle,tiny_01533,no_dag_reuse,oracle,SAT,MIN_EXPANDED_SIZE,0,3,REFERENCE_EXHAUSTIVE,0.21407648700005666,4,0,1,1,1,,,,,,,,,,,,,46356,
ATLAS-B,tiny_01533,no_dag_reuse,atlas-b,SAT,MIN_EXPANDED_SIZE,0,3,PASSED,0.9651818480001566,4,0,1,1,1,3,0,2,2,3,False,True,True,True,True,18831,62297,130236,
MacroATLAS,tiny_01533,no_dag_reuse,macro,SAT,MIN_EXPANDED_SIZE,0,3,PASSED,0.9150305799998932,4,0,1,1,1,3,0,2,2,3,False,True,True,True,True,6381,13119,134476,
Oracle,tiny_01534,global_prop,oracle,SAT,MIN_EXPANDED_SIZE,0,2,REFERENCE_EXHAUSTIVE,0.21398357499992926,3,0,1,1,1,,,,,,,,,,,,,45080,
ATLAS-B,tiny_01534,global_prop,atlas-b,SAT,MIN_EXPANDED_SIZE,0,2,PASSED,0.7148754129998451,3,0,1,1,1,2,0,1,1,2,False,True,True,True,True,2984,8083,99432,
MacroATLAS,tiny_01534,global_prop,macro,SAT,MIN_EXPANDED_SIZE,0,2,PASSED,0.8149248459999399,3,0,1,1,1,2,0,1,1,2,False,True,True,True,True,2405,5126,110284,
Oracle,tiny_01535,repair,oracle,SAT,REPAIR,0,3,REFERENCE_EXHAUSTIVE,0.2140686870002355,4,0,1,1,1,,,,,,,,,,,,,47784,
ATLAS-B,tiny_01535,repair,atlas-b,SAT,REPAIR,0,3,PASSED,1.0152270159996988,4,0,1,1,1,3,0,2,2,3,False,True,True,True,True,3941,10195,130792,
MacroATLAS,tiny_01535,repair,macro,SAT,REPAIR,0,3,PASSED,1.1155310939998344,4,0,1,1,1,3,0,2,2,3,False,True,True,True,True,3916,7936,124936,
Oracle,tiny_01536,plain,oracle,UNSAT,MIN_EXPANDED_SIZE,0,0,REFERENCE_EXHAUSTIVE,0.21415103899971655,2,0,1,2,1,,,,,,,,,,,,,44392,
ATLAS-B,tiny_01536,plain,atlas-b,UNSAT,MIN_EXPANDED_SIZE,0,0,NOT_APPLICABLE_UNSAT,0.66487615799997,2,0,1,2,1,,,,,,,,,,,1782,4462,92196,
MacroATLAS,tiny_01536,plain,macro,UNSAT,MIN_EXPANDED_SIZE,0,0,NOT_APPLICABLE_UNSAT,0.6648095169998669,2,0,1,2,1,,0,,,,,,,,,1398,2561,89028,
Oracle,tiny_01537,nnf,oracle,UNSAT,MIN_EXPANDED_SIZE,0,0,REFERENCE_EXHAUSTIVE,0.21429701299985027,2,0,1,2,1,,,,,,,,,,,,,44696,
ATLAS-B,tiny_01537,nnf,atlas-b,UNSAT,MIN_EXPANDED_SIZE,0,0,NOT_APPLICABLE_UNSAT,0.7147908609999831,2,0,1,2,1,,,,,,,,,,,5945,18130,94768,
MacroATLAS,tiny_01537,nnf,macro,UNSAT,MIN_EXPANDED_SIZE,0,0,NOT_APPLICABLE_UNSAT,0.9150929719999112,2,0,1,2,1,,0,,,,,,,,,2468,5103,110988,
Oracle,tiny_01538,cnf,oracle,SAT,MIN_EXPANDED_SIZE,0,2,REFERENCE_EXHAUSTIVE,0.21414443899993785,3,0,1,1,1,,,,,,,,,,,,,45024,
ATLAS-B,tiny_01538,cnf,atlas-b,SAT,MIN_EXPANDED_SIZE,0,2,PASSED,0.7649635910001962,3,0,1,1,1,2,0,1,1,2,False,True,True,True,True,4357,12678,100788,
MacroATLAS,tiny_01538,cnf,macro,SAT,MIN_EXPANDED_SIZE,0,2,PASSED,0.814977866999925,3,0,1,1,1,2,0,1,1,2,False,True,True,True,True,3025,6690,117608,
Oracle,tiny_01539,dnf,oracle,SAT,MIN_EXPANDED_SIZE,0,2,REFERENCE_EXHAUSTIVE,0.21400751600003787,3,0,1,1,1,,,,,,,,,,,,,44968,
ATLAS-B,tiny_01539,dnf,atlas-b,SAT,MIN_EXPANDED_SIZE,0,2,PASSED,0.8148703470001237,3,0,1,1,1,2,0,1,1,2,False,True,True,True,True,5880,17815,108592,
MacroATLAS,tiny_01539,dnf,macro,SAT,MIN_EXPANDED_SIZE,0,2,PASSED,0.815039349000017,3,0,1,1,1,2,0,1,1,2,False,True,True,True,True,3025,6690,113468,
Oracle,tiny_01540,required,oracle,UNSAT,MIN_EXPANDED_SIZE,0,0,REFERENCE_EXHAUSTIVE,0.2141440289997263,2,0,1,2,1,,,,,,,,,,,,,44776,
ATLAS-B,tiny_01540,required,atlas-b,UNSAT,MIN_EXPANDED_SIZE,0,0,NOT_APPLICABLE_UNSAT,0.7648619990000043,2,0,1,2,1,,,,,,,,,,,8113,25608,101920,
MacroATLAS,tiny_01540,required,macro,UNSAT,MIN_EXPANDED_SIZE,0,0,NOT_APPLICABLE_UNSAT,0.6646829129999787,2,0,1,2,1,,0,,,,,,,,,1398,2561,89536,
Oracle,tiny_01541,no_dag_reuse,oracle,UNSAT,MIN_EXPANDED_SIZE,0,0,REFERENCE_EXHAUSTIVE,0.2140626569998858,2,0,1,2,1,,,,,,,,,,,,,44124,
ATLAS-B,tiny_01541,no_dag_reuse,atlas-b,UNSAT,MIN_EXPANDED_SIZE,0,0,NOT_APPLICABLE_UNSAT,0.7149470079998537,2,0,1,2,1,,,,,,,,,,,2665,7171,96552,
MacroATLAS,tiny_01541,no_dag_reuse,macro,UNSAT,MIN_EXPANDED_SIZE,0,0,NOT_APPLICABLE_UNSAT,0.614807343999928,2,0,1,2,1,,0,,,,,,,,,1321,2432,90848,
Oracle,tiny_01542,global_prop,oracle,SAT,MIN_EXPANDED_SIZE,0,3,REFERENCE_EXHAUSTIVE,0.2140233260001878,4,0,1,1,1,,,,,,,,,,,,,46656,
ATLAS-B,tiny_01542,global_prop,atlas-b,SAT,MIN_EXPANDED_SIZE,0,3,PASSED,0.8148820690003049,4,0,1,1,1,3,0,2,2,3,False,True,True,True,True,8325,25402,106216,
MacroATLAS,tiny_01542,global_prop,macro,SAT,MIN_EXPANDED_SIZE,0,3,PASSED,0.8149889779997466,4,0,1,1,1,3,0,2,2,3,False,True,True,True,True,2920,6505,109436,
Oracle,tiny_01543,repair,oracle,UNSAT,REPAIR,0,0,REFERENCE_EXHAUSTIVE,0.21408897699984664,2,0,1,2,1,,,,,,,,,,,,,45284,
ATLAS-B,tiny_01543,repair,atlas-b,UNSAT,REPAIR,0,0,NOT_APPLICABLE_UNSAT,0.8149335789998986,2,0,1,2,1,,,,,,,,,,,1364,3081,106580,
MacroATLAS,tiny_01543,repair,macro,UNSAT,REPAIR,0,0,NOT_APPLICABLE_UNSAT,0.8648393349999424,2,0,1,2,1,,0,,,,,,,,,1378,2362,121212,
Oracle,tiny_01544,plain,oracle,SAT,MIN_EXPANDED_SIZE,0,1,REFERENCE_EXHAUSTIVE,0.16395895899995594,2,0,1,1,1,,,,,,,,,,,,,44176,
ATLAS-B,tiny_01544,plain,atlas-b,SAT,MIN_EXPANDED_SIZE,0,1,PASSED,0.6647268199999417,2,0,1,1,1,1,0,0,0,1,False,True,True,True,True,568,1176,93424,
MacroATLAS,tiny_01544,plain,macro,SAT,MIN_EXPANDED_SIZE,0,1,PASSED,0.5645386279998093,2,0,1,1,1,1,0,0,0,1,False,True,True,True,True,320,523,84592,
Oracle,tiny_01545,nnf,oracle,SAT,MIN_EXPANDED_SIZE,0,1,REFERENCE_EXHAUSTIVE,0.21412403900012578,2,0,1,1,1,,,,,,,,,,,,,44704,
ATLAS-B,tiny_01545,nnf,atlas-b,SAT,MIN_EXPANDED_SIZE,0,1,PASSED,0.7649721900002078,2,0,1,1,1,1,0,0,0,1,False,True,True,True,True,7375,23777,99432,
MacroATLAS,tiny_01545,nnf,macro,SAT,MIN_EXPANDED_SIZE,0,1,PASSED,0.6649222259998169,2,0,1,1,1,1,0,0,0,1,False,True,True,True,True,667,1204,94924,
Oracle,tiny_01546,cnf,oracle,SAT,MIN_EXPANDED_SIZE,0,3,REFERENCE_EXHAUSTIVE,0.2140391670000099,3,1,2,1,2,,,,,,,,,,,,,46956,
ATLAS-B,tiny_01546,cnf,atlas-b,SAT,MIN_EXPANDED_SIZE,0,3,PASSED,0.8650621800002227,3,1,2,1,2,3,1,0,0,3,False,True,True,True,True,9656,29966,111404,
MacroATLAS,tiny_01546,cnf,macro,SAT,MIN_EXPANDED_SIZE,0,3,PASSED,0.8650403990000086,3,1,2,1,2,3,1,0,0,3,False,True,True,True,True,5286,12159,130472,
Oracle,tiny_01547,dnf,oracle,SAT,MIN_EXPANDED_SIZE,0,3,REFERENCE_EXHAUSTIVE,0.214007206000133,3,1,2,1,2,,,,,,,,,,,,,46752,
ATLAS-B,tiny_01547,dnf,atlas-b,SAT,MIN_EXPANDED_SIZE,0,3,PASSED,0.915128280999852,3,1,2,1,2,3,1,0,0,3,False,True,True,True,True,16539,53814,124612,
MacroATLAS,tiny_01547,dnf,macro,SAT,MIN_EXPANDED_SIZE,0,3,PASSED,0.9651087710003594,3,1,2,1,2,3,1,0,0,3,False,True,True,True,True,5286,12159,134432,
Oracle,tiny_01548,required,oracle,SAT,MIN_EXPANDED_SIZE,0,1,REFERENCE_EXHAUSTIVE,0.16395900499992422,2,0,1,1,1,,,,,,,,,,,,,44624,
ATLAS-B,tiny_01548,required,atlas-b,SAT,MIN_EXPANDED_SIZE,0,1,PASSED,0.8150678889996925,2,0,1,1,1,1,0,0,0,1,False,True,True,True,True,7370,23771,105752,
MacroATLAS,tiny_01548,required,macro,SAT,MIN_EXPANDED_SIZE,0,1,PASSED,0.6653715060001559,2,0,1,1,1,1,0,0,0,1,False,True,True,True,True,320,523,88508,
Oracle,tiny_01549,no_dag_reuse,oracle,SAT,MIN_EXPANDED_SIZE,0,1,REFERENCE_EXHAUSTIVE,0.21405918799973733,2,0,1,1,1,,,,,,,,,,,,,45360,
ATLAS-B,tiny_01549,no_dag_reuse,atlas-b,SAT,MIN_EXPANDED_SIZE,0,1,PASSED,0.764947267000025,2,0,1,1,1,1,0,0,0,1,False,True,True,True,True,5544,17339,103096,
MacroATLAS,tiny_01549,no_dag_reuse,macro,SAT,MIN_EXPANDED_SIZE,0,1,PASSED,0.6647761130002436,2,0,1,1,1,1,0,0,0,1,False,True,True,True,True,1321,2432,93796,
Oracle,tiny_01550,global_prop,oracle,SAT,MIN_EXPANDED_SIZE,0,4,REFERENCE_EXHAUSTIVE,0.3142103209997913,4,1,2,1,2,,,,,,,,,,,,,73988,
ATLAS-B,tiny_01550,global_prop,atlas-b,SAT,MIN_EXPANDED_SIZE,0,4,PASSED,0.8649327070002073,4,1,2,1,2,4,1,1,1,4,False,True,True,True,True,7084,20531,111812,
MacroATLAS,tiny_01550,global_prop,macro,SAT,MIN_EXPANDED_SIZE,0,4,PASSED,0.9651704920001976,4,1,2,1,2,4,1,1,1,4,False,True,True,True,True,6887,16121,133008,
Oracle,tiny_01551,repair,oracle,SAT,REPAIR,1,2,REFERENCE_EXHAUSTIVE,0.21404852700015908,3,0,1,1,1,,,,,,,,,,,,,45420,
ATLAS-B,tiny_01551,repair,atlas-b,SAT,REPAIR,1,2,PASSED,0.8149796080001579,3,0,1,1,1,2,0,1,1,2,False,True,True,True,True,5188,15002,104496,
MacroATLAS,tiny_01551,repair,macro,SAT,REPAIR,1,2,PASSED,0.714750412000285,3,0,1,1,1,2,0,1,1,2,False,True,True,True,True,2316,4422,97556,
Oracle,tiny_01552,plain,oracle,SAT,MIN_EXPANDED_SIZE,0,2,REFERENCE_EXHAUSTIVE,0.2140724070000033,3,0,1,1,1,,,,,,,,,,,,,44676,
ATLAS-B,tiny_01552,plain,atlas-b,SAT,MIN_EXPANDED_SIZE,0,2,PASSED,0.8651015800001005,3,0,1,1,1,2,0,1,1,2,False,True,True,True,True,10070,32381,105748,
MacroATLAS,tiny_01552,plain,macro,SAT,MIN_EXPANDED_SIZE,0,2,PASSED,0.6647905240001819,3,0,1,1,1,2,0,1,1,2,False,True,True,True,True,1214,2267,94148,
Oracle,tiny_01553,nnf,oracle,SAT,MIN_EXPANDED_SIZE,0,2,REFERENCE_EXHAUSTIVE,0.21403834700004154,3,0,1,1,1,,,,,,,,,,,,,44992,
ATLAS-B,tiny_01553,nnf,atlas-b,SAT,MIN_EXPANDED_SIZE,0,2,PASSED,0.8649395780003033,3,0,1,1,1,2,0,1,1,2,False,True,True,True,True,10078,32402,110108,
MacroATLAS,tiny_01553,nnf,macro,SAT,MIN_EXPANDED_SIZE,0,2,PASSED,0.7648766659999637,3,0,1,1,1,2,0,1,1,2,False,True,True,True,True,2284,4809,110176,
Oracle,tiny_01554,cnf,oracle,SAT,MIN_EXPANDED_SIZE,0,3,REFERENCE_EXHAUSTIVE,0.21403050700018866,3,1,2,2,1,,,,,,,,,,,,,46840,
ATLAS-B,tiny_01554,cnf,atlas-b,SAT,MIN_EXPANDED_SIZE,0,3,PASSED,0.8147480319998976,3,1,2,2,1,3,1,0,0,3,False,True,True,True,True,12740,40577,114000,
MacroATLAS,tiny_01554,cnf,macro,SAT,MIN_EXPANDED_SIZE,0,3,PASSED,1.0152272929999526,3,1,2,2,1,3,1,0,0,3,False,True,True,True,True,5286,12159,133228,
Oracle,tiny_01555,dnf,oracle,SAT,MIN_EXPANDED_SIZE,0,3,REFERENCE_EXHAUSTIVE,0.2140914490000796,3,1,2,2,1,,,,,,,,,,,,,46892,
ATLAS-B,tiny_01555,dnf,atlas-b,SAT,MIN_EXPANDED_SIZE,0,3,PASSED,0.915180072000112,3,1,2,2,1,3,1,0,0,3,False,True,True,True,True,16539,53825,130608,
MacroATLAS,tiny_01555,dnf,macro,SAT,MIN_EXPANDED_SIZE,0,3,PASSED,0.9652039720003813,3,1,2,2,1,3,1,0,0,3,False,True,True,True,True,5286,12159,134180,
Oracle,tiny_01556,required,oracle,SAT,MIN_EXPANDED_SIZE,0,2,REFERENCE_EXHAUSTIVE,0.1640067960001943,3,0,1,1,1,,,,,,,,,,,,,44692,
ATLAS-B,tiny_01556,required,atlas-b,SAT,MIN_EXPANDED_SIZE,0,2,PASSED,0.6648427850000189,3,0,1,1,1,2,0,1,1,2,False,True,True,True,True,2095,5397,91892,
MacroATLAS,tiny_01556,required,macro,SAT,MIN_EXPANDED_SIZE,0,2,PASSED,0.6648868160000347,3,0,1,1,1,2,0,1,1,2,False,True,True,True,True,1214,2267,93404,
Oracle,tiny_01557,no_dag_reuse,oracle,SAT,MIN_EXPANDED_SIZE,0,2,REFERENCE_EXHAUSTIVE,0.2140519569998105,3,0,1,1,1,,,,,,,,,,,,,45480,
ATLAS-B,tiny_01557,no_dag_reuse,atlas-b,SAT,MIN_EXPANDED_SIZE,0,2,PASSED,0.8149491569997735,3,0,1,1,1,2,0,1,1,2,False,True,True,True,True,5878,17807,104800,
MacroATLAS,tiny_01557,no_dag_reuse,macro,SAT,MIN_EXPANDED_SIZE,0,2,PASSED,0.6650579199999811,3,0,1,1,1,2,0,1,1,2,False,True,True,True,True,1420,2690,95252,
Oracle,tiny_01558,global_prop,oracle,SAT,MIN_EXPANDED_SIZE,0,4,REFERENCE_EXHAUSTIVE,0.31421350000027815,4,1,2,2,1,,,,,,,,,,,,,73848,
ATLAS-B,tiny_01558,global_prop,atlas-b,SAT,MIN_EXPANDED_SIZE,0,4,PASSED,0.915112570999554,4,1,2,2,1,4,1,1,1,4,False,True,True,True,True,17330,55213,130212,
MacroATLAS,tiny_01558,global_prop,macro,SAT,MIN_EXPANDED_SIZE,0,4,PASSED,0.9659560999998575,4,1,2,2,1,4,1,1,1,4,False,True,True,True,True,6887,16121,127776,
Oracle,tiny_01559,repair,oracle,SAT,REPAIR,0,3,REFERENCE_EXHAUSTIVE,0.2140924880000057,4,0,1,1,1,,,,,,,,,,,,,47032,
ATLAS-B,tiny_01559,repair,atlas-b,SAT,REPAIR,0,3,PASSED,1.1155286799998976,4,0,1,1,1,3,0,2,2,3,False,True,True,True,True,7286,21198,133532,
MacroATLAS,tiny_01559,repair,macro,SAT,REPAIR,0,3,PASSED,1.065360936000161,4,0,1,1,1,3,0,2,2,3,False,True,True,True,True,3916,7936,136928,
Oracle,tiny_01560,plain,oracle,SAT,MIN_EXPANDED_SIZE,0,3,REFERENCE_EXHAUSTIVE,0.21406919700029903,3,1,2,1,2,,,,,,,,,,,,,46964,
ATLAS-B,tiny_01560,plain,atlas-b,SAT,MIN_EXPANDED_SIZE,0,3,PASSED,0.9151182109999354,3,1,2,1,2,3,1,0,0,3,False,True,True,True,True,16506,53770,117412,
MacroATLAS,tiny_01560,plain,macro,SAT,MIN_EXPANDED_SIZE,0,3,PASSED,0.7647144520001348,3,1,2,1,2,3,1,0,0,3,False,True,True,True,True,2616,5312,100352,
Oracle,tiny_01561,nnf,oracle,SAT,MIN_EXPANDED_SIZE,0,3,REFERENCE_EXHAUSTIVE,0.21402463699996588,3,1,2,1,2,,,,,,,,,,,,,46768,
ATLAS-B,tiny_01561,nnf,atlas-b,SAT,MIN_EXPANDED_SIZE,0,3,PASSED,0.8148922750001475,3,1,2,1,2,3,1,0,0,3,False,True,True,True,True,7128,21474,110540,
MacroATLAS,tiny_01561,nnf,macro,SAT,MIN_EXPANDED_SIZE,0,3,PASSED,0.8651072010002281,3,1,2,1,2,3,1,0,0,3,False,True,True,True,True,4466,10083,112160,
Oracle,tiny_01562,cnf,oracle,UNSAT,MIN_EXPANDED_SIZE,0,0,REFERENCE_EXHAUSTIVE,0.16402001699998436,2,0,1,2,1,,,,,,,,,,,,,44660,
ATLAS-B,tiny_01562,cnf,atlas-b,UNSAT,MIN_EXPANDED_SIZE,0,0,NOT_APPLICABLE_UNSAT,0.7648884350001026,2,0,1,2,1,,,,,,,,,,,10900,35318,106356,
MacroATLAS,tiny_01562,cnf,macro,UNSAT,MIN_EXPANDED_SIZE,0,0,NOT_APPLICABLE_UNSAT,0.8150314380000054,2,0,1,2,1,,0,,,,,,,,,3022,6688,109324,
Oracle,tiny_01563,dnf,oracle,UNSAT,MIN_EXPANDED_SIZE,0,0,REFERENCE_EXHAUSTIVE,0.2140830579996873,2,0,1,2,1,,,,,,,,,,,,,44716,
ATLAS-B,tiny_01563,dnf,atlas-b,UNSAT,MIN_EXPANDED_SIZE,0,0,NOT_APPLICABLE_UNSAT,0.6647588529999666,2,0,1,2,1,,,,,,,,,,,1143,2588,93884,
MacroATLAS,tiny_01563,dnf,macro,UNSAT,MIN_EXPANDED_SIZE,0,0,NOT_APPLICABLE_UNSAT,0.865243203999853,2,0,1,2,1,,0,,,,,,,,,3209,6984,114748,
Oracle,tiny_01564,required,oracle,SAT,MIN_EXPANDED_SIZE,0,3,REFERENCE_EXHAUSTIVE,0.2140616179999597,3,1,2,1,2,,,,,,,,,,,,,47016,
ATLAS-B,tiny_01564,required,atlas-b,SAT,MIN_EXPANDED_SIZE,0,3,PASSED,0.8651035100001536,3,1,2,1,2,3,1,0,0,3,False,True,True,True,True,16506,53769,122736,
MacroATLAS,tiny_01564,required,macro,SAT,MIN_EXPANDED_SIZE,0,3,PASSED,0.8149850679997144,3,1,2,1,2,3,1,0,0,3,False,True,True,True,True,3248,6867,111092,
Oracle,tiny_01565,no_dag_reuse,oracle,SAT,MIN_EXPANDED_SIZE,0,3,REFERENCE_EXHAUSTIVE,0.21403615600002013,3,1,2,1,2,,,,,,,,,,,,,47000,
ATLAS-B,tiny_01565,no_dag_reuse,atlas-b,SAT,MIN_EXPANDED_SIZE,0,3,PASSED,0.8649825380002767,3,1,2,1,2,3,1,0,0,3,False,True,True,True,True,9672,29989,114596,
MacroATLAS,tiny_01565,no_dag_reuse,macro,SAT,MIN_EXPANDED_SIZE,0,3,PASSED,0.7148111349997635,3,1,2,1,2,3,1,0,0,3,False,True,True,True,True,2914,5792,99884,
Oracle,tiny_01566,global_prop,oracle,UNSAT,MIN_EXPANDED_SIZE,0,0,REFERENCE_EXHAUSTIVE,0.2142372210000758,2,0,1,2,1,,,,,,,,,,,,,44916,
ATLAS-B,tiny_01566,global_prop,atlas-b,UNSAT,MIN_EXPANDED_SIZE,0,0,NOT_APPLICABLE_UNSAT,0.6649503880003067,2,0,1,2,1,,,,,,,,,,,2668,7141,100404,
MacroATLAS,tiny_01566,global_prop,macro,UNSAT,MIN_EXPANDED_SIZE,0,0,NOT_APPLICABLE_UNSAT,0.7148512449998634,2,0,1,2,1,,0,,,,,,,,,2402,5124,106488,
Oracle,tiny_01567,repair,oracle,UNSAT,REPAIR,0,0,REFERENCE_EXHAUSTIVE,0.2139259749997109,2,0,1,2,1,,,,,,,,,,,,,45320,
ATLAS-B,tiny_01567,repair,atlas-b,UNSAT,REPAIR,0,0,NOT_APPLICABLE_UNSAT,1.0652274529998067,2,0,1,2,1,,,,,,,,,,,12164,39577,131256,
MacroATLAS,tiny_01567,repair,macro,UNSAT,REPAIR,0,0,NOT_APPLICABLE_UNSAT,0.9150219989996913,2,0,1,2,1,,0,,,,,,,,,1378,2362,118256,
Oracle,tiny_01568,plain,oracle,SAT,MIN_EXPANDED_SIZE,0,3,REFERENCE_EXHAUSTIVE,0.21416967999994085,3,1,2,2,1,,,,,,,,,,,,,46780,
ATLAS-B,tiny_01568,plain,atlas-b,SAT,MIN_EXPANDED_SIZE,0,3,PASSED,0.9149543570001697,3,1,2,2,1,3,1,0,0,3,False,True,True,True,True,16506,53769,129980,
MacroATLAS,tiny_01568,plain,macro,SAT,MIN_EXPANDED_SIZE,0,3,PASSED,0.8149833679999574,3,1,2,2,1,3,1,0,0,3,False,True,True,True,True,2616,5312,107440,
Oracle,tiny_01569,nnf,oracle,SAT,MIN_EXPANDED_SIZE,0,3,REFERENCE_EXHAUSTIVE,0.2140188470002613,3,1,2,2,1,,,,,,,,,,,,,46728,
ATLAS-B,tiny_01569,nnf,atlas-b,SAT,MIN_EXPANDED_SIZE,0,3,PASSED,0.8652803750001112,3,1,2,2,1,3,1,0,0,3,False,True,True,True,True,16513,53777,126896,
MacroATLAS,tiny_01569,nnf,macro,SAT,MIN_EXPANDED_SIZE,0,3,PASSED,0.865123691000008,3,1,2,2,1,3,1,0,0,3,False,True,True,True,True,4466,10083,111308,
Oracle,tiny_01570,cnf,oracle,SAT,MIN_EXPANDED_SIZE,0,1,REFERENCE_EXHAUSTIVE,0.21407768699964436,2,0,1,1,1,,,,,,,,,,,,,44740,
ATLAS-B,tiny_01570,cnf,atlas-b,SAT,MIN_EXPANDED_SIZE,0,1,PASSED,0.7649467070000355,2,0,1,1,1,1,0,0,0,1,False,True,True,True,True,5548,17345,99180,
MacroATLAS,tiny_01570,cnf,macro,SAT,MIN_EXPANDED_SIZE,0,1,PASSED,0.714756202999979,2,0,1,1,1,1,0,0,0,1,False,True,True,True,True,888,1673,101376,
Oracle,tiny_01571,dnf,oracle,SAT,MIN_EXPANDED_SIZE,0,1,REFERENCE_EXHAUSTIVE,0.21428684300008172,2,0,1,1,1,,,,,,,,,,,,,44748,
ATLAS-B,tiny_01571,dnf,atlas-b,SAT,MIN_EXPANDED_SIZE,0,1,PASSED,0.765044079999825,2,0,1,1,1,1,0,0,0,1,False,True,True,True,True,4100,12351,102944,
MacroATLAS,tiny_01571,dnf,macro,SAT,MIN_EXPANDED_SIZE,0,1,PASSED,0.7650955399999475,2,0,1,1,1,1,0,0,0,1,False,True,True,True,True,888,1673,110204,
Oracle,tiny_01572,required,oracle,SAT,MIN_EXPANDED_SIZE,0,3,REFERENCE_EXHAUSTIVE,0.2140090970001438,3,1,2,2,1,,,,,,,,,,,,,46920,
ATLAS-B,tiny_01572,required,atlas-b,SAT,MIN_EXPANDED_SIZE,0,3,PASSED,0.8147962240000197,3,1,2,2,1,3,1,0,0,3,False,True,True,True,True,12707,40520,108328,
MacroATLAS,tiny_01572,required,macro,SAT,MIN_EXPANDED_SIZE,0,3,PASSED,0.8650667199999589,3,1,2,2,1,3,1,0,0,3,False,True,True,True,True,3248,6867,111412,
Oracle,tiny_01573,no_dag_reuse,oracle,SAT,MIN_EXPANDED_SIZE,0,3,REFERENCE_EXHAUSTIVE,0.21410119900019708,3,1,2,2,1,,,,,,,,,,,,,47148,
ATLAS-B,tiny_01573,no_dag_reuse,atlas-b,SAT,MIN_EXPANDED_SIZE,0,3,PASSED,0.865219992999755,3,1,2,2,1,3,1,0,0,3,False,True,True,True,True,12757,40610,110568,
MacroATLAS,tiny_01573,no_dag_reuse,macro,SAT,MIN_EXPANDED_SIZE,0,3,PASSED,0.7649873380000827,3,1,2,2,1,3,1,0,0,3,False,True,True,True,True,2914,5792,99572,
Oracle,tiny_01574,global_prop,oracle,SAT,MIN_EXPANDED_SIZE,0,2,REFERENCE_EXHAUSTIVE,0.21406144799993854,3,0,1,1,1,,,,,,,,,,,,,45268,
ATLAS-B,tiny_01574,global_prop,atlas-b,SAT,MIN_EXPANDED_SIZE,0,2,PASSED,0.7147607329998209,3,0,1,1,1,2,0,1,1,2,False,True,True,True,True,4365,12635,99936,
MacroATLAS,tiny_01574,global_prop,macro,SAT,MIN_EXPANDED_SIZE,0,2,PASSED,0.8149146159998963,3,0,1,1,1,2,0,1,1,2,False,True,True,True,True,2405,5126,110708,
Oracle,tiny_01575,repair,oracle,SAT,REPAIR,1,2,REFERENCE_EXHAUSTIVE,0.2140110969999114,3,0,1,1,1,,,,,,,,,,,,,45456,
ATLAS-B,tiny_01575,repair,atlas-b,SAT,REPAIR,1,2,PASSED,0.7650127790002443,3,0,1,1,1,2,0,1,1,2,False,True,True,True,True,1921,4483,101212,
MacroATLAS,tiny_01575,repair,macro,SAT,REPAIR,1,2,PASSED,0.7148782160002156,3,0,1,1,1,2,0,1,1,2,False,True,True,True,True,2316,4422,95916,
Oracle,tiny_01576,plain,oracle,SAT,MIN_EXPANDED_SIZE,0,2,REFERENCE_EXHAUSTIVE,0.16399076599964246,3,0,1,1,1,,,,,,,,,,,,,44676,
ATLAS-B,tiny_01576,plain,atlas-b,SAT,MIN_EXPANDED_SIZE,0,2,PASSED,0.7155807220001407,3,0,1,1,1,2,0,1,1,2,False,True,True,True,True,2944,8075,100408,
MacroATLAS,tiny_01576,plain,macro,SAT,MIN_EXPANDED_SIZE,0,2,PASSED,0.7148948660001224,3,0,1,1,1,2,0,1,1,2,False,True,True,True,True,2042,3862,98936,
Oracle,tiny_01577,nnf,oracle,SAT,MIN_EXPANDED_SIZE,0,2,REFERENCE_EXHAUSTIVE,0.2140075170000273,3,0,1,1,1,,,,,,,,,,,,,44924,
ATLAS-B,tiny_01577,nnf,atlas-b,SAT,MIN_EXPANDED_SIZE,0,2,PASSED,0.7648184139998193,3,0,1,1,1,2,0,1,1,2,False,True,True,True,True,5855,17779,102432,
MacroATLAS,tiny_01577,nnf,macro,SAT,MIN_EXPANDED_SIZE,0,2,PASSED,0.9156287020000491,3,0,1,1,1,2,0,1,1,2,False,True,True,True,True,3851,8489,118984,
Oracle,tiny_01578,cnf,oracle,SAT,MIN_EXPANDED_SIZE,0,2,REFERENCE_EXHAUSTIVE,0.21407803800002512,3,0,1,1,1,,,,,,,,,,,,,45200,
ATLAS-B,tiny_01578,cnf,atlas-b,SAT,MIN_EXPANDED_SIZE,0,2,PASSED,0.7148113739999644,3,0,1,1,1,2,0,1,1,2,False,True,True,True,True,2974,8125,102620,
MacroATLAS,tiny_01578,cnf,macro,SAT,MIN_EXPANDED_SIZE,0,2,PASSED,0.814983077999841,3,0,1,1,1,2,0,1,1,2,False,True,True,True,True,3025,6690,117780,
Oracle,tiny_01579,dnf,oracle,SAT,MIN_EXPANDED_SIZE,0,2,REFERENCE_EXHAUSTIVE,0.21414913900025567,3,0,1,1,1,,,,,,,,,,,,,44964,
ATLAS-B,tiny_01579,dnf,atlas-b,SAT,MIN_EXPANDED_SIZE,0,2,PASSED,0.8147874729997966,3,0,1,1,1,2,0,1,1,2,False,True,True,True,True,7765,24296,103740,
MacroATLAS,tiny_01579,dnf,macro,SAT,MIN_EXPANDED_SIZE,0,2,PASSED,0.8148942759999045,3,0,1,1,1,2,0,1,1,2,False,True,True,True,True,3025,6690,112080,
Oracle,tiny_01580,required,oracle,SAT,MIN_EXPANDED_SIZE,0,2,REFERENCE_EXHAUSTIVE,0.214126288999978,3,0,1,1,1,,,,,,,,,,,,,45360,
ATLAS-B,tiny_01580,required,atlas-b,SAT,MIN_EXPANDED_SIZE,0,2,PASSED,0.8150293690000581,3,0,1,1,1,2,0,1,1,2,False,True,True,True,True,10072,32387,113532,
MacroATLAS,tiny_01580,required,macro,SAT,MIN_EXPANDED_SIZE,0,2,PASSED,0.7148819260000892,3,0,1,1,1,2,0,1,1,2,False,True,True,True,True,2453,4735,96148,
Oracle,tiny_01581,no_dag_reuse,oracle,SAT,MIN_EXPANDED_SIZE,0,2,REFERENCE_EXHAUSTIVE,0.21406418800006577,3,0,1,1,1,,,,,,,,,,,,,44984,
ATLAS-B,tiny_01581,no_dag_reuse,atlas-b,SAT,MIN_EXPANDED_SIZE,0,2,PASSED,0.7648473260001083,3,0,1,1,1,2,0,1,1,2,False,True,True,True,True,4357,12674,96164,
MacroATLAS,tiny_01581,no_dag_reuse,macro,SAT,MIN_EXPANDED_SIZE,0,2,PASSED,0.7649956279997241,3,0,1,1,1,2,0,1,1,2,False,True,True,True,True,2825,5484,103732,
Oracle,tiny_01582,global_prop,oracle,SAT,MIN_EXPANDED_SIZE,0,3,REFERENCE_EXHAUSTIVE,0.21408659899998383,4,0,1,1,1,,,,,,,,,,,,,47276,
ATLAS-B,tiny_01582,global_prop,atlas-b,SAT,MIN_EXPANDED_SIZE,0,3,PASSED,0.8150445589999435,4,0,1,1,1,3,0,2,2,3,False,True,True,True,True,6318,18631,103836,
MacroATLAS,tiny_01582,global_prop,macro,SAT,MIN_EXPANDED_SIZE,0,3,PASSED,0.8653231459998096,4,0,1,1,1,3,0,2,2,3,False,True,True,True,True,2920,6505,114908,
Oracle,tiny_01583,repair,oracle,SAT,REPAIR,0,3,REFERENCE_EXHAUSTIVE,0.21403329699978713,4,0,1,1,1,,,,,,,,,,,,,46436,
ATLAS-B,tiny_01583,repair,atlas-b,SAT,REPAIR,0,3,PASSED,1.265765895000186,4,0,1,1,1,3,0,2,2,3,False,True,True,True,True,15514,49496,133356,
MacroATLAS,tiny_01583,repair,macro,SAT,REPAIR,0,3,PASSED,1.0655653110002277,4,0,1,1,1,3,0,2,2,3,False,True,True,True,True,3916,7936,127292,
Oracle,tiny_01584,plain,oracle,SAT,MIN_EXPANDED_SIZE,0,2,REFERENCE_EXHAUSTIVE,0.16409498800021538,3,0,1,1,1,,,,,,,,,,,,,45032,
ATLAS-B,tiny_01584,plain,atlas-b,SAT,MIN_EXPANDED_SIZE,0,2,PASSED,0.7649612969998998,3,0,1,1,1,2,0,1,1,2,False,True,True,True,True,5848,17762,104032,
MacroATLAS,tiny_01584,plain,macro,SAT,MIN_EXPANDED_SIZE,0,2,PASSED,0.7147889429998031,3,0,1,1,1,2,0,1,1,2,False,True,True,True,True,2230,4039,96968,
Oracle,tiny_01585,nnf,oracle,SAT,MIN_EXPANDED_SIZE,0,2,REFERENCE_EXHAUSTIVE,0.21404353700017964,3,0,1,1,1,,,,,,,,,,,,,44940,
ATLAS-B,tiny_01585,nnf,atlas-b,SAT,MIN_EXPANDED_SIZE,0,2,PASSED,0.7149453570000333,3,0,1,1,1,2,0,1,1,2,False,True,True,True,True,4333,12644,99812,
MacroATLAS,tiny_01585,nnf,macro,SAT,MIN_EXPANDED_SIZE,0,2,PASSED,0.864904825999929,3,0,1,1,1,2,0,1,1,2,False,True,True,True,True,3991,8546,121476,
Oracle,tiny_01586,cnf,oracle,SAT,MIN_EXPANDED_SIZE,0,3,REFERENCE_EXHAUSTIVE,0.2140499170000112,3,1,2,1,2,,,,,,,,,,,,,47004,
ATLAS-B,tiny_01586,cnf,atlas-b,SAT,MIN_EXPANDED_SIZE,0,3,PASSED,0.864912827000353,3,1,2,1,2,3,1,0,0,3,False,True,True,True,True,12741,40588,115196,
MacroATLAS,tiny_01586,cnf,macro,SAT,MIN_EXPANDED_SIZE,0,3,PASSED,0.9651349309997386,3,1,2,1,2,3,1,0,0,3,False,True,True,True,True,5286,12159,134680,
Oracle,tiny_01587,dnf,oracle,SAT,MIN_EXPANDED_SIZE,0,3,REFERENCE_EXHAUSTIVE,0.21413856899971506,3,1,2,1,2,,,,,,,,,,,,,46688,
ATLAS-B,tiny_01587,dnf,atlas-b,SAT,MIN_EXPANDED_SIZE,0,3,PASSED,0.9153300650000347,3,1,2,1,2,3,1,0,0,3,False,True,True,True,True,12742,40582,116932,
MacroATLAS,tiny_01587,dnf,macro,SAT,MIN_EXPANDED_SIZE,0,3,PASSED,0.9666369859996848,3,1,2,1,2,3,1,0,0,3,False,True,True,True,True,5286,12159,134932,
Oracle,tiny_01588,required,oracle,SAT,MIN_EXPANDED_SIZE,0,2,REFERENCE_EXHAUSTIVE,0.21422923199997967,3,0,1,1,1,,,,,,,,,,,,,45052,
ATLAS-B,tiny_01588,required,atlas-b,SAT,MIN_EXPANDED_SIZE,0,2,PASSED,0.8149825169998621,3,0,1,1,1,2,0,1,1,2,False,True,True,True,True,5849,17764,103152,
MacroATLAS,tiny_01588,required,macro,SAT,MIN_EXPANDED_SIZE,0,2,PASSED,0.7649819580001349,3,0,1,1,1,2,0,1,1,2,False,True,True,True,True,2796,5581,100464,
Oracle,tiny_01589,no_dag_reuse,oracle,SAT,MIN_EXPANDED_SIZE,0,2,REFERENCE_EXHAUSTIVE,0.21402939700010393,3,0,1,1,1,,,,,,,,,,,,,44416,
ATLAS-B,tiny_01589,no_dag_reuse,atlas-b,SAT,MIN_EXPANDED_SIZE,0,2,PASSED,0.8148470350001844,3,0,1,1,1,2,0,1,1,2,False,True,True,True,True,7766,24289,103720,
MacroATLAS,tiny_01589,no_dag_reuse,macro,SAT,MIN_EXPANDED_SIZE,0,2,PASSED,0.8652495040000758,3,0,1,1,1,2,0,1,1,2,False,True,True,True,True,4605,9337,116760,
Oracle,tiny_01590,global_prop,oracle,SAT,MIN_EXPANDED_SIZE,0,4,REFERENCE_EXHAUSTIVE,0.3142758029998731,4,1,2,1,2,,,,,,,,,,,,,72752,
ATLAS-B,tiny_01590,global_prop,atlas-b,SAT,MIN_EXPANDED_SIZE,0,4,PASSED,0.9152011020000828,4,1,2,1,2,4,1,1,1,4,False,True,True,True,True,17331,55222,127276,
MacroATLAS,tiny_01590,global_prop,macro,SAT,MIN_EXPANDED_SIZE,0,4,PASSED,0.9652022229997783,4,1,2,1,2,4,1,1,1,4,False,True,True,True,True,6887,16121,129580,
Oracle,tiny_01591,repair,oracle,UNSAT,REPAIR,0,0,REFERENCE_EXHAUSTIVE,0.2140963090000696,2,0,1,2,1,,,,,,,,,,,,,45244,
ATLAS-B,tiny_01591,repair,atlas-b,UNSAT,REPAIR,0,0,NOT_APPLICABLE_UNSAT,0.9151992530000825,2,0,1,2,1,,,,,,,,,,,4859,14267,128404,
MacroATLAS,tiny_01591,repair,macro,UNSAT,REPAIR,0,0,NOT_APPLICABLE_UNSAT,0.9152848550002091,2,0,1,2,1,,0,,,,,,,,,1378,2362,127716,
Oracle,tiny_01592,plain,oracle,SAT,MIN_EXPANDED_SIZE,0,3,REFERENCE_EXHAUSTIVE,0.2140837179999835,4,0,1,1,1,,,,,,,,,,,,,46024,
ATLAS-B,tiny_01592,plain,atlas-b,SAT,MIN_EXPANDED_SIZE,0,3,PASSED,0.9155648400001155,4,0,1,1,1,3,0,2,2,3,False,True,True,True,True,18782,62222,124096,
MacroATLAS,tiny_01592,plain,macro,SAT,MIN_EXPANDED_SIZE,0,3,PASSED,1.01526324400038,4,0,1,1,1,3,0,2,2,3,False,True,True,True,True,8104,17665,134208,
Oracle,tiny_01593,nnf,oracle,SAT,MIN_EXPANDED_SIZE,0,3,REFERENCE_EXHAUSTIVE,0.21415573000012955,4,0,1,1,1,,,,,,,,,,,,,46068,
ATLAS-B,tiny_01593,nnf,atlas-b,SAT,MIN_EXPANDED_SIZE,0,3,PASSED,0.9152210729998842,4,0,1,1,1,3,0,2,2,3,False,True,True,True,True,18790,62245,126500,
MacroATLAS,tiny_01593,nnf,macro,SAT,MIN_EXPANDED_SIZE,0,3,PASSED,1.3157140240000444,4,0,1,1,1,3,0,2,2,3,False,True,True,True,True,13306,33212,140388,
Oracle,tiny_01594,cnf,oracle,SAT,MIN_EXPANDED_SIZE,0,3,REFERENCE_EXHAUSTIVE,0.3141683099997863,3,1,2,2,1,,,,,,,,,,,,,46948,
ATLAS-B,tiny_01594,cnf,atlas-b,SAT,MIN_EXPANDED_SIZE,0,3,PASSED,0.9152600339998571,3,1,2,2,1,3,1,0,0,3,False,True,True,True,True,12742,40589,111368,
MacroATLAS,tiny_01594,cnf,macro,SAT,MIN_EXPANDED_SIZE,0,3,PASSED,0.9152260940004453,3,1,2,2,1,3,1,0,0,3,False,True,True,True,True,5286,12159,133636,
Oracle,tiny_01595,dnf,oracle,SAT,MIN_EXPANDED_SIZE,0,3,REFERENCE_EXHAUSTIVE,0.2141152389999661,3,1,2,2,1,,,,,,,,,,,,,46676,
ATLAS-B,tiny_01595,dnf,atlas-b,SAT,MIN_EXPANDED_SIZE,0,3,PASSED,0.8149901679998948,3,1,2,2,1,3,1,0,0,3,False,True,True,True,True,9657,29973,106812,
MacroATLAS,tiny_01595,dnf,macro,SAT,MIN_EXPANDED_SIZE,0,3,PASSED,0.9150281189999987,3,1,2,2,1,3,1,0,0,3,False,True,True,True,True,5286,12159,132536,
Oracle,tiny_01596,required,oracle,SAT,MIN_EXPANDED_SIZE,0,3,REFERENCE_EXHAUSTIVE,0.2140520079997259,4,0,1,1,1,,,,,,,,,,,,,46252,
ATLAS-B,tiny_01596,required,atlas-b,SAT,MIN_EXPANDED_SIZE,0,3,PASSED,0.9651050010002109,4,0,1,1,1,3,0,2,2,3,False,True,True,True,True,18782,62221,127148,
MacroATLAS,tiny_01596,required,macro,SAT,MIN_EXPANDED_SIZE,0,3,PASSED,1.015248333999807,4,0,1,1,1,3,0,2,2,3,False,True,True,True,True,7011,14882,137900,
Oracle,tiny_01597,no_dag_reuse,oracle,SAT,MIN_EXPANDED_SIZE,0,3,REFERENCE_EXHAUSTIVE,0.2140343880000728,4,0,1,1,1,,,,,,,,,,,,,46396,
ATLAS-B,tiny_01597,no_dag_reuse,atlas-b,SAT,MIN_EXPANDED_SIZE,0,3,PASSED,0.8650595300000532,4,0,1,1,1,3,0,2,2,3,False,True,True,True,True,10759,33839,113192,
MacroATLAS,tiny_01597,no_dag_reuse,macro,SAT,MIN_EXPANDED_SIZE,0,3,PASSED,0.8149855379997462,4,0,1,1,1,3,0,2,2,3,False,True,True,True,True,5351,10878,111244,
Oracle,tiny_01598,global_prop,oracle,SAT,MIN_EXPANDED_SIZE,0,4,REFERENCE_EXHAUSTIVE,0.3142034409997905,4,1,2,2,1,,,,,,,,,,,,,73240,
ATLAS-B,tiny_01598,global_prop,atlas-b,SAT,MIN_EXPANDED_SIZE,0,4,PASSED,0.9150997610004197,4,1,2,2,1,4,1,1,1,4,False,True,True,True,True,17330,55223,124068,
MacroATLAS,tiny_01598,global_prop,macro,SAT,MIN_EXPANDED_SIZE,0,4,PASSED,0.9150023779998264,4,1,2,2,1,4,1,1,1,4,False,True,True,True,True,6887,16121,130512,
Oracle,tiny_01599,repair,oracle,SAT,REPAIR,1,2,REFERENCE_EXHAUSTIVE,0.21419266999964748,3,0,1,1,1,,,,,,,,,,,,,45468,
ATLAS-B,tiny_01599,repair,atlas-b,SAT,REPAIR,1,2,PASSED,0.7648673749999944,3,0,1,1,1,2,0,1,1,2,False,True,True,True,True,5187,15000,101292,
MacroATLAS,tiny_01599,repair,macro,SAT,REPAIR,1,2,PASSED,0.7148434760001692,3,0,1,1,1,2,0,1,1,2,False,True,True,True,True,2316,4422,96844,
Oracle,tiny_01600,plain,oracle,UNSAT,MIN_EXPANDED_SIZE,0,0,REFERENCE_EXHAUSTIVE,0.16395788499994524,2,0,1,2,1,,,,,,,,,,,,,44620,
ATLAS-B,tiny_01600,plain,atlas-b,UNSAT,MIN_EXPANDED_SIZE,0,0,NOT_APPLICABLE_UNSAT,0.815185713000119,2,0,1,2,1,,,,,,,,,,,8112,25606,104408,
MacroATLAS,tiny_01600,plain,macro,UNSAT,MIN_EXPANDED_SIZE,0,0,NOT_APPLICABLE_UNSAT,0.6147802030000094,2,0,1,2,1,,0,,,,,,,,,1398,2561,86604,
Oracle,tiny_01601,nnf,oracle,UNSAT,MIN_EXPANDED_SIZE,0,0,REFERENCE_EXHAUSTIVE,0.16427282199992987,2,0,1,2,1,,,,,,,,,,,,,45020,
ATLAS-B,tiny_01601,nnf,atlas-b,UNSAT,MIN_EXPANDED_SIZE,0,0,NOT_APPLICABLE_UNSAT,0.7649857080000402,2,0,1,2,1,,,,,,,,,,,8118,25611,97668,
MacroATLAS,tiny_01601,nnf,macro,UNSAT,MIN_EXPANDED_SIZE,0,0,NOT_APPLICABLE_UNSAT,0.714808513999742,2,0,1,2,1,,0,,,,,,,,,2281,4807,105696,
Oracle,tiny_01602,cnf,oracle,UNSAT,MIN_EXPANDED_SIZE,0,0,REFERENCE_EXHAUSTIVE,0.16396321500042177,2,0,1,2,1,,,,,,,,,,,,,44648,
ATLAS-B,tiny_01602,cnf,atlas-b,UNSAT,MIN_EXPANDED_SIZE,0,0,NOT_APPLICABLE_UNSAT,0.7147748430002139,2,0,1,2,1,,,,,,,,,,,2668,7174,96656,
MacroATLAS,tiny_01602,cnf,macro,UNSAT,MIN_EXPANDED_SIZE,0,0,NOT_APPLICABLE_UNSAT,0.8150479689998065,2,0,1,2,1,,0,,,,,,,,,3022,6688,106704,
Oracle,tiny_01603,dnf,oracle,UNSAT,MIN_EXPANDED_SIZE,0,0,REFERENCE_EXHAUSTIVE,0.2140860879999309,2,0,1,2,1,,,,,,,,,,,,,44744,
ATLAS-B,tiny_01603,dnf,atlas-b,UNSAT,MIN_EXPANDED_SIZE,0,0,NOT_APPLICABLE_UNSAT,0.6647776630002227,2,0,1,2,1,,,,,,,,,,,2667,7176,99304,
MacroATLAS,tiny_01603,dnf,macro,UNSAT,MIN_EXPANDED_SIZE,0,0,NOT_APPLICABLE_UNSAT,0.8651575710000543,2,0,1,2,1,,0,,,,,,,,,3209,6984,116720,
Oracle,tiny_01604,required,oracle,UNSAT,MIN_EXPANDED_SIZE,0,0,REFERENCE_EXHAUSTIVE,0.16400645600015196,2,0,1,2,1,,,,,,,,,,,,,44032,
ATLAS-B,tiny_01604,required,atlas-b,UNSAT,MIN_EXPANDED_SIZE,0,0,NOT_APPLICABLE_UNSAT,0.7148307749998821,2,0,1,2,1,,,,,,,,,,,5940,18122,99008,
MacroATLAS,tiny_01604,required,macro,UNSAT,MIN_EXPANDED_SIZE,0,0,NOT_APPLICABLE_UNSAT,0.6148208139998133,2,0,1,2,1,,0,,,,,,,,,1398,2561,87476,
Oracle,tiny_01605,no_dag_reuse,oracle,UNSAT,MIN_EXPANDED_SIZE,0,0,REFERENCE_EXHAUSTIVE,0.16398782599981132,2,0,1,2,1,,,,,,,,,,,,,44268,
ATLAS-B,tiny_01605,no_dag_reuse,atlas-b,UNSAT,MIN_EXPANDED_SIZE,0,0,NOT_APPLICABLE_UNSAT,0.8148267340002349,2,0,1,2,1,,,,,,,,,,,10897,35319,104740,
MacroATLAS,tiny_01605,no_dag_reuse,macro,UNSAT,MIN_EXPANDED_SIZE,0,0,NOT_APPLICABLE_UNSAT,0.6648852050002461,2,0,1,2,1,,0,,,,,,,,,1508,2728,92244,
Oracle,tiny_01606,global_prop,oracle,UNSAT,MIN_EXPANDED_SIZE,0,0,REFERENCE_EXHAUSTIVE,0.21411010899964822,2,0,1,2,1,,,,,,,,,,,,,44920,
ATLAS-B,tiny_01606,global_prop,atlas-b,UNSAT,MIN_EXPANDED_SIZE,0,0,NOT_APPLICABLE_UNSAT,0.7649628369999846,2,0,1,2,1,,,,,,,,,,,5963,18116,102340,
MacroATLAS,tiny_01606,global_prop,macro,UNSAT,MIN_EXPANDED_SIZE,0,0,NOT_APPLICABLE_UNSAT,0.8151074500001414,2,0,1,2,1,,0,,,,,,,,,2604,5442,108216,
Oracle,tiny_01607,repair,oracle,SAT,REPAIR,0,3,REFERENCE_EXHAUSTIVE,0.21401588699973217,4,0,1,1,1,,,,,,,,,,,,,47088,
ATLAS-B,tiny_01607,repair,atlas-b,SAT,REPAIR,0,3,PASSED,1.1654282579997925,4,0,1,1,1,3,0,2,2,3,False,True,True,True,True,9527,28794,130416,
MacroATLAS,tiny_01607,repair,macro,SAT,REPAIR,0,3,PASSED,1.0652571239997997,4,0,1,1,1,3,0,2,2,3,False,True,True,True,True,3916,7936,128860,
Oracle,tiny_01608,plain,oracle,SAT,MIN_EXPANDED_SIZE,0,1,REFERENCE_EXHAUSTIVE,0.16398523599991677,2,0,1,1,1,,,,,,,,,,,,,44324,
ATLAS-B,tiny_01608,plain,atlas-b,SAT,MIN_EXPANDED_SIZE,0,1,PASSED,0.8149044359997788,2,0,1,1,1,1,0,0,0,1,False,True,True,True,True,7370,23772,102260,
MacroATLAS,tiny_01608,plain,macro,SAT,MIN_EXPANDED_SIZE,0,1,PASSED,0.6146224399999483,2,0,1,1,1,1,0,0,0,1,False,True,True,True,True,320,523,88332,
Oracle,tiny_01609,nnf,oracle,SAT,MIN_EXPANDED_SIZE,0,1,REFERENCE_EXHAUSTIVE,0.1640136160003749,2,0,1,1,1,,,,,,,,,,,,,44192,
ATLAS-B,tiny_01609,nnf,atlas-b,SAT,MIN_EXPANDED_SIZE,0,1,PASSED,0.764904726000168,2,0,1,1,1,1,0,0,0,1,False,True,True,True,True,4082,12324,100024,
MacroATLAS,tiny_01609,nnf,macro,SAT,MIN_EXPANDED_SIZE,0,1,PASSED,0.6646781909998936,2,0,1,1,1,1,0,0,0,1,False,True,True,True,True,667,1204,93032,
Oracle,tiny_01610,cnf,oracle,SAT,MIN_EXPANDED_SIZE,0,1,REFERENCE_EXHAUSTIVE,0.2141160790001777,2,0,1,1,1,,,,,,,,,,,,,44676,
ATLAS-B,tiny_01610,cnf,atlas-b,SAT,MIN_EXPANDED_SIZE,0,1,PASSED,0.7650139689999378,2,0,1,1,1,1,0,0,0,1,False,True,True,True,True,4100,12351,104432,
MacroATLAS,tiny_01610,cnf,macro,SAT,MIN_EXPANDED_SIZE,0,1,PASSED,0.7149111670000821,2,0,1,1,1,1,0,0,0,1,False,True,True,True,True,888,1673,103656,
Oracle,tiny_01611,dnf,oracle,SAT,MIN_EXPANDED_SIZE,0,1,REFERENCE_EXHAUSTIVE,0.21409847800032367,2,0,1,1,1,,,,,,,,,,,,,44184,
ATLAS-B,tiny_01611,dnf,atlas-b,SAT,MIN_EXPANDED_SIZE,0,1,PASSED,0.6647209120001207,2,0,1,1,1,1,0,0,0,1,False,True,True,True,True,887,1976,93664,
MacroATLAS,tiny_01611,dnf,macro,SAT,MIN_EXPANDED_SIZE,0,1,PASSED,0.8649273959999846,2,0,1,1,1,1,0,0,0,1,False,True,True,True,True,888,1673,110220,
Oracle,tiny_01612,required,oracle,SAT,MIN_EXPANDED_SIZE,0,1,REFERENCE_EXHAUSTIVE,0.16395475500030443,2,0,1,1,1,,,,,,,,,,,,,44648,
ATLAS-B,tiny_01612,required,atlas-b,SAT,MIN_EXPANDED_SIZE,0,1,PASSED,0.8149483369998052,2,0,1,1,1,1,0,0,0,1,False,True,True,True,True,7371,23772,105076,
MacroATLAS,tiny_01612,required,macro,SAT,MIN_EXPANDED_SIZE,0,1,PASSED,0.6145104269999138,2,0,1,1,1,1,0,0,0,1,False,True,True,True,True,320,523,89588,
Oracle,tiny_01613,no_dag_reuse,oracle,SAT,MIN_EXPANDED_SIZE,0,1,REFERENCE_EXHAUSTIVE,0.16425870300008683,2,0,1,1,1,,,,,,,,,,,,,44280,
ATLAS-B,tiny_01613,no_dag_reuse,atlas-b,SAT,MIN_EXPANDED_SIZE,0,1,PASSED,0.7147833139997601,2,0,1,1,1,1,0,0,0,1,False,True,True,True,True,2956,8494,94836,
MacroATLAS,tiny_01613,no_dag_reuse,macro,SAT,MIN_EXPANDED_SIZE,0,1,PASSED,0.664838845000304,2,0,1,1,1,1,0,0,0,1,False,True,True,True,True,1321,2432,93708,
Oracle,tiny_01614,global_prop,oracle,SAT,MIN_EXPANDED_SIZE,0,2,REFERENCE_EXHAUSTIVE,0.2143250630001603,3,0,1,1,1,,,,,,,,,,,,,45788,
ATLAS-B,tiny_01614,global_prop,atlas-b,SAT,MIN_EXPANDED_SIZE,0,2,PASSED,0.8152249340000708,3,0,1,1,1,2,0,1,1,2,False,True,True,True,True,10111,32389,108408,
MacroATLAS,tiny_01614,global_prop,macro,SAT,MIN_EXPANDED_SIZE,0,2,PASSED,0.8149250870001197,3,0,1,1,1,2,0,1,1,2,False,True,True,True,True,2405,5126,111736,
Oracle,tiny_01615,repair,oracle,UNSAT,REPAIR,0,0,REFERENCE_EXHAUSTIVE,0.2141974000001028,2,0,1,2,1,,,,,,,,,,,,,45284,
ATLAS-B,tiny_01615,repair,atlas-b,UNSAT,REPAIR,0,0,NOT_APPLICABLE_UNSAT,0.8150744099998519,2,0,1,2,1,,,,,,,,,,,3117,8491,111852,
MacroATLAS,tiny_01615,repair,macro,UNSAT,REPAIR,0,0,NOT_APPLICABLE_UNSAT,0.8650919399997292,2,0,1,2,1,,0,,,,,,,,,1191,2066,112656,
Oracle,tiny_01616,plain,oracle,SAT,MIN_EXPANDED_SIZE,0,2,REFERENCE_EXHAUSTIVE,0.21410659899993334,3,0,1,1,1,,,,,,,,,,,,,44516,
ATLAS-B,tiny_01616,plain,atlas-b,SAT,MIN_EXPANDED_SIZE,0,2,PASSED,0.664833534999616,3,0,1,1,1,2,0,1,1,2,False,True,True,True,True,2096,5399,91668,
MacroATLAS,tiny_01616,plain,macro,SAT,MIN_EXPANDED_SIZE,0,2,PASSED,0.6647529730003043,3,0,1,1,1,2,0,1,1,2,False,True,True,True,True,1214,2267,92892,
Oracle,tiny_01617,nnf,oracle,SAT,MIN_EXPANDED_SIZE,0,2,REFERENCE_EXHAUSTIVE,0.21411841899998763,3,0,1,1,1,,,,,,,,,,,,,44856,
ATLAS-B,tiny_01617,nnf,atlas-b,SAT,MIN_EXPANDED_SIZE,0,2,PASSED,0.7649713680002606,3,0,1,1,1,2,0,1,1,2,False,True,True,True,True,2102,5412,101740,
MacroATLAS,tiny_01617,nnf,macro,SAT,MIN_EXPANDED_SIZE,0,2,PASSED,0.8150377789997947,3,0,1,1,1,2,0,1,1,2,False,True,True,True,True,2284,4809,109780,
Oracle,tiny_01618,cnf,oracle,SAT,MIN_EXPANDED_SIZE,0,2,REFERENCE_EXHAUSTIVE,0.21403450700017856,3,0,1,1,1,,,,,,,,,,,,,44908,
ATLAS-B,tiny_01618,cnf,atlas-b,SAT,MIN_EXPANDED_SIZE,0,2,PASSED,0.8653632460000154,3,0,1,1,1,2,0,1,1,2,False,True,True,True,True,10103,32441,112788,
MacroATLAS,tiny_01618,cnf,macro,SAT,MIN_EXPANDED_SIZE,0,2,PASSED,0.9151308810000955,3,0,1,1,1,2,0,1,1,2,False,True,True,True,True,3025,6690,122376,
Oracle,tiny_01619,dnf,oracle,SAT,MIN_EXPANDED_SIZE,0,2,REFERENCE_EXHAUSTIVE,0.16401133700037462,3,0,1,1,1,,,,,,,,,,,,,45072,
ATLAS-B,tiny_01619,dnf,atlas-b,SAT,MIN_EXPANDED_SIZE,0,2,PASSED,0.8151112610003111,3,0,1,1,1,2,0,1,1,2,False,True,True,True,True,7765,24296,105128,
MacroATLAS,tiny_01619,dnf,macro,SAT,MIN_EXPANDED_SIZE,0,2,PASSED,0.9651910029997453,3,0,1,1,1,2,0,1,1,2,False,True,True,True,True,3025,6690,125456,
Oracle,tiny_01620,required,oracle,SAT,MIN_EXPANDED_SIZE,0,2,REFERENCE_EXHAUSTIVE,0.21414292899999054,3,0,1,1,1,,,,,,,,,,,,,45108,
ATLAS-B,tiny_01620,required,atlas-b,SAT,MIN_EXPANDED_SIZE,0,2,PASSED,0.8150213189996975,3,0,1,1,1,2,0,1,1,2,False,True,True,True,True,10071,32383,108468,
MacroATLAS,tiny_01620,required,macro,SAT,MIN_EXPANDED_SIZE,0,2,PASSED,0.6646961810001812,3,0,1,1,1,2,0,1,1,2,False,True,True,True,True,1214,2267,94324,
Oracle,tiny_01621,no_dag_reuse,oracle,SAT,MIN_EXPANDED_SIZE,0,2,REFERENCE_EXHAUSTIVE,0.2140493880001486,3,0,1,1,1,,,,,,,,,,,,,44976,
ATLAS-B,tiny_01621,no_dag_reuse,atlas-b,SAT,MIN_EXPANDED_SIZE,0,2,PASSED,0.8149670679999872,3,0,1,1,1,2,0,1,1,2,False,True,True,True,True,10102,32427,109116,
MacroATLAS,tiny_01621,no_dag_reuse,macro,SAT,MIN_EXPANDED_SIZE,0,2,PASSED,0.7148492949995671,3,0,1,1,1,2,0,1,1,2,False,True,True,True,True,1420,2690,94324,
Oracle,tiny_01622,global_prop,oracle,SAT,MIN_EXPANDED_SIZE,0,3,REFERENCE_EXHAUSTIVE,0.2140565869999591,4,0,1,1,1,,,,,,,,,,,,,46332,
ATLAS-B,tiny_01622,global_prop,atlas-b,SAT,MIN_EXPANDED_SIZE,0,3,PASSED,0.8149668380001458,4,0,1,1,1,3,0,2,2,3,False,True,True,True,True,8327,25406,107576,
MacroATLAS,tiny_01622,global_prop,macro,SAT,MIN_EXPANDED_SIZE,0,3,PASSED,0.8151751820000754,4,0,1,1,1,3,0,2,2,3,False,True,True,True,True,2920,6505,106716,
Oracle,tiny_01623,repair,oracle,SAT,REPAIR,1,2,REFERENCE_EXHAUSTIVE,0.21411912899975505,3,0,1,1,1,,,,,,,,,,,,,45632,
ATLAS-B,tiny_01623,repair,atlas-b,SAT,REPAIR,1,2,PASSED,0.7649333260001185,3,0,1,1,1,2,0,1,1,2,False,True,True,True,True,5187,15002,101716,
MacroATLAS,tiny_01623,repair,macro,SAT,REPAIR,1,2,PASSED,0.7148751849999826,3,0,1,1,1,2,0,1,1,2,False,True,True,True,True,2316,4422,94092,
Oracle,tiny_01624,plain,oracle,SAT,MIN_EXPANDED_SIZE,0,3,REFERENCE_EXHAUSTIVE,0.21414087999983167,3,1,2,1,2,,,,,,,,,,,,,46568,
ATLAS-B,tiny_01624,plain,atlas-b,SAT,MIN_EXPANDED_SIZE,0,3,PASSED,0.8650729600003615,3,1,2,1,2,3,1,0,0,3,False,True,True,True,True,12708,40528,113244,
MacroATLAS,tiny_01624,plain,macro,SAT,MIN_EXPANDED_SIZE,0,3,PASSED,0.7648419249999279,3,1,2,1,2,3,1,0,0,3,False,True,True,True,True,2616,5312,98492,
Oracle,tiny_01625,nnf,oracle,SAT,MIN_EXPANDED_SIZE,0,3,REFERENCE_EXHAUSTIVE,0.21410539799990147,3,1,2,1,2,,,,,,,,,,,,,46580,
ATLAS-B,tiny_01625,nnf,atlas-b,SAT,MIN_EXPANDED_SIZE,0,3,PASSED,0.8151292430002286,3,1,2,1,2,3,1,0,0,3,False,True,True,True,True,12715,40548,110284,
MacroATLAS,tiny_01625,nnf,macro,SAT,MIN_EXPANDED_SIZE,0,3,PASSED,0.915027167000062,3,1,2,1,2,3,1,0,0,3,False,True,True,True,True,4466,10083,121652,
Oracle,tiny_01626,cnf,oracle,SAT,MIN_EXPANDED_SIZE,0,3,REFERENCE_EXHAUSTIVE,0.21413132999987283,3,1,2,1,2,,,,,,,,,,,,,47640,
ATLAS-B,tiny_01626,cnf,atlas-b,SAT,MIN_EXPANDED_SIZE,0,3,PASSED,0.8650889499999721,3,1,2,1,2,3,1,0,0,3,False,True,True,True,True,12740,40596,112336,
MacroATLAS,tiny_01626,cnf,macro,SAT,MIN_EXPANDED_SIZE,0,3,PASSED,0.915080869999656,3,1,2,1,2,3,1,0,0,3,False,True,True,True,True,5286,12159,132592,
Oracle,tiny_01627,dnf,oracle,SAT,MIN_EXPANDED_SIZE,0,3,REFERENCE_EXHAUSTIVE,0.21406001799959995,3,1,2,1,2,,,,,,,,,,,,,46780,
ATLAS-B,tiny_01627,dnf,atlas-b,SAT,MIN_EXPANDED_SIZE,0,3,PASSED,0.8150054789998649,3,1,2,1,2,3,1,0,0,3,False,True,True,True,True,9657,29978,105580,
MacroATLAS,tiny_01627,dnf,macro,SAT,MIN_EXPANDED_SIZE,0,3,PASSED,0.8649130189996868,3,1,2,1,2,3,1,0,0,3,False,True,True,True,True,5286,12159,130392,
Oracle,tiny_01628,required,oracle,SAT,MIN_EXPANDED_SIZE,0,3,REFERENCE_EXHAUSTIVE,0.21413418900010583,3,1,2,1,2,,,,,,,,,,,,,47040,
ATLAS-B,tiny_01628,required,atlas-b,SAT,MIN_EXPANDED_SIZE,0,3,PASSED,0.8651224290001664,3,1,2,1,2,3,1,0,0,3,False,True,True,True,True,12709,40533,110916,
MacroATLAS,tiny_01628,required,macro,SAT,MIN_EXPANDED_SIZE,0,3,PASSED,0.764906880000126,3,1,2,1,2,3,1,0,0,3,False,True,True,True,True,3248,6867,106264,
Oracle,tiny_01629,no_dag_reuse,oracle,SAT,MIN_EXPANDED_SIZE,0,3,REFERENCE_EXHAUSTIVE,0.2141957009998805,3,1,2,1,2,,,,,,,,,,,,,46924,
ATLAS-B,tiny_01629,no_dag_reuse,atlas-b,SAT,MIN_EXPANDED_SIZE,0,3,PASSED,0.7651904619997367,3,1,2,1,2,3,1,0,0,3,False,True,True,True,True,7170,21523,104520,
MacroATLAS,tiny_01629,no_dag_reuse,macro,SAT,MIN_EXPANDED_SIZE,0,3,PASSED,0.7649329109999599,3,1,2,1,2,3,1,0,0,3,False,True,True,True,True,2914,5792,102560,
Oracle,tiny_01630,global_prop,oracle,SAT,MIN_EXPANDED_SIZE,0,4,REFERENCE_EXHAUSTIVE,0.31433230099992215,4,1,2,1,2,,,,,,,,,,,,,73964,
ATLAS-B,tiny_01630,global_prop,atlas-b,SAT,MIN_EXPANDED_SIZE,0,4,PASSED,0.7648521890000666,4,1,2,1,2,4,1,1,1,4,False,True,True,True,True,5106,14132,102536,
MacroATLAS,tiny_01630,global_prop,macro,SAT,MIN_EXPANDED_SIZE,0,4,PASSED,0.9152255930002866,4,1,2,1,2,4,1,1,1,4,False,True,True,True,True,6887,16121,132696,
Oracle,tiny_01631,repair,oracle,SAT,REPAIR,0,3,REFERENCE_EXHAUSTIVE,0.21411234900006093,4,0,1,1,1,,,,,,,,,,,,,47008,
ATLAS-B,tiny_01631,repair,atlas-b,SAT,REPAIR,0,3,PASSED,0.9651978939996297,4,0,1,1,1,3,0,2,2,3,False,True,True,True,True,3940,10193,127448,
MacroATLAS,tiny_01631,repair,macro,SAT,REPAIR,0,3,PASSED,1.0656483480001953,4,0,1,1,1,3,0,2,2,3,False,True,True,True,True,3916,7936,130864,
Oracle,tiny_01632,plain,oracle,SAT,MIN_EXPANDED_SIZE,0,3,REFERENCE_EXHAUSTIVE,0.21405758499986405,3,1,2,2,1,,,,,,,,,,,,,46528,
ATLAS-B,tiny_01632,plain,atlas-b,SAT,MIN_EXPANDED_SIZE,0,3,PASSED,0.7147228399999221,3,1,2,2,1,3,1,0,0,3,False,True,True,True,True,3448,9449,93856,
MacroATLAS,tiny_01632,plain,macro,SAT,MIN_EXPANDED_SIZE,0,3,PASSED,0.7648942989999341,3,1,2,2,1,3,1,0,0,3,False,True,True,True,True,2616,5312,96472,
Oracle,tiny_01633,nnf,oracle,SAT,MIN_EXPANDED_SIZE,0,3,REFERENCE_EXHAUSTIVE,0.2141424320002443,3,1,2,2,1,,,,,,,,,,,,,46532,
ATLAS-B,tiny_01633,nnf,atlas-b,SAT,MIN_EXPANDED_SIZE,0,3,PASSED,0.8150794289999794,3,1,2,2,1,3,1,0,0,3,False,True,True,True,True,9631,29939,104112,
MacroATLAS,tiny_01633,nnf,macro,SAT,MIN_EXPANDED_SIZE,0,3,PASSED,0.9152344829999493,3,1,2,2,1,3,1,0,0,3,False,True,True,True,True,4466,10083,120428,
Oracle,tiny_01634,cnf,oracle,SAT,MIN_EXPANDED_SIZE,0,3,REFERENCE_EXHAUSTIVE,0.21405333400025484,3,1,2,2,1,,,,,,,,,,,,,46764,
ATLAS-B,tiny_01634,cnf,atlas-b,SAT,MIN_EXPANDED_SIZE,0,3,PASSED,0.7649823510000715,3,1,2,2,1,3,1,0,0,3,False,True,True,True,True,3481,9505,97988,
MacroATLAS,tiny_01634,cnf,macro,SAT,MIN_EXPANDED_SIZE,0,3,PASSED,0.9651871279997977,3,1,2,2,1,3,1,0,0,3,False,True,True,True,True,5286,12159,131776,
Oracle,tiny_01635,dnf,oracle,SAT,MIN_EXPANDED_SIZE,0,3,REFERENCE_EXHAUSTIVE,0.2140355440001258,3,1,2,2,1,,,,,,,,,,,,,47160,
ATLAS-B,tiny_01635,dnf,atlas-b,SAT,MIN_EXPANDED_SIZE,0,3,PASSED,0.9152409729999818,3,1,2,2,1,3,1,0,0,3,False,True,True,True,True,12740,40587,111576,
MacroATLAS,tiny_01635,dnf,macro,SAT,MIN_EXPANDED_SIZE,0,3,PASSED,0.9651395360001516,3,1,2,2,1,3,1,0,0,3,False,True,True,True,True,5286,12159,127248,
Oracle,tiny_01636,required,oracle,SAT,MIN_EXPANDED_SIZE,0,3,REFERENCE_EXHAUSTIVE,0.21410546600009184,3,1,2,2,1,,,,,,,,,,,,,47040,
ATLAS-B,tiny_01636,required,atlas-b,SAT,MIN_EXPANDED_SIZE,0,3,PASSED,0.9150246980002521,3,1,2,2,1,3,1,0,0,3,False,True,True,True,True,16507,53760,124980,
MacroATLAS,tiny_01636,required,macro,SAT,MIN_EXPANDED_SIZE,0,3,PASSED,0.8150755689998732,3,1,2,2,1,3,1,0,0,3,False,True,True,True,True,3248,6867,111292,
Oracle,tiny_01637,no_dag_reuse,oracle,SAT,MIN_EXPANDED_SIZE,0,3,REFERENCE_EXHAUSTIVE,0.21407937499998297,3,1,2,2,1,,,,,,,,,,,,,47076,
ATLAS-B,tiny_01637,no_dag_reuse,atlas-b,SAT,MIN_EXPANDED_SIZE,0,3,PASSED,1.017519239000194,3,1,2,2,1,3,1,0,0,3,False,True,True,True,True,16553,53838,132632,
MacroATLAS,tiny_01637,no_dag_reuse,macro,SAT,MIN_EXPANDED_SIZE,0,3,PASSED,0.7647934980000173,3,1,2,2,1,3,1,0,0,3,False,True,True,True,True,2914,5792,100280,
Oracle,tiny_01638,global_prop,oracle,SAT,MIN_EXPANDED_SIZE,0,4,REFERENCE_EXHAUSTIVE,0.31427284900019004,4,1,2,2,1,,,,,,,,,,,,,73364,
ATLAS-B,tiny_01638,global_prop,atlas-b,SAT,MIN_EXPANDED_SIZE,0,4,PASSED,0.81506028900003,4,1,2,2,1,4,1,1,1,4,False,True,True,True,True,10020,30273,108832,
MacroATLAS,tiny_01638,global_prop,macro,SAT,MIN_EXPANDED_SIZE,0,4,PASSED,0.9151852220002183,4,1,2,2,1,4,1,1,1,4,False,True,True,True,True,6887,16121,126052,
Oracle,tiny_01639,repair,oracle,UNSAT,REPAIR,0,0,REFERENCE_EXHAUSTIVE,0.21409839600028135,2,0,1,2,1,,,,,,,,,,,,,45124,
ATLAS-B,tiny_01639,repair,atlas-b,UNSAT,REPAIR,0,0,NOT_APPLICABLE_UNSAT,0.8650397430001249,2,0,1,2,1,,,,,,,,,,,4859,14265,120856,
MacroATLAS,tiny_01639,repair,macro,UNSAT,REPAIR,0,0,NOT_APPLICABLE_UNSAT,0.9154184480003096,2,0,1,2,1,,0,,,,,,,,,1378,2362,129972,
Oracle,tiny_01640,plain,oracle,SAT,MIN_EXPANDED_SIZE,0,2,REFERENCE_EXHAUSTIVE,0.1640586590001476,3,0,1,1,1,,,,,,,,,,,,,44604,
ATLAS-B,tiny_01640,plain,atlas-b,SAT,MIN_EXPANDED_SIZE,0,2,PASSED,0.8151683109999794,3,0,1,1,1,2,0,1,1,2,False,True,True,True,True,7732,24242,109980,
MacroATLAS,tiny_01640,plain,macro,SAT,MIN_EXPANDED_SIZE,0,2,PASSED,0.7148855350001213,3,0,1,1,1,2,0,1,1,2,False,True,True,True,True,2308,4418,99896,
Oracle,tiny_01641,nnf,oracle,SAT,MIN_EXPANDED_SIZE,0,2,REFERENCE_EXHAUSTIVE,0.21408826500010036,3,0,1,1,1,,,,,,,,,,,,,44680,
ATLAS-B,tiny_01641,nnf,atlas-b,SAT,MIN_EXPANDED_SIZE,0,2,PASSED,0.8150028469999597,3,0,1,1,1,2,0,1,1,2,False,True,True,True,True,10078,32400,108784,
MacroATLAS,tiny_01641,nnf,macro,SAT,MIN_EXPANDED_SIZE,0,2,PASSED,0.8149719859998186,3,0,1,1,1,2,0,1,1,2,False,True,True,True,True,3221,6955,109004,
Oracle,tiny_01642,cnf,oracle,UNSAT,MIN_EXPANDED_SIZE,0,0,REFERENCE_EXHAUSTIVE,0.21412265699973432,2,0,1,2,1,,,,,,,,,,,,,44836,
ATLAS-B,tiny_01642,cnf,atlas-b,UNSAT,MIN_EXPANDED_SIZE,0,0,NOT_APPLICABLE_UNSAT,0.7650873939996927,2,0,1,2,1,,,,,,,,,,,8133,25636,106736,
MacroATLAS,tiny_01642,cnf,macro,UNSAT,MIN_EXPANDED_SIZE,0,0,NOT_APPLICABLE_UNSAT,0.8649305499998263,2,0,1,2,1,,0,,,,,,,,,3209,6984,116856,
Oracle,tiny_01643,dnf,oracle,UNSAT,MIN_EXPANDED_SIZE,0,0,REFERENCE_EXHAUSTIVE,0.21408575500026927,2,0,1,2,1,,,,,,,,,,,,,45000,
ATLAS-B,tiny_01643,dnf,atlas-b,UNSAT,MIN_EXPANDED_SIZE,0,0,NOT_APPLICABLE_UNSAT,0.764809878000051,2,0,1,2,1,,,,,,,,,,,8132,25629,103132,
MacroATLAS,tiny_01643,dnf,macro,UNSAT,MIN_EXPANDED_SIZE,0,0,NOT_APPLICABLE_UNSAT,0.8650860840002679,2,0,1,2,1,,0,,,,,,,,,3022,6688,115676,
Oracle,tiny_01644,required,oracle,SAT,MIN_EXPANDED_SIZE,0,2,REFERENCE_EXHAUSTIVE,0.21419455800014475,3,0,1,1,1,,,,,,,,,,,,,45052,
ATLAS-B,tiny_01644,required,atlas-b,SAT,MIN_EXPANDED_SIZE,0,2,PASSED,0.8649958920000245,3,0,1,1,1,2,0,1,1,2,False,True,True,True,True,7734,24243,107432,
MacroATLAS,tiny_01644,required,macro,SAT,MIN_EXPANDED_SIZE,0,2,PASSED,0.7148094730000594,3,0,1,1,1,2,0,1,1,2,False,True,True,True,True,2493,5135,100664,
Oracle,tiny_01645,no_dag_reuse,oracle,SAT,MIN_EXPANDED_SIZE,0,2,REFERENCE_EXHAUSTIVE,0.2141452460000437,3,0,1,1,1,,,,,,,,,,,,,44876,
ATLAS-B,tiny_01645,no_dag_reuse,atlas-b,SAT,MIN_EXPANDED_SIZE,0,2,PASSED,0.8151908230001936,3,0,1,1,1,2,0,1,1,2,False,True,True,True,True,10104,32433,108268,
MacroATLAS,tiny_01645,no_dag_reuse,macro,SAT,MIN_EXPANDED_SIZE,0,2,PASSED,0.8150048980000975,3,0,1,1,1,2,0,1,1,2,False,True,True,True,True,3942,8111,112460,
Oracle,tiny_01646,global_prop,oracle,UNSAT,MIN_EXPANDED_SIZE,0,0,REFERENCE_EXHAUSTIVE,0.21404258400025356,2,0,1,2,1,,,,,,,,,,,,,45132,
ATLAS-B,tiny_01646,global_prop,atlas-b,UNSAT,MIN_EXPANDED_SIZE,0,0,NOT_APPLICABLE_UNSAT,0.7646970450000481,2,0,1,2,1,,,,,,,,,,,8135,25607,106680,
MacroATLAS,tiny_01646,global_prop,macro,UNSAT,MIN_EXPANDED_SIZE,0,0,NOT_APPLICABLE_UNSAT,0.7648425390002558,2,0,1,2,1,,0,,,,,,,,,2604,5442,106788,
Oracle,tiny_01647,repair,oracle,SAT,REPAIR,1,2,REFERENCE_EXHAUSTIVE,0.21408200499990926,3,0,1,1,1,,,,,,,,,,,,,45668,
ATLAS-B,tiny_01647,repair,atlas-b,SAT,REPAIR,1,2,PASSED,0.764896090000093,3,0,1,1,1,2,0,1,1,2,False,True,True,True,True,5187,15005,97244,
MacroATLAS,tiny_01647,repair,macro,SAT,REPAIR,1,2,PASSED,0.7649426500001937,3,0,1,1,1,2,0,1,1,2,False,True,True,True,True,2316,4422,99076,
Oracle,tiny_01648,plain,oracle,SAT,MIN_EXPANDED_SIZE,0,2,REFERENCE_EXHAUSTIVE,0.21410662500011313,3,0,1,1,1,,,,,,,,,,,,,44852,
ATLAS-B,tiny_01648,plain,atlas-b,SAT,MIN_EXPANDED_SIZE,0,2,PASSED,0.8651711570000771,3,0,1,1,1,2,0,1,1,2,False,True,True,True,True,10072,32383,109104,
MacroATLAS,tiny_01648,plain,macro,SAT,MIN_EXPANDED_SIZE,0,2,PASSED,0.7648956600000929,3,0,1,1,1,2,0,1,1,2,False,True,True,True,True,2949,5618,99080,
Oracle,tiny_01649,nnf,oracle,SAT,MIN_EXPANDED_SIZE,0,2,REFERENCE_EXHAUSTIVE,0.21401452400004928,3,0,1,1,1,,,,,,,,,,,,,44768,
ATLAS-B,tiny_01649,nnf,atlas-b,SAT,MIN_EXPANDED_SIZE,0,2,PASSED,0.8150418280001759,3,0,1,1,1,2,0,1,1,2,False,True,True,True,True,10080,32404,104524,
MacroATLAS,tiny_01649,nnf,macro,SAT,MIN_EXPANDED_SIZE,0,2,PASSED,0.9150832989998889,3,0,1,1,1,2,0,1,1,2,False,True,True,True,True,4782,10539,114200,
Oracle,tiny_01650,cnf,oracle,SAT,MIN_EXPANDED_SIZE,0,1,REFERENCE_EXHAUSTIVE,0.21405304400013847,2,0,1,1,1,,,,,,,,,,,,,45012,
ATLAS-B,tiny_01650,cnf,atlas-b,SAT,MIN_EXPANDED_SIZE,0,1,PASSED,0.7649555109996982,2,0,1,1,1,1,0,0,0,1,False,True,True,True,True,4099,12348,100348,
MacroATLAS,tiny_01650,cnf,macro,SAT,MIN_EXPANDED_SIZE,0,1,PASSED,0.8150332080003864,2,0,1,1,1,1,0,0,0,1,False,True,True,True,True,888,1673,109264,
Oracle,tiny_01651,dnf,oracle,SAT,MIN_EXPANDED_SIZE,0,1,REFERENCE_EXHAUSTIVE,0.16400719800003571,2,0,1,1,1,,,,,,,,,,,,,44744,
ATLAS-B,tiny_01651,dnf,atlas-b,SAT,MIN_EXPANDED_SIZE,0,1,PASSED,0.8148612750001121,2,0,1,1,1,1,0,0,0,1,False,True,True,True,True,7392,23799,109596,
MacroATLAS,tiny_01651,dnf,macro,SAT,MIN_EXPANDED_SIZE,0,1,PASSED,0.7146399979997113,2,0,1,1,1,1,0,0,0,1,False,True,True,True,True,888,1673,98984,
Oracle,tiny_01652,required,oracle,SAT,MIN_EXPANDED_SIZE,0,2,REFERENCE_EXHAUSTIVE,0.2141543160000765,3,0,1,1,1,,,,,,,,,,,,,45028,
ATLAS-B,tiny_01652,required,atlas-b,SAT,MIN_EXPANDED_SIZE,0,2,PASSED,0.8650894649999827,3,0,1,1,1,2,0,1,1,2,False,True,True,True,True,10073,32387,109664,
MacroATLAS,tiny_01652,required,macro,SAT,MIN_EXPANDED_SIZE,0,2,PASSED,0.7657248800001071,3,0,1,1,1,2,0,1,1,2,False,True,True,True,True,3110,5987,99412,
Oracle,tiny_01653,no_dag_reuse,oracle,SAT,MIN_EXPANDED_SIZE,0,2,REFERENCE_EXHAUSTIVE,0.21399929300014264,3,0,1,1,1,,,,,,,,,,,,,45288,
ATLAS-B,tiny_01653,no_dag_reuse,atlas-b,SAT,MIN_EXPANDED_SIZE,0,2,PASSED,0.7647672470002362,3,0,1,1,1,2,0,1,1,2,False,True,True,True,True,7766,24288,105212,
MacroATLAS,tiny_01653,no_dag_reuse,macro,SAT,MIN_EXPANDED_SIZE,0,2,PASSED,0.8148688139999649,3,0,1,1,1,2,0,1,1,2,False,True,True,True,True,4343,8580,114076,
Oracle,tiny_01654,global_prop,oracle,SAT,MIN_EXPANDED_SIZE,0,2,REFERENCE_EXHAUSTIVE,0.21400199200024872,3,0,1,1,1,,,,,,,,,,,,,45240,
ATLAS-B,tiny_01654,global_prop,atlas-b,SAT,MIN_EXPANDED_SIZE,0,2,PASSED,0.8650006329999087,3,0,1,1,1,2,0,1,1,2,False,True,True,True,True,7774,24248,107260,
MacroATLAS,tiny_01654,global_prop,macro,SAT,MIN_EXPANDED_SIZE,0,2,PASSED,0.8151415219999762,3,0,1,1,1,2,0,1,1,2,False,True,True,True,True,2405,5126,113484,
Oracle,tiny_01655,repair,oracle,SAT,REPAIR,0,3,REFERENCE_EXHAUSTIVE,0.26412814099967363,4,0,1,1,1,,,,,,,,,,,,,47068,
ATLAS-B,tiny_01655,repair,atlas-b,SAT,REPAIR,0,3,PASSED,1.1658205819999239,4,0,1,1,1,3,0,2,2,3,False,True,True,True,True,12242,38124,133360,
MacroATLAS,tiny_01655,repair,macro,SAT,REPAIR,0,3,PASSED,1.0653262499999983,4,0,1,1,1,3,0,2,2,3,False,True,True,True,True,3916,7936,125504,
Oracle,tiny_01656,plain,oracle,SAT,MIN_EXPANDED_SIZE,0,3,REFERENCE_EXHAUSTIVE,0.21402143399973284,4,0,1,1,1,,,,,,,,,,,,,46316,
ATLAS-B,tiny_01656,plain,atlas-b,SAT,MIN_EXPANDED_SIZE,0,3,PASSED,0.8151542610003162,4,0,1,1,1,3,0,2,2,3,False,True,True,True,True,8264,25382,111100,
MacroATLAS,tiny_01656,plain,macro,SAT,MIN_EXPANDED_SIZE,0,3,PASSED,0.8150186480002048,4,0,1,1,1,3,0,2,2,3,False,True,True,True,True,4827,9292,115328,
Oracle,tiny_01657,nnf,oracle,SAT,MIN_EXPANDED_SIZE,0,3,REFERENCE_EXHAUSTIVE,0.21406893399989713,4,0,1,1,1,,,,,,,,,,,,,46332,
ATLAS-B,tiny_01657,nnf,atlas-b,SAT,MIN_EXPANDED_SIZE,0,3,PASSED,0.8150728199998412,4,0,1,1,1,3,0,2,2,3,False,True,True,True,True,10719,33785,114608,
MacroATLAS,tiny_01657,nnf,macro,SAT,MIN_EXPANDED_SIZE,0,3,PASSED,1.2156763240000146,4,0,1,1,1,3,0,2,2,3,False,True,True,True,True,11428,28392,141936,
Oracle,tiny_01658,cnf,oracle,SAT,MIN_EXPANDED_SIZE,0,2,REFERENCE_EXHAUSTIVE,0.21406288499974835,3,0,1,1,1,,,,,,,,,,,,,45288,
ATLAS-B,tiny_01658,cnf,atlas-b,SAT,MIN_EXPANDED_SIZE,0,2,PASSED,0.8152000620002582,3,0,1,1,1,2,0,1,1,2,False,True,True,True,True,7766,24294,104004,
MacroATLAS,tiny_01658,cnf,macro,SAT,MIN_EXPANDED_SIZE,0,2,PASSED,0.8151654609996513,3,0,1,1,1,2,0,1,1,2,False,True,True,True,True,3025,6690,110964,
Oracle,tiny_01659,dnf,oracle,SAT,MIN_EXPANDED_SIZE,0,2,REFERENCE_EXHAUSTIVE,0.2141377069997361,3,0,1,1,1,,,,,,,,,,,,,45272,
ATLAS-B,tiny_01659,dnf,atlas-b,SAT,MIN_EXPANDED_SIZE,0,2,PASSED,0.7148205329999655,3,0,1,1,1,2,0,1,1,2,False,True,True,True,True,2129,5453,100360,
MacroATLAS,tiny_01659,dnf,macro,SAT,MIN_EXPANDED_SIZE,0,2,PASSED,0.8151446209999449,3,0,1,1,1,2,0,1,1,2,False,True,True,True,True,3025,6690,113024,
Oracle,tiny_01660,required,oracle,SAT,MIN_EXPANDED_SIZE,0,3,REFERENCE_EXHAUSTIVE,0.21409992600001715,4,0,1,1,1,,,,,,,,,,,,,46236,
ATLAS-B,tiny_01660,required,atlas-b,SAT,MIN_EXPANDED_SIZE,0,3,PASSED,0.9650295439996626,4,0,1,1,1,3,0,2,2,3,False,True,True,True,True,18782,62222,130028,
MacroATLAS,tiny_01660,required,macro,SAT,MIN_EXPANDED_SIZE,0,3,PASSED,0.96540743200012,4,0,1,1,1,3,0,2,2,3,False,True,True,True,True,8119,18076,136400,
Oracle,tiny_01661,no_dag_reuse,oracle,SAT,MIN_EXPANDED_SIZE,0,3,REFERENCE_EXHAUSTIVE,0.21413447599979918,4,0,1,1,1,,,,,,,,,,,,,46252,
ATLAS-B,tiny_01661,no_dag_reuse,atlas-b,SAT,MIN_EXPANDED_SIZE,0,3,PASSED,0.9652681990000929,4,0,1,1,1,3,0,2,2,3,False,True,True,True,True,18832,62299,129804,
MacroATLAS,tiny_01661,no_dag_reuse,macro,SAT,MIN_EXPANDED_SIZE,0,3,PASSED,0.9152546139998776,4,0,1,1,1,3,0,2,2,3,False,True,True,True,True,6544,13192,131396,
Oracle,tiny_01662,global_prop,oracle,SAT,MIN_EXPANDED_SIZE,0,3,REFERENCE_EXHAUSTIVE,0.2142922200000612,4,0,1,1,1,,,,,,,,,,,,,46560,
ATLAS-B,tiny_01662,global_prop,atlas-b,SAT,MIN_EXPANDED_SIZE,0,3,PASSED,0.8149166749999495,4,0,1,1,1,3,0,2,2,3,False,True,True,True,True,8326,25407,106856,
MacroATLAS,tiny_01662,global_prop,macro,SAT,MIN_EXPANDED_SIZE,0,3,PASSED,0.8149902469999688,4,0,1,1,1,3,0,2,2,3,False,True,True,True,True,2920,6505,112544,
Oracle,tiny_01663,repair,oracle,UNSAT,REPAIR,0,0,REFERENCE_EXHAUSTIVE,0.21404399399989416,2,0,1,2,1,,,,,,,,,,,,,45620,
ATLAS-B,tiny_01663,repair,atlas-b,UNSAT,REPAIR,0,0,NOT_APPLICABLE_UNSAT,0.9149437159999252,2,0,1,2,1,,,,,,,,,,,6759,20722,129284,
MacroATLAS,tiny_01663,repair,macro,UNSAT,REPAIR,0,0,NOT_APPLICABLE_UNSAT,0.8653293309998844,2,0,1,2,1,,0,,,,,,,,,1191,2066,114732,
Oracle,tiny_01664,plain,oracle,UNSAT,MIN_EXPANDED_SIZE,0,0,REFERENCE_EXHAUSTIVE,0.214100414999848,2,0,1,2,1,,,,,,,,,,,,,44700,
ATLAS-B,tiny_01664,plain,atlas-b,UNSAT,MIN_EXPANDED_SIZE,0,0,NOT_APPLICABLE_UNSAT,0.7649769419999757,2,0,1,2,1,,,,,,,,,,,8113,25609,102676,
MacroATLAS,tiny_01664,plain,macro,UNSAT,MIN_EXPANDED_SIZE,0,0,NOT_APPLICABLE_UNSAT,0.6147084699996412,2,0,1,2,1,,0,,,,,,,,,1398,2561,88268,
Oracle,tiny_01665,nnf,oracle,UNSAT,MIN_EXPANDED_SIZE,0,0,REFERENCE_EXHAUSTIVE,0.16406254999992598,2,0,1,2,1,,,,,,,,,,,,,44540,
ATLAS-B,tiny_01665,nnf,atlas-b,UNSAT,MIN_EXPANDED_SIZE,0,0,NOT_APPLICABLE_UNSAT,0.8150457790002292,2,0,1,2,1,,,,,,,,,,,8118,25616,99320,
MacroATLAS,tiny_01665,nnf,macro,UNSAT,MIN_EXPANDED_SIZE,0,0,NOT_APPLICABLE_UNSAT,0.8148161530002653,2,0,1,2,1,,0,,,,,,,,,2468,5103,106988,
Oracle,tiny_01666,cnf,oracle,SAT,MIN_EXPANDED_SIZE,0,3,REFERENCE_EXHAUSTIVE,0.2140559240001494,3,1,2,1,2,,,,,,,,,,,,,47268,
ATLAS-B,tiny_01666,cnf,atlas-b,SAT,MIN_EXPANDED_SIZE,0,3,PASSED,0.8649336210000911,3,1,2,1,2,3,1,0,0,3,False,True,True,True,True,12741,40596,114652,
MacroATLAS,tiny_01666,cnf,macro,SAT,MIN_EXPANDED_SIZE,0,3,PASSED,0.9653558810000504,3,1,2,1,2,3,1,0,0,3,False,True,True,True,True,5286,12159,126592,
Oracle,tiny_01667,dnf,oracle,SAT,MIN_EXPANDED_SIZE,0,3,REFERENCE_EXHAUSTIVE,0.2141028359997108,3,1,2,1,2,,,,,,,,,,,,,47224,
ATLAS-B,tiny_01667,dnf,atlas-b,SAT,MIN_EXPANDED_SIZE,0,3,PASSED,0.86506607299998,3,1,2,1,2,3,1,0,0,3,False,True,True,True,True,12740,40588,113732,
MacroATLAS,tiny_01667,dnf,macro,SAT,MIN_EXPANDED_SIZE,0,3,PASSED,0.9151739619996988,3,1,2,1,2,3,1,0,0,3,False,True,True,True,True,5286,12159,131480,
Oracle,tiny_01668,required,oracle,UNSAT,MIN_EXPANDED_SIZE,0,0,REFERENCE_EXHAUSTIVE,0.16401720799967734,2,0,1,2,1,,,,,,,,,,,,,44768,
ATLAS-B,tiny_01668,required,atlas-b,UNSAT,MIN_EXPANDED_SIZE,0,0,NOT_APPLICABLE_UNSAT,0.7149276660002215,2,0,1,2,1,,,,,,,,,,,5940,18122,95244,
MacroATLAS,tiny_01668,required,macro,UNSAT,MIN_EXPANDED_SIZE,0,0,NOT_APPLICABLE_UNSAT,0.6648435779998181,2,0,1,2,1,,0,,,,,,,,,1398,2561,87288,
Oracle,tiny_01669,no_dag_reuse,oracle,UNSAT,MIN_EXPANDED_SIZE,0,0,REFERENCE_EXHAUSTIVE,0.16415941199966255,2,0,1,2,1,,,,,,,,,,,,,44712,
ATLAS-B,tiny_01669,no_dag_reuse,atlas-b,UNSAT,MIN_EXPANDED_SIZE,0,0,NOT_APPLICABLE_UNSAT,0.7648707090002063,2,0,1,2,1,,,,,,,,,,,8131,25626,107744,
MacroATLAS,tiny_01669,no_dag_reuse,macro,UNSAT,MIN_EXPANDED_SIZE,0,0,NOT_APPLICABLE_UNSAT,0.6646711639996283,2,0,1,2,1,,0,,,,,,,,,1321,2432,90656,
Oracle,tiny_01670,global_prop,oracle,SAT,MIN_EXPANDED_SIZE,0,4,REFERENCE_EXHAUSTIVE,0.31424059800019677,4,1,2,1,2,,,,,,,,,,,,,76044,
ATLAS-B,tiny_01670,global_prop,atlas-b,SAT,MIN_EXPANDED_SIZE,0,4,PASSED,0.8649714309999581,4,1,2,1,2,4,1,1,1,4,False,True,True,True,True,13325,41469,111732,
MacroATLAS,tiny_01670,global_prop,macro,SAT,MIN_EXPANDED_SIZE,0,4,PASSED,0.9652719290002096,4,1,2,1,2,4,1,1,1,4,False,True,True,True,True,6887,16121,134340,
Oracle,tiny_01671,repair,oracle,SAT,REPAIR,1,2,REFERENCE_EXHAUSTIVE,0.2140436739996403,3,0,1,1,1,,,,,,,,,,,,,45352,
ATLAS-B,tiny_01671,repair,atlas-b,SAT,REPAIR,1,2,PASSED,0.8150829699998212,3,0,1,1,1,2,0,1,1,2,False,True,True,True,True,8992,28009,107852,
MacroATLAS,tiny_01671,repair,macro,SAT,REPAIR,1,2,PASSED,0.764904199999819,3,0,1,1,1,2,0,1,1,2,False,True,True,True,True,2316,4422,97644,
Oracle,tiny_01672,plain,oracle,SAT,MIN_EXPANDED_SIZE,0,1,REFERENCE_EXHAUSTIVE,0.16406698999981018,2,0,1,1,1,,,,,,,,,,,,,43872,
ATLAS-B,tiny_01672,plain,atlas-b,SAT,MIN_EXPANDED_SIZE,0,1,PASSED,0.7149383460000536,2,0,1,1,1,1,0,0,0,1,False,True,True,True,True,1306,3215,96720,
MacroATLAS,tiny_01672,plain,macro,SAT,MIN_EXPANDED_SIZE,0,1,PASSED,0.614711669999906,2,0,1,1,1,1,0,0,0,1,False,True,True,True,True,320,523,89808,
Oracle,tiny_01673,nnf,oracle,SAT,MIN_EXPANDED_SIZE,0,1,REFERENCE_EXHAUSTIVE,0.21408909499996298,2,0,1,1,1,,,,,,,,,,,,,44456,
ATLAS-B,tiny_01673,nnf,atlas-b,SAT,MIN_EXPANDED_SIZE,0,1,PASSED,0.8150754990001587,2,0,1,1,1,1,0,0,0,1,False,True,True,True,True,7376,23781,105116,
MacroATLAS,tiny_01673,nnf,macro,SAT,MIN_EXPANDED_SIZE,0,1,PASSED,0.6650124029997642,2,0,1,1,1,1,0,0,0,1,False,True,True,True,True,667,1204,97124,
Oracle,tiny_01674,cnf,oracle,SAT,MIN_EXPANDED_SIZE,0,3,REFERENCE_EXHAUSTIVE,0.21413006600005247,3,1,2,2,1,,,,,,,,,,,,,47060,
ATLAS-B,tiny_01674,cnf,atlas-b,SAT,MIN_EXPANDED_SIZE,0,3,PASSED,0.9151651619999939,3,1,2,2,1,3,1,0,0,3,False,True,True,True,True,16537,53811,128092,
MacroATLAS,tiny_01674,cnf,macro,SAT,MIN_EXPANDED_SIZE,0,3,PASSED,0.9151902109997536,3,1,2,2,1,3,1,0,0,3,False,True,True,True,True,5286,12159,130048,
Oracle,tiny_01675,dnf,oracle,SAT,MIN_EXPANDED_SIZE,0,3,REFERENCE_EXHAUSTIVE,0.21402513400016687,3,1,2,2,1,,,,,,,,,,,,,46584,
ATLAS-B,tiny_01675,dnf,atlas-b,SAT,MIN_EXPANDED_SIZE,0,3,PASSED,0.9150681890000669,3,1,2,2,1,3,1,0,0,3,False,True,True,True,True,12741,40593,113896,
MacroATLAS,tiny_01675,dnf,macro,SAT,MIN_EXPANDED_SIZE,0,3,PASSED,0.9650709040001857,3,1,2,2,1,3,1,0,0,3,False,True,True,True,True,5286,12159,129868,
Oracle,tiny_01676,required,oracle,SAT,MIN_EXPANDED_SIZE,0,1,REFERENCE_EXHAUSTIVE,0.16395278599975427,2,0,1,1,1,,,,,,,,,,,,,44780,
ATLAS-B,tiny_01676,required,atlas-b,SAT,MIN_EXPANDED_SIZE,0,1,PASSED,0.8149414459999207,2,0,1,1,1,1,0,0,0,1,False,True,True,True,True,7370,23771,105704,
MacroATLAS,tiny_01676,required,macro,SAT,MIN_EXPANDED_SIZE,0,1,PASSED,0.6146867200000088,2,0,1,1,1,1,0,0,0,1,False,True,True,True,True,320,523,89624,
Oracle,tiny_01677,no_dag_reuse,oracle,SAT,MIN_EXPANDED_SIZE,0,1,REFERENCE_EXHAUSTIVE,0.21399754200001553,2,0,1,1,1,,,,,,,,,,,,,44724,
ATLAS-B,tiny_01677,no_dag_reuse,atlas-b,SAT,MIN_EXPANDED_SIZE,0,1,PASSED,0.7147245900000598,2,0,1,1,1,1,0,0,0,1,False,True,True,True,True,1900,5028,97424,
MacroATLAS,tiny_01677,no_dag_reuse,macro,SAT,MIN_EXPANDED_SIZE,0,1,PASSED,0.7148197729998174,2,0,1,1,1,1,0,0,0,1,False,True,True,True,True,1321,2432,94440,
Oracle,tiny_01678,global_prop,oracle,SAT,MIN_EXPANDED_SIZE,0,4,REFERENCE_EXHAUSTIVE,0.3142315180002697,4,1,2,2,1,,,,,,,,,,,,,73952,
ATLAS-B,tiny_01678,global_prop,atlas-b,SAT,MIN_EXPANDED_SIZE,0,4,PASSED,0.8149233049998656,4,1,2,2,1,4,1,1,1,4,False,True,True,True,True,10020,30271,110540,
MacroATLAS,tiny_01678,global_prop,macro,SAT,MIN_EXPANDED_SIZE,0,4,PASSED,0.8650296729997535,4,1,2,2,1,4,1,1,1,4,False,True,True,True,True,6887,16121,125440,
Oracle,tiny_01679,repair,oracle,SAT,REPAIR,0,3,REFERENCE_EXHAUSTIVE,0.21411996599999839,4,0,1,1,1,,,,,,,,,,,,,46708,
ATLAS-B,tiny_01679,repair,atlas-b,SAT,REPAIR,0,3,PASSED,0.9151720009999735,4,0,1,1,1,3,0,2,2,3,False,True,True,True,True,2891,6928,128716,
MacroATLAS,tiny_01679,repair,macro,SAT,REPAIR,0,3,PASSED,1.0153498859999672,4,0,1,1,1,3,0,2,2,3,False,True,True,True,True,3916,7936,127956,
Oracle,tiny_01680,plain,oracle,SAT,MIN_EXPANDED_SIZE,0,2,REFERENCE_EXHAUSTIVE,0.16402916900005948,3,0,1,1,1,,,,,,,,,,,,,44804,
ATLAS-B,tiny_01680,plain,atlas-b,SAT,MIN_EXPANDED_SIZE,0,2,PASSED,0.8653204910001477,3,0,1,1,1,2,0,1,1,2,False,True,True,True,True,10070,32379,110688,
MacroATLAS,tiny_01680,plain,macro,SAT,MIN_EXPANDED_SIZE,0,2,PASSED,0.6646991549996528,3,0,1,1,1,2,0,1,1,2,False,True,True,True,True,1214,2267,93504,
Oracle,tiny_01681,nnf,oracle,SAT,MIN_EXPANDED_SIZE,0,2,REFERENCE_EXHAUSTIVE,0.21409570599962535,3,0,1,1,1,,,,,,,,,,,,,45308,
ATLAS-B,tiny_01681,nnf,atlas-b,SAT,MIN_EXPANDED_SIZE,0,2,PASSED,0.8650642739999057,3,0,1,1,1,2,0,1,1,2,False,True,True,True,True,10077,32399,111388,
MacroATLAS,tiny_01681,nnf,macro,SAT,MIN_EXPANDED_SIZE,0,2,PASSED,0.8149974769999062,3,0,1,1,1,2,0,1,1,2,False,True,True,True,True,2284,4809,110100,
Oracle,tiny_01682,cnf,oracle,UNSAT,MIN_EXPANDED_SIZE,0,0,REFERENCE_EXHAUSTIVE,0.21406411499992828,2,0,1,2,1,,,,,,,,,,,,,44736,
ATLAS-B,tiny_01682,cnf,atlas-b,UNSAT,MIN_EXPANDED_SIZE,0,0,NOT_APPLICABLE_UNSAT,0.8149350059998142,2,0,1,2,1,,,,,,,,,,,10899,35330,106036,
MacroATLAS,tiny_01682,cnf,macro,UNSAT,MIN_EXPANDED_SIZE,0,0,NOT_APPLICABLE_UNSAT,0.8650063420000151,2,0,1,2,1,,0,,,,,,,,,3209,6984,116904,
Oracle,tiny_01683,dnf,oracle,UNSAT,MIN_EXPANDED_SIZE,0,0,REFERENCE_EXHAUSTIVE,0.21406394399991768,2,0,1,2,1,,,,,,,,,,,,,44804,
ATLAS-B,tiny_01683,dnf,atlas-b,UNSAT,MIN_EXPANDED_SIZE,0,0,NOT_APPLICABLE_UNSAT,0.7148048930002915,2,0,1,2,1,,,,,,,,,,,2667,7176,94296,
MacroATLAS,tiny_01683,dnf,macro,UNSAT,MIN_EXPANDED_SIZE,0,0,NOT_APPLICABLE_UNSAT,0.8651065849999213,2,0,1,2,1,,0,,,,,,,,,3209,6984,119216,
Oracle,tiny_01684,required,oracle,SAT,MIN_EXPANDED_SIZE,0,2,REFERENCE_EXHAUSTIVE,0.21404097399999955,3,0,1,1,1,,,,,,,,,,,,,44944,
ATLAS-B,tiny_01684,required,atlas-b,SAT,MIN_EXPANDED_SIZE,0,2,PASSED,0.7650205330000972,3,0,1,1,1,2,0,1,1,2,False,True,True,True,True,5846,17763,98488,
MacroATLAS,tiny_01684,required,macro,SAT,MIN_EXPANDED_SIZE,0,2,PASSED,0.6648396079999657,3,0,1,1,1,2,0,1,1,2,False,True,True,True,True,1214,2267,92280,
Oracle,tiny_01685,no_dag_reuse,oracle,SAT,MIN_EXPANDED_SIZE,0,2,REFERENCE_EXHAUSTIVE,0.2140385839998089,3,0,1,1,1,,,,,,,,,,,,,45056,
ATLAS-B,tiny_01685,no_dag_reuse,atlas-b,SAT,MIN_EXPANDED_SIZE,0,2,PASSED,0.7647876969999743,3,0,1,1,1,2,0,1,1,2,False,True,True,True,True,4356,12674,97160,
MacroATLAS,tiny_01685,no_dag_reuse,macro,SAT,MIN_EXPANDED_SIZE,0,2,PASSED,0.7148243829997227,3,0,1,1,1,2,0,1,1,2,False,True,True,True,True,1420,2690,95492,
Oracle,tiny_01686,global_prop,oracle,UNSAT,MIN_EXPANDED_SIZE,0,0,REFERENCE_EXHAUSTIVE,0.21411087600017709,2,0,1,2,1,,,,,,,,,,,,,44976,
ATLAS-B,tiny_01686,global_prop,atlas-b,UNSAT,MIN_EXPANDED_SIZE,0,0,NOT_APPLICABLE_UNSAT,0.7650062830002753,2,0,1,2,1,,,,,,,,,,,8135,25605,103620,
MacroATLAS,tiny_01686,global_prop,macro,UNSAT,MIN_EXPANDED_SIZE,0,0,NOT_APPLICABLE_UNSAT,0.7650787239999772,2,0,1,2,1,,0,,,,,,,,,2604,5442,106020,
Oracle,tiny_01687,repair,oracle,UNSAT,REPAIR,0,0,REFERENCE_EXHAUSTIVE,0.21409418499979438,2,0,1,2,1,,,,,,,,,,,,,45340,
ATLAS-B,tiny_01687,repair,atlas-b,UNSAT,REPAIR,0,0,NOT_APPLICABLE_UNSAT,1.01515579099987,2,0,1,2,1,,,,,,,,,,,12165,39587,128944,
MacroATLAS,tiny_01687,repair,macro,UNSAT,REPAIR,0,0,NOT_APPLICABLE_UNSAT,0.9151071100000081,2,0,1,2,1,,0,,,,,,,,,1191,2066,112980,
Oracle,tiny_01688,plain,oracle,SAT,MIN_EXPANDED_SIZE,0,3,REFERENCE_EXHAUSTIVE,0.21412649700005204,3,1,2,1,2,,,,,,,,,,,,,46820,
ATLAS-B,tiny_01688,plain,atlas-b,SAT,MIN_EXPANDED_SIZE,0,3,PASSED,0.8650144029998046,3,1,2,1,2,3,1,0,0,3,False,True,True,True,True,9624,29916,111164,
MacroATLAS,tiny_01688,plain,macro,SAT,MIN_EXPANDED_SIZE,0,3,PASSED,0.7649070299999039,3,1,2,1,2,3,1,0,0,3,False,True,True,True,True,2616,5312,99304,
Oracle,tiny_01689,nnf,oracle,SAT,MIN_EXPANDED_SIZE,0,3,REFERENCE_EXHAUSTIVE,0.21411655700012489,3,1,2,1,2,,,,,,,,,,,,,46768,
ATLAS-B,tiny_01689,nnf,atlas-b,SAT,MIN_EXPANDED_SIZE,0,3,PASSED,0.7147817509999186,3,1,2,1,2,3,1,0,0,3,False,True,True,True,True,2363,6144,93832,
MacroATLAS,tiny_01689,nnf,macro,SAT,MIN_EXPANDED_SIZE,0,3,PASSED,0.9150925999997526,3,1,2,1,2,3,1,0,0,3,False,True,True,True,True,4466,10083,121128,
Oracle,tiny_01690,cnf,oracle,SAT,MIN_EXPANDED_SIZE,0,1,REFERENCE_EXHAUSTIVE,0.21409321500004808,2,0,1,1,1,,,,,,,,,,,,,45304,
ATLAS-B,tiny_01690,cnf,atlas-b,SAT,MIN_EXPANDED_SIZE,0,1,PASSED,0.7649596219998784,2,0,1,1,1,1,0,0,0,1,False,True,True,True,True,5547,17344,98800,
MacroATLAS,tiny_01690,cnf,macro,SAT,MIN_EXPANDED_SIZE,0,1,PASSED,0.7649093800000628,2,0,1,1,1,1,0,0,0,1,False,True,True,True,True,888,1673,103048,
Oracle,tiny_01691,dnf,oracle,SAT,MIN_EXPANDED_SIZE,0,1,REFERENCE_EXHAUSTIVE,0.16389883500005453,2,0,1,1,1,,,,,,,,,,,,,44772,
ATLAS-B,tiny_01691,dnf,atlas-b,SAT,MIN_EXPANDED_SIZE,0,1,PASSED,0.7149106259998916,2,0,1,1,1,1,0,0,0,1,False,True,True,True,True,1904,5034,93200,
MacroATLAS,tiny_01691,dnf,macro,SAT,MIN_EXPANDED_SIZE,0,1,PASSED,0.7148223640001561,2,0,1,1,1,1,0,0,0,1,False,True,True,True,True,888,1673,99816,
Oracle,tiny_01692,required,oracle,SAT,MIN_EXPANDED_SIZE,0,3,REFERENCE_EXHAUSTIVE,0.2139351210003042,3,1,2,1,2,,,,,,,,,,,,,46908,
ATLAS-B,tiny_01692,required,atlas-b,SAT,MIN_EXPANDED_SIZE,0,3,PASSED,0.7648100979999981,3,1,2,1,2,3,1,0,0,3,False,True,True,True,True,3450,9457,101228,
MacroATLAS,tiny_01692,required,macro,SAT,MIN_EXPANDED_SIZE,0,3,PASSED,0.7647392159997253,3,1,2,1,2,3,1,0,0,3,False,True,True,True,True,3248,6867,102956,
Oracle,tiny_01693,no_dag_reuse,oracle,SAT,MIN_EXPANDED_SIZE,0,3,REFERENCE_EXHAUSTIVE,0.21411043499983862,3,1,2,1,2,,,,,,,,,,,,,47008,
ATLAS-B,tiny_01693,no_dag_reuse,atlas-b,SAT,MIN_EXPANDED_SIZE,0,3,PASSED,0.9152956050002103,3,1,2,1,2,3,1,0,0,3,False,True,True,True,True,16556,53853,125564,
MacroATLAS,tiny_01693,no_dag_reuse,macro,SAT,MIN_EXPANDED_SIZE,0,3,PASSED,0.7648153180002737,3,1,2,1,2,3,1,0,0,3,False,True,True,True,True,2914,5792,100476,
Oracle,tiny_01694,global_prop,oracle,SAT,MIN_EXPANDED_SIZE,0,2,REFERENCE_EXHAUSTIVE,0.21409056600032272,3,0,1,1,1,,,,,,,,,,,,,45284,
ATLAS-B,tiny_01694,global_prop,atlas-b,SAT,MIN_EXPANDED_SIZE,0,2,PASSED,0.8150671590001366,3,0,1,1,1,2,0,1,1,2,False,True,True,True,True,5888,17771,105868,
MacroATLAS,tiny_01694,global_prop,macro,SAT,MIN_EXPANDED_SIZE,0,2,PASSED,0.8149193260001084,3,0,1,1,1,2,0,1,1,2,False,True,True,True,True,2405,5126,110872,
Oracle,tiny_01695,repair,oracle,SAT,REPAIR,1,2,REFERENCE_EXHAUSTIVE,0.21402718400031517,3,0,1,1,1,,,,,,,,,,,,,45244,
ATLAS-B,tiny_01695,repair,atlas-b,SAT,REPAIR,1,2,PASSED,0.8149310950002473,3,0,1,1,1,2,0,1,1,2,False,True,True,True,True,6894,20783,106236,
MacroATLAS,tiny_01695,repair,macro,SAT,REPAIR,1,2,PASSED,0.7148956049995832,3,0,1,1,1,2,0,1,1,2,False,True,True,True,True,2316,4422,99328,
Oracle,tiny_01696,plain,oracle,SAT,MIN_EXPANDED_SIZE,0,3,REFERENCE_EXHAUSTIVE,0.21408857500000522,3,1,2,2,1,,,,,,,,,,,,,46560,
ATLAS-B,tiny_01696,plain,atlas-b,SAT,MIN_EXPANDED_SIZE,0,3,PASSED,0.7648424089998116,3,1,2,2,1,3,1,0,0,3,False,True,True,True,True,4865,13977,96628,
MacroATLAS,tiny_01696,plain,macro,SAT,MIN_EXPANDED_SIZE,0,3,PASSED,0.7647289149999779,3,1,2,2,1,3,1,0,0,3,False,True,True,True,True,2616,5312,95720,
Oracle,tiny_01697,nnf,oracle,SAT,MIN_EXPANDED_SIZE,0,3,REFERENCE_EXHAUSTIVE,0.21405477400003292,3,1,2,2,1,,,,,,,,,,,,,46656,
ATLAS-B,tiny_01697,nnf,atlas-b,SAT,MIN_EXPANDED_SIZE,0,3,PASSED,0.7648968699995748,3,1,2,2,1,3,1,0,0,3,False,True,True,True,True,4873,14001,101288,
MacroATLAS,tiny_01697,nnf,macro,SAT,MIN_EXPANDED_SIZE,0,3,PASSED,0.8650429340000301,3,1,2,2,1,3,1,0,0,3,False,True,True,True,True,4466,10083,120396,
Oracle,tiny_01698,cnf,oracle,SAT,MIN_EXPANDED_SIZE,0,2,REFERENCE_EXHAUSTIVE,0.21404746400003205,3,0,1,1,1,,,,,,,,,,,,,45792,
ATLAS-B,tiny_01698,cnf,atlas-b,SAT,MIN_EXPANDED_SIZE,0,2,PASSED,0.6648047769999721,3,0,1,1,1,2,0,1,1,2,False,True,True,True,True,1475,3495,90572,
MacroATLAS,tiny_01698,cnf,macro,SAT,MIN_EXPANDED_SIZE,0,2,PASSED,0.8651482860000215,3,0,1,1,1,2,0,1,1,2,False,True,True,True,True,3025,6690,118364,
Oracle,tiny_01699,dnf,oracle,SAT,MIN_EXPANDED_SIZE,0,2,REFERENCE_EXHAUSTIVE,0.21411782599989237,3,0,1,1,1,,,,,,,,,,,,,45100,
ATLAS-B,tiny_01699,dnf,atlas-b,SAT,MIN_EXPANDED_SIZE,0,2,PASSED,0.7648064869999871,3,0,1,1,1,2,0,1,1,2,False,True,True,True,True,5879,17816,100976,
MacroATLAS,tiny_01699,dnf,macro,SAT,MIN_EXPANDED_SIZE,0,2,PASSED,0.8152086529998996,3,0,1,1,1,2,0,1,1,2,False,True,True,True,True,3025,6690,109368,
Oracle,tiny_01700,required,oracle,SAT,MIN_EXPANDED_SIZE,0,3,REFERENCE_EXHAUSTIVE,0.21406951499966453,3,1,2,2,1,,,,,,,,,,,,,46880,
ATLAS-B,tiny_01700,required,atlas-b,SAT,MIN_EXPANDED_SIZE,0,3,PASSED,0.9652018980000321,3,1,2,2,1,3,1,0,0,3,False,True,True,True,True,16506,53768,126840,
MacroATLAS,tiny_01700,required,macro,SAT,MIN_EXPANDED_SIZE,0,3,PASSED,0.7648186579999674,3,1,2,2,1,3,1,0,0,3,False,True,True,True,True,3248,6867,104596,
Oracle,tiny_01701,no_dag_reuse,oracle,SAT,MIN_EXPANDED_SIZE,0,3,REFERENCE_EXHAUSTIVE,0.21408179499985636,3,1,2,2,1,,,,,,,,,,,,,47020,
ATLAS-B,tiny_01701,no_dag_reuse,atlas-b,SAT,MIN_EXPANDED_SIZE,0,3,PASSED,0.8651736570000139,3,1,2,2,1,3,1,0,0,3,False,True,True,True,True,12756,40604,109972,
MacroATLAS,tiny_01701,no_dag_reuse,macro,SAT,MIN_EXPANDED_SIZE,0,3,PASSED,0.714784932999919,3,1,2,2,1,3,1,0,0,3,False,True,True,True,True,2914,5792,97132,
Oracle,tiny_01702,global_prop,oracle,SAT,MIN_EXPANDED_SIZE,0,3,REFERENCE_EXHAUSTIVE,0.2140204930001346,4,0,1,1,1,,,,,,,,,,,,,46512,
ATLAS-B,tiny_01702,global_prop,atlas-b,SAT,MIN_EXPANDED_SIZE,0,3,PASSED,0.865042123999956,4,0,1,1,1,3,0,2,2,3,False,True,True,True,True,13738,44079,116324,
MacroATLAS,tiny_01702,global_prop,macro,SAT,MIN_EXPANDED_SIZE,0,3,PASSED,0.8150731190003171,4,0,1,1,1,3,0,2,2,3,False,True,True,True,True,2920,6505,114312,
Oracle,tiny_01703,repair,oracle,SAT,REPAIR,0,3,REFERENCE_EXHAUSTIVE,0.21406201500030875,4,0,1,1,1,,,,,,,,,,,,,46668,
ATLAS-B,tiny_01703,repair,atlas-b,SAT,REPAIR,0,3,PASSED,1.1153404659999069,4,0,1,1,1,3,0,2,2,3,False,True,True,True,True,9528,28797,131652,
MacroATLAS,tiny_01703,repair,macro,SAT,REPAIR,0,3,PASSED,1.0653700709999612,4,0,1,1,1,3,0,2,2,3,False,True,True,True,True,3916,7936,134256,
Oracle,tiny_01704,plain,oracle,SAT,MIN_EXPANDED_SIZE,0,2,REFERENCE_EXHAUSTIVE,0.16400437800029977,3,0,1,1,1,,,,,,,,,,,,,44660,
ATLAS-B,tiny_01704,plain,atlas-b,SAT,MIN_EXPANDED_SIZE,0,2,PASSED,0.7650612630000069,3,0,1,1,1,2,0,1,1,2,False,True,True,True,True,5846,17762,104896,
MacroATLAS,tiny_01704,plain,macro,SAT,MIN_EXPANDED_SIZE,0,2,PASSED,0.7149296249999679,3,0,1,1,1,2,0,1,1,2,False,True,True,True,True,1847,3477,98404,
Oracle,tiny_01705,nnf,oracle,SAT,MIN_EXPANDED_SIZE,0,2,REFERENCE_EXHAUSTIVE,0.21411552599965944,3,0,1,1,1,,,,,,,,,,,,,45160,
ATLAS-B,tiny_01705,nnf,atlas-b,SAT,MIN_EXPANDED_SIZE,0,2,PASSED,0.7650689439997223,3,0,1,1,1,2,0,1,1,2,False,True,True,True,True,2949,8090,103376,
MacroATLAS,tiny_01705,nnf,macro,SAT,MIN_EXPANDED_SIZE,0,2,PASSED,0.815089609000097,3,0,1,1,1,2,0,1,1,2,False,True,True,True,True,3366,7272,110968,
Oracle,tiny_01706,cnf,oracle,SAT,MIN_EXPANDED_SIZE,0,3,REFERENCE_EXHAUSTIVE,0.21414586600030816,3,1,2,1,2,,,,,,,,,,,,,46848,
ATLAS-B,tiny_01706,cnf,atlas-b,SAT,MIN_EXPANDED_SIZE,0,3,PASSED,0.8149807370000417,3,1,2,1,2,3,1,0,0,3,False,True,True,True,True,9657,29972,105856,
MacroATLAS,tiny_01706,cnf,macro,SAT,MIN_EXPANDED_SIZE,0,3,PASSED,0.9150661489998129,3,1,2,1,2,3,1,0,0,3,False,True,True,True,True,5286,12159,125624,
Oracle,tiny_01707,dnf,oracle,SAT,MIN_EXPANDED_SIZE,0,3,REFERENCE_EXHAUSTIVE,0.21409478599980503,3,1,2,1,2,,,,,,,,,,,,,47808,
ATLAS-B,tiny_01707,dnf,atlas-b,SAT,MIN_EXPANDED_SIZE,0,3,PASSED,0.8148605050000697,3,1,2,1,2,3,1,0,0,3,False,True,True,True,True,9655,29962,105368,
MacroATLAS,tiny_01707,dnf,macro,SAT,MIN_EXPANDED_SIZE,0,3,PASSED,0.9152108019998195,3,1,2,1,2,3,1,0,0,3,False,True,True,True,True,5286,12159,130332,
Oracle,tiny_01708,required,oracle,SAT,MIN_EXPANDED_SIZE,0,2,REFERENCE_EXHAUSTIVE,0.21408806399995228,3,0,1,1,1,,,,,,,,,,,,,44924,
ATLAS-B,tiny_01708,required,atlas-b,SAT,MIN_EXPANDED_SIZE,0,2,PASSED,0.7147450409997873,3,0,1,1,1,2,0,1,1,2,False,True,True,True,True,2096,5400,100784,
MacroATLAS,tiny_01708,required,macro,SAT,MIN_EXPANDED_SIZE,0,2,PASSED,0.7147127200000796,3,0,1,1,1,2,0,1,1,2,False,True,True,True,True,1847,3477,96256,
Oracle,tiny_01709,no_dag_reuse,oracle,SAT,MIN_EXPANDED_SIZE,0,2,REFERENCE_EXHAUSTIVE,0.2140602240001499,3,0,1,1,1,,,,,,,,,,,,,45492,
ATLAS-B,tiny_01709,no_dag_reuse,atlas-b,SAT,MIN_EXPANDED_SIZE,0,2,PASSED,0.7648860990002504,3,0,1,1,1,2,0,1,1,2,False,True,True,True,True,5880,17809,105004,
MacroATLAS,tiny_01709,no_dag_reuse,macro,SAT,MIN_EXPANDED_SIZE,0,2,PASSED,0.8149396660001003,3,0,1,1,1,2,0,1,1,2,False,True,True,True,True,2910,5537,110288,
Oracle,tiny_01710,global_prop,oracle,SAT,MIN_EXPANDED_SIZE,0,4,REFERENCE_EXHAUSTIVE,0.31422575899978256,4,1,2,1,2,,,,,,,,,,,,,73728,
ATLAS-B,tiny_01710,global_prop,atlas-b,SAT,MIN_EXPANDED_SIZE,0,4,PASSED,0.915211762999661,4,1,2,1,2,4,1,1,1,4,False,True,True,True,True,17330,55220,129300,
MacroATLAS,tiny_01710,global_prop,macro,SAT,MIN_EXPANDED_SIZE,0,4,PASSED,0.9152730139999221,4,1,2,1,2,4,1,1,1,4,False,True,True,True,True,6887,16121,126624,
Oracle,tiny_01711,repair,oracle,UNSAT,REPAIR,0,0,REFERENCE_EXHAUSTIVE,0.21406091400012883,2,0,1,2,1,,,,,,,,,,,,,45168,
ATLAS-B,tiny_01711,repair,atlas-b,UNSAT,REPAIR,0,0,NOT_APPLICABLE_UNSAT,0.8650258530001338,2,0,1,2,1,,,,,,,,,,,2123,5345,108556,
MacroATLAS,tiny_01711,repair,macro,UNSAT,REPAIR,0,0,NOT_APPLICABLE_UNSAT,0.9150381680001374,2,0,1,2,1,,0,,,,,,,,,1378,2362,125160,
Oracle,tiny_01712,plain,oracle,SAT,MIN_EXPANDED_SIZE,0,2,REFERENCE_EXHAUSTIVE,0.1640199780003968,3,0,1,1,1,,,,,,,,,,,,,44908,
ATLAS-B,tiny_01712,plain,atlas-b,SAT,MIN_EXPANDED_SIZE,0,2,PASSED,0.714816862999669,3,0,1,1,1,2,0,1,1,2,False,True,True,True,True,7735,24244,102900,
MacroATLAS,tiny_01712,plain,macro,SAT,MIN_EXPANDED_SIZE,0,2,PASSED,0.7649937520000094,3,0,1,1,1,2,0,1,1,2,False,True,True,True,True,3152,6371,100656,
Oracle,tiny_01713,nnf,oracle,SAT,MIN_EXPANDED_SIZE,0,2,REFERENCE_EXHAUSTIVE,0.2141401659996518,3,0,1,1,1,,,,,,,,,,,,,45052,
ATLAS-B,tiny_01713,nnf,atlas-b,SAT,MIN_EXPANDED_SIZE,0,2,PASSED,0.8150340590000269,3,0,1,1,1,2,0,1,1,2,False,True,True,True,True,10080,32405,109104,
MacroATLAS,tiny_01713,nnf,macro,SAT,MIN_EXPANDED_SIZE,0,2,PASSED,0.9150350579998303,3,0,1,1,1,2,0,1,1,2,False,True,True,True,True,5243,11606,131960,
Oracle,tiny_01714,cnf,oracle,SAT,MIN_EXPANDED_SIZE,0,3,REFERENCE_EXHAUSTIVE,0.21409233499980473,3,1,2,2,1,,,,,,,,,,,,,46852,
ATLAS-B,tiny_01714,cnf,atlas-b,SAT,MIN_EXPANDED_SIZE,0,3,PASSED,0.7647246349997658,3,1,2,2,1,3,1,0,0,3,False,True,True,True,True,3481,9501,99464,
MacroATLAS,tiny_01714,cnf,macro,SAT,MIN_EXPANDED_SIZE,0,3,PASSED,0.9651983769999788,3,1,2,2,1,3,1,0,0,3,False,True,True,True,True,5286,12159,129456,
Oracle,tiny_01715,dnf,oracle,SAT,MIN_EXPANDED_SIZE,0,3,REFERENCE_EXHAUSTIVE,0.21404357399978835,3,1,2,2,1,,,,,,,,,,,,,46740,
ATLAS-B,tiny_01715,dnf,atlas-b,SAT,MIN_EXPANDED_SIZE,0,3,PASSED,0.9149427659999674,3,1,2,2,1,3,1,0,0,3,False,True,True,True,True,16539,53827,129524,
MacroATLAS,tiny_01715,dnf,macro,SAT,MIN_EXPANDED_SIZE,0,3,PASSED,0.9650987139998506,3,1,2,2,1,3,1,0,0,3,False,True,True,True,True,5286,12159,132376,
Oracle,tiny_01716,required,oracle,SAT,MIN_EXPANDED_SIZE,0,2,REFERENCE_EXHAUSTIVE,0.1639560970002094,3,0,1,1,1,,,,,,,,,,,,,44928,
ATLAS-B,tiny_01716,required,atlas-b,SAT,MIN_EXPANDED_SIZE,0,2,PASSED,0.7650337129998661,3,0,1,1,1,2,0,1,1,2,False,True,True,True,True,10071,32383,103704,
MacroATLAS,tiny_01716,required,macro,SAT,MIN_EXPANDED_SIZE,0,2,PASSED,0.7147507609997774,3,0,1,1,1,2,0,1,1,2,False,True,True,True,True,2504,4747,97768,
Oracle,tiny_01717,no_dag_reuse,oracle,SAT,MIN_EXPANDED_SIZE,0,2,REFERENCE_EXHAUSTIVE,0.2142471580000347,3,0,1,1,1,,,,,,,,,,,,,45064,
ATLAS-B,tiny_01717,no_dag_reuse,atlas-b,SAT,MIN_EXPANDED_SIZE,0,2,PASSED,0.714922776000094,3,0,1,1,1,2,0,1,1,2,False,True,True,True,True,2975,8122,98768,
MacroATLAS,tiny_01717,no_dag_reuse,macro,SAT,MIN_EXPANDED_SIZE,0,2,PASSED,0.7648928200001137,3,0,1,1,1,2,0,1,1,2,False,True,True,True,True,3608,6998,103732,
Oracle,tiny_01718,global_prop,oracle,SAT,MIN_EXPANDED_SIZE,0,4,REFERENCE_EXHAUSTIVE,0.36425961399982043,4,1,2,2,1,,,,,,,,,,,,,73800,
ATLAS-B,tiny_01718,global_prop,atlas-b,SAT,MIN_EXPANDED_SIZE,0,4,PASSED,0.8653954129999875,4,1,2,2,1,4,1,1,1,4,False,True,True,True,True,13326,41466,114068,
MacroATLAS,tiny_01718,global_prop,macro,SAT,MIN_EXPANDED_SIZE,0,4,PASSED,0.8649992219998239,4,1,2,2,1,4,1,1,1,4,False,True,True,True,True,6887,16121,123156,
Oracle,tiny_01719,repair,oracle,SAT,REPAIR,1,2,REFERENCE_EXHAUSTIVE,0.2142351890001919,3,0,1,1,1,,,,,,,,,,,,,45612,
ATLAS-B,tiny_01719,repair,atlas-b,SAT,REPAIR,1,2,PASSED,0.764984481999818,3,0,1,1,1,2,0,1,1,2,False,True,True,True,True,3649,9905,97772,
MacroATLAS,tiny_01719,repair,macro,SAT,REPAIR,1,2,PASSED,0.7149485559998539,3,0,1,1,1,2,0,1,1,2,False,True,True,True,True,2316,4422,96176,
Oracle,tiny_01720,plain,oracle,SAT,MIN_EXPANDED_SIZE,0,3,REFERENCE_EXHAUSTIVE,0.21405378400004338,4,0,1,1,1,,,,,,,,,,,,,45852,
ATLAS-B,tiny_01720,plain,atlas-b,SAT,MIN_EXPANDED_SIZE,0,3,PASSED,0.9150103369997851,4,0,1,1,1,3,0,2,2,3,False,True,True,True,True,18782,62219,127988,
MacroATLAS,tiny_01720,plain,macro,SAT,MIN_EXPANDED_SIZE,0,3,PASSED,0.9650755150000805,4,0,1,1,1,3,0,2,2,3,False,True,True,True,True,6355,13206,131732,
Oracle,tiny_01721,nnf,oracle,SAT,MIN_EXPANDED_SIZE,0,3,REFERENCE_EXHAUSTIVE,0.2142811199996686,4,0,1,1,1,,,,,,,,,,,,,45668,
ATLAS-B,tiny_01721,nnf,atlas-b,SAT,MIN_EXPANDED_SIZE,0,3,PASSED,0.8655362150002475,4,0,1,1,1,3,0,2,2,3,False,True,True,True,True,13686,44078,116940,
MacroATLAS,tiny_01721,nnf,macro,SAT,MIN_EXPANDED_SIZE,0,3,PASSED,1.1155904319998626,4,0,1,1,1,3,0,2,2,3,False,True,True,True,True,10453,25334,135364,
Oracle,tiny_01722,cnf,oracle,UNSAT,MIN_EXPANDED_SIZE,0,0,REFERENCE_EXHAUSTIVE,0.21395311199967182,2,0,1,2,1,,,,,,,,,,,,,44836,
ATLAS-B,tiny_01722,cnf,atlas-b,UNSAT,MIN_EXPANDED_SIZE,0,0,NOT_APPLICABLE_UNSAT,0.8155300700000225,2,0,1,2,1,,,,,,,,,,,8134,25637,107880,
MacroATLAS,tiny_01722,cnf,macro,UNSAT,MIN_EXPANDED_SIZE,0,0,NOT_APPLICABLE_UNSAT,0.8149347049998141,2,0,1,2,1,,0,,,,,,,,,3022,6688,109484,
Oracle,tiny_01723,dnf,oracle,UNSAT,MIN_EXPANDED_SIZE,0,0,REFERENCE_EXHAUSTIVE,0.21412530600036916,2,0,1,2,1,,,,,,,,,,,,,44696,
ATLAS-B,tiny_01723,dnf,atlas-b,UNSAT,MIN_EXPANDED_SIZE,0,0,NOT_APPLICABLE_UNSAT,0.8151599119996717,2,0,1,2,1,,,,,,,,,,,8133,25636,106280,
MacroATLAS,tiny_01723,dnf,macro,UNSAT,MIN_EXPANDED_SIZE,0,0,NOT_APPLICABLE_UNSAT,0.8650794840000344,2,0,1,2,1,,0,,,,,,,,,3022,6688,116560,
Oracle,tiny_01724,required,oracle,SAT,MIN_EXPANDED_SIZE,0,3,REFERENCE_EXHAUSTIVE,0.21409847600034482,4,0,1,1,1,,,,,,,,,,,,,46788,
ATLAS-B,tiny_01724,required,atlas-b,SAT,MIN_EXPANDED_SIZE,0,3,PASSED,0.7650214129998858,4,0,1,1,1,3,0,2,2,3,False,True,True,True,True,4460,12673,101036,
MacroATLAS,tiny_01724,required,macro,SAT,MIN_EXPANDED_SIZE,0,3,PASSED,0.8649991729998874,4,0,1,1,1,3,0,2,2,3,False,True,True,True,True,5241,10711,117068,
Oracle,tiny_01725,no_dag_reuse,oracle,SAT,MIN_EXPANDED_SIZE,0,3,REFERENCE_EXHAUSTIVE,0.21404410500008453,4,0,1,1,1,,,,,,,,,,,,,46412,
ATLAS-B,tiny_01725,no_dag_reuse,atlas-b,SAT,MIN_EXPANDED_SIZE,0,3,PASSED,0.9151687620001212,4,0,1,1,1,3,0,2,2,3,False,True,True,True,True,13727,44133,113888,
MacroATLAS,tiny_01725,no_dag_reuse,macro,SAT,MIN_EXPANDED_SIZE,0,3,PASSED,0.8650838739999926,4,0,1,1,1,3,0,2,2,3,False,True,True,True,True,5854,11649,130256,
Oracle,tiny_01726,global_prop,oracle,UNSAT,MIN_EXPANDED_SIZE,0,0,REFERENCE_EXHAUSTIVE,0.21411690600007205,2,0,1,2,1,,,,,,,,,,,,,44984,
ATLAS-B,tiny_01726,global_prop,atlas-b,UNSAT,MIN_EXPANDED_SIZE,0,0,NOT_APPLICABLE_UNSAT,0.8152086330001111,2,0,1,2,1,,,,,,,,,,,5962,18115,105280,
MacroATLAS,tiny_01726,global_prop,macro,UNSAT,MIN_EXPANDED_SIZE,0,0,NOT_APPLICABLE_UNSAT,0.8149381160001212,2,0,1,2,1,,0,,,,,,,,,2604,5442,108768,
Oracle,tiny_01727,repair,oracle,SAT,REPAIR,0,3,REFERENCE_EXHAUSTIVE,0.2140919059997941,4,0,1,1,1,,,,,,,,,,,,,46820,
ATLAS-B,tiny_01727,repair,atlas-b,SAT,REPAIR,0,3,PASSED,1.1653910909999468,4,0,1,1,1,3,0,2,2,3,False,True,True,True,True,12241,38126,131268,
MacroATLAS,tiny_01727,repair,macro,SAT,REPAIR,0,3,PASSED,1.0652446590002,4,0,1,1,1,3,0,2,2,3,False,True,True,True,True,3916,7936,131764,
Oracle,tiny_01728,plain,oracle,UNSAT,MIN_EXPANDED_SIZE,0,0,REFERENCE_EXHAUSTIVE,0.21414511600005426,2,0,1,2,1,,,,,,,,,,,,,44580,
ATLAS-B,tiny_01728,plain,atlas-b,UNSAT,MIN_EXPANDED_SIZE,0,0,NOT_APPLICABLE_UNSAT,0.7149006650001866,2,0,1,2,1,,,,,,,,,,,4228,12336,97112,
MacroATLAS,tiny_01728,plain,macro,UNSAT,MIN_EXPANDED_SIZE,0,0,NOT_APPLICABLE_UNSAT,0.7647881570001118,2,0,1,2,1,,0,,,,,,,,,1398,2561,89244,
Oracle,tiny_01729,nnf,oracle,UNSAT,MIN_EXPANDED_SIZE,0,0,REFERENCE_EXHAUSTIVE,0.16399419800018222,2,0,1,2,1,,,,,,,,,,,,,44528,
ATLAS-B,tiny_01729,nnf,atlas-b,UNSAT,MIN_EXPANDED_SIZE,0,0,NOT_APPLICABLE_UNSAT,0.765067234000071,2,0,1,2,1,,,,,,,,,,,10884,35304,107280,
MacroATLAS,tiny_01729,nnf,macro,UNSAT,MIN_EXPANDED_SIZE,0,0,NOT_APPLICABLE_UNSAT,0.8150436380001338,2,0,1,2,1,,0,,,,,,,,,2468,5103,109120,
Oracle,tiny_01730,cnf,oracle,SAT,MIN_EXPANDED_SIZE,0,1,REFERENCE_EXHAUSTIVE,0.21415865700009817,2,0,1,1,1,,,,,,,,,,,,,44660,
ATLAS-B,tiny_01730,cnf,atlas-b,SAT,MIN_EXPANDED_SIZE,0,1,PASSED,0.8150578079998922,2,0,1,1,1,1,0,0,0,1,False,True,True,True,True,589,1207,93552,
MacroATLAS,tiny_01730,cnf,macro,SAT,MIN_EXPANDED_SIZE,0,1,PASSED,0.7149302460002218,2,0,1,1,1,1,0,0,0,1,False,True,True,True,True,888,1673,100100,
Oracle,tiny_01731,dnf,oracle,SAT,MIN_EXPANDED_SIZE,0,1,REFERENCE_EXHAUSTIVE,0.21403702399993563,2,0,1,1,1,,,,,,,,,,,,,44752,
ATLAS-B,tiny_01731,dnf,atlas-b,SAT,MIN_EXPANDED_SIZE,0,1,PASSED,0.7647625859999607,2,0,1,1,1,1,0,0,0,1,False,True,True,True,True,4099,12349,102480,
MacroATLAS,tiny_01731,dnf,macro,SAT,MIN_EXPANDED_SIZE,0,1,PASSED,0.7147658210001282,2,0,1,1,1,1,0,0,0,1,False,True,True,True,True,888,1673,101200,
Oracle,tiny_01732,required,oracle,UNSAT,MIN_EXPANDED_SIZE,0,0,REFERENCE_EXHAUSTIVE,0.1639374360001966,2,0,1,2,1,,,,,,,,,,,,,44916,
ATLAS-B,tiny_01732,required,atlas-b,UNSAT,MIN_EXPANDED_SIZE,0,0,NOT_APPLICABLE_UNSAT,0.7177691950000735,2,0,1,2,1,,,,,,,,,,,4231,12345,96984,
MacroATLAS,tiny_01732,required,macro,UNSAT,MIN_EXPANDED_SIZE,0,0,NOT_APPLICABLE_UNSAT,0.6148049829998854,2,0,1,2,1,,0,,,,,,,,,1211,2265,86428,
Oracle,tiny_01733,no_dag_reuse,oracle,UNSAT,MIN_EXPANDED_SIZE,0,0,REFERENCE_EXHAUSTIVE,0.21429962000001979,2,0,1,2,1,,,,,,,,,,,,,44688,
ATLAS-B,tiny_01733,no_dag_reuse,atlas-b,UNSAT,MIN_EXPANDED_SIZE,0,0,NOT_APPLICABLE_UNSAT,0.7648935500001244,2,0,1,2,1,,,,,,,,,,,8131,25634,104688,
MacroATLAS,tiny_01733,no_dag_reuse,macro,UNSAT,MIN_EXPANDED_SIZE,0,0,NOT_APPLICABLE_UNSAT,0.7648392879996209,2,0,1,2,1,,0,,,,,,,,,1508,2728,91220,
Oracle,tiny_01734,global_prop,oracle,SAT,MIN_EXPANDED_SIZE,0,2,REFERENCE_EXHAUSTIVE,0.21419022800000675,3,0,1,1,1,,,,,,,,,,,,,45200,
ATLAS-B,tiny_01734,global_prop,atlas-b,SAT,MIN_EXPANDED_SIZE,0,2,PASSED,0.7649872519996279,3,0,1,1,1,2,0,1,1,2,False,True,True,True,True,1019,2184,97940,
MacroATLAS,tiny_01734,global_prop,macro,SAT,MIN_EXPANDED_SIZE,0,2,PASSED,0.8151290410000911,3,0,1,1,1,2,0,1,1,2,False,True,True,True,True,2405,5126,111648,
Oracle,tiny_01735,repair,oracle,UNSAT,REPAIR,0,0,REFERENCE_EXHAUSTIVE,0.21405051400006414,2,0,1,2,1,,,,,,,,,,,,,45184,
ATLAS-B,tiny_01735,repair,atlas-b,UNSAT,REPAIR,0,0,NOT_APPLICABLE_UNSAT,1.015186201999768,2,0,1,2,1,,,,,,,,,,,12165,39582,128920,
MacroATLAS,tiny_01735,repair,macro,UNSAT,REPAIR,0,0,NOT_APPLICABLE_UNSAT,0.8650736049999068,2,0,1,2,1,,0,,,,,,,,,1378,2362,124828,
Oracle,tiny_01736,plain,oracle,SAT,MIN_EXPANDED_SIZE,0,1,REFERENCE_EXHAUSTIVE,0.16412770099987029,2,0,1,1,1,,,,,,,,,,,,,44456,
ATLAS-B,tiny_01736,plain,atlas-b,SAT,MIN_EXPANDED_SIZE,0,1,PASSED,0.7649993619997986,2,0,1,1,1,1,0,0,0,1,False,True,True,True,True,4078,12319,98752,
MacroATLAS,tiny_01736,plain,macro,SAT,MIN_EXPANDED_SIZE,0,1,PASSED,0.6146604390000903,2,0,1,1,1,1,0,0,0,1,False,True,True,True,True,320,523,85356,
Oracle,tiny_01737,nnf,oracle,SAT,MIN_EXPANDED_SIZE,0,1,REFERENCE_EXHAUSTIVE,0.21412763600028484,2,0,1,1,1,,,,,,,,,,,,,44888,
ATLAS-B,tiny_01737,nnf,atlas-b,SAT,MIN_EXPANDED_SIZE,0,1,PASSED,0.7648482180002247,2,0,1,1,1,1,0,0,0,1,False,True,True,True,True,7375,23778,105456,
MacroATLAS,tiny_01737,nnf,macro,SAT,MIN_EXPANDED_SIZE,0,1,PASSED,0.6647865270001603,2,0,1,1,1,1,0,0,0,1,False,True,True,True,True,667,1204,95320,
Oracle,tiny_01738,cnf,oracle,SAT,MIN_EXPANDED_SIZE,0,2,REFERENCE_EXHAUSTIVE,0.21424535899996044,3,0,1,1,1,,,,,,,,,,,,,44956,
ATLAS-B,tiny_01738,cnf,atlas-b,SAT,MIN_EXPANDED_SIZE,0,2,PASSED,0.8649105600002258,3,0,1,1,1,2,0,1,1,2,False,True,True,True,True,7765,24296,111052,
MacroATLAS,tiny_01738,cnf,macro,SAT,MIN_EXPANDED_SIZE,0,2,PASSED,0.8649582110001575,3,0,1,1,1,2,0,1,1,2,False,True,True,True,True,3025,6690,111348,
Oracle,tiny_01739,dnf,oracle,SAT,MIN_EXPANDED_SIZE,0,2,REFERENCE_EXHAUSTIVE,0.26404272900026626,3,0,1,1,1,,,,,,,,,,,,,44880,
ATLAS-B,tiny_01739,dnf,atlas-b,SAT,MIN_EXPANDED_SIZE,0,2,PASSED,0.8650622539998949,3,0,1,1,1,2,0,1,1,2,False,True,True,True,True,10104,32438,112108,
MacroATLAS,tiny_01739,dnf,macro,SAT,MIN_EXPANDED_SIZE,0,2,PASSED,0.8652152280001246,3,0,1,1,1,2,0,1,1,2,False,True,True,True,True,3025,6690,120024,
Oracle,tiny_01740,required,oracle,SAT,MIN_EXPANDED_SIZE,0,1,REFERENCE_EXHAUSTIVE,0.16394654600026115,2,0,1,1,1,,,,,,,,,,,,,44276,
ATLAS-B,tiny_01740,required,atlas-b,SAT,MIN_EXPANDED_SIZE,0,1,PASSED,0.7650244930000554,2,0,1,1,1,1,0,0,0,1,False,True,True,True,True,4078,12318,104120,
MacroATLAS,tiny_01740,required,macro,SAT,MIN_EXPANDED_SIZE,0,1,PASSED,0.6147905719999471,2,0,1,1,1,1,0,0,0,1,False,True,True,True,True,320,523,85832,
Oracle,tiny_01741,no_dag_reuse,oracle,SAT,MIN_EXPANDED_SIZE,0,1,REFERENCE_EXHAUSTIVE,0.21404087500013702,2,0,1,1,1,,,,,,,,,,,,,44688,
ATLAS-B,tiny_01741,no_dag_reuse,atlas-b,SAT,MIN_EXPANDED_SIZE,0,1,PASSED,0.8149711269998079,2,0,1,1,1,1,0,0,0,1,False,True,True,True,True,7387,23789,105624,
MacroATLAS,tiny_01741,no_dag_reuse,macro,SAT,MIN_EXPANDED_SIZE,0,1,PASSED,0.6649258900001769,2,0,1,1,1,1,0,0,0,1,False,True,True,True,True,1321,2432,93984,
Oracle,tiny_01742,global_prop,oracle,SAT,MIN_EXPANDED_SIZE,0,3,REFERENCE_EXHAUSTIVE,0.2140748439996969,4,0,1,1,1,,,,,,,,,,,,,46500,
ATLAS-B,tiny_01742,global_prop,atlas-b,SAT,MIN_EXPANDED_SIZE,0,3,PASSED,0.8650165330000164,4,0,1,1,1,3,0,2,2,3,False,True,True,True,True,8326,25408,112124,
MacroATLAS,tiny_01742,global_prop,macro,SAT,MIN_EXPANDED_SIZE,0,3,PASSED,0.814935995000269,4,0,1,1,1,3,0,2,2,3,False,True,True,True,True,2920,6505,109040,
Oracle,tiny_01743,repair,oracle,SAT,REPAIR,1,2,REFERENCE_EXHAUSTIVE,0.21411540500002957,3,0,1,1,1,,,,,,,,,,,,,45844,
ATLAS-B,tiny_01743,repair,atlas-b,SAT,REPAIR,1,2,PASSED,0.8650266730001022,3,0,1,1,1,2,0,1,1,2,False,True,True,True,True,8992,28011,113564,
MacroATLAS,tiny_01743,repair,macro,SAT,REPAIR,1,2,PASSED,0.7647904180003025,3,0,1,1,1,2,0,1,1,2,False,True,True,True,True,2316,4422,98876,
Oracle,tiny_01744,plain,oracle,SAT,MIN_EXPANDED_SIZE,0,2,REFERENCE_EXHAUSTIVE,0.1640428690002409,3,0,1,1,1,,,,,,,,,,,,,44796,
ATLAS-B,tiny_01744,plain,atlas-b,SAT,MIN_EXPANDED_SIZE,0,2,PASSED,0.7147147709997625,3,0,1,1,1,2,0,1,1,2,False,True,True,True,True,7732,24243,99864,
MacroATLAS,tiny_01744,plain,macro,SAT,MIN_EXPANDED_SIZE,0,2,PASSED,0.614815242000077,3,0,1,1,1,2,0,1,1,2,False,True,True,True,True,1214,2267,89652,
Oracle,tiny_01745,nnf,oracle,SAT,MIN_EXPANDED_SIZE,0,2,REFERENCE_EXHAUSTIVE,0.1640185390001534,3,0,1,1,1,,,,,,,,,,,,,44844,
ATLAS-B,tiny_01745,nnf,atlas-b,SAT,MIN_EXPANDED_SIZE,0,2,PASSED,0.7648369789999379,3,0,1,1,1,2,0,1,1,2,False,True,True,True,True,4331,12638,102676,
MacroATLAS,tiny_01745,nnf,macro,SAT,MIN_EXPANDED_SIZE,0,2,PASSED,0.8150346990000799,3,0,1,1,1,2,0,1,1,2,False,True,True,True,True,2284,4809,110136,
Oracle,tiny_01746,cnf,oracle,SAT,MIN_EXPANDED_SIZE,0,3,REFERENCE_EXHAUSTIVE,0.21409522600015407,3,1,2,1,2,,,,,,,,,,,,,47232,
ATLAS-B,tiny_01746,cnf,atlas-b,SAT,MIN_EXPANDED_SIZE,0,3,PASSED,0.9151705809999839,3,1,2,1,2,3,1,0,0,3,False,True,True,True,True,16539,53818,129332,
MacroATLAS,tiny_01746,cnf,macro,SAT,MIN_EXPANDED_SIZE,0,3,PASSED,0.9650876339997012,3,1,2,1,2,3,1,0,0,3,False,True,True,True,True,5286,12159,130060,
Oracle,tiny_01747,dnf,oracle,SAT,MIN_EXPANDED_SIZE,0,3,REFERENCE_EXHAUSTIVE,0.21412443600002007,3,1,2,1,2,,,,,,,,,,,,,46692,
ATLAS-B,tiny_01747,dnf,atlas-b,SAT,MIN_EXPANDED_SIZE,0,3,PASSED,0.8150957490001929,3,1,2,1,2,3,1,0,0,3,False,True,True,True,True,7155,21504,102620,
MacroATLAS,tiny_01747,dnf,macro,SAT,MIN_EXPANDED_SIZE,0,3,PASSED,0.915236534000087,3,1,2,1,2,3,1,0,0,3,False,True,True,True,True,5286,12159,125948,
Oracle,tiny_01748,required,oracle,SAT,MIN_EXPANDED_SIZE,0,2,REFERENCE_EXHAUSTIVE,0.21414859700007582,3,0,1,1,1,,,,,,,,,,,,,44792,
ATLAS-B,tiny_01748,required,atlas-b,SAT,MIN_EXPANDED_SIZE,0,2,PASSED,0.7148106929998903,3,0,1,1,1,2,0,1,1,2,False,True,True,True,True,5846,17758,97472,
MacroATLAS,tiny_01748,required,macro,SAT,MIN_EXPANDED_SIZE,0,2,PASSED,0.6648574290002216,3,0,1,1,1,2,0,1,1,2,False,True,True,True,True,1214,2267,92036,
Oracle,tiny_01749,no_dag_reuse,oracle,SAT,MIN_EXPANDED_SIZE,0,2,REFERENCE_EXHAUSTIVE,0.21404904399969382,3,0,1,1,1,,,,,,,,,,,,,45520,
ATLAS-B,tiny_01749,no_dag_reuse,atlas-b,SAT,MIN_EXPANDED_SIZE,0,2,PASSED,0.815053368000008,3,0,1,1,1,2,0,1,1,2,False,True,True,True,True,5878,17811,108816,
MacroATLAS,tiny_01749,no_dag_reuse,macro,SAT,MIN_EXPANDED_SIZE,0,2,PASSED,0.664759616000083,3,0,1,1,1,2,0,1,1,2,False,True,True,True,True,1420,2690,93440,
Oracle,tiny_01750,global_prop,oracle,SAT,MIN_EXPANDED_SIZE,0,4,REFERENCE_EXHAUSTIVE,0.3143594520001898,4,1,2,1,2,,,,,,,,,,,,,74072,
ATLAS-B,tiny_01750,global_prop,atlas-b,SAT,MIN_EXPANDED_SIZE,0,4,PASSED,1.0152922550000767,4,1,2,1,2,4,1,1,1,4,False,True,True,True,True,22167,72009,135204,
MacroATLAS,tiny_01750,global_prop,macro,SAT,MIN_EXPANDED_SIZE,0,4,PASSED,0.9151402600000438,4,1,2,1,2,4,1,1,1,4,False,True,True,True,True,6887,16121,126756,
Oracle,tiny_01751,repair,oracle,SAT,REPAIR,0,3,REFERENCE_EXHAUSTIVE,0.2140002330002062,4,0,1,1,1,,,,,,,,,,,,,47288,
ATLAS-B,tiny_01751,repair,atlas-b,SAT,REPAIR,0,3,PASSED,1.015463838999949,4,0,1,1,1,3,0,2,2,3,False,True,True,True,True,5290,14564,126640,
MacroATLAS,tiny_01751,repair,macro,SAT,REPAIR,0,3,PASSED,1.0654926940001133,4,0,1,1,1,3,0,2,2,3,False,True,True,True,True,3916,7936,128104,
Oracle,tiny_01752,plain,oracle,SAT,MIN_EXPANDED_SIZE,0,3,REFERENCE_EXHAUSTIVE,0.21409640499996385,3,1,2,1,2,,,,,,,,,,,,,46680,
ATLAS-B,tiny_01752,plain,atlas-b,SAT,MIN_EXPANDED_SIZE,0,3,PASSED,0.8650601939998523,3,1,2,1,2,3,1,0,0,3,False,True,True,True,True,12709,40530,113220,
MacroATLAS,tiny_01752,plain,macro,SAT,MIN_EXPANDED_SIZE,0,3,PASSED,0.7649407310000242,3,1,2,1,2,3,1,0,0,3,False,True,True,True,True,2616,5312,99868,
Oracle,tiny_01753,nnf,oracle,SAT,MIN_EXPANDED_SIZE,0,3,REFERENCE_EXHAUSTIVE,0.2140328939999563,3,1,2,1,2,,,,,,,,,,,,,46660,
ATLAS-B,tiny_01753,nnf,atlas-b,SAT,MIN_EXPANDED_SIZE,0,3,PASSED,0.814861024000038,3,1,2,1,2,3,1,0,0,3,False,True,True,True,True,7129,21464,105764,
MacroATLAS,tiny_01753,nnf,macro,SAT,MIN_EXPANDED_SIZE,0,3,PASSED,0.8650120519996563,3,1,2,1,2,3,1,0,0,3,False,True,True,True,True,4466,10083,111356,
Oracle,tiny_01754,cnf,oracle,SAT,MIN_EXPANDED_SIZE,0,3,REFERENCE_EXHAUSTIVE,0.21406307500001276,3,1,2,2,1,,,,,,,,,,,,,46664,
ATLAS-B,tiny_01754,cnf,atlas-b,SAT,MIN_EXPANDED_SIZE,0,3,PASSED,0.9152548629999728,3,1,2,2,1,3,1,0,0,3,False,True,True,True,True,16540,53811,127880,
MacroATLAS,tiny_01754,cnf,macro,SAT,MIN_EXPANDED_SIZE,0,3,PASSED,0.9652563690001443,3,1,2,2,1,3,1,0,0,3,False,True,True,True,True,5286,12159,133976,
Oracle,tiny_01755,dnf,oracle,SAT,MIN_EXPANDED_SIZE,0,3,REFERENCE_EXHAUSTIVE,0.2141748579997511,3,1,2,2,1,,,,,,,,,,,,,46724,
ATLAS-B,tiny_01755,dnf,atlas-b,SAT,MIN_EXPANDED_SIZE,0,3,PASSED,0.9150789489999624,3,1,2,2,1,3,1,0,0,3,False,True,True,True,True,12741,40587,116392,
MacroATLAS,tiny_01755,dnf,macro,SAT,MIN_EXPANDED_SIZE,0,3,PASSED,0.9153147749998425,3,1,2,2,1,3,1,0,0,3,False,True,True,True,True,5286,12159,132256,
Oracle,tiny_01756,required,oracle,SAT,MIN_EXPANDED_SIZE,0,3,REFERENCE_EXHAUSTIVE,0.21407282400014083,3,1,2,1,2,,,,,,,,,,,,,47204,
ATLAS-B,tiny_01756,required,atlas-b,SAT,MIN_EXPANDED_SIZE,0,3,PASSED,0.9150896399996782,3,1,2,1,2,3,1,0,0,3,False,True,True,True,True,16506,53761,128260,
MacroATLAS,tiny_01756,required,macro,SAT,MIN_EXPANDED_SIZE,0,3,PASSED,0.7650030419999894,3,1,2,1,2,3,1,0,0,3,False,True,True,True,True,3248,6867,104144,
Oracle,tiny_01757,no_dag_reuse,oracle,SAT,MIN_EXPANDED_SIZE,0,3,REFERENCE_EXHAUSTIVE,0.21409145600000556,3,1,2,1,2,,,,,,,,,,,,,46864,
ATLAS-B,tiny_01757,no_dag_reuse,atlas-b,SAT,MIN_EXPANDED_SIZE,0,3,PASSED,0.8652418179999586,3,1,2,1,2,3,1,0,0,3,False,True,True,True,True,12757,40603,111268,
MacroATLAS,tiny_01757,no_dag_reuse,macro,SAT,MIN_EXPANDED_SIZE,0,3,PASSED,0.7650314929996966,3,1,2,1,2,3,1,0,0,3,False,True,True,True,True,2914,5792,101776,
Oracle,tiny_01758,global_prop,oracle,SAT,MIN_EXPANDED_SIZE,0,4,REFERENCE_EXHAUSTIVE,0.3142390190000697,4,1,2,2,1,,,,,,,,,,,,,72716,
ATLAS-B,tiny_01758,global_prop,atlas-b,SAT,MIN_EXPANDED_SIZE,0,4,PASSED,0.9151731120000477,4,1,2,2,1,4,1,1,1,4,False,True,True,True,True,17331,55219,126204,
MacroATLAS,tiny_01758,global_prop,macro,SAT,MIN_EXPANDED_SIZE,0,4,PASSED,0.8651487259999158,4,1,2,2,1,4,1,1,1,4,False,True,True,True,True,6887,16121,124420,
Oracle,tiny_01759,repair,oracle,UNSAT,REPAIR,0,0,REFERENCE_EXHAUSTIVE,0.21410839600002873,2,0,1,2,1,,,,,,,,,,,,,45524,
ATLAS-B,tiny_01759,repair,atlas-b,UNSAT,REPAIR,0,0,NOT_APPLICABLE_UNSAT,1.0151727720003692,2,0,1,2,1,,,,,,,,,,,12164,39583,125492,
MacroATLAS,tiny_01759,repair,macro,UNSAT,REPAIR,0,0,NOT_APPLICABLE_UNSAT,0.8649761410001702,2,0,1,2,1,,0,,,,,,,,,1378,2362,122140,
Oracle,tiny_01760,plain,oracle,SAT,MIN_EXPANDED_SIZE,0,3,REFERENCE_EXHAUSTIVE,0.2140951149999637,3,1,2,2,1,,,,,,,,,,,,,46724,
ATLAS-B,tiny_01760,plain,atlas-b,SAT,MIN_EXPANDED_SIZE,0,3,PASSED,0.8649678309998308,3,1,2,2,1,3,1,0,0,3,False,True,True,True,True,12708,40531,115060,
MacroATLAS,tiny_01760,plain,macro,SAT,MIN_EXPANDED_SIZE,0,3,PASSED,0.764807588000167,3,1,2,2,1,3,1,0,0,3,False,True,True,True,True,2616,5312,100568,
Oracle,tiny_01761,nnf,oracle,SAT,MIN_EXPANDED_SIZE,0,3,REFERENCE_EXHAUSTIVE,0.2641876920001778,3,1,2,2,1,,,,,,,,,,,,,46672,
ATLAS-B,tiny_01761,nnf,atlas-b,SAT,MIN_EXPANDED_SIZE,0,3,PASSED,0.8149955479998425,3,1,2,2,1,3,1,0,0,3,False,True,True,True,True,7129,21467,104648,
MacroATLAS,tiny_01761,nnf,macro,SAT,MIN_EXPANDED_SIZE,0,3,PASSED,0.8651409359999889,3,1,2,2,1,3,1,0,0,3,False,True,True,True,True,4466,10083,119420,
Oracle,tiny_01762,cnf,oracle,UNSAT,MIN_EXPANDED_SIZE,0,0,REFERENCE_EXHAUSTIVE,0.2140822350002054,2,0,1,2,1,,,,,,,,,,,,,45056,
ATLAS-B,tiny_01762,cnf,atlas-b,UNSAT,MIN_EXPANDED_SIZE,0,0,NOT_APPLICABLE_UNSAT,0.764876729000207,2,0,1,2,1,,,,,,,,,,,8134,25640,100380,
MacroATLAS,tiny_01762,cnf,macro,UNSAT,MIN_EXPANDED_SIZE,0,0,NOT_APPLICABLE_UNSAT,0.86513151500003,2,0,1,2,1,,0,,,,,,,,,3022,6688,113152,
Oracle,tiny_01763,dnf,oracle,UNSAT,MIN_EXPANDED_SIZE,0,0,REFERENCE_EXHAUSTIVE,0.2141508069998963,2,0,1,2,1,,,,,,,,,,,,,44836,
ATLAS-B,tiny_01763,dnf,atlas-b,UNSAT,MIN_EXPANDED_SIZE,0,0,NOT_APPLICABLE_UNSAT,0.7148185830001239,2,0,1,2,1,,,,,,,,,,,4251,12371,96736,
MacroATLAS,tiny_01763,dnf,macro,UNSAT,MIN_EXPANDED_SIZE,0,0,NOT_APPLICABLE_UNSAT,0.8651523270000325,2,0,1,2,1,,0,,,,,,,,,3209,6984,121588,
Oracle,tiny_01764,required,oracle,SAT,MIN_EXPANDED_SIZE,0,3,REFERENCE_EXHAUSTIVE,0.2140631850002137,3,1,2,2,1,,,,,,,,,,,,,46936,
ATLAS-B,tiny_01764,required,atlas-b,SAT,MIN_EXPANDED_SIZE,0,3,PASSED,0.8651046250001855,3,1,2,2,1,3,1,0,0,3,False,True,True,True,True,12708,40530,113364,
MacroATLAS,tiny_01764,required,macro,SAT,MIN_EXPANDED_SIZE,0,3,PASSED,0.7649132310002642,3,1,2,2,1,3,1,0,0,3,False,True,True,True,True,3248,6867,104920,
Oracle,tiny_01765,no_dag_reuse,oracle,SAT,MIN_EXPANDED_SIZE,0,3,REFERENCE_EXHAUSTIVE,0.21410046499977398,3,1,2,2,1,,,,,,,,,,,,,46964,
ATLAS-B,tiny_01765,no_dag_reuse,atlas-b,SAT,MIN_EXPANDED_SIZE,0,3,PASSED,0.8650804049998442,3,1,2,2,1,3,1,0,0,3,False,True,True,True,True,9673,30000,109380,
MacroATLAS,tiny_01765,no_dag_reuse,macro,SAT,MIN_EXPANDED_SIZE,0,3,PASSED,0.764983212000061,3,1,2,2,1,3,1,0,0,3,False,True,True,True,True,2914,5792,102500,
Oracle,tiny_01766,global_prop,oracle,UNSAT,MIN_EXPANDED_SIZE,0,0,REFERENCE_EXHAUSTIVE,0.2140563339999062,2,0,1,2,1,,,,,,,,,,,,,44948,
ATLAS-B,tiny_01766,global_prop,atlas-b,UNSAT,MIN_EXPANDED_SIZE,0,0,NOT_APPLICABLE_UNSAT,0.7146283590000166,2,0,1,2,1,,,,,,,,,,,4252,12344,93332,
MacroATLAS,tiny_01766,global_prop,macro,UNSAT,MIN_EXPANDED_SIZE,0,0,NOT_APPLICABLE_UNSAT,0.7648190980003164,2,0,1,2,1,,0,,,,,,,,,2604,5442,107200,
Oracle,tiny_01767,repair,oracle,SAT,REPAIR,1,2,REFERENCE_EXHAUSTIVE,0.21408319500005746,3,0,1,1,1,,,,,,,,,,,,,45444,
ATLAS-B,tiny_01767,repair,atlas-b,SAT,REPAIR,1,2,PASSED,0.7648286379999263,3,0,1,1,1,2,0,1,1,2,False,True,True,True,True,3649,9907,104920,
MacroATLAS,tiny_01767,repair,macro,SAT,REPAIR,1,2,PASSED,0.7156003620002593,3,0,1,1,1,2,0,1,1,2,False,True,True,True,True,2316,4422,93432,
Oracle,tiny_01768,plain,oracle,SAT,MIN_EXPANDED_SIZE,0,2,REFERENCE_EXHAUSTIVE,0.214098235000165,3,0,1,1,1,,,,,,,,,,,,,44732,
ATLAS-B,tiny_01768,plain,atlas-b,SAT,MIN_EXPANDED_SIZE,0,2,PASSED,0.8650753140000234,3,0,1,1,1,2,0,1,1,2,False,True,True,True,True,10072,32385,114028,
MacroATLAS,tiny_01768,plain,macro,SAT,MIN_EXPANDED_SIZE,0,2,PASSED,0.7148540339999272,3,0,1,1,1,2,0,1,1,2,False,True,True,True,True,2332,4694,99572,
Oracle,tiny_01769,nnf,oracle,SAT,MIN_EXPANDED_SIZE,0,2,REFERENCE_EXHAUSTIVE,0.16404156999988118,3,0,1,1,1,,,,,,,,,,,,,44868,
ATLAS-B,tiny_01769,nnf,atlas-b,SAT,MIN_EXPANDED_SIZE,0,2,PASSED,0.814989346999937,3,0,1,1,1,2,0,1,1,2,False,True,True,True,True,10079,32399,105112,
MacroATLAS,tiny_01769,nnf,macro,SAT,MIN_EXPANDED_SIZE,0,2,PASSED,0.9151173300001574,3,0,1,1,1,2,0,1,1,2,False,True,True,True,True,4173,9389,121172,
Oracle,tiny_01770,cnf,oracle,SAT,MIN_EXPANDED_SIZE,0,1,REFERENCE_EXHAUSTIVE,0.2140285630002836,2,0,1,1,1,,,,,,,,,,,,,44664,
ATLAS-B,tiny_01770,cnf,atlas-b,SAT,MIN_EXPANDED_SIZE,0,1,PASSED,0.7147291310002402,2,0,1,1,1,1,0,0,0,1,False,True,True,True,True,1327,3243,94728,
MacroATLAS,tiny_01770,cnf,macro,SAT,MIN_EXPANDED_SIZE,0,1,PASSED,0.8150783290002437,2,0,1,1,1,1,0,0,0,1,False,True,True,True,True,888,1673,103112,
Oracle,tiny_01771,dnf,oracle,SAT,MIN_EXPANDED_SIZE,0,1,REFERENCE_EXHAUSTIVE,0.21412751600018964,2,0,1,1,1,,,,,,,,,,,,,44636,
ATLAS-B,tiny_01771,dnf,atlas-b,SAT,MIN_EXPANDED_SIZE,0,1,PASSED,0.8150194089998877,2,0,1,1,1,1,0,0,0,1,False,True,True,True,True,7391,23802,105872,
MacroATLAS,tiny_01771,dnf,macro,SAT,MIN_EXPANDED_SIZE,0,1,PASSED,0.7649554409999837,2,0,1,1,1,1,0,0,0,1,False,True,True,True,True,888,1673,108512,
Oracle,tiny_01772,required,oracle,SAT,MIN_EXPANDED_SIZE,0,2,REFERENCE_EXHAUSTIVE,0.21441649300004428,3,0,1,1,1,,,,,,,,,,,,,45092,
ATLAS-B,tiny_01772,required,atlas-b,SAT,MIN_EXPANDED_SIZE,0,2,PASSED,0.8651044550001643,3,0,1,1,1,2,0,1,1,2,False,True,True,True,True,7734,24241,107936,
MacroATLAS,tiny_01772,required,macro,SAT,MIN_EXPANDED_SIZE,0,2,PASSED,0.7149028349999753,3,0,1,1,1,2,0,1,1,2,False,True,True,True,True,2332,4694,99176,
Oracle,tiny_01773,no_dag_reuse,oracle,SAT,MIN_EXPANDED_SIZE,0,2,REFERENCE_EXHAUSTIVE,0.21410390600021856,3,0,1,1,1,,,,,,,,,,,,,45116,
ATLAS-B,tiny_01773,no_dag_reuse,atlas-b,SAT,MIN_EXPANDED_SIZE,0,2,PASSED,0.8148207829999592,3,0,1,1,1,2,0,1,1,2,False,True,True,True,True,5879,17812,108632,
MacroATLAS,tiny_01773,no_dag_reuse,macro,SAT,MIN_EXPANDED_SIZE,0,2,PASSED,0.8149559260000387,3,0,1,1,1,2,0,1,1,2,False,True,True,True,True,3544,7109,110908,
Oracle,tiny_01774,global_prop,oracle,SAT,MIN_EXPANDED_SIZE,0,2,REFERENCE_EXHAUSTIVE,0.2140090330003659,3,0,1,1,1,,,,,,,,,,,,,44576,
ATLAS-B,tiny_01774,global_prop,atlas-b,SAT,MIN_EXPANDED_SIZE,0,2,PASSED,0.864855757999976,3,0,1,1,1,2,0,1,1,2,False,True,True,True,True,10111,32396,108756,
MacroATLAS,tiny_01774,global_prop,macro,SAT,MIN_EXPANDED_SIZE,0,2,PASSED,0.7647845270003018,3,0,1,1,1,2,0,1,1,2,False,True,True,True,True,2405,5126,105048,
Oracle,tiny_01775,repair,oracle,SAT,REPAIR,0,3,REFERENCE_EXHAUSTIVE,0.2140709849995801,4,0,1,1,1,,,,,,,,,,,,,47176,
ATLAS-B,tiny_01775,repair,atlas-b,SAT,REPAIR,0,3,PASSED,1.3158112070000243,4,0,1,1,1,3,0,2,2,3,False,True,True,True,True,15515,49499,135612,
MacroATLAS,tiny_01775,repair,macro,SAT,REPAIR,0,3,PASSED,1.1152402039997469,4,0,1,1,1,3,0,2,2,3,False,True,True,True,True,3916,7936,134140,
Oracle,tiny_01776,plain,oracle,SAT,MIN_EXPANDED_SIZE,0,2,REFERENCE_EXHAUSTIVE,0.2141261060000943,3,0,1,1,1,,,,,,,,,,,,,44460,
ATLAS-B,tiny_01776,plain,atlas-b,SAT,MIN_EXPANDED_SIZE,0,2,PASSED,0.8649913620001826,3,0,1,1,1,2,0,1,1,2,False,True,True,True,True,10073,32387,114004,
MacroATLAS,tiny_01776,plain,macro,SAT,MIN_EXPANDED_SIZE,0,2,PASSED,0.7650521729997308,3,0,1,1,1,2,0,1,1,2,False,True,True,True,True,3289,6626,102792,
Oracle,tiny_01777,nnf,oracle,SAT,MIN_EXPANDED_SIZE,0,2,REFERENCE_EXHAUSTIVE,0.1639126549998764,3,0,1,1,1,,,,,,,,,,,,,44944,
ATLAS-B,tiny_01777,nnf,atlas-b,SAT,MIN_EXPANDED_SIZE,0,2,PASSED,0.8149983679995785,3,0,1,1,1,2,0,1,1,2,False,True,True,True,True,10079,32399,111072,
MacroATLAS,tiny_01777,nnf,macro,SAT,MIN_EXPANDED_SIZE,0,2,PASSED,0.8650639540001066,3,0,1,1,1,2,0,1,1,2,False,True,True,True,True,4436,9417,123288,
Oracle,tiny_01778,cnf,oracle,SAT,MIN_EXPANDED_SIZE,0,2,REFERENCE_EXHAUSTIVE,0.21415194700011853,3,0,1,1,1,,,,,,,,,,,,,44920,
ATLAS-B,tiny_01778,cnf,atlas-b,SAT,MIN_EXPANDED_SIZE,0,2,PASSED,0.7154083580003316,3,0,1,1,1,2,0,1,1,2,False,True,True,True,True,2975,8127,98796,
MacroATLAS,tiny_01778,cnf,macro,SAT,MIN_EXPANDED_SIZE,0,2,PASSED,0.8150668890002635,3,0,1,1,1,2,0,1,1,2,False,True,True,True,True,3025,6690,111636,
Oracle,tiny_01779,dnf,oracle,SAT,MIN_EXPANDED_SIZE,0,2,REFERENCE_EXHAUSTIVE,0.2141004560003239,3,0,1,1,1,,,,,,,,,,,,,44912,
ATLAS-B,tiny_01779,dnf,atlas-b,SAT,MIN_EXPANDED_SIZE,0,2,PASSED,0.6647095550001723,3,0,1,1,1,2,0,1,1,2,False,True,True,True,True,1011,2228,94344,
MacroATLAS,tiny_01779,dnf,macro,SAT,MIN_EXPANDED_SIZE,0,2,PASSED,0.8151210299997729,3,0,1,1,1,2,0,1,1,2,False,True,True,True,True,3025,6690,111948,
Oracle,tiny_01780,required,oracle,SAT,MIN_EXPANDED_SIZE,0,2,REFERENCE_EXHAUSTIVE,0.21405166499971529,3,0,1,1,1,,,,,,,,,,,,,44820,
ATLAS-B,tiny_01780,required,atlas-b,SAT,MIN_EXPANDED_SIZE,0,2,PASSED,0.8147786720001022,3,0,1,1,1,2,0,1,1,2,False,True,True,True,True,10073,32389,108876,
MacroATLAS,tiny_01780,required,macro,SAT,MIN_EXPANDED_SIZE,0,2,PASSED,0.8150755100000424,3,0,1,1,1,2,0,1,1,2,False,True,True,True,True,3005,5836,104548,
Oracle,tiny_01781,no_dag_reuse,oracle,SAT,MIN_EXPANDED_SIZE,0,2,REFERENCE_EXHAUSTIVE,0.21411166600000797,3,0,1,1,1,,,,,,,,,,,,,44400,
ATLAS-B,tiny_01781,no_dag_reuse,atlas-b,SAT,MIN_EXPANDED_SIZE,0,2,PASSED,0.8650088229996982,3,0,1,1,1,2,0,1,1,2,False,True,True,True,True,7766,24288,108384,
MacroATLAS,tiny_01781,no_dag_reuse,macro,SAT,MIN_EXPANDED_SIZE,0,2,PASSED,0.8650950450000892,3,0,1,1,1,2,0,1,1,2,False,True,True,True,True,4674,9426,110796,
Oracle,tiny_01782,global_prop,oracle,SAT,MIN_EXPANDED_SIZE,0,3,REFERENCE_EXHAUSTIVE,0.2140958549998686,4,0,1,1,1,,,,,,,,,,,,,46584,
ATLAS-B,tiny_01782,global_prop,atlas-b,SAT,MIN_EXPANDED_SIZE,0,3,PASSED,0.815072660000169,4,0,1,1,1,3,0,2,2,3,False,True,True,True,True,13738,44080,108764,
MacroATLAS,tiny_01782,global_prop,macro,SAT,MIN_EXPANDED_SIZE,0,3,PASSED,0.8149468470001011,4,0,1,1,1,3,0,2,2,3,False,True,True,True,True,2920,6505,114044,
Oracle,tiny_01783,repair,oracle,UNSAT,REPAIR,0,0,REFERENCE_EXHAUSTIVE,0.21416559700037396,2,0,1,2,1,,,,,,,,,,,,,45472,
ATLAS-B,tiny_01783,repair,atlas-b,UNSAT,REPAIR,0,0,NOT_APPLICABLE_UNSAT,1.0653648049997173,2,0,1,2,1,,,,,,,,,,,12164,39579,128736,
MacroATLAS,tiny_01783,repair,macro,UNSAT,REPAIR,0,0,NOT_APPLICABLE_UNSAT,0.9150481130000117,2,0,1,2,1,,0,,,,,,,,,1378,2362,121896,
Oracle,tiny_01784,plain,oracle,SAT,MIN_EXPANDED_SIZE,0,3,REFERENCE_EXHAUSTIVE,0.21417141700021602,4,0,1,1,1,,,,,,,,,,,,,46004,
ATLAS-B,tiny_01784,plain,atlas-b,SAT,MIN_EXPANDED_SIZE,0,3,PASSED,0.7648826509998798,4,0,1,1,1,3,0,2,2,3,False,True,True,True,True,6257,18608,98568,
MacroATLAS,tiny_01784,plain,macro,SAT,MIN_EXPANDED_SIZE,0,3,PASSED,0.9152739390001443,4,0,1,1,1,3,0,2,2,3,False,True,True,True,True,5875,12071,129624,
Oracle,tiny_01785,nnf,oracle,SAT,MIN_EXPANDED_SIZE,0,3,REFERENCE_EXHAUSTIVE,0.2141211060002206,4,0,1,1,1,,,,,,,,,,,,,46360,
ATLAS-B,tiny_01785,nnf,atlas-b,SAT,MIN_EXPANDED_SIZE,0,3,PASSED,0.9653561459999764,4,0,1,1,1,3,0,2,2,3,False,True,True,True,True,18790,62241,130736,
MacroATLAS,tiny_01785,nnf,macro,SAT,MIN_EXPANDED_SIZE,0,3,PASSED,1.3159687930001382,4,0,1,1,1,3,0,2,2,3,False,True,True,True,True,12303,30506,141976,
Oracle,tiny_01786,cnf,oracle,SAT,MIN_EXPANDED_SIZE,0,3,REFERENCE_EXHAUSTIVE,0.21407073899990792,3,1,2,1,2,,,,,,,,,,,,,46924,
ATLAS-B,tiny_01786,cnf,atlas-b,SAT,MIN_EXPANDED_SIZE,0,3,PASSED,0.7148073779999322,3,1,2,1,2,3,1,0,0,3,False,True,True,True,True,3482,9508,96148,
MacroATLAS,tiny_01786,cnf,macro,SAT,MIN_EXPANDED_SIZE,0,3,PASSED,0.9651791839996804,3,1,2,1,2,3,1,0,0,3,False,True,True,True,True,5286,12159,134164,
Oracle,tiny_01787,dnf,oracle,SAT,MIN_EXPANDED_SIZE,0,3,REFERENCE_EXHAUSTIVE,0.21402546300032554,3,1,2,1,2,,,,,,,,,,,,,46632,
ATLAS-B,tiny_01787,dnf,atlas-b,SAT,MIN_EXPANDED_SIZE,0,3,PASSED,0.8649892049998016,3,1,2,1,2,3,1,0,0,3,False,True,True,True,True,12741,40588,115624,
MacroATLAS,tiny_01787,dnf,macro,SAT,MIN_EXPANDED_SIZE,0,3,PASSED,0.9150096729999859,3,1,2,1,2,3,1,0,0,3,False,True,True,True,True,5286,12159,133472,
Oracle,tiny_01788,required,oracle,SAT,MIN_EXPANDED_SIZE,0,3,REFERENCE_EXHAUSTIVE,0.21400687400000606,4,0,1,1,1,,,,,,,,,,,,,46408,
ATLAS-B,tiny_01788,required,atlas-b,SAT,MIN_EXPANDED_SIZE,0,3,PASSED,0.8149235470000349,4,0,1,1,1,3,0,2,2,3,False,True,True,True,True,8264,25383,111260,
MacroATLAS,tiny_01788,required,macro,SAT,MIN_EXPANDED_SIZE,0,3,PASSED,1.0151388599997517,4,0,1,1,1,3,0,2,2,3,False,True,True,True,True,5288,10486,133304,
Oracle,tiny_01789,no_dag_reuse,oracle,SAT,MIN_EXPANDED_SIZE,0,3,REFERENCE_EXHAUSTIVE,0.21407932000010987,4,0,1,1,1,,,,,,,,,,,,,46404,
ATLAS-B,tiny_01789,no_dag_reuse,atlas-b,SAT,MIN_EXPANDED_SIZE,0,3,PASSED,0.865085906999866,4,0,1,1,1,3,0,2,2,3,False,True,True,True,True,13728,44138,115904,
MacroATLAS,tiny_01789,no_dag_reuse,macro,SAT,MIN_EXPANDED_SIZE,0,3,PASSED,0.9151279460002115,4,0,1,1,1,3,0,2,2,3,False,True,True,True,True,7240,15452,132204,
Oracle,tiny_01790,global_prop,oracle,SAT,MIN_EXPANDED_SIZE,0,4,REFERENCE_EXHAUSTIVE,0.3644472199998745,4,1,2,1,2,,,,,,,,,,,,,73408,
ATLAS-B,tiny_01790,global_prop,atlas-b,SAT,MIN_EXPANDED_SIZE,0,4,PASSED,0.9153450499998144,4,1,2,1,2,4,1,1,1,4,False,True,True,True,True,17330,55222,125528,
MacroATLAS,tiny_01790,global_prop,macro,SAT,MIN_EXPANDED_SIZE,0,4,PASSED,0.8652594310001405,4,1,2,1,2,4,1,1,1,4,False,True,True,True,True,6887,16121,125660,
Oracle,tiny_01791,repair,oracle,SAT,REPAIR,1,2,REFERENCE_EXHAUSTIVE,0.21419460200013418,3,0,1,1,1,,,,,,,,,,,,,45404,
ATLAS-B,tiny_01791,repair,atlas-b,SAT,REPAIR,1,2,PASSED,0.8651017770002909,3,0,1,1,1,2,0,1,1,2,False,True,True,True,True,11570,36997,114824,
MacroATLAS,tiny_01791,repair,macro,SAT,REPAIR,1,2,PASSED,0.7650444020000577,3,0,1,1,1,2,0,1,1,2,False,True,True,True,True,2316,4422,98268,
Oracle,tiny_01792,plain,oracle,UNSAT,MIN_EXPANDED_SIZE,0,0,REFERENCE_EXHAUSTIVE,0.16403469099986978,2,0,1,2,1,,,,,,,,,,,,,44860,
ATLAS-B,tiny_01792,plain,atlas-b,UNSAT,MIN_EXPANDED_SIZE,0,0,NOT_APPLICABLE_UNSAT,0.6647748110003704,2,0,1,2,1,,,,,,,,,,,4231,12346,91720,
MacroATLAS,tiny_01792,plain,macro,UNSAT,MIN_EXPANDED_SIZE,0,0,NOT_APPLICABLE_UNSAT,0.6647129799998766,2,0,1,2,1,,0,,,,,,,,,1211,2265,85704,
Oracle,tiny_01793,nnf,oracle,UNSAT,MIN_EXPANDED_SIZE,0,0,REFERENCE_EXHAUSTIVE,0.21409971999992194,2,0,1,2,1,,,,,,,,,,,,,44860,
ATLAS-B,tiny_01793,nnf,atlas-b,UNSAT,MIN_EXPANDED_SIZE,0,0,NOT_APPLICABLE_UNSAT,0.7648554879997391,2,0,1,2,1,,,,,,,,,,,8118,25618,102772,
MacroATLAS,tiny_01793,nnf,macro,UNSAT,MIN_EXPANDED_SIZE,0,0,NOT_APPLICABLE_UNSAT,0.8150530590000926,2,0,1,2,1,,0,,,,,,,,,2281,4807,106880,
Oracle,tiny_01794,cnf,oracle,SAT,MIN_EXPANDED_SIZE,0,3,REFERENCE_EXHAUSTIVE,0.21401212800037683,3,1,2,2,1,,,,,,,,,,,,,46900,
ATLAS-B,tiny_01794,cnf,atlas-b,SAT,MIN_EXPANDED_SIZE,0,3,PASSED,0.8148679649998485,3,1,2,2,1,3,1,0,0,3,False,True,True,True,True,7155,21503,107040,
MacroATLAS,tiny_01794,cnf,macro,SAT,MIN_EXPANDED_SIZE,0,3,PASSED,0.965206964999652,3,1,2,2,1,3,1,0,0,3,False,True,True,True,True,5286,12159,132424,
Oracle,tiny_01795,dnf,oracle,SAT,MIN_EXPANDED_SIZE,0,3,REFERENCE_EXHAUSTIVE,0.21427712400009113,3,1,2,2,1,,,,,,,,,,,,,46964,
ATLAS-B,tiny_01795,dnf,atlas-b,SAT,MIN_EXPANDED_SIZE,0,3,PASSED,0.8149623670001347,3,1,2,2,1,3,1,0,0,3,False,True,True,True,True,9657,29973,109272,
MacroATLAS,tiny_01795,dnf,macro,SAT,MIN_EXPANDED_SIZE,0,3,PASSED,0.9151232050003273,3,1,2,2,1,3,1,0,0,3,False,True,True,True,True,5286,12159,124620,
Oracle,tiny_01796,required,oracle,UNSAT,MIN_EXPANDED_SIZE,0,0,REFERENCE_EXHAUSTIVE,0.2144947790002334,2,0,1,2,1,,,,,,,,,,,,,44828,
ATLAS-B,tiny_01796,required,atlas-b,UNSAT,MIN_EXPANDED_SIZE,0,0,NOT_APPLICABLE_UNSAT,0.8149728270000196,2,0,1,2,1,,,,,,,,,,,10879,35299,106236,
MacroATLAS,tiny_01796,required,macro,UNSAT,MIN_EXPANDED_SIZE,0,0,NOT_APPLICABLE_UNSAT,0.6647414499998376,2,0,1,2,1,,0,,,,,,,,,1398,2561,87128,
Oracle,tiny_01797,no_dag_reuse,oracle,UNSAT,MIN_EXPANDED_SIZE,0,0,REFERENCE_EXHAUSTIVE,0.16402244099981544,2,0,1,2,1,,,,,,,,,,,,,44324,
ATLAS-B,tiny_01797,no_dag_reuse,atlas-b,UNSAT,MIN_EXPANDED_SIZE,0,0,NOT_APPLICABLE_UNSAT,0.7651030530000753,2,0,1,2,1,,,,,,,,,,,8130,25629,107804,
MacroATLAS,tiny_01797,no_dag_reuse,macro,UNSAT,MIN_EXPANDED_SIZE,0,0,NOT_APPLICABLE_UNSAT,0.6650454669997998,2,0,1,2,1,,0,,,,,,,,,1321,2432,91392,
Oracle,tiny_01798,global_prop,oracle,SAT,MIN_EXPANDED_SIZE,0,4,REFERENCE_EXHAUSTIVE,0.3141947260000961,4,1,2,2,1,,,,,,,,,,,,,73300,
ATLAS-B,tiny_01798,global_prop,atlas-b,SAT,MIN_EXPANDED_SIZE,0,4,PASSED,0.8149496960004399,4,1,2,2,1,4,1,1,1,4,False,True,True,True,True,10022,30277,114348,
MacroATLAS,tiny_01798,global_prop,macro,SAT,MIN_EXPANDED_SIZE,0,4,PASSED,0.9148383490000924,4,1,2,2,1,4,1,1,1,4,False,True,True,True,True,6887,16121,128752,
Oracle,tiny_01799,repair,oracle,SAT,REPAIR,0,3,REFERENCE_EXHAUSTIVE,0.21405794900010733,4,0,1,1,1,,,,,,,,,,,,,46896,
ATLAS-B,tiny_01799,repair,atlas-b,SAT,REPAIR,0,3,PASSED,1.0654081239999869,4,0,1,1,1,3,0,2,2,3,False,True,True,True,True,5291,14567,128348,
MacroATLAS,tiny_01799,repair,macro,SAT,REPAIR,0,3,PASSED,1.1155060040000535,4,0,1,1,1,3,0,2,2,3,False,True,True,True,True,3916,7936,127492,
Oracle,tiny_01800,plain,oracle,SAT,MIN_EXPANDED_SIZE,0,1,REFERENCE_EXHAUSTIVE,0.21412382099970273,2,0,1,1,1,,,,,,,,,,,,,44908,
ATLAS-B,tiny_01800,plain,atlas-b,SAT,MIN_EXPANDED_SIZE,0,1,PASSED,0.7648401569999805,2,0,1,1,1,1,0,0,0,1,False,True,True,True,True,5526,17312,103740,
MacroATLAS,tiny_01800,plain,macro,SAT,MIN_EXPANDED_SIZE,0,1,PASSED,0.6145810790003452,2,0,1,1,1,1,0,0,0,1,False,True,True,True,True,320,523,85316,
Oracle,tiny_01801,nnf,oracle,SAT,MIN_EXPANDED_SIZE,0,1,REFERENCE_EXHAUSTIVE,0.21396140600018043,2,0,1,1,1,,,,,,,,,,,,,44736,
ATLAS-B,tiny_01801,nnf,atlas-b,SAT,MIN_EXPANDED_SIZE,0,1,PASSED,0.7648267969998415,2,0,1,1,1,1,0,0,0,1,False,True,True,True,True,4084,12329,100744,
MacroATLAS,tiny_01801,nnf,macro,SAT,MIN_EXPANDED_SIZE,0,1,PASSED,0.6650736980000147,2,0,1,1,1,1,0,0,0,1,False,True,True,True,True,667,1204,96776,
Oracle,tiny_01802,cnf,oracle,UNSAT,MIN_EXPANDED_SIZE,0,0,REFERENCE_EXHAUSTIVE,0.21409573000028104,2,0,1,2,1,,,,,,,,,,,,,45508,
ATLAS-B,tiny_01802,cnf,atlas-b,UNSAT,MIN_EXPANDED_SIZE,0,0,NOT_APPLICABLE_UNSAT,0.8148993659997359,2,0,1,2,1,,,,,,,,,,,10899,35320,102556,
MacroATLAS,tiny_01802,cnf,macro,UNSAT,MIN_EXPANDED_SIZE,0,0,NOT_APPLICABLE_UNSAT,0.9151432959997692,2,0,1,2,1,,0,,,,,,,,,3209,6984,120640,
Oracle,tiny_01803,dnf,oracle,UNSAT,MIN_EXPANDED_SIZE,0,0,REFERENCE_EXHAUSTIVE,0.1640167910004493,2,0,1,2,1,,,,,,,,,,,,,44520,
ATLAS-B,tiny_01803,dnf,atlas-b,UNSAT,MIN_EXPANDED_SIZE,0,0,NOT_APPLICABLE_UNSAT,0.7652079159997811,2,0,1,2,1,,,,,,,,,,,10900,35329,105908,
MacroATLAS,tiny_01803,dnf,macro,UNSAT,MIN_EXPANDED_SIZE,0,0,NOT_APPLICABLE_UNSAT,0.8651506379997045,2,0,1,2,1,,0,,,,,,,,,3209,6984,116552,
Oracle,tiny_01804,required,oracle,SAT,MIN_EXPANDED_SIZE,0,1,REFERENCE_EXHAUSTIVE,0.21413744099982068,2,0,1,1,1,,,,,,,,,,,,,44992,
ATLAS-B,tiny_01804,required,atlas-b,SAT,MIN_EXPANDED_SIZE,0,1,PASSED,0.7649525390002054,2,0,1,1,1,1,0,0,0,1,False,True,True,True,True,5525,17309,97556,
MacroATLAS,tiny_01804,required,macro,SAT,MIN_EXPANDED_SIZE,0,1,PASSED,0.614798544000223,2,0,1,1,1,1,0,0,0,1,False,True,True,True,True,320,523,85308,
Oracle,tiny_01805,no_dag_reuse,oracle,SAT,MIN_EXPANDED_SIZE,0,1,REFERENCE_EXHAUSTIVE,0.21412656099982996,2,0,1,1,1,,,,,,,,,,,,,44700,
ATLAS-B,tiny_01805,no_dag_reuse,atlas-b,SAT,MIN_EXPANDED_SIZE,0,1,PASSED,0.7647874959998262,2,0,1,1,1,1,0,0,0,1,False,True,True,True,True,5543,17332,102296,
MacroATLAS,tiny_01805,no_dag_reuse,macro,SAT,MIN_EXPANDED_SIZE,0,1,PASSED,0.664593497000169,2,0,1,1,1,1,0,0,0,1,False,True,True,True,True,1321,2432,89724,
Oracle,tiny_01806,global_prop,oracle,UNSAT,MIN_EXPANDED_SIZE,0,0,REFERENCE_EXHAUSTIVE,0.21404033899989372,2,0,1,2,1,,,,,,,,,,,,,44704,
ATLAS-B,tiny_01806,global_prop,atlas-b,UNSAT,MIN_EXPANDED_SIZE,0,0,NOT_APPLICABLE_UNSAT,0.7148463690000426,2,0,1,2,1,,,,,,,,,,,2668,7141,100336,
MacroATLAS,tiny_01806,global_prop,macro,UNSAT,MIN_EXPANDED_SIZE,0,0,NOT_APPLICABLE_UNSAT,0.7148705810000138,2,0,1,2,1,,0,,,,,,,,,2604,5442,100516,
Oracle,tiny_01807,repair,oracle,UNSAT,REPAIR,0,0,REFERENCE_EXHAUSTIVE,0.21409575000006953,2,0,1,2,1,,,,,,,,,,,,,45516,
ATLAS-B,tiny_01807,repair,atlas-b,UNSAT,REPAIR,0,0,NOT_APPLICABLE_UNSAT,0.915097553999658,2,0,1,2,1,,,,,,,,,,,6759,20717,125888,
MacroATLAS,tiny_01807,repair,macro,UNSAT,REPAIR,0,0,NOT_APPLICABLE_UNSAT,0.8150431789999857,2,0,1,2,1,,0,,,,,,,,,1191,2066,114008,
Oracle,tiny_01808,plain,oracle,SAT,MIN_EXPANDED_SIZE,0,2,REFERENCE_EXHAUSTIVE,0.2140755589998662,3,0,1,1,1,,,,,,,,,,,,,44580,
ATLAS-B,tiny_01808,plain,atlas-b,SAT,MIN_EXPANDED_SIZE,0,2,PASSED,0.7648587880003106,3,0,1,1,1,2,0,1,1,2,False,True,True,True,True,5846,17763,106328,
MacroATLAS,tiny_01808,plain,macro,SAT,MIN_EXPANDED_SIZE,0,2,PASSED,0.6647395400000278,3,0,1,1,1,2,0,1,1,2,False,True,True,True,True,1214,2267,93676,
Oracle,tiny_01809,nnf,oracle,SAT,MIN_EXPANDED_SIZE,0,2,REFERENCE_EXHAUSTIVE,0.21404544799997893,3,0,1,1,1,,,,,,,,,,,,,44912,
ATLAS-B,tiny_01809,nnf,atlas-b,SAT,MIN_EXPANDED_SIZE,0,2,PASSED,0.8650368660000822,3,0,1,1,1,2,0,1,1,2,False,True,True,True,True,10078,32400,111996,
MacroATLAS,tiny_01809,nnf,macro,SAT,MIN_EXPANDED_SIZE,0,2,PASSED,0.8149759870002526,3,0,1,1,1,2,0,1,1,2,False,True,True,True,True,2284,4809,111096,
Oracle,tiny_01810,cnf,oracle,SAT,MIN_EXPANDED_SIZE,0,1,REFERENCE_EXHAUSTIVE,0.21457864100011648,2,0,1,1,1,,,,,,,,,,,,,44612,
ATLAS-B,tiny_01810,cnf,atlas-b,SAT,MIN_EXPANDED_SIZE,0,1,PASSED,0.765169474999766,2,0,1,1,1,1,0,0,0,1,False,True,True,True,True,2959,8501,100788,
MacroATLAS,tiny_01810,cnf,macro,SAT,MIN_EXPANDED_SIZE,0,1,PASSED,0.7147827889998553,2,0,1,1,1,1,0,0,0,1,False,True,True,True,True,888,1673,103920,
Oracle,tiny_01811,dnf,oracle,SAT,MIN_EXPANDED_SIZE,0,1,REFERENCE_EXHAUSTIVE,0.21412341099994592,2,0,1,1,1,,,,,,,,,,,,,44760,
ATLAS-B,tiny_01811,dnf,atlas-b,SAT,MIN_EXPANDED_SIZE,0,1,PASSED,0.8651511980001487,2,0,1,1,1,1,0,0,0,1,False,True,True,True,True,5548,17345,106012,
MacroATLAS,tiny_01811,dnf,macro,SAT,MIN_EXPANDED_SIZE,0,1,PASSED,0.7149703830000362,2,0,1,1,1,1,0,0,0,1,False,True,True,True,True,888,1673,101552,
Oracle,tiny_01812,required,oracle,SAT,MIN_EXPANDED_SIZE,0,2,REFERENCE_EXHAUSTIVE,0.16400444000009884,3,0,1,1,1,,,,,,,,,,,,,44776,
ATLAS-B,tiny_01812,required,atlas-b,SAT,MIN_EXPANDED_SIZE,0,2,PASSED,0.7148701699998128,3,0,1,1,1,2,0,1,1,2,False,True,True,True,True,4324,12628,95356,
MacroATLAS,tiny_01812,required,macro,SAT,MIN_EXPANDED_SIZE,0,2,PASSED,0.6647494409999126,3,0,1,1,1,2,0,1,1,2,False,True,True,True,True,1214,2267,94556,
Oracle,tiny_01813,no_dag_reuse,oracle,SAT,MIN_EXPANDED_SIZE,0,2,REFERENCE_EXHAUSTIVE,0.21405630900017059,3,0,1,1,1,,,,,,,,,,,,,45268,
ATLAS-B,tiny_01813,no_dag_reuse,atlas-b,SAT,MIN_EXPANDED_SIZE,0,2,PASSED,0.7150786350002818,3,0,1,1,1,2,0,1,1,2,False,True,True,True,True,1474,3489,100752,
MacroATLAS,tiny_01813,no_dag_reuse,macro,SAT,MIN_EXPANDED_SIZE,0,2,PASSED,0.664722729999994,3,0,1,1,1,2,0,1,1,2,False,True,True,True,True,1420,2690,91200,
Oracle,tiny_01814,global_prop,oracle,SAT,MIN_EXPANDED_SIZE,0,2,REFERENCE_EXHAUSTIVE,0.2140457380000953,3,0,1,1,1,,,,,,,,,,,,,45144,
ATLAS-B,tiny_01814,global_prop,atlas-b,SAT,MIN_EXPANDED_SIZE,0,2,PASSED,0.8149716470002204,3,0,1,1,1,2,0,1,1,2,False,True,True,True,True,10111,32393,106272,
MacroATLAS,tiny_01814,global_prop,macro,SAT,MIN_EXPANDED_SIZE,0,2,PASSED,0.8150763989997358,3,0,1,1,1,2,0,1,1,2,False,True,True,True,True,2405,5126,109968,
Oracle,tiny_01815,repair,oracle,SAT,REPAIR,1,2,REFERENCE_EXHAUSTIVE,0.2141007999998692,3,0,1,1,1,,,,,,,,,,,,,45612,
ATLAS-B,tiny_01815,repair,atlas-b,SAT,REPAIR,1,2,PASSED,0.7649464900000567,3,0,1,1,1,2,0,1,1,2,False,True,True,True,True,3650,9905,104588,
MacroATLAS,tiny_01815,repair,macro,SAT,REPAIR,1,2,PASSED,0.7147388180001144,3,0,1,1,1,2,0,1,1,2,False,True,True,True,True,2316,4422,99708,
Oracle,tiny_01816,plain,oracle,SAT,MIN_EXPANDED_SIZE,0,3,REFERENCE_EXHAUSTIVE,0.21405084900015936,3,1,2,1,2,,,,,,,,,,,,,46792,
ATLAS-B,tiny_01816,plain,atlas-b,SAT,MIN_EXPANDED_SIZE,0,3,PASSED,0.8649075030002678,3,1,2,1,2,3,1,0,0,3,False,True,True,True,True,16505,53760,122984,
MacroATLAS,tiny_01816,plain,macro,SAT,MIN_EXPANDED_SIZE,0,3,PASSED,0.7649657599999955,3,1,2,1,2,3,1,0,0,3,False,True,True,True,True,2616,5312,97076,
Oracle,tiny_01817,nnf,oracle,SAT,MIN_EXPANDED_SIZE,0,3,REFERENCE_EXHAUSTIVE,0.21412061999990328,3,1,2,1,2,,,,,,,,,,,,,47076,
ATLAS-B,tiny_01817,nnf,atlas-b,SAT,MIN_EXPANDED_SIZE,0,3,PASSED,0.9651218819999485,3,1,2,1,2,3,1,0,0,3,False,True,True,True,True,16514,53788,130932,
MacroATLAS,tiny_01817,nnf,macro,SAT,MIN_EXPANDED_SIZE,0,3,PASSED,0.9149874330000785,3,1,2,1,2,3,1,0,0,3,False,True,True,True,True,4466,10083,113312,
Oracle,tiny_01818,cnf,oracle,SAT,MIN_EXPANDED_SIZE,0,2,REFERENCE_EXHAUSTIVE,0.21408371999996234,3,0,1,1,1,,,,,,,,,,,,,44812,
ATLAS-B,tiny_01818,cnf,atlas-b,SAT,MIN_EXPANDED_SIZE,0,2,PASSED,0.8651546280002549,3,0,1,1,1,2,0,1,1,2,False,True,True,True,True,10104,32435,112660,
MacroATLAS,tiny_01818,cnf,macro,SAT,MIN_EXPANDED_SIZE,0,2,PASSED,0.9152787190000709,3,0,1,1,1,2,0,1,1,2,False,True,True,True,True,3025,6690,122752,
Oracle,tiny_01819,dnf,oracle,SAT,MIN_EXPANDED_SIZE,0,2,REFERENCE_EXHAUSTIVE,0.2140760990000672,3,0,1,1,1,,,,,,,,,,,,,45172,
ATLAS-B,tiny_01819,dnf,atlas-b,SAT,MIN_EXPANDED_SIZE,0,2,PASSED,0.764963070000249,3,0,1,1,1,2,0,1,1,2,False,True,True,True,True,2975,8125,103748,
MacroATLAS,tiny_01819,dnf,macro,SAT,MIN_EXPANDED_SIZE,0,2,PASSED,0.9152318679998643,3,0,1,1,1,2,0,1,1,2,False,True,True,True,True,3025,6690,120460,
Oracle,tiny_01820,required,oracle,SAT,MIN_EXPANDED_SIZE,0,3,REFERENCE_EXHAUSTIVE,0.21413246100019023,3,1,2,1,2,,,,,,,,,,,,,47068,
ATLAS-B,tiny_01820,required,atlas-b,SAT,MIN_EXPANDED_SIZE,0,3,PASSED,0.915214467000169,3,1,2,1,2,3,1,0,0,3,False,True,True,True,True,16507,53767,131084,
MacroATLAS,tiny_01820,required,macro,SAT,MIN_EXPANDED_SIZE,0,3,PASSED,0.8150686089998089,3,1,2,1,2,3,1,0,0,3,False,True,True,True,True,3248,6867,104784,
Oracle,tiny_01821,no_dag_reuse,oracle,SAT,MIN_EXPANDED_SIZE,0,3,REFERENCE_EXHAUSTIVE,0.21415542100021412,3,1,2,1,2,,,,,,,,,,,,,47328,
ATLAS-B,tiny_01821,no_dag_reuse,atlas-b,SAT,MIN_EXPANDED_SIZE,0,3,PASSED,0.9153105090003919,3,1,2,1,2,3,1,0,0,3,False,True,True,True,True,16553,53833,123612,
MacroATLAS,tiny_01821,no_dag_reuse,macro,SAT,MIN_EXPANDED_SIZE,0,3,PASSED,0.7648818879997634,3,1,2,1,2,3,1,0,0,3,False,True,True,True,True,2914,5792,102132,
Oracle,tiny_01822,global_prop,oracle,SAT,MIN_EXPANDED_SIZE,0,3,REFERENCE_EXHAUSTIVE,0.21402315799969074,4,0,1,1,1,,,,,,,,,,,,,46616,
ATLAS-B,tiny_01822,global_prop,atlas-b,SAT,MIN_EXPANDED_SIZE,0,3,PASSED,0.8649136530002579,4,0,1,1,1,3,0,2,2,3,False,True,True,True,True,13738,44074,116132,
MacroATLAS,tiny_01822,global_prop,macro,SAT,MIN_EXPANDED_SIZE,0,3,PASSED,0.8647679000000608,4,0,1,1,1,3,0,2,2,3,False,True,True,True,True,2920,6505,115596,
Oracle,tiny_01823,repair,oracle,SAT,REPAIR,0,3,REFERENCE_EXHAUSTIVE,0.21402539800010345,4,0,1,1,1,,,,,,,,,,,,,47404,
ATLAS-B,tiny_01823,repair,atlas-b,SAT,REPAIR,0,3,PASSED,1.0150781889997234,4,0,1,1,1,3,0,2,2,3,False,True,True,True,True,7286,21199,134288,
MacroATLAS,tiny_01823,repair,macro,SAT,REPAIR,0,3,PASSED,1.0653369330002533,4,0,1,1,1,3,0,2,2,3,False,True,True,True,True,3916,7936,126088,
Oracle,tiny_01824,plain,oracle,SAT,MIN_EXPANDED_SIZE,0,3,REFERENCE_EXHAUSTIVE,0.21407694999970772,3,1,2,2,1,,,,,,,,,,,,,46668,
ATLAS-B,tiny_01824,plain,atlas-b,SAT,MIN_EXPANDED_SIZE,0,3,PASSED,0.8650505069999781,3,1,2,2,1,3,1,0,0,3,False,True,True,True,True,16505,53779,123500,
MacroATLAS,tiny_01824,plain,macro,SAT,MIN_EXPANDED_SIZE,0,3,PASSED,0.7648631279998881,3,1,2,2,1,3,1,0,0,3,False,True,True,True,True,2616,5312,100044,
Oracle,tiny_01825,nnf,oracle,SAT,MIN_EXPANDED_SIZE,0,3,REFERENCE_EXHAUSTIVE,0.21408882900004755,3,1,2,2,1,,,,,,,,,,,,,46584,
ATLAS-B,tiny_01825,nnf,atlas-b,SAT,MIN_EXPANDED_SIZE,0,3,PASSED,0.8651621589997376,3,1,2,2,1,3,1,0,0,3,False,True,True,True,True,16511,53767,122592,
MacroATLAS,tiny_01825,nnf,macro,SAT,MIN_EXPANDED_SIZE,0,3,PASSED,0.8650686969999697,3,1,2,2,1,3,1,0,0,3,False,True,True,True,True,4466,10083,120096,
Oracle,tiny_01826,cnf,oracle,SAT,MIN_EXPANDED_SIZE,0,3,REFERENCE_EXHAUSTIVE,0.21401227800015477,3,1,2,1,2,,,,,,,,,,,,,47092,
ATLAS-B,tiny_01826,cnf,atlas-b,SAT,MIN_EXPANDED_SIZE,0,3,PASSED,0.9151370159997896,3,1,2,1,2,3,1,0,0,3,False,True,True,True,True,16539,53812,129840,
MacroATLAS,tiny_01826,cnf,macro,SAT,MIN_EXPANDED_SIZE,0,3,PASSED,0.9652192250000553,3,1,2,1,2,3,1,0,0,3,False,True,True,True,True,5286,12159,132856,
Oracle,tiny_01827,dnf,oracle,SAT,MIN_EXPANDED_SIZE,0,3,REFERENCE_EXHAUSTIVE,0.21402460899980724,3,1,2,1,2,,,,,,,,,,,,,47540,
ATLAS-B,tiny_01827,dnf,atlas-b,SAT,MIN_EXPANDED_SIZE,0,3,PASSED,0.8151145510000788,3,1,2,1,2,3,1,0,0,3,False,True,True,True,True,4898,14032,104588,
MacroATLAS,tiny_01827,dnf,macro,SAT,MIN_EXPANDED_SIZE,0,3,PASSED,0.9651142930001697,3,1,2,1,2,3,1,0,0,3,False,True,True,True,True,5286,12159,132680,
Oracle,tiny_01828,required,oracle,SAT,MIN_EXPANDED_SIZE,0,3,REFERENCE_EXHAUSTIVE,0.21411175999992338,3,1,2,2,1,,,,,,,,,,,,,46748,
ATLAS-B,tiny_01828,required,atlas-b,SAT,MIN_EXPANDED_SIZE,0,3,PASSED,0.9149556120000852,3,1,2,2,1,3,1,0,0,3,False,True,True,True,True,12708,40534,116716,
MacroATLAS,tiny_01828,required,macro,SAT,MIN_EXPANDED_SIZE,0,3,PASSED,0.764986829999998,3,1,2,2,1,3,1,0,0,3,False,True,True,True,True,3248,6867,103452,
Oracle,tiny_01829,no_dag_reuse,oracle,SAT,MIN_EXPANDED_SIZE,0,3,REFERENCE_EXHAUSTIVE,0.21408021900015228,3,1,2,2,1,,,,,,,,,,,,,46612,
ATLAS-B,tiny_01829,no_dag_reuse,atlas-b,SAT,MIN_EXPANDED_SIZE,0,3,PASSED,0.764786594999805,3,1,2,2,1,3,1,0,0,3,False,True,True,True,True,7172,21528,100164,
MacroATLAS,tiny_01829,no_dag_reuse,macro,SAT,MIN_EXPANDED_SIZE,0,3,PASSED,0.7649039080001785,3,1,2,2,1,3,1,0,0,3,False,True,True,True,True,2914,5792,101808,
Oracle,tiny_01830,global_prop,oracle,SAT,MIN_EXPANDED_SIZE,0,4,REFERENCE_EXHAUSTIVE,0.31421263700030977,4,1,2,1,2,,,,,,,,,,,,,73692,
ATLAS-B,tiny_01830,global_prop,atlas-b,SAT,MIN_EXPANDED_SIZE,0,4,PASSED,0.965377277999778,4,1,2,1,2,4,1,1,1,4,False,True,True,True,True,22167,72005,132116,
MacroATLAS,tiny_01830,global_prop,macro,SAT,MIN_EXPANDED_SIZE,0,4,PASSED,0.9654586000001473,4,1,2,1,2,4,1,1,1,4,False,True,True,True,True,6887,16121,130816,
Oracle,tiny_01831,repair,oracle,UNSAT,REPAIR,0,0,REFERENCE_EXHAUSTIVE,0.21408452000014222,2,0,1,2,1,,,,,,,,,,,,,45152,
ATLAS-B,tiny_01831,repair,atlas-b,UNSAT,REPAIR,0,0,NOT_APPLICABLE_UNSAT,0.915099414999986,2,0,1,2,1,,,,,,,,,,,6759,20720,126664,
MacroATLAS,tiny_01831,repair,macro,UNSAT,REPAIR,0,0,NOT_APPLICABLE_UNSAT,0.9150708040001518,2,0,1,2,1,,0,,,,,,,,,1378,2362,126468,
Oracle,tiny_01832,plain,oracle,SAT,MIN_EXPANDED_SIZE,0,2,REFERENCE_EXHAUSTIVE,0.21402607800018814,3,0,1,1,1,,,,,,,,,,,,,44560,
ATLAS-B,tiny_01832,plain,atlas-b,SAT,MIN_EXPANDED_SIZE,0,2,PASSED,0.7149156919999768,3,0,1,1,1,2,0,1,1,2,False,True,True,True,True,4326,12626,94660,
MacroATLAS,tiny_01832,plain,macro,SAT,MIN_EXPANDED_SIZE,0,2,PASSED,0.7151193159998002,3,0,1,1,1,2,0,1,1,2,False,True,True,True,True,1879,3473,96572,
Oracle,tiny_01833,nnf,oracle,SAT,MIN_EXPANDED_SIZE,0,2,REFERENCE_EXHAUSTIVE,0.21403579900015757,3,0,1,1,1,,,,,,,,,,,,,45480,
ATLAS-B,tiny_01833,nnf,atlas-b,SAT,MIN_EXPANDED_SIZE,0,2,PASSED,0.8148791350004103,3,0,1,1,1,2,0,1,1,2,False,True,True,True,True,5853,17776,104380,
MacroATLAS,tiny_01833,nnf,macro,SAT,MIN_EXPANDED_SIZE,0,2,PASSED,0.8150924999999916,3,0,1,1,1,2,0,1,1,2,False,True,True,True,True,3334,7276,118296,
Oracle,tiny_01834,cnf,oracle,SAT,MIN_EXPANDED_SIZE,0,3,REFERENCE_EXHAUSTIVE,0.21411845000011454,3,1,2,2,1,,,,,,,,,,,,,46588,
ATLAS-B,tiny_01834,cnf,atlas-b,SAT,MIN_EXPANDED_SIZE,0,3,PASSED,0.9650718420002704,3,1,2,2,1,3,1,0,0,3,False,True,True,True,True,16540,53817,133032,
MacroATLAS,tiny_01834,cnf,macro,SAT,MIN_EXPANDED_SIZE,0,3,PASSED,0.915267128999858,3,1,2,2,1,3,1,0,0,3,False,True,True,True,True,5286,12159,128472,
Oracle,tiny_01835,dnf,oracle,SAT,MIN_EXPANDED_SIZE,0,3,REFERENCE_EXHAUSTIVE,0.21401432799984832,3,1,2,2,1,,,,,,,,,,,,,47016,
ATLAS-B,tiny_01835,dnf,atlas-b,SAT,MIN_EXPANDED_SIZE,0,3,PASSED,0.9652226049997807,3,1,2,2,1,3,1,0,0,3,False,True,True,True,True,16538,53815,130808,
MacroATLAS,tiny_01835,dnf,macro,SAT,MIN_EXPANDED_SIZE,0,3,PASSED,0.9652408750002905,3,1,2,2,1,3,1,0,0,3,False,True,True,True,True,5286,12159,133244,
Oracle,tiny_01836,required,oracle,SAT,MIN_EXPANDED_SIZE,0,2,REFERENCE_EXHAUSTIVE,0.214080660000036,3,0,1,1,1,,,,,,,,,,,,,45664,
ATLAS-B,tiny_01836,required,atlas-b,SAT,MIN_EXPANDED_SIZE,0,2,PASSED,0.8148790149998604,3,0,1,1,1,2,0,1,1,2,False,True,True,True,True,7732,24240,110912,
MacroATLAS,tiny_01836,required,macro,SAT,MIN_EXPANDED_SIZE,0,2,PASSED,0.7148172889997113,3,0,1,1,1,2,0,1,1,2,False,True,True,True,True,1879,3473,95884,
Oracle,tiny_01837,no_dag_reuse,oracle,SAT,MIN_EXPANDED_SIZE,0,2,REFERENCE_EXHAUSTIVE,0.16400185099973896,3,0,1,1,1,,,,,,,,,,,,,45164,
ATLAS-B,tiny_01837,no_dag_reuse,atlas-b,SAT,MIN_EXPANDED_SIZE,0,2,PASSED,0.7650613230002818,3,0,1,1,1,2,0,1,1,2,False,True,True,True,True,4358,12674,100288,
MacroATLAS,tiny_01837,no_dag_reuse,macro,SAT,MIN_EXPANDED_SIZE,0,2,PASSED,0.7648127960001148,3,0,1,1,1,2,0,1,1,2,False,True,True,True,True,3146,6107,104952,
Oracle,tiny_01838,global_prop,oracle,SAT,MIN_EXPANDED_SIZE,0,4,REFERENCE_EXHAUSTIVE,0.31410146500002156,4,1,2,2,1,,,,,,,,,,,,,72608,
ATLAS-B,tiny_01838,global_prop,atlas-b,SAT,MIN_EXPANDED_SIZE,0,4,PASSED,1.0154106959998899,4,1,2,2,1,4,1,1,1,4,False,True,True,True,True,22169,72012,137956,
MacroATLAS,tiny_01838,global_prop,macro,SAT,MIN_EXPANDED_SIZE,0,4,PASSED,1.065398642999753,4,1,2,2,1,4,1,1,1,4,False,True,True,True,True,6887,16121,136668,
Oracle,tiny_01839,repair,oracle,SAT,REPAIR,1,2,REFERENCE_EXHAUSTIVE,0.2142045219998181,3,0,1,1,1,,,,,,,,,,,,,45504,
ATLAS-B,tiny_01839,repair,atlas-b,SAT,REPAIR,1,2,PASSED,0.8649155529997188,3,0,1,1,1,2,0,1,1,2,False,True,True,True,True,11569,36999,113700,
MacroATLAS,tiny_01839,repair,macro,SAT,REPAIR,1,2,PASSED,0.7649365790002776,3,0,1,1,1,2,0,1,1,2,False,True,True,True,True,2316,4422,94064,
Oracle,tiny_01840,plain,oracle,SAT,MIN_EXPANDED_SIZE,0,2,REFERENCE_EXHAUSTIVE,0.21407840900019437,3,0,1,1,1,,,,,,,,,,,,,44764,
ATLAS-B,tiny_01840,plain,atlas-b,SAT,MIN_EXPANDED_SIZE,0,2,PASSED,0.7648676670000896,3,0,1,1,1,2,0,1,1,2,False,True,True,True,True,4325,12626,100444,
MacroATLAS,tiny_01840,plain,macro,SAT,MIN_EXPANDED_SIZE,0,2,PASSED,0.7148808709998775,3,0,1,1,1,2,0,1,1,2,False,True,True,True,True,2343,4360,95216,
Oracle,tiny_01841,nnf,oracle,SAT,MIN_EXPANDED_SIZE,0,2,REFERENCE_EXHAUSTIVE,0.21398790800003553,3,0,1,1,1,,,,,,,,,,,,,44924,
ATLAS-B,tiny_01841,nnf,atlas-b,SAT,MIN_EXPANDED_SIZE,0,2,PASSED,0.7647831260001112,3,0,1,1,1,2,0,1,1,2,False,True,True,True,True,7742,24260,102368,
MacroATLAS,tiny_01841,nnf,macro,SAT,MIN_EXPANDED_SIZE,0,2,PASSED,0.8650091950003116,3,0,1,1,1,2,0,1,1,2,False,True,True,True,True,4172,9007,119224,
Oracle,tiny_01842,cnf,oracle,UNSAT,MIN_EXPANDED_SIZE,0,0,REFERENCE_EXHAUSTIVE,0.21426068400023723,2,0,1,2,1,,,,,,,,,,,,,44184,
ATLAS-B,tiny_01842,cnf,atlas-b,UNSAT,MIN_EXPANDED_SIZE,0,0,NOT_APPLICABLE_UNSAT,0.7649816500002089,2,0,1,2,1,,,,,,,,,,,8134,25638,99816,
MacroATLAS,tiny_01842,cnf,macro,UNSAT,MIN_EXPANDED_SIZE,0,0,NOT_APPLICABLE_UNSAT,0.8650292859997535,2,0,1,2,1,,0,,,,,,,,,3209,6984,117012,
Oracle,tiny_01843,dnf,oracle,UNSAT,MIN_EXPANDED_SIZE,0,0,REFERENCE_EXHAUSTIVE,0.2141184100000828,2,0,1,2,1,,,,,,,,,,,,,45224,
ATLAS-B,tiny_01843,dnf,atlas-b,UNSAT,MIN_EXPANDED_SIZE,0,0,NOT_APPLICABLE_UNSAT,0.8149646169999869,2,0,1,2,1,,,,,,,,,,,10900,35329,108808,
MacroATLAS,tiny_01843,dnf,macro,UNSAT,MIN_EXPANDED_SIZE,0,0,NOT_APPLICABLE_UNSAT,0.8147085710002102,2,0,1,2,1,,0,,,,,,,,,3022,6688,107804,
Oracle,tiny_01844,required,oracle,SAT,MIN_EXPANDED_SIZE,0,2,REFERENCE_EXHAUSTIVE,0.21409386000004815,3,0,1,1,1,,,,,,,,,,,,,44812,
ATLAS-B,tiny_01844,required,atlas-b,SAT,MIN_EXPANDED_SIZE,0,2,PASSED,0.8149601270001767,3,0,1,1,1,2,0,1,1,2,False,True,True,True,True,10072,32385,109368,
MacroATLAS,tiny_01844,required,macro,SAT,MIN_EXPANDED_SIZE,0,2,PASSED,0.7651482839996788,3,0,1,1,1,2,0,1,1,2,False,True,True,True,True,3060,5937,100424,
Oracle,tiny_01845,no_dag_reuse,oracle,SAT,MIN_EXPANDED_SIZE,0,2,REFERENCE_EXHAUSTIVE,0.21406125899966355,3,0,1,1,1,,,,,,,,,,,,,44860,
ATLAS-B,tiny_01845,no_dag_reuse,atlas-b,SAT,MIN_EXPANDED_SIZE,0,2,PASSED,0.8150533699999869,3,0,1,1,1,2,0,1,1,2,False,True,True,True,True,5880,17809,107168,
MacroATLAS,tiny_01845,no_dag_reuse,macro,SAT,MIN_EXPANDED_SIZE,0,2,PASSED,0.7649368100001084,3,0,1,1,1,2,0,1,1,2,False,True,True,True,True,4605,9337,110460,
Oracle,tiny_01846,global_prop,oracle,UNSAT,MIN_EXPANDED_SIZE,0,0,REFERENCE_EXHAUSTIVE,0.21416415100020458,2,0,1,2,1,,,,,,,,,,,,,45112,
ATLAS-B,tiny_01846,global_prop,atlas-b,UNSAT,MIN_EXPANDED_SIZE,0,0,NOT_APPLICABLE_UNSAT,0.7650457710001319,2,0,1,2,1,,,,,,,,,,,10901,35291,109460,
MacroATLAS,tiny_01846,global_prop,macro,UNSAT,MIN_EXPANDED_SIZE,0,0,NOT_APPLICABLE_UNSAT,0.7651046529999803,2,0,1,2,1,,0,,,,,,,,,2402,5124,107644,
Oracle,tiny_01847,repair,oracle,SAT,REPAIR,0,3,REFERENCE_EXHAUSTIVE,0.21402349900017725,4,0,1,1,1,,,,,,,,,,,,,48196,
ATLAS-B,tiny_01847,repair,atlas-b,SAT,REPAIR,0,3,PASSED,1.0653790530000151,4,0,1,1,1,3,0,2,2,3,False,True,True,True,True,7286,21199,129996,
MacroATLAS,tiny_01847,repair,macro,SAT,REPAIR,0,3,PASSED,1.0652885599997717,4,0,1,1,1,3,0,2,2,3,False,True,True,True,True,3916,7936,133632,
Oracle,tiny_01848,plain,oracle,SAT,MIN_EXPANDED_SIZE,0,3,REFERENCE_EXHAUSTIVE,0.2141284600002109,4,0,1,1,1,,,,,,,,,,,,,46268,
ATLAS-B,tiny_01848,plain,atlas-b,SAT,MIN_EXPANDED_SIZE,0,3,PASSED,0.8650355760000821,4,0,1,1,1,3,0,2,2,3,False,True,True,True,True,10710,33760,109992,
MacroATLAS,tiny_01848,plain,macro,SAT,MIN_EXPANDED_SIZE,0,3,PASSED,0.8149351769998248,4,0,1,1,1,3,0,2,2,3,False,True,True,True,True,5058,9793,110492,
Oracle,tiny_01849,nnf,oracle,SAT,MIN_EXPANDED_SIZE,0,3,REFERENCE_EXHAUSTIVE,0.21423563200005447,4,0,1,1,1,,,,,,,,,,,,,46004,
ATLAS-B,tiny_01849,nnf,atlas-b,SAT,MIN_EXPANDED_SIZE,0,3,PASSED,0.8652908419999221,4,0,1,1,1,3,0,2,2,3,False,True,True,True,True,10719,33785,111204,
MacroATLAS,tiny_01849,nnf,macro,SAT,MIN_EXPANDED_SIZE,0,3,PASSED,1.0155561790002139,4,0,1,1,1,3,0,2,2,3,False,True,True,True,True,9155,21190,136008,
Oracle,tiny_01850,cnf,oracle,SAT,MIN_EXPANDED_SIZE,0,1,REFERENCE_EXHAUSTIVE,0.21411719000025187,2,0,1,1,1,,,,,,,,,,,,,44656,
ATLAS-B,tiny_01850,cnf,atlas-b,SAT,MIN_EXPANDED_SIZE,0,1,PASSED,0.764846088000013,2,0,1,1,1,1,0,0,0,1,False,True,True,True,True,7392,23800,104664,
MacroATLAS,tiny_01850,cnf,macro,SAT,MIN_EXPANDED_SIZE,0,1,PASSED,0.8148095739998098,2,0,1,1,1,1,0,0,0,1,False,True,True,True,True,888,1673,108768,
Oracle,tiny_01851,dnf,oracle,SAT,MIN_EXPANDED_SIZE,0,1,REFERENCE_EXHAUSTIVE,0.21410108999998556,2,0,1,1,1,,,,,,,,,,,,,45572,
ATLAS-B,tiny_01851,dnf,atlas-b,SAT,MIN_EXPANDED_SIZE,0,1,PASSED,0.7651305539998248,2,0,1,1,1,1,0,0,0,1,False,True,True,True,True,7391,23796,104304,
MacroATLAS,tiny_01851,dnf,macro,SAT,MIN_EXPANDED_SIZE,0,1,PASSED,0.7650632319996475,2,0,1,1,1,1,0,0,0,1,False,True,True,True,True,888,1673,109844,
Oracle,tiny_01852,required,oracle,SAT,MIN_EXPANDED_SIZE,0,3,REFERENCE_EXHAUSTIVE,0.21408430000019507,4,0,1,1,1,,,,,,,,,,,,,46384,
ATLAS-B,tiny_01852,required,atlas-b,SAT,MIN_EXPANDED_SIZE,0,3,PASSED,0.9152525579997928,4,0,1,1,1,3,0,2,2,3,False,True,True,True,True,18781,62217,128972,
MacroATLAS,tiny_01852,required,macro,SAT,MIN_EXPANDED_SIZE,0,3,PASSED,0.9654979910001202,4,0,1,1,1,3,0,2,2,3,False,True,True,True,True,6404,12847,133076,
Oracle,tiny_01853,no_dag_reuse,oracle,SAT,MIN_EXPANDED_SIZE,0,3,REFERENCE_EXHAUSTIVE,0.21405081900002187,4,0,1,1,1,,,,,,,,,,,,,46136,
ATLAS-B,tiny_01853,no_dag_reuse,atlas-b,SAT,MIN_EXPANDED_SIZE,0,3,PASSED,0.9152990889997454,4,0,1,1,1,3,0,2,2,3,False,True,True,True,True,10760,33841,111728,
MacroATLAS,tiny_01853,no_dag_reuse,macro,SAT,MIN_EXPANDED_SIZE,0,3,PASSED,0.9652963759999693,4,0,1,1,1,3,0,2,2,3,False,True,True,True,True,5819,11982,129716,
Oracle,tiny_01854,global_prop,oracle,SAT,MIN_EXPANDED_SIZE,0,2,REFERENCE_EXHAUSTIVE,0.21399189700014176,3,0,1,1,1,,,,,,,,,,,,,44916,
ATLAS-B,tiny_01854,global_prop,atlas-b,SAT,MIN_EXPANDED_SIZE,0,2,PASSED,0.7647815560003437,3,0,1,1,1,2,0,1,1,2,False,True,True,True,True,2983,8081,103640,
MacroATLAS,tiny_01854,global_prop,macro,SAT,MIN_EXPANDED_SIZE,0,2,PASSED,0.8149241659998552,3,0,1,1,1,2,0,1,1,2,False,True,True,True,True,2405,5126,111284,
Oracle,tiny_01855,repair,oracle,UNSAT,REPAIR,0,0,REFERENCE_EXHAUSTIVE,0.21466988300016965,2,0,1,2,1,,,,,,,,,,,,,45176,
ATLAS-B,tiny_01855,repair,atlas-b,UNSAT,REPAIR,0,0,NOT_APPLICABLE_UNSAT,0.9651026129999991,2,0,1,2,1,,,,,,,,,,,9147,28989,124656,
MacroATLAS,tiny_01855,repair,macro,UNSAT,REPAIR,0,0,NOT_APPLICABLE_UNSAT,0.9151158729996496,2,0,1,2,1,,0,,,,,,,,,1378,2362,122716,
Oracle,tiny_01856,plain,oracle,UNSAT,MIN_EXPANDED_SIZE,0,0,REFERENCE_EXHAUSTIVE,0.16410620299984657,2,0,1,2,1,,,,,,,,,,,,,44444,
ATLAS-B,tiny_01856,plain,atlas-b,UNSAT,MIN_EXPANDED_SIZE,0,0,NOT_APPLICABLE_UNSAT,0.7150084529998821,2,0,1,2,1,,,,,,,,,,,4229,12336,95364,
MacroATLAS,tiny_01856,plain,macro,UNSAT,MIN_EXPANDED_SIZE,0,0,NOT_APPLICABLE_UNSAT,0.6148358049999842,2,0,1,2,1,,0,,,,,,,,,1211,2265,90336,
Oracle,tiny_01857,nnf,oracle,UNSAT,MIN_EXPANDED_SIZE,0,0,REFERENCE_EXHAUSTIVE,0.21407277899970723,2,0,1,2,1,,,,,,,,,,,,,44504,
ATLAS-B,tiny_01857,nnf,atlas-b,UNSAT,MIN_EXPANDED_SIZE,0,0,NOT_APPLICABLE_UNSAT,0.7148473900001591,2,0,1,2,1,,,,,,,,,,,8117,25614,97436,
MacroATLAS,tiny_01857,nnf,macro,UNSAT,MIN_EXPANDED_SIZE,0,0,NOT_APPLICABLE_UNSAT,0.7647228740001992,2,0,1,2,1,,0,,,,,,,,,2468,5103,105028,
Oracle,tiny_01858,cnf,oracle,SAT,MIN_EXPANDED_SIZE,0,2,REFERENCE_EXHAUSTIVE,0.2141339100003279,3,0,1,1,1,,,,,,,,,,,,,44992,
ATLAS-B,tiny_01858,cnf,atlas-b,SAT,MIN_EXPANDED_SIZE,0,2,PASSED,0.7650325710001198,3,0,1,1,1,2,0,1,1,2,False,True,True,True,True,2975,8129,98084,
MacroATLAS,tiny_01858,cnf,macro,SAT,MIN_EXPANDED_SIZE,0,2,PASSED,0.815385611000238,3,0,1,1,1,2,0,1,1,2,False,True,True,True,True,3025,6690,111012,
Oracle,tiny_01859,dnf,oracle,SAT,MIN_EXPANDED_SIZE,0,2,REFERENCE_EXHAUSTIVE,0.21405101900018053,3,0,1,1,1,,,,,,,,,,,,,45264,
ATLAS-B,tiny_01859,dnf,atlas-b,SAT,MIN_EXPANDED_SIZE,0,2,PASSED,0.865118190999965,3,0,1,1,1,2,0,1,1,2,False,True,True,True,True,10103,32440,106284,
MacroATLAS,tiny_01859,dnf,macro,SAT,MIN_EXPANDED_SIZE,0,2,PASSED,0.8653091440000935,3,0,1,1,1,2,0,1,1,2,False,True,True,True,True,3025,6690,119408,
Oracle,tiny_01860,required,oracle,UNSAT,MIN_EXPANDED_SIZE,0,0,REFERENCE_EXHAUSTIVE,0.21408355999983542,2,0,1,2,1,,,,,,,,,,,,,44844,
ATLAS-B,tiny_01860,required,atlas-b,UNSAT,MIN_EXPANDED_SIZE,0,0,NOT_APPLICABLE_UNSAT,0.8150983100003941,2,0,1,2,1,,,,,,,,,,,10879,35290,110360,
MacroATLAS,tiny_01860,required,macro,UNSAT,MIN_EXPANDED_SIZE,0,0,NOT_APPLICABLE_UNSAT,0.6647463980002613,2,0,1,2,1,,0,,,,,,,,,1211,2265,85840,
Oracle,tiny_01861,no_dag_reuse,oracle,UNSAT,MIN_EXPANDED_SIZE,0,0,REFERENCE_EXHAUSTIVE,0.2141335600003913,2,0,1,2,1,,,,,,,,,,,,,44420,
ATLAS-B,tiny_01861,no_dag_reuse,atlas-b,UNSAT,MIN_EXPANDED_SIZE,0,0,NOT_APPLICABLE_UNSAT,0.8150132370001302,2,0,1,2,1,,,,,,,,,,,8131,25636,105336,
MacroATLAS,tiny_01861,no_dag_reuse,macro,UNSAT,MIN_EXPANDED_SIZE,0,0,NOT_APPLICABLE_UNSAT,0.6647868759996527,2,0,1,2,1,,0,,,,,,,,,1321,2432,90724,
Oracle,tiny_01862,global_prop,oracle,SAT,MIN_EXPANDED_SIZE,0,3,REFERENCE_EXHAUSTIVE,0.21417278099988835,4,0,1,1,1,,,,,,,,,,,,,46248,
ATLAS-B,tiny_01862,global_prop,atlas-b,SAT,MIN_EXPANDED_SIZE,0,3,PASSED,0.8649857469999915,4,0,1,1,1,3,0,2,2,3,False,True,True,True,True,10770,33779,108712,
MacroATLAS,tiny_01862,global_prop,macro,SAT,MIN_EXPANDED_SIZE,0,3,PASSED,0.8151028510001197,4,0,1,1,1,3,0,2,2,3,False,True,True,True,True,2920,6505,105708,
Oracle,tiny_01863,repair,oracle,SAT,REPAIR,1,2,REFERENCE_EXHAUSTIVE,0.21424262300024566,3,0,1,1,1,,,,,,,,,,,,,45656,
ATLAS-B,tiny_01863,repair,atlas-b,SAT,REPAIR,1,2,PASSED,0.8156055129998094,3,0,1,1,1,2,0,1,1,2,False,True,True,True,True,8992,28009,105712,
MacroATLAS,tiny_01863,repair,macro,SAT,REPAIR,1,2,PASSED,0.7147318039997117,3,0,1,1,1,2,0,1,1,2,False,True,True,True,True,2316,4422,98220,
Oracle,tiny_01864,plain,oracle,SAT,MIN_EXPANDED_SIZE,0,1,REFERENCE_EXHAUSTIVE,0.16389821799975834,2,0,1,1,1,,,,,,,,,,,,,44588,
ATLAS-B,tiny_01864,plain,atlas-b,SAT,MIN_EXPANDED_SIZE,0,1,PASSED,0.814966987000389,2,0,1,1,1,1,0,0,0,1,False,True,True,True,True,7370,23769,104380,
MacroATLAS,tiny_01864,plain,macro,SAT,MIN_EXPANDED_SIZE,0,1,PASSED,0.6150698390001708,2,0,1,1,1,1,0,0,0,1,False,True,True,True,True,320,523,85224,
Oracle,tiny_01865,nnf,oracle,SAT,MIN_EXPANDED_SIZE,0,1,REFERENCE_EXHAUSTIVE,0.21412606000012602,2,0,1,1,1,,,,,,,,,,,,,45068,
ATLAS-B,tiny_01865,nnf,atlas-b,SAT,MIN_EXPANDED_SIZE,0,1,PASSED,0.8148646660001759,2,0,1,1,1,1,0,0,0,1,False,True,True,True,True,5531,17319,104704,
MacroATLAS,tiny_01865,nnf,macro,SAT,MIN_EXPANDED_SIZE,0,1,PASSED,0.7150185109999256,2,0,1,1,1,1,0,0,0,1,False,True,True,True,True,667,1204,102312,
Oracle,tiny_01866,cnf,oracle,SAT,MIN_EXPANDED_SIZE,0,3,REFERENCE_EXHAUSTIVE,0.21416640000006737,3,1,2,1,2,,,,,,,,,,,,,46952,
ATLAS-B,tiny_01866,cnf,atlas-b,SAT,MIN_EXPANDED_SIZE,0,3,PASSED,0.9153082039997571,3,1,2,1,2,3,1,0,0,3,False,True,True,True,True,16538,53812,128816,
MacroATLAS,tiny_01866,cnf,macro,SAT,MIN_EXPANDED_SIZE,0,3,PASSED,0.9155063490002249,3,1,2,1,2,3,1,0,0,3,False,True,True,True,True,5286,12159,126384,
Oracle,tiny_01867,dnf,oracle,SAT,MIN_EXPANDED_SIZE,0,3,REFERENCE_EXHAUSTIVE,0.21418458200014356,3,1,2,1,2,,,,,,,,,,,,,46700,
ATLAS-B,tiny_01867,dnf,atlas-b,SAT,MIN_EXPANDED_SIZE,0,3,PASSED,0.8651761510000142,3,1,2,1,2,3,1,0,0,3,False,True,True,True,True,12739,40584,113976,
MacroATLAS,tiny_01867,dnf,macro,SAT,MIN_EXPANDED_SIZE,0,3,PASSED,0.9152186709998205,3,1,2,1,2,3,1,0,0,3,False,True,True,True,True,5286,12159,122632,
Oracle,tiny_01868,required,oracle,SAT,MIN_EXPANDED_SIZE,0,1,REFERENCE_EXHAUSTIVE,0.16403635899996516,2,0,1,1,1,,,,,,,,,,,,,44664,
ATLAS-B,tiny_01868,required,atlas-b,SAT,MIN_EXPANDED_SIZE,0,1,PASSED,0.8150344399996357,2,0,1,1,1,1,0,0,0,1,False,True,True,True,True,5526,17315,105032,
MacroATLAS,tiny_01868,required,macro,SAT,MIN_EXPANDED_SIZE,0,1,PASSED,0.5646002739999858,2,0,1,1,1,1,0,0,0,1,False,True,True,True,True,320,523,87892,
Oracle,tiny_01869,no_dag_reuse,oracle,SAT,MIN_EXPANDED_SIZE,0,1,REFERENCE_EXHAUSTIVE,0.21412281999982952,2,0,1,1,1,,,,,,,,,,,,,44636,
ATLAS-B,tiny_01869,no_dag_reuse,atlas-b,SAT,MIN_EXPANDED_SIZE,0,1,PASSED,0.7148725570000352,2,0,1,1,1,1,0,0,0,1,False,True,True,True,True,1324,3239,92556,
MacroATLAS,tiny_01869,no_dag_reuse,macro,SAT,MIN_EXPANDED_SIZE,0,1,PASSED,0.7148847869998463,2,0,1,1,1,1,0,0,0,1,False,True,True,True,True,1321,2432,94484,
Oracle,tiny_01870,global_prop,oracle,SAT,MIN_EXPANDED_SIZE,0,4,REFERENCE_EXHAUSTIVE,0.364280620000045,4,1,2,1,2,,,,,,,,,,,,,75468,
ATLAS-B,tiny_01870,global_prop,atlas-b,SAT,MIN_EXPANDED_SIZE,0,4,PASSED,1.0152893320000658,4,1,2,1,2,4,1,1,1,4,False,True,True,True,True,22168,72023,137996,
MacroATLAS,tiny_01870,global_prop,macro,SAT,MIN_EXPANDED_SIZE,0,4,PASSED,0.9149671350000972,4,1,2,1,2,4,1,1,1,4,False,True,True,True,True,6887,16121,125644,
Oracle,tiny_01871,repair,oracle,SAT,REPAIR,0,3,REFERENCE_EXHAUSTIVE,0.21409646899974177,4,0,1,1,1,,,,,,,,,,,,,47488,
ATLAS-B,tiny_01871,repair,atlas-b,SAT,REPAIR,0,3,PASSED,1.165488381999694,4,0,1,1,1,3,0,2,2,3,False,True,True,True,True,12242,38127,131920,
MacroATLAS,tiny_01871,repair,macro,SAT,REPAIR,0,3,PASSED,1.0653370710001582,4,0,1,1,1,3,0,2,2,3,False,True,True,True,True,3916,7936,127908,
Oracle,tiny_01872,plain,oracle,SAT,MIN_EXPANDED_SIZE,0,2,REFERENCE_EXHAUSTIVE,0.214154210000288,3,0,1,1,1,,,,,,,,,,,,,44836,
ATLAS-B,tiny_01872,plain,atlas-b,SAT,MIN_EXPANDED_SIZE,0,2,PASSED,0.8149989089997689,3,0,1,1,1,2,0,1,1,2,False,True,True,True,True,5846,17757,102324,
MacroATLAS,tiny_01872,plain,macro,SAT,MIN_EXPANDED_SIZE,0,2,PASSED,0.7648095749996173,3,0,1,1,1,2,0,1,1,2,False,True,True,True,True,1214,2267,93848,
Oracle,tiny_01873,nnf,oracle,SAT,MIN_EXPANDED_SIZE,0,2,REFERENCE_EXHAUSTIVE,0.21402989699981845,3,0,1,1,1,,,,,,,,,,,,,44996,
ATLAS-B,tiny_01873,nnf,atlas-b,SAT,MIN_EXPANDED_SIZE,0,2,PASSED,0.7147920049997083,3,0,1,1,1,2,0,1,1,2,False,True,True,True,True,2949,8090,102592,
MacroATLAS,tiny_01873,nnf,macro,SAT,MIN_EXPANDED_SIZE,0,2,PASSED,0.7648291550003705,3,0,1,1,1,2,0,1,1,2,False,True,True,True,True,2284,4809,110108,
Oracle,tiny_01874,cnf,oracle,SAT,MIN_EXPANDED_SIZE,0,3,REFERENCE_EXHAUSTIVE,0.21406862800040471,3,1,2,2,1,,,,,,,,,,,,,46624,
ATLAS-B,tiny_01874,cnf,atlas-b,SAT,MIN_EXPANDED_SIZE,0,3,PASSED,0.9652037999999266,3,1,2,2,1,3,1,0,0,3,False,True,True,True,True,12740,40587,113388,
MacroATLAS,tiny_01874,cnf,macro,SAT,MIN_EXPANDED_SIZE,0,3,PASSED,0.8649882360000447,3,1,2,2,1,3,1,0,0,3,False,True,True,True,True,5286,12159,124156,
Oracle,tiny_01875,dnf,oracle,SAT,MIN_EXPANDED_SIZE,0,3,REFERENCE_EXHAUSTIVE,0.21411358000023029,3,1,2,2,1,,,,,,,,,,,,,47228,
ATLAS-B,tiny_01875,dnf,atlas-b,SAT,MIN_EXPANDED_SIZE,0,3,PASSED,0.9152014109999982,3,1,2,2,1,3,1,0,0,3,False,True,True,True,True,16539,53823,128340,
MacroATLAS,tiny_01875,dnf,macro,SAT,MIN_EXPANDED_SIZE,0,3,PASSED,0.9151379589998214,3,1,2,2,1,3,1,0,0,3,False,True,True,True,True,5286,12159,129364,
Oracle,tiny_01876,required,oracle,SAT,MIN_EXPANDED_SIZE,0,2,REFERENCE_EXHAUSTIVE,0.1639520270000503,3,0,1,1,1,,,,,,,,,,,,,44992,
ATLAS-B,tiny_01876,required,atlas-b,SAT,MIN_EXPANDED_SIZE,0,2,PASSED,0.76498914900003,3,0,1,1,1,2,0,1,1,2,False,True,True,True,True,4324,12627,97132,
MacroATLAS,tiny_01876,required,macro,SAT,MIN_EXPANDED_SIZE,0,2,PASSED,0.6648247969997101,3,0,1,1,1,2,0,1,1,2,False,True,True,True,True,1214,2267,92728,
Oracle,tiny_01877,no_dag_reuse,oracle,SAT,MIN_EXPANDED_SIZE,0,2,REFERENCE_EXHAUSTIVE,0.21407184800000323,3,0,1,1,1,,,,,,,,,,,,,44820,
ATLAS-B,tiny_01877,no_dag_reuse,atlas-b,SAT,MIN_EXPANDED_SIZE,0,2,PASSED,0.7649063569997452,3,0,1,1,1,2,0,1,1,2,False,True,True,True,True,5879,17808,97844,
MacroATLAS,tiny_01877,no_dag_reuse,macro,SAT,MIN_EXPANDED_SIZE,0,2,PASSED,0.7148179370001344,3,0,1,1,1,2,0,1,1,2,False,True,True,True,True,1420,2690,93616,
Oracle,tiny_01878,global_prop,oracle,SAT,MIN_EXPANDED_SIZE,0,4,REFERENCE_EXHAUSTIVE,0.31425209100007123,4,1,2,2,1,,,,,,,,,,,,,73980,
ATLAS-B,tiny_01878,global_prop,atlas-b,SAT,MIN_EXPANDED_SIZE,0,4,PASSED,0.9152568629997404,4,1,2,2,1,4,1,1,1,4,False,True,True,True,True,17331,55215,128740,
MacroATLAS,tiny_01878,global_prop,macro,SAT,MIN_EXPANDED_SIZE,0,4,PASSED,0.9150500579999061,4,1,2,2,1,4,1,1,1,4,False,True,True,True,True,6887,16121,124692,
Oracle,tiny_01879,repair,oracle,UNSAT,REPAIR,0,0,REFERENCE_EXHAUSTIVE,0.21401096699992195,2,0,1,2,1,,,,,,,,,,,,,45052,
ATLAS-B,tiny_01879,repair,atlas-b,UNSAT,REPAIR,0,0,NOT_APPLICABLE_UNSAT,0.915192100999775,2,0,1,2,1,,,,,,,,,,,6759,20719,125088,
MacroATLAS,tiny_01879,repair,macro,UNSAT,REPAIR,0,0,NOT_APPLICABLE_UNSAT,0.8650886200002788,2,0,1,2,1,,0,,,,,,,,,1191,2066,120224,
Oracle,tiny_01880,plain,oracle,SAT,MIN_EXPANDED_SIZE,0,3,REFERENCE_EXHAUSTIVE,0.21414892100028737,3,1,2,1,2,,,,,,,,,,,,,46536,
ATLAS-B,tiny_01880,plain,atlas-b,SAT,MIN_EXPANDED_SIZE,0,3,PASSED,0.8151034509996862,3,1,2,1,2,3,1,0,0,3,False,True,True,True,True,12707,40524,113256,
MacroATLAS,tiny_01880,plain,macro,SAT,MIN_EXPANDED_SIZE,0,3,PASSED,0.7648170150000624,3,1,2,1,2,3,1,0,0,3,False,True,True,True,True,2616,5312,100088,
Oracle,tiny_01881,nnf,oracle,SAT,MIN_EXPANDED_SIZE,0,3,REFERENCE_EXHAUSTIVE,0.21396574600021268,3,1,2,1,2,,,,,,,,,,,,,47204,
ATLAS-B,tiny_01881,nnf,atlas-b,SAT,MIN_EXPANDED_SIZE,0,3,PASSED,0.9150518579999698,3,1,2,1,2,3,1,0,0,3,False,True,True,True,True,12714,40544,117440,
MacroATLAS,tiny_01881,nnf,macro,SAT,MIN_EXPANDED_SIZE,0,3,PASSED,0.8649547659997552,3,1,2,1,2,3,1,0,0,3,False,True,True,True,True,4466,10083,120764,
Oracle,tiny_01882,cnf,oracle,UNSAT,MIN_EXPANDED_SIZE,0,0,REFERENCE_EXHAUSTIVE,0.21412276099999872,2,0,1,2,1,,,,,,,,,,,,,44692,
ATLAS-B,tiny_01882,cnf,atlas-b,UNSAT,MIN_EXPANDED_SIZE,0,0,NOT_APPLICABLE_UNSAT,0.7649573280000368,2,0,1,2,1,,,,,,,,,,,5961,18146,100676,
MacroATLAS,tiny_01882,cnf,macro,UNSAT,MIN_EXPANDED_SIZE,0,0,NOT_APPLICABLE_UNSAT,0.8151590419997774,2,0,1,2,1,,0,,,,,,,,,3022,6688,108924,
Oracle,tiny_01883,dnf,oracle,UNSAT,MIN_EXPANDED_SIZE,0,0,REFERENCE_EXHAUSTIVE,0.21415391100026682,2,0,1,2,1,,,,,,,,,,,,,44784,
ATLAS-B,tiny_01883,dnf,atlas-b,UNSAT,MIN_EXPANDED_SIZE,0,0,NOT_APPLICABLE_UNSAT,0.7647830140003862,2,0,1,2,1,,,,,,,,,,,8133,25636,106656,
MacroATLAS,tiny_01883,dnf,macro,UNSAT,MIN_EXPANDED_SIZE,0,0,NOT_APPLICABLE_UNSAT,0.7649461480000355,2,0,1,2,1,,0,,,,,,,,,3022,6688,106324,
Oracle,tiny_01884,required,oracle,SAT,MIN_EXPANDED_SIZE,0,3,REFERENCE_EXHAUSTIVE,0.21413536099998964,3,1,2,1,2,,,,,,,,,,,,,46828,
ATLAS-B,tiny_01884,required,atlas-b,SAT,MIN_EXPANDED_SIZE,0,3,PASSED,0.8150553390000823,3,1,2,1,2,3,1,0,0,3,False,True,True,True,True,9623,29927,106240,
MacroATLAS,tiny_01884,required,macro,SAT,MIN_EXPANDED_SIZE,0,3,PASSED,0.815053220000209,3,1,2,1,2,3,1,0,0,3,False,True,True,True,True,3248,6867,105180,
Oracle,tiny_01885,no_dag_reuse,oracle,SAT,MIN_EXPANDED_SIZE,0,3,REFERENCE_EXHAUSTIVE,0.21407107899995026,3,1,2,1,2,,,,,,,,,,,,,47588,
ATLAS-B,tiny_01885,no_dag_reuse,atlas-b,SAT,MIN_EXPANDED_SIZE,0,3,PASSED,0.8649509560000297,3,1,2,1,2,3,1,0,0,3,False,True,True,True,True,12757,40603,108940,
MacroATLAS,tiny_01885,no_dag_reuse,macro,SAT,MIN_EXPANDED_SIZE,0,3,PASSED,0.7147777350000979,3,1,2,1,2,3,1,0,0,3,False,True,True,True,True,2914,5792,101556,
Oracle,tiny_01886,global_prop,oracle,UNSAT,MIN_EXPANDED_SIZE,0,0,REFERENCE_EXHAUSTIVE,0.21404245799976707,2,0,1,2,1,,,,,,,,,,,,,45140,
ATLAS-B,tiny_01886,global_prop,atlas-b,UNSAT,MIN_EXPANDED_SIZE,0,0,NOT_APPLICABLE_UNSAT,0.6646431730000586,2,0,1,2,1,,,,,,,,,,,1144,2553,93048,
MacroATLAS,tiny_01886,global_prop,macro,UNSAT,MIN_EXPANDED_SIZE,0,0,NOT_APPLICABLE_UNSAT,0.764782883999942,2,0,1,2,1,,0,,,,,,,,,2604,5442,107724,
Oracle,tiny_01887,repair,oracle,SAT,REPAIR,1,2,REFERENCE_EXHAUSTIVE,0.21418618100005915,3,0,1,1,1,,,,,,,,,,,,,45468,
ATLAS-B,tiny_01887,repair,atlas-b,SAT,REPAIR,1,2,PASSED,0.8149642270000186,3,0,1,1,1,2,0,1,1,2,False,True,True,True,True,6893,20787,104748,
MacroATLAS,tiny_01887,repair,macro,SAT,REPAIR,1,2,PASSED,0.7147645250001915,3,0,1,1,1,2,0,1,1,2,False,True,True,True,True,2316,4422,100804,
Oracle,tiny_01888,plain,oracle,SAT,MIN_EXPANDED_SIZE,0,3,REFERENCE_EXHAUSTIVE,0.21405085800006418,3,1,2,2,1,,,,,,,,,,,,,46556,
ATLAS-B,tiny_01888,plain,atlas-b,SAT,MIN_EXPANDED_SIZE,0,3,PASSED,0.9151786500001435,3,1,2,2,1,3,1,0,0,3,False,True,True,True,True,16506,53765,123760,
MacroATLAS,tiny_01888,plain,macro,SAT,MIN_EXPANDED_SIZE,0,3,PASSED,0.7648313649997363,3,1,2,2,1,3,1,0,0,3,False,True,True,True,True,2616,5312,97916,
Oracle,tiny_01889,nnf,oracle,SAT,MIN_EXPANDED_SIZE,0,3,REFERENCE_EXHAUSTIVE,0.21409624999978405,3,1,2,2,1,,,,,,,,,,,,,47164,
ATLAS-B,tiny_01889,nnf,atlas-b,SAT,MIN_EXPANDED_SIZE,0,3,PASSED,0.8150120789996436,3,1,2,2,1,3,1,0,0,3,False,True,True,True,True,7129,21461,105284,
MacroATLAS,tiny_01889,nnf,macro,SAT,MIN_EXPANDED_SIZE,0,3,PASSED,0.8149109969999699,3,1,2,2,1,3,1,0,0,3,False,True,True,True,True,4466,10083,111024,
Oracle,tiny_01890,cnf,oracle,SAT,MIN_EXPANDED_SIZE,0,1,REFERENCE_EXHAUSTIVE,0.21406820799984416,2,0,1,1,1,,,,,,,,,,,,,45264,
ATLAS-B,tiny_01890,cnf,atlas-b,SAT,MIN_EXPANDED_SIZE,0,1,PASSED,0.7649008970001887,2,0,1,1,1,1,0,0,0,1,False,True,True,True,True,5547,17342,103040,
MacroATLAS,tiny_01890,cnf,macro,SAT,MIN_EXPANDED_SIZE,0,1,PASSED,0.7648335949998,2,0,1,1,1,1,0,0,0,1,False,True,True,True,True,888,1673,100336,
Oracle,tiny_01891,dnf,oracle,SAT,MIN_EXPANDED_SIZE,0,1,REFERENCE_EXHAUSTIVE,0.21416742100018382,2,0,1,1,1,,,,,,,,,,,,,44216,
ATLAS-B,tiny_01891,dnf,atlas-b,SAT,MIN_EXPANDED_SIZE,0,1,PASSED,0.7650523299998895,2,0,1,1,1,1,0,0,0,1,False,True,True,True,True,5547,17342,102872,
MacroATLAS,tiny_01891,dnf,macro,SAT,MIN_EXPANDED_SIZE,0,1,PASSED,0.7147610140000324,2,0,1,1,1,1,0,0,0,1,False,True,True,True,True,888,1673,100392,
Oracle,tiny_01892,required,oracle,SAT,MIN_EXPANDED_SIZE,0,3,REFERENCE_EXHAUSTIVE,0.2141468109998641,3,1,2,2,1,,,,,,,,,,,,,46884,
ATLAS-B,tiny_01892,required,atlas-b,SAT,MIN_EXPANDED_SIZE,0,3,PASSED,0.8649690759998521,3,1,2,2,1,3,1,0,0,3,False,True,True,True,True,12707,40524,116156,
MacroATLAS,tiny_01892,required,macro,SAT,MIN_EXPANDED_SIZE,0,3,PASSED,0.7648821459997635,3,1,2,2,1,3,1,0,0,3,False,True,True,True,True,3248,6867,103124,
Oracle,tiny_01893,no_dag_reuse,oracle,SAT,MIN_EXPANDED_SIZE,0,3,REFERENCE_EXHAUSTIVE,0.21404569800006357,3,1,2,2,1,,,,,,,,,,,,,46872,
ATLAS-B,tiny_01893,no_dag_reuse,atlas-b,SAT,MIN_EXPANDED_SIZE,0,3,PASSED,0.8650902090003001,3,1,2,2,1,3,1,0,0,3,False,True,True,True,True,9670,29984,109452,
MacroATLAS,tiny_01893,no_dag_reuse,macro,SAT,MIN_EXPANDED_SIZE,0,3,PASSED,0.7148717569998553,3,1,2,2,1,3,1,0,0,3,False,True,True,True,True,2914,5792,96276,
Oracle,tiny_01894,global_prop,oracle,SAT,MIN_EXPANDED_SIZE,0,2,REFERENCE_EXHAUSTIVE,0.16410064100000454,3,0,1,1,1,,,,,,,,,,,,,45144,
ATLAS-B,tiny_01894,global_prop,atlas-b,SAT,MIN_EXPANDED_SIZE,0,2,PASSED,0.7648134050000408,3,0,1,1,1,2,0,1,1,2,False,True,True,True,True,4365,12632,105536,
MacroATLAS,tiny_01894,global_prop,macro,SAT,MIN_EXPANDED_SIZE,0,2,PASSED,0.8150135880000562,3,0,1,1,1,2,0,1,1,2,False,True,True,True,True,2405,5126,112364,
Oracle,tiny_01895,repair,oracle,SAT,REPAIR,0,3,REFERENCE_EXHAUSTIVE,0.21418813199989017,4,0,1,1,1,,,,,,,,,,,,,47740,
ATLAS-B,tiny_01895,repair,atlas-b,SAT,REPAIR,0,3,PASSED,1.2659164820001934,4,0,1,1,1,3,0,2,2,3,False,True,True,True,True,15515,49498,132168,
MacroATLAS,tiny_01895,repair,macro,SAT,REPAIR,0,3,PASSED,1.0653209600000082,4,0,1,1,1,3,0,2,2,3,False,True,True,True,True,3916,7936,128064,
Oracle,tiny_01896,plain,oracle,SAT,MIN_EXPANDED_SIZE,0,2,REFERENCE_EXHAUSTIVE,0.16398948699998073,3,0,1,1,1,,,,,,,,,,,,,44676,
ATLAS-B,tiny_01896,plain,atlas-b,SAT,MIN_EXPANDED_SIZE,0,2,PASSED,0.8650314779997643,3,0,1,1,1,2,0,1,1,2,False,True,True,True,True,10072,32384,111156,
MacroATLAS,tiny_01896,plain,macro,SAT,MIN_EXPANDED_SIZE,0,2,PASSED,0.7650024790000316,3,0,1,1,1,2,0,1,1,2,False,True,True,True,True,2596,5050,106556,
Oracle,tiny_01897,nnf,oracle,SAT,MIN_EXPANDED_SIZE,0,2,REFERENCE_EXHAUSTIVE,0.21416210100005628,3,0,1,1,1,,,,,,,,,,,,,45276,
ATLAS-B,tiny_01897,nnf,atlas-b,SAT,MIN_EXPANDED_SIZE,0,2,PASSED,0.7649169480000637,3,0,1,1,1,2,0,1,1,2,False,True,True,True,True,4333,12643,97644,
MacroATLAS,tiny_01897,nnf,macro,SAT,MIN_EXPANDED_SIZE,0,2,PASSED,0.8150410799999008,3,0,1,1,1,2,0,1,1,2,False,True,True,True,True,3672,7994,110396,
Oracle,tiny_01898,cnf,oracle,SAT,MIN_EXPANDED_SIZE,0,2,REFERENCE_EXHAUSTIVE,0.2141483000000335,3,0,1,1,1,,,,,,,,,,,,,45036,
ATLAS-B,tiny_01898,cnf,atlas-b,SAT,MIN_EXPANDED_SIZE,0,2,PASSED,0.8652127719997225,3,0,1,1,1,2,0,1,1,2,False,True,True,True,True,7765,24296,102424,
MacroATLAS,tiny_01898,cnf,macro,SAT,MIN_EXPANDED_SIZE,0,2,PASSED,0.8649461259997224,3,0,1,1,1,2,0,1,1,2,False,True,True,True,True,3025,6690,122184,
Oracle,tiny_01899,dnf,oracle,SAT,MIN_EXPANDED_SIZE,0,2,REFERENCE_EXHAUSTIVE,0.21412708999969254,3,0,1,1,1,,,,,,,,,,,,,45056,
ATLAS-B,tiny_01899,dnf,atlas-b,SAT,MIN_EXPANDED_SIZE,0,2,PASSED,0.7649302179997903,3,0,1,1,1,2,0,1,1,2,False,True,True,True,True,7766,24292,100480,
MacroATLAS,tiny_01899,dnf,macro,SAT,MIN_EXPANDED_SIZE,0,2,PASSED,0.8650415389997761,3,0,1,1,1,2,0,1,1,2,False,True,True,True,True,3025,6690,119400,
Oracle,tiny_01900,required,oracle,SAT,MIN_EXPANDED_SIZE,0,2,REFERENCE_EXHAUSTIVE,0.21411280900019847,3,0,1,1,1,,,,,,,,,,,,,45212,
ATLAS-B,tiny_01900,required,atlas-b,SAT,MIN_EXPANDED_SIZE,0,2,PASSED,0.8650847390003946,3,0,1,1,1,2,0,1,1,2,False,True,True,True,True,10071,32389,111664,
MacroATLAS,tiny_01900,required,macro,SAT,MIN_EXPANDED_SIZE,0,2,PASSED,0.7148604479998539,3,0,1,1,1,2,0,1,1,2,False,True,True,True,True,2346,4618,97100,
Oracle,tiny_01901,no_dag_reuse,oracle,SAT,MIN_EXPANDED_SIZE,0,2,REFERENCE_EXHAUSTIVE,0.1641457820001051,3,0,1,1,1,,,,,,,,,,,,,45016,
ATLAS-B,tiny_01901,no_dag_reuse,atlas-b,SAT,MIN_EXPANDED_SIZE,0,2,PASSED,0.8150808700002017,3,0,1,1,1,2,0,1,1,2,False,True,True,True,True,7766,24288,105932,
MacroATLAS,tiny_01901,no_dag_reuse,macro,SAT,MIN_EXPANDED_SIZE,0,2,PASSED,0.8650334479998492,3,0,1,1,1,2,0,1,1,2,False,True,True,True,True,4014,8497,116104,
Oracle,tiny_01902,global_prop,oracle,SAT,MIN_EXPANDED_SIZE,0,3,REFERENCE_EXHAUSTIVE,0.2140672989999075,4,0,1,1,1,,,,,,,,,,,,,46404,
ATLAS-B,tiny_01902,global_prop,atlas-b,SAT,MIN_EXPANDED_SIZE,0,3,PASSED,0.8652350829997886,4,0,1,1,1,3,0,2,2,3,False,True,True,True,True,10770,33781,109332,
MacroATLAS,tiny_01902,global_prop,macro,SAT,MIN_EXPANDED_SIZE,0,3,PASSED,0.7648164850002104,4,0,1,1,1,3,0,2,2,3,False,True,True,True,True,2920,6505,112952,
Oracle,tiny_01903,repair,oracle,UNSAT,REPAIR,0,0,REFERENCE_EXHAUSTIVE,0.2140355879996605,2,0,1,2,1,,,,,,,,,,,,,45172,
ATLAS-B,tiny_01903,repair,atlas-b,UNSAT,REPAIR,0,0,NOT_APPLICABLE_UNSAT,0.9150534170003084,2,0,1,2,1,,,,,,,,,,,9150,29001,126784,
MacroATLAS,tiny_01903,repair,macro,UNSAT,REPAIR,0,0,NOT_APPLICABLE_UNSAT,0.8650442380003369,2,0,1,2,1,,0,,,,,,,,,1191,2066,114248,
Oracle,tiny_01904,plain,oracle,SAT,MIN_EXPANDED_SIZE,0,2,REFERENCE_EXHAUSTIVE,0.16406433000020115,3,0,1,1,1,,,,,,,,,,,,,44632,
ATLAS-B,tiny_01904,plain,atlas-b,SAT,MIN_EXPANDED_SIZE,0,2,PASSED,0.7650129489998108,3,0,1,1,1,2,0,1,1,2,False,True,True,True,True,4325,12625,105660,
MacroATLAS,tiny_01904,plain,macro,SAT,MIN_EXPANDED_SIZE,0,2,PASSED,0.7149056680000285,3,0,1,1,1,2,0,1,1,2,False,True,True,True,True,2504,4747,97100,
Oracle,tiny_01905,nnf,oracle,SAT,MIN_EXPANDED_SIZE,0,2,REFERENCE_EXHAUSTIVE,0.16405014899964954,3,0,1,1,1,,,,,,,,,,,,,44904,
ATLAS-B,tiny_01905,nnf,atlas-b,SAT,MIN_EXPANDED_SIZE,0,2,PASSED,0.8151494919998186,3,0,1,1,1,2,0,1,1,2,False,True,True,True,True,7742,24261,105736,
MacroATLAS,tiny_01905,nnf,macro,SAT,MIN_EXPANDED_SIZE,0,2,PASSED,0.9149706849998438,3,0,1,1,1,2,0,1,1,2,False,True,True,True,True,5082,11075,129276,
Oracle,tiny_01906,cnf,oracle,SAT,MIN_EXPANDED_SIZE,0,3,REFERENCE_EXHAUSTIVE,0.21410133900008077,3,1,2,1,2,,,,,,,,,,,,,46832,
ATLAS-B,tiny_01906,cnf,atlas-b,SAT,MIN_EXPANDED_SIZE,0,3,PASSED,0.965147918999719,3,1,2,1,2,3,1,0,0,3,False,True,True,True,True,16539,53814,130184,
MacroATLAS,tiny_01906,cnf,macro,SAT,MIN_EXPANDED_SIZE,0,3,PASSED,0.9651913600000626,3,1,2,1,2,3,1,0,0,3,False,True,True,True,True,5286,12159,133884,
Oracle,tiny_01907,dnf,oracle,SAT,MIN_EXPANDED_SIZE,0,3,REFERENCE_EXHAUSTIVE,0.21407199900022533,3,1,2,1,2,,,,,,,,,,,,,46644,
ATLAS-B,tiny_01907,dnf,atlas-b,SAT,MIN_EXPANDED_SIZE,0,3,PASSED,0.9151710200003436,3,1,2,1,2,3,1,0,0,3,False,True,True,True,True,16539,53826,125532,
MacroATLAS,tiny_01907,dnf,macro,SAT,MIN_EXPANDED_SIZE,0,3,PASSED,0.9152116619998196,3,1,2,1,2,3,1,0,0,3,False,True,True,True,True,5286,12159,131112,
Oracle,tiny_01908,required,oracle,SAT,MIN_EXPANDED_SIZE,0,2,REFERENCE_EXHAUSTIVE,0.21410892900030376,3,0,1,1,1,,,,,,,,,,,,,44772,
ATLAS-B,tiny_01908,required,atlas-b,SAT,MIN_EXPANDED_SIZE,0,2,PASSED,0.8150571400001354,3,0,1,1,1,2,0,1,1,2,False,True,True,True,True,4327,12629,100964,
MacroATLAS,tiny_01908,required,macro,SAT,MIN_EXPANDED_SIZE,0,2,PASSED,0.7147850850001305,3,0,1,1,1,2,0,1,1,2,False,True,True,True,True,2518,4671,97676,
Oracle,tiny_01909,no_dag_reuse,oracle,SAT,MIN_EXPANDED_SIZE,0,2,REFERENCE_EXHAUSTIVE,0.21410775000003923,3,0,1,1,1,,,,,,,,,,,,,45160,
ATLAS-B,tiny_01909,no_dag_reuse,atlas-b,SAT,MIN_EXPANDED_SIZE,0,2,PASSED,0.8650715290000335,3,0,1,1,1,2,0,1,1,2,False,True,True,True,True,7767,24292,109656,
MacroATLAS,tiny_01909,no_dag_reuse,macro,SAT,MIN_EXPANDED_SIZE,0,2,PASSED,0.8150165179999931,3,0,1,1,1,2,0,1,1,2,False,True,True,True,True,5222,10546,110364,
Oracle,tiny_01910,global_prop,oracle,SAT,MIN_EXPANDED_SIZE,0,4,REFERENCE_EXHAUSTIVE,0.3142043999996531,4,1,2,1,2,,,,,,,,,,,,,73508,
ATLAS-B,tiny_01910,global_prop,atlas-b,SAT,MIN_EXPANDED_SIZE,0,4,PASSED,0.8148671649996686,4,1,2,1,2,4,1,1,1,4,False,True,True,True,True,7085,20523,105792,
MacroATLAS,tiny_01910,global_prop,macro,SAT,MIN_EXPANDED_SIZE,0,4,PASSED,0.9653706839999359,4,1,2,1,2,4,1,1,1,4,False,True,True,True,True,6887,16121,130076,
Oracle,tiny_01911,repair,oracle,SAT,REPAIR,1,2,REFERENCE_EXHAUSTIVE,0.21411029999990205,3,0,1,1,1,,,,,,,,,,,,,45056,
ATLAS-B,tiny_01911,repair,atlas-b,SAT,REPAIR,1,2,PASSED,0.814969098000347,3,0,1,1,1,2,0,1,1,2,False,True,True,True,True,8992,28008,107624,
MacroATLAS,tiny_01911,repair,macro,SAT,REPAIR,1,2,PASSED,0.7649512990001313,3,0,1,1,1,2,0,1,1,2,False,True,True,True,True,2316,4422,97572,
Oracle,tiny_01912,plain,oracle,SAT,MIN_EXPANDED_SIZE,0,3,REFERENCE_EXHAUSTIVE,0.2140975190000063,4,0,1,1,1,,,,,,,,,,,,,46324,
ATLAS-B,tiny_01912,plain,atlas-b,SAT,MIN_EXPANDED_SIZE,0,3,PASSED,0.8651247500001773,4,0,1,1,1,3,0,2,2,3,False,True,True,True,True,13676,44054,112012,
MacroATLAS,tiny_01912,plain,macro,SAT,MIN_EXPANDED_SIZE,0,3,PASSED,1.0151709579999988,4,0,1,1,1,3,0,2,2,3,False,True,True,True,True,5742,11480,136668,
Oracle,tiny_01913,nnf,oracle,SAT,MIN_EXPANDED_SIZE,0,3,REFERENCE_EXHAUSTIVE,0.2140145369999118,4,0,1,1,1,,,,,,,,,,,,,45896,
ATLAS-B,tiny_01913,nnf,atlas-b,SAT,MIN_EXPANDED_SIZE,0,3,PASSED,0.9650735370000803,4,0,1,1,1,3,0,2,2,3,False,True,True,True,True,18791,62245,127420,
MacroATLAS,tiny_01913,nnf,macro,SAT,MIN_EXPANDED_SIZE,0,3,PASSED,1.415677351999875,4,0,1,1,1,3,0,2,2,3,False,True,True,True,True,14041,35188,150444,
Oracle,tiny_01914,cnf,oracle,SAT,MIN_EXPANDED_SIZE,0,3,REFERENCE_EXHAUSTIVE,0.2141715809998459,3,1,2,2,1,,,,,,,,,,,,,46704,
ATLAS-B,tiny_01914,cnf,atlas-b,SAT,MIN_EXPANDED_SIZE,0,3,PASSED,0.9151265299997249,3,1,2,2,1,3,1,0,0,3,False,True,True,True,True,9657,29981,115296,
MacroATLAS,tiny_01914,cnf,macro,SAT,MIN_EXPANDED_SIZE,0,3,PASSED,0.9151631999998244,3,1,2,2,1,3,1,0,0,3,False,True,True,True,True,5286,12159,130960,
Oracle,tiny_01915,dnf,oracle,SAT,MIN_EXPANDED_SIZE,0,3,REFERENCE_EXHAUSTIVE,0.21410942900001828,3,1,2,2,1,,,,,,,,,,,,,46852,
ATLAS-B,tiny_01915,dnf,atlas-b,SAT,MIN_EXPANDED_SIZE,0,3,PASSED,0.8652164820000507,3,1,2,2,1,3,1,0,0,3,False,True,True,True,True,9657,29971,111484,
MacroATLAS,tiny_01915,dnf,macro,SAT,MIN_EXPANDED_SIZE,0,3,PASSED,0.9150169169997753,3,1,2,2,1,3,1,0,0,3,False,True,True,True,True,5286,12159,132248,
Oracle,tiny_01916,required,oracle,SAT,MIN_EXPANDED_SIZE,0,3,REFERENCE_EXHAUSTIVE,0.2140672989999075,4,0,1,1,1,,,,,,,,,,,,,46220,
ATLAS-B,tiny_01916,required,atlas-b,SAT,MIN_EXPANDED_SIZE,0,3,PASSED,0.9652985819998321,4,0,1,1,1,3,0,2,2,3,False,True,True,True,True,18781,62220,129708,
MacroATLAS,tiny_01916,required,macro,SAT,MIN_EXPANDED_SIZE,0,3,PASSED,1.0151985390002665,4,0,1,1,1,3,0,2,2,3,False,True,True,True,True,7249,15268,135900,
Oracle,tiny_01917,no_dag_reuse,oracle,SAT,MIN_EXPANDED_SIZE,0,3,REFERENCE_EXHAUSTIVE,0.2140459379997992,4,0,1,1,1,,,,,,,,,,,,,46416,
ATLAS-B,tiny_01917,no_dag_reuse,atlas-b,SAT,MIN_EXPANDED_SIZE,0,3,PASSED,0.7648028940002405,4,0,1,1,1,3,0,2,2,3,False,True,True,True,True,8315,25464,106332,
MacroATLAS,tiny_01917,no_dag_reuse,macro,SAT,MIN_EXPANDED_SIZE,0,3,PASSED,0.8148737559999972,4,0,1,1,1,3,0,2,2,3,False,True,True,True,True,4641,8851,115680,
Oracle,tiny_01918,global_prop,oracle,SAT,MIN_EXPANDED_SIZE,0,4,REFERENCE_EXHAUSTIVE,0.3142907819997163,4,1,2,2,1,,,,,,,,,,,,,72592,
ATLAS-B,tiny_01918,global_prop,atlas-b,SAT,MIN_EXPANDED_SIZE,0,4,PASSED,0.9654078549997394,4,1,2,2,1,4,1,1,1,4,False,True,True,True,True,17331,55213,130524,
MacroATLAS,tiny_01918,global_prop,macro,SAT,MIN_EXPANDED_SIZE,0,4,PASSED,1.0153692529997898,4,1,2,2,1,4,1,1,1,4,False,True,True,True,True,6887,16121,132772,
Oracle,tiny_01919,repair,oracle,SAT,REPAIR,0,3,REFERENCE_EXHAUSTIVE,0.21404591800001072,4,0,1,1,1,,,,,,,,,,,,,47320,
ATLAS-B,tiny_01919,repair,atlas-b,SAT,REPAIR,0,3,PASSED,1.1656714369996735,4,0,1,1,1,3,0,2,2,3,False,True,True,True,True,12241,38123,131032,
MacroATLAS,tiny_01919,repair,macro,SAT,REPAIR,0,3,PASSED,1.0151637779999874,4,0,1,1,1,3,0,2,2,3,False,True,True,True,True,3916,7936,126304,
Oracle,tiny_01920,plain,oracle,UNSAT,MIN_EXPANDED_SIZE,0,0,REFERENCE_EXHAUSTIVE,0.1639954070001295,2,0,1,2,1,,,,,,,,,,,,,44392,
ATLAS-B,tiny_01920,plain,atlas-b,UNSAT,MIN_EXPANDED_SIZE,0,0,NOT_APPLICABLE_UNSAT,0.714772654999706,2,0,1,2,1,,,,,,,,,,,5941,18119,93924,
MacroATLAS,tiny_01920,plain,macro,UNSAT,MIN_EXPANDED_SIZE,0,0,NOT_APPLICABLE_UNSAT,0.6647738070000742,2,0,1,2,1,,0,,,,,,,,,1398,2561,90144,
Oracle,tiny_01921,nnf,oracle,UNSAT,MIN_EXPANDED_SIZE,0,0,REFERENCE_EXHAUSTIVE,0.16397780699981013,2,0,1,2,1,,,,,,,,,,,,,44808,
ATLAS-B,tiny_01921,nnf,atlas-b,UNSAT,MIN_EXPANDED_SIZE,0,0,NOT_APPLICABLE_UNSAT,0.8149822579998727,2,0,1,2,1,,,,,,,,,,,5946,18127,100004,
MacroATLAS,tiny_01921,nnf,macro,UNSAT,MIN_EXPANDED_SIZE,0,0,NOT_APPLICABLE_UNSAT,0.765265915999862,2,0,1,2,1,,0,,,,,,,,,2468,5103,98408,
Oracle,tiny_01922,cnf,oracle,UNSAT,MIN_EXPANDED_SIZE,0,0,REFERENCE_EXHAUSTIVE,0.21400724700015417,2,0,1,2,1,,,,,,,,,,,,,44236,
ATLAS-B,tiny_01922,cnf,atlas-b,UNSAT,MIN_EXPANDED_SIZE,0,0,NOT_APPLICABLE_UNSAT,0.6648283570002604,2,0,1,2,1,,,,,,,,,,,2665,7170,97136,
MacroATLAS,tiny_01922,cnf,macro,UNSAT,MIN_EXPANDED_SIZE,0,0,NOT_APPLICABLE_UNSAT,0.8148552550001114,2,0,1,2,1,,0,,,,,,,,,3209,6984,115496,
Oracle,tiny_01923,dnf,oracle,UNSAT,MIN_EXPANDED_SIZE,0,0,REFERENCE_EXHAUSTIVE,0.2140448190002644,2,0,1,2,1,,,,,,,,,,,,,44672,
ATLAS-B,tiny_01923,dnf,atlas-b,UNSAT,MIN_EXPANDED_SIZE,0,0,NOT_APPLICABLE_UNSAT,0.7148141059997215,2,0,1,2,1,,,,,,,,,,,2667,7178,97076,
MacroATLAS,tiny_01923,dnf,macro,UNSAT,MIN_EXPANDED_SIZE,0,0,NOT_APPLICABLE_UNSAT,0.8147489419998237,2,0,1,2,1,,0,,,,,,,,,3209,6984,109012,
Oracle,tiny_01924,required,oracle,UNSAT,MIN_EXPANDED_SIZE,0,0,REFERENCE_EXHAUSTIVE,0.21407848899980308,2,0,1,2,1,,,,,,,,,,,,,44608,
ATLAS-B,tiny_01924,required,atlas-b,UNSAT,MIN_EXPANDED_SIZE,0,0,NOT_APPLICABLE_UNSAT,0.665025391999734,2,0,1,2,1,,,,,,,,,,,674,1404,91620,
MacroATLAS,tiny_01924,required,macro,UNSAT,MIN_EXPANDED_SIZE,0,0,NOT_APPLICABLE_UNSAT,0.6147340170000462,2,0,1,2,1,,0,,,,,,,,,1211,2265,85828,
Oracle,tiny_01925,no_dag_reuse,oracle,UNSAT,MIN_EXPANDED_SIZE,0,0,REFERENCE_EXHAUSTIVE,0.21410425900012342,2,0,1,2,1,,,,,,,,,,,,,44140,
ATLAS-B,tiny_01925,no_dag_reuse,atlas-b,UNSAT,MIN_EXPANDED_SIZE,0,0,NOT_APPLICABLE_UNSAT,0.7148470470001485,2,0,1,2,1,,,,,,,,,,,2665,7169,94336,
MacroATLAS,tiny_01925,no_dag_reuse,macro,UNSAT,MIN_EXPANDED_SIZE,0,0,NOT_APPLICABLE_UNSAT,0.6648440679996384,2,0,1,2,1,,0,,,,,,,,,1508,2728,90196,
Oracle,tiny_01926,global_prop,oracle,UNSAT,MIN_EXPANDED_SIZE,0,0,REFERENCE_EXHAUSTIVE,0.21404291800035935,2,0,1,2,1,,,,,,,,,,,,,44372,
ATLAS-B,tiny_01926,global_prop,atlas-b,UNSAT,MIN_EXPANDED_SIZE,0,0,NOT_APPLICABLE_UNSAT,0.815079550000064,2,0,1,2,1,,,,,,,,,,,10901,35291,106416,
MacroATLAS,tiny_01926,global_prop,macro,UNSAT,MIN_EXPANDED_SIZE,0,0,NOT_APPLICABLE_UNSAT,0.7648442049999176,2,0,1,2,1,,0,,,,,,,,,2402,5124,106104,
Oracle,tiny_01927,repair,oracle,UNSAT,REPAIR,0,0,REFERENCE_EXHAUSTIVE,0.2140293180000299,2,0,1,2,1,,,,,,,,,,,,,45236,
ATLAS-B,tiny_01927,repair,atlas-b,UNSAT,REPAIR,0,0,NOT_APPLICABLE_UNSAT,1.0153883339999084,2,0,1,2,1,,,,,,,,,,,12164,39575,127832,
MacroATLAS,tiny_01927,repair,macro,UNSAT,REPAIR,0,0,NOT_APPLICABLE_UNSAT,0.8650716590000229,2,0,1,2,1,,0,,,,,,,,,1378,2362,122516,
Oracle,tiny_01928,plain,oracle,SAT,MIN_EXPANDED_SIZE,0,1,REFERENCE_EXHAUSTIVE,0.16399017799994908,2,0,1,1,1,,,,,,,,,,,,,43888,
ATLAS-B,tiny_01928,plain,atlas-b,SAT,MIN_EXPANDED_SIZE,0,1,PASSED,0.7649518279999938,2,0,1,1,1,1,0,0,0,1,False,True,True,True,True,2939,8469,97852,
MacroATLAS,tiny_01928,plain,macro,SAT,MIN_EXPANDED_SIZE,0,1,PASSED,0.5646865369999432,2,0,1,1,1,1,0,0,0,1,False,True,True,True,True,320,523,84908,
Oracle,tiny_01929,nnf,oracle,SAT,MIN_EXPANDED_SIZE,0,1,REFERENCE_EXHAUSTIVE,0.1638560450001023,2,0,1,1,1,,,,,,,,,,,,,44428,
ATLAS-B,tiny_01929,nnf,atlas-b,SAT,MIN_EXPANDED_SIZE,0,1,PASSED,0.6648504479999247,2,0,1,1,1,1,0,0,0,1,False,True,True,True,True,1311,3221,94184,
MacroATLAS,tiny_01929,nnf,macro,SAT,MIN_EXPANDED_SIZE,0,1,PASSED,0.6648543979999886,2,0,1,1,1,1,0,0,0,1,False,True,True,True,True,667,1204,95656,
Oracle,tiny_01930,cnf,oracle,SAT,MIN_EXPANDED_SIZE,0,1,REFERENCE_EXHAUSTIVE,0.21401793700033522,2,0,1,1,1,,,,,,,,,,,,,44796,
ATLAS-B,tiny_01930,cnf,atlas-b,SAT,MIN_EXPANDED_SIZE,0,1,PASSED,0.6647430849998273,2,0,1,1,1,1,0,0,0,1,False,True,True,True,True,1904,5034,91328,
MacroATLAS,tiny_01930,cnf,macro,SAT,MIN_EXPANDED_SIZE,0,1,PASSED,0.7147606639996411,2,0,1,1,1,1,0,0,0,1,False,True,True,True,True,888,1673,102508,
Oracle,tiny_01931,dnf,oracle,SAT,MIN_EXPANDED_SIZE,0,1,REFERENCE_EXHAUSTIVE,0.21405486799994833,2,0,1,1,1,,,,,,,,,,,,,44640,
ATLAS-B,tiny_01931,dnf,atlas-b,SAT,MIN_EXPANDED_SIZE,0,1,PASSED,0.7148277460000827,2,0,1,1,1,1,0,0,0,1,False,True,True,True,True,2959,8500,95268,
MacroATLAS,tiny_01931,dnf,macro,SAT,MIN_EXPANDED_SIZE,0,1,PASSED,0.7647402319998946,2,0,1,1,1,1,0,0,0,1,False,True,True,True,True,888,1673,103428,
Oracle,tiny_01932,required,oracle,SAT,MIN_EXPANDED_SIZE,0,1,REFERENCE_EXHAUSTIVE,0.16402548899986868,2,0,1,1,1,,,,,,,,,,,,,44348,
ATLAS-B,tiny_01932,required,atlas-b,SAT,MIN_EXPANDED_SIZE,0,1,PASSED,0.7149800499996672,2,0,1,1,1,1,0,0,0,1,False,True,True,True,True,865,1944,99892,
MacroATLAS,tiny_01932,required,macro,SAT,MIN_EXPANDED_SIZE,0,1,PASSED,0.6146837150004103,2,0,1,1,1,1,0,0,0,1,False,True,True,True,True,320,523,88320,
Oracle,tiny_01933,no_dag_reuse,oracle,SAT,MIN_EXPANDED_SIZE,0,1,REFERENCE_EXHAUSTIVE,0.16399132800006555,2,0,1,1,1,,,,,,,,,,,,,44704,
ATLAS-B,tiny_01933,no_dag_reuse,atlas-b,SAT,MIN_EXPANDED_SIZE,0,1,PASSED,0.7146872529997381,2,0,1,1,1,1,0,0,0,1,False,True,True,True,True,1324,3238,97536,
MacroATLAS,tiny_01933,no_dag_reuse,macro,SAT,MIN_EXPANDED_SIZE,0,1,PASSED,0.6647158350001519,2,0,1,1,1,1,0,0,0,1,False,True,True,True,True,1321,2432,92812,
Oracle,tiny_01934,global_prop,oracle,SAT,MIN_EXPANDED_SIZE,0,2,REFERENCE_EXHAUSTIVE,0.21411103999980696,3,0,1,1,1,,,,,,,,,,,,,45224,
ATLAS-B,tiny_01934,global_prop,atlas-b,SAT,MIN_EXPANDED_SIZE,0,2,PASSED,0.8150739699999576,3,0,1,1,1,2,0,1,1,2,False,True,True,True,True,7773,24251,103016,
MacroATLAS,tiny_01934,global_prop,macro,SAT,MIN_EXPANDED_SIZE,0,2,PASSED,0.8149333769997611,3,0,1,1,1,2,0,1,1,2,False,True,True,True,True,2405,5126,110772,
Oracle,tiny_01935,repair,oracle,SAT,REPAIR,1,2,REFERENCE_EXHAUSTIVE,0.21412336100001994,3,0,1,1,1,,,,,,,,,,,,,45484,
ATLAS-B,tiny_01935,repair,atlas-b,SAT,REPAIR,1,2,PASSED,0.8149893780000639,3,0,1,1,1,2,0,1,1,2,False,True,True,True,True,5187,15005,105104,
MacroATLAS,tiny_01935,repair,macro,SAT,REPAIR,1,2,PASSED,0.7648820969998269,3,0,1,1,1,2,0,1,1,2,False,True,True,True,True,2316,4422,98480,
Oracle,tiny_01936,plain,oracle,SAT,MIN_EXPANDED_SIZE,0,2,REFERENCE_EXHAUSTIVE,0.16396646800012604,3,0,1,1,1,,,,,,,,,,,,,44672,
ATLAS-B,tiny_01936,plain,atlas-b,SAT,MIN_EXPANDED_SIZE,0,2,PASSED,0.7650423399995816,3,0,1,1,1,2,0,1,1,2,False,True,True,True,True,10071,32385,106296,
MacroATLAS,tiny_01936,plain,macro,SAT,MIN_EXPANDED_SIZE,0,2,PASSED,0.6647453450000285,3,0,1,1,1,2,0,1,1,2,False,True,True,True,True,1214,2267,94108,
Oracle,tiny_01937,nnf,oracle,SAT,MIN_EXPANDED_SIZE,0,2,REFERENCE_EXHAUSTIVE,0.21412559000009423,3,0,1,1,1,,,,,,,,,,,,,45036,
ATLAS-B,tiny_01937,nnf,atlas-b,SAT,MIN_EXPANDED_SIZE,0,2,PASSED,0.815029568999762,3,0,1,1,1,2,0,1,1,2,False,True,True,True,True,10077,32402,109128,
MacroATLAS,tiny_01937,nnf,macro,SAT,MIN_EXPANDED_SIZE,0,2,PASSED,0.8149811279999994,3,0,1,1,1,2,0,1,1,2,False,True,True,True,True,2284,4809,110836,
Oracle,tiny_01938,cnf,oracle,SAT,MIN_EXPANDED_SIZE,0,2,REFERENCE_EXHAUSTIVE,0.21404463699991538,3,0,1,1,1,,,,,,,,,,,,,44496,
ATLAS-B,tiny_01938,cnf,atlas-b,SAT,MIN_EXPANDED_SIZE,0,2,PASSED,0.7147464439999567,3,0,1,1,1,2,0,1,1,2,False,True,True,True,True,2129,5450,97332,
MacroATLAS,tiny_01938,cnf,macro,SAT,MIN_EXPANDED_SIZE,0,2,PASSED,0.8147861039997224,3,0,1,1,1,2,0,1,1,2,False,True,True,True,True,3025,6690,112112,
Oracle,tiny_01939,dnf,oracle,SAT,MIN_EXPANDED_SIZE,0,2,REFERENCE_EXHAUSTIVE,0.21397427600004448,3,0,1,1,1,,,,,,,,,,,,,44768,
ATLAS-B,tiny_01939,dnf,atlas-b,SAT,MIN_EXPANDED_SIZE,0,2,PASSED,0.764914668000074,3,0,1,1,1,2,0,1,1,2,False,True,True,True,True,5879,17816,107112,
MacroATLAS,tiny_01939,dnf,macro,SAT,MIN_EXPANDED_SIZE,0,2,PASSED,0.8650867589999507,3,0,1,1,1,2,0,1,1,2,False,True,True,True,True,3025,6690,116096,
Oracle,tiny_01940,required,oracle,SAT,MIN_EXPANDED_SIZE,0,2,REFERENCE_EXHAUSTIVE,0.21409543800018582,3,0,1,1,1,,,,,,,,,,,,,45164,
ATLAS-B,tiny_01940,required,atlas-b,SAT,MIN_EXPANDED_SIZE,0,2,PASSED,0.8149499569999534,3,0,1,1,1,2,0,1,1,2,False,True,True,True,True,5846,17760,102244,
MacroATLAS,tiny_01940,required,macro,SAT,MIN_EXPANDED_SIZE,0,2,PASSED,0.6647718470003383,3,0,1,1,1,2,0,1,1,2,False,True,True,True,True,1214,2267,89592,
Oracle,tiny_01941,no_dag_reuse,oracle,SAT,MIN_EXPANDED_SIZE,0,2,REFERENCE_EXHAUSTIVE,0.21406448800007638,3,0,1,1,1,,,,,,,,,,,,,44748,
ATLAS-B,tiny_01941,no_dag_reuse,atlas-b,SAT,MIN_EXPANDED_SIZE,0,2,PASSED,0.7650386010000148,3,0,1,1,1,2,0,1,1,2,False,True,True,True,True,4356,12673,100444,
MacroATLAS,tiny_01941,no_dag_reuse,macro,SAT,MIN_EXPANDED_SIZE,0,2,PASSED,0.6646385129997725,3,0,1,1,1,2,0,1,1,2,False,True,True,True,True,1420,2690,90436,
Oracle,tiny_01942,global_prop,oracle,SAT,MIN_EXPANDED_SIZE,0,3,REFERENCE_EXHAUSTIVE,0.21411751000005097,4,0,1,1,1,,,,,,,,,,,,,47036,
ATLAS-B,tiny_01942,global_prop,atlas-b,SAT,MIN_EXPANDED_SIZE,0,3,PASSED,0.86503853899967,4,0,1,1,1,3,0,2,2,3,False,True,True,True,True,13738,44077,113908,
MacroATLAS,tiny_01942,global_prop,macro,SAT,MIN_EXPANDED_SIZE,0,3,PASSED,0.8650192370000696,4,0,1,1,1,3,0,2,2,3,False,True,True,True,True,2920,6505,114608,
Oracle,tiny_01943,repair,oracle,SAT,REPAIR,0,3,REFERENCE_EXHAUSTIVE,0.2140708380002252,4,0,1,1,1,,,,,,,,,,,,,46856,
ATLAS-B,tiny_01943,repair,atlas-b,SAT,REPAIR,0,3,PASSED,1.265678454999943,4,0,1,1,1,3,0,2,2,3,False,True,True,True,True,15514,49496,133012,
MacroATLAS,tiny_01943,repair,macro,SAT,REPAIR,0,3,PASSED,1.0651789580001605,4,0,1,1,1,3,0,2,2,3,False,True,True,True,True,3916,7936,131596,
Oracle,tiny_01944,plain,oracle,SAT,MIN_EXPANDED_SIZE,0,3,REFERENCE_EXHAUSTIVE,0.21407687900000383,3,1,2,1,2,,,,,,,,,,,,,46948,
ATLAS-B,tiny_01944,plain,atlas-b,SAT,MIN_EXPANDED_SIZE,0,3,PASSED,0.9151668399999835,3,1,2,1,2,3,1,0,0,3,False,True,True,True,True,12709,40534,113352,
MacroATLAS,tiny_01944,plain,macro,SAT,MIN_EXPANDED_SIZE,0,3,PASSED,0.7151007419997768,3,1,2,1,2,3,1,0,0,3,False,True,True,True,True,2616,5312,99912,
Oracle,tiny_01945,nnf,oracle,SAT,MIN_EXPANDED_SIZE,0,3,REFERENCE_EXHAUSTIVE,0.21407152900019355,3,1,2,1,2,,,,,,,,,,,,,46776,
ATLAS-B,tiny_01945,nnf,atlas-b,SAT,MIN_EXPANDED_SIZE,0,3,PASSED,0.9652393209998991,3,1,2,1,2,3,1,0,0,3,False,True,True,True,True,16513,53788,129588,
MacroATLAS,tiny_01945,nnf,macro,SAT,MIN_EXPANDED_SIZE,0,3,PASSED,0.8151196909998362,3,1,2,1,2,3,1,0,0,3,False,True,True,True,True,4466,10083,118608,
Oracle,tiny_01946,cnf,oracle,SAT,MIN_EXPANDED_SIZE,0,3,REFERENCE_EXHAUSTIVE,0.21463194200032376,3,1,2,1,2,,,,,,,,,,,,,46948,
ATLAS-B,tiny_01946,cnf,atlas-b,SAT,MIN_EXPANDED_SIZE,0,3,PASSED,0.9652943819996835,3,1,2,1,2,3,1,0,0,3,False,True,True,True,True,16539,53818,126592,
MacroATLAS,tiny_01946,cnf,macro,SAT,MIN_EXPANDED_SIZE,0,3,PASSED,0.9653207129999828,3,1,2,1,2,3,1,0,0,3,False,True,True,True,True,5286,12159,132892,
Oracle,tiny_01947,dnf,oracle,SAT,MIN_EXPANDED_SIZE,0,3,REFERENCE_EXHAUSTIVE,0.2141345600002751,3,1,2,1,2,,,,,,,,,,,,,46772,
ATLAS-B,tiny_01947,dnf,atlas-b,SAT,MIN_EXPANDED_SIZE,0,3,PASSED,0.9151988910002729,3,1,2,1,2,3,1,0,0,3,False,True,True,True,True,12742,40588,115976,
MacroATLAS,tiny_01947,dnf,macro,SAT,MIN_EXPANDED_SIZE,0,3,PASSED,0.9151265589998729,3,1,2,1,2,3,1,0,0,3,False,True,True,True,True,5286,12159,125492,
Oracle,tiny_01948,required,oracle,SAT,MIN_EXPANDED_SIZE,0,3,REFERENCE_EXHAUSTIVE,0.2141114189998916,3,1,2,1,2,,,,,,,,,,,,,47028,
ATLAS-B,tiny_01948,required,atlas-b,SAT,MIN_EXPANDED_SIZE,0,3,PASSED,0.8150370789999215,3,1,2,1,2,3,1,0,0,3,False,True,True,True,True,9624,29923,104000,
MacroATLAS,tiny_01948,required,macro,SAT,MIN_EXPANDED_SIZE,0,3,PASSED,0.8149559080002291,3,1,2,1,2,3,1,0,0,3,False,True,True,True,True,3248,6867,110492,
Oracle,tiny_01949,no_dag_reuse,oracle,SAT,MIN_EXPANDED_SIZE,0,3,REFERENCE_EXHAUSTIVE,0.2141210400000091,3,1,2,1,2,,,,,,,,,,,,,47268,
ATLAS-B,tiny_01949,no_dag_reuse,atlas-b,SAT,MIN_EXPANDED_SIZE,0,3,PASSED,0.7648736370001643,3,1,2,1,2,3,1,0,0,3,False,True,True,True,True,7170,21525,100216,
MacroATLAS,tiny_01949,no_dag_reuse,macro,SAT,MIN_EXPANDED_SIZE,0,3,PASSED,0.7652154750003319,3,1,2,1,2,3,1,0,0,3,False,True,True,True,True,2914,5792,102236,
Oracle,tiny_01950,global_prop,oracle,SAT,MIN_EXPANDED_SIZE,0,4,REFERENCE_EXHAUSTIVE,0.31427075200008403,4,1,2,1,2,,,,,,,,,,,,,72912,
ATLAS-B,tiny_01950,global_prop,atlas-b,SAT,MIN_EXPANDED_SIZE,0,4,PASSED,1.0152645709999888,4,1,2,1,2,4,1,1,1,4,False,True,True,True,True,22169,72017,138304,
MacroATLAS,tiny_01950,global_prop,macro,SAT,MIN_EXPANDED_SIZE,0,4,PASSED,1.0152246889997514,4,1,2,1,2,4,1,1,1,4,False,True,True,True,True,6887,16121,137240,
Oracle,tiny_01951,repair,oracle,UNSAT,REPAIR,0,0,REFERENCE_EXHAUSTIVE,0.2140686990001086,2,0,1,2,1,,,,,,,,,,,,,45288,
ATLAS-B,tiny_01951,repair,atlas-b,UNSAT,REPAIR,0,0,NOT_APPLICABLE_UNSAT,0.8650948099998459,2,0,1,2,1,,,,,,,,,,,4857,14257,116056,
MacroATLAS,tiny_01951,repair,macro,UNSAT,REPAIR,0,0,NOT_APPLICABLE_UNSAT,0.9149141839998265,2,0,1,2,1,,0,,,,,,,,,1378,2362,119716,
Oracle,tiny_01952,plain,oracle,SAT,MIN_EXPANDED_SIZE,0,3,REFERENCE_EXHAUSTIVE,0.21417923199987854,3,1,2,2,1,,,,,,,,,,,,,46664,
ATLAS-B,tiny_01952,plain,atlas-b,SAT,MIN_EXPANDED_SIZE,0,3,PASSED,0.9152098519998617,3,1,2,2,1,3,1,0,0,3,False,True,True,True,True,16506,53765,125404,
MacroATLAS,tiny_01952,plain,macro,SAT,MIN_EXPANDED_SIZE,0,3,PASSED,0.764946117999898,3,1,2,2,1,3,1,0,0,3,False,True,True,True,True,2616,5312,98396,
Oracle,tiny_01953,nnf,oracle,SAT,MIN_EXPANDED_SIZE,0,3,REFERENCE_EXHAUSTIVE,0.21420209100006105,3,1,2,2,1,,,,,,,,,,,,,46976,
ATLAS-B,tiny_01953,nnf,atlas-b,SAT,MIN_EXPANDED_SIZE,0,3,PASSED,0.8649032940002144,3,1,2,2,1,3,1,0,0,3,False,True,True,True,True,12716,40553,115836,
MacroATLAS,tiny_01953,nnf,macro,SAT,MIN_EXPANDED_SIZE,0,3,PASSED,0.8650983099996665,3,1,2,2,1,3,1,0,0,3,False,True,True,True,True,4466,10083,119812,
Oracle,tiny_01954,cnf,oracle,SAT,MIN_EXPANDED_SIZE,0,3,REFERENCE_EXHAUSTIVE,0.2141989219999232,3,1,2,2,1,,,,,,,,,,,,,46640,
ATLAS-B,tiny_01954,cnf,atlas-b,SAT,MIN_EXPANDED_SIZE,0,3,PASSED,0.8152447639999991,3,1,2,2,1,3,1,0,0,3,False,True,True,True,True,7155,21503,102436,
MacroATLAS,tiny_01954,cnf,macro,SAT,MIN_EXPANDED_SIZE,0,3,PASSED,0.9151571100001092,3,1,2,2,1,3,1,0,0,3,False,True,True,True,True,5286,12159,132956,
Oracle,tiny_01955,dnf,oracle,SAT,MIN_EXPANDED_SIZE,0,3,REFERENCE_EXHAUSTIVE,0.2140400180001052,3,1,2,2,1,,,,,,,,,,,,,46600,
ATLAS-B,tiny_01955,dnf,atlas-b,SAT,MIN_EXPANDED_SIZE,0,3,PASSED,0.8651786910004375,3,1,2,2,1,3,1,0,0,3,False,True,True,True,True,16537,53811,129112,
MacroATLAS,tiny_01955,dnf,macro,SAT,MIN_EXPANDED_SIZE,0,3,PASSED,0.9149852350001311,3,1,2,2,1,3,1,0,0,3,False,True,True,True,True,5286,12159,124692,
Oracle,tiny_01956,required,oracle,SAT,MIN_EXPANDED_SIZE,0,3,REFERENCE_EXHAUSTIVE,0.21397412600026655,3,1,2,2,1,,,,,,,,,,,,,46740,
ATLAS-B,tiny_01956,required,atlas-b,SAT,MIN_EXPANDED_SIZE,0,3,PASSED,0.8649611670002741,3,1,2,2,1,3,1,0,0,3,False,True,True,True,True,12708,40524,111104,
MacroATLAS,tiny_01956,required,macro,SAT,MIN_EXPANDED_SIZE,0,3,PASSED,0.7649932589997661,3,1,2,2,1,3,1,0,0,3,False,True,True,True,True,3248,6867,105440,
Oracle,tiny_01957,no_dag_reuse,oracle,SAT,MIN_EXPANDED_SIZE,0,3,REFERENCE_EXHAUSTIVE,0.2141617209999822,3,1,2,2,1,,,,,,,,,,,,,47132,
ATLAS-B,tiny_01957,no_dag_reuse,atlas-b,SAT,MIN_EXPANDED_SIZE,0,3,PASSED,0.8149655280003572,3,1,2,2,1,3,1,0,0,3,False,True,True,True,True,9673,30002,105956,
MacroATLAS,tiny_01957,no_dag_reuse,macro,SAT,MIN_EXPANDED_SIZE,0,3,PASSED,0.7648403359999065,3,1,2,2,1,3,1,0,0,3,False,True,True,True,True,2914,5792,101764,
Oracle,tiny_01958,global_prop,oracle,SAT,MIN_EXPANDED_SIZE,0,4,REFERENCE_EXHAUSTIVE,0.31418484899995747,4,1,2,2,1,,,,,,,,,,,,,73928,
ATLAS-B,tiny_01958,global_prop,atlas-b,SAT,MIN_EXPANDED_SIZE,0,4,PASSED,1.015174917999957,4,1,2,2,1,4,1,1,1,4,False,True,True,True,True,17331,55219,131504,
MacroATLAS,tiny_01958,global_prop,macro,SAT,MIN_EXPANDED_SIZE,0,4,PASSED,0.915048618000128,4,1,2,2,1,4,1,1,1,4,False,True,True,True,True,6887,16121,129860,
Oracle,tiny_01959,repair,oracle,SAT,REPAIR,1,2,REFERENCE_EXHAUSTIVE,0.21410731000014493,3,0,1,1,1,,,,,,,,,,,,,44840,
ATLAS-B,tiny_01959,repair,atlas-b,SAT,REPAIR,1,2,PASSED,0.915351395000016,3,0,1,1,1,2,0,1,1,2,False,True,True,True,True,11569,36997,113680,
MacroATLAS,tiny_01959,repair,macro,SAT,REPAIR,1,2,PASSED,0.7648908870000923,3,0,1,1,1,2,0,1,1,2,False,True,True,True,True,2316,4422,99268,
Oracle,tiny_01960,plain,oracle,SAT,MIN_EXPANDED_SIZE,0,2,REFERENCE_EXHAUSTIVE,0.21421048100000917,3,0,1,1,1,,,,,,,,,,,,,44616,
ATLAS-B,tiny_01960,plain,atlas-b,SAT,MIN_EXPANDED_SIZE,0,2,PASSED,0.7649786880001557,3,0,1,1,1,2,0,1,1,2,False,True,True,True,True,4325,12625,95500,
MacroATLAS,tiny_01960,plain,macro,SAT,MIN_EXPANDED_SIZE,0,2,PASSED,0.7151187930003289,3,0,1,1,1,2,0,1,1,2,False,True,True,True,True,1847,3477,98972,
Oracle,tiny_01961,nnf,oracle,SAT,MIN_EXPANDED_SIZE,0,2,REFERENCE_EXHAUSTIVE,0.21408581000014237,3,0,1,1,1,,,,,,,,,,,,,44744,
ATLAS-B,tiny_01961,nnf,atlas-b,SAT,MIN_EXPANDED_SIZE,0,2,PASSED,0.8148537249999208,3,0,1,1,1,2,0,1,1,2,False,True,True,True,True,10078,32404,106272,
MacroATLAS,tiny_01961,nnf,macro,SAT,MIN_EXPANDED_SIZE,0,2,PASSED,0.814968497999871,3,0,1,1,1,2,0,1,1,2,False,True,True,True,True,4191,9443,115596,
Oracle,tiny_01962,cnf,oracle,UNSAT,MIN_EXPANDED_SIZE,0,0,REFERENCE_EXHAUSTIVE,0.21407130799980223,2,0,1,2,1,,,,,,,,,,,,,44100,
ATLAS-B,tiny_01962,cnf,atlas-b,UNSAT,MIN_EXPANDED_SIZE,0,0,NOT_APPLICABLE_UNSAT,0.7148586970001816,2,0,1,2,1,,,,,,,,,,,4251,12373,99528,
MacroATLAS,tiny_01962,cnf,macro,UNSAT,MIN_EXPANDED_SIZE,0,0,NOT_APPLICABLE_UNSAT,0.8652900340002816,2,0,1,2,1,,0,,,,,,,,,3209,6984,116000,
Oracle,tiny_01963,dnf,oracle,UNSAT,MIN_EXPANDED_SIZE,0,0,REFERENCE_EXHAUSTIVE,0.21411598900022,2,0,1,2,1,,,,,,,,,,,,,45052,
ATLAS-B,tiny_01963,dnf,atlas-b,UNSAT,MIN_EXPANDED_SIZE,0,0,NOT_APPLICABLE_UNSAT,0.7148231659998601,2,0,1,2,1,,,,,,,,,,,4251,12372,92668,
MacroATLAS,tiny_01963,dnf,macro,UNSAT,MIN_EXPANDED_SIZE,0,0,NOT_APPLICABLE_UNSAT,0.8148776950001775,2,0,1,2,1,,0,,,,,,,,,3022,6688,116856,
Oracle,tiny_01964,required,oracle,SAT,MIN_EXPANDED_SIZE,0,2,REFERENCE_EXHAUSTIVE,0.21409985999980563,3,0,1,1,1,,,,,,,,,,,,,44964,
ATLAS-B,tiny_01964,required,atlas-b,SAT,MIN_EXPANDED_SIZE,0,2,PASSED,0.8150897000000441,3,0,1,1,1,2,0,1,1,2,False,True,True,True,True,7733,24244,103572,
MacroATLAS,tiny_01964,required,macro,SAT,MIN_EXPANDED_SIZE,0,2,PASSED,0.7147588940001697,3,0,1,1,1,2,0,1,1,2,False,True,True,True,True,2171,4271,95516,
Oracle,tiny_01965,no_dag_reuse,oracle,SAT,MIN_EXPANDED_SIZE,0,2,REFERENCE_EXHAUSTIVE,0.2141474909999488,3,0,1,1,1,,,,,,,,,,,,,44972,
ATLAS-B,tiny_01965,no_dag_reuse,atlas-b,SAT,MIN_EXPANDED_SIZE,0,2,PASSED,0.8149823879998621,3,0,1,1,1,2,0,1,1,2,False,True,True,True,True,7765,24290,110720,
MacroATLAS,tiny_01965,no_dag_reuse,macro,SAT,MIN_EXPANDED_SIZE,0,2,PASSED,0.8150285289998465,3,0,1,1,1,2,0,1,1,2,False,True,True,True,True,3111,5980,111076,
Oracle,tiny_01966,global_prop,oracle,UNSAT,MIN_EXPANDED_SIZE,0,0,REFERENCE_EXHAUSTIVE,0.21403191699982926,2,0,1,2,1,,,,,,,,,,,,,44780,
ATLAS-B,tiny_01966,global_prop,atlas-b,UNSAT,MIN_EXPANDED_SIZE,0,0,NOT_APPLICABLE_UNSAT,0.7149580400000559,2,0,1,2,1,,,,,,,,,,,4253,12344,99576,
MacroATLAS,tiny_01966,global_prop,macro,UNSAT,MIN_EXPANDED_SIZE,0,0,NOT_APPLICABLE_UNSAT,0.7650198699998327,2,0,1,2,1,,0,,,,,,,,,2402,5124,108196,
Oracle,tiny_01967,repair,oracle,SAT,REPAIR,0,3,REFERENCE_EXHAUSTIVE,0.21413243999995757,4,0,1,1,1,,,,,,,,,,,,,46768,
ATLAS-B,tiny_01967,repair,atlas-b,SAT,REPAIR,0,3,PASSED,1.0152605999996922,4,0,1,1,1,3,0,2,2,3,False,True,True,True,True,5292,14566,131584,
MacroATLAS,tiny_01967,repair,macro,SAT,REPAIR,0,3,PASSED,1.0653408719999788,4,0,1,1,1,3,0,2,2,3,False,True,True,True,True,3916,7936,129040,
Oracle,tiny_01968,plain,oracle,SAT,MIN_EXPANDED_SIZE,0,2,REFERENCE_EXHAUSTIVE,0.1640564300000733,3,0,1,1,1,,,,,,,,,,,,,44652,
ATLAS-B,tiny_01968,plain,atlas-b,SAT,MIN_EXPANDED_SIZE,0,2,PASSED,0.8657666150002115,3,0,1,1,1,2,0,1,1,2,False,True,True,True,True,10073,32388,110600,
MacroATLAS,tiny_01968,plain,macro,SAT,MIN_EXPANDED_SIZE,0,2,PASSED,0.7649434370000563,3,0,1,1,1,2,0,1,1,2,False,True,True,True,True,3506,7249,97868,
Oracle,tiny_01969,nnf,oracle,SAT,MIN_EXPANDED_SIZE,0,2,REFERENCE_EXHAUSTIVE,0.2140929000001961,3,0,1,1,1,,,,,,,,,,,,,45280,
ATLAS-B,tiny_01969,nnf,atlas-b,SAT,MIN_EXPANDED_SIZE,0,2,PASSED,0.7649665389999427,3,0,1,1,1,2,0,1,1,2,False,True,True,True,True,4334,12644,99976,
MacroATLAS,tiny_01969,nnf,macro,SAT,MIN_EXPANDED_SIZE,0,2,PASSED,0.8148895560002529,3,0,1,1,1,2,0,1,1,2,False,True,True,True,True,4041,8632,111580,
Oracle,tiny_01970,cnf,oracle,SAT,MIN_EXPANDED_SIZE,0,1,REFERENCE_EXHAUSTIVE,0.21414504099993792,2,0,1,1,1,,,,,,,,,,,,,45012,
ATLAS-B,tiny_01970,cnf,atlas-b,SAT,MIN_EXPANDED_SIZE,0,1,PASSED,0.7147964460000367,2,0,1,1,1,1,0,0,0,1,False,True,True,True,True,887,1974,94032,
MacroATLAS,tiny_01970,cnf,macro,SAT,MIN_EXPANDED_SIZE,0,1,PASSED,0.7148374559997137,2,0,1,1,1,1,0,0,0,1,False,True,True,True,True,888,1673,102624,
Oracle,tiny_01971,dnf,oracle,SAT,MIN_EXPANDED_SIZE,0,1,REFERENCE_EXHAUSTIVE,0.21409319900021728,2,0,1,1,1,,,,,,,,,,,,,44816,
ATLAS-B,tiny_01971,dnf,atlas-b,SAT,MIN_EXPANDED_SIZE,0,1,PASSED,0.7650087900001381,2,0,1,1,1,1,0,0,0,1,False,True,True,True,True,5547,17339,97280,
MacroATLAS,tiny_01971,dnf,macro,SAT,MIN_EXPANDED_SIZE,0,1,PASSED,0.7147053240000787,2,0,1,1,1,1,0,0,0,1,False,True,True,True,True,888,1673,102176,
Oracle,tiny_01972,required,oracle,SAT,MIN_EXPANDED_SIZE,0,2,REFERENCE_EXHAUSTIVE,0.21407149900005606,3,0,1,1,1,,,,,,,,,,,,,44916,
ATLAS-B,tiny_01972,required,atlas-b,SAT,MIN_EXPANDED_SIZE,0,2,PASSED,0.7650315500000033,3,0,1,1,1,2,0,1,1,2,False,True,True,True,True,5848,17762,97724,
MacroATLAS,tiny_01972,required,macro,SAT,MIN_EXPANDED_SIZE,0,2,PASSED,0.7650707509997119,3,0,1,1,1,2,0,1,1,2,False,True,True,True,True,2667,5154,98988,
Oracle,tiny_01973,no_dag_reuse,oracle,SAT,MIN_EXPANDED_SIZE,0,2,REFERENCE_EXHAUSTIVE,0.21408858899985717,3,0,1,1,1,,,,,,,,,,,,,45448,
ATLAS-B,tiny_01973,no_dag_reuse,atlas-b,SAT,MIN_EXPANDED_SIZE,0,2,PASSED,0.7650137199998426,3,0,1,1,1,2,0,1,1,2,False,True,True,True,True,4358,12676,100668,
MacroATLAS,tiny_01973,no_dag_reuse,macro,SAT,MIN_EXPANDED_SIZE,0,2,PASSED,0.8652264430002106,3,0,1,1,1,2,0,1,1,2,False,True,True,True,True,3437,6377,111408,
Oracle,tiny_01974,global_prop,oracle,SAT,MIN_EXPANDED_SIZE,0,2,REFERENCE_EXHAUSTIVE,0.21410195899989048,3,0,1,1,1,,,,,,,,,,,,,44920,
ATLAS-B,tiny_01974,global_prop,atlas-b,SAT,MIN_EXPANDED_SIZE,0,2,PASSED,0.8150515990000713,3,0,1,1,1,2,0,1,1,2,False,True,True,True,True,7773,24249,103860,
MacroATLAS,tiny_01974,global_prop,macro,SAT,MIN_EXPANDED_SIZE,0,2,PASSED,0.7651348220001637,3,0,1,1,1,2,0,1,1,2,False,True,True,True,True,2405,5126,109824,
Oracle,tiny_01975,repair,oracle,UNSAT,REPAIR,0,0,REFERENCE_EXHAUSTIVE,0.2141904909999539,2,0,1,2,1,,,,,,,,,,,,,45240,
ATLAS-B,tiny_01975,repair,atlas-b,UNSAT,REPAIR,0,0,NOT_APPLICABLE_UNSAT,1.0152117899997393,2,0,1,2,1,,,,,,,,,,,12164,39577,125100,
MacroATLAS,tiny_01975,repair,macro,UNSAT,REPAIR,0,0,NOT_APPLICABLE_UNSAT,0.9150348370003485,2,0,1,2,1,,0,,,,,,,,,1378,2362,123732,
Oracle,tiny_01976,plain,oracle,SAT,MIN_EXPANDED_SIZE,0,3,REFERENCE_EXHAUSTIVE,0.21413536999989446,4,0,1,1,1,,,,,,,,,,,,,46752,
ATLAS-B,tiny_01976,plain,atlas-b,SAT,MIN_EXPANDED_SIZE,0,3,PASSED,0.764990699000009,4,0,1,1,1,3,0,2,2,3,False,True,True,True,True,8266,25386,100368,
MacroATLAS,tiny_01976,plain,macro,SAT,MIN_EXPANDED_SIZE,0,3,PASSED,0.8149566070001129,4,0,1,1,1,3,0,2,2,3,False,True,True,True,True,5526,11037,115476,
Oracle,tiny_01977,nnf,oracle,SAT,MIN_EXPANDED_SIZE,0,3,REFERENCE_EXHAUSTIVE,0.21413692099986292,4,0,1,1,1,,,,,,,,,,,,,46432,
ATLAS-B,tiny_01977,nnf,atlas-b,SAT,MIN_EXPANDED_SIZE,0,3,PASSED,0.9651770790001137,4,0,1,1,1,3,0,2,2,3,False,True,True,True,True,18791,62245,129092,
MacroATLAS,tiny_01977,nnf,macro,SAT,MIN_EXPANDED_SIZE,0,3,PASSED,1.2154868319998968,4,0,1,1,1,3,0,2,2,3,False,True,True,True,True,10992,26631,141312,
Oracle,tiny_01978,cnf,oracle,SAT,MIN_EXPANDED_SIZE,0,2,REFERENCE_EXHAUSTIVE,0.21408220900002561,3,0,1,1,1,,,,,,,,,,,,,45144,
ATLAS-B,tiny_01978,cnf,atlas-b,SAT,MIN_EXPANDED_SIZE,0,2,PASSED,0.8150714000003063,3,0,1,1,1,2,0,1,1,2,False,True,True,True,True,7766,24294,106652,
MacroATLAS,tiny_01978,cnf,macro,SAT,MIN_EXPANDED_SIZE,0,2,PASSED,0.8649842269996952,3,0,1,1,1,2,0,1,1,2,False,True,True,True,True,3025,6690,111492,
Oracle,tiny_01979,dnf,oracle,SAT,MIN_EXPANDED_SIZE,0,2,REFERENCE_EXHAUSTIVE,0.2140573889996631,3,0,1,1,1,,,,,,,,,,,,,44976,
ATLAS-B,tiny_01979,dnf,atlas-b,SAT,MIN_EXPANDED_SIZE,0,2,PASSED,0.8651689220000662,3,0,1,1,1,2,0,1,1,2,False,True,True,True,True,10104,32438,110648,
MacroATLAS,tiny_01979,dnf,macro,SAT,MIN_EXPANDED_SIZE,0,2,PASSED,0.8649643460003063,3,0,1,1,1,2,0,1,1,2,False,True,True,True,True,3025,6690,120040,
Oracle,tiny_01980,required,oracle,SAT,MIN_EXPANDED_SIZE,0,3,REFERENCE_EXHAUSTIVE,0.21407487900023625,4,0,1,1,1,,,,,,,,,,,,,45552,
ATLAS-B,tiny_01980,required,atlas-b,SAT,MIN_EXPANDED_SIZE,0,3,PASSED,0.9152468719998978,4,0,1,1,1,3,0,2,2,3,False,True,True,True,True,13678,44056,115900,
MacroATLAS,tiny_01980,required,macro,SAT,MIN_EXPANDED_SIZE,0,3,PASSED,0.9652353910000784,4,0,1,1,1,3,0,2,2,3,False,True,True,True,True,6811,14356,133460,
Oracle,tiny_01981,no_dag_reuse,oracle,SAT,MIN_EXPANDED_SIZE,0,3,REFERENCE_EXHAUSTIVE,0.21422612299966204,4,0,1,1,1,,,,,,,,,,,,,45700,
ATLAS-B,tiny_01981,no_dag_reuse,atlas-b,SAT,MIN_EXPANDED_SIZE,0,3,PASSED,0.7649927799998295,4,0,1,1,1,3,0,2,2,3,False,True,True,True,True,8315,25464,102716,
MacroATLAS,tiny_01981,no_dag_reuse,macro,SAT,MIN_EXPANDED_SIZE,0,3,PASSED,0.8151222009996673,4,0,1,1,1,3,0,2,2,3,False,True,True,True,True,4939,9461,104456,
Oracle,tiny_01982,global_prop,oracle,SAT,MIN_EXPANDED_SIZE,0,3,REFERENCE_EXHAUSTIVE,0.21413025999981983,4,0,1,1,1,,,,,,,,,,,,,46384,
ATLAS-B,tiny_01982,global_prop,atlas-b,SAT,MIN_EXPANDED_SIZE,0,3,PASSED,0.8649937469999713,4,0,1,1,1,3,0,2,2,3,False,True,True,True,True,8326,25405,111116,
MacroATLAS,tiny_01982,global_prop,macro,SAT,MIN_EXPANDED_SIZE,0,3,PASSED,0.8648974849998012,4,0,1,1,1,3,0,2,2,3,False,True,True,True,True,2920,6505,115444,
Oracle,tiny_01983,repair,oracle,SAT,REPAIR,1,2,REFERENCE_EXHAUSTIVE,0.21405585799993787,3,0,1,1,1,,,,,,,,,,,,,45360,
ATLAS-B,tiny_01983,repair,atlas-b,SAT,REPAIR,1,2,PASSED,0.8650761389999388,3,0,1,1,1,2,0,1,1,2,False,True,True,True,True,11569,37002,107564,
MacroATLAS,tiny_01983,repair,macro,SAT,REPAIR,1,2,PASSED,0.7648687259998042,3,0,1,1,1,2,0,1,1,2,False,True,True,True,True,2316,4422,98976,
Oracle,tiny_01984,plain,oracle,UNSAT,MIN_EXPANDED_SIZE,0,0,REFERENCE_EXHAUSTIVE,0.21415636100027768,2,0,1,2,1,,,,,,,,,,,,,44540,
ATLAS-B,tiny_01984,plain,atlas-b,UNSAT,MIN_EXPANDED_SIZE,0,0,NOT_APPLICABLE_UNSAT,0.8150752500000635,2,0,1,2,1,,,,,,,,,,,10878,35291,102492,
MacroATLAS,tiny_01984,plain,macro,UNSAT,MIN_EXPANDED_SIZE,0,0,NOT_APPLICABLE_UNSAT,0.6147177660000125,2,0,1,2,1,,0,,,,,,,,,1398,2561,89256,
Oracle,tiny_01985,nnf,oracle,UNSAT,MIN_EXPANDED_SIZE,0,0,REFERENCE_EXHAUSTIVE,0.16403238900011274,2,0,1,2,1,,,,,,,,,,,,,44604,
ATLAS-B,tiny_01985,nnf,atlas-b,UNSAT,MIN_EXPANDED_SIZE,0,0,NOT_APPLICABLE_UNSAT,0.7650148890002129,2,0,1,2,1,,,,,,,,,,,5945,18124,99416,
MacroATLAS,tiny_01985,nnf,macro,UNSAT,MIN_EXPANDED_SIZE,0,0,NOT_APPLICABLE_UNSAT,0.764871175999815,2,0,1,2,1,,0,,,,,,,,,2468,5103,102592,
Oracle,tiny_01986,cnf,oracle,SAT,MIN_EXPANDED_SIZE,0,3,REFERENCE_EXHAUSTIVE,0.21406421800020325,3,1,2,1,2,,,,,,,,,,,,,46284,
ATLAS-B,tiny_01986,cnf,atlas-b,SAT,MIN_EXPANDED_SIZE,0,3,PASSED,0.8149799580000945,3,1,2,1,2,3,1,0,0,3,False,True,True,True,True,7154,21506,105632,
MacroATLAS,tiny_01986,cnf,macro,SAT,MIN_EXPANDED_SIZE,0,3,PASSED,0.9150566180001078,3,1,2,1,2,3,1,0,0,3,False,True,True,True,True,5286,12159,130872,
Oracle,tiny_01987,dnf,oracle,SAT,MIN_EXPANDED_SIZE,0,3,REFERENCE_EXHAUSTIVE,0.21413332100019034,3,1,2,1,2,,,,,,,,,,,,,46992,
ATLAS-B,tiny_01987,dnf,atlas-b,SAT,MIN_EXPANDED_SIZE,0,3,PASSED,0.9152216020002015,3,1,2,1,2,3,1,0,0,3,False,True,True,True,True,16538,53816,125132,
MacroATLAS,tiny_01987,dnf,macro,SAT,MIN_EXPANDED_SIZE,0,3,PASSED,0.965325693000068,3,1,2,1,2,3,1,0,0,3,False,True,True,True,True,5286,12159,134276,
Oracle,tiny_01988,required,oracle,UNSAT,MIN_EXPANDED_SIZE,0,0,REFERENCE_EXHAUSTIVE,0.21419666199972198,2,0,1,2,1,,,,,,,,,,,,,44812,
ATLAS-B,tiny_01988,required,atlas-b,UNSAT,MIN_EXPANDED_SIZE,0,0,NOT_APPLICABLE_UNSAT,0.7148639470001399,2,0,1,2,1,,,,,,,,,,,2647,7144,95828,
MacroATLAS,tiny_01988,required,macro,UNSAT,MIN_EXPANDED_SIZE,0,0,NOT_APPLICABLE_UNSAT,0.6147216960002879,2,0,1,2,1,,0,,,,,,,,,1211,2265,90592,
Oracle,tiny_01989,no_dag_reuse,oracle,UNSAT,MIN_EXPANDED_SIZE,0,0,REFERENCE_EXHAUSTIVE,0.21411508900018816,2,0,1,2,1,,,,,,,,,,,,,44792,
ATLAS-B,tiny_01989,no_dag_reuse,atlas-b,UNSAT,MIN_EXPANDED_SIZE,0,0,NOT_APPLICABLE_UNSAT,0.7648541859998659,2,0,1,2,1,,,,,,,,,,,8128,25622,102440,
MacroATLAS,tiny_01989,no_dag_reuse,macro,UNSAT,MIN_EXPANDED_SIZE,0,0,NOT_APPLICABLE_UNSAT,0.6647755960002542,2,0,1,2,1,,0,,,,,,,,,1508,2728,87452,
Oracle,tiny_01990,global_prop,oracle,SAT,MIN_EXPANDED_SIZE,0,4,REFERENCE_EXHAUSTIVE,0.3643250820000503,4,1,2,1,2,,,,,,,,,,,,,75676,
ATLAS-B,tiny_01990,global_prop,atlas-b,SAT,MIN_EXPANDED_SIZE,0,4,PASSED,0.8650812990003942,4,1,2,1,2,4,1,1,1,4,False,True,True,True,True,13326,41469,113764,
MacroATLAS,tiny_01990,global_prop,macro,SAT,MIN_EXPANDED_SIZE,0,4,PASSED,0.9150252070003262,4,1,2,1,2,4,1,1,1,4,False,True,True,True,True,6887,16121,126192,
Oracle,tiny_01991,repair,oracle,SAT,REPAIR,0,3,REFERENCE_EXHAUSTIVE,0.21420325100007176,4,0,1,1,1,,,,,,,,,,,,,47136,
ATLAS-B,tiny_01991,repair,atlas-b,SAT,REPAIR,0,3,PASSED,1.2655180910001036,4,0,1,1,1,3,0,2,2,3,False,True,True,True,True,15515,49499,135088,
MacroATLAS,tiny_01991,repair,macro,SAT,REPAIR,0,3,PASSED,1.0654249839999466,4,0,1,1,1,3,0,2,2,3,False,True,True,True,True,3916,7936,130544,
Oracle,tiny_01992,plain,oracle,SAT,MIN_EXPANDED_SIZE,0,1,REFERENCE_EXHAUSTIVE,0.1640592700000525,2,0,1,1,1,,,,,,,,,,,,,44828,
ATLAS-B,tiny_01992,plain,atlas-b,SAT,MIN_EXPANDED_SIZE,0,1,PASSED,0.7650432310001634,2,0,1,1,1,1,0,0,0,1,False,True,True,True,True,4079,12317,101936,
MacroATLAS,tiny_01992,plain,macro,SAT,MIN_EXPANDED_SIZE,0,1,PASSED,0.614808278000055,2,0,1,1,1,1,0,0,0,1,False,True,True,True,True,320,523,89892,
Oracle,tiny_01993,nnf,oracle,SAT,MIN_EXPANDED_SIZE,0,1,REFERENCE_EXHAUSTIVE,0.21427389299969946,2,0,1,1,1,,,,,,,,,,,,,44160,
ATLAS-B,tiny_01993,nnf,atlas-b,SAT,MIN_EXPANDED_SIZE,0,1,PASSED,0.7148679679999077,2,0,1,1,1,1,0,0,0,1,False,True,True,True,True,1887,5010,98088,
MacroATLAS,tiny_01993,nnf,macro,SAT,MIN_EXPANDED_SIZE,0,1,PASSED,0.6648939990000144,2,0,1,1,1,1,0,0,0,1,False,True,True,True,True,667,1204,94728,
Oracle,tiny_01994,cnf,oracle,SAT,MIN_EXPANDED_SIZE,0,3,REFERENCE_EXHAUSTIVE,0.21409233900021718,3,1,2,2,1,,,,,,,,,,,,,47420,
ATLAS-B,tiny_01994,cnf,atlas-b,SAT,MIN_EXPANDED_SIZE,0,3,PASSED,0.965197119000095,3,1,2,2,1,3,1,0,0,3,False,True,True,True,True,16539,53819,129868,
MacroATLAS,tiny_01994,cnf,macro,SAT,MIN_EXPANDED_SIZE,0,3,PASSED,0.9652319900001203,3,1,2,2,1,3,1,0,0,3,False,True,True,True,True,5286,12159,132220,
Oracle,tiny_01995,dnf,oracle,SAT,MIN_EXPANDED_SIZE,0,3,REFERENCE_EXHAUSTIVE,0.21410119899974234,3,1,2,2,1,,,,,,,,,,,,,46900,
ATLAS-B,tiny_01995,dnf,atlas-b,SAT,MIN_EXPANDED_SIZE,0,3,PASSED,0.815025188999698,3,1,2,2,1,3,1,0,0,3,False,True,True,True,True,4897,14033,105144,
MacroATLAS,tiny_01995,dnf,macro,SAT,MIN_EXPANDED_SIZE,0,3,PASSED,0.965265362000082,3,1,2,2,1,3,1,0,0,3,False,True,True,True,True,5286,12159,134924,
Oracle,tiny_01996,required,oracle,SAT,MIN_EXPANDED_SIZE,0,1,REFERENCE_EXHAUSTIVE,0.16410871100015356,2,0,1,1,1,,,,,,,,,,,,,44592,
ATLAS-B,tiny_01996,required,atlas-b,SAT,MIN_EXPANDED_SIZE,0,1,PASSED,0.7649256169997898,2,0,1,1,1,1,0,0,0,1,False,True,True,True,True,5526,17314,106132,
MacroATLAS,tiny_01996,required,macro,SAT,MIN_EXPANDED_SIZE,0,1,PASSED,0.5645511030002126,2,0,1,1,1,1,0,0,0,1,False,True,True,True,True,320,523,89240,
Oracle,tiny_01997,no_dag_reuse,oracle,SAT,MIN_EXPANDED_SIZE,0,1,REFERENCE_EXHAUSTIVE,0.16404091899994455,2,0,1,1,1,,,,,,,,,,,,,44712,
ATLAS-B,tiny_01997,no_dag_reuse,atlas-b,SAT,MIN_EXPANDED_SIZE,0,1,PASSED,0.6646669030001249,2,0,1,1,1,1,0,0,0,1,False,True,True,True,True,1900,5028,95272,
MacroATLAS,tiny_01997,no_dag_reuse,macro,SAT,MIN_EXPANDED_SIZE,0,1,PASSED,0.6646862029997465,2,0,1,1,1,1,0,0,0,1,False,True,True,True,True,1321,2432,89960,
Oracle,tiny_01998,global_prop,oracle,SAT,MIN_EXPANDED_SIZE,0,4,REFERENCE_EXHAUSTIVE,0.36424704999990354,4,1,2,2,1,,,,,,,,,,,,,75772,
ATLAS-B,tiny_01998,global_prop,atlas-b,SAT,MIN_EXPANDED_SIZE,0,4,PASSED,0.8649777370001175,4,1,2,2,1,4,1,1,1,4,False,True,True,True,True,10023,30279,111736,
MacroATLAS,tiny_01998,global_prop,macro,SAT,MIN_EXPANDED_SIZE,0,4,PASSED,0.9150026559996149,4,1,2,2,1,4,1,1,1,4,False,True,True,True,True,6887,16121,125064,
Oracle,tiny_01999,repair,oracle,UNSAT,REPAIR,0,0,REFERENCE_EXHAUSTIVE,0.2141149399999449,2,0,1,2,1,,,,,,,,,,,,,45092,
ATLAS-B,tiny_01999,repair,atlas-b,UNSAT,REPAIR,0,0,NOT_APPLICABLE_UNSAT,1.0152676409998094,2,0,1,2,1,,,,,,,,,,,12165,39587,130504,
MacroATLAS,tiny_01999,repair,macro,UNSAT,REPAIR,0,0,NOT_APPLICABLE_UNSAT,0.8150447190000705,2,0,1,2,1,,0,,,,,,,,,1191,2066,113596,
