task,family,category,algorithm,B,b,status,objectiveKind,objectivePrimary,objectiveSecondary,verification,totalSec,bothDecisive,pairStatusAgreement,pairObjectiveAgreement
5to10Traces/0000.trace,5to10Traces,unconstrained,ATLAS-B,5,2,SAT,MIN_EXPANDED_SIZE,0,3,PASSED,1.3727129569997487,True,True,True
5to10Traces/0000.trace,5to10Traces,unconstrained,MacroATLAS,5,2,SAT,MIN_EXPANDED_SIZE,0,3,PASSED,2.01962475099981,True,True,True
5to10Traces/0002.trace,5to10Traces,unconstrained,ATLAS-B,5,2,SAT,MIN_EXPANDED_SIZE,0,3,PASSED,2.681924471000457,True,True,True
5to10Traces/0002.trace,5to10Traces,unconstrained,MacroATLAS,5,2,SAT,MIN_EXPANDED_SIZE,0,3,PASSED,4.9471814619998895,True,True,True
5to10Traces/0003.trace,5to10Traces,unconstrained,ATLAS-B,5,2,SAT,MIN_EXPANDED_SIZE,0,3,PASSED,4.130317978000676,True,True,True
5to10Traces/0003.trace,5to10Traces,unconstrained,MacroATLAS,5,2,SAT,MIN_EXPANDED_SIZE,0,3,PASSED,4.533624872000473,True,True,True
5to10Traces/0004.trace,5to10Traces,unconstrained,ATLAS-B,5,2,SAT,MIN_EXPANDED_SIZE,0,3,PASSED,4.515630896000403,True,True,True
5to10Traces/0004.trace,5to10Traces,unconstrained,MacroATLAS,5,2,SAT,MIN_EXPANDED_SIZE,0,3,PASSED,8.081105343000218,True,True,True
5to10Traces/0005.trace,5to10Traces,unconstrained,ATLAS-B,5,2,SAT,MIN_EXPANDED_SIZE,0,3,PASSED,6.6359818910000286,True,True,True
5to10Traces/0005.trace,5to10Traces,unconstrained,MacroATLAS,5,2,SAT,MIN_EXPANDED_SIZE,0,3,PASSED,10.412136991000125,True,True,True
5to10Traces/0006.trace,5to10Traces,unconstrained,ATLAS-B,5,2,SAT,MIN_EXPANDED_SIZE,0,3,PASSED,5.670750630000839,True,True,True
5to10Traces/0006.trace,5to10Traces,unconstrained,MacroATLAS,5,2,SAT,MIN_EXPANDED_SIZE,0,3,PASSED,10.76428891500018,True,True,True
5to10Traces/0007.trace,5to10Traces,unconstrained,ATLAS-B,5,2,SAT,MIN_EXPANDED_SIZE,0,3,PASSED,10.914950995999789,True,True,True
5to10Traces/0007.trace,5to10Traces,unconstrained,MacroATLAS,5,2,SAT,MIN_EXPANDED_SIZE,0,3,PASSED,10.661449472000186,True,True,True
5to10Traces/0008.trace,5to10Traces,unconstrained,ATLAS-B,5,2,SAT,MIN_EXPANDED_SIZE,0,3,PASSED,7.987452383000345,True,True,True
5to10Traces/0008.trace,5to10Traces,unconstrained,MacroATLAS,5,2,SAT,MIN_EXPANDED_SIZE,0,3,PASSED,17.782749059999333,True,True,True
5to10Traces/0009.trace,5to10Traces,unconstrained,ATLAS-B,5,2,SAT,MIN_EXPANDED_SIZE,0,3,PASSED,12.560354598999993,True,True,True
5to10Traces/0009.trace,5to10Traces,unconstrained,MacroATLAS,5,2,SAT,MIN_EXPANDED_SIZE,0,3,PASSED,16.636009619000106,True,True,True
5to10Traces/0010.trace,5to10Traces,unconstrained,ATLAS-B,5,2,SAT,MIN_EXPANDED_SIZE,0,3,PASSED,10.823322652999991,True,True,True
5to10Traces/0010.trace,5to10Traces,unconstrained,MacroATLAS,5,2,SAT,MIN_EXPANDED_SIZE,0,3,PASSED,18.472751777999974,True,True,True
5to10Traces/0011.trace,5to10Traces,unconstrained,ATLAS-B,5,2,SAT,MIN_EXPANDED_SIZE,0,3,PASSED,22.443718737999916,True,True,True
5to10Traces/0011.trace,5to10Traces,unconstrained,MacroATLAS,5,2,SAT,MIN_EXPANDED_SIZE,0,3,PASSED,13.36316738000005,True,True,True
5to10Traces/0012.trace,5to10Traces,unconstrained,ATLAS-B,5,2,SAT,MIN_EXPANDED_SIZE,0,3,PASSED,10.035336608000762,True,True,True
5to10Traces/0012.trace,5to10Traces,unconstrained,MacroATLAS,5,2,SAT,MIN_EXPANDED_SIZE,0,3,PASSED,20.086835930999996,True,True,True
5to10Traces/0013.trace,5to10Traces,unconstrained,ATLAS-B,5,2,SAT,MIN_EXPANDED_SIZE,0,3,PASSED,20.77529031299855,True,True,True
5to10Traces/0013.trace,5to10Traces,unconstrained,MacroATLAS,5,2,SAT,MIN_EXPANDED_SIZE,0,3,PASSED,19.623934948998794,True,True,True
5to10Traces/0014.trace,5to10Traces,unconstrained,ATLAS-B,5,2,SAT,MIN_EXPANDED_SIZE,0,3,PASSED,13.081229458999587,True,True,True
5to10Traces/0014.trace,5to10Traces,unconstrained,MacroATLAS,5,2,SAT,MIN_EXPANDED_SIZE,0,3,PASSED,16.707587052000235,True,True,True
5to10Traces/0015.trace,5to10Traces,unconstrained,ATLAS-B,5,2,SAT,MIN_EXPANDED_SIZE,0,3,PASSED,24.196251706999647,True,True,True
5to10Traces/0015.trace,5to10Traces,unconstrained,MacroATLAS,5,2,SAT,MIN_EXPANDED_SIZE,0,3,PASSED,28.15070994600137,True,True,True
5to10Traces/0016.trace,5to10Traces,unconstrained,ATLAS-B,5,2,SAT,MIN_EXPANDED_SIZE,0,3,PASSED,17.120992011,True,True,True
5to10Traces/0016.trace,5to10Traces,unconstrained,MacroATLAS,5,2,SAT,MIN_EXPANDED_SIZE,0,3,PASSED,20.123747234999428,True,True,True
5to10Traces/0017.trace,5to10Traces,unconstrained,ATLAS-B,5,2,SAT,MIN_EXPANDED_SIZE,0,3,PASSED,28.869363826999916,True,True,True
5to10Traces/0017.trace,5to10Traces,unconstrained,MacroATLAS,5,2,SAT,MIN_EXPANDED_SIZE,0,3,PASSED,23.751465603999918,True,True,True
5to10Traces/0018.trace,5to10Traces,unconstrained,ATLAS-B,5,2,SAT,MIN_EXPANDED_SIZE,0,3,PASSED,19.76913699099896,True,True,True
5to10Traces/0018.trace,5to10Traces,unconstrained,MacroATLAS,5,2,SAT,MIN_EXPANDED_SIZE,0,3,PASSED,28.809953281999697,True,True,True
5to10Traces/0019.trace,5to10Traces,unconstrained,ATLAS-B,5,2,SAT,MIN_EXPANDED_SIZE,0,3,PASSED,33.39325099400048,True,True,True
5to10Traces/0019.trace,5to10Traces,unconstrained,MacroATLAS,5,2,SAT,MIN_EXPANDED_SIZE,0,3,PASSED,24.430970430999878,True,True,True
5to10Traces/0020.trace,5to10Traces,unconstrained,ATLAS-B,5,2,SAT,MIN_EXPANDED_SIZE,0,3,PASSED,17.90925212600007,True,True,True
5to10Traces/0020.trace,5to10Traces,unconstrained,MacroATLAS,5,2,SAT,MIN_EXPANDED_SIZE,0,3,PASSED,35.82780501800005,True,True,True
5to10Traces/0021.trace,5to10Traces,unconstrained,ATLAS-B,5,2,SAT,MIN_EXPANDED_SIZE,0,3,PASSED,37.7047411679996,True,True,True
5to10Traces/0021.trace,5to10Traces,unconstrained,MacroATLAS,5,2,SAT,MIN_EXPANDED_SIZE,0,3,PASSED,40.11937716099965,True,True,True
5to10Traces/0022.trace,5to10Traces,unconstrained,ATLAS-B,10,2,SAT,MIN_EXPANDED_SIZE,0,3,PASSED,1.7231571869997424,True,True,True
5to10Traces/0022.trace,5to10Traces,unconstrained,MacroATLAS,10,2,SAT,MIN_EXPANDED_SIZE,0,3,PASSED,3.2575171730004513,True,True,True
5to10Traces/0023.trace,5to10Traces,unconstrained,ATLAS-B,10,2,SAT,MIN_EXPANDED_SIZE,0,5,PASSED,17.95575235599972,True,True,True
5to10Traces/0023.trace,5to10Traces,unconstrained,MacroATLAS,10,2,SAT,MIN_EXPANDED_SIZE,0,5,PASSED,6.9591881619999185,True,True,True
5to10Traces/0024.trace,5to10Traces,unconstrained,ATLAS-B,10,2,TIMEOUT,MIN_EXPANDED_SIZE,,,IN_PROGRESS,180.09462376699958,False,,
5to10Traces/0024.trace,5to10Traces,unconstrained,MacroATLAS,10,2,TIMEOUT,MIN_EXPANDED_SIZE,,,IN_PROGRESS,180.06350541499978,False,,
5to10Traces/0025.trace,5to10Traces,unconstrained,ATLAS-B,10,2,TIMEOUT,MIN_EXPANDED_SIZE,,,IN_PROGRESS,180.13866602999997,False,,
5to10Traces/0025.trace,5to10Traces,unconstrained,MacroATLAS,10,2,TIMEOUT,MIN_EXPANDED_SIZE,,,IN_PROGRESS,180.16497409600015,False,,
5to10Traces/0026.trace,5to10Traces,unconstrained,ATLAS-B,10,2,TIMEOUT,MIN_EXPANDED_SIZE,,,IN_PROGRESS,180.1105673940001,False,,
5to10Traces/0026.trace,5to10Traces,unconstrained,MacroATLAS,10,2,TIMEOUT,MIN_EXPANDED_SIZE,,,IN_PROGRESS,180.16771608700037,False,,
5to10Traces/0027.trace,5to10Traces,unconstrained,ATLAS-B,10,2,TIMEOUT,MIN_EXPANDED_SIZE,,,IN_PROGRESS,180.25112239400005,False,,
5to10Traces/0027.trace,5to10Traces,unconstrained,MacroATLAS,10,2,TIMEOUT,MIN_EXPANDED_SIZE,,,IN_PROGRESS,180.22367661099997,False,,
5to10Traces/0028.trace,5to10Traces,unconstrained,ATLAS-B,10,2,TIMEOUT,MIN_EXPANDED_SIZE,,,IN_PROGRESS,180.1657151899999,False,,
5to10Traces/0028.trace,5to10Traces,unconstrained,MacroATLAS,10,2,TIMEOUT,MIN_EXPANDED_SIZE,,,IN_PROGRESS,180.13169388000006,False,,
5to10Traces/0029.trace,5to10Traces,unconstrained,ATLAS-B,10,2,TIMEOUT,MIN_EXPANDED_SIZE,,,IN_PROGRESS,180.40257828500035,False,,
5to10Traces/0029.trace,5to10Traces,unconstrained,MacroATLAS,10,2,TIMEOUT,MIN_EXPANDED_SIZE,,,IN_PROGRESS,180.28053759900104,False,,
5to10Traces/0030.trace,5to10Traces,unconstrained,ATLAS-B,10,2,TIMEOUT,MIN_EXPANDED_SIZE,,,IN_PROGRESS,180.16811998199955,False,,
5to10Traces/0030.trace,5to10Traces,unconstrained,MacroATLAS,10,2,TIMEOUT,MIN_EXPANDED_SIZE,,,IN_PROGRESS,180.2267212530005,False,,
5to10Traces/0031.trace,5to10Traces,unconstrained,ATLAS-B,10,2,TIMEOUT,MIN_EXPANDED_SIZE,,,IN_PROGRESS,180.38295318999917,False,,
5to10Traces/0031.trace,5to10Traces,unconstrained,MacroATLAS,10,2,TIMEOUT,MIN_EXPANDED_SIZE,,,IN_PROGRESS,180.31607652899947,False,,
5to10Traces/0032.trace,5to10Traces,unconstrained,ATLAS-B,10,2,TIMEOUT,MIN_EXPANDED_SIZE,,,IN_PROGRESS,180.174753487001,False,,
5to10Traces/0032.trace,5to10Traces,unconstrained,MacroATLAS,10,2,TIMEOUT,MIN_EXPANDED_SIZE,,,IN_PROGRESS,180.2186060189997,False,,
5to10Traces/0033.trace,5to10Traces,unconstrained,ATLAS-B,10,2,TIMEOUT,MIN_EXPANDED_SIZE,,,IN_PROGRESS,180.4347068689999,False,,
5to10Traces/0033.trace,5to10Traces,unconstrained,MacroATLAS,10,2,TIMEOUT,MIN_EXPANDED_SIZE,,,IN_PROGRESS,180.44210334000127,False,,
5to10Traces/0034.trace,5to10Traces,unconstrained,ATLAS-B,10,2,TIMEOUT,MIN_EXPANDED_SIZE,,,IN_PROGRESS,180.1969066540005,False,,
5to10Traces/0034.trace,5to10Traces,unconstrained,MacroATLAS,10,2,TIMEOUT,MIN_EXPANDED_SIZE,,,IN_PROGRESS,180.2574698239987,False,,
5to10Traces/0035.trace,5to10Traces,unconstrained,ATLAS-B,10,2,TIMEOUT,MIN_EXPANDED_SIZE,,,IN_PROGRESS,180.43664863100093,False,,
5to10Traces/0035.trace,5to10Traces,unconstrained,MacroATLAS,10,2,TIMEOUT,MIN_EXPANDED_SIZE,,,IN_PROGRESS,180.30757711500019,False,,
5to10Traces/0036.trace,5to10Traces,unconstrained,ATLAS-B,10,2,TIMEOUT,MIN_EXPANDED_SIZE,,,IN_PROGRESS,180.22672139899987,False,,
5to10Traces/0036.trace,5to10Traces,unconstrained,MacroATLAS,10,2,TIMEOUT,MIN_EXPANDED_SIZE,,,IN_PROGRESS,180.20730142899993,False,,
5to10Traces/0037.trace,5to10Traces,unconstrained,ATLAS-B,10,2,TIMEOUT,MIN_EXPANDED_SIZE,,,IN_PROGRESS,180.3771681019998,False,,
5to10Traces/0037.trace,5to10Traces,unconstrained,MacroATLAS,10,2,TIMEOUT,MIN_EXPANDED_SIZE,,,IN_PROGRESS,180.33879543800003,False,,
5to10Traces/0038.trace,5to10Traces,unconstrained,ATLAS-B,10,2,TIMEOUT,MIN_EXPANDED_SIZE,,,IN_PROGRESS,180.25630393499978,False,,
5to10Traces/0038.trace,5to10Traces,unconstrained,MacroATLAS,10,2,TIMEOUT,MIN_EXPANDED_SIZE,,,IN_PROGRESS,180.2423243910016,False,,
5to10Traces/0039.trace,5to10Traces,unconstrained,ATLAS-B,10,2,TIMEOUT,MIN_EXPANDED_SIZE,,,IN_PROGRESS,180.35227841899996,False,,
5to10Traces/0039.trace,5to10Traces,unconstrained,MacroATLAS,10,2,TIMEOUT,MIN_EXPANDED_SIZE,,,IN_PROGRESS,180.39278693599954,False,,
5to10Traces/0040.trace,5to10Traces,unconstrained,ATLAS-B,10,2,TIMEOUT,MIN_EXPANDED_SIZE,,,IN_PROGRESS,180.31616292099898,False,,
5to10Traces/0040.trace,5to10Traces,unconstrained,MacroATLAS,10,2,TIMEOUT,MIN_EXPANDED_SIZE,,,IN_PROGRESS,180.31076510600042,False,,
5to10Traces/0041.trace,5to10Traces,unconstrained,ATLAS-B,10,2,TIMEOUT,MIN_EXPANDED_SIZE,,,IN_PROGRESS,180.27322184500008,False,,
5to10Traces/0041.trace,5to10Traces,unconstrained,MacroATLAS,10,2,TIMEOUT,MIN_EXPANDED_SIZE,,,IN_PROGRESS,180.55730849800057,False,,
5to10Traces/0042.trace,5to10Traces,unconstrained,ATLAS-B,10,2,TIMEOUT,MIN_EXPANDED_SIZE,,,IN_PROGRESS,180.2941398440007,False,,
5to10Traces/0042.trace,5to10Traces,unconstrained,MacroATLAS,10,2,TIMEOUT,MIN_EXPANDED_SIZE,,,IN_PROGRESS,180.30428219999976,False,,
5to10Traces/0043.trace,5to10Traces,unconstrained,ATLAS-B,10,2,TIMEOUT,MIN_EXPANDED_SIZE,,,IN_PROGRESS,180.34128805,False,,
5to10Traces/0043.trace,5to10Traces,unconstrained,MacroATLAS,10,2,TIMEOUT,MIN_EXPANDED_SIZE,,,IN_PROGRESS,180.6013669240001,False,,
5to10Traces/0044.trace,5to10Traces,unconstrained,ATLAS-B,18,2,SAT,MIN_EXPANDED_SIZE,0,5,PASSED,1.878731410999535,True,True,True
5to10Traces/0044.trace,5to10Traces,unconstrained,MacroATLAS,18,2,SAT,MIN_EXPANDED_SIZE,0,5,PASSED,4.718314739000107,True,True,True
5to10Traces/0045.trace,5to10Traces,unconstrained,ATLAS-B,18,2,SAT,MIN_EXPANDED_SIZE,0,5,PASSED,2.614602012999967,True,True,True
5to10Traces/0045.trace,5to10Traces,unconstrained,MacroATLAS,18,2,SAT,MIN_EXPANDED_SIZE,0,5,PASSED,4.528202383000462,True,True,True
5to10Traces/0046.trace,5to10Traces,unconstrained,ATLAS-B,18,2,SAT,MIN_EXPANDED_SIZE,0,6,PASSED,171.8841874109985,True,True,True
5to10Traces/0046.trace,5to10Traces,unconstrained,MacroATLAS,18,2,SAT,MIN_EXPANDED_SIZE,0,6,PASSED,19.397464044000117,True,True,True
5to10Traces/0047.trace,5to10Traces,unconstrained,ATLAS-B,18,2,SAT,MIN_EXPANDED_SIZE,0,6,PASSED,54.131524105999915,True,True,True
5to10Traces/0047.trace,5to10Traces,unconstrained,MacroATLAS,18,2,SAT,MIN_EXPANDED_SIZE,0,6,PASSED,30.09781281800042,True,True,True
5to10Traces/0048.trace,5to10Traces,unconstrained,ATLAS-B,18,2,SAT,MIN_EXPANDED_SIZE,0,6,PASSED,146.14778496600047,True,True,True
5to10Traces/0048.trace,5to10Traces,unconstrained,MacroATLAS,18,2,SAT,MIN_EXPANDED_SIZE,0,6,PASSED,66.52492866900002,True,True,True
5to10Traces/0049.trace,5to10Traces,unconstrained,ATLAS-B,18,2,SAT,MIN_EXPANDED_SIZE,0,6,PASSED,112.33268870200004,True,True,True
5to10Traces/0049.trace,5to10Traces,unconstrained,MacroATLAS,18,2,SAT,MIN_EXPANDED_SIZE,0,6,PASSED,66.11670541500098,True,True,True
5to10Traces/0050.trace,5to10Traces,unconstrained,ATLAS-B,18,2,TIMEOUT,MIN_EXPANDED_SIZE,,,IN_PROGRESS,180.15658324000015,False,,
5to10Traces/0050.trace,5to10Traces,unconstrained,MacroATLAS,18,2,SAT,MIN_EXPANDED_SIZE,0,6,PASSED,80.69513191800002,False,,
5to10Traces/0051.trace,5to10Traces,unconstrained,ATLAS-B,18,2,TIMEOUT,MIN_EXPANDED_SIZE,,,IN_PROGRESS,180.24438588699923,False,,
5to10Traces/0051.trace,5to10Traces,unconstrained,MacroATLAS,18,2,SAT,MIN_EXPANDED_SIZE,0,6,PASSED,160.59481774899996,False,,
5to10Traces/0052.trace,5to10Traces,unconstrained,ATLAS-B,18,2,TIMEOUT,MIN_EXPANDED_SIZE,,,IN_PROGRESS,180.1733771069994,False,,
5to10Traces/0052.trace,5to10Traces,unconstrained,MacroATLAS,18,2,SAT,MIN_EXPANDED_SIZE,0,6,PASSED,101.94759540199993,False,,
5to10Traces/0053.trace,5to10Traces,unconstrained,ATLAS-B,18,2,TIMEOUT,MIN_EXPANDED_SIZE,,,IN_PROGRESS,180.32882913899994,False,,
5to10Traces/0053.trace,5to10Traces,unconstrained,MacroATLAS,18,2,TIMEOUT,MIN_EXPANDED_SIZE,,,IN_PROGRESS,180.2247242859994,False,,
5to10Traces/0054.trace,5to10Traces,unconstrained,ATLAS-B,18,2,TIMEOUT,MIN_EXPANDED_SIZE,,,IN_PROGRESS,180.19045383900084,False,,
5to10Traces/0054.trace,5to10Traces,unconstrained,MacroATLAS,18,2,SAT,MIN_EXPANDED_SIZE,0,6,PASSED,138.37059616399983,False,,
5to10Traces/0055.trace,5to10Traces,unconstrained,ATLAS-B,18,2,TIMEOUT,MIN_EXPANDED_SIZE,,,IN_PROGRESS,180.3187483820002,False,,
5to10Traces/0055.trace,5to10Traces,unconstrained,MacroATLAS,18,2,TIMEOUT,MIN_EXPANDED_SIZE,,,IN_PROGRESS,180.2931578810003,False,,
5to10Traces/0056.trace,5to10Traces,unconstrained,ATLAS-B,18,2,TIMEOUT,MIN_EXPANDED_SIZE,,,IN_PROGRESS,180.27425986700018,False,,
5to10Traces/0056.trace,5to10Traces,unconstrained,MacroATLAS,18,2,TIMEOUT,MIN_EXPANDED_SIZE,,,IN_PROGRESS,180.2408226059997,False,,
5to10Traces/0057.trace,5to10Traces,unconstrained,ATLAS-B,18,2,TIMEOUT,MIN_EXPANDED_SIZE,,,IN_PROGRESS,180.2867300050002,False,,
5to10Traces/0057.trace,5to10Traces,unconstrained,MacroATLAS,18,2,TIMEOUT,MIN_EXPANDED_SIZE,,,IN_PROGRESS,180.24763009400021,False,,
5to10Traces/0058.trace,5to10Traces,unconstrained,ATLAS-B,18,2,TIMEOUT,MIN_EXPANDED_SIZE,,,IN_PROGRESS,180.22138904599979,False,,
5to10Traces/0058.trace,5to10Traces,unconstrained,MacroATLAS,18,2,TIMEOUT,MIN_EXPANDED_SIZE,,,IN_PROGRESS,180.28668728799857,False,,
5to10Traces/0059.trace,5to10Traces,unconstrained,ATLAS-B,18,2,TIMEOUT,MIN_EXPANDED_SIZE,,,IN_PROGRESS,180.36873480400027,False,,
5to10Traces/0059.trace,5to10Traces,unconstrained,MacroATLAS,18,2,TIMEOUT,MIN_EXPANDED_SIZE,,,IN_PROGRESS,180.2562994789987,False,,
5to10Traces/0060.trace,5to10Traces,unconstrained,ATLAS-B,18,2,TIMEOUT,MIN_EXPANDED_SIZE,,,IN_PROGRESS,180.30173458100035,False,,
5to10Traces/0060.trace,5to10Traces,unconstrained,MacroATLAS,18,2,TIMEOUT,MIN_EXPANDED_SIZE,,,IN_PROGRESS,180.30036989399923,False,,
5to10Traces/0061.trace,5to10Traces,unconstrained,ATLAS-B,18,2,TIMEOUT,MIN_EXPANDED_SIZE,,,IN_PROGRESS,180.46781865699995,False,,
5to10Traces/0061.trace,5to10Traces,unconstrained,MacroATLAS,18,2,TIMEOUT,MIN_EXPANDED_SIZE,,,IN_PROGRESS,180.37977592300012,False,,
5to10Traces/0062.trace,5to10Traces,unconstrained,ATLAS-B,18,2,TIMEOUT,MIN_EXPANDED_SIZE,,,IN_PROGRESS,180.3149293890001,False,,
5to10Traces/0062.trace,5to10Traces,unconstrained,MacroATLAS,18,2,TIMEOUT,MIN_EXPANDED_SIZE,,,IN_PROGRESS,180.2597190900001,False,,
5to10Traces/0063.trace,5to10Traces,unconstrained,ATLAS-B,18,2,TIMEOUT,MIN_EXPANDED_SIZE,,,IN_PROGRESS,180.5750721689983,False,,
5to10Traces/0063.trace,5to10Traces,unconstrained,MacroATLAS,18,2,TIMEOUT,MIN_EXPANDED_SIZE,,,IN_PROGRESS,180.31694080599982,False,,
5to10Traces/0064.trace,5to10Traces,unconstrained,ATLAS-B,18,2,TIMEOUT,MIN_EXPANDED_SIZE,,,IN_PROGRESS,180.30701945200053,False,,
5to10Traces/0064.trace,5to10Traces,unconstrained,MacroATLAS,18,2,TIMEOUT,MIN_EXPANDED_SIZE,,,IN_PROGRESS,180.27381448300002,False,,
5to10Traces/0065.trace,5to10Traces,unconstrained,ATLAS-B,18,2,TIMEOUT,MIN_EXPANDED_SIZE,,,IN_PROGRESS,180.5250343429998,False,,
5to10Traces/0065.trace,5to10Traces,unconstrained,MacroATLAS,18,2,TIMEOUT,MIN_EXPANDED_SIZE,,,IN_PROGRESS,180.35552543499944,False,,
5to10Traces/0066.trace,5to10Traces,unconstrained,ATLAS-B,18,2,SAT,MIN_EXPANDED_SIZE,0,2,PASSED,1.6545555960001366,True,True,True
5to10Traces/0066.trace,5to10Traces,unconstrained,MacroATLAS,18,2,SAT,MIN_EXPANDED_SIZE,0,2,PASSED,1.2506315919999906,True,True,True
5to10Traces/0068.trace,5to10Traces,unconstrained,ATLAS-B,18,2,TIMEOUT,MIN_EXPANDED_SIZE,,,IN_PROGRESS,180.08142386100008,False,,
5to10Traces/0068.trace,5to10Traces,unconstrained,MacroATLAS,18,2,SAT,MIN_EXPANDED_SIZE,0,7,PASSED,53.55928005800024,False,,
5to10Traces/0069.trace,5to10Traces,unconstrained,ATLAS-B,18,2,SAT,MIN_EXPANDED_SIZE,0,2,PASSED,6.490260601000045,True,True,True
5to10Traces/0069.trace,5to10Traces,unconstrained,MacroATLAS,18,2,SAT,MIN_EXPANDED_SIZE,0,2,PASSED,1.8504339350000691,True,True,True
5to10Traces/0070.trace,5to10Traces,unconstrained,ATLAS-B,18,2,TIMEOUT,MIN_EXPANDED_SIZE,,,IN_PROGRESS,180.11717449000025,False,,
5to10Traces/0070.trace,5to10Traces,unconstrained,MacroATLAS,18,2,SAT,MIN_EXPANDED_SIZE,0,7,PASSED,117.24768112600032,False,,
5to10Traces/0071.trace,5to10Traces,unconstrained,ATLAS-B,18,2,SAT,MIN_EXPANDED_SIZE,0,5,PASSED,81.19796074199985,True,True,True
5to10Traces/0071.trace,5to10Traces,unconstrained,MacroATLAS,18,2,SAT,MIN_EXPANDED_SIZE,0,5,PASSED,35.976796984999964,True,True,True
5to10Traces/0072.trace,5to10Traces,unconstrained,ATLAS-B,18,2,TIMEOUT,MIN_EXPANDED_SIZE,,,IN_PROGRESS,180.1350613069999,False,,
5to10Traces/0072.trace,5to10Traces,unconstrained,MacroATLAS,18,2,TIMEOUT,MIN_EXPANDED_SIZE,0,7,PASSED,180.08732566599974,False,,
5to10Traces/0073.trace,5to10Traces,unconstrained,ATLAS-B,18,2,SAT,MIN_EXPANDED_SIZE,0,5,PASSED,106.26332112799992,True,True,True
5to10Traces/0073.trace,5to10Traces,unconstrained,MacroATLAS,18,2,SAT,MIN_EXPANDED_SIZE,0,5,PASSED,88.3137777070001,True,True,True
5to10Traces/0074.trace,5to10Traces,unconstrained,ATLAS-B,18,2,TIMEOUT,MIN_EXPANDED_SIZE,,,IN_PROGRESS,180.18140305999987,False,,
5to10Traces/0074.trace,5to10Traces,unconstrained,MacroATLAS,18,2,TIMEOUT,MIN_EXPANDED_SIZE,,,IN_PROGRESS,180.19580395899993,False,,
5to10Traces/0075.trace,5to10Traces,unconstrained,ATLAS-B,18,2,SAT,MIN_EXPANDED_SIZE,0,5,PASSED,67.80401813599929,True,True,True
5to10Traces/0075.trace,5to10Traces,unconstrained,MacroATLAS,18,2,SAT,MIN_EXPANDED_SIZE,0,5,PASSED,111.57244979900133,True,True,True
5to10Traces/0076.trace,5to10Traces,unconstrained,ATLAS-B,18,2,TIMEOUT,MIN_EXPANDED_SIZE,,,IN_PROGRESS,180.23439923200021,False,,
5to10Traces/0076.trace,5to10Traces,unconstrained,MacroATLAS,18,2,TIMEOUT,MIN_EXPANDED_SIZE,,,IN_PROGRESS,180.22833939299971,False,,
5to10Traces/0077.trace,5to10Traces,unconstrained,ATLAS-B,18,2,TIMEOUT,MIN_EXPANDED_SIZE,,,IN_PROGRESS,180.29908704299987,False,,
5to10Traces/0077.trace,5to10Traces,unconstrained,MacroATLAS,18,2,SAT,MIN_EXPANDED_SIZE,0,5,PASSED,170.30190697500075,False,,
5to10Traces/0078.trace,5to10Traces,unconstrained,ATLAS-B,18,2,TIMEOUT,MIN_EXPANDED_SIZE,,,IN_PROGRESS,180.25830147800116,False,,
5to10Traces/0078.trace,5to10Traces,unconstrained,MacroATLAS,18,2,TIMEOUT,MIN_EXPANDED_SIZE,,,IN_PROGRESS,180.219513494,False,,
5to10Traces/0079.trace,5to10Traces,unconstrained,ATLAS-B,18,2,TIMEOUT,MIN_EXPANDED_SIZE,,,IN_PROGRESS,180.3816780800007,False,,
5to10Traces/0079.trace,5to10Traces,unconstrained,MacroATLAS,18,2,TIMEOUT,MIN_EXPANDED_SIZE,,,IN_PROGRESS,180.28903073500078,False,,
5to10Traces/0080.trace,5to10Traces,unconstrained,ATLAS-B,18,2,TIMEOUT,MIN_EXPANDED_SIZE,,,IN_PROGRESS,180.29924556200058,False,,
5to10Traces/0080.trace,5to10Traces,unconstrained,MacroATLAS,18,2,TIMEOUT,MIN_EXPANDED_SIZE,,,IN_PROGRESS,180.30543912400026,False,,
5to10Traces/0081.trace,5to10Traces,unconstrained,ATLAS-B,18,2,SAT,MIN_EXPANDED_SIZE,0,5,PASSED,171.713683304999,False,,
5to10Traces/0081.trace,5to10Traces,unconstrained,MacroATLAS,18,2,TIMEOUT,MIN_EXPANDED_SIZE,,,IN_PROGRESS,180.3565002080004,False,,
5to10Traces/0082.trace,5to10Traces,unconstrained,ATLAS-B,18,2,TIMEOUT,MIN_EXPANDED_SIZE,,,IN_PROGRESS,180.27809523299948,False,,
5to10Traces/0082.trace,5to10Traces,unconstrained,MacroATLAS,18,2,TIMEOUT,MIN_EXPANDED_SIZE,,,IN_PROGRESS,180.26860892500008,False,,
5to10Traces/0083.trace,5to10Traces,unconstrained,ATLAS-B,18,2,TIMEOUT,MIN_EXPANDED_SIZE,,,IN_PROGRESS,180.38079707700035,False,,
5to10Traces/0083.trace,5to10Traces,unconstrained,MacroATLAS,18,2,TIMEOUT,MIN_EXPANDED_SIZE,,,IN_PROGRESS,180.36494387699895,False,,
5to10Traces/0084.trace,5to10Traces,unconstrained,ATLAS-B,18,2,TIMEOUT,MIN_EXPANDED_SIZE,,,IN_PROGRESS,180.29360266599906,False,,
5to10Traces/0084.trace,5to10Traces,unconstrained,MacroATLAS,18,2,TIMEOUT,MIN_EXPANDED_SIZE,,,IN_PROGRESS,180.26188067900148,False,,
5to10Traces/0085.trace,5to10Traces,unconstrained,ATLAS-B,18,2,TIMEOUT,MIN_EXPANDED_SIZE,,,IN_PROGRESS,180.45334799500006,False,,
5to10Traces/0085.trace,5to10Traces,unconstrained,MacroATLAS,18,2,SAT,MIN_EXPANDED_SIZE,0,5,PASSED,151.081310182999,False,,
5to10Traces/0086.trace,5to10Traces,unconstrained,ATLAS-B,18,2,TIMEOUT,MIN_EXPANDED_SIZE,,,IN_PROGRESS,180.28545304900013,False,,
5to10Traces/0086.trace,5to10Traces,unconstrained,MacroATLAS,18,2,TIMEOUT,MIN_EXPANDED_SIZE,,,IN_PROGRESS,180.33835083300073,False,,
5to10Traces/0087.trace,5to10Traces,unconstrained,ATLAS-B,18,2,TIMEOUT,MIN_EXPANDED_SIZE,,,IN_PROGRESS,180.55027384099958,False,,
5to10Traces/0087.trace,5to10Traces,unconstrained,MacroATLAS,18,2,TIMEOUT,MIN_EXPANDED_SIZE,,,IN_PROGRESS,180.37871248599913,False,,
5to10Traces/0088.trace,5to10Traces,unconstrained,ATLAS-B,3,2,SAT,MIN_EXPANDED_SIZE,0,2,PASSED,1.1428172060004727,True,True,True
5to10Traces/0088.trace,5to10Traces,unconstrained,MacroATLAS,3,2,SAT,MIN_EXPANDED_SIZE,0,2,PASSED,1.140705945000036,True,True,True
5to10Traces/0090.trace,5to10Traces,unconstrained,ATLAS-B,3,2,SAT,MIN_EXPANDED_SIZE,0,2,PASSED,2.135918590000074,True,True,True
5to10Traces/0090.trace,5to10Traces,unconstrained,MacroATLAS,3,2,SAT,MIN_EXPANDED_SIZE,0,2,PASSED,1.763678195000466,True,True,True
5to10Traces/0091.trace,5to10Traces,unconstrained,ATLAS-B,3,2,SAT,MIN_EXPANDED_SIZE,0,2,PASSED,3.0647630370003753,True,True,True
5to10Traces/0091.trace,5to10Traces,unconstrained,MacroATLAS,3,2,SAT,MIN_EXPANDED_SIZE,0,2,PASSED,2.0097695920012484,True,True,True
5to10Traces/0092.trace,5to10Traces,unconstrained,ATLAS-B,3,2,SAT,MIN_EXPANDED_SIZE,0,2,PASSED,3.0695874859998185,True,True,True
5to10Traces/0092.trace,5to10Traces,unconstrained,MacroATLAS,3,2,SAT,MIN_EXPANDED_SIZE,0,2,PASSED,2.3647131670004455,True,True,True
5to10Traces/0093.trace,5to10Traces,unconstrained,ATLAS-B,3,2,SAT,MIN_EXPANDED_SIZE,0,2,PASSED,4.733798696999656,True,True,True
5to10Traces/0093.trace,5to10Traces,unconstrained,MacroATLAS,3,2,SAT,MIN_EXPANDED_SIZE,0,2,PASSED,2.401995338999768,True,True,True
5to10Traces/0094.trace,5to10Traces,unconstrained,ATLAS-B,3,2,SAT,MIN_EXPANDED_SIZE,0,2,PASSED,3.7817514330000677,True,True,True
5to10Traces/0094.trace,5to10Traces,unconstrained,MacroATLAS,3,2,SAT,MIN_EXPANDED_SIZE,0,2,PASSED,2.960348018001241,True,True,True
5to10Traces/0095.trace,5to10Traces,unconstrained,ATLAS-B,3,2,SAT,MIN_EXPANDED_SIZE,0,2,PASSED,9.335372106999785,True,True,True
5to10Traces/0095.trace,5to10Traces,unconstrained,MacroATLAS,3,2,SAT,MIN_EXPANDED_SIZE,0,2,PASSED,3.1797265680002056,True,True,True
5to10Traces/0096.trace,5to10Traces,unconstrained,ATLAS-B,3,2,SAT,MIN_EXPANDED_SIZE,0,2,PASSED,4.504125219000343,True,True,True
5to10Traces/0096.trace,5to10Traces,unconstrained,MacroATLAS,3,2,SAT,MIN_EXPANDED_SIZE,0,2,PASSED,3.609374875999947,True,True,True
5to10Traces/0097.trace,5to10Traces,unconstrained,ATLAS-B,3,2,SAT,MIN_EXPANDED_SIZE,0,2,PASSED,9.566422734998923,True,True,True
5to10Traces/0097.trace,5to10Traces,unconstrained,MacroATLAS,3,2,SAT,MIN_EXPANDED_SIZE,0,2,PASSED,3.570265490001475,True,True,True
5to10Traces/0098.trace,5to10Traces,unconstrained,ATLAS-B,3,2,SAT,MIN_EXPANDED_SIZE,0,2,PASSED,6.208065143000113,True,True,True
5to10Traces/0098.trace,5to10Traces,unconstrained,MacroATLAS,3,2,SAT,MIN_EXPANDED_SIZE,0,2,PASSED,3.768558715000836,True,True,True
5to10Traces/0099.trace,5to10Traces,unconstrained,ATLAS-B,3,2,SAT,MIN_EXPANDED_SIZE,0,2,PASSED,11.661113596999712,True,True,True
5to10Traces/0099.trace,5to10Traces,unconstrained,MacroATLAS,3,2,SAT,MIN_EXPANDED_SIZE,0,2,PASSED,4.266004777000489,True,True,True
5to10Traces/0100.trace,5to10Traces,unconstrained,ATLAS-B,3,2,SAT,MIN_EXPANDED_SIZE,0,2,PASSED,6.808529966000151,True,True,True
5to10Traces/0100.trace,5to10Traces,unconstrained,MacroATLAS,3,2,SAT,MIN_EXPANDED_SIZE,0,2,PASSED,4.119439955000416,True,True,True
5to10Traces/0101.trace,5to10Traces,unconstrained,ATLAS-B,3,2,SAT,MIN_EXPANDED_SIZE,0,2,PASSED,12.438389658999768,True,True,True
5to10Traces/0101.trace,5to10Traces,unconstrained,MacroATLAS,3,2,SAT,MIN_EXPANDED_SIZE,0,2,PASSED,4.766937372998655,True,True,True
5to10Traces/0102.trace,5to10Traces,unconstrained,ATLAS-B,3,2,SAT,MIN_EXPANDED_SIZE,0,2,PASSED,8.810729520000677,True,True,True
5to10Traces/0102.trace,5to10Traces,unconstrained,MacroATLAS,3,2,SAT,MIN_EXPANDED_SIZE,0,2,PASSED,6.428128903000015,True,True,True
5to10Traces/0103.trace,5to10Traces,unconstrained,ATLAS-B,3,2,SAT,MIN_EXPANDED_SIZE,0,2,PASSED,16.90764774499985,True,True,True
5to10Traces/0103.trace,5to10Traces,unconstrained,MacroATLAS,3,2,SAT,MIN_EXPANDED_SIZE,0,2,PASSED,5.366930524999589,True,True,True
5to10Traces/0104.trace,5to10Traces,unconstrained,ATLAS-B,3,2,SAT,MIN_EXPANDED_SIZE,0,2,PASSED,9.707048043999748,True,True,True
5to10Traces/0104.trace,5to10Traces,unconstrained,MacroATLAS,3,2,SAT,MIN_EXPANDED_SIZE,0,2,PASSED,4.828492632999996,True,True,True
5to10Traces/0105.trace,5to10Traces,unconstrained,ATLAS-B,3,2,SAT,MIN_EXPANDED_SIZE,0,2,PASSED,16.519396342999244,True,True,True
5to10Traces/0105.trace,5to10Traces,unconstrained,MacroATLAS,3,2,SAT,MIN_EXPANDED_SIZE,0,2,PASSED,5.200390908001282,True,True,True
5to10Traces/0106.trace,5to10Traces,unconstrained,ATLAS-B,3,2,SAT,MIN_EXPANDED_SIZE,0,2,PASSED,10.254189063000013,True,True,True
5to10Traces/0106.trace,5to10Traces,unconstrained,MacroATLAS,3,2,SAT,MIN_EXPANDED_SIZE,0,2,PASSED,5.3251882450003905,True,True,True
5to10Traces/0107.trace,5to10Traces,unconstrained,ATLAS-B,3,2,SAT,MIN_EXPANDED_SIZE,0,2,PASSED,20.72822625500021,True,True,True
5to10Traces/0107.trace,5to10Traces,unconstrained,MacroATLAS,3,2,SAT,MIN_EXPANDED_SIZE,0,2,PASSED,5.442185600999437,True,True,True
5to10Traces/0108.trace,5to10Traces,unconstrained,ATLAS-B,3,2,SAT,MIN_EXPANDED_SIZE,0,2,PASSED,10.828915084999608,True,True,True
5to10Traces/0108.trace,5to10Traces,unconstrained,MacroATLAS,3,2,SAT,MIN_EXPANDED_SIZE,0,2,PASSED,5.569829545000175,True,True,True
5to10Traces/0109.trace,5to10Traces,unconstrained,ATLAS-B,3,2,SAT,MIN_EXPANDED_SIZE,0,2,PASSED,23.372286902999804,True,True,True
5to10Traces/0109.trace,5to10Traces,unconstrained,MacroATLAS,3,2,SAT,MIN_EXPANDED_SIZE,0,2,PASSED,7.111776201000794,True,True,True
5to10Traces/0110.trace,5to10Traces,unconstrained,ATLAS-B,67,2,SAT,MIN_EXPANDED_SIZE,0,2,PASSED,1.7049760659997446,True,True,True
5to10Traces/0110.trace,5to10Traces,unconstrained,MacroATLAS,67,2,SAT,MIN_EXPANDED_SIZE,0,2,PASSED,1.1354238660005649,True,True,True
5to10Traces/0112.trace,5to10Traces,unconstrained,ATLAS-B,67,2,SAT,MIN_EXPANDED_SIZE,0,2,PASSED,3.8069317689987656,True,True,True
5to10Traces/0112.trace,5to10Traces,unconstrained,MacroATLAS,67,2,SAT,MIN_EXPANDED_SIZE,0,2,PASSED,2.080859159001193,True,True,True
5to10Traces/0114.trace,5to10Traces,unconstrained,ATLAS-B,67,2,TIMEOUT,MIN_EXPANDED_SIZE,,,IN_PROGRESS,180.12923738100017,False,,
5to10Traces/0114.trace,5to10Traces,unconstrained,MacroATLAS,67,2,TIMEOUT,MIN_EXPANDED_SIZE,,,IN_PROGRESS,180.14163433700014,False,,
5to10Traces/0116.trace,5to10Traces,unconstrained,ATLAS-B,67,2,TIMEOUT,MIN_EXPANDED_SIZE,,,IN_PROGRESS,180.15287411200006,False,,
5to10Traces/0116.trace,5to10Traces,unconstrained,MacroATLAS,67,2,TIMEOUT,MIN_EXPANDED_SIZE,,,IN_PROGRESS,180.13897709499997,False,,
5to10Traces/0117.trace,5to10Traces,unconstrained,ATLAS-B,67,2,TIMEOUT,MIN_EXPANDED_SIZE,,,IN_PROGRESS,180.21010490699882,False,,
5to10Traces/0117.trace,5to10Traces,unconstrained,MacroATLAS,67,2,SAT,MIN_EXPANDED_SIZE,0,4,PASSED,42.27589666200015,False,,
5to10Traces/0118.trace,5to10Traces,unconstrained,ATLAS-B,67,2,TIMEOUT,MIN_EXPANDED_SIZE,,,IN_PROGRESS,180.1413509949998,False,,
5to10Traces/0118.trace,5to10Traces,unconstrained,MacroATLAS,67,2,TIMEOUT,MIN_EXPANDED_SIZE,,,IN_PROGRESS,180.15703423600007,False,,
5to10Traces/0119.trace,5to10Traces,unconstrained,ATLAS-B,67,2,SAT,MIN_EXPANDED_SIZE,0,2,PASSED,21.343372348999765,True,True,True
5to10Traces/0119.trace,5to10Traces,unconstrained,MacroATLAS,67,2,SAT,MIN_EXPANDED_SIZE,0,2,PASSED,3.6436876200004917,True,True,True
5to10Traces/0120.trace,5to10Traces,unconstrained,ATLAS-B,67,2,SAT,MIN_EXPANDED_SIZE,0,2,PASSED,12.88123758799884,True,True,True
5to10Traces/0120.trace,5to10Traces,unconstrained,MacroATLAS,67,2,SAT,MIN_EXPANDED_SIZE,0,2,PASSED,4.128732900000614,True,True,True
5to10Traces/0121.trace,5to10Traces,unconstrained,ATLAS-B,67,2,SAT,MIN_EXPANDED_SIZE,0,2,PASSED,32.14558755300095,True,True,True
5to10Traces/0121.trace,5to10Traces,unconstrained,MacroATLAS,67,2,SAT,MIN_EXPANDED_SIZE,0,2,PASSED,4.606575863999751,True,True,True
5to10Traces/0122.trace,5to10Traces,unconstrained,ATLAS-B,67,2,TIMEOUT,MIN_EXPANDED_SIZE,,,IN_PROGRESS,180.1765166210007,False,,
5to10Traces/0122.trace,5to10Traces,unconstrained,MacroATLAS,67,2,TIMEOUT,MIN_EXPANDED_SIZE,,,IN_PROGRESS,180.2351314080006,False,,
5to10Traces/0124.trace,5to10Traces,unconstrained,ATLAS-B,67,2,TIMEOUT,MIN_EXPANDED_SIZE,,,IN_PROGRESS,180.19189928700007,False,,
5to10Traces/0124.trace,5to10Traces,unconstrained,MacroATLAS,67,2,TIMEOUT,MIN_EXPANDED_SIZE,,,IN_PROGRESS,180.2164103260002,False,,
5to10Traces/0125.trace,5to10Traces,unconstrained,ATLAS-B,67,2,SAT,MIN_EXPANDED_SIZE,0,2,PASSED,44.88109988399992,True,True,True
5to10Traces/0125.trace,5to10Traces,unconstrained,MacroATLAS,67,2,SAT,MIN_EXPANDED_SIZE,0,2,PASSED,5.556245570000101,True,True,True
5to10Traces/0126.trace,5to10Traces,unconstrained,ATLAS-B,67,2,TIMEOUT,MIN_EXPANDED_SIZE,,,IN_PROGRESS,180.230481778,False,,
5to10Traces/0126.trace,5to10Traces,unconstrained,MacroATLAS,67,2,TIMEOUT,MIN_EXPANDED_SIZE,,,IN_PROGRESS,180.28455729300003,False,,
5to10Traces/0127.trace,5to10Traces,unconstrained,ATLAS-B,67,2,SAT,MIN_EXPANDED_SIZE,0,2,PASSED,51.82910946499942,True,True,True
5to10Traces/0127.trace,5to10Traces,unconstrained,MacroATLAS,67,2,SAT,MIN_EXPANDED_SIZE,0,2,PASSED,5.510879740000746,True,True,True
5to10Traces/0128.trace,5to10Traces,unconstrained,ATLAS-B,67,2,TIMEOUT,MIN_EXPANDED_SIZE,,,IN_PROGRESS,180.31734446500013,False,,
5to10Traces/0128.trace,5to10Traces,unconstrained,MacroATLAS,67,2,TIMEOUT,MIN_EXPANDED_SIZE,,,IN_PROGRESS,180.2520503070009,False,,
5to10Traces/0129.trace,5to10Traces,unconstrained,ATLAS-B,67,2,SAT,MIN_EXPANDED_SIZE,0,2,PASSED,57.336564741000075,True,True,True
5to10Traces/0129.trace,5to10Traces,unconstrained,MacroATLAS,67,2,SAT,MIN_EXPANDED_SIZE,0,2,PASSED,6.868176370000583,True,True,True
5to10Traces/0130.trace,5to10Traces,unconstrained,ATLAS-B,67,2,TIMEOUT,MIN_EXPANDED_SIZE,,,IN_PROGRESS,180.26771116999953,False,,
5to10Traces/0130.trace,5to10Traces,unconstrained,MacroATLAS,67,2,TIMEOUT,MIN_EXPANDED_SIZE,,,IN_PROGRESS,180.2880737079995,False,,
5to10Traces/0131.trace,5to10Traces,unconstrained,ATLAS-B,67,2,TIMEOUT,MIN_EXPANDED_SIZE,,,IN_PROGRESS,180.40516678400127,False,,
5to10Traces/0131.trace,5to10Traces,unconstrained,MacroATLAS,67,2,TIMEOUT,MIN_EXPANDED_SIZE,,,IN_PROGRESS,180.35000267600117,False,,
5to10Traces/0132.trace,5to10Traces,unconstrained,ATLAS-B,3,2,SAT,MIN_EXPANDED_SIZE,0,2,PASSED,1.0612291450001976,True,True,True
5to10Traces/0132.trace,5to10Traces,unconstrained,MacroATLAS,3,2,SAT,MIN_EXPANDED_SIZE,0,2,PASSED,1.1900107049987128,True,True,True
5to10Traces/0134.trace,5to10Traces,unconstrained,ATLAS-B,3,2,SAT,MIN_EXPANDED_SIZE,0,2,PASSED,2.003905071999725,True,True,True
5to10Traces/0134.trace,5to10Traces,unconstrained,MacroATLAS,3,2,SAT,MIN_EXPANDED_SIZE,0,2,PASSED,1.650785806001295,True,True,True
5to10Traces/0135.trace,5to10Traces,unconstrained,ATLAS-B,3,2,SAT,MIN_EXPANDED_SIZE,0,2,PASSED,3.1216785479991813,True,True,True
5to10Traces/0135.trace,5to10Traces,unconstrained,MacroATLAS,3,2,SAT,MIN_EXPANDED_SIZE,0,2,PASSED,1.9375355089996447,True,True,True
5to10Traces/0136.trace,5to10Traces,unconstrained,ATLAS-B,3,2,SAT,MIN_EXPANDED_SIZE,0,2,PASSED,3.0050308470003984,True,True,True
5to10Traces/0136.trace,5to10Traces,unconstrained,MacroATLAS,3,2,SAT,MIN_EXPANDED_SIZE,0,2,PASSED,2.3691491359986685,True,True,True
5to10Traces/0137.trace,5to10Traces,unconstrained,ATLAS-B,3,2,SAT,MIN_EXPANDED_SIZE,0,2,PASSED,4.549852105001264,True,True,True
5to10Traces/0137.trace,5to10Traces,unconstrained,MacroATLAS,3,2,SAT,MIN_EXPANDED_SIZE,0,2,PASSED,2.551739601999998,True,True,True
5to10Traces/0138.trace,5to10Traces,unconstrained,ATLAS-B,3,2,SAT,MIN_EXPANDED_SIZE,0,2,PASSED,3.8983792799990624,True,True,True
5to10Traces/0138.trace,5to10Traces,unconstrained,MacroATLAS,3,2,SAT,MIN_EXPANDED_SIZE,0,2,PASSED,2.853238505999798,True,True,True
5to10Traces/0139.trace,5to10Traces,unconstrained,ATLAS-B,3,2,SAT,MIN_EXPANDED_SIZE,0,2,PASSED,7.419548834000125,True,True,True
5to10Traces/0139.trace,5to10Traces,unconstrained,MacroATLAS,3,2,SAT,MIN_EXPANDED_SIZE,0,2,PASSED,2.909048628999699,True,True,True
5to10Traces/0140.trace,5to10Traces,unconstrained,ATLAS-B,3,2,SAT,MIN_EXPANDED_SIZE,0,2,PASSED,4.524965206999923,True,True,True
5to10Traces/0140.trace,5to10Traces,unconstrained,MacroATLAS,3,2,SAT,MIN_EXPANDED_SIZE,0,2,PASSED,3.244038041999943,True,True,True
5to10Traces/0141.trace,5to10Traces,unconstrained,ATLAS-B,3,2,SAT,MIN_EXPANDED_SIZE,0,2,PASSED,9.520881766000457,True,True,True
5to10Traces/0141.trace,5to10Traces,unconstrained,MacroATLAS,3,2,SAT,MIN_EXPANDED_SIZE,0,2,PASSED,3.451768611999796,True,True,True
5to10Traces/0142.trace,5to10Traces,unconstrained,ATLAS-B,3,2,SAT,MIN_EXPANDED_SIZE,0,2,PASSED,6.260428157000206,True,True,True
5to10Traces/0142.trace,5to10Traces,unconstrained,MacroATLAS,3,2,SAT,MIN_EXPANDED_SIZE,0,2,PASSED,3.987030684000274,True,True,True
5to10Traces/0143.trace,5to10Traces,unconstrained,ATLAS-B,3,2,SAT,MIN_EXPANDED_SIZE,0,2,PASSED,11.682977258000392,True,True,True
5to10Traces/0143.trace,5to10Traces,unconstrained,MacroATLAS,3,2,SAT,MIN_EXPANDED_SIZE,0,2,PASSED,3.6546119790000375,True,True,True
5to10Traces/0144.trace,5to10Traces,unconstrained,ATLAS-B,3,2,SAT,MIN_EXPANDED_SIZE,0,2,PASSED,6.962311246000354,True,True,True
5to10Traces/0144.trace,5to10Traces,unconstrained,MacroATLAS,3,2,SAT,MIN_EXPANDED_SIZE,0,2,PASSED,4.176121589999639,True,True,True
5to10Traces/0145.trace,5to10Traces,unconstrained,ATLAS-B,3,2,SAT,MIN_EXPANDED_SIZE,0,2,PASSED,12.892798422999476,True,True,True
5to10Traces/0145.trace,5to10Traces,unconstrained,MacroATLAS,3,2,SAT,MIN_EXPANDED_SIZE,0,2,PASSED,4.6136178799999925,True,True,True
5to10Traces/0146.trace,5to10Traces,unconstrained,ATLAS-B,3,2,SAT,MIN_EXPANDED_SIZE,0,2,PASSED,8.425265822000256,True,True,True
5to10Traces/0146.trace,5to10Traces,unconstrained,MacroATLAS,3,2,SAT,MIN_EXPANDED_SIZE,0,2,PASSED,4.731959508999353,True,True,True
5to10Traces/0147.trace,5to10Traces,unconstrained,ATLAS-B,3,2,SAT,MIN_EXPANDED_SIZE,0,2,PASSED,16.697963845999766,True,True,True
5to10Traces/0147.trace,5to10Traces,unconstrained,MacroATLAS,3,2,SAT,MIN_EXPANDED_SIZE,0,2,PASSED,5.1577223819999745,True,True,True
5to10Traces/0148.trace,5to10Traces,unconstrained,ATLAS-B,3,2,SAT,MIN_EXPANDED_SIZE,0,2,PASSED,8.227672092998546,True,True,True
5to10Traces/0148.trace,5to10Traces,unconstrained,MacroATLAS,3,2,SAT,MIN_EXPANDED_SIZE,0,2,PASSED,5.1544856450000225,True,True,True
5to10Traces/0149.trace,5to10Traces,unconstrained,ATLAS-B,3,2,SAT,MIN_EXPANDED_SIZE,0,2,PASSED,17.86525746999996,True,True,True
5to10Traces/0149.trace,5to10Traces,unconstrained,MacroATLAS,3,2,SAT,MIN_EXPANDED_SIZE,0,2,PASSED,5.45984167000006,True,True,True
5to10Traces/0150.trace,5to10Traces,unconstrained,ATLAS-B,3,2,SAT,MIN_EXPANDED_SIZE,0,2,PASSED,10.947991059999822,True,True,True
5to10Traces/0150.trace,5to10Traces,unconstrained,MacroATLAS,3,2,SAT,MIN_EXPANDED_SIZE,0,2,PASSED,5.500062448998506,True,True,True
5to10Traces/0151.trace,5to10Traces,unconstrained,ATLAS-B,3,2,SAT,MIN_EXPANDED_SIZE,0,2,PASSED,20.370973459001107,True,True,True
5to10Traces/0151.trace,5to10Traces,unconstrained,MacroATLAS,3,2,SAT,MIN_EXPANDED_SIZE,0,2,PASSED,6.15967376899971,True,True,True
5to10Traces/0152.trace,5to10Traces,unconstrained,ATLAS-B,3,2,SAT,MIN_EXPANDED_SIZE,0,2,PASSED,10.78423658499969,True,True,True
5to10Traces/0152.trace,5to10Traces,unconstrained,MacroATLAS,3,2,SAT,MIN_EXPANDED_SIZE,0,2,PASSED,5.78916190199925,True,True,True
5to10Traces/0153.trace,5to10Traces,unconstrained,ATLAS-B,3,2,SAT,MIN_EXPANDED_SIZE,0,2,PASSED,21.746545224999863,True,True,True
5to10Traces/0153.trace,5to10Traces,unconstrained,MacroATLAS,3,2,SAT,MIN_EXPANDED_SIZE,0,2,PASSED,6.270731666999836,True,True,True
5to10Traces/0154.trace,5to10Traces,unconstrained,ATLAS-B,6,2,SAT,MIN_EXPANDED_SIZE,0,5,PASSED,4.67567143999986,True,True,True
5to10Traces/0154.trace,5to10Traces,unconstrained,MacroATLAS,6,2,SAT,MIN_EXPANDED_SIZE,0,5,PASSED,3.415711606000059,True,True,True
5to10Traces/0155.trace,5to10Traces,unconstrained,ATLAS-B,6,2,SAT,MIN_EXPANDED_SIZE,0,1,PASSED,2.4309707599986723,True,True,True
5to10Traces/0155.trace,5to10Traces,unconstrained,MacroATLAS,6,2,SAT,MIN_EXPANDED_SIZE,0,1,PASSED,1.13763160399958,True,True,True
5to10Traces/0156.trace,5to10Traces,unconstrained,ATLAS-B,6,2,UNSAT,MIN_EXPANDED_SIZE,0,0,NOT_APPLICABLE_UNSAT,101.93009254400022,True,True,
5to10Traces/0156.trace,5to10Traces,unconstrained,MacroATLAS,6,2,UNSAT,MIN_EXPANDED_SIZE,0,0,NOT_APPLICABLE_UNSAT,61.39779574299973,True,True,
5to10Traces/0157.trace,5to10Traces,unconstrained,ATLAS-B,6,2,TIMEOUT,MIN_EXPANDED_SIZE,,,IN_PROGRESS,180.13342658299962,False,,
5to10Traces/0157.trace,5to10Traces,unconstrained,MacroATLAS,6,2,UNSAT,MIN_EXPANDED_SIZE,0,0,NOT_APPLICABLE_UNSAT,132.88383080400126,False,,
5to10Traces/0158.trace,5to10Traces,unconstrained,ATLAS-B,6,2,TIMEOUT,MIN_EXPANDED_SIZE,,,IN_PROGRESS,180.07157677400005,False,,
5to10Traces/0158.trace,5to10Traces,unconstrained,MacroATLAS,6,2,UNSAT,MIN_EXPANDED_SIZE,0,0,NOT_APPLICABLE_UNSAT,70.79849687099886,False,,
5to10Traces/0159.trace,5to10Traces,unconstrained,ATLAS-B,6,2,TIMEOUT,MIN_EXPANDED_SIZE,,,IN_PROGRESS,180.19396182499986,False,,
5to10Traces/0159.trace,5to10Traces,unconstrained,MacroATLAS,6,2,TIMEOUT,MIN_EXPANDED_SIZE,,,IN_PROGRESS,180.24279080400083,False,,
5to10Traces/0160.trace,5to10Traces,unconstrained,ATLAS-B,6,2,TIMEOUT,MIN_EXPANDED_SIZE,,,IN_PROGRESS,180.10432443699938,False,,
5to10Traces/0160.trace,5to10Traces,unconstrained,MacroATLAS,6,2,UNSAT,MIN_EXPANDED_SIZE,0,0,NOT_APPLICABLE_UNSAT,152.7974630510007,False,,
5to10Traces/0161.trace,5to10Traces,unconstrained,ATLAS-B,6,2,TIMEOUT,MIN_EXPANDED_SIZE,,,IN_PROGRESS,180.2670269780001,False,,
5to10Traces/0161.trace,5to10Traces,unconstrained,MacroATLAS,6,2,TIMEOUT,MIN_EXPANDED_SIZE,,,IN_PROGRESS,180.1994194509998,False,,
5to10Traces/0162.trace,5to10Traces,unconstrained,ATLAS-B,6,2,TIMEOUT,MIN_EXPANDED_SIZE,,,IN_PROGRESS,180.12177017399972,False,,
5to10Traces/0162.trace,5to10Traces,unconstrained,MacroATLAS,6,2,TIMEOUT,MIN_EXPANDED_SIZE,,,IN_PROGRESS,180.17458963199988,False,,
5to10Traces/0163.trace,5to10Traces,unconstrained,ATLAS-B,6,2,TIMEOUT,MIN_EXPANDED_SIZE,,,IN_PROGRESS,180.29765429000054,False,,
5to10Traces/0163.trace,5to10Traces,unconstrained,MacroATLAS,6,2,TIMEOUT,MIN_EXPANDED_SIZE,,,IN_PROGRESS,180.17557545499994,False,,
5to10Traces/0164.trace,5to10Traces,unconstrained,ATLAS-B,6,2,TIMEOUT,MIN_EXPANDED_SIZE,,,IN_PROGRESS,180.14574586300023,False,,
5to10Traces/0164.trace,5to10Traces,unconstrained,MacroATLAS,6,2,TIMEOUT,MIN_EXPANDED_SIZE,,,IN_PROGRESS,180.17410134700003,False,,
5to10Traces/0165.trace,5to10Traces,unconstrained,ATLAS-B,6,2,TIMEOUT,MIN_EXPANDED_SIZE,,,IN_PROGRESS,180.30161914500013,False,,
5to10Traces/0165.trace,5to10Traces,unconstrained,MacroATLAS,6,2,TIMEOUT,MIN_EXPANDED_SIZE,,,IN_PROGRESS,180.27202427199882,False,,
5to10Traces/0166.trace,5to10Traces,unconstrained,ATLAS-B,6,2,TIMEOUT,MIN_EXPANDED_SIZE,,,IN_PROGRESS,180.16726047500015,False,,
5to10Traces/0166.trace,5to10Traces,unconstrained,MacroATLAS,6,2,TIMEOUT,MIN_EXPANDED_SIZE,,,IN_PROGRESS,180.22726639600114,False,,
5to10Traces/0167.trace,5to10Traces,unconstrained,ATLAS-B,6,2,TIMEOUT,MIN_EXPANDED_SIZE,,,IN_PROGRESS,180.35837330599998,False,,
5to10Traces/0167.trace,5to10Traces,unconstrained,MacroATLAS,6,2,TIMEOUT,MIN_EXPANDED_SIZE,,,IN_PROGRESS,180.26005740300025,False,,
5to10Traces/0168.trace,5to10Traces,unconstrained,ATLAS-B,6,2,TIMEOUT,MIN_EXPANDED_SIZE,,,IN_PROGRESS,180.22499889500068,False,,
5to10Traces/0168.trace,5to10Traces,unconstrained,MacroATLAS,6,2,TIMEOUT,MIN_EXPANDED_SIZE,,,IN_PROGRESS,180.24418100500043,False,,
5to10Traces/0169.trace,5to10Traces,unconstrained,ATLAS-B,6,2,TIMEOUT,MIN_EXPANDED_SIZE,,,IN_PROGRESS,180.44822213000043,False,,
5to10Traces/0169.trace,5to10Traces,unconstrained,MacroATLAS,6,2,TIMEOUT,MIN_EXPANDED_SIZE,,,IN_PROGRESS,180.2944616929999,False,,
5to10Traces/0170.trace,5to10Traces,unconstrained,ATLAS-B,6,2,TIMEOUT,MIN_EXPANDED_SIZE,,,IN_PROGRESS,180.21098314899973,False,,
5to10Traces/0170.trace,5to10Traces,unconstrained,MacroATLAS,6,2,TIMEOUT,MIN_EXPANDED_SIZE,,,IN_PROGRESS,180.24324898799932,False,,
5to10Traces/0171.trace,5to10Traces,unconstrained,ATLAS-B,6,2,TIMEOUT,MIN_EXPANDED_SIZE,,,IN_PROGRESS,180.46551641599945,False,,
5to10Traces/0171.trace,5to10Traces,unconstrained,MacroATLAS,6,2,TIMEOUT,MIN_EXPANDED_SIZE,,,IN_PROGRESS,180.298257121,False,,
5to10Traces/0172.trace,5to10Traces,unconstrained,ATLAS-B,6,2,TIMEOUT,MIN_EXPANDED_SIZE,,,IN_PROGRESS,180.22652078700003,False,,
5to10Traces/0172.trace,5to10Traces,unconstrained,MacroATLAS,6,2,TIMEOUT,MIN_EXPANDED_SIZE,,,IN_PROGRESS,180.18845746600164,False,,
5to10Traces/0173.trace,5to10Traces,unconstrained,ATLAS-B,6,2,TIMEOUT,MIN_EXPANDED_SIZE,,,IN_PROGRESS,180.44549977400004,False,,
5to10Traces/0173.trace,5to10Traces,unconstrained,MacroATLAS,6,2,TIMEOUT,MIN_EXPANDED_SIZE,,,IN_PROGRESS,180.34838625200007,False,,
5to10Traces/0174.trace,5to10Traces,unconstrained,ATLAS-B,6,2,TIMEOUT,MIN_EXPANDED_SIZE,,,IN_PROGRESS,180.21573488000013,False,,
5to10Traces/0174.trace,5to10Traces,unconstrained,MacroATLAS,6,2,TIMEOUT,MIN_EXPANDED_SIZE,,,IN_PROGRESS,180.24724972900003,False,,
5to10Traces/0175.trace,5to10Traces,unconstrained,ATLAS-B,6,2,TIMEOUT,MIN_EXPANDED_SIZE,,,IN_PROGRESS,180.33218828999998,False,,
5to10Traces/0175.trace,5to10Traces,unconstrained,MacroATLAS,6,2,TIMEOUT,MIN_EXPANDED_SIZE,,,IN_PROGRESS,180.42047948299842,False,,
5to10Traces/0176.trace,5to10Traces,unconstrained,ATLAS-B,10,2,SAT,MIN_EXPANDED_SIZE,0,3,PASSED,1.7852569719998428,True,True,True
5to10Traces/0176.trace,5to10Traces,unconstrained,MacroATLAS,10,2,SAT,MIN_EXPANDED_SIZE,0,3,PASSED,3.906132144998992,True,True,True
5to10Traces/0177.trace,5to10Traces,unconstrained,ATLAS-B,10,2,SAT,MIN_EXPANDED_SIZE,0,4,PASSED,9.138284927001223,True,True,True
5to10Traces/0177.trace,5to10Traces,unconstrained,MacroATLAS,10,2,SAT,MIN_EXPANDED_SIZE,0,4,PASSED,5.58431558600023,True,True,True
5to10Traces/0178.trace,5to10Traces,unconstrained,ATLAS-B,10,2,SAT,MIN_EXPANDED_SIZE,0,5,PASSED,26.026244733999192,True,True,True
5to10Traces/0178.trace,5to10Traces,unconstrained,MacroATLAS,10,2,SAT,MIN_EXPANDED_SIZE,0,5,PASSED,18.25601275500003,True,True,True
5to10Traces/0179.trace,5to10Traces,unconstrained,ATLAS-B,10,2,SAT,MIN_EXPANDED_SIZE,0,5,PASSED,9.655795253000178,True,True,True
5to10Traces/0179.trace,5to10Traces,unconstrained,MacroATLAS,10,2,SAT,MIN_EXPANDED_SIZE,0,5,PASSED,17.079455030000645,True,True,True
5to10Traces/0180.trace,5to10Traces,unconstrained,ATLAS-B,10,2,SAT,MIN_EXPANDED_SIZE,0,5,PASSED,9.457079285000873,True,True,True
5to10Traces/0180.trace,5to10Traces,unconstrained,MacroATLAS,10,2,SAT,MIN_EXPANDED_SIZE,0,5,PASSED,28.554930305999733,True,True,True
5to10Traces/0181.trace,5to10Traces,unconstrained,ATLAS-B,10,2,SAT,MIN_EXPANDED_SIZE,0,5,PASSED,15.844921132000309,True,True,True
5to10Traces/0181.trace,5to10Traces,unconstrained,MacroATLAS,10,2,SAT,MIN_EXPANDED_SIZE,0,5,PASSED,50.48024228699978,True,True,True
5to10Traces/0182.trace,5to10Traces,unconstrained,ATLAS-B,10,2,SAT,MIN_EXPANDED_SIZE,0,5,PASSED,13.504563516999042,True,True,True
5to10Traces/0182.trace,5to10Traces,unconstrained,MacroATLAS,10,2,SAT,MIN_EXPANDED_SIZE,0,5,PASSED,46.23746487099993,True,True,True
5to10Traces/0183.trace,5to10Traces,unconstrained,ATLAS-B,10,2,TIMEOUT,MIN_EXPANDED_SIZE,,,IN_PROGRESS,180.194450877,False,,
5to10Traces/0183.trace,5to10Traces,unconstrained,MacroATLAS,10,2,SAT,MIN_EXPANDED_SIZE,0,5,PASSED,71.141183737,False,,
5to10Traces/0184.trace,5to10Traces,unconstrained,ATLAS-B,10,2,SAT,MIN_EXPANDED_SIZE,0,5,PASSED,18.877784395999697,True,True,True
5to10Traces/0184.trace,5to10Traces,unconstrained,MacroATLAS,10,2,SAT,MIN_EXPANDED_SIZE,0,5,PASSED,53.63412320700081,True,True,True
5to10Traces/0185.trace,5to10Traces,unconstrained,ATLAS-B,10,2,SAT,MIN_EXPANDED_SIZE,0,5,PASSED,34.80570547200114,True,True,True
5to10Traces/0185.trace,5to10Traces,unconstrained,MacroATLAS,10,2,SAT,MIN_EXPANDED_SIZE,0,5,PASSED,85.18811370099866,True,True,True
5to10Traces/0186.trace,5to10Traces,unconstrained,ATLAS-B,10,2,SAT,MIN_EXPANDED_SIZE,0,5,PASSED,22.86155363600028,True,True,True
5to10Traces/0186.trace,5to10Traces,unconstrained,MacroATLAS,10,2,SAT,MIN_EXPANDED_SIZE,0,5,PASSED,122.1339199740014,True,True,True
5to10Traces/0187.trace,5to10Traces,unconstrained,ATLAS-B,10,2,SAT,MIN_EXPANDED_SIZE,0,5,PASSED,45.3593117190012,False,,
5to10Traces/0187.trace,5to10Traces,unconstrained,MacroATLAS,10,2,TIMEOUT,MIN_EXPANDED_SIZE,,,IN_PROGRESS,180.24660842899993,False,,
5to10Traces/0188.trace,5to10Traces,unconstrained,ATLAS-B,10,2,SAT,MIN_EXPANDED_SIZE,0,5,PASSED,26.19176287799928,True,True,True
5to10Traces/0188.trace,5to10Traces,unconstrained,MacroATLAS,10,2,SAT,MIN_EXPANDED_SIZE,0,5,PASSED,107.473221663,True,True,True
5to10Traces/0189.trace,5to10Traces,unconstrained,ATLAS-B,10,2,SAT,MIN_EXPANDED_SIZE,0,5,PASSED,56.65053021400013,False,,
5to10Traces/0189.trace,5to10Traces,unconstrained,MacroATLAS,10,2,TIMEOUT,MIN_EXPANDED_SIZE,,,IN_PROGRESS,180.23950435000006,False,,
5to10Traces/0190.trace,5to10Traces,unconstrained,ATLAS-B,10,2,SAT,MIN_EXPANDED_SIZE,0,5,PASSED,33.64548102800018,True,True,True
5to10Traces/0190.trace,5to10Traces,unconstrained,MacroATLAS,10,2,SAT,MIN_EXPANDED_SIZE,0,5,PASSED,81.23228502799975,True,True,True
5to10Traces/0191.trace,5to10Traces,unconstrained,ATLAS-B,10,2,SAT,MIN_EXPANDED_SIZE,0,5,PASSED,65.33518578400026,False,,
5to10Traces/0191.trace,5to10Traces,unconstrained,MacroATLAS,10,2,TIMEOUT,MIN_EXPANDED_SIZE,,,IN_PROGRESS,180.3411994370017,False,,
5to10Traces/0192.trace,5to10Traces,unconstrained,ATLAS-B,10,2,SAT,MIN_EXPANDED_SIZE,0,5,PASSED,37.149569672000325,True,True,True
5to10Traces/0192.trace,5to10Traces,unconstrained,MacroATLAS,10,2,SAT,MIN_EXPANDED_SIZE,0,5,PASSED,143.77568969800086,True,True,True
5to10Traces/0193.trace,5to10Traces,unconstrained,ATLAS-B,10,2,SAT,MIN_EXPANDED_SIZE,0,5,PASSED,78.22544059500069,False,,
5to10Traces/0193.trace,5to10Traces,unconstrained,MacroATLAS,10,2,TIMEOUT,MIN_EXPANDED_SIZE,,,IN_PROGRESS,180.32624814799965,False,,
5to10Traces/0194.trace,5to10Traces,unconstrained,ATLAS-B,10,2,SAT,MIN_EXPANDED_SIZE,0,5,PASSED,41.49241983799948,False,,
5to10Traces/0194.trace,5to10Traces,unconstrained,MacroATLAS,10,2,TIMEOUT,MIN_EXPANDED_SIZE,,,IN_PROGRESS,180.330446855,False,,
5to10Traces/0195.trace,5to10Traces,unconstrained,ATLAS-B,10,2,SAT,MIN_EXPANDED_SIZE,0,5,PASSED,86.62579595899933,False,,
5to10Traces/0195.trace,5to10Traces,unconstrained,MacroATLAS,10,2,TIMEOUT,MIN_EXPANDED_SIZE,,,IN_PROGRESS,180.33855503199993,False,,
5to10Traces/0196.trace,5to10Traces,unconstrained,ATLAS-B,10,2,SAT,MIN_EXPANDED_SIZE,0,5,PASSED,45.81117411000014,False,,
5to10Traces/0196.trace,5to10Traces,unconstrained,MacroATLAS,10,2,TIMEOUT,MIN_EXPANDED_SIZE,,,IN_PROGRESS,180.2191674500009,False,,
5to10Traces/0197.trace,5to10Traces,unconstrained,ATLAS-B,10,2,SAT,MIN_EXPANDED_SIZE,0,5,PASSED,83.15772479800034,False,,
5to10Traces/0197.trace,5to10Traces,unconstrained,MacroATLAS,10,2,TIMEOUT,MIN_EXPANDED_SIZE,,,IN_PROGRESS,180.45561023299888,False,,
baseTest/0001.trace,baseTest,unconstrained,ATLAS-B,10,2,TIMEOUT,MIN_EXPANDED_SIZE,,,IN_PROGRESS,180.23143733799952,False,,
baseTest/0001.trace,baseTest,unconstrained,MacroATLAS,10,2,TIMEOUT,MIN_EXPANDED_SIZE,,,IN_PROGRESS,180.30208109500018,False,,
baseTest/0002.trace,baseTest,unconstrained,ATLAS-B,10,2,SAT,MIN_EXPANDED_SIZE,0,5,PASSED,155.44461625700023,True,True,True
baseTest/0002.trace,baseTest,unconstrained,MacroATLAS,10,2,SAT,MIN_EXPANDED_SIZE,0,5,PASSED,8.03708336300042,True,True,True
baseTest/0003.trace,baseTest,unconstrained,ATLAS-B,10,2,TIMEOUT,MIN_EXPANDED_SIZE,,,IN_PROGRESS,180.31648847399993,False,,
baseTest/0003.trace,baseTest,unconstrained,MacroATLAS,10,2,TIMEOUT,MIN_EXPANDED_SIZE,,,IN_PROGRESS,180.3528585210006,False,,
baseTest/0004.trace,baseTest,unconstrained,ATLAS-B,10,2,TIMEOUT,MIN_EXPANDED_SIZE,,,IN_PROGRESS,180.38543344500067,False,,
baseTest/0004.trace,baseTest,unconstrained,MacroATLAS,10,2,TIMEOUT,MIN_EXPANDED_SIZE,,,IN_PROGRESS,180.39226185200005,False,,
baseTest/0005.trace,baseTest,unconstrained,ATLAS-B,10,2,ERROR,MIN_EXPANDED_SIZE,,,FAILED,7.339136352999958,False,,
baseTest/0005.trace,baseTest,unconstrained,MacroATLAS,10,2,TIMEOUT,MIN_EXPANDED_SIZE,,,IN_PROGRESS,180.37502264800014,False,,
baseTest/0006.trace,baseTest,unconstrained,ATLAS-B,10,2,TIMEOUT,MIN_EXPANDED_SIZE,,,IN_PROGRESS,180.15872377400046,False,,
baseTest/0006.trace,baseTest,unconstrained,MacroATLAS,10,2,TIMEOUT,MIN_EXPANDED_SIZE,,,IN_PROGRESS,180.20377772099982,False,,
baseTest/0007.trace,baseTest,unconstrained,ATLAS-B,10,2,SAT,MIN_EXPANDED_SIZE,0,6,PASSED,123.87004690700087,True,True,True
baseTest/0007.trace,baseTest,unconstrained,MacroATLAS,10,2,SAT,MIN_EXPANDED_SIZE,0,6,PASSED,11.508753573000831,True,True,True
baseTest/0008.trace,baseTest,unconstrained,ATLAS-B,5,2,SAT,MIN_EXPANDED_SIZE,0,3,PASSED,52.33663204499999,True,True,True
baseTest/0008.trace,baseTest,unconstrained,MacroATLAS,5,2,SAT,MIN_EXPANDED_SIZE,0,3,PASSED,135.36514258700004,True,True,True
baseTest/0009.trace,baseTest,unconstrained,ATLAS-B,5,2,SAT,MIN_EXPANDED_SIZE,0,3,PASSED,4.544985471000018,True,True,True
baseTest/0009.trace,baseTest,unconstrained,MacroATLAS,5,2,SAT,MIN_EXPANDED_SIZE,0,3,PASSED,8.172383403000026,True,True,True
baseTest/0010.trace,baseTest,unconstrained,ATLAS-B,5,2,ERROR,MIN_EXPANDED_SIZE,,,FAILED,5.948653029001434,False,,
baseTest/0010.trace,baseTest,unconstrained,MacroATLAS,5,2,SAT,MIN_EXPANDED_SIZE,0,3,PASSED,125.35477007500003,False,,
baseTest/0011.trace,baseTest,unconstrained,ATLAS-B,5,2,ERROR,MIN_EXPANDED_SIZE,,,FAILED,7.951127841000016,False,,
baseTest/0011.trace,baseTest,unconstrained,MacroATLAS,5,2,SAT,MIN_EXPANDED_SIZE,0,3,PASSED,102.70889709400001,False,,
baseTest/0012.trace,baseTest,unconstrained,ATLAS-B,5,2,ERROR,MIN_EXPANDED_SIZE,,,FAILED,24.444143579999945,False,,
baseTest/0012.trace,baseTest,unconstrained,MacroATLAS,5,2,TIMEOUT,MIN_EXPANDED_SIZE,,,IN_PROGRESS,180.35839948199987,False,,
baseTest/0013.trace,baseTest,unconstrained,ATLAS-B,5,2,SAT,MIN_EXPANDED_SIZE,0,3,PASSED,21.701416289999543,True,True,True
baseTest/0013.trace,baseTest,unconstrained,MacroATLAS,5,2,SAT,MIN_EXPANDED_SIZE,0,3,PASSED,26.826902607999727,True,True,True
baseTest/0014.trace,baseTest,unconstrained,ATLAS-B,5,2,SAT,MIN_EXPANDED_SIZE,0,3,PASSED,2.814593822999086,True,True,True
baseTest/0014.trace,baseTest,unconstrained,MacroATLAS,5,2,SAT,MIN_EXPANDED_SIZE,0,3,PASSED,5.417197913000109,True,True,True
baseTest/0015.trace,baseTest,unconstrained,ATLAS-B,18,2,TIMEOUT,MIN_EXPANDED_SIZE,,,IN_PROGRESS,180.53474650099997,False,,
baseTest/0015.trace,baseTest,unconstrained,MacroATLAS,18,2,TIMEOUT,MIN_EXPANDED_SIZE,,,IN_PROGRESS,180.45482575799997,False,,
baseTest/0016.trace,baseTest,unconstrained,ATLAS-B,18,2,SAT,MIN_EXPANDED_SIZE,0,6,PASSED,41.47447440100041,True,True,True
baseTest/0016.trace,baseTest,unconstrained,MacroATLAS,18,2,SAT,MIN_EXPANDED_SIZE,0,6,PASSED,56.54509853899981,True,True,True
baseTest/0017.trace,baseTest,unconstrained,ATLAS-B,18,2,ERROR,MIN_EXPANDED_SIZE,,,FAILED,5.9728626380001515,False,,
baseTest/0017.trace,baseTest,unconstrained,MacroATLAS,18,2,TIMEOUT,MIN_EXPANDED_SIZE,,,IN_PROGRESS,180.31160435099991,False,,
baseTest/0018.trace,baseTest,unconstrained,ATLAS-B,18,2,ERROR,MIN_EXPANDED_SIZE,,,FAILED,8.340483336000034,False,,
baseTest/0018.trace,baseTest,unconstrained,MacroATLAS,18,2,TIMEOUT,MIN_EXPANDED_SIZE,,,IN_PROGRESS,180.32783952399996,False,,
baseTest/0019.trace,baseTest,unconstrained,ATLAS-B,18,2,ERROR,MIN_EXPANDED_SIZE,,,FAILED,29.85357863900026,False,,
baseTest/0019.trace,baseTest,unconstrained,MacroATLAS,18,2,TIMEOUT,MIN_EXPANDED_SIZE,,,IN_PROGRESS,180.313066833,False,,
baseTest/0020.trace,baseTest,unconstrained,ATLAS-B,18,2,TIMEOUT,MIN_EXPANDED_SIZE,,,IN_PROGRESS,180.2750493049998,False,,
baseTest/0020.trace,baseTest,unconstrained,MacroATLAS,18,2,TIMEOUT,MIN_EXPANDED_SIZE,,,IN_PROGRESS,180.25863354399917,False,,
baseTest/0021.trace,baseTest,unconstrained,ATLAS-B,18,2,SAT,MIN_EXPANDED_SIZE,0,6,PASSED,32.91298538299998,True,True,True
baseTest/0021.trace,baseTest,unconstrained,MacroATLAS,18,2,SAT,MIN_EXPANDED_SIZE,0,6,PASSED,37.532910043000356,True,True,True
baseTest/0022.trace,baseTest,unconstrained,ATLAS-B,6,2,TIMEOUT,MIN_EXPANDED_SIZE,,,IN_PROGRESS,180.1972749229999,False,,
baseTest/0022.trace,baseTest,unconstrained,MacroATLAS,6,2,TIMEOUT,MIN_EXPANDED_SIZE,,,IN_PROGRESS,180.1860677069999,False,,
baseTest/0023.trace,baseTest,unconstrained,ATLAS-B,6,2,SAT,MIN_EXPANDED_SIZE,0,6,PASSED,46.63955853100015,True,True,True
baseTest/0023.trace,baseTest,unconstrained,MacroATLAS,6,2,SAT,MIN_EXPANDED_SIZE,0,6,PASSED,18.07301510799971,True,True,True
baseTest/0024.trace,baseTest,unconstrained,ATLAS-B,6,2,TIMEOUT,MIN_EXPANDED_SIZE,,,IN_PROGRESS,180.26445470699946,False,,
baseTest/0024.trace,baseTest,unconstrained,MacroATLAS,6,2,TIMEOUT,MIN_EXPANDED_SIZE,,,IN_PROGRESS,180.27500587400027,False,,
baseTest/0025.trace,baseTest,unconstrained,ATLAS-B,6,2,TIMEOUT,MIN_EXPANDED_SIZE,,,IN_PROGRESS,180.27171520199954,False,,
baseTest/0025.trace,baseTest,unconstrained,MacroATLAS,6,2,TIMEOUT,MIN_EXPANDED_SIZE,,,IN_PROGRESS,180.24241883299965,False,,
baseTest/0026.trace,baseTest,unconstrained,ATLAS-B,6,2,ERROR,MIN_EXPANDED_SIZE,,,FAILED,6.852685704000123,False,,
baseTest/0026.trace,baseTest,unconstrained,MacroATLAS,6,2,TIMEOUT,MIN_EXPANDED_SIZE,,,IN_PROGRESS,180.43991156700008,False,,
baseTest/0027.trace,baseTest,unconstrained,ATLAS-B,6,2,TIMEOUT,MIN_EXPANDED_SIZE,,,IN_PROGRESS,180.08356230899972,False,,
baseTest/0027.trace,baseTest,unconstrained,MacroATLAS,6,2,UNSAT,MIN_EXPANDED_SIZE,0,0,NOT_APPLICABLE_UNSAT,153.84924343600142,False,,
baseTest/0028.trace,baseTest,unconstrained,ATLAS-B,6,2,SAT,MIN_EXPANDED_SIZE,0,5,PASSED,5.571453873999872,True,True,True
baseTest/0028.trace,baseTest,unconstrained,MacroATLAS,6,2,SAT,MIN_EXPANDED_SIZE,0,5,PASSED,5.421993201999612,True,True,True
baseTest/0029.trace,baseTest,unconstrained,ATLAS-B,3,2,SAT,MIN_EXPANDED_SIZE,0,2,PASSED,25.74093040600019,True,True,True
baseTest/0029.trace,baseTest,unconstrained,MacroATLAS,3,2,SAT,MIN_EXPANDED_SIZE,0,2,PASSED,13.201817336999738,True,True,True
baseTest/0030.trace,baseTest,unconstrained,ATLAS-B,3,2,SAT,MIN_EXPANDED_SIZE,0,2,PASSED,3.0161936549993698,True,True,True
baseTest/0030.trace,baseTest,unconstrained,MacroATLAS,3,2,SAT,MIN_EXPANDED_SIZE,0,2,PASSED,2.4843776850011636,True,True,True
baseTest/0031.trace,baseTest,unconstrained,ATLAS-B,3,2,ERROR,MIN_EXPANDED_SIZE,,,FAILED,5.156491986001129,False,,
baseTest/0031.trace,baseTest,unconstrained,MacroATLAS,3,2,SAT,MIN_EXPANDED_SIZE,0,2,PASSED,18.133836156000143,False,,
baseTest/0032.trace,baseTest,unconstrained,ATLAS-B,3,2,ERROR,MIN_EXPANDED_SIZE,,,FAILED,6.676560551999501,False,,
baseTest/0032.trace,baseTest,unconstrained,MacroATLAS,3,2,SAT,MIN_EXPANDED_SIZE,0,2,PASSED,24.176968986000247,False,,
baseTest/0033.trace,baseTest,unconstrained,ATLAS-B,3,2,ERROR,MIN_EXPANDED_SIZE,,,FAILED,24.115190125000026,False,,
baseTest/0033.trace,baseTest,unconstrained,MacroATLAS,3,2,SAT,MIN_EXPANDED_SIZE,0,2,PASSED,51.624411336000776,False,,
baseTest/0034.trace,baseTest,unconstrained,ATLAS-B,3,2,SAT,MIN_EXPANDED_SIZE,0,2,PASSED,10.375896402999842,True,True,True
baseTest/0034.trace,baseTest,unconstrained,MacroATLAS,3,2,SAT,MIN_EXPANDED_SIZE,0,2,PASSED,7.345467156999803,True,True,True
baseTest/0035.trace,baseTest,unconstrained,ATLAS-B,3,2,SAT,MIN_EXPANDED_SIZE,0,2,PASSED,2.2201134500010085,True,True,True
baseTest/0035.trace,baseTest,unconstrained,MacroATLAS,3,2,SAT,MIN_EXPANDED_SIZE,0,2,PASSED,1.9661451829999805,True,True,True
baseTest/0036.trace,baseTest,unconstrained,ATLAS-B,10,2,SAT,MIN_EXPANDED_SIZE,0,5,PASSED,100.43494674900012,False,,
baseTest/0036.trace,baseTest,unconstrained,MacroATLAS,10,2,TIMEOUT,MIN_EXPANDED_SIZE,,,IN_PROGRESS,180.5027942939996,False,,
baseTest/0037.trace,baseTest,unconstrained,ATLAS-B,10,2,SAT,MIN_EXPANDED_SIZE,0,5,PASSED,8.211659951000001,True,True,True
baseTest/0037.trace,baseTest,unconstrained,MacroATLAS,10,2,SAT,MIN_EXPANDED_SIZE,0,5,PASSED,39.67565300299998,True,True,True
baseTest/0038.trace,baseTest,unconstrained,ATLAS-B,10,2,ERROR,MIN_EXPANDED_SIZE,,,FAILED,5.973171970999829,False,,
baseTest/0038.trace,baseTest,unconstrained,MacroATLAS,10,2,TIMEOUT,MIN_EXPANDED_SIZE,,,IN_PROGRESS,180.35585252600004,False,,
baseTest/0039.trace,baseTest,unconstrained,ATLAS-B,10,2,ERROR,MIN_EXPANDED_SIZE,,,FAILED,8.211708161999923,False,,
baseTest/0039.trace,baseTest,unconstrained,MacroATLAS,10,2,TIMEOUT,MIN_EXPANDED_SIZE,,,IN_PROGRESS,180.32765951099964,False,,
baseTest/0040.trace,baseTest,unconstrained,ATLAS-B,10,2,ERROR,MIN_EXPANDED_SIZE,,,FAILED,32.37757355600024,False,,
baseTest/0040.trace,baseTest,unconstrained,MacroATLAS,10,2,TIMEOUT,MIN_EXPANDED_SIZE,,,IN_PROGRESS,180.32791185600036,False,,
baseTest/0041.trace,baseTest,unconstrained,ATLAS-B,10,2,SAT,MIN_EXPANDED_SIZE,0,5,PASSED,49.06370679799875,False,,
baseTest/0041.trace,baseTest,unconstrained,MacroATLAS,10,2,TIMEOUT,MIN_EXPANDED_SIZE,,,IN_PROGRESS,180.3267446539994,False,,
baseTest/0042.trace,baseTest,unconstrained,ATLAS-B,10,2,TIMEOUT,MIN_EXPANDED_SIZE,,,IN_PROGRESS,180.08985986199968,False,,
baseTest/0042.trace,baseTest,unconstrained,MacroATLAS,10,2,SAT,MIN_EXPANDED_SIZE,0,5,PASSED,15.799807604000307,False,,
disjunctedExistence/0000.trace,disjunctedExistence,unconstrained,ATLAS-B,36,2,TIMEOUT,MIN_EXPANDED_SIZE,,,IN_PROGRESS,180.06820087300002,False,,
disjunctedExistence/0000.trace,disjunctedExistence,unconstrained,MacroATLAS,36,2,TIMEOUT,MIN_EXPANDED_SIZE,,,IN_PROGRESS,180.0941121470005,False,,
disjunctedExistence/0003.trace,disjunctedExistence,unconstrained,ATLAS-B,36,2,TIMEOUT,MIN_EXPANDED_SIZE,,,IN_PROGRESS,180.1114608759999,False,,
disjunctedExistence/0003.trace,disjunctedExistence,unconstrained,MacroATLAS,36,2,TIMEOUT,MIN_EXPANDED_SIZE,,,IN_PROGRESS,180.11097228800008,False,,
disjunctedExistence/0006.trace,disjunctedExistence,unconstrained,ATLAS-B,36,2,TIMEOUT,MIN_EXPANDED_SIZE,,,IN_PROGRESS,180.141457669999,False,,
disjunctedExistence/0006.trace,disjunctedExistence,unconstrained,MacroATLAS,36,2,TIMEOUT,MIN_EXPANDED_SIZE,,,IN_PROGRESS,180.230367441,False,,
disjunctedExistence/0009.trace,disjunctedExistence,unconstrained,ATLAS-B,36,2,TIMEOUT,MIN_EXPANDED_SIZE,,,IN_PROGRESS,180.17175412800134,False,,
disjunctedExistence/0009.trace,disjunctedExistence,unconstrained,MacroATLAS,36,2,TIMEOUT,MIN_EXPANDED_SIZE,,,IN_PROGRESS,180.1721984379983,False,,
disjunctedExistence/0010.trace,disjunctedExistence,unconstrained,ATLAS-B,36,2,TIMEOUT,MIN_EXPANDED_SIZE,,,IN_PROGRESS,180.44254399800047,False,,
disjunctedExistence/0010.trace,disjunctedExistence,unconstrained,MacroATLAS,36,2,TIMEOUT,MIN_EXPANDED_SIZE,,,IN_PROGRESS,180.32990092300042,False,,
disjunctedExistence/0012.trace,disjunctedExistence,unconstrained,ATLAS-B,36,2,TIMEOUT,MIN_EXPANDED_SIZE,,,IN_PROGRESS,180.2284462109992,False,,
disjunctedExistence/0012.trace,disjunctedExistence,unconstrained,MacroATLAS,36,2,TIMEOUT,MIN_EXPANDED_SIZE,,,IN_PROGRESS,180.26061073900019,False,,
disjunctedExistence/0015.trace,disjunctedExistence,unconstrained,ATLAS-B,36,2,TIMEOUT,MIN_EXPANDED_SIZE,,,IN_PROGRESS,180.31931841500045,False,,
disjunctedExistence/0015.trace,disjunctedExistence,unconstrained,MacroATLAS,36,2,TIMEOUT,MIN_EXPANDED_SIZE,,,IN_PROGRESS,180.24049000000014,False,,
disjunctedExistence/0018.trace,disjunctedExistence,unconstrained,ATLAS-B,36,2,TIMEOUT,MIN_EXPANDED_SIZE,,,IN_PROGRESS,180.31192247500076,False,,
disjunctedExistence/0018.trace,disjunctedExistence,unconstrained,MacroATLAS,36,2,TIMEOUT,MIN_EXPANDED_SIZE,,,IN_PROGRESS,180.2763105439999,False,,
disjunctedExistence/0021.trace,disjunctedExistence,unconstrained,ATLAS-B,36,2,TIMEOUT,MIN_EXPANDED_SIZE,,,IN_PROGRESS,180.4078343910005,False,,
disjunctedExistence/0021.trace,disjunctedExistence,unconstrained,MacroATLAS,36,2,TIMEOUT,MIN_EXPANDED_SIZE,,,IN_PROGRESS,180.3103649059999,False,,
disjunctedExistence/0030.trace,disjunctedExistence,unconstrained,ATLAS-B,11,2,SAT,MIN_EXPANDED_SIZE,0,4,PASSED,12.581755659999544,True,True,True
disjunctedExistence/0030.trace,disjunctedExistence,unconstrained,MacroATLAS,11,2,SAT,MIN_EXPANDED_SIZE,0,4,PASSED,29.843372293000357,True,True,True
disjunctedExistence/0033.trace,disjunctedExistence,unconstrained,ATLAS-B,11,2,SAT,MIN_EXPANDED_SIZE,0,4,PASSED,15.41298906999998,True,True,True
disjunctedExistence/0033.trace,disjunctedExistence,unconstrained,MacroATLAS,11,2,SAT,MIN_EXPANDED_SIZE,0,4,PASSED,74.58280682199984,True,True,True
disjunctedExistence/0036.trace,disjunctedExistence,unconstrained,ATLAS-B,11,2,SAT,MIN_EXPANDED_SIZE,0,4,PASSED,21.068251608001447,True,True,True
disjunctedExistence/0036.trace,disjunctedExistence,unconstrained,MacroATLAS,11,2,SAT,MIN_EXPANDED_SIZE,0,4,PASSED,82.7674137009999,True,True,True
disjunctedExistence/0042.trace,disjunctedExistence,unconstrained,ATLAS-B,11,2,TIMEOUT,MIN_EXPANDED_SIZE,,,IN_PROGRESS,180.30030724500102,False,,
disjunctedExistence/0042.trace,disjunctedExistence,unconstrained,MacroATLAS,11,2,SAT,MIN_EXPANDED_SIZE,0,4,PASSED,90.76548282499971,False,,
disjunctedExistence/0045.trace,disjunctedExistence,unconstrained,ATLAS-B,11,2,SAT,MIN_EXPANDED_SIZE,0,4,PASSED,44.69952285200088,True,True,True
disjunctedExistence/0045.trace,disjunctedExistence,unconstrained,MacroATLAS,11,2,SAT,MIN_EXPANDED_SIZE,0,4,PASSED,167.74269750699978,True,True,True
disjunctedExistence/0048.trace,disjunctedExistence,unconstrained,ATLAS-B,134,2,TIMEOUT,MIN_EXPANDED_SIZE,,,IN_PROGRESS,180.12098705300014,False,,
disjunctedExistence/0048.trace,disjunctedExistence,unconstrained,MacroATLAS,134,2,TIMEOUT,MIN_EXPANDED_SIZE,,,IN_PROGRESS,180.1285541139987,False,,
disjunctedExistence/0049.trace,disjunctedExistence,unconstrained,ATLAS-B,134,2,SAT,MIN_EXPANDED_SIZE,0,5,PASSED,20.604393842000036,True,True,True
disjunctedExistence/0049.trace,disjunctedExistence,unconstrained,MacroATLAS,134,2,SAT,MIN_EXPANDED_SIZE,0,5,PASSED,89.08586513599948,True,True,True
disjunctedExistence/0051.trace,disjunctedExistence,unconstrained,ATLAS-B,134,2,TIMEOUT,MIN_EXPANDED_SIZE,,,IN_PROGRESS,180.1900143419989,False,,
disjunctedExistence/0051.trace,disjunctedExistence,unconstrained,MacroATLAS,134,2,TIMEOUT,MIN_EXPANDED_SIZE,,,IN_PROGRESS,180.21742906999953,False,,
disjunctedExistence/0054.trace,disjunctedExistence,unconstrained,ATLAS-B,134,2,TIMEOUT,MIN_EXPANDED_SIZE,,,IN_PROGRESS,180.22036415499952,False,,
disjunctedExistence/0054.trace,disjunctedExistence,unconstrained,MacroATLAS,134,2,TIMEOUT,MIN_EXPANDED_SIZE,,,IN_PROGRESS,180.21212921799997,False,,
disjunctedExistence/0055.trace,disjunctedExistence,unconstrained,ATLAS-B,134,2,TIMEOUT,MIN_EXPANDED_SIZE,,,IN_PROGRESS,180.38369627499992,False,,
disjunctedExistence/0055.trace,disjunctedExistence,unconstrained,MacroATLAS,134,2,TIMEOUT,MIN_EXPANDED_SIZE,,,IN_PROGRESS,180.27245468799993,False,,
disjunctedExistence/0057.trace,disjunctedExistence,unconstrained,ATLAS-B,134,2,TIMEOUT,MIN_EXPANDED_SIZE,,,IN_PROGRESS,180.32147379900016,False,,
disjunctedExistence/0057.trace,disjunctedExistence,unconstrained,MacroATLAS,134,2,TIMEOUT,MIN_EXPANDED_SIZE,,,IN_PROGRESS,180.20309165800018,False,,
disjunctedExistence/0058.trace,disjunctedExistence,unconstrained,ATLAS-B,134,2,SAT,MIN_EXPANDED_SIZE,0,2,PASSED,65.34249659299985,True,True,True
disjunctedExistence/0058.trace,disjunctedExistence,unconstrained,MacroATLAS,134,2,SAT,MIN_EXPANDED_SIZE,0,2,PASSED,6.409592591000546,True,True,True
disjunctedExistence/0060.trace,disjunctedExistence,unconstrained,ATLAS-B,134,2,TIMEOUT,MIN_EXPANDED_SIZE,,,IN_PROGRESS,180.29093181999997,False,,
disjunctedExistence/0060.trace,disjunctedExistence,unconstrained,MacroATLAS,134,2,TIMEOUT,MIN_EXPANDED_SIZE,,,IN_PROGRESS,180.2531725989993,False,,
disjunctedExistence/0061.trace,disjunctedExistence,unconstrained,ATLAS-B,134,2,TIMEOUT,MIN_EXPANDED_SIZE,,,IN_PROGRESS,180.60232817799988,False,,
disjunctedExistence/0061.trace,disjunctedExistence,unconstrained,MacroATLAS,134,2,TIMEOUT,MIN_EXPANDED_SIZE,,,IN_PROGRESS,180.38157655400028,False,,
disjunctedExistence/0063.trace,disjunctedExistence,unconstrained,ATLAS-B,134,2,TIMEOUT,MIN_EXPANDED_SIZE,,,IN_PROGRESS,180.45793356099966,False,,
disjunctedExistence/0063.trace,disjunctedExistence,unconstrained,MacroATLAS,134,2,TIMEOUT,MIN_EXPANDED_SIZE,,,IN_PROGRESS,180.35328835700057,False,,
disjunctedExistence/0064.trace,disjunctedExistence,unconstrained,ATLAS-B,134,2,TIMEOUT,MIN_EXPANDED_SIZE,,,IN_PROGRESS,180.3026005900001,False,,
disjunctedExistence/0064.trace,disjunctedExistence,unconstrained,MacroATLAS,134,2,TIMEOUT,MIN_EXPANDED_SIZE,,,IN_PROGRESS,180.4265580629999,False,,
disjunctedExistence/0066.trace,disjunctedExistence,unconstrained,ATLAS-B,134,2,TIMEOUT,MIN_EXPANDED_SIZE,,,IN_PROGRESS,180.4903877149991,False,,
disjunctedExistence/0066.trace,disjunctedExistence,unconstrained,MacroATLAS,134,2,TIMEOUT,MIN_EXPANDED_SIZE,,,IN_PROGRESS,180.4006281410002,False,,
disjunctedExistence/0067.trace,disjunctedExistence,unconstrained,ATLAS-B,134,2,TIMEOUT,MIN_EXPANDED_SIZE,,,IN_PROGRESS,180.3308744749993,False,,
disjunctedExistence/0067.trace,disjunctedExistence,unconstrained,MacroATLAS,134,2,TIMEOUT,MIN_EXPANDED_SIZE,,,IN_PROGRESS,180.45799596299912,False,,
disjunctedExistence/0069.trace,disjunctedExistence,unconstrained,ATLAS-B,134,2,TIMEOUT,MIN_EXPANDED_SIZE,,,IN_PROGRESS,180.3755558969999,False,,
disjunctedExistence/0069.trace,disjunctedExistence,unconstrained,MacroATLAS,134,2,TIMEOUT,MIN_EXPANDED_SIZE,,,IN_PROGRESS,180.54882674200053,False,,
disjunctedExistence/0070.trace,disjunctedExistence,unconstrained,ATLAS-B,134,2,TIMEOUT,MIN_EXPANDED_SIZE,,,IN_PROGRESS,180.4395075020002,False,,
disjunctedExistence/0070.trace,disjunctedExistence,unconstrained,MacroATLAS,134,2,TIMEOUT,MIN_EXPANDED_SIZE,,,IN_PROGRESS,180.49940114699984,False,,
equal/0001.trace,equal,unconstrained,ATLAS-B,10,2,TIMEOUT,MIN_EXPANDED_SIZE,,,IN_PROGRESS,180.1490040940007,False,,
equal/0001.trace,equal,unconstrained,MacroATLAS,10,2,TIMEOUT,MIN_EXPANDED_SIZE,,,IN_PROGRESS,180.16416968399972,False,,
equal/0002.trace,equal,unconstrained,ATLAS-B,10,2,TIMEOUT,MIN_EXPANDED_SIZE,,,IN_PROGRESS,180.0595046020003,False,,
equal/0002.trace,equal,unconstrained,MacroATLAS,10,2,TIMEOUT,MIN_EXPANDED_SIZE,,,IN_PROGRESS,180.06128597499992,False,,
equal/0003.trace,equal,unconstrained,ATLAS-B,10,2,TIMEOUT,MIN_EXPANDED_SIZE,,,IN_PROGRESS,180.24308133999875,False,,
equal/0003.trace,equal,unconstrained,MacroATLAS,10,2,TIMEOUT,MIN_EXPANDED_SIZE,,,IN_PROGRESS,180.2732904429995,False,,
equal/0004.trace,equal,unconstrained,ATLAS-B,10,2,TIMEOUT,MIN_EXPANDED_SIZE,,,IN_PROGRESS,180.25215527799992,False,,
equal/0004.trace,equal,unconstrained,MacroATLAS,10,2,TIMEOUT,MIN_EXPANDED_SIZE,,,IN_PROGRESS,180.310413789,False,,
equal/0005.trace,equal,unconstrained,ATLAS-B,10,2,TIMEOUT,MIN_EXPANDED_SIZE,,,IN_PROGRESS,180.4603380260014,False,,
equal/0005.trace,equal,unconstrained,MacroATLAS,10,2,TIMEOUT,MIN_EXPANDED_SIZE,,,IN_PROGRESS,180.4672987920003,False,,
equal/0006.trace,equal,unconstrained,ATLAS-B,10,2,TIMEOUT,MIN_EXPANDED_SIZE,,,IN_PROGRESS,180.10905697400085,False,,
equal/0006.trace,equal,unconstrained,MacroATLAS,10,2,TIMEOUT,MIN_EXPANDED_SIZE,,,IN_PROGRESS,180.17258744399987,False,,
equal/0007.trace,equal,unconstrained,ATLAS-B,10,2,SAT,MIN_EXPANDED_SIZE,0,5,PASSED,1.9884335639999335,True,True,True
equal/0007.trace,equal,unconstrained,MacroATLAS,10,2,SAT,MIN_EXPANDED_SIZE,0,5,PASSED,4.258121433999804,True,True,True
equal/0008.trace,equal,unconstrained,ATLAS-B,5,2,SAT,MIN_EXPANDED_SIZE,0,3,PASSED,8.4774160270008,True,True,True
equal/0008.trace,equal,unconstrained,MacroATLAS,5,2,SAT,MIN_EXPANDED_SIZE,0,3,PASSED,12.368174240000371,True,True,True
equal/0009.trace,equal,unconstrained,ATLAS-B,5,2,SAT,MIN_EXPANDED_SIZE,0,3,PASSED,1.9011509400006616,True,True,True
equal/0009.trace,equal,unconstrained,MacroATLAS,5,2,SAT,MIN_EXPANDED_SIZE,0,3,PASSED,2.903463255999668,True,True,True
equal/0010.trace,equal,unconstrained,ATLAS-B,5,2,SAT,MIN_EXPANDED_SIZE,0,3,PASSED,13.418801818000247,True,True,True
equal/0010.trace,equal,unconstrained,MacroATLAS,5,2,SAT,MIN_EXPANDED_SIZE,0,3,PASSED,14.13922082099998,True,True,True
equal/0011.trace,equal,unconstrained,ATLAS-B,5,2,SAT,MIN_EXPANDED_SIZE,0,3,PASSED,13.524365386998397,True,True,True
equal/0011.trace,equal,unconstrained,MacroATLAS,5,2,SAT,MIN_EXPANDED_SIZE,0,3,PASSED,21.088095518000046,True,True,True
equal/0012.trace,equal,unconstrained,ATLAS-B,5,2,SAT,MIN_EXPANDED_SIZE,0,3,PASSED,42.03858944000058,True,True,True
equal/0012.trace,equal,unconstrained,MacroATLAS,5,2,SAT,MIN_EXPANDED_SIZE,0,3,PASSED,35.583476784000595,True,True,True
equal/0013.trace,equal,unconstrained,ATLAS-B,5,2,SAT,MIN_EXPANDED_SIZE,0,3,PASSED,6.986564155999076,True,True,True
equal/0013.trace,equal,unconstrained,MacroATLAS,5,2,SAT,MIN_EXPANDED_SIZE,0,3,PASSED,7.246274834999895,True,True,True
equal/0014.trace,equal,unconstrained,ATLAS-B,5,2,SAT,MIN_EXPANDED_SIZE,0,3,PASSED,1.29416017100084,True,True,True
equal/0014.trace,equal,unconstrained,MacroATLAS,5,2,SAT,MIN_EXPANDED_SIZE,0,3,PASSED,2.4183961620001355,True,True,True
equal/0015.trace,equal,unconstrained,ATLAS-B,18,2,TIMEOUT,MIN_EXPANDED_SIZE,,,IN_PROGRESS,180.19397432700134,False,,
equal/0015.trace,equal,unconstrained,MacroATLAS,18,2,SAT,MIN_EXPANDED_SIZE,0,6,PASSED,94.07383759899858,False,,
equal/0016.trace,equal,unconstrained,ATLAS-B,18,2,SAT,MIN_EXPANDED_SIZE,0,5,PASSED,2.7642156250001335,True,True,True
equal/0016.trace,equal,unconstrained,MacroATLAS,18,2,SAT,MIN_EXPANDED_SIZE,0,5,PASSED,5.7715972619998865,True,True,True
equal/0017.trace,equal,unconstrained,ATLAS-B,18,2,SAT,MIN_EXPANDED_SIZE,0,6,PASSED,89.00178762900032,True,True,True
equal/0017.trace,equal,unconstrained,MacroATLAS,18,2,SAT,MIN_EXPANDED_SIZE,0,6,PASSED,166.7267344339998,True,True,True
equal/0018.trace,equal,unconstrained,ATLAS-B,18,2,TIMEOUT,MIN_EXPANDED_SIZE,,,IN_PROGRESS,180.23740303600061,False,,
equal/0018.trace,equal,unconstrained,MacroATLAS,18,2,TIMEOUT,MIN_EXPANDED_SIZE,,,IN_PROGRESS,180.23073152399957,False,,
equal/0019.trace,equal,unconstrained,ATLAS-B,18,2,TIMEOUT,MIN_EXPANDED_SIZE,,,IN_PROGRESS,180.4616492140001,False,,
equal/0019.trace,equal,unconstrained,MacroATLAS,18,2,TIMEOUT,MIN_EXPANDED_SIZE,,,IN_PROGRESS,180.50400916499984,False,,
equal/0020.trace,equal,unconstrained,ATLAS-B,18,2,TIMEOUT,MIN_EXPANDED_SIZE,,,IN_PROGRESS,180.13248956000007,False,,
equal/0020.trace,equal,unconstrained,MacroATLAS,18,2,SAT,MIN_EXPANDED_SIZE,0,6,PASSED,64.58260168400011,False,,
equal/0021.trace,equal,unconstrained,ATLAS-B,18,2,SAT,MIN_EXPANDED_SIZE,0,5,PASSED,2.233806573000038,True,True,True
equal/0021.trace,equal,unconstrained,MacroATLAS,18,2,SAT,MIN_EXPANDED_SIZE,0,5,PASSED,4.4344039699999485,True,True,True
equal/0022.trace,equal,unconstrained,ATLAS-B,6,2,TIMEOUT,MIN_EXPANDED_SIZE,,,IN_PROGRESS,180.14855665199957,False,,
equal/0022.trace,equal,unconstrained,MacroATLAS,6,2,TIMEOUT,MIN_EXPANDED_SIZE,,,IN_PROGRESS,180.1292729299994,False,,
equal/0023.trace,equal,unconstrained,ATLAS-B,6,2,SAT,MIN_EXPANDED_SIZE,0,5,PASSED,6.376182462000088,True,True,True
equal/0023.trace,equal,unconstrained,MacroATLAS,6,2,SAT,MIN_EXPANDED_SIZE,0,5,PASSED,4.546784564000063,True,True,True
equal/0024.trace,equal,unconstrained,ATLAS-B,6,2,TIMEOUT,MIN_EXPANDED_SIZE,,,IN_PROGRESS,180.18350550800096,False,,
equal/0024.trace,equal,unconstrained,MacroATLAS,6,2,TIMEOUT,MIN_EXPANDED_SIZE,,,IN_PROGRESS,180.22791566599972,False,,
equal/0025.trace,equal,unconstrained,ATLAS-B,6,2,TIMEOUT,MIN_EXPANDED_SIZE,,,IN_PROGRESS,180.22411196000007,False,,
equal/0025.trace,equal,unconstrained,MacroATLAS,6,2,TIMEOUT,MIN_EXPANDED_SIZE,,,IN_PROGRESS,180.214522837,False,,
equal/0026.trace,equal,unconstrained,ATLAS-B,6,2,TIMEOUT,MIN_EXPANDED_SIZE,,,IN_PROGRESS,180.40487819300006,False,,
equal/0026.trace,equal,unconstrained,MacroATLAS,6,2,TIMEOUT,MIN_EXPANDED_SIZE,,,IN_PROGRESS,180.42386394000005,False,,
equal/0027.trace,equal,unconstrained,ATLAS-B,6,2,TIMEOUT,MIN_EXPANDED_SIZE,,,IN_PROGRESS,180.11293242000102,False,,
equal/0027.trace,equal,unconstrained,MacroATLAS,6,2,UNSAT,MIN_EXPANDED_SIZE,0,0,NOT_APPLICABLE_UNSAT,94.44924523200007,False,,
equal/0028.trace,equal,unconstrained,ATLAS-B,6,2,SAT,MIN_EXPANDED_SIZE,0,3,PASSED,2.318177557999661,True,True,True
equal/0028.trace,equal,unconstrained,MacroATLAS,6,2,SAT,MIN_EXPANDED_SIZE,0,3,PASSED,2.6638900880006986,True,True,True
equal/0029.trace,equal,unconstrained,ATLAS-B,3,2,SAT,MIN_EXPANDED_SIZE,0,2,PASSED,4.745066059999772,True,True,True
equal/0029.trace,equal,unconstrained,MacroATLAS,3,2,SAT,MIN_EXPANDED_SIZE,0,2,PASSED,3.6518153119995986,True,True,True
equal/0030.trace,equal,unconstrained,ATLAS-B,3,2,SAT,MIN_EXPANDED_SIZE,0,2,PASSED,1.4170015689999218,True,True,True
equal/0030.trace,equal,unconstrained,MacroATLAS,3,2,SAT,MIN_EXPANDED_SIZE,0,2,PASSED,1.28192071400008,True,True,True
equal/0031.trace,equal,unconstrained,ATLAS-B,3,2,SAT,MIN_EXPANDED_SIZE,0,2,PASSED,7.049328763000176,True,True,True
equal/0031.trace,equal,unconstrained,MacroATLAS,3,2,SAT,MIN_EXPANDED_SIZE,0,2,PASSED,4.043039731000135,True,True,True
equal/0032.trace,equal,unconstrained,ATLAS-B,3,2,SAT,MIN_EXPANDED_SIZE,0,2,PASSED,8.767690153999865,True,True,True
equal/0032.trace,equal,unconstrained,MacroATLAS,3,2,SAT,MIN_EXPANDED_SIZE,0,2,PASSED,5.207640493001236,True,True,True
equal/0033.trace,equal,unconstrained,ATLAS-B,3,2,SAT,MIN_EXPANDED_SIZE,0,2,PASSED,23.950930899000014,True,True,True
equal/0033.trace,equal,unconstrained,MacroATLAS,3,2,SAT,MIN_EXPANDED_SIZE,0,2,PASSED,9.010383955999714,True,True,True
equal/0034.trace,equal,unconstrained,ATLAS-B,3,2,SAT,MIN_EXPANDED_SIZE,0,2,PASSED,3.0236460240003,True,True,True
equal/0034.trace,equal,unconstrained,MacroATLAS,3,2,SAT,MIN_EXPANDED_SIZE,0,2,PASSED,2.186812152000016,True,True,True
equal/0035.trace,equal,unconstrained,ATLAS-B,3,2,SAT,MIN_EXPANDED_SIZE,0,2,PASSED,1.062132302000009,True,True,True
equal/0035.trace,equal,unconstrained,MacroATLAS,3,2,SAT,MIN_EXPANDED_SIZE,0,2,PASSED,1.1958551500001704,True,True,True
equal/0036.trace,equal,unconstrained,ATLAS-B,10,2,SAT,MIN_EXPANDED_SIZE,0,5,PASSED,19.03266172199983,True,True,True
equal/0036.trace,equal,unconstrained,MacroATLAS,10,2,SAT,MIN_EXPANDED_SIZE,0,5,PASSED,53.953413901000204,True,True,True
equal/0037.trace,equal,unconstrained,ATLAS-B,10,2,SAT,MIN_EXPANDED_SIZE,0,5,PASSED,2.6584974209999928,True,True,True
equal/0037.trace,equal,unconstrained,MacroATLAS,10,2,SAT,MIN_EXPANDED_SIZE,0,5,PASSED,8.321281647000433,True,True,True
equal/0038.trace,equal,unconstrained,ATLAS-B,10,2,SAT,MIN_EXPANDED_SIZE,0,5,PASSED,25.073049814000115,True,True,True
equal/0038.trace,equal,unconstrained,MacroATLAS,10,2,SAT,MIN_EXPANDED_SIZE,0,5,PASSED,125.87195136900027,True,True,True
equal/0039.trace,equal,unconstrained,ATLAS-B,10,2,SAT,MIN_EXPANDED_SIZE,0,5,PASSED,47.06588772000032,True,True,True
equal/0039.trace,equal,unconstrained,MacroATLAS,10,2,SAT,MIN_EXPANDED_SIZE,0,5,PASSED,127.60729120699989,True,True,True
equal/0040.trace,equal,unconstrained,ATLAS-B,10,2,SAT,MIN_EXPANDED_SIZE,0,5,PASSED,107.10868512299999,False,,
equal/0040.trace,equal,unconstrained,MacroATLAS,10,2,TIMEOUT,MIN_EXPANDED_SIZE,,,IN_PROGRESS,180.46445477700036,False,,
equal/0041.trace,equal,unconstrained,ATLAS-B,10,2,SAT,MIN_EXPANDED_SIZE,0,5,PASSED,9.63123199599977,True,True,True
equal/0041.trace,equal,unconstrained,MacroATLAS,10,2,SAT,MIN_EXPANDED_SIZE,0,5,PASSED,39.656574159998854,True,True,True
equal/0042.trace,equal,unconstrained,ATLAS-B,10,2,SAT,MIN_EXPANDED_SIZE,0,4,PASSED,1.8436511310001151,True,True,True
equal/0042.trace,equal,unconstrained,MacroATLAS,10,2,SAT,MIN_EXPANDED_SIZE,0,4,PASSED,3.893795735999447,True,True,True
increasingNumVariables/0000.trace,increasingNumVariables,unconstrained,ATLAS-B,10,2,TIMEOUT,MIN_EXPANDED_SIZE,,,IN_PROGRESS,180.0716614590001,False,,
increasingNumVariables/0000.trace,increasingNumVariables,unconstrained,MacroATLAS,10,2,SAT,MIN_EXPANDED_SIZE,0,5,PASSED,9.20549054900016,False,,
increasingNumVariables/0001.trace,increasingNumVariables,unconstrained,ATLAS-B,10,2,SAT,MIN_EXPANDED_SIZE,0,5,PASSED,120.44809399199949,True,True,True
increasingNumVariables/0001.trace,increasingNumVariables,unconstrained,MacroATLAS,10,2,SAT,MIN_EXPANDED_SIZE,0,5,PASSED,13.63315124699966,True,True,True
increasingNumVariables/0002.trace,increasingNumVariables,unconstrained,ATLAS-B,10,2,TIMEOUT,MIN_EXPANDED_SIZE,,,IN_PROGRESS,180.06578451800124,False,,
increasingNumVariables/0002.trace,increasingNumVariables,unconstrained,MacroATLAS,10,2,SAT,MIN_EXPANDED_SIZE,0,5,PASSED,17.67376081600014,False,,
increasingNumVariables/0003.trace,increasingNumVariables,unconstrained,ATLAS-B,10,2,SAT,MIN_EXPANDED_SIZE,0,5,PASSED,10.702148871001555,True,True,True
increasingNumVariables/0003.trace,increasingNumVariables,unconstrained,MacroATLAS,10,2,SAT,MIN_EXPANDED_SIZE,0,5,PASSED,18.02657930299938,True,True,True
increasingNumVariables/0004.trace,increasingNumVariables,unconstrained,ATLAS-B,10,2,SAT,MIN_EXPANDED_SIZE,0,5,PASSED,58.78637675699974,True,True,True
increasingNumVariables/0004.trace,increasingNumVariables,unconstrained,MacroATLAS,10,2,SAT,MIN_EXPANDED_SIZE,0,5,PASSED,13.074897183999838,True,True,True
increasingNumVariables/0005.trace,increasingNumVariables,unconstrained,ATLAS-B,10,2,SAT,MIN_EXPANDED_SIZE,0,5,PASSED,7.272882860001118,True,True,True
increasingNumVariables/0005.trace,increasingNumVariables,unconstrained,MacroATLAS,10,2,SAT,MIN_EXPANDED_SIZE,0,5,PASSED,24.42959717099984,True,True,True
increasingNumVariables/0006.trace,increasingNumVariables,unconstrained,ATLAS-B,10,2,SAT,MIN_EXPANDED_SIZE,0,5,PASSED,8.830051633999574,True,True,True
increasingNumVariables/0006.trace,increasingNumVariables,unconstrained,MacroATLAS,10,2,SAT,MIN_EXPANDED_SIZE,0,5,PASSED,41.52453561499988,True,True,True
increasingNumVariables/0007.trace,increasingNumVariables,unconstrained,ATLAS-B,10,2,SAT,MIN_EXPANDED_SIZE,0,5,PASSED,9.85507365400008,True,True,True
increasingNumVariables/0007.trace,increasingNumVariables,unconstrained,MacroATLAS,10,2,SAT,MIN_EXPANDED_SIZE,0,5,PASSED,32.94534576899969,True,True,True
increasingNumVariables/0008.trace,increasingNumVariables,unconstrained,ATLAS-B,11,2,TIMEOUT,MIN_EXPANDED_SIZE,,,IN_PROGRESS,180.08039770899995,False,,
increasingNumVariables/0008.trace,increasingNumVariables,unconstrained,MacroATLAS,11,2,SAT,MIN_EXPANDED_SIZE,0,7,PASSED,53.03625099300007,False,,
increasingNumVariables/0009.trace,increasingNumVariables,unconstrained,ATLAS-B,11,2,TIMEOUT,MIN_EXPANDED_SIZE,,,IN_PROGRESS,180.06902834299945,False,,
increasingNumVariables/0009.trace,increasingNumVariables,unconstrained,MacroATLAS,11,2,SAT,MIN_EXPANDED_SIZE,0,7,PASSED,79.26868582499992,False,,
increasingNumVariables/0010.trace,increasingNumVariables,unconstrained,ATLAS-B,11,2,TIMEOUT,MIN_EXPANDED_SIZE,,,IN_PROGRESS,180.08233560699955,False,,
increasingNumVariables/0010.trace,increasingNumVariables,unconstrained,MacroATLAS,11,2,SAT,MIN_EXPANDED_SIZE,0,7,PASSED,102.23466055500103,False,,
increasingNumVariables/0011.trace,increasingNumVariables,unconstrained,ATLAS-B,11,2,TIMEOUT,MIN_EXPANDED_SIZE,,,IN_PROGRESS,180.0966477400034,False,,
increasingNumVariables/0011.trace,increasingNumVariables,unconstrained,MacroATLAS,11,2,SAT,MIN_EXPANDED_SIZE,0,7,PASSED,108.90230067800076,False,,
increasingNumVariables/0012.trace,increasingNumVariables,unconstrained,ATLAS-B,11,2,TIMEOUT,MIN_EXPANDED_SIZE,,,IN_PROGRESS,180.0898575070005,False,,
increasingNumVariables/0012.trace,increasingNumVariables,unconstrained,MacroATLAS,11,2,SAT,MIN_EXPANDED_SIZE,0,7,PASSED,144.68383019500016,False,,
increasingNumVariables/0013.trace,increasingNumVariables,unconstrained,ATLAS-B,11,2,TIMEOUT,MIN_EXPANDED_SIZE,,,IN_PROGRESS,180.104312208,False,,
increasingNumVariables/0013.trace,increasingNumVariables,unconstrained,MacroATLAS,11,2,SAT,MIN_EXPANDED_SIZE,0,7,PASSED,92.91486252100003,False,,
increasingNumVariables/0014.trace,increasingNumVariables,unconstrained,ATLAS-B,11,2,TIMEOUT,MIN_EXPANDED_SIZE,,,IN_PROGRESS,180.10071356499975,False,,
increasingNumVariables/0014.trace,increasingNumVariables,unconstrained,MacroATLAS,11,2,SAT,MIN_EXPANDED_SIZE,0,7,PASSED,112.38207150599919,False,,
increasingNumVariables/0015.trace,increasingNumVariables,unconstrained,ATLAS-B,11,2,TIMEOUT,MIN_EXPANDED_SIZE,,,IN_PROGRESS,180.10224494100112,False,,
increasingNumVariables/0015.trace,increasingNumVariables,unconstrained,MacroATLAS,11,2,TIMEOUT,MIN_EXPANDED_SIZE,,,IN_PROGRESS,180.14104994599984,False,,
increasingNumVariables/0016.trace,increasingNumVariables,unconstrained,ATLAS-B,20,2,TIMEOUT,MIN_EXPANDED_SIZE,,,IN_PROGRESS,180.0765319989987,False,,
increasingNumVariables/0016.trace,increasingNumVariables,unconstrained,MacroATLAS,20,2,SAT,MIN_EXPANDED_SIZE,0,7,PASSED,52.59977777200038,False,,
increasingNumVariables/0017.trace,increasingNumVariables,unconstrained,ATLAS-B,20,2,TIMEOUT,MIN_EXPANDED_SIZE,,,IN_PROGRESS,180.04158285199992,False,,
increasingNumVariables/0017.trace,increasingNumVariables,unconstrained,MacroATLAS,20,2,TIMEOUT,MIN_EXPANDED_SIZE,,,IN_PROGRESS,180.0935489830008,False,,
increasingNumVariables/0018.trace,increasingNumVariables,unconstrained,ATLAS-B,20,2,TIMEOUT,MIN_EXPANDED_SIZE,,,IN_PROGRESS,180.07473583000137,False,,
increasingNumVariables/0018.trace,increasingNumVariables,unconstrained,MacroATLAS,20,2,TIMEOUT,MIN_EXPANDED_SIZE,,,IN_PROGRESS,180.1180073630003,False,,
increasingNumVariables/0019.trace,increasingNumVariables,unconstrained,ATLAS-B,20,2,TIMEOUT,MIN_EXPANDED_SIZE,,,IN_PROGRESS,180.10033486300017,False,,
increasingNumVariables/0019.trace,increasingNumVariables,unconstrained,MacroATLAS,20,2,TIMEOUT,MIN_EXPANDED_SIZE,,,IN_PROGRESS,180.08505459200023,False,,
increasingNumVariables/0020.trace,increasingNumVariables,unconstrained,ATLAS-B,20,2,TIMEOUT,MIN_EXPANDED_SIZE,,,IN_PROGRESS,180.10967579200042,False,,
increasingNumVariables/0020.trace,increasingNumVariables,unconstrained,MacroATLAS,20,2,TIMEOUT,MIN_EXPANDED_SIZE,,,IN_PROGRESS,180.08904297400022,False,,
increasingNumVariables/0021.trace,increasingNumVariables,unconstrained,ATLAS-B,20,2,TIMEOUT,MIN_EXPANDED_SIZE,,,IN_PROGRESS,180.10578040699966,False,,
increasingNumVariables/0021.trace,increasingNumVariables,unconstrained,MacroATLAS,20,2,TIMEOUT,MIN_EXPANDED_SIZE,,,IN_PROGRESS,180.14054553499955,False,,
increasingNumVariables/0022.trace,increasingNumVariables,unconstrained,ATLAS-B,20,2,TIMEOUT,MIN_EXPANDED_SIZE,,,IN_PROGRESS,180.1266031719997,False,,
increasingNumVariables/0022.trace,increasingNumVariables,unconstrained,MacroATLAS,20,2,TIMEOUT,MIN_EXPANDED_SIZE,,,IN_PROGRESS,180.18837969000015,False,,
increasingNumVariables/0023.trace,increasingNumVariables,unconstrained,ATLAS-B,20,2,TIMEOUT,MIN_EXPANDED_SIZE,,,IN_PROGRESS,180.11807107800087,False,,
increasingNumVariables/0023.trace,increasingNumVariables,unconstrained,MacroATLAS,20,2,TIMEOUT,MIN_EXPANDED_SIZE,,,IN_PROGRESS,180.15906842200002,False,,
increasingNumVariables/0024.trace,increasingNumVariables,unconstrained,ATLAS-B,37,2,TIMEOUT,MIN_EXPANDED_SIZE,,,IN_PROGRESS,180.0579037589996,False,,
increasingNumVariables/0024.trace,increasingNumVariables,unconstrained,MacroATLAS,37,2,TIMEOUT,MIN_EXPANDED_SIZE,,,IN_PROGRESS,180.09014240800025,False,,
increasingNumVariables/0025.trace,increasingNumVariables,unconstrained,ATLAS-B,37,2,TIMEOUT,MIN_EXPANDED_SIZE,,,IN_PROGRESS,180.08936442999948,False,,
increasingNumVariables/0025.trace,increasingNumVariables,unconstrained,MacroATLAS,37,2,TIMEOUT,MIN_EXPANDED_SIZE,,,IN_PROGRESS,180.12052863600002,False,,
increasingNumVariables/0026.trace,increasingNumVariables,unconstrained,ATLAS-B,37,2,TIMEOUT,MIN_EXPANDED_SIZE,,,IN_PROGRESS,180.06991468600063,False,,
increasingNumVariables/0026.trace,increasingNumVariables,unconstrained,MacroATLAS,37,2,TIMEOUT,MIN_EXPANDED_SIZE,,,IN_PROGRESS,180.08196922600018,False,,
increasingNumVariables/0027.trace,increasingNumVariables,unconstrained,ATLAS-B,37,2,TIMEOUT,MIN_EXPANDED_SIZE,,,IN_PROGRESS,180.09028802799912,False,,
increasingNumVariables/0027.trace,increasingNumVariables,unconstrained,MacroATLAS,37,2,TIMEOUT,MIN_EXPANDED_SIZE,,,IN_PROGRESS,180.09981134200007,False,,
increasingNumVariables/0028.trace,increasingNumVariables,unconstrained,ATLAS-B,37,2,TIMEOUT,MIN_EXPANDED_SIZE,,,IN_PROGRESS,180.06964792899998,False,,
increasingNumVariables/0028.trace,increasingNumVariables,unconstrained,MacroATLAS,37,2,TIMEOUT,MIN_EXPANDED_SIZE,,,IN_PROGRESS,180.10121412800072,False,,
increasingNumVariables/0029.trace,increasingNumVariables,unconstrained,ATLAS-B,37,2,TIMEOUT,MIN_EXPANDED_SIZE,,,IN_PROGRESS,180.06754941200052,False,,
increasingNumVariables/0029.trace,increasingNumVariables,unconstrained,MacroATLAS,37,2,TIMEOUT,MIN_EXPANDED_SIZE,,,IN_PROGRESS,180.09947358499994,False,,
increasingNumVariables/0030.trace,increasingNumVariables,unconstrained,ATLAS-B,37,2,TIMEOUT,MIN_EXPANDED_SIZE,,,IN_PROGRESS,180.12651161199938,False,,
increasingNumVariables/0030.trace,increasingNumVariables,unconstrained,MacroATLAS,37,2,TIMEOUT,MIN_EXPANDED_SIZE,,,IN_PROGRESS,180.11659280000003,False,,
increasingNumVariables/0031.trace,increasingNumVariables,unconstrained,ATLAS-B,37,2,TIMEOUT,MIN_EXPANDED_SIZE,,,IN_PROGRESS,180.09743184299987,False,,
increasingNumVariables/0031.trace,increasingNumVariables,unconstrained,MacroATLAS,37,2,TIMEOUT,MIN_EXPANDED_SIZE,,,IN_PROGRESS,180.1390929320005,False,,
increasingNumVariables/0032.trace,increasingNumVariables,unconstrained,ATLAS-B,70,2,TIMEOUT,MIN_EXPANDED_SIZE,,,IN_PROGRESS,180.08384242600005,False,,
increasingNumVariables/0032.trace,increasingNumVariables,unconstrained,MacroATLAS,70,2,TIMEOUT,MIN_EXPANDED_SIZE,,,IN_PROGRESS,180.07834592499967,False,,
increasingNumVariables/0033.trace,increasingNumVariables,unconstrained,ATLAS-B,70,2,TIMEOUT,MIN_EXPANDED_SIZE,,,IN_PROGRESS,180.06309196000075,False,,
increasingNumVariables/0033.trace,increasingNumVariables,unconstrained,MacroATLAS,70,2,TIMEOUT,MIN_EXPANDED_SIZE,,,IN_PROGRESS,180.1055086209999,False,,
increasingNumVariables/0034.trace,increasingNumVariables,unconstrained,ATLAS-B,70,2,TIMEOUT,MIN_EXPANDED_SIZE,,,IN_PROGRESS,180.09026162100054,False,,
increasingNumVariables/0034.trace,increasingNumVariables,unconstrained,MacroATLAS,70,2,TIMEOUT,MIN_EXPANDED_SIZE,,,IN_PROGRESS,180.0778236699989,False,,
increasingNumVariables/0035.trace,increasingNumVariables,unconstrained,ATLAS-B,70,2,TIMEOUT,MIN_EXPANDED_SIZE,,,IN_PROGRESS,180.08162873699985,False,,
increasingNumVariables/0035.trace,increasingNumVariables,unconstrained,MacroATLAS,70,2,TIMEOUT,MIN_EXPANDED_SIZE,,,IN_PROGRESS,180.0920025059986,False,,
increasingNumVariables/0036.trace,increasingNumVariables,unconstrained,ATLAS-B,70,2,TIMEOUT,MIN_EXPANDED_SIZE,,,IN_PROGRESS,180.09813135600052,False,,
increasingNumVariables/0036.trace,increasingNumVariables,unconstrained,MacroATLAS,70,2,TIMEOUT,MIN_EXPANDED_SIZE,,,IN_PROGRESS,180.1066988849998,False,,
increasingNumVariables/0037.trace,increasingNumVariables,unconstrained,ATLAS-B,70,2,TIMEOUT,MIN_EXPANDED_SIZE,,,IN_PROGRESS,180.08871018399986,False,,
increasingNumVariables/0037.trace,increasingNumVariables,unconstrained,MacroATLAS,70,2,TIMEOUT,MIN_EXPANDED_SIZE,,,IN_PROGRESS,180.11480010100058,False,,
increasingNumVariables/0038.trace,increasingNumVariables,unconstrained,ATLAS-B,70,2,TIMEOUT,MIN_EXPANDED_SIZE,,,IN_PROGRESS,180.12965679300032,False,,
increasingNumVariables/0038.trace,increasingNumVariables,unconstrained,MacroATLAS,70,2,TIMEOUT,MIN_EXPANDED_SIZE,,,IN_PROGRESS,180.16239775099893,False,,
increasingNumVariables/0039.trace,increasingNumVariables,unconstrained,ATLAS-B,70,2,TIMEOUT,MIN_EXPANDED_SIZE,,,IN_PROGRESS,180.13646043900007,False,,
increasingNumVariables/0039.trace,increasingNumVariables,unconstrained,MacroATLAS,70,2,TIMEOUT,MIN_EXPANDED_SIZE,,,IN_PROGRESS,180.1291377180005,False,,
increasingNumVariables/0040.trace,increasingNumVariables,unconstrained,ATLAS-B,135,2,TIMEOUT,MIN_EXPANDED_SIZE,,,IN_PROGRESS,180.0617280360002,False,,
increasingNumVariables/0040.trace,increasingNumVariables,unconstrained,MacroATLAS,135,2,TIMEOUT,MIN_EXPANDED_SIZE,,,IN_PROGRESS,180.08824175500013,False,,
increasingNumVariables/0041.trace,increasingNumVariables,unconstrained,ATLAS-B,135,2,TIMEOUT,MIN_EXPANDED_SIZE,,,IN_PROGRESS,180.06349364999915,False,,
increasingNumVariables/0041.trace,increasingNumVariables,unconstrained,MacroATLAS,135,2,TIMEOUT,MIN_EXPANDED_SIZE,,,IN_PROGRESS,180.12834448799913,False,,
increasingNumVariables/0042.trace,increasingNumVariables,unconstrained,ATLAS-B,135,2,TIMEOUT,MIN_EXPANDED_SIZE,,,IN_PROGRESS,180.07250636400022,False,,
increasingNumVariables/0042.trace,increasingNumVariables,unconstrained,MacroATLAS,135,2,TIMEOUT,MIN_EXPANDED_SIZE,,,IN_PROGRESS,180.12501376100045,False,,
increasingNumVariables/0043.trace,increasingNumVariables,unconstrained,ATLAS-B,135,2,TIMEOUT,MIN_EXPANDED_SIZE,,,IN_PROGRESS,180.06198021099954,False,,
increasingNumVariables/0043.trace,increasingNumVariables,unconstrained,MacroATLAS,135,2,TIMEOUT,MIN_EXPANDED_SIZE,,,IN_PROGRESS,180.11021763200006,False,,
increasingNumVariables/0044.trace,increasingNumVariables,unconstrained,ATLAS-B,135,2,TIMEOUT,MIN_EXPANDED_SIZE,,,IN_PROGRESS,180.0838283030007,False,,
increasingNumVariables/0044.trace,increasingNumVariables,unconstrained,MacroATLAS,135,2,TIMEOUT,MIN_EXPANDED_SIZE,,,IN_PROGRESS,180.08854163900014,False,,
increasingNumVariables/0045.trace,increasingNumVariables,unconstrained,ATLAS-B,135,2,TIMEOUT,MIN_EXPANDED_SIZE,,,IN_PROGRESS,180.10063313300088,False,,
increasingNumVariables/0045.trace,increasingNumVariables,unconstrained,MacroATLAS,135,2,TIMEOUT,MIN_EXPANDED_SIZE,,,IN_PROGRESS,180.1174968739997,False,,
increasingNumVariables/0046.trace,increasingNumVariables,unconstrained,ATLAS-B,135,2,TIMEOUT,MIN_EXPANDED_SIZE,,,IN_PROGRESS,180.13339377500006,False,,
increasingNumVariables/0046.trace,increasingNumVariables,unconstrained,MacroATLAS,135,2,TIMEOUT,MIN_EXPANDED_SIZE,,,IN_PROGRESS,180.18162949699945,False,,
increasingNumVariables/0047.trace,increasingNumVariables,unconstrained,ATLAS-B,135,2,TIMEOUT,MIN_EXPANDED_SIZE,,,IN_PROGRESS,180.13097544100128,False,,
increasingNumVariables/0047.trace,increasingNumVariables,unconstrained,MacroATLAS,135,2,TIMEOUT,MIN_EXPANDED_SIZE,,,IN_PROGRESS,180.1240822929999,False,,
increasingNumVariables/0048.trace,increasingNumVariables,unconstrained,ATLAS-B,264,2,TIMEOUT,MIN_EXPANDED_SIZE,,,IN_PROGRESS,180.08007356500002,False,,
increasingNumVariables/0048.trace,increasingNumVariables,unconstrained,MacroATLAS,264,2,TIMEOUT,MIN_EXPANDED_SIZE,,,IN_PROGRESS,180.0970106649993,False,,
increasingNumVariables/0049.trace,increasingNumVariables,unconstrained,ATLAS-B,264,2,TIMEOUT,MIN_EXPANDED_SIZE,,,IN_PROGRESS,180.0755749079999,False,,
increasingNumVariables/0049.trace,increasingNumVariables,unconstrained,MacroATLAS,264,2,TIMEOUT,MIN_EXPANDED_SIZE,,,IN_PROGRESS,180.08706743900075,False,,
increasingNumVariables/0050.trace,increasingNumVariables,unconstrained,ATLAS-B,264,2,TIMEOUT,MIN_EXPANDED_SIZE,,,IN_PROGRESS,180.10284622899962,False,,
increasingNumVariables/0050.trace,increasingNumVariables,unconstrained,MacroATLAS,264,2,TIMEOUT,MIN_EXPANDED_SIZE,,,IN_PROGRESS,180.09645048200036,False,,
increasingNumVariables/0051.trace,increasingNumVariables,unconstrained,ATLAS-B,264,2,TIMEOUT,MIN_EXPANDED_SIZE,,,IN_PROGRESS,180.0898221490006,False,,
increasingNumVariables/0051.trace,increasingNumVariables,unconstrained,MacroATLAS,264,2,TIMEOUT,MIN_EXPANDED_SIZE,,,IN_PROGRESS,180.1426112500003,False,,
increasingNumVariables/0052.trace,increasingNumVariables,unconstrained,ATLAS-B,264,2,TIMEOUT,MIN_EXPANDED_SIZE,,,IN_PROGRESS,180.0974152609997,False,,
increasingNumVariables/0052.trace,increasingNumVariables,unconstrained,MacroATLAS,264,2,TIMEOUT,MIN_EXPANDED_SIZE,,,IN_PROGRESS,180.11614700800055,False,,
increasingNumVariables/0053.trace,increasingNumVariables,unconstrained,ATLAS-B,264,2,TIMEOUT,MIN_EXPANDED_SIZE,,,IN_PROGRESS,180.11048244300036,False,,
increasingNumVariables/0053.trace,increasingNumVariables,unconstrained,MacroATLAS,264,2,TIMEOUT,MIN_EXPANDED_SIZE,,,IN_PROGRESS,180.15516360900074,False,,
increasingNumVariables/0054.trace,increasingNumVariables,unconstrained,ATLAS-B,264,2,TIMEOUT,MIN_EXPANDED_SIZE,,,IN_PROGRESS,180.13284862699948,False,,
increasingNumVariables/0054.trace,increasingNumVariables,unconstrained,MacroATLAS,264,2,TIMEOUT,MIN_EXPANDED_SIZE,,,IN_PROGRESS,180.15411515899905,False,,
increasingNumVariables/0055.trace,increasingNumVariables,unconstrained,ATLAS-B,264,2,TIMEOUT,MIN_EXPANDED_SIZE,,,IN_PROGRESS,180.13017352600036,False,,
increasingNumVariables/0055.trace,increasingNumVariables,unconstrained,MacroATLAS,264,2,TIMEOUT,MIN_EXPANDED_SIZE,,,IN_PROGRESS,180.12321696399977,False,,
moreDetailedTest/0001.trace,moreDetailedTest,unconstrained,ATLAS-B,10,2,TIMEOUT,MIN_EXPANDED_SIZE,,,IN_PROGRESS,180.11604498400084,False,,
moreDetailedTest/0001.trace,moreDetailedTest,unconstrained,MacroATLAS,10,2,TIMEOUT,MIN_EXPANDED_SIZE,,,IN_PROGRESS,180.16673564400025,False,,
moreDetailedTest/0002.trace,moreDetailedTest,unconstrained,ATLAS-B,10,2,TIMEOUT,MIN_EXPANDED_SIZE,,,IN_PROGRESS,180.0357277080002,False,,
moreDetailedTest/0002.trace,moreDetailedTest,unconstrained,MacroATLAS,10,2,TIMEOUT,MIN_EXPANDED_SIZE,,,IN_PROGRESS,180.0739845979988,False,,
moreDetailedTest/0003.trace,moreDetailedTest,unconstrained,ATLAS-B,10,2,TIMEOUT,MIN_EXPANDED_SIZE,,,IN_PROGRESS,180.216526876,False,,
moreDetailedTest/0003.trace,moreDetailedTest,unconstrained,MacroATLAS,10,2,TIMEOUT,MIN_EXPANDED_SIZE,,,IN_PROGRESS,180.28974954099976,False,,
moreDetailedTest/0004.trace,moreDetailedTest,unconstrained,ATLAS-B,10,2,TIMEOUT,MIN_EXPANDED_SIZE,,,IN_PROGRESS,180.23995317599974,False,,
moreDetailedTest/0004.trace,moreDetailedTest,unconstrained,MacroATLAS,10,2,TIMEOUT,MIN_EXPANDED_SIZE,,,IN_PROGRESS,180.24052157100004,False,,
moreDetailedTest/0005.trace,moreDetailedTest,unconstrained,ATLAS-B,10,2,TIMEOUT,MIN_EXPANDED_SIZE,,,IN_PROGRESS,180.59841464799956,False,,
moreDetailedTest/0005.trace,moreDetailedTest,unconstrained,MacroATLAS,10,2,TIMEOUT,MIN_EXPANDED_SIZE,,,IN_PROGRESS,180.2228399809992,False,,
moreDetailedTest/0006.trace,moreDetailedTest,unconstrained,ATLAS-B,10,2,TIMEOUT,MIN_EXPANDED_SIZE,,,IN_PROGRESS,180.26709924399984,False,,
moreDetailedTest/0006.trace,moreDetailedTest,unconstrained,MacroATLAS,10,2,TIMEOUT,MIN_EXPANDED_SIZE,,,IN_PROGRESS,180.28545597099946,False,,
moreDetailedTest/0007.trace,moreDetailedTest,unconstrained,ATLAS-B,10,2,TIMEOUT,MIN_EXPANDED_SIZE,,,IN_PROGRESS,180.31428206200007,False,,
moreDetailedTest/0007.trace,moreDetailedTest,unconstrained,MacroATLAS,10,2,TIMEOUT,MIN_EXPANDED_SIZE,,,IN_PROGRESS,180.300566281001,False,,
moreDetailedTest/0008.trace,moreDetailedTest,unconstrained,ATLAS-B,10,2,TIMEOUT,MIN_EXPANDED_SIZE,,,IN_PROGRESS,180.3499746839998,False,,
moreDetailedTest/0008.trace,moreDetailedTest,unconstrained,MacroATLAS,10,2,TIMEOUT,MIN_EXPANDED_SIZE,,,IN_PROGRESS,180.3678641510005,False,,
moreDetailedTest/0009.trace,moreDetailedTest,unconstrained,ATLAS-B,10,2,TIMEOUT,MIN_EXPANDED_SIZE,,,IN_PROGRESS,180.35913045300003,False,,
moreDetailedTest/0009.trace,moreDetailedTest,unconstrained,MacroATLAS,10,2,TIMEOUT,MIN_EXPANDED_SIZE,,,IN_PROGRESS,180.40139984899997,False,,
moreDetailedTest/0010.trace,moreDetailedTest,unconstrained,ATLAS-B,10,2,TIMEOUT,MIN_EXPANDED_SIZE,,,IN_PROGRESS,180.37242407099984,False,,
moreDetailedTest/0010.trace,moreDetailedTest,unconstrained,MacroATLAS,10,2,TIMEOUT,MIN_EXPANDED_SIZE,,,IN_PROGRESS,180.4008420099999,False,,
moreDetailedTest/0011.trace,moreDetailedTest,unconstrained,ATLAS-B,10,2,TIMEOUT,MIN_EXPANDED_SIZE,,,IN_PROGRESS,180.4241974100005,False,,
moreDetailedTest/0011.trace,moreDetailedTest,unconstrained,MacroATLAS,10,2,TIMEOUT,MIN_EXPANDED_SIZE,,,IN_PROGRESS,180.40659889999915,False,,
moreDetailedTest/0012.trace,moreDetailedTest,unconstrained,ATLAS-B,10,2,TIMEOUT,MIN_EXPANDED_SIZE,,,IN_PROGRESS,180.1128176150005,False,,
moreDetailedTest/0012.trace,moreDetailedTest,unconstrained,MacroATLAS,10,2,TIMEOUT,MIN_EXPANDED_SIZE,,,IN_PROGRESS,180.15616659900115,False,,
moreDetailedTest/0013.trace,moreDetailedTest,unconstrained,ATLAS-B,10,2,SAT,MIN_EXPANDED_SIZE,0,4,PASSED,2.555403505999493,True,True,True
moreDetailedTest/0013.trace,moreDetailedTest,unconstrained,MacroATLAS,10,2,SAT,MIN_EXPANDED_SIZE,0,4,PASSED,3.3824437910000142,True,True,True
moreDetailedTest/0014.trace,moreDetailedTest,unconstrained,ATLAS-B,10,2,TIMEOUT,MIN_EXPANDED_SIZE,,,IN_PROGRESS,180.13640610100083,False,,
moreDetailedTest/0014.trace,moreDetailedTest,unconstrained,MacroATLAS,10,2,TIMEOUT,MIN_EXPANDED_SIZE,,,IN_PROGRESS,180.17909190399996,False,,
moreDetailedTest/0015.trace,moreDetailedTest,unconstrained,ATLAS-B,5,2,SAT,MIN_EXPANDED_SIZE,0,3,PASSED,8.02686828800006,True,True,True
moreDetailedTest/0015.trace,moreDetailedTest,unconstrained,MacroATLAS,5,2,SAT,MIN_EXPANDED_SIZE,0,3,PASSED,11.165604310999697,True,True,True
moreDetailedTest/0016.trace,moreDetailedTest,unconstrained,ATLAS-B,5,2,SAT,MIN_EXPANDED_SIZE,0,3,PASSED,1.7706915689996094,True,True,True
moreDetailedTest/0016.trace,moreDetailedTest,unconstrained,MacroATLAS,5,2,SAT,MIN_EXPANDED_SIZE,0,3,PASSED,2.846562583999912,True,True,True
moreDetailedTest/0017.trace,moreDetailedTest,unconstrained,ATLAS-B,5,2,SAT,MIN_EXPANDED_SIZE,0,3,PASSED,9.758045423999647,True,True,True
moreDetailedTest/0017.trace,moreDetailedTest,unconstrained,MacroATLAS,5,2,SAT,MIN_EXPANDED_SIZE,0,3,PASSED,19.555878981000205,True,True,True
moreDetailedTest/0018.trace,moreDetailedTest,unconstrained,ATLAS-B,5,2,SAT,MIN_EXPANDED_SIZE,0,3,PASSED,13.761847703000058,True,True,True
moreDetailedTest/0018.trace,moreDetailedTest,unconstrained,MacroATLAS,5,2,SAT,MIN_EXPANDED_SIZE,0,3,PASSED,18.88205065299917,True,True,True
moreDetailedTest/0019.trace,moreDetailedTest,unconstrained,ATLAS-B,5,2,SAT,MIN_EXPANDED_SIZE,0,3,PASSED,12.780212994000067,True,True,True
moreDetailedTest/0019.trace,moreDetailedTest,unconstrained,MacroATLAS,5,2,SAT,MIN_EXPANDED_SIZE,0,3,PASSED,15.52511177300039,True,True,True
moreDetailedTest/0020.trace,moreDetailedTest,unconstrained,ATLAS-B,5,2,SAT,MIN_EXPANDED_SIZE,0,3,PASSED,12.82200984300016,True,True,True
moreDetailedTest/0020.trace,moreDetailedTest,unconstrained,MacroATLAS,5,2,SAT,MIN_EXPANDED_SIZE,0,3,PASSED,17.544668407000245,True,True,True
moreDetailedTest/0021.trace,moreDetailedTest,unconstrained,ATLAS-B,5,2,SAT,MIN_EXPANDED_SIZE,0,3,PASSED,20.837580632000027,True,True,True
moreDetailedTest/0021.trace,moreDetailedTest,unconstrained,MacroATLAS,5,2,SAT,MIN_EXPANDED_SIZE,0,3,PASSED,27.87685731700003,True,True,True
moreDetailedTest/0022.trace,moreDetailedTest,unconstrained,ATLAS-B,5,2,SAT,MIN_EXPANDED_SIZE,0,3,PASSED,25.686519885999587,True,True,True
moreDetailedTest/0022.trace,moreDetailedTest,unconstrained,MacroATLAS,5,2,SAT,MIN_EXPANDED_SIZE,0,3,PASSED,37.21475789700162,True,True,True
moreDetailedTest/0023.trace,moreDetailedTest,unconstrained,ATLAS-B,5,2,SAT,MIN_EXPANDED_SIZE,0,3,PASSED,25.483320310999943,True,True,True
moreDetailedTest/0023.trace,moreDetailedTest,unconstrained,MacroATLAS,5,2,SAT,MIN_EXPANDED_SIZE,0,3,PASSED,44.504434907999894,True,True,True
moreDetailedTest/0024.trace,moreDetailedTest,unconstrained,ATLAS-B,5,2,SAT,MIN_EXPANDED_SIZE,0,3,PASSED,28.558582407998983,True,True,True
moreDetailedTest/0024.trace,moreDetailedTest,unconstrained,MacroATLAS,5,2,SAT,MIN_EXPANDED_SIZE,0,3,PASSED,34.552828324000075,True,True,True
moreDetailedTest/0025.trace,moreDetailedTest,unconstrained,ATLAS-B,5,2,SAT,MIN_EXPANDED_SIZE,0,3,PASSED,44.94908376500007,True,True,True
moreDetailedTest/0025.trace,moreDetailedTest,unconstrained,MacroATLAS,5,2,SAT,MIN_EXPANDED_SIZE,0,3,PASSED,57.47664858100143,True,True,True
moreDetailedTest/0026.trace,moreDetailedTest,unconstrained,ATLAS-B,5,2,SAT,MIN_EXPANDED_SIZE,0,3,PASSED,5.253998722000688,True,True,True
moreDetailedTest/0026.trace,moreDetailedTest,unconstrained,MacroATLAS,5,2,SAT,MIN_EXPANDED_SIZE,0,3,PASSED,8.718573786998604,True,True,True
moreDetailedTest/0027.trace,moreDetailedTest,unconstrained,ATLAS-B,5,2,SAT,MIN_EXPANDED_SIZE,0,3,PASSED,1.2676394190002611,True,True,True
moreDetailedTest/0027.trace,moreDetailedTest,unconstrained,MacroATLAS,5,2,SAT,MIN_EXPANDED_SIZE,0,3,PASSED,2.0147119939997538,True,True,True
moreDetailedTest/0028.trace,moreDetailedTest,unconstrained,ATLAS-B,5,2,SAT,MIN_EXPANDED_SIZE,0,3,PASSED,6.458146205999583,True,True,True
moreDetailedTest/0028.trace,moreDetailedTest,unconstrained,MacroATLAS,5,2,SAT,MIN_EXPANDED_SIZE,0,3,PASSED,8.853768736000347,True,True,True
moreDetailedTest/0029.trace,moreDetailedTest,unconstrained,ATLAS-B,18,2,SAT,MIN_EXPANDED_SIZE,0,6,PASSED,82.93594271899929,True,True,True
moreDetailedTest/0029.trace,moreDetailedTest,unconstrained,MacroATLAS,18,2,SAT,MIN_EXPANDED_SIZE,0,6,PASSED,104.91195187999983,True,True,True
moreDetailedTest/0030.trace,moreDetailedTest,unconstrained,ATLAS-B,18,2,SAT,MIN_EXPANDED_SIZE,0,6,PASSED,9.042855685999712,True,True,True
moreDetailedTest/0030.trace,moreDetailedTest,unconstrained,MacroATLAS,18,2,SAT,MIN_EXPANDED_SIZE,0,6,PASSED,11.285360244999993,True,True,True
moreDetailedTest/0031.trace,moreDetailedTest,unconstrained,ATLAS-B,18,2,TIMEOUT,MIN_EXPANDED_SIZE,,,IN_PROGRESS,180.18121272199994,False,,
moreDetailedTest/0031.trace,moreDetailedTest,unconstrained,MacroATLAS,18,2,TIMEOUT,MIN_EXPANDED_SIZE,,,IN_PROGRESS,180.25295111999912,False,,
moreDetailedTest/0032.trace,moreDetailedTest,unconstrained,ATLAS-B,18,2,TIMEOUT,MIN_EXPANDED_SIZE,,,IN_PROGRESS,180.2500733220004,False,,
moreDetailedTest/0032.trace,moreDetailedTest,unconstrained,MacroATLAS,18,2,SAT,MIN_EXPANDED_SIZE,0,6,PASSED,173.2259892279999,False,,
moreDetailedTest/0033.trace,moreDetailedTest,unconstrained,ATLAS-B,18,2,TIMEOUT,MIN_EXPANDED_SIZE,,,IN_PROGRESS,180.27616441300052,False,,
moreDetailedTest/0033.trace,moreDetailedTest,unconstrained,MacroATLAS,18,2,TIMEOUT,MIN_EXPANDED_SIZE,,,IN_PROGRESS,180.26797675099988,False,,
moreDetailedTest/0034.trace,moreDetailedTest,unconstrained,ATLAS-B,18,2,TIMEOUT,MIN_EXPANDED_SIZE,,,IN_PROGRESS,180.29879465900012,False,,
moreDetailedTest/0034.trace,moreDetailedTest,unconstrained,MacroATLAS,18,2,TIMEOUT,MIN_EXPANDED_SIZE,,,IN_PROGRESS,180.21807510399958,False,,
moreDetailedTest/0035.trace,moreDetailedTest,unconstrained,ATLAS-B,18,2,TIMEOUT,MIN_EXPANDED_SIZE,,,IN_PROGRESS,180.35037363499998,False,,
moreDetailedTest/0035.trace,moreDetailedTest,unconstrained,MacroATLAS,18,2,TIMEOUT,MIN_EXPANDED_SIZE,,,IN_PROGRESS,180.35428315799982,False,,
moreDetailedTest/0036.trace,moreDetailedTest,unconstrained,ATLAS-B,18,2,TIMEOUT,MIN_EXPANDED_SIZE,,,IN_PROGRESS,180.35503591199995,False,,
moreDetailedTest/0036.trace,moreDetailedTest,unconstrained,MacroATLAS,18,2,TIMEOUT,MIN_EXPANDED_SIZE,,,IN_PROGRESS,180.29612662900036,False,,
moreDetailedTest/0037.trace,moreDetailedTest,unconstrained,ATLAS-B,18,2,TIMEOUT,MIN_EXPANDED_SIZE,,,IN_PROGRESS,180.37366633999955,False,,
moreDetailedTest/0037.trace,moreDetailedTest,unconstrained,MacroATLAS,18,2,TIMEOUT,MIN_EXPANDED_SIZE,,,IN_PROGRESS,180.41299262899884,False,,
moreDetailedTest/0038.trace,moreDetailedTest,unconstrained,ATLAS-B,18,2,TIMEOUT,MIN_EXPANDED_SIZE,,,IN_PROGRESS,180.40286536499934,False,,
moreDetailedTest/0038.trace,moreDetailedTest,unconstrained,MacroATLAS,18,2,TIMEOUT,MIN_EXPANDED_SIZE,,,IN_PROGRESS,180.415521257999,False,,
moreDetailedTest/0039.trace,moreDetailedTest,unconstrained,ATLAS-B,18,2,TIMEOUT,MIN_EXPANDED_SIZE,,,IN_PROGRESS,180.5253335389989,False,,
moreDetailedTest/0039.trace,moreDetailedTest,unconstrained,MacroATLAS,18,2,TIMEOUT,MIN_EXPANDED_SIZE,,,IN_PROGRESS,180.4211528300002,False,,
moreDetailedTest/0040.trace,moreDetailedTest,unconstrained,ATLAS-B,18,2,SAT,MIN_EXPANDED_SIZE,0,6,PASSED,52.73929689900001,True,True,True
moreDetailedTest/0040.trace,moreDetailedTest,unconstrained,MacroATLAS,18,2,SAT,MIN_EXPANDED_SIZE,0,6,PASSED,73.01640160900024,True,True,True
moreDetailedTest/0041.trace,moreDetailedTest,unconstrained,ATLAS-B,18,2,SAT,MIN_EXPANDED_SIZE,0,6,PASSED,24.713502050000898,True,True,True
moreDetailedTest/0041.trace,moreDetailedTest,unconstrained,MacroATLAS,18,2,SAT,MIN_EXPANDED_SIZE,0,6,PASSED,12.631613221999942,True,True,True
moreDetailedTest/0042.trace,moreDetailedTest,unconstrained,ATLAS-B,18,2,TIMEOUT,MIN_EXPANDED_SIZE,,,IN_PROGRESS,180.15739979699993,False,,
moreDetailedTest/0042.trace,moreDetailedTest,unconstrained,MacroATLAS,18,2,SAT,MIN_EXPANDED_SIZE,0,6,PASSED,81.58899413699874,False,,
moreDetailedTest/0043.trace,moreDetailedTest,unconstrained,ATLAS-B,3,2,SAT,MIN_EXPANDED_SIZE,0,2,PASSED,4.951352365000275,True,True,True
moreDetailedTest/0043.trace,moreDetailedTest,unconstrained,MacroATLAS,3,2,SAT,MIN_EXPANDED_SIZE,0,2,PASSED,3.211758313998871,True,True,True
moreDetailedTest/0044.trace,moreDetailedTest,unconstrained,ATLAS-B,3,2,SAT,MIN_EXPANDED_SIZE,0,2,PASSED,1.4248695520000183,True,True,True
moreDetailedTest/0044.trace,moreDetailedTest,unconstrained,MacroATLAS,3,2,SAT,MIN_EXPANDED_SIZE,0,2,PASSED,1.4176852679993317,True,True,True
moreDetailedTest/0045.trace,moreDetailedTest,unconstrained,ATLAS-B,3,2,SAT,MIN_EXPANDED_SIZE,0,2,PASSED,5.737302951998572,True,True,True
moreDetailedTest/0045.trace,moreDetailedTest,unconstrained,MacroATLAS,3,2,SAT,MIN_EXPANDED_SIZE,0,2,PASSED,3.5932824639985483,True,True,True
moreDetailedTest/0046.trace,moreDetailedTest,unconstrained,ATLAS-B,3,2,SAT,MIN_EXPANDED_SIZE,0,2,PASSED,7.686740773000565,True,True,True
moreDetailedTest/0046.trace,moreDetailedTest,unconstrained,MacroATLAS,3,2,SAT,MIN_EXPANDED_SIZE,0,2,PASSED,4.220537712000805,True,True,True
moreDetailedTest/0047.trace,moreDetailedTest,unconstrained,ATLAS-B,3,2,SAT,MIN_EXPANDED_SIZE,0,2,PASSED,8.234623980999913,True,True,True
moreDetailedTest/0047.trace,moreDetailedTest,unconstrained,MacroATLAS,3,2,SAT,MIN_EXPANDED_SIZE,0,2,PASSED,4.5373048769997695,True,True,True
moreDetailedTest/0048.trace,moreDetailedTest,unconstrained,ATLAS-B,3,2,SAT,MIN_EXPANDED_SIZE,0,2,PASSED,10.14980880200028,True,True,True
moreDetailedTest/0048.trace,moreDetailedTest,unconstrained,MacroATLAS,3,2,SAT,MIN_EXPANDED_SIZE,0,2,PASSED,5.156793860999642,True,True,True
moreDetailedTest/0049.trace,moreDetailedTest,unconstrained,ATLAS-B,3,2,SAT,MIN_EXPANDED_SIZE,0,2,PASSED,12.670713756000623,True,True,True
moreDetailedTest/0049.trace,moreDetailedTest,unconstrained,MacroATLAS,3,2,SAT,MIN_EXPANDED_SIZE,0,2,PASSED,5.603852098000061,True,True,True
moreDetailedTest/0050.trace,moreDetailedTest,unconstrained,ATLAS-B,3,2,SAT,MIN_EXPANDED_SIZE,0,2,PASSED,14.213867331000074,True,True,True
moreDetailedTest/0050.trace,moreDetailedTest,unconstrained,MacroATLAS,3,2,SAT,MIN_EXPANDED_SIZE,0,2,PASSED,5.892293935999987,True,True,True
moreDetailedTest/0051.trace,moreDetailedTest,unconstrained,ATLAS-B,3,2,SAT,MIN_EXPANDED_SIZE,0,2,PASSED,16.030356436000147,True,True,True
moreDetailedTest/0051.trace,moreDetailedTest,unconstrained,MacroATLAS,3,2,SAT,MIN_EXPANDED_SIZE,0,2,PASSED,7.003900158000761,True,True,True
moreDetailedTest/0052.trace,moreDetailedTest,unconstrained,ATLAS-B,3,2,SAT,MIN_EXPANDED_SIZE,0,2,PASSED,18.574458581000727,True,True,True
moreDetailedTest/0052.trace,moreDetailedTest,unconstrained,MacroATLAS,3,2,SAT,MIN_EXPANDED_SIZE,0,2,PASSED,7.3673960539999825,True,True,True
moreDetailedTest/0053.trace,moreDetailedTest,unconstrained,ATLAS-B,3,2,SAT,MIN_EXPANDED_SIZE,0,2,PASSED,23.340150916999846,True,True,True
moreDetailedTest/0053.trace,moreDetailedTest,unconstrained,MacroATLAS,3,2,SAT,MIN_EXPANDED_SIZE,0,2,PASSED,8.409911963999548,True,True,True
moreDetailedTest/0054.trace,moreDetailedTest,unconstrained,ATLAS-B,3,2,SAT,MIN_EXPANDED_SIZE,0,2,PASSED,3.265627112999937,True,True,True
moreDetailedTest/0054.trace,moreDetailedTest,unconstrained,MacroATLAS,3,2,SAT,MIN_EXPANDED_SIZE,0,2,PASSED,4.739675524000631,True,True,True
moreDetailedTest/0055.trace,moreDetailedTest,unconstrained,ATLAS-B,3,2,SAT,MIN_EXPANDED_SIZE,0,2,PASSED,1.1857025900008011,True,True,True
moreDetailedTest/0055.trace,moreDetailedTest,unconstrained,MacroATLAS,3,2,SAT,MIN_EXPANDED_SIZE,0,2,PASSED,1.1330823719999898,True,True,True
moreDetailedTest/0056.trace,moreDetailedTest,unconstrained,ATLAS-B,3,2,SAT,MIN_EXPANDED_SIZE,0,2,PASSED,3.8843446889995903,True,True,True
moreDetailedTest/0056.trace,moreDetailedTest,unconstrained,MacroATLAS,3,2,SAT,MIN_EXPANDED_SIZE,0,2,PASSED,2.7339784409996355,True,True,True
moreDetailedTest/0057.trace,moreDetailedTest,unconstrained,ATLAS-B,18,2,TIMEOUT,MIN_EXPANDED_SIZE,,,IN_PROGRESS,180.19588065399876,False,,
moreDetailedTest/0057.trace,moreDetailedTest,unconstrained,MacroATLAS,18,2,TIMEOUT,MIN_EXPANDED_SIZE,,,IN_PROGRESS,180.1989959309999,False,,
moreDetailedTest/0058.trace,moreDetailedTest,unconstrained,ATLAS-B,18,2,SAT,MIN_EXPANDED_SIZE,0,6,PASSED,15.11368430100083,True,True,True
moreDetailedTest/0058.trace,moreDetailedTest,unconstrained,MacroATLAS,18,2,SAT,MIN_EXPANDED_SIZE,0,6,PASSED,8.371571551999978,True,True,True
moreDetailedTest/0059.trace,moreDetailedTest,unconstrained,ATLAS-B,18,2,TIMEOUT,MIN_EXPANDED_SIZE,,,IN_PROGRESS,180.1949751320003,False,,
moreDetailedTest/0059.trace,moreDetailedTest,unconstrained,MacroATLAS,18,2,TIMEOUT,MIN_EXPANDED_SIZE,,,IN_PROGRESS,180.22319670699994,False,,
moreDetailedTest/0060.trace,moreDetailedTest,unconstrained,ATLAS-B,18,2,TIMEOUT,MIN_EXPANDED_SIZE,,,IN_PROGRESS,180.24001207200035,False,,
moreDetailedTest/0060.trace,moreDetailedTest,unconstrained,MacroATLAS,18,2,TIMEOUT,MIN_EXPANDED_SIZE,,,IN_PROGRESS,180.19027860699998,False,,
moreDetailedTest/0061.trace,moreDetailedTest,unconstrained,ATLAS-B,18,2,TIMEOUT,MIN_EXPANDED_SIZE,,,IN_PROGRESS,180.23746587099959,False,,
moreDetailedTest/0061.trace,moreDetailedTest,unconstrained,MacroATLAS,18,2,TIMEOUT,MIN_EXPANDED_SIZE,,,IN_PROGRESS,180.28214162699987,False,,
moreDetailedTest/0062.trace,moreDetailedTest,unconstrained,ATLAS-B,18,2,TIMEOUT,MIN_EXPANDED_SIZE,,,IN_PROGRESS,180.30743029699988,False,,
moreDetailedTest/0062.trace,moreDetailedTest,unconstrained,MacroATLAS,18,2,TIMEOUT,MIN_EXPANDED_SIZE,,,IN_PROGRESS,180.27889752400006,False,,
moreDetailedTest/0063.trace,moreDetailedTest,unconstrained,ATLAS-B,18,2,TIMEOUT,MIN_EXPANDED_SIZE,,,IN_PROGRESS,180.26077962,False,,
moreDetailedTest/0063.trace,moreDetailedTest,unconstrained,MacroATLAS,18,2,TIMEOUT,MIN_EXPANDED_SIZE,,,IN_PROGRESS,180.28608195900006,False,,
moreDetailedTest/0064.trace,moreDetailedTest,unconstrained,ATLAS-B,18,2,TIMEOUT,MIN_EXPANDED_SIZE,,,IN_PROGRESS,180.2510896299973,False,,
moreDetailedTest/0064.trace,moreDetailedTest,unconstrained,MacroATLAS,18,2,TIMEOUT,MIN_EXPANDED_SIZE,,,IN_PROGRESS,180.32849894900028,False,,
moreDetailedTest/0065.trace,moreDetailedTest,unconstrained,ATLAS-B,18,2,TIMEOUT,MIN_EXPANDED_SIZE,,,IN_PROGRESS,180.41010811499928,False,,
moreDetailedTest/0065.trace,moreDetailedTest,unconstrained,MacroATLAS,18,2,TIMEOUT,MIN_EXPANDED_SIZE,,,IN_PROGRESS,180.35976577100018,False,,
moreDetailedTest/0066.trace,moreDetailedTest,unconstrained,ATLAS-B,18,2,TIMEOUT,MIN_EXPANDED_SIZE,,,IN_PROGRESS,180.43932620800024,False,,
moreDetailedTest/0066.trace,moreDetailedTest,unconstrained,MacroATLAS,18,2,TIMEOUT,MIN_EXPANDED_SIZE,,,IN_PROGRESS,180.38880057699998,False,,
moreDetailedTest/0067.trace,moreDetailedTest,unconstrained,ATLAS-B,18,2,TIMEOUT,MIN_EXPANDED_SIZE,,,IN_PROGRESS,180.44966765299978,False,,
moreDetailedTest/0067.trace,moreDetailedTest,unconstrained,MacroATLAS,18,2,TIMEOUT,MIN_EXPANDED_SIZE,,,IN_PROGRESS,180.44718480600022,False,,
moreDetailedTest/0068.trace,moreDetailedTest,unconstrained,ATLAS-B,18,2,TIMEOUT,MIN_EXPANDED_SIZE,,,IN_PROGRESS,180.10945765500037,False,,
moreDetailedTest/0068.trace,moreDetailedTest,unconstrained,MacroATLAS,18,2,TIMEOUT,MIN_EXPANDED_SIZE,,,IN_PROGRESS,180.1612011090001,False,,
moreDetailedTest/0069.trace,moreDetailedTest,unconstrained,ATLAS-B,18,2,SAT,MIN_EXPANDED_SIZE,0,3,PASSED,2.6265669229997,True,True,True
moreDetailedTest/0069.trace,moreDetailedTest,unconstrained,MacroATLAS,18,2,SAT,MIN_EXPANDED_SIZE,0,3,PASSED,3.6709693829998287,True,True,True
moreDetailedTest/0070.trace,moreDetailedTest,unconstrained,ATLAS-B,18,2,TIMEOUT,MIN_EXPANDED_SIZE,,,IN_PROGRESS,180.15921600799993,False,,
moreDetailedTest/0070.trace,moreDetailedTest,unconstrained,MacroATLAS,18,2,TIMEOUT,MIN_EXPANDED_SIZE,,,IN_PROGRESS,180.16495919800036,False,,
moreDetailedTest/0071.trace,moreDetailedTest,unconstrained,ATLAS-B,67,2,TIMEOUT,MIN_EXPANDED_SIZE,,,IN_PROGRESS,180.1588065650003,False,,
moreDetailedTest/0071.trace,moreDetailedTest,unconstrained,MacroATLAS,67,2,TIMEOUT,MIN_EXPANDED_SIZE,,,IN_PROGRESS,180.2040046039997,False,,
moreDetailedTest/0072.trace,moreDetailedTest,unconstrained,ATLAS-B,67,2,SAT,MIN_EXPANDED_SIZE,0,2,PASSED,2.1381346109999413,True,True,True
moreDetailedTest/0072.trace,moreDetailedTest,unconstrained,MacroATLAS,67,2,SAT,MIN_EXPANDED_SIZE,0,2,PASSED,1.425777953000079,True,True,True
moreDetailedTest/0073.trace,moreDetailedTest,unconstrained,ATLAS-B,67,2,TIMEOUT,MIN_EXPANDED_SIZE,,,IN_PROGRESS,180.19864538299953,False,,
moreDetailedTest/0073.trace,moreDetailedTest,unconstrained,MacroATLAS,67,2,TIMEOUT,MIN_EXPANDED_SIZE,,,IN_PROGRESS,180.20900757599975,False,,
moreDetailedTest/0074.trace,moreDetailedTest,unconstrained,ATLAS-B,67,2,TIMEOUT,MIN_EXPANDED_SIZE,,,IN_PROGRESS,180.27136699099992,False,,
moreDetailedTest/0074.trace,moreDetailedTest,unconstrained,MacroATLAS,67,2,TIMEOUT,MIN_EXPANDED_SIZE,,,IN_PROGRESS,180.25408992399935,False,,
moreDetailedTest/0075.trace,moreDetailedTest,unconstrained,ATLAS-B,67,2,TIMEOUT,MIN_EXPANDED_SIZE,,,IN_PROGRESS,180.18552200199997,False,,
moreDetailedTest/0075.trace,moreDetailedTest,unconstrained,MacroATLAS,67,2,TIMEOUT,MIN_EXPANDED_SIZE,,,IN_PROGRESS,180.24252327499994,False,,
moreDetailedTest/0076.trace,moreDetailedTest,unconstrained,ATLAS-B,67,2,TIMEOUT,MIN_EXPANDED_SIZE,,,IN_PROGRESS,180.21804515500003,False,,
moreDetailedTest/0076.trace,moreDetailedTest,unconstrained,MacroATLAS,67,2,TIMEOUT,MIN_EXPANDED_SIZE,,,IN_PROGRESS,180.2140470639988,False,,
moreDetailedTest/0077.trace,moreDetailedTest,unconstrained,ATLAS-B,67,2,TIMEOUT,MIN_EXPANDED_SIZE,,,IN_PROGRESS,180.26913307500035,False,,
moreDetailedTest/0077.trace,moreDetailedTest,unconstrained,MacroATLAS,67,2,TIMEOUT,MIN_EXPANDED_SIZE,,,IN_PROGRESS,180.22492062499987,False,,
moreDetailedTest/0078.trace,moreDetailedTest,unconstrained,ATLAS-B,67,2,TIMEOUT,MIN_EXPANDED_SIZE,,,IN_PROGRESS,180.27302674800012,False,,
moreDetailedTest/0078.trace,moreDetailedTest,unconstrained,MacroATLAS,67,2,TIMEOUT,MIN_EXPANDED_SIZE,,,IN_PROGRESS,180.27054933099998,False,,
moreDetailedTest/0079.trace,moreDetailedTest,unconstrained,ATLAS-B,67,2,TIMEOUT,MIN_EXPANDED_SIZE,,,IN_PROGRESS,180.36192018200018,False,,
moreDetailedTest/0079.trace,moreDetailedTest,unconstrained,MacroATLAS,67,2,TIMEOUT,MIN_EXPANDED_SIZE,,,IN_PROGRESS,180.29223410300028,False,,
moreDetailedTest/0080.trace,moreDetailedTest,unconstrained,ATLAS-B,67,2,TIMEOUT,MIN_EXPANDED_SIZE,,,IN_PROGRESS,180.4166019690001,False,,
moreDetailedTest/0080.trace,moreDetailedTest,unconstrained,MacroATLAS,67,2,TIMEOUT,MIN_EXPANDED_SIZE,,,IN_PROGRESS,180.3693410800006,False,,
moreDetailedTest/0081.trace,moreDetailedTest,unconstrained,ATLAS-B,67,2,TIMEOUT,MIN_EXPANDED_SIZE,,,IN_PROGRESS,180.407286763,False,,
moreDetailedTest/0081.trace,moreDetailedTest,unconstrained,MacroATLAS,67,2,TIMEOUT,MIN_EXPANDED_SIZE,,,IN_PROGRESS,180.33850320800002,False,,
moreDetailedTest/0082.trace,moreDetailedTest,unconstrained,ATLAS-B,67,2,SAT,MIN_EXPANDED_SIZE,0,2,PASSED,6.461148594999031,True,True,True
moreDetailedTest/0082.trace,moreDetailedTest,unconstrained,MacroATLAS,67,2,SAT,MIN_EXPANDED_SIZE,0,2,PASSED,2.7936398299998473,True,True,True
moreDetailedTest/0083.trace,moreDetailedTest,unconstrained,ATLAS-B,67,2,SAT,MIN_EXPANDED_SIZE,0,2,PASSED,2.203022095000051,True,True,True
moreDetailedTest/0083.trace,moreDetailedTest,unconstrained,MacroATLAS,67,2,SAT,MIN_EXPANDED_SIZE,0,2,PASSED,1.8624068959998112,True,True,True
moreDetailedTest/0084.trace,moreDetailedTest,unconstrained,ATLAS-B,67,2,TIMEOUT,MIN_EXPANDED_SIZE,,,IN_PROGRESS,180.14800467199984,False,,
moreDetailedTest/0084.trace,moreDetailedTest,unconstrained,MacroATLAS,67,2,TIMEOUT,MIN_EXPANDED_SIZE,,,IN_PROGRESS,180.1220906909998,False,,
moreDetailedTest/0085.trace,moreDetailedTest,unconstrained,ATLAS-B,6,2,TIMEOUT,MIN_EXPANDED_SIZE,,,IN_PROGRESS,180.13136156899964,False,,
moreDetailedTest/0085.trace,moreDetailedTest,unconstrained,MacroATLAS,6,2,TIMEOUT,MIN_EXPANDED_SIZE,,,IN_PROGRESS,180.15220366500034,False,,
moreDetailedTest/0086.trace,moreDetailedTest,unconstrained,ATLAS-B,6,2,UNSAT,MIN_EXPANDED_SIZE,0,0,NOT_APPLICABLE_UNSAT,31.169175979999636,True,True,
moreDetailedTest/0086.trace,moreDetailedTest,unconstrained,MacroATLAS,6,2,UNSAT,MIN_EXPANDED_SIZE,0,0,NOT_APPLICABLE_UNSAT,18.102251484999215,True,True,
moreDetailedTest/0087.trace,moreDetailedTest,unconstrained,ATLAS-B,6,2,TIMEOUT,MIN_EXPANDED_SIZE,,,IN_PROGRESS,180.15482657899975,False,,
moreDetailedTest/0087.trace,moreDetailedTest,unconstrained,MacroATLAS,6,2,TIMEOUT,MIN_EXPANDED_SIZE,,,IN_PROGRESS,180.2280166649998,False,,
moreDetailedTest/0088.trace,moreDetailedTest,unconstrained,ATLAS-B,6,2,TIMEOUT,MIN_EXPANDED_SIZE,,,IN_PROGRESS,180.14748201200018,False,,
moreDetailedTest/0088.trace,moreDetailedTest,unconstrained,MacroATLAS,6,2,TIMEOUT,MIN_EXPANDED_SIZE,,,IN_PROGRESS,180.2412818970006,False,,
moreDetailedTest/0089.trace,moreDetailedTest,unconstrained,ATLAS-B,6,2,TIMEOUT,MIN_EXPANDED_SIZE,,,IN_PROGRESS,180.18836050500067,False,,
moreDetailedTest/0089.trace,moreDetailedTest,unconstrained,MacroATLAS,6,2,TIMEOUT,MIN_EXPANDED_SIZE,,,IN_PROGRESS,180.244282032,False,,
moreDetailedTest/0090.trace,moreDetailedTest,unconstrained,ATLAS-B,6,2,TIMEOUT,MIN_EXPANDED_SIZE,,,IN_PROGRESS,180.1767724680003,False,,
moreDetailedTest/0090.trace,moreDetailedTest,unconstrained,MacroATLAS,6,2,TIMEOUT,MIN_EXPANDED_SIZE,,,IN_PROGRESS,180.22906533900004,False,,
moreDetailedTest/0091.trace,moreDetailedTest,unconstrained,ATLAS-B,6,2,TIMEOUT,MIN_EXPANDED_SIZE,,,IN_PROGRESS,180.230808325,False,,
moreDetailedTest/0091.trace,moreDetailedTest,unconstrained,MacroATLAS,6,2,TIMEOUT,MIN_EXPANDED_SIZE,,,IN_PROGRESS,180.28521741400073,False,,
moreDetailedTest/0092.trace,moreDetailedTest,unconstrained,ATLAS-B,6,2,TIMEOUT,MIN_EXPANDED_SIZE,,,IN_PROGRESS,180.28853497400087,False,,
moreDetailedTest/0092.trace,moreDetailedTest,unconstrained,MacroATLAS,6,2,TIMEOUT,MIN_EXPANDED_SIZE,,,IN_PROGRESS,180.3056962339997,False,,
moreDetailedTest/0093.trace,moreDetailedTest,unconstrained,ATLAS-B,6,2,TIMEOUT,MIN_EXPANDED_SIZE,,,IN_PROGRESS,180.34635460499885,False,,
moreDetailedTest/0093.trace,moreDetailedTest,unconstrained,MacroATLAS,6,2,TIMEOUT,MIN_EXPANDED_SIZE,,,IN_PROGRESS,180.30362416999924,False,,
moreDetailedTest/0094.trace,moreDetailedTest,unconstrained,ATLAS-B,6,2,TIMEOUT,MIN_EXPANDED_SIZE,,,IN_PROGRESS,180.36760474200128,False,,
moreDetailedTest/0094.trace,moreDetailedTest,unconstrained,MacroATLAS,6,2,TIMEOUT,MIN_EXPANDED_SIZE,,,IN_PROGRESS,180.36207605600066,False,,
moreDetailedTest/0095.trace,moreDetailedTest,unconstrained,ATLAS-B,6,2,TIMEOUT,MIN_EXPANDED_SIZE,,,IN_PROGRESS,180.36527339399981,False,,
moreDetailedTest/0095.trace,moreDetailedTest,unconstrained,MacroATLAS,6,2,TIMEOUT,MIN_EXPANDED_SIZE,,,IN_PROGRESS,180.37333528099953,False,,
moreDetailedTest/0096.trace,moreDetailedTest,unconstrained,ATLAS-B,6,2,UNSAT,MIN_EXPANDED_SIZE,0,0,NOT_APPLICABLE_UNSAT,166.16978698799994,True,True,
moreDetailedTest/0096.trace,moreDetailedTest,unconstrained,MacroATLAS,6,2,UNSAT,MIN_EXPANDED_SIZE,0,0,NOT_APPLICABLE_UNSAT,93.75025951800035,True,True,
moreDetailedTest/0097.trace,moreDetailedTest,unconstrained,ATLAS-B,6,2,SAT,MIN_EXPANDED_SIZE,0,5,PASSED,3.1910954710001533,True,True,True
moreDetailedTest/0097.trace,moreDetailedTest,unconstrained,MacroATLAS,6,2,SAT,MIN_EXPANDED_SIZE,0,5,PASSED,4.406787644998985,True,True,True
moreDetailedTest/0098.trace,moreDetailedTest,unconstrained,ATLAS-B,6,2,TIMEOUT,MIN_EXPANDED_SIZE,,,IN_PROGRESS,180.07755687100007,False,,
moreDetailedTest/0098.trace,moreDetailedTest,unconstrained,MacroATLAS,6,2,UNSAT,MIN_EXPANDED_SIZE,0,0,NOT_APPLICABLE_UNSAT,146.2663808010002,False,,
moreDetailedTest/0099.trace,moreDetailedTest,unconstrained,ATLAS-B,3,2,SAT,MIN_EXPANDED_SIZE,0,2,PASSED,6.929763037999692,True,True,True
moreDetailedTest/0099.trace,moreDetailedTest,unconstrained,MacroATLAS,3,2,SAT,MIN_EXPANDED_SIZE,0,2,PASSED,3.1329706470005476,True,True,True
moreDetailedTest/0100.trace,moreDetailedTest,unconstrained,ATLAS-B,3,2,SAT,MIN_EXPANDED_SIZE,0,2,PASSED,1.4104608640009246,True,True,True
moreDetailedTest/0100.trace,moreDetailedTest,unconstrained,MacroATLAS,3,2,SAT,MIN_EXPANDED_SIZE,0,2,PASSED,1.4343860150002001,True,True,True
moreDetailedTest/0101.trace,moreDetailedTest,unconstrained,ATLAS-B,3,2,SAT,MIN_EXPANDED_SIZE,0,2,PASSED,6.577734794999742,True,True,True
moreDetailedTest/0101.trace,moreDetailedTest,unconstrained,MacroATLAS,3,2,SAT,MIN_EXPANDED_SIZE,0,2,PASSED,3.6452425389998098,True,True,True
moreDetailedTest/0102.trace,moreDetailedTest,unconstrained,ATLAS-B,3,2,SAT,MIN_EXPANDED_SIZE,0,2,PASSED,7.202557722001075,True,True,True
moreDetailedTest/0102.trace,moreDetailedTest,unconstrained,MacroATLAS,3,2,SAT,MIN_EXPANDED_SIZE,0,2,PASSED,4.270160213998679,True,True,True
moreDetailedTest/0103.trace,moreDetailedTest,unconstrained,ATLAS-B,3,2,SAT,MIN_EXPANDED_SIZE,0,2,PASSED,8.162402303999897,True,True,True
moreDetailedTest/0103.trace,moreDetailedTest,unconstrained,MacroATLAS,3,2,SAT,MIN_EXPANDED_SIZE,0,2,PASSED,4.50767174000066,True,True,True
moreDetailedTest/0104.trace,moreDetailedTest,unconstrained,ATLAS-B,3,2,SAT,MIN_EXPANDED_SIZE,0,2,PASSED,8.911434549999285,True,True,True
moreDetailedTest/0104.trace,moreDetailedTest,unconstrained,MacroATLAS,3,2,SAT,MIN_EXPANDED_SIZE,0,2,PASSED,4.727949147998515,True,True,True
moreDetailedTest/0105.trace,moreDetailedTest,unconstrained,ATLAS-B,3,2,SAT,MIN_EXPANDED_SIZE,0,2,PASSED,10.578458604999469,True,True,True
moreDetailedTest/0105.trace,moreDetailedTest,unconstrained,MacroATLAS,3,2,SAT,MIN_EXPANDED_SIZE,0,2,PASSED,5.625441534000856,True,True,True
moreDetailedTest/0106.trace,moreDetailedTest,unconstrained,ATLAS-B,3,2,SAT,MIN_EXPANDED_SIZE,0,2,PASSED,13.422147918998235,True,True,True
moreDetailedTest/0106.trace,moreDetailedTest,unconstrained,MacroATLAS,3,2,SAT,MIN_EXPANDED_SIZE,0,2,PASSED,6.880458786999952,True,True,True
moreDetailedTest/0107.trace,moreDetailedTest,unconstrained,ATLAS-B,3,2,SAT,MIN_EXPANDED_SIZE,0,2,PASSED,15.323466912000185,True,True,True
moreDetailedTest/0107.trace,moreDetailedTest,unconstrained,MacroATLAS,3,2,SAT,MIN_EXPANDED_SIZE,0,2,PASSED,6.873669212000095,True,True,True
moreDetailedTest/0108.trace,moreDetailedTest,unconstrained,ATLAS-B,3,2,SAT,MIN_EXPANDED_SIZE,0,2,PASSED,18.943341460000738,True,True,True
moreDetailedTest/0108.trace,moreDetailedTest,unconstrained,MacroATLAS,3,2,SAT,MIN_EXPANDED_SIZE,0,2,PASSED,7.319797037000171,True,True,True
moreDetailedTest/0109.trace,moreDetailedTest,unconstrained,ATLAS-B,3,2,SAT,MIN_EXPANDED_SIZE,0,2,PASSED,23.651618105000125,True,True,True
moreDetailedTest/0109.trace,moreDetailedTest,unconstrained,MacroATLAS,3,2,SAT,MIN_EXPANDED_SIZE,0,2,PASSED,10.46531372499885,True,True,True
moreDetailedTest/0110.trace,moreDetailedTest,unconstrained,ATLAS-B,3,2,SAT,MIN_EXPANDED_SIZE,0,2,PASSED,4.176469800000632,True,True,True
moreDetailedTest/0110.trace,moreDetailedTest,unconstrained,MacroATLAS,3,2,SAT,MIN_EXPANDED_SIZE,0,2,PASSED,2.431972821999807,True,True,True
moreDetailedTest/0111.trace,moreDetailedTest,unconstrained,ATLAS-B,3,2,SAT,MIN_EXPANDED_SIZE,0,2,PASSED,1.0656561859996145,True,True,True
moreDetailedTest/0111.trace,moreDetailedTest,unconstrained,MacroATLAS,3,2,SAT,MIN_EXPANDED_SIZE,0,2,PASSED,1.194784436000191,True,True,True
moreDetailedTest/0112.trace,moreDetailedTest,unconstrained,ATLAS-B,3,2,SAT,MIN_EXPANDED_SIZE,0,2,PASSED,4.104308404999983,True,True,True
moreDetailedTest/0112.trace,moreDetailedTest,unconstrained,MacroATLAS,3,2,SAT,MIN_EXPANDED_SIZE,0,2,PASSED,2.8974080339994543,True,True,True
moreDetailedTest/0113.trace,moreDetailedTest,unconstrained,ATLAS-B,10,2,SAT,MIN_EXPANDED_SIZE,0,5,PASSED,17.58868791199893,True,True,True
moreDetailedTest/0113.trace,moreDetailedTest,unconstrained,MacroATLAS,10,2,SAT,MIN_EXPANDED_SIZE,0,5,PASSED,76.39208212300036,True,True,True
moreDetailedTest/0114.trace,moreDetailedTest,unconstrained,ATLAS-B,10,2,SAT,MIN_EXPANDED_SIZE,0,5,PASSED,2.941012008999678,True,True,True
moreDetailedTest/0114.trace,moreDetailedTest,unconstrained,MacroATLAS,10,2,SAT,MIN_EXPANDED_SIZE,0,5,PASSED,8.96951388799971,True,True,True
moreDetailedTest/0115.trace,moreDetailedTest,unconstrained,ATLAS-B,10,2,SAT,MIN_EXPANDED_SIZE,0,5,PASSED,22.3310127069999,True,True,True
moreDetailedTest/0115.trace,moreDetailedTest,unconstrained,MacroATLAS,10,2,SAT,MIN_EXPANDED_SIZE,0,5,PASSED,92.88014847400063,True,True,True
moreDetailedTest/0116.trace,moreDetailedTest,unconstrained,ATLAS-B,10,2,SAT,MIN_EXPANDED_SIZE,0,5,PASSED,25.906818114999624,True,True,True
moreDetailedTest/0116.trace,moreDetailedTest,unconstrained,MacroATLAS,10,2,SAT,MIN_EXPANDED_SIZE,0,5,PASSED,155.77434688799985,True,True,True
moreDetailedTest/0117.trace,moreDetailedTest,unconstrained,ATLAS-B,10,2,TIMEOUT,MIN_EXPANDED_SIZE,,,IN_PROGRESS,180.28678578899962,False,,
moreDetailedTest/0117.trace,moreDetailedTest,unconstrained,MacroATLAS,10,2,SAT,MIN_EXPANDED_SIZE,0,5,PASSED,134.84089168599894,False,,
moreDetailedTest/0118.trace,moreDetailedTest,unconstrained,ATLAS-B,10,2,SAT,MIN_EXPANDED_SIZE,0,5,PASSED,41.90861274500094,True,True,True
moreDetailedTest/0118.trace,moreDetailedTest,unconstrained,MacroATLAS,10,2,SAT,MIN_EXPANDED_SIZE,0,5,PASSED,146.7992238349998,True,True,True
moreDetailedTest/0119.trace,moreDetailedTest,unconstrained,ATLAS-B,10,2,SAT,MIN_EXPANDED_SIZE,0,5,PASSED,54.299860861000525,True,True,True
moreDetailedTest/0119.trace,moreDetailedTest,unconstrained,MacroATLAS,10,2,SAT,MIN_EXPANDED_SIZE,0,5,PASSED,154.29147168800046,True,True,True
moreDetailedTest/0120.trace,moreDetailedTest,unconstrained,ATLAS-B,10,2,SAT,MIN_EXPANDED_SIZE,0,5,PASSED,54.05669712999952,False,,
moreDetailedTest/0120.trace,moreDetailedTest,unconstrained,MacroATLAS,10,2,TIMEOUT,MIN_EXPANDED_SIZE,,,IN_PROGRESS,180.31455385200024,False,,
moreDetailedTest/0121.trace,moreDetailedTest,unconstrained,ATLAS-B,10,2,SAT,MIN_EXPANDED_SIZE,0,5,PASSED,66.81539819200043,False,,
moreDetailedTest/0121.trace,moreDetailedTest,unconstrained,MacroATLAS,10,2,TIMEOUT,MIN_EXPANDED_SIZE,,,IN_PROGRESS,180.38247305299956,False,,
moreDetailedTest/0122.trace,moreDetailedTest,unconstrained,ATLAS-B,10,2,TIMEOUT,MIN_EXPANDED_SIZE,,,IN_PROGRESS,180.47865354500027,False,,
moreDetailedTest/0122.trace,moreDetailedTest,unconstrained,MacroATLAS,10,2,TIMEOUT,MIN_EXPANDED_SIZE,,,IN_PROGRESS,180.35076538800058,False,,
moreDetailedTest/0123.trace,moreDetailedTest,unconstrained,ATLAS-B,10,2,SAT,MIN_EXPANDED_SIZE,0,5,PASSED,102.15460062700004,False,,
moreDetailedTest/0123.trace,moreDetailedTest,unconstrained,MacroATLAS,10,2,TIMEOUT,MIN_EXPANDED_SIZE,,,IN_PROGRESS,180.49457339199944,False,,
moreDetailedTest/0124.trace,moreDetailedTest,unconstrained,ATLAS-B,10,2,SAT,MIN_EXPANDED_SIZE,0,5,PASSED,10.363501521999751,True,True,True
moreDetailedTest/0124.trace,moreDetailedTest,unconstrained,MacroATLAS,10,2,SAT,MIN_EXPANDED_SIZE,0,5,PASSED,25.402287514000136,True,True,True
moreDetailedTest/0125.trace,moreDetailedTest,unconstrained,ATLAS-B,10,2,SAT,MIN_EXPANDED_SIZE,0,3,PASSED,1.6472085069999594,True,True,True
moreDetailedTest/0125.trace,moreDetailedTest,unconstrained,MacroATLAS,10,2,SAT,MIN_EXPANDED_SIZE,0,3,PASSED,3.046796437000012,True,True,True
moreDetailedTest/0126.trace,moreDetailedTest,unconstrained,ATLAS-B,10,2,SAT,MIN_EXPANDED_SIZE,0,5,PASSED,12.238651998000933,True,True,True
moreDetailedTest/0126.trace,moreDetailedTest,unconstrained,MacroATLAS,10,2,SAT,MIN_EXPANDED_SIZE,0,5,PASSED,55.87783817200034,True,True,True
peterson/base/liveness1.trace,peterson,constrained,ATLAS-B,18,2,SAT,MIN_EXPANDED_SIZE,0,5,PASSED,25.709312563998537,True,True,True
peterson/base/liveness1.trace,peterson,constrained,MacroATLAS,18,2,SAT,MIN_EXPANDED_SIZE,0,5,PASSED,5.985699113999999,True,True,True
peterson/base/liveness2.trace,peterson,constrained,ATLAS-B,18,2,SAT,MIN_EXPANDED_SIZE,0,5,PASSED,26.15799219499968,True,True,True
peterson/base/liveness2.trace,peterson,constrained,MacroATLAS,18,2,SAT,MIN_EXPANDED_SIZE,0,5,PASSED,6.114912732000448,True,True,True
peterson/base/liveness3.trace,peterson,constrained,ATLAS-B,18,2,SAT,MIN_EXPANDED_SIZE,0,5,PASSED,26.712349184999766,True,True,True
peterson/base/liveness3.trace,peterson,constrained,MacroATLAS,18,2,SAT,MIN_EXPANDED_SIZE,0,5,PASSED,6.123145049000414,True,True,True
peterson/base/liveness4.trace,peterson,constrained,ATLAS-B,18,2,SAT,MIN_EXPANDED_SIZE,0,5,PASSED,24.95080243400116,True,True,True
peterson/base/liveness4.trace,peterson,constrained,MacroATLAS,18,2,SAT,MIN_EXPANDED_SIZE,0,5,PASSED,5.784782738000104,True,True,True
peterson/base/liveness5.trace,peterson,constrained,ATLAS-B,18,2,SAT,MIN_EXPANDED_SIZE,0,5,PASSED,26.223560737000298,True,True,True
peterson/base/liveness5.trace,peterson,constrained,MacroATLAS,18,2,SAT,MIN_EXPANDED_SIZE,0,5,PASSED,6.570341929999813,True,True,True
peterson/base/safety1.trace,peterson,constrained,ATLAS-B,18,2,SAT,MIN_EXPANDED_SIZE,0,5,PASSED,25.75319298500108,True,True,True
peterson/base/safety1.trace,peterson,constrained,MacroATLAS,18,2,SAT,MIN_EXPANDED_SIZE,0,5,PASSED,5.820612312999856,True,True,True
peterson/base/safety2.trace,peterson,constrained,ATLAS-B,18,2,SAT,MIN_EXPANDED_SIZE,0,5,PASSED,28.0919248969999,True,True,True
peterson/base/safety2.trace,peterson,constrained,MacroATLAS,18,2,SAT,MIN_EXPANDED_SIZE,0,5,PASSED,4.976538248998622,True,True,True
peterson/base/safety3.trace,peterson,constrained,ATLAS-B,18,2,SAT,MIN_EXPANDED_SIZE,0,5,PASSED,24.709001135000108,True,True,True
peterson/base/safety3.trace,peterson,constrained,MacroATLAS,18,2,SAT,MIN_EXPANDED_SIZE,0,5,PASSED,7.630517549000615,True,True,True
peterson/base/safety4.trace,peterson,constrained,ATLAS-B,18,2,SAT,MIN_EXPANDED_SIZE,0,5,PASSED,26.607173331998638,True,True,True
peterson/base/safety4.trace,peterson,constrained,MacroATLAS,18,2,SAT,MIN_EXPANDED_SIZE,0,5,PASSED,5.321865072000037,True,True,True
peterson/base/safety5.trace,peterson,constrained,ATLAS-B,18,2,SAT,MIN_EXPANDED_SIZE,0,5,PASSED,25.717594960000497,True,True,True
peterson/base/safety5.trace,peterson,constrained,MacroATLAS,18,2,SAT,MIN_EXPANDED_SIZE,0,5,PASSED,5.541204862000086,True,True,True
peterson/constrained/liveness1.trace,peterson,constrained,ATLAS-B,18,2,SAT,MIN_EXPANDED_SIZE,0,5,PASSED,25.64450266699896,True,True,True
peterson/constrained/liveness1.trace,peterson,constrained,MacroATLAS,18,2,SAT,MIN_EXPANDED_SIZE,0,5,PASSED,12.030979913999545,True,True,True
peterson/constrained/liveness2.trace,peterson,constrained,ATLAS-B,18,2,SAT,MIN_EXPANDED_SIZE,0,5,PASSED,26.788586227999986,True,True,True
peterson/constrained/liveness2.trace,peterson,constrained,MacroATLAS,18,2,SAT,MIN_EXPANDED_SIZE,0,5,PASSED,11.480493129000024,True,True,True
peterson/constrained/liveness3.trace,peterson,constrained,ATLAS-B,18,2,SAT,MIN_EXPANDED_SIZE,0,5,PASSED,26.845516776000295,True,True,True
peterson/constrained/liveness3.trace,peterson,constrained,MacroATLAS,18,2,SAT,MIN_EXPANDED_SIZE,0,5,PASSED,12.491784791999635,True,True,True
peterson/constrained/liveness4.trace,peterson,constrained,ATLAS-B,18,2,SAT,MIN_EXPANDED_SIZE,0,5,PASSED,26.45402046399977,True,True,True
peterson/constrained/liveness4.trace,peterson,constrained,MacroATLAS,18,2,SAT,MIN_EXPANDED_SIZE,0,5,PASSED,11.2997273710007,True,True,True
peterson/constrained/liveness5.trace,peterson,constrained,ATLAS-B,18,2,SAT,MIN_EXPANDED_SIZE,0,5,PASSED,24.25184584999988,True,True,True
peterson/constrained/liveness5.trace,peterson,constrained,MacroATLAS,18,2,SAT,MIN_EXPANDED_SIZE,0,5,PASSED,12.068283254000562,True,True,True
peterson/constrained/safety1.trace,peterson,constrained,ATLAS-B,18,2,SAT,MIN_EXPANDED_SIZE,0,5,PASSED,24.937815751000016,True,True,True
peterson/constrained/safety1.trace,peterson,constrained,MacroATLAS,18,2,SAT,MIN_EXPANDED_SIZE,0,5,PASSED,5.203213324000217,True,True,True
peterson/constrained/safety2.trace,peterson,constrained,ATLAS-B,18,2,SAT,MIN_EXPANDED_SIZE,0,5,PASSED,24.784963290000178,True,True,True
peterson/constrained/safety2.trace,peterson,constrained,MacroATLAS,18,2,SAT,MIN_EXPANDED_SIZE,0,5,PASSED,5.462294387998554,True,True,True
peterson/constrained/safety3.trace,peterson,constrained,ATLAS-B,18,2,SAT,MIN_EXPANDED_SIZE,0,5,PASSED,23.725746297000114,True,True,True
peterson/constrained/safety3.trace,peterson,constrained,MacroATLAS,18,2,SAT,MIN_EXPANDED_SIZE,0,5,PASSED,5.121773918999679,True,True,True
peterson/constrained/safety4.trace,peterson,constrained,ATLAS-B,18,2,SAT,MIN_EXPANDED_SIZE,0,5,PASSED,26.31148721199952,True,True,True
peterson/constrained/safety4.trace,peterson,constrained,MacroATLAS,18,2,SAT,MIN_EXPANDED_SIZE,0,5,PASSED,5.182268814999588,True,True,True
peterson/constrained/safety5.trace,peterson,constrained,ATLAS-B,18,2,SAT,MIN_EXPANDED_SIZE,0,5,PASSED,24.873365465999996,True,True,True
peterson/constrained/safety5.trace,peterson,constrained,MacroATLAS,18,2,SAT,MIN_EXPANDED_SIZE,0,5,PASSED,5.103181526999833,True,True,True
peterson/extra_traces/liveness1.trace,peterson,constrained,ATLAS-B,18,2,SAT,MIN_EXPANDED_SIZE,0,5,PASSED,36.576665675000186,True,True,True
peterson/extra_traces/liveness1.trace,peterson,constrained,MacroATLAS,18,2,SAT,MIN_EXPANDED_SIZE,0,5,PASSED,7.4237762520001525,True,True,True
peterson/extra_traces/liveness2.trace,peterson,constrained,ATLAS-B,18,2,SAT,MIN_EXPANDED_SIZE,0,5,PASSED,34.885065747000226,True,True,True
peterson/extra_traces/liveness2.trace,peterson,constrained,MacroATLAS,18,2,SAT,MIN_EXPANDED_SIZE,0,5,PASSED,7.238057173000016,True,True,True
peterson/extra_traces/liveness3.trace,peterson,constrained,ATLAS-B,18,2,SAT,MIN_EXPANDED_SIZE,0,5,PASSED,49.09559055200043,True,True,True
peterson/extra_traces/liveness3.trace,peterson,constrained,MacroATLAS,18,2,SAT,MIN_EXPANDED_SIZE,0,5,PASSED,6.748677035000583,True,True,True
peterson/extra_traces/liveness4.trace,peterson,constrained,ATLAS-B,18,2,SAT,MIN_EXPANDED_SIZE,0,5,PASSED,33.51510990499992,True,True,True
peterson/extra_traces/liveness4.trace,peterson,constrained,MacroATLAS,18,2,SAT,MIN_EXPANDED_SIZE,0,5,PASSED,7.56093718000011,True,True,True
peterson/extra_traces/liveness5.trace,peterson,constrained,ATLAS-B,18,2,SAT,MIN_EXPANDED_SIZE,0,5,PASSED,35.45602031499948,True,True,True
peterson/extra_traces/liveness5.trace,peterson,constrained,MacroATLAS,18,2,SAT,MIN_EXPANDED_SIZE,0,5,PASSED,6.4075061040002765,True,True,True
peterson/extra_traces/safety1.trace,peterson,constrained,ATLAS-B,18,2,SAT,MIN_EXPANDED_SIZE,0,5,PASSED,36.881664514001386,True,True,True
peterson/extra_traces/safety1.trace,peterson,constrained,MacroATLAS,18,2,SAT,MIN_EXPANDED_SIZE,0,5,PASSED,6.1449971150004785,True,True,True
peterson/extra_traces/safety2.trace,peterson,constrained,ATLAS-B,18,2,SAT,MIN_EXPANDED_SIZE,0,5,PASSED,39.92100168199977,True,True,True
peterson/extra_traces/safety2.trace,peterson,constrained,MacroATLAS,18,2,SAT,MIN_EXPANDED_SIZE,0,5,PASSED,5.3746500669985835,True,True,True
peterson/extra_traces/safety3.trace,peterson,constrained,ATLAS-B,18,2,SAT,MIN_EXPANDED_SIZE,0,5,PASSED,39.256193062999955,True,True,True
peterson/extra_traces/safety3.trace,peterson,constrained,MacroATLAS,18,2,SAT,MIN_EXPANDED_SIZE,0,5,PASSED,6.5183341090000795,True,True,True
peterson/extra_traces/safety4.trace,peterson,constrained,ATLAS-B,18,2,SAT,MIN_EXPANDED_SIZE,0,5,PASSED,35.326273703999505,True,True,True
peterson/extra_traces/safety4.trace,peterson,constrained,MacroATLAS,18,2,SAT,MIN_EXPANDED_SIZE,0,5,PASSED,7.078585896999357,True,True,True
peterson/extra_traces/safety5.trace,peterson,constrained,ATLAS-B,18,2,SAT,MIN_EXPANDED_SIZE,0,5,PASSED,37.655127537000226,True,True,True
peterson/extra_traces/safety5.trace,peterson,constrained,MacroATLAS,18,2,SAT,MIN_EXPANDED_SIZE,0,5,PASSED,6.703059300998575,True,True,True
robot/RAtrace/final21.trace,robot,constrained,ATLAS-B,2050,2,SAT,REPAIR,5,9,PASSED,39.878172465000716,True,True,True
robot/RAtrace/final21.trace,robot,constrained,MacroATLAS,2050,2,SAT,REPAIR,5,9,PASSED,5.541959116000044,True,True,True
robot/RAtrace/final22.trace,robot,constrained,ATLAS-B,2050,2,SAT,REPAIR,5,9,PASSED,55.67867275699973,True,True,True
robot/RAtrace/final22.trace,robot,constrained,MacroATLAS,2050,2,SAT,REPAIR,5,9,PASSED,5.486362595000173,True,True,True
robot/RAtrace/final3.trace,robot,constrained,ATLAS-B,2050,2,SAT,REPAIR,5,9,PASSED,25.113147836999815,True,True,True
robot/RAtrace/final3.trace,robot,constrained,MacroATLAS,2050,2,SAT,REPAIR,5,9,PASSED,4.778029994000008,True,True,True
robot/RAtrace/final4.trace,robot,constrained,ATLAS-B,2050,2,SAT,REPAIR,5,9,PASSED,78.07115962399985,True,True,True
robot/RAtrace/final4.trace,robot,constrained,MacroATLAS,2050,2,SAT,REPAIR,5,9,PASSED,6.296080126000106,True,True,True
robot/RAtrace/final42.trace,robot,constrained,ATLAS-B,2050,2,SAT,REPAIR,5,9,PASSED,29.82538874400052,True,True,True
robot/RAtrace/final42.trace,robot,constrained,MacroATLAS,2050,2,SAT,REPAIR,5,9,PASSED,5.843949721000172,True,True,True
robot/RAtrace/final43.trace,robot,constrained,ATLAS-B,2050,2,SAT,REPAIR,5,9,PASSED,33.921658107999974,True,True,True
robot/RAtrace/final43.trace,robot,constrained,MacroATLAS,2050,2,SAT,REPAIR,5,9,PASSED,6.007137181999951,True,True,True
robot/RAtrace/final44.trace,robot,constrained,ATLAS-B,2050,2,SAT,REPAIR,5,9,PASSED,38.99752154399994,True,True,True
robot/RAtrace/final44.trace,robot,constrained,MacroATLAS,2050,2,SAT,REPAIR,5,9,PASSED,6.133647850999978,True,True,True
robot/RAtrace/final45.trace,robot,constrained,ATLAS-B,2050,2,SAT,REPAIR,5,9,PASSED,58.58734307699979,True,True,True
robot/RAtrace/final45.trace,robot,constrained,MacroATLAS,2050,2,SAT,REPAIR,5,9,PASSED,7.497137417999966,True,True,True
robot/RAtrace/final46.trace,robot,constrained,ATLAS-B,2050,2,SAT,REPAIR,5,9,PASSED,68.68250772200008,True,True,True
robot/RAtrace/final46.trace,robot,constrained,MacroATLAS,2050,2,SAT,REPAIR,5,9,PASSED,6.910906102000354,True,True,True
robot/RAtrace/final47.trace,robot,constrained,ATLAS-B,2050,2,SAT,REPAIR,5,9,PASSED,129.72768607499893,True,True,True
robot/RAtrace/final47.trace,robot,constrained,MacroATLAS,2050,2,SAT,REPAIR,5,9,PASSED,9.106157325999902,True,True,True
robot/RRtrace/order.trace,robot,constrained,ATLAS-B,1026,2,SAT,REPAIR,4,9,PASSED,52.29708715800007,True,True,True
robot/RRtrace/order.trace,robot,constrained,MacroATLAS,1026,2,SAT,REPAIR,4,9,PASSED,5.292707224999958,True,True,True
robot/RRtrace/order1.trace,robot,constrained,ATLAS-B,2050,2,SAT,REPAIR,4,9,PASSED,28.05210994700019,True,True,True
robot/RRtrace/order1.trace,robot,constrained,MacroATLAS,2050,2,SAT,REPAIR,4,9,PASSED,6.600154475999943,True,True,True
robot/RRtrace/order10.trace,robot,constrained,ATLAS-B,2050,2,SAT,REPAIR,4,9,PASSED,121.56465527899991,True,True,True
robot/RRtrace/order10.trace,robot,constrained,MacroATLAS,2050,2,SAT,REPAIR,4,9,PASSED,8.144301840000026,True,True,True
robot/RRtrace/order2.trace,robot,constrained,ATLAS-B,2050,2,SAT,REPAIR,4,9,PASSED,74.3256637530003,True,True,True
robot/RRtrace/order2.trace,robot,constrained,MacroATLAS,2050,2,SAT,REPAIR,4,9,PASSED,6.293498623999994,True,True,True
robot/RRtrace/order4.trace,robot,constrained,ATLAS-B,2050,2,SAT,REPAIR,4,9,PASSED,37.477542833999905,True,True,True
robot/RRtrace/order4.trace,robot,constrained,MacroATLAS,2050,2,SAT,REPAIR,4,9,PASSED,5.366064696999956,True,True,True
robot/RRtrace/order5.trace,robot,constrained,ATLAS-B,2050,2,SAT,REPAIR,4,9,PASSED,65.21437024100032,True,True,True
robot/RRtrace/order5.trace,robot,constrained,MacroATLAS,2050,2,SAT,REPAIR,4,9,PASSED,6.1977139979999265,True,True,True
robot/RRtrace/order6.trace,robot,constrained,ATLAS-B,2050,2,SAT,REPAIR,4,9,PASSED,146.02459813099995,True,True,True
robot/RRtrace/order6.trace,robot,constrained,MacroATLAS,2050,2,SAT,REPAIR,4,9,PASSED,6.9141399390000515,True,True,True
robot/RRtrace/order7.trace,robot,constrained,ATLAS-B,2050,2,SAT,REPAIR,4,9,PASSED,71.53566681700022,True,True,True
robot/RRtrace/order7.trace,robot,constrained,MacroATLAS,2050,2,SAT,REPAIR,4,9,PASSED,7.20562554900016,True,True,True
robot/RRtrace/order8.trace,robot,constrained,ATLAS-B,2050,2,SAT,REPAIR,4,9,PASSED,130.61425721399974,True,True,True
robot/RRtrace/order8.trace,robot,constrained,MacroATLAS,2050,2,SAT,REPAIR,4,9,PASSED,7.308927749999839,True,True,True
robot/RRtrace/order9.trace,robot,constrained,ATLAS-B,2050,2,SAT,REPAIR,4,9,PASSED,96.42840939400003,True,True,True
robot/RRtrace/order9.trace,robot,constrained,MacroATLAS,2050,2,SAT,REPAIR,4,9,PASSED,8.28927133499974,True,True,True
voting_machine/voting10.trace,voting_machine,constrained,ATLAS-B,13,2,SAT,MIN_EXPANDED_SIZE,0,4,PASSED,7.392080935000195,True,True,True
voting_machine/voting10.trace,voting_machine,constrained,MacroATLAS,13,2,SAT,MIN_EXPANDED_SIZE,0,4,PASSED,3.7085499009999694,True,True,True
voting_machine/voting13.trace,voting_machine,constrained,ATLAS-B,13,2,SAT,MIN_EXPANDED_SIZE,0,4,PASSED,6.852224071000819,True,True,True
voting_machine/voting13.trace,voting_machine,constrained,MacroATLAS,13,2,SAT,MIN_EXPANDED_SIZE,0,4,PASSED,4.894352988000037,True,True,True
voting_machine/voting14.trace,voting_machine,constrained,ATLAS-B,13,2,SAT,MIN_EXPANDED_SIZE,0,4,PASSED,3.2004176059999736,True,True,True
voting_machine/voting14.trace,voting_machine,constrained,MacroATLAS,13,2,SAT,MIN_EXPANDED_SIZE,0,4,PASSED,3.121300023999993,True,True,True
voting_machine/voting2.trace,voting_machine,constrained,ATLAS-B,13,2,SAT,MIN_EXPANDED_SIZE,0,4,PASSED,3.315652612998747,True,True,True
voting_machine/voting2.trace,voting_machine,constrained,MacroATLAS,13,2,SAT,MIN_EXPANDED_SIZE,0,4,PASSED,2.6597095990000525,True,True,True
voting_machine/voting3.trace,voting_machine,constrained,ATLAS-B,13,2,SAT,MIN_EXPANDED_SIZE,0,4,PASSED,14.770442516999537,True,True,True
voting_machine/voting3.trace,voting_machine,constrained,MacroATLAS,13,2,SAT,MIN_EXPANDED_SIZE,0,4,PASSED,4.550019324000004,True,True,True
voting_machine/voting4.trace,voting_machine,constrained,ATLAS-B,13,2,SAT,MIN_EXPANDED_SIZE,0,4,PASSED,4.737305988001026,True,True,True
voting_machine/voting4.trace,voting_machine,constrained,MacroATLAS,13,2,SAT,MIN_EXPANDED_SIZE,0,4,PASSED,4.337683045999256,True,True,True
voting_machine/voting5.trace,voting_machine,constrained,ATLAS-B,13,2,SAT,MIN_EXPANDED_SIZE,0,4,PASSED,3.719966689001012,True,True,True
voting_machine/voting5.trace,voting_machine,constrained,MacroATLAS,13,2,SAT,MIN_EXPANDED_SIZE,0,4,PASSED,3.5335910140001943,True,True,True
voting_machine/voting7.trace,voting_machine,constrained,ATLAS-B,13,2,SAT,MIN_EXPANDED_SIZE,0,4,PASSED,7.174812068999927,True,True,True
voting_machine/voting7.trace,voting_machine,constrained,MacroATLAS,13,2,SAT,MIN_EXPANDED_SIZE,0,4,PASSED,4.267874292999977,True,True,True
voting_machine/voting8.trace,voting_machine,constrained,ATLAS-B,13,2,SAT,MIN_EXPANDED_SIZE,0,4,PASSED,11.363450763999936,True,True,True
voting_machine/voting8.trace,voting_machine,constrained,MacroATLAS,13,2,SAT,MIN_EXPANDED_SIZE,0,4,PASSED,5.092135138999993,True,True,True
voting_machine/voting9.trace,voting_machine,constrained,ATLAS-B,13,2,SAT,MIN_EXPANDED_SIZE,0,4,PASSED,5.561248562999026,True,True,True
voting_machine/voting9.trace,voting_machine,constrained,MacroATLAS,13,2,SAT,MIN_EXPANDED_SIZE,0,4,PASSED,4.245404414999939,True,True,True
weakening/weaken_antecedent/weaken_antecedent_100_10_10.trace,weakening,constrained,ATLAS-B,10,2,TIMEOUT,MIN_EXPANDED_SIZE,,,IN_PROGRESS,180.301469386,False,,
weakening/weaken_antecedent/weaken_antecedent_100_10_10.trace,weakening,constrained,MacroATLAS,10,2,SAT,MIN_EXPANDED_SIZE,0,6,PASSED,34.23740306699983,False,,
weakening/weaken_antecedent/weaken_antecedent_10_100_100.trace,weakening,constrained,ATLAS-B,10,2,SAT,MIN_EXPANDED_SIZE,0,6,PASSED,16.371427246000167,True,True,True
weakening/weaken_antecedent/weaken_antecedent_10_100_100.trace,weakening,constrained,MacroATLAS,10,2,SAT,MIN_EXPANDED_SIZE,0,6,PASSED,32.556814698999915,True,True,True
weakening/weaken_antecedent/weaken_antecedent_10_10_10.trace,weakening,constrained,ATLAS-B,10,2,SAT,MIN_EXPANDED_SIZE,0,6,PASSED,2.719644610999694,True,True,True
weakening/weaken_antecedent/weaken_antecedent_10_10_10.trace,weakening,constrained,MacroATLAS,10,2,SAT,MIN_EXPANDED_SIZE,0,6,PASSED,15.879271882000467,True,True,True
weakening/weaken_antecedent/weaken_antecedent_10_15_15.trace,weakening,constrained,ATLAS-B,10,2,SAT,MIN_EXPANDED_SIZE,0,6,PASSED,3.3550831560005463,True,True,True
weakening/weaken_antecedent/weaken_antecedent_10_15_15.trace,weakening,constrained,MacroATLAS,10,2,SAT,MIN_EXPANDED_SIZE,0,6,PASSED,15.989703569000994,True,True,True
weakening/weaken_antecedent/weaken_antecedent_10_20_20.trace,weakening,constrained,ATLAS-B,10,2,SAT,MIN_EXPANDED_SIZE,0,6,PASSED,3.9807487960006256,True,True,True
weakening/weaken_antecedent/weaken_antecedent_10_20_20.trace,weakening,constrained,MacroATLAS,10,2,SAT,MIN_EXPANDED_SIZE,0,6,PASSED,16.50944164500106,True,True,True
weakening/weaken_antecedent/weaken_antecedent_10_25_25.trace,weakening,constrained,ATLAS-B,10,2,SAT,MIN_EXPANDED_SIZE,0,6,PASSED,4.720871747998899,True,True,True
weakening/weaken_antecedent/weaken_antecedent_10_25_25.trace,weakening,constrained,MacroATLAS,10,2,SAT,MIN_EXPANDED_SIZE,0,6,PASSED,17.385813893999966,True,True,True
weakening/weaken_antecedent/weaken_antecedent_10_30_30.trace,weakening,constrained,ATLAS-B,10,2,SAT,MIN_EXPANDED_SIZE,0,6,PASSED,5.076371404000383,True,True,True
weakening/weaken_antecedent/weaken_antecedent_10_30_30.trace,weakening,constrained,MacroATLAS,10,2,SAT,MIN_EXPANDED_SIZE,0,6,PASSED,18.051074465000056,True,True,True
weakening/weaken_antecedent/weaken_antecedent_10_35_35.trace,weakening,constrained,ATLAS-B,10,2,SAT,MIN_EXPANDED_SIZE,0,6,PASSED,5.7350830220002535,True,True,True
weakening/weaken_antecedent/weaken_antecedent_10_35_35.trace,weakening,constrained,MacroATLAS,10,2,SAT,MIN_EXPANDED_SIZE,0,6,PASSED,18.094830247000118,True,True,True
weakening/weaken_antecedent/weaken_antecedent_10_40_40.trace,weakening,constrained,ATLAS-B,10,2,SAT,MIN_EXPANDED_SIZE,0,6,PASSED,8.12109303699981,True,True,True
weakening/weaken_antecedent/weaken_antecedent_10_40_40.trace,weakening,constrained,MacroATLAS,10,2,SAT,MIN_EXPANDED_SIZE,0,6,PASSED,19.459928906000187,True,True,True
weakening/weaken_antecedent/weaken_antecedent_10_45_45.trace,weakening,constrained,ATLAS-B,10,2,SAT,MIN_EXPANDED_SIZE,0,6,PASSED,8.253483679000055,True,True,True
weakening/weaken_antecedent/weaken_antecedent_10_45_45.trace,weakening,constrained,MacroATLAS,10,2,SAT,MIN_EXPANDED_SIZE,0,6,PASSED,21.096158111000477,True,True,True
weakening/weaken_antecedent/weaken_antecedent_10_50_50.trace,weakening,constrained,ATLAS-B,10,2,SAT,MIN_EXPANDED_SIZE,0,6,PASSED,8.547644147000028,True,True,True
weakening/weaken_antecedent/weaken_antecedent_10_50_50.trace,weakening,constrained,MacroATLAS,10,2,SAT,MIN_EXPANDED_SIZE,0,6,PASSED,21.32698926700141,True,True,True
weakening/weaken_antecedent/weaken_antecedent_10_55_55.trace,weakening,constrained,ATLAS-B,10,2,SAT,MIN_EXPANDED_SIZE,0,6,PASSED,10.571955748999244,True,True,True
weakening/weaken_antecedent/weaken_antecedent_10_55_55.trace,weakening,constrained,MacroATLAS,10,2,SAT,MIN_EXPANDED_SIZE,0,6,PASSED,25.12661499599926,True,True,True
weakening/weaken_antecedent/weaken_antecedent_10_5_5.trace,weakening,constrained,ATLAS-B,10,2,SAT,MIN_EXPANDED_SIZE,0,6,PASSED,1.9489615920001597,True,True,True
weakening/weaken_antecedent/weaken_antecedent_10_5_5.trace,weakening,constrained,MacroATLAS,10,2,SAT,MIN_EXPANDED_SIZE,0,6,PASSED,14.230242771000121,True,True,True
weakening/weaken_antecedent/weaken_antecedent_10_60_60.trace,weakening,constrained,ATLAS-B,10,2,SAT,MIN_EXPANDED_SIZE,0,6,PASSED,11.263276117000714,True,True,True
weakening/weaken_antecedent/weaken_antecedent_10_60_60.trace,weakening,constrained,MacroATLAS,10,2,SAT,MIN_EXPANDED_SIZE,0,6,PASSED,26.429943718999766,True,True,True
weakening/weaken_antecedent/weaken_antecedent_10_65_65.trace,weakening,constrained,ATLAS-B,10,2,SAT,MIN_EXPANDED_SIZE,0,6,PASSED,10.548537343000135,True,True,True
weakening/weaken_antecedent/weaken_antecedent_10_65_65.trace,weakening,constrained,MacroATLAS,10,2,SAT,MIN_EXPANDED_SIZE,0,6,PASSED,23.15615208099996,True,True,True
weakening/weaken_antecedent/weaken_antecedent_10_70_70.trace,weakening,constrained,ATLAS-B,10,2,SAT,MIN_EXPANDED_SIZE,0,6,PASSED,11.200667438999517,True,True,True
weakening/weaken_antecedent/weaken_antecedent_10_70_70.trace,weakening,constrained,MacroATLAS,10,2,SAT,MIN_EXPANDED_SIZE,0,6,PASSED,27.55960789799974,True,True,True
weakening/weaken_antecedent/weaken_antecedent_10_75_75.trace,weakening,constrained,ATLAS-B,10,2,SAT,MIN_EXPANDED_SIZE,0,6,PASSED,13.260784353000417,True,True,True
weakening/weaken_antecedent/weaken_antecedent_10_75_75.trace,weakening,constrained,MacroATLAS,10,2,SAT,MIN_EXPANDED_SIZE,0,6,PASSED,28.60165939000035,True,True,True
weakening/weaken_antecedent/weaken_antecedent_10_80_80.trace,weakening,constrained,ATLAS-B,10,2,SAT,MIN_EXPANDED_SIZE,0,6,PASSED,14.699843241000053,True,True,True
weakening/weaken_antecedent/weaken_antecedent_10_80_80.trace,weakening,constrained,MacroATLAS,10,2,SAT,MIN_EXPANDED_SIZE,0,6,PASSED,29.61092330500105,True,True,True
weakening/weaken_antecedent/weaken_antecedent_10_85_85.trace,weakening,constrained,ATLAS-B,10,2,SAT,MIN_EXPANDED_SIZE,0,6,PASSED,13.518669988000056,True,True,True
weakening/weaken_antecedent/weaken_antecedent_10_85_85.trace,weakening,constrained,MacroATLAS,10,2,SAT,MIN_EXPANDED_SIZE,0,6,PASSED,29.278010043999984,True,True,True
weakening/weaken_antecedent/weaken_antecedent_10_90_90.trace,weakening,constrained,ATLAS-B,10,2,SAT,MIN_EXPANDED_SIZE,0,6,PASSED,15.364854763998665,True,True,True
weakening/weaken_antecedent/weaken_antecedent_10_90_90.trace,weakening,constrained,MacroATLAS,10,2,SAT,MIN_EXPANDED_SIZE,0,6,PASSED,36.45235351200017,True,True,True
weakening/weaken_antecedent/weaken_antecedent_10_95_95.trace,weakening,constrained,ATLAS-B,10,2,SAT,MIN_EXPANDED_SIZE,0,6,PASSED,16.551443792999635,True,True,True
weakening/weaken_antecedent/weaken_antecedent_10_95_95.trace,weakening,constrained,MacroATLAS,10,2,SAT,MIN_EXPANDED_SIZE,0,6,PASSED,34.45983073399975,True,True,True
weakening/weaken_antecedent/weaken_antecedent_15_10_10.trace,weakening,constrained,ATLAS-B,10,2,SAT,MIN_EXPANDED_SIZE,0,6,PASSED,4.514358246000484,True,True,True
weakening/weaken_antecedent/weaken_antecedent_15_10_10.trace,weakening,constrained,MacroATLAS,10,2,SAT,MIN_EXPANDED_SIZE,0,6,PASSED,14.168721466000079,True,True,True
weakening/weaken_antecedent/weaken_antecedent_20_10_10.trace,weakening,constrained,ATLAS-B,10,2,SAT,MIN_EXPANDED_SIZE,0,6,PASSED,11.357123625000895,True,True,True
weakening/weaken_antecedent/weaken_antecedent_20_10_10.trace,weakening,constrained,MacroATLAS,10,2,SAT,MIN_EXPANDED_SIZE,0,6,PASSED,15.609118058000604,True,True,True
weakening/weaken_antecedent/weaken_antecedent_25_10_10.trace,weakening,constrained,ATLAS-B,10,2,SAT,MIN_EXPANDED_SIZE,0,6,PASSED,16.364828434999936,True,True,True
weakening/weaken_antecedent/weaken_antecedent_25_10_10.trace,weakening,constrained,MacroATLAS,10,2,SAT,MIN_EXPANDED_SIZE,0,6,PASSED,15.947598353999638,True,True,True
weakening/weaken_antecedent/weaken_antecedent_30_10_10.trace,weakening,constrained,ATLAS-B,10,2,SAT,MIN_EXPANDED_SIZE,0,6,PASSED,23.533438530999774,True,True,True
weakening/weaken_antecedent/weaken_antecedent_30_10_10.trace,weakening,constrained,MacroATLAS,10,2,SAT,MIN_EXPANDED_SIZE,0,6,PASSED,17.32823120500143,True,True,True
weakening/weaken_antecedent/weaken_antecedent_35_10_10.trace,weakening,constrained,ATLAS-B,10,2,SAT,MIN_EXPANDED_SIZE,0,6,PASSED,50.007542421000835,True,True,True
weakening/weaken_antecedent/weaken_antecedent_35_10_10.trace,weakening,constrained,MacroATLAS,10,2,SAT,MIN_EXPANDED_SIZE,0,6,PASSED,18.47035532400014,True,True,True
weakening/weaken_antecedent/weaken_antecedent_40_10_10.trace,weakening,constrained,ATLAS-B,10,2,SAT,MIN_EXPANDED_SIZE,0,6,PASSED,106.62908054199943,True,True,True
weakening/weaken_antecedent/weaken_antecedent_40_10_10.trace,weakening,constrained,MacroATLAS,10,2,SAT,MIN_EXPANDED_SIZE,0,6,PASSED,18.61480177200019,True,True,True
weakening/weaken_antecedent/weaken_antecedent_45_10_10.trace,weakening,constrained,ATLAS-B,10,2,TIMEOUT,MIN_EXPANDED_SIZE,,,IN_PROGRESS,180.33353419500008,False,,
weakening/weaken_antecedent/weaken_antecedent_45_10_10.trace,weakening,constrained,MacroATLAS,10,2,SAT,MIN_EXPANDED_SIZE,0,6,PASSED,18.80335640400017,False,,
weakening/weaken_antecedent/weaken_antecedent_50_10_10.trace,weakening,constrained,ATLAS-B,10,2,TIMEOUT,MIN_EXPANDED_SIZE,,,IN_PROGRESS,180.3854503040002,False,,
weakening/weaken_antecedent/weaken_antecedent_50_10_10.trace,weakening,constrained,MacroATLAS,10,2,SAT,MIN_EXPANDED_SIZE,0,6,PASSED,21.290356933999647,False,,
weakening/weaken_antecedent/weaken_antecedent_55_10_10.trace,weakening,constrained,ATLAS-B,10,2,TIMEOUT,MIN_EXPANDED_SIZE,,,IN_PROGRESS,180.34706876299992,False,,
weakening/weaken_antecedent/weaken_antecedent_55_10_10.trace,weakening,constrained,MacroATLAS,10,2,SAT,MIN_EXPANDED_SIZE,0,6,PASSED,21.28683468500094,False,,
weakening/weaken_antecedent/weaken_antecedent_5_10_10.trace,weakening,constrained,ATLAS-B,10,2,SAT,MIN_EXPANDED_SIZE,0,6,PASSED,1.726107102998867,True,True,True
weakening/weaken_antecedent/weaken_antecedent_5_10_10.trace,weakening,constrained,MacroATLAS,10,2,SAT,MIN_EXPANDED_SIZE,0,6,PASSED,16.207489499000076,True,True,True
weakening/weaken_antecedent/weaken_antecedent_60_10_10.trace,weakening,constrained,ATLAS-B,10,2,TIMEOUT,MIN_EXPANDED_SIZE,,,IN_PROGRESS,180.4194912870007,False,,
weakening/weaken_antecedent/weaken_antecedent_60_10_10.trace,weakening,constrained,MacroATLAS,10,2,SAT,MIN_EXPANDED_SIZE,0,6,PASSED,23.77881305700066,False,,
weakening/weaken_antecedent/weaken_antecedent_65_10_10.trace,weakening,constrained,ATLAS-B,10,2,TIMEOUT,MIN_EXPANDED_SIZE,,,IN_PROGRESS,180.35894121600086,False,,
weakening/weaken_antecedent/weaken_antecedent_65_10_10.trace,weakening,constrained,MacroATLAS,10,2,SAT,MIN_EXPANDED_SIZE,0,6,PASSED,23.03985698500003,False,,
weakening/weaken_antecedent/weaken_antecedent_70_10_10.trace,weakening,constrained,ATLAS-B,10,2,TIMEOUT,MIN_EXPANDED_SIZE,,,IN_PROGRESS,180.351310861,False,,
weakening/weaken_antecedent/weaken_antecedent_70_10_10.trace,weakening,constrained,MacroATLAS,10,2,SAT,MIN_EXPANDED_SIZE,0,6,PASSED,23.93666248799991,False,,
weakening/weaken_antecedent/weaken_antecedent_75_10_10.trace,weakening,constrained,ATLAS-B,10,2,TIMEOUT,MIN_EXPANDED_SIZE,,,IN_PROGRESS,180.42407352499959,False,,
weakening/weaken_antecedent/weaken_antecedent_75_10_10.trace,weakening,constrained,MacroATLAS,10,2,SAT,MIN_EXPANDED_SIZE,0,6,PASSED,26.76285187499991,False,,
weakening/weaken_antecedent/weaken_antecedent_80_10_10.trace,weakening,constrained,ATLAS-B,10,2,TIMEOUT,MIN_EXPANDED_SIZE,,,IN_PROGRESS,180.35507483100014,False,,
weakening/weaken_antecedent/weaken_antecedent_80_10_10.trace,weakening,constrained,MacroATLAS,10,2,SAT,MIN_EXPANDED_SIZE,0,6,PASSED,27.713773544000105,False,,
weakening/weaken_antecedent/weaken_antecedent_85_10_10.trace,weakening,constrained,ATLAS-B,10,2,TIMEOUT,MIN_EXPANDED_SIZE,,,IN_PROGRESS,180.32544989299822,False,,
weakening/weaken_antecedent/weaken_antecedent_85_10_10.trace,weakening,constrained,MacroATLAS,10,2,SAT,MIN_EXPANDED_SIZE,0,6,PASSED,27.002120061000824,False,,
weakening/weaken_antecedent/weaken_antecedent_90_10_10.trace,weakening,constrained,ATLAS-B,10,2,TIMEOUT,MIN_EXPANDED_SIZE,,,IN_PROGRESS,180.37389061300019,False,,
weakening/weaken_antecedent/weaken_antecedent_90_10_10.trace,weakening,constrained,MacroATLAS,10,2,SAT,MIN_EXPANDED_SIZE,0,6,PASSED,27.285001181999178,False,,
weakening/weaken_antecedent/weaken_antecedent_95_10_10.trace,weakening,constrained,ATLAS-B,10,2,TIMEOUT,MIN_EXPANDED_SIZE,,,IN_PROGRESS,180.38753425899995,False,,
weakening/weaken_antecedent/weaken_antecedent_95_10_10.trace,weakening,constrained,MacroATLAS,10,2,SAT,MIN_EXPANDED_SIZE,0,6,PASSED,27.772779019000154,False,,
weakening/weaken_consequent/weaken_consequent_100_10_10.trace,weakening,constrained,ATLAS-B,18,3,TIMEOUT,MIN_EXPANDED_SIZE,,,IN_PROGRESS,180.33178534000035,False,,
weakening/weaken_consequent/weaken_consequent_100_10_10.trace,weakening,constrained,MacroATLAS,18,3,SAT,MIN_EXPANDED_SIZE,0,7,PASSED,29.993868186997133,False,,
weakening/weaken_consequent/weaken_consequent_10_100_100.trace,weakening,constrained,ATLAS-B,18,3,SAT,MIN_EXPANDED_SIZE,0,7,PASSED,15.552829324002232,True,True,True
weakening/weaken_consequent/weaken_consequent_10_100_100.trace,weakening,constrained,MacroATLAS,18,3,SAT,MIN_EXPANDED_SIZE,0,7,PASSED,33.85401959199953,True,True,True
weakening/weaken_consequent/weaken_consequent_10_10_10.trace,weakening,constrained,ATLAS-B,18,3,SAT,MIN_EXPANDED_SIZE,0,7,PASSED,2.411696994000522,True,True,True
weakening/weaken_consequent/weaken_consequent_10_10_10.trace,weakening,constrained,MacroATLAS,18,3,SAT,MIN_EXPANDED_SIZE,0,7,PASSED,15.340122515997791,True,True,True
weakening/weaken_consequent/weaken_consequent_10_15_15.trace,weakening,constrained,ATLAS-B,18,3,SAT,MIN_EXPANDED_SIZE,0,7,PASSED,3.1147086390010372,True,True,True
weakening/weaken_consequent/weaken_consequent_10_15_15.trace,weakening,constrained,MacroATLAS,18,3,SAT,MIN_EXPANDED_SIZE,0,7,PASSED,14.60671516399816,True,True,True
weakening/weaken_consequent/weaken_consequent_10_20_20.trace,weakening,constrained,ATLAS-B,18,3,SAT,MIN_EXPANDED_SIZE,0,7,PASSED,3.830651027001295,True,True,True
weakening/weaken_consequent/weaken_consequent_10_20_20.trace,weakening,constrained,MacroATLAS,18,3,SAT,MIN_EXPANDED_SIZE,0,7,PASSED,19.116371871998126,True,True,True
weakening/weaken_consequent/weaken_consequent_10_25_25.trace,weakening,constrained,ATLAS-B,18,3,SAT,MIN_EXPANDED_SIZE,0,7,PASSED,4.337916682998184,True,True,True
weakening/weaken_consequent/weaken_consequent_10_25_25.trace,weakening,constrained,MacroATLAS,18,3,SAT,MIN_EXPANDED_SIZE,0,7,PASSED,17.388805801998387,True,True,True
weakening/weaken_consequent/weaken_consequent_10_30_30.trace,weakening,constrained,ATLAS-B,18,3,SAT,MIN_EXPANDED_SIZE,0,7,PASSED,5.037716767001257,True,True,True
weakening/weaken_consequent/weaken_consequent_10_30_30.trace,weakening,constrained,MacroATLAS,18,3,SAT,MIN_EXPANDED_SIZE,0,7,PASSED,19.93138154800181,True,True,True
weakening/weaken_consequent/weaken_consequent_10_35_35.trace,weakening,constrained,ATLAS-B,18,3,SAT,MIN_EXPANDED_SIZE,0,7,PASSED,5.600152306997188,True,True,True
weakening/weaken_consequent/weaken_consequent_10_35_35.trace,weakening,constrained,MacroATLAS,18,3,SAT,MIN_EXPANDED_SIZE,0,7,PASSED,18.44727981399774,True,True,True
weakening/weaken_consequent/weaken_consequent_10_40_40.trace,weakening,constrained,ATLAS-B,18,3,SAT,MIN_EXPANDED_SIZE,0,7,PASSED,5.861617135997221,True,True,True
weakening/weaken_consequent/weaken_consequent_10_40_40.trace,weakening,constrained,MacroATLAS,18,3,SAT,MIN_EXPANDED_SIZE,0,7,PASSED,18.961264286997903,True,True,True
weakening/weaken_consequent/weaken_consequent_10_45_45.trace,weakening,constrained,ATLAS-B,18,3,SAT,MIN_EXPANDED_SIZE,0,7,PASSED,6.33151445600015,True,True,True
weakening/weaken_consequent/weaken_consequent_10_45_45.trace,weakening,constrained,MacroATLAS,18,3,SAT,MIN_EXPANDED_SIZE,0,7,PASSED,29.349039225002343,True,True,True
weakening/weaken_consequent/weaken_consequent_10_50_50.trace,weakening,constrained,ATLAS-B,18,3,SAT,MIN_EXPANDED_SIZE,0,7,PASSED,8.028488315998402,True,True,True
weakening/weaken_consequent/weaken_consequent_10_50_50.trace,weakening,constrained,MacroATLAS,18,3,SAT,MIN_EXPANDED_SIZE,0,7,PASSED,25.405182069000148,True,True,True
weakening/weaken_consequent/weaken_consequent_10_55_55.trace,weakening,constrained,ATLAS-B,18,3,SAT,MIN_EXPANDED_SIZE,0,7,PASSED,9.302381593999598,True,True,True
weakening/weaken_consequent/weaken_consequent_10_55_55.trace,weakening,constrained,MacroATLAS,18,3,SAT,MIN_EXPANDED_SIZE,0,7,PASSED,24.37929872099994,True,True,True
weakening/weaken_consequent/weaken_consequent_10_5_5.trace,weakening,constrained,ATLAS-B,18,3,SAT,MIN_EXPANDED_SIZE,0,7,PASSED,2.0077438359985535,True,True,True
weakening/weaken_consequent/weaken_consequent_10_5_5.trace,weakening,constrained,MacroATLAS,18,3,SAT,MIN_EXPANDED_SIZE,0,7,PASSED,12.66125294900121,True,True,True
weakening/weaken_consequent/weaken_consequent_10_60_60.trace,weakening,constrained,ATLAS-B,18,3,SAT,MIN_EXPANDED_SIZE,0,7,PASSED,9.414470356001402,True,True,True
weakening/weaken_consequent/weaken_consequent_10_60_60.trace,weakening,constrained,MacroATLAS,18,3,SAT,MIN_EXPANDED_SIZE,0,7,PASSED,32.03829590100213,True,True,True
weakening/weaken_consequent/weaken_consequent_10_65_65.trace,weakening,constrained,ATLAS-B,18,3,SAT,MIN_EXPANDED_SIZE,0,7,PASSED,9.997467459998006,True,True,True
weakening/weaken_consequent/weaken_consequent_10_65_65.trace,weakening,constrained,MacroATLAS,18,3,SAT,MIN_EXPANDED_SIZE,0,7,PASSED,36.19429108899931,True,True,True
weakening/weaken_consequent/weaken_consequent_10_70_70.trace,weakening,constrained,ATLAS-B,18,3,SAT,MIN_EXPANDED_SIZE,0,7,PASSED,11.506376061999617,True,True,True
weakening/weaken_consequent/weaken_consequent_10_70_70.trace,weakening,constrained,MacroATLAS,18,3,SAT,MIN_EXPANDED_SIZE,0,7,PASSED,37.07797508499789,True,True,True
weakening/weaken_consequent/weaken_consequent_10_75_75.trace,weakening,constrained,ATLAS-B,18,3,SAT,MIN_EXPANDED_SIZE,0,7,PASSED,11.234434382000472,True,True,True
weakening/weaken_consequent/weaken_consequent_10_75_75.trace,weakening,constrained,MacroATLAS,18,3,SAT,MIN_EXPANDED_SIZE,0,7,PASSED,31.619816922997416,True,True,True
weakening/weaken_consequent/weaken_consequent_10_80_80.trace,weakening,constrained,ATLAS-B,18,3,SAT,MIN_EXPANDED_SIZE,0,7,PASSED,11.568750859998545,True,True,True
weakening/weaken_consequent/weaken_consequent_10_80_80.trace,weakening,constrained,MacroATLAS,18,3,SAT,MIN_EXPANDED_SIZE,0,7,PASSED,34.092850206998264,True,True,True
weakening/weaken_consequent/weaken_consequent_10_85_85.trace,weakening,constrained,ATLAS-B,18,3,SAT,MIN_EXPANDED_SIZE,0,7,PASSED,12.96982724999907,True,True,True
weakening/weaken_consequent/weaken_consequent_10_85_85.trace,weakening,constrained,MacroATLAS,18,3,SAT,MIN_EXPANDED_SIZE,0,7,PASSED,33.28207044100054,True,True,True
weakening/weaken_consequent/weaken_consequent_10_90_90.trace,weakening,constrained,ATLAS-B,18,3,SAT,MIN_EXPANDED_SIZE,0,7,PASSED,13.243258322996553,True,True,True
weakening/weaken_consequent/weaken_consequent_10_90_90.trace,weakening,constrained,MacroATLAS,18,3,SAT,MIN_EXPANDED_SIZE,0,7,PASSED,40.642023761996825,True,True,True
weakening/weaken_consequent/weaken_consequent_10_95_95.trace,weakening,constrained,ATLAS-B,18,3,SAT,MIN_EXPANDED_SIZE,0,7,PASSED,15.221252987001208,True,True,True
weakening/weaken_consequent/weaken_consequent_10_95_95.trace,weakening,constrained,MacroATLAS,18,3,SAT,MIN_EXPANDED_SIZE,0,7,PASSED,42.591856613002165,True,True,True
weakening/weaken_consequent/weaken_consequent_15_10_10.trace,weakening,constrained,ATLAS-B,18,3,SAT,MIN_EXPANDED_SIZE,0,7,PASSED,3.9329081989999395,True,True,True
weakening/weaken_consequent/weaken_consequent_15_10_10.trace,weakening,constrained,MacroATLAS,18,3,SAT,MIN_EXPANDED_SIZE,0,7,PASSED,13.80560063500161,True,True,True
weakening/weaken_consequent/weaken_consequent_20_10_10.trace,weakening,constrained,ATLAS-B,18,3,SAT,MIN_EXPANDED_SIZE,0,7,PASSED,10.312198651001381,True,True,True
weakening/weaken_consequent/weaken_consequent_20_10_10.trace,weakening,constrained,MacroATLAS,18,3,SAT,MIN_EXPANDED_SIZE,0,7,PASSED,14.431103759001417,True,True,True
weakening/weaken_consequent/weaken_consequent_25_10_10.trace,weakening,constrained,ATLAS-B,18,3,SAT,MIN_EXPANDED_SIZE,0,7,PASSED,14.647690861002047,True,True,True
weakening/weaken_consequent/weaken_consequent_25_10_10.trace,weakening,constrained,MacroATLAS,18,3,SAT,MIN_EXPANDED_SIZE,0,7,PASSED,12.306705078997766,True,True,True
weakening/weaken_consequent/weaken_consequent_30_10_10.trace,weakening,constrained,ATLAS-B,18,3,SAT,MIN_EXPANDED_SIZE,0,7,PASSED,22.940960690000793,True,True,True
weakening/weaken_consequent/weaken_consequent_30_10_10.trace,weakening,constrained,MacroATLAS,18,3,SAT,MIN_EXPANDED_SIZE,0,7,PASSED,14.485693530998105,True,True,True
weakening/weaken_consequent/weaken_consequent_35_10_10.trace,weakening,constrained,ATLAS-B,18,3,SAT,MIN_EXPANDED_SIZE,0,7,PASSED,48.087307349000184,True,True,True
weakening/weaken_consequent/weaken_consequent_35_10_10.trace,weakening,constrained,MacroATLAS,18,3,SAT,MIN_EXPANDED_SIZE,0,7,PASSED,17.134542951000185,True,True,True
weakening/weaken_consequent/weaken_consequent_40_10_10.trace,weakening,constrained,ATLAS-B,18,3,SAT,MIN_EXPANDED_SIZE,0,7,PASSED,95.71458356600124,True,True,True
weakening/weaken_consequent/weaken_consequent_40_10_10.trace,weakening,constrained,MacroATLAS,18,3,SAT,MIN_EXPANDED_SIZE,0,7,PASSED,18.22464648299865,True,True,True
weakening/weaken_consequent/weaken_consequent_45_10_10.trace,weakening,constrained,ATLAS-B,18,3,TIMEOUT,MIN_EXPANDED_SIZE,,,IN_PROGRESS,180.3267761060015,False,,
weakening/weaken_consequent/weaken_consequent_45_10_10.trace,weakening,constrained,MacroATLAS,18,3,SAT,MIN_EXPANDED_SIZE,0,7,PASSED,14.875297883001622,False,,
weakening/weaken_consequent/weaken_consequent_50_10_10.trace,weakening,constrained,ATLAS-B,18,3,TIMEOUT,MIN_EXPANDED_SIZE,,,IN_PROGRESS,180.3076199829993,False,,
weakening/weaken_consequent/weaken_consequent_50_10_10.trace,weakening,constrained,MacroATLAS,18,3,SAT,MIN_EXPANDED_SIZE,0,7,PASSED,20.36887817400202,False,,
weakening/weaken_consequent/weaken_consequent_55_10_10.trace,weakening,constrained,ATLAS-B,18,3,TIMEOUT,MIN_EXPANDED_SIZE,,,IN_PROGRESS,180.3373252320016,False,,
weakening/weaken_consequent/weaken_consequent_55_10_10.trace,weakening,constrained,MacroATLAS,18,3,SAT,MIN_EXPANDED_SIZE,0,7,PASSED,21.96443696999995,False,,
weakening/weaken_consequent/weaken_consequent_5_10_10.trace,weakening,constrained,ATLAS-B,18,3,SAT,MIN_EXPANDED_SIZE,0,7,PASSED,1.6651200119995337,True,True,True
weakening/weaken_consequent/weaken_consequent_5_10_10.trace,weakening,constrained,MacroATLAS,18,3,SAT,MIN_EXPANDED_SIZE,0,7,PASSED,12.356426943002589,True,True,True
weakening/weaken_consequent/weaken_consequent_60_10_10.trace,weakening,constrained,ATLAS-B,18,3,TIMEOUT,MIN_EXPANDED_SIZE,,,IN_PROGRESS,180.3355646209966,False,,
weakening/weaken_consequent/weaken_consequent_60_10_10.trace,weakening,constrained,MacroATLAS,18,3,SAT,MIN_EXPANDED_SIZE,0,7,PASSED,23.208218838000903,False,,
weakening/weaken_consequent/weaken_consequent_65_10_10.trace,weakening,constrained,ATLAS-B,18,3,TIMEOUT,MIN_EXPANDED_SIZE,,,IN_PROGRESS,180.35754821199953,False,,
weakening/weaken_consequent/weaken_consequent_65_10_10.trace,weakening,constrained,MacroATLAS,18,3,SAT,MIN_EXPANDED_SIZE,0,7,PASSED,23.675560509000206,False,,
weakening/weaken_consequent/weaken_consequent_70_10_10.trace,weakening,constrained,ATLAS-B,18,3,TIMEOUT,MIN_EXPANDED_SIZE,,,IN_PROGRESS,180.33184978899953,False,,
weakening/weaken_consequent/weaken_consequent_70_10_10.trace,weakening,constrained,MacroATLAS,18,3,SAT,MIN_EXPANDED_SIZE,0,7,PASSED,24.96581481999965,False,,
weakening/weaken_consequent/weaken_consequent_75_10_10.trace,weakening,constrained,ATLAS-B,18,3,TIMEOUT,MIN_EXPANDED_SIZE,,,IN_PROGRESS,180.31782156699774,False,,
weakening/weaken_consequent/weaken_consequent_75_10_10.trace,weakening,constrained,MacroATLAS,18,3,SAT,MIN_EXPANDED_SIZE,0,7,PASSED,26.629851174999203,False,,
weakening/weaken_consequent/weaken_consequent_80_10_10.trace,weakening,constrained,ATLAS-B,18,3,TIMEOUT,MIN_EXPANDED_SIZE,,,IN_PROGRESS,180.38913865599898,False,,
weakening/weaken_consequent/weaken_consequent_80_10_10.trace,weakening,constrained,MacroATLAS,18,3,SAT,MIN_EXPANDED_SIZE,0,7,PASSED,21.179419317002612,False,,
weakening/weaken_consequent/weaken_consequent_85_10_10.trace,weakening,constrained,ATLAS-B,18,3,TIMEOUT,MIN_EXPANDED_SIZE,,,IN_PROGRESS,180.30281442399792,False,,
weakening/weaken_consequent/weaken_consequent_85_10_10.trace,weakening,constrained,MacroATLAS,18,3,SAT,MIN_EXPANDED_SIZE,0,7,PASSED,28.335403971999767,False,,
weakening/weaken_consequent/weaken_consequent_90_10_10.trace,weakening,constrained,ATLAS-B,18,3,TIMEOUT,MIN_EXPANDED_SIZE,,,IN_PROGRESS,180.32280593999894,False,,
weakening/weaken_consequent/weaken_consequent_90_10_10.trace,weakening,constrained,MacroATLAS,18,3,SAT,MIN_EXPANDED_SIZE,0,7,PASSED,27.313279420999606,False,,
weakening/weaken_consequent/weaken_consequent_95_10_10.trace,weakening,constrained,ATLAS-B,18,3,TIMEOUT,MIN_EXPANDED_SIZE,,,IN_PROGRESS,180.27846299000157,False,,
weakening/weaken_consequent/weaken_consequent_95_10_10.trace,weakening,constrained,MacroATLAS,18,3,SAT,MIN_EXPANDED_SIZE,0,7,PASSED,32.63042926200069,False,,
