batch,task,family,category,B,b,p,K,qStates,objectiveKind,constraintFeatures,scope,inputSha256,numAP,positiveTraces,negativeTraces,method,attempt,backendTotalClauses,emissionSec,error,modelBytes,modelSha256,parseSec,primaryVars,solverInvoked,status,translationSec,vars,wallSec
b2,5to10Traces/0135.trace,5to10Traces,plain,3,2,0,3,1,MIN_EXPANDED_SIZE,,3,1b6cceba381c9c55c8430ee1ee6b4571c1253381b79984b3214b0df3c84af5ae,2,2,25,atlas-b,1,879958,0.5154049799998575,,10009,e2054ecf5d45a7847cdfed7f80ef45d4650fe4119a637f8961ae9f2aff4dd0e6,0.308347133,4131,False,TRANSLATED_ONLY,1.7670073419999426,256524,2.2854356910002025
b2,5to10Traces/0135.trace,5to10Traces,plain,3,2,0,3,1,MIN_EXPANDED_SIZE,,3,1b6cceba381c9c55c8430ee1ee6b4571c1253381b79984b3214b0df3c84af5ae,2,2,25,macro,1,263378,0.2641404030000558,,48469,1dbec8f72d03a6c7616b3a86672620501d886eb0415759c38c8f61d7baea43f3,0.538968353,3690,False,TRANSLATED_ONLY,1.7165385470000274,113600,1.981292465000024
b2,moreDetailedTest/0050.trace,moreDetailedTest,plain,3,2,0,3,1,MIN_EXPANDED_SIZE,,3,2c1c584bebe0b7766b0213e2f82c80bbf7b559e778ea130f01df92aefa0f259b,2,300,300,atlas-b,1,3749374,0.5158603100001073,,114404,0ebe6c80de2b48ae6c4e1e156319d9c1e6f6c164c6bcce9110c5b3da58871fdf,1.327622445,30081,False,TRANSLATED_ONLY,7.475839904000168,1210608,7.993120726999905
b2,moreDetailedTest/0050.trace,moreDetailedTest,plain,3,2,0,3,1,MIN_EXPANDED_SIZE,,3,2c1c584bebe0b7766b0213e2f82c80bbf7b559e778ea130f01df92aefa0f259b,2,300,300,macro,1,1749806,0.2641674439998951,,98683,524bba7979b58b55fd75e6ab85dbb702b94969ac3f309cad477a3a05a6c89ddb,1.410769634,23931,False,TRANSLATED_ONLY,7.075444267999956,892818,7.340241686999889
b2,moreDetailedTest/0053.trace,moreDetailedTest,plain,3,2,0,3,1,MIN_EXPANDED_SIZE,,3,b9457e9a12074ccc13a2761c726d6c5dfa3e9abc5722f4546c812490d7819015,2,500,500,atlas-b,1,6247127,0.5670116400001461,,189134,b56c094752bb3be5ee72332a4e828d8e9b02de37db353d0bc8b93f775469acd4,3.002892722,50081,False,TRANSLATED_ONLY,17.890134263999926,2016959,18.460230835999937
b2,moreDetailedTest/0053.trace,moreDetailedTest,plain,3,2,0,3,1,MIN_EXPANDED_SIZE,,3,b9457e9a12074ccc13a2761c726d6c5dfa3e9abc5722f4546c812490d7819015,2,500,500,macro,1,2631453,0.3142318879999948,,129353,19323216572cb2c685b5839026c931ec4a7767ded22fc2138d06d79cb43931e7,2.239265886,35904,False,TRANSLATED_ONLY,11.179060401000015,1343282,11.49391975399999
b2,5to10Traces/0151.trace,5to10Traces,plain,3,2,0,3,1,MIN_EXPANDED_SIZE,,3,e98a99d67e1970c2d431177825de7a20ffb2543cbaf9ddff8358954141101c52,2,13,225,atlas-b,1,7735337,0.5159889530000328,,68362,6923c6fca37b1ebbbf53584ccc258bf48eb4349ef7c562bc2e22fa5e0beaa58e,0.828380549,35781,False,TRANSLATED_ONLY,11.27897136599995,2252795,11.796692358999962
b2,5to10Traces/0151.trace,5to10Traces,plain,3,2,0,3,1,MIN_EXPANDED_SIZE,,3,e98a99d67e1970c2d431177825de7a20ffb2543cbaf9ddff8358954141101c52,2,13,225,macro,1,2267176,0.3142936599999757,,122588,95fcb8332b5441457f91b1a072a2d57f73046a9d2857dea2a021be393af0a272,1.394745864,29924,False,TRANSLATED_ONLY,8.027118812000026,976811,8.342076677000023
b2,5to10Traces/0107.trace,5to10Traces,plain,3,2,0,3,1,MIN_EXPANDED_SIZE,,3,178d6d3d64ff35e0e1ff913cca0c8d0a07ce0195a3712dfbfad369cdd25dcdec,2,225,8,atlas-b,1,7572675,0.515933442000005,,66984,6b7525e3ff84e4eac56370e26a880b74d32c42fbeef21e9bb7e695def8f47256,0.786404071,35031,False,TRANSLATED_ONLY,10.929106615000137,2205490,11.447341819999792
b2,5to10Traces/0107.trace,5to10Traces,plain,3,2,0,3,1,MIN_EXPANDED_SIZE,,3,178d6d3d64ff35e0e1ff913cca0c8d0a07ce0195a3712dfbfad369cdd25dcdec,2,225,8,macro,1,2210605,0.26421493599991663,,122605,2d7304f1a842861bf333f4f55a731602513497a7ce84d6ef1673d6add89a2723,1.359678026,29456,False,TRANSLATED_ONLY,7.87684057499996,958801,8.141738526000154
b2,baseTest/0035.trace,baseTest,plain,3,2,0,3,1,MIN_EXPANDED_SIZE,,3,b31846ba7ebe249081f7c4b9ee042285ed1d3194b4d893efc9a56086808774a9,2,2,48,atlas-b,1,314978,0.5149381779999658,,11792,86a54349b31072059b87b0bbb4a4ce3849a7cc06b362e5f93c15401ebe60a695,0.311554037,2581,False,TRANSLATED_ONLY,1.1651503169998705,101877,1.6826403649999975
b2,baseTest/0035.trace,baseTest,plain,3,2,0,3,1,MIN_EXPANDED_SIZE,,3,b31846ba7ebe249081f7c4b9ee042285ed1d3194b4d893efc9a56086808774a9,2,2,48,macro,1,227282,0.21413022000001547,,41612,1bf656581e19afb0450ee9bd2549daaa9095759dc23aaa2598ed13693197a59f,0.558993805,3339,False,TRANSLATED_ONLY,1.8164556130000165,115531,2.0312045460000263
b2,moreDetailedTest/0106.trace,moreDetailedTest,plain,3,2,0,3,1,MIN_EXPANDED_SIZE,,3,e1555ecd63ae937a15801024f37b1eb210c9fc84d618aabb487a4cfcd0ba9133,2,300,300,atlas-b,1,3749369,0.5655123850001473,,114400,d2c7ab55773146574b221c7726fe6a0eb86e31ff530073fadf8fb58e546f9c02,1.360573656,30081,False,TRANSLATED_ONLY,7.724081980999927,1210610,8.290601909000088
b2,moreDetailedTest/0106.trace,moreDetailedTest,plain,3,2,0,3,1,MIN_EXPANDED_SIZE,,3,e1555ecd63ae937a15801024f37b1eb210c9fc84d618aabb487a4cfcd0ba9133,2,300,300,macro,1,1766222,0.26413790300011897,,102083,86f6a4e8a6ac8ad3e5325ce7c43edbf1d12d1b1c9df2d346727f7ee6943dc6ef,1.791125908,24113,False,TRANSLATED_ONLY,6.925104369999872,900490,7.189912568999944
b2,5to10Traces/0142.trace,5to10Traces,plain,3,2,0,3,1,MIN_EXPANDED_SIZE,,3,436b64ca4da5bdacfc8950be816246e2cc610f8ec153de76d6de51765295127d,2,125,125,atlas-b,1,1563829,0.4646393079999598,,48950,3671ed15bceb697ad4904955ec08ef095e773b155fe4efa90efd63c923058b42,0.580662395,12581,False,TRANSLATED_ONLY,3.718779515000051,505048,4.1839910070000315
b2,5to10Traces/0142.trace,5to10Traces,plain,3,2,0,3,1,MIN_EXPANDED_SIZE,,3,436b64ca4da5bdacfc8950be816246e2cc610f8ec153de76d6de51765295127d,2,125,125,macro,1,879363,0.26419746500005203,,69952,f65baa298b80ca555d63a0a7922ac9f1b160033e567e25f1153da290b2678139,1.215049478,12218,False,TRANSLATED_ONLY,4.670108861000017,449749,4.934929190000048
b2,moreDetailedTest/0108.trace,moreDetailedTest,plain,3,2,0,3,1,MIN_EXPANDED_SIZE,,3,f408a4d5a9b72d379c2ead78bf26000227db4f9f1dca830d9fee783633d3d8f8,2,400,400,atlas-b,1,4998245,0.5145535599999675,,151744,c47f5d06940139d2e13d979f23f7e044ee8a7df2d664c5a34878212a79f7f30a,2.116084954,40081,False,TRANSLATED_ONLY,11.780701971000099,1613781,12.295931635999978
b2,moreDetailedTest/0108.trace,moreDetailedTest,plain,3,2,0,3,1,MIN_EXPANDED_SIZE,,3,f408a4d5a9b72d379c2ead78bf26000227db4f9f1dca830d9fee783633d3d8f8,2,400,400,macro,1,2196402,0.3142194380000092,,116798,685102de25d692670e04358a5c7709eb1f657ed1e65a57ad482b129cd9662663,1.840940767,29820,False,TRANSLATED_ONLY,7.826346680000142,1119429,8.141227553999897
b2,5to10Traces/0103.trace,5to10Traces,plain,3,2,0,3,1,MIN_EXPANDED_SIZE,,3,e1a3034eb29a3ce2cdc0011b004fc8cfe908ae000a29283ae55944c0b36bcd9b,2,175,7,atlas-b,1,5915735,0.4644105639999907,,52859,5eff0db7edc9588d70b95accf2e3302031ecb2f594887fe6f308dbf990f630ef,0.629885911,27381,False,TRANSLATED_ONLY,8.625900744000091,1722979,9.090902151000137
b2,5to10Traces/0103.trace,5to10Traces,plain,3,2,0,3,1,MIN_EXPANDED_SIZE,,3,e1a3034eb29a3ce2cdc0011b004fc8cfe908ae000a29283ae55944c0b36bcd9b,2,175,7,macro,1,1736239,0.26418695400002434,,103014,3e0eeecde7da921af7dff3f70cc04738924cc6b278e2dab32a9b38e9bae5ccc6,1.194270659,23099,False,TRANSLATED_ONLY,5.5213023969999995,749184,5.786146376000033
b2,equal/0029.trace,equal,plain,3,2,0,3,1,MIN_EXPANDED_SIZE,,3,b0b757df1984fbb189cd104036ada718f9ab017a51aae6d602b363378f4b397b,2,100,100,atlas-b,1,1251610,0.46438037200005056,,39628,19dfaf223641191d2fe9d7ff141d7db519d3be09fbe5ab24018218e53a02e59d,0.534384608,10081,False,TRANSLATED_ONLY,3.5685324500000206,404250,4.033501566000041
b2,equal/0029.trace,equal,plain,3,2,0,3,1,MIN_EXPANDED_SIZE,,3,b0b757df1984fbb189cd104036ada718f9ab017a51aae6d602b363378f4b397b,2,100,100,macro,1,715676,0.2641761739998856,,63686,9e67784da68a769d93ad323bb1f00f4ef9edf332628a1c17a5f2944db1faa88f,0.748988418,9930,False,TRANSLATED_ONLY,4.019221537000021,365387,4.2840049349999845
b2,moreDetailedTest/0055.trace,moreDetailedTest,plain,3,2,0,3,1,MIN_EXPANDED_SIZE,,3,1183178c8767dd12f98917129108ec5fb88816c431a4f75b16d2dfa73c672b32,2,5,5,atlas-b,1,65172,0.41433459800009587,,4354,ddb82d8397365658ff4bbeb09b4871d2633ba4062315b99a4a8d6e4e7680531a,0.184078106,581,False,TRANSLATED_ONLY,0.6646358919999784,21234,1.0795968840000114
b2,moreDetailedTest/0055.trace,moreDetailedTest,plain,3,2,0,3,1,MIN_EXPANDED_SIZE,,3,1183178c8767dd12f98917129108ec5fb88816c431a4f75b16d2dfa73c672b32,2,5,5,macro,1,47199,0.21406987800014576,,23986,95ef474caf4764c2e7270286e307960cefb23808c7ac9b114223f9f8174e5bf8,0.385748198,856,False,TRANSLATED_ONLY,1.015132427000026,23858,1.22979066899984
b2,moreDetailedTest/0109.trace,moreDetailedTest,plain,3,2,0,3,1,MIN_EXPANDED_SIZE,,3,8ec12fb251529d587f9c7bfa85915698457040f5698347c15730a5b132e737e3,2,500,500,atlas-b,1,6247132,0.5646405360000699,,189064,76ff7dabc8668949ba87a3e2a5e449cf2db30ae6fb1001164f44f22172c315b5,2.795499247,50081,False,TRANSLATED_ONLY,16.73642300000006,2016962,17.30184822299998
b2,moreDetailedTest/0109.trace,moreDetailedTest,plain,3,2,0,3,1,MIN_EXPANDED_SIZE,,3,8ec12fb251529d587f9c7bfa85915698457040f5698347c15730a5b132e737e3,2,500,500,macro,1,2642245,0.3142211879999195,,132747,c97b887ddec8e457700abbc681a226f10ee5d3de4a5db7e61fa05d578906ca75,2.189763953,35917,False,TRANSLATED_ONLY,10.82848673400008,1345447,11.143355107999923
b2,moreDetailedTest/0100.trace,moreDetailedTest,plain,3,2,0,3,1,MIN_EXPANDED_SIZE,,3,ae943fed0f23fd01580a802978ac508e788b67e43b5932095fd40f4fd4d327e3,2,10,10,atlas-b,1,127617,0.41435927800011996,,6176,34b4cfac07c68b1fa0d0e584180b89163c36c5bcef96872cef4b85889baede6e,0.232955274,1081,False,TRANSLATED_ONLY,0.8649171219999516,41394,1.2798528140001508
b2,moreDetailedTest/0100.trace,moreDetailedTest,plain,3,2,0,3,1,MIN_EXPANDED_SIZE,,3,ae943fed0f23fd01580a802978ac508e788b67e43b5932095fd40f4fd4d327e3,2,10,10,macro,1,86842,0.2140894090000529,,27187,ea998e3d0d6fde15eeff238fd8783d06ebc7c45de6e0a6caccf8599806e76e91,0.436544451,1389,False,TRANSLATED_ONLY,1.165406884000049,43723,1.380108317000122
b2,5to10Traces/0144.trace,5to10Traces,plain,3,2,0,3,1,MIN_EXPANDED_SIZE,,3,604fd17a18204fd9bec122e669ecccc314f471b58a39ccb29b6af9a238ff456e,2,150,150,atlas-b,1,1876045,0.5145409090000612,,58258,a71bf05cdd9c2217a76c82121adeb25bd767110c40526f879b0f17ffef79cdb3,0.753118323,15081,False,TRANSLATED_ONLY,4.3198317509998105,605836,4.834964434000085
b2,5to10Traces/0144.trace,5to10Traces,plain,3,2,0,3,1,MIN_EXPANDED_SIZE,,3,604fd17a18204fd9bec122e669ecccc314f471b58a39ccb29b6af9a238ff456e,2,150,150,macro,1,1033539,0.2641643549998207,,74526,71bcad65117de684aeeaa8ca4a3e41d7ab5f88e3a9519173c8672f0d44ad5eb4,0.950851565,14038,False,TRANSLATED_ONLY,4.46987867200005,524399,4.734642559999884
b2,baseTest/0031.trace,baseTest,plain,3,2,0,3,1,MIN_EXPANDED_SIZE,,3,62761da60c0251c9234fe017d63810efe7707690c494ee27278655c72a566025,2,53,1447,atlas-b,1,,0.6146076079999148,"Exception in thread ""main"" Type error:
Translation capacity exceeded.
In this scope, universe contains 1529 atoms
and relations of arity 3 cannot be represented.
Visit http://alloy.mit.edu/ for advice on refactoring.
	at edu.mit.csail.sdg.translator.TranslateAlloyToKodkod.rethrow(TranslateAlloyToKodkod.java:411)
	at edu.mit.csail.sdg.translator.TranslateAlloyToKodkod.execute_command(TranslateAlloyToKodkod.java:533)
	at Rq2Translate.main(Rq2Translate.java:47)
",283230,54f75b5ac90c3f96c714babbb75036f86219a492a5bad7ba0340d2e4b7997d4e,,,False,TRANSLATION_ERROR,4.569883699000002,,5.185316016999877
b2,baseTest/0031.trace,baseTest,plain,3,2,0,3,1,MIN_EXPANDED_SIZE,,3,62761da60c0251c9234fe017d63810efe7707690c494ee27278655c72a566025,2,53,1447,macro,1,5756465,0.3643142749999697,,242901,81a12b0748a7da441c87f8e145d993beaccffa3fd9b023b7523b708f29bed4a7,5.689071327,77881,False,TRANSLATED_ONLY,20.04099047999989,2925580,20.40605731300002
b2,equal/0030.trace,equal,plain,3,2,0,3,1,MIN_EXPANDED_SIZE,,3,711ddd89f791ef8ab17f11b2a19baa627aeac6e0d21f0570a5d9fe2fbc7edc13,2,10,10,atlas-b,1,127617,0.414395248999881,,6190,d861edba05e7c550d7f0131844867dada802c6ea995f40f0ae0ae8b177b3a5fc,0.235084923,1081,False,TRANSLATED_ONLY,0.8651016159999472,41394,1.2801081899999645
b2,equal/0030.trace,equal,plain,3,2,0,3,1,MIN_EXPANDED_SIZE,,3,711ddd89f791ef8ab17f11b2a19baa627aeac6e0d21f0570a5d9fe2fbc7edc13,2,10,10,macro,1,91171,0.21410569900012888,,29641,65b3dec6e02b0fd88c534b657520a2455bdf4a0b12b90469a1321c2721f83895,0.426910739,1428,False,TRANSLATED_ONLY,1.1652865099999872,45923,1.3800032640001518
b2,5to10Traces/0096.trace,5to10Traces,plain,3,2,0,3,1,MIN_EXPANDED_SIZE,,3,9e8986cbce62921405456d7978fa1091f428c3cedf59d10e01cb987e4c6c4ee6,2,100,100,atlas-b,1,1251611,0.4644895149999684,,39674,ee1dd90574285c2d8faec027760c140503b6e3b95394424335524b4e5e3910bd,0.557186803,10081,False,TRANSLATED_ONLY,3.1678264659999513,404255,3.632889883999951
b2,5to10Traces/0096.trace,5to10Traces,plain,3,2,0,3,1,MIN_EXPANDED_SIZE,,3,9e8986cbce62921405456d7978fa1091f428c3cedf59d10e01cb987e4c6c4ee6,2,100,100,macro,1,710942,0.2641991450000205,,62568,58ee63d039f5b33f3dbb391a42a5c07ba7ff29de13eca1b0f3542262971c93a4,0.725062605,9904,False,TRANSLATED_ONLY,3.668920986000103,365013,3.9337179049998667
b2,5to10Traces/0166.trace,5to10Traces,plain,6,2,0,6,1,MIN_EXPANDED_SIZE,,5,6a37e5470656768f553fc77683f563d89952ded7e1fcecbd6e8c6031e1d59e87,3,150,150,atlas-b,1,3774000,0.5145525800000996,,71888,c294aca383e4cd6eec1b2b4516457204a26fd46703cc1ce9ee83c811fe7f89b8,0.862528157,19679,False,TRANSLATED_ONLY,7.07316661599998,1178106,7.588424722000127
b2,5to10Traces/0166.trace,5to10Traces,plain,6,2,0,6,1,MIN_EXPANDED_SIZE,,5,6a37e5470656768f553fc77683f563d89952ded7e1fcecbd6e8c6031e1d59e87,3,150,150,macro,1,3347450,0.26417466400016565,,108544,f7503d42d79cda8ecdaffdd4575b870bef7f522fdcd236c80cb03723f605473f,1.3546645,31337,False,TRANSLATED_ONLY,10.930304142000068,1638189,11.195131972000127
b2,moreDetailedTest/0018.trace,moreDetailedTest,plain,5,2,0,5,1,MIN_EXPANDED_SIZE,,5,523268829542b00ea917b0010d59cc92adc645e7bab4e373be1c95d98ed9fff8,2,150,150,atlas-b,1,3446953,0.4644738439999401,,58334,280e3f88348f1e4e74b88f2570f50b753b856e54f194f45915c5edc21f8de19e,0.70223896,18147,False,TRANSLATED_ONLY,7.423684521000041,1085263,7.888766929999974
b2,moreDetailedTest/0018.trace,moreDetailedTest,plain,5,2,0,5,1,MIN_EXPANDED_SIZE,,5,523268829542b00ea917b0010d59cc92adc645e7bab4e373be1c95d98ed9fff8,2,150,150,macro,1,2292221,0.2641925650000303,,92128,c5eafba0a179a6916ea7a7cf29eeeb59a2a14954c3d0b36652e3a8e07b26e9f0,1.046924741,22638,False,TRANSLATED_ONLY,8.375148920000129,1146841,8.639983969000014
b2,5to10Traces/0083.trace,5to10Traces,plain,18,2,0,8,1,MIN_EXPANDED_SIZE,,5,0092a507c55a5a4282a41def1ce2999d755b8d97fb91d2fe0eded9a1fa81ffd8,3,200,34,atlas-b,1,12795814,0.5145168480000848,,88297,b721f3d1ac0cea3555ce0bf8367bd6ca823bd143430fa9ee6313eae2146c0e5c,1.092160744,42299,False,TRANSLATED_ONLY,19.941022864999923,3736944,20.45618828800002
b2,5to10Traces/0083.trace,5to10Traces,plain,18,2,0,8,1,MIN_EXPANDED_SIZE,,5,0092a507c55a5a4282a41def1ce2999d755b8d97fb91d2fe0eded9a1fa81ffd8,3,200,34,macro,1,5656547,0.3642979139999625,,165965,17222f1cbe5c9a8be19f73c01611053689abbfeecdb0fb1455c28cf71323aa58,2.251819725,49061,False,TRANSLATED_ONLY,16.18599647300016,2413609,16.55105314399998
b2,5to10Traces/0036.trace,5to10Traces,plain,10,2,0,8,1,MIN_EXPANDED_SIZE,,9,b1e2aae2986a43365166a93f9337049f72a8d732496765ee22e195921efbf547,3,175,175,atlas-b,1,10191011,0.5146349620001729,,83489,237db4653f74d318e9a9a47e691af7ba3de8ac4810fef0919e37fb5aeedf4915,1.041161469,30125,False,TRANSLATED_ONLY,14.733312161999947,3085282,15.248588427999948
b2,5to10Traces/0036.trace,5to10Traces,plain,10,2,0,8,1,MIN_EXPANDED_SIZE,,9,b1e2aae2986a43365166a93f9337049f72a8d732496765ee22e195921efbf547,3,175,175,macro,1,6877915,0.26417460400011805,,122291,ff02d325f8a1015f278b045c540e304c46b17fc552ae4a5366c93b8a8908f7ec,1.626391759,58109,False,TRANSLATED_ONLY,23.194328282999777,3243806,23.459188682000104
b2,5to10Traces/0193.trace,5to10Traces,plain,10,2,0,8,1,MIN_EXPANDED_SIZE,,5,ec540ad4faf34d19b8c26dffb374dbd65ab41efbc701e91149a9529aa8a6d61a,3,39,200,atlas-b,1,13069205,0.5145952800000941,,90127,02bc165718d3cfa232095fde50467ef8902f81aedc1a1850526245df8dc912c8,1.083902434,43199,False,TRANSLATED_ONLY,20.54187469400017,3816729,21.05710653999995
b2,5to10Traces/0193.trace,5to10Traces,plain,10,2,0,8,1,MIN_EXPANDED_SIZE,,5,ec540ad4faf34d19b8c26dffb374dbd65ab41efbc701e91149a9529aa8a6d61a,3,39,200,macro,1,5680543,0.3642932159998509,,168305,43ca35ee7c8f4a884d2c7dab0ad862ce2c946df09f365e637ab2357d1156f46f,1.710499221,49901,False,TRANSLATED_ONLY,14.53404413699991,2436986,14.899037098999997
b2,5to10Traces/0049.trace,5to10Traces,plain,18,2,0,8,1,MIN_EXPANDED_SIZE,,15,30438c7936428af7ad72cc1315ea699c8be91d6b2fd954c32d5ece0bc742772d,3,12,50,atlas-b,1,15463512,0.41439748899983897,,25247,f783ff0f2bdb54a2fb67c14fd19c0359c25067dd9be325ee3459c01e4086fab5,0.472832738,18149,False,TRANSLATED_ONLY,23.396746312000005,4469325,23.81175197599987
b2,5to10Traces/0049.trace,5to10Traces,plain,18,2,0,8,1,MIN_EXPANDED_SIZE,,15,30438c7936428af7ad72cc1315ea699c8be91d6b2fd954c32d5ece0bc742772d,3,12,50,macro,1,3703961,0.31457883799998854,,157174,5a64c6430069f0d75c162cf95cf8ef2af3d44ae7b897cb510bb513841197c2e3,1.09541507,23102,False,TRANSLATED_ONLY,12.931315046999998,1514894,13.24664516100006
b2,moreDetailedTest/0054.trace,moreDetailedTest,plain,3,2,0,3,1,MIN_EXPANDED_SIZE,,3,81bbc8bda62f2d9f673309142da00247859a9f96330fcf68503fb50460439d4c,2,50,50,atlas-b,1,627171,0.4643862719999561,,21054,f81373a1805c0a3676874431120655b20c03253d6fb616a167fc936d8c4f1cc1,0.440276247,5081,False,TRANSLATED_ONLY,1.766075661000059,202667,2.2310298160000457
b2,moreDetailedTest/0054.trace,moreDetailedTest,plain,3,2,0,3,1,MIN_EXPANDED_SIZE,,3,81bbc8bda62f2d9f673309142da00247859a9f96330fcf68503fb50460439d4c,2,50,50,macro,1,396394,0.2140804579998985,,51207,3f655a40aa5f1c2b5398207fd11ac05e55b8360bc9522c9df68a683b28c37717,0.57438498,5536,False,TRANSLATED_ONLY,2.6170927720002055,201668,2.8316739219999363
b2,5to10Traces/0174.trace,5to10Traces,plain,6,2,0,6,1,MIN_EXPANDED_SIZE,,5,fe41503b69e91d4a017b84083fcd427a964966e8836a156bb0e7c99b89d4ed30,3,250,250,atlas-b,1,6284100,0.5144849790001444,,118288,d2622324b982e017ec07074f5d9db2d910504d479b3bb00a80839d1ab9e2ef5c,1.467691447,32679,False,TRANSLATED_ONLY,10.27890659600007,1961506,10.79405225000005
b2,5to10Traces/0174.trace,5to10Traces,plain,6,2,0,6,1,MIN_EXPANDED_SIZE,,5,fe41503b69e91d4a017b84083fcd427a964966e8836a156bb0e7c99b89d4ed30,3,250,250,macro,1,5493875,0.31427159899999424,,147916,133b713fdcc3ee3b55c832f2213372d67dccb5d96df0685005a03e0f60b2a7fd,3.004273744,51812,False,TRANSLATED_ONLY,21.693285326000023,2707869,22.00823632100014
b2,5to10Traces/0063.trace,5to10Traces,plain,18,2,0,8,1,MIN_EXPANDED_SIZE,,5,2ce63ff5e34cef24daee6a38e21f61b2a9b228d75356b8ec857a53c0be00c773,3,56,225,atlas-b,1,15364320,0.5144661580000047,,105524,0a86930a9a6ef0c5ccdddc3c5de9f39a116200849b592bdd66e5c4e0c3739c4d,1.178268281,50759,False,TRANSLATED_ONLY,24.500715219000085,4486923,25.01582157200005
b2,5to10Traces/0063.trace,5to10Traces,plain,18,2,0,8,1,MIN_EXPANDED_SIZE,,5,2ce63ff5e34cef24daee6a38e21f61b2a9b228d75356b8ec857a53c0be00c773,3,56,225,macro,1,6699329,0.4144042499999614,,185698,31f2c323e6b46f3c519effaf771c4c6bb3639a4ae95eb81b394eb98b21b72047,1.957303226,58595,False,TRANSLATED_ONLY,18.188709171000028,2866604,18.603772915000036
b2,moreDetailedTest/0057.trace,moreDetailedTest,plain,18,2,0,8,1,MIN_EXPANDED_SIZE,,9,4f2909eebc3b222544bb7be16127794983b5e97d2605d7fca77341a1f4f3d6ca,3,100,100,atlas-b,1,5838236,0.4644648440000765,,48689,a433cf245bf5ac06db671f3b4b8cea775fa956ad3d8651290e96f5d3ca4dedcd,0.738179258,17375,False,TRANSLATED_ONLY,7.72547061399996,1767532,8.19052927100006
b2,moreDetailedTest/0057.trace,moreDetailedTest,plain,18,2,0,8,1,MIN_EXPANDED_SIZE,,9,4f2909eebc3b222544bb7be16127794983b5e97d2605d7fca77341a1f4f3d6ca,3,100,100,macro,1,3917579,0.2641451639999559,,90049,5d58d02a8a68efdf46d925cc504ea58e9a8c7a7b4f954c794848c8ac406175e3,1.04688766,33425,False,TRANSLATED_ONLY,13.033411155000067,1841051,13.298197844000015
b2,moreDetailedTest/0097.trace,moreDetailedTest,plain,6,2,0,6,1,MIN_EXPANDED_SIZE,,5,358203429a0dda968d2aae24d6eedc1bfbb07c72f2684977777992dc1d1b1fb6,3,5,5,atlas-b,1,134355,0.4143413280000914,,4808,3ec5b97062df7aaf13cc48823e2e9ec09c3bd2efb49c7dd878049433d60916e1,0.195554841,829,False,TRANSLATED_ONLY,0.7648052819999975,42176,1.1797114339999553
b2,moreDetailedTest/0097.trace,moreDetailedTest,plain,6,2,0,6,1,MIN_EXPANDED_SIZE,,5,358203429a0dda968d2aae24d6eedc1bfbb07c72f2684977777992dc1d1b1fb6,3,5,5,macro,1,125618,0.21409337800014328,,30874,b638d161508f5493930db402ff7a3eda6e2b3142d39daa21f721129e8328aebd,0.429462787,1832,False,TRANSLATED_ONLY,1.415614916000095,60451,1.6303009379998912
b2,5to10Traces/0079.trace,5to10Traces,plain,18,2,0,8,1,MIN_EXPANDED_SIZE,,11,6b1f34756a919d6f363f39c71ab2178ce9a2b7c6a15cb0d3988ef8e04e59e7d3,3,150,33,atlas-b,1,27777316,0.5144865719998961,,69583,b6f369a38ca950234dd7556f21b02f231efa7bcae6de04790eb8573311635226,1.008664505,44417,False,TRANSLATED_ONLY,37.76801662799994,8065893,38.283151134000036
b2,5to10Traces/0079.trace,5to10Traces,plain,18,2,0,8,1,MIN_EXPANDED_SIZE,,11,6b1f34756a919d6f363f39c71ab2178ce9a2b7c6a15cb0d3988ef8e04e59e7d3,3,150,33,macro,1,10278070,0.4143242709999413,,236559,06c6c99f53c57194f6963a115ea51e84e31b68b76650e0377b720c9b84facb4b,1.876706735,61727,False,TRANSLATED_ONLY,33.81163797399995,4266698,34.22668234999992
b2,increasingNumVariables/0051.trace,increasingNumVariables,plain,264,2,0,8,1,MIN_EXPANDED_SIZE,,5,6672bdeac2b4622012f73f35569222cb61266182f5219bbd6e46b4af8cb2da19,9,30,30,atlas-b,1,1192687,0.4644433480000316,,32573,08965ce9f485024c48daf26fefbd8848e3d56f9275aaf3e2d9add934f2bf7ec7,0.564567518,6155,False,TRANSLATED_ONLY,2.2169655269999566,359845,2.6820363389999784
b2,increasingNumVariables/0051.trace,increasingNumVariables,plain,264,2,0,8,1,MIN_EXPANDED_SIZE,,5,6672bdeac2b4622012f73f35569222cb61266182f5219bbd6e46b4af8cb2da19,9,30,30,macro,1,706130,0.41438690100017084,,52767,45053e8bc35c917b7015795e8f6425310ac12b4b3683b4b344908fba4ee4c796,0.610009006,7154,False,TRANSLATED_ONLY,3.819054585999993,345679,4.234032871999943
b2,5to10Traces/0106.trace,5to10Traces,plain,3,2,0,3,1,MIN_EXPANDED_SIZE,,3,9593852e462db7fcb6ebe1f947471ac2acb167a391edb99c28d7ea92ee701ef3,2,225,225,atlas-b,1,2812717,0.5145341590000498,,86384,9879f9c6d4a21f9033d69bb933b21912f39bf0d1df17b4e5b075de1b4c50c509,1.052241563,22581,False,TRANSLATED_ONLY,6.272065545000032,908233,6.787255931000118
b2,5to10Traces/0106.trace,5to10Traces,plain,3,2,0,3,1,MIN_EXPANDED_SIZE,,3,9593852e462db7fcb6ebe1f947471ac2acb167a391edb99c28d7ea92ee701ef3,2,225,225,macro,1,1413455,0.2641181520000373,,86390,10d6a194ba4683f9caf2aa4334bc47fc5c1139057df4e4f08d893ee39709c171,1.134107692,19368,False,TRANSLATED_ONLY,6.222339309000063,720584,6.487060754999902
b2,moreDetailedTest/0066.trace,moreDetailedTest,plain,18,2,0,8,1,MIN_EXPANDED_SIZE,,5,cbfc471d055d6f53923782080bf95050aaed9d3165c0bc4c90e820b6576d5892,3,400,400,atlas-b,1,10049246,0.5645147530001395,,187878,c6f0823f80a140aca815d2982715c03314880396adecfee1eedc6a0ad3fcfb2a,2.472937894,52179,False,TRANSLATED_ONLY,16.738065835000043,3136601,17.303336715000114
b2,moreDetailedTest/0066.trace,moreDetailedTest,plain,18,2,0,8,1,MIN_EXPANDED_SIZE,,5,cbfc471d055d6f53923782080bf95050aaed9d3165c0bc4c90e820b6576d5892,3,400,400,macro,1,8649909,0.36428059600007145,,208246,ff014fa19b86cab31f042510696f54caa2514ad8b4f0b81ae1ac1d06785385e4,3.895323686,80330,False,TRANSLATED_ONLY,30.158721200999935,4245406,30.523751773999948
b2,5to10Traces/0187.trace,5to10Traces,plain,10,2,0,8,1,MIN_EXPANDED_SIZE,,7,b6dfee7d418c289bbd1e34d3c8f1d0d60e1c4f69ecaace4c58cfe595b2138de0,3,20,125,atlas-b,1,11720720,0.4643913770000836,,55649,e40b610031bf05e1aa2052652b8b453dd8d195d5c68b37c4374bd09389460156,0.77094453,29269,False,TRANSLATED_ONLY,14.68567761600002,3419940,15.150692156999867
b2,5to10Traces/0187.trace,5to10Traces,plain,10,2,0,8,1,MIN_EXPANDED_SIZE,,7,b6dfee7d418c289bbd1e34d3c8f1d0d60e1c4f69ecaace4c58cfe595b2138de0,3,20,125,macro,1,6166890,0.3142650320000939,,159142,2d47607df4f915fb9b8cacd3f7e969c2b87d33ac0a9667e0354be062c0894e3b,1.359423629,42902,False,TRANSLATED_ONLY,16.040598951999982,2580522,16.35554558900003
b2,moreDetailedTest/0013.trace,moreDetailedTest,plain,10,2,0,8,1,MIN_EXPANDED_SIZE,,5,4880f6359b196b71ec8d7d3876a1de65b2cb1d331add5ead63fe22ec98cb9ba3,3,5,5,atlas-b,1,134355,0.41437359199994717,,4808,4b6edb35fb376bfb54f734e8c03c37e3d2e7d8015863bce75ba60430251a1c07,0.212632547,829,False,TRANSLATED_ONLY,0.8149474449999161,42176,1.2298915900000793
b2,moreDetailedTest/0013.trace,moreDetailedTest,plain,10,2,0,8,1,MIN_EXPANDED_SIZE,,5,4880f6359b196b71ec8d7d3876a1de65b2cb1d331add5ead63fe22ec98cb9ba3,3,5,5,macro,1,132496,0.21410825099997055,,27148,cdd58af570cddba6254f75c0d4c1eb3cec942e369fb21aaa6ccf91e46bf6db7c,0.4372972,1853,False,TRANSLATED_ONLY,1.515899969999964,62908,1.7305962750001527
b2,5to10Traces/0005.trace,5to10Traces,plain,5,2,0,5,1,MIN_EXPANDED_SIZE,,5,660a589b506704d37a8541151f8c604018739a7d81f670e47eb3eaa1c1d4d439,2,2,50,atlas-b,1,2644600,0.46449070599987863,,16909,4893443fad245e9a97ab76368d14c06dfa045077b477bb8932c82b009a6ddff7,0.390231522,8987,False,TRANSLATED_ONLY,4.520027648999985,774237,4.985089357999868
b2,5to10Traces/0005.trace,5to10Traces,plain,5,2,0,5,1,MIN_EXPANDED_SIZE,,5,660a589b506704d37a8541151f8c604018739a7d81f670e47eb3eaa1c1d4d439,2,2,50,macro,1,1221659,0.2642135449998477,,92803,02c459cc4a8e74a72d09237e56538084e613e8e7da5ae8265f200f8b0e1afb3a,0.82797606,11319,False,TRANSLATED_ONLY,4.720222297000191,525155,4.985072916999798
b2,increasingNumVariables/0025.trace,increasingNumVariables,plain,37,2,0,8,1,MIN_EXPANDED_SIZE,,5,38a441c409dc2b144fe14941b02a00a5998292fb1b1082fa897059c9cb05d284,6,20,20,atlas-b,1,657571,0.4649926100000812,,17141,2944de65a3642db32bd8053b70af3ca63a6ba5fa980bacd86917bf91cd3f0906,0.419042059,3499,False,TRANSLATED_ONLY,1.7168582869999227,201205,2.1824867910002013
b2,increasingNumVariables/0025.trace,increasingNumVariables,plain,37,2,0,8,1,MIN_EXPANDED_SIZE,,5,38a441c409dc2b144fe14941b02a00a5998292fb1b1082fa897059c9cb05d284,6,20,20,macro,1,486078,0.2641355449998173,,38391,4145d011bb798917409620dceb0a8a1a2973e127e05302b2d62fae30f9f6f6af,0.529249893,5039,False,TRANSLATED_ONLY,2.617256553999823,235226,2.8820117239999945
b2,baseTest/0033.trace,baseTest,plain,3,2,0,3,1,MIN_EXPANDED_SIZE,,3,6ea284eaba3d6f2ca110a3c0bda24a177149d3f4549c2712d2e4a56139f05a82,2,148,4852,atlas-b,1,,0.8148768229998495,"Exception in thread ""main"" Type error:
Translation capacity exceeded.
In this scope, universe contains 5029 atoms
and relations of arity 3 cannot be represented.
Visit http://alloy.mit.edu/ for advice on refactoring.
	at edu.mit.csail.sdg.translator.TranslateAlloyToKodkod.rethrow(TranslateAlloyToKodkod.java:411)
	at edu.mit.csail.sdg.translator.TranslateAlloyToKodkod.execute_command(TranslateAlloyToKodkod.java:533)
	at Rq2Translate.main(Rq2Translate.java:47)
",941032,f633a86bf7e560247e706227e001ab7c96bdeb8ac426ca6faf0bddc46bbfdc56,,,False,TRANSLATION_ERROR,20.541421559000128,,21.35785687900011
b2,baseTest/0033.trace,baseTest,plain,3,2,0,3,1,MIN_EXPANDED_SIZE,,3,6ea284eaba3d6f2ca110a3c0bda24a177149d3f4549c2712d2e4a56139f05a82,2,148,4852,macro,1,13814615,0.5145245530000011,,533873,1bc4b5dd22216c079a084daf07e1b2d58b8098e9daef8750a1395c96c3cdff10,18.788554352,186145,False,TRANSLATED_ONLY,55.13703584400014,7005497,55.65257385000018
b2,5to10Traces/0153.trace,5to10Traces,plain,3,2,0,3,1,MIN_EXPANDED_SIZE,,3,9f4bd41aab16e2e41288202c56344218a42573d8ee800a22c6623b29e76448e1,2,11,250,atlas-b,1,8482608,0.5144269370000529,,74735,175245eeaceeecb1fe3b2627a24e090cf30b69c71c9b09d0a41a0595d7a8264f,1.010174793,39231,False,TRANSLATED_ONLY,13.68305109400012,2470397,14.198114355000143
b2,5to10Traces/0153.trace,5to10Traces,plain,3,2,0,3,1,MIN_EXPANDED_SIZE,,3,9f4bd41aab16e2e41288202c56344218a42573d8ee800a22c6623b29e76448e1,2,11,250,macro,1,2453262,0.31428123000000596,,136793,4eb708a03246c87df28156ec617692d9383788bd55bc69fedeb854660d0dece0,2.22600212,32862,False,TRANSLATED_ONLY,8.074898844000018,1066592,8.389867808999952
b2,increasingNumVariables/0033.trace,increasingNumVariables,plain,70,2,0,8,1,MIN_EXPANDED_SIZE,,15,80d7b99994d4daf5e9963e4a57213517ce3e29bfda521ef5a4a9bc44fcaf6fab,7,20,20,atlas-b,1,3416420,0.46444741799996336,,18946,7e4ed33c0abbd111f68de447eb589976784567ae061fcc89e49f6aba37a69781,0.446212106,6517,False,TRANSLATED_ONLY,5.922247176999917,997125,6.387297398999863
b2,increasingNumVariables/0033.trace,increasingNumVariables,plain,70,2,0,8,1,MIN_EXPANDED_SIZE,,15,80d7b99994d4daf5e9963e4a57213517ce3e29bfda521ef5a4a9bc44fcaf6fab,7,20,20,macro,1,863311,0.3142642419998083,,49505,4b3f893c4cc7eec9a619002913d3b1d2a038a29c9d87d3d4132bb767e660ec1f,0.64223861,8932,False,TRANSLATED_ONLY,4.470149479999918,404740,4.785003174999929
b2,5to10Traces/0127.trace,5to10Traces,plain,67,2,0,8,1,MIN_EXPANDED_SIZE,,5,38b148e43e53e0ba5fb58e99548c5349a8584426d82a0641034aee72f07c14dc,4,2,200,atlas-b,1,11843743,0.514463441000089,,94777,d0543aa94b8588d8137f71196440af2ee4d04adeb328739e0895b717c224d6f3,1.072026807,38595,False,TRANSLATED_ONLY,14.885626700000103,3452665,15.400719285999912
b2,5to10Traces/0127.trace,5to10Traces,plain,67,2,0,8,1,MIN_EXPANDED_SIZE,,5,38b148e43e53e0ba5fb58e99548c5349a8584426d82a0641034aee72f07c14dc,4,2,200,macro,1,4865888,0.5145681040000909,,141799,48d1c88b08458749fc63bd71e4570f8d866d578351d2adf616ea057b767efe20,1.962379402,42913,False,TRANSLATED_ONLY,14.033820964000142,2081470,14.549077303999866
b2,increasingNumVariables/0020.trace,increasingNumVariables,plain,20,2,0,8,1,MIN_EXPANDED_SIZE,,7,311b784809d3a10949bdcc74d37655d9d9670a6d5ac7dd710e9af302bba16b28,5,35,35,atlas-b,1,1639969,0.4643959160000577,,24967,1cedf02bc9bcaf37f279abb7ae4a64d1214bc6b3077f443804e21040577add44,0.452301337,6311,False,TRANSLATED_ONLY,2.517180025000016,497601,2.9821438839999246
b2,increasingNumVariables/0020.trace,increasingNumVariables,plain,20,2,0,8,1,MIN_EXPANDED_SIZE,,7,311b784809d3a10949bdcc74d37655d9d9670a6d5ac7dd710e9af302bba16b28,5,35,35,macro,1,1220827,0.2640995629999452,,55700,79952956c467d068956a97e3e82ff2d0f02d6bef3b0375aab6e191bdf3700e05,0.651881812,11510,False,TRANSLATED_ONLY,6.222827514000073,583291,6.487486520999937
b2,moreDetailedTest/0039.trace,moreDetailedTest,plain,18,2,0,8,1,MIN_EXPANDED_SIZE,,5,0c180b00dda04beb7101c891aa8836486327261c97f53dc99681954fa42c5065,3,500,500,atlas-b,1,12559348,0.5646049439999388,,234288,ef9505846ca6cf1091bf8236c00bdacbdf945bf7d8529f436da9f4f91d4f527f,2.862326386,65179,False,TRANSLATED_ONLY,26.8014848790001,3920003,27.36689314199998
b2,moreDetailedTest/0039.trace,moreDetailedTest,plain,18,2,0,8,1,MIN_EXPANDED_SIZE,,5,0c180b00dda04beb7101c891aa8836486327261c97f53dc99681954fa42c5065,3,500,500,macro,1,10796730,0.36428909599999315,,247969,f21ca6dfee2dac27b195df161b6018c566ceff5ffdc6972bb72d0c3d084c4964,5.205825225,100532,False,TRANSLATED_ONLY,37.864278628999955,5308761,38.22937260399999
b2,moreDetailedTest/0080.trace,moreDetailedTest,plain,67,2,0,8,1,MIN_EXPANDED_SIZE,,9,f88b209c9f44897c74fcb5ea01127241b0ff75ad97d626894bb652e787c86ffc,4,317,400,atlas-b,1,22241483,0.5644985559999895,,200902,6cd9c86cd56146f6ee4d888c336bf0df4bcb281e1b823f6f945ed198d5659f86,2.505076335,64957,False,TRANSLATED_ONLY,37.271833372999936,6703830,37.83713598699978
b2,moreDetailedTest/0080.trace,moreDetailedTest,plain,67,2,0,8,1,MIN_EXPANDED_SIZE,,9,f88b209c9f44897c74fcb5ea01127241b0ff75ad97d626894bb652e787c86ffc,4,317,400,macro,1,14060812,0.41435549900006663,,230802,1db6bc07d276e1f0e6841469850f4277fd579283fb7cb43c2d74fd7e84c58381,4.038000292,117484,False,TRANSLATED_ONLY,47.08313561600016,6642852,47.49826888200005
b2,moreDetailedTest/0102.trace,moreDetailedTest,plain,3,2,0,3,1,MIN_EXPANDED_SIZE,,3,5047d939004a1da7728da1452aa54dd90f35a5deec2b3f57c330c73c02127750,2,150,150,atlas-b,1,1876049,0.5145546730000206,,58346,a44232c4dd6859978b01c35cd3cfceebe4993b4558e4b54425ea0bb388a3412b,0.740100908,15081,False,TRANSLATED_ONLY,4.370266075000018,605839,4.885440372000176
b2,moreDetailedTest/0102.trace,moreDetailedTest,plain,3,2,0,3,1,MIN_EXPANDED_SIZE,,3,5047d939004a1da7728da1452aa54dd90f35a5deec2b3f57c330c73c02127750,2,150,150,macro,1,999726,0.264125045000128,,74769,54a3ce4cd9d825c2dc7391a114ba731dd8d54914fbede37d8b5f06b48ccc69a6,0.995851919,13843,False,TRANSLATED_ONLY,4.7707764069998575,511719,5.035526746000187
b2,moreDetailedTest/0072.trace,moreDetailedTest,plain,67,2,0,8,1,MIN_EXPANDED_SIZE,,11,712a95f97a55148b893cab7e054060b15ca5368cc6eb72bbdff11635e77e8b38,4,7,10,atlas-b,1,781761,0.4143775820000428,,7189,07a28a7ada6c0fbb6511dafee40dfd90d564be27f42d3a04d837b6c47e1835d4,0.24312177,2257,False,TRANSLATED_ONLY,1.4657042209998963,233178,1.8806432070000483
b2,moreDetailedTest/0072.trace,moreDetailedTest,plain,67,2,0,8,1,MIN_EXPANDED_SIZE,,11,712a95f97a55148b893cab7e054060b15ca5368cc6eb72bbdff11635e77e8b38,4,7,10,macro,1,392155,0.3142297409999628,,38059,d0dec20f2ba002d435d3dad4d7837713305391a41eccf139d5405d953e30e2f9,0.498878882,4765,False,TRANSLATED_ONLY,2.868110563000073,181235,3.1829033770000024
b2,5to10Traces/0192.trace,5to10Traces,plain,10,2,0,8,1,MIN_EXPANDED_SIZE,,5,d327ecb59370e7f354a49762e1340a8d988054ec2dd62e634ebaf3dbc7ae7294,3,200,200,atlas-b,1,5029048,0.5145077919999039,,95074,7ec5d427a614bf5cfd2e24372619a0f916a040a5c1836283883c6386db6976c6,1.090530114,26179,False,TRANSLATED_ONLY,8.82527436600003,1569804,9.340396772999839
b2,5to10Traces/0192.trace,5to10Traces,plain,10,2,0,8,1,MIN_EXPANDED_SIZE,,5,d327ecb59370e7f354a49762e1340a8d988054ec2dd62e634ebaf3dbc7ae7294,3,200,200,macro,1,4307731,0.31421029100010855,,136391,3e1bf716cdcc009b867f964840c5a54f608b27e26b8661b498875507a2229c08,2.311740704,40661,False,TRANSLATED_ONLY,15.084825806000026,2120358,15.399672421000105
b2,moreDetailedTest/0038.trace,moreDetailedTest,plain,18,2,0,8,1,MIN_EXPANDED_SIZE,,15,0d18e9f8d22d050ea0c4de80564a33c7c22b89896d67116dcfe4cb314451f2dc,3,400,400,atlas-b,1,,0.5645535870000913,,187880,586719074aa0d7a66df5f3f890fb69a99317a1dc45109532fe86de0909f5f71f,,,False,TRANSLATION_TIMEOUT,180.29680577,,180.86202115200012
b2,moreDetailedTest/0038.trace,moreDetailedTest,plain,18,2,0,8,1,MIN_EXPANDED_SIZE,,15,0d18e9f8d22d050ea0c4de80564a33c7c22b89896d67116dcfe4cb314451f2dc,3,400,400,macro,1,15100031,0.36436965999996573,,219141,8cca6a8491677a725d55e12ea9ee89c99f160d025d6b52ea28ee606b3b23da1d,4.126159497,126908,False,TRANSLATED_ONLY,53.73735969800009,7145938,54.10247689400012
b2,increasingNumVariables/0019.trace,increasingNumVariables,plain,20,2,0,8,1,MIN_EXPANDED_SIZE,,5,6f005d78edc710d2c62fa5cbbde82652ac3302eed6133dca5eed9c797e70f493,5,30,30,atlas-b,1,902745,0.4144823640001505,,21757,4e552535a2d61f2ef8862bd1d3c9367242e0107796522dc3cb4ea72b1d033e25,0.424737481,4755,False,TRANSLATED_ONLY,1.8662682240001232,277937,2.2813473020000856
b2,increasingNumVariables/0019.trace,increasingNumVariables,plain,20,2,0,8,1,MIN_EXPANDED_SIZE,,5,6f005d78edc710d2c62fa5cbbde82652ac3302eed6133dca5eed9c797e70f493,5,30,30,macro,1,721093,0.26413180500003364,,42204,c038ed7ba7c62799d0c7b05d4d34f0031a83bed141ed98bc34b2325089746b62,0.556308477,7134,False,TRANSLATED_ONLY,3.7692430160000185,348952,4.033968635999827
b2,5to10Traces/0053.trace,5to10Traces,plain,18,2,0,8,1,MIN_EXPANDED_SIZE,,7,e7248279f2a15a5de11d23fd419dd208c9e4f00722658331d9ffea70eb2a14f3,3,16,100,atlas-b,1,9380714,0.4644458580000901,,45010,9229c35ae5b15f92b5be43e77c1877620bf194dca436c5d6386660159ac45483,0.597827476,23469,False,TRANSLATED_ONLY,12.029728780000141,2737251,12.494786950999924
b2,5to10Traces/0053.trace,5to10Traces,plain,18,2,0,8,1,MIN_EXPANDED_SIZE,,7,e7248279f2a15a5de11d23fd419dd208c9e4f00722658331d9ffea70eb2a14f3,3,16,100,macro,1,4691892,0.3643938180000532,,146179,d8ec099c616d0d9764f74cd313ee6c2a29fb2eb0c9df8807d07bb3c0e9432915,1.180294036,34753,False,TRANSLATED_ONLY,14.033114557999852,1992480,14.39817806200017
b2,5to10Traces/0134.trace,5to10Traces,plain,3,2,0,3,1,MIN_EXPANDED_SIZE,,3,b9a86b47eaf5db55f3666241002af9f574c3f021a944ea482f846dbf92122d19,2,25,25,atlas-b,1,314949,0.46438471900000877,,11770,387ddef15a7b8c38e6a51eec22e0c629990e41360ab9340017d1d2a357e3304f,0.250822677,2581,False,TRANSLATED_ONLY,1.1653630950002025,101871,1.630284286999995
b2,5to10Traces/0134.trace,5to10Traces,plain,3,2,0,3,1,MIN_EXPANDED_SIZE,,3,b9a86b47eaf5db55f3666241002af9f574c3f021a944ea482f846dbf92122d19,2,25,25,macro,1,196656,0.2140513629999532,,40304,8bc0d91ae2fa15caae7854e61d28b1f3c0d88a8189f4cc7bcb9d106f648ace18,0.52954207,2858,False,TRANSLATED_ONLY,1.666234470000063,99369,1.8808271969999169
b2,5to10Traces/0186.trace,5to10Traces,plain,10,2,0,8,1,MIN_EXPANDED_SIZE,,9,6c35d83292b8c3ba57c1ff70f542e719141299b437277834cfe7be3de30c77e5,3,125,125,atlas-b,1,7289161,0.514654045999805,,60289,039d3053a2aa89935c7d523066174a95cf38e20da8dfff92dc2d070c2026abb3,0.839696736,21625,False,TRANSLATED_ONLY,10.627294937999977,2206782,11.14255558800005
b2,5to10Traces/0186.trace,5to10Traces,plain,10,2,0,8,1,MIN_EXPANDED_SIZE,,9,6c35d83292b8c3ba57c1ff70f542e719141299b437277834cfe7be3de30c77e5,3,125,125,macro,1,4791207,0.26416342600009557,,103564,30446dd595eaea61e67ed05768d2a71b3439fb63e557b6828d973e7623c6734e,1.37505997,41213,False,TRANSLATED_ONLY,16.486854043999983,2267511,16.751640253999994
b2,moreDetailedTest/0089.trace,moreDetailedTest,plain,6,2,0,6,1,MIN_EXPANDED_SIZE,,5,10eb82fc9b894566e2bdda7fbe063f53fb1f1ab040f98850aea7e910a9bcf07a,3,175,175,atlas-b,1,4401525,0.4643926360001842,,83488,ea7f69cc56f92f35ba4d6248ec64301a6aeeb5e3029164ee3f9e32598ceeb0ec,1.146228119,22929,False,TRANSLATED_ONLY,8.425767158000099,1373956,8.890871919999881
b2,moreDetailedTest/0089.trace,moreDetailedTest,plain,6,2,0,6,1,MIN_EXPANDED_SIZE,,5,10eb82fc9b894566e2bdda7fbe063f53fb1f1ab040f98850aea7e910a9bcf07a,3,175,175,macro,1,3873947,0.264132335000113,,111938,08d31bbbfa0be73bdd8e4c7226ccf54275c738a4bbed5da663d0a7cdf907dfcd,1.586946059,36461,False,TRANSLATED_ONLY,14.435377630999938,1902460,14.700121149000097
b2,5to10Traces/0189.trace,5to10Traces,plain,10,2,0,8,1,MIN_EXPANDED_SIZE,,9,0fe6622716b9cea1f2d8283991a34c46b7095f11c1cd07d16e97a9e72256fd88,3,24,150,atlas-b,1,19691988,0.4645139700000982,,66288,553ef16819bdd39a9daa6c86027858705f88e9ee0a17821595576843cfc388b2,0.834700131,38655,False,TRANSLATED_ONLY,31.75611471100001,5732522,32.2212455450001
b2,5to10Traces/0189.trace,5to10Traces,plain,10,2,0,8,1,MIN_EXPANDED_SIZE,,9,0fe6622716b9cea1f2d8283991a34c46b7095f11c1cd07d16e97a9e72256fd88,3,24,150,macro,1,9242413,0.31423998100012795,,204983,ef9900a7ff0788450a3527ec3a18e887e9fcea54ae32a600433bbec8aa1aff02,1.663971737,58454,False,TRANSLATED_ONLY,27.60484296599998,3873782,27.919782264000105
b2,5to10Traces/0119.trace,5to10Traces,plain,67,2,0,8,1,MIN_EXPANDED_SIZE,,5,ef685ef6eb2164beed9d2227784f11e537a9265388d76c9bed067e1b32573d25,4,1,100,atlas-b,1,5929385,0.46438029000000824,,48622,ca651225fa3a8531d9f641e77d669a43ba221b261ea4635d4981bb786656729f,0.655085522,19405,False,TRANSLATED_ONLY,8.074843826999995,1728695,8.53985583099984
b2,5to10Traces/0119.trace,5to10Traces,plain,67,2,0,8,1,MIN_EXPANDED_SIZE,,5,ef685ef6eb2164beed9d2227784f11e537a9265388d76c9bed067e1b32573d25,4,1,100,macro,1,2439801,0.46442703999991863,,101576,3b821eb6a6c2c0954d0eea3ad0648961bf04ff6051921cc72310e9315224b3d1,1.061607585,21934,False,TRANSLATED_ONLY,6.673090848999891,1047938,7.138196374999779
b2,moreDetailedTest/0040.trace,moreDetailedTest,plain,18,2,0,8,1,MIN_EXPANDED_SIZE,,15,548b527cb9bb92b42993458f5cddec76676b2b9e8dd25186bca955302c1d2f80,3,50,50,atlas-b,1,6795082,0.46585142000003543,,25590,fc47b8bd690e86fc94bb28a83cb01b48980975fdc51ecd1b98281b524283002e,0.464317034,12289,False,TRANSLATED_ONLY,8.676139104999947,2006451,9.142598697999802
b2,moreDetailedTest/0040.trace,moreDetailedTest,plain,18,2,0,8,1,MIN_EXPANDED_SIZE,,15,548b527cb9bb92b42993458f5cddec76676b2b9e8dd25186bca955302c1d2f80,3,50,50,macro,1,1997682,0.2641270250001071,,75298,cb39eb28ba168bb1701ae21270628d386141eeb7e2246ae5c2db6bee3862c7c8,0.815458927,18041,False,TRANSLATED_ONLY,9.22601288299984,934779,9.490776903000096
b2,5to10Traces/0095.trace,5to10Traces,plain,3,2,0,3,1,MIN_EXPANDED_SIZE,,3,969646a38bc6bc704a38a19c2bc089befbedff76da85252b4f0454cf7ca53f0e,2,75,6,atlas-b,1,2634345,0.4644902679999632,,24909,db46a02e6c473f5839952057db9d723ef9d6519a0db9658e1d8f9afae6e0a272,0.428503658,12231,False,TRANSLATED_ONLY,4.470181400000001,767418,4.935256342999992
b2,5to10Traces/0095.trace,5to10Traces,plain,3,2,0,3,1,MIN_EXPANDED_SIZE,,3,969646a38bc6bc704a38a19c2bc089befbedff76da85252b4f0454cf7ca53f0e,2,75,6,macro,1,765964,0.26415938600007394,,78738,dfb64634bba4adf68f1d85649bf1d1c2f2f61e1e867deffd4a9e9f3ac36e4372,0.793881859,10398,False,TRANSLATED_ONLY,3.7191068590000214,332268,3.983901979999928
b2,5to10Traces/0101.trace,5to10Traces,plain,3,2,0,3,1,MIN_EXPANDED_SIZE,,3,372b9838d8266f416e41aa875ecca19abe8623178268fe6bc729bd22a9fc7775,2,150,10,atlas-b,1,5200980,0.4643908799998826,,46759,18cb687ba6b03b892b47a61bef2971d78a2d89d8739236f10cd5f956af60c015,0.684676728,24081,False,TRANSLATED_ONLY,8.97697978799988,1514837,9.441953861000002
b2,5to10Traces/0101.trace,5to10Traces,plain,3,2,0,3,1,MIN_EXPANDED_SIZE,,3,372b9838d8266f416e41aa875ecca19abe8623178268fe6bc729bd22a9fc7775,2,150,10,macro,1,1531444,0.26411154500010525,,103955,0eb9cd04942c061fb2474f38c565452c77b88bffdb2e76be450dfe2ba2d0691d,1.019034622,20174,False,TRANSLATED_ONLY,5.872045403999891,659623,6.13679282399994
b2,5to10Traces/0105.trace,5to10Traces,plain,3,2,0,3,1,MIN_EXPANDED_SIZE,,3,abb42f8c7226c387421d21d7148df6ff92155bea62f30a15fd0dd6e191c5b81b,2,200,10,atlas-b,1,6825430,0.46516461700002765,,60609,715d93a59d0c9f7ceb0a8a000bbdd9ad6e44dbf1b4b3e60aca081877ae03b2f4,0.784493723,31581,False,TRANSLATED_ONLY,11.228230834999977,1987887,11.694018207
b2,5to10Traces/0105.trace,5to10Traces,plain,3,2,0,3,1,MIN_EXPANDED_SIZE,,3,abb42f8c7226c387421d21d7148df6ff92155bea62f30a15fd0dd6e191c5b81b,2,200,10,macro,1,2010298,0.31415506500002266,,113067,294088045c30f478ea9d39af4cf08a11c17b0b15a0bf6a68cf6a979cfb50162c,1.206621642,26687,False,TRANSLATED_ONLY,6.123229408999805,868581,6.438032618999841
b2,5to10Traces/0121.trace,5to10Traces,plain,67,2,0,8,1,MIN_EXPANDED_SIZE,,9,e45333bddeaa1e9ab771c42877b7697ed4fdd5374692a194e80178ce15b63daf,4,2,125,atlas-b,1,15283523,0.5144558510000934,,60503,7432dacda9e98c94440d14b282c019687eab9a4e9d4ec7bcb76181b74fab6cc7,0.838843937,29637,False,TRANSLATED_ONLY,21.949352267999984,4442165,22.464411772999938
b2,5to10Traces/0121.trace,5to10Traces,plain,67,2,0,8,1,MIN_EXPANDED_SIZE,,9,e45333bddeaa1e9ab771c42877b7697ed4fdd5374692a194e80178ce15b63daf,4,2,125,macro,1,6731766,0.5144535110000561,,156890,63b32de75f2bcc2fd916fc46887f6c1df48af14cd5c17a06bef7572b3db17e90,1.47777253,43876,False,TRANSLATED_ONLY,21.194413267999835,2827650,21.709562374999905
b2,5to10Traces/0046.trace,5to10Traces,plain,18,2,0,8,1,MIN_EXPANDED_SIZE,,5,5015ab49b8416d7fd346e98aa2c1d6056f2a5e41522ce67ca9331ba5cb7ef5aa,3,25,25,atlas-b,1,636375,0.464499091000107,,14038,b2ff51fb8dde9153a6d2815e0838cc823db2f7f1a810feac5b079ee48b15131d,0.35967035,3429,False,TRANSLATED_ONLY,1.6160374359999423,198856,2.0810730799998964
b2,5to10Traces/0046.trace,5to10Traces,plain,18,2,0,8,1,MIN_EXPANDED_SIZE,,5,5015ab49b8416d7fd346e98aa2c1d6056f2a5e41522ce67ca9331ba5cb7ef5aa,3,25,25,macro,1,554818,0.26421475699999064,,52923,cb92bd935bba07afcb6e39a262651db6a69c5e24a72ce6940f0e3d32d94ad7ee,0.577779019,5822,False,TRANSLATED_ONLY,3.518590506999999,271617,3.783382457000016
b2,5to10Traces/0088.trace,5to10Traces,plain,3,2,0,3,1,MIN_EXPANDED_SIZE,,3,7a07ac4d8b0c8cb38deb1004b65846c157259ffb4f5548d7963544aac1cca8d2,2,5,5,atlas-b,1,65175,0.4143454150000707,,4354,8ec39cf4dfdbac250b57bd8f1c41202275157539932fe7dd0421f9629a43e539,0.18496556,581,False,TRANSLATED_ONLY,0.6146065880000151,21237,1.0295320660000016
b2,5to10Traces/0088.trace,5to10Traces,plain,3,2,0,3,1,MIN_EXPANDED_SIZE,,3,7a07ac4d8b0c8cb38deb1004b65846c157259ffb4f5548d7963544aac1cca8d2,2,5,5,macro,1,47604,0.21412069199982398,,23960,c36245719c291eebd5ce24b0bfee59da3076d45952154110bff0c9cc94b9b38a,0.40024615,843,False,TRANSLATED_ONLY,1.0653279309999562,23969,1.280022807000023
b2,moreDetailedTest/0117.trace,moreDetailedTest,plain,10,2,0,8,1,MIN_EXPANDED_SIZE,,5,76dbc214d1874e8253f6d92364d66cd50d8b08ce9ea7d0ac3ce4a182d4fca717,3,175,175,atlas-b,1,4401523,0.5145536340000945,,83488,bd570f3845eb5c145a44c91a69f7bb9d78d83144993a23abc4bb3c61a594af55,1.119364019,22929,False,TRANSLATED_ONLY,8.933237397000084,1373954,9.448402084000008
b2,moreDetailedTest/0117.trace,moreDetailedTest,plain,10,2,0,8,1,MIN_EXPANDED_SIZE,,5,76dbc214d1874e8253f6d92364d66cd50d8b08ce9ea7d0ac3ce4a182d4fca717,3,175,175,macro,1,3862490,0.31419793999998546,,118747,540acd08ada028866d0fddf9b0544b38466d2b8f98c9911917d571003bd69825,2.077881118,36125,False,TRANSLATED_ONLY,15.18502540899999,1892829,15.49986478400001
b2,increasingNumVariables/0005.trace,increasingNumVariables,plain,10,2,0,8,1,MIN_EXPANDED_SIZE,,9,dbdd627746860fa9b0e155e7eb7bb5b002787d7d0438d288ce8784b5c9a467e8,3,40,40,atlas-b,1,2356016,0.46445055699996374,,20969,d2d27cbe153d96e4b211fb42a41e2cfe3a7fbc1dafa374c020a6aee3d9bff4c7,0.448656794,7175,False,TRANSLATED_ONLY,3.9189876220000315,713332,4.384007003000079
b2,increasingNumVariables/0005.trace,increasingNumVariables,plain,10,2,0,8,1,MIN_EXPANDED_SIZE,,9,dbdd627746860fa9b0e155e7eb7bb5b002787d7d0438d288ce8784b5c9a467e8,3,40,40,macro,1,1573745,0.2643086590001076,,67285,cf80c9b01bfeac9d3299b1691085b44ad4c2b79aafa4c92e5d015e09cc8972d5,0.682688863,14351,False,TRANSLATED_ONLY,6.573704429999907,740921,6.838648764000027
b2,moreDetailedTest/0042.trace,moreDetailedTest,plain,18,2,0,8,1,MIN_EXPANDED_SIZE,,5,1d392a502c2156981d4bc674048d885acb36c2fee78efc8f06e72e2e098e6165,3,75,75,atlas-b,1,1891425,0.4644177600000603,,37138,257e9929ec2f1291e031c64111c29de6f327694e0af955d1b6ba5b0761470b1c,0.521360301,9929,False,TRANSLATED_ONLY,3.569027786000106,590556,4.0340371400000095
b2,moreDetailedTest/0042.trace,moreDetailedTest,plain,18,2,0,8,1,MIN_EXPANDED_SIZE,,5,1d392a502c2156981d4bc674048d885acb36c2fee78efc8f06e72e2e098e6165,3,75,75,macro,1,1634101,0.2641663360000166,,74523,070ad6c3395fe6308ec6e6eb3d3cbfaf83c4cebc60777db58fedee2cf6bc0077,0.832106276,15839,False,TRANSLATED_ONLY,6.822626928000091,802950,7.087398138000026
b2,5to10Traces/0015.trace,5to10Traces,plain,5,2,0,5,1,MIN_EXPANDED_SIZE,,5,0f0ec3bcc17fbab360cf629aca37f0d9e5415b296cb77f0082b1ee7567b46347,2,10,175,atlas-b,1,9392214,0.46437460900006045,,53684,f1e4caab4e7cf85ef09da149333e5fe03e28e827d73e1334f67d2acc85223e4a,0.708701025,31597,False,TRANSLATED_ONLY,11.780176283999936,2748622,12.245165456999985
b2,5to10Traces/0015.trace,5to10Traces,plain,5,2,0,5,1,MIN_EXPANDED_SIZE,,5,0f0ec3bcc17fbab360cf629aca37f0d9e5415b296cb77f0082b1ee7567b46347,2,10,175,macro,1,4287885,0.314495142999931,,168448,b513267cb70c7004aef6c744c836a2a5147d3b05af67a675b2b0b5e0cdc2e265,1.926821804,38136,False,TRANSLATED_ONLY,13.232151665999936,1836162,13.547387565999998
b2,moreDetailedTest/0005.trace,moreDetailedTest,plain,10,2,0,8,1,MIN_EXPANDED_SIZE,,5,de22b10e381746d23576b1b6da56d8fb96336abaa7a8fcf3af83451d90b053dc,3,175,175,atlas-b,1,4401525,0.5145330929999545,,83488,238a1dceaeb3972b511747f8a711700857417b44fdfcf21e6cd3f83e45eee0c8,1.044496162,22929,False,TRANSLATED_ONLY,8.977617721000115,1373956,9.492836549999993
b2,moreDetailedTest/0005.trace,moreDetailedTest,plain,10,2,0,8,1,MIN_EXPANDED_SIZE,,5,de22b10e381746d23576b1b6da56d8fb96336abaa7a8fcf3af83451d90b053dc,3,175,175,macro,1,3867661,0.264176875999965,,121596,96c74d828d007b8ee372164c9afb7845a174685192c7539f72f459fcb9da8d59,2.004216077,36503,False,TRANSLATED_ONLY,14.585819202000039,1901911,14.85064126300017
b2,moreDetailedTest/0021.trace,moreDetailedTest,plain,5,2,0,5,1,MIN_EXPANDED_SIZE,,5,b29b7e68a35953845512bd1a4f94e053332c9d0878ea812822dcc32bacab180b,2,250,250,atlas-b,1,5740626,0.5144822109998586,,95694,f837e00f4e95902f2ccc94c99a6918f76ff55c70b4a9035e1e6778975d8e1387,1.203015468,30147,False,TRANSLATED_ONLY,8.225288615999943,1807230,8.740404141999988
b2,moreDetailedTest/0021.trace,moreDetailedTest,plain,5,2,0,5,1,MIN_EXPANDED_SIZE,,5,b29b7e68a35953845512bd1a4f94e053332c9d0878ea812822dcc32bacab180b,2,250,250,macro,1,3513641,0.26413725499992324,,110457,9f8032fa2dcaf06d3c1e9c0fac5790dcb1906fa831b2de0e7971ed71b958c4df,1.659419512,34167,False,TRANSLATED_ONLY,11.780588653999985,1752510,12.04538367500004
b2,5to10Traces/0056.trace,5to10Traces,plain,18,2,0,8,1,MIN_EXPANDED_SIZE,,5,20f4e14ed1677bec1373dcd944e30d8cfc45c5fa4e2a9e72082654e3c7c07d55,3,150,150,atlas-b,1,3773999,0.5144834459999856,,71888,ddb6a5850cd1ae98855dace25a5b53e0c7d2b9424b1d91d67e6bf1946c58ae60,0.9474042,19679,False,TRANSLATED_ONLY,6.923309745000097,1178105,7.438406536000002
b2,5to10Traces/0056.trace,5to10Traces,plain,18,2,0,8,1,MIN_EXPANDED_SIZE,,5,20f4e14ed1677bec1373dcd944e30d8cfc45c5fa4e2a9e72082654e3c7c07d55,3,150,150,macro,1,3272543,0.31425658400007705,,110307,ca5588a14bcebaf11a26bbe50f344136bb57e0277e4d8cb3d24522d298a09896,1.394970141,30854,False,TRANSLATED_ONLY,10.978912132999994,1607333,11.293797071999961
b2,moreDetailedTest/0027.trace,moreDetailedTest,plain,5,2,0,5,1,MIN_EXPANDED_SIZE,,5,0c233b8f85a98d7588240e2c2060428d85cc1df8ef1157bae4b680254ad27e94,2,5,5,atlas-b,1,121118,0.4143421019998641,,4354,f1cb696f8e766c3392f5b7bb877abb5b38efe0c38d5452f1f17dc0ea89125f51,0.197245051,747,False,TRANSLATED_ONLY,0.7648016780001399,38396,1.1797248530001525
b2,moreDetailedTest/0027.trace,moreDetailedTest,plain,5,2,0,5,1,MIN_EXPANDED_SIZE,,5,0c233b8f85a98d7588240e2c2060428d85cc1df8ef1157bae4b680254ad27e94,2,5,5,macro,1,110471,0.21406819900016671,,22748,34e9163f92aba7f6cceadf8638c1c63624d141c7c0e73a67b006ac9a065293bb,0.399409677,1677,False,TRANSLATED_ONLY,1.2654442610000842,53941,1.4800739229999635
b2,moreDetailedTest/0006.trace,moreDetailedTest,plain,10,2,0,8,1,MIN_EXPANDED_SIZE,,5,43b61c5334fb0f3169a01dbea98283428ad2fd75d05a745550f085f3e521d13e,3,200,200,atlas-b,1,5029050,0.5144505709999976,,95088,c1527aafbe6c4d5fbb5a6d612c1e4d773f3bc4c1eddba24b06435b75f2194e1c,1.203341628,26179,False,TRANSLATED_ONLY,7.424626295000053,1569806,7.93972592099999
b2,moreDetailedTest/0006.trace,moreDetailedTest,plain,10,2,0,8,1,MIN_EXPANDED_SIZE,,5,43b61c5334fb0f3169a01dbea98283428ad2fd75d05a745550f085f3e521d13e,3,200,200,macro,1,4471229,0.3142101599999023,,129168,27aaa34e2342f4e5bee1ebed606ca4f0f096d98f5c57c909cc4ba5473fa7cdd5,2.139732945,41606,False,TRANSLATED_ONLY,15.241383646000031,2188459,15.556311352999955
b2,moreDetailedTest/0084.trace,moreDetailedTest,plain,67,2,0,8,1,MIN_EXPANDED_SIZE,,15,26248e3a236ebf1aa7a6c5bc31aafbc13134a9a5d9990871a12935b8737fc8a3,4,52,75,atlas-b,1,9026076,0.4644827320000786,,37546,5704fb1f5c1b31f84bc511edac508b086ea2aa14f300aa577229b02ec8fbdfd4,0.576361296,16105,False,TRANSLATED_ONLY,11.185913064000033,2658964,11.650999038999998
b2,moreDetailedTest/0084.trace,moreDetailedTest,plain,67,2,0,8,1,MIN_EXPANDED_SIZE,,15,26248e3a236ebf1aa7a6c5bc31aafbc13134a9a5d9990871a12935b8737fc8a3,4,52,75,macro,1,2455312,0.3643385089999356,,80963,fb58dd59c0cf3fa414fd868a030fcd15c017aa307230297722a7f86fedda16bd,0.922048642,22405,False,TRANSLATED_ONLY,10.727677535999874,1167053,11.092687751000085
b2,5to10Traces/0176.trace,5to10Traces,plain,10,2,0,8,1,MIN_EXPANDED_SIZE,,5,d5a043284aa0a5c5774276dd80654700e024333355a5976fb375e5983586f01e,3,5,5,atlas-b,1,134355,0.414303167999833,,4808,54e5e943717172dfc2105f9e15751e1e6340b5ef69fba8b465d7caef8e73c51a,0.23590583,829,False,TRANSLATED_ONLY,0.8148931480000101,42176,1.2297699989999273
b2,5to10Traces/0176.trace,5to10Traces,plain,10,2,0,8,1,MIN_EXPANDED_SIZE,,5,d5a043284aa0a5c5774276dd80654700e024333355a5976fb375e5983586f01e,3,5,5,macro,1,135864,0.21408473499991487,,31148,0c38acab7894d1ad31f466212ba7085b3a239de818b511232c6983f0ef559015,0.465465174,1853,False,TRANSLATED_ONLY,1.4662016019999555,64084,1.6808906700000534
b2,moreDetailedTest/0119.trace,moreDetailedTest,plain,10,2,0,8,1,MIN_EXPANDED_SIZE,,7,49b137eb25ccdaaec4c110888d440b31e19e24a201ac87203126c16867fcd951,3,250,250,atlas-b,1,9982939,0.5144164400001046,,118289,1c6d47408786f7afecd848e4bc933d20911ec001a8775797506efe5774285cc2,1.401803827,37769,False,TRANSLATED_ONLY,17.34604466499991,3061994,17.86112579099995
b2,moreDetailedTest/0119.trace,moreDetailedTest,plain,10,2,0,8,1,MIN_EXPANDED_SIZE,,7,49b137eb25ccdaaec4c110888d440b31e19e24a201ac87203126c16867fcd951,3,250,250,macro,1,8231701,0.31418592999989414,,158047,e5eff79d3c1a9adaa080af50a4e6471712091c912b4611e1b13f7c309f9b8ff3,2.333052806,70540,False,TRANSLATED_ONLY,27.45263360900003,3932858,27.767481162999957
b2,5to10Traces/0018.trace,5to10Traces,plain,5,2,0,5,1,MIN_EXPANDED_SIZE,,5,2a201848a120d6627cd6a3129527070df72cfba676dee4fc4872104f9611e1e6,2,225,225,atlas-b,1,5167214,0.5148704700000053,,86414,b6e117accec3b2a7b1076a32ff4584ce5e68c2afab52387c85d15144cd1fc15a,1.135168364,27147,False,TRANSLATED_ONLY,8.375252604000025,1626743,8.890761887999815
b2,5to10Traces/0018.trace,5to10Traces,plain,5,2,0,5,1,MIN_EXPANDED_SIZE,,5,2a201848a120d6627cd6a3129527070df72cfba676dee4fc4872104f9611e1e6,2,225,225,macro,1,3277170,0.3142544279999129,,106265,8fb9951cf5a96468af12ef3701a9bd8888e1e62c83f866305083d21bfd5562ae,1.387853465,31794,False,TRANSLATED_ONLY,10.327681941000037,1629905,10.642568222999898
b2,moreDetailedTest/0111.trace,moreDetailedTest,plain,3,2,0,3,1,MIN_EXPANDED_SIZE,,3,1d0e331fcf1deb12361318c6fb38c3547878fecafbe59c5294d6c9e17c80a342,2,5,5,atlas-b,1,65175,0.41439230500009216,,4354,1d2285d3e21c84e28cf3a5cdc8ca57a130cc7bbf54529fcd310a558b58e29061,0.182705327,581,False,TRANSLATED_ONLY,0.6646693830000459,21237,1.079626431999941
b2,moreDetailedTest/0111.trace,moreDetailedTest,plain,3,2,0,3,1,MIN_EXPANDED_SIZE,,3,1d0e331fcf1deb12361318c6fb38c3547878fecafbe59c5294d6c9e17c80a342,2,5,5,macro,1,49510,0.21406448199991246,,24416,72b3d7d756eef22975fee0f19586895b19155544fa1ade032e57d472a3857729,0.341509433,882,False,TRANSLATED_ONLY,0.9150029219999851,24775,1.129619595999884
b2,5to10Traces/0080.trace,5to10Traces,plain,18,2,0,8,1,MIN_EXPANDED_SIZE,,5,f2434042464636c57e3f95690a219a0e946ad0f386c0b30fe37d6445d6301399,3,175,175,atlas-b,1,4401524,0.46444575700002133,,83488,221dd44894137bc53551db56bdeaa0d1dd0686f613a98f981a62537ad7d1a9aa,1.00496509,22929,False,TRANSLATED_ONLY,8.62558852899997,1373955,9.090666390000024
b2,5to10Traces/0080.trace,5to10Traces,plain,18,2,0,8,1,MIN_EXPANDED_SIZE,,5,f2434042464636c57e3f95690a219a0e946ad0f386c0b30fe37d6445d6301399,3,175,175,macro,1,3846046,0.31422827100004724,,117152,2f919e42377a7f14366402e753097cc790c787bfa755ff9ed95794f6940f6318,1.65110218,35831,False,TRANSLATED_ONLY,14.983955329000082,1882521,15.298844864999865
b2,5to10Traces/0183.trace,5to10Traces,plain,10,2,0,8,1,MIN_EXPANDED_SIZE,,9,7916c59cbc42af906d83b5c9a37a794076f41f998650a4c86e92bddaba18da25,3,19,75,atlas-b,1,10654073,0.4645832830001382,,36958,b756eef6b9bb9703493d331524e91942bc727b954b9aa179c754f19fb765811d,0.525800163,21055,False,TRANSLATED_ONLY,12.033742305000033,3101722,12.498952122999981
b2,5to10Traces/0183.trace,5to10Traces,plain,10,2,0,8,1,MIN_EXPANDED_SIZE,,9,7916c59cbc42af906d83b5c9a37a794076f41f998650a4c86e92bddaba18da25,3,19,75,macro,1,5090039,0.3142455769998378,,168825,33f9c64269866dd2792da56c328329524ce1541bc3894dc75eb7274462f39358,1.69556074,32648,False,TRANSLATED_ONLY,15.884741679999934,2121142,16.199676412999906
b2,5to10Traces/0175.trace,5to10Traces,plain,6,2,0,6,1,MIN_EXPANDED_SIZE,,5,28732aebd9a32ac10df5fde6e83c5c5b69a775b314df1fd64c6db1ea9f1cd116,3,250,250,atlas-b,1,27331600,0.5645170210000288,,185853,71094c6589e8cdd42cf9563e9de7123a310ecda32c8de2ca6569eb294eaf8a30,2.334760034,90179,False,TRANSLATED_ONLY,47.085366109000006,7981506,47.65064071699999
b2,5to10Traces/0175.trace,5to10Traces,plain,6,2,0,6,1,MIN_EXPANDED_SIZE,,5,28732aebd9a32ac10df5fde6e83c5c5b69a775b314df1fd64c6db1ea9f1cd116,3,250,250,macro,1,11976225,0.36433702100021037,,241166,4ef8bd876103592dee6493fd884b2001409f6139669556efde60058017d3c350,3.533094807,104396,False,TRANSLATED_ONLY,34.118221162000054,5105344,34.48330540899997
b2,increasingNumVariables/0029.trace,increasingNumVariables,plain,37,2,0,8,1,MIN_EXPANDED_SIZE,,15,8a7057275ae0b67e48e560de6a18e860f8fc1cb61de272ff2366964b469ba2c9,6,40,40,atlas-b,1,6310721,0.4644519299999956,,31782,335851d182a0caf2020201ac37f1a465fbe820d1a1bb8eb4d39c7bf2e03d8ebc,0.526721384,11429,False,TRANSLATED_ONLY,7.924799068000084,1849523,8.38980017100016
b2,increasingNumVariables/0029.trace,increasingNumVariables,plain,37,2,0,8,1,MIN_EXPANDED_SIZE,,15,8a7057275ae0b67e48e560de6a18e860f8fc1cb61de272ff2366964b469ba2c9,6,40,40,macro,1,1724544,0.31426677799981917,,56445,728c38c3eaac6b655a2c0562795d7daf80dbb500a2d69a77448a40e34be46119,0.728262158,15557,False,TRANSLATED_ONLY,6.973014324999895,802689,7.287857455999983
b2,5to10Traces/0027.trace,5to10Traces,plain,10,2,0,8,1,MIN_EXPANDED_SIZE,,5,ebc6ebfd17f860ed1799aaa5836ba235cb0bda9d86eab7bd16a584195748e4ed,3,50,50,atlas-b,1,5473400,0.46439339900007326,,39153,7c8f162eb45a9ac36db80315d9231f35e376d5d38a543eba5ebffba0eb2e49d5,0.630533522,18179,False,TRANSLATED_ONLY,8.976282841000057,1598706,9.441267943999947
b2,5to10Traces/0027.trace,5to10Traces,plain,10,2,0,8,1,MIN_EXPANDED_SIZE,,5,ebc6ebfd17f860ed1799aaa5836ba235cb0bda9d86eab7bd16a584195748e4ed,3,50,50,macro,1,2381789,0.3142600579999453,,116323,c1b28fccadae54d39ad73e09499113e816fe2d9592cbebdf93640bcdb03e9d55,1.01726911,21488,False,TRANSLATED_ONLY,7.574431423000078,1021528,7.88941792699984
b2,5to10Traces/0171.trace,5to10Traces,plain,6,2,0,6,1,MIN_EXPANDED_SIZE,,5,b20ab982fceffe4adbbfb37241ddd8dbd85b26501d8b13f20e9fb892232c88c6,3,200,200,atlas-b,1,21867050,0.5145418219999556,,149153,882cf9055c8df2df5b91e3cb30055edb005112b0160e8b0e480dc21dafe069c7,1.806106734,72179,False,TRANSLATED_ONLY,32.856745733000025,6385806,33.37198042199998
b2,5to10Traces/0171.trace,5to10Traces,plain,6,2,0,6,1,MIN_EXPANDED_SIZE,,5,b20ab982fceffe4adbbfb37241ddd8dbd85b26501d8b13f20e9fb892232c88c6,3,200,200,macro,1,9573150,0.3142446880001444,,204472,69d98b540fb65c52b19623978330908160001ab285bba2fb4a5b59c84078f77f,2.737451552,83837,False,TRANSLATED_ONLY,28.102487152000094,4090413,28.417442134999874
b2,5to10Traces/0141.trace,5to10Traces,plain,3,2,0,3,1,MIN_EXPANDED_SIZE,,3,eaaa14beeeee68786188f6926149a68b31cafde21a0dee43ee6800922b11834f,2,7,100,atlas-b,1,3479153,0.5144996569999876,,32084,eec11a35ca818797cc60471a3233c2ae887cdd38d035e4f4c119c57dc6af1f56,0.496838869,16131,False,TRANSLATED_ONLY,5.821667684999966,1013404,6.336726214000009
b2,5to10Traces/0141.trace,5to10Traces,plain,3,2,0,3,1,MIN_EXPANDED_SIZE,,3,eaaa14beeeee68786188f6926149a68b31cafde21a0dee43ee6800922b11834f,2,7,100,macro,1,1028243,0.2641294469999593,,89341,3e0aa6e8dc6405d270dfc10ab91aedd46a6e26593190e0a90b315e920ac6a22f,0.907253732,13648,False,TRANSLATED_ONLY,3.968973598000048,444141,4.2336975199998506
b2,increasingNumVariables/0013.trace,increasingNumVariables,plain,11,2,0,8,1,MIN_EXPANDED_SIZE,,9,0a011e572c33dfcc58a4322a5a335d5939e820b9064a678a28e992cd8382c25c,4,40,40,atlas-b,1,2519603,0.46443301699991935,,24573,2a73188dc967520c9fbeb7e6399db2b640294db17b31eaf5d88ddf2a78adcfc5,0.443853163,7627,False,TRANSLATED_ONLY,4.019927101000121,759346,4.484930790999897
b2,increasingNumVariables/0013.trace,increasingNumVariables,plain,11,2,0,8,1,MIN_EXPANDED_SIZE,,9,0a011e572c33dfcc58a4322a5a335d5939e820b9064a678a28e992cd8382c25c,4,40,40,macro,1,1604174,0.26411953499996343,,63632,5709c5c6740828f48cfd9d496ac729f69dd726fc7758d8480402996881caf90a,0.738721116,14722,False,TRANSLATED_ONLY,6.973591758000111,757034,7.23828774499998
b2,5to10Traces/0185.trace,5to10Traces,plain,10,2,0,8,1,MIN_EXPANDED_SIZE,,5,fcf466c6def80e828dda76534ea43b918b98537b4aa82fc1256f149e8cfde24f,3,20,100,atlas-b,1,6566350,0.4645228520000728,,46473,388c0f3419f05359e8fa69c0b2151d1de0d522c99b4f8ce1c856965912b0dd18,0.608276117,21779,False,TRANSLATED_ONLY,8.676438667999946,1917846,9.14155621399982
b2,5to10Traces/0185.trace,5to10Traces,plain,10,2,0,8,1,MIN_EXPANDED_SIZE,,5,fcf466c6def80e828dda76534ea43b918b98537b4aa82fc1256f149e8cfde24f,3,20,100,macro,1,2842273,0.3142064969999865,,121358,abbdf43558b2029a14a53a1612942eb02ff0ac77177e29cf78f1a9518e2cecee,1.140208762,25541,False,TRANSLATED_ONLY,9.780765987999985,1220644,10.095635499999844
b2,moreDetailedTest/0017.trace,moreDetailedTest,plain,5,2,0,5,1,MIN_EXPANDED_SIZE,,5,52e36d53331ecd0548f794488523f8257be45cb2e1b84a9743be1f4474e4440c,2,125,125,atlas-b,1,2873543,0.46446431100002883,,49024,53181d03160e2d8e657e69b8f8a6e16fa2d6df6ef69395bdda3d83e2aec64945,0.59348586,15147,False,TRANSLATED_ONLY,5.020846659999961,904778,5.4859150349998345
b2,moreDetailedTest/0017.trace,moreDetailedTest,plain,5,2,0,5,1,MIN_EXPANDED_SIZE,,5,52e36d53331ecd0548f794488523f8257be45cb2e1b84a9743be1f4474e4440c,2,125,125,macro,1,2017899,0.2641596779999418,,87403,1a6edf4cced279bf3e44b1cb0ce1479e8f3f04ab6b30fe15cfdf06bd27e8b392,0.937310167,19887,False,TRANSLATED_ONLY,8.174639690000049,1005559,8.439446772999872
b2,increasingNumVariables/0040.trace,increasingNumVariables,plain,135,2,0,8,1,MIN_EXPANDED_SIZE,,5,921304a33cc412881d129ebc4b89f7d14cb98cbacb837b96b0d52f7480b96388,8,15,15,atlas-b,1,579561,0.46443579100014176,,16189,f018cf775b0947242b90ee03396d9018d57541e4239d2e3fc36578443d056f9d,0.406135338,3099,False,TRANSLATED_ONLY,1.4157861019998563,175335,1.880799245999924
b2,increasingNumVariables/0040.trace,increasingNumVariables,plain,135,2,0,8,1,MIN_EXPANDED_SIZE,,5,921304a33cc412881d129ebc4b89f7d14cb98cbacb837b96b0d52f7480b96388,8,15,15,macro,1,375105,0.31429461899983835,,38002,7a971d1b7a0a582ce531121a6ab37e655076ab6738b640b703be328bd2bf3e29,0.499969055,3999,False,TRANSLATED_ONLY,2.5173129669999526,179525,2.832247341000084
b2,disjunctedExistence/0045.trace,disjunctedExistence,plain,11,2,0,8,1,MIN_EXPANDED_SIZE,,11,fbf7c42f8d1e5dd6310dd6068d655e08723527693bff2083f7ff09be97c3299e,4,500,1,atlas-b,1,21208487,0.5145006709999507,,141179,d9fc7b1caa7bc00e8f2f642ce69b9345151f65783746ecc101c5b302c4958926,1.679070208,50657,False,TRANSLATED_ONLY,28.600916409999854,6334481,29.11619713999994
b2,disjunctedExistence/0045.trace,disjunctedExistence,plain,11,2,0,8,1,MIN_EXPANDED_SIZE,,11,fbf7c42f8d1e5dd6310dd6068d655e08723527693bff2083f7ff09be97c3299e,4,500,1,macro,1,10008637,0.31422930700000506,,171485,ec36d358cb9592dd0ed3799631542861e2c2fd4e50c226c2ef8dab31ed836507,3.131897549,83701,False,TRANSLATED_ONLY,34.71304741100016,4715037,35.02803143599999
b2,equal/0028.trace,equal,plain,6,2,0,6,1,MIN_EXPANDED_SIZE,,5,7f4d66bc49002a76dc3538d28842230ce9547b4ff15f23b217fac65a62f021ec,3,5,5,atlas-b,1,134355,0.4145900440000787,,4808,f770f9e84452d086868a0df43007bcba4752d5311e8e546955786162a4a35fed,0.192998916,829,False,TRANSLATED_ONLY,0.8151466229999187,42176,1.2302999710000222
b2,equal/0028.trace,equal,plain,6,2,0,6,1,MIN_EXPANDED_SIZE,,5,7f4d66bc49002a76dc3538d28842230ce9547b4ff15f23b217fac65a62f021ec,3,5,5,macro,1,130308,0.21409829499998523,,27181,6cb16b636eac213d41a7add3dcb0686dc9f41816de311463e52e658b9bd6b1e6,0.424123805,1832,False,TRANSLATED_ONLY,1.4659743859999708,62081,1.6806493340000088
b2,5to10Traces/0050.trace,5to10Traces,plain,18,2,0,8,1,MIN_EXPANDED_SIZE,,7,e8a823e3c3a7b888a9cbb620f2002d454a22f181ad3c3d6bad1204fb0f76904b,3,75,75,atlas-b,1,3009365,0.46442976000003,,37139,e9a7b479e9e40e1a4513809504ab1512f6e6d4a3f28bbeb31d07982982f1c7d7,0.540595589,11519,False,TRANSLATED_ONLY,5.1709164229998805,923145,5.63591733699991
b2,5to10Traces/0050.trace,5to10Traces,plain,18,2,0,8,1,MIN_EXPANDED_SIZE,,7,e8a823e3c3a7b888a9cbb620f2002d454a22f181ad3c3d6bad1204fb0f76904b,3,75,75,macro,1,2500115,0.2641675380000379,,82057,cc1de46dc2c687454a3bed9e652f49fb5585947d737e53120ea7fe6eff806ab4,1.069514138,22255,False,TRANSLATED_ONLY,8.975977497999793,1193313,9.240782021000086
b2,5to10Traces/0054.trace,5to10Traces,plain,18,2,0,8,1,MIN_EXPANDED_SIZE,,5,cdef96667f3e06b99fe679140c3e1979c0841dfc1c39b27629fcb3bb58e25741,3,125,125,atlas-b,1,3146474,0.46457094000015786,,60288,bf8df76b02d23eabcea4449aaca0b0ca9150671afbc7bbbada1922b555caec73,0.755737049,16429,False,TRANSLATED_ONLY,5.5717255289998775,982255,6.0369652850001785
b2,5to10Traces/0054.trace,5to10Traces,plain,18,2,0,8,1,MIN_EXPANDED_SIZE,,5,cdef96667f3e06b99fe679140c3e1979c0841dfc1c39b27629fcb3bb58e25741,3,125,125,macro,1,2759797,0.31424571200000173,,99784,e6c85775f1d2cd958f3eb4c634a8fd96dd367f2343b744dc1c566d97cbce498e,1.18003093,25835,False,TRANSLATED_ONLY,9.12675939299993,1347766,9.441674250000005
b2,5to10Traces/0064.trace,5to10Traces,plain,18,2,0,8,1,MIN_EXPANDED_SIZE,,9,4739f9e06f3c05ec3596ff9831d461a251a6384e5b72166a6596b77e3f6fe6b3,3,250,250,atlas-b,1,14543784,0.5144797709999693,,118289,689e517fb603d5096f25561d51a05e90463a0a02f20bcb2008c57e740699abb4,1.566702122,42875,False,TRANSLATED_ONLY,23.69653155600008,4403030,24.21169067300002
b2,5to10Traces/0064.trace,5to10Traces,plain,18,2,0,8,1,MIN_EXPANDED_SIZE,,9,4739f9e06f3c05ec3596ff9831d461a251a6384e5b72166a6596b77e3f6fe6b3,3,250,250,macro,1,9547079,0.3643311989999347,,158356,4754c402fe7ff572a13058ffd273a29bfffae7cebf2167a0367155ac1b08b5a7,2.32471098,79823,False,TRANSLATED_ONLY,32.01007715900005,4499766,32.37511541499998
b2,equal/0009.trace,equal,plain,5,2,0,5,1,MIN_EXPANDED_SIZE,,5,cecb682b73e3226b62a99ac3addf63d43d618e3b9e585fb4806cb9656ef7825f,2,10,10,atlas-b,1,235803,0.4645045930001288,,6204,4a15429f6e3def16275f5d79c7607325348551e779f3d8e4ebdf0097681c9fca,0.239915458,1347,False,TRANSLATED_ONLY,0.9651525790000051,74495,1.4302340249998906
b2,equal/0009.trace,equal,plain,5,2,0,5,1,MIN_EXPANDED_SIZE,,5,cecb682b73e3226b62a99ac3addf63d43d618e3b9e585fb4806cb9656ef7825f,2,10,10,macro,1,217428,0.21410555300008127,,40622,03c5805e5da870682718f755881727a45e75d2f988b9acade996ced8cc36fe15,0.487703278,2688,False,TRANSLATED_ONLY,1.8663075409999692,105798,2.080983786999923
b2,5to10Traces/0075.trace,5to10Traces,plain,18,2,0,8,1,MIN_EXPANDED_SIZE,,11,839c7f703e8cdbddd265b823b571ea03e2daca58a23f1493feff60c796373619,3,100,22,atlas-b,1,18535988,0.4644373700000415,,47207,4db897841ac3db21e955c1892f3fe8c9ffb6719abfa011aade9b9a5664559e02,0.771094302,29777,False,TRANSLATED_ONLY,26.549571918999845,5382564,27.014603523000005
b2,5to10Traces/0075.trace,5to10Traces,plain,18,2,0,8,1,MIN_EXPANDED_SIZE,,11,839c7f703e8cdbddd265b823b571ea03e2daca58a23f1493feff60c796373619,3,100,22,macro,1,6920229,0.36429122800018376,,179003,d100d343e4c328d34318f4deed2a431e9299c3df3a642f9441c5d45b3402643b,1.363009598,42191,False,TRANSLATED_ONLY,20.741850157000044,2871913,21.10684843099989
b2,5to10Traces/0131.trace,5to10Traces,plain,67,2,0,8,1,MIN_EXPANDED_SIZE,,5,c5c4a92ab8c6b7948f51749b2d9e2562d7f73ff62a72766c117bab32d44c8618,4,3,250,atlas-b,1,14830200,0.5145000620000246,,118082,6e3b77b868ec1771e69849d50130fa54f0484ed659a736179c91a05abba9be65,1.346951697,48285,False,TRANSLATED_ONLY,21.844181230999993,4323184,22.35935355799984
b2,5to10Traces/0131.trace,5to10Traces,plain,67,2,0,8,1,MIN_EXPANDED_SIZE,,5,c5c4a92ab8c6b7948f51749b2d9e2562d7f73ff62a72766c117bab32d44c8618,4,3,250,macro,1,6065470,0.5646009929998854,,170630,47c93d192ff3fe0928d6042df4a2dca30880e49b72f9221e90f204ebe1234e08,1.838774752,53581,False,TRANSLATED_ONLY,18.740924295000013,2597543,19.306199844000048
b2,5to10Traces/0155.trace,5to10Traces,plain,6,2,0,6,1,MIN_EXPANDED_SIZE,,5,cac4f35d45dd50acfc42000fba2cc7c8316cd1b38aba1dacf04663c1fffed8cb,3,5,5,atlas-b,1,555305,0.4145254930001556,,6223,6233a69a57961278307eedfb51397638611a62263d2408ecd116112d22245aea,0.234512528,1979,False,TRANSLATED_ONLY,1.1654504069999803,162576,1.580540633000055
b2,5to10Traces/0155.trace,5to10Traces,plain,6,2,0,6,1,MIN_EXPANDED_SIZE,,5,cac4f35d45dd50acfc42000fba2cc7c8316cd1b38aba1dacf04663c1fffed8cb,3,5,5,macro,1,253845,0.26417253700014953,,46938,7ed6bbb34be8511d376b19189a4586df90bffe7bc87c68342d8ddca9cd0b58ae,0.53212173,2924,False,TRANSLATED_ONLY,2.01683454099998,109238,2.2816396620000887
b2,moreDetailedTest/0124.trace,moreDetailedTest,plain,10,2,0,8,1,MIN_EXPANDED_SIZE,,5,e5d643710e9d85e0199f9b4e982504cbaa4a558eea405afca7c12f151949438a,3,50,50,atlas-b,1,1263899,0.46440794000000096,,25588,f2a2311f96f63d7e0680d56bce10670f8ff00616988fc3db72205cd5fc9774ab,0.443220921,6679,False,TRANSLATED_ONLY,2.3671228020002673,394705,2.8320777740000267
b2,moreDetailedTest/0124.trace,moreDetailedTest,plain,10,2,0,8,1,MIN_EXPANDED_SIZE,,5,e5d643710e9d85e0199f9b4e982504cbaa4a558eea405afca7c12f151949438a,3,50,50,macro,1,1104723,0.2641984480001156,,62074,bde0566f5f4d6400955d2e4c000ac1650788221cdb89c6d49e0a932c85fb77d3,0.682525595,10904,False,TRANSLATED_ONLY,5.020681706000232,542267,5.285504269000285
b2,5to10Traces/0007.trace,5to10Traces,plain,5,2,0,5,1,MIN_EXPANDED_SIZE,,5,18f49d7822132d05f1d4bb6e2811d77950778ba815b21d52c8366d09efeb63b2,2,7,75,atlas-b,1,4166615,0.46448424800018984,,25184,b2906b8a4ae24d6876a961905ff0d9904619e751194e516b610f413fd22a72c2,0.485101353,14087,False,TRANSLATED_ONLY,5.971737759000007,1219587,6.436829031000116
b2,5to10Traces/0007.trace,5to10Traces,plain,5,2,0,5,1,MIN_EXPANDED_SIZE,,5,18f49d7822132d05f1d4bb6e2811d77950778ba815b21d52c8366d09efeb63b2,2,7,75,macro,1,1939151,0.26414590600006704,,110805,dea8074171436b8e0bfdebfe6c3ca75fe9dbd32b01e66df9445117a24afb76a1,0.977979778,17493,False,TRANSLATED_ONLY,7.423274531000061,824467,7.688063500999988
b2,5to10Traces/0126.trace,5to10Traces,plain,67,2,0,8,1,MIN_EXPANDED_SIZE,,5,06b8f145441a4c53b4a1f07f068961f9d977fdc8ca1bae46737002179a95f00e,4,137,200,atlas-b,1,4609213,0.5145700429998215,,95641,c7515230f2a8de6f579b261c4b4a77d808517318e590dc561fd46e3558b3ea44,1.227570287,23805,False,TRANSLATED_ONLY,8.825633178999851,1428215,9.340858647000005
b2,5to10Traces/0126.trace,5to10Traces,plain,67,2,0,8,1,MIN_EXPANDED_SIZE,,5,06b8f145441a4c53b4a1f07f068961f9d977fdc8ca1bae46737002179a95f00e,4,137,200,macro,1,3824142,0.4144107399999939,,133349,11d7b56ccf1e27ccc908b0c4695fa6ca3348b9152ae41f0cd647ea00c8ce8a92,1.751689172,35479,False,TRANSLATED_ONLY,14.73599779999995,1865128,15.151086845999998
b2,5to10Traces/0066.trace,5to10Traces,plain,18,2,0,8,1,MIN_EXPANDED_SIZE,,9,be366ea181bd705203673a02f3beb9307e2b7f2428e44e84f12e6d02991f1a4e,3,5,5,atlas-b,1,324721,0.41436726500000987,,4809,d42462d07399192640bbe12f19aa8150f38bc19696d89c6a49a4f4b24de93cbe,0.184755485,1225,False,TRANSLATED_ONLY,0.9650686980000955,98382,1.3800018859999454
b2,5to10Traces/0066.trace,5to10Traces,plain,18,2,0,8,1,MIN_EXPANDED_SIZE,,9,be366ea181bd705203673a02f3beb9307e2b7f2428e44e84f12e6d02991f1a4e,3,5,5,macro,1,245724,0.21405791099982707,,35198,ef82d1b8099fa8abca377e9b3061dca6051b5f290fb4a4db5109a529016cc6c8,0.474265368,3428,False,TRANSLATED_ONLY,2.2671705349998774,112576,2.4817702390000704
b2,equal/0002.trace,equal,plain,10,2,0,8,1,MIN_EXPANDED_SIZE,,5,c4c504b73ecfe3051e9f57b0451084de14d0e5758787b689f5de361e371bbb0f,3,10,10,atlas-b,1,259860,0.4144618509999418,,7108,b24bfef0813180487d329243bba84d439ba45e1828d84cf8a4d55c9918a21e57,0.238216025,1479,False,TRANSLATED_ONLY,1.0154806390000886,81346,1.4305412039998373
b2,equal/0002.trace,equal,plain,10,2,0,8,1,MIN_EXPANDED_SIZE,,5,c4c504b73ecfe3051e9f57b0451084de14d0e5758787b689f5de361e371bbb0f,3,10,10,macro,1,242543,0.21409625399996912,,33081,4f5888943c09acbafb6cd06fc9a5ff80df57ce7e878fcccd4107301532d377ec,0.487606148,2903,False,TRANSLATED_ONLY,2.016638415999978,117323,2.231343064999919
b2,moreDetailedTest/0049.trace,moreDetailedTest,plain,3,2,0,3,1,MIN_EXPANDED_SIZE,,3,0f19f8e6afe758d1d90fc6e6d584016ab8f389b640d1d00d6ea607353905b82d,2,250,250,atlas-b,1,3124928,0.5144249600000421,,95714,045d27828c7bdb121892d52c643a61e5520532872bf132a4d741a6c53b92b0b0,1.250308815,25081,False,TRANSLATED_ONLY,7.223689947000139,1009018,7.738743500000055
b2,moreDetailedTest/0049.trace,moreDetailedTest,plain,3,2,0,3,1,MIN_EXPANDED_SIZE,,3,0f19f8e6afe758d1d90fc6e6d584016ab8f389b640d1d00d6ea607353905b82d,2,250,250,macro,1,1528760,0.2641769080000813,,90909,38d9a288acfcaec2bfdbf9f2b61ffd2892281b943826993286ae3cc1d1c8b305,1.272678288,20876,False,TRANSLATED_ONLY,6.523202268999967,780800,6.787988581000036
b2,5to10Traces/0160.trace,5to10Traces,plain,6,2,0,6,1,MIN_EXPANDED_SIZE,,5,67e4917bdac48ce1d41bc9df055dd50a4f2e832f346c348b0da8c5dc6550231e,3,75,75,atlas-b,1,1891425,0.464399948999926,,37138,aed6f929d9186d2f81015e15b37a9580aa6eb8335759d28330a0d2c7d43aa4ea,0.552255427,9929,False,TRANSLATED_ONLY,3.468488205000085,590556,3.9334878880001725
b2,5to10Traces/0160.trace,5to10Traces,plain,6,2,0,6,1,MIN_EXPANDED_SIZE,,5,67e4917bdac48ce1d41bc9df055dd50a4f2e832f346c348b0da8c5dc6550231e,3,75,75,macro,1,1710142,0.2642297070001405,,72450,77c6e52b5b7616fc351b05e1cc122f15711987bf1104c65e976634bc479db8e6,0.980856156,16280,False,TRANSLATED_ONLY,7.124804296000093,834226,7.389632186999961
b2,increasingNumVariables/0002.trace,increasingNumVariables,plain,10,2,0,8,1,MIN_EXPANDED_SIZE,,9,a9a5b3b328f419ed605aab700da4cfd7fd98178115d7b84ae68a26e0cd89df04,3,25,25,atlas-b,1,1485461,0.4644130300002871,,14039,659c5a9138c2afc31accb4553c0e6afd905ba29315ae7f8ad133c6e068ef4df0,0.330776566,4625,False,TRANSLATED_ONLY,2.466971627000021,449782,2.931962200000271
b2,increasingNumVariables/0002.trace,increasingNumVariables,plain,10,2,0,8,1,MIN_EXPANDED_SIZE,,9,a9a5b3b328f419ed605aab700da4cfd7fd98178115d7b84ae68a26e0cd89df04,3,25,25,macro,1,1026384,0.21405518200026563,,57528,5edb0e50567c2b72c4b7cbb0dfe555ca6e5e2a9d1890a340f12ba5670948faaf,0.625046174,9698,False,TRANSLATED_ONLY,5.371239880999838,477800,5.585872405000373
b2,moreDetailedTest/0047.trace,moreDetailedTest,plain,3,2,0,3,1,MIN_EXPANDED_SIZE,,3,8e2578ac0439b973c4380b4126f953af5754b611da87c8270d5bb903298c5057,2,175,175,atlas-b,1,2188268,0.464496421000149,,67684,819873ec3051ded69cf34adc8ef10ee4c00b62f26b9094b30d3dad4a801c6977,0.807926546,17581,False,TRANSLATED_ONLY,5.721458001999963,706632,6.186606299000005
b2,moreDetailedTest/0047.trace,moreDetailedTest,plain,3,2,0,3,1,MIN_EXPANDED_SIZE,,3,8e2578ac0439b973c4380b4126f953af5754b611da87c8270d5bb903298c5057,2,175,175,macro,1,1129930,0.2641582759999892,,76990,bb80a72c64874d573867673fad0787cdb6cc9022529af26ff1eb2419c2606410,1.045521226,15572,False,TRANSLATED_ONLY,5.220833462999963,577901,5.485609031999957
b2,5to10Traces/0114.trace,5to10Traces,plain,67,2,0,8,1,MIN_EXPANDED_SIZE,,7,5be77e06b023af1250463756bf06f6c5db3c04a372a3f491f29ab97e931bf38a,4,37,50,atlas-b,1,1891568,0.46439744999997856,,26505,c964bc805cd1ab9cb9c4a48ffead371943083420ff074e16b5fc646cb4e2a695,0.466111669,7273,False,TRANSLATED_ONLY,3.7188181100000293,576937,4.183790872999907
b2,5to10Traces/0114.trace,5to10Traces,plain,67,2,0,8,1,MIN_EXPANDED_SIZE,,7,5be77e06b023af1250463756bf06f6c5db3c04a372a3f491f29ab97e931bf38a,4,37,50,macro,1,1527157,0.3142348469998524,,61510,cb780ddab746e24efdf8fa0b1df1d8ab81dbbdffd45c14777bf8eebdb3376741,0.672060455,13910,False,TRANSLATED_ONLY,6.523118643000089,725992,6.837942604000091
b2,disjunctedExistence/0058.trace,disjunctedExistence,plain,134,2,0,8,1,MIN_EXPANDED_SIZE,,5,536d0e502da77b68bdba3a5dfb2a835e378bb339a49182a1519300259a4e8af8,7,2,200,atlas-b,1,14232025,0.5144834559998799,,149330,572d392aef3af641aaeae596224f4450f73e9668540701dbefed1a235cc3951a,1.823679477,44787,False,TRANSLATED_ONLY,20.842036389999976,4131387,21.35719676100007
b2,disjunctedExistence/0058.trace,disjunctedExistence,plain,134,2,0,8,1,MIN_EXPANDED_SIZE,,5,536d0e502da77b68bdba3a5dfb2a835e378bb339a49182a1519300259a4e8af8,7,2,200,macro,1,4946210,0.5646438040000703,,151430,fd37874a42f82993994e510006058d8e3e48cf8de145243cc1025b1066143932,1.598797036,43243,False,TRANSLATED_ONLY,14.435517624000113,2102434,15.00084456400009
b2,disjunctedExistence/0049.trace,disjunctedExistence,plain,134,2,0,8,1,MIN_EXPANDED_SIZE,,9,2f22c240859e2b9d49a99537712e8ad7f7de4cca881491e6a5f51d9d9739dc34,7,2,50,atlas-b,1,7412841,0.46440106000000014,,40330,82f09aaa14be4196699b293e1edfbb2aff99aebe154377f22db3c96aeb674462,0.664155211,14127,False,TRANSLATED_ONLY,8.324786814000163,2145992,8.789738525000075
b2,disjunctedExistence/0049.trace,disjunctedExistence,plain,134,2,0,8,1,MIN_EXPANDED_SIZE,,9,2f22c240859e2b9d49a99537712e8ad7f7de4cca881491e6a5f51d9d9739dc34,7,2,50,macro,1,2880298,0.5145898230000512,,106780,fb436e4c29529408865be8f1d58fe27470c9d4db5e68dfa70671e8b18b234c88,0.877758125,19381,False,TRANSLATED_ONLY,10.930654603999983,1198518,11.445892041999969
b2,moreDetailedTest/0125.trace,moreDetailedTest,plain,10,2,0,8,1,MIN_EXPANDED_SIZE,,5,233d80713b6f37f3184f268f010e9254c92461fc3c5d55263b2cb151b00853ff,3,5,5,atlas-b,1,134355,0.41440977599995676,,4808,a4c32353da837783a0c96f9ea81dcc77379a7c521d0f3e4f667734e45e9d2bbb,0.203283883,829,False,TRANSLATED_ONLY,0.714827731000014,42176,1.1298540719999437
b2,moreDetailedTest/0125.trace,moreDetailedTest,plain,10,2,0,8,1,MIN_EXPANDED_SIZE,,5,233d80713b6f37f3184f268f010e9254c92461fc3c5d55263b2cb151b00853ff,3,5,5,macro,1,129639,0.21407482199992955,,27335,ade8b369698d9195a150463933959c445b76cdf23bdb4754eec6cbeb16c66523,0.462356103,1853,False,TRANSLATED_ONLY,1.4657172239999454,62243,1.680462481000177
b2,5to10Traces/0090.trace,5to10Traces,plain,3,2,0,3,1,MIN_EXPANDED_SIZE,,3,aae4d3cc849f2b5a7e0584e99d69fb211c2f31bb4dc3fd6e19b24b8d24d723e7,2,25,25,atlas-b,1,314951,0.4144037399998979,,11784,327a3802572718b42540fa8cd1b6762641c6be43722e62cae053bcfefd7645cd,0.312129119,2581,False,TRANSLATED_ONLY,1.215429026000038,101872,1.630368148000116
b2,5to10Traces/0090.trace,5to10Traces,plain,3,2,0,3,1,MIN_EXPANDED_SIZE,,3,aae4d3cc849f2b5a7e0584e99d69fb211c2f31bb4dc3fd6e19b24b8d24d723e7,2,25,25,macro,1,206261,0.2140940040001169,,42750,cdc5413b28c8088bd79f9c92c8315ab8956edc8b2ee6ee16447f813db47f4bf5,0.553439499,3040,False,TRANSLATED_ONLY,1.7662761399999454,105890,1.9809409079998659
b2,moreDetailedTest/0075.trace,moreDetailedTest,plain,67,2,0,8,1,MIN_EXPANDED_SIZE,,5,7996d9940d778813e5fbcdafe6750a3b9a0af65c0477403f060535cc6e24d64f,4,116,175,atlas-b,1,3982116,0.5145118000000366,,82899,ec1fa12b0574cc1c8635add633002bb824cac95e740312292e1c54b89a4ddf1a,1.070745191,20585,False,TRANSLATED_ONLY,6.773495249999996,1233911,7.288659486000142
b2,moreDetailedTest/0075.trace,moreDetailedTest,plain,67,2,0,8,1,MIN_EXPANDED_SIZE,,5,7996d9940d778813e5fbcdafe6750a3b9a0af65c0477403f060535cc6e24d64f,4,116,175,macro,1,3234774,0.36435567499984245,,122212,8bf16a84255835ed77522aa498143adb1228783e405d94d766c5f3fa02263fc7,1.595929117,30796,False,TRANSLATED_ONLY,11.681106929999714,1593621,12.04613222099988
b2,moreDetailedTest/0044.trace,moreDetailedTest,plain,3,2,0,3,1,MIN_EXPANDED_SIZE,,3,ee14ef8f70584eeb01a1dd257788ab1a9c013f6a633764758630e2ecf597ffdc,2,10,9,atlas-b,1,121372,0.41433097900016946,,6019,7ef8080bc2d7d0cb897429a2d975b7b7e6f32f9048fc914d556fbe77a8fae136,0.205438594,1031,False,TRANSLATED_ONLY,0.8149463190000006,39378,1.2298618209999859
b2,moreDetailedTest/0044.trace,moreDetailedTest,plain,3,2,0,3,1,MIN_EXPANDED_SIZE,,3,ee14ef8f70584eeb01a1dd257788ab1a9c013f6a633764758630e2ecf597ffdc,2,10,9,macro,1,87127,0.21410802500008685,,29945,4ed4817ecf7839de783f885464ce31bb436aff6c7e53d45212dd04eadf68bb93,0.466811756,1415,False,TRANSLATED_ONLY,1.315591818999792,44453,1.5302634369998032
b2,5to10Traces/0029.trace,5to10Traces,plain,10,2,0,8,1,MIN_EXPANDED_SIZE,,5,07a00ad7c82e28b5155dcaa566e300eeff50745de409392212cf2b4fd2399ea7,3,75,75,atlas-b,1,8205675,0.46443608100003075,,57453,cbc091af985091d123b19e9cdf833e1aa2641b738270d31b49de69a2c0598bd3,0.892183684,27179,False,TRANSLATED_ONLY,11.930516339000178,2396556,12.39555984399999
b2,5to10Traces/0029.trace,5to10Traces,plain,10,2,0,8,1,MIN_EXPANDED_SIZE,,5,07a00ad7c82e28b5155dcaa566e300eeff50745de409392212cf2b4fd2399ea7,3,75,75,macro,1,3658546,0.3642546980001953,,133083,2f683efe9327990f2a84dacfee2780fa2b02309e2cdc6998f51585e4002b5940,1.214175988,31820,False,TRANSLATED_ONLY,9.777376836999792,1560235,10.142303720999962
b2,5to10Traces/0196.trace,5to10Traces,plain,10,2,0,8,1,MIN_EXPANDED_SIZE,,7,438aa7e3144068c90b4e85af4ebb46ddf8cdd2bc007660cf47c4294248d78baf,3,250,250,atlas-b,1,9982938,0.514540176999617,,118289,062e88c50ea163cdcbdb8fd6ffc4d1c1f2c0be9c715bf008be40cfcfefda0456,1.359819219,37769,False,TRANSLATED_ONLY,17.941498879999926,3061993,18.456717791999836
b2,5to10Traces/0196.trace,5to10Traces,plain,10,2,0,8,1,MIN_EXPANDED_SIZE,,7,438aa7e3144068c90b4e85af4ebb46ddf8cdd2bc007660cf47c4294248d78baf,3,250,250,macro,1,8158901,0.31427982300010626,,155922,950c34398e01906502c2bd46c87d47fe310852ded8a3ec2e614396b56e190619,3.012712862,70366,False,TRANSLATED_ONLY,27.753510658999858,3911199,28.068490667000333
b2,5to10Traces/0161.trace,5to10Traces,plain,6,2,0,6,1,MIN_EXPANDED_SIZE,,5,09abb388cb5185e890e0474dda93ee7673d3d8d7117e591fb747af2c191ff37b,3,75,75,atlas-b,1,8205675,0.4644497219999266,,57453,7b98ec51daee8af0e9617698bfceaaafed775a6bdc3ffa7ecf67353b761d037e,0.78017247,27179,False,TRANSLATED_ONLY,11.929418963999979,2396556,12.394452190000038
b2,5to10Traces/0161.trace,5to10Traces,plain,6,2,0,6,1,MIN_EXPANDED_SIZE,,5,09abb388cb5185e890e0474dda93ee7673d3d8d7117e591fb747af2c191ff37b,3,75,75,macro,1,3661547,0.3141734019998239,,128751,cc3577e97fc967f19df75c24a6362e00b16a1aad822e671072e798cb47621103,1.181881062,31967,False,TRANSLATED_ONLY,9.576955890000136,1560449,9.89175189699995
b2,moreDetailedTest/0067.trace,moreDetailedTest,plain,18,2,0,8,1,MIN_EXPANDED_SIZE,,9,8bfdde9b0d67c345e53fdae02ca930b5a4ee38ecdf22abe9d65008bc14c87ade,3,500,500,atlas-b,1,29053036,0.5645844929999839,,234289,e80a79066ff0deeb22203ba83bc91f397a96ec1a6b4b15e21dc3021c6b2af047,3.822502778,85375,False,TRANSLATED_ONLY,53.14172427299991,8795532,53.707181465000076
b2,moreDetailedTest/0067.trace,moreDetailedTest,plain,18,2,0,8,1,MIN_EXPANDED_SIZE,,9,8bfdde9b0d67c345e53fdae02ca930b5a4ee38ecdf22abe9d65008bc14c87ade,3,500,500,macro,1,18926752,0.36471802899995964,,252227,3f865faabedd3201deeb7314c07975c4bc0b8cd3f6b8c3ed66ddb909605c29a2,4.582243445,157637,False,TRANSLATED_ONLY,64.81067025700008,8940732,65.17615064499978
b2,disjunctedExistence/0010.trace,disjunctedExistence,plain,36,2,0,8,1,MIN_EXPANDED_SIZE,,5,69186f916c3d5e967441fba75b4722708863cae8cf14ee673ff76673cefb1b0c,5,200,1,atlas-b,1,12576144,0.5144682749998992,,112417,12f785a6d90bd6e78a364b9d3d0d562189a63dc215297ce63c381f3f83c19277,1.448867545,40455,False,TRANSLATED_ONLY,18.989752341999974,3660457,19.504942303999997
b2,disjunctedExistence/0010.trace,disjunctedExistence,plain,36,2,0,8,1,MIN_EXPANDED_SIZE,,5,69186f916c3d5e967441fba75b4722708863cae8cf14ee673ff76673cefb1b0c,5,200,1,macro,1,4972097,0.41447223700015456,,130521,e43883bfaad0132bccf23cffc7026b723bed5786ab315daf9b3ed422493f3dcb,1.51795945,42939,False,TRANSLATED_ONLY,13.433524673999955,2111060,13.848695158000055
b2,moreDetailedTest/0073.trace,moreDetailedTest,plain,67,2,0,8,1,MIN_EXPANDED_SIZE,,11,e742f6337ec6bd9e7bda1c2065502eee6341208300398b0c703fa2b0bb35defd,4,80,125,atlas-b,1,8716228,0.4644096379997791,,59099,d7bf3617bb9614695a403cf63542c8783349125ef2b6b66e2b9976e80f6432ed,0.763554732,21057,False,TRANSLATED_ONLY,11.278560336000282,2603106,11.743587848000061
b2,moreDetailedTest/0073.trace,moreDetailedTest,plain,67,2,0,8,1,MIN_EXPANDED_SIZE,,11,e742f6337ec6bd9e7bda1c2065502eee6341208300398b0c703fa2b0bb35defd,4,80,125,macro,1,4044723,0.36430285400001594,,99611,75ec819619fee482326f4b7b2537b1a5d0d48663b9690c9502e7b7810da4ab60,1.132440421,35059,False,TRANSLATED_ONLY,13.692144671000278,1912991,14.057085559999905
b2,increasingNumVariables/0001.trace,increasingNumVariables,plain,10,2,0,8,1,MIN_EXPANDED_SIZE,,5,b36c289e04b6261695173c7e059f424c953ab6dd4e58c9e071501c7acc64c31d,3,20,20,atlas-b,1,510869,0.41440016999990803,,11728,5e8b2013690bb8880b6d626012aef67b906cd2f97011913e44daa908009fff99,0.318203219,2779,False,TRANSLATED_ONLY,1.3658376739999767,159685,1.7808161680000012
b2,increasingNumVariables/0001.trace,increasingNumVariables,plain,10,2,0,8,1,MIN_EXPANDED_SIZE,,5,b36c289e04b6261695173c7e059f424c953ab6dd4e58c9e071501c7acc64c31d,3,20,20,macro,1,454152,0.21409575500001665,,46460,96665f0994fb747575ea49bbda37ea13e837f47650a17737f1e93835a666d751,0.541231711,4835,False,TRANSLATED_ONLY,2.8673331439999856,221084,3.0819869409999683
b2,moreDetailedTest/0064.trace,moreDetailedTest,plain,18,2,0,8,1,MIN_EXPANDED_SIZE,,15,9172e3fe9b33b37e7da8cdc2f455f4a54cb2a904a7da6128c606135935bdecee,3,300,300,atlas-b,1,,0.5145722180000121,,141490,427db9a3eff2b45e1a0545369ceb8a054c920578d88ff98d766e77fe4e5d910e,,,False,TRANSLATION_TIMEOUT,180.28330350800024,,180.7985846930003
b2,moreDetailedTest/0064.trace,moreDetailedTest,plain,18,2,0,8,1,MIN_EXPANDED_SIZE,,15,9172e3fe9b33b37e7da8cdc2f455f4a54cb2a904a7da6128c606135935bdecee,3,300,300,macro,1,11390121,0.31423337200021706,,177692,4a9b8c1fc0fbc7dbc56934f24172c7bc8778231c2a98345a34aef360198bd886,3.292772897,96284,False,TRANSLATED_ONLY,40.21718266900007,5391066,40.53213046699966
b2,increasingNumVariables/0015.trace,increasingNumVariables,plain,11,2,0,8,1,MIN_EXPANDED_SIZE,,5,b4f9ef826a6c9e044262856ba196bc2748476bb88307df8b7e5a80aea8bffddc,4,50,50,atlas-b,1,1378279,0.4643968569998833,,30092,4722db255a9b403be5e5bfd3dfdaa64a85f38b84253956dd4d06d03de5ca2f5a,0.497254383,7215,False,TRANSLATED_ONLY,2.51726496099991,427127,2.9822251000000506
b2,increasingNumVariables/0015.trace,increasingNumVariables,plain,11,2,0,8,1,MIN_EXPANDED_SIZE,,5,b4f9ef826a6c9e044262856ba196bc2748476bb88307df8b7e5a80aea8bffddc,4,50,50,macro,1,1132531,0.26417731899982755,,63250,0e63abc692f2f6acfc50ddb7956e116d48dbd4a0e24bd0edee60b0d96de66a95,0.651472333,11077,False,TRANSLATED_ONLY,5.4722347540000555,554202,5.737042917999588
b2,5to10Traces/0017.trace,5to10Traces,plain,5,2,0,5,1,MIN_EXPANDED_SIZE,,5,45486e7c1a54c0d1b69c7fc4e6221d12e666904407bd082fcfdc0f69768ad5c2,2,8,200,atlas-b,1,10559098,0.4643820290000349,,60059,d236d52073cefa5b1d4416039d0a249ea36a2614663293b24dd8ec133294e869,0.809427644,35507,False,TRANSLATED_ONLY,14.337734017000002,3090057,14.802736730999868
b2,5to10Traces/0017.trace,5to10Traces,plain,5,2,0,5,1,MIN_EXPANDED_SIZE,,5,45486e7c1a54c0d1b69c7fc4e6221d12e666904407bd082fcfdc0f69768ad5c2,2,8,200,macro,1,4795244,0.3141949520002072,,181310,fcfde4a5feb400d26eb2a5c4fd3f01401dc7f92b380714fe9aaa5ef3e336cce2,1.606409111,42483,False,TRANSLATED_ONLY,11.380543264000153,2063324,11.695416281999996
b2,moreDetailedTest/0025.trace,moreDetailedTest,plain,5,2,0,5,1,MIN_EXPANDED_SIZE,,5,f8b781062bd36e16b70042ce1444814abb159610cbfc7d6684f9d8571f8cf8bd,2,500,500,atlas-b,1,11474839,0.5645275619999666,,189124,5912e53e7696a266cff93fcd31e37de86487eebbed79c118617c7bb917f03991,3.07775865,60147,False,TRANSLATED_ONLY,22.944402544999775,3612187,23.509677693999947
b2,moreDetailedTest/0025.trace,moreDetailedTest,plain,5,2,0,5,1,MIN_EXPANDED_SIZE,,5,f8b781062bd36e16b70042ce1444814abb159610cbfc7d6684f9d8571f8cf8bd,2,500,500,macro,1,6042378,0.31425846199999796,,149622,b59f1c6978055d32d7e1cef4457db7ecbc0ec8fe79b23f0c1185863b3ab6930c,2.68324194,57855,False,TRANSLATED_ONLY,21.896630422999806,3005678,22.21162483199987
b2,equal/0016.trace,equal,plain,18,2,0,8,1,MIN_EXPANDED_SIZE,,9,8b761ca9f997be17658c978560d3f885344a9358ad321796a7e719bfe6ce0a65,3,10,10,atlas-b,1,614906,0.4143831650001175,,7109,615e3e7646311d20118ea47987748eb41e433d874ffc39aae237464f6c998a28,0.225048715,2075,False,TRANSLATED_ONLY,1.3156294200000502,186232,1.7305961090000892
b2,equal/0016.trace,equal,plain,18,2,0,8,1,MIN_EXPANDED_SIZE,,9,8b761ca9f997be17658c978560d3f885344a9358ad321796a7e719bfe6ce0a65,3,10,10,macro,1,463092,0.26415534700004173,,37085,76d2be69b37bd4ef5dac16ee754b7ce81c6c2c924e97867b01181008fae4dc93,0.497179566,5078,False,TRANSLATED_ONLY,2.9177521520000482,211336,3.182545384999912
b2,equal/0012.trace,equal,plain,5,2,0,5,1,MIN_EXPANDED_SIZE,,5,402ed177efa0f193824d67aea4e5b6574cd2d2ff2f653f025cac8a94543a8a51,2,500,500,atlas-b,1,11474834,0.5645646129996749,,189090,b187b7c6b89c2ac5a2e4513e6df7a88e201b7ea9558ea02f0991bfdb80e3c656,2.455189592,60147,False,TRANSLATED_ONLY,24.44939978000002,3612182,25.014727440000115
b2,equal/0012.trace,equal,plain,5,2,0,5,1,MIN_EXPANDED_SIZE,,5,402ed177efa0f193824d67aea4e5b6574cd2d2ff2f653f025cac8a94543a8a51,2,500,500,macro,1,6052620,0.3141996110002765,,150464,d12434a53daca080d71d071749a11064043bfa884b64be803778190ae365d31d,3.257726532,58359,False,TRANSLATED_ONLY,19.38938776299983,3019323,19.704264538999723
b2,moreDetailedTest/0068.trace,moreDetailedTest,plain,18,2,0,8,1,MIN_EXPANDED_SIZE,,11,b655e71c689ae313860791906ac28e02bd55899f8ebc76e33057f1bab0d5f81f,3,50,50,atlas-b,1,4036582,0.46440846899986354,,25590,51e6d489ad99e4ab7320a1f61b056ebf6e7a76c84f3bb1ed750b42a328d5ce68,0.481150838,9997,False,TRANSLATED_ONLY,5.571441012999912,1209806,6.036443375999852
b2,moreDetailedTest/0068.trace,moreDetailedTest,plain,18,2,0,8,1,MIN_EXPANDED_SIZE,,11,b655e71c689ae313860791906ac28e02bd55899f8ebc76e33057f1bab0d5f81f,3,50,50,macro,1,2010810,0.2641445249998924,,70554,2cbf3e361128d503515d62b1544b26ee5b36faa2534b9af9cf912634dbc3ac24,0.760326422,17858,False,TRANSLATED_ONLY,7.925053313000035,938658,8.189798341999904
b2,5to10Traces/0147.trace,5to10Traces,plain,3,2,0,3,1,MIN_EXPANDED_SIZE,,3,d01635d37957b69b76d355d254efc5f4394e536dfecdfe9d75264b441c802a5d,2,12,175,atlas-b,1,6078348,0.464408917000128,,54236,fe5e3e8643f828f02191453c25d0ffd8ea8f8a017da98815a9bce8cb79a1167c,0.741339541,28131,False,TRANSLATED_ONLY,11.229737732000103,1770284,11.694738724000217
b2,5to10Traces/0147.trace,5to10Traces,plain,3,2,0,3,1,MIN_EXPANDED_SIZE,,3,d01635d37957b69b76d355d254efc5f4394e536dfecdfe9d75264b441c802a5d,2,12,175,macro,1,1749643,0.26440490499999214,,122680,308a992e1eaa8b86c2cbde31639c38b17df4c3602247980aa8bc015745608677,1.433460478,23515,False,TRANSLATED_ONLY,6.278553620999901,761425,6.543687362000128
b2,moreDetailedTest/0094.trace,moreDetailedTest,plain,6,2,0,6,1,MIN_EXPANDED_SIZE,,5,d8a87b17ca65acd920f9826c0a9c8fdb588f555dc94081ffad59d1482b7c0427,3,400,400,atlas-b,1,10049249,0.5645614119998754,,187888,370200056809a0d786b4f28fedad7f243f86d979042843652afd4ee28f4910d0,2.960943491,52179,False,TRANSLATED_ONLY,16.888720983999974,3136605,17.45402498400017
b2,moreDetailedTest/0094.trace,moreDetailedTest,plain,6,2,0,6,1,MIN_EXPANDED_SIZE,,5,d8a87b17ca65acd920f9826c0a9c8fdb588f555dc94081ffad59d1482b7c0427,3,400,400,macro,1,8834510,0.31419224999990547,,209828,8b1a5e460d5d2a17f074bcceced531c688fd5188e470857d2c50c11c2fd83f2d,4.718741563,82199,False,TRANSLATED_ONLY,30.905920996000077,4335608,31.220824343000004
b2,increasingNumVariables/0030.trace,increasingNumVariables,plain,37,2,0,8,1,MIN_EXPANDED_SIZE,,5,8b5c385f728795afd3076a4ed38bf4d5c720f5e5896238927136d77c436417a8,6,45,45,atlas-b,1,1447396,0.4645916039999065,,35441,462c3db17d4825d7655ec35af1642a75a02dbafc3da3b95e3d047b7b7c3fb191,0.566401455,7499,False,TRANSLATED_ONLY,2.5679927779999616,443105,3.03317161699988
b2,increasingNumVariables/0030.trace,increasingNumVariables,plain,37,2,0,8,1,MIN_EXPANDED_SIZE,,5,8b5c385f728795afd3076a4ed38bf4d5c720f5e5896238927136d77c436417a8,6,45,45,macro,1,1057380,0.264158438000095,,57919,212a2831ac90699c2f5088d44af2e1ffb688c27dd60189c73d4db465e2556eeb,0.817181973,10247,False,TRANSLATED_ONLY,5.42145702699986,513946,5.686206799000047
b2,moreDetailedTest/0024.trace,moreDetailedTest,plain,5,2,0,5,1,MIN_EXPANDED_SIZE,,5,90f0ab675c6886352cdf7d36d6f4a97abc24268abb54fdc1e021b512b76eaa3b,2,400,400,atlas-b,1,9181148,0.5144579490001888,,151754,07c492d23b55d0049e4aa4a02fa362e1fe498b554a511a8d13aa725897ccf897,2.472480039,48147,False,TRANSLATED_ONLY,19.540352397000333,2890198,20.055511453000236
b2,moreDetailedTest/0024.trace,moreDetailedTest,plain,5,2,0,5,1,MIN_EXPANDED_SIZE,,5,90f0ab675c6886352cdf7d36d6f4a97abc24268abb54fdc1e021b512b76eaa3b,2,400,400,macro,1,5019465,0.3142945219997273,,134160,db16d2421e24272b385a98b73b8a22ce510ade80a04d507ddaeb6511353ebf68,3.103511202,48594,False,TRANSLATED_ONLY,18.139149640999676,2505104,18.454093408999597
b2,disjunctedExistence/0055.trace,disjunctedExistence,plain,134,2,0,8,1,MIN_EXPANDED_SIZE,,5,c94e259027212905fc24057176069edd3844cda7b23707d016f228c9db37693c,7,3,150,atlas-b,1,10787618,0.46445389100017564,,113705,4622c907bb3e6599aafa879de3c513cec748f4852bf552452ec9577361ca8108,1.484675631,34007,False,TRANSLATED_ONLY,13.933258199999955,3131542,14.398380906000057
b2,disjunctedExistence/0055.trace,disjunctedExistence,plain,134,2,0,8,1,MIN_EXPANDED_SIZE,,5,c94e259027212905fc24057176069edd3844cda7b23707d016f228c9db37693c,7,3,150,macro,1,3784654,0.5646006939998642,,122783,3255d88ff23744a7f3a5b2161d12626b1f8cf1815e40d895f75ac0bc73bba914,1.266558587,32974,False,TRANSLATED_ONLY,10.17865696900003,1601611,10.743913767999857
b2,disjunctedExistence/0060.trace,disjunctedExistence,plain,134,2,0,8,1,MIN_EXPANDED_SIZE,,9,ae8c721ccca0c09bb1caaa404fe38187b88082487b2dd912873a54f1110e35d3,7,250,250,atlas-b,1,18468789,0.5646293039999364,,208305,4bc974f9cd7ab89fe07307e7118ede5b67e6de45e09009bdf2e25da3d9ed7aad,3.147378562,53107,False,TRANSLATED_ONLY,26.701026807999824,5508136,27.266434369000308
b2,disjunctedExistence/0060.trace,disjunctedExistence,plain,134,2,0,8,1,MIN_EXPANDED_SIZE,,9,ae8c721ccca0c09bb1caaa404fe38187b88082487b2dd912873a54f1110e35d3,7,250,250,macro,1,10165963,0.46450496000034036,,225566,a5e2d19fdbda317dbfa0a5bf045b87d12b121b06c2409b98c695596ae40df46b,3.827727438,84277,False,TRANSLATED_ONLY,33.11327023400008,4782199,33.57853487200009
b2,moreDetailedTest/0012.trace,moreDetailedTest,plain,10,2,0,8,1,MIN_EXPANDED_SIZE,,5,20038ffb35a9422faf3a508b108755482e87fe9c437e1e9a725582cd1d97d490,3,50,50,atlas-b,1,1263900,0.4644861019999098,,25588,b4cc7f5383efb675f282c4bda5b04fedf97ac714ab0e7e6c73079046a815c69a,0.472684232,6679,False,TRANSLATED_ONLY,2.316890828999931,394706,2.781968334000112
b2,moreDetailedTest/0012.trace,moreDetailedTest,plain,10,2,0,8,1,MIN_EXPANDED_SIZE,,5,20038ffb35a9422faf3a508b108755482e87fe9c437e1e9a725582cd1d97d490,3,50,50,macro,1,1138359,0.2641203560001486,,59331,79244660de60a8f0b723c2c08e62fbf7fb42d05a1bcba2dc113062161cbc4a86,0.701756624,11072,False,TRANSLATED_ONLY,6.174371923999843,555574,6.439098653999963
b2,5to10Traces/0177.trace,5to10Traces,plain,10,2,0,8,1,MIN_EXPANDED_SIZE,,9,00e0be481f0685337ad14fe5edf3c6111e7905f4ebc18e2e634915cd78faf8af,3,3,5,atlas-b,1,938325,0.41428152400021645,,5494,0c7c351704262adeda50157450f7149504aaafed2e4385a92f8335f617f75260,0.212602323,2135,False,TRANSLATED_ONLY,1.5160248689999207,273612,1.9308464850000746
b2,5to10Traces/0177.trace,5to10Traces,plain,10,2,0,8,1,MIN_EXPANDED_SIZE,,9,00e0be481f0685337ad14fe5edf3c6111e7905f4ebc18e2e634915cd78faf8af,3,3,5,macro,1,503209,0.2641195080000216,,61329,0a15778449566330ff58897f729ad685a8cbaeb961d6a20785565b6c6a0417cb,0.603118449,4796,False,TRANSLATED_ONLY,3.2179517449999366,204583,3.482673366999734
b2,moreDetailedTest/0123.trace,moreDetailedTest,plain,10,2,0,8,1,MIN_EXPANDED_SIZE,,5,799c541261dc3fd4e2fc4bb4fcd1dbbdb1575a6083b73e8f1f31e74d7dfac881,3,500,500,atlas-b,1,12559344,0.564575633000004,,234288,32f7e463a2eed83d7799a3e0834b512cd851bb7ab3e151a9ee13185dfe0b4e7c,3.47101729,65179,False,TRANSLATED_ONLY,25.600203603999944,3920000,26.165566924999894
b2,moreDetailedTest/0123.trace,moreDetailedTest,plain,10,2,0,8,1,MIN_EXPANDED_SIZE,,5,799c541261dc3fd4e2fc4bb4fcd1dbbdb1575a6083b73e8f1f31e74d7dfac881,3,500,500,macro,1,10844649,0.36433014500016725,,253634,eeb5f443b321004ef398ae0bd6d2090eded45c4b343000fc8eb0016684e86f22,4.663014112,100616,False,TRANSLATED_ONLY,37.53188120100003,5322641,37.89700640299998
b2,5to10Traces/0047.trace,5to10Traces,plain,18,2,0,8,1,MIN_EXPANDED_SIZE,,15,8fce70ae980e6764f2a896a63e52a23cd45fd9c602acf346d208674a041a7ba8,3,9,25,atlas-b,1,8540067,0.46450063199995384,,15000,970b453e083d6a6b3f9484dc485450491d947269e18368cd843323b421a1ad60,0.401603721,10309,False,TRANSLATED_ONLY,11.027870112999835,2467969,11.493008520000103
b2,5to10Traces/0047.trace,5to10Traces,plain,18,2,0,8,1,MIN_EXPANDED_SIZE,,15,8fce70ae980e6764f2a896a63e52a23cd45fd9c602acf346d208674a041a7ba8,3,9,25,macro,1,1965729,0.31425835400000324,,141286,4e68661dff157970e46e93380dfbc53d5ca5252dda9c7754aa0684334c4e3385,1.265457581,13796,False,TRANSLATED_ONLY,7.97457230100008,812454,8.28947080099988
b2,moreDetailedTest/0086.trace,moreDetailedTest,plain,6,2,0,6,1,MIN_EXPANDED_SIZE,,5,7d1221f99a365f5cdd06e29192e26daaa82b7eeeaacd6120e653fedf3d837ebc,3,10,10,atlas-b,1,259860,0.41432752499986236,,7108,3183e68098e886ca04e448b053f718780fb0f5f1cb4f65b9b883eb2c5f442b6d,0.214334672,1479,False,TRANSLATED_ONLY,0.9652121119997901,81346,1.3801299709998602
b2,moreDetailedTest/0086.trace,moreDetailedTest,plain,6,2,0,6,1,MIN_EXPANDED_SIZE,,5,7d1221f99a365f5cdd06e29192e26daaa82b7eeeaacd6120e653fedf3d837ebc,3,10,10,macro,1,240231,0.2140631659999599,,40338,66708f70e1e197b01dc4ea77cc39d0ccb9d0739bc9f01c4b42b272a8d9a1a00d,0.501146544,2861,False,TRANSLATED_ONLY,2.3171430950001195,116387,2.5318072850000135
b2,moreDetailedTest/0120.trace,moreDetailedTest,plain,10,2,0,8,1,MIN_EXPANDED_SIZE,,7,91a9f15cfde58c0bacff183f60b1971facc7a630ed4deb5443206b7ca390c4d3,3,300,300,atlas-b,1,11975388,0.5144639650000045,,141489,651220e42a8432213c2a9e12aad4b9f71ddf31f96e360316b03932ad7c0b9c63,1.783732605,45269,False,TRANSLATED_ONLY,20.34115141799998,3673092,20.856305819
b2,moreDetailedTest/0120.trace,moreDetailedTest,plain,10,2,0,8,1,MIN_EXPANDED_SIZE,,7,91a9f15cfde58c0bacff183f60b1971facc7a630ed4deb5443206b7ca390c4d3,3,300,300,macro,1,9667372,0.3142082329998175,,179573,a296d563e6619953be1b97d937c295dee424241fbeb70241d2da98c4363813ba,3.126197104,83474,False,TRANSLATED_ONLY,32.309380306999856,4639456,32.6243036259998
b2,disjunctedExistence/0009.trace,disjunctedExistence,plain,36,2,0,8,1,MIN_EXPANDED_SIZE,,5,1808d3ef3a9d5d8bb99423643f556bcbc170897950dc5f771dc89b5d3ea4e21d,5,200,32,atlas-b,1,3433555,0.5147321659997033,,77069,b53d0bef8493a7da968304045116f7e3a7099b9d1df241cf99efa2e33f21786e,0.924020545,17655,False,TRANSLATED_ONLY,7.67518974099994,1057269,8.190517250000084
b2,disjunctedExistence/0009.trace,disjunctedExistence,plain,36,2,0,8,1,MIN_EXPANDED_SIZE,,5,1808d3ef3a9d5d8bb99423643f556bcbc170897950dc5f771dc89b5d3ea4e21d,5,200,32,macro,1,2706045,0.36425614300014786,,107659,21cc574cc049aac139d7fb81712fd5f91f07304cb73d1aaf564093c0bd421c19,1.275559525,24900,False,TRANSLATED_ONLY,9.476634247999755,1313198,9.84149431500009
b2,5to10Traces/0120.trace,5to10Traces,plain,67,2,0,8,1,MIN_EXPANDED_SIZE,,9,e8f11d243d801f3d266cdee6419fd70266e2f09691110c367022d4a00a6198cb,4,69,125,atlas-b,1,6049128,0.4645095719999972,,56062,39cd56726501d5501d0f6123babf0426e30764414957b70933b0587737d57c55,0.772475594,17887,False,TRANSLATED_ONLY,10.829171221000024,1823194,11.29433893800001
b2,5to10Traces/0120.trace,5to10Traces,plain,67,2,0,8,1,MIN_EXPANDED_SIZE,,9,e8f11d243d801f3d266cdee6419fd70266e2f09691110c367022d4a00a6198cb,4,69,125,macro,1,3849079,0.36430010799995216,,95442,856e518cc6bc7ec5ca000ee6b347fa5f26694edf948f570615d169892657c445,1.076153166,33301,False,TRANSLATED_ONLY,13.582829127999958,1818443,13.947785281000051
b2,moreDetailedTest/0081.trace,moreDetailedTest,plain,67,2,0,8,1,MIN_EXPANDED_SIZE,,5,e6daa1f5db8caa045d341a205eb90d0b19075f97e51295dda11e06a855c805fb,4,331,500,atlas-b,1,11343721,0.5653201799996168,,232479,a6a770f3246f5b1e351e17510944270d939baeb6f8c58a9ac606f69c5753f3d5,3.027383441,58385,False,TRANSLATED_ONLY,22.74761969700012,3514871,23.31365667299997
b2,moreDetailedTest/0081.trace,moreDetailedTest,plain,67,2,0,8,1,MIN_EXPANDED_SIZE,,5,e6daa1f5db8caa045d341a205eb90d0b19075f97e51295dda11e06a855c805fb,4,331,500,macro,1,9283335,0.46440561700001126,,256540,0a204af2169ac6d27d37ef550d39e7f0fe37143ec03da756d13a1ebc871f2082,4.401266828,86551,False,TRANSLATED_ONLY,30.553938704999837,4559251,31.019158051999966
b2,5to10Traces/0037.trace,5to10Traces,plain,10,2,0,8,1,MIN_EXPANDED_SIZE,,9,706cc48d00f6e56c776cb6c6f15b2e4616903816e710c5c243f51d0099d07091,3,175,175,atlas-b,1,,0.5146374529999775,,130804,6e7dd8362b15eb697311c4e67fe52ed07285d858e84822596c5284bb6dcbca18,,,False,TRANSLATION_TIMEOUT,180.28382470899987,,180.79910944699986
b2,5to10Traces/0037.trace,5to10Traces,plain,10,2,0,8,1,MIN_EXPANDED_SIZE,,9,706cc48d00f6e56c776cb6c6f15b2e4616903816e710c5c243f51d0099d07091,3,175,175,macro,1,18520263,0.36428691799983426,,275413,85804aff745b65ab823fbd721ba5d3555d0f1a3af3573724eae7ccdb83cd6c0e,3.951130897,115577,False,TRANSLATED_ONLY,55.590599698999995,7749861,55.955721477000225
b2,5to10Traces/0043.trace,5to10Traces,plain,10,2,0,8,1,MIN_EXPANDED_SIZE,,5,0ba767b4a1ffc90b215690664a295541a24c200c57666378d08384c8d5bc52db,3,250,250,atlas-b,1,27331600,0.5645076220000647,,185853,b8395d9fffa42c2fa7561dfa7a063156c3450b5d31cda7d352275f3f62f1566d,2.487613523,90179,False,TRANSLATED_ONLY,47.08555288599996,7981506,47.650784103000206
b2,5to10Traces/0043.trace,5to10Traces,plain,10,2,0,8,1,MIN_EXPANDED_SIZE,,5,0ba767b4a1ffc90b215690664a295541a24c200c57666378d08384c8d5bc52db,3,250,250,macro,1,11978618,0.41440413700001955,,241910,2c22db5f7e4aaf26943d1f9088c240bf5124ae30794a161d2ea231aae337f1c5,4.214373276,104312,False,TRANSLATED_ONLY,35.070885524999994,5108845,35.486043690000315
b2,5to10Traces/0031.trace,5to10Traces,plain,10,2,0,8,1,MIN_EXPANDED_SIZE,,9,0e62190a102c28fd19abe1f19ac42dcbc0d81046ffc5d271154d27288c3b7d3b,3,100,100,atlas-b,1,22629236,0.4644397389997721,,75754,7467d0bd7829314ed1ffcd302b7b61b0aacd8b5624a84a4a0b71671fe9ffa2e7,0.875792275,44375,False,TRANSLATED_ONLY,38.06962782599976,6587532,38.53467256900012
b2,5to10Traces/0031.trace,5to10Traces,plain,10,2,0,8,1,MIN_EXPANDED_SIZE,,9,0e62190a102c28fd19abe1f19ac42dcbc0d81046ffc5d271154d27288c3b7d3b,3,100,100,macro,1,10646114,0.3643384249999144,,222902,1bbe8ff427c3d4c57f717434467d2927e0e9e8f88579fe73472c7a58eb18d42a,1.939557906,67133,False,TRANSLATED_ONLY,32.91379872400012,4465376,33.27888261499993
b2,moreDetailedTest/0095.trace,moreDetailedTest,plain,6,2,0,6,1,MIN_EXPANDED_SIZE,,5,aacc5e739f98705704ae7b20d558c66a79cef79dd0a61648486cee28a2a04d11,3,500,500,atlas-b,1,12559350,0.564660656000342,,234288,66f83bffed416f1699af8fa48fb4dab884f107e55cc69280b08f0dac37775dcc,2.777363526,65179,False,TRANSLATED_ONLY,25.848177451000083,3920006,26.413627734999864
b2,moreDetailedTest/0095.trace,moreDetailedTest,plain,6,2,0,6,1,MIN_EXPANDED_SIZE,,5,aacc5e739f98705704ae7b20d558c66a79cef79dd0a61648486cee28a2a04d11,3,500,500,macro,1,10932145,0.314228121999804,,249082,845b4e7443195061d248872b9d85ab2b75cd05471ce52f59a00156be2646cead,5.134935942,102170,False,TRANSLATED_ONLY,37.41864409500022,5382688,37.733646904000125
b2,moreDetailedTest/0099.trace,moreDetailedTest,plain,3,2,0,3,1,MIN_EXPANDED_SIZE,,3,6e3917cbf403a61f718ebeb7705c316036eaa834e856a417013f5c458aaecefa,2,100,100,atlas-b,1,1251608,0.4643988669999999,,39590,8e651a26903b6defeed5bddba07f066daf3fd44e5133da08cfd25d0b6826f129,0.544952511,10081,False,TRANSLATED_ONLY,3.568639895999695,404245,4.033579175999876
b2,moreDetailedTest/0099.trace,moreDetailedTest,plain,3,2,0,3,1,MIN_EXPANDED_SIZE,,3,6e3917cbf403a61f718ebeb7705c316036eaa834e856a417013f5c458aaecefa,2,100,100,macro,1,680639,0.26405494700020427,,62442,3d40fd4ecc6ff0b166fa50fe5eb937f0f96df53ba1f576bce9f236a6cb280db4,0.763618244,9371,False,TRANSLATED_ONLY,4.221707045999665,347295,4.486346834999949
b2,increasingNumVariables/0022.trace,increasingNumVariables,plain,20,2,0,8,1,MIN_EXPANDED_SIZE,,5,00d8d266dc5992c7363d439f814f2dae3511df0998a2c8d137a715baf7fa41a9,5,45,45,atlas-b,1,1344180,0.4661784600000374,,31387,f2e9b556d71748222b03c2d64ac5be9b66b437df903664c9741a5528e76fc61c,0.451515901,7005,False,TRANSLATED_ONLY,2.5171279429998776,413867,2.9839077879998968
b2,increasingNumVariables/0022.trace,increasingNumVariables,plain,20,2,0,8,1,MIN_EXPANDED_SIZE,,5,00d8d266dc5992c7363d439f814f2dae3511df0998a2c8d137a715baf7fa41a9,5,45,45,macro,1,1038732,0.26419041600001947,,64694,c4a2fe29ed454984fd5ea307a04afeedac24de043b19b0b95c1164b3f92ceaf4,0.672631159,10179,False,TRANSLATED_ONLY,5.070453145000101,507788,5.335238315999959
b2,5to10Traces/0039.trace,5to10Traces,plain,10,2,0,8,1,MIN_EXPANDED_SIZE,,9,aa9847bdb52c00f1c8ddb561e4735990d45a46974fadc08b61b61d3bbf22efa1,3,200,200,atlas-b,1,,0.514441768999859,,149154,325707381bc19ad0dda769145c1dd0a33054d0200e781ce4abc69ffa43174596,,,False,TRANSLATION_TIMEOUT,180.27788284200005,,180.79304015800017
b2,5to10Traces/0039.trace,5to10Traces,plain,10,2,0,8,1,MIN_EXPANDED_SIZE,,9,aa9847bdb52c00f1c8ddb561e4735990d45a46974fadc08b61b61d3bbf22efa1,3,200,200,macro,1,21118770,0.3643716299998232,,304133,13f7c330654c4b9c967caa72d32b390f2a4a0d027ffeba9155979ccbf3cc10ef,4.114663872,131813,False,TRANSLATED_ONLY,69.50778454700003,8844314,69.87301390699986
b2,moreDetailedTest/0035.trace,moreDetailedTest,plain,18,2,0,8,1,MIN_EXPANDED_SIZE,,5,e7b367f2efdc4cb7f31e41b8552d3e0ab91e2034d8bb584e61a7ae1750c774cc,3,250,250,atlas-b,1,6284100,0.5145857379998233,,118288,a23ce6e2e05efd968f18d545aa3ecc465f8ed227557ff1c848dded3828cf6055,1.479078759,32679,False,TRANSLATED_ONLY,11.88098773999991,1961505,12.396262781999667
b2,moreDetailedTest/0035.trace,moreDetailedTest,plain,18,2,0,8,1,MIN_EXPANDED_SIZE,,5,e7b367f2efdc4cb7f31e41b8552d3e0ab91e2034d8bb584e61a7ae1750c774cc,3,250,250,macro,1,5449375,0.3142538839997542,,151183,5d7c63a61613368ba354908b99edf866fce8d2535cca65a172ebc188e74dc058,2.680913529,50825,False,TRANSLATED_ONLY,21.69433651600002,2672183,22.009289524999986
b2,moreDetailedTest/0090.trace,moreDetailedTest,plain,6,2,0,6,1,MIN_EXPANDED_SIZE,,5,ec4fab11813386fee859e75b27a799e8016ac7481d19106d22ea040bbdf7c32b,3,200,200,atlas-b,1,5029050,0.514499060000162,,95088,0047f356f5f4600f4ab326923cca490105009574656b7edbe04a928fd3faa5a4,1.229960835,26179,False,TRANSLATED_ONLY,6.9744248840002,1569806,7.489536218000012
b2,moreDetailedTest/0090.trace,moreDetailedTest,plain,6,2,0,6,1,MIN_EXPANDED_SIZE,,5,ec4fab11813386fee859e75b27a799e8016ac7481d19106d22ea040bbdf7c32b,3,200,200,macro,1,4460644,0.31417329000032623,,128029,f7f717f3a0dec312c0addddb415d32d58f213f13b30d7e4a6fd50993c34ca768,1.808759926,41669,False,TRANSLATED_ONLY,16.937545107999995,2185803,17.252351682000153
b2,equal/0001.trace,equal,plain,10,2,0,8,1,MIN_EXPANDED_SIZE,,5,d49246fb746c17e1586e2867db0b38c03500efb47fb5651cf4883b43a0b95c1e,3,100,100,atlas-b,1,2518948,0.4644365780000044,,48688,98dedcc99a25c62264c11e434e17df53e3d21a48891ea44082bf047013c6c18d,0.622394444,13179,False,TRANSLATED_ONLY,5.170872698000039,786404,5.635924361999969
b2,equal/0001.trace,equal,plain,10,2,0,8,1,MIN_EXPANDED_SIZE,,5,d49246fb746c17e1586e2867db0b38c03500efb47fb5651cf4883b43a0b95c1e,3,100,100,macro,1,2223047,0.26420564099998955,,92070,f22a911256c3eb1305f268ff25914397df898e4091fa8c153ac02dfb61f6a42d,1.064823025,21404,False,TRANSLATED_ONLY,9.075773344000027,1093017,9.340670039000088
b2,moreDetailedTest/0026.trace,moreDetailedTest,plain,5,2,0,5,1,MIN_EXPANDED_SIZE,,5,81826a48eff38d46db6b2c56d8264aea34f9f587df0c1a5e491a1052b534312b,2,50,50,atlas-b,1,1153272,0.4644696099999237,,21064,8d24ab32c05d292360d18cd2588298c445eae2b16fce2f44b60be19784d531b5,0.39975197,6147,False,TRANSLATED_ONLY,2.166767144000005,363285,2.6318589679999604
b2,moreDetailedTest/0026.trace,moreDetailedTest,plain,5,2,0,5,1,MIN_EXPANDED_SIZE,,5,81826a48eff38d46db6b2c56d8264aea34f9f587df0c1a5e491a1052b534312b,2,50,50,macro,1,908761,0.21399706500005777,,70166,9fe2a6ada5352d1a79ac193a930d6a18baddcc1d5223fbe7c0366a0335fcae23,0.737491442,9282,False,TRANSLATED_ONLY,4.469853086000057,451712,4.68442053400031
b2,baseTest/0032.trace,baseTest,plain,3,2,0,3,1,MIN_EXPANDED_SIZE,,3,c929b0daecc15eeecff69fad25b681ccbd79a6670e44111a0f47c89afa75a016,2,68,1932,atlas-b,1,,0.6147547769996891,"Exception in thread ""main"" Type error:
Translation capacity exceeded.
In this scope, universe contains 2029 atoms
and relations of arity 3 cannot be represented.
Visit http://alloy.mit.edu/ for advice on refactoring.
	at edu.mit.csail.sdg.translator.TranslateAlloyToKodkod.rethrow(TranslateAlloyToKodkod.java:411)
	at edu.mit.csail.sdg.translator.TranslateAlloyToKodkod.execute_command(TranslateAlloyToKodkod.java:533)
	at Rq2Translate.main(Rq2Translate.java:47)
",377182,ddd0a2753ea0532fb4d10d3377cacdd0f766697f4290a22c7f21dfcd2dd92765,,,False,TRANSLATION_ERROR,6.122539020000204,,6.738248049000049
b2,baseTest/0032.trace,baseTest,plain,3,2,0,3,1,MIN_EXPANDED_SIZE,,3,c929b0daecc15eeecff69fad25b681ccbd79a6670e44111a0f47c89afa75a016,2,68,1932,macro,1,7371205,0.364288242999919,,301028,6c7cd63f0540f0fef6f06a7a0feea7cc4ff1516044275ec4530982ef89168859,7.520357248,99578,False,TRANSLATED_ONLY,27.45540120800024,3741562,27.820514670000193
b2,moreDetailedTest/0009.trace,moreDetailedTest,plain,10,2,0,8,1,MIN_EXPANDED_SIZE,,7,56790fbff4317f35615723262cdac2582549afa62898ba3f81853102ff753346,3,350,350,atlas-b,1,13967839,0.5645601930000339,,164689,bb198040f97bc2a5441fed5ebbd6ccf5f527c0e0979ecedca2f5655a13a325e8,2.712443252,52769,False,TRANSLATED_ONLY,20.29195931299978,4284194,20.85720427199999
b2,moreDetailedTest/0009.trace,moreDetailedTest,plain,10,2,0,8,1,MIN_EXPANDED_SIZE,,7,56790fbff4317f35615723262cdac2582549afa62898ba3f81853102ff753346,3,350,350,macro,1,11553614,0.3643094089998158,,195221,87da3c675638b08a6db056aef64a347cbc8f5e764f5d912ed1f4497d68922032,3.349547347,99656,False,TRANSLATED_ONLY,39.67997441599982,5544098,40.045030231000055
b2,5to10Traces/0116.trace,5to10Traces,plain,67,2,0,8,1,MIN_EXPANDED_SIZE,,5,04648b1607ab764a7a9a2bd046edfeacf74a58b108d36b72db4e30d627a9c954,4,57,75,atlas-b,1,1814528,0.46455273300034605,,38924,9ef58b656c5fb6627b103a5139e73b0e0230e40f9e179929fc6804cc3bbd13c5,0.565747189,9455,False,TRANSLATED_ONLY,3.1681569450001916,562295,3.6333294720002414
b2,5to10Traces/0116.trace,5to10Traces,plain,67,2,0,8,1,MIN_EXPANDED_SIZE,,5,04648b1607ab764a7a9a2bd046edfeacf74a58b108d36b72db4e30d627a9c954,4,57,75,macro,1,1499236,0.3643770799999402,,75968,570035b61b9506336bb623d44390bad2b29f1deb78ce81c2b224b2c2fb364351,0.832520546,14437,False,TRANSLATED_ONLY,6.923113785000169,734383,7.288116549999813
b2,5to10Traces/0118.trace,5to10Traces,plain,67,2,0,8,1,MIN_EXPANDED_SIZE,,9,7a61766dc359d3151e0d4e1ee04e9405401715c35b35d6cf874a6f7e3a076354,4,63,100,atlas-b,1,5089343,0.4644007089996194,,47481,bff5e6c9ab751a2abda59fdc03fe903e1fa73b9498f3cd97f580e198700fd4c5,0.669585704,15097,False,TRANSLATED_ONLY,7.324092841000038,1533902,7.789096342999983
b2,5to10Traces/0118.trace,5to10Traces,plain,67,2,0,8,1,MIN_EXPANDED_SIZE,,9,7a61766dc359d3151e0d4e1ee04e9405401715c35b35d6cf874a6f7e3a076354,4,63,100,macro,1,3245080,0.3642839579997599,,85377,d91ad0b3f7fab1282c46647d3923204f9631c1ed0c4211efb4f4587fbd9de7a5,0.971820481,28186,False,TRANSLATED_ONLY,10.578400024000075,1531160,10.94332705700026
b2,increasingNumVariables/0007.trace,increasingNumVariables,plain,10,2,0,8,1,MIN_EXPANDED_SIZE,,5,ad8b69cca65b23e3aa0252f99d9c19a337e1bd035c5ca9bd532bebc35f387bcb,3,50,50,atlas-b,1,1263900,0.46441685799982224,,25588,87ff486e91c841a6799bfbc66a003d97f75dfb3b6d182831712e5a2305e57628,0.450064247,6679,False,TRANSLATED_ONLY,2.3670077530000526,394706,2.8319922040000165
b2,increasingNumVariables/0007.trace,increasingNumVariables,plain,10,2,0,8,1,MIN_EXPANDED_SIZE,,5,ad8b69cca65b23e3aa0252f99d9c19a337e1bd035c5ca9bd532bebc35f387bcb,3,50,50,macro,1,1119264,0.26410491800015734,,68657,e6b0ff7182c43e25779d9b191fe37540bd2e11a2016956a71ba655a1dbdc7148,0.716075539,10883,False,TRANSLATED_ONLY,5.2210267430000386,547382,5.485749705000217
b2,5to10Traces/0026.trace,5to10Traces,plain,10,2,0,8,1,MIN_EXPANDED_SIZE,,9,fc3f69ae20507e848cc21ca73eda7dd7bccf867f9de674721df7526c2f6463a1,3,50,50,atlas-b,1,2936386,0.46451256899990767,,25589,6ad295c00a462d8807b93475dc94a219204ea19c3374caa60fd54b7ac319ca0b,0.464827317,8875,False,TRANSLATED_ONLY,5.271017192999807,889032,5.736111686000186
b2,5to10Traces/0026.trace,5to10Traces,plain,10,2,0,8,1,MIN_EXPANDED_SIZE,,9,fc3f69ae20507e848cc21ca73eda7dd7bccf867f9de674721df7526c2f6463a1,3,50,50,macro,1,1978361,0.2641623790000267,,71073,6fc7ca5f1f845be197164ab6e10a0e694d3ddfedbcd8adfa73f10cfaed29b2d3,0.748732811,17783,False,TRANSLATED_ONLY,7.673799539000356,934369,7.9385759420001705
b2,5to10Traces/0157.trace,5to10Traces,plain,6,2,0,6,1,MIN_EXPANDED_SIZE,,5,588f3e17285d00e0ef25a984d20cb2c7311b5f83e1a7b7cfd03f0d91845196cb,3,25,25,atlas-b,1,2741125,0.4644119770000543,,20853,cde7a2690ca4f93cb3c0db4d9a6f29a0302758506779d377c0e87da664eb2b58,0.449822212,9179,False,TRANSLATED_ONLY,4.369685640999705,800856,4.834680892000051
b2,5to10Traces/0157.trace,5to10Traces,plain,6,2,0,6,1,MIN_EXPANDED_SIZE,,5,588f3e17285d00e0ef25a984d20cb2c7311b5f83e1a7b7cfd03f0d91845196cb,3,25,25,macro,1,1162940,0.2641649289998895,,82558,b030f0799e1c788641ef0e75febd37dd58bcf4c255e9a86db392e633018b041b,0.687056031,11177,False,TRANSLATED_ONLY,4.169802379999965,501791,4.4346171249999315
b2,baseTest/0022.trace,baseTest,plain,6,2,0,6,1,MIN_EXPANDED_SIZE,,5,143633c7de1d7e7a0576364eb602323960a8ebfb03194da1c0991ab456cfd847,3,262,101,atlas-b,1,4564600,0.5145172009997623,,86504,9510e0be1109a6c635dec40378e3c9edc106016a355984e03cd0a689917fbddf,0.967098056,23774,False,TRANSLATED_ONLY,8.876398445000177,1424876,9.391558190000069
b2,baseTest/0022.trace,baseTest,plain,6,2,0,6,1,MIN_EXPANDED_SIZE,,5,143633c7de1d7e7a0576364eb602323960a8ebfb03194da1c0991ab456cfd847,3,262,101,macro,1,4031059,0.31430708300013066,,117181,ed0a972ea28ecbe3a2bdcc285351188695589f787bec1ee14fbb06c0d2c27e5f,1.784596019,38036,False,TRANSLATED_ONLY,14.78759502999992,1981544,15.10258353900008
b2,5to10Traces/0041.trace,5to10Traces,plain,10,2,0,8,1,MIN_EXPANDED_SIZE,,5,19adba18fde82da20adba26fd41cc7576324db55d448cd26ee2f06aab0e4e69a,3,225,225,atlas-b,1,24599325,0.5144463199999336,,167503,b2e941494472a22eb68668891bd4a0a230c050d074818820b8dfcc20eb9b6c1e,2.206488279,81179,False,TRANSLATED_ONLY,42.18026549399997,7183656,42.69533689800005
b2,5to10Traces/0041.trace,5to10Traces,plain,10,2,0,8,1,MIN_EXPANDED_SIZE,,5,19adba18fde82da20adba26fd41cc7576324db55d448cd26ee2f06aab0e4e69a,3,225,225,macro,1,10702692,0.36426214900006926,,212986,c8d33ff2c05abd9c9e5741026edf6473de10672301d2ffde25f1c8a2dd2e2c87,3.984573939,94064,False,TRANSLATED_ONLY,31.866439682999953,4576497,32.23144213799992
b2,5to10Traces/0033.trace,5to10Traces,plain,10,2,0,8,1,MIN_EXPANDED_SIZE,,7,ee7ed51fee44ba93cdbb31b9b14ad02bb32f3de11c0469756dc702c50db80225,3,125,125,atlas-b,1,20193065,0.5145515560002423,,94104,04e4fafbb5a8e11dc529f282b46da3981c621dcaeb655c1db649b824becd86d7,1.120791659,50269,False,TRANSLATED_ONLY,31.406519405999916,5891745,31.921703626999715
b2,5to10Traces/0033.trace,5to10Traces,plain,10,2,0,8,1,MIN_EXPANDED_SIZE,,7,ee7ed51fee44ba93cdbb31b9b14ad02bb32f3de11c0469756dc702c50db80225,3,125,125,macro,1,10252557,0.3644720629999938,,173744,640177344483a0247849bda7a4ec02949524bd99eef68e3eb8673365cae1a1db,1.936997118,73178,False,TRANSLATED_ONLY,29.804648450999593,4329584,30.1697928589997
b2,moreDetailedTest/0033.trace,moreDetailedTest,plain,18,2,0,8,1,MIN_EXPANDED_SIZE,,5,0815ec2799a4f74dedffd398af389f910da5ad3cfb770eb16b6d893c9dd94d49,3,175,175,atlas-b,1,4401524,0.5144691049999892,,83488,839c1b86efd412326021ec86e9d3af4d1e86d1636f486688d2341c218c6bcd21,1.077663194,22929,False,TRANSLATED_ONLY,8.9783643640003,1373955,9.4934733529999
b2,moreDetailedTest/0033.trace,moreDetailedTest,plain,18,2,0,8,1,MIN_EXPANDED_SIZE,,5,0815ec2799a4f74dedffd398af389f910da5ad3cfb770eb16b6d893c9dd94d49,3,175,175,macro,1,3755185,0.3142102120000345,,119816,9fc4c768d03af8d7876616c7a977d923f251483068e6a713165ba7836a301ee3,1.55058025,35894,False,TRANSLATED_ONLY,15.286045782999736,1859661,15.60095252200017
b2,increasingNumVariables/0042.trace,increasingNumVariables,plain,135,2,0,8,1,MIN_EXPANDED_SIZE,,9,6fb57c460326b18a306bcbac89f5dd24e4638385447c38cf39c934ad658135f3,8,25,25,atlas-b,1,2046226,0.46441876800008686,,25309,974ddecb380a528fe1137451e1f86ea81c2e98a6cd82631f044baefaf3ced939,0.495458042,6175,False,TRANSLATED_ONLY,2.8676530839998122,606690,3.332653824999852
b2,increasingNumVariables/0042.trace,increasingNumVariables,plain,135,2,0,8,1,MIN_EXPANDED_SIZE,,9,6fb57c460326b18a306bcbac89f5dd24e4638385447c38cf39c934ad658135f3,8,25,25,macro,1,1075567,0.36434872400013774,,49999,722a1c0d5f4029d94bb4197d5d8af1c991eb5375c93d98b7598ca28578b89a7c,0.569279451,10101,False,TRANSLATED_ONLY,4.619953460000033,501103,4.9849500889999945
b2,5to10Traces/0188.trace,5to10Traces,plain,10,2,0,8,1,MIN_EXPANDED_SIZE,,5,34ecee67cee4bbe34e57a29d6c0d8119f2c9e9761cb28f18932a041c91443219,3,150,150,atlas-b,1,3774000,0.5144973699998445,,71888,31c60b6d51b4f9cb4c386d1ec0a51129c17da228a173ae253e80f47fb7eeb04c,0.960392482,19679,False,TRANSLATED_ONLY,7.424480292000226,1178106,7.939619536000009
b2,5to10Traces/0188.trace,5to10Traces,plain,10,2,0,8,1,MIN_EXPANDED_SIZE,,5,34ecee67cee4bbe34e57a29d6c0d8119f2c9e9761cb28f18932a041c91443219,3,150,150,macro,1,3296139,0.3142673019997346,,111966,72183fb2cd0cf95014b77c7450343251fdcd872672d32c5fa98898d958175c7e,1.453241604,31064,False,TRANSLATED_ONLY,11.229920637000305,1616363,11.544835805000275
b2,equal/0008.trace,equal,plain,5,2,0,5,1,MIN_EXPANDED_SIZE,,5,68b9dbffdba5a8716cc749e502c78caaa27f683a9a081ec0950c20632e3b7341,2,100,100,atlas-b,1,2300106,0.5146380440000939,,39640,6a3d5fcef97b20aa8ae0699bef642cb86cfe8625ca389e6680aedce597a1a0d5,0.524678615,12147,False,TRANSLATED_ONLY,5.221542575000058,724265,5.7368248430002495
b2,equal/0008.trace,equal,plain,5,2,0,5,1,MIN_EXPANDED_SIZE,,5,68b9dbffdba5a8716cc749e502c78caaa27f683a9a081ec0950c20632e3b7341,2,100,100,macro,1,1675039,0.2642202110000653,,82239,e02d84d88374eb53b8d7377e72230302e38b219136a14718bf455973b38005f4,0.915623062,16632,False,TRANSLATED_ONLY,6.672745641999882,834583,6.9375908560000425
b2,disjunctedExistence/0070.trace,disjunctedExistence,plain,134,2,0,8,1,MIN_EXPANDED_SIZE,,5,0cfd956822f9adddc5db2a29649255f2a901633e32f3a021d3575c9899d300fe,7,9,500,atlas-b,1,,0.6146521940004277,,372505,628217a1a49ef6e63d96949212c76e241e477f4a072c0f91d5b74a92d10c6683,,,False,TRANSLATION_TIMEOUT,180.2618943309999,,180.8774293749998
b2,disjunctedExistence/0070.trace,disjunctedExistence,plain,134,2,0,8,1,MIN_EXPANDED_SIZE,,5,0cfd956822f9adddc5db2a29649255f2a901633e32f3a021d3575c9899d300fe,7,9,500,macro,1,12519940,0.7649345459999495,,306388,6b0ae1fa8e54fb300f2a8eea3ebc16df238b279f76ab63a8a86efb0cc0a49f4d,4.373567398,107692,False,TRANSLATED_ONLY,37.76723553000011,5303823,38.53303404600001
b2,5to10Traces/0019.trace,5to10Traces,plain,5,2,0,5,1,MIN_EXPANDED_SIZE,,5,d2ec63cb54f0d08edb08846e8e8cb304c4b44efa96bb5a3f755504a22f94a765,2,14,225,atlas-b,1,12131846,0.5144391159999486,,68638,40464caaaae74a3bc033519c9b05a3814809880a11cd9427e4467517b5d094bd,0.822041726,40777,False,TRANSLATED_ONLY,15.235222393999948,3550252,15.750295594000136
b2,5to10Traces/0019.trace,5to10Traces,plain,5,2,0,5,1,MIN_EXPANDED_SIZE,,5,d2ec63cb54f0d08edb08846e8e8cb304c4b44efa96bb5a3f755504a22f94a765,2,14,225,macro,1,5525948,0.3644235320000462,,183677,a8a5fef614aab04df8ffb13f26751960c389c01375ab1cc08d7dc42e2532abf4,2.002142377,48909,False,TRANSLATED_ONLY,15.386088155999914,2376323,15.751220383999907
b2,5to10Traces/0023.trace,5to10Traces,plain,10,2,0,8,1,MIN_EXPANDED_SIZE,,5,1f43e054972e60ab5774a73ec981357b10aa7add71b038501ae6ccb7299587c8,3,5,5,atlas-b,1,555305,0.4143559109998023,,6223,28514c4438234e1f4d5ded0bf09e7e5a4cd9266b383170594473f0d0367bc122,0.26584501,1979,False,TRANSLATED_ONLY,1.2655122040000606,162576,1.6804526890000488
b2,5to10Traces/0023.trace,5to10Traces,plain,10,2,0,8,1,MIN_EXPANDED_SIZE,,5,1f43e054972e60ab5774a73ec981357b10aa7add71b038501ae6ccb7299587c8,3,5,5,macro,1,255106,0.26420009200001005,,42629,afee5887502e1d8bc6e3916beec2d9883d97a8730630b24a19e1489c704571c8,0.4846362,2882,False,TRANSLATED_ONLY,1.7664481520000663,108073,2.0312219459997323
b2,5to10Traces/0021.trace,5to10Traces,plain,5,2,0,5,1,MIN_EXPANDED_SIZE,,5,762208528583c652bfc45a65086137c0dbc2552587d032bd3d98e729c206c156,2,14,250,atlas-b,1,13400196,0.5144953349999923,,75563,64b84f894cffc9e12ba9d3d4b06f9555f466272ca103b67e2fae43d245623420,0.909432771,45027,False,TRANSLATED_ONLY,20.540388039999925,3921377,21.05550364999999
b2,5to10Traces/0021.trace,5to10Traces,plain,5,2,0,5,1,MIN_EXPANDED_SIZE,,5,762208528583c652bfc45a65086137c0dbc2552587d032bd3d98e729c206c156,2,14,250,macro,1,6126454,0.3142357830001856,,184082,af03462ccbf7935ab2d8bc3390214d68638deba8deef0cdb9a2978ece55d3aa8,2.464434253,54054,False,TRANSLATED_ONLY,20.292699553999682,2632122,20.607669864999934
b2,moreDetailedTest/0104.trace,moreDetailedTest,plain,3,2,0,3,1,MIN_EXPANDED_SIZE,,3,b16faa5be0c69486a2719325664a35d45ddf9c63465f195aa0a0f1f5c204845d,2,200,200,atlas-b,1,2500494,0.5144806510002127,,77042,c9122518b740e8eb681ca10ca2b90b3a393ec57fa53b75b9841af5446532c28f,0.937541926,20081,False,TRANSLATED_ONLY,6.722500587000013,807435,7.237680593000277
b2,moreDetailedTest/0104.trace,moreDetailedTest,plain,3,2,0,3,1,MIN_EXPANDED_SIZE,,3,b16faa5be0c69486a2719325664a35d45ddf9c63465f195aa0a0f1f5c204845d,2,200,200,macro,1,1283332,0.26416775899997447,,84073,4e39bb5eaa04c28b21658bad8150422b7eac1913b4ef791f4ab87980a188b21c,1.337869269,17535,False,TRANSLATED_ONLY,5.822495333999996,652282,6.087275698000212
b2,5to10Traces/0091.trace,5to10Traces,plain,3,2,0,3,1,MIN_EXPANDED_SIZE,,3,631f0c457dbe50cec8cf550316abcb72b4d5a50890fa3ebffe13f433ccc4b5cb,2,25,2,atlas-b,1,879935,0.4644312780001201,,10009,4fa4fe551566800eca8f385605eaeb98bfd9017ec89aace6dee8720d031f8177,0.261899587,4131,False,TRANSLATED_ONLY,1.716062741999849,256524,2.1810844440001347
b2,5to10Traces/0091.trace,5to10Traces,plain,3,2,0,3,1,MIN_EXPANDED_SIZE,,3,631f0c457dbe50cec8cf550316abcb72b4d5a50890fa3ebffe13f433ccc4b5cb,2,25,2,macro,1,261335,0.2642401909997716,,48499,8467ea7d638a7f167eca6086b339e00a45dfe3c75e477f3d0d9d7917b4cbe309,0.548420441,3690,False,TRANSLATED_ONLY,1.7660513820001142,113141,2.030901077999715
b2,5to10Traces/0065.trace,5to10Traces,plain,18,2,0,8,1,MIN_EXPANDED_SIZE,,5,2f6f12b0ce96437e99643656a191987fe3e29e5ea11200883df97544dbeaa31f,3,46,250,atlas-b,1,16184020,0.5144430390000707,,111039,323487e1c0320a9074eaabf12dc9b6d8217868c623e0c66980af742232ba2be8,1.435649919,53459,False,TRANSLATED_ONLY,25.948292654999932,4726278,26.46338724899988
b2,5to10Traces/0065.trace,5to10Traces,plain,18,2,0,8,1,MIN_EXPANDED_SIZE,,5,2f6f12b0ce96437e99643656a191987fe3e29e5ea11200883df97544dbeaa31f,3,46,250,macro,1,7042247,0.36482522599999356,,189471,98ee27ed956c62831009425987f23bee72cf611fe3baecdecf66ec7e00817563,2.13051424,61850,False,TRANSLATED_ONLY,17.887134890999732,3014769,18.25265968299982
b2,disjunctedExistence/0012.trace,disjunctedExistence,plain,36,2,0,8,1,MIN_EXPANDED_SIZE,,11,ca651d108be883ce1902f3503e423288abb4ccb7c55aa057ad7ac2a8dbb3c293,5,250,38,atlas-b,1,12914647,0.5145503769999777,,95096,16e51b1538a4a749a0941fc3512ad3c5531683f1893fc0b6635454338206792b,1.216886668,30861,False,TRANSLATED_ONLY,20.692418929999803,3844851,21.20761019099973
b2,disjunctedExistence/0012.trace,disjunctedExistence,plain,36,2,0,8,1,MIN_EXPANDED_SIZE,,11,ca651d108be883ce1902f3503e423288abb4ccb7c55aa057ad7ac2a8dbb3c293,5,250,38,macro,1,5846471,0.36428881800020463,,125742,d5715e2b095c94705b67f561136fa5ed8f65be8781103d69c8d407a12e55e43c,1.657316533,49125,False,TRANSLATED_ONLY,18.837835902999814,2747419,19.202817417000006
b2,baseTest/0011.trace,baseTest,plain,5,2,0,5,1,MIN_EXPANDED_SIZE,,5,07511e9d3b5c516d46998d9c9d61a64f53aa0f89f48be8fd2b63532ec0f02cf8,2,57,1943,atlas-b,1,,0.6146620589997838,"Exception in thread ""main"" Type error:
Translation capacity exceeded.
In this scope, universe contains 2031 atoms
and relations of arity 3 cannot be represented.
Visit http://alloy.mit.edu/ for advice on refactoring.
	at edu.mit.csail.sdg.translator.TranslateAlloyToKodkod.rethrow(TranslateAlloyToKodkod.java:411)
	at edu.mit.csail.sdg.translator.TranslateAlloyToKodkod.execute_command(TranslateAlloyToKodkod.java:533)
	at Rq2Translate.main(Rq2Translate.java:47)
",377240,e967ee24b20fd542e9c0561698e23a4b8971842b9706d767bd8d9935c1126574,,,False,TRANSLATION_ERROR,6.073374946000058,,6.688988686999892
b2,baseTest/0011.trace,baseTest,plain,5,2,0,5,1,MIN_EXPANDED_SIZE,,5,07511e9d3b5c516d46998d9c9d61a64f53aa0f89f48be8fd2b63532ec0f02cf8,2,57,1943,macro,1,16589036,0.36430334899978334,,313585,dd9a62902ae6a4118ba38117cee1966bca8abdd9e33b516a1c6ee623c0b98af5,7.911008631,156786,False,TRANSLATED_ONLY,59.64675093200003,8226412,60.011914311000055
b2,equal/0025.trace,equal,plain,6,2,0,6,1,MIN_EXPANDED_SIZE,,5,edb9330d0129cc0be80bf467b4cbef6358640874afff7c1a9fe9e6c3571001bc,3,200,200,atlas-b,1,5029050,0.5144856219999383,,95088,d8f14e3824fb6bc1e518f48a41b4091ae579e4cb2f997923fcac28d0f376a0f6,1.121839135,26179,False,TRANSLATED_ONLY,7.8252394430001,1569806,8.340371860000232
b2,equal/0025.trace,equal,plain,6,2,0,6,1,MIN_EXPANDED_SIZE,,5,edb9330d0129cc0be80bf467b4cbef6358640874afff7c1a9fe9e6c3571001bc,3,200,200,macro,1,4425427,0.2641757020001023,,125336,6624b8a50cb26a183ba3397a9e8981e6d55603701defaf338580c9754afae33a,1.769381299,41585,False,TRANSLATED_ONLY,16.485964146999777,2172698,16.75080826300018
b2,5to10Traces/0024.trace,5to10Traces,plain,10,2,0,8,1,MIN_EXPANDED_SIZE,,5,0d57abc1154e4fe68d03e0823d739a52f7893a122f72f3fde9028f3a8ae33c3b,3,25,25,atlas-b,1,636375,0.4644176689998858,,14038,3258fcac7ff9fff7518c36c9067a1d8ff550a302450a6fee2bcb383a6f558b74,0.328612925,3429,False,TRANSLATED_ONLY,1.5661981709999964,198856,2.0312025530001847
b2,5to10Traces/0024.trace,5to10Traces,plain,10,2,0,8,1,MIN_EXPANDED_SIZE,,5,0d57abc1154e4fe68d03e0823d739a52f7893a122f72f3fde9028f3a8ae33c3b,3,25,25,macro,1,539269,0.26446811400001025,,46125,36634933c3f66fbf8f21d51ae96ddfd4b4fc6087dff6719e63bc3c6489f71577,0.573116998,5906,False,TRANSLATED_ONLY,3.3184713779996855,269613,3.5835764369999197
b2,moreDetailedTest/0082.trace,moreDetailedTest,plain,67,2,0,8,1,MIN_EXPANDED_SIZE,,7,4d7260867536235c162fcf2d264141458d3eb621960070f11fa2838c3a3fd581,4,36,50,atlas-b,1,1870132,0.4643997470002432,,26229,66072bf1e67c00634bcd2cb79fcc659ed58ac34877994c94642cfa4e5cc56a0f,0.43885273,7193,False,TRANSLATED_ONLY,2.86810545499975,570399,3.3331146360001185
b2,moreDetailedTest/0082.trace,moreDetailedTest,plain,67,2,0,8,1,MIN_EXPANDED_SIZE,,7,4d7260867536235c162fcf2d264141458d3eb621960070f11fa2838c3a3fd581,4,36,50,macro,1,1502911,0.31425923200004036,,68463,d11040224b2dbe8acd395ea65272d81762c8037fa8906ee171746e32eb898961,0.716901688,13678,False,TRANSLATED_ONLY,5.722280387999945,715512,6.0371629649998795
b2,5to10Traces/0045.trace,5to10Traces,plain,18,2,0,8,1,MIN_EXPANDED_SIZE,,5,6be0adea98eb9f7f8aa3bc1d94d8fab75c02fea48f2f56dd13cc3e0b4c5951f9,3,2,5,atlas-b,1,391370,0.41437445600013234,,5128,ab4feb7a05b12505686bcf3751377a439d4fe664ffb08e86d924f142faa59153,0.25897678,1439,False,TRANSLATED_ONLY,1.1153825180003878,114705,1.530301426999813
b2,5to10Traces/0045.trace,5to10Traces,plain,18,2,0,8,1,MIN_EXPANDED_SIZE,,5,6be0adea98eb9f7f8aa3bc1d94d8fab75c02fea48f2f56dd13cc3e0b4c5951f9,3,2,5,macro,1,176111,0.26420473000007405,,28912,2cbfbe142eb8b79330bf7b92db6f4e6951add0bd9582600c3d686693462f5ca4,0.465149945,2252,False,TRANSLATED_ONLY,1.5658524350001244,76263,1.83067144000006
b2,increasingNumVariables/0032.trace,increasingNumVariables,plain,70,2,0,8,1,MIN_EXPANDED_SIZE,,9,b7cf7580413326dac839559fdca50aaec97939547f69aa0a041b6d9bb0412465,7,15,15,atlas-b,1,1179134,0.46446552900033566,,14835,98551391d7bc2df5a4f900daaf6897001cd77c9572e0328a78f7eedf2e65bfa9,0.378557772,3757,False,TRANSLATED_ONLY,1.9666819400003988,350826,2.4317206720002105
b2,increasingNumVariables/0032.trace,increasingNumVariables,plain,70,2,0,8,1,MIN_EXPANDED_SIZE,,9,b7cf7580413326dac839559fdca50aaec97939547f69aa0a041b6d9bb0412465,7,15,15,macro,1,670285,0.31420417000026646,,40545,7b5a5bc049e03380598ec2bbace107473867dfa4c5aab38e126b0897c879d64d,0.509808403,6793,False,TRANSLATED_ONLY,3.7189284840001164,310021,4.033708078000018
b2,moreDetailedTest/0041.trace,moreDetailedTest,plain,18,2,0,8,1,MIN_EXPANDED_SIZE,,5,31efac6c1c3ad02176d01d4737047da638bd07be31e32f796a6d6b5f81079de0,3,5,5,atlas-b,1,134355,0.4143204130000413,,4808,49e22240f06a5099c0a57eccd307b7fca567623f32dfc00da3fff1e1487a3000,0.21618971,829,False,TRANSLATED_ONLY,0.8148296780000237,42176,1.2297286739999436
b2,moreDetailedTest/0041.trace,moreDetailedTest,plain,18,2,0,8,1,MIN_EXPANDED_SIZE,,5,31efac6c1c3ad02176d01d4737047da638bd07be31e32f796a6d6b5f81079de0,3,5,5,macro,1,131790,0.2641684380000697,,31034,fb2b0e7ac2c429e8330045ee43023a22037be0ed5526e858c1e3ac2db0a951e8,0.428242045,1832,False,TRANSLATED_ONLY,1.4158916210003554,62255,1.6806512920002206
b2,5to10Traces/0022.trace,5to10Traces,plain,10,2,0,8,1,MIN_EXPANDED_SIZE,,9,6c80b75187a5ed478cf842bff2085bc613efa684acf8c148e6eaa8f09b40d5c5,3,5,5,atlas-b,1,324721,0.41440508699997736,,4809,51ef6a3a02e108a9b1f4343589e5908dfc8b7f1c66aaa94864ed167813088b54,0.186543013,1225,False,TRANSLATED_ONLY,0.965087560000029,98382,1.3800608000001375
b2,5to10Traces/0022.trace,5to10Traces,plain,10,2,0,8,1,MIN_EXPANDED_SIZE,,9,6c80b75187a5ed478cf842bff2085bc613efa684acf8c148e6eaa8f09b40d5c5,3,5,5,macro,1,245868,0.21409097700006896,,25907,ae02279c3a608f49136e3bc3713a771abd6de4b75bdec8378acef49215aca6d9,0.419162056,3329,False,TRANSLATED_ONLY,1.9164857140003733,109932,2.1311538350000774
b2,increasingNumVariables/0048.trace,increasingNumVariables,plain,264,2,0,8,1,MIN_EXPANDED_SIZE,,5,d4aed58d55a4dd87c058e28a7fc96aad2ca4e792a98ea7b77176a065bc08327a,9,15,15,atlas-b,1,621412,0.4644026109999686,,17543,c876fe4d8f6282c043bb6eb4dffa09cb0a917affd23472855626c969d53ea94b,0.415056297,3305,False,TRANSLATED_ONLY,1.51592160600012,187075,1.9808441599998332
b2,increasingNumVariables/0048.trace,increasingNumVariables,plain,264,2,0,8,1,MIN_EXPANDED_SIZE,,5,d4aed58d55a4dd87c058e28a7fc96aad2ca4e792a98ea7b77176a065bc08327a,9,15,15,macro,1,370211,0.4143321209999158,,39517,842995ec1d40a9e9d3d87a56cae0f078a28a834e08057e2afbd5a975a6bdfa26,0.507668553,4004,False,TRANSLATED_ONLY,2.467039064999881,178782,2.8819531499998448
b2,increasingNumVariables/0037.trace,increasingNumVariables,plain,70,2,0,8,1,MIN_EXPANDED_SIZE,,15,f7f3d0810bad48df9101e5126be866be791a9f80c7449afd5126b996deaeda0b,7,40,40,atlas-b,1,6598360,0.46453461400005835,,35386,e05f00e9e0fd7b01c504990cd69c66795f2a3ff2ac7eea3108f5dde99f9ddf2f,0.56750495,11917,False,TRANSLATED_ONLY,8.325748790000034,1929725,8.790919249000126
b2,increasingNumVariables/0037.trace,increasingNumVariables,plain,70,2,0,8,1,MIN_EXPANDED_SIZE,,15,f7f3d0810bad48df9101e5126be866be791a9f80c7449afd5126b996deaeda0b,7,40,40,macro,1,1681020,0.3142407320001439,,59798,e130eae0cf7191f19d1e6b7e8e22a788d8294fa201e5315db31b1c89cdce07c0,0.719368729,15565,False,TRANSLATED_ONLY,6.9229122739998274,790209,7.237734739000189
b2,increasingNumVariables/0011.trace,increasingNumVariables,plain,11,2,0,8,1,MIN_EXPANDED_SIZE,,5,39cf098d2ef0dd162a82dc3e34366a8e93706c6e131558d9356a4ffc5cef3fb7,4,30,30,atlas-b,1,832979,0.4143975369997861,,19052,d7a25fa76c2478eb89bfb75c8a4e36890fb97e8b800ac4dbf6f6b896b053c100,0.377897567,4415,False,TRANSLATED_ONLY,1.8163254689998212,258167,2.231291048999992
b2,increasingNumVariables/0011.trace,increasingNumVariables,plain,11,2,0,8,1,MIN_EXPANDED_SIZE,,5,39cf098d2ef0dd162a82dc3e34366a8e93706c6e131558d9356a4ffc5cef3fb7,4,30,30,macro,1,686148,0.26420855100013796,,46910,5902b3e52ff2d7407505fe3e83d0040398609aa35832c3f866df9cc12b344bb3,0.614003131,7087,False,TRANSLATED_ONLY,3.6185175639998306,337134,3.8833249489998707
b2,moreDetailedTest/0063.trace,moreDetailedTest,plain,18,2,0,8,1,MIN_EXPANDED_SIZE,,7,71ee2e001d753ea974c5b2f5ad823ccc113a64daafa89dabcd113ec476fd9ca8,3,250,250,atlas-b,1,9982940,0.5144777220002652,,118289,2d660e1c1dcf8cccb082f35fe0987d58e00e9aa3774d885cb8057c6fca663daa,1.43480351,37769,False,TRANSLATED_ONLY,15.787114257000212,3061995,16.302309235999928
b2,moreDetailedTest/0063.trace,moreDetailedTest,plain,18,2,0,8,1,MIN_EXPANDED_SIZE,,7,71ee2e001d753ea974c5b2f5ad823ccc113a64daafa89dabcd113ec476fd9ca8,3,250,250,macro,1,8222354,0.31422412099982466,,149005,58df3ed598457cebfdc45c109cf4f3f36839e00142c483edbbfabd57846c0897,3.008908245,70395,False,TRANSLATED_ONLY,25.748963129999993,3922520,26.063830646999577
b2,moreDetailedTest/0101.trace,moreDetailedTest,plain,3,2,0,3,1,MIN_EXPANDED_SIZE,,3,aa7f4cc5cca9a51d20e12ae014c64ddd106ffa409541066a82cbe47e1fbca614,2,125,125,atlas-b,1,1563836,0.4644961700000749,,48964,cdae9b77c0ce0d68186bcedd3b9853634e35f5131c39b0558cb09303340bc2e9,0.638002902,12581,False,TRANSLATED_ONLY,4.1696040060001,505056,4.634698910000225
b2,moreDetailedTest/0101.trace,moreDetailedTest,plain,3,2,0,3,1,MIN_EXPANDED_SIZE,,3,aa7f4cc5cca9a51d20e12ae014c64ddd106ffa409541066a82cbe47e1fbca614,2,125,125,macro,1,839580,0.2641641499999423,,68458,c845793dd2c54b49918a1b7326cadfa3fe17051ea425e09bb7242e6b45c4a8a8,0.87126019,11581,False,TRANSLATED_ONLY,4.570715986999858,429171,4.835491021000053
b2,5to10Traces/0109.trace,5to10Traces,plain,3,2,0,3,1,MIN_EXPANDED_SIZE,,3,aeb5a317c4e0a898dcbeb6bed86b860c48c88f68e233287d49df9e3de9c62e3e,2,250,17,atlas-b,1,8677310,0.5144969650000348,,76391,8e3dc252411220c3446af07f4619ecbcc6921f85123925f57e745b1dc113f5d6,0.969364914,40131,False,TRANSLATED_ONLY,15.233912460999818,2527164,15.749036730999705
b2,5to10Traces/0109.trace,5to10Traces,plain,3,2,0,3,1,MIN_EXPANDED_SIZE,,3,aeb5a317c4e0a898dcbeb6bed86b860c48c88f68e233287d49df9e3de9c62e3e,2,250,17,macro,1,2593947,0.31433051400017575,,138513,3b800608da686719cff7ed3506d5de4f618d154b86a170876e8a91a522dc50a6,3.034398902,33707,False,TRANSLATED_ONLY,8.675231918999998,1113053,8.990216658000008
b2,5to10Traces/0191.trace,5to10Traces,plain,10,2,0,8,1,MIN_EXPANDED_SIZE,,5,45737bd8f6964ba07b5df630ad9ef4844163cd64ae95e879c7c1b8e891dd4b99,3,37,175,atlas-b,1,11593765,0.4645311609997407,,80220,cbfc9a4336d83802053f86fe7bb7fdf49dc3787b331d2b55d1bbf750655dd855,0.961016456,38339,False,TRANSLATED_ONLY,13.883019003999834,3385890,14.348192257999926
b2,5to10Traces/0191.trace,5to10Traces,plain,10,2,0,8,1,MIN_EXPANDED_SIZE,,5,45737bd8f6964ba07b5df630ad9ef4844163cd64ae95e879c7c1b8e891dd4b99,3,37,175,macro,1,5024988,0.3642770930000552,,170146,70ae13a920307c0471bfb6a9d0d80e3d562381b8e195632cb7c2d818a00485e9,1.534640247,44336,False,TRANSLATED_ONLY,14.943381516000045,2147974,15.308329094000328
b2,moreDetailedTest/0045.trace,moreDetailedTest,plain,3,2,0,3,1,MIN_EXPANDED_SIZE,,3,807b5cb529c6e2495c8507c5c59d00de6a680cc6dc9d20079d1153aa43855ec2,2,125,125,atlas-b,1,1563825,0.4644711420000931,,49004,de99ac215cdbeead685585b77c1e15a11319991f5e21a0bed929e84e4fc6fe8a,0.597573957,12581,False,TRANSLATED_ONLY,4.069878736000192,505045,4.535003164000045
b2,moreDetailedTest/0045.trace,moreDetailedTest,plain,3,2,0,3,1,MIN_EXPANDED_SIZE,,3,807b5cb529c6e2495c8507c5c59d00de6a680cc6dc9d20079d1153aa43855ec2,2,125,125,macro,1,884420,0.26415983100014273,,68500,acab733893b119831815f5327093692c13ed4684c529d3b9968c36cc892babf1,0.877120974,12127,False,TRANSLATED_ONLY,4.8205931900001815,452287,5.085334675000013
b2,5to10Traces/0150.trace,5to10Traces,plain,3,2,0,3,1,MIN_EXPANDED_SIZE,,3,8e09912a622de8882f0f7db7d6babe6c3bb7c6ba055a3a40a1665e45b82599ed,2,225,225,atlas-b,1,2812702,0.4644030810000004,,86336,e5054813ef778d9de69e550caeb99cc6b9408e87952a7ebe91df3e4145f02842,1.156643851,22581,False,TRANSLATED_ONLY,6.372996162999698,908215,6.838024198000312
b2,5to10Traces/0150.trace,5to10Traces,plain,3,2,0,3,1,MIN_EXPANDED_SIZE,,3,8e09912a622de8882f0f7db7d6babe6c3bb7c6ba055a3a40a1665e45b82599ed,2,225,225,macro,1,1435812,0.2641699709997738,,89108,fddb4c610c28231c658245b92197ebb4869bbc9f265f73ac1f61fdc1f250a6ed,1.155440593,19537,False,TRANSLATED_ONLY,5.621530750000147,730215,5.8863305960003345
b2,moreDetailedTest/0091.trace,moreDetailedTest,plain,6,2,0,6,1,MIN_EXPANDED_SIZE,,5,5fd6f2cf1a0d0eeb256b4bdcb37d8224953e2cbb7d9ca333188168ce6ccdb57d,3,250,250,atlas-b,1,6284097,0.5144810499996311,,118288,e51ae2d6b0dd05d91c9fdc7ac9cbd72c339b2b43c7c87a175eac33cce66e4499,1.369765793,32679,False,TRANSLATED_ONLY,12.030905601000086,1961503,12.546056505999786
b2,moreDetailedTest/0091.trace,moreDetailedTest,plain,6,2,0,6,1,MIN_EXPANDED_SIZE,,5,5fd6f2cf1a0d0eeb256b4bdcb37d8224953e2cbb7d9ca333188168ce6ccdb57d,3,250,250,macro,1,5512339,0.31423790200005897,,147490,88f4d0e90ca1be9c6db1900b42207a0b3a1d18fbe35aad57f2e5348f428e25bc,2.429431309,51749,False,TRANSLATED_ONLY,20.242769231999773,2710254,20.55768757900023
b2,5to10Traces/0028.trace,5to10Traces,plain,10,2,0,8,1,MIN_EXPANDED_SIZE,,5,ff529adeae7753e8593aa98359266dfe653752c9f93b02843e2b714d5969b8e9,3,75,75,atlas-b,1,1891425,0.46445819000018673,,37138,c7e06ecc7e70a7669734ae45f72b9b4e37315d44bc91523efd5d9d13b423ba07,0.540384743,9929,False,TRANSLATED_ONLY,3.7186836819996643,590556,4.183736476999911
b2,5to10Traces/0028.trace,5to10Traces,plain,10,2,0,8,1,MIN_EXPANDED_SIZE,,5,ff529adeae7753e8593aa98359266dfe653752c9f93b02843e2b714d5969b8e9,3,75,75,macro,1,1679120,0.26417807799998627,,75417,b7619de9944baed9ff4cbea22415299afdfea1648ee57e14960c5ff4fb599535,0.805013441,16217,False,TRANSLATED_ONLY,6.322078211999724,823904,6.586883814999965
b2,disjunctedExistence/0033.trace,disjunctedExistence,plain,11,2,0,8,1,MIN_EXPANDED_SIZE,,7,95c06178b9635bd4227fa1fa0f326005487fab0b66adb0640602f7a9493351ca,4,200,1,atlas-b,1,4335222,0.4644788589998825,,58078,1c7aca4285deb6fa10849b436d1f0a570012b78e02cd6ca2e033f931a83bad61,0.7430402,16393,False,TRANSLATED_ONLY,7.974401786999806,1322268,8.439472460000161
b2,disjunctedExistence/0033.trace,disjunctedExistence,plain,11,2,0,8,1,MIN_EXPANDED_SIZE,,7,95c06178b9635bd4227fa1fa0f326005487fab0b66adb0640602f7a9493351ca,4,200,1,macro,1,3441829,0.2641863200001353,,98059,944baef58fa67f260917bad9c087311c1498e8e7b4c076970a5dc2db54ad96b8,1.11455187,29947,False,TRANSLATED_ONLY,10.78125122199981,1637665,11.046094826000171
b2,equal/0032.trace,equal,plain,3,2,0,3,1,MIN_EXPANDED_SIZE,,3,22f8f30c38f86e2961b6487ba7ec8102440b1da43a7633778cf607c34dc4bfe2,2,200,200,atlas-b,1,2500491,0.5145157319998361,,77000,b9786aad1a2d709508dec7f605f6202c51c95458b350b110094350f2046ddd1d,0.971782347,20081,False,TRANSLATED_ONLY,6.873094959999889,807436,7.388249956999971
b2,equal/0032.trace,equal,plain,3,2,0,3,1,MIN_EXPANDED_SIZE,,3,22f8f30c38f86e2961b6487ba7ec8102440b1da43a7633778cf607c34dc4bfe2,2,200,200,macro,1,1275422,0.2641925419998188,,84126,90267214e3d0b4b1d4cef0fafdaccfd14965385f0d059b2eba46ffbae9c04af9,1.096218421,17405,False,TRANSLATED_ONLY,5.621482888999708,650239,5.886287643999822
b2,disjunctedExistence/0064.trace,disjunctedExistence,plain,134,2,0,8,1,MIN_EXPANDED_SIZE,,9,fc617b191fd4d845769d17e2dd10f4af437581f59ee25a7839c6dec061cc113e,7,7,300,atlas-b,1,,0.5645492120002018,,225655,d55d9f83c1a99c9d2d33e4e29a4c8cf03c546acc0fb9f4a740bc68d789a3a779,,,False,TRANSLATION_TIMEOUT,180.29398274200003,,180.85929589000034
b2,disjunctedExistence/0064.trace,disjunctedExistence,plain,134,2,0,8,1,MIN_EXPANDED_SIZE,,9,fc617b191fd4d845769d17e2dd10f4af437581f59ee25a7839c6dec061cc113e,7,7,300,macro,1,16851719,0.7647908530002496,,245605,38dfca05372d4f72ce5aa8704dad77b58c908e850bc8f92b341d6bb2047eb6ec,2.913766264,103465,False,TRANSLATED_ONLY,51.74091783200038,7004000,52.50648045299977
b2,baseTest/0006.trace,baseTest,plain,10,2,0,8,1,MIN_EXPANDED_SIZE,,5,a4875e300f2efbc8da4907b662fde75274e8e6d78dce4a030d2fecd0d5b6bb40,3,89,51,atlas-b,1,1765901,0.46441749199993865,,34828,520f615d79a48581c2fed23175a415a50952da8f3bf7cbe48cc8cbaef85c3a83,0.547868115,9279,False,TRANSLATED_ONLY,3.8687708960001146,551386,4.333764890000111
b2,baseTest/0006.trace,baseTest,plain,10,2,0,8,1,MIN_EXPANDED_SIZE,,5,a4875e300f2efbc8da4907b662fde75274e8e6d78dce4a030d2fecd0d5b6bb40,3,89,51,macro,1,1561690,0.2641697419999218,,76356,0496056c8717b361d83c6066fa7ef1e59432c1cff2a2147bd9de2189e22b1455,0.812859225,14894,False,TRANSLATED_ONLY,6.323330080999767,763128,6.588122927000313
b2,5to10Traces/0148.trace,5to10Traces,plain,3,2,0,3,1,MIN_EXPANDED_SIZE,,3,c7d77813a74ca26f649eb0561259f3a5cad1014bd795b1fa361c58c242ab03fb,2,200,200,atlas-b,1,2500476,0.5145109820000471,,76990,4a6099bcdc2c90784c176c0cd5cf185cde438e7a6da0de4a7f4553fd653cd4d4,0.883779989,20081,False,TRANSLATED_ONLY,6.823383908000324,807414,7.338526165000076
b2,5to10Traces/0148.trace,5to10Traces,plain,3,2,0,3,1,MIN_EXPANDED_SIZE,,3,c7d77813a74ca26f649eb0561259f3a5cad1014bd795b1fa361c58c242ab03fb,2,200,200,macro,1,1299065,0.26419769199992515,,84630,eb5ac9c2b5f899b357fe731e451534271481735ade806b3993dcd93b2b22d25a,1.108492155,17834,False,TRANSLATED_ONLY,5.521193404000314,661153,5.785981790000278
b2,5to10Traces/0094.trace,5to10Traces,plain,3,2,0,3,1,MIN_EXPANDED_SIZE,,3,cf035066127ad327132c81cc964e05ab03813f8cd80476dd27099088393ab63a,2,75,75,atlas-b,1,939386,0.4643705870003032,,30316,25d5a17e262dad093978e658b348c18a34f65ae9f2332bfa00a4f4f816a51e82,0.462477813,7581,False,TRANSLATED_ONLY,2.2671131639999658,303457,2.7320441930000925
b2,5to10Traces/0094.trace,5to10Traces,plain,3,2,0,3,1,MIN_EXPANDED_SIZE,,3,cf035066127ad327132c81cc964e05ab03813f8cd80476dd27099088393ab63a,2,75,75,macro,1,541213,0.26923048600019683,,54381,c171fc634efd60af7b20bf906198bbf738b29836a08301b2e28f1ecb3ced6088,0.64530811,7681,False,TRANSLATED_ONLY,2.9176537749999625,278249,3.1874827540000297
b2,5to10Traces/0077.trace,5to10Traces,plain,18,2,0,8,1,MIN_EXPANDED_SIZE,,15,37be0b9dadbe653282583062331b1d0b8c75f19c11d87996a10a06629585968b,3,125,19,atlas-b,1,,0.4644638100003249,,55284,44d6972c12faea514a7035d13c4be1f9ec88d9e9db18d1e14e18c1d6fb24a561,,,False,TRANSLATION_TIMEOUT,180.28659615599963,,180.75168574100007
b2,5to10Traces/0077.trace,5to10Traces,plain,18,2,0,8,1,MIN_EXPANDED_SIZE,,15,37be0b9dadbe653282583062331b1d0b8c75f19c11d87996a10a06629585968b,3,125,19,macro,1,8021925,0.36429520899991985,,228234,58f269ba12f8271ea321d27a7c49165500f25a23b373c7eaa4354edf8d8b0da7,2.193867667,48974,False,TRANSLATED_ONLY,28.404148017999887,3326098,28.769190694000372
b2,moreDetailedTest/0088.trace,moreDetailedTest,plain,6,2,0,6,1,MIN_EXPANDED_SIZE,,5,f43cb075a600217404d8150609c59e79796ebce8b054f4583035ef7b4b9d6e7c,3,150,150,atlas-b,1,3774000,0.5145879629999399,,71888,3443077cc266835514d4e2027419834adb436ddc41bc7b536db59f234b62087c,0.925351956,19679,False,TRANSLATED_ONLY,7.323559898999974,1178106,7.838766334999946
b2,moreDetailedTest/0088.trace,moreDetailedTest,plain,6,2,0,6,1,MIN_EXPANDED_SIZE,,5,f43cb075a600217404d8150609c59e79796ebce8b054f4583035ef7b4b9d6e7c,3,150,150,macro,1,3295786,0.2641932800001996,,104613,c7e69834db5842aea8ca15513597a28547501f9178b4d47b747b406bb4af755a,1.309535317,31190,False,TRANSLATED_ONLY,11.130080720000024,1620049,11.394905493999886
b2,baseTest/0036.trace,baseTest,plain,10,2,0,8,1,MIN_EXPANDED_SIZE,,7,f83114b007ed8486aaa1359b784e1629b9112cb40f68776f201b9cb07a0041a5,3,85,915,atlas-b,1,19945602,0.5646302039999682,,234294,e0d2f0b63e6c5aeeee8e07c0f33a8d05b159e5c5fcba39e4ae01e3f0028abcdf,3.417290473,75269,False,TRANSLATED_ONLY,38.71577341500006,6117492,39.28116240599957
b2,baseTest/0036.trace,baseTest,plain,10,2,0,8,1,MIN_EXPANDED_SIZE,,7,f83114b007ed8486aaa1359b784e1629b9112cb40f68776f201b9cb07a0041a5,3,85,915,macro,1,16527797,0.4144278829999166,,258995,d01107aeab18f4590445da23e9a59915d8e66f83fb98b8a34cfbe8bd781b9e98,5.553048003,141590,False,TRANSLATED_ONLY,56.645170217000214,7922281,57.06036002799965
b2,disjunctedExistence/0069.trace,disjunctedExistence,plain,134,2,0,8,1,MIN_EXPANDED_SIZE,,5,622819d40ba94df8d8abeb6b955778f2a23b50fbe826af1277da478a3864b519,7,500,500,atlas-b,1,16911139,0.6146815270003572,,414305,1351240a0bf8dab21bcbeabc5ec69472d875183a80524406f894cc2fd9f6cd64,4.881591764,85347,False,TRANSLATED_ONLY,32.15585969299991,5154577,32.7715349529999
b2,disjunctedExistence/0069.trace,disjunctedExistence,plain,134,2,0,8,1,MIN_EXPANDED_SIZE,,5,622819d40ba94df8d8abeb6b955778f2a23b50fbe826af1277da478a3864b519,7,500,500,macro,1,11547460,0.5648788080002305,,415353,6365141743637aea5c5744df55292dd8cc156dadb318305affa0efca49f6334d,8.010916193,105571,False,TRANSLATED_ONLY,43.830933017999996,5643767,44.396756568
b2,increasingNumVariables/0024.trace,increasingNumVariables,plain,37,2,0,8,1,MIN_EXPANDED_SIZE,,9,a6cb32342ce9879b98c0c7fc6e3c5ea45ab53a2b78d83e2adbb07a8fca75e9a7,6,15,15,atlas-b,1,1108500,0.4644001510000635,,13481,5397544098ac9487cddaeb476105a9ca1b0ac386c4bace71a94ba6bd29aa1d3e,0.342169109,3543,False,TRANSLATED_ONLY,1.8664321179999206,331094,2.3314052519999677
b2,increasingNumVariables/0024.trace,increasingNumVariables,plain,37,2,0,8,1,MIN_EXPANDED_SIZE,,9,a6cb32342ce9879b98c0c7fc6e3c5ea45ab53a2b78d83e2adbb07a8fca75e9a7,6,15,15,macro,1,654823,0.26410742000007303,,39169,db7808bd405939feb69249a86d4439b14ca67808ad0ac997a18b5539b34ef0f6,0.558332508,6785,False,TRANSLATED_ONLY,4.319928220000293,305899,4.584599281999999
b2,5to10Traces/0112.trace,5to10Traces,plain,67,2,0,8,1,MIN_EXPANDED_SIZE,,5,091a04c7c5936ecbfa22c19ce53f1f45fe5914a8b4c437064960db8fdbc56c7d,4,14,25,atlas-b,1,546702,0.4143106399997123,,13256,fc5352130f5a7a1d8fbc9a4591d37e10921777e0a432f97d1ee74d067a599a68,0.298444365,2945,False,TRANSLATED_ONLY,1.3155120320002425,169463,1.7303636050000932
b2,5to10Traces/0112.trace,5to10Traces,plain,67,2,0,8,1,MIN_EXPANDED_SIZE,,5,091a04c7c5936ecbfa22c19ce53f1f45fe5914a8b4c437064960db8fdbc56c7d,4,14,25,macro,1,459470,0.3141803909998089,,46032,f5169544ab1e46ec85fb2a35eee595b56fa42d3f852b2d4c6ac512cdfc9e3681,0.536259146,4819,False,TRANSLATED_ONLY,2.917640535999908,222755,3.232365929000025
b2,moreDetailedTest/0008.trace,moreDetailedTest,plain,10,2,0,8,1,MIN_EXPANDED_SIZE,,9,81fcf02a9c3188214421026ae6f166dd3b5ccadc1ba4fa7e068e9ba3f4817ce9,3,300,300,atlas-b,1,17445636,0.514569021999705,,141489,1706eede5693e2a831455ac1f2802283bf053c47542628fd742b530a53db72c5,1.738678583,51375,False,TRANSLATED_ONLY,26.803419014000156,5281532,27.318694241999765
b2,moreDetailedTest/0008.trace,moreDetailedTest,plain,10,2,0,8,1,MIN_EXPANDED_SIZE,,9,81fcf02a9c3188214421026ae6f166dd3b5ccadc1ba4fa7e068e9ba3f4817ce9,3,300,300,macro,1,11649430,0.3142149509999399,,178732,94dc2b6708ebb0189c7e15299571506b9a2df931661e61b721685bd92e9352e5,3.494257015,97676,False,TRANSLATED_ONLY,40.12372719699988,5503494,40.43863078499999
b2,5to10Traces/0032.trace,5to10Traces,plain,10,2,0,8,1,MIN_EXPANDED_SIZE,,5,57dd97edf5cc3c106dcad445c7ae0dbdcaa578bc4fc72302ed1652e13a51bc64,3,125,125,atlas-b,1,3146475,0.514574267000171,,60288,bcb44931beddbb23b51f47b65a939bf32fbacf0fc066e07dfde3330a0455851f,0.80585325,16429,False,TRANSLATED_ONLY,4.820359900000312,982256,5.335530500999994
b2,5to10Traces/0032.trace,5to10Traces,plain,10,2,0,8,1,MIN_EXPANDED_SIZE,,5,57dd97edf5cc3c106dcad445c7ae0dbdcaa578bc4fc72302ed1652e13a51bc64,3,125,125,macro,1,2771597,0.26418757800001913,,102126,49709280db5de6f8827d4c777ee12b074e941aef695d04cdeae07a38fd258b34,1.268962879,26402,False,TRANSLATED_ONLY,9.77677691200006,1362833,10.041621504999966
b2,moreDetailedTest/0092.trace,moreDetailedTest,plain,6,2,0,6,1,MIN_EXPANDED_SIZE,,5,5c5aa51423d0defa0ed2cc7df8cd3de4afaee02c847b7d08887824bd0de72351,3,300,300,atlas-b,1,7539148,0.5144308480003019,,141488,fa648cbd03d6b2bb4df61ad0587b181fc6e66516b8261c0268fb2dcc439484eb,2.115857153,39179,False,TRANSLATED_ONLY,16.38556592499981,2353204,16.900746571000127
b2,moreDetailedTest/0092.trace,moreDetailedTest,plain,6,2,0,6,1,MIN_EXPANDED_SIZE,,5,5c5aa51423d0defa0ed2cc7df8cd3de4afaee02c847b7d08887824bd0de72351,3,300,300,macro,1,6676947,0.31426075200033665,,168006,4d1205580005565a77ad023607c59f458cd2f8a8ed92b05420fdc065333631cf,2.808807519,62144,False,TRANSLATED_ONLY,22.497140406999733,3275516,22.8121453560002
b2,5to10Traces/0159.trace,5to10Traces,plain,6,2,0,6,1,MIN_EXPANDED_SIZE,,5,7a8b91d4cd781948c46b32f1afefe696c01a426fdc32358e7dd94a5c0277a1a4,3,50,50,atlas-b,1,5473400,0.4644918129997677,,39153,1d50e0de6b3c12640d4683601e796e899cc6c5351d7db4d86f6327337e51d2aa,0.614246433,18179,False,TRANSLATED_ONLY,8.374834448000001,1598706,8.83990776499968
b2,5to10Traces/0159.trace,5to10Traces,plain,6,2,0,6,1,MIN_EXPANDED_SIZE,,5,7a8b91d4cd781948c46b32f1afefe696c01a426fdc32358e7dd94a5c0277a1a4,3,50,50,macro,1,2330194,0.3142430709999644,,115915,30057c4a6b0dc31f51e535157ce888dbbb941ae6d73365c1e84b63ad50de8055,1.194322915,21488,False,TRANSLATED_ONLY,7.181968578000124,1005693,7.496849654000016
b2,baseTest/0002.trace,baseTest,plain,10,2,0,8,1,MIN_EXPANDED_SIZE,,7,ec3b613c79867a372347b5c3e20ecf655b6b26e0936663eac81b7d8e862aeeff,3,11,11,atlas-b,1,459029,0.4644669909998811,,7571,88fc2453554b0397186d5b02b28de89853b66550db4eecad965e6bb378c7a384,0.228920403,1919,False,TRANSLATED_ONLY,1.2155768269999498,140937,1.6806305909999537
b2,baseTest/0002.trace,baseTest,plain,10,2,0,8,1,MIN_EXPANDED_SIZE,,7,ec3b613c79867a372347b5c3e20ecf655b6b26e0936663eac81b7d8e862aeeff,3,11,11,macro,1,385399,0.21413138199977766,,47672,749a9108fde3595c8f241be2854650218206411a93e08a4523beeb3923e9fa3a,0.535400748,4391,False,TRANSLATED_ONLY,2.5171863400000802,182715,2.7319041649998326
b2,increasingNumVariables/0021.trace,increasingNumVariables,plain,20,2,0,8,1,MIN_EXPANDED_SIZE,,5,989fc91e6a7271d67957e6d27849d4bdd0bfb1ce56ac4f7b512f6d178148f375,5,40,40,atlas-b,1,1197035,0.4644311810002364,,28177,202a13359afa39fd91239b0e2a7012e437bb4d44c97ae34fb1457742d09291bd,0.476160583,6255,False,TRANSLATED_ONLY,2.2671242129999882,368557,2.7321058869997614
b2,increasingNumVariables/0021.trace,increasingNumVariables,plain,20,2,0,8,1,MIN_EXPANDED_SIZE,,5,989fc91e6a7271d67957e6d27849d4bdd0bfb1ce56ac4f7b512f6d178148f375,5,40,40,macro,1,924744,0.26417035099984787,,58556,28b751b52856f61f7aa7610c990d82b0c069ab1f51850e39cab2b7adec4840eb,0.633683223,9150,False,TRANSLATED_ONLY,4.319467699000143,452058,4.584234544000083
b2,5to10Traces/0145.trace,5to10Traces,plain,3,2,0,3,1,MIN_EXPANDED_SIZE,,3,f0e2bde72ac3567604f09ae166019f0a2ce10cece29e4ed24dad2092598bc0f6,2,4,150,atlas-b,1,5006186,0.4644591930000388,,45109,1bc36640c3151bfd9bdc43e4133735b33b51142d169b7fbe9201a211fd8ac02c,0.632084846,23181,False,TRANSLATED_ONLY,8.57646879999993,1458071,9.041522396000346
b2,5to10Traces/0145.trace,5to10Traces,plain,3,2,0,3,1,MIN_EXPANDED_SIZE,,3,f0e2bde72ac3567604f09ae166019f0a2ce10cece29e4ed24dad2092598bc0f6,2,4,150,macro,1,1467003,0.26444864799987045,,100934,3fdee51ee37a87efb3753aea14145a2075dc04191abcea63a6a62226171f70ba,1.075815219,19498,False,TRANSLATED_ONLY,5.0217212510001445,634174,5.286861004999992
b2,increasingNumVariables/0045.trace,increasingNumVariables,plain,135,2,0,8,1,MIN_EXPANDED_SIZE,,5,6032579f6defb002bb46a059d3c5de3598e3390aa67e72422d157126b8156c03,8,40,40,atlas-b,1,1477586,0.514453248999871,,38989,58babafbeecb364891fc54923ef09d9f7e10ad621d100f5a25767b1b4ae27175,0.591623845,7599,False,TRANSLATED_ONLY,2.567475196000032,447935,3.0825481790002414
b2,increasingNumVariables/0045.trace,increasingNumVariables,plain,135,2,0,8,1,MIN_EXPANDED_SIZE,,5,6032579f6defb002bb46a059d3c5de3598e3390aa67e72422d157126b8156c03,8,40,40,macro,1,941357,0.36437433599985525,,58357,51bd9256e22d5a381ca79bd36b2596c14e65c9adb96d813c0632ca11a851e974,0.71134042,9249,False,TRANSLATED_ONLY,4.770394402999955,458895,5.135368301000199
b2,5to10Traces/0051.trace,5to10Traces,plain,18,2,0,8,1,MIN_EXPANDED_SIZE,,11,73f4ee93b2ae99232e726fb217d7d554449a94a0e373248232b5425de7aed882,3,10,75,atlas-b,1,12930652,0.46449540100002196,,33665,207933b9054447a95ac8e2cac6c82091bfc6ab136aeb5c9765ba7b6fe11a8131,0.520589466,20897,False,TRANSLATED_ONLY,17.838978494000003,3754971,18.30409700900009
b2,5to10Traces/0051.trace,5to10Traces,plain,18,2,0,8,1,MIN_EXPANDED_SIZE,,11,73f4ee93b2ae99232e726fb217d7d554449a94a0e373248232b5425de7aed882,3,10,75,macro,1,4819601,0.36437827300005665,,185823,40646899d84599c93e1b7dac46c8b48c268d9f0fa95b4b1d6208735d8ac14ec0,1.299368228,30014,False,TRANSLATED_ONLY,18.43841413700011,2007137,18.803475245999834
b2,baseTest/0015.trace,baseTest,plain,18,2,0,8,1,MIN_EXPANDED_SIZE,,5,70287e746b0fd29f573bf71c771be740d7fb07aed69694f32274ed8f6bbbe2e4,3,101,889,atlas-b,1,12434239,0.5653575760002241,,231968,71a564566bedb3dbb9270d2fe66995be814e702ad7aa7253ae2043e200b47c75,3.5035923,64529,False,TRANSLATED_ONLY,26.098525815999892,3880836,26.664692940999885
b2,baseTest/0015.trace,baseTest,plain,18,2,0,8,1,MIN_EXPANDED_SIZE,,5,70287e746b0fd29f573bf71c771be740d7fb07aed69694f32274ed8f6bbbe2e4,3,101,889,macro,1,10877604,0.3643126570000277,,250574,e7adf615dc3dc0e5cd2b143765ca01e865ca140ccfeb9e74d79f9b1d6f35e7e5,5.123623881,101414,False,TRANSLATED_ONLY,38.7202376969999,5349445,39.08539850399984
b2,moreDetailedTest/0029.trace,moreDetailedTest,plain,18,2,0,8,1,MIN_EXPANDED_SIZE,,15,e5c13a63096d0f2db31d842eeaf9c022e3e3d1fc405b54f0275e9164e43ea702,3,100,100,atlas-b,1,13457130,0.4643968410000525,,48690,4c71bb4dadb0ffa3d24b137b48a8368d4dda9f21a790fd5a30b3d284f1f83bf6,0.774283581,23789,False,TRANSLATED_ONLY,20.29713605699999,3975149,20.762135541000134
b2,moreDetailedTest/0029.trace,moreDetailedTest,plain,18,2,0,8,1,MIN_EXPANDED_SIZE,,15,e5c13a63096d0f2db31d842eeaf9c022e3e3d1fc405b54f0275e9164e43ea702,3,100,100,macro,1,3902822,0.3142355019999741,,94651,bd19ad5adca812145488737e1fb0974ea3c43af8e6d4d21b4f4954fda19b8b8d,1.437779736,33815,False,TRANSLATED_ONLY,14.083320743000058,1835891,14.398189109000214
b2,moreDetailedTest/0118.trace,moreDetailedTest,plain,10,2,0,8,1,MIN_EXPANDED_SIZE,,5,2f2d16c7941c8a7decb207e77669ae1b40bc38b5434af65a3938a09f561b7f14,3,200,200,atlas-b,1,5029048,0.5145255560000805,,95088,7b20fa637f480dc5748de134dce9d238190c5e7d32d8a4f724f4061eeb817a6a,1.190329865,26179,False,TRANSLATED_ONLY,7.37446643300018,1569804,7.889654855000117
b2,moreDetailedTest/0118.trace,moreDetailedTest,plain,10,2,0,8,1,MIN_EXPANDED_SIZE,,5,2f2d16c7941c8a7decb207e77669ae1b40bc38b5434af65a3938a09f561b7f14,3,200,200,macro,1,4358958,0.31426739400012593,,136065,13874965fe7a075e6e117e8996ee6a70462c882f581b59693d1ca82a5ca76912,2.206298495,40619,False,TRANSLATED_ONLY,15.188264095999784,2135971,15.50324648700007
b2,5to10Traces/0014.trace,5to10Traces,plain,5,2,0,5,1,MIN_EXPANDED_SIZE,,5,327d8396cc8c1a82e18d32f56a21117f218ebf6b88c17672b7bc0d39fff6f5bc,2,175,175,atlas-b,1,4020372,0.514510111999698,,67684,efe8ca731a305ef780347df232f9474515d65c00aaf5442c4e8c9b29c73e7101,0.844900018,21147,False,TRANSLATED_ONLY,6.17320065299964,1265757,6.688354789999721
b2,5to10Traces/0014.trace,5to10Traces,plain,5,2,0,5,1,MIN_EXPANDED_SIZE,,5,327d8396cc8c1a82e18d32f56a21117f218ebf6b88c17672b7bc0d39fff6f5bc,2,175,175,macro,1,2597699,0.2641847309996592,,96236,1765823d34adb4c29dad2a022b0fd874766cf81e14749d0210885e92b128bb85,1.14452152,25326,False,TRANSLATED_ONLY,8.875214981999761,1292471,9.14008825999963
b2,5to10Traces/0058.trace,5to10Traces,plain,18,2,0,8,1,MIN_EXPANDED_SIZE,,5,ca7e3124f44c2b26b59839f88d1effc0bb59258816a64d1e31a04caed2a3c093,3,175,175,atlas-b,1,4401524,0.5144759009999689,,83488,93f4339555cb2cbbf60fc38da5769d9859fe90aaa8245cb82e682186329947d6,0.967695223,22929,False,TRANSLATED_ONLY,9.526633547000074,1373955,10.041742522999812
b2,5to10Traces/0058.trace,5to10Traces,plain,18,2,0,8,1,MIN_EXPANDED_SIZE,,5,ca7e3124f44c2b26b59839f88d1effc0bb59258816a64d1e31a04caed2a3c093,3,175,175,macro,1,3690106,0.36474089200009985,,122886,9472a7b0741fd7146bb54b628a0013480e2012d473bf7e3bbc8739eae45cc8bb,2.725648108,34928,False,TRANSLATED_ONLY,14.984787061000134,1819585,15.350257030000193
b2,5to10Traces/0040.trace,5to10Traces,plain,10,2,0,8,1,MIN_EXPANDED_SIZE,,9,44f5cbcc1bfb3c796d7ca0e658ddf54d832f3fe4be5a9cdddcbb1e5e8eddf61d,3,225,225,atlas-b,1,13092861,0.5144940000000133,,106689,db1e57fbd93c7e7cf56f5340b67a9945ae7d167d664b4f62c81847e0f68e636a,1.330301874,38625,False,TRANSLATED_ONLY,19.293187127999772,3963782,19.80830232299968
b2,5to10Traces/0040.trace,5to10Traces,plain,10,2,0,8,1,MIN_EXPANDED_SIZE,,9,44f5cbcc1bfb3c796d7ca0e658ddf54d832f3fe4be5a9cdddcbb1e5e8eddf61d,3,225,225,macro,1,8765256,0.31422656200038546,,143986,a477225eebd16177ab37dae99dee4fe854ab9ea220c9480c91bc67f8b83b8068,2.16019599,73784,False,TRANSLATED_ONLY,28.752448324000397,4138916,29.067327461000332
b2,5to10Traces/0152.trace,5to10Traces,plain,3,2,0,3,1,MIN_EXPANDED_SIZE,,3,48bc0b6afc1d05a106c6a545b028f53d2841adbaf2761ee1d25653821ac6020d,2,250,250,atlas-b,1,3124932,0.5145291130002079,,95648,b589589e9398c3f883706a02d04e18c7a678bf7332bc71ce38a8fe6d1ca30bb0,1.147214533,25081,False,TRANSLATED_ONLY,8.274626565999824,1009017,8.789805592999983
b2,5to10Traces/0152.trace,5to10Traces,plain,3,2,0,3,1,MIN_EXPANDED_SIZE,,3,48bc0b6afc1d05a106c6a545b028f53d2841adbaf2761ee1d25653821ac6020d,2,250,250,macro,1,1560501,0.2641509310001311,,94437,865472327be1e1d93c603b7d68b649cc215bca6a1642ac5d578ede5716d074f8,1.75520427,21370,False,TRANSLATED_ONLY,7.072866960000283,795776,7.337655785000152
b2,5to10Traces/0138.trace,5to10Traces,plain,3,2,0,3,1,MIN_EXPANDED_SIZE,,3,09f0d6edaa326743df4626e398323c88e54ccc3996da89c4ac50e088a460f418,2,75,75,atlas-b,1,939395,0.4644973619997472,,30342,a3a43e2a2989e3fe284f148aa6efa2ccc5deadf1fc5aacd84d2d2e712c6e153f,0.521683361,7581,False,TRANSLATED_ONLY,2.417005237000012,303464,2.882082762000209
b2,5to10Traces/0138.trace,5to10Traces,plain,3,2,0,3,1,MIN_EXPANDED_SIZE,,3,09f0d6edaa326743df4626e398323c88e54ccc3996da89c4ac50e088a460f418,2,75,75,macro,1,566135,0.2141711839999516,,58261,f9f4db53c90227d878858f7bc83f50bb23f61d922af3d4567f0001ccf6712d51,0.719785454,7967,False,TRANSLATED_ONLY,3.6691264790001696,289729,3.8838849659996413
b2,moreDetailedTest/0093.trace,moreDetailedTest,plain,6,2,0,6,1,MIN_EXPANDED_SIZE,,5,806ba714d81d3e8de22d2a83623ccbe9a8b2ae65952d868b09fae1a9c6591b06,3,350,350,atlas-b,1,8794199,0.5645135099998697,,164688,8b76ab74912b4d35dc93bf5eec1e74f28555d51b375f071de6eb1db4a54d42c1,2.26353447,45679,False,TRANSLATED_ONLY,12.682704758,2744905,13.247933465000187
b2,moreDetailedTest/0093.trace,moreDetailedTest,plain,6,2,0,6,1,MIN_EXPANDED_SIZE,,5,806ba714d81d3e8de22d2a83623ccbe9a8b2ae65952d868b09fae1a9c6591b06,3,350,350,macro,1,7695297,0.31443362599975444,,187374,a87b5b21140ec39cda07db1a39a89db24ff022f4ffb99e314019893a9b636829,3.316430187,72119,False,TRANSLATED_ONLY,26.803936109999995,3785131,27.11909666199972
b2,baseTest/0019.trace,baseTest,plain,18,2,0,8,1,MIN_EXPANDED_SIZE,,15,27f4306dca1eb9c7167d1d78927b29ebea54f66d6ac703d1e64f727b7ce375c1,3,407,4593,atlas-b,1,,0.8649022430004152,"Exception in thread ""main"" Type error:
Translation capacity exceeded.
In this scope, universe contains 5090 atoms
and relations of arity 3 cannot be represented.
Visit http://alloy.mit.edu/ for advice on refactoring.
	at edu.mit.csail.sdg.translator.TranslateAlloyToKodkod.rethrow(TranslateAlloyToKodkod.java:411)
	at edu.mit.csail.sdg.translator.TranslateAlloyToKodkod.execute_command(TranslateAlloyToKodkod.java:533)
	at Rq2Translate.main(Rq2Translate.java:47)
",1165883,bd50d2760678566285e15c36311e1215bfd9ebae5a9246d026d90a4c4cc6dcc8,,,False,TRANSLATION_ERROR,28.253566961999695,,29.120197173999713
b2,baseTest/0019.trace,baseTest,plain,18,2,0,8,1,MIN_EXPANDED_SIZE,,15,27f4306dca1eb9c7167d1d78927b29ebea54f66d6ac703d1e64f727b7ce375c1,3,407,4593,macro,1,,0.6646938010003396,,1085160,748c1af96b63a593a42291536da1b4ce6e190d7972a3c858dbb967bcec84917b,,,False,TRANSLATION_TIMEOUT,180.3014657179997,,180.96764718500026
b2,moreDetailedTest/0078.trace,moreDetailedTest,plain,67,2,0,8,1,MIN_EXPANDED_SIZE,,5,7b8192397809be8eb1f97061b084ca8b89710901cf2a3fff0f17b27f7f211ffa,4,174,300,atlas-b,1,6476897,0.5145869640000456,,133590,2865c24beeab5510658b6aa466b697c7622900a26a5a2f59cdb9289dfbd07475,2.010060556,33395,False,TRANSLATED_ONLY,11.731412784999975,2006903,12.24665964399992
b2,moreDetailedTest/0078.trace,moreDetailedTest,plain,67,2,0,8,1,MIN_EXPANDED_SIZE,,5,7b8192397809be8eb1f97061b084ca8b89710901cf2a3fff0f17b27f7f211ffa,4,174,300,macro,1,5340597,0.41433350099987365,,164170,0a5fd932462fd3d492e88f59317203afca89a434434828227cc752e93309a893,2.689191533,49738,False,TRANSLATED_ONLY,20.34206487700021,2615436,20.757094313999914
b2,baseTest/0018.trace,baseTest,plain,18,2,0,8,1,MIN_EXPANDED_SIZE,,7,ea1b54c7e0c5cef5e8e11b4e5819c775b2cf77f09161f77412617d706fbc9bd1,3,190,1810,atlas-b,1,,0.6146415719999823,"Exception in thread ""main"" Type error:
Translation capacity exceeded.
In this scope, universe contains 2050 atoms
and relations of arity 3 cannot be represented.
Visit http://alloy.mit.edu/ for advice on refactoring.
	at edu.mit.csail.sdg.translator.TranslateAlloyToKodkod.rethrow(TranslateAlloyToKodkod.java:411)
	at edu.mit.csail.sdg.translator.TranslateAlloyToKodkod.execute_command(TranslateAlloyToKodkod.java:533)
	at Rq2Translate.main(Rq2Translate.java:47)
",467099,d5a1a9452d8a3fa4efe370c88c4b8a25b92bbcdfe1c81c67d7e3aa487d0eb8ad,,,False,TRANSLATION_ERROR,7.374458607999713,,7.990048962999936
b2,baseTest/0018.trace,baseTest,plain,18,2,0,8,1,MIN_EXPANDED_SIZE,,7,ea1b54c7e0c5cef5e8e11b4e5819c775b2cf77f09161f77412617d706fbc9bd1,3,190,1810,macro,1,,0.41435668200028886,,468500,6bef527473ea3f9284807e0b55f8af50d7c2cdafe790a603749a0c8ba0559adf,,,False,TRANSLATION_TIMEOUT,180.31002498599992,,180.72533523000038
b2,moreDetailedTest/0037.trace,moreDetailedTest,plain,18,2,0,8,1,MIN_EXPANDED_SIZE,,5,d89c703386899c97a310d27b206e8e145c91cf8a6939fcd525e0d0baede8f747,3,350,350,atlas-b,1,8794198,0.5646358619997045,,164688,75095a18a8b332ed8ed82e298c9425029e8d56b321c7790993ae0c6f4a24af08,2.011524878,45679,False,TRANSLATED_ONLY,16.736557134000122,2744904,17.30190095199987
b2,moreDetailedTest/0037.trace,moreDetailedTest,plain,18,2,0,8,1,MIN_EXPANDED_SIZE,,5,d89c703386899c97a310d27b206e8e145c91cf8a6939fcd525e0d0baede8f747,3,350,350,macro,1,7513361,0.3643277789997228,,188910,2340928e8e5afd8d06141fb1ab4a7558aec650370e3d75526757211aa3e59008,3.349139273,70040,False,TRANSLATED_ONLY,24.445283821999965,3693884,24.810320016999867
b2,disjunctedExistence/0018.trace,disjunctedExistence,plain,36,2,0,8,1,MIN_EXPANDED_SIZE,,9,2786837aa8a2b43607b5445f018ad5814e357ff5849f7ef8b11bb649c131a26b,5,400,68,atlas-b,1,15450478,0.5145433829998183,,153025,effc0bba66eb13361091008e0e6b243823d25b087b5d1d90abf9aee6f5587ce5,2.077096539,44943,False,TRANSLATED_ONLY,23.89532736299998,4638744,24.410543921000226
b2,disjunctedExistence/0018.trace,disjunctedExistence,plain,36,2,0,8,1,MIN_EXPANDED_SIZE,,9,2786837aa8a2b43607b5445f018ad5814e357ff5849f7ef8b11bb649c131a26b,5,400,68,macro,1,9523364,0.36424161000013555,,175930,bda239a0ff8aa4d2ab62c21d71905a73d6819e6c66b72698a4e0d677f956d8b5,2.929134493,78552,False,TRANSLATED_ONLY,31.71051792299977,4468404,32.075436567999986
b2,increasingNumVariables/0039.trace,increasingNumVariables,plain,70,2,0,8,1,MIN_EXPANDED_SIZE,,5,6870050c02c17f3d644ae520f295e016a6d1711d908c6205f2f7b3a43dc05e8a,7,50,50,atlas-b,1,1720489,0.4645159209999292,,43605,46559845b4121dbb0a6d12e29065a121f5aa03e1cebd2b3af3568895a67eefcb,0.655968401,8847,False,TRANSLATED_ONLY,3.8189257659996656,524077,4.28405457100007
b2,increasingNumVariables/0039.trace,increasingNumVariables,plain,70,2,0,8,1,MIN_EXPANDED_SIZE,,5,6870050c02c17f3d644ae520f295e016a6d1711d908c6205f2f7b3a43dc05e8a,7,50,50,macro,1,1171532,0.31421190299988666,,62235,975ab03bcdab9169086b511964e3c40f7b6cd351d47d3e6951eca9f0f655c59d,0.764446045,11344,False,TRANSLATED_ONLY,5.872145466999882,571099,6.186963193999873
b2,5to10Traces/0190.trace,5to10Traces,plain,10,2,0,8,1,MIN_EXPANDED_SIZE,,9,5bdc71268d6664f33dc62ac1e1065fd8312e52f0c4b7f21caa591950d454d04f,3,175,175,atlas-b,1,10191011,0.46446092299993325,,83489,8c4d6ce09f75c518f8a42a43072ae4580961ca48400fd136ac5b514ed9be9b4f,1.0625475,30125,False,TRANSLATED_ONLY,15.085072895000394,3085282,15.550317645000177
b2,5to10Traces/0190.trace,5to10Traces,plain,10,2,0,8,1,MIN_EXPANDED_SIZE,,9,5bdc71268d6664f33dc62ac1e1065fd8312e52f0c4b7f21caa591950d454d04f,3,175,175,macro,1,6653574,0.31423802200015416,,129212,3e7a3e783eef149a217b7726810d4bfcdf4263c82f1e92d1117738fee047b80c,2.308639624,56624,False,TRANSLATED_ONLY,21.992670700999952,3148209,22.30756652800028
b2,5to10Traces/0042.trace,5to10Traces,plain,10,2,0,8,1,MIN_EXPANDED_SIZE,,5,5cfb6e0dfec7365f0e68ecb0ad2f4f9871e8800b3c557179eff7b723e201b857,3,250,250,atlas-b,1,6284099,0.5145566830001371,,118288,d705bcdc4c62fef7faef7d35a88c59dde2077c7daa1c0774ae92483bbbc84634,1.438804289,32679,False,TRANSLATED_ONLY,11.929737810999995,1961505,12.444953409999925
b2,5to10Traces/0042.trace,5to10Traces,plain,10,2,0,8,1,MIN_EXPANDED_SIZE,,5,5cfb6e0dfec7365f0e68ecb0ad2f4f9871e8800b3c557179eff7b723e201b857,3,250,250,macro,1,5525766,0.3142113710000558,,148331,ac219b5601e69a39a9e3b297a7fe8e6875b4e72496d902a2f06a5880420ddb7d,2.283909002,51791,False,TRANSLATED_ONLY,20.691533205999804,2716409,21.006441361999805
b2,baseTest/0027.trace,baseTest,plain,6,2,0,6,1,MIN_EXPANDED_SIZE,,5,ff9cd0854fe0341214f869d776aac38a0e6677ee17710838c61310e981057546,3,111,51,atlas-b,1,2042001,0.4644190610001715,,39921,c781abe13959be6bb3fa79746c1dc8833a1f1d6b6182f0675c98bff06b169faa,0.563889206,10709,False,TRANSLATED_ONLY,3.519708466999873,637560,3.9847357129997363
b2,baseTest/0027.trace,baseTest,plain,6,2,0,6,1,MIN_EXPANDED_SIZE,,5,ff9cd0854fe0341214f869d776aac38a0e6677ee17710838c61310e981057546,3,111,51,macro,1,1807969,0.2642288329998337,,74863,30523286c985076f35bf08a9945802f6590ad4999f4caf347136852fecfeb652,0.832709305,17330,False,TRANSLATED_ONLY,6.122629350999887,887901,6.387481437999668
b2,moreDetailedTest/0126.trace,moreDetailedTest,plain,10,2,0,8,1,MIN_EXPANDED_SIZE,,5,0bbb5a1764156a21048ba4a347f3b48e98a1bbca67575c7d137d9697c3cf677d,3,75,75,atlas-b,1,1891425,0.4644003739999789,,37138,4786535fe2902a5e423297e1359761dd599b35f35c4be54180c790ee7a9ba386,0.534097324,9929,False,TRANSLATED_ONLY,3.819731268000396,590556,4.284691934999955
b2,moreDetailedTest/0126.trace,moreDetailedTest,plain,10,2,0,8,1,MIN_EXPANDED_SIZE,,5,0bbb5a1764156a21048ba4a347f3b48e98a1bbca67575c7d137d9697c3cf677d,3,75,75,macro,1,1666645,0.2641398199998548,,79187,8f4a8d820c2a2b18396f4f116d2fac6c15cad78894c896e4e6ef74261833a047,0.864603726,15902,False,TRANSLATED_ONLY,6.172052020000137,813672,6.436772111999744
b2,5to10Traces/0100.trace,5to10Traces,plain,3,2,0,3,1,MIN_EXPANDED_SIZE,,3,b385b1b83e1ba702a7e5529e05d998e662379fac0cb8e524ec316b8c70f44830,2,150,150,atlas-b,1,1876048,0.4643931390000944,,58284,ec59e24a1c88a0211c565bf11db609bcfad3b81b465d4baf9cc7d207a18ee870,0.733519031,15081,False,TRANSLATED_ONLY,4.820315999999821,605839,5.285319423000146
b2,5to10Traces/0100.trace,5to10Traces,plain,3,2,0,3,1,MIN_EXPANDED_SIZE,,3,b385b1b83e1ba702a7e5529e05d998e662379fac0cb8e524ec316b8c70f44830,2,150,150,macro,1,1005084,0.26426165900011256,,72215,4408d516ac9582286e1fef6a1d59697c8dd55c4fca7bb01e4083e271dcebbedc,0.927518258,13791,False,TRANSLATED_ONLY,4.77027523400011,511344,5.0351501680002
b2,moreDetailedTest/0043.trace,moreDetailedTest,plain,3,2,0,3,1,MIN_EXPANDED_SIZE,,3,637c502d139a4ebfa69ea51c03da9185ab0dcaf1f14830735a6467b26ab485c8,2,100,100,atlas-b,1,1251607,0.46441648099971644,,39630,e56372c3f12ac3003b74c013a313af0a975cc9484dc8ec70ef2c186454d51736,0.570677064,10081,False,TRANSLATED_ONLY,4.31952635000016,404249,4.7845494859998325
b2,moreDetailedTest/0043.trace,moreDetailedTest,plain,3,2,0,3,1,MIN_EXPANDED_SIZE,,3,637c502d139a4ebfa69ea51c03da9185ab0dcaf1f14830735a6467b26ab485c8,2,100,100,macro,1,713062,0.2642283929999394,,60052,a00a4f3071b47297ed10431460ecc1f0e047004c555d4ed8228a427500ecefbe,0.699948559,9839,False,TRANSLATED_ONLY,3.719689641000059,363295,3.9845432080001046
b2,baseTest/0005.trace,baseTest,plain,10,2,0,8,1,MIN_EXPANDED_SIZE,,9,20c6c43cc7f2f8eb85ba9b564b1e146ecb731d0d44d4a16139452fb0713522a6,3,1112,501,atlas-b,1,,0.61461770599999,"Exception in thread ""main"" Type error:
Translation capacity exceeded.
In this scope, universe contains 1665 atoms
and relations of arity 3 cannot be represented.
Visit http://alloy.mit.edu/ for advice on refactoring.
	at edu.mit.csail.sdg.translator.TranslateAlloyToKodkod.rethrow(TranslateAlloyToKodkod.java:411)
	at edu.mit.csail.sdg.translator.TranslateAlloyToKodkod.execute_command(TranslateAlloyToKodkod.java:533)
	at Rq2Translate.main(Rq2Translate.java:47)
",376617,2fd89acb8642a96a565394e85fb167732e2d43b5ecb93948bf9f532eca4913e1,,,False,TRANSLATION_ERROR,5.271505473999696,,5.8870774320002965
b2,baseTest/0005.trace,baseTest,plain,10,2,0,8,1,MIN_EXPANDED_SIZE,,9,20c6c43cc7f2f8eb85ba9b564b1e146ecb731d0d44d4a16139452fb0713522a6,3,1112,501,macro,1,30895288,0.4144295749997582,,385549,40427ceeb03b75c07e730f3c331a9bebf83025b8e82673ffed26f193dddad5a5,9.476288406,258122,False,TRANSLATED_ONLY,114.88339104899978,14633815,115.29879645700021
b2,moreDetailedTest/0061.trace,moreDetailedTest,plain,18,2,0,8,1,MIN_EXPANDED_SIZE,,5,39181bf238c368c6bf999b400b5dc580ed71990f1b8847bb509a88918425558d,3,175,175,atlas-b,1,4401525,0.5144874669999808,,83488,eb8d835c63368dbc3c2dbe62ae4872d9a45ff270ed669eb142eb1e658dcc4864,1.046830587,22929,False,TRANSLATED_ONLY,9.12730514299983,1373956,9.64242463499977
b2,moreDetailedTest/0061.trace,moreDetailedTest,plain,18,2,0,8,1,MIN_EXPANDED_SIZE,,5,39181bf238c368c6bf999b400b5dc580ed71990f1b8847bb509a88918425558d,3,175,175,macro,1,3805923,0.3142334069998469,,113764,455eff58d44302ac7609f6b16cab5f3ba5580c9e9da1016396c4e9e629dbf8f0,1.598476394,35684,False,TRANSLATED_ONLY,14.685359525000422,1865974,15.000279697000224
b2,5to10Traces/0008.trace,5to10Traces,plain,5,2,0,5,1,MIN_EXPANDED_SIZE,,5,41fc8b607a7d2187795688c08a2796236044c4aecfef14332076b60f8e493d1b,2,100,100,atlas-b,1,2300122,0.4644042010004341,,39674,730daa098ce658f7c44de45e18c6bfd2fc4b5769d45437401057615132907178,0.561736057,12147,False,TRANSLATED_ONLY,4.819838592999986,724282,5.284840998000163
b2,5to10Traces/0008.trace,5to10Traces,plain,5,2,0,5,1,MIN_EXPANDED_SIZE,,5,41fc8b607a7d2187795688c08a2796236044c4aecfef14332076b60f8e493d1b,2,100,100,macro,1,1727932,0.2643451859999004,,82589,b2dff5a30ffe937fbaf2d03d2e9d3dd8e290b31330725f0e5dc662ead2290259,0.906666838,16842,False,TRANSLATED_ONLY,7.523778697000125,856000,7.788794188999873
b2,increasingNumVariables/0018.trace,increasingNumVariables,plain,20,2,0,8,1,MIN_EXPANDED_SIZE,,5,95dfed9bcdbf631ea398e2743fa8ed7c48bf8428fbd0951f70a91f28a335a8de,5,25,25,atlas-b,1,755600,0.46452033400009896,,18547,76c68e46d3a6268f8e3301b4163a50e25b601815263bfde33f0ee8a8cae7911f,0.420828151,4005,False,TRANSLATED_ONLY,1.7660755919996518,232627,2.231207329999961
b2,increasingNumVariables/0018.trace,increasingNumVariables,plain,20,2,0,8,1,MIN_EXPANDED_SIZE,,5,95dfed9bcdbf631ea398e2743fa8ed7c48bf8428fbd0951f70a91f28a335a8de,5,25,25,macro,1,594738,0.26423824299990883,,43192,40b7efee006cb48e391fc03acb4b7e3b8cc94d381ac4d5d802d211f10a57b143,0.594171258,6063,False,TRANSLATED_ONLY,3.9692250430002787,288760,4.234070150000207
b2,5to10Traces/0085.trace,5to10Traces,plain,18,2,0,8,1,MIN_EXPANDED_SIZE,,15,962abce4353536cc3b40909494550e87ae35ec3d917b025b9727780e9074c2ac,3,225,32,atlas-b,1,,0.5144448400001238,,96742,56c643da07f95a9dc2bc4cbb2dd942b14070821e1be39816f9b072ff5d537cbe,,,False,TRANSLATION_TIMEOUT,180.2871876610002,,180.80221466400008
b2,5to10Traces/0085.trace,5to10Traces,plain,18,2,0,8,1,MIN_EXPANDED_SIZE,,15,962abce4353536cc3b40909494550e87ae35ec3d917b025b9727780e9074c2ac,3,225,32,macro,1,14472156,0.36428307200003474,,250964,76c0131ca1dc938f75043cbaa7c3d62e9bcc43b0c859f45f9ba326573c9e94db,2.632974922,86330,False,TRANSLATED_ONLY,46.5259006199999,6007093,46.89093385900014
b2,moreDetailedTest/0023.trace,moreDetailedTest,plain,5,2,0,5,1,MIN_EXPANDED_SIZE,,5,827f02303fb89d1072cf0daf19010120dab463227146d39cce52a7813c5866de,2,350,350,atlas-b,1,8034321,0.5145021660000566,,133054,ac349b808ad450bac103b3f747c25f6dd024d81428020fb126017d7737970ccc,1.651809736,42147,False,TRANSLATED_ONLY,15.486338426000202,2529219,16.001563538000028
b2,moreDetailedTest/0023.trace,moreDetailedTest,plain,5,2,0,5,1,MIN_EXPANDED_SIZE,,5,827f02303fb89d1072cf0daf19010120dab463227146d39cce52a7813c5866de,2,350,350,macro,1,4693148,0.3142339619998893,,127520,de0e2553748d85ac59a3eedcd52e926be57086418702c6b13d88e3b92d407221,1.859872368,44898,False,TRANSLATED_ONLY,16.187130942000294,2327073,16.50203115999966
b2,5to10Traces/0179.trace,5to10Traces,plain,10,2,0,8,1,MIN_EXPANDED_SIZE,,7,d43534cc1cc93480ed9d9fde9dcc9c1e9c8800ee23f104ea4d255189972fc382,3,6,25,atlas-b,1,2522074,0.41434479999998075,,13904,220e7ea01efe564163369d8194768249aa079ba09daddade586d248a85f1902d,0.341397221,6469,False,TRANSLATED_ONLY,4.120040048000192,736266,4.534960342000431
b2,5to10Traces/0179.trace,5to10Traces,plain,10,2,0,8,1,MIN_EXPANDED_SIZE,,7,d43534cc1cc93480ed9d9fde9dcc9c1e9c8800ee23f104ea4d255189972fc382,3,6,25,macro,1,1284195,0.31420338099997025,,107153,831bf1a76382ab0180a388f5e3469802d4fac705df842afe489bbf50a5a096b4,0.88427186,10219,False,TRANSLATED_ONLY,6.022878210000272,541226,6.337715945000127
b2,5to10Traces/0052.trace,5to10Traces,plain,18,2,0,8,1,MIN_EXPANDED_SIZE,,5,91ff15f195ca072afe71e536812bb9f6c402c6f3e2f227a1c1997ddd407c5988,3,100,100,atlas-b,1,2518950,0.4644105990000753,,48688,e9b100fa5b69c2cd9e8bba6ed812c93b6eb0882e2c504a0c9929060eb769c71a,0.614973435,13179,False,TRANSLATED_ONLY,4.519727762000002,786406,4.984802026000125
b2,5to10Traces/0052.trace,5to10Traces,plain,18,2,0,8,1,MIN_EXPANDED_SIZE,,5,91ff15f195ca072afe71e536812bb9f6c402c6f3e2f227a1c1997ddd407c5988,3,100,100,macro,1,2147261,0.3142450629998166,,87783,fc94cae13753067a66fa55b3a48c8ae25e0b63559b045fe1840c4f91d8f7e9fc,1.058659785,20690,False,TRANSLATED_ONLY,9.626849341000252,1060187,9.94175291900001
b2,equal/0010.trace,equal,plain,5,2,0,5,1,MIN_EXPANDED_SIZE,,5,326b6a2c71e37fa4698ac9877ad12e365e9f3169daceb9ed57a6151c7545c6d1,2,150,150,atlas-b,1,3446951,0.4644377149998036,,58354,c9f3953186c22abc549f5c9273c407baf513bcbd02b207bdc5ea4ca85fb093af,0.725470273,18147,False,TRANSLATED_ONLY,7.725388630999987,1085260,8.190433559999747
b2,equal/0010.trace,equal,plain,5,2,0,5,1,MIN_EXPANDED_SIZE,,5,326b6a2c71e37fa4698ac9877ad12e365e9f3169daceb9ed57a6151c7545c6d1,2,150,150,macro,1,2216157,0.2641501699999935,,91389,3a1ef804d1aff65f3794c0127a53a07f0d101697849c91e499bd084a6290aeb2,1.071261998,21924,False,TRANSLATED_ONLY,8.525621449000027,1109324,8.790401753999959
b2,5to10Traces/0102.trace,5to10Traces,plain,3,2,0,3,1,MIN_EXPANDED_SIZE,,3,b780914745d7bbc088f58293ac0eb364e8086bfbccba6fd53d071b9a4fdadc02,2,175,175,atlas-b,1,2188278,0.5144632399997136,,67670,246cd903151a3e09d5006389560639671360bed2ab406a05f692d7517241e7e1,0.863921128,17581,False,TRANSLATED_ONLY,5.520879138000055,706643,6.0359773029999815
b2,5to10Traces/0102.trace,5to10Traces,plain,3,2,0,3,1,MIN_EXPANDED_SIZE,,3,b780914745d7bbc088f58293ac0eb364e8086bfbccba6fd53d071b9a4fdadc02,2,175,175,macro,1,1159202,0.2641320210000231,,77848,884821aa1e296d327903e291c2dfa4e201ab4687e7a8d1daf772f1c6292e5fb8,0.952787328,15936,False,TRANSLATED_ONLY,5.771525874999952,591940,6.036267469999984
b2,baseTest/0003.trace,baseTest,plain,10,2,0,8,1,MIN_EXPANDED_SIZE,,9,9d0781db353a283bf3632c6789a888d5ec911aebae55319d22c203997ded5dd6,3,315,151,atlas-b,1,13557075,0.5145216519999849,,110401,6eef1efce91cd5594ff3a98a084a54ab51388ff3b64d64c38f9dc4d3ac547e5e,1.426222788,39985,False,TRANSLATED_ONLY,22.393762898000205,4104342,22.908947406000152
b2,baseTest/0003.trace,baseTest,plain,10,2,0,8,1,MIN_EXPANDED_SIZE,,9,9d0781db353a283bf3632c6789a888d5ec911aebae55319d22c203997ded5dd6,3,315,151,macro,1,9018501,0.3143685049999476,,151814,bca3f363a7261fc247f0ccf357f4d7ca869c55cff0c5411ec4bdefb34e058885,2.261455172,76259,False,TRANSLATED_ONLY,31.206330030000117,4272656,31.52141136099999
b2,5to10Traces/0055.trace,5to10Traces,plain,18,2,0,8,1,MIN_EXPANDED_SIZE,,5,6ac3094d3b73be048f62252ce02bec18ad576cacbd3f2032dd829ad3d37a8888,3,23,125,atlas-b,1,8096435,0.4643906149999566,,56746,0f91bc8b5338b69d0635b30a14ed2eeeb44a618dc9ba42a52b9c771bc27793b8,0.692575124,26819,False,TRANSLATED_ONLY,11.379683286000272,2364642,11.844692174000102
b2,5to10Traces/0055.trace,5to10Traces,plain,18,2,0,8,1,MIN_EXPANDED_SIZE,,5,6ac3094d3b73be048f62252ce02bec18ad576cacbd3f2032dd829ad3d37a8888,3,23,125,macro,1,3606245,0.36427663699987534,,127939,4d56c02494c85880ad6fa4a93d7ddc35b7294c92c1cb0ecf0d69d239dcb5a6b2,1.26220457,31316,False,TRANSLATED_ONLY,9.426875447999919,1539934,9.791771348000111
b2,baseTest/0004.trace,baseTest,plain,10,2,0,8,1,MIN_EXPANDED_SIZE,,9,7aa00584c4ad2de7006e587b72dcde92c0e7845ed79c9f95bf570bb9cbfdc063,3,524,201,atlas-b,1,21072786,0.5645688509998763,,170489,122451adb524af8ac0cb8fb7ecc73862ab21d9122ec765fc8652c9141a56a356,2.637364115,62000,False,TRANSLATED_ONLY,37.121255909999945,6379656,37.686526607999895
b2,baseTest/0004.trace,baseTest,plain,10,2,0,8,1,MIN_EXPANDED_SIZE,,9,7aa00584c4ad2de7006e587b72dcde92c0e7845ed79c9f95bf570bb9cbfdc063,3,524,201,macro,1,13928981,0.31426264399988213,,200857,e70f23011989102ac9f199999595c28e2beabea497a44a7daaba16899edd0fd5,3.741646012,117938,False,TRANSLATED_ONLY,47.63016196000035,6615065,47.94516660099998
b2,moreDetailedTest/0070.trace,moreDetailedTest,plain,18,2,0,8,1,MIN_EXPANDED_SIZE,,5,4113d0f1c393d73a8d978b7e373ab3717e657abb7c698f906d252b6447dc785e,3,75,75,atlas-b,1,1891425,0.46449712399999044,,37138,ec21c9320baffc5b1e76e56250c4d0f2942c254b78641831e1b02e7dd56216b4,0.555076982,9929,False,TRANSLATED_ONLY,3.267881641999793,590556,3.732973029000277
b2,moreDetailedTest/0070.trace,moreDetailedTest,plain,18,2,0,8,1,MIN_EXPANDED_SIZE,,5,4113d0f1c393d73a8d978b7e373ab3717e657abb7c698f906d252b6447dc785e,3,75,75,macro,1,1631697,0.3142587619995538,,77731,bfb39cb04d8c8c43747ba641e2128138e73ea088417f56bc26b37d83ddfc997b,0.865005904,16049,False,TRANSLATED_ONLY,6.321832056999938,808445,6.636713114000031
b2,moreDetailedTest/0028.trace,moreDetailedTest,plain,5,2,0,5,1,MIN_EXPANDED_SIZE,,5,64be41842cbbe8980ac16a48701daadda93906fe1e877a972b1765bd7de7a29a,2,75,75,atlas-b,1,1726694,0.46444851099977313,,30364,18149c1d95d263ad2041fc69c768defa34d9b4cfb37f8595dd94e44885cbe660,0.489430397,9147,False,TRANSLATED_ONLY,3.7687447280000015,543781,4.23380802299971
b2,moreDetailedTest/0028.trace,moreDetailedTest,plain,5,2,0,5,1,MIN_EXPANDED_SIZE,,5,64be41842cbbe8980ac16a48701daadda93906fe1e877a972b1765bd7de7a29a,2,75,75,macro,1,1313371,0.2641480860002048,,76615,2787be157404a8132732fc1d2b10861082ad5155ae51e463842d48e226700586,0.75515102,13230,False,TRANSLATED_ONLY,5.721420369000043,655517,5.986210800000208
b2,equal/0022.trace,equal,plain,6,2,0,6,1,MIN_EXPANDED_SIZE,,5,54aac81ee3b36bf4c2e56ccc89676b262fda5407f52f4b8283d6e29db86a8181,3,100,100,atlas-b,1,2518949,0.46439185400004135,,48688,60fce600cb381ebfb118a21386db6074762e2a9940939ba15a7296722d8d90d8,0.602214367,13179,False,TRANSLATED_ONLY,4.820414967000033,786405,5.285381993999636
b2,equal/0022.trace,equal,plain,6,2,0,6,1,MIN_EXPANDED_SIZE,,5,54aac81ee3b36bf4c2e56ccc89676b262fda5407f52f4b8283d6e29db86a8181,3,100,100,macro,1,2215236,0.2641202089998842,,85621,55985bd7756c6968ac6c5a9e8e1adf530114f7378c66a86918060356a717db52,1.043003216,21173,False,TRANSLATED_ONLY,9.777746135000143,1088840,10.042466568000236
b2,5to10Traces/0087.trace,5to10Traces,plain,18,2,0,8,1,MIN_EXPANDED_SIZE,,9,ba2473e07d4ef1cc752c3df0883e089989827b9dac948df541f3be6543952417,3,250,36,atlas-b,1,,0.5145679030001702,,107380,a43dd835c3c5e96bb47a02cc5c3b56a65f8132de708d47803f5b04428ee24ac0,,,False,TRANSLATION_TIMEOUT,180.28776840799992,,180.80296623599997
b2,5to10Traces/0087.trace,5to10Traces,plain,18,2,0,8,1,MIN_EXPANDED_SIZE,,9,ba2473e07d4ef1cc752c3df0883e089989827b9dac948df541f3be6543952417,3,250,36,macro,1,15144874,0.41433330799964097,,265171,e1e647aa47eea8424fb86a029f15cb37bab192105299bf13bca69abd31c469dd,2.532304097,94523,False,TRANSLATED_ONLY,48.63251793699965,6353166,49.047602062999886
b2,moreDetailedTest/0014.trace,moreDetailedTest,plain,10,2,0,8,1,MIN_EXPANDED_SIZE,,5,ba75fbfc0ad01cc18fc4806b36dde4b7b6f65bfc9dd04659b0fc087e4c2ae893,3,75,75,atlas-b,1,1891425,0.46445115200003784,,37138,580c766fc7df614e17678b75c93ac2eb86a88c6d2753cc03641395dc5d625aa5,0.577528582,9929,False,TRANSLATED_ONLY,3.3682265769998594,590556,3.8332882039999276
b2,moreDetailedTest/0014.trace,moreDetailedTest,plain,10,2,0,8,1,MIN_EXPANDED_SIZE,,5,ba75fbfc0ad01cc18fc4806b36dde4b7b6f65bfc9dd04659b0fc087e4c2ae893,3,75,75,macro,1,1673127,0.2642875240003377,,78482,f11eb5ba2a6ba3ce89d900be990c14eb1128d7725bed5cb0000cb161809d9d1e,1.037242955,16070,False,TRANSLATED_ONLY,7.022986903000401,821613,7.287913602000117
b2,5to10Traces/0003.trace,5to10Traces,plain,5,2,0,5,1,MIN_EXPANDED_SIZE,,5,6f39abe0295506c074ecc2d2ca624dbabd9e790cd4e32e2376c334e22c74ed0b,2,1,25,atlas-b,1,1325516,0.4143858200000068,,9734,b3aedbd97722d584066a8d5b3bff9198faa99453d1138e0d08b5858a438da61f,0.276212291,4567,False,TRANSLATED_ONLY,2.1168069679997643,388266,2.531788910999694
b2,5to10Traces/0003.trace,5to10Traces,plain,5,2,0,5,1,MIN_EXPANDED_SIZE,,5,6f39abe0295506c074ecc2d2ca624dbabd9e790cd4e32e2376c334e22c74ed0b,2,1,25,macro,1,615606,0.26409026999999696,,66246,b9d3c38d8fd476f25db18187ca45ccb6f5a1c0e548c93d294b94f1ebb756b6a9,0.61257882,6111,False,TRANSLATED_ONLY,3.017973367000195,263090,3.2826377710002816
b2,5to10Traces/0057.trace,5to10Traces,plain,18,2,0,8,1,MIN_EXPANDED_SIZE,,5,23eef4fd79d5c9dca6054fb5076ba2e9ca74f1c58562f751761a687cb97c8225,3,23,150,atlas-b,1,9462585,0.46446218099981706,,65921,3d2231064c952dbebfe2c6966ebd68e0857f729f3a939847ee050449e49f251f,0.848265328,31319,False,TRANSLATED_ONLY,16.436133258000154,2763567,16.901240114000302
b2,5to10Traces/0057.trace,5to10Traces,plain,18,2,0,8,1,MIN_EXPANDED_SIZE,,5,23eef4fd79d5c9dca6054fb5076ba2e9ca74f1c58562f751761a687cb97c8225,3,23,150,macro,1,4169670,0.3643026589998044,,134482,4b9358e212ff4e5998375b286820d90d449c17196f770ddb5be652d03d8e76a9,1.375178822,36566,False,TRANSLATED_ONLY,12.931996678999894,1778636,13.296973163000075
b2,5to10Traces/0025.trace,5to10Traces,plain,10,2,0,8,1,MIN_EXPANDED_SIZE,,9,38507a0ac6501a233719bcf5b5b67c29c1621684a3e1a855dc0d13a7e773e48f,3,25,25,atlas-b,1,5683211,0.4643811410001035,,20854,92ac96e6711ebcd0a4cea0fabfd9e182b7f29d044845c7cb7f20feda297cccbc,0.47342137,11375,False,TRANSLATED_ONLY,8.075029941000139,1654782,8.539977544000067
b2,5to10Traces/0025.trace,5to10Traces,plain,10,2,0,8,1,MIN_EXPANDED_SIZE,,9,38507a0ac6501a233719bcf5b5b67c29c1621684a3e1a855dc0d13a7e773e48f,3,25,25,macro,1,2629143,0.31423109200022736,,136697,795115276238283fe671956fb2416928160f2030eeb7aa4a9d0430eaaeafbae9,1.054185458,18293,False,TRANSLATED_ONLY,9.625945287999912,1108441,9.940841815000113
b2,moreDetailedTest/0015.trace,moreDetailedTest,plain,5,2,0,5,1,MIN_EXPANDED_SIZE,,5,e57d48c9d5b14f420009dd9a2f0f6f5fe2c5574ab0e986b6dc651e8c1a39cac2,2,100,100,atlas-b,1,2300113,0.4644628000000921,,39644,c3e8d288464309eb7a53e88bbe500855cae862aac6c337d80d3c5277eee8cf84,0.588674077,12147,False,TRANSLATED_ONLY,4.770152651999979,724273,5.235184556000149
b2,moreDetailedTest/0015.trace,moreDetailedTest,plain,5,2,0,5,1,MIN_EXPANDED_SIZE,,5,e57d48c9d5b14f420009dd9a2f0f6f5fe2c5574ab0e986b6dc651e8c1a39cac2,2,100,100,macro,1,1619325,0.26412711600005423,,81544,9f3043f457592fb2494f1d77b01b21568c011001b0021d99046b228eff694534,0.933834954,16380,False,TRANSLATED_ONLY,6.623357825999847,813347,6.888114506999955
b2,baseTest/0026.trace,baseTest,plain,6,2,0,6,1,MIN_EXPANDED_SIZE,,5,c1fae1fcd3b0bb0f99c0e135639da132714f971a145d59f958b456cfd73c08c3,3,1205,501,atlas-b,1,,0.6146908260002419,"Exception in thread ""main"" Type error:
Translation capacity exceeded.
In this scope, universe contains 1754 atoms
and relations of arity 3 cannot be represented.
Visit http://alloy.mit.edu/ for advice on refactoring.
	at edu.mit.csail.sdg.translator.TranslateAlloyToKodkod.rethrow(TranslateAlloyToKodkod.java:411)
	at edu.mit.csail.sdg.translator.TranslateAlloyToKodkod.execute_command(TranslateAlloyToKodkod.java:533)
	at Rq2Translate.main(Rq2Translate.java:47)
",398285,3daa2921ee1a59d32be5b43265eb7a9f07e0496d53cc3ff2f811ba6e5bc27efa,,,False,TRANSLATION_ERROR,6.022820422999757,,6.638384557999871
b2,baseTest/0026.trace,baseTest,plain,6,2,0,6,1,MIN_EXPANDED_SIZE,,5,c1fae1fcd3b0bb0f99c0e135639da132714f971a145d59f958b456cfd73c08c3,3,1205,501,macro,1,18684158,0.4143430979997902,,394162,e95ab82b24a508dd519e0a9aa66d6490430c9ea04e449beaef6f4a21162f9b49,9.693827467,173654,False,TRANSLATED_ONLY,65.90631674600036,9186295,66.32161802600012
b2,5to10Traces/0168.trace,5to10Traces,plain,6,2,0,6,1,MIN_EXPANDED_SIZE,,5,a7f8d4ada64dafe6ccc1158f17b1987d24509f77c20e994e0be3de8e82d2254a,3,175,175,atlas-b,1,4401525,0.5145110419998673,,83488,30881542a0ae5e341a1235a7f7cff535dc6f49d8457b1ac4de4a46217c7050fc,0.972633971,22929,False,TRANSLATED_ONLY,8.975780904999738,1373956,9.491009302999828
b2,5to10Traces/0168.trace,5to10Traces,plain,6,2,0,6,1,MIN_EXPANDED_SIZE,,5,a7f8d4ada64dafe6ccc1158f17b1987d24509f77c20e994e0be3de8e82d2254a,3,175,175,macro,1,3890774,0.31421202599995013,,118466,280faa95002cdeec4a762866e3abb5305776ca826a5c813fec71b571aaf38cd1,1.621237819,36461,False,TRANSLATED_ONLY,13.63231624800028,1908459,13.947190808999949
b2,moreDetailedTest/0083.trace,moreDetailedTest,plain,67,2,0,8,1,MIN_EXPANDED_SIZE,,9,a7c5f6d9bd25a1c35e7fd4fb1a8df4030ffa299d1970fee1c260c404b3fc1419,4,1,5,atlas-b,1,228527,0.4143011299997852,,4163,6f56c4c457dc7bffa33c7a2cd431d3df53ce0ee64e1a77ab5f84d6fdef6e2be8,0.189745777,967,False,TRANSLATED_ONLY,0.8649512420001884,68777,1.279807935000008
b2,moreDetailedTest/0083.trace,moreDetailedTest,plain,67,2,0,8,1,MIN_EXPANDED_SIZE,,9,a7c5f6d9bd25a1c35e7fd4fb1a8df4030ffa299d1970fee1c260c404b3fc1419,4,1,5,macro,1,176121,0.26421941199987486,,22400,accd6205e5ce58261aa8f00b530da02b47540a55915821e56203943d105786c2,0.406302785,2809,False,TRANSLATED_ONLY,1.7161306449997937,78393,1.980923710999832
b2,equal/0004.trace,equal,plain,10,2,0,8,1,MIN_EXPANDED_SIZE,,5,332954efe6beae93332a9411a11e213582f0e3d5fca888d0efe93f8cb778dcdd,3,200,200,atlas-b,1,5029049,0.46446789199990235,,95088,a62127ce1420b5eea95d62a620b71e81c92ba96fdc183191ae6defb010c3dfba,1.19800908,26179,False,TRANSLATED_ONLY,7.323800328000289,1569805,7.788901585000076
b2,equal/0004.trace,equal,plain,10,2,0,8,1,MIN_EXPANDED_SIZE,,5,332954efe6beae93332a9411a11e213582f0e3d5fca888d0efe93f8cb778dcdd,3,200,200,macro,1,4434071,0.3141990829999486,,131308,f5540e3cf1b813f3cd3d5758e89bf497823eac161392c1681a968ce1cff788b3,1.865631208,41375,False,TRANSLATED_ONLY,14.084547166999982,2171215,14.39939950500002
b2,moreDetailedTest/0003.trace,moreDetailedTest,plain,10,2,0,8,1,MIN_EXPANDED_SIZE,,9,f9f5d3d029d409c5305aa6b97040981e8b92e9d8395100b7b255f1b519919b40,3,125,125,atlas-b,1,7289160,0.5144630739996501,,60289,5c1765bf3580f1e7e9929950cfe4bf9d34d1c988c7efc9afb16776e4c6eddff3,0.817038568,21625,False,TRANSLATED_ONLY,10.628329687000132,2206781,11.143417985999804
b2,moreDetailedTest/0003.trace,moreDetailedTest,plain,10,2,0,8,1,MIN_EXPANDED_SIZE,,9,f9f5d3d029d409c5305aa6b97040981e8b92e9d8395100b7b255f1b519919b40,3,125,125,macro,1,4870021,0.31427447399983066,,103806,56027e753cc7e738ae89460edaa872facae10bf5dcbc297ecd5f2a229c6cca26,1.264611309,42071,False,TRANSLATED_ONLY,17.438068055000258,2313349,17.752998383999966
b2,5to10Traces/0092.trace,5to10Traces,plain,3,2,0,3,1,MIN_EXPANDED_SIZE,,3,62ea86f634cfac925dd12ebd7ea482b5fb3baeee8d14c5660c3a9644a3fa5912,2,50,50,atlas-b,1,627164,0.4644499330001963,,21054,ac7574cb705ef3ea8a11ade603d933d7461f3b1981168ed540eba01b844ba178,0.469838637,5081,False,TRANSLATED_ONLY,2.0666356370002177,202661,2.53166481199969
b2,5to10Traces/0092.trace,5to10Traces,plain,3,2,0,3,1,MIN_EXPANDED_SIZE,,3,62ea86f634cfac925dd12ebd7ea482b5fb3baeee8d14c5660c3a9644a3fa5912,2,50,50,macro,1,369202,0.2140981509996891,,50461,4c97e12539d2d1a68f8821ae64d726feea636d75bf2e3ecf2ba052a06b2e1930,0.577215355,5185,False,TRANSLATED_ONLY,2.5171640769999613,188705,2.7318376010002794
b2,5to10Traces/0060.trace,5to10Traces,plain,18,2,0,8,1,MIN_EXPANDED_SIZE,,15,89c502bda45cb21889bc87970c566b7ec35390aff17b424c7cec9d21e656c633,3,200,200,atlas-b,1,26781230,0.5145244159998583,,95090,4d494e587841d718636bf076b150715a67f6d8cc6bf9f0f6b97c2f0ac2cf7a60,1.314551732,46789,False,TRANSLATED_ONLY,38.965230692000205,7912549,39.480430783999964
b2,5to10Traces/0060.trace,5to10Traces,plain,18,2,0,8,1,MIN_EXPANDED_SIZE,,15,89c502bda45cb21889bc87970c566b7ec35390aff17b424c7cec9d21e656c633,3,200,200,macro,1,7635602,0.31421691300010934,,139615,7e11fde9aec71c50ad4498430b055f5135e6bbf8dc6aba48780a015d8625dd49,3.260983308,64769,False,TRANSLATED_ONLY,25.298066149999613,3605435,25.612942246999864
b2,equal/0011.trace,equal,plain,5,2,0,5,1,MIN_EXPANDED_SIZE,,5,6a25bb440bd73b9db02ef82026418621ff2db1d014d247ffb4cb080dd44eaa80,2,200,200,atlas-b,1,4593786,0.5144611810001152,,76966,c01e75e64e88ff8c5f821409675986bb3d8b9793d64fc7220aacfcaeffc4012e,0.963612263,24147,False,TRANSLATED_ONLY,9.076169082999968,1446245,9.591248828000062
b2,equal/0011.trace,equal,plain,5,2,0,5,1,MIN_EXPANDED_SIZE,,5,6a25bb440bd73b9db02ef82026418621ff2db1d014d247ffb4cb080dd44eaa80,2,200,200,macro,1,2898825,0.2642018819997247,,100784,a26a0fe06fd9b2c6dc7b2f8fdb5cc0aa28cb8380d6a998d5f93f6c662ce581c1,1.25367035,28161,False,TRANSLATED_ONLY,12.681657034000182,1442275,12.946490009000172
b2,moreDetailedTest/0105.trace,moreDetailedTest,plain,3,2,0,3,1,MIN_EXPANDED_SIZE,,3,1e176ffed47363ead218228b48da77deaa7cf909a169be12c401fc90f179f8ec,2,250,250,atlas-b,1,3124932,0.5146004039997933,,95602,5b1141c9323f35c97b8142d4bac6692f2a6217e7cf36fbd6a622e4f9f7f9261c,1.186780896,25081,False,TRANSLATED_ONLY,8.02484604600022,1009020,8.540080964000026
b2,moreDetailedTest/0105.trace,moreDetailedTest,plain,3,2,0,3,1,MIN_EXPANDED_SIZE,,3,1e176ffed47363ead218228b48da77deaa7cf909a169be12c401fc90f179f8ec,2,250,250,macro,1,1511541,0.31422672700000476,,92986,9a592f0386a0e5cc1b3820862c206fc0f6fba2cd2966c65463e3ea05b2b32eb3,1.282351303,20863,False,TRANSLATED_ONLY,6.422338478999791,774384,6.737235220999992
b2,moreDetailedTest/0002.trace,moreDetailedTest,plain,10,2,0,8,1,MIN_EXPANDED_SIZE,,5,5084c81afcaf06b16b6902315076bf6112f989b054fa18b89b040908463c4d2a,3,10,10,atlas-b,1,259860,0.4143580209997708,,7108,c700aaaf32ea34ecef86403c266e0420e5ea2169feb6d944797a9d75d37111c6,0.277213844,1479,False,TRANSLATED_ONLY,1.0151960940002027,81346,1.430139747999874
b2,moreDetailedTest/0002.trace,moreDetailedTest,plain,10,2,0,8,1,MIN_EXPANDED_SIZE,,5,5084c81afcaf06b16b6902315076bf6112f989b054fa18b89b040908463c4d2a,3,10,10,macro,1,241201,0.2140722200001619,,36625,cae91c82fdc9e2dbb9e83f285663dcc06d68a0987dcb5463d533148a9022e63d,0.481485957,2882,False,TRANSLATED_ONLY,2.116730698000083,116856,2.3313736220002284
b2,increasingNumVariables/0026.trace,increasingNumVariables,plain,37,2,0,8,1,MIN_EXPANDED_SIZE,,9,b20ab2030cacd00b675a176bb62d9a1c86f7b093e187cce6caa442da9506b75c,6,25,25,atlas-b,1,1805390,0.46436873899983766,,20801,616974a191052f1ad8557f56093e3177a22bbe6a0294bf5035c7b16520d664aa,0.391623241,5543,False,TRANSLATED_ONLY,2.5173336259999815,539614,2.9822713779999503
b2,increasingNumVariables/0026.trace,increasingNumVariables,plain,37,2,0,8,1,MIN_EXPANDED_SIZE,,9,b20ab2030cacd00b675a176bb62d9a1c86f7b093e187cce6caa442da9506b75c,6,25,25,macro,1,1071131,0.2641205509999054,,45329,e4dc1ab0dad5dc1eb162731aa2889499daca326515d1b27b1b86a13bb2a3650a,0.582212905,10085,False,TRANSLATED_ONLY,4.820674353999948,500575,5.085373827999774
b2,baseTest/0029.trace,baseTest,plain,3,2,0,3,1,MIN_EXPANDED_SIZE,,3,896504bb5809cff6d7043900fa043e659ad4cd31efc4976c9761960ac36b5964,2,40,960,atlas-b,1,6247665,0.5645483600001171,,189306,cc47bbb407a4904659ee64b6c07a32b538d5bd40ff99bbef3926d54c3b5a8c48,2.792142976,50081,False,TRANSLATED_ONLY,16.63848418500038,2017051,17.203714651000155
b2,baseTest/0029.trace,baseTest,plain,3,2,0,3,1,MIN_EXPANDED_SIZE,,3,896504bb5809cff6d7043900fa043e659ad4cd31efc4976c9761960ac36b5964,2,40,960,macro,1,4063429,0.31414403999997376,,181287,4bf30f6b39607d78ddb96c7269f0fa78533396f3684558cc2a45e4e5ec970026,4.53054323,55261,False,TRANSLATED_ONLY,16.188240917000257,2067323,16.503101253000295
b2,increasingNumVariables/0031.trace,increasingNumVariables,plain,37,2,0,8,1,MIN_EXPANDED_SIZE,,11,b9d9c6a6bf77197e2bd0a86c6f3ffb489ac0728893e34ce2b3455f63bc22a619,6,50,50,atlas-b,1,4805893,0.4644197510001504,,39102,3c1bf2d0ece1e9968ecafefa127f4e9135f301e82eeba93dd9b87255f261f692,0.631508253,11689,False,TRANSLATED_ONLY,7.827082776000225,1425309,8.292111331999877
b2,increasingNumVariables/0031.trace,increasingNumVariables,plain,37,2,0,8,1,MIN_EXPANDED_SIZE,,11,b9d9c6a6bf77197e2bd0a86c6f3ffb489ac0728893e34ce2b3455f63bc22a619,6,50,50,macro,1,2080175,0.2641515509999408,,61876,5618a95bc6209efce598e531beb36254c58685ceef361d2d5c792858dc81d488,0.705284172,18509,False,TRANSLATED_ONLY,9.476627308999923,976127,9.741383254000084
b2,equal/0013.trace,equal,plain,5,2,0,5,1,MIN_EXPANDED_SIZE,,5,8cebc4f8416d5be2c6a204cd769627cf8e59eb27115e3a87f20a6d366fcc26e9,2,50,50,atlas-b,1,1153272,0.46439813100005267,,21050,3b216544c40ae12ca365b3ec3f63fbeaa64d4542899effa7eb18e621d16995ec,0.385709437,6147,False,TRANSLATED_ONLY,2.3167807730001186,363281,2.7818398790000174
b2,equal/0013.trace,equal,plain,5,2,0,5,1,MIN_EXPANDED_SIZE,,5,8cebc4f8416d5be2c6a204cd769627cf8e59eb27115e3a87f20a6d366fcc26e9,2,50,50,macro,1,781431,0.26416245100017477,,69206,a8df5a7c256ead030f42131dc5451e65231de152e8df433bc3cb1dceff022b2d,0.694545104,8190,False,TRANSLATED_ONLY,5.020356028999686,390720,5.285127054999975
b2,moreDetailedTest/0046.trace,moreDetailedTest,plain,3,2,0,3,1,MIN_EXPANDED_SIZE,,3,ddf2db14fbfd525d4ce4118c0e2a6e4904f485b233d123744df1f3ca70036612,2,150,150,atlas-b,1,1876052,0.5145084710002266,,58344,69acbe8772ba5a57a2154fc3dde0b11f5bc1e2a9f65350881d17da60bbb9f770,0.767098174,15081,False,TRANSLATED_ONLY,4.369819421000102,605843,4.88491227600025
b2,moreDetailedTest/0046.trace,moreDetailedTest,plain,3,2,0,3,1,MIN_EXPANDED_SIZE,,3,ddf2db14fbfd525d4ce4118c0e2a6e4904f485b233d123744df1f3ca70036612,2,150,150,macro,1,994452,0.2641514599999937,,72111,3057cedf5dc6b8261129622f1a0f51f4842a7da52a04ff19aac4e259b43e8ba9,0.978948707,13687,False,TRANSLATED_ONLY,5.121262694000052,507811,5.386021257999801
b2,5to10Traces/0125.trace,5to10Traces,plain,67,2,0,8,1,MIN_EXPANDED_SIZE,,5,43c3aa17eb255777403ee0c951142e46a4b2758997d2e1254ffeb9ce010ae2c1,4,1,175,atlas-b,1,10321235,0.5145304520001446,,82897,393b9b0b41e3e5e78de6ba8c37144be2843b647b11d44ad35e3bcc8944a58033,1.000909894,33655,False,TRANSLATED_ONLY,14.88545678499986,3008870,15.400635432999934
b2,5to10Traces/0125.trace,5to10Traces,plain,67,2,0,8,1,MIN_EXPANDED_SIZE,,5,43c3aa17eb255777403ee0c951142e46a4b2758997d2e1254ffeb9ce010ae2c1,4,1,175,macro,1,4309457,0.5645751779998136,,128577,de22c864a54134a903b5786a0dd28c8a2211102477401210fc5adba80b44f394,1.533131334,37411,False,TRANSLATED_ONLY,12.932077837000179,1831226,13.497321710000051
b2,5to10Traces/0072.trace,5to10Traces,plain,18,2,0,8,1,MIN_EXPANDED_SIZE,,7,5a765703a495b808f153726282d69d93ac2f988c6a385bfc19d5234ff374d7f4,3,75,75,atlas-b,1,3009365,0.4644196910003302,,37139,32a2a83ae1e4da5f8d79d40d10451e61e9de1135f2053a26c295eb9af5db6e54,0.563700992,11519,False,TRANSLATED_ONLY,5.0212082799998825,923145,5.4862341639995975
b2,5to10Traces/0072.trace,5to10Traces,plain,18,2,0,8,1,MIN_EXPANDED_SIZE,,7,5a765703a495b808f153726282d69d93ac2f988c6a385bfc19d5234ff374d7f4,3,75,75,macro,1,2529517,0.26422826299994995,,82646,b25264bf54d8753d346c6ecabce2ac70fa64750a91298ba43f9f5a969e59266b,0.920243883,22371,False,TRANSLATED_ONLY,9.025555006000104,1204801,9.290414662999865
b2,moreDetailedTest/0096.trace,moreDetailedTest,plain,6,2,0,6,1,MIN_EXPANDED_SIZE,,5,30aadc3d1d8c8b58f1586950ef713e9fbd8072dad3ff3ee523cf3195b4a8ef50,3,50,50,atlas-b,1,1263900,0.4644177209997906,,25588,4d6ee3613072fe8c13ea66b8e1d88df7731bd0d8a2f6b0d7579b39a848a75e8a,0.424916504,6679,False,TRANSLATED_ONLY,2.417185831000097,394706,2.88213952399974
b2,moreDetailedTest/0096.trace,moreDetailedTest,plain,6,2,0,6,1,MIN_EXPANDED_SIZE,,5,30aadc3d1d8c8b58f1586950ef713e9fbd8072dad3ff3ee523cf3195b4a8ef50,3,50,50,macro,1,1137053,0.2641054000000622,,67218,56f8c96693bea5957ab610488fe8a1cccdfb1811e768d8d4f03c480469c2b98b,0.665885917,10946,False,TRANSLATED_ONLY,5.771932624999863,554378,6.036600778999855
b2,moreDetailedTest/0116.trace,moreDetailedTest,plain,10,2,0,8,1,MIN_EXPANDED_SIZE,,9,e1187e99a8450685280d8bb5351d9a66e1fa7730045226eccd52297cf601220e,3,150,150,atlas-b,1,8740085,0.514495481999802,,71889,008064160ede8857da7a0594ab390fd23acac34444e5009e916ae23249140b03,0.870722716,25875,False,TRANSLATED_ONLY,13.132644053999684,2646030,13.64774062000015
b2,moreDetailedTest/0116.trace,moreDetailedTest,plain,10,2,0,8,1,MIN_EXPANDED_SIZE,,9,e1187e99a8450685280d8bb5351d9a66e1fa7730045226eccd52297cf601220e,3,150,150,macro,1,5711538,0.31422166099991955,,121971,bb9dd7c7a0b2e20a16421b89827012a664e4515983f898ea6b7d9a2199e7d227,2.350233059,48737,False,TRANSLATED_ONLY,18.588154797000243,2701629,18.903037064000273
b2,5to10Traces/0059.trace,5to10Traces,plain,18,2,0,8,1,MIN_EXPANDED_SIZE,,5,1a57e62a9cd8a4b5a550a414264c541abedfaf0ecb8a6cc02a6fec1bd623c0b0,3,39,175,atlas-b,1,11703055,0.46440736099975766,,80952,e48803567b6741a66073139da587b9e7f6afb890275724e9cb0433828273e85d,0.963021585,38699,False,TRANSLATED_ONLY,15.536452203999943,3417804,16.00149267000006
b2,5to10Traces/0059.trace,5to10Traces,plain,18,2,0,8,1,MIN_EXPANDED_SIZE,,5,1a57e62a9cd8a4b5a550a414264c541abedfaf0ecb8a6cc02a6fec1bd623c0b0,3,39,175,macro,1,5128076,0.3643065920000481,,152446,9883af6e43d865cfd6d72e180cd5cb36a6c6655e43d73e249cef0d64f9ee47be,1.456472199,44987,False,TRANSLATED_ONLY,16.78991411900006,2187600,17.154919115999746
b2,5to10Traces/0069.trace,5to10Traces,plain,18,2,0,8,1,MIN_EXPANDED_SIZE,,11,69f6ca91822c321e18396ab634066518e44a44b6f64bdfeb4c83956d8a4095f6,3,25,2,atlas-b,1,4143753,0.41435492099981275,,12445,d5aec8ceb637a3b84009163225e996104385d6f2aaabeb540fa946b16296f703,0.335013033,6977,False,TRANSLATED_ONLY,5.971670543000073,1203609,6.386564835999707
b2,5to10Traces/0069.trace,5to10Traces,plain,18,2,0,8,1,MIN_EXPANDED_SIZE,,11,69f6ca91822c321e18396ab634066518e44a44b6f64bdfeb4c83956d8a4095f6,3,25,2,macro,1,1602442,0.3143406040003356,,115266,6da51e3d025da22a93101d3136ac6c79aec2c1dd4c95f79a748db93c368c38e5,0.978032102,11369,False,TRANSLATED_ONLY,6.9238074559998495,667110,7.238764713999899
b2,baseTest/0025.trace,baseTest,plain,6,2,0,6,1,MIN_EXPANDED_SIZE,,5,76c4a7293fcbc391e510c9fdec6cda107581fedf9a878e65a3a67d7e897419f0,3,450,201,atlas-b,1,8179101,0.5645705279998765,,153320,917af4189c6afa2b17339d57200f4e3b53445e262752f1e611f395eb38aa3dd3,2.355368401,42494,False,TRANSLATED_ONLY,15.084431431000212,2552973,15.649674194
b2,baseTest/0025.trace,baseTest,plain,6,2,0,6,1,MIN_EXPANDED_SIZE,,5,76c4a7293fcbc391e510c9fdec6cda107581fedf9a878e65a3a67d7e897419f0,3,450,201,macro,1,7205618,0.3143572190001578,,184045,815d8c3ebb7d190fcef58ab8fda8e5f63951ce94c9a3dff7d1f952a8c48593de,3.241597157,67163,False,TRANSLATED_ONLY,26.348662273000173,3535885,26.663690878000125
b2,moreDetailedTest/0007.trace,moreDetailedTest,plain,10,2,0,8,1,MIN_EXPANDED_SIZE,,9,7a0a09d61e11823dea8fbf76baf9035e3e954de856ccb0f15a0ad3ecfe085e64,3,250,250,atlas-b,1,14543785,0.5144916200001717,,118289,31622d9e3c8eb26123c7e26a26ff72542174f2858b89387c451369a3371cbfe3,1.368297667,42875,False,TRANSLATED_ONLY,23.145602345000043,4403031,23.660733171000174
b2,moreDetailedTest/0007.trace,moreDetailedTest,plain,10,2,0,8,1,MIN_EXPANDED_SIZE,,9,7a0a09d61e11823dea8fbf76baf9035e3e954de856ccb0f15a0ad3ecfe085e64,3,250,250,macro,1,9663234,0.31416295499957414,,154219,2a332b12963f3b74aaff5bfbea27de748b4a6e658affdef20cd4883210b37e68,2.348419081,81407,False,TRANSLATED_ONLY,30.758509314000094,4567494,31.07329261399991
b2,5to10Traces/0093.trace,5to10Traces,plain,3,2,0,3,1,MIN_EXPANDED_SIZE,,3,1f7a3bfe898eeb704830223ce1a03d66aa0a1819d554c73d9249e9e11f5f6416,2,50,3,atlas-b,1,1724650,0.4643964019996929,,17184,c8e5d6a29b490d9e5c7733c2bf85cacbcb7e5716d8a83f0f61522b612f88475a,0.423075953,8031,False,TRANSLATED_ONLY,2.617232035000143,502510,3.0822291999998015
b2,5to10Traces/0093.trace,5to10Traces,plain,3,2,0,3,1,MIN_EXPANDED_SIZE,,3,1f7a3bfe898eeb704830223ce1a03d66aa0a1819d554c73d9249e9e11f5f6416,2,50,3,macro,1,512004,0.26417090199993254,,65615,db9d8081c1c9cb431bdac7ca29f5ed679386b0c64f307e8a1c9561c517883920,0.668965241,6862,False,TRANSLATED_ONLY,2.467037913999775,220696,2.731812869999885
b2,5to10Traces/0098.trace,5to10Traces,plain,3,2,0,3,1,MIN_EXPANDED_SIZE,,3,ce337958f9cb1506bf6ebe597c8c3e73ec58f29c61a50599552376d2a26a0dec,2,125,125,atlas-b,1,1563834,0.5144071700001405,,49024,14047b0ba815c8e3af967d43adf73d46ac474599f9aeb017d74407509a42daaf,0.738601715,12581,False,TRANSLATED_ONLY,5.120888532000208,505053,5.635908577000009
b2,5to10Traces/0098.trace,5to10Traces,plain,3,2,0,3,1,MIN_EXPANDED_SIZE,,3,ce337958f9cb1506bf6ebe597c8c3e73ec58f29c61a50599552376d2a26a0dec,2,125,125,macro,1,880761,0.2641924130002735,,67769,6702be2d2c50336d66e9f1a8a1185ff62e5d54902bfdd4b7507921274e54d5c6,0.83702478,12088,False,TRANSLATED_ONLY,3.868828988000132,447909,4.133628525000404
b2,5to10Traces/0108.trace,5to10Traces,plain,3,2,0,3,1,MIN_EXPANDED_SIZE,,3,f696ac90e9140a1845d027e5579384548ee806f1e2495d49bdfd806b44ea86e3,2,250,250,atlas-b,1,3124933,0.514504192000004,,95690,d2417e106cbaed5c3ad49f50dae4ee3ad98294308a2f88ee328278971514deaa,1.182083191,25081,False,TRANSLATED_ONLY,7.87491685499981,1009013,8.39006338099989
b2,5to10Traces/0108.trace,5to10Traces,plain,3,2,0,3,1,MIN_EXPANDED_SIZE,,3,f696ac90e9140a1845d027e5579384548ee806f1e2495d49bdfd806b44ea86e3,2,250,250,macro,1,1534461,0.3142227010002898,,90835,5d74c9d83ed0de61b31b7337c367a6d28011f72611a7e04b1f20bb138dc2dedb,1.280082882,21019,False,TRANSLATED_ONLY,6.2723419200001445,781183,6.587180116000127
b2,5to10Traces/0129.trace,5to10Traces,plain,67,2,0,8,1,MIN_EXPANDED_SIZE,,9,c5e3de677a29cdb03406f7da996e01021bb5366f8583362622373c7513d2f3ca,4,1,225,atlas-b,1,27164117,0.5144745009997678,,105748,30813f65ad023d11f20b5f05c9a22366fb262553e4ab5f40774b160cefe2d163,1.248270114,52407,False,TRANSLATED_ONLY,40.270234426000115,7894987,40.78537424199976
b2,5to10Traces/0129.trace,5to10Traces,plain,67,2,0,8,1,MIN_EXPANDED_SIZE,,9,c5e3de677a29cdb03406f7da996e01021bb5366f8583362622373c7513d2f3ca,4,1,225,macro,1,12142092,0.5646882360001655,,231539,6d4c0804e8ae61ceb933f34873f925c532f55d6ed2e8659138e81438b2a34d0f,2.335683681,76051,False,TRANSLATED_ONLY,37.47507218800001,5060077,38.04051942099977
b2,baseTest/0013.trace,baseTest,plain,5,2,0,5,1,MIN_EXPANDED_SIZE,,5,64a9fe0afb1011acaf62a9439d020d9a3e8e758a16c239f582d6ece5389263f3,2,15,485,atlas-b,1,5740915,0.5144677410003169,,95845,da2fa14910eea0f96bd8cb92154ec4dd0692090359c2e3099b69e300638c91ed,1.257514499,30147,False,TRANSLATED_ONLY,8.725376260999838,1807290,9.240472516999944
b2,baseTest/0013.trace,baseTest,plain,5,2,0,5,1,MIN_EXPANDED_SIZE,,5,64a9fe0afb1011acaf62a9439d020d9a3e8e758a16c239f582d6ece5389263f3,2,15,485,macro,1,4922281,0.31424180099975274,,130008,a6eeed4b42b756d1c1aea0598611a8ab414797b4c277c32ee94553c345c64ca2,1.951058799,47271,False,TRANSLATED_ONLY,17.688072540999656,2446099,18.002965157999824
b2,moreDetailedTest/0074.trace,moreDetailedTest,plain,67,2,0,8,1,MIN_EXPANDED_SIZE,,11,2e1fb6f79c6a1faa78f4871a322a26feeec4f3b6891910359cb1e871d607b1e2,4,107,150,atlas-b,1,10910861,0.46445960499977446,,73483,626f52b1da20288d2598d14e5b87571fd7df1c9e09766a21c30e2799d79793cc,0.966340426,26257,False,TRANSLATED_ONLY,14.033466640999904,3258618,14.498519660000056
b2,moreDetailedTest/0074.trace,moreDetailedTest,plain,67,2,0,8,1,MIN_EXPANDED_SIZE,,11,2e1fb6f79c6a1faa78f4871a322a26feeec4f3b6891910359cb1e871d607b1e2,4,107,150,macro,1,5074207,0.36428070200008733,,119085,6dd8aacd570641a8e3ecc1b0cd9a2465c6fe88f7c182c115e6096ca63ada70ba,1.44202414,43441,False,TRANSLATED_ONLY,18.839530746000037,2396999,19.20444610300001
b2,5to10Traces/0062.trace,5to10Traces,plain,18,2,0,8,1,MIN_EXPANDED_SIZE,,5,659578e22d18330e18c4bd6eac4e1e2a4cc66cc0b6764d215dba3d25570d0d4e,3,225,225,atlas-b,1,5656572,0.5144226409997827,,106688,3a2c9c6f88b599eec99bc92afa58998fd191eec5ea894679e21fdd744b89c329,1.290318672,29429,False,TRANSLATED_ONLY,8.675227509999786,1765653,9.190266064999832
b2,5to10Traces/0062.trace,5to10Traces,plain,18,2,0,8,1,MIN_EXPANDED_SIZE,,5,659578e22d18330e18c4bd6eac4e1e2a4cc66cc0b6764d215dba3d25570d0d4e,3,225,225,macro,1,4891327,0.3642475659999036,,139105,c85fc147dbdd7fa6a80fc5a2d726301d768bbf355cf9c79c3f8cd34e7cfc11fb,2.217820553,45785,False,TRANSLATED_ONLY,16.235380894000173,2402849,16.600295104999987
b2,moreDetailedTest/0051.trace,moreDetailedTest,plain,3,2,0,3,1,MIN_EXPANDED_SIZE,,3,315d986329d6c83f00012cbb2c482f9f3bd4f431fd392a10a68febdd91ec5d65,2,350,350,atlas-b,1,4373810,0.5646429050002553,,133090,68cbff2657649a732d293d5f7cd8e9bcb48f8f77fd5b25ddd2c23b71dbb98e3a,1.816332641,35081,False,TRANSLATED_ONLY,11.130180554999697,1412199,11.695505735000097
b2,moreDetailedTest/0051.trace,moreDetailedTest,plain,3,2,0,3,1,MIN_EXPANDED_SIZE,,3,315d986329d6c83f00012cbb2c482f9f3bd4f431fd392a10a68febdd91ec5d65,2,350,350,macro,1,2004712,0.3142594249998183,,106952,de329ace177a6e179eb7d9c4983ee63302e3131ffbf46be7b35d6ebcc2029ae8,2.618317775,27168,False,TRANSLATED_ONLY,8.825498497999888,1020420,9.140441478999946
b2,5to10Traces/0173.trace,5to10Traces,plain,6,2,0,6,1,MIN_EXPANDED_SIZE,,5,027b9d21049f56e1d569a406b650b8449dffbfbe65a47d8da69ec7d0a0bfaa23,3,225,225,atlas-b,1,24599325,0.5145029229997817,,167503,419a6dd7b7ab71c7fafeaf0cbf73111fcfa7e6aeed9554b0d6041721e7fdf7c3,1.934012415,81179,False,TRANSLATED_ONLY,41.77172850400029,7183656,42.28691567299984
b2,5to10Traces/0173.trace,5to10Traces,plain,6,2,0,6,1,MIN_EXPANDED_SIZE,,5,027b9d21049f56e1d569a406b650b8449dffbfbe65a47d8da69ec7d0a0bfaa23,3,225,225,macro,1,10798444,0.36434748800002126,,212593,7fedf1edaf292c1565dee7c80baeb4dba0410a67ea14ab36283069a1ac9ae782,2.90912319,94127,False,TRANSLATED_ONLY,28.402505622000263,4609022,28.76765190800006
b2,equal/0035.trace,equal,plain,3,2,0,3,1,MIN_EXPANDED_SIZE,,3,efa12ce81efae335dc2fc0910a4b88d841f0936b905544dacaf74b02f6ce95b9,2,5,5,atlas-b,1,65175,0.4143603810002787,,4354,228cdf4c06a1e6b85ac72833c5df1395627a332d47743b3846d4de2aef197c4a,0.247608518,581,False,TRANSLATED_ONLY,0.6646859010002117,21237,1.0795687949998864
b2,equal/0035.trace,equal,plain,3,2,0,3,1,MIN_EXPANDED_SIZE,,3,efa12ce81efae335dc2fc0910a4b88d841f0936b905544dacaf74b02f6ce95b9,2,5,5,macro,1,51418,0.2141010609998375,,17453,8c1ba97b14cb042f90d1b03c1817da645befd173ce0f75d5e96a6e91c743997e,0.331857069,908,False,TRANSLATED_ONLY,0.9651956749999044,25861,1.1799450409998826
b2,increasingNumVariables/0028.trace,increasingNumVariables,plain,37,2,0,8,1,MIN_EXPANDED_SIZE,,5,1b1c0b48abca612269a0a5beb3e2df127dfb1f148f79e2f87cef4d6657e029bb,6,35,35,atlas-b,1,1131466,0.4644394150000153,,28121,262ce93d0a53916ab2d0e999a6d366c9e1b8590e44a943903178b784bb7d021b,0.506982077,5899,False,TRANSLATED_ONLY,2.3669793190001656,346345,2.832036359000085
b2,increasingNumVariables/0028.trace,increasingNumVariables,plain,37,2,0,8,1,MIN_EXPANDED_SIZE,,5,1b1c0b48abca612269a0a5beb3e2df127dfb1f148f79e2f87cef4d6657e029bb,6,35,35,macro,1,844315,0.3141860360001374,,55481,15eddcd8032c66f14bf841ef6738d2859de25fb21c687727c0b4a607a9880789,0.696418653,8147,False,TRANSLATED_ONLY,4.419714363999901,407280,4.734517152999615
b2,5to10Traces/0139.trace,5to10Traces,plain,3,2,0,3,1,MIN_EXPANDED_SIZE,,3,bf7944e4c8fc98df28f2164a293c37173fe918ab58c61018526a048088c84fc7,2,3,75,atlas-b,1,2536946,0.46444470200003707,,24084,ca81f03cb43a1df9b5d94efbcfaa72b105f0eafbbedd850cb5308fed558aadc7,0.443776903,11781,False,TRANSLATED_ONLY,4.370825218999926,739034,4.835864813999706
b2,5to10Traces/0139.trace,5to10Traces,plain,3,2,0,3,1,MIN_EXPANDED_SIZE,,3,bf7944e4c8fc98df28f2164a293c37173fe918ab58c61018526a048088c84fc7,2,3,75,macro,1,737038,0.26421382300031837,,83720,d709fc925c06fc279b10f95d491cccecfa48ce49bb01c06212afc313a7a69ac2,0.863680513,9930,False,TRANSLATED_ONLY,3.5183396249999532,318587,3.783181022000008
b2,equal/0036.trace,equal,plain,10,2,0,8,1,MIN_EXPANDED_SIZE,,5,353e8b045848d454806ff176d7d39d1f870de1ac30bee6cc65bdbe1fd2f87dfe,3,100,100,atlas-b,1,2518949,0.4644669959998282,,48688,9ccdab1a7f32c78ec7774734d4d79307a19482982c8edf6b4e4b9b738212be66,0.714011019,13179,False,TRANSLATED_ONLY,4.269294939000247,786405,4.7343648490000305
b2,equal/0036.trace,equal,plain,10,2,0,8,1,MIN_EXPANDED_SIZE,,5,353e8b045848d454806ff176d7d39d1f870de1ac30bee6cc65bdbe1fd2f87dfe,3,100,100,macro,1,2208195,0.26412010900003224,,89395,8ead4fd064244be0037b7f2a08090a49524f05cf25c1a17f5e62ec20894ba588,1.008683224,21068,False,TRANSLATED_ONLY,9.276192663000074,1083859,9.540934996000033
b2,5to10Traces/0143.trace,5to10Traces,plain,3,2,0,3,1,MIN_EXPANDED_SIZE,,3,23f66a69bf200e03b6a5fe7fe0c81ab0b5dded3605a6a4f86290dba127b209a0,2,5,125,atlas-b,1,4226425,0.4645087830003831,,38459,ba73cc2a4c3158ea3775c8a2ca29ce06f279916db7552aa7ca0fe169a553afde,0.564612407,19581,False,TRANSLATED_ONLY,5.070423019999907,1231007,5.5355027969999355
b2,5to10Traces/0143.trace,5to10Traces,plain,3,2,0,3,1,MIN_EXPANDED_SIZE,,3,23f66a69bf200e03b6a5fe7fe0c81ab0b5dded3605a6a4f86290dba127b209a0,2,5,125,macro,1,1263635,0.3141967139999906,,91408,becbd5a471c5dd158b4d2fb600b514724575b0ccc0dab626f8c14b14e18d7490,1.08690555,16547,False,TRANSLATED_ONLY,4.419875478999984,542178,4.734696208000059
b2,5to10Traces/0149.trace,5to10Traces,plain,3,2,0,3,1,MIN_EXPANDED_SIZE,,3,dc750485e1b246b59418d8b42c562354e1f671c984191df12f963494e8079044,2,11,200,atlas-b,1,6858109,0.46454191799966793,,60885,db42d36fa3ce28df4257033194cabe4c7a91af0c6303ac85cf4c261475353eca,0.849276822,31731,False,TRANSLATED_ONLY,10.877772516999812,1997348,11.342941809999957
b2,5to10Traces/0149.trace,5to10Traces,plain,3,2,0,3,1,MIN_EXPANDED_SIZE,,3,dc750485e1b246b59418d8b42c562354e1f671c984191df12f963494e8079044,2,11,200,macro,1,2031234,0.31424707699989085,,117248,109aae24ddb916b83d21139271eb3f3de24ef3ae3632d10a72ebdc2d782d22b2,1.300710437,26674,False,TRANSLATED_ONLY,6.572690461000093,874881,6.8875775129999965
b2,increasingNumVariables/0034.trace,increasingNumVariables,plain,70,2,0,8,1,MIN_EXPANDED_SIZE,,15,7a65cd0145bf776eaf9661ae0e685ed7839a92690fa84acf04626812be97bbd3,7,25,25,atlas-b,1,4211905,0.46442679100027817,,23056,e3784a9c1129a8e92c74fc68798556bea940e584b27be66405e8a6a7fcb68374,0.471838093,7867,False,TRANSLATED_ONLY,5.821664169000087,1230275,6.286672184000054
b2,increasingNumVariables/0034.trace,increasingNumVariables,plain,70,2,0,8,1,MIN_EXPANDED_SIZE,,15,7a65cd0145bf776eaf9661ae0e685ed7839a92690fa84acf04626812be97bbd3,7,25,25,macro,1,1104107,0.3141839429999891,,53028,12c47afc147b95b4ab662c32c511b6bcc8000c9a237cd495dba090e2e536166c,0.626524033,10582,False,TRANSLATED_ONLY,4.92052287100023,511268,5.235301457999867
b2,moreDetailedTest/0062.trace,moreDetailedTest,plain,18,2,0,8,1,MIN_EXPANDED_SIZE,,5,8c05c01f1fa86672e622c5898300ef68087cab4fc917aefd4fa0eb99e0d31ce8,3,200,200,atlas-b,1,5029048,0.5145384929996908,,95088,eabd22cd0607222fa3a51d23c802ac2329e9d432a03b9475fc70694b82bf694a,1.149185598,26179,False,TRANSLATED_ONLY,8.775775008999972,1569804,9.290945805999854
b2,moreDetailedTest/0062.trace,moreDetailedTest,plain,18,2,0,8,1,MIN_EXPANDED_SIZE,,5,8c05c01f1fa86672e622c5898300ef68087cab4fc917aefd4fa0eb99e0d31ce8,3,200,200,macro,1,4390846,0.3142368919998262,,126124,20dcd04123fd063c6d6ff5ad2d8eb9751d250ce80b06ee536744c704256c08af,2.406280837,40850,False,TRANSLATED_ONLY,15.834765695999977,2148729,16.149675733000095
b2,5to10Traces/0035.trace,5to10Traces,plain,10,2,0,8,1,MIN_EXPANDED_SIZE,,7,c426873f1d6100da2ac5121d8557a0015b1beb10f5c91e225ec81118451b884b,3,150,150,atlas-b,1,24227540,0.5145734630000334,,112454,46d812892b09d55de19cced0ff52b9e533b0cef5910ba9ec1cb5f8908942e9e8,1.363753493,60269,False,TRANSLATED_ONLY,40.87471652799968,7068795,41.3899513059996
b2,5to10Traces/0035.trace,5to10Traces,plain,10,2,0,8,1,MIN_EXPANDED_SIZE,,7,c426873f1d6100da2ac5121d8557a0015b1beb10f5c91e225ec81118451b884b,3,150,150,macro,1,12449649,0.36432322300015585,,209291,0135c80d0dcee4114551616adee4a027c8b3ef0ff4f3cb2991359e6e15840c9e,3.013887369,87185,False,TRANSLATED_ONLY,35.318325476000155,5246140,35.68339400599962
b2,5to10Traces/0038.trace,5to10Traces,plain,10,2,0,8,1,MIN_EXPANDED_SIZE,,5,d411a5a489be3c4f9746e0d02df6458494aa8173562852ada225c09ea49dfee5,3,200,200,atlas-b,1,5029049,0.5145613330000742,,95088,6167be1f13271aeb74c5100cb1df3d2f5f098cc2efb8c3f367bb2100d06336e1,1.086807492,26179,False,TRANSLATED_ONLY,9.025429034000354,1569805,9.540606390999983
b2,5to10Traces/0038.trace,5to10Traces,plain,10,2,0,8,1,MIN_EXPANDED_SIZE,,5,d411a5a489be3c4f9746e0d02df6458494aa8173562852ada225c09ea49dfee5,3,200,200,macro,1,4437933,0.31435335400010445,,128241,eb306c58599e6e4970c3e7d973fa1b02a9115e3647b08f4415e32b69b0d6f731,1.915992156,41732,False,TRANSLATED_ONLY,17.837466252000013,2180845,18.1524758810001
b2,5to10Traces/0167.trace,5to10Traces,plain,6,2,0,6,1,MIN_EXPANDED_SIZE,,5,de9222b66cb05b730d04d9402205c708cb7a392a3663ddec8dcc12ce7051f8b2,3,150,150,atlas-b,1,16402500,0.514449759999934,,112453,cb5f9c9734218d7ec3732bf9c10e3abe318b13d00ad17d3503970612c1a72fe3,1.427916674,54179,False,TRANSLATED_ONLY,26.249655863000044,4790106,26.764761006999834
b2,5to10Traces/0167.trace,5to10Traces,plain,6,2,0,6,1,MIN_EXPANDED_SIZE,,5,de9222b66cb05b730d04d9402205c708cb7a392a3663ddec8dcc12ce7051f8b2,3,150,150,macro,1,7157144,0.36428776599996127,,187352,262cfa61825491aef4d638cea17a4f8dc9b33496ec86b0c213cf34e1f141b616,2.060434469,62732,False,TRANSLATED_ONLY,18.089423963000172,3063182,18.454463456000212
b2,increasingNumVariables/0012.trace,increasingNumVariables,plain,11,2,0,8,1,MIN_EXPANDED_SIZE,,5,c859293cb922db9a7147c373543002c252240451f6c91630c075fc58f4c884ba,4,35,35,atlas-b,1,969304,0.464443960999688,,21812,b3aafd72eed20912ef1cb7dbcac0bdb42a6a5f92eab992f89ffe378ffeef02b2,0.440490395,5115,False,TRANSLATED_ONLY,2.11671444600006,300407,2.581728170000133
b2,increasingNumVariables/0012.trace,increasingNumVariables,plain,11,2,0,8,1,MIN_EXPANDED_SIZE,,5,c859293cb922db9a7147c373543002c252240451f6c91630c075fc58f4c884ba,4,35,35,macro,1,814331,0.26411949099974663,,49149,6feab23ed63d8df2fc9a071d0d122941c549ff4e6d36ab61adc5ad5a9c0bdb98,0.617609277,8053,False,TRANSLATED_ONLY,4.820620341999984,394311,5.085372346999975
b2,equal/0033.trace,equal,plain,3,2,0,3,1,MIN_EXPANDED_SIZE,,3,42ae15afdc2e72af93dec4c095ef937630ddcb39ac7c44d122e402f86296ccfd,2,500,500,atlas-b,1,6247118,0.5645753470003001,,189032,ee36892abd1e74f860ba1060e46bf4cdfd2339cb37dffcac78341d93387ccea6,2.303863052,50081,False,TRANSLATED_ONLY,17.788520995,2016947,18.353814799999782
b2,equal/0033.trace,equal,plain,3,2,0,3,1,MIN_EXPANDED_SIZE,,3,42ae15afdc2e72af93dec4c095ef937630ddcb39ac7c44d122e402f86296ccfd,2,500,500,macro,1,2631527,0.31419615499999054,,132460,1f9b1435ef4b9ce8ceee11d0cf7bf6d661a00d97dac1f52588b30849d3f6a6dd,2.394763962,35709,False,TRANSLATED_ONLY,10.578075566999814,1339802,10.892933307000021
b2,equal/0038.trace,equal,plain,10,2,0,8,1,MIN_EXPANDED_SIZE,,5,4d24fb57818be344b2dc7cc7e11f0284590551691d78845da16fa441585533f5,3,150,150,atlas-b,1,3773999,0.5144874630000231,,71888,834850d20df5441bc57a94ce5170ac0facfba2f6115498a1ea7552ee5407f223,0.813224557,19679,False,TRANSLATED_ONLY,7.0234230360001675,1178105,7.538504551999722
b2,equal/0038.trace,equal,plain,10,2,0,8,1,MIN_EXPANDED_SIZE,,5,4d24fb57818be344b2dc7cc7e11f0284590551691d78845da16fa441585533f5,3,150,150,macro,1,3279244,0.31433222700025,,109174,544dc6bb31a5bddadbef420b4db05cd01972ff4c27cec4d5851b612ab8232f46,1.608696703,31085,False,TRANSLATED_ONLY,10.828768059999675,1612643,11.143761861999792
b2,equal/0014.trace,equal,plain,5,2,0,5,1,MIN_EXPANDED_SIZE,,5,6bebe7d6a616c309c24c8503f0245c9ddfca89df3734c741eb461ba94ab2c090,2,5,5,atlas-b,1,121118,0.41435669199972835,,4354,ab6ec7ed09ca66fce4d85f519430daeba1a4a2606e7e3b89b96732d547a82cdc,0.18819458,747,False,TRANSLATED_ONLY,0.7648492329999499,38396,1.179754917000082
b2,equal/0014.trace,equal,plain,5,2,0,5,1,MIN_EXPANDED_SIZE,,5,6bebe7d6a616c309c24c8503f0245c9ddfca89df3734c741eb461ba94ab2c090,2,5,5,macro,1,111160,0.21411154099996565,,22846,8ee4f7c4bd6a3b85c35c4c0dd7ff777e6258f6cb7bec887f3105e311986625af,0.388110834,1698,False,TRANSLATED_ONLY,1.2655464449999272,54672,1.4802247190000344
b2,moreDetailedTest/0019.trace,moreDetailedTest,plain,5,2,0,5,1,MIN_EXPANDED_SIZE,,5,e2ad7c80907a13c20da1a3028903a76b6a23a304988e17b95a3616fcc6d24d71,2,175,175,atlas-b,1,4020373,0.5144479099999444,,67694,adadd9f70cdbe60fece5d3819ea90bdbd73e309234ad556b6c21e18488386a91,0.831690356,21147,False,TRANSLATED_ONLY,7.42430315699994,1265760,7.939346311000008
b2,moreDetailedTest/0019.trace,moreDetailedTest,plain,5,2,0,5,1,MIN_EXPANDED_SIZE,,5,e2ad7c80907a13c20da1a3028903a76b6a23a304988e17b95a3616fcc6d24d71,2,175,175,macro,1,2647471,0.31422507600018434,,96940,d67ff54581b6311327297a1ba0bb7d81c7ec505842896b3a54cfa5537b5128bb,1.117568078,25809,False,TRANSLATED_ONLY,9.927750839000055,1318280,10.242645900000298
b2,increasingNumVariables/0023.trace,increasingNumVariables,plain,20,2,0,8,1,MIN_EXPANDED_SIZE,,7,4f6b09f5963f91fc0cf5f929f73982cbc23193e0effa97207488206d56b9e47a,5,50,50,atlas-b,1,2328424,0.46436614999993253,,34597,0fa8b3da0dcfd3fe07fb0940bfb7417286dc88ca0cdcd99e294ddd1fb8d41413,0.570302216,8861,False,TRANSLATED_ONLY,3.368240207999861,706551,3.833190550999916
b2,increasingNumVariables/0023.trace,increasingNumVariables,plain,20,2,0,8,1,MIN_EXPANDED_SIZE,,7,4f6b09f5963f91fc0cf5f929f73982cbc23193e0effa97207488206d56b9e47a,5,50,50,macro,1,1747226,0.26411397999982,,59515,58ddc5ba314a749506d28d4e4831f3053dabfda54b1a57bbf0503725a20b8218,0.678446281,15860,False,TRANSLATED_ONLY,7.974374149000141,833759,8.239063601999987
b2,equal/0031.trace,equal,plain,3,2,0,3,1,MIN_EXPANDED_SIZE,,3,07d9495d2d7df44ccf12e6c70a0471d48176e442f29c2986e9730e35f9ec0057,2,150,150,atlas-b,1,1876052,0.46437164000008124,,58300,ac5092cb7a685b94558098fb847b598cba1a965f002840666bc392637914a6fd,0.719908171,15081,False,TRANSLATED_ONLY,4.520746440000039,605846,4.985732034999728
b2,equal/0031.trace,equal,plain,3,2,0,3,1,MIN_EXPANDED_SIZE,,3,07d9495d2d7df44ccf12e6c70a0471d48176e442f29c2986e9730e35f9ec0057,2,150,150,macro,1,988189,0.2643414959998154,,73073,c8af3fb10a9c0d6b786a4c09ac06fc456859b157dbbd2efac4917d1a0f50ba81,0.998705123,13596,False,TRANSLATED_ONLY,4.5208125419999305,503759,4.785742991999996
b2,weakening/weaken_antecedent/weaken_antecedent_10_45_45.trace,weakening,weakening_b2,10,2,0,8,15,MIN_EXPANDED_SIZE,OfficialWeakeningAntecedent,9,c17f263404864717851c58796941e27a9ef40f021b727a7d93ff3dcff8e90773,3,45,45,atlas-b,1,2840233,0.46443183099972885,,35824,3058add73e4798b40395e73c48d352e5df341f9c3189e64288c0a7e9128d43e8,0.585094192,20135,False,TRANSLATED_ONLY,5.0704006999999365,839147,5.535442866000267
b2,weakening/weaken_antecedent/weaken_antecedent_10_45_45.trace,weakening,weakening_b2,10,2,0,8,15,MIN_EXPANDED_SIZE,OfficialWeakeningAntecedent,9,c17f263404864717851c58796941e27a9ef40f021b727a7d93ff3dcff8e90773,3,45,45,macro,1,2123576,0.31421117400032017,,107414,e1a96e6ef89ef813d52777c04ef91c12434a3ed47ccd593e6331e15853206936,1.124927303,34959,False,TRANSLATED_ONLY,12.481590087000313,833058,12.796468457000174
b2,5to10Traces/0169.trace,5to10Traces,plain,6,2,0,6,1,MIN_EXPANDED_SIZE,,5,604c64f4fe5c15293a02c7a950a094fe7237524676db62bb33b8ebcf96274598,3,175,175,atlas-b,1,19134775,0.5145291119997637,,130803,bbf721f9cff06c5dd44cfa1cd39c17a17c9510ddaa8d88cee59817cad92e89a0,1.808482722,63179,False,TRANSLATED_ONLY,25.804670779999924,5587956,26.31990388799977
b2,5to10Traces/0169.trace,5to10Traces,plain,6,2,0,6,1,MIN_EXPANDED_SIZE,,5,604c64f4fe5c15293a02c7a950a094fe7237524676db62bb33b8ebcf96274598,3,175,175,macro,1,8372162,0.3643336629997975,,183091,57c5ac194942a756d1912e1c8d724f0da6d100399d7ab74aacf2dc89ad6d4515,2.803108522,73358,False,TRANSLATED_ONLY,22.243203496000206,3583526,22.608426109999982
b2,5to10Traces/0070.trace,5to10Traces,plain,18,2,0,8,1,MIN_EXPANDED_SIZE,,11,a5e13ab1eb3be7dc2415e0c02ec5362d6e303166b8c91d28a3670fa657d6279d,3,50,50,atlas-b,1,4036582,0.46442227099987576,,25590,cf1155a640c736d6e3d52246bdbc41a7c8cdb47061cb80f6825f6c34d90e0a10,0.444625291,9997,False,TRANSLATED_ONLY,5.421374287000162,1209806,5.886315640000248
b2,5to10Traces/0070.trace,5to10Traces,plain,18,2,0,8,1,MIN_EXPANDED_SIZE,,11,a5e13ab1eb3be7dc2415e0c02ec5362d6e303166b8c91d28a3670fa657d6279d,3,50,50,macro,1,1929338,0.2641250609999588,,71108,6347915b3dd8a61b34b0fec5971206c0e4331876a6f07f093f65f77de616f46a,0.732732179,17429,False,TRANSLATED_ONLY,7.724135882000155,909630,7.9888318859998435
b2,5to10Traces/0156.trace,5to10Traces,plain,6,2,0,6,1,MIN_EXPANDED_SIZE,,5,22793e02187ed3410cdf3eab2afe065fe084e6adab1ab091856f7d442b6526d8,3,25,25,atlas-b,1,636375,0.4644006809999155,,14038,d9e93e5d346733b110b6a39bf8187d32857b46b514eea96f7c2100465e4b03f5,0.341476953,3429,False,TRANSLATED_ONLY,1.565923444999953,198856,2.030929439999909
b2,5to10Traces/0156.trace,5to10Traces,plain,6,2,0,6,1,MIN_EXPANDED_SIZE,,5,22793e02187ed3410cdf3eab2afe065fe084e6adab1ab091856f7d442b6526d8,3,25,25,macro,1,570689,0.21411133099991275,,49234,46cd0b05593e0e99a149ddf08364b964ab001e8c2214312667640e270c466321,0.570633822,5885,False,TRANSLATED_ONLY,3.0677902349998476,278238,3.282482080000136
b2,5to10Traces/0146.trace,5to10Traces,plain,3,2,0,3,1,MIN_EXPANDED_SIZE,,3,93a3bb585734055b11004058e88a658f78a400e8ea2036c5ddff5db42549bd0f,2,175,175,atlas-b,1,2188267,0.4643547440000475,,67594,063ef09b4569a1d42bfc7d245abe1804351505a4afa78731b14b25aab2e82d24,0.831498762,17581,False,TRANSLATED_ONLY,4.670169866999913,706637,5.135155804000078
b2,5to10Traces/0146.trace,5to10Traces,plain,3,2,0,3,1,MIN_EXPANDED_SIZE,,3,93a3bb585734055b11004058e88a658f78a400e8ea2036c5ddff5db42549bd0f,2,175,175,macro,1,1123557,0.26414084899988666,,78972,fadedadb50dd7d4e40733ed04b8180626357619f57a94205b8c14caaa67f52bd,1.075586028,15507,False,TRANSLATED_ONLY,5.972086420999858,575168,6.236847964999924
b2,moreDetailedTest/0115.trace,moreDetailedTest,plain,10,2,0,8,1,MIN_EXPANDED_SIZE,,5,e9149199ba7d5f11e45e9d104609445822fd849841dd12aa3244cd919ccef66b,3,125,125,atlas-b,1,3146473,0.5145375120000608,,60278,fa6774450b3c93a1a3683d04b9459d918c3a5310b38e466211f237aa5ad30de1,0.753881189,16429,False,TRANSLATED_ONLY,5.4232392149997395,982253,5.938357180999901
b2,moreDetailedTest/0115.trace,moreDetailedTest,plain,10,2,0,8,1,MIN_EXPANDED_SIZE,,5,e9149199ba7d5f11e45e9d104609445822fd849841dd12aa3244cd919ccef66b,3,125,125,macro,1,2695192,0.26409687900013523,,103693,664a6190e4bb03758b1b105f337083fec3b14c6070112caf3b849851cad238bb,1.230424511,25709,False,TRANSLATED_ONLY,9.578306863999842,1327469,9.843034749000253
b2,5to10Traces/0086.trace,5to10Traces,plain,18,2,0,8,1,MIN_EXPANDED_SIZE,,7,929b50c651ec3b1e85ea1b9db831d7236326feb88b6dbd8e7feaa83ad80291f1,3,250,250,atlas-b,1,9982938,0.5144878729997799,,118289,e6e06ef9f72205b5e625e1b214341f590bb88c4026cd5a6a8dcd012106d85ac5,1.504355971,37769,False,TRANSLATED_ONLY,17.085330245000023,3061993,17.600456482000027
b2,5to10Traces/0086.trace,5to10Traces,plain,18,2,0,8,1,MIN_EXPANDED_SIZE,,7,929b50c651ec3b1e85ea1b9db831d7236326feb88b6dbd8e7feaa83ad80291f1,3,250,250,macro,1,8130856,0.3642563249995874,,151631,40a8c681196952cc33c353fed7c9408c20e59198097819c528525313a0f1d2ff,2.839234317,70192,False,TRANSLATED_ONLY,25.248848995000117,3893562,25.613757376000194
b2,moreDetailedTest/0056.trace,moreDetailedTest,plain,3,2,0,3,1,MIN_EXPANDED_SIZE,,3,0c15179014d1264cc17c57ce654ef40ecea6200e6840f5a07e44ce4c86d30d03,2,75,75,atlas-b,1,939389,0.46442058100001304,,30334,7205a878ea494b408139a2d860e69b816adb958a3a412e5c980173bf238ec6d9,0.491285295,7581,False,TRANSLATED_ONLY,2.467128799999955,303458,2.9321599039999455
b2,moreDetailedTest/0056.trace,moreDetailedTest,plain,3,2,0,3,1,MIN_EXPANDED_SIZE,,3,0c15179014d1264cc17c57ce654ef40ecea6200e6840f5a07e44ce4c86d30d03,2,75,75,macro,1,576043,0.21411784000019907,,57405,326ee43389e9d71c01c017576c73525ba72a9090e7a938ff9f4da939b305f7ef,0.744876462,8019,False,TRANSLATED_ONLY,3.268158893999953,294108,3.4828652880000845
b2,5to10Traces/0097.trace,5to10Traces,plain,3,2,0,3,1,MIN_EXPANDED_SIZE,,3,36c74123004bf554286ebf3fbf6e0f9b4505302bf15f0fdee14eef2158b9c364,2,100,4,atlas-b,1,3381590,0.4645122669999182,,31259,9c85700eea0c42c300ad1f801dbe329501e794d0d5feb822a5dd94fb5f0dee9f,0.529633981,15681,False,TRANSLATED_ONLY,5.7213991720000195,985021,6.186470382000152
b2,5to10Traces/0097.trace,5to10Traces,plain,3,2,0,3,1,MIN_EXPANDED_SIZE,,3,36c74123004bf554286ebf3fbf6e0f9b4505302bf15f0fdee14eef2158b9c364,2,100,4,macro,1,995279,0.264150060999782,,88073,ca1a34cdf01e1633cd4e8cc1bfe5b1f9ce9ce6aadfb4d1ab42af78d5510051cb,0.948557505,13245,False,TRANSLATED_ONLY,3.919168534000164,429154,4.1839389290003055
b2,moreDetailedTest/0103.trace,moreDetailedTest,plain,3,2,0,3,1,MIN_EXPANDED_SIZE,,3,c0ec19547d2aac117a0661fe2efbaccd94e9ba457288dfa3976e98ff67283758,2,175,175,atlas-b,1,2188275,0.4643363989998761,,67678,62224cc2b35fff973cea322b92c0d2001147578ceaf504266c4ea85428294eac,0.851149708,17581,False,TRANSLATED_ONLY,5.471399328999723,706638,5.936320400999648
b2,moreDetailedTest/0103.trace,moreDetailedTest,plain,3,2,0,3,1,MIN_EXPANDED_SIZE,,3,c0ec19547d2aac117a0661fe2efbaccd94e9ba457288dfa3976e98ff67283758,2,175,175,macro,1,1113668,0.2641127299998516,,78816,f7cab27611b2b4e1cda5608eb569ee1b3280ca564fb68e7291c2e465c23cc625,1.618170625,15455,False,TRANSLATED_ONLY,5.722104643999955,571230,5.986798866999834
b2,increasingNumVariables/0009.trace,increasingNumVariables,plain,11,2,0,8,1,MIN_EXPANDED_SIZE,,11,d58daa4fbf06f40b12f0a79766289a658995837b04cbbd5ad57386ac6a1aed9b,4,20,20,atlas-b,1,1752463,0.41426187900015066,,13534,8f3ed7219293e2396c27e6074b6210ea744c6eb6cace70c338a47b5721d56891,0.347114563,4557,False,TRANSLATED_ONLY,2.5175881660002233,523116,2.9324479290003183
b2,increasingNumVariables/0009.trace,increasingNumVariables,plain,11,2,0,8,1,MIN_EXPANDED_SIZE,,11,d58daa4fbf06f40b12f0a79766289a658995837b04cbbd5ad57386ac6a1aed9b,4,20,20,macro,1,866226,0.2641441199998553,,43371,44dfc0473bcbbf5700e95d11ac674bb92500bcfff549af8ca5ed4cf1ebf2397c,0.574575424,8560,False,TRANSLATED_ONLY,4.569713536999643,401934,4.834449881999717
b2,increasingNumVariables/0047.trace,increasingNumVariables,plain,135,2,0,8,1,MIN_EXPANDED_SIZE,,5,d83e3e0d444e396bd86ddd61765b6e891130500f803ad83b5af12213228a973a,8,50,50,atlas-b,1,1836796,0.46441379499992763,,48109,89a0f893e661e821d3d8a92d1c9bf6141b9eafa5689135e7d5696ca5da3f69c6,0.656104581,9399,False,TRANSLATED_ONLY,3.719310168999982,556975,4.184319658000277
b2,increasingNumVariables/0047.trace,increasingNumVariables,plain,135,2,0,8,1,MIN_EXPANDED_SIZE,,5,d83e3e0d444e396bd86ddd61765b6e891130500f803ad83b5af12213228a973a,8,50,50,macro,1,1171676,0.41433080800015887,,69958,e6c6d66d13208da0c28c534abc7836bbacb1c89b5b53fa1f0f3a8fe9071fa6af,0.882216073,11328,False,TRANSLATED_ONLY,5.72182573300006,571911,6.136768073999974
b2,5to10Traces/0076.trace,5to10Traces,plain,18,2,0,8,1,MIN_EXPANDED_SIZE,,15,4a481963aaa32652946def7cfc9f5619c28a3cdab2e2e295fa79bcd026e61c82,3,125,125,atlas-b,1,16788157,0.5145546730000206,,60290,5e2ad6610150fd005c9a45de89c7d0c11626e90c13bc001ed9cc856358f05d12,0.777588948,29539,False,TRANSLATED_ONLY,25.296689163999872,4959501,25.811837041000217
b2,5to10Traces/0076.trace,5to10Traces,plain,18,2,0,8,1,MIN_EXPANDED_SIZE,,15,4a481963aaa32652946def7cfc9f5619c28a3cdab2e2e295fa79bcd026e61c82,3,125,125,macro,1,4903827,0.31419798099977925,,101675,a65bd8bfddf3a490ff3dced4d659bc37c9d69d397a8b6176082808797de437d2,1.271780779,41735,False,TRANSLATED_ONLY,15.785758230999818,2297580,16.100583616000222
b2,5to10Traces/0110.trace,5to10Traces,plain,67,2,0,8,1,MIN_EXPANDED_SIZE,,5,e1f66e56770e41f59288cd527b24b9791a8b7cf4ccfdd90634bdb644cdaa5f38,4,4,5,atlas-b,1,137722,0.41431595699987156,,4987,cac09c86bfd595da67d4627922ba3150a16ee87fe7676cfeff767e88786ba84b,0.199606293,845,False,TRANSLATED_ONLY,0.7147441520000939,42743,1.1296297429998958
b2,5to10Traces/0110.trace,5to10Traces,plain,67,2,0,8,1,MIN_EXPANDED_SIZE,,5,e1f66e56770e41f59288cd527b24b9791a8b7cf4ccfdd90634bdb644cdaa5f38,4,4,5,macro,1,117445,0.2641704719999325,,23594,aad8d62eddd16493e4c3d24d8c94bbf0b5f39d86e91d3725089fcd65d14f34dc,0.372035527,1753,False,TRANSLATED_ONLY,1.3155670679998366,56338,1.5803114640002605
b2,moreDetailedTest/0114.trace,moreDetailedTest,plain,10,2,0,8,1,MIN_EXPANDED_SIZE,,7,2ea1d82ac9204ab07a52af003d6040389a832af40666bd4d1e45f5418de3b9b3,3,10,10,atlas-b,1,419180,0.41430096699969,,7109,32ae22935d8c9966db4a43dbe507cbaa295a86085c5d999894208e0dc8534c39,0.268426071,1769,False,TRANSLATED_ONLY,1.1153202209998199,128715,1.5302015610000126
b2,moreDetailedTest/0114.trace,moreDetailedTest,plain,10,2,0,8,1,MIN_EXPANDED_SIZE,,7,2ea1d82ac9204ab07a52af003d6040389a832af40666bd4d1e45f5418de3b9b3,3,10,10,macro,1,385491,0.21409780999965733,,40187,f450933fa634efedb3404694f12c9abe3cce5d4366466bd73765a82a2d004edf,0.479949781,4246,False,TRANSLATED_ONLY,2.267073165999591,178416,2.48174704999974
b2,baseTest/0038.trace,baseTest,plain,10,2,0,8,1,MIN_EXPANDED_SIZE,,5,94cdd623cd55fefdeeb586e239ed93fab3d98e9036dafbf683549d087bd92602,3,143,1357,atlas-b,1,,0.6145698720001747,"Exception in thread ""main"" Type error:
Translation capacity exceeded.
In this scope, universe contains 1548 atoms
and relations of arity 3 cannot be represented.
Visit http://alloy.mit.edu/ for advice on refactoring.
	at edu.mit.csail.sdg.translator.TranslateAlloyToKodkod.rethrow(TranslateAlloyToKodkod.java:411)
	at edu.mit.csail.sdg.translator.TranslateAlloyToKodkod.execute_command(TranslateAlloyToKodkod.java:533)
	at Rq2Translate.main(Rq2Translate.java:47)
",350645,f5308fa950c3a4ed753b7986a48ba30da45134b0eb8558a8f72f07deb17a3f18,,,False,TRANSLATION_ERROR,4.971771091999926,,5.587215774000015
b2,baseTest/0038.trace,baseTest,plain,10,2,0,8,1,MIN_EXPANDED_SIZE,,5,94cdd623cd55fefdeeb586e239ed93fab3d98e9036dafbf683549d087bd92602,3,143,1357,macro,1,16425825,0.5145361820000289,,359643,c9b0d81109ef12402131d3b66dc58d3aa5a1fe6092e122429ed4697c0ea649f3,8.310453881,153095,False,TRANSLATED_ONLY,61.14886853300004,8080590,61.66425297500018
b2,moreDetailedTest/0034.trace,moreDetailedTest,plain,18,2,0,8,1,MIN_EXPANDED_SIZE,,9,7dc879b5257630eb8ebc8aaeaddf7f8e2c0f7717b4a4a784faa78f8d9de094f3,3,200,200,atlas-b,1,11641934,0.464350136000121,,95089,b6ac78ae9e233b92447b631f850978e75c14198b3ece83025acd7dbe108b19dd,1.142443498,34375,False,TRANSLATED_ONLY,19.240990629999942,3524530,19.705905150000035
b2,moreDetailedTest/0034.trace,moreDetailedTest,plain,18,2,0,8,1,MIN_EXPANDED_SIZE,,9,7dc879b5257630eb8ebc8aaeaddf7f8e2c0f7717b4a4a784faa78f8d9de094f3,3,200,200,macro,1,7622430,0.31414942700030224,,135548,5429730e18528ef35910b499032df1a6de23f3573f0b5bb8535c30ddb81c9e16,2.076679385,64874,False,TRANSLATED_ONLY,25.749396437000087,3615950,26.064134356000068
b2,moreDetailedTest/0020.trace,moreDetailedTest,plain,5,2,0,5,1,MIN_EXPANDED_SIZE,,5,8811f52bcf5e3bb583c5630ac2d4623c8fb873c9d16cd7e000703be5ccfc3047,2,200,200,atlas-b,1,4593790,0.46438448999970205,,77014,2053f00926995ddf50aee0a005fabf7a7bd8ee822a4099002b6317c6c5f8bd6c,0.98916629,24147,False,TRANSLATED_ONLY,9.176875392000056,1446249,9.641891467999812
b2,moreDetailedTest/0020.trace,moreDetailedTest,plain,5,2,0,5,1,MIN_EXPANDED_SIZE,,5,8811f52bcf5e3bb583c5630ac2d4623c8fb873c9d16cd7e000703be5ccfc3047,2,200,200,macro,1,2958225,0.26420528200014815,,102236,5e93b53d05eaf3a4a2be1910e6f7d415b4d533fb15cd2bc4b7e338dcadffe279,1.927926583,28980,False,TRANSLATED_ONLY,11.638835249999829,1478461,11.903705058000014
b2,5to10Traces/0136.trace,5to10Traces,plain,3,2,0,3,1,MIN_EXPANDED_SIZE,,3,4862d0411c76482cbd08f868d034567e7f25612117230e55a8f33bc967d0257d,2,50,50,atlas-b,1,627172,0.4644559160001336,,21042,fbddda346df141cf14099a2dde6d586f4db4007cf8396be7cc70766b775658e7,0.449847588,5081,False,TRANSLATED_ONLY,1.7661572450001586,202668,2.2311606029998075
b2,5to10Traces/0136.trace,5to10Traces,plain,3,2,0,3,1,MIN_EXPANDED_SIZE,,3,4862d0411c76482cbd08f868d034567e7f25612117230e55a8f33bc967d0257d,2,50,50,macro,1,390086,0.21409217400014313,,51809,712aaebcabb1fea165eb0c0ab62ebe56e1e5b39fe0fe48a2005357a2811e9320,0.720424556,5510,False,TRANSLATED_ONLY,2.4671932640003433,198650,2.681865531999847
b2,equal/0017.trace,equal,plain,18,2,0,8,1,MIN_EXPANDED_SIZE,,5,415e06b8e00b1e8d4fe33da97c84cc3f295b257fedb8b3b7d229ef248830565b,3,150,150,atlas-b,1,3773997,0.4644471720002912,,71878,5954c1a5dd597194e5a37395953096f6e6c66ab10b80243a963ce78db20d5ec3,0.879647992,19679,False,TRANSLATED_ONLY,7.5744174910000766,1178103,8.03945261700028
b2,equal/0017.trace,equal,plain,18,2,0,8,1,MIN_EXPANDED_SIZE,,5,415e06b8e00b1e8d4fe33da97c84cc3f295b257fedb8b3b7d229ef248830565b,3,150,150,macro,1,3249076,0.31444773599969267,,107960,2bbc9e4e8d4fe0dcccad562a4c02cd774c8daa6f3f7d9e7ade8b6fe7a3746d30,1.436414914,30644,False,TRANSLATED_ONLY,10.7287409810001,1594478,11.043858363999789
b2,moreDetailedTest/0069.trace,moreDetailedTest,plain,18,2,0,8,1,MIN_EXPANDED_SIZE,,15,a9ac77a0666a85534867d5c71ed179f19df02b2cdcbfb8d03371ef159e3795db,3,5,5,atlas-b,1,799237,0.4143350979998104,,4810,4829bb3d7f09f53e38ca345826d9696ba268328384b09d94634e06a7337727de,0.186340436,1939,False,TRANSLATED_ONLY,1.3156390009999086,234621,1.730517331000101
b2,moreDetailedTest/0069.trace,moreDetailedTest,plain,18,2,0,8,1,MIN_EXPANDED_SIZE,,15,a9ac77a0666a85534867d5c71ed179f19df02b2cdcbfb8d03371ef159e3795db,3,5,5,macro,1,257595,0.21404076899989377,,30934,fb278f42726c76e796005dbeb43c6a685dfa95bf61a59a422bb25f82ebb9c9bb,0.515275042,3884,False,TRANSLATED_ONLY,2.316953442999875,116888,2.531537463999939
b2,equal/0019.trace,equal,plain,18,2,0,8,1,MIN_EXPANDED_SIZE,,5,18cc01c619b4357e619182899a50849090d84dce2cd2f99cabcf420d4f23bf10,3,500,500,atlas-b,1,12559346,0.5645848060003118,,234278,604705dc11668ef3e33b79efa77dfe37bda01e7e443cc1c475fb8ab5b5551125,4.48155199,65179,False,TRANSLATED_ONLY,25.901087047000146,3920002,26.466430219999893
b2,equal/0019.trace,equal,plain,18,2,0,8,1,MIN_EXPANDED_SIZE,,5,18cc01c619b4357e619182899a50849090d84dce2cd2f99cabcf420d4f23bf10,3,500,500,macro,1,10803567,0.3642787959997804,,249331,e1402e29998810979e7dd16990eb1a8e18d87c708cebe92636c5bc774102b7d9,5.337284355,99902,False,TRANSLATED_ONLY,37.2137145480001,5299517,37.57873199100004
b2,equal/0034.trace,equal,plain,3,2,0,3,1,MIN_EXPANDED_SIZE,,3,2b22e3672cf346ef8bceba6aa27fbb5bd388ea8ad69c40e7e97d187ea0c7a395,2,50,50,atlas-b,1,627164,0.4644038139999793,,21014,3a82c901859dc1b006eed2674493c56bbb67aadb023215fb9d8b06adc41d3f9c,0.34946227,5081,False,TRANSLATED_ONLY,1.7660691239998414,202658,2.231071330999839
b2,equal/0034.trace,equal,plain,3,2,0,3,1,MIN_EXPANDED_SIZE,,3,2b22e3672cf346ef8bceba6aa27fbb5bd388ea8ad69c40e7e97d187ea0c7a395,2,50,50,macro,1,377942,0.21411269500003982,,49318,309c6464eb40a43a27c5cfbde97c6e1e6c9113d3b056d375edae8c73a44b4d16,0.631771979,5406,False,TRANSLATED_ONLY,2.5675058900001204,193156,2.782205129000431
b2,equal/0018.trace,equal,plain,18,2,0,8,1,MIN_EXPANDED_SIZE,,5,38dbdb0155ed1902ee1ecfcc93fe20dfdb107c03d20deb11e4e6de2a806eb736,3,200,200,atlas-b,1,5029049,0.46432887599985406,,95088,5ca7f51282bb8cc084683709350b92675c359f1dcc7b9ca7b8ad9020327aab5c,1.136172392,26179,False,TRANSLATED_ONLY,8.725960554999801,1569805,9.190861933000178
b2,equal/0018.trace,equal,plain,18,2,0,8,1,MIN_EXPANDED_SIZE,,5,38dbdb0155ed1902ee1ecfcc93fe20dfdb107c03d20deb11e4e6de2a806eb736,3,200,200,macro,1,4287898,0.3141691959999662,,132250,d5b5ad3b4b02c4530ba7b6f7385477d88188de177b8f581003d0d43365bb5afb,1.783608646,40724,False,TRANSLATED_ONLY,14.584751510999922,2118212,14.899505631000011
b2,5to10Traces/0170.trace,5to10Traces,plain,6,2,0,6,1,MIN_EXPANDED_SIZE,,5,e714e7763d0985a9f60e3f51e93026b7c9a055fac5e1fee366ac90f541b78e17,3,200,200,atlas-b,1,5029050,0.5145203720003337,,95088,2c4d36b90956ac631c7426623fac906b08e34e78707b657c9ddff13b55b6be14,1.22046782,26179,False,TRANSLATED_ONLY,8.224964425000053,1569806,8.740129041999808
b2,5to10Traces/0170.trace,5to10Traces,plain,6,2,0,6,1,MIN_EXPANDED_SIZE,,5,e714e7763d0985a9f60e3f51e93026b7c9a055fac5e1fee366ac90f541b78e17,3,200,200,macro,1,4432123,0.3142355610002596,,127778,090c76817af82db7d601dd2a3bc4e2f1f49ae7fe4b8e337b7b2192ac5040e91f,2.021596343,41480,False,TRANSLATED_ONLY,16.236733471000207,2172559,16.551621478000015
b2,baseTest/0023.trace,baseTest,plain,6,2,0,6,1,MIN_EXPANDED_SIZE,,5,c9b19521e3bc05732496d76fe72ff0fc49fa5e4cee3011bbaba6fcc5ad539eae,3,43,11,atlas-b,1,686561,0.41433755800017025,,14962,0aaa31882a8a83647d0f65b45d758fd957fa9478dc634a437de9ae3830f3d217,0.350506545,3689,False,TRANSLATED_ONLY,1.6661524359997202,214524,2.0810088059997724
b2,baseTest/0023.trace,baseTest,plain,6,2,0,6,1,MIN_EXPANDED_SIZE,,5,c9b19521e3bc05732496d76fe72ff0fc49fa5e4cee3011bbaba6fcc5ad539eae,3,43,11,macro,1,622910,0.21406477299979088,,50607,fa567af7cd93d2ba9179fb418f1a94ade5956e6cdcefb856bbe1d8755bce4041,0.552038178,6347,False,TRANSLATED_ONLY,3.2181181959999776,304084,3.4327526619999844
b2,5to10Traces/0165.trace,5to10Traces,plain,6,2,0,6,1,MIN_EXPANDED_SIZE,,5,43f2142433c9b3046e39e2cecba2ab6f12de2f060be5a409edc2d34939e9cbd4,3,125,125,atlas-b,1,13670225,0.5144515209999554,,94103,7b3ed031880b704da94f4459f0409af71ebf54408d136f9b1c388a5c3e4397dc,1.325063994,45179,False,TRANSLATED_ONLY,20.19062867899993,3992256,20.705765364999934
b2,5to10Traces/0165.trace,5to10Traces,plain,6,2,0,6,1,MIN_EXPANDED_SIZE,,5,43f2142433c9b3046e39e2cecba2ab6f12de2f060be5a409edc2d34939e9cbd4,3,125,125,macro,1,6080040,0.3643241820000185,,162197,03f0e3a3ee2e189ad6a3ac2bf346d561cd70249dee144348ed046c6fd3731aa3,2.192165686,52694,False,TRANSLATED_ONLY,15.935846477999803,2595179,16.30084963599984
b2,baseTest/0017.trace,baseTest,plain,18,2,0,8,1,MIN_EXPANDED_SIZE,,5,9318a97d8cbc2695eddcd727e99f571d64603e79a45c38d72462a798bdddc12f,3,132,1368,atlas-b,1,,0.5645128440000917,"Exception in thread ""main"" Type error:
Translation capacity exceeded.
In this scope, universe contains 1548 atoms
and relations of arity 3 cannot be represented.
Visit http://alloy.mit.edu/ for advice on refactoring.
	at edu.mit.csail.sdg.translator.TranslateAlloyToKodkod.rethrow(TranslateAlloyToKodkod.java:411)
	at edu.mit.csail.sdg.translator.TranslateAlloyToKodkod.execute_command(TranslateAlloyToKodkod.java:533)
	at Rq2Translate.main(Rq2Translate.java:47)
",350656,0d98219566aeb5f7a0dfcc701213e2486c2784a7e1f9c81d38c233debbc25497,,,False,TRANSLATION_ERROR,4.920238055000027,,5.485607899000115
b2,baseTest/0017.trace,baseTest,plain,18,2,0,8,1,MIN_EXPANDED_SIZE,,5,9318a97d8cbc2695eddcd727e99f571d64603e79a45c38d72462a798bdddc12f,3,132,1368,macro,1,16547307,0.36429382699998314,,353971,4fff4fbf906ce586d2714611cf3df94063235c3284133d4d1a2a4aadfa7cf767,8.452612692,153116,False,TRANSLATED_ONLY,59.89858184600007,8113417,60.26369405100013
b2,increasingNumVariables/0016.trace,increasingNumVariables,plain,20,2,0,8,1,MIN_EXPANDED_SIZE,,15,b8d2ada4fbe977db8b1b84190b6240d55964bf4b7a3e91a818b44004dff855ef,5,15,15,atlas-b,1,2371418,0.4143095170002198,,12128,a0d2a0f08abe83263bd3323496c2e8ea35c944e504045b94468335cdcb256a2e,0.339442539,4695,False,TRANSLATED_ONLY,2.9180142469999737,694924,3.3328651470001205
b2,increasingNumVariables/0016.trace,increasingNumVariables,plain,20,2,0,8,1,MIN_EXPANDED_SIZE,,15,b8d2ada4fbe977db8b1b84190b6240d55964bf4b7a3e91a818b44004dff855ef,5,15,15,macro,1,680220,0.26412561100005405,,43092,8105503ff9a310b9161ca75599570c75b0840a53565b384fc13ac2a3e63c0b1d,0.545071252,7233,False,TRANSLATED_ONLY,3.9194092019997697,312649,4.18407484599993
b2,5to10Traces/0140.trace,5to10Traces,plain,3,2,0,3,1,MIN_EXPANDED_SIZE,,3,799116c644e6dcce5d5f7359b49af06ac7f6a7597b28ebc0af2447732535679d,2,100,100,atlas-b,1,1251608,0.4644267949997811,,39684,8904ba47594b6b6a91a075675afc21408985cbe1e2a0dd97b7138e41e31b17a5,0.552653803,10081,False,TRANSLATED_ONLY,4.069567616999848,404249,4.534610176999649
b2,5to10Traces/0140.trace,5to10Traces,plain,3,2,0,3,1,MIN_EXPANDED_SIZE,,3,799116c644e6dcce5d5f7359b49af06ac7f6a7597b28ebc0af2447732535679d,2,100,100,macro,1,717266,0.2642809130002206,,64323,041bd7e08d0d002f949c50bc7b23cf4798cd681892ecb504bc51359825fdd506,0.905546381,9995,False,TRANSLATED_ONLY,4.020017873000143,368243,4.2849053099998855
b2,5to10Traces/0130.trace,5to10Traces,plain,67,2,0,8,1,MIN_EXPANDED_SIZE,,7,7eeea4da9600647b4ca3c724512372bbb595ada3823a84b02f170fa928a4c6bf,4,173,250,atlas-b,1,9094264,0.5144708829998308,,119464,1fc2f9178acb157697d994b0e417ef26b2052a2092824b7eeeb4eac03ef96872,1.605019771,34153,False,TRANSLATED_ONLY,12.981940001000112,2773705,13.497054098999797
b2,5to10Traces/0130.trace,5to10Traces,plain,67,2,0,8,1,MIN_EXPANDED_SIZE,,7,7eeea4da9600647b4ca3c724512372bbb595ada3823a84b02f170fa928a4c6bf,4,173,250,macro,1,7115342,0.41429333899986887,,156004,8ecc65ee2bffd81eed55217e5d8a7b4e9564f7668be8caf647cc05128e7a7382,2.161405822,61499,False,TRANSLATED_ONLY,24.548882810000123,3410135,24.963813433999803
b2,weakening/weaken_antecedent/weaken_antecedent_10_75_75.trace,weakening,weakening_b2,10,2,0,8,15,MIN_EXPANDED_SIZE,OfficialWeakeningAntecedent,5,9c86899e809b70b786263b9d3b13475131052f5b1b03d28a1183d7ab10a8996a,3,75,75,atlas-b,1,3408577,0.5146385350003584,,57783,b06d97538d3b13c60b3913138ae6dc53599a866bfcb4f635402095732fda4236,0.806527668,27151,False,TRANSLATED_ONLY,5.270906705000016,989479,5.78612933300019
b2,weakening/weaken_antecedent/weaken_antecedent_10_75_75.trace,weakening,weakening_b2,10,2,0,8,15,MIN_EXPANDED_SIZE,OfficialWeakeningAntecedent,5,9c86899e809b70b786263b9d3b13475131052f5b1b03d28a1183d7ab10a8996a,3,75,75,macro,1,1766943,0.3142265210003643,,120080,5c88108c5a4fc61bf1509c376056090a24ae12b498d6bbb64393a44560d85faa,1.300106286,34815,False,TRANSLATED_ONLY,7.824063966000267,748312,8.138933191999968
b2,weakening/weaken_antecedent/weaken_antecedent_10_10_10.trace,weakening,weakening_b2,10,2,0,8,15,MIN_EXPANDED_SIZE,OfficialWeakeningAntecedent,9,1d16ac8a55469f2c1f084b1a4f1f6ede012b08c6e25b9c2d5bcbc4b81e4301e2,3,10,10,atlas-b,1,656583,0.4644648559997222,,10204,ab16cefad97fa75296eeec5e39bc5212b2c4b777886b1a96a5069d7a18efdc77,0.291813358,4735,False,TRANSLATED_ONLY,1.6163931470000534,196691,2.081429536000087
b2,weakening/weaken_antecedent/weaken_antecedent_10_10_10.trace,weakening,weakening_b2,10,2,0,8,15,MIN_EXPANDED_SIZE,OfficialWeakeningAntecedent,9,1d16ac8a55469f2c1f084b1a4f1f6ede012b08c6e25b9c2d5bcbc4b81e4301e2,3,10,10,macro,1,822494,0.26420406199986246,,90791,15f620d0716c3798d41e4c8ce3bce6c0d62de92ac30bf9215e915163658a5c4e,0.880673857,13179,False,TRANSLATED_ONLY,9.776566428000024,295320,10.041410283999994
b2,weakening/weaken_antecedent/weaken_antecedent_10_35_35.trace,weakening,weakening_b2,10,2,0,8,15,MIN_EXPANDED_SIZE,OfficialWeakeningAntecedent,5,2fbb8c1ea23703d603ed84d6596880d307bc51683c556fd3a8ba35699dddeb63,3,35,35,atlas-b,1,1594577,0.4644496519999848,,28503,1e4b1dd9f727884e9793637b4ec200e774e6cc00aebfe5ca5960e139329d548b,0.524733839,12751,False,TRANSLATED_ONLY,2.717554459999974,463567,3.182644846999665
b2,weakening/weaken_antecedent/weaken_antecedent_10_35_35.trace,weakening,weakening_b2,10,2,0,8,15,MIN_EXPANDED_SIZE,OfficialWeakeningAntecedent,5,2fbb8c1ea23703d603ed84d6596880d307bc51683c556fd3a8ba35699dddeb63,3,35,35,macro,1,999736,0.3141859090001162,,101812,e680a6aaf3c1476c5eee17542701c6ed13eb927913a56c35c432dde726b5e56c,1.051882504,19695,False,TRANSLATED_ONLY,7.62441283499993,408695,7.939278550999916
b2,5to10Traces/0124.trace,5to10Traces,plain,67,2,0,8,1,MIN_EXPANDED_SIZE,,11,55ab5b41efbf8296ff4d2cbe513f62334719832cba180ff0c7ad5be330854371,4,104,175,atlas-b,1,11839374,0.4643797099997755,,79577,1db2b6d8e378a11fb3cd047e71e019ef3ef69008d3e7cbd9e254272226073fff,1.055614464,28457,False,TRANSLATED_ONLY,18.239144769000177,3535950,18.704096631000084
b2,5to10Traces/0124.trace,5to10Traces,plain,67,2,0,8,1,MIN_EXPANDED_SIZE,,11,55ab5b41efbf8296ff4d2cbe513f62334719832cba180ff0c7ad5be330854371,4,104,175,macro,1,5568838,0.36425391499960824,,118070,a131ca2ef98e1027398e022903b06db0112b5bb9df16a99bfb3f51252044fa24,1.504253369,47170,False,TRANSLATED_ONLY,17.638893367000037,2620138,18.003733685000043
b2,5to10Traces/0013.trace,5to10Traces,plain,5,2,0,5,1,MIN_EXPANDED_SIZE,,5,0a8539b9676e0142c7a3d8adc1f088dd222e222568f6c4c0e638bd9d2d1c0025,2,4,150,atlas-b,1,7819466,0.46447168299982877,,45109,78a1c22e7ec636d04092225a86271f2b2bc768f24a52610d9e7eb6a74c4cf339,0.62981941,26327,False,TRANSLATED_ONLY,11.429318920999776,2288427,11.894405386999551
b2,5to10Traces/0013.trace,5to10Traces,plain,5,2,0,5,1,MIN_EXPANDED_SIZE,,5,0a8539b9676e0142c7a3d8adc1f088dd222e222568f6c4c0e638bd9d2d1c0025,2,4,150,macro,1,3601990,0.31420204300002297,,150385,97c26544adab02fe9489a72aab8cbf779c6144170732e882a13b02ca17489481,1.483045146,32025,False,TRANSLATED_ONLY,10.877556771999934,1546986,11.192405081000288
b3,weakening/weaken_consequent/weaken_consequent_10_90_90.trace,weakening,weakening_b3,18,3,0,11,15,MIN_EXPANDED_SIZE,OfficialWeakeningConsequent,15,b54e8d4aceb6c9279c42c8d005db04296075ab90203596024b08cb32fc2724ee,3,90,90,atlas-b,1,8784383,0.514445589999923,,68843,4dac9b4a9f6880c19d3ba26d50f825d14546a8f9f10f301eaa69432d4fdf8a08,0.96867485,51126,False,TRANSLATED_ONLY,13.78335144499988,2571994,14.298412309000014
b3,weakening/weaken_consequent/weaken_consequent_10_90_90.trace,weakening,weakening_b3,18,3,0,11,15,MIN_EXPANDED_SIZE,OfficialWeakeningConsequent,15,b54e8d4aceb6c9279c42c8d005db04296075ab90203596024b08cb32fc2724ee,3,90,90,macro,1,6225128,0.3141865659999894,,130090,6db0402700cd1128ed8efeec6f34afdb9dcd5b773d6937ba43cd23885edb8d4c,2.199309498,89652,False,TRANSLATED_ONLY,21.74349668700006,2386761,22.05840991900004
b2,equal/0040.trace,equal,plain,10,2,0,8,1,MIN_EXPANDED_SIZE,,5,87a399fb051ea4bdb2cf7ff71b23af3577838a2c90898c341fa665bca6a8ba38,3,500,500,atlas-b,1,12559347,0.5645486999997047,,234288,7154b947758e50f52cc8aaf07ac596c31e253f54f90fd70192a45578b758da8b,3.394050051,65179,False,TRANSLATED_ONLY,25.097480421,3920001,25.662735726999927
b2,equal/0040.trace,equal,plain,10,2,0,8,1,MIN_EXPANDED_SIZE,,5,87a399fb051ea4bdb2cf7ff71b23af3577838a2c90898c341fa665bca6a8ba38,3,500,500,macro,1,10759226,0.3642730340002345,,254440,62eceffb84b7114d579e883ae37d5256f15625612db151822b019c40f77e7de0,4.215622708,100196,False,TRANSLATED_ONLY,37.36786420699991,5290598,37.73287822900011
b2,moreDetailedTest/0110.trace,moreDetailedTest,plain,3,2,0,3,1,MIN_EXPANDED_SIZE,,3,445da712e30b1b086a9e0e8f61293d61f4bda1d1077561e5a1b055e0af4c57ba,2,50,50,atlas-b,1,627173,0.4644220509999286,,21084,bd0513c05460706aa1c024c658212cd08ee3128ab7f69da326dead9fdbd32fe3,0.429949193,5081,False,TRANSLATED_ONLY,1.8162554759996965,202669,2.281226940000124
b2,moreDetailedTest/0110.trace,moreDetailedTest,plain,3,2,0,3,1,MIN_EXPANDED_SIZE,,3,445da712e30b1b086a9e0e8f61293d61f4bda1d1077561e5a1b055e0af4c57ba,2,50,50,macro,1,391341,0.2142982660002417,,51862,ad09fdcd52a539f3db0dc6cf57118eaac4c210b7376e1e111ffb105fe2ad41eb,0.562720679,5549,False,TRANSLATED_ONLY,2.5170668339997064,201033,2.731979014999979
b2,equal/0005.trace,equal,plain,10,2,0,8,1,MIN_EXPANDED_SIZE,,5,86453d0b027578128918dd8e6850374eed8381f32b6ec05b52993568e47b4517,3,500,500,atlas-b,1,12559350,0.6146917949999988,,234288,4888918d9309e3f1a6d9b3e466ba8d460928a207697c51f79309c66459f816c4,3.161466937,65179,False,TRANSLATED_ONLY,26.698169424000298,3920006,27.313642697000432
b2,equal/0005.trace,equal,plain,10,2,0,8,1,MIN_EXPANDED_SIZE,,5,86453d0b027578128918dd8e6850374eed8381f32b6ec05b52993568e47b4517,3,500,500,macro,1,10952102,0.36429341199982446,,252527,f63da2503c7f1eff8f944ad635f64516af5572b41a8bf9915fad47fea972414f,4.577863826,102065,False,TRANSLATED_ONLY,37.71431871599998,5382961,38.07938672699993
b2,5to10Traces/0137.trace,5to10Traces,plain,3,2,0,3,1,MIN_EXPANDED_SIZE,,3,06a4f0323c3063b2759ca99fa5e10bf8f6fc5fff6b9cf7ec7fcd745abafd1f3a,2,2,50,atlas-b,1,1692208,0.46446848300001875,,16909,331cc9a01b60c6e349d5377068260a7331eaa835f2c56d840417a7a82f8a81e2,0.384592899,7881,False,TRANSLATED_ONLY,2.668004392000057,493049,3.1330583069998283
b2,5to10Traces/0137.trace,5to10Traces,plain,3,2,0,3,1,MIN_EXPANDED_SIZE,,3,06a4f0323c3063b2759ca99fa5e10bf8f6fc5fff6b9cf7ec7fcd745abafd1f3a,2,2,50,macro,1,495973,0.26416855900015435,,63609,4054288155d1b3cb953ac1d467f7c23f7d03ac7bb3d69ebcc2b45df24bf862ea,0.68698182,6758,False,TRANSLATED_ONLY,2.317100690999723,214382,2.581848753000031
b2,5to10Traces/0071.trace,5to10Traces,plain,18,2,0,8,1,MIN_EXPANDED_SIZE,,5,46b83e7e6b53a7da44fc411f1088825e0272c13e8143b4c9eeeb2ef3d110cb26,3,50,8,atlas-b,1,3178268,0.46434760500005723,,23783,60eeb799854c0564f9fe91175059b894527d24c7604e456b8f05d0c9ed869bea,0.458646114,10619,False,TRANSLATED_ONLY,4.419888237000123,928512,4.884769444000085
b2,5to10Traces/0071.trace,5to10Traces,plain,18,2,0,8,1,MIN_EXPANDED_SIZE,,5,46b83e7e6b53a7da44fc411f1088825e0272c13e8143b4c9eeeb2ef3d110cb26,3,50,8,macro,1,1350582,0.3141972770004031,,97242,e8f297940e7d73bb23427631009b720fb10fdb03ac9272d9d47c1487d5c4432e,0.829137541,12647,False,TRANSLATED_ONLY,5.871955324999817,580349,6.186729835000278
b2,increasingNumVariables/0046.trace,increasingNumVariables,plain,135,2,0,8,1,MIN_EXPANDED_SIZE,,11,8fef935035582b3dde4e6bb202410be827fe5d53228fb24cd3d34a3e55070a04,8,45,45,atlas-b,1,4804463,0.46440409999968324,,43550,f8cba877821062f65ac2e3a978bcb6c99df6462788d896f8c14d6e78f4b923e4,0.602103107,11637,False,TRANSLATED_ONLY,7.77364623099993,1416846,8.238627234999967
b2,increasingNumVariables/0046.trace,increasingNumVariables,plain,135,2,0,8,1,MIN_EXPANDED_SIZE,,11,8fef935035582b3dde4e6bb202410be827fe5d53228fb24cd3d34a3e55070a04,8,45,45,macro,1,1906761,0.3642506559999674,,66321,a0e214f3621bfc3ca10ce657f207fcc9a9a3649667e1ebeab71e253d2b33d59a,0.785304599,16875,False,TRANSLATED_ONLY,7.3236881099996936,891641,7.688490258000002
b2,5to10Traces/0082.trace,5to10Traces,plain,18,2,0,8,1,MIN_EXPANDED_SIZE,,5,4cd2b5c3744207c1bb88b4c6530198d66a9b5f692ade912133a82a8b55436b94,3,200,200,atlas-b,1,5029048,0.5145178020002277,,95088,266c5eec398f545827c1c009add173464794d81a6e2e410fcd154b183d16dba2,1.106245576,26179,False,TRANSLATED_ONLY,8.726203451999936,1569803,9.241382538999915
b2,5to10Traces/0082.trace,5to10Traces,plain,18,2,0,8,1,MIN_EXPANDED_SIZE,,5,4cd2b5c3744207c1bb88b4c6530198d66a9b5f692ade912133a82a8b55436b94,3,200,200,macro,1,4369931,0.314177675999872,,131021,887ca2915d01c4a5ffae1e405c8783826e6d76c55861d81697e93405e5075a72,2.349297101,40850,False,TRANSLATED_ONLY,16.086491381000087,2141099,16.40137403200015
b2,moreDetailedTest/0065.trace,moreDetailedTest,plain,18,2,0,8,1,MIN_EXPANDED_SIZE,,15,49de086b4b2deb5277c139bb937dd02cb7da0ec67d8e0413ed0599c3758ee5e4,3,350,350,atlas-b,1,,0.514479351999853,,164690,222f9b78631fb35f0d642e49699e984ac59034317a6f973ac1393fe7e9800309,,,False,TRANSLATION_TIMEOUT,180.28291678799997,,180.798058416
b2,moreDetailedTest/0065.trace,moreDetailedTest,plain,18,2,0,8,1,MIN_EXPANDED_SIZE,,15,49de086b4b2deb5277c139bb937dd02cb7da0ec67d8e0413ed0599c3758ee5e4,3,350,350,macro,1,13455157,0.36431576499990115,,197243,d92077ad29b3134e41cb757f758be7a08de738bb1ef3276c2dff5a84b8141229,5.213477175,111992,False,TRANSLATED_ONLY,45.633905826000046,6334958,45.9988919970001
b2,increasingNumVariables/0000.trace,increasingNumVariables,plain,10,2,0,8,1,MIN_EXPANDED_SIZE,,5,2a830f2df3356171c4f0fbb2ee06b60cc05a085713ab083d9c190429af24221d,3,15,15,atlas-b,1,385365,0.41434316100003343,,9418,a5a127e87d823c1c13d65822d85f76cdbd490fbf688ca74b6b4c441d521bd7f9,0.243581144,2129,False,TRANSLATED_ONLY,1.1153257839996513,120516,1.5302436480001234
b2,increasingNumVariables/0000.trace,increasingNumVariables,plain,10,2,0,8,1,MIN_EXPANDED_SIZE,,5,2a830f2df3356171c4f0fbb2ee06b60cc05a085713ab083d9c190429af24221d,3,15,15,macro,1,348341,0.26419011200005116,,42316,655deb4d00d7a8b9ba32488c66e1bd3f9b88775417aa2a4d4e1729e6ca06b744,0.552604704,3806,False,TRANSLATED_ONLY,2.21692110999993,168973,2.481721046000075
b3,weakening/weaken_consequent/weaken_consequent_90_10_10.trace,weakening,weakening_b3,18,3,0,11,15,MIN_EXPANDED_SIZE,OfficialWeakeningConsequent,7,65b09948e3207b84c13eb53712052464e9bf28e5593098ccbeb8c87af0b12ea2,3,10,10,atlas-b,1,,0.5144396699997742,,59581,1c58b65ec410e607bbad3b435bfbc60871663ae3d5d91560f4fd6959e1fb19f6,,,False,TRANSLATION_TIMEOUT,180.29240489699987,,180.80740969999988
b3,weakening/weaken_consequent/weaken_consequent_90_10_10.trace,weakening,weakening_b3,18,3,0,11,15,MIN_EXPANDED_SIZE,OfficialWeakeningConsequent,7,65b09948e3207b84c13eb53712052464e9bf28e5593098ccbeb8c87af0b12ea2,3,10,10,macro,1,3182907,0.564511973000208,,110425,890b92b2fcac578382b2d59f90393d7e947b43b8204eb88affd92c0ce10ab992,1.135372946,58540,False,TRANSLATED_ONLY,12.1307299529999,1202080,12.6959634130003
b2,baseTest/0008.trace,baseTest,plain,5,2,0,5,1,MIN_EXPANDED_SIZE,,5,ec69e9f99c51c86e5de82428f8153433abde0918392eb32df689b20e2533b30e,2,34,966,atlas-b,1,11475372,0.5646632960001625,,189302,49240437fd7a40db5732a78eca7457648b4cf47b18a9af0105a85bc057c7c0eb,3.13103048,60147,False,TRANSLATED_ONLY,22.6035916740002,3612267,23.169005307000134
b2,baseTest/0008.trace,baseTest,plain,5,2,0,5,1,MIN_EXPANDED_SIZE,,5,ec69e9f99c51c86e5de82428f8153433abde0918392eb32df689b20e2533b30e,2,34,966,macro,1,9029931,0.3141988359998322,,195258,1f6d981fee37272b9290cd7f0907b88f275e9fdc07eac1a84aeeac29a8701807,3.764375599,85911,False,TRANSLATED_ONLY,30.108809904999816,4482152,30.42376078799998
b2,baseTest/0034.trace,baseTest,plain,3,2,0,3,1,MIN_EXPANDED_SIZE,,3,d761999ab52cdf91d792c391c3260cb916db123c409b13bdd15b22f0c7536dda,2,17,483,atlas-b,1,3125204,0.5145135239999945,,95867,8fc5a88af64dd294abefe8f3439c79bd43d28342c173a9d979e003d776ff43a1,1.225810713,25081,False,TRANSLATED_ONLY,8.125087756000084,1009067,8.640223453999624
b2,baseTest/0034.trace,baseTest,plain,3,2,0,3,1,MIN_EXPANDED_SIZE,,3,d761999ab52cdf91d792c391c3260cb916db123c409b13bdd15b22f0c7536dda,2,17,483,macro,1,2114499,0.2642740840001352,,111911,6a0bee1eafaefc3f8fa536d73321789c44568c131886f224c7e2c1c7d3b0d357,1.670048843,28780,False,TRANSLATED_ONLY,7.374539640999956,1075736,7.639421219000269
b2,disjunctedExistence/0042.trace,disjunctedExistence,plain,11,2,0,8,1,MIN_EXPANDED_SIZE,,5,9ee4956bd881e7a72108246ac4fc1142fe4988a926d88d267b8cea0f358f6732,4,400,2,atlas-b,1,5495095,0.5144944629996644,,113752,4cd46fe28d051fabb1cf56dd87ce73e15a68545633ec488fa455945516975a10,1.569611434,28355,False,TRANSLATED_ONLY,8.425041864999912,1702775,8.940144262000103
b2,disjunctedExistence/0042.trace,disjunctedExistence,plain,11,2,0,8,1,MIN_EXPANDED_SIZE,,5,9ee4956bd881e7a72108246ac4fc1142fe4988a926d88d267b8cea0f358f6732,4,400,2,macro,1,4602301,0.314161446000071,,139412,be9c33f3feda3d2a9d2d8890eeb6ec39132c265efa5921ab7b0386a6175d5c81,2.147320248,42535,False,TRANSLATED_ONLY,17.638261213000078,2245238,17.95305904399993
b2,5to10Traces/0180.trace,5to10Traces,plain,10,2,0,8,1,MIN_EXPANDED_SIZE,,9,f488a5779e94138197c49413e19aa6c9098792854143982992b07496bc724119,3,50,50,atlas-b,1,2936386,0.464481866999904,,25589,a49d2467e95f28de3394d9b7e836090b3d7efbe79982ad9ccccfa54e9f3ebaa1,0.463955815,8875,False,TRANSLATED_ONLY,3.918993309999678,889032,4.384060009999757
b2,5to10Traces/0180.trace,5to10Traces,plain,10,2,0,8,1,MIN_EXPANDED_SIZE,,9,f488a5779e94138197c49413e19aa6c9098792854143982992b07496bc724119,3,50,50,macro,1,1961635,0.264148099999602,,73846,95c8fda401e2214c351c8c0e7d0a4582d47caa5f6f1681ac1701d49015f7c618,0.820441326,17585,False,TRANSLATED_ONLY,7.87441903600029,922747,8.13918171000023
b2,moreDetailedTest/0022.trace,moreDetailedTest,plain,5,2,0,5,1,MIN_EXPANDED_SIZE,,5,d696a953169a9278cf363bf8840909b35df55421a08b41e5fb1c55161d6a136a,2,300,300,atlas-b,1,6887461,0.46439648599971406,,114394,31b291ce919ac01fdcc718b5ce38ed79b36fd448931776fc464b30c1b33c03df,1.392342528,36147,False,TRANSLATED_ONLY,11.030966519999765,2168215,11.495967899999869
b2,moreDetailedTest/0022.trace,moreDetailedTest,plain,5,2,0,5,1,MIN_EXPANDED_SIZE,,5,d696a953169a9278cf363bf8840909b35df55421a08b41e5fb1c55161d6a136a,2,300,300,macro,1,4058610,0.31416118700008155,,118741,1ae7cf2ae28d771616b57621517ddda05cbb58ac89d6703325ee9e2b69d04a50,1.652886336,39249,False,TRANSLATED_ONLY,13.734995633999915,2021407,14.049751353999909
b3,weakening/weaken_consequent/weaken_consequent_10_65_65.trace,weakening,weakening_b3,18,3,0,11,15,MIN_EXPANDED_SIZE,OfficialWeakeningConsequent,15,4d96ec9dc3acce7d8f85ca0c3686ed222e2362b73020e3e8a8752aab50ba1772,3,65,65,atlas-b,1,6381133,0.5145080719998987,,50543,18bb4c3d332a2c1e27da9ce337f76b19291b433a2175b3014b7bebeda186fcfb,0.685922424,37126,False,TRANSLATED_ONLY,9.232919841000239,1870794,9.748058738000054
b3,weakening/weaken_consequent/weaken_consequent_10_65_65.trace,weakening,weakening_b3,18,3,0,11,15,MIN_EXPANDED_SIZE,OfficialWeakeningConsequent,15,4d96ec9dc3acce7d8f85ca0c3686ed222e2362b73020e3e8a8752aab50ba1772,3,65,65,macro,1,4678573,0.3142427719999432,,117480,7e05d54a12ca1114ec3f676b453a209b73f6ee3473a9ea177ec621c4a4ff7163,1.556259831,67152,False,TRANSLATED_ONLY,19.690771525999935,1781006,20.005668983000305
b2,moreDetailedTest/0032.trace,moreDetailedTest,plain,18,2,0,8,1,MIN_EXPANDED_SIZE,,5,19826b912c346d9be8589f7d2cc8a23c8d64aea7b33142f9073a2f47fa9a2a4b,3,150,150,atlas-b,1,3773999,0.46440548000009585,,71888,8aca0349081fc9a33813baa9a7e8fefeeb96ab09c1a8db791a9bec68b1ffec8f,0.892736503,19679,False,TRANSLATED_ONLY,6.922894873000132,1178105,7.387915376999899
b2,moreDetailedTest/0032.trace,moreDetailedTest,plain,18,2,0,8,1,MIN_EXPANDED_SIZE,,5,19826b912c346d9be8589f7d2cc8a23c8d64aea7b33142f9073a2f47fa9a2a4b,3,150,150,macro,1,3278930,0.3141969429998426,,107115,522fba6d9d4a52d0966b753d5cd91015045dcfc41ebe070e922799ff649a6427,2.267877205,31001,False,TRANSLATED_ONLY,11.780134329000248,1610027,12.094945216999804
b2,moreDetailedTest/0085.trace,moreDetailedTest,plain,6,2,0,6,1,MIN_EXPANDED_SIZE,,5,eaca5cc7c4d2367554b6877c124c9cce8f7af944d720d88f9783c9c8dc046f03,3,100,100,atlas-b,1,2518950,0.4644384749999517,,48688,635692ecca5594b425e3c91aa142e648043a9949e9c5f822426764007df67852,0.64000506,13179,False,TRANSLATED_ONLY,4.57030456099983,786406,5.03537598999992
b2,moreDetailedTest/0085.trace,moreDetailedTest,plain,6,2,0,6,1,MIN_EXPANDED_SIZE,,5,eaca5cc7c4d2367554b6877c124c9cce8f7af944d720d88f9783c9c8dc046f03,3,100,100,macro,1,2208598,0.2641724499999327,,88319,83904377b03c1451ab9faac676cc3fba610a732cb52a286afdbe1883f5f5f9a7,0.990073164,21089,False,TRANSLATED_ONLY,9.528139660999841,1085319,9.792892983999991
b3,weakening/weaken_consequent/weaken_consequent_10_30_30.trace,weakening,weakening_b3,18,3,0,11,15,MIN_EXPANDED_SIZE,OfficialWeakeningConsequent,5,4808b046eeb02bb1b7fd9be54e86b347206e24bf97e54133397b7226629fce6f,3,30,30,atlas-b,1,1324937,0.464391195999724,,24921,f8e91d9bb44073728577e42f638c542ed8f9a0d305d5fd1b58b8e55d78c7cfb0,0.486362404,10946,False,TRANSLATED_ONLY,2.3672485769998275,381965,2.832166574999974
b3,weakening/weaken_consequent/weaken_consequent_10_30_30.trace,weakening,weakening_b3,18,3,0,11,15,MIN_EXPANDED_SIZE,OfficialWeakeningConsequent,5,4808b046eeb02bb1b7fd9be54e86b347206e24bf97e54133397b7226629fce6f,3,30,30,macro,1,913514,0.3141795760002424,,97381,68def182adf95381d909fb8c0281d06b3a95c3e4af914b95b39d571550ddfcf0,0.953397471,17994,False,TRANSLATED_ONLY,6.623216367000168,370334,6.9379796869998245
b2,baseTest/0037.trace,baseTest,plain,10,2,0,8,1,MIN_EXPANDED_SIZE,,9,9301814cf200bba9d564cb24bc8469de48c0569a670583499ce8aa45ad6484e5,3,5,95,atlas-b,1,2936431,0.46439865599995755,,25594,770181625714e5142c2d3aa47194e577e8cb757ceb7f725f2978a97d5a53b3cc,0.51004336,8875,False,TRANSLATED_ONLY,5.221558703000028,889032,5.6864985420002085
b2,baseTest/0037.trace,baseTest,plain,10,2,0,8,1,MIN_EXPANDED_SIZE,,9,9301814cf200bba9d564cb24bc8469de48c0569a670583499ce8aa45ad6484e5,3,5,95,macro,1,1991209,0.26410126000018863,,67886,a62425c459418e8277ff74bfe6562c0644e1c75508e55cc6c05461aced010e90,0.688263597,17717,False,TRANSLATED_ONLY,8.727094700999714,936257,8.991746224000053
b2,5to10Traces/0000.trace,5to10Traces,plain,5,2,0,5,1,MIN_EXPANDED_SIZE,,5,77fb428a069a6f5b21aeed975b428548a2642a5226f0e4c2e2ac284777a8614b,2,5,5,atlas-b,1,121118,0.41434460800019224,,4354,36b3a991721435ede8921641af50e19b54d75775ede883f2ae9ba026e63bd70d,0.189904258,747,False,TRANSLATED_ONLY,0.76490857600038,38395,1.1798133070001313
b2,5to10Traces/0000.trace,5to10Traces,plain,5,2,0,5,1,MIN_EXPANDED_SIZE,,5,77fb428a069a6f5b21aeed975b428548a2642a5226f0e4c2e2ac284777a8614b,2,5,5,macro,1,100564,0.21406042899980093,,36637,7f45fefc35f4e1fb7ebfc0212c0b9586d8acb354447219f88a40cc0e929185b4,0.470897351,1602,False,TRANSLATED_ONLY,1.3156550009998682,49172,1.5302912930001185
b2,increasingNumVariables/0053.trace,increasingNumVariables,plain,264,2,0,8,1,MIN_EXPANDED_SIZE,,11,d70cff45984c889f671bc720917824f84e7363cb11be2e73086593ea4d075b6c,9,40,40,atlas-b,1,4501264,0.4644004749998203,,42594,0f40597f434069475b0844e6521de04f5f953fe2bfc4ce0cf2ae477d82b50a9f,0.570858835,10917,False,TRANSLATED_ONLY,5.02149627100016,1323778,5.486424887999874
b2,increasingNumVariables/0053.trace,increasingNumVariables,plain,264,2,0,8,1,MIN_EXPANDED_SIZE,,11,d70cff45984c889f671bc720917824f84e7363cb11be2e73086593ea4d075b6c,9,40,40,macro,1,1661651,0.4143355999999585,,65975,f96f1eace629ade53357406337d5dc47efc70e61fcde4522fa446014c8dba36a,0.682367821,15233,False,TRANSLATED_ONLY,6.373738633000357,783935,6.788607505000073
b2,5to10Traces/0163.trace,5to10Traces,plain,6,2,0,6,1,MIN_EXPANDED_SIZE,,5,698048cb05237bb76881248a194dfd4222f786aff27053424c01cd4df973fcb3,3,100,100,atlas-b,1,10937950,0.46444891200007987,,75753,b7dd23f79b55dbcff93bf9d67d523c15525c1f58c64f1a24163600a779c645ce,1.00723741,36179,False,TRANSLATED_ONLY,15.383932778999679,3194406,15.84901638600013
b2,5to10Traces/0163.trace,5to10Traces,plain,6,2,0,6,1,MIN_EXPANDED_SIZE,,5,698048cb05237bb76881248a194dfd4222f786aff27053424c01cd4df973fcb3,3,100,100,macro,1,4722161,0.3141884710003069,,149580,fb2b2bc0673af5069f023fd3c92fe07566275ea546195d7389f4a572ff06122c,1.554310796,42215,False,TRANSLATED_ONLY,11.929421253999863,2021855,12.244257438999739
b2,5to10Traces/0004.trace,5to10Traces,plain,5,2,0,5,1,MIN_EXPANDED_SIZE,,5,05629bb4f6035f93350157aa5f7d9a45ae7afd501c1d9cfe01c1c67a1b471a14,2,50,50,atlas-b,1,1153269,0.4643940460000522,,21064,6f386fce860d85d94ed5bf2cd48a47184e994ca5427e974ae97a25cbc7763b04,0.443010992,6147,False,TRANSLATED_ONLY,2.5172440210003515,363281,2.982200710000143
b2,5to10Traces/0004.trace,5to10Traces,plain,5,2,0,5,1,MIN_EXPANDED_SIZE,,5,05629bb4f6035f93350157aa5f7d9a45ae7afd501c1d9cfe01c1c67a1b471a14,2,50,50,macro,1,878086,0.21405671400043502,,70254,9b6c976aee4bc4d9d1aad582846333a8107fa44d57650ad54583212fdf100a9f,0.685788799,9030,False,TRANSLATED_ONLY,5.020356355999866,437799,5.2349673130001975
b2,moreDetailedTest/0058.trace,moreDetailedTest,plain,18,2,0,8,1,MIN_EXPANDED_SIZE,,5,9b4d02810035bae80c5a0ea6d053c0211b3345dfb507f87879b5353bf9810e20,3,10,10,atlas-b,1,259860,0.41433884799971565,,7108,85c31d6713fb154ad7d98080b32fe0c978a358a2109cedd48be5482726c3463d,0.237809762,1479,False,TRANSLATED_ONLY,1.01563863399997,81346,1.4305742559999999
b2,moreDetailedTest/0058.trace,moreDetailedTest,plain,18,2,0,8,1,MIN_EXPANDED_SIZE,,5,9b4d02810035bae80c5a0ea6d053c0211b3345dfb507f87879b5353bf9810e20,3,10,10,macro,1,244506,0.26446164700018926,,32836,189481dfad3f1ebe0322d7d57a4fc6c94863e5c4b5490c7f88146781d63af22c,0.438763122,2861,False,TRANSLATED_ONLY,1.916856374999952,117695,2.181935507000162
b2,5to10Traces/0164.trace,5to10Traces,plain,6,2,0,6,1,MIN_EXPANDED_SIZE,,5,6df83574ea926131b131832dcccba0c5588a338ea681d59b1706dc1a127a37d4,3,125,125,atlas-b,1,3146475,0.46439356600012616,,60288,0f33340df729aa74c89bf111dc0722f265145cb23bfca27580bffd0ad737a7a0,0.765308956,16429,False,TRANSLATED_ONLY,4.970477763999952,982256,5.4354672029999165
b2,5to10Traces/0164.trace,5to10Traces,plain,6,2,0,6,1,MIN_EXPANDED_SIZE,,5,6df83574ea926131b131832dcccba0c5588a338ea681d59b1706dc1a127a37d4,3,125,125,macro,1,2792551,0.26409542000010333,,97881,89a550ef056d46bdeb275bb5c9ddcc168b008012ab6844039d46ff709037e954,1.440944781,26507,False,TRANSLATED_ONLY,9.276280985000085,1370543,9.540959328000099
b2,moreDetailedTest/0098.trace,moreDetailedTest,plain,6,2,0,6,1,MIN_EXPANDED_SIZE,,5,7a2f039f0a4fc70b214bebf4450a248f6f82dd8a098ff30196040b8140d2dc5f,3,75,75,atlas-b,1,1891425,0.4643649950003237,,37138,de7bdb897bae7311bba945c01891dd31c6bd27674358a987d9e04655569d10f8,0.52259638,9929,False,TRANSLATED_ONLY,3.36871292800015,590556,3.8336126849999346
b2,moreDetailedTest/0098.trace,moreDetailedTest,plain,6,2,0,6,1,MIN_EXPANDED_SIZE,,5,7a2f039f0a4fc70b214bebf4450a248f6f82dd8a098ff30196040b8140d2dc5f,3,75,75,macro,1,1654455,0.2640872900001341,,75789,5ad3f84b595bf2dbb3a7d1b5a01d5a152a0188c7324012dbd5afa868f6a73604,0.854312012,16196,False,TRANSLATED_ONLY,6.873788744000194,815974,7.138437146999877
b2,5to10Traces/0006.trace,5to10Traces,plain,5,2,0,5,1,MIN_EXPANDED_SIZE,,5,7d3075244c5bbbe213fc317b55abec9af8071310f9d4db6cd3ae780bfd8366dd,2,75,75,atlas-b,1,1726695,0.46436651900012293,,30364,ad7cf3cc442e901d3e11321ee3b8f074889103d2ad0dc41884fbc5e68a4f4ad8,0.462008884,9147,False,TRANSLATED_ONLY,3.919136066000192,543780,4.384096549000333
b2,5to10Traces/0006.trace,5to10Traces,plain,5,2,0,5,1,MIN_EXPANDED_SIZE,,5,7d3075244c5bbbe213fc317b55abec9af8071310f9d4db6cd3ae780bfd8366dd,2,75,75,macro,1,1258272,0.21405261900008554,,76289,30b630961014aa395c322abd0ae8ab69005baa870c01eb57b130dcd5eed6604a,0.820990028,12768,False,TRANSLATED_ONLY,6.322185477999938,631974,6.536829300000136
b2,5to10Traces/0012.trace,5to10Traces,plain,5,2,0,5,1,MIN_EXPANDED_SIZE,,5,b0ba16143354c8bf8a49bc68a909bda16cdb8008d6a8f5dc909add5fee906128,2,150,150,atlas-b,1,3446954,0.46445276799977364,,58304,691a97147742f2c89e972d03ddab9f1b1ad09f812f4970335d8987f33b011e4e,0.692218858,18147,False,TRANSLATED_ONLY,7.024641457000143,1085261,7.489648087000205
b2,5to10Traces/0012.trace,5to10Traces,plain,5,2,0,5,1,MIN_EXPANDED_SIZE,,5,b0ba16143354c8bf8a49bc68a909bda16cdb8008d6a8f5dc909add5fee906128,2,150,150,macro,1,2246902,0.2641298509997796,,92010,5334ab884cac8bbd00112eb68fe94da2e099e9abcfccc540444b66507e9d95a4,1.062926341,22365,False,TRANSLATED_ONLY,7.976043200000277,1127689,8.240748154999892
b2,disjunctedExistence/0006.trace,disjunctedExistence,plain,36,2,0,8,1,MIN_EXPANDED_SIZE,,11,0e0f0f8358471184615f2f0433167538d8968d843bc7bcd9a977a2151225d8a2,5,150,23,atlas-b,1,7788392,0.464456711999901,,58081,d20852f473ee6a5ebdc11ef16e3b8ee8cecc66818da683cdfb3113f9699650a0,0.73508881,18786,False,TRANSLATED_ONLY,10.727718764000201,2318456,11.192802080000092
b2,disjunctedExistence/0006.trace,disjunctedExistence,plain,36,2,0,8,1,MIN_EXPANDED_SIZE,,11,0e0f0f8358471184615f2f0433167538d8968d843bc7bcd9a977a2151225d8a2,5,150,23,macro,1,3521175,0.3642958800000997,,93162,990936128b3f3bf921a3959b44c8123c1881b7024d4d2d0dadfaf65ed8ab064f,1.101815746,30216,False,TRANSLATED_ONLY,13.334249053999883,1652163,13.699171659000058
b2,5to10Traces/0172.trace,5to10Traces,plain,6,2,0,6,1,MIN_EXPANDED_SIZE,,5,688cf40d1b7d992482dc722d710b7aeabe69223403907db7c6e4b1095513cfaa,3,225,225,atlas-b,1,5656575,0.5144295919999422,,106688,cbdcf397e463d9bacd969ea129c9752cb6c9a981eb85e0bcd1821687ecc4e8b2,1.372598033,29429,False,TRANSLATED_ONLY,7.724700278,1765656,8.23972156300033
b2,5to10Traces/0172.trace,5to10Traces,plain,6,2,0,6,1,MIN_EXPANDED_SIZE,,5,688cf40d1b7d992482dc722d710b7aeabe69223403907db7c6e4b1095513cfaa,3,225,225,macro,1,4873901,0.3141989780001495,,142821,6920aced03d081028ecce50f7a6df8643b312e85c3e516e087b28f27814fde3c,2.059586481,46394,False,TRANSLATED_ONLY,16.536577006999778,2408035,16.851393269000255
b3,weakening/weaken_consequent/weaken_consequent_10_45_45.trace,weakening,weakening_b3,18,3,0,11,15,MIN_EXPANDED_SIZE,OfficialWeakeningConsequent,15,3a7d0c05499cd67a8edc145a6d66d33cc7194a5b0170cc7d373b25fa0b593763,3,45,45,atlas-b,1,4458533,0.5145373020000079,,35903,624590cbe45594d78046275cc94e70bf1f36006cacad04d18f9f8e48f91bcebe,0.548179518,25926,False,TRANSLATED_ONLY,7.0227023940001345,1309834,7.537806817999808
b3,weakening/weaken_consequent/weaken_consequent_10_45_45.trace,weakening,weakening_b3,18,3,0,11,15,MIN_EXPANDED_SIZE,OfficialWeakeningConsequent,15,3a7d0c05499cd67a8edc145a6d66d33cc7194a5b0170cc7d373b25fa0b593763,3,45,45,macro,1,3440845,0.3643043030001536,,107643,0a3c63efdac15ec3b6a01286265e6c368229888a720c931537589d930ea74c15,1.140435806,49152,False,TRANSLATED_ONLY,14.482867087999693,1296017,14.847806415999912
b2,increasingNumVariables/0008.trace,increasingNumVariables,plain,11,2,0,8,1,MIN_EXPANDED_SIZE,,5,3490642575d80a5a874820816271c5464aae14f576b0aad111d8eb63e5c462d3,4,15,15,atlas-b,1,424004,0.4643752559995846,,10772,24b842d1a44f9c77318123d8324df9511898806c6f5f2c0ea41a88a5bda9e050,0.259233358,2315,False,TRANSLATED_ONLY,1.2154498239997338,131447,1.680359042999953
b2,increasingNumVariables/0008.trace,increasingNumVariables,plain,11,2,0,8,1,MIN_EXPANDED_SIZE,,5,3490642575d80a5a874820816271c5464aae14f576b0aad111d8eb63e5c462d3,4,15,15,macro,1,357560,0.21410080500027107,,36266,8dce3d20e042470eedf20258e6e0650f09e6829588ed53bfaa4d377f06185871,0.455866249,3958,False,TRANSLATED_ONLY,2.0664016780001475,173970,2.281027166000058
b2,baseTest/0030.trace,baseTest,plain,3,2,0,3,1,MIN_EXPANDED_SIZE,,3,82699e230f5e24a3e0a282f7fba0ba60976a55cf5416a352a652d38a956e2029,2,2,98,atlas-b,1,627227,0.4142944189998161,,21092,5f6961aa420242745d866af216a375c3d753a96f7e7c6d810570d5c6df0f6c6f,0.44593475,5081,False,TRANSLATED_ONLY,1.7662043949999315,202676,2.181002475999776
b2,baseTest/0030.trace,baseTest,plain,3,2,0,3,1,MIN_EXPANDED_SIZE,,3,82699e230f5e24a3e0a282f7fba0ba60976a55cf5416a352a652d38a956e2029,2,2,98,macro,1,437675,0.21405012399964107,,51352,46b3539e0d2f8bde03926d2415662fa394207f6cad7beab44512f4e485a34706,0.61173748,6225,False,TRANSLATED_ONLY,2.5675692230001914,224259,2.782155648999833
b2,5to10Traces/0195.trace,5to10Traces,plain,10,2,0,8,1,MIN_EXPANDED_SIZE,,5,a7c00f50034dbd7a62bdbbd60a084419a657f6c52fdb5217a05261b11c1b7565,3,44,225,atlas-b,1,14708580,0.5144259819999206,,101132,ebc8334474d3fb044abba5bd437117bdd711821ef8f401cf259a6df0787aa727,1.16961064,48599,False,TRANSLATED_ONLY,24.29885033299979,4295439,24.813926769999853
b2,5to10Traces/0195.trace,5to10Traces,plain,10,2,0,8,1,MIN_EXPANDED_SIZE,,5,a7c00f50034dbd7a62bdbbd60a084419a657f6c52fdb5217a05261b11c1b7565,3,44,225,macro,1,6500697,0.36430433699979403,,176289,911fb20594b6c92eca7ddc0b88cb9317a7a0aac8a677e1879d85545213e0d180,2.888788248,56159,False,TRANSLATED_ONLY,20.692761324000003,2773327,21.057782467999914
b2,increasingNumVariables/0049.trace,increasingNumVariables,plain,264,2,0,8,1,MIN_EXPANDED_SIZE,,9,888c878df35bb95348487ec57bff7a3354f32ccc2a9f41ac35851a4eadfe2afc,9,20,20,atlas-b,1,1756011,0.4143029690003459,,22553,0751ba931ea34449b66e8fb7feeab37a0b7a7b94bdca88a79666f72c2bc0d045,0.472509094,5347,False,TRANSLATED_ONLY,2.4173991839998052,518500,2.832203825000306
b2,increasingNumVariables/0049.trace,increasingNumVariables,plain,264,2,0,8,1,MIN_EXPANDED_SIZE,,9,888c878df35bb95348487ec57bff7a3354f32ccc2a9f41ac35851a4eadfe2afc,9,20,20,macro,1,883409,0.41433362899988424,,47691,16dc1e560e2b0a5baaa2d6b842c974e1675bb5917a323aba9b23285584f12a09,0.555841108,8459,False,TRANSLATED_ONLY,4.1701378570001,409265,4.584979528000076
b2,moreDetailedTest/0030.trace,moreDetailedTest,plain,18,2,0,8,1,MIN_EXPANDED_SIZE,,5,cf737e8c06636d136d941968270a5c23f95e13bbbcbaa1b9270ca41af04c4eae,3,10,10,atlas-b,1,259860,0.41451970200023425,,7108,c1ba0dc78f85d4943879a22a8b141c0a1cccf51908c7447e5a511ef2c49976cc,0.223515472,1479,False,TRANSLATED_ONLY,0.9650798370003031,81346,1.3801608219996524
b2,moreDetailedTest/0030.trace,moreDetailedTest,plain,18,2,0,8,1,MIN_EXPANDED_SIZE,,5,cf737e8c06636d136d941968270a5c23f95e13bbbcbaa1b9270ca41af04c4eae,3,10,10,macro,1,235138,0.26414272000010897,,40391,a40678e76c3494d0a5f62a2ee6489d060c95d149ef8ee5164e3a912d22f4df32,0.524627825,2819,False,TRANSLATED_ONLY,2.016854444999808,114204,2.281594848000168
b3,weakening/weaken_consequent/weaken_consequent_30_10_10.trace,weakening,weakening_b3,18,3,0,11,15,MIN_EXPANDED_SIZE,OfficialWeakeningConsequent,11,3d42d88c0941627c380e2af47f0038693423aaab6c4080fef168dee15df86405,3,10,10,atlas-b,1,12593558,0.4643349439998019,,22622,f110ebc1d32e282471b22d409ae82c54cb987e461e95b1222e65be87603f98e6,0.59140299,26846,False,TRANSLATED_ONLY,16.08762103800018,3313215,16.55248639499996
b3,weakening/weaken_consequent/weaken_consequent_30_10_10.trace,weakening,weakening_b3,18,3,0,11,15,MIN_EXPANDED_SIZE,OfficialWeakeningConsequent,11,3d42d88c0941627c380e2af47f0038693423aaab6c4080fef168dee15df86405,3,10,10,macro,1,2437560,0.31420574699995996,,96295,83b554f185aa6691b9840826b4842ac599b0be903a84fef7c12c180cc31a9c54,0.996955437,35472,False,TRANSLATED_ONLY,12.731089073000021,862216,13.045831851999992
b2,5to10Traces/0081.trace,5to10Traces,plain,18,2,0,8,1,MIN_EXPANDED_SIZE,,5,708450a78b236ce7eaba4691c29adff08e77676f2cb2a2cda38d5b44d96f876a,3,175,30,atlas-b,1,11211105,0.4647814529998868,,77658,f76bdb8a4dbf81ce44553135325bacc746535df4fcd2a6d59bacd39acd225e52,1.024899468,37079,False,TRANSLATED_ONLY,15.536167122000279,3274191,16.00163973100007
b2,5to10Traces/0081.trace,5to10Traces,plain,18,2,0,8,1,MIN_EXPANDED_SIZE,,5,708450a78b236ce7eaba4691c29adff08e77676f2cb2a2cda38d5b44d96f876a,3,175,30,macro,1,4948959,0.4143406180000966,,154159,6627096b4491eb7ec814e375ce855d2aed0ebd0ea132622262c4f9568c106c63,1.489676281,43160,False,TRANSLATED_ONLY,13.733125974999894,2112809,14.148179039999832
b2,5to10Traces/0068.trace,5to10Traces,plain,18,2,0,8,1,MIN_EXPANDED_SIZE,,15,b8c4141464e79c6eaaed0c2f296370039049719c1228e7e6b019fc381050f8a2,3,25,25,atlas-b,1,3464057,0.4142981189997954,,14040,9668c56d987914b551965ad4dd705858f9c1be7d61d92aa348e73029972032c4,0.341318363,6539,False,TRANSLATED_ONLY,5.371299431000352,1022101,5.786090601000069
b2,5to10Traces/0068.trace,5to10Traces,plain,18,2,0,8,1,MIN_EXPANDED_SIZE,,15,b8c4141464e79c6eaaed0c2f296370039049719c1228e7e6b019fc381050f8a2,3,25,25,macro,1,1019829,0.26414400099974955,,59624,24d5b12a2ea5b75743f496ae819fbf6302b9126632305b8db5e9f4d81f39b992,0.62996406,10088,False,TRANSLATED_ONLY,5.221117391000007,474482,5.485833255000216
b2,5to10Traces/0181.trace,5to10Traces,plain,10,2,0,8,1,MIN_EXPANDED_SIZE,,5,99ffce474947f4398b531039a7e48fe137a4ec84e569eef662591ccf7027bafa,3,13,50,atlas-b,1,3451535,0.4143115189999662,,25611,e85387f730c48ab18a471076a36b5fd0973833208a9a8c946b7b5930e2e32471,0.480421556,11519,False,TRANSLATED_ONLY,5.321552662999693,1008297,5.736400153999966
b2,5to10Traces/0181.trace,5to10Traces,plain,10,2,0,8,1,MIN_EXPANDED_SIZE,,5,99ffce474947f4398b531039a7e48fe137a4ec84e569eef662591ccf7027bafa,3,13,50,macro,1,1497712,0.31420502699984354,,103547,b5e84c3b595495dc3b9927682373315ad2dd4949b05a4951a7db5fec9fd466f1,0.833497021,13676,False,TRANSLATED_ONLY,5.972245768999983,645110,6.287042030000066
b2,equal/0003.trace,equal,plain,10,2,0,8,1,MIN_EXPANDED_SIZE,,7,a54af567df01635ac7e9ab2c69fccc5dfbe7036e61a5ece6e8b14f34a75d81f1,3,150,150,atlas-b,1,5998040,0.46441714100001263,,71889,2b4aeaa06099e56be17f87dfa029165921d9d1ad9da6c93ecf1d6f8b7418e37f,0.883131061,22769,False,TRANSLATED_ONLY,9.676804670000365,1839795,10.141881645000012
b2,equal/0003.trace,equal,plain,10,2,0,8,1,MIN_EXPANDED_SIZE,,7,a54af567df01635ac7e9ab2c69fccc5dfbe7036e61a5ece6e8b14f34a75d81f1,3,150,150,macro,1,4955365,0.26413333199980116,,109420,966256d73dd6140069fb08bec252ce8d15d3ff4e9c023f6a22c7180127e66a88,1.930737698,43483,False,TRANSLATED_ONLY,16.035985884999718,2377441,16.300769542000126
b2,moreDetailedTest/0060.trace,moreDetailedTest,plain,18,2,0,8,1,MIN_EXPANDED_SIZE,,5,099d374b4a79e557ce8625dbf70b7ef4051854a9f6f427ea06dfa804137155f0,3,150,150,atlas-b,1,3773999,0.4643978959998094,,71874,4881e86be7d7f012fa2a8ec85c2130fe5f5ade364e40fdca485d04d4ccbfef0d,0.892587806,19679,False,TRANSLATED_ONLY,6.223283088000244,1178104,6.688214477000201
b2,moreDetailedTest/0060.trace,moreDetailedTest,plain,18,2,0,8,1,MIN_EXPANDED_SIZE,,5,099d374b4a79e557ce8625dbf70b7ef4051854a9f6f427ea06dfa804137155f0,3,150,150,macro,1,3322897,0.31416136600000755,,114773,2d5d08bb58f591ba8cb0ae56b64b963648b47f49511f0881e1c693f36d7c8f2f,1.553754647,30812,False,TRANSLATED_ONLY,11.130646272999911,1621355,11.445394941999893
b2,5to10Traces/0162.trace,5to10Traces,plain,6,2,0,6,1,MIN_EXPANDED_SIZE,,5,febccb0ca50074ae0455fb54efe74868059da61ae079aabc0f6d6ac2d519167b,3,100,100,atlas-b,1,2518950,0.46453975799977343,,48688,ae71f491d5f7671d55951df52cca6f447635d776aa4dce4627a622ec81fee8ef,0.625887164,13179,False,TRANSLATED_ONLY,5.4712008840001545,786406,5.936344997000106
b2,5to10Traces/0162.trace,5to10Traces,plain,6,2,0,6,1,MIN_EXPANDED_SIZE,,5,febccb0ca50074ae0455fb54efe74868059da61ae079aabc0f6d6ac2d519167b,3,100,100,macro,1,2203890,0.2642168520001178,,88227,cc7cf79a6990884811e54b66ce6765feac8a827b51f981c4182731aa33ec7855,1.058314059,21026,False,TRANSLATED_ONLY,9.276293004000308,1082038,9.541122700000415
b2,5to10Traces/0104.trace,5to10Traces,plain,3,2,0,3,1,MIN_EXPANDED_SIZE,,3,3ee39a99cc109097f05b7991cc51b4e4a6db2c271cb9d6598152d17238349cb1,2,200,200,atlas-b,1,2500489,0.5144460310002614,,77004,17a9acf541151cb810d330dedf6026116d7d2e332e21dd13e68a13e0d0844c04,0.945882157,20081,False,TRANSLATED_ONLY,6.873808572999678,807432,7.388861398999779
b2,5to10Traces/0104.trace,5to10Traces,plain,3,2,0,3,1,MIN_EXPANDED_SIZE,,3,3ee39a99cc109097f05b7991cc51b4e4a6db2c271cb9d6598152d17238349cb1,2,200,200,macro,1,1265337,0.2641716620000807,,81397,86d2b683fd192132d575ebe8dd3bd95feeb222e83365a1c05f0278961ad5e1dc,1.193066686,17327,False,TRANSLATED_ONLY,5.772224429000289,644800,6.0369865150000805
b2,moreDetailedTest/0087.trace,moreDetailedTest,plain,6,2,0,6,1,MIN_EXPANDED_SIZE,,5,558efb63948013ff1a72713446f4c418cee07091d72c39f6c67a5e739476cc48,3,125,125,atlas-b,1,3146475,0.46440255400011665,,60288,2d31c63a76f9433236948b49e9c63ab701c8c44b7967bc0790b807495cfc8e3f,0.769604142,16429,False,TRANSLATED_ONLY,5.422202103000018,982256,5.887225811999997
b2,moreDetailedTest/0087.trace,moreDetailedTest,plain,6,2,0,6,1,MIN_EXPANDED_SIZE,,5,558efb63948013ff1a72713446f4c418cee07091d72c39f6c67a5e739476cc48,3,125,125,macro,1,2726025,0.2641891910002414,,98611,56cd14d44e2389c6e653490a537eee4dd741da5e4bb4c8799bbff8e42035539b,1.693882216,26192,False,TRANSLATED_ONLY,9.526631785999598,1345356,9.791431490999912
b2,5to10Traces/0122.trace,5to10Traces,plain,67,2,0,8,1,MIN_EXPANDED_SIZE,,5,897a5ba441da1c6902f1cdc93cee4464c6082662af684976e07981c9a6b917d3,4,108,150,atlas-b,1,3532235,0.514451691999966,,73758,e29d0e4f6cd7798443b9784ea099b7bef2d16a1b60bacfe2792466c6ec0fd918,0.885903731,18275,False,TRANSLATED_ONLY,6.823269534999781,1094519,7.338300040999911
b2,5to10Traces/0122.trace,5to10Traces,plain,67,2,0,8,1,MIN_EXPANDED_SIZE,,5,897a5ba441da1c6902f1cdc93cee4464c6082662af684976e07981c9a6b917d3,4,108,150,macro,1,2864520,0.36420894200000475,,109820,2e1319bb5468d0aca5bbd63d6e9f47eb0e3cfd8788f9503fd918e8c31a2df158,2.094485036,27373,False,TRANSLATED_ONLY,12.380877337999664,1411783,12.74567491400012
b2,5to10Traces/0132.trace,5to10Traces,plain,3,2,0,3,1,MIN_EXPANDED_SIZE,,3,b8f04080b403b525d4739677abc2261552d7e90a544a4b029ca6c415ea2d8b4f,2,5,5,atlas-b,1,65173,0.4143043389999548,,4354,3fdcfde7fd30edc70390a70ea2de59fc7887b471ed2109d842687306c3cc14cd,0.188311969,581,False,TRANSLATED_ONLY,0.714812289999827,21235,1.1296221010002228
b2,5to10Traces/0132.trace,5to10Traces,plain,3,2,0,3,1,MIN_EXPANDED_SIZE,,3,b8f04080b403b525d4739677abc2261552d7e90a544a4b029ca6c415ea2d8b4f,2,5,5,macro,1,48240,0.21403902299971378,,24188,30f258abd2943977693d5872cd2e9420eb88ecc29d8ba97b4944473d198e2679,0.406443247,856,False,TRANSLATED_ONLY,1.015238348999901,24305,1.2297973149998143
b2,5to10Traces/0010.trace,5to10Traces,plain,5,2,0,5,1,MIN_EXPANDED_SIZE,,5,2c8d5f6b675827a4d0fc5a57c97b8c99adfd9886e1aee9ccba5b50f656dad98c,2,125,125,atlas-b,1,2873537,0.4643600790000164,,49014,e81c5cc7a71fae86d57a7e6b32838625c1ff9a9d7f14da087543d0dd4a35d721,0.679673227,15147,False,TRANSLATED_ONLY,4.920607872999881,904772,5.385574795999673
b2,5to10Traces/0010.trace,5to10Traces,plain,5,2,0,5,1,MIN_EXPANDED_SIZE,,5,2c8d5f6b675827a4d0fc5a57c97b8c99adfd9886e1aee9ccba5b50f656dad98c,2,125,125,macro,1,2061660,0.2641381419998652,,84764,10f5d152c4373ad65cd12975fec57e8706cf7ef7e1aa0a4fbe11c09b87ee329a,0.997888614,20391,False,TRANSLATED_ONLY,7.875838363999719,1028512,8.140606700000262
b2,weakening/weaken_antecedent/weaken_antecedent_45_10_10.trace,weakening,weakening_b2,10,2,0,8,15,MIN_EXPANDED_SIZE,OfficialWeakeningAntecedent,7,21c2c4be284b6b6c1ed2cebfa96c725e462d4f0d48c166b86061bc522c2a7051,3,10,10,atlas-b,1,,0.46439786600012667,,31783,2363fb3785f2abc6b94b4780852bc786fd2c0d6bda3dfa9c9cbe3d058c5ab699,,,False,TRANSLATION_TIMEOUT,180.29875430400034,,180.76363830200034
b2,weakening/weaken_antecedent/weaken_antecedent_45_10_10.trace,weakening,weakening_b2,10,2,0,8,15,MIN_EXPANDED_SIZE,OfficialWeakeningAntecedent,7,21c2c4be284b6b6c1ed2cebfa96c725e462d4f0d48c166b86061bc522c2a7051,3,10,10,macro,1,1794248,0.3642502319999039,,98788,7c34a2ed6df695082f5fb6c86b0019ed3992634e692e9c2247ca3e474821fcc0,0.943007889,32440,False,TRANSLATED_ONLY,8.026029943999674,672009,8.390831547999824
b2,moreDetailedTest/0071.trace,moreDetailedTest,plain,67,2,0,8,1,MIN_EXPANDED_SIZE,,5,57d13b17b326ec9ce16c93c3b3a3cd58a31d7fea0d319c9f63b4a363c220f75a,4,70,100,atlas-b,1,2332569,0.4643962840000313,,49412,32a51ef6b8bbc79d70a48819ee88ffd5079ee40050ece0d997acb36b926375a1,0.639221532,12115,False,TRANSLATED_ONLY,4.619963827999982,722807,5.084921303999636
b2,moreDetailedTest/0071.trace,moreDetailedTest,plain,67,2,0,8,1,MIN_EXPANDED_SIZE,,5,57d13b17b326ec9ce16c93c3b3a3cd58a31d7fea0d319c9f63b4a363c220f75a,4,70,100,macro,1,1947615,0.3142084259998228,,85402,58717b09b6e837b837d2403191ffc0917e8e3a6827daeeb583d492f126d7adfc,1.126103935,18406,False,TRANSLATED_ONLY,7.82455766000021,950220,8.139391101000001
b3,weakening/weaken_consequent/weaken_consequent_10_100_100.trace,weakening,weakening_b3,18,3,0,11,15,MIN_EXPANDED_SIZE,OfficialWeakeningConsequent,9,d276a89c6608dbd30e6fb5b241728d1a2e23b71121d4ad65746269627435b746,3,100,100,atlas-b,1,6129155,0.5645657899999605,,76162,2879f36884fed0a5dbda7680b744d5afa58cb69371c4a105ca5fe4ec8fbf8292,0.923168282,44330,False,TRANSLATED_ONLY,9.827702287999728,1796274,10.392850751999958
b3,weakening/weaken_consequent/weaken_consequent_10_100_100.trace,weakening,weakening_b3,18,3,0,11,15,MIN_EXPANDED_SIZE,OfficialWeakeningConsequent,9,d276a89c6608dbd30e6fb5b241728d1a2e23b71121d4ad65746269627435b746,3,100,100,macro,1,5151707,0.31418112599976666,,134367,373f46ebc17d0536e99bf0279cb15db2e1d595c14ee1767fbcd6f6a041333cd6,1.973483201,81366,False,TRANSLATED_ONLY,16.737803799000176,2040675,17.052628140999786
b2,5to10Traces/0009.trace,5to10Traces,plain,5,2,0,5,1,MIN_EXPANDED_SIZE,,5,1fa2c89971eb9bf85ddb1903d4936d8b6807ddd6862da4db6a33713d919f22f9,2,5,100,atlas-b,1,5333499,0.46445662600035575,,31534,6180a123fa925b6ce2abe35ba8968f8caafd72c835fd996141a96bedd1e2bf57,0.480138187,17997,False,TRANSLATED_ONLY,8.625620229000106,1561022,9.090678977999687
b2,5to10Traces/0009.trace,5to10Traces,plain,5,2,0,5,1,MIN_EXPANDED_SIZE,,5,1fa2c89971eb9bf85ddb1903d4936d8b6807ddd6862da4db6a33713d919f22f9,2,5,100,macro,1,2415842,0.26420818199994756,,120167,1c4805d845a998526fe31e4cbe3eeb0efe49a9a9584425f3eaac029e1120666a,1.000255808,22071,False,TRANSLATED_ONLY,6.9732384610001645,1039313,7.2380863770004
b2,5to10Traces/0044.trace,5to10Traces,plain,18,2,0,8,1,MIN_EXPANDED_SIZE,,11,14c046169a257cc5c4e9a2085440c69639c5a2f6631e6aca6d1b14a58a103b8b,3,5,5,atlas-b,1,451657,0.41434723100019255,,4810,9f4c7cd817f1b0b0ca4aad6233d79b772c3a16a0ae4ce51f5d6dd9d03caf2132,0.192906515,1447,False,TRANSLATED_ONLY,1.115415842999937,135296,1.5302853749999485
b2,5to10Traces/0044.trace,5to10Traces,plain,18,2,0,8,1,MIN_EXPANDED_SIZE,,11,14c046169a257cc5c4e9a2085440c69639c5a2f6631e6aca6d1b14a58a103b8b,3,5,5,macro,1,252834,0.21402517299975443,,35734,c4149afb6641d75deb225e4a5632c839dfd717153a5ccb707ec18621812f9f2f,0.476096686,3602,False,TRANSLATED_ONLY,2.0666332619998684,115654,2.2811882679998234
b2,5to10Traces/0048.trace,5to10Traces,plain,18,2,0,8,1,MIN_EXPANDED_SIZE,,5,014bbe82bb5bd12969eeb2dc31d08d7fae63765cdc8ced993133d22211c15d66,3,50,50,atlas-b,1,1263900,0.41434818999960044,,25588,f117f8cd653cf4aa32f4732adf150063afea92c10d1ba33e364282a8370f2333,0.470439056,6679,False,TRANSLATED_ONLY,2.41726367199999,394706,2.83216767399972
b2,5to10Traces/0048.trace,5to10Traces,plain,18,2,0,8,1,MIN_EXPANDED_SIZE,,5,014bbe82bb5bd12969eeb2dc31d08d7fae63765cdc8ced993133d22211c15d66,3,50,50,macro,1,1084109,0.26410482100027366,,68046,f6943d465da7539c584807494f54e1c7d979abf321541c0aba7760b14d1f8e06,0.705463084,10778,False,TRANSLATED_ONLY,5.421400926999922,533441,5.686050530000102
b2,5to10Traces/0182.trace,5to10Traces,plain,10,2,0,8,1,MIN_EXPANDED_SIZE,,9,dab7b013d1e8d416aa3521ff6cafc90dab9a343235d0ba0b27df0e39cec0522b,3,75,75,atlas-b,1,4387310,0.46443611099994087,,37139,d6ba6d19b7c05733e17c2d1707c7a1159dca603471bfb31cc390e27422f331ad,0.547307735,13125,False,TRANSLATED_ONLY,5.170320908999656,1328281,5.635376654999618
b2,5to10Traces/0182.trace,5to10Traces,plain,10,2,0,8,1,MIN_EXPANDED_SIZE,,9,dab7b013d1e8d416aa3521ff6cafc90dab9a343235d0ba0b27df0e39cec0522b,3,75,75,macro,1,2873470,0.26411626100025387,,83382,09cd9558001d6b40fcbde6c252f037fc5284257c3d65df36fc2eda99595003f4,0.907473435,25208,False,TRANSLATED_ONLY,10.778654507000283,1357214,11.04340410199984
b3,weakening/weaken_consequent/weaken_consequent_10_15_15.trace,weakening,weakening_b3,18,3,0,11,15,MIN_EXPANDED_SIZE,OfficialWeakeningConsequent,5,1e4062af74a13ec6fddd4cd9c1263fbc3ca115bd568beb465aa4e1685ccd0278,3,15,15,atlas-b,1,665987,0.46438918500007276,,13941,3722ec821ed0be52e66ffdd5756fb200e8a6461c99bc4b199f562ed4cd5e37e6,0.329260225,5546,False,TRANSLATED_ONLY,1.3658138140003757,192545,1.8307177809997484
b3,weakening/weaken_consequent/weaken_consequent_10_15_15.trace,weakening,weakening_b3,18,3,0,11,15,MIN_EXPANDED_SIZE,OfficialWeakeningConsequent,5,1e4062af74a13ec6fddd4cd9c1263fbc3ca115bd568beb465aa4e1685ccd0278,3,15,15,macro,1,593844,0.2640869490001023,,89841,d12e20748155a2adbd94ffe4e84401f7744cff20b52abfbbda7124aecd5e7f49,1.061629298,11694,False,TRANSLATED_ONLY,6.173224052000023,228864,6.437837414000114
b2,5to10Traces/0061.trace,5to10Traces,plain,18,2,0,8,1,MIN_EXPANDED_SIZE,,7,b0f1a823becc45ec700901a4d17a8fb4a2747ae6558a0a7ee75914e2a8bf19c2,3,42,200,atlas-b,1,19547628,0.5145339219998277,,91226,51dabe8725535e22dd290b31581cdc689c4572719b4a343a5144c3499227b919,1.202766886,48669,False,TRANSLATED_ONLY,28.919509180000205,5703417,29.434731619000104
b2,5to10Traces/0061.trace,5to10Traces,plain,18,2,0,8,1,MIN_EXPANDED_SIZE,,7,b0f1a823becc45ec700901a4d17a8fb4a2747ae6558a0a7ee75914e2a8bf19c2,3,42,200,macro,1,9962808,0.4146351239996875,,199659,521f2158554e4d6be1f09cba30dd192a886fdcdaad57577af0cc58e9e2fc7f60,1.945508717,70249,False,TRANSLATED_ONLY,28.70697628200014,4202345,29.12232359399968
b2,weakening/weaken_antecedent/weaken_antecedent_10_30_30.trace,weakening,weakening_b2,10,2,0,8,15,MIN_EXPANDED_SIZE,OfficialWeakeningAntecedent,5,3c8e932449f3e88f2a128f240b31e04b69aeea0335eb4da21b18fd713280a1eb,3,30,30,atlas-b,1,1367827,0.4644322869999087,,24843,49d87c3ed4c2a40c00679dfd6d15ebb7bc24cb0f0e1082f181000ca3799f2ac8,0.499369044,10951,False,TRANSLATED_ONLY,2.51736060300027,397824,2.9823607429998447
b2,weakening/weaken_antecedent/weaken_antecedent_10_30_30.trace,weakening,weakening_b2,10,2,0,8,15,MIN_EXPANDED_SIZE,OfficialWeakeningAntecedent,5,3c8e932449f3e88f2a128f240b31e04b69aeea0335eb4da21b18fd713280a1eb,3,30,30,macro,1,850707,0.31423805799977345,,98052,097a8c21f24072d1426ba98e65210f412464a9c2315373fe2e77df14fcee328c,1.05205749,16755,False,TRANSLATED_ONLY,6.222816828000305,342691,6.537679659999867
b2,5to10Traces/0194.trace,5to10Traces,plain,10,2,0,8,1,MIN_EXPANDED_SIZE,,9,a69d162010b7ff747dfa303ad27f320627acaacf2f088d9cd54cd43e48d33c95,3,225,225,atlas-b,1,13092860,0.5145332420001978,,106689,871bc3c4222188175fed9455d1b268e07eb5e65bb14e893a0ccf32dd3b0bd19c,1.47062969,38625,False,TRANSLATED_ONLY,18.589651036000305,3963781,19.10484609299965
b2,5to10Traces/0194.trace,5to10Traces,plain,10,2,0,8,1,MIN_EXPANDED_SIZE,,9,a69d162010b7ff747dfa303ad27f320627acaacf2f088d9cd54cd43e48d33c95,3,225,225,macro,1,8550961,0.3141875260002962,,145447,1fc169b6ad17ee8d7911fcc6428416f85b5c78bbcab06a30ed28262e6357aa2a,3.166830031,72200,False,TRANSLATED_ONLY,30.355896009999924,4039381,30.670767140999942
b2,5to10Traces/0020.trace,5to10Traces,plain,5,2,0,5,1,MIN_EXPANDED_SIZE,,5,fa994ea3d9fc4247e0618daf953b8dc940ca28b3068aba53d565728d72de4500,2,250,250,atlas-b,1,5740632,0.5143995409998752,,95754,952b4b6ae913c158f3fed1d16071b3df1232f325c1212c33e1ea98aee1f43892,1.260698718,30147,False,TRANSLATED_ONLY,8.375826914999834,1807239,8.89083649999975
b2,5to10Traces/0020.trace,5to10Traces,plain,5,2,0,5,1,MIN_EXPANDED_SIZE,,5,fa994ea3d9fc4247e0618daf953b8dc940ca28b3068aba53d565728d72de4500,2,250,250,macro,1,3541309,0.3141855769999893,,110482,b5d2f9d38cd4072811ef480fe9da24d141737cf42498e658907c5df26e3afcc3,1.805314137,34209,False,TRANSLATED_ONLY,12.23173533399995,1761545,12.546537324999917
b2,5to10Traces/0099.trace,5to10Traces,plain,3,2,0,3,1,MIN_EXPANDED_SIZE,,3,c152a3542a2cfa8f0a9b44f8c2b462f744c64c750d256d066eec5363f634e9e4,2,125,7,atlas-b,1,4291285,0.4644280670004264,,39009,c4289cd18cae9b228d60564f25705bd3f573d2a17d210012b9b03882d18d28ad,0.612552488,19881,False,TRANSLATED_ONLY,5.371100136000223,1249929,5.836099234999892
b2,5to10Traces/0099.trace,5to10Traces,plain,3,2,0,3,1,MIN_EXPANDED_SIZE,,3,c152a3542a2cfa8f0a9b44f8c2b462f744c64c750d256d066eec5363f634e9e4,2,125,7,macro,1,1262022,0.26413336999985404,,93768,3d288abd9d493c397e7a4326ef4b3adfcdc70e5f39172ebc148bb3d5b1de91e4,0.98457131,16781,False,TRANSLATED_ONLY,4.570680738000192,543199,4.835408411999651
b2,moreDetailedTest/0076.trace,moreDetailedTest,plain,67,2,0,8,1,MIN_EXPANDED_SIZE,,5,831e91124dcee39271a6aedcc45c8f5fe5958dd7ae0f3ff4ae212e0c32fe0667,4,124,200,atlas-b,1,4431997,0.5145021329999508,,92040,9dc3f95214c4812d747df4fb0535516a4995dc2d60eff41e7b966a3120de8c78,1.094959597,22895,False,TRANSLATED_ONLY,8.625264660000084,1373303,9.140411518000292
b2,moreDetailedTest/0076.trace,moreDetailedTest,plain,67,2,0,8,1,MIN_EXPANDED_SIZE,,5,831e91124dcee39271a6aedcc45c8f5fe5958dd7ae0f3ff4ae212e0c32fe0667,4,124,200,macro,1,3606460,0.36428546599972833,,130078,d2581ce6f546eb08d27d7ad2bb70c151ce4ff980aaf4f2efa2cbc4f156786d10,1.837394422,33736,False,TRANSLATED_ONLY,13.33138410399988,1768855,13.696287033999852
b2,baseTest/0014.trace,baseTest,plain,5,2,0,5,1,MIN_EXPANDED_SIZE,,5,eae019e9a301ed433d0d98ed55a659e6f4b7e91af1f2365dcf8a5028fc1ba84c,2,4,46,atlas-b,1,579878,0.4143702410001424,,11790,824720b0a67db4780c747dd3ca8c793308669ee9659657f37f51d1b4ad9bbf4a,0.314583466,3147,False,TRANSLATED_ONLY,1.4659628570002496,182795,1.8808356389999972
b2,baseTest/0014.trace,baseTest,plain,5,2,0,5,1,MIN_EXPANDED_SIZE,,5,eae019e9a301ed433d0d98ed55a659e6f4b7e91af1f2365dcf8a5028fc1ba84c,2,4,46,macro,1,524753,0.2140260930000295,,51944,d17434f052026967faf14ce647079f55e2dcb90c8674ea20865ac0d3475fad5f,0.563050604,5649,False,TRANSLATED_ONLY,3.0183886509998956,260437,3.2329462959996818
b2,increasingNumVariables/0050.trace,increasingNumVariables,plain,264,2,0,8,1,MIN_EXPANDED_SIZE,,5,10fc0669200495687049d1e77843d7dc13d096e88b0771a03def8e260f50dbbb,9,25,25,atlas-b,1,1002262,0.46437545399976443,,27563,389b051fe75691ac367135538036f9ee683a0c6a40c9d424349071ef6f8685b6,0.538192188,5205,False,TRANSLATED_ONLY,2.2668455170000925,302255,2.731864115999997
b2,increasingNumVariables/0050.trace,increasingNumVariables,plain,264,2,0,8,1,MIN_EXPANDED_SIZE,,5,10fc0669200495687049d1e77843d7dc13d096e88b0771a03def8e260f50dbbb,9,25,25,macro,1,589783,0.4646141789999092,,48170,5e6a9380388e1506f95ab373ceaf22933bb17c1545e68dbb4f51cff1c3b09415,0.570530725,6104,False,TRANSLATED_ONLY,3.3184075710000798,289284,3.7836145030000807
b2,moreDetailedTest/0052.trace,moreDetailedTest,plain,3,2,0,3,1,MIN_EXPANDED_SIZE,,3,3785c9bbd405b9af8b6f8a11961c2797f9c1f04854c98e4acd4d1e69e0bc4d2c,2,400,400,atlas-b,1,4998255,0.5145746150001287,,151730,825288356a8a49bf522db27e4dca7251a496ed04d914a9c5269ffc7d5307f224,1.885544589,40081,False,TRANSLATED_ONLY,12.980511018000016,1613785,13.495771818999856
b2,moreDetailedTest/0052.trace,moreDetailedTest,plain,3,2,0,3,1,MIN_EXPANDED_SIZE,,3,3785c9bbd405b9af8b6f8a11961c2797f9c1f04854c98e4acd4d1e69e0bc4d2c,2,400,400,macro,1,2189118,0.26411487999985184,,113643,d9cb802309e14d088690eb72239dcf88082bec0fe278c978d87f350f81f38e05,2.332027802,30002,False,TRANSLATED_ONLY,8.775541947999955,1117331,9.04031021200035
b2,5to10Traces/0184.trace,5to10Traces,plain,10,2,0,8,1,MIN_EXPANDED_SIZE,,5,e1a0abb63f0d0574ec055c7c1399f95ad47b000cd6a4944a8ea8bfb895a0a5d3,3,100,100,atlas-b,1,2518949,0.46438655400015705,,48688,b39918bd4da478deb39bcbb40e9677372aa1fc71352225cb7a30d31c9142688b,0.623919558,13179,False,TRANSLATED_ONLY,5.521037115999661,786405,5.9860389639998175
b2,5to10Traces/0184.trace,5to10Traces,plain,10,2,0,8,1,MIN_EXPANDED_SIZE,,5,e1a0abb63f0d0574ec055c7c1399f95ad47b000cd6a4944a8ea8bfb895a0a5d3,3,100,100,macro,1,2139958,0.2641648499998155,,88861,8a006b3381fc25fa33c3ebb6a92b5d4413568f272620ba81920f0114bfdd9d90,0.971383172,20627,False,TRANSLATED_ONLY,8.775161161999677,1056592,9.039953476999926
b2,weakening/weaken_antecedent/weaken_antecedent_60_10_10.trace,weakening,weakening_b2,10,2,0,8,15,MIN_EXPANDED_SIZE,OfficialWeakeningAntecedent,9,0053a915e901a06d6204b62b0a344d0f088c52e57a283f87963d02afa63b3416,3,10,10,atlas-b,1,,0.5144596619998083,,41023,f0935d7def21d1f8e5ae1420caea89ed73ab45732d0ef6a165c3f0c188e2458b,,,False,TRANSLATION_TIMEOUT,180.30278585700034,,180.81781769100007
b2,weakening/weaken_antecedent/weaken_antecedent_60_10_10.trace,weakening,weakening_b2,10,2,0,8,15,MIN_EXPANDED_SIZE,OfficialWeakeningAntecedent,9,0053a915e901a06d6204b62b0a344d0f088c52e57a283f87963d02afa63b3416,3,10,10,macro,1,2695369,0.464407976000075,,103811,d9385588e4726fd23ea5be9b7a95c4ca1ffc1550055b70d6268b8525719dd75f,1.09151136,46476,False,TRANSLATED_ONLY,10.880330269999831,997508,11.345365501999822
b2,weakening/weaken_antecedent/weaken_antecedent_40_10_10.trace,weakening,weakening_b2,10,2,0,8,15,MIN_EXPANDED_SIZE,OfficialWeakeningAntecedent,5,9e727caad453c3a3439cddc50261a08a0d061c3a9fb076f5fd855be6f030ff63,3,10,10,atlas-b,1,31968827,0.46441135599980043,,28702,2c8f9dba263bc32077ef5aaed8eed5bf4388239d1c7afd6a33646cceb3b51e8b,0.724665867,38551,False,TRANSLATED_ONLY,48.482464919999984,8222669,48.947418459000346
b2,weakening/weaken_antecedent/weaken_antecedent_40_10_10.trace,weakening,weakening_b2,10,2,0,8,15,MIN_EXPANDED_SIZE,OfficialWeakeningAntecedent,5,9e727caad453c3a3439cddc50261a08a0d061c3a9fb076f5fd855be6f030ff63,3,10,10,macro,1,1081947,0.36423435300002893,,96826,a10c8834b06ace4a69bab2d1817223f7a2a76e7b1f7920a14d4ae1e0131ef052,0.991392778,22194,False,TRANSLATED_ONLY,6.422432917000151,418710,6.787302145000012
b2,disjunctedExistence/0051.trace,disjunctedExistence,plain,134,2,0,8,1,MIN_EXPANDED_SIZE,,11,aa52387a1981bbc65e2191e92595db67c0d9ea3192605a3b1c6cb022ebccd084,7,100,100,atlas-b,1,9994593,0.4644278409996332,,84706,c40879e85b2f3831587219ea84a7b1d4f333eaa94f09c410fb5a36f4529bbd6a,0.978302229,23761,False,TRANSLATED_ONLY,14.082873328999995,2957867,14.54790720300025
b2,disjunctedExistence/0051.trace,disjunctedExistence,plain,134,2,0,8,1,MIN_EXPANDED_SIZE,,11,aa52387a1981bbc65e2191e92595db67c0d9ea3192605a3b1c6cb022ebccd084,7,100,100,macro,1,4149138,0.4643509689999519,,121082,482a752ee0fe9eaa2d6c7f271e66655b75b4d1712ad2c37886432222855835a6,1.279286467,34786,False,TRANSLATED_ONLY,13.832877755000027,1937554,14.297858107999673
b3,weakening/weaken_consequent/weaken_consequent_65_10_10.trace,weakening,weakening_b3,18,3,0,11,15,MIN_EXPANDED_SIZE,OfficialWeakeningConsequent,5,8682219a1e88107e3a694a1aef6111f979939a7ffd7c513d7d6b151d0c746d23,3,10,10,atlas-b,1,,0.5145135230000051,,44180,d668380b699186be6a71e7951bfcc12702b49b49c50dc63bfc6ff037fb00ce76,,,False,TRANSLATION_TIMEOUT,180.30333508799959,,180.81840584400015
b3,weakening/weaken_consequent/weaken_consequent_65_10_10.trace,weakening,weakening_b3,18,3,0,11,15,MIN_EXPANDED_SIZE,OfficialWeakeningConsequent,5,8682219a1e88107e3a694a1aef6111f979939a7ffd7c513d7d6b151d0c746d23,3,10,10,macro,1,1577434,0.4644005249992915,,103145,6c7d005e4e021994a89db612e992d80665f95a3e195447766a0bbc6da0c9c2c3,1.105291107,32694,False,TRANSLATED_ONLY,7.675636662000215,616209,8.140602419999595
b2,increasingNumVariables/0014.trace,increasingNumVariables,plain,11,2,0,8,1,MIN_EXPANDED_SIZE,,11,13122ab372812a8693f6f0a4829643eed4ab6bb1126660338787e6d9fc15b715,4,45,45,atlas-b,1,3862688,0.4644083650000539,,27334,f2865fa71531199ef713be0a4778acdf354aa83fb1c7a30aef2d051d93c6a8d1,0.473977496,9557,False,TRANSLATED_ONLY,5.221552570000313,1153416,5.686553087999982
b2,increasingNumVariables/0014.trace,increasingNumVariables,plain,11,2,0,8,1,MIN_EXPANDED_SIZE,,11,13122ab372812a8693f6f0a4829643eed4ab6bb1126660338787e6d9fc15b715,4,45,45,macro,1,1857236,0.26418432999980723,,54744,1a7458114156fac84fa8bde27eca0038fc9e1c16af8699a314d3a49ce6c255b9,0.719187428,16678,False,TRANSLATED_ONLY,6.623113626000304,870136,6.887901680000141
b2,moreDetailedTest/0048.trace,moreDetailedTest,plain,3,2,0,3,1,MIN_EXPANDED_SIZE,,3,cfd0d131fbdca95c92c879d2b75d73d37ed370cbed4030d5c0c95135972e8f57,2,200,200,atlas-b,1,2500494,0.514497922999908,,76984,a56fe8e089cd144cf9d769491b71ef7426ae9e4ee8b073598192044eea14bf6d,1.00145951,20081,False,TRANSLATED_ONLY,6.022037239999918,807434,6.5371487970001
b2,moreDetailedTest/0048.trace,moreDetailedTest,plain,3,2,0,3,1,MIN_EXPANDED_SIZE,,3,cfd0d131fbdca95c92c879d2b75d73d37ed370cbed4030d5c0c95135972e8f57,2,200,200,macro,1,1309560,0.2641205209997679,,82620,df17493acf03c918543ec23b0f630bd687fd95319af13730079153942d0f68c4,1.076706319,17899,False,TRANSLATED_ONLY,5.972001374000229,667870,6.236710268000024
b2,weakening/weaken_antecedent/weaken_antecedent_100_10_10.trace,weakening,weakening_b2,10,2,0,8,15,MIN_EXPANDED_SIZE,OfficialWeakeningAntecedent,7,1f56e77af956ff172ba6e53ae010447277162d55ae172957c38fbe0cd21b921e,3,10,10,atlas-b,1,,0.514566122999895,,65663,ddfda7bc67f76c0c5853650cfa3305a0e4498cafeed5866f59d791e563775ba1,,,False,TRANSLATION_TIMEOUT,180.30905906599992,,180.82421296199982
b2,weakening/weaken_antecedent/weaken_antecedent_100_10_10.trace,weakening,weakening_b2,10,2,0,8,15,MIN_EXPANDED_SIZE,OfficialWeakeningAntecedent,7,1f56e77af956ff172ba6e53ae010447277162d55ae172957c38fbe0cd21b921e,3,10,10,macro,1,3491548,0.5645268640000722,,115920,2f7a5ce640c66dc8bf6270436d2031bf22445f6ead83fdbf81ccbfa23cddfbfd,1.222102099,64340,False,TRANSLATED_ONLY,15.386164632000146,1319909,15.951357320999705
b2,increasingNumVariables/0004.trace,increasingNumVariables,plain,10,2,0,8,1,MIN_EXPANDED_SIZE,,5,0ab5b815ca087c0ea6b2d5eeef146081cb9011ec8bd9f597a695d4a23df493c4,3,35,35,atlas-b,1,887385,0.4143237799999042,,18658,ee5e85d90d41dceabad2b281dd92272eab79474dcedb7701c8c827f9d933f914,0.36325248,4729,False,TRANSLATED_ONLY,1.7662784960002682,277196,2.1811205180001707
b2,increasingNumVariables/0004.trace,increasingNumVariables,plain,10,2,0,8,1,MIN_EXPANDED_SIZE,,5,0ab5b815ca087c0ea6b2d5eeef146081cb9011ec8bd9f597a695d4a23df493c4,3,35,35,macro,1,784068,0.2641192599999158,,56522,cb2d8543464e01533b0fd35ce971491655dd50d75bc8602ec0cc527a8d9669e4,0.604670315,7838,False,TRANSLATED_ONLY,3.9693124890000036,383006,4.233940330000223
b2,5to10Traces/0030.trace,5to10Traces,plain,10,2,0,8,1,MIN_EXPANDED_SIZE,,9,35f848aca47ffdc2abe20fea5611e3d02f2a02a9a64ad107ce1af81e048c4b11,3,100,100,atlas-b,1,5838236,0.4644002959998943,,48689,0e53cbf6a766594a61f546ccb6a9bd85a28cef00ad11dde054eeb630dac9de2c,0.640982004,17375,False,TRANSLATED_ONLY,7.924702745000104,1767532,8.389684323999973
b2,5to10Traces/0030.trace,5to10Traces,plain,10,2,0,8,1,MIN_EXPANDED_SIZE,,9,35f848aca47ffdc2abe20fea5611e3d02f2a02a9a64ad107ce1af81e048c4b11,3,100,100,macro,1,3907076,0.26415750100022706,,91033,7741d55817b02859f2d20ad4a8891a91d06494eaa36c9a9f6ff6b2381ca0d9f3,1.018604557,33656,False,TRANSLATED_ONLY,12.581821078999837,1840896,12.846638586000154
b2,moreDetailedTest/0107.trace,moreDetailedTest,plain,3,2,0,3,1,MIN_EXPANDED_SIZE,,3,ef09ec7e6af8ca6149d0c7352dff2376cf44c18911a71ff8173982dadbf716fd,2,350,350,atlas-b,1,4373815,0.5145266340000489,,133128,7fae9a8eb002304446fe41cdbec0d3e8501a84d54a0e7a2cefc193cc6c60416c,1.737445142,35081,False,TRANSLATED_ONLY,10.729449123999984,1412202,11.24460417299997
b2,moreDetailedTest/0107.trace,moreDetailedTest,plain,3,2,0,3,1,MIN_EXPANDED_SIZE,,3,ef09ec7e6af8ca6149d0c7352dff2376cf44c18911a71ff8173982dadbf716fd,2,350,350,macro,1,2000756,0.3141803329999675,,110087,8d2c0aa69c2f88213051164379e25589101278ef200ecf8955f246197d84331e,2.471394369,27220,False,TRANSLATED_ONLY,7.724637774999792,1019472,8.039406702000178
b2,baseTest/0039.trace,baseTest,plain,10,2,0,8,1,MIN_EXPANDED_SIZE,,9,1c50818c58b20fc2560a5acf9983ab0d276e8a042adba320ee183606d1d502f1,3,174,1826,atlas-b,1,,0.5645686889993158,"Exception in thread ""main"" Type error:
Translation capacity exceeded.
In this scope, universe contains 2052 atoms
and relations of arity 3 cannot be represented.
Visit http://alloy.mit.edu/ for advice on refactoring.
	at edu.mit.csail.sdg.translator.TranslateAlloyToKodkod.rethrow(TranslateAlloyToKodkod.java:411)
	at edu.mit.csail.sdg.translator.TranslateAlloyToKodkod.execute_command(TranslateAlloyToKodkod.java:533)
	at Rq2Translate.main(Rq2Translate.java:47)
",467115,2e6d95d119ae01cf7c84c8f71e49aa0312eaa994b083e49e72f15c0446bdf854,,,False,TRANSLATION_ERROR,6.624058083999444,,7.189480514000024
b2,baseTest/0039.trace,baseTest,plain,10,2,0,8,1,MIN_EXPANDED_SIZE,,9,1c50818c58b20fc2560a5acf9983ab0d276e8a042adba320ee183606d1d502f1,3,174,1826,macro,1,,0.36426997299986397,,465552,7da5dec58fab98149ceb8299de725b58dc0edd56397d66ee328f0029487766f7,,,False,TRANSLATION_TIMEOUT,180.30566969099982,,180.6707885529995
b2,moreDetailedTest/0112.trace,moreDetailedTest,plain,3,2,0,3,1,MIN_EXPANDED_SIZE,,3,d5f475dff0a5ba731cfdcc6437dc537c89a5ed705b4afab0107a9a972afc16e3,2,75,75,atlas-b,1,939384,0.4644831959999465,,30342,1593bb8f9b2e1289b2a99fe5c71a91ffbbaf61a8cae93093994a0d9605f02c62,0.446646015,7581,False,TRANSLATED_ONLY,2.2169014839996635,303453,2.68193918399993
b2,moreDetailedTest/0112.trace,moreDetailedTest,plain,3,2,0,3,1,MIN_EXPANDED_SIZE,,3,d5f475dff0a5ba731cfdcc6437dc537c89a5ed705b4afab0107a9a972afc16e3,2,75,75,macro,1,554276,0.2641457200002151,,58335,f3aef0e4c6928ea4a5413a148a2534525297a6017c0bafdc50b27faab25e852f,0.718256007,7785,False,TRANSLATED_ONLY,3.668430434000129,285737,3.9331857279998985
