campaign,batch,task,family,category,B,b,p,K,qStates,objectiveKind,constraintFeatures,scope,inputSha256,numAP,positiveTraces,negativeTraces,e4AtlasStatus,e4MacroStatus,activeAnchors,e4MacroExpandedSize,B_over_K,activeAnchors_over_expandedSize,atlasStatus,macroStatus,pairedTranslated,atlasVars,macroVars,atlasClauses,macroClauses,C_V,C_C,atlasWallSec,macroWallSec,atlasModelSha256,macroModelSha256
remaining423,b2,5to10Traces/0000.trace,5to10Traces,plain,5,2,0,5,1,MIN_EXPANDED_SIZE,,5,77fb428a069a6f5b21aeed975b428548a2642a5226f0e4c2e2ac284777a8614b,2,5,5,SAT,SAT,1,3,1.0,0.3333333333333333,TRANSLATED_ONLY,TRANSLATED_ONLY,True,38395,49172,121118,100564,0.7808305539738062,1.2043872558768545,1.1798133070001313,1.5302912930001185,36b3a991721435ede8921641af50e19b54d75775ede883f2ae9ba026e63bd70d,7f45fefc35f4e1fb7ebfc0212c0b9586d8acb354447219f88a40cc0e929185b4
frozen200,b2,5to10Traces/0002.trace,5to10Traces,plain,5,2,0,5,1,MIN_EXPANDED_SIZE,,5,eb40501cc06da1eccd73b8b511a5d40674abeffa8794fa8e717e0fabc662a9eb,2,25,25,SAT,SAT,1,3,1.0,0.3333333333333333,TRANSLATED_ONLY,TRANSLATED_ONLY,True,182794,236718,579857,474168,0.772201522486672,1.2228935735857334,1.830765276999955,3.3830502410000918,a21f2d4aab87f78b97abf7541249bef1a4d9c013175bf54fdc0ef49a7fc4e175,752aafa4cb004e846b907020d1500dcbaa6c9e46ae4af768aeb39d3ff27ad06a
remaining423,b2,5to10Traces/0003.trace,5to10Traces,plain,5,2,0,5,1,MIN_EXPANDED_SIZE,,5,6f39abe0295506c074ecc2d2ca624dbabd9e790cd4e32e2376c334e22c74ed0b,2,1,25,SAT,SAT,1,3,1.0,0.3333333333333333,TRANSLATED_ONLY,TRANSLATED_ONLY,True,388266,263090,1325516,615606,1.475791554220989,2.1531888902967156,2.531788910999694,3.2826377710002816,b3aedbd97722d584066a8d5b3bff9198faa99453d1138e0d08b5858a438da61f,b9d3c38d8fd476f25db18187ca45ccb6f5a1c0e548c93d294b94f1ebb756b6a9
remaining423,b2,5to10Traces/0004.trace,5to10Traces,plain,5,2,0,5,1,MIN_EXPANDED_SIZE,,5,05629bb4f6035f93350157aa5f7d9a45ae7afd501c1d9cfe01c1c67a1b471a14,2,50,50,SAT,SAT,1,3,1.0,0.3333333333333333,TRANSLATED_ONLY,TRANSLATED_ONLY,True,363281,437799,1153269,878086,0.8297894695967785,1.313389576875158,2.982200710000143,5.2349673130001975,6f386fce860d85d94ed5bf2cd48a47184e994ca5427e974ae97a25cbc7763b04,9b6c976aee4bc4d9d1aad582846333a8107fa44d57650ad54583212fdf100a9f
remaining423,b2,5to10Traces/0005.trace,5to10Traces,plain,5,2,0,5,1,MIN_EXPANDED_SIZE,,5,660a589b506704d37a8541151f8c604018739a7d81f670e47eb3eaa1c1d4d439,2,2,50,SAT,SAT,1,3,1.0,0.3333333333333333,TRANSLATED_ONLY,TRANSLATED_ONLY,True,774237,525155,2644600,1221659,1.4743018727804171,2.164761197682823,4.985089357999868,4.985072916999798,4893443fad245e9a97ab76368d14c06dfa045077b477bb8932c82b009a6ddff7,02c459cc4a8e74a72d09237e56538084e613e8e7da5ae8265f200f8b0e1afb3a
remaining423,b2,5to10Traces/0006.trace,5to10Traces,plain,5,2,0,5,1,MIN_EXPANDED_SIZE,,5,7d3075244c5bbbe213fc317b55abec9af8071310f9d4db6cd3ae780bfd8366dd,2,75,75,SAT,SAT,1,3,1.0,0.3333333333333333,TRANSLATED_ONLY,TRANSLATED_ONLY,True,543780,631974,1726695,1258272,0.8604467905325219,1.3722748340581368,4.384096549000333,6.536829300000136,ad7cf3cc442e901d3e11321ee3b8f074889103d2ad0dc41884fbc5e68a4f4ad8,30b630961014aa395c322abd0ae8ab69005baa870c01eb57b130dcd5eed6604a
remaining423,b2,5to10Traces/0007.trace,5to10Traces,plain,5,2,0,5,1,MIN_EXPANDED_SIZE,,5,18f49d7822132d05f1d4bb6e2811d77950778ba815b21d52c8366d09efeb63b2,2,7,75,SAT,SAT,1,3,1.0,0.3333333333333333,TRANSLATED_ONLY,TRANSLATED_ONLY,True,1219587,824467,4166615,1939151,1.4792429533262095,2.148680015120019,6.436829031000116,7.688063500999988,b2906b8a4ae24d6876a961905ff0d9904619e751194e516b610f413fd22a72c2,dea8074171436b8e0bfdebfe6c3ca75fe9dbd32b01e66df9445117a24afb76a1
remaining423,b2,5to10Traces/0008.trace,5to10Traces,plain,5,2,0,5,1,MIN_EXPANDED_SIZE,,5,41fc8b607a7d2187795688c08a2796236044c4aecfef14332076b60f8e493d1b,2,100,100,SAT,SAT,1,3,1.0,0.3333333333333333,TRANSLATED_ONLY,TRANSLATED_ONLY,True,724282,856000,2300122,1727932,0.8461238317757009,1.3311415032536003,5.284840998000163,7.788794188999873,730daa098ce658f7c44de45e18c6bfd2fc4b5769d45437401057615132907178,b2dff5a30ffe937fbaf2d03d2e9d3dd8e290b31330725f0e5dc662ead2290259
remaining423,b2,5to10Traces/0009.trace,5to10Traces,plain,5,2,0,5,1,MIN_EXPANDED_SIZE,,5,1fa2c89971eb9bf85ddb1903d4936d8b6807ddd6862da4db6a33713d919f22f9,2,5,100,SAT,SAT,1,3,1.0,0.3333333333333333,TRANSLATED_ONLY,TRANSLATED_ONLY,True,1561022,1039313,5333499,2415842,1.50197486224073,2.2077184683435425,9.090678977999687,7.2380863770004,6180a123fa925b6ce2abe35ba8968f8caafd72c835fd996141a96bedd1e2bf57,1c4805d845a998526fe31e4cbe3eeb0efe49a9a9584425f3eaac029e1120666a
remaining423,b2,5to10Traces/0010.trace,5to10Traces,plain,5,2,0,5,1,MIN_EXPANDED_SIZE,,5,2c8d5f6b675827a4d0fc5a57c97b8c99adfd9886e1aee9ccba5b50f656dad98c,2,125,125,SAT,SAT,1,3,1.0,0.3333333333333333,TRANSLATED_ONLY,TRANSLATED_ONLY,True,904772,1028512,2873537,2061660,0.8796902709934352,1.3937977164032866,5.385574795999673,8.140606700000262,e81c5cc7a71fae86d57a7e6b32838625c1ff9a9d7f14da087543d0dd4a35d721,10f5d152c4373ad65cd12975fec57e8706cf7ef7e1aa0a4fbe11c09b87ee329a
frozen200,b2,5to10Traces/0011.trace,5to10Traces,plain,5,2,0,5,1,MIN_EXPANDED_SIZE,,5,e38bf3e3c82d45a788e109824513c902af600af42cf5fa633e528c6fba782796,2,8,125,SAT,SAT,1,3,1.0,0.3333333333333333,TRANSLATED_ONLY,TRANSLATED_ONLY,True,1976682,1342425,6754048,3138488,1.4724710877702665,2.152006953666861,8.741685527999834,10.143088398000145,21fc8e29f24a7cc196f31af12347a5ce081a2f7781bc58273aee70dafdde5bca,770b4d4d130ee103eefcd98a375374b8b8d4279eaed8c6bb7ed7594613a3923f
remaining423,b2,5to10Traces/0012.trace,5to10Traces,plain,5,2,0,5,1,MIN_EXPANDED_SIZE,,5,b0ba16143354c8bf8a49bc68a909bda16cdb8008d6a8f5dc909add5fee906128,2,150,150,SAT,SAT,1,3,1.0,0.3333333333333333,TRANSLATED_ONLY,TRANSLATED_ONLY,True,1085261,1127689,3446954,2246902,0.9623761515807994,1.5340918295501984,7.489648087000205,8.240748154999892,691a97147742f2c89e972d03ddab9f1b1ad09f812f4970335d8987f33b011e4e,5334ab884cac8bbd00112eb68fe94da2e099e9abcfccc540444b66507e9d95a4
remaining423,b2,5to10Traces/0013.trace,5to10Traces,plain,5,2,0,5,1,MIN_EXPANDED_SIZE,,5,0a8539b9676e0142c7a3d8adc1f088dd222e222568f6c4c0e638bd9d2d1c0025,2,4,150,SAT,SAT,1,3,1.0,0.3333333333333333,TRANSLATED_ONLY,TRANSLATED_ONLY,True,2288427,1546986,7819466,3601990,1.4792810018965912,2.1708738780507444,11.894405386999551,11.192405081000288,78a1c22e7ec636d04092225a86271f2b2bc768f24a52610d9e7eb6a74c4cf339,97c26544adab02fe9489a72aab8cbf779c6144170732e882a13b02ca17489481
remaining423,b2,5to10Traces/0014.trace,5to10Traces,plain,5,2,0,5,1,MIN_EXPANDED_SIZE,,5,327d8396cc8c1a82e18d32f56a21117f218ebf6b88c17672b7bc0d39fff6f5bc,2,175,175,SAT,SAT,1,3,1.0,0.3333333333333333,TRANSLATED_ONLY,TRANSLATED_ONLY,True,1265757,1292471,4020372,2597699,0.9793310642946728,1.5476666080250252,6.688354789999721,9.14008825999963,efe8ca731a305ef780347df232f9474515d65c00aaf5442c4e8c9b29c73e7101,1765823d34adb4c29dad2a022b0fd874766cf81e14749d0210885e92b128bb85
remaining423,b2,5to10Traces/0015.trace,5to10Traces,plain,5,2,0,5,1,MIN_EXPANDED_SIZE,,5,0f0ec3bcc17fbab360cf629aca37f0d9e5415b296cb77f0082b1ee7567b46347,2,10,175,SAT,SAT,1,3,1.0,0.3333333333333333,TRANSLATED_ONLY,TRANSLATED_ONLY,True,2748622,1836162,9392214,4287885,1.496938723271694,2.190407158774081,12.245165456999985,13.547387565999998,f1e4caab4e7cf85ef09da149333e5fe03e28e827d73e1334f67d2acc85223e4a,b513267cb70c7004aef6c744c836a2a5147d3b05af67a675b2b0b5e0cdc2e265
frozen200,b2,5to10Traces/0016.trace,5to10Traces,plain,5,2,0,5,1,MIN_EXPANDED_SIZE,,5,fbf3dac0c3575546823f9684f2862c2e7dd41a4bf51dc7a1cc1208b93e939e0d,2,200,200,SAT,SAT,1,3,1.0,0.3333333333333333,TRANSLATED_ONLY,TRANSLATED_ONLY,True,1446255,1518562,4593799,3058437,0.9523845585494698,1.5020087057539522,9.49300849500014,11.896659132000423,6bf7744089831fad289587bb3fdd42f952c186280b6d0aa504634e61f6005e70,26729a3c961dd9e3cdab63b9fa234600f64a52710eda90e88dc0e8a5a011e442
remaining423,b2,5to10Traces/0017.trace,5to10Traces,plain,5,2,0,5,1,MIN_EXPANDED_SIZE,,5,45486e7c1a54c0d1b69c7fc4e6221d12e666904407bd082fcfdc0f69768ad5c2,2,8,200,SAT,SAT,1,3,1.0,0.3333333333333333,TRANSLATED_ONLY,TRANSLATED_ONLY,True,3090057,2063324,10559098,4795244,1.4976111362054627,2.2019938922816022,14.802736730999868,11.695416281999996,d236d52073cefa5b1d4416039d0a249ea36a2614663293b24dd8ec133294e869,fcfde4a5feb400d26eb2a5c4fd3f01401dc7f92b380714fe9aaa5ef3e336cce2
remaining423,b2,5to10Traces/0018.trace,5to10Traces,plain,5,2,0,5,1,MIN_EXPANDED_SIZE,,5,2a201848a120d6627cd6a3129527070df72cfba676dee4fc4872104f9611e1e6,2,225,225,SAT,SAT,1,3,1.0,0.3333333333333333,TRANSLATED_ONLY,TRANSLATED_ONLY,True,1626743,1629905,5167214,3277170,0.9980600096324632,1.5767305327462415,8.890761887999815,10.642568222999898,b6e117accec3b2a7b1076a32ff4584ce5e68c2afab52387c85d15144cd1fc15a,8fb9951cf5a96468af12ef3701a9bd8888e1e62c83f866305083d21bfd5562ae
remaining423,b2,5to10Traces/0019.trace,5to10Traces,plain,5,2,0,5,1,MIN_EXPANDED_SIZE,,5,d2ec63cb54f0d08edb08846e8e8cb304c4b44efa96bb5a3f755504a22f94a765,2,14,225,SAT,SAT,1,3,1.0,0.3333333333333333,TRANSLATED_ONLY,TRANSLATED_ONLY,True,3550252,2376323,12131846,5525948,1.4940107047737197,2.1954325303097315,15.750295594000136,15.751220383999907,40464caaaae74a3bc033519c9b05a3814809880a11cd9427e4467517b5d094bd,a8a5fef614aab04df8ffb13f26751960c389c01375ab1cc08d7dc42e2532abf4
remaining423,b2,5to10Traces/0020.trace,5to10Traces,plain,5,2,0,5,1,MIN_EXPANDED_SIZE,,5,fa994ea3d9fc4247e0618daf953b8dc940ca28b3068aba53d565728d72de4500,2,250,250,SAT,SAT,1,3,1.0,0.3333333333333333,TRANSLATED_ONLY,TRANSLATED_ONLY,True,1807239,1761545,5740632,3541309,1.025939729044674,1.6210480361922668,8.89083649999975,12.546537324999917,952b4b6ae913c158f3fed1d16071b3df1232f325c1212c33e1ea98aee1f43892,b5d2f9d38cd4072811ef480fe9da24d141737cf42498e658907c5df26e3afcc3
remaining423,b2,5to10Traces/0021.trace,5to10Traces,plain,5,2,0,5,1,MIN_EXPANDED_SIZE,,5,762208528583c652bfc45a65086137c0dbc2552587d032bd3d98e729c206c156,2,14,250,SAT,SAT,1,3,1.0,0.3333333333333333,TRANSLATED_ONLY,TRANSLATED_ONLY,True,3921377,2632122,13400196,6126454,1.4898158216070532,2.1872678714310103,21.05550364999999,20.607669864999934,64b84f894cffc9e12ba9d3d4b06f9555f466272ca103b67e2fae43d245623420,af03462ccbf7935ab2d8bc3390214d68638deba8deef0cdb9a2978ece55d3aa8
remaining423,b2,5to10Traces/0022.trace,5to10Traces,plain,10,2,0,8,1,MIN_EXPANDED_SIZE,,9,6c80b75187a5ed478cf842bff2085bc613efa684acf8c148e6eaa8f09b40d5c5,3,5,5,SAT,SAT,2,3,1.25,0.6666666666666666,TRANSLATED_ONLY,TRANSLATED_ONLY,True,98382,109932,324721,245868,0.8949350507586508,1.3207127401695218,1.3800608000001375,2.1311538350000774,51ef6a3a02e108a9b1f4343589e5908dfc8b7f1c66aaa94864ed167813088b54,ae02279c3a608f49136e3bc3713a771abd6de4b75bdec8378acef49215aca6d9
remaining423,b2,5to10Traces/0023.trace,5to10Traces,plain,10,2,0,8,1,MIN_EXPANDED_SIZE,,5,1f43e054972e60ab5774a73ec981357b10aa7add71b038501ae6ccb7299587c8,3,5,5,SAT,SAT,4,5,1.25,0.8,TRANSLATED_ONLY,TRANSLATED_ONLY,True,162576,108073,555305,255106,1.5043165267920757,2.1767618166566054,1.6804526890000488,2.0312219459997323,28514c4438234e1f4d5ded0bf09e7e5a4cd9266b383170594473f0d0367bc122,afee5887502e1d8bc6e3916beec2d9883d97a8730630b24a19e1489c704571c8
remaining423,b2,5to10Traces/0024.trace,5to10Traces,plain,10,2,0,8,1,MIN_EXPANDED_SIZE,,5,0d57abc1154e4fe68d03e0823d739a52f7893a122f72f3fde9028f3a8ae33c3b,3,25,25,TIMEOUT,TIMEOUT,,,1.25,,TRANSLATED_ONLY,TRANSLATED_ONLY,True,198856,269613,636375,539269,0.7375608742901864,1.1800696869280451,2.0312025530001847,3.5835764369999197,3258fcac7ff9fff7518c36c9067a1d8ff550a302450a6fee2bcb383a6f558b74,36634933c3f66fbf8f21d51ae96ddfd4b4fc6087dff6719e63bc3c6489f71577
remaining423,b2,5to10Traces/0025.trace,5to10Traces,plain,10,2,0,8,1,MIN_EXPANDED_SIZE,,9,38507a0ac6501a233719bcf5b5b67c29c1621684a3e1a855dc0d13a7e773e48f,3,25,25,TIMEOUT,TIMEOUT,,,1.25,,TRANSLATED_ONLY,TRANSLATED_ONLY,True,1654782,1108441,5683211,2629143,1.4928913672446256,2.161621106193159,8.539977544000067,9.940841815000113,92ac96e6711ebcd0a4cea0fabfd9e182b7f29d044845c7cb7f20feda297cccbc,795115276238283fe671956fb2416928160f2030eeb7aa4a9d0430eaaeafbae9
remaining423,b2,5to10Traces/0026.trace,5to10Traces,plain,10,2,0,8,1,MIN_EXPANDED_SIZE,,9,fc3f69ae20507e848cc21ca73eda7dd7bccf867f9de674721df7526c2f6463a1,3,50,50,TIMEOUT,TIMEOUT,,,1.25,,TRANSLATED_ONLY,TRANSLATED_ONLY,True,889032,934369,2936386,1978361,0.9514784844103347,1.4842518630320756,5.736111686000186,7.9385759420001705,6ad295c00a462d8807b93475dc94a219204ea19c3374caa60fd54b7ac319ca0b,6fc7ca5f1f845be197164ab6e10a0e694d3ddfedbcd8adfa73f10cfaed29b2d3
remaining423,b2,5to10Traces/0027.trace,5to10Traces,plain,10,2,0,8,1,MIN_EXPANDED_SIZE,,5,ebc6ebfd17f860ed1799aaa5836ba235cb0bda9d86eab7bd16a584195748e4ed,3,50,50,TIMEOUT,TIMEOUT,,,1.25,,TRANSLATED_ONLY,TRANSLATED_ONLY,True,1598706,1021528,5473400,2381789,1.5650143706290969,2.2980205215491383,9.441267943999947,7.88941792699984,7c8f162eb45a9ac36db80315d9231f35e376d5d38a543eba5ebffba0eb2e49d5,c1b28fccadae54d39ad73e09499113e816fe2d9592cbebdf93640bcdb03e9d55
remaining423,b2,5to10Traces/0028.trace,5to10Traces,plain,10,2,0,8,1,MIN_EXPANDED_SIZE,,5,ff529adeae7753e8593aa98359266dfe653752c9f93b02843e2b714d5969b8e9,3,75,75,TIMEOUT,TIMEOUT,,,1.25,,TRANSLATED_ONLY,TRANSLATED_ONLY,True,590556,823904,1891425,1679120,0.7167776828368354,1.1264382533708133,4.183736476999911,6.586883814999965,c7e06ecc7e70a7669734ae45f72b9b4e37315d44bc91523efd5d9d13b423ba07,b7619de9944baed9ff4cbea22415299afdfea1648ee57e14960c5ff4fb599535
remaining423,b2,5to10Traces/0029.trace,5to10Traces,plain,10,2,0,8,1,MIN_EXPANDED_SIZE,,5,07a00ad7c82e28b5155dcaa566e300eeff50745de409392212cf2b4fd2399ea7,3,75,75,TIMEOUT,TIMEOUT,,,1.25,,TRANSLATED_ONLY,TRANSLATED_ONLY,True,2396556,1560235,8205675,3658546,1.5360224581553419,2.242878728325406,12.39555984399999,10.142303720999962,cbc091af985091d123b19e9cdf833e1aa2641b738270d31b49de69a2c0598bd3,2f683efe9327990f2a84dacfee2780fa2b02309e2cdc6998f51585e4002b5940
remaining423,b2,5to10Traces/0030.trace,5to10Traces,plain,10,2,0,8,1,MIN_EXPANDED_SIZE,,9,35f848aca47ffdc2abe20fea5611e3d02f2a02a9a64ad107ce1af81e048c4b11,3,100,100,TIMEOUT,TIMEOUT,,,1.25,,TRANSLATED_ONLY,TRANSLATED_ONLY,True,1767532,1840896,5838236,3907076,0.9601476672229176,1.4942724431262664,8.389684323999973,12.846638586000154,0e53cbf6a766594a61f546ccb6a9bd85a28cef00ad11dde054eeb630dac9de2c,7741d55817b02859f2d20ad4a8891a91d06494eaa36c9a9f6ff6b2381ca0d9f3
remaining423,b2,5to10Traces/0031.trace,5to10Traces,plain,10,2,0,8,1,MIN_EXPANDED_SIZE,,9,0e62190a102c28fd19abe1f19ac42dcbc0d81046ffc5d271154d27288c3b7d3b,3,100,100,TIMEOUT,TIMEOUT,,,1.25,,TRANSLATED_ONLY,TRANSLATED_ONLY,True,6587532,4465376,22629236,10646114,1.4752468773066367,2.125586481602583,38.53467256900012,33.27888261499993,7467d0bd7829314ed1ffcd302b7b61b0aacd8b5624a84a4a0b71671fe9ffa2e7,1bbe8ff427c3d4c57f717434467d2927e0e9e8f88579fe73472c7a58eb18d42a
remaining423,b2,5to10Traces/0032.trace,5to10Traces,plain,10,2,0,8,1,MIN_EXPANDED_SIZE,,5,57dd97edf5cc3c106dcad445c7ae0dbdcaa578bc4fc72302ed1652e13a51bc64,3,125,125,TIMEOUT,TIMEOUT,,,1.25,,TRANSLATED_ONLY,TRANSLATED_ONLY,True,982256,1362833,3146475,2771597,0.7207456819727729,1.1352570377295113,5.335530500999994,10.041621504999966,bcb44931beddbb23b51f47b65a939bf32fbacf0fc066e07dfde3330a0455851f,49709280db5de6f8827d4c777ee12b074e941aef695d04cdeae07a38fd258b34
remaining423,b2,5to10Traces/0033.trace,5to10Traces,plain,10,2,0,8,1,MIN_EXPANDED_SIZE,,7,ee7ed51fee44ba93cdbb31b9b14ad02bb32f3de11c0469756dc702c50db80225,3,125,125,TIMEOUT,TIMEOUT,,,1.25,,TRANSLATED_ONLY,TRANSLATED_ONLY,True,5891745,4329584,20193065,10252557,1.3608108769803289,1.9695637878433643,31.921703626999715,30.1697928589997,04e4fafbb5a8e11dc529f282b46da3981c621dcaeb655c1db649b824becd86d7,640177344483a0247849bda7a4ec02949524bd99eef68e3eb8673365cae1a1db
frozen200,b2,5to10Traces/0034.trace,5to10Traces,plain,10,2,0,8,1,MIN_EXPANDED_SIZE,,5,5359af3606015c7bc80e09ecb994c0944124012d2a334ddb061df8ee7e0ee7e9,3,150,150,TIMEOUT,TIMEOUT,,,1.25,,TRANSLATED_ONLY,TRANSLATED_ONLY,True,1178106,1637224,3774000,3334109,0.7195753299487425,1.1319365983535632,7.839998834999278,11.046614390999821,25d5f080b6de96e5b2ad14b83a7c39b0e1e159b386d19cb2f1f20c8da31c1a62,4c2bf0e35a91a4d179317f4df5204231c0fd3e1e9fa195d0bbfa6c8018eb8844
remaining423,b2,5to10Traces/0035.trace,5to10Traces,plain,10,2,0,8,1,MIN_EXPANDED_SIZE,,7,c426873f1d6100da2ac5121d8557a0015b1beb10f5c91e225ec81118451b884b,3,150,150,TIMEOUT,TIMEOUT,,,1.25,,TRANSLATED_ONLY,TRANSLATED_ONLY,True,7068795,5246140,24227540,12449649,1.3474278231232868,1.946042012911368,41.3899513059996,35.68339400599962,46d812892b09d55de19cced0ff52b9e533b0cef5910ba9ec1cb5f8908942e9e8,0135c80d0dcee4114551616adee4a027c8b3ef0ff4f3cb2991359e6e15840c9e
remaining423,b2,5to10Traces/0036.trace,5to10Traces,plain,10,2,0,8,1,MIN_EXPANDED_SIZE,,9,b1e2aae2986a43365166a93f9337049f72a8d732496765ee22e195921efbf547,3,175,175,TIMEOUT,TIMEOUT,,,1.25,,TRANSLATED_ONLY,TRANSLATED_ONLY,True,3085282,3243806,10191011,6877915,0.951130246383415,1.4817006316594492,15.248588427999948,23.459188682000104,237db4653f74d318e9a9a47e691af7ba3de8ac4810fef0919e37fb5aeedf4915,ff02d325f8a1015f278b045c540e304c46b17fc552ae4a5366c93b8a8908f7ec
remaining423,b2,5to10Traces/0037.trace,5to10Traces,plain,10,2,0,8,1,MIN_EXPANDED_SIZE,,9,706cc48d00f6e56c776cb6c6f15b2e4616903816e710c5c243f51d0099d07091,3,175,175,TIMEOUT,TIMEOUT,,,1.25,,TRANSLATION_TIMEOUT,TRANSLATED_ONLY,False,,7749861,,18520263,,,180.79910944699986,55.955721477000225,6e7dd8362b15eb697311c4e67fe52ed07285d858e84822596c5284bb6dcbca18,85804aff745b65ab823fbd721ba5d3555d0f1a3af3573724eae7ccdb83cd6c0e
remaining423,b2,5to10Traces/0038.trace,5to10Traces,plain,10,2,0,8,1,MIN_EXPANDED_SIZE,,5,d411a5a489be3c4f9746e0d02df6458494aa8173562852ada225c09ea49dfee5,3,200,200,TIMEOUT,TIMEOUT,,,1.25,,TRANSLATED_ONLY,TRANSLATED_ONLY,True,1569805,2180845,5029049,4437933,0.719815025827145,1.1331962424849586,9.540606390999983,18.1524758810001,6167be1f13271aeb74c5100cb1df3d2f5f098cc2efb8c3f367bb2100d06336e1,eb306c58599e6e4970c3e7d973fa1b02a9115e3647b08f4415e32b69b0d6f731
remaining423,b2,5to10Traces/0039.trace,5to10Traces,plain,10,2,0,8,1,MIN_EXPANDED_SIZE,,9,aa9847bdb52c00f1c8ddb561e4735990d45a46974fadc08b61b61d3bbf22efa1,3,200,200,TIMEOUT,TIMEOUT,,,1.25,,TRANSLATION_TIMEOUT,TRANSLATED_ONLY,False,,8844314,,21118770,,,180.79304015800017,69.87301390699986,325707381bc19ad0dda769145c1dd0a33054d0200e781ce4abc69ffa43174596,13f7c330654c4b9c967caa72d32b390f2a4a0d027ffeba9155979ccbf3cc10ef
remaining423,b2,5to10Traces/0040.trace,5to10Traces,plain,10,2,0,8,1,MIN_EXPANDED_SIZE,,9,44f5cbcc1bfb3c796d7ca0e658ddf54d832f3fe4be5a9cdddcbb1e5e8eddf61d,3,225,225,TIMEOUT,TIMEOUT,,,1.25,,TRANSLATED_ONLY,TRANSLATED_ONLY,True,3963782,4138916,13092861,8765256,0.9576860221371972,1.4937226020552052,19.80830232299968,29.067327461000332,db1e57fbd93c7e7cf56f5340b67a9945ae7d167d664b4f62c81847e0f68e636a,a477225eebd16177ab37dae99dee4fe854ab9ea220c9480c91bc67f8b83b8068
remaining423,b2,5to10Traces/0041.trace,5to10Traces,plain,10,2,0,8,1,MIN_EXPANDED_SIZE,,5,19adba18fde82da20adba26fd41cc7576324db55d448cd26ee2f06aab0e4e69a,3,225,225,TIMEOUT,TIMEOUT,,,1.25,,TRANSLATED_ONLY,TRANSLATED_ONLY,True,7183656,4576497,24599325,10702692,1.56968441146143,2.298424078727109,42.69533689800005,32.23144213799992,b2e941494472a22eb68668891bd4a0a230c050d074818820b8dfcc20eb9b6c1e,c8d33ff2c05abd9c9e5741026edf6473de10672301d2ffde25f1c8a2dd2e2c87
remaining423,b2,5to10Traces/0042.trace,5to10Traces,plain,10,2,0,8,1,MIN_EXPANDED_SIZE,,5,5cfb6e0dfec7365f0e68ecb0ad2f4f9871e8800b3c557179eff7b723e201b857,3,250,250,TIMEOUT,TIMEOUT,,,1.25,,TRANSLATED_ONLY,TRANSLATED_ONLY,True,1961505,2716409,6284099,5525766,0.7220948686298713,1.1372358149078337,12.444953409999925,21.006441361999805,d705bcdc4c62fef7faef7d35a88c59dde2077c7daa1c0774ae92483bbbc84634,ac219b5601e69a39a9e3b297a7fe8e6875b4e72496d902a2f06a5880420ddb7d
remaining423,b2,5to10Traces/0043.trace,5to10Traces,plain,10,2,0,8,1,MIN_EXPANDED_SIZE,,5,0ba767b4a1ffc90b215690664a295541a24c200c57666378d08384c8d5bc52db,3,250,250,TIMEOUT,TIMEOUT,,,1.25,,TRANSLATED_ONLY,TRANSLATED_ONLY,True,7981506,5108845,27331600,11978618,1.5622916725796143,2.2816989405622583,47.650784103000206,35.486043690000315,b8395d9fffa42c2fa7561dfa7a063156c3450b5d31cda7d352275f3f62f1566d,2c22db5f7e4aaf26943d1f9088c240bf5124ae30794a161d2ea231aae337f1c5
remaining423,b2,5to10Traces/0044.trace,5to10Traces,plain,18,2,0,8,1,MIN_EXPANDED_SIZE,,11,14c046169a257cc5c4e9a2085440c69639c5a2f6631e6aca6d1b14a58a103b8b,3,5,5,SAT,SAT,3,5,2.25,0.6,TRANSLATED_ONLY,TRANSLATED_ONLY,True,135296,115654,451657,252834,1.169834160513255,1.786377623262694,1.5302853749999485,2.2811882679998234,9f4c7cd817f1b0b0ca4aad6233d79b772c3a16a0ae4ce51f5d6dd9d03caf2132,c4149afb6641d75deb225e4a5632c839dfd717153a5ccb707ec18621812f9f2f
remaining423,b2,5to10Traces/0045.trace,5to10Traces,plain,18,2,0,8,1,MIN_EXPANDED_SIZE,,5,6be0adea98eb9f7f8aa3bc1d94d8fab75c02fea48f2f56dd13cc3e0b4c5951f9,3,2,5,SAT,SAT,3,5,2.25,0.6,TRANSLATED_ONLY,TRANSLATED_ONLY,True,114705,76263,391370,176111,1.5040714370009047,2.222291622896923,1.530301426999813,1.83067144000006,ab4feb7a05b12505686bcf3751377a439d4fe664ffb08e86d924f142faa59153,2cbfbe142eb8b79330bf7b92db6f4e6951add0bd9582600c3d686693462f5ca4
remaining423,b2,5to10Traces/0046.trace,5to10Traces,plain,18,2,0,8,1,MIN_EXPANDED_SIZE,,5,5015ab49b8416d7fd346e98aa2c1d6056f2a5e41522ce67ca9331ba5cb7ef5aa,3,25,25,SAT,SAT,3,6,2.25,0.5,TRANSLATED_ONLY,TRANSLATED_ONLY,True,198856,271617,636375,554818,0.7321191236189193,1.1469977542185006,2.0810730799998964,3.783382457000016,b2ff51fb8dde9153a6d2815e0838cc823db2f7f1a810feac5b079ee48b15131d,cb92bd935bba07afcb6e39a262651db6a69c5e24a72ce6940f0e3d32d94ad7ee
remaining423,b2,5to10Traces/0047.trace,5to10Traces,plain,18,2,0,8,1,MIN_EXPANDED_SIZE,,15,8fce70ae980e6764f2a896a63e52a23cd45fd9c602acf346d208674a041a7ba8,3,9,25,SAT,SAT,3,6,2.25,0.5,TRANSLATED_ONLY,TRANSLATED_ONLY,True,2467969,812454,8540067,1965729,3.0376722866771533,4.344478308047549,11.493008520000103,8.28947080099988,970b453e083d6a6b3f9484dc485450491d947269e18368cd843323b421a1ad60,4e68661dff157970e46e93380dfbc53d5ca5252dda9c7754aa0684334c4e3385
remaining423,b2,5to10Traces/0048.trace,5to10Traces,plain,18,2,0,8,1,MIN_EXPANDED_SIZE,,5,014bbe82bb5bd12969eeb2dc31d08d7fae63765cdc8ced993133d22211c15d66,3,50,50,SAT,SAT,3,6,2.25,0.5,TRANSLATED_ONLY,TRANSLATED_ONLY,True,394706,533441,1263900,1084109,0.7399243777662384,1.1658421800759886,2.83216767399972,5.686050530000102,f117f8cd653cf4aa32f4732adf150063afea92c10d1ba33e364282a8370f2333,f6943d465da7539c584807494f54e1c7d979abf321541c0aba7760b14d1f8e06
remaining423,b2,5to10Traces/0049.trace,5to10Traces,plain,18,2,0,8,1,MIN_EXPANDED_SIZE,,15,30438c7936428af7ad72cc1315ea699c8be91d6b2fd954c32d5ece0bc742772d,3,12,50,SAT,SAT,3,6,2.25,0.5,TRANSLATED_ONLY,TRANSLATED_ONLY,True,4469325,1514894,15463512,3703961,2.9502559254970975,4.174858212599971,23.81175197599987,13.24664516100006,f783ff0f2bdb54a2fb67c14fd19c0359c25067dd9be325ee3459c01e4086fab5,5a64c6430069f0d75c162cf95cf8ef2af3d44ae7b897cb510bb513841197c2e3
remaining423,b2,5to10Traces/0050.trace,5to10Traces,plain,18,2,0,8,1,MIN_EXPANDED_SIZE,,7,e8a823e3c3a7b888a9cbb620f2002d454a22f181ad3c3d6bad1204fb0f76904b,3,75,75,TIMEOUT,SAT,3,6,2.25,0.5,TRANSLATED_ONLY,TRANSLATED_ONLY,True,923145,1193313,3009365,2500115,0.773598376955585,1.2036906302310093,5.63591733699991,9.240782021000086,e9a7b479e9e40e1a4513809504ab1512f6e6d4a3f28bbeb31d07982982f1c7d7,cc1de46dc2c687454a3bed9e652f49fb5585947d737e53120ea7fe6eff806ab4
remaining423,b2,5to10Traces/0051.trace,5to10Traces,plain,18,2,0,8,1,MIN_EXPANDED_SIZE,,11,73f4ee93b2ae99232e726fb217d7d554449a94a0e373248232b5425de7aed882,3,10,75,TIMEOUT,SAT,3,6,2.25,0.5,TRANSLATED_ONLY,TRANSLATED_ONLY,True,3754971,2007137,12930652,4819601,1.870809516241293,2.682929976983572,18.30409700900009,18.803475245999834,207933b9054447a95ac8e2cac6c82091bfc6ab136aeb5c9765ba7b6fe11a8131,40646899d84599c93e1b7dac46c8b48c268d9f0fa95b4b1d6208735d8ac14ec0
remaining423,b2,5to10Traces/0052.trace,5to10Traces,plain,18,2,0,8,1,MIN_EXPANDED_SIZE,,5,91ff15f195ca072afe71e536812bb9f6c402c6f3e2f227a1c1997ddd407c5988,3,100,100,TIMEOUT,SAT,3,6,2.25,0.5,TRANSLATED_ONLY,TRANSLATED_ONLY,True,786406,1060187,2518950,2147261,0.741761594888449,1.1730991248851443,4.984802026000125,9.94175291900001,e9b100fa5b69c2cd9e8bba6ed812c93b6eb0882e2c504a0c9929060eb769c71a,fc94cae13753067a66fa55b3a48c8ae25e0b63559b045fe1840c4f91d8f7e9fc
remaining423,b2,5to10Traces/0053.trace,5to10Traces,plain,18,2,0,8,1,MIN_EXPANDED_SIZE,,7,e7248279f2a15a5de11d23fd419dd208c9e4f00722658331d9ffea70eb2a14f3,3,16,100,TIMEOUT,TIMEOUT,,,2.25,,TRANSLATED_ONLY,TRANSLATED_ONLY,True,2737251,1992480,9380714,4691892,1.373790953986991,1.999345679738579,12.494786950999924,14.39817806200017,9229c35ae5b15f92b5be43e77c1877620bf194dca436c5d6386660159ac45483,d8ec099c616d0d9764f74cd313ee6c2a29fb2eb0c9df8807d07bb3c0e9432915
remaining423,b2,5to10Traces/0054.trace,5to10Traces,plain,18,2,0,8,1,MIN_EXPANDED_SIZE,,5,cdef96667f3e06b99fe679140c3e1979c0841dfc1c39b27629fcb3bb58e25741,3,125,125,TIMEOUT,SAT,3,6,2.25,0.5,TRANSLATED_ONLY,TRANSLATED_ONLY,True,982255,1347766,3146474,2759797,0.7288023291877077,1.140110667559969,6.0369652850001785,9.441674250000005,bf8df76b02d23eabcea4449aaca0b0ca9150671afbc7bbbada1922b555caec73,e6c85775f1d2cd958f3eb4c634a8fd96dd367f2343b744dc1c566d97cbce498e
remaining423,b2,5to10Traces/0055.trace,5to10Traces,plain,18,2,0,8,1,MIN_EXPANDED_SIZE,,5,6ac3094d3b73be048f62252ce02bec18ad576cacbd3f2032dd829ad3d37a8888,3,23,125,TIMEOUT,TIMEOUT,,,2.25,,TRANSLATED_ONLY,TRANSLATED_ONLY,True,2364642,1539934,8096435,3606245,1.5355476273658482,2.2451150712167367,11.844692174000102,9.791771348000111,0f91bc8b5338b69d0635b30a14ed2eeeb44a618dc9ba42a52b9c771bc27793b8,4d56c02494c85880ad6fa4a93d7ddc35b7294c92c1cb0ecf0d69d239dcb5a6b2
remaining423,b2,5to10Traces/0056.trace,5to10Traces,plain,18,2,0,8,1,MIN_EXPANDED_SIZE,,5,20f4e14ed1677bec1373dcd944e30d8cfc45c5fa4e2a9e72082654e3c7c07d55,3,150,150,TIMEOUT,TIMEOUT,,,2.25,,TRANSLATED_ONLY,TRANSLATED_ONLY,True,1178105,1607333,3773999,3272543,0.7329563942257142,1.1532312944398286,7.438406536000002,11.293797071999961,ddb6a5850cd1ae98855dace25a5b53e0c7d2b9424b1d91d67e6bf1946c58ae60,ca5588a14bcebaf11a26bbe50f344136bb57e0277e4d8cb3d24522d298a09896
remaining423,b2,5to10Traces/0057.trace,5to10Traces,plain,18,2,0,8,1,MIN_EXPANDED_SIZE,,5,23eef4fd79d5c9dca6054fb5076ba2e9ca74f1c58562f751761a687cb97c8225,3,23,150,TIMEOUT,TIMEOUT,,,2.25,,TRANSLATED_ONLY,TRANSLATED_ONLY,True,2763567,1778636,9462585,4169670,1.5537563616164296,2.2693846275604543,16.901240114000302,13.296973163000075,3d2231064c952dbebfe2c6966ebd68e0857f729f3a939847ee050449e49f251f,4b9358e212ff4e5998375b286820d90d449c17196f770ddb5be652d03d8e76a9
remaining423,b2,5to10Traces/0058.trace,5to10Traces,plain,18,2,0,8,1,MIN_EXPANDED_SIZE,,5,ca7e3124f44c2b26b59839f88d1effc0bb59258816a64d1e31a04caed2a3c093,3,175,175,TIMEOUT,TIMEOUT,,,2.25,,TRANSLATED_ONLY,TRANSLATED_ONLY,True,1373955,1819585,4401524,3690106,0.7550925073574469,1.1927906678019546,10.041742522999812,15.350257030000193,93f4339555cb2cbbf60fc38da5769d9859fe90aaa8245cb82e682186329947d6,9472a7b0741fd7146bb54b628a0013480e2012d473bf7e3bbc8739eae45cc8bb
remaining423,b2,5to10Traces/0059.trace,5to10Traces,plain,18,2,0,8,1,MIN_EXPANDED_SIZE,,5,1a57e62a9cd8a4b5a550a414264c541abedfaf0ecb8a6cc02a6fec1bd623c0b0,3,39,175,TIMEOUT,TIMEOUT,,,2.25,,TRANSLATED_ONLY,TRANSLATED_ONLY,True,3417804,2187600,11703055,5128076,1.5623532638507953,2.2821531896173144,16.00149267000006,17.154919115999746,e48803567b6741a66073139da587b9e7f6afb890275724e9cb0433828273e85d,9883af6e43d865cfd6d72e180cd5cb36a6c6655e43d73e249cef0d64f9ee47be
remaining423,b2,5to10Traces/0060.trace,5to10Traces,plain,18,2,0,8,1,MIN_EXPANDED_SIZE,,15,89c502bda45cb21889bc87970c566b7ec35390aff17b424c7cec9d21e656c633,3,200,200,TIMEOUT,TIMEOUT,,,2.25,,TRANSLATED_ONLY,TRANSLATED_ONLY,True,7912549,3605435,26781230,7635602,2.1946170156999085,3.5074156562901,39.480430783999964,25.612942246999864,4d494e587841d718636bf076b150715a67f6d8cc6bf9f0f6b97c2f0ac2cf7a60,7e11fde9aec71c50ad4498430b055f5135e6bbf8dc6aba48780a015d8625dd49
remaining423,b2,5to10Traces/0061.trace,5to10Traces,plain,18,2,0,8,1,MIN_EXPANDED_SIZE,,7,b0f1a823becc45ec700901a4d17a8fb4a2747ae6558a0a7ee75914e2a8bf19c2,3,42,200,TIMEOUT,TIMEOUT,,,2.25,,TRANSLATED_ONLY,TRANSLATED_ONLY,True,5703417,4202345,19547628,9962808,1.357198659319975,1.9620600939012376,29.434731619000104,29.12232359399968,51dabe8725535e22dd290b31581cdc689c4572719b4a343a5144c3499227b919,521f2158554e4d6be1f09cba30dd192a886fdcdaad57577af0cc58e9e2fc7f60
remaining423,b2,5to10Traces/0062.trace,5to10Traces,plain,18,2,0,8,1,MIN_EXPANDED_SIZE,,5,659578e22d18330e18c4bd6eac4e1e2a4cc66cc0b6764d215dba3d25570d0d4e,3,225,225,TIMEOUT,TIMEOUT,,,2.25,,TRANSLATED_ONLY,TRANSLATED_ONLY,True,1765653,2402849,5656572,4891327,0.7348164616253455,1.1564493643544993,9.190266064999832,16.600295104999987,3a2c9c6f88b599eec99bc92afa58998fd191eec5ea894679e21fdd744b89c329,c85fc147dbdd7fa6a80fc5a2d726301d768bbf355cf9c79c3f8cd34e7cfc11fb
remaining423,b2,5to10Traces/0063.trace,5to10Traces,plain,18,2,0,8,1,MIN_EXPANDED_SIZE,,5,2ce63ff5e34cef24daee6a38e21f61b2a9b228d75356b8ec857a53c0be00c773,3,56,225,TIMEOUT,TIMEOUT,,,2.25,,TRANSLATED_ONLY,TRANSLATED_ONLY,True,4486923,2866604,15364320,6699329,1.565239914546969,2.2934117730298063,25.01582157200005,18.603772915000036,0a86930a9a6ef0c5ccdddc3c5de9f39a116200849b592bdd66e5c4e0c3739c4d,31f2c323e6b46f3c519effaf771c4c6bb3639a4ae95eb81b394eb98b21b72047
remaining423,b2,5to10Traces/0064.trace,5to10Traces,plain,18,2,0,8,1,MIN_EXPANDED_SIZE,,9,4739f9e06f3c05ec3596ff9831d461a251a6384e5b72166a6596b77e3f6fe6b3,3,250,250,TIMEOUT,TIMEOUT,,,2.25,,TRANSLATED_ONLY,TRANSLATED_ONLY,True,4403030,4499766,14543784,9547079,0.9785019932147583,1.5233752648323116,24.21169067300002,32.37511541499998,689e517fb603d5096f25561d51a05e90463a0a02f20bcb2008c57e740699abb4,4754c402fe7ff572a13058ffd273a29bfffae7cebf2167a0367155ac1b08b5a7
remaining423,b2,5to10Traces/0065.trace,5to10Traces,plain,18,2,0,8,1,MIN_EXPANDED_SIZE,,5,2f6f12b0ce96437e99643656a191987fe3e29e5ea11200883df97544dbeaa31f,3,46,250,TIMEOUT,TIMEOUT,,,2.25,,TRANSLATED_ONLY,TRANSLATED_ONLY,True,4726278,3014769,16184020,7042247,1.5677081726659654,2.2981329680711284,26.46338724899988,18.25265968299982,323487e1c0320a9074eaabf12dc9b6d8217868c623e0c66980af742232ba2be8,98ee27ed956c62831009425987f23bee72cf611fe3baecdecf66ec7e00817563
remaining423,b2,5to10Traces/0066.trace,5to10Traces,plain,18,2,0,8,1,MIN_EXPANDED_SIZE,,9,be366ea181bd705203673a02f3beb9307e2b7f2428e44e84f12e6d02991f1a4e,3,5,5,SAT,SAT,1,2,2.25,0.5,TRANSLATED_ONLY,TRANSLATED_ONLY,True,98382,112576,324721,245724,0.8739162876634451,1.3214867086650062,1.3800018859999454,2.4817702390000704,d42462d07399192640bbe12f19aa8150f38bc19696d89c6a49a4f4b24de93cbe,ef82d1b8099fa8abca377e9b3061dca6051b5f290fb4a4db5109a529016cc6c8
remaining423,b2,5to10Traces/0068.trace,5to10Traces,plain,18,2,0,8,1,MIN_EXPANDED_SIZE,,15,b8c4141464e79c6eaaed0c2f296370039049719c1228e7e6b019fc381050f8a2,3,25,25,TIMEOUT,SAT,5,7,2.25,0.7142857142857143,TRANSLATED_ONLY,TRANSLATED_ONLY,True,1022101,474482,3464057,1019829,2.1541407260970913,3.3967037611207367,5.786090601000069,5.485833255000216,9668c56d987914b551965ad4dd705858f9c1be7d61d92aa348e73029972032c4,24d5b12a2ea5b75743f496ae819fbf6302b9126632305b8db5e9f4d81f39b992
remaining423,b2,5to10Traces/0069.trace,5to10Traces,plain,18,2,0,8,1,MIN_EXPANDED_SIZE,,11,69f6ca91822c321e18396ab634066518e44a44b6f64bdfeb4c83956d8a4095f6,3,25,2,SAT,SAT,1,2,2.25,0.5,TRANSLATED_ONLY,TRANSLATED_ONLY,True,1203609,667110,4143753,1602442,1.8042136978909025,2.5858988968087457,6.386564835999707,7.238764713999899,d5aec8ceb637a3b84009163225e996104385d6f2aaabeb540fa946b16296f703,6da51e3d025da22a93101d3136ac6c79aec2c1dd4c95f79a748db93c368c38e5
remaining423,b2,5to10Traces/0070.trace,5to10Traces,plain,18,2,0,8,1,MIN_EXPANDED_SIZE,,11,a5e13ab1eb3be7dc2415e0c02ec5362d6e303166b8c91d28a3670fa657d6279d,3,50,50,TIMEOUT,SAT,4,7,2.25,0.5714285714285714,TRANSLATED_ONLY,TRANSLATED_ONLY,True,1209806,909630,4036582,1929338,1.3299979112386355,2.0922109034290517,5.886315640000248,7.9888318859998435,cf1155a640c736d6e3d52246bdbc41a7c8cdb47061cb80f6825f6c34d90e0a10,6347915b3dd8a61b34b0fec5971206c0e4331876a6f07f093f65f77de616f46a
remaining423,b2,5to10Traces/0071.trace,5to10Traces,plain,18,2,0,8,1,MIN_EXPANDED_SIZE,,5,46b83e7e6b53a7da44fc411f1088825e0272c13e8143b4c9eeeb2ef3d110cb26,3,50,8,SAT,SAT,3,5,2.25,0.6,TRANSLATED_ONLY,TRANSLATED_ONLY,True,928512,580349,3178268,1350582,1.5999200481089828,2.353258076888334,4.884769444000085,6.186729835000278,60eeb799854c0564f9fe91175059b894527d24c7604e456b8f05d0c9ed869bea,e8f297940e7d73bb23427631009b720fb10fdb03ac9272d9d47c1487d5c4432e
remaining423,b2,5to10Traces/0072.trace,5to10Traces,plain,18,2,0,8,1,MIN_EXPANDED_SIZE,,7,5a765703a495b808f153726282d69d93ac2f988c6a385bfc19d5234ff374d7f4,3,75,75,TIMEOUT,TIMEOUT,,,2.25,,TRANSLATED_ONLY,TRANSLATED_ONLY,True,923145,1204801,3009365,2529517,0.7662219735873393,1.1896994564574976,5.4862341639995975,9.290414662999865,32a2a83ae1e4da5f8d79d40d10451e61e9de1135f2053a26c295eb9af5db6e54,b25264bf54d8753d346c6ecabce2ac70fa64750a91298ba43f9f5a969e59266b
frozen200,b2,5to10Traces/0073.trace,5to10Traces,plain,18,2,0,8,1,MIN_EXPANDED_SIZE,,5,796cc73a47026adb51fe9c60fc5a6bf2fab504caa9bf10868738968b723c7858,3,75,13,SAT,SAT,3,5,2.25,0.6,TRANSLATED_ONLY,TRANSLATED_ONLY,True,1407222,912127,4817623,2134247,1.5427917384311614,2.257294024543551,5.587169987999914,6.939276199999767,4811445171d267b6e2e4de3f36103ac54492e2fee9a616d06c07815d012bf863,7494252e74d511691b2686792194d97f9c3416b56397f9340b8635b5883b10b7
frozen200,b2,5to10Traces/0074.trace,5to10Traces,plain,18,2,0,8,1,MIN_EXPANDED_SIZE,,15,17a8172a264c432b22b6195f94909869d4a7b32b69d4fe159beebda0c06d060c,3,100,100,TIMEOUT,TIMEOUT,,,2.25,,TRANSLATED_ONLY,TRANSLATED_ONLY,True,3975151,1830103,13457132,3880586,2.172091406877099,3.4678092432431598,21.809249173999888,14.447886642000412,9244102aefb3a8195c884dc4d5640b0d98ffaabc70f2630b0051e5e0bf8e760c,10b06afec24fd74bea005f9f31f9b42be04902dbfce11de24e181af4d1a8d8ab
remaining423,b2,5to10Traces/0075.trace,5to10Traces,plain,18,2,0,8,1,MIN_EXPANDED_SIZE,,11,839c7f703e8cdbddd265b823b571ea03e2daca58a23f1493feff60c796373619,3,100,22,SAT,SAT,3,5,2.25,0.6,TRANSLATED_ONLY,TRANSLATED_ONLY,True,5382564,2871913,18535988,6920229,1.8742085850093648,2.678522343697008,27.014603523000005,21.10684843099989,4db897841ac3db21e955c1892f3fe8c9ffb6719abfa011aade9b9a5664559e02,d100d343e4c328d34318f4deed2a431e9299c3df3a642f9441c5d45b3402643b
remaining423,b2,5to10Traces/0076.trace,5to10Traces,plain,18,2,0,8,1,MIN_EXPANDED_SIZE,,15,4a481963aaa32652946def7cfc9f5619c28a3cdab2e2e295fa79bcd026e61c82,3,125,125,TIMEOUT,TIMEOUT,,,2.25,,TRANSLATED_ONLY,TRANSLATED_ONLY,True,4959501,2297580,16788157,4903827,2.158575979944115,3.423480681516701,25.811837041000217,16.100583616000222,5e2ad6610150fd005c9a45de89c7d0c11626e90c13bc001ed9cc856358f05d12,a65bd8bfddf3a490ff3dced4d659bc37c9d69d397a8b6176082808797de437d2
remaining423,b2,5to10Traces/0077.trace,5to10Traces,plain,18,2,0,8,1,MIN_EXPANDED_SIZE,,15,37be0b9dadbe653282583062331b1d0b8c75f19c11d87996a10a06629585968b,3,125,19,TIMEOUT,SAT,3,5,2.25,0.6,TRANSLATION_TIMEOUT,TRANSLATED_ONLY,False,,3326098,,8021925,,,180.75168574100007,28.769190694000372,44d6972c12faea514a7035d13c4be1f9ec88d9e9db18d1e14e18c1d6fb24a561,58f269ba12f8271ea321d27a7c49165500f25a23b373c7eaa4354edf8d8b0da7
frozen200,b2,5to10Traces/0078.trace,5to10Traces,plain,18,2,0,8,1,MIN_EXPANDED_SIZE,,11,38647e132ee55de9993f8c59a208e35d4c2ce6487de2fac015c6509a0f9e6b3c,3,150,150,TIMEOUT,TIMEOUT,,,2.25,,TRANSLATED_ONLY,TRANSLATED_ONLY,True,3597605,2717603,12003081,5770520,1.3238155094765498,2.0800692138663415,19.305268271000386,18.403772104999916,1a5a3b73085a246ada5631cef14924a1d8e803f9dd8f316920a8912c77d9f9d3,f074962811bcaaa2126dd3ac868ef12aeaa200b2a19e201902c155acaa81aad6
remaining423,b2,5to10Traces/0079.trace,5to10Traces,plain,18,2,0,8,1,MIN_EXPANDED_SIZE,,11,6b1f34756a919d6f363f39c71ab2178ce9a2b7c6a15cb0d3988ef8e04e59e7d3,3,150,33,TIMEOUT,TIMEOUT,,,2.25,,TRANSLATED_ONLY,TRANSLATED_ONLY,True,8065893,4266698,27777316,10278070,1.8904297890312367,2.70258093202323,38.283151134000036,34.22668234999992,b6f369a38ca950234dd7556f21b02f231efa7bcae6de04790eb8573311635226,06c6c99f53c57194f6963a115ea51e84e31b68b76650e0377b720c9b84facb4b
remaining423,b2,5to10Traces/0080.trace,5to10Traces,plain,18,2,0,8,1,MIN_EXPANDED_SIZE,,5,f2434042464636c57e3f95690a219a0e946ad0f386c0b30fe37d6445d6301399,3,175,175,TIMEOUT,TIMEOUT,,,2.25,,TRANSLATED_ONLY,TRANSLATED_ONLY,True,1373955,1882521,4401524,3846046,0.7298484319696832,1.1444283297703668,9.090666390000024,15.298844864999865,221dd44894137bc53551db56bdeaa0d1dd0686f613a98f981a62537ad7d1a9aa,2f919e42377a7f14366402e753097cc790c787bfa755ff9ed95794f6940f6318
remaining423,b2,5to10Traces/0081.trace,5to10Traces,plain,18,2,0,8,1,MIN_EXPANDED_SIZE,,5,708450a78b236ce7eaba4691c29adff08e77676f2cb2a2cda38d5b44d96f876a,3,175,30,SAT,TIMEOUT,,,2.25,,TRANSLATED_ONLY,TRANSLATED_ONLY,True,3274191,2112809,11211105,4948959,1.5496862234115814,2.265346106120499,16.00163973100007,14.148179039999832,f76bdb8a4dbf81ce44553135325bacc746535df4fcd2a6d59bacd39acd225e52,6627096b4491eb7ec814e375ce855d2aed0ebd0ea132622262c4f9568c106c63
remaining423,b2,5to10Traces/0082.trace,5to10Traces,plain,18,2,0,8,1,MIN_EXPANDED_SIZE,,5,4cd2b5c3744207c1bb88b4c6530198d66a9b5f692ade912133a82a8b55436b94,3,200,200,TIMEOUT,TIMEOUT,,,2.25,,TRANSLATED_ONLY,TRANSLATED_ONLY,True,1569803,2141099,5029048,4369931,0.7331762800318902,1.1508300703146113,9.241382538999915,16.40137403200015,266c5eec398f545827c1c009add173464794d81a6e2e410fcd154b183d16dba2,887ca2915d01c4a5ffae1e405c8783826e6d76c55861d81697e93405e5075a72
remaining423,b2,5to10Traces/0083.trace,5to10Traces,plain,18,2,0,8,1,MIN_EXPANDED_SIZE,,5,0092a507c55a5a4282a41def1ce2999d755b8d97fb91d2fe0eded9a1fa81ffd8,3,200,34,TIMEOUT,TIMEOUT,,,2.25,,TRANSLATED_ONLY,TRANSLATED_ONLY,True,3736944,2413609,12795814,5656547,1.5482806038592,2.262124578828745,20.45618828800002,16.55105314399998,b721f3d1ac0cea3555ce0bf8367bd6ca823bd143430fa9ee6313eae2146c0e5c,17222f1cbe5c9a8be19f73c01611053689abbfeecdb0fb1455c28cf71323aa58
frozen200,b2,5to10Traces/0084.trace,5to10Traces,plain,18,2,0,8,1,MIN_EXPANDED_SIZE,,15,90b35332457b1de8f31e323bc011ba287b72e2f64855510dfd38861206238f9e,3,225,225,TIMEOUT,TIMEOUT,,,2.25,,TRANSLATED_ONLY,TRANSLATED_ONLY,True,8896899,4052871,30112255,8588823,2.1952090258979373,3.5059815530020817,48.40320690199951,28.820210793000115,c69742ce4e458f5f1fb2e9b6107b9ffcddb0af093a274098c1cdbea97f679a54,4d1a5d11959fcc39fb25c2f5c205493e837c712212dd532b3c04ab941091fa2b
remaining423,b2,5to10Traces/0085.trace,5to10Traces,plain,18,2,0,8,1,MIN_EXPANDED_SIZE,,15,962abce4353536cc3b40909494550e87ae35ec3d917b025b9727780e9074c2ac,3,225,32,TIMEOUT,SAT,3,5,2.25,0.6,TRANSLATION_TIMEOUT,TRANSLATED_ONLY,False,,6007093,,14472156,,,180.80221466400008,46.89093385900014,56c643da07f95a9dc2bc4cbb2dd942b14070821e1be39816f9b072ff5d537cbe,76c0131ca1dc938f75043cbaa7c3d62e9bcc43b0c859f45f9ba326573c9e94db
remaining423,b2,5to10Traces/0086.trace,5to10Traces,plain,18,2,0,8,1,MIN_EXPANDED_SIZE,,7,929b50c651ec3b1e85ea1b9db831d7236326feb88b6dbd8e7feaa83ad80291f1,3,250,250,TIMEOUT,TIMEOUT,,,2.25,,TRANSLATED_ONLY,TRANSLATED_ONLY,True,3061993,3893562,9982938,8130856,0.7864246158145164,1.2277843808819144,17.600456482000027,25.613757376000194,e6e06ef9f72205b5e625e1b214341f590bb88c4026cd5a6a8dcd012106d85ac5,40a8c681196952cc33c353fed7c9408c20e59198097819c528525313a0f1d2ff
remaining423,b2,5to10Traces/0087.trace,5to10Traces,plain,18,2,0,8,1,MIN_EXPANDED_SIZE,,9,ba2473e07d4ef1cc752c3df0883e089989827b9dac948df541f3be6543952417,3,250,36,TIMEOUT,TIMEOUT,,,2.25,,TRANSLATION_TIMEOUT,TRANSLATED_ONLY,False,,6353166,,15144874,,,180.80296623599997,49.047602062999886,a43dd835c3c5e96bb47a02cc5c3b56a65f8132de708d47803f5b04428ee24ac0,e1e647aa47eea8424fb86a029f15cb37bab192105299bf13bca69abd31c469dd
remaining423,b2,5to10Traces/0088.trace,5to10Traces,plain,3,2,0,3,1,MIN_EXPANDED_SIZE,,3,7a07ac4d8b0c8cb38deb1004b65846c157259ffb4f5548d7963544aac1cca8d2,2,5,5,SAT,SAT,1,2,1.0,0.5,TRANSLATED_ONLY,TRANSLATED_ONLY,True,21237,23969,65175,47604,0.8860194417789645,1.3691076380136122,1.0295320660000016,1.280022807000023,8ec39cf4dfdbac250b57bd8f1c41202275157539932fe7dd0421f9629a43e539,c36245719c291eebd5ce24b0bfee59da3076d45952154110bff0c9cc94b9b38a
remaining423,b2,5to10Traces/0090.trace,5to10Traces,plain,3,2,0,3,1,MIN_EXPANDED_SIZE,,3,aae4d3cc849f2b5a7e0584e99d69fb211c2f31bb4dc3fd6e19b24b8d24d723e7,2,25,25,SAT,SAT,1,2,1.0,0.5,TRANSLATED_ONLY,TRANSLATED_ONLY,True,101872,105890,314951,206261,0.9620549626971385,1.526953713983739,1.630368148000116,1.9809409079998659,327a3802572718b42540fa8cd1b6762641c6be43722e62cae053bcfefd7645cd,cdc5413b28c8088bd79f9c92c8315ab8956edc8b2ee6ee16447f813db47f4bf5
remaining423,b2,5to10Traces/0091.trace,5to10Traces,plain,3,2,0,3,1,MIN_EXPANDED_SIZE,,3,631f0c457dbe50cec8cf550316abcb72b4d5a50890fa3ebffe13f433ccc4b5cb,2,25,2,SAT,SAT,1,2,1.0,0.5,TRANSLATED_ONLY,TRANSLATED_ONLY,True,256524,113141,879935,261335,2.26729479145491,3.3670767405820117,2.1810844440001347,2.030901077999715,4fa4fe551566800eca8f385605eaeb98bfd9017ec89aace6dee8720d031f8177,8467ea7d638a7f167eca6086b339e00a45dfe3c75e477f3d0d9d7917b4cbe309
remaining423,b2,5to10Traces/0092.trace,5to10Traces,plain,3,2,0,3,1,MIN_EXPANDED_SIZE,,3,62ea86f634cfac925dd12ebd7ea482b5fb3baeee8d14c5660c3a9644a3fa5912,2,50,50,SAT,SAT,1,2,1.0,0.5,TRANSLATED_ONLY,TRANSLATED_ONLY,True,202661,188705,627164,369202,1.0739567049097798,1.6987015238270649,2.53166481199969,2.7318376010002794,ac7574cb705ef3ea8a11ade603d933d7461f3b1981168ed540eba01b844ba178,4c97e12539d2d1a68f8821ae64d726feea636d75bf2e3ecf2ba052a06b2e1930
remaining423,b2,5to10Traces/0093.trace,5to10Traces,plain,3,2,0,3,1,MIN_EXPANDED_SIZE,,3,1f7a3bfe898eeb704830223ce1a03d66aa0a1819d554c73d9249e9e11f5f6416,2,50,3,SAT,SAT,1,2,1.0,0.5,TRANSLATED_ONLY,TRANSLATED_ONLY,True,502510,220696,1724650,512004,2.2769329756769494,3.368430715385036,3.0822291999998015,2.731812869999885,c8e5d6a29b490d9e5c7733c2bf85cacbcb7e5716d8a83f0f61522b612f88475a,db9d8081c1c9cb431bdac7ca29f5ed679386b0c64f307e8a1c9561c517883920
remaining423,b2,5to10Traces/0094.trace,5to10Traces,plain,3,2,0,3,1,MIN_EXPANDED_SIZE,,3,cf035066127ad327132c81cc964e05ab03813f8cd80476dd27099088393ab63a,2,75,75,SAT,SAT,1,2,1.0,0.5,TRANSLATED_ONLY,TRANSLATED_ONLY,True,303457,278249,939386,541213,1.0905951144478507,1.7357047964479788,2.7320441930000925,3.1874827540000297,25d5a17e262dad093978e658b348c18a34f65ae9f2332bfa00a4f4f816a51e82,c171fc634efd60af7b20bf906198bbf738b29836a08301b2e28f1ecb3ced6088
remaining423,b2,5to10Traces/0095.trace,5to10Traces,plain,3,2,0,3,1,MIN_EXPANDED_SIZE,,3,969646a38bc6bc704a38a19c2bc089befbedff76da85252b4f0454cf7ca53f0e,2,75,6,SAT,SAT,1,2,1.0,0.5,TRANSLATED_ONLY,TRANSLATED_ONLY,True,767418,332268,2634345,765964,2.3096355953627796,3.4392543252685503,4.935256342999992,3.983901979999928,db46a02e6c473f5839952057db9d723ef9d6519a0db9658e1d8f9afae6e0a272,dfb64634bba4adf68f1d85649bf1d1c2f2f61e1e867deffd4a9e9f3ac36e4372
remaining423,b2,5to10Traces/0096.trace,5to10Traces,plain,3,2,0,3,1,MIN_EXPANDED_SIZE,,3,9e8986cbce62921405456d7978fa1091f428c3cedf59d10e01cb987e4c6c4ee6,2,100,100,SAT,SAT,1,2,1.0,0.5,TRANSLATED_ONLY,TRANSLATED_ONLY,True,404255,365013,1251611,710942,1.107508499697271,1.7604966368564525,3.632889883999951,3.9337179049998667,ee1dd90574285c2d8faec027760c140503b6e3b95394424335524b4e5e3910bd,58ee63d039f5b33f3dbb391a42a5c07ba7ff29de13eca1b0f3542262971c93a4
remaining423,b2,5to10Traces/0097.trace,5to10Traces,plain,3,2,0,3,1,MIN_EXPANDED_SIZE,,3,36c74123004bf554286ebf3fbf6e0f9b4505302bf15f0fdee14eef2158b9c364,2,100,4,SAT,SAT,1,2,1.0,0.5,TRANSLATED_ONLY,TRANSLATED_ONLY,True,985021,429154,3381590,995279,2.295262306770996,3.397630212231947,6.186470382000152,4.1839389290003055,9c85700eea0c42c300ad1f801dbe329501e794d0d5feb822a5dd94fb5f0dee9f,ca1a34cdf01e1633cd4e8cc1bfe5b1f9ce9ce6aadfb4d1ab42af78d5510051cb
remaining423,b2,5to10Traces/0098.trace,5to10Traces,plain,3,2,0,3,1,MIN_EXPANDED_SIZE,,3,ce337958f9cb1506bf6ebe597c8c3e73ec58f29c61a50599552376d2a26a0dec,2,125,125,SAT,SAT,1,2,1.0,0.5,TRANSLATED_ONLY,TRANSLATED_ONLY,True,505053,447909,1563834,880761,1.1275794860116675,1.7755486448650655,5.635908577000009,4.133628525000404,14047b0ba815c8e3af967d43adf73d46ac474599f9aeb017d74407509a42daaf,6702be2d2c50336d66e9f1a8a1185ff62e5d54902bfdd4b7507921274e54d5c6
remaining423,b2,5to10Traces/0099.trace,5to10Traces,plain,3,2,0,3,1,MIN_EXPANDED_SIZE,,3,c152a3542a2cfa8f0a9b44f8c2b462f744c64c750d256d066eec5363f634e9e4,2,125,7,SAT,SAT,1,2,1.0,0.5,TRANSLATED_ONLY,TRANSLATED_ONLY,True,1249929,543199,4291285,1262022,2.301051732422188,3.4003250339534494,5.836099234999892,4.835408411999651,c4289cd18cae9b228d60564f25705bd3f573d2a17d210012b9b03882d18d28ad,3d288abd9d493c397e7a4326ef4b3adfcdc70e5f39172ebc148bb3d5b1de91e4
remaining423,b2,5to10Traces/0100.trace,5to10Traces,plain,3,2,0,3,1,MIN_EXPANDED_SIZE,,3,b385b1b83e1ba702a7e5529e05d998e662379fac0cb8e524ec316b8c70f44830,2,150,150,SAT,SAT,1,2,1.0,0.5,TRANSLATED_ONLY,TRANSLATED_ONLY,True,605839,511344,1876048,1005084,1.1847973184392502,1.8665584170079317,5.285319423000146,5.0351501680002,ec59e24a1c88a0211c565bf11db609bcfad3b81b465d4baf9cc7d207a18ee870,4408d516ac9582286e1fef6a1d59697c8dd55c4fca7bb01e4083e271dcebbedc
remaining423,b2,5to10Traces/0101.trace,5to10Traces,plain,3,2,0,3,1,MIN_EXPANDED_SIZE,,3,372b9838d8266f416e41aa875ecca19abe8623178268fe6bc729bd22a9fc7775,2,150,10,SAT,SAT,1,2,1.0,0.5,TRANSLATED_ONLY,TRANSLATED_ONLY,True,1514837,659623,5200980,1531444,2.296519375461438,3.396128098709453,9.441953861000002,6.13679282399994,18cb687ba6b03b892b47a61bef2971d78a2d89d8739236f10cd5f956af60c015,0eb9cd04942c061fb2474f38c565452c77b88bffdb2e76be450dfe2ba2d0691d
remaining423,b2,5to10Traces/0102.trace,5to10Traces,plain,3,2,0,3,1,MIN_EXPANDED_SIZE,,3,b780914745d7bbc088f58293ac0eb364e8086bfbccba6fd53d071b9a4fdadc02,2,175,175,SAT,SAT,1,2,1.0,0.5,TRANSLATED_ONLY,TRANSLATED_ONLY,True,706643,591940,2188278,1159202,1.1937747068959692,1.8877451902256897,6.0359773029999815,6.036267469999984,246cd903151a3e09d5006389560639671360bed2ab406a05f692d7517241e7e1,884821aa1e296d327903e291c2dfa4e201ab4687e7a8d1daf772f1c6292e5fb8
remaining423,b2,5to10Traces/0103.trace,5to10Traces,plain,3,2,0,3,1,MIN_EXPANDED_SIZE,,3,e1a3034eb29a3ce2cdc0011b004fc8cfe908ae000a29283ae55944c0b36bcd9b,2,175,7,SAT,SAT,1,2,1.0,0.5,TRANSLATED_ONLY,TRANSLATED_ONLY,True,1722979,749184,5915735,1736239,2.2998075239193576,3.4072123711078945,9.090902151000137,5.786146376000033,5eff0db7edc9588d70b95accf2e3302031ecb2f594887fe6f308dbf990f630ef,3e0eeecde7da921af7dff3f70cc04738924cc6b278e2dab32a9b38e9bae5ccc6
remaining423,b2,5to10Traces/0104.trace,5to10Traces,plain,3,2,0,3,1,MIN_EXPANDED_SIZE,,3,3ee39a99cc109097f05b7991cc51b4e4a6db2c271cb9d6598152d17238349cb1,2,200,200,SAT,SAT,1,2,1.0,0.5,TRANSLATED_ONLY,TRANSLATED_ONLY,True,807432,644800,2500489,1265337,1.2522208436724567,1.976144695049619,7.388861398999779,6.0369865150000805,17a9acf541151cb810d330dedf6026116d7d2e332e21dd13e68a13e0d0844c04,86d2b683fd192132d575ebe8dd3bd95feeb222e83365a1c05f0278961ad5e1dc
remaining423,b2,5to10Traces/0105.trace,5to10Traces,plain,3,2,0,3,1,MIN_EXPANDED_SIZE,,3,abb42f8c7226c387421d21d7148df6ff92155bea62f30a15fd0dd6e191c5b81b,2,200,10,SAT,SAT,1,2,1.0,0.5,TRANSLATED_ONLY,TRANSLATED_ONLY,True,1987887,868581,6825430,2010298,2.2886604703533693,3.395232945563295,11.694018207,6.438032618999841,715d93a59d0c9f7ceb0a8a000bbdd9ad6e44dbf1b4b3e60aca081877ae03b2f4,294088045c30f478ea9d39af4cf08a11c17b0b15a0bf6a68cf6a979cfb50162c
remaining423,b2,5to10Traces/0106.trace,5to10Traces,plain,3,2,0,3,1,MIN_EXPANDED_SIZE,,3,9593852e462db7fcb6ebe1f947471ac2acb167a391edb99c28d7ea92ee701ef3,2,225,225,SAT,SAT,1,2,1.0,0.5,TRANSLATED_ONLY,TRANSLATED_ONLY,True,908233,720584,2812717,1413455,1.2604123877299525,1.9899586474277569,6.787255931000118,6.487060754999902,9879f9c6d4a21f9033d69bb933b21912f39bf0d1df17b4e5b075de1b4c50c509,10d6a194ba4683f9caf2aa4334bc47fc5c1139057df4e4f08d893ee39709c171
remaining423,b2,5to10Traces/0107.trace,5to10Traces,plain,3,2,0,3,1,MIN_EXPANDED_SIZE,,3,178d6d3d64ff35e0e1ff913cca0c8d0a07ce0195a3712dfbfad369cdd25dcdec,2,225,8,SAT,SAT,1,2,1.0,0.5,TRANSLATED_ONLY,TRANSLATED_ONLY,True,2205490,958801,7572675,2210605,2.3002583434935926,3.4256119930969122,11.447341819999792,8.141738526000154,6b7525e3ff84e4eac56370e26a880b74d32c42fbeef21e9bb7e695def8f47256,2d7304f1a842861bf333f4f55a731602513497a7ce84d6ef1673d6add89a2723
remaining423,b2,5to10Traces/0108.trace,5to10Traces,plain,3,2,0,3,1,MIN_EXPANDED_SIZE,,3,f696ac90e9140a1845d027e5579384548ee806f1e2495d49bdfd806b44ea86e3,2,250,250,SAT,SAT,1,2,1.0,0.5,TRANSLATED_ONLY,TRANSLATED_ONLY,True,1009013,781183,3124933,1534461,1.2916474116820258,2.0365020681529216,8.39006338099989,6.587180116000127,d2417e106cbaed5c3ad49f50dae4ee3ad98294308a2f88ee328278971514deaa,5d74c9d83ed0de61b31b7337c367a6d28011f72611a7e04b1f20bb138dc2dedb
remaining423,b2,5to10Traces/0109.trace,5to10Traces,plain,3,2,0,3,1,MIN_EXPANDED_SIZE,,3,aeb5a317c4e0a898dcbeb6bed86b860c48c88f68e233287d49df9e3de9c62e3e,2,250,17,SAT,SAT,1,2,1.0,0.5,TRANSLATED_ONLY,TRANSLATED_ONLY,True,2527164,1113053,8677310,2593947,2.2704794830075476,3.345214840549942,15.749036730999705,8.990216658000008,8e3dc252411220c3446af07f4619ecbcc6921f85123925f57e745b1dc113f5d6,3b800608da686719cff7ed3506d5de4f618d154b86a170876e8a91a522dc50a6
remaining423,b2,5to10Traces/0110.trace,5to10Traces,plain,67,2,0,8,1,MIN_EXPANDED_SIZE,,5,e1f66e56770e41f59288cd527b24b9791a8b7cf4ccfdd90634bdb644cdaa5f38,4,4,5,SAT,SAT,1,2,8.375,0.5,TRANSLATED_ONLY,TRANSLATED_ONLY,True,42743,56338,137722,117445,0.7586886293443147,1.1726510281408318,1.1296297429998958,1.5803114640002605,cac09c86bfd595da67d4627922ba3150a16ee87fe7676cfeff767e88786ba84b,aad8d62eddd16493e4c3d24d8c94bbf0b5f39d86e91d3725089fcd65d14f34dc
remaining423,b2,5to10Traces/0112.trace,5to10Traces,plain,67,2,0,8,1,MIN_EXPANDED_SIZE,,5,091a04c7c5936ecbfa22c19ce53f1f45fe5914a8b4c437064960db8fdbc56c7d,4,14,25,SAT,SAT,1,2,8.375,0.5,TRANSLATED_ONLY,TRANSLATED_ONLY,True,169463,222755,546702,459470,0.7607595789095644,1.1898535268896773,1.7303636050000932,3.232365929000025,fc5352130f5a7a1d8fbc9a4591d37e10921777e0a432f97d1ee74d067a599a68,f5169544ab1e46ec85fb2a35eee595b56fa42d3f852b2d4c6ac512cdfc9e3681
remaining423,b2,5to10Traces/0114.trace,5to10Traces,plain,67,2,0,8,1,MIN_EXPANDED_SIZE,,7,5be77e06b023af1250463756bf06f6c5db3c04a372a3f491f29ab97e931bf38a,4,37,50,TIMEOUT,TIMEOUT,,,8.375,,TRANSLATED_ONLY,TRANSLATED_ONLY,True,576937,725992,1891568,1527157,0.7946878202514628,1.2386205216621473,4.183790872999907,6.837942604000091,c964bc805cd1ab9cb9c4a48ffead371943083420ff074e16b5fc646cb4e2a695,cb780ddab746e24efdf8fa0b1df1d8ab81dbbdffd45c14777bf8eebdb3376741
remaining423,b2,5to10Traces/0116.trace,5to10Traces,plain,67,2,0,8,1,MIN_EXPANDED_SIZE,,5,04648b1607ab764a7a9a2bd046edfeacf74a58b108d36b72db4e30d627a9c954,4,57,75,TIMEOUT,TIMEOUT,,,8.375,,TRANSLATED_ONLY,TRANSLATED_ONLY,True,562295,734383,1814528,1499236,0.7656699569570646,1.2103017803734701,3.6333294720002414,7.288116549999813,9ef58b656c5fb6627b103a5139e73b0e0230e40f9e179929fc6804cc3bbd13c5,570035b61b9506336bb623d44390bad2b29f1deb78ce81c2b224b2c2fb364351
frozen200,b2,5to10Traces/0117.trace,5to10Traces,plain,67,2,0,8,1,MIN_EXPANDED_SIZE,,5,d3c2fe8052ecf8528a9b8d2977e9aa4d2c511d320c9111e21202eb2dbf3a9567,4,1,75,TIMEOUT,SAT,3,4,8.375,0.75,TRANSLATED_ONLY,TRANSLATED_ONLY,True,1301970,784956,4465435,1830463,1.65865347866632,2.4395112056348585,5.836707018999732,6.236932284999966,c1c1ac04dfb62093eed57a2c932c9b611eded8d69f53086abc1b160bce4fe35a,27b2db7e75f242115c1ef1e71f9b6eea17ef1f65438a1e129cc042b1f93e8ab9
remaining423,b2,5to10Traces/0118.trace,5to10Traces,plain,67,2,0,8,1,MIN_EXPANDED_SIZE,,9,7a61766dc359d3151e0d4e1ee04e9405401715c35b35d6cf874a6f7e3a076354,4,63,100,TIMEOUT,TIMEOUT,,,8.375,,TRANSLATED_ONLY,TRANSLATED_ONLY,True,1533902,1531160,5089343,3245080,1.0017907991326838,1.5683258964339861,7.789096342999983,10.94332705700026,bff5e6c9ab751a2abda59fdc03fe903e1fa73b9498f3cd97f580e198700fd4c5,d91ad0b3f7fab1282c46647d3923204f9631c1ed0c4211efb4f4587fbd9de7a5
remaining423,b2,5to10Traces/0119.trace,5to10Traces,plain,67,2,0,8,1,MIN_EXPANDED_SIZE,,5,ef685ef6eb2164beed9d2227784f11e537a9265388d76c9bed067e1b32573d25,4,1,100,SAT,SAT,1,2,8.375,0.5,TRANSLATED_ONLY,TRANSLATED_ONLY,True,1728695,1047938,5929385,2439801,1.649615721540778,2.430274026447239,8.53985583099984,7.138196374999779,ca651225fa3a8531d9f641e77d669a43ba221b261ea4635d4981bb786656729f,3b821eb6a6c2c0954d0eea3ad0648961bf04ff6051921cc72310e9315224b3d1
remaining423,b2,5to10Traces/0120.trace,5to10Traces,plain,67,2,0,8,1,MIN_EXPANDED_SIZE,,9,e8f11d243d801f3d266cdee6419fd70266e2f09691110c367022d4a00a6198cb,4,69,125,SAT,SAT,1,2,8.375,0.5,TRANSLATED_ONLY,TRANSLATED_ONLY,True,1823194,1818443,6049128,3849079,1.002612674689281,1.5715780320435095,11.29433893800001,13.947785281000051,39cd56726501d5501d0f6123babf0426e30764414957b70933b0587737d57c55,856e518cc6bc7ec5ca000ee6b347fa5f26694edf948f570615d169892657c445
remaining423,b2,5to10Traces/0121.trace,5to10Traces,plain,67,2,0,8,1,MIN_EXPANDED_SIZE,,9,e45333bddeaa1e9ab771c42877b7697ed4fdd5374692a194e80178ce15b63daf,4,2,125,SAT,SAT,1,2,8.375,0.5,TRANSLATED_ONLY,TRANSLATED_ONLY,True,4442165,2827650,15283523,6731766,1.5709741304616909,2.270358625062131,22.464411772999938,21.709562374999905,7432dacda9e98c94440d14b282c019687eab9a4e9d4ec7bcb76181b74fab6cc7,63b32de75f2bcc2fd916fc46887f6c1df48af14cd5c17a06bef7572b3db17e90
remaining423,b2,5to10Traces/0122.trace,5to10Traces,plain,67,2,0,8,1,MIN_EXPANDED_SIZE,,5,897a5ba441da1c6902f1cdc93cee4464c6082662af684976e07981c9a6b917d3,4,108,150,TIMEOUT,TIMEOUT,,,8.375,,TRANSLATED_ONLY,TRANSLATED_ONLY,True,1094519,1411783,3532235,2864520,0.77527424540457,1.2330983899571306,7.338300040999911,12.74567491400012,e29d0e4f6cd7798443b9784ea099b7bef2d16a1b60bacfe2792466c6ec0fd918,2e1319bb5468d0aca5bbd63d6e9f47eb0e3cfd8788f9503fd918e8c31a2df158
remaining423,b2,5to10Traces/0124.trace,5to10Traces,plain,67,2,0,8,1,MIN_EXPANDED_SIZE,,11,55ab5b41efbf8296ff4d2cbe513f62334719832cba180ff0c7ad5be330854371,4,104,175,TIMEOUT,TIMEOUT,,,8.375,,TRANSLATED_ONLY,TRANSLATED_ONLY,True,3535950,2620138,11839374,5568838,1.3495281546239168,2.1260043836793243,18.704096631000084,18.003733685000043,1db2b6d8e378a11fb3cd047e71e019ef3ef69008d3e7cbd9e254272226073fff,a131ca2ef98e1027398e022903b06db0112b5bb9df16a99bfb3f51252044fa24
remaining423,b2,5to10Traces/0125.trace,5to10Traces,plain,67,2,0,8,1,MIN_EXPANDED_SIZE,,5,43c3aa17eb255777403ee0c951142e46a4b2758997d2e1254ffeb9ce010ae2c1,4,1,175,SAT,SAT,1,2,8.375,0.5,TRANSLATED_ONLY,TRANSLATED_ONLY,True,3008870,1831226,10321235,4309457,1.6430904759980471,2.3950198366058646,15.400635432999934,13.497321710000051,393b9b0b41e3e5e78de6ba8c37144be2843b647b11d44ad35e3bcc8944a58033,de22c864a54134a903b5786a0dd28c8a2211102477401210fc5adba80b44f394
remaining423,b2,5to10Traces/0126.trace,5to10Traces,plain,67,2,0,8,1,MIN_EXPANDED_SIZE,,5,06b8f145441a4c53b4a1f07f068961f9d977fdc8ca1bae46737002179a95f00e,4,137,200,TIMEOUT,TIMEOUT,,,8.375,,TRANSLATED_ONLY,TRANSLATED_ONLY,True,1428215,1865128,4609213,3824142,0.7657463723669368,1.2052933703821667,9.340858647000005,15.151086845999998,c7515230f2a8de6f579b261c4b4a77d808517318e590dc561fd46e3558b3ea44,11d7b56ccf1e27ccc908b0c4695fa6ca3348b9152ae41f0cd647ea00c8ce8a92
remaining423,b2,5to10Traces/0127.trace,5to10Traces,plain,67,2,0,8,1,MIN_EXPANDED_SIZE,,5,38b148e43e53e0ba5fb58e99548c5349a8584426d82a0641034aee72f07c14dc,4,2,200,SAT,SAT,1,2,8.375,0.5,TRANSLATED_ONLY,TRANSLATED_ONLY,True,3452665,2081470,11843743,4865888,1.6587627974460357,2.434035267560618,15.400719285999912,14.549077303999866,d0543aa94b8588d8137f71196440af2ee4d04adeb328739e0895b717c224d6f3,48d1c88b08458749fc63bd71e4570f8d866d578351d2adf616ea057b767efe20
frozen200,b2,5to10Traces/0128.trace,5to10Traces,plain,67,2,0,8,1,MIN_EXPANDED_SIZE,,5,b5d6342146db3553a3dcf5758ec58215536115c1632db0303a0b7e62d038592a,4,163,225,TIMEOUT,TIMEOUT,,,8.375,,TRANSLATED_ONLY,TRANSLATED_ONLY,True,1643639,2130066,5304470,4337789,0.771637592450187,1.2228510884231576,9.101402872999643,15.101374575000591,a2ed53e98618246c8270e07a4e92a4cb8ba2ae57211a238238d8efb2894f180c,0039e2fbadaf7f8f0cd060ff9044f4abc595996cfac79bf833aa5224c54c61ac
remaining423,b2,5to10Traces/0129.trace,5to10Traces,plain,67,2,0,8,1,MIN_EXPANDED_SIZE,,9,c5e3de677a29cdb03406f7da996e01021bb5366f8583362622373c7513d2f3ca,4,1,225,SAT,SAT,1,2,8.375,0.5,TRANSLATED_ONLY,TRANSLATED_ONLY,True,7894987,5060077,27164117,12142092,1.5602503677315582,2.237185898443201,40.78537424199976,38.04051942099977,30813f65ad023d11f20b5f05c9a22366fb262553e4ab5f40774b160cefe2d163,6d4c0804e8ae61ceb933f34873f925c532f55d6ed2e8659138e81438b2a34d0f
remaining423,b2,5to10Traces/0130.trace,5to10Traces,plain,67,2,0,8,1,MIN_EXPANDED_SIZE,,7,7eeea4da9600647b4ca3c724512372bbb595ada3823a84b02f170fa928a4c6bf,4,173,250,TIMEOUT,TIMEOUT,,,8.375,,TRANSLATED_ONLY,TRANSLATED_ONLY,True,2773705,3410135,9094264,7115342,0.8133710249007737,1.27812043328346,13.497054098999797,24.963813433999803,1fc2f9178acb157697d994b0e417ef26b2052a2092824b7eeeb4eac03ef96872,8ecc65ee2bffd81eed55217e5d8a7b4e9564f7668be8caf647cc05128e7a7382
remaining423,b2,5to10Traces/0131.trace,5to10Traces,plain,67,2,0,8,1,MIN_EXPANDED_SIZE,,5,c5c4a92ab8c6b7948f51749b2d9e2562d7f73ff62a72766c117bab32d44c8618,4,3,250,TIMEOUT,TIMEOUT,,,8.375,,TRANSLATED_ONLY,TRANSLATED_ONLY,True,4323184,2597543,14830200,6065470,1.6643358743243133,2.4450207485982127,22.35935355799984,19.306199844000048,6e3b77b868ec1771e69849d50130fa54f0484ed659a736179c91a05abba9be65,47c93d192ff3fe0928d6042df4a2dca30880e49b72f9221e90f204ebe1234e08
remaining423,b2,5to10Traces/0132.trace,5to10Traces,plain,3,2,0,3,1,MIN_EXPANDED_SIZE,,3,b8f04080b403b525d4739677abc2261552d7e90a544a4b029ca6c415ea2d8b4f,2,5,5,SAT,SAT,1,2,1.0,0.5,TRANSLATED_ONLY,TRANSLATED_ONLY,True,21235,24305,65173,48240,0.8736885414523761,1.3510157545605306,1.1296221010002228,1.2297973149998143,3fdcfde7fd30edc70390a70ea2de59fc7887b471ed2109d842687306c3cc14cd,30f258abd2943977693d5872cd2e9420eb88ecc29d8ba97b4944473d198e2679
remaining423,b2,5to10Traces/0134.trace,5to10Traces,plain,3,2,0,3,1,MIN_EXPANDED_SIZE,,3,b9a86b47eaf5db55f3666241002af9f574c3f021a944ea482f846dbf92122d19,2,25,25,SAT,SAT,1,2,1.0,0.5,TRANSLATED_ONLY,TRANSLATED_ONLY,True,101871,99369,314949,196656,1.025178878724753,1.6015224554552112,1.630284286999995,1.8808271969999169,387ddef15a7b8c38e6a51eec22e0c629990e41360ab9340017d1d2a357e3304f,8bc0d91ae2fa15caae7854e61d28b1f3c0d88a8189f4cc7bcb9d106f648ace18
remaining423,b2,5to10Traces/0135.trace,5to10Traces,plain,3,2,0,3,1,MIN_EXPANDED_SIZE,,3,1b6cceba381c9c55c8430ee1ee6b4571c1253381b79984b3214b0df3c84af5ae,2,2,25,SAT,SAT,1,2,1.0,0.5,TRANSLATED_ONLY,TRANSLATED_ONLY,True,256524,113600,879958,263378,2.2581338028169013,3.341045949168116,2.2854356910002025,1.981292465000024,e2054ecf5d45a7847cdfed7f80ef45d4650fe4119a637f8961ae9f2aff4dd0e6,1dbec8f72d03a6c7616b3a86672620501d886eb0415759c38c8f61d7baea43f3
remaining423,b2,5to10Traces/0136.trace,5to10Traces,plain,3,2,0,3,1,MIN_EXPANDED_SIZE,,3,4862d0411c76482cbd08f868d034567e7f25612117230e55a8f33bc967d0257d,2,50,50,SAT,SAT,1,2,1.0,0.5,TRANSLATED_ONLY,TRANSLATED_ONLY,True,202668,198650,627172,390086,1.020226529071231,1.6077787974959368,2.2311606029998075,2.681865531999847,fbddda346df141cf14099a2dde6d586f4db4007cf8396be7cc70766b775658e7,712aaebcabb1fea165eb0c0ab62ebe56e1e5b39fe0fe48a2005357a2811e9320
remaining423,b2,5to10Traces/0137.trace,5to10Traces,plain,3,2,0,3,1,MIN_EXPANDED_SIZE,,3,06a4f0323c3063b2759ca99fa5e10bf8f6fc5fff6b9cf7ec7fcd745abafd1f3a,2,2,50,SAT,SAT,1,2,1.0,0.5,TRANSLATED_ONLY,TRANSLATED_ONLY,True,493049,214382,1692208,495973,2.2998619287067013,3.4118954055966757,3.1330583069998283,2.581848753000031,331cc9a01b60c6e349d5377068260a7331eaa835f2c56d840417a7a82f8a81e2,4054288155d1b3cb953ac1d467f7c23f7d03ac7bb3d69ebcc2b45df24bf862ea
remaining423,b2,5to10Traces/0138.trace,5to10Traces,plain,3,2,0,3,1,MIN_EXPANDED_SIZE,,3,09f0d6edaa326743df4626e398323c88e54ccc3996da89c4ac50e088a460f418,2,75,75,SAT,SAT,1,2,1.0,0.5,TRANSLATED_ONLY,TRANSLATED_ONLY,True,303464,289729,939395,566135,1.0474063694003708,1.6593127080996581,2.882082762000209,3.8838849659996413,a3a43e2a2989e3fe284f148aa6efa2ccc5deadf1fc5aacd84d2d2e712c6e153f,f9f4db53c90227d878858f7bc83f50bb23f61d922af3d4567f0001ccf6712d51
remaining423,b2,5to10Traces/0139.trace,5to10Traces,plain,3,2,0,3,1,MIN_EXPANDED_SIZE,,3,bf7944e4c8fc98df28f2164a293c37173fe918ab58c61018526a048088c84fc7,2,3,75,SAT,SAT,1,2,1.0,0.5,TRANSLATED_ONLY,TRANSLATED_ONLY,True,739034,318587,2536946,737038,2.319724282535069,3.44208304049452,4.835864813999706,3.783181022000008,ca81f03cb43a1df9b5d94efbcfaa72b105f0eafbbedd850cb5308fed558aadc7,d709fc925c06fc279b10f95d491cccecfa48ce49bb01c06212afc313a7a69ac2
remaining423,b2,5to10Traces/0140.trace,5to10Traces,plain,3,2,0,3,1,MIN_EXPANDED_SIZE,,3,799116c644e6dcce5d5f7359b49af06ac7f6a7597b28ebc0af2447732535679d,2,100,100,SAT,SAT,1,2,1.0,0.5,TRANSLATED_ONLY,TRANSLATED_ONLY,True,404249,368243,1251608,717266,1.0977778260550777,1.7449704851477694,4.534610176999649,4.2849053099998855,8904ba47594b6b6a91a075675afc21408985cbe1e2a0dd97b7138e41e31b17a5,041bd7e08d0d002f949c50bc7b23cf4798cd681892ecb504bc51359825fdd506
remaining423,b2,5to10Traces/0141.trace,5to10Traces,plain,3,2,0,3,1,MIN_EXPANDED_SIZE,,3,eaaa14beeeee68786188f6926149a68b31cafde21a0dee43ee6800922b11834f,2,7,100,SAT,SAT,1,2,1.0,0.5,TRANSLATED_ONLY,TRANSLATED_ONLY,True,1013404,444141,3479153,1028243,2.2817168421739944,3.383590260278942,6.336726214000009,4.2336975199998506,eec11a35ca818797cc60471a3233c2ae887cdd38d035e4f4c119c57dc6af1f56,3e0aa6e8dc6405d270dfc10ab91aedd46a6e26593190e0a90b315e920ac6a22f
remaining423,b2,5to10Traces/0142.trace,5to10Traces,plain,3,2,0,3,1,MIN_EXPANDED_SIZE,,3,436b64ca4da5bdacfc8950be816246e2cc610f8ec153de76d6de51765295127d,2,125,125,SAT,SAT,1,2,1.0,0.5,TRANSLATED_ONLY,TRANSLATED_ONLY,True,505048,449749,1563829,879363,1.1229552483718697,1.7783657033557245,4.1839910070000315,4.934929190000048,3671ed15bceb697ad4904955ec08ef095e773b155fe4efa90efd63c923058b42,f65baa298b80ca555d63a0a7922ac9f1b160033e567e25f1153da290b2678139
remaining423,b2,5to10Traces/0143.trace,5to10Traces,plain,3,2,0,3,1,MIN_EXPANDED_SIZE,,3,23f66a69bf200e03b6a5fe7fe0c81ab0b5dded3605a6a4f86290dba127b209a0,2,5,125,SAT,SAT,1,2,1.0,0.5,TRANSLATED_ONLY,TRANSLATED_ONLY,True,1231007,542178,4226425,1263635,2.2704849698807403,3.3446564870393747,5.5355027969999355,4.734696208000059,ba73cc2a4c3158ea3775c8a2ca29ce06f279916db7552aa7ca0fe169a553afde,becbd5a471c5dd158b4d2fb600b514724575b0ccc0dab626f8c14b14e18d7490
remaining423,b2,5to10Traces/0144.trace,5to10Traces,plain,3,2,0,3,1,MIN_EXPANDED_SIZE,,3,604fd17a18204fd9bec122e669ecccc314f471b58a39ccb29b6af9a238ff456e,2,150,150,SAT,SAT,1,2,1.0,0.5,TRANSLATED_ONLY,TRANSLATED_ONLY,True,605836,524399,1876045,1033539,1.1552958720363693,1.8151661427386871,4.834964434000085,4.734642559999884,a71bf05cdd9c2217a76c82121adeb25bd767110c40526f879b0f17ffef79cdb3,71bcad65117de684aeeaa8ca4a3e41d7ab5f88e3a9519173c8672f0d44ad5eb4
remaining423,b2,5to10Traces/0145.trace,5to10Traces,plain,3,2,0,3,1,MIN_EXPANDED_SIZE,,3,f0e2bde72ac3567604f09ae166019f0a2ce10cece29e4ed24dad2092598bc0f6,2,4,150,SAT,SAT,1,2,1.0,0.5,TRANSLATED_ONLY,TRANSLATED_ONLY,True,1458071,634174,5006186,1467003,2.2991655287034787,3.412526082087085,9.041522396000346,5.286861004999992,1bc36640c3151bfd9bdc43e4133735b33b51142d169b7fbe9201a211fd8ac02c,3fdee51ee37a87efb3753aea14145a2075dc04191abcea63a6a62226171f70ba
remaining423,b2,5to10Traces/0146.trace,5to10Traces,plain,3,2,0,3,1,MIN_EXPANDED_SIZE,,3,93a3bb585734055b11004058e88a658f78a400e8ea2036c5ddff5db42549bd0f,2,175,175,SAT,SAT,1,2,1.0,0.5,TRANSLATED_ONLY,TRANSLATED_ONLY,True,706637,575168,2188267,1123557,1.228574955491265,1.9476243750873343,5.135155804000078,6.236847964999924,063ef09b4569a1d42bfc7d245abe1804351505a4afa78731b14b25aab2e82d24,fadedadb50dd7d4e40733ed04b8180626357619f57a94205b8c14caaa67f52bd
remaining423,b2,5to10Traces/0147.trace,5to10Traces,plain,3,2,0,3,1,MIN_EXPANDED_SIZE,,3,d01635d37957b69b76d355d254efc5f4394e536dfecdfe9d75264b441c802a5d,2,12,175,SAT,SAT,1,2,1.0,0.5,TRANSLATED_ONLY,TRANSLATED_ONLY,True,1770284,761425,6078348,1749643,2.324961749351545,3.474050420571511,11.694738724000217,6.543687362000128,fe5e3e8643f828f02191453c25d0ffd8ea8f8a017da98815a9bce8cb79a1167c,308a992e1eaa8b86c2cbde31639c38b17df4c3602247980aa8bc015745608677
remaining423,b2,5to10Traces/0148.trace,5to10Traces,plain,3,2,0,3,1,MIN_EXPANDED_SIZE,,3,c7d77813a74ca26f649eb0561259f3a5cad1014bd795b1fa361c58c242ab03fb,2,200,200,SAT,SAT,1,2,1.0,0.5,TRANSLATED_ONLY,TRANSLATED_ONLY,True,807414,661153,2500476,1299065,1.2212211091835021,1.9248274720664478,7.338526165000076,5.785981790000278,4a6099bcdc2c90784c176c0cd5cf185cde438e7a6da0de4a7f4553fd653cd4d4,eb5ac9c2b5f899b357fe731e451534271481735ade806b3993dcd93b2b22d25a
remaining423,b2,5to10Traces/0149.trace,5to10Traces,plain,3,2,0,3,1,MIN_EXPANDED_SIZE,,3,dc750485e1b246b59418d8b42c562354e1f671c984191df12f963494e8079044,2,11,200,SAT,SAT,1,2,1.0,0.5,TRANSLATED_ONLY,TRANSLATED_ONLY,True,1997348,874881,6858109,2031234,2.28299391574397,3.376326410448033,11.342941809999957,6.8875775129999965,db42d36fa3ce28df4257033194cabe4c7a91af0c6303ac85cf4c261475353eca,109aae24ddb916b83d21139271eb3f3de24ef3ae3632d10a72ebdc2d782d22b2
remaining423,b2,5to10Traces/0150.trace,5to10Traces,plain,3,2,0,3,1,MIN_EXPANDED_SIZE,,3,8e09912a622de8882f0f7db7d6babe6c3bb7c6ba055a3a40a1665e45b82599ed,2,225,225,SAT,SAT,1,2,1.0,0.5,TRANSLATED_ONLY,TRANSLATED_ONLY,True,908215,730215,2812702,1435812,1.2437638229836419,1.958962593988628,6.838024198000312,5.8863305960003345,e5054813ef778d9de69e550caeb99cc6b9408e87952a7ebe91df3e4145f02842,fddb4c610c28231c658245b92197ebb4869bbc9f265f73ac1f61fdc1f250a6ed
remaining423,b2,5to10Traces/0151.trace,5to10Traces,plain,3,2,0,3,1,MIN_EXPANDED_SIZE,,3,e98a99d67e1970c2d431177825de7a20ffb2543cbaf9ddff8358954141101c52,2,13,225,SAT,SAT,1,2,1.0,0.5,TRANSLATED_ONLY,TRANSLATED_ONLY,True,2252795,976811,7735337,2267176,2.30627521598344,3.4118820065138302,11.796692358999962,8.342076677000023,6923c6fca37b1ebbbf53584ccc258bf48eb4349ef7c562bc2e22fa5e0beaa58e,95fcb8332b5441457f91b1a072a2d57f73046a9d2857dea2a021be393af0a272
remaining423,b2,5to10Traces/0152.trace,5to10Traces,plain,3,2,0,3,1,MIN_EXPANDED_SIZE,,3,48bc0b6afc1d05a106c6a545b028f53d2841adbaf2761ee1d25653821ac6020d,2,250,250,SAT,SAT,1,2,1.0,0.5,TRANSLATED_ONLY,TRANSLATED_ONLY,True,1009017,795776,3124932,1560501,1.2679661110664306,2.0025184219683294,8.789805592999983,7.337655785000152,b589589e9398c3f883706a02d04e18c7a678bf7332bc71ce38a8fe6d1ca30bb0,865472327be1e1d93c603b7d68b649cc215bca6a1642ac5d578ede5716d074f8
remaining423,b2,5to10Traces/0153.trace,5to10Traces,plain,3,2,0,3,1,MIN_EXPANDED_SIZE,,3,9f4bd41aab16e2e41288202c56344218a42573d8ee800a22c6623b29e76448e1,2,11,250,SAT,SAT,1,2,1.0,0.5,TRANSLATED_ONLY,TRANSLATED_ONLY,True,2470397,1066592,8482608,2453262,2.3161593186523057,3.4576853185676866,14.198114355000143,8.389867808999952,175245eeaceeecb1fe3b2627a24e090cf30b69c71c9b09d0a41a0595d7a8264f,4eb708a03246c87df28156ec617692d9383788bd55bc69fedeb854660d0dece0
frozen200,b2,5to10Traces/0154.trace,5to10Traces,plain,6,2,0,6,1,MIN_EXPANDED_SIZE,,5,86ea5d1e67f32593afcf9ca718f0f15de0bdeb895fea6b059c15320ab4bf0ee9,3,5,5,SAT,SAT,4,5,1.0,0.8,TRANSLATED_ONLY,TRANSLATED_ONLY,True,42176,60445,134355,124230,0.6977582926627512,1.081502052644289,1.1804063079998741,1.6306126139998014,e873dfb9fe383e4c4f7b6cfd89a0c0746d4383487aee44f81b939b7f0211ea68,9a7bdbc5a19b328eb714c9e346680f9bf6d9aabfec1f7ea4c2e7b03f481c1eee
remaining423,b2,5to10Traces/0155.trace,5to10Traces,plain,6,2,0,6,1,MIN_EXPANDED_SIZE,,5,cac4f35d45dd50acfc42000fba2cc7c8316cd1b38aba1dacf04663c1fffed8cb,3,5,5,SAT,SAT,1,1,1.0,1.0,TRANSLATED_ONLY,TRANSLATED_ONLY,True,162576,109238,555305,253845,1.4882733114850144,2.187575095038311,1.580540633000055,2.2816396620000887,6233a69a57961278307eedfb51397638611a62263d2408ecd116112d22245aea,7ed6bbb34be8511d376b19189a4586df90bffe7bc87c68342d8ddca9cd0b58ae
remaining423,b2,5to10Traces/0156.trace,5to10Traces,plain,6,2,0,6,1,MIN_EXPANDED_SIZE,,5,22793e02187ed3410cdf3eab2afe065fe084e6adab1ab091856f7d442b6526d8,3,25,25,UNSAT,UNSAT,,,1.0,,TRANSLATED_ONLY,TRANSLATED_ONLY,True,198856,278238,636375,570689,0.7146974891998936,1.1150994674857935,2.030929439999909,3.282482080000136,d9e93e5d346733b110b6a39bf8187d32857b46b514eea96f7c2100465e4b03f5,46cd0b05593e0e99a149ddf08364b964ab001e8c2214312667640e270c466321
remaining423,b2,5to10Traces/0157.trace,5to10Traces,plain,6,2,0,6,1,MIN_EXPANDED_SIZE,,5,588f3e17285d00e0ef25a984d20cb2c7311b5f83e1a7b7cfd03f0d91845196cb,3,25,25,TIMEOUT,UNSAT,,,1.0,,TRANSLATED_ONLY,TRANSLATED_ONLY,True,800856,501791,2741125,1162940,1.5959951453892158,2.3570648528728912,4.834680892000051,4.4346171249999315,cde7a2690ca4f93cb3c0db4d9a6f29a0302758506779d377c0e87da664eb2b58,b030f0799e1c788641ef0e75febd37dd58bcf4c255e9a86db392e633018b041b
frozen200,b2,5to10Traces/0158.trace,5to10Traces,plain,6,2,0,6,1,MIN_EXPANDED_SIZE,,5,5366c4744106435515ba36ff3a0abe3eab73b21822dacf475bab1e42886251a5,3,50,50,TIMEOUT,UNSAT,,,1.0,,TRANSLATED_ONLY,TRANSLATED_ONLY,True,394706,539073,1263900,1091346,0.7321939700189029,1.1581111764738223,2.882753753000543,5.436492584000007,47080f5a648f64eb9b7265ac73d64ea331e989bac7136a09f25c8e41e6f4dfe8,bde26414cc6f698fb8ec80e72ea699e844c81aad2b002483fe284273b46f58cc
remaining423,b2,5to10Traces/0159.trace,5to10Traces,plain,6,2,0,6,1,MIN_EXPANDED_SIZE,,5,7a8b91d4cd781948c46b32f1afefe696c01a426fdc32358e7dd94a5c0277a1a4,3,50,50,TIMEOUT,TIMEOUT,,,1.0,,TRANSLATED_ONLY,TRANSLATED_ONLY,True,1598706,1005693,5473400,2330194,1.589656087891633,2.348903138536963,8.83990776499968,7.496849654000016,1d50e0de6b3c12640d4683601e796e899cc6c5351d7db4d86f6327337e51d2aa,30057c4a6b0dc31f51e535157ce888dbbb941ae6d73365c1e84b63ad50de8055
remaining423,b2,5to10Traces/0160.trace,5to10Traces,plain,6,2,0,6,1,MIN_EXPANDED_SIZE,,5,67e4917bdac48ce1d41bc9df055dd50a4f2e832f346c348b0da8c5dc6550231e,3,75,75,TIMEOUT,UNSAT,,,1.0,,TRANSLATED_ONLY,TRANSLATED_ONLY,True,590556,834226,1891425,1710142,0.7079088879991753,1.106004647567278,3.9334878880001725,7.389632186999961,aed6f929d9186d2f81015e15b37a9580aa6eb8335759d28330a0d2c7d43aa4ea,77c6e52b5b7616fc351b05e1cc122f15711987bf1104c65e976634bc479db8e6
remaining423,b2,5to10Traces/0161.trace,5to10Traces,plain,6,2,0,6,1,MIN_EXPANDED_SIZE,,5,09abb388cb5185e890e0474dda93ee7673d3d8d7117e591fb747af2c191ff37b,3,75,75,TIMEOUT,TIMEOUT,,,1.0,,TRANSLATED_ONLY,TRANSLATED_ONLY,True,2396556,1560449,8205675,3661547,1.5358118080116685,2.241040467321599,12.394452190000038,9.89175189699995,7b98ec51daee8af0e9617698bfceaaafed775a6bdc3ffa7ecf67353b761d037e,cc3577e97fc967f19df75c24a6362e00b16a1aad822e671072e798cb47621103
remaining423,b2,5to10Traces/0162.trace,5to10Traces,plain,6,2,0,6,1,MIN_EXPANDED_SIZE,,5,febccb0ca50074ae0455fb54efe74868059da61ae079aabc0f6d6ac2d519167b,3,100,100,TIMEOUT,TIMEOUT,,,1.0,,TRANSLATED_ONLY,TRANSLATED_ONLY,True,786406,1082038,2518950,2203890,0.7267822387014135,1.1429563181465499,5.936344997000106,9.541122700000415,ae71f491d5f7671d55951df52cca6f447635d776aa4dce4627a622ec81fee8ef,cc7cf79a6990884811e54b66ce6765feac8a827b51f981c4182731aa33ec7855
remaining423,b2,5to10Traces/0163.trace,5to10Traces,plain,6,2,0,6,1,MIN_EXPANDED_SIZE,,5,698048cb05237bb76881248a194dfd4222f786aff27053424c01cd4df973fcb3,3,100,100,TIMEOUT,TIMEOUT,,,1.0,,TRANSLATED_ONLY,TRANSLATED_ONLY,True,3194406,2021855,10937950,4722161,1.5799382250458118,2.3163017948773876,15.84901638600013,12.244257438999739,b7dd23f79b55dbcff93bf9d67d523c15525c1f58c64f1a24163600a779c645ce,fb2b2bc0673af5069f023fd3c92fe07566275ea546195d7389f4a572ff06122c
remaining423,b2,5to10Traces/0164.trace,5to10Traces,plain,6,2,0,6,1,MIN_EXPANDED_SIZE,,5,6df83574ea926131b131832dcccba0c5588a338ea681d59b1706dc1a127a37d4,3,125,125,TIMEOUT,TIMEOUT,,,1.0,,TRANSLATED_ONLY,TRANSLATED_ONLY,True,982256,1370543,3146475,2792551,0.7166911216941023,1.1267385985072431,5.4354672029999165,9.540959328000099,0f33340df729aa74c89bf111dc0722f265145cb23bfca27580bffd0ad737a7a0,89a550ef056d46bdeb275bb5c9ddcc168b008012ab6844039d46ff709037e954
remaining423,b2,5to10Traces/0165.trace,5to10Traces,plain,6,2,0,6,1,MIN_EXPANDED_SIZE,,5,43f2142433c9b3046e39e2cecba2ab6f12de2f060be5a409edc2d34939e9cbd4,3,125,125,TIMEOUT,TIMEOUT,,,1.0,,TRANSLATED_ONLY,TRANSLATED_ONLY,True,3992256,2595179,13670225,6080040,1.5383355059516126,2.2483774777797514,20.705765364999934,16.30084963599984,7b3ed031880b704da94f4459f0409af71ebf54408d136f9b1c388a5c3e4397dc,03f0e3a3ee2e189ad6a3ac2bf346d561cd70249dee144348ed046c6fd3731aa3
remaining423,b2,5to10Traces/0166.trace,5to10Traces,plain,6,2,0,6,1,MIN_EXPANDED_SIZE,,5,6a37e5470656768f553fc77683f563d89952ded7e1fcecbd6e8c6031e1d59e87,3,150,150,TIMEOUT,TIMEOUT,,,1.0,,TRANSLATED_ONLY,TRANSLATED_ONLY,True,1178106,1638189,3774000,3347450,0.719151453220599,1.127425353627388,7.588424722000127,11.195131972000127,c294aca383e4cd6eec1b2b4516457204a26fd46703cc1ce9ee83c811fe7f89b8,f7503d42d79cda8ecdaffdd4575b870bef7f522fdcd236c80cb03723f605473f
remaining423,b2,5to10Traces/0167.trace,5to10Traces,plain,6,2,0,6,1,MIN_EXPANDED_SIZE,,5,de9222b66cb05b730d04d9402205c708cb7a392a3663ddec8dcc12ce7051f8b2,3,150,150,TIMEOUT,TIMEOUT,,,1.0,,TRANSLATED_ONLY,TRANSLATED_ONLY,True,4790106,3063182,16402500,7157144,1.5637680033377057,2.2917661011151935,26.764761006999834,18.454463456000212,cb5f9c9734218d7ec3732bf9c10e3abe318b13d00ad17d3503970612c1a72fe3,262cfa61825491aef4d638cea17a4f8dc9b33496ec86b0c213cf34e1f141b616
remaining423,b2,5to10Traces/0168.trace,5to10Traces,plain,6,2,0,6,1,MIN_EXPANDED_SIZE,,5,a7f8d4ada64dafe6ccc1158f17b1987d24509f77c20e994e0be3de8e82d2254a,3,175,175,TIMEOUT,TIMEOUT,,,1.0,,TRANSLATED_ONLY,TRANSLATED_ONLY,True,1373956,1908459,4401525,3890774,0.7199295347712473,1.131272338100337,9.491009302999828,13.947190808999949,30881542a0ae5e341a1235a7f7cff535dc6f49d8457b1ac4de4a46217c7050fc,280faa95002cdeec4a762866e3abb5305776ca826a5c813fec71b571aaf38cd1
remaining423,b2,5to10Traces/0169.trace,5to10Traces,plain,6,2,0,6,1,MIN_EXPANDED_SIZE,,5,604c64f4fe5c15293a02c7a950a094fe7237524676db62bb33b8ebcf96274598,3,175,175,TIMEOUT,TIMEOUT,,,1.0,,TRANSLATED_ONLY,TRANSLATED_ONLY,True,5587956,3583526,19134775,8372162,1.5593457393639671,2.285523739268304,26.31990388799977,22.608426109999982,bbf721f9cff06c5dd44cfa1cd39c17a17c9510ddaa8d88cee59817cad92e89a0,57c5ac194942a756d1912e1c8d724f0da6d100399d7ab74aacf2dc89ad6d4515
remaining423,b2,5to10Traces/0170.trace,5to10Traces,plain,6,2,0,6,1,MIN_EXPANDED_SIZE,,5,e714e7763d0985a9f60e3f51e93026b7c9a055fac5e1fee366ac90f541b78e17,3,200,200,TIMEOUT,TIMEOUT,,,1.0,,TRANSLATED_ONLY,TRANSLATED_ONLY,True,1569806,2172559,5029050,4432123,0.7225608142287505,1.134681957156875,8.740129041999808,16.551621478000015,2c4d36b90956ac631c7426623fac906b08e34e78707b657c9ddff13b55b6be14,090c76817af82db7d601dd2a3bc4e2f1f49ae7fe4b8e337b7b2192ac5040e91f
remaining423,b2,5to10Traces/0171.trace,5to10Traces,plain,6,2,0,6,1,MIN_EXPANDED_SIZE,,5,b20ab982fceffe4adbbfb37241ddd8dbd85b26501d8b13f20e9fb892232c88c6,3,200,200,TIMEOUT,TIMEOUT,,,1.0,,TRANSLATED_ONLY,TRANSLATED_ONLY,True,6385806,4090413,21867050,9573150,1.5611641171686086,2.2842063479627917,33.37198042199998,28.417442134999874,882cf9055c8df2df5b91e3cb30055edb005112b0160e8b0e480dc21dafe069c7,69d98b540fb65c52b19623978330908160001ab285bba2fb4a5b59c84078f77f
remaining423,b2,5to10Traces/0172.trace,5to10Traces,plain,6,2,0,6,1,MIN_EXPANDED_SIZE,,5,688cf40d1b7d992482dc722d710b7aeabe69223403907db7c6e4b1095513cfaa,3,225,225,TIMEOUT,TIMEOUT,,,1.0,,TRANSLATED_ONLY,TRANSLATED_ONLY,True,1765656,2408035,5656575,4873901,0.7332351896878575,1.1605847143797134,8.23972156300033,16.851393269000255,cbdcf397e463d9bacd969ea129c9752cb6c9a981eb85e0bcd1821687ecc4e8b2,6920aced03d081028ecce50f7a6df8643b312e85c3e516e087b28f27814fde3c
remaining423,b2,5to10Traces/0173.trace,5to10Traces,plain,6,2,0,6,1,MIN_EXPANDED_SIZE,,5,027b9d21049f56e1d569a406b650b8449dffbfbe65a47d8da69ec7d0a0bfaa23,3,225,225,TIMEOUT,TIMEOUT,,,1.0,,TRANSLATED_ONLY,TRANSLATED_ONLY,True,7183656,4609022,24599325,10798444,1.5586074442690878,2.2780434847835482,42.28691567299984,28.76765190800006,419a6dd7b7ab71c7fafeaf0cbf73111fcfa7e6aeed9554b0d6041721e7fdf7c3,7fedf1edaf292c1565dee7c80baeb4dba0410a67ea14ab36283069a1ac9ae782
remaining423,b2,5to10Traces/0174.trace,5to10Traces,plain,6,2,0,6,1,MIN_EXPANDED_SIZE,,5,fe41503b69e91d4a017b84083fcd427a964966e8836a156bb0e7c99b89d4ed30,3,250,250,TIMEOUT,TIMEOUT,,,1.0,,TRANSLATED_ONLY,TRANSLATED_ONLY,True,1961506,2707869,6284100,5493875,0.7243725601201535,1.143837455348001,10.79405225000005,22.00823632100014,d2622324b982e017ec07074f5d9db2d910504d479b3bb00a80839d1ab9e2ef5c,133b713fdcc3ee3b55c832f2213372d67dccb5d96df0685005a03e0f60b2a7fd
remaining423,b2,5to10Traces/0175.trace,5to10Traces,plain,6,2,0,6,1,MIN_EXPANDED_SIZE,,5,28732aebd9a32ac10df5fde6e83c5c5b69a775b314df1fd64c6db1ea9f1cd116,3,250,250,TIMEOUT,TIMEOUT,,,1.0,,TRANSLATED_ONLY,TRANSLATED_ONLY,True,7981506,5105344,27331600,11976225,1.5633630172619122,2.2821548526351165,47.65064071699999,34.48330540899997,71094c6589e8cdd42cf9563e9de7123a310ecda32c8de2ca6569eb294eaf8a30,4ef8bd876103592dee6493fd884b2001409f6139669556efde60058017d3c350
remaining423,b2,5to10Traces/0176.trace,5to10Traces,plain,10,2,0,8,1,MIN_EXPANDED_SIZE,,5,d5a043284aa0a5c5774276dd80654700e024333355a5976fb375e5983586f01e,3,5,5,SAT,SAT,2,3,1.25,0.6666666666666666,TRANSLATED_ONLY,TRANSLATED_ONLY,True,42176,64084,134355,135864,0.6581361962424318,0.9888933050697757,1.2297699989999273,1.6808906700000534,54e5e943717172dfc2105f9e15751e1e6340b5ef69fba8b465d7caef8e73c51a,0c38acab7894d1ad31f466212ba7085b3a239de818b511232c6983f0ef559015
remaining423,b2,5to10Traces/0177.trace,5to10Traces,plain,10,2,0,8,1,MIN_EXPANDED_SIZE,,9,00e0be481f0685337ad14fe5edf3c6111e7905f4ebc18e2e634915cd78faf8af,3,3,5,SAT,SAT,3,4,1.25,0.75,TRANSLATED_ONLY,TRANSLATED_ONLY,True,273612,204583,938325,503209,1.3374131770479463,1.8646824679208838,1.9308464850000746,3.482673366999734,0c7c351704262adeda50157450f7149504aaafed2e4385a92f8335f617f75260,0a15778449566330ff58897f729ad685a8cbaeb961d6a20785565b6c6a0417cb
frozen200,b2,5to10Traces/0178.trace,5to10Traces,plain,10,2,0,8,1,MIN_EXPANDED_SIZE,,9,4430fdb2aab411bdcb015e7f6c8b460ba74aa0805e1ed6617219a2c9b842e93b,3,25,25,SAT,SAT,3,5,1.25,0.6,TRANSLATED_ONLY,TRANSLATED_ONLY,True,449782,470632,1485461,1002216,0.9556978700980808,1.4821764968829074,2.5826610469994193,4.985759270000017,595951954571edc7f5d8f15879ca63f4b58967963a695c1168212bc2b489508f,d187d7bdb7845bb7b041c303de43339dc71ed1ff0fbf33fe84efbdd5f283b6b0
remaining423,b2,5to10Traces/0179.trace,5to10Traces,plain,10,2,0,8,1,MIN_EXPANDED_SIZE,,7,d43534cc1cc93480ed9d9fde9dcc9c1e9c8800ee23f104ea4d255189972fc382,3,6,25,SAT,SAT,3,5,1.25,0.6,TRANSLATED_ONLY,TRANSLATED_ONLY,True,736266,541226,2522074,1284195,1.360367018583734,1.9639338262491288,4.534960342000431,6.337715945000127,220e7ea01efe564163369d8194768249aa079ba09daddade586d248a85f1902d,831bf1a76382ab0180a388f5e3469802d4fac705df842afe489bbf50a5a096b4
remaining423,b2,5to10Traces/0180.trace,5to10Traces,plain,10,2,0,8,1,MIN_EXPANDED_SIZE,,9,f488a5779e94138197c49413e19aa6c9098792854143982992b07496bc724119,3,50,50,SAT,SAT,3,5,1.25,0.6,TRANSLATED_ONLY,TRANSLATED_ONLY,True,889032,922747,2936386,1961635,0.963462357504278,1.4969074267129205,4.384060009999757,8.13918171000023,a49d2467e95f28de3394d9b7e836090b3d7efbe79982ad9ccccfa54e9f3ebaa1,95c8fda401e2214c351c8c0e7d0a4582d47caa5f6f1681ac1701d49015f7c618
remaining423,b2,5to10Traces/0181.trace,5to10Traces,plain,10,2,0,8,1,MIN_EXPANDED_SIZE,,5,99ffce474947f4398b531039a7e48fe137a4ec84e569eef662591ccf7027bafa,3,13,50,SAT,SAT,3,5,1.25,0.6,TRANSLATED_ONLY,TRANSLATED_ONLY,True,1008297,645110,3451535,1497712,1.5629846072762785,2.30453852276005,5.736400153999966,6.287042030000066,e85387f730c48ab18a471076a36b5fd0973833208a9a8c946b7b5930e2e32471,b5e84c3b595495dc3b9927682373315ad2dd4949b05a4951a7db5fec9fd466f1
remaining423,b2,5to10Traces/0182.trace,5to10Traces,plain,10,2,0,8,1,MIN_EXPANDED_SIZE,,9,dab7b013d1e8d416aa3521ff6cafc90dab9a343235d0ba0b27df0e39cec0522b,3,75,75,SAT,SAT,3,5,1.25,0.6,TRANSLATED_ONLY,TRANSLATED_ONLY,True,1328281,1357214,4387310,2873470,0.9786820648770201,1.5268334104758359,5.635376654999618,11.04340410199984,d6ba6d19b7c05733e17c2d1707c7a1159dca603471bfb31cc390e27422f331ad,09cd9558001d6b40fcbde6c252f037fc5284257c3d65df36fc2eda99595003f4
remaining423,b2,5to10Traces/0183.trace,5to10Traces,plain,10,2,0,8,1,MIN_EXPANDED_SIZE,,9,7916c59cbc42af906d83b5c9a37a794076f41f998650a4c86e92bddaba18da25,3,19,75,TIMEOUT,SAT,3,5,1.25,0.6,TRANSLATED_ONLY,TRANSLATED_ONLY,True,3101722,2121142,10654073,5090039,1.4622887105153732,2.0931220762748577,12.498952122999981,16.199676412999906,b756eef6b9bb9703493d331524e91942bc727b954b9aa179c754f19fb765811d,33f9c64269866dd2792da56c328329524ce1541bc3894dc75eb7274462f39358
remaining423,b2,5to10Traces/0184.trace,5to10Traces,plain,10,2,0,8,1,MIN_EXPANDED_SIZE,,5,e1a0abb63f0d0574ec055c7c1399f95ad47b000cd6a4944a8ea8bfb895a0a5d3,3,100,100,SAT,SAT,3,5,1.25,0.6,TRANSLATED_ONLY,TRANSLATED_ONLY,True,786405,1056592,2518949,2139958,0.7442844541696322,1.1771020739659377,5.9860389639998175,9.039953476999926,b39918bd4da478deb39bcbb40e9677372aa1fc71352225cb7a30d31c9142688b,8a006b3381fc25fa33c3ebb6a92b5d4413568f272620ba81920f0114bfdd9d90
remaining423,b2,5to10Traces/0185.trace,5to10Traces,plain,10,2,0,8,1,MIN_EXPANDED_SIZE,,5,fcf466c6def80e828dda76534ea43b918b98537b4aa82fc1256f149e8cfde24f,3,20,100,SAT,SAT,3,5,1.25,0.6,TRANSLATED_ONLY,TRANSLATED_ONLY,True,1917846,1220644,6566350,2842273,1.5711755434016799,2.3102460601075268,9.14155621399982,10.095635499999844,388c0f3419f05359e8fa69c0b2151d1de0d522c99b4f8ce1c856965912b0dd18,abbdf43558b2029a14a53a1612942eb02ff0ac77177e29cf78f1a9518e2cecee
remaining423,b2,5to10Traces/0186.trace,5to10Traces,plain,10,2,0,8,1,MIN_EXPANDED_SIZE,,9,6c35d83292b8c3ba57c1ff70f542e719141299b437277834cfe7be3de30c77e5,3,125,125,SAT,SAT,3,5,1.25,0.6,TRANSLATED_ONLY,TRANSLATED_ONLY,True,2206782,2267511,7289161,4791207,0.9732177704981365,1.5213621536285116,11.14255558800005,16.751640253999994,039d3053a2aa89935c7d523066174a95cf38e20da8dfff92dc2d070c2026abb3,30446dd595eaea61e67ed05768d2a71b3439fb63e557b6828d973e7623c6734e
remaining423,b2,5to10Traces/0187.trace,5to10Traces,plain,10,2,0,8,1,MIN_EXPANDED_SIZE,,7,b6dfee7d418c289bbd1e34d3c8f1d0d60e1c4f69ecaace4c58cfe595b2138de0,3,20,125,SAT,TIMEOUT,,,1.25,,TRANSLATED_ONLY,TRANSLATED_ONLY,True,3419940,2580522,11720720,6166890,1.3252899994652245,1.9005884651745044,15.150692156999867,16.35554558900003,e40b610031bf05e1aa2052652b8b453dd8d195d5c68b37c4374bd09389460156,2d47607df4f915fb9b8cacd3f7e969c2b87d33ac0a9667e0354be062c0894e3b
remaining423,b2,5to10Traces/0188.trace,5to10Traces,plain,10,2,0,8,1,MIN_EXPANDED_SIZE,,5,34ecee67cee4bbe34e57a29d6c0d8119f2c9e9761cb28f18932a041c91443219,3,150,150,SAT,SAT,3,5,1.25,0.6,TRANSLATED_ONLY,TRANSLATED_ONLY,True,1178106,1616363,3774000,3296139,0.7288622667061793,1.1449759855394448,7.939619536000009,11.544835805000275,31c60b6d51b4f9cb4c386d1ec0a51129c17da228a173ae253e80f47fb7eeb04c,72183fb2cd0cf95014b77c7450343251fdcd872672d32c5fa98898d958175c7e
remaining423,b2,5to10Traces/0189.trace,5to10Traces,plain,10,2,0,8,1,MIN_EXPANDED_SIZE,,9,0fe6622716b9cea1f2d8283991a34c46b7095f11c1cd07d16e97a9e72256fd88,3,24,150,SAT,TIMEOUT,,,1.25,,TRANSLATED_ONLY,TRANSLATED_ONLY,True,5732522,3873782,19691988,9242413,1.479825658748995,2.1306111293663244,32.2212455450001,27.919782264000105,553ef16819bdd39a9daa6c86027858705f88e9ee0a17821595576843cfc388b2,ef9900a7ff0788450a3527ec3a18e887e9fcea54ae32a600433bbec8aa1aff02
remaining423,b2,5to10Traces/0190.trace,5to10Traces,plain,10,2,0,8,1,MIN_EXPANDED_SIZE,,9,5bdc71268d6664f33dc62ac1e1065fd8312e52f0c4b7f21caa591950d454d04f,3,175,175,SAT,SAT,3,5,1.25,0.6,TRANSLATED_ONLY,TRANSLATED_ONLY,True,3085282,3148209,10191011,6653574,0.9800118098893689,1.5316596764385577,15.550317645000177,22.30756652800028,8c4d6ce09f75c518f8a42a43072ae4580961ca48400fd136ac5b514ed9be9b4f,3e7a3e783eef149a217b7726810d4bfcdf4263c82f1e92d1117738fee047b80c
remaining423,b2,5to10Traces/0191.trace,5to10Traces,plain,10,2,0,8,1,MIN_EXPANDED_SIZE,,5,45737bd8f6964ba07b5df630ad9ef4844163cd64ae95e879c7c1b8e891dd4b99,3,37,175,SAT,TIMEOUT,,,1.25,,TRANSLATED_ONLY,TRANSLATED_ONLY,True,3385890,2147974,11593765,5024988,1.57631796288037,2.3072224252077818,14.348192257999926,15.308329094000328,cbfc9a4336d83802053f86fe7bb7fdf49dc3787b331d2b55d1bbf750655dd855,70ae13a920307c0471bfb6a9d0d80e3d562381b8e195632cb7c2d818a00485e9
remaining423,b2,5to10Traces/0192.trace,5to10Traces,plain,10,2,0,8,1,MIN_EXPANDED_SIZE,,5,d327ecb59370e7f354a49762e1340a8d988054ec2dd62e634ebaf3dbc7ae7294,3,200,200,SAT,SAT,3,5,1.25,0.6,TRANSLATED_ONLY,TRANSLATED_ONLY,True,1569804,2120358,5029048,4307731,0.7403485637802673,1.1674470852520735,9.340396772999839,15.399672421000105,7ec5d427a614bf5cfd2e24372619a0f916a040a5c1836283883c6386db6976c6,3e1bf716cdcc009b867f964840c5a54f608b27e26b8661b498875507a2229c08
remaining423,b2,5to10Traces/0193.trace,5to10Traces,plain,10,2,0,8,1,MIN_EXPANDED_SIZE,,5,ec540ad4faf34d19b8c26dffb374dbd65ab41efbc701e91149a9529aa8a6d61a,3,39,200,SAT,TIMEOUT,,,1.25,,TRANSLATED_ONLY,TRANSLATED_ONLY,True,3816729,2436986,13069205,5680543,1.5661677990764,2.3006964299011554,21.05710653999995,14.899037098999997,02bc165718d3cfa232095fde50467ef8902f81aedc1a1850526245df8dc912c8,43ca35ee7c8f4a884d2c7dab0ad862ce2c946df09f365e637ab2357d1156f46f
remaining423,b2,5to10Traces/0194.trace,5to10Traces,plain,10,2,0,8,1,MIN_EXPANDED_SIZE,,9,a69d162010b7ff747dfa303ad27f320627acaacf2f088d9cd54cd43e48d33c95,3,225,225,SAT,TIMEOUT,,,1.25,,TRANSLATED_ONLY,TRANSLATED_ONLY,True,3963781,4039381,13092860,8550961,0.9812842611281283,1.5311565565554561,19.10484609299965,30.670767140999942,871bc3c4222188175fed9455d1b268e07eb5e65bb14e893a0ccf32dd3b0bd19c,1fc169b6ad17ee8d7911fcc6428416f85b5c78bbcab06a30ed28262e6357aa2a
remaining423,b2,5to10Traces/0195.trace,5to10Traces,plain,10,2,0,8,1,MIN_EXPANDED_SIZE,,5,a7c00f50034dbd7a62bdbbd60a084419a657f6c52fdb5217a05261b11c1b7565,3,44,225,SAT,TIMEOUT,,,1.25,,TRANSLATED_ONLY,TRANSLATED_ONLY,True,4295439,2773327,14708580,6500697,1.5488397148983875,2.262615839501518,24.813926769999853,21.057782467999914,ebc8334474d3fb044abba5bd437117bdd711821ef8f401cf259a6df0787aa727,911fb20594b6c92eca7ddc0b88cb9317a7a0aac8a677e1879d85545213e0d180
remaining423,b2,5to10Traces/0196.trace,5to10Traces,plain,10,2,0,8,1,MIN_EXPANDED_SIZE,,7,438aa7e3144068c90b4e85af4ebb46ddf8cdd2bc007660cf47c4294248d78baf,3,250,250,SAT,TIMEOUT,,,1.25,,TRANSLATED_ONLY,TRANSLATED_ONLY,True,3061993,3911199,9982938,8158901,0.7828783449781,1.223564055992345,18.456717791999836,28.068490667000333,062e88c50ea163cdcbdb8fd6ffc4d1c1f2c0be9c715bf008be40cfcfefda0456,950c34398e01906502c2bd46c87d47fe310852ded8a3ec2e614396b56e190619
frozen200,b2,5to10Traces/0197.trace,5to10Traces,plain,10,2,0,8,1,MIN_EXPANDED_SIZE,,5,9562ac3a2879a4b49b5609d75f0a5e8bd0127f9043ce178798c78d75444be3c3,3,51,250,SAT,TIMEOUT,,,1.25,,TRANSLATED_ONLY,TRANSLATED_ONLY,True,4806063,3150636,16457245,7418284,1.5254262948814143,2.218470605870576,26.71815248799976,18.606829724999443,bb1dee7c6ac8e5bc08249eefe34c488e87d3ea03a774975d7c520ac2fcb022ad,38a4f31ce1c89f6acda7f76043e9710e2013b11b0bb935794026772dd3ef616b
frozen200,b2,baseTest/0001.trace,baseTest,plain,10,2,0,8,1,MIN_EXPANDED_SIZE,,7,9547ffb5a3f76c5b4a41be156b2d786934fb0a67853456691c927aafbe7cc350,3,250,101,TIMEOUT,TIMEOUT,,,1.25,,TRANSLATED_ONLY,TRANSLATED_ONLY,True,2151456,2795597,7014115,5841291,0.7695873189161385,1.2007816422773665,10.543203501999415,19.2609078079995,6a595a910977c0000bf0fc072e4a852cf0901532c82812f8430819dd9aef43ce,453ac7da375d1763a743531088ed01670af574b110ea610c86f5847a490e3151
remaining423,b2,baseTest/0002.trace,baseTest,plain,10,2,0,8,1,MIN_EXPANDED_SIZE,,7,ec3b613c79867a372347b5c3e20ecf655b6b26e0936663eac81b7d8e862aeeff,3,11,11,SAT,SAT,4,5,1.25,0.8,TRANSLATED_ONLY,TRANSLATED_ONLY,True,140937,182715,459029,385399,0.7713488219358017,1.1910487572619546,1.6806305909999537,2.7319041649998326,88fc2453554b0397186d5b02b28de89853b66550db4eecad965e6bb378c7a384,749a9108fde3595c8f241be2854650218206411a93e08a4523beeb3923e9fa3a
remaining423,b2,baseTest/0003.trace,baseTest,plain,10,2,0,8,1,MIN_EXPANDED_SIZE,,9,9d0781db353a283bf3632c6789a888d5ec911aebae55319d22c203997ded5dd6,3,315,151,TIMEOUT,TIMEOUT,,,1.25,,TRANSLATED_ONLY,TRANSLATED_ONLY,True,4104342,4272656,13557075,9018501,0.960606704588434,1.5032514827020589,22.908947406000152,31.52141136099999,6eef1efce91cd5594ff3a98a084a54ab51388ff3b64d64c38f9dc4d3ac547e5e,bca3f363a7261fc247f0ccf357f4d7ca869c55cff0c5411ec4bdefb34e058885
remaining423,b2,baseTest/0004.trace,baseTest,plain,10,2,0,8,1,MIN_EXPANDED_SIZE,,9,7aa00584c4ad2de7006e587b72dcde92c0e7845ed79c9f95bf570bb9cbfdc063,3,524,201,TIMEOUT,TIMEOUT,,,1.25,,TRANSLATED_ONLY,TRANSLATED_ONLY,True,6379656,6615065,21072786,13928981,0.9644131992656156,1.5128734829920436,37.686526607999895,47.94516660099998,122451adb524af8ac0cb8fb7ecc73862ab21d9122ec765fc8652c9141a56a356,e70f23011989102ac9f199999595c28e2beabea497a44a7daaba16899edd0fd5
remaining423,b2,baseTest/0005.trace,baseTest,plain,10,2,0,8,1,MIN_EXPANDED_SIZE,,9,20c6c43cc7f2f8eb85ba9b564b1e146ecb731d0d44d4a16139452fb0713522a6,3,1112,501,ERROR,TIMEOUT,,,1.25,,TRANSLATION_ERROR,TRANSLATED_ONLY,False,,14633815,,30895288,,,5.8870774320002965,115.29879645700021,2fd89acb8642a96a565394e85fb167732e2d43b5ecb93948bf9f532eca4913e1,40427ceeb03b75c07e730f3c331a9bebf83025b8e82673ffed26f193dddad5a5
remaining423,b2,baseTest/0006.trace,baseTest,plain,10,2,0,8,1,MIN_EXPANDED_SIZE,,5,a4875e300f2efbc8da4907b662fde75274e8e6d78dce4a030d2fecd0d5b6bb40,3,89,51,TIMEOUT,TIMEOUT,,,1.25,,TRANSLATED_ONLY,TRANSLATED_ONLY,True,551386,763128,1765901,1561690,0.7225340965080563,1.1307628274497499,4.333764890000111,6.588122927000313,520f615d79a48581c2fed23175a415a50952da8f3bf7cbe48cc8cbaef85c3a83,0496056c8717b361d83c6066fa7ef1e59432c1cff2a2147bd9de2189e22b1455
frozen200,b2,baseTest/0007.trace,baseTest,plain,10,2,0,8,1,MIN_EXPANDED_SIZE,,7,1afe526db22540339194bce20eb8c5a402e11a7dfd0852830fd6e17afd7e22cf,3,10,6,SAT,SAT,4,6,1.25,0.6666666666666666,TRANSLATED_ONLY,TRANSLATED_ONLY,True,104271,143073,339480,303324,0.7287957895619719,1.1191992720655142,1.4324687229991468,2.63268085800064,91dc3a8a5805549d66783eddf779c8a0c37122afa3578296e16d292704a07fef,8046cd4ff0c6a649c1840c4d51826c177412eee78d7f1904adc402836e460012
remaining423,b2,baseTest/0008.trace,baseTest,plain,5,2,0,5,1,MIN_EXPANDED_SIZE,,5,ec69e9f99c51c86e5de82428f8153433abde0918392eb32df689b20e2533b30e,2,34,966,SAT,SAT,1,3,1.0,0.3333333333333333,TRANSLATED_ONLY,TRANSLATED_ONLY,True,3612267,4482152,11475372,9029931,0.8059224676003848,1.2708150261613296,23.169005307000134,30.42376078799998,49240437fd7a40db5732a78eca7457648b4cf47b18a9af0105a85bc057c7c0eb,1f6d981fee37272b9290cd7f0907b88f275e9fdc07eac1a84aeeac29a8701807
frozen200,b2,baseTest/0009.trace,baseTest,plain,5,2,0,5,1,MIN_EXPANDED_SIZE,,5,654e6c0caf520ddc287bc85bc4ecc4a8a114c520ebe18f105adb3e3161790123,2,4,96,SAT,SAT,1,3,1.0,0.3333333333333333,TRANSLATED_ONLY,TRANSLATED_ONLY,True,363293,514588,1153326,1038081,0.705988091444029,1.1110173483572092,2.782618899999761,5.585563495000315,bf85b7af81d354d6a8993479597ada6ace43b0641376c0203124b36f00d7b029,29a2925cb46cdbfcca51f823b1de66fa1192b9e94c1f7be2f9e7f24dedbbc26e
frozen200,b2,baseTest/0010.trace,baseTest,plain,5,2,0,5,1,MIN_EXPANDED_SIZE,,5,287f09d1ad3dd55a010036216c1436e98f7e5a60101f60da5d0708936b208576,2,51,1449,ERROR,SAT,1,3,1.0,0.3333333333333333,TRANSLATION_ERROR,TRANSLATED_ONLY,False,,6573028,,13234927,,,5.336000195000452,48.19756266700006,ea6c4ec7581b7af1070711ca0821c35ef93d13406b52181238d32684984f6ffc,89f9b3777047f622cdd4718adb15750f0a70f87c4b3e721223f246158a48bb9f
remaining423,b2,baseTest/0011.trace,baseTest,plain,5,2,0,5,1,MIN_EXPANDED_SIZE,,5,07511e9d3b5c516d46998d9c9d61a64f53aa0f89f48be8fd2b63532ec0f02cf8,2,57,1943,ERROR,SAT,1,3,1.0,0.3333333333333333,TRANSLATION_ERROR,TRANSLATED_ONLY,False,,8226412,,16589036,,,6.688988686999892,60.011914311000055,e967ee24b20fd542e9c0561698e23a4b8971842b9706d767bd8d9935c1126574,dd9a62902ae6a4118ba38117cee1966bca8abdd9e33b516a1c6ee623c0b98af5
frozen200,b2,baseTest/0012.trace,baseTest,plain,5,2,0,5,1,MIN_EXPANDED_SIZE,,5,735b7b931a99b69cedbbcd331855f5c86d90516529a3d67640aa10f8daf3e688,2,149,4851,ERROR,TIMEOUT,,,1.0,,TRANSLATION_ERROR,TRANSLATION_TIMEOUT,False,,,,,,,21.007643777999874,180.8014910819993,fc1e9f5b1714ff33a517c9b83bf01977cbac2d2e5107675bdf0d0dcf544c357b,0bd6107027c306d22f7c38dbd26adbae56a6eafacb13f5fd7483e71f4252adbb
remaining423,b2,baseTest/0013.trace,baseTest,plain,5,2,0,5,1,MIN_EXPANDED_SIZE,,5,64a9fe0afb1011acaf62a9439d020d9a3e8e758a16c239f582d6ece5389263f3,2,15,485,SAT,SAT,1,3,1.0,0.3333333333333333,TRANSLATED_ONLY,TRANSLATED_ONLY,True,1807290,2446099,5740915,4922281,0.738845811228409,1.1663119192098135,9.240472516999944,18.002965157999824,da2fa14910eea0f96bd8cb92154ec4dd0692090359c2e3099b69e300638c91ed,a6eeed4b42b756d1c1aea0598611a8ab414797b4c277c32ee94553c345c64ca2
remaining423,b2,baseTest/0014.trace,baseTest,plain,5,2,0,5,1,MIN_EXPANDED_SIZE,,5,eae019e9a301ed433d0d98ed55a659e6f4b7e91af1f2365dcf8a5028fc1ba84c,2,4,46,SAT,SAT,1,3,1.0,0.3333333333333333,TRANSLATED_ONLY,TRANSLATED_ONLY,True,182795,260437,579878,524753,0.7018779973659657,1.1050494232524635,1.8808356389999972,3.2329462959996818,824720b0a67db4780c747dd3ca8c793308669ee9659657f37f51d1b4ad9bbf4a,d17434f052026967faf14ce647079f55e2dcb90c8674ea20865ac0d3475fad5f
remaining423,b2,baseTest/0015.trace,baseTest,plain,18,2,0,8,1,MIN_EXPANDED_SIZE,,5,70287e746b0fd29f573bf71c771be740d7fb07aed69694f32274ed8f6bbbe2e4,3,101,889,TIMEOUT,TIMEOUT,,,2.25,,TRANSLATED_ONLY,TRANSLATED_ONLY,True,3880836,5349445,12434239,10877604,0.7254651650778725,1.1431045844287033,26.664692940999885,39.08539850399984,71a564566bedb3dbb9270d2fe66995be814e702ad7aa7253ae2043e200b47c75,e7adf615dc3dc0e5cd2b143765ca01e865ca140ccfeb9e74d79f9b1d6f35e7e5
frozen200,b2,baseTest/0016.trace,baseTest,plain,18,2,0,8,1,MIN_EXPANDED_SIZE,,15,fa50e2911675719d95d055e6cd91cf981e06cbaef02d9e0626d2c09b3cd0707f,3,11,76,SAT,SAT,3,6,2.25,0.5,TRANSLATED_ONLY,TRANSLATED_ONLY,True,1750520,833426,5929048,1773129,2.100390436583452,3.3438334153916607,8.741200708999713,7.99065781399986,0310845adf8fe9d125b680031e549bb51532e91280df9a0240067b7099a52da6,b7e178e9ba26ee77f213e418b3f9ed4cf37ab9e3496dec1cdcceb3064e51a923
remaining423,b2,baseTest/0017.trace,baseTest,plain,18,2,0,8,1,MIN_EXPANDED_SIZE,,5,9318a97d8cbc2695eddcd727e99f571d64603e79a45c38d72462a798bdddc12f,3,132,1368,ERROR,TIMEOUT,,,2.25,,TRANSLATION_ERROR,TRANSLATED_ONLY,False,,8113417,,16547307,,,5.485607899000115,60.26369405100013,0d98219566aeb5f7a0dfcc701213e2486c2784a7e1f9c81d38c233debbc25497,4fff4fbf906ce586d2714611cf3df94063235c3284133d4d1a2a4aadfa7cf767
remaining423,b2,baseTest/0018.trace,baseTest,plain,18,2,0,8,1,MIN_EXPANDED_SIZE,,7,ea1b54c7e0c5cef5e8e11b4e5819c775b2cf77f09161f77412617d706fbc9bd1,3,190,1810,ERROR,TIMEOUT,,,2.25,,TRANSLATION_ERROR,TRANSLATION_TIMEOUT,False,,,,,,,7.990048962999936,180.72533523000038,d5a1a9452d8a3fa4efe370c88c4b8a25b92bbcdfe1c81c67d7e3aa487d0eb8ad,6bef527473ea3f9284807e0b55f8af50d7c2cdafe790a603749a0c8ba0559adf
remaining423,b2,baseTest/0019.trace,baseTest,plain,18,2,0,8,1,MIN_EXPANDED_SIZE,,15,27f4306dca1eb9c7167d1d78927b29ebea54f66d6ac703d1e64f727b7ce375c1,3,407,4593,ERROR,TIMEOUT,,,2.25,,TRANSLATION_ERROR,TRANSLATION_TIMEOUT,False,,,,,,,29.120197173999713,180.96764718500026,bd50d2760678566285e15c36311e1215bfd9ebae5a9246d026d90a4c4cc6dcc8,748c1af96b63a593a42291536da1b4ce6e190d7972a3c858dbb967bcec84917b
frozen200,b2,baseTest/0020.trace,baseTest,plain,18,2,0,8,1,MIN_EXPANDED_SIZE,,15,a4c43f7b49a0903c436b07c0e10b397b87316fe078f8f3929ede0fb8f4a60e01,3,42,458,TIMEOUT,TIMEOUT,,,2.25,,TRANSLATION_TIMEOUT,TRANSLATED_ONLY,False,,4594886,,9717201,,,180.79336265500024,34.38108473800003,13265605f810c2233a66ea1d2181b51e0baac45a142abb180ddd37dfaf5bdc31,49394dd9515732e76e9a780ad8361a05136845edebaf5a13113f32df982e39f7
frozen200,b2,baseTest/0021.trace,baseTest,plain,18,2,0,8,1,MIN_EXPANDED_SIZE,,7,5589e1cf5fde72aa059271e32c8257148d45c86f9ba4cc0e82335409f974ac19,3,6,42,SAT,SAT,3,6,2.25,0.5,TRANSLATED_ONLY,TRANSLATED_ONLY,True,299823,396279,977084,822726,0.7565957317950232,1.1876177488009374,2.281660009999541,4.084592823000094,8ff38af4a51beb45c0227d2ab59951b345006d805cf7be7a4978d9aa8b43397e,e0eff2c5a02de392377e674d19a26583ac7dcba0e8f4b3cbc3e9006b09d815ea
remaining423,b2,baseTest/0022.trace,baseTest,plain,6,2,0,6,1,MIN_EXPANDED_SIZE,,5,143633c7de1d7e7a0576364eb602323960a8ebfb03194da1c0991ab456cfd847,3,262,101,TIMEOUT,TIMEOUT,,,1.0,,TRANSLATED_ONLY,TRANSLATED_ONLY,True,1424876,1981544,4564600,4031059,0.7190736112849374,1.1323575268930572,9.391558190000069,15.10258353900008,9510e0be1109a6c635dec40378e3c9edc106016a355984e03cd0a689917fbddf,ed0a972ea28ecbe3a2bdcc285351188695589f787bec1ee14fbb06c0d2c27e5f
remaining423,b2,baseTest/0023.trace,baseTest,plain,6,2,0,6,1,MIN_EXPANDED_SIZE,,5,c9b19521e3bc05732496d76fe72ff0fc49fa5e4cee3011bbaba6fcc5ad539eae,3,43,11,SAT,SAT,4,6,1.0,0.6666666666666666,TRANSLATED_ONLY,TRANSLATED_ONLY,True,214524,304084,686561,622910,0.7054761184409571,1.102183300958405,2.0810088059997724,3.4327526619999844,0aaa31882a8a83647d0f65b45d758fd957fa9478dc634a437de9ae3830f3d217,fa567af7cd93d2ba9179fb418f1a94ade5956e6cdcefb856bbe1d8755bce4041
frozen200,b2,baseTest/0024.trace,baseTest,plain,6,2,0,6,1,MIN_EXPANDED_SIZE,,5,d723312aa8c1976041cad7d58e58659979ac2d32409b27ffe5efaf859fb9e221,3,381,151,TIMEOUT,TIMEOUT,,,1.0,,TRANSLATED_ONLY,TRANSLATED_ONLY,True,2086849,2868399,6685601,5852861,0.7275309327607491,1.1422791349393058,11.903815638999731,19.308027605999996,f51b078e9682a1dc4ce5a23038f0e3c26877d3a2c9e49f044331e331d6900cdf,42107e0b5ac5c51275bdb8cd549005b30fa04695fb2c4814dba9d2d81e7245dd
remaining423,b2,baseTest/0025.trace,baseTest,plain,6,2,0,6,1,MIN_EXPANDED_SIZE,,5,76c4a7293fcbc391e510c9fdec6cda107581fedf9a878e65a3a67d7e897419f0,3,450,201,TIMEOUT,TIMEOUT,,,1.0,,TRANSLATED_ONLY,TRANSLATED_ONLY,True,2552973,3535885,8179101,7205618,0.7220181086206141,1.1351005562604068,15.649674194,26.663690878000125,917af4189c6afa2b17339d57200f4e3b53445e262752f1e611f395eb38aa3dd3,815d8c3ebb7d190fcef58ab8fda8e5f63951ce94c9a3dff7d1f952a8c48593de
remaining423,b2,baseTest/0026.trace,baseTest,plain,6,2,0,6,1,MIN_EXPANDED_SIZE,,5,c1fae1fcd3b0bb0f99c0e135639da132714f971a145d59f958b456cfd73c08c3,3,1205,501,ERROR,TIMEOUT,,,1.0,,TRANSLATION_ERROR,TRANSLATED_ONLY,False,,9186295,,18684158,,,6.638384557999871,66.32161802600012,3daa2921ee1a59d32be5b43265eb7a9f07e0496d53cc3ff2f811ba6e5bc27efa,e95ab82b24a508dd519e0a9aa66d6490430c9ea04e449beaef6f4a21162f9b49
remaining423,b2,baseTest/0027.trace,baseTest,plain,6,2,0,6,1,MIN_EXPANDED_SIZE,,5,ff9cd0854fe0341214f869d776aac38a0e6677ee17710838c61310e981057546,3,111,51,TIMEOUT,UNSAT,,,1.0,,TRANSLATED_ONLY,TRANSLATED_ONLY,True,637560,887901,2042001,1807969,0.718053026181973,1.129444697337178,3.9847357129997363,6.387481437999668,c781abe13959be6bb3fa79746c1dc8833a1f1d6b6182f0675c98bff06b169faa,30523286c985076f35bf08a9945802f6590ad4999f4caf347136852fecfeb652
frozen200,b2,baseTest/0028.trace,baseTest,plain,6,2,0,6,1,MIN_EXPANDED_SIZE,,5,b8f882bacbebe284185916f6223600b429c1d4be629d4815681951c6ffd7a893,3,15,6,SAT,SAT,5,5,1.0,1.0,TRANSLATED_ONLY,TRANSLATED_ONLY,True,85263,124063,272406,255102,0.6872556684910086,1.0678316908530705,1.5309600110003885,2.1816220789996805,55680e8a1cf1b709f5a516443eb8f4b8a149834e9ab389561148dcb7c688f4c3,0d85d9e94228ff53ed0a442c153194d1a31738ab4027dcb68c4d991a7f2b32b1
remaining423,b2,baseTest/0029.trace,baseTest,plain,3,2,0,3,1,MIN_EXPANDED_SIZE,,3,896504bb5809cff6d7043900fa043e659ad4cd31efc4976c9761960ac36b5964,2,40,960,SAT,SAT,1,2,1.0,0.5,TRANSLATED_ONLY,TRANSLATED_ONLY,True,2017051,2067323,6247665,4063429,0.9756825614574984,1.5375351704188753,17.203714651000155,16.503101253000295,cc47bbb407a4904659ee64b6c07a32b538d5bd40ff99bbef3926d54c3b5a8c48,4bf30f6b39607d78ddb96c7269f0fa78533396f3684558cc2a45e4e5ec970026
remaining423,b2,baseTest/0030.trace,baseTest,plain,3,2,0,3,1,MIN_EXPANDED_SIZE,,3,82699e230f5e24a3e0a282f7fba0ba60976a55cf5416a352a652d38a956e2029,2,2,98,SAT,SAT,1,2,1.0,0.5,TRANSLATED_ONLY,TRANSLATED_ONLY,True,202676,224259,627227,437675,0.9037586005466893,1.4330884788941567,2.181002475999776,2.782155648999833,5f6961aa420242745d866af216a375c3d753a96f7e7c6d810570d5c6df0f6c6f,46b3539e0d2f8bde03926d2415662fa394207f6cad7beab44512f4e485a34706
remaining423,b2,baseTest/0031.trace,baseTest,plain,3,2,0,3,1,MIN_EXPANDED_SIZE,,3,62761da60c0251c9234fe017d63810efe7707690c494ee27278655c72a566025,2,53,1447,ERROR,SAT,1,2,1.0,0.5,TRANSLATION_ERROR,TRANSLATED_ONLY,False,,2925580,,5756465,,,5.185316016999877,20.40605731300002,54f75b5ac90c3f96c714babbb75036f86219a492a5bad7ba0340d2e4b7997d4e,81a12b0748a7da441c87f8e145d993beaccffa3fd9b023b7523b708f29bed4a7
remaining423,b2,baseTest/0032.trace,baseTest,plain,3,2,0,3,1,MIN_EXPANDED_SIZE,,3,c929b0daecc15eeecff69fad25b681ccbd79a6670e44111a0f47c89afa75a016,2,68,1932,ERROR,SAT,1,2,1.0,0.5,TRANSLATION_ERROR,TRANSLATED_ONLY,False,,3741562,,7371205,,,6.738248049000049,27.820514670000193,ddd0a2753ea0532fb4d10d3377cacdd0f766697f4290a22c7f21dfcd2dd92765,6c7cd63f0540f0fef6f06a7a0feea7cc4ff1516044275ec4530982ef89168859
remaining423,b2,baseTest/0033.trace,baseTest,plain,3,2,0,3,1,MIN_EXPANDED_SIZE,,3,6ea284eaba3d6f2ca110a3c0bda24a177149d3f4549c2712d2e4a56139f05a82,2,148,4852,ERROR,SAT,1,2,1.0,0.5,TRANSLATION_ERROR,TRANSLATED_ONLY,False,,7005497,,13814615,,,21.35785687900011,55.65257385000018,f633a86bf7e560247e706227e001ab7c96bdeb8ac426ca6faf0bddc46bbfdc56,1bc4b5dd22216c079a084daf07e1b2d58b8098e9daef8750a1395c96c3cdff10
remaining423,b2,baseTest/0034.trace,baseTest,plain,3,2,0,3,1,MIN_EXPANDED_SIZE,,3,d761999ab52cdf91d792c391c3260cb916db123c409b13bdd15b22f0c7536dda,2,17,483,SAT,SAT,1,2,1.0,0.5,TRANSLATED_ONLY,TRANSLATED_ONLY,True,1009067,1075736,3125204,2114499,0.9380247570035771,1.4779879300013856,8.640223453999624,7.639421219000269,8fc5a88af64dd294abefe8f3439c79bd43d28342c173a9d979e003d776ff43a1,6a0bee1eafaefc3f8fa536d73321789c44568c131886f224c7e2c1c7d3b0d357
remaining423,b2,baseTest/0035.trace,baseTest,plain,3,2,0,3,1,MIN_EXPANDED_SIZE,,3,b31846ba7ebe249081f7c4b9ee042285ed1d3194b4d893efc9a56086808774a9,2,2,48,SAT,SAT,1,2,1.0,0.5,TRANSLATED_ONLY,TRANSLATED_ONLY,True,101877,115531,314978,227282,0.8818152703603361,1.3858466574563757,1.6826403649999975,2.0312045460000263,86a54349b31072059b87b0bbb4a4ce3849a7cc06b362e5f93c15401ebe60a695,1bf656581e19afb0450ee9bd2549daaa9095759dc23aaa2598ed13693197a59f
remaining423,b2,baseTest/0036.trace,baseTest,plain,10,2,0,8,1,MIN_EXPANDED_SIZE,,7,f83114b007ed8486aaa1359b784e1629b9112cb40f68776f201b9cb07a0041a5,3,85,915,SAT,TIMEOUT,,,1.25,,TRANSLATED_ONLY,TRANSLATED_ONLY,True,6117492,7922281,19945602,16527797,0.7721882119556224,1.2067913225216889,39.28116240599957,57.06036002799965,e0d2f0b63e6c5aeeee8e07c0f33a8d05b159e5c5fcba39e4ae01e3f0028abcdf,d01107aeab18f4590445da23e9a59915d8e66f83fb98b8a34cfbe8bd781b9e98
remaining423,b2,baseTest/0037.trace,baseTest,plain,10,2,0,8,1,MIN_EXPANDED_SIZE,,9,9301814cf200bba9d564cb24bc8469de48c0569a670583499ce8aa45ad6484e5,3,5,95,SAT,SAT,3,5,1.25,0.6,TRANSLATED_ONLY,TRANSLATED_ONLY,True,889032,936257,2936431,1991209,0.9495597896731346,1.4746975330063292,5.6864985420002085,8.991746224000053,770181625714e5142c2d3aa47194e577e8cb757ceb7f725f2978a97d5a53b3cc,a62425c459418e8277ff74bfe6562c0644e1c75508e55cc6c05461aced010e90
remaining423,b2,baseTest/0038.trace,baseTest,plain,10,2,0,8,1,MIN_EXPANDED_SIZE,,5,94cdd623cd55fefdeeb586e239ed93fab3d98e9036dafbf683549d087bd92602,3,143,1357,ERROR,TIMEOUT,,,1.25,,TRANSLATION_ERROR,TRANSLATED_ONLY,False,,8080590,,16425825,,,5.587215774000015,61.66425297500018,f5308fa950c3a4ed753b7986a48ba30da45134b0eb8558a8f72f07deb17a3f18,c9b0d81109ef12402131d3b66dc58d3aa5a1fe6092e122429ed4697c0ea649f3
remaining423,b2,baseTest/0039.trace,baseTest,plain,10,2,0,8,1,MIN_EXPANDED_SIZE,,9,1c50818c58b20fc2560a5acf9983ab0d276e8a042adba320ee183606d1d502f1,3,174,1826,ERROR,TIMEOUT,,,1.25,,TRANSLATION_ERROR,TRANSLATION_TIMEOUT,False,,,,,,,7.189480514000024,180.6707885529995,2e6d95d119ae01cf7c84c8f71e49aa0312eaa994b083e49e72f15c0446bdf854,7da5dec58fab98149ceb8299de725b58dc0edd56397d66ee328f0029487766f7
frozen200,b2,baseTest/0040.trace,baseTest,plain,10,2,0,8,1,MIN_EXPANDED_SIZE,,5,2d01c4a45631c22085feb6cdf4ca13217795df8db1af8aadca86e2d48e488276,3,431,4569,ERROR,TIMEOUT,,,1.25,,TRANSLATION_ERROR,TRANSLATION_TIMEOUT,False,,,,,,,29.628055963000406,180.86707455899978,58ac670dc69c2c5de502090b3eef47b6cf023c5e2c62d0ebbf415f7f9fc269a7,d0fcb1e380d14e60ebc718dd7d25eba35786a686336b81bdd9faaa13b5411802
frozen200,b2,baseTest/0041.trace,baseTest,plain,10,2,0,8,1,MIN_EXPANDED_SIZE,,7,c3386b7fed1390e9dbbdadbbe614bf374aa59ce6cfa6e0242f58554e530e34e2,3,49,451,SAT,TIMEOUT,,,1.25,,TRANSLATED_ONLY,TRANSLATED_ONLY,True,3061994,3990454,9983140,8364214,0.7673297324063878,1.1935538712902372,18.454198606999853,26.069089676999283,fb7d23a9b60743a410454e5049dc73f56564c473b93b6e23fb7d54207fe6bbcc,3d25994c1e627ce7c31df877b7c199bc0dd04cdba73f4c525accdaf5473a3b15
frozen200,b2,baseTest/0042.trace,baseTest,plain,10,2,0,8,1,MIN_EXPANDED_SIZE,,7,2244b83a855d75871bb864ca4fbfbc316c76e290d7554bd7a76747980d449e08,3,4,46,TIMEOUT,SAT,3,5,1.25,0.6,TRANSLATED_ONLY,TRANSLATED_ONLY,True,312045,410415,1016936,859710,0.7603157779320932,1.1828825999464936,2.181453632000739,4.585223277000296,ba27ae7a9bb711694abef27e5870ea4033ebb3c292917ae93a69d680955e9225,460e34dc592fd51066b971d4759a28d189112e6578eabc44901f209477ec7cd1
frozen200,b2,disjunctedExistence/0000.trace,disjunctedExistence,plain,36,2,0,8,1,MIN_EXPANDED_SIZE,,5,9aa52b88a4b6321d15ceac2fa1866a38bfa4b34e19bb5f98e058b22455bf54c1,5,50,6,TIMEOUT,TIMEOUT,,,4.5,,TRANSLATED_ONLY,TRANSLATED_ONLY,True,259813,323236,843865,665871,0.8037873256691705,1.267310034526207,2.181276872000126,3.5337151879994053,c2fa19e779de78af0b786c820c598837069eb1f95d8bc476b1a95e73ad4a67be,b96d9599ad100864a7b4ee3eeb1a806929d5634048a2d0692a4a0fbf6f1266de
frozen200,b2,disjunctedExistence/0003.trace,disjunctedExistence,plain,36,2,0,8,1,MIN_EXPANDED_SIZE,,5,424507b2de8960903fda914ede4da873c9ed6d3925a5e02f18cb3b19d0ece32e,5,100,14,TIMEOUT,TIMEOUT,,,4.5,,TRANSLATED_ONLY,TRANSLATED_ONLY,True,522611,646838,1697285,1329973,0.8079472758248588,1.2761800427527477,4.084270886000013,6.1363982149996446,e55d23ebc6106b7643db4daeac794359f6c42c10c80e60ff68dff452ee13aaa3,0ad0b96fdb7708537e08250ad79be77cbac060971ee76876d9818bfc3251fff2
remaining423,b2,disjunctedExistence/0006.trace,disjunctedExistence,plain,36,2,0,8,1,MIN_EXPANDED_SIZE,,11,0e0f0f8358471184615f2f0433167538d8968d843bc7bcd9a977a2151225d8a2,5,150,23,TIMEOUT,TIMEOUT,,,4.5,,TRANSLATED_ONLY,TRANSLATED_ONLY,True,2318456,1652163,7788392,3521175,1.4032852690684878,2.211873025339553,11.192802080000092,13.699171659000058,d20852f473ee6a5ebdc11ef16e3b8ee8cecc66818da683cdfb3113f9699650a0,990936128b3f3bf921a3959b44c8123c1881b7024d4d2d0dadfaf65ed8ab064f
remaining423,b2,disjunctedExistence/0009.trace,disjunctedExistence,plain,36,2,0,8,1,MIN_EXPANDED_SIZE,,5,1808d3ef3a9d5d8bb99423643f556bcbc170897950dc5f771dc89b5d3ea4e21d,5,200,32,TIMEOUT,TIMEOUT,,,4.5,,TRANSLATED_ONLY,TRANSLATED_ONLY,True,1057269,1313198,3433555,2706045,0.8051101204844966,1.2688462313080529,8.190517250000084,9.84149431500009,b53d0bef8493a7da968304045116f7e3a7099b9d1df241cf99efa2e33f21786e,21cc574cc049aac139d7fb81712fd5f91f07304cb73d1aaf564093c0bd421c19
remaining423,b2,disjunctedExistence/0010.trace,disjunctedExistence,plain,36,2,0,8,1,MIN_EXPANDED_SIZE,,5,69186f916c3d5e967441fba75b4722708863cae8cf14ee673ff76673cefb1b0c,5,200,1,TIMEOUT,TIMEOUT,,,4.5,,TRANSLATED_ONLY,TRANSLATED_ONLY,True,3660457,2111060,12576144,4972097,1.7339426638750202,2.5293440574469885,19.504942303999997,13.848695158000055,12f785a6d90bd6e78a364b9d3d0d562189a63dc215297ce63c381f3f83c19277,e43883bfaad0132bccf23cffc7026b723bed5786ab315daf9b3ed422493f3dcb
remaining423,b2,disjunctedExistence/0012.trace,disjunctedExistence,plain,36,2,0,8,1,MIN_EXPANDED_SIZE,,11,ca651d108be883ce1902f3503e423288abb4ccb7c55aa057ad7ac2a8dbb3c293,5,250,38,TIMEOUT,TIMEOUT,,,4.5,,TRANSLATED_ONLY,TRANSLATED_ONLY,True,3844851,2747419,12914647,5846471,1.3994410754238797,2.2089645189380054,21.20761019099973,19.202817417000006,16e51b1538a4a749a0941fc3512ad3c5531683f1893fc0b6635454338206792b,d5715e2b095c94705b67f561136fa5ed8f65be8781103d69c8d407a12e55e43c
frozen200,b2,disjunctedExistence/0015.trace,disjunctedExistence,plain,36,2,0,8,1,MIN_EXPANDED_SIZE,,11,1bfdce4b3f7d8319b507423f0276b9623575e0c9bd3e72db79a089df5b0b4f6b,5,300,50,TIMEOUT,TIMEOUT,,,4.5,,TRANSLATED_ONLY,TRANSLATED_ONLY,True,4667777,3343841,15678371,7134841,1.3959327013455485,2.197438036811192,25.314571387000797,25.864173257999937,36a9d033ca597c70ab234444c54af278b092f9be75af349ce289fc10c3d07c09,115ebd935ffe05edab2eb8155b0fb2fd820d78017d04ff4ec79ea2fa142b5489
remaining423,b2,disjunctedExistence/0018.trace,disjunctedExistence,plain,36,2,0,8,1,MIN_EXPANDED_SIZE,,9,2786837aa8a2b43607b5445f018ad5814e357ff5849f7ef8b11bb649c131a26b,5,400,68,TIMEOUT,TIMEOUT,,,4.5,,TRANSLATED_ONLY,TRANSLATED_ONLY,True,4638744,4468404,15450478,9523364,1.038120993535947,1.6223760847532447,24.410543921000226,32.075436567999986,effc0bba66eb13361091008e0e6b243823d25b087b5d1d90abf9aee6f5587ce5,bda239a0ff8aa4d2ab62c21d71905a73d6819e6c66b72698a4e0d677f956d8b5
frozen200,b2,disjunctedExistence/0021.trace,disjunctedExistence,plain,36,2,0,8,1,MIN_EXPANDED_SIZE,,9,7c153275999711b89ac7dfe3272080e06f4dfd9607e4c22582b295b2e6a11951,5,500,107,TIMEOUT,TIMEOUT,,,4.5,,TRANSLATED_ONLY,TRANSLATED_ONLY,True,6011925,5788130,20023895,12344938,1.0386644736728443,1.622032852655882,34.086072351999974,42.29254797300018,203a314c3904906f21ed78d1f34427244f97d7113159fce54b5d57af248f1b6b,2951e97a00c715d616c5530acb24f8962f6d0929d5858e3178e36990d5ca61d6
frozen200,b2,disjunctedExistence/0030.trace,disjunctedExistence,plain,11,2,0,8,1,MIN_EXPANDED_SIZE,,7,7a1d604605f878c29bb0e1f081fe5a726c71f72c25561513fbfd9911cf196c55,4,150,1,SAT,SAT,3,4,1.375,0.75,TRANSLATED_ONLY,TRANSLATED_ONLY,True,995368,1232568,3263422,2572733,0.8075562565310799,1.2684650914028,4.685640585000328,9.99427151799955,75be03d825f66ef0e367190cff0d36b95b2183769dab066fe8807befe9c22cb0,7722e95a46719ce937ec5a87053a278b069ea9186f9e71a2412f00b04f87173d
remaining423,b2,disjunctedExistence/0033.trace,disjunctedExistence,plain,11,2,0,8,1,MIN_EXPANDED_SIZE,,7,95c06178b9635bd4227fa1fa0f326005487fab0b66adb0640602f7a9493351ca,4,200,1,SAT,SAT,3,4,1.375,0.75,TRANSLATED_ONLY,TRANSLATED_ONLY,True,1322268,1637665,4335222,3441829,0.8074105509979147,1.259569258089231,8.439472460000161,11.046094826000171,1c7aca4285deb6fa10849b436d1f0a570012b78e02cd6ca2e033f931a83bad61,944baef58fa67f260917bad9c087311c1498e8e7b4c076970a5dc2db54ad96b8
frozen200,b2,disjunctedExistence/0036.trace,disjunctedExistence,plain,11,2,0,8,1,MIN_EXPANDED_SIZE,,5,42bd2fd48168a346de5a4a580a801bd6fa28548f4a7dfc831b33916167f8b112,4,250,1,SAT,SAT,3,4,1.375,0.75,TRANSLATED_ONLY,TRANSLATED_ONLY,True,1064950,1387168,3436661,2826147,0.7677152298784286,1.2160234411019668,8.046235314999649,11.44682083600037,927c5513897af1f9b6f0bb4840f8037cf509417d7ce7544fd1e45b6f2d471ecb,2c16a30861ddd788075772bfe8f49262859a37706a8a3d353c0cf39ed91226fa
remaining423,b2,disjunctedExistence/0042.trace,disjunctedExistence,plain,11,2,0,8,1,MIN_EXPANDED_SIZE,,5,9ee4956bd881e7a72108246ac4fc1142fe4988a926d88d267b8cea0f358f6732,4,400,2,TIMEOUT,SAT,3,4,1.375,0.75,TRANSLATED_ONLY,TRANSLATED_ONLY,True,1702775,2245238,5495095,4602301,0.75839398763071,1.1939886156946276,8.940144262000103,17.95305904399993,4cd46fe28d051fabb1cf56dd87ce73e15a68545633ec488fa455945516975a10,be9c33f3feda3d2a9d2d8890eeb6ec39132c265efa5921ab7b0386a6175d5c81
remaining423,b2,disjunctedExistence/0045.trace,disjunctedExistence,plain,11,2,0,8,1,MIN_EXPANDED_SIZE,,11,fbf7c42f8d1e5dd6310dd6068d655e08723527693bff2083f7ff09be97c3299e,4,500,1,SAT,SAT,3,4,1.375,0.75,TRANSLATED_ONLY,TRANSLATED_ONLY,True,6334481,4715037,21208487,10008637,1.3434636886200468,2.1190185037183387,29.11619713999994,35.02803143599999,d9fc7b1caa7bc00e8f2f642ce69b9345151f65783746ecc101c5b302c4958926,ec36d358cb9592dd0ed3799631542861e2c2fd4e50c226c2ef8dab31ed836507
frozen200,b2,disjunctedExistence/0048.trace,disjunctedExistence,plain,134,2,0,8,1,MIN_EXPANDED_SIZE,,9,f40572e52f00c672d689de94400867426882c00278f9ad24fc73f6c37a203d3c,7,50,50,TIMEOUT,TIMEOUT,,,16.75,,TRANSLATED_ONLY,TRANSLATED_ONLY,True,1118936,971963,3754189,2073187,1.1512125461565923,1.8108298961936382,4.935176658000273,9.491386628999862,ccbeeb776bf6dcb035446ab9559a5eec5300acd095efe42e53c26aba24563f05,2b74f4063103b3a7121c53835e4cc3bd37a5e1615c64017875cb87a92f79afc2
remaining423,b2,disjunctedExistence/0049.trace,disjunctedExistence,plain,134,2,0,8,1,MIN_EXPANDED_SIZE,,9,2f22c240859e2b9d49a99537712e8ad7f7de4cca881491e6a5f51d9d9739dc34,7,2,50,SAT,SAT,3,5,16.75,0.6,TRANSLATED_ONLY,TRANSLATED_ONLY,True,2145992,1198518,7412841,2880298,1.7905379810732922,2.573636825078516,8.789738525000075,11.445892041999969,82f09aaa14be4196699b293e1edfbb2aff99aebe154377f22db3c96aeb674462,fb436e4c29529408865be8f1d58fe27470c9d4db5e68dfa70671e8b18b234c88
remaining423,b2,disjunctedExistence/0051.trace,disjunctedExistence,plain,134,2,0,8,1,MIN_EXPANDED_SIZE,,11,aa52387a1981bbc65e2191e92595db67c0d9ea3192605a3b1c6cb022ebccd084,7,100,100,TIMEOUT,TIMEOUT,,,16.75,,TRANSLATED_ONLY,TRANSLATED_ONLY,True,2957867,1937554,9994593,4149138,1.5265984844809486,2.4088360040085433,14.54790720300025,14.297858107999673,c40879e85b2f3831587219ea84a7b1d4f333eaa94f09c410fb5a36f4529bbd6a,482a752ee0fe9eaa2d6c7f271e66655b75b4d1712ad2c37886432222855835a6
frozen200,b2,disjunctedExistence/0054.trace,disjunctedExistence,plain,134,2,0,8,1,MIN_EXPANDED_SIZE,,11,092edbe817520f3dea1c1708f793a024f854f6785c11b969e7cc80168bfe7282,7,150,150,TIMEOUT,TIMEOUT,,,16.75,,TRANSLATED_ONLY,TRANSLATED_ONLY,True,4418567,2877970,14926643,6117338,1.5353068308564717,2.440055298562872,24.664412326000274,22.061135505000493,1f4bf0ab5a83fc71dcbc70504dbb9f542c12a709b601fce7303ad40fa224c7d3,787ae18c0a0bf7a0af48b6771d8e403e3d1e7d4de8cef62e83ef1847a9683d47
remaining423,b2,disjunctedExistence/0055.trace,disjunctedExistence,plain,134,2,0,8,1,MIN_EXPANDED_SIZE,,5,c94e259027212905fc24057176069edd3844cda7b23707d016f228c9db37693c,7,3,150,TIMEOUT,TIMEOUT,,,16.75,,TRANSLATED_ONLY,TRANSLATED_ONLY,True,3131542,1601611,10787618,3784654,1.9552450626275668,2.850357786999816,14.398380906000057,10.743913767999857,4622c907bb3e6599aafa879de3c513cec748f4852bf552452ec9577361ca8108,3255d88ff23744a7f3a5b2161d12626b1f8cf1815e40d895f75ac0bc73bba914
frozen200,b2,disjunctedExistence/0057.trace,disjunctedExistence,plain,134,2,0,8,1,MIN_EXPANDED_SIZE,,11,6e6462f56f7be1474c46e342cd9b52c0e2b197772fd4f9243e9ad16e47672048,7,200,200,TIMEOUT,TIMEOUT,,,16.75,,TRANSLATED_ONLY,TRANSLATED_ONLY,True,5879267,3840257,19858693,8165965,1.5309566521198972,2.431885637521101,30.131810077999944,24.622057741999924,29879b44b4c73a8ef92bb10ad9ffa4be5ca7aa35b7e46d529cb2579d9930ba3b,f30396ecf4941edc1665258b09bcedc52aa4157791bec886c82f393e3c071454
remaining423,b2,disjunctedExistence/0058.trace,disjunctedExistence,plain,134,2,0,8,1,MIN_EXPANDED_SIZE,,5,536d0e502da77b68bdba3a5dfb2a835e378bb339a49182a1519300259a4e8af8,7,2,200,SAT,SAT,1,2,16.75,0.5,TRANSLATED_ONLY,TRANSLATED_ONLY,True,4131387,2102434,14232025,4946210,1.9650495568469688,2.8773596349528225,21.35719676100007,15.00084456400009,572d392aef3af641aaeae596224f4450f73e9668540701dbefed1a235cc3951a,fd37874a42f82993994e510006058d8e3e48cf8de145243cc1025b1066143932
remaining423,b2,disjunctedExistence/0060.trace,disjunctedExistence,plain,134,2,0,8,1,MIN_EXPANDED_SIZE,,9,ae8c721ccca0c09bb1caaa404fe38187b88082487b2dd912873a54f1110e35d3,7,250,250,TIMEOUT,TIMEOUT,,,16.75,,TRANSLATED_ONLY,TRANSLATED_ONLY,True,5508136,4782199,18468789,10165963,1.15179983099825,1.8167279381205697,27.266434369000308,33.57853487200009,4bc974f9cd7ab89fe07307e7118ede5b67e6de45e09009bdf2e25da3d9ed7aad,a5e2d19fdbda317dbfa0a5bf045b87d12b121b06c2409b98c695596ae40df46b
frozen200,b2,disjunctedExistence/0061.trace,disjunctedExistence,plain,134,2,0,8,1,MIN_EXPANDED_SIZE,,11,05796686e3c55d78c6963abdea7159548834606d6e6ce6ea7e70e2122c847d73,7,4,250,TIMEOUT,TIMEOUT,,,16.75,,TRANSLATION_TIMEOUT,TRANSLATED_ONLY,False,,6046985,,14609861,,,180.82628846899934,48.70682481699987,a7641599b51923e146461dada6ba0f063edcd0bfa7831dcb563023bfa22343db,79f561c16d69c4eab953399c69038c335a934497b6ae255fb7156a1f18fc3ad0
frozen200,b2,disjunctedExistence/0063.trace,disjunctedExistence,plain,134,2,0,8,1,MIN_EXPANDED_SIZE,,5,626d67f59fe04a454da0de7737bf2ad85b99392a408360b738091701b07475ab,7,300,300,TIMEOUT,TIMEOUT,,,16.75,,TRANSLATED_ONLY,TRANSLATED_ONLY,True,3096577,3378042,10159739,6906884,0.9166780638014566,1.4709583945524494,19.958588276999762,24.565265368999462,c639619f09356879f7f34b6a95690067a0e1e2cbd859c0fbd30a5c9dffdd12b9,0700b16dfdccda96abd7eecce545d3ffdcc0374d9c1d1c8d06c6b8624aba561c
remaining423,b2,disjunctedExistence/0064.trace,disjunctedExistence,plain,134,2,0,8,1,MIN_EXPANDED_SIZE,,9,fc617b191fd4d845769d17e2dd10f4af437581f59ee25a7839c6dec061cc113e,7,7,300,TIMEOUT,TIMEOUT,,,16.75,,TRANSLATION_TIMEOUT,TRANSLATED_ONLY,False,,7004000,,16851719,,,180.85929589000034,52.50648045299977,d55d9f83c1a99c9d2d33e4e29a4c8cf03c546acc0fb9f4a740bc68d789a3a779,38dfca05372d4f72ce5aa8704dad77b58c908e850bc8f92b341d6bb2047eb6ec
frozen200,b2,disjunctedExistence/0066.trace,disjunctedExistence,plain,134,2,0,8,1,MIN_EXPANDED_SIZE,,9,43d4cd6a258fce14a544ddfc107ce97e4591d36af4a6b020ee012f67194b5a6f,7,400,400,TIMEOUT,TIMEOUT,,,16.75,,TRANSLATED_ONLY,TRANSLATED_ONLY,True,8800036,7610683,29504739,16153695,1.1562741477998755,1.8265009336873081,57.46316083900001,54.91180353400068,a15ac58128ab6a813c2a6ebb5114a89dc7ca08480b8cf5b47b997b0d84b7abc1,10a84baa9e665ce8c7e48b1ec970121e9b259dc4e0e5955a28736f3b19451046
frozen200,b2,disjunctedExistence/0067.trace,disjunctedExistence,plain,134,2,0,8,1,MIN_EXPANDED_SIZE,,5,91d865176d70910e5658d0568f6799c7fd07c31c47b1eea93804f38bf3e5376c,7,8,400,TIMEOUT,TIMEOUT,,,16.75,,TRANSLATED_ONLY,TRANSLATED_ONLY,True,8334817,4278327,28712583,10088519,1.9481486571737037,2.8460652153205044,49.65176523199989,27.217591265999545,2f649cfb05b9ea25ce1eecf0053d24dd9d0241b5731ae8c4d4a241ed5d339a4e,9ba08ce0e0f9a9e0fbabb4fda48a8ec4ad9bc26d0bc0b17789834de842238d6d
remaining423,b2,disjunctedExistence/0069.trace,disjunctedExistence,plain,134,2,0,8,1,MIN_EXPANDED_SIZE,,5,622819d40ba94df8d8abeb6b955778f2a23b50fbe826af1277da478a3864b519,7,500,500,TIMEOUT,TIMEOUT,,,16.75,,TRANSLATED_ONLY,TRANSLATED_ONLY,True,5154577,5643767,16911139,11547460,0.9133220772579733,1.4644899397789644,32.7715349529999,44.396756568,1351240a0bf8dab21bcbeabc5ec69472d875183a80524406f894cc2fd9f6cd64,6365141743637aea5c5744df55292dd8cc156dadb318305affa0efca49f6334d
remaining423,b2,disjunctedExistence/0070.trace,disjunctedExistence,plain,134,2,0,8,1,MIN_EXPANDED_SIZE,,5,0cfd956822f9adddc5db2a29649255f2a901633e32f3a021d3575c9899d300fe,7,9,500,TIMEOUT,TIMEOUT,,,16.75,,TRANSLATION_TIMEOUT,TRANSLATED_ONLY,False,,5303823,,12519940,,,180.8774293749998,38.53303404600001,628217a1a49ef6e63d96949212c76e241e477f4a072c0f91d5b74a92d10c6683,6b0ae1fa8e54fb300f2a8eea3ebc16df238b279f76ab63a8a86efb0cc0a49f4d
remaining423,b2,equal/0001.trace,equal,plain,10,2,0,8,1,MIN_EXPANDED_SIZE,,5,d49246fb746c17e1586e2867db0b38c03500efb47fb5651cf4883b43a0b95c1e,3,100,100,TIMEOUT,TIMEOUT,,,1.25,,TRANSLATED_ONLY,TRANSLATED_ONLY,True,786404,1093017,2518948,2223047,0.7194801178755683,1.1331060476903998,5.635924361999969,9.340670039000088,98dedcc99a25c62264c11e434e17df53e3d21a48891ea44082bf047013c6c18d,f22a911256c3eb1305f268ff25914397df898e4091fa8c153ac02dfb61f6a42d
remaining423,b2,equal/0002.trace,equal,plain,10,2,0,8,1,MIN_EXPANDED_SIZE,,5,c4c504b73ecfe3051e9f57b0451084de14d0e5758787b689f5de361e371bbb0f,3,10,10,TIMEOUT,TIMEOUT,,,1.25,,TRANSLATED_ONLY,TRANSLATED_ONLY,True,81346,117323,259860,242543,0.6933508348746622,1.0713976490766586,1.4305412039998373,2.231343064999919,b24bfef0813180487d329243bba84d439ba45e1828d84cf8a4d55c9918a21e57,4f5888943c09acbafb6cd06fc9a5ff80df57ce7e878fcccd4107301532d377ec
remaining423,b2,equal/0003.trace,equal,plain,10,2,0,8,1,MIN_EXPANDED_SIZE,,7,a54af567df01635ac7e9ab2c69fccc5dfbe7036e61a5ece6e8b14f34a75d81f1,3,150,150,TIMEOUT,TIMEOUT,,,1.25,,TRANSLATED_ONLY,TRANSLATED_ONLY,True,1839795,2377441,5998040,4955365,0.7738551661218932,1.2104133600653029,10.141881645000012,16.300769542000126,2b4aeaa06099e56be17f87dfa029165921d9d1ad9da6c93ecf1d6f8b7418e37f,966256d73dd6140069fb08bec252ce8d15d3ff4e9c023f6a22c7180127e66a88
remaining423,b2,equal/0004.trace,equal,plain,10,2,0,8,1,MIN_EXPANDED_SIZE,,5,332954efe6beae93332a9411a11e213582f0e3d5fca888d0efe93f8cb778dcdd,3,200,200,TIMEOUT,TIMEOUT,,,1.25,,TRANSLATED_ONLY,TRANSLATED_ONLY,True,1569805,2171215,5029049,4434071,0.7230076247630934,1.1341832370298084,7.788901585000076,14.39939950500002,a62127ce1420b5eea95d62a620b71e81c92ba96fdc183191ae6defb010c3dfba,f5540e3cf1b813f3cd3d5758e89bf497823eac161392c1681a968ce1cff788b3
remaining423,b2,equal/0005.trace,equal,plain,10,2,0,8,1,MIN_EXPANDED_SIZE,,5,86453d0b027578128918dd8e6850374eed8381f32b6ec05b52993568e47b4517,3,500,500,TIMEOUT,TIMEOUT,,,1.25,,TRANSLATED_ONLY,TRANSLATED_ONLY,True,3920006,5382961,12559350,10952102,0.7282248561711667,1.146752468156341,27.313642697000432,38.07938672699993,4888918d9309e3f1a6d9b3e466ba8d460928a207697c51f79309c66459f816c4,f63da2503c7f1eff8f944ad635f64516af5572b41a8bf9915fad47fea972414f
frozen200,b2,equal/0006.trace,equal,plain,10,2,0,8,1,MIN_EXPANDED_SIZE,,7,32a25bd96a241f1fd10f4bf5f991f6898b65b0e7799fc6e658adc867dfe067f8,3,50,50,TIMEOUT,TIMEOUT,,,1.25,,TRANSLATED_ONLY,TRANSLATED_ONLY,True,617595,799714,2013140,1668495,0.7722698364665368,1.2065604032376482,4.334323417000633,7.3388576050001575,40f36258aed5629f6685340017bf224af421c41f183f69362f8f9922c5d4e287,b60ab2524bbea57d79e84a87b65f6e29cfec28a38e9c819303de9d660250c89c
frozen200,b2,equal/0007.trace,equal,plain,10,2,0,8,1,MIN_EXPANDED_SIZE,,7,4cf75674988206dfe295cc17eb52615507e429ed7c80ed604edc779cb7eb2ca0,3,5,5,SAT,SAT,4,5,1.25,0.8,TRANSLATED_ONLY,TRANSLATED_ONLY,True,67605,97015,219935,210349,0.6968510024223058,1.045571882918388,1.3303541069999483,2.1320042380002633,34402e1836d26fea439fe6f81f77a7515460a12b8796d9445c97eb8c55d6aca7,d862c55fd12f4e992d1ebb46067515f248194f66339b32778d9fb6eefdd37f9e
remaining423,b2,equal/0008.trace,equal,plain,5,2,0,5,1,MIN_EXPANDED_SIZE,,5,68b9dbffdba5a8716cc749e502c78caaa27f683a9a081ec0950c20632e3b7341,2,100,100,SAT,SAT,1,3,1.0,0.3333333333333333,TRANSLATED_ONLY,TRANSLATED_ONLY,True,724265,834583,2300106,1675039,0.8678166221933589,1.3731656397254035,5.7368248430002495,6.9375908560000425,6a3d5fcef97b20aa8ae0699bef642cb86cfe8625ca389e6680aedce597a1a0d5,e02d84d88374eb53b8d7377e72230302e38b219136a14718bf455973b38005f4
remaining423,b2,equal/0009.trace,equal,plain,5,2,0,5,1,MIN_EXPANDED_SIZE,,5,cecb682b73e3226b62a99ac3addf63d43d618e3b9e585fb4806cb9656ef7825f,2,10,10,SAT,SAT,1,3,1.0,0.3333333333333333,TRANSLATED_ONLY,TRANSLATED_ONLY,True,74495,105798,235803,217428,0.7041248416794268,1.0845107345880016,1.4302340249998906,2.080983786999923,4a15429f6e3def16275f5d79c7607325348551e779f3d8e4ebdf0097681c9fca,03c5805e5da870682718f755881727a45e75d2f988b9acade996ced8cc36fe15
remaining423,b2,equal/0010.trace,equal,plain,5,2,0,5,1,MIN_EXPANDED_SIZE,,5,326b6a2c71e37fa4698ac9877ad12e365e9f3169daceb9ed57a6151c7545c6d1,2,150,150,SAT,SAT,1,3,1.0,0.3333333333333333,TRANSLATED_ONLY,TRANSLATED_ONLY,True,1085260,1109324,3446951,2216157,0.9783075097987604,1.555373107591204,8.190433559999747,8.790401753999959,c9f3953186c22abc549f5c9273c407baf513bcbd02b207bdc5ea4ca85fb093af,3a1ef804d1aff65f3794c0127a53a07f0d101697849c91e499bd084a6290aeb2
remaining423,b2,equal/0011.trace,equal,plain,5,2,0,5,1,MIN_EXPANDED_SIZE,,5,6a25bb440bd73b9db02ef82026418621ff2db1d014d247ffb4cb080dd44eaa80,2,200,200,SAT,SAT,1,3,1.0,0.3333333333333333,TRANSLATED_ONLY,TRANSLATED_ONLY,True,1446245,1442275,4593786,2898825,1.002752595725503,1.5847062171742,9.591248828000062,12.946490009000172,c01e75e64e88ff8c5f821409675986bb3d8b9793d64fc7220aacfcaeffc4012e,a26a0fe06fd9b2c6dc7b2f8fdb5cc0aa28cb8380d6a998d5f93f6c662ce581c1
remaining423,b2,equal/0012.trace,equal,plain,5,2,0,5,1,MIN_EXPANDED_SIZE,,5,402ed177efa0f193824d67aea4e5b6574cd2d2ff2f653f025cac8a94543a8a51,2,500,500,SAT,SAT,1,3,1.0,0.3333333333333333,TRANSLATED_ONLY,TRANSLATED_ONLY,True,3612182,3019323,11474834,6052620,1.1963549444693395,1.8958457659658132,25.014727440000115,19.704264538999723,b187b7c6b89c2ac5a2e4513e6df7a88e201b7ea9558ea02f0991bfdb80e3c656,d12434a53daca080d71d071749a11064043bfa884b64be803778190ae365d31d
remaining423,b2,equal/0013.trace,equal,plain,5,2,0,5,1,MIN_EXPANDED_SIZE,,5,8cebc4f8416d5be2c6a204cd769627cf8e59eb27115e3a87f20a6d366fcc26e9,2,50,50,SAT,SAT,1,3,1.0,0.3333333333333333,TRANSLATED_ONLY,TRANSLATED_ONLY,True,363281,390720,1153272,781431,0.9297732391482392,1.4758462359440565,2.7818398790000174,5.285127054999975,3b216544c40ae12ca365b3ec3f63fbeaa64d4542899effa7eb18e621d16995ec,a8df5a7c256ead030f42131dc5451e65231de152e8df433bc3cb1dceff022b2d
remaining423,b2,equal/0014.trace,equal,plain,5,2,0,5,1,MIN_EXPANDED_SIZE,,5,6bebe7d6a616c309c24c8503f0245c9ddfca89df3734c741eb461ba94ab2c090,2,5,5,SAT,SAT,1,3,1.0,0.3333333333333333,TRANSLATED_ONLY,TRANSLATED_ONLY,True,38396,54672,121118,111160,0.7022973368451858,1.0895825836631883,1.179754917000082,1.4802247190000344,ab6ec7ed09ca66fce4d85f519430daeba1a4a2606e7e3b89b96732d547a82cdc,8ee4f7c4bd6a3b85c35c4c0dd7ff777e6258f6cb7bec887f3105e311986625af
frozen200,b2,equal/0015.trace,equal,plain,18,2,0,8,1,MIN_EXPANDED_SIZE,,9,6a33b18c2367b297b6d09d9e44c594eb9d376ae81f2c1def6e1e3f6b14dd33eb,3,100,100,TIMEOUT,SAT,3,6,2.25,0.5,TRANSLATED_ONLY,TRANSLATED_ONLY,True,1767531,1808046,5838235,3827707,0.9775918311812863,1.5252565047429179,8.34048815999995,13.649610724000013,3dd8a091a549dfa1d9e6fb1ca5905d747d88c9e0e52799e90a636a5983b07faa,8ad04bd045ed2aed9df1c7f33de391c7871e9dd3341d2b3bccd9e38969bcf69d
remaining423,b2,equal/0016.trace,equal,plain,18,2,0,8,1,MIN_EXPANDED_SIZE,,9,8b761ca9f997be17658c978560d3f885344a9358ad321796a7e719bfe6ce0a65,3,10,10,SAT,SAT,3,5,2.25,0.6,TRANSLATED_ONLY,TRANSLATED_ONLY,True,186232,211336,614906,463092,0.881212855358292,1.3278268680953245,1.7305961090000892,3.182545384999912,615e3e7646311d20118ea47987748eb41e433d874ffc39aae237464f6c998a28,76d2be69b37bd4ef5dac16ee754b7ce81c6c2c924e97867b01181008fae4dc93
remaining423,b2,equal/0017.trace,equal,plain,18,2,0,8,1,MIN_EXPANDED_SIZE,,5,415e06b8e00b1e8d4fe33da97c84cc3f295b257fedb8b3b7d229ef248830565b,3,150,150,SAT,SAT,3,6,2.25,0.5,TRANSLATED_ONLY,TRANSLATED_ONLY,True,1178103,1594478,3773997,3249076,0.7388643806938697,1.1615600866215503,8.03945261700028,11.043858363999789,5954c1a5dd597194e5a37395953096f6e6c66ab10b80243a963ce78db20d5ec3,2bbc9e4e8d4fe0dcccad562a4c02cd774c8daa6f3f7d9e7ade8b6fe7a3746d30
remaining423,b2,equal/0018.trace,equal,plain,18,2,0,8,1,MIN_EXPANDED_SIZE,,5,38dbdb0155ed1902ee1ecfcc93fe20dfdb107c03d20deb11e4e6de2a806eb736,3,200,200,TIMEOUT,TIMEOUT,,,2.25,,TRANSLATED_ONLY,TRANSLATED_ONLY,True,1569805,2118212,5029049,4287898,0.741099096785402,1.1728471619427514,9.190861933000178,14.899505631000011,5ca7f51282bb8cc084683709350b92675c359f1dcc7b9ca7b8ad9020327aab5c,d5b5ad3b4b02c4530ba7b6f7385477d88188de177b8f581003d0d43365bb5afb
remaining423,b2,equal/0019.trace,equal,plain,18,2,0,8,1,MIN_EXPANDED_SIZE,,5,18cc01c619b4357e619182899a50849090d84dce2cd2f99cabcf420d4f23bf10,3,500,500,TIMEOUT,TIMEOUT,,,2.25,,TRANSLATED_ONLY,TRANSLATED_ONLY,True,3920002,5299517,12559346,10803567,0.7396904283918704,1.162518453395994,26.466430219999893,37.57873199100004,604705dc11668ef3e33b79efa77dfe37bda01e7e443cc1c475fb8ab5b5551125,e1402e29998810979e7dd16990eb1a8e18d87c708cebe92636c5bc774102b7d9
frozen200,b2,equal/0020.trace,equal,plain,18,2,0,8,1,MIN_EXPANDED_SIZE,,11,e5b5f71aaa4f83bfb89a82fcc9a1d9b77f761080bbe91790b43f8c80250f807d,3,50,50,TIMEOUT,SAT,3,6,2.25,0.5,TRANSLATED_ONLY,TRANSLATED_ONLY,True,1209806,923670,4036582,1952774,1.3097816319681272,2.0671014669388263,6.086554597999566,8.390065139000399,1e12810198b381d96d2bff46c4b5459eb8427d81aba6c4a26b9972972fab548e,67a06d0f3fbb723fbc950899093395f6cd779f0aa0813baa0e08efea20004b93
frozen200,b2,equal/0021.trace,equal,plain,18,2,0,8,1,MIN_EXPANDED_SIZE,,15,b1e3c019e26ccc9ae26b50e4aa559c39fb6fdca6d7807a00026c13cd4d3c4c3b,3,5,5,SAT,SAT,3,5,2.25,0.6,TRANSLATED_ONLY,TRANSLATED_ONLY,True,234621,122848,799237,272995,1.9098479421724408,2.927661678785326,1.7307870320000802,2.582494102000055,dc0e3007fd487cef6c9d349b29a111e1e398486e27ef3e498354fbd646c3f8c6,ad1c09d3a65658f4e6bf7041becc4b34627131a4ea5015926e62401bca5bba05
remaining423,b2,equal/0022.trace,equal,plain,6,2,0,6,1,MIN_EXPANDED_SIZE,,5,54aac81ee3b36bf4c2e56ccc89676b262fda5407f52f4b8283d6e29db86a8181,3,100,100,TIMEOUT,TIMEOUT,,,1.0,,TRANSLATED_ONLY,TRANSLATED_ONLY,True,786405,1088840,2518949,2215236,0.7222411006208442,1.1371018708616147,5.285381993999636,10.042466568000236,60fce600cb381ebfb118a21386db6074762e2a9940939ba15a7296722d8d90d8,55985bd7756c6968ac6c5a9e8e1adf530114f7378c66a86918060356a717db52
frozen200,b2,equal/0023.trace,equal,plain,6,2,0,6,1,MIN_EXPANDED_SIZE,,5,f963d51b04b474bbc92efce90577bf4747d5beb8e0bf538f00ddc3b7d4fbaf98,3,10,10,SAT,SAT,4,5,1.0,0.8,TRANSLATED_ONLY,TRANSLATED_ONLY,True,81346,116252,259860,238622,0.6997384991225958,1.0890026904476535,1.3803479979997064,2.1313044480002645,26186934a326a02defb8df20f4865dff3cb6d9ff207fc4ea5e79f4c261e3004a,bd846f27c70a26ec802528ff1ba5cf7b89d3d9bde5f31429d4c0c79915ffc2f9
frozen200,b2,equal/0024.trace,equal,plain,6,2,0,6,1,MIN_EXPANDED_SIZE,,5,591191500853d381ffc261d6fc8335d26e1dd1db3e401462025d499293c452c7,3,150,150,TIMEOUT,TIMEOUT,,,1.0,,TRANSLATED_ONLY,TRANSLATED_ONLY,True,1178106,1636425,3774000,3333890,0.7199266694165636,1.1320109541706536,7.740729418000228,12.295156234999922,134cb542e82c8eeb05bbbef22b8d93b55e54d5fa42190424b1facdee89b01e23,dd72c8732496d6d02cdb076ba7cf6dbe6fb212f14160529bfe9eb355047252b4
remaining423,b2,equal/0025.trace,equal,plain,6,2,0,6,1,MIN_EXPANDED_SIZE,,5,edb9330d0129cc0be80bf467b4cbef6358640874afff7c1a9fe9e6c3571001bc,3,200,200,TIMEOUT,TIMEOUT,,,1.0,,TRANSLATED_ONLY,TRANSLATED_ONLY,True,1569806,2172698,5029050,4425427,0.722514587853443,1.1363988153007607,8.340371860000232,16.75080826300018,d8f14e3824fb6bc1e518f48a41b4091ae579e4cb2f997923fcac28d0f376a0f6,6624b8a50cb26a183ba3397a9e8981e6d55603701defaf338580c9754afae33a
frozen200,b2,equal/0026.trace,equal,plain,6,2,0,6,1,MIN_EXPANDED_SIZE,,5,88e940e86be14702db987816ee958a630575c2bd110e6bb025fa8a60b3e90740,3,500,500,TIMEOUT,TIMEOUT,,,1.0,,TRANSLATED_ONLY,TRANSLATED_ONLY,True,3920005,5418917,12559349,11011440,0.7233927000542728,1.140572804283545,26.21684795500005,37.1834546200007,75104d94020248df3fb77656ac8d82c0a81521815d537ccc0d54e3efc7f55df2,cbc7979adcc13900491b72205a1b8d6a36e8a3686e05ec5fff30154ffbb14221
frozen200,b2,equal/0027.trace,equal,plain,6,2,0,6,1,MIN_EXPANDED_SIZE,,5,2060b406c622d13080c08aafed54ff741a77a75ea2c0424b337ed9562ffcd122,3,50,50,TIMEOUT,UNSAT,,,1.0,,TRANSLATED_ONLY,TRANSLATED_ONLY,True,394706,544223,1263900,1106574,0.7252651945985378,1.142173953120171,2.8324217050003426,5.536253992999264,0feb2ac69bd75ad5c728ca5b7aad31981dfe8e9049f17997503dcbdc9ba5e10d,d66ca0caf0b47eb5e27f7369fc1c59c5e53e8206d1e809043f00e46e82797d43
remaining423,b2,equal/0028.trace,equal,plain,6,2,0,6,1,MIN_EXPANDED_SIZE,,5,7f4d66bc49002a76dc3538d28842230ce9547b4ff15f23b217fac65a62f021ec,3,5,5,SAT,SAT,3,3,1.0,1.0,TRANSLATED_ONLY,TRANSLATED_ONLY,True,42176,62081,134355,130308,0.6793704998308662,1.031057187586334,1.2302999710000222,1.6806493340000088,f770f9e84452d086868a0df43007bcba4752d5311e8e546955786162a4a35fed,6cb16b636eac213d41a7add3dcb0686dc9f41816de311463e52e658b9bd6b1e6
remaining423,b2,equal/0029.trace,equal,plain,3,2,0,3,1,MIN_EXPANDED_SIZE,,3,b0b757df1984fbb189cd104036ada718f9ab017a51aae6d602b363378f4b397b,2,100,100,SAT,SAT,1,2,1.0,0.5,TRANSLATED_ONLY,TRANSLATED_ONLY,True,404250,365387,1251610,715676,1.1063612005900594,1.7488500382854812,4.033501566000041,4.2840049349999845,19dfaf223641191d2fe9d7ff141d7db519d3be09fbe5ab24018218e53a02e59d,9e67784da68a769d93ad323bb1f00f4ef9edf332628a1c17a5f2944db1faa88f
remaining423,b2,equal/0030.trace,equal,plain,3,2,0,3,1,MIN_EXPANDED_SIZE,,3,711ddd89f791ef8ab17f11b2a19baa627aeac6e0d21f0570a5d9fe2fbc7edc13,2,10,10,SAT,SAT,1,2,1.0,0.5,TRANSLATED_ONLY,TRANSLATED_ONLY,True,41394,45923,127617,91171,0.9013783942686672,1.3997543078391155,1.2801081899999645,1.3800032640001518,d861edba05e7c550d7f0131844867dada802c6ea995f40f0ae0ae8b177b3a5fc,65b3dec6e02b0fd88c534b657520a2455bdf4a0b12b90469a1321c2721f83895
remaining423,b2,equal/0031.trace,equal,plain,3,2,0,3,1,MIN_EXPANDED_SIZE,,3,07d9495d2d7df44ccf12e6c70a0471d48176e442f29c2986e9730e35f9ec0057,2,150,150,SAT,SAT,1,2,1.0,0.5,TRANSLATED_ONLY,TRANSLATED_ONLY,True,605846,503759,1876052,988189,1.2026504737384345,1.8984748868890464,4.985732034999728,4.785742991999996,ac5092cb7a685b94558098fb847b598cba1a965f002840666bc392637914a6fd,c8af3fb10a9c0d6b786a4c09ac06fc456859b157dbbd2efac4917d1a0f50ba81
remaining423,b2,equal/0032.trace,equal,plain,3,2,0,3,1,MIN_EXPANDED_SIZE,,3,22f8f30c38f86e2961b6487ba7ec8102440b1da43a7633778cf607c34dc4bfe2,2,200,200,SAT,SAT,1,2,1.0,0.5,TRANSLATED_ONLY,TRANSLATED_ONLY,True,807436,650239,2500491,1275422,1.2417526478725516,1.9605205179148548,7.388249956999971,5.886287643999822,b9786aad1a2d709508dec7f605f6202c51c95458b350b110094350f2046ddd1d,90267214e3d0b4b1d4cef0fafdaccfd14965385f0d059b2eba46ffbae9c04af9
remaining423,b2,equal/0033.trace,equal,plain,3,2,0,3,1,MIN_EXPANDED_SIZE,,3,42ae15afdc2e72af93dec4c095ef937630ddcb39ac7c44d122e402f86296ccfd,2,500,500,SAT,SAT,1,2,1.0,0.5,TRANSLATED_ONLY,TRANSLATED_ONLY,True,2016947,1339802,6247118,2631527,1.5054067690599058,2.3739517018065937,18.353814799999782,10.892933307000021,ee36892abd1e74f860ba1060e46bf4cdfd2339cb37dffcac78341d93387ccea6,1f9b1435ef4b9ce8ceee11d0cf7bf6d661a00d97dac1f52588b30849d3f6a6dd
remaining423,b2,equal/0034.trace,equal,plain,3,2,0,3,1,MIN_EXPANDED_SIZE,,3,2b22e3672cf346ef8bceba6aa27fbb5bd388ea8ad69c40e7e97d187ea0c7a395,2,50,50,SAT,SAT,1,2,1.0,0.5,TRANSLATED_ONLY,TRANSLATED_ONLY,True,202658,193156,627164,377942,1.049193398082379,1.6594186409554905,2.231071330999839,2.782205129000431,3a82c901859dc1b006eed2674493c56bbb67aadb023215fb9d8b06adc41d3f9c,309c6464eb40a43a27c5cfbde97c6e1e6c9113d3b056d375edae8c73a44b4d16
remaining423,b2,equal/0035.trace,equal,plain,3,2,0,3,1,MIN_EXPANDED_SIZE,,3,efa12ce81efae335dc2fc0910a4b88d841f0936b905544dacaf74b02f6ce95b9,2,5,5,SAT,SAT,1,2,1.0,0.5,TRANSLATED_ONLY,TRANSLATED_ONLY,True,21237,25861,65175,51418,0.8211979428483044,1.2675522190672528,1.0795687949998864,1.1799450409998826,228cdf4c06a1e6b85ac72833c5df1395627a332d47743b3846d4de2aef197c4a,8c1ba97b14cb042f90d1b03c1817da645befd173ce0f75d5e96a6e91c743997e
remaining423,b2,equal/0036.trace,equal,plain,10,2,0,8,1,MIN_EXPANDED_SIZE,,5,353e8b045848d454806ff176d7d39d1f870de1ac30bee6cc65bdbe1fd2f87dfe,3,100,100,SAT,SAT,3,5,1.25,0.6,TRANSLATED_ONLY,TRANSLATED_ONLY,True,786405,1083859,2518949,2208195,0.7255602435372128,1.1407276078426045,4.7343648490000305,9.540934996000033,9ccdab1a7f32c78ec7774734d4d79307a19482982c8edf6b4e4b9b738212be66,8ead4fd064244be0037b7f2a08090a49524f05cf25c1a17f5e62ec20894ba588
frozen200,b2,equal/0037.trace,equal,plain,10,2,0,8,1,MIN_EXPANDED_SIZE,,5,8e23125d1a97f16b9aa603e0f88af1d097eac1636d15d041a3b233ac7df17b50,3,10,10,SAT,SAT,3,5,1.25,0.6,TRANSLATED_ONLY,TRANSLATED_ONLY,True,81346,113665,259860,231644,0.7156644525579554,1.1218076013192657,1.3802385569997568,1.981078036999861,5c14e0d31b8d749627cbfcd45ecb2ec8f13462909a2a56debf5375ae8fa97f26,ffd620e0be1c6ea9aff08dd85fc71c14ada7c02b699e9a331b2d25fed9bc09a6
remaining423,b2,equal/0038.trace,equal,plain,10,2,0,8,1,MIN_EXPANDED_SIZE,,5,4d24fb57818be344b2dc7cc7e11f0284590551691d78845da16fa441585533f5,3,150,150,SAT,SAT,3,5,1.25,0.6,TRANSLATED_ONLY,TRANSLATED_ONLY,True,1178105,1612643,3773999,3279244,0.7305429658021025,1.150874713805987,7.538504551999722,11.143761861999792,834850d20df5441bc57a94ce5170ac0facfba2f6115498a1ea7552ee5407f223,544dc6bb31a5bddadbef420b4db05cd01972ff4c27cec4d5851b612ab8232f46
frozen200,b2,equal/0039.trace,equal,plain,10,2,0,8,1,MIN_EXPANDED_SIZE,,9,0d5ade36218701a3ad9bb7a45cdc9fd97f1e71a2ac121ffdaec5ac6268e17437,3,200,200,SAT,SAT,3,5,1.25,0.6,TRANSLATED_ONLY,TRANSLATED_ONLY,True,3524531,3613552,11641935,7640888,0.9753646827276873,1.5236363888595148,19.86573704300008,27.320346397999856,7aa3758190cefc30de008c5c96e35ae364fc10879ca8a4052cab7e92e0d8e4da,e29cc32aabd029d222de5aa6d8fa94416e851b25fd3f946c1250c82b4bd121a3
remaining423,b2,equal/0040.trace,equal,plain,10,2,0,8,1,MIN_EXPANDED_SIZE,,5,87a399fb051ea4bdb2cf7ff71b23af3577838a2c90898c341fa665bca6a8ba38,3,500,500,SAT,TIMEOUT,,,1.25,,TRANSLATED_ONLY,TRANSLATED_ONLY,True,3920001,5290598,12559347,10759226,0.7409372248656957,1.167309525796744,25.662735726999927,37.73287822900011,7154b947758e50f52cc8aaf07ac596c31e253f54f90fd70192a45578b758da8b,62eceffb84b7114d579e883ae37d5256f15625612db151822b019c40f77e7de0
frozen200,b2,equal/0041.trace,equal,plain,10,2,0,8,1,MIN_EXPANDED_SIZE,,5,039db8452a2b4e828889363c84368109bf7adcced910749d0a98c7dfb219a90a,3,50,50,SAT,SAT,3,5,1.25,0.6,TRANSLATED_ONLY,TRANSLATED_ONLY,True,394706,536608,1263900,1094279,0.7355574273957899,1.1550070868581048,2.88239640699976,5.185410921000766,ed38ce51163a6863b7b35706deb62b3513c6ecbef7bbd8ddbaaa969ab05bd7e9,105a31a31a34ed420366427af494fa889f43372fe84f1477e48649b873370e32
frozen200,b2,equal/0042.trace,equal,plain,10,2,0,8,1,MIN_EXPANDED_SIZE,,9,428b7280c06cd1c4a3dfee817f27bd54186bddd87680459d4e5d202f6b9ee9bd,3,5,5,SAT,SAT,3,4,1.25,0.75,TRANSLATED_ONLY,TRANSLATED_ONLY,True,98382,116264,324721,258648,0.8461948668547443,1.2554552905879806,1.3803473159996429,2.3819297670006563,a731c5a81e2375335c9c9610285278a28db7ea847c97ab4e38e3e52c399c5d4e,bcff6ca30893b1d2498141796bcbbb46e2498100412372c446be0e392f77b664
remaining423,b2,increasingNumVariables/0000.trace,increasingNumVariables,plain,10,2,0,8,1,MIN_EXPANDED_SIZE,,5,2a830f2df3356171c4f0fbb2ee06b60cc05a085713ab083d9c190429af24221d,3,15,15,TIMEOUT,SAT,3,5,1.25,0.6,TRANSLATED_ONLY,TRANSLATED_ONLY,True,120516,168973,385365,348341,0.7132263734442781,1.106286655891784,1.5302436480001234,2.481721046000075,a5a127e87d823c1c13d65822d85f76cdbd490fbf688ca74b6b4c441d521bd7f9,655deb4d00d7a8b9ba32488c66e1bd3f9b88775417aa2a4d4e1729e6ca06b744
remaining423,b2,increasingNumVariables/0001.trace,increasingNumVariables,plain,10,2,0,8,1,MIN_EXPANDED_SIZE,,5,b36c289e04b6261695173c7e059f424c953ab6dd4e58c9e071501c7acc64c31d,3,20,20,SAT,SAT,3,5,1.25,0.6,TRANSLATED_ONLY,TRANSLATED_ONLY,True,159685,221084,510869,454152,0.7222820285502343,1.12488550088957,1.7808161680000012,3.0819869409999683,5e8b2013690bb8880b6d626012aef67b906cd2f97011913e44daa908009fff99,96665f0994fb747575ea49bbda37ea13e837f47650a17737f1e93835a666d751
remaining423,b2,increasingNumVariables/0002.trace,increasingNumVariables,plain,10,2,0,8,1,MIN_EXPANDED_SIZE,,9,a9a5b3b328f419ed605aab700da4cfd7fd98178115d7b84ae68a26e0cd89df04,3,25,25,TIMEOUT,SAT,3,5,1.25,0.6,TRANSLATED_ONLY,TRANSLATED_ONLY,True,449782,477800,1485461,1026384,0.9413604018417748,1.4472760682161843,2.931962200000271,5.585872405000373,659c5a9138c2afc31accb4553c0e6afd905ba29315ae7f8ad133c6e068ef4df0,5edb0e50567c2b72c4b7cbb0dfe555ca6e5e2a9d1890a340f12ba5670948faaf
frozen200,b2,increasingNumVariables/0003.trace,increasingNumVariables,plain,10,2,0,8,1,MIN_EXPANDED_SIZE,,9,554d1db6d50e510609a8c1e3ffd7d556385f38ffb0b5bdc160657ceb008146ba,3,30,30,SAT,SAT,3,5,1.25,0.6,TRANSLATED_ONLY,TRANSLATED_ONLY,True,537632,571643,1775646,1221391,0.9405030762206482,1.4537899820778113,3.1328734250000707,5.235295358999792,acea323467ac46100982a17282e8bf45d0eacd53c844633a6baa62c95023b320,e7395f2b1a845127dd2215d3aaf3c80773297c6efd15d4a8ec61a0f2d53b7e45
remaining423,b2,increasingNumVariables/0004.trace,increasingNumVariables,plain,10,2,0,8,1,MIN_EXPANDED_SIZE,,5,0ab5b815ca087c0ea6b2d5eeef146081cb9011ec8bd9f597a695d4a23df493c4,3,35,35,SAT,SAT,3,5,1.25,0.6,TRANSLATED_ONLY,TRANSLATED_ONLY,True,277196,383006,887385,784068,0.7237380093262247,1.131770458684706,2.1811205180001707,4.233940330000223,ee5e85d90d41dceabad2b281dd92272eab79474dcedb7701c8c827f9d933f914,cb2d8543464e01533b0fd35ce971491655dd50d75bc8602ec0cc527a8d9669e4
remaining423,b2,increasingNumVariables/0005.trace,increasingNumVariables,plain,10,2,0,8,1,MIN_EXPANDED_SIZE,,9,dbdd627746860fa9b0e155e7eb7bb5b002787d7d0438d288ce8784b5c9a467e8,3,40,40,SAT,SAT,3,5,1.25,0.6,TRANSLATED_ONLY,TRANSLATED_ONLY,True,713332,740921,2356016,1573745,0.9627639114021603,1.497076082846967,4.384007003000079,6.838648764000027,d2d27cbe153d96e4b211fb42a41e2cfe3a7fbc1dafa374c020a6aee3d9bff4c7,cf80c9b01bfeac9d3299b1691085b44ad4c2b79aafa4c92e5d015e09cc8972d5
frozen200,b2,increasingNumVariables/0006.trace,increasingNumVariables,plain,10,2,0,8,1,MIN_EXPANDED_SIZE,,5,a032eec421c1e7a369a80d20704c289cca03b525420d89c4af8c374bd834215f,3,45,45,SAT,SAT,3,5,1.25,0.6,TRANSLATED_ONLY,TRANSLATED_ONLY,True,355536,497327,1138395,1020146,0.7148938223744136,1.1159138005736433,2.785595340999862,5.537054209999951,c87738aec5e7c336fe71420a389333f98400c38e79fcda1c18075fdbccd00f4e,08b399f863343ecfcf9c7ad918fadd81e89eb96cd04d421a89448c2a9bb2c6aa
remaining423,b2,increasingNumVariables/0007.trace,increasingNumVariables,plain,10,2,0,8,1,MIN_EXPANDED_SIZE,,5,ad8b69cca65b23e3aa0252f99d9c19a337e1bd035c5ca9bd532bebc35f387bcb,3,50,50,SAT,SAT,3,5,1.25,0.6,TRANSLATED_ONLY,TRANSLATED_ONLY,True,394706,547382,1263900,1119264,0.7210796116788641,1.1292242044772278,2.8319922040000165,5.485749705000217,87ff486e91c841a6799bfbc66a003d97f75dfb3b6d182831712e5a2305e57628,e6b0ff7182c43e25779d9b191fe37540bd2e11a2016956a71ba655a1dbdc7148
remaining423,b2,increasingNumVariables/0008.trace,increasingNumVariables,plain,11,2,0,8,1,MIN_EXPANDED_SIZE,,5,3490642575d80a5a874820816271c5464aae14f576b0aad111d8eb63e5c462d3,4,15,15,TIMEOUT,SAT,5,7,1.375,0.7142857142857143,TRANSLATED_ONLY,TRANSLATED_ONLY,True,131447,173970,424004,357560,0.7555727999080302,1.1858261550509006,1.680359042999953,2.281027166000058,24b842d1a44f9c77318123d8324df9511898806c6f5f2c0ea41a88a5bda9e050,8dce3d20e042470eedf20258e6e0650f09e6829588ed53bfaa4d377f06185871
remaining423,b2,increasingNumVariables/0009.trace,increasingNumVariables,plain,11,2,0,8,1,MIN_EXPANDED_SIZE,,11,d58daa4fbf06f40b12f0a79766289a658995837b04cbbd5ad57386ac6a1aed9b,4,20,20,TIMEOUT,SAT,5,7,1.375,0.7142857142857143,TRANSLATED_ONLY,TRANSLATED_ONLY,True,523116,401934,1752463,866226,1.3014972607443014,2.0231013615384437,2.9324479290003183,4.834449881999717,8f3ed7219293e2396c27e6074b6210ea744c6eb6cace70c338a47b5721d56891,44dfc0473bcbbf5700e95d11ac674bb92500bcfff549af8ca5ed4cf1ebf2397c
frozen200,b2,increasingNumVariables/0010.trace,increasingNumVariables,plain,11,2,0,8,1,MIN_EXPANDED_SIZE,,11,be9d539eb333b64bd4386b76053c5ef1fbd95a8b36c9b3403944f38f5b4241ff,4,25,25,TIMEOUT,SAT,5,7,1.375,0.7142857142857143,TRANSLATED_ONLY,TRANSLATED_ONLY,True,649176,499453,2174508,1076457,1.2997739527042584,2.0200602532195897,3.3335297229996286,5.3886472300000605,0a18fed95525f1711e446d41fdd46c7181c67195dd8afa33c0f97881edd6c373,47b91862137ae069f75f50ef70eb9a199b01c9792f01461d0c2ea805dabb9733
remaining423,b2,increasingNumVariables/0011.trace,increasingNumVariables,plain,11,2,0,8,1,MIN_EXPANDED_SIZE,,5,39cf098d2ef0dd162a82dc3e34366a8e93706c6e131558d9356a4ffc5cef3fb7,4,30,30,TIMEOUT,SAT,5,7,1.375,0.7142857142857143,TRANSLATED_ONLY,TRANSLATED_ONLY,True,258167,337134,832979,686148,0.7657696939495868,1.213993190973376,2.231291048999992,3.8833249489998707,d7a25fa76c2478eb89bfb75c8a4e36890fb97e8b800ac4dbf6f6b896b053c100,5902b3e52ff2d7407505fe3e83d0040398609aa35832c3f866df9cc12b344bb3
remaining423,b2,increasingNumVariables/0012.trace,increasingNumVariables,plain,11,2,0,8,1,MIN_EXPANDED_SIZE,,5,c859293cb922db9a7147c373543002c252240451f6c91630c075fc58f4c884ba,4,35,35,TIMEOUT,SAT,5,7,1.375,0.7142857142857143,TRANSLATED_ONLY,TRANSLATED_ONLY,True,300407,394311,969304,814331,0.761852953633046,1.1903071355505317,2.581728170000133,5.085372346999975,b3aafd72eed20912ef1cb7dbcac0bdb42a6a5f92eab992f89ffe378ffeef02b2,6feab23ed63d8df2fc9a071d0d122941c549ff4e6d36ab61adc5ad5a9c0bdb98
remaining423,b2,increasingNumVariables/0013.trace,increasingNumVariables,plain,11,2,0,8,1,MIN_EXPANDED_SIZE,,9,0a011e572c33dfcc58a4322a5a335d5939e820b9064a678a28e992cd8382c25c,4,40,40,TIMEOUT,SAT,5,7,1.375,0.7142857142857143,TRANSLATED_ONLY,TRANSLATED_ONLY,True,759346,757034,2519603,1604174,1.0030540239936383,1.570654430255072,4.484930790999897,7.23828774499998,2a73188dc967520c9fbeb7e6399db2b640294db17b31eaf5d88ddf2a78adcfc5,5709c5c6740828f48cfd9d496ac729f69dd726fc7758d8480402996881caf90a
remaining423,b2,increasingNumVariables/0014.trace,increasingNumVariables,plain,11,2,0,8,1,MIN_EXPANDED_SIZE,,11,13122ab372812a8693f6f0a4829643eed4ab6bb1126660338787e6d9fc15b715,4,45,45,TIMEOUT,SAT,5,7,1.375,0.7142857142857143,TRANSLATED_ONLY,TRANSLATED_ONLY,True,1153416,870136,3862688,1857236,1.3255583035295633,2.0798046128763388,5.686553087999982,6.887901680000141,f2865fa71531199ef713be0a4778acdf354aa83fb1c7a30aef2d051d93c6a8d1,1a7458114156fac84fa8bde27eca0038fc9e1c16af8699a314d3a49ce6c255b9
remaining423,b2,increasingNumVariables/0015.trace,increasingNumVariables,plain,11,2,0,8,1,MIN_EXPANDED_SIZE,,5,b4f9ef826a6c9e044262856ba196bc2748476bb88307df8b7e5a80aea8bffddc,4,50,50,TIMEOUT,TIMEOUT,,,1.375,,TRANSLATED_ONLY,TRANSLATED_ONLY,True,427127,554202,1378279,1132531,0.7707063489485784,1.216990086805571,2.9822251000000506,5.737042917999588,4722db255a9b403be5e5bfd3dfdaa64a85f38b84253956dd4d06d03de5ca2f5a,0e63abc692f2f6acfc50ddb7956e116d48dbd4a0e24bd0edee60b0d96de66a95
remaining423,b2,increasingNumVariables/0016.trace,increasingNumVariables,plain,20,2,0,8,1,MIN_EXPANDED_SIZE,,15,b8d2ada4fbe977db8b1b84190b6240d55964bf4b7a3e91a818b44004dff855ef,5,15,15,TIMEOUT,SAT,5,7,2.5,0.7142857142857143,TRANSLATED_ONLY,TRANSLATED_ONLY,True,694924,312649,2371418,680220,2.222697018061788,3.486251506865426,3.3328651470001205,4.18407484599993,a0d2a0f08abe83263bd3323496c2e8ea35c944e504045b94468335cdcb256a2e,8105503ff9a310b9161ca75599570c75b0840a53565b384fc13ac2a3e63c0b1d
frozen200,b2,increasingNumVariables/0017.trace,increasingNumVariables,plain,20,2,0,8,1,MIN_EXPANDED_SIZE,,5,259f511901444c8d8fdcc15939dc7c2cbcc4ef75a52afbc2fca95b757b67dfdc,5,20,20,TIMEOUT,TIMEOUT,,,2.5,,TRANSLATED_ONLY,TRANSLATED_ONLY,True,187317,231413,608455,474591,0.8094489073647548,1.2820618174385945,1.9310691360005876,3.0323132339999574,4d19026cf905b619edd826882606dc9b8dde876bacbc25a84fd16d30e1b12bb1,78f2ba96adba8644148d8ddd22e824dcfe08ac4d083e04fc61e7bee34c801160
remaining423,b2,increasingNumVariables/0018.trace,increasingNumVariables,plain,20,2,0,8,1,MIN_EXPANDED_SIZE,,5,95dfed9bcdbf631ea398e2743fa8ed7c48bf8428fbd0951f70a91f28a335a8de,5,25,25,TIMEOUT,TIMEOUT,,,2.5,,TRANSLATED_ONLY,TRANSLATED_ONLY,True,232627,288760,755600,594738,0.8056067322343815,1.2704754026142604,2.231207329999961,4.234070150000207,76c68e46d3a6268f8e3301b4163a50e25b601815263bfde33f0ee8a8cae7911f,40b7efee006cb48e391fc03acb4b7e3b8cc94d381ac4d5d802d211f10a57b143
remaining423,b2,increasingNumVariables/0019.trace,increasingNumVariables,plain,20,2,0,8,1,MIN_EXPANDED_SIZE,,5,6f005d78edc710d2c62fa5cbbde82652ac3302eed6133dca5eed9c797e70f493,5,30,30,TIMEOUT,TIMEOUT,,,2.5,,TRANSLATED_ONLY,TRANSLATED_ONLY,True,277937,348952,902745,721093,0.7964906348151035,1.2519120279908418,2.2813473020000856,4.033968635999827,4e552535a2d61f2ef8862bd1d3c9367242e0107796522dc3cb4ea72b1d033e25,c038ed7ba7c62799d0c7b05d4d34f0031a83bed141ed98bc34b2325089746b62
remaining423,b2,increasingNumVariables/0020.trace,increasingNumVariables,plain,20,2,0,8,1,MIN_EXPANDED_SIZE,,7,311b784809d3a10949bdcc74d37655d9d9670a6d5ac7dd710e9af302bba16b28,5,35,35,TIMEOUT,TIMEOUT,,,2.5,,TRANSLATED_ONLY,TRANSLATED_ONLY,True,497601,583291,1639969,1220827,0.8530921958336405,1.3433262861977988,2.9821438839999246,6.487486520999937,1cedf02bc9bcaf37f279abb7ae4a64d1214bc6b3077f443804e21040577add44,79952956c467d068956a97e3e82ff2d0f02d6bef3b0375aab6e191bdf3700e05
remaining423,b2,increasingNumVariables/0021.trace,increasingNumVariables,plain,20,2,0,8,1,MIN_EXPANDED_SIZE,,5,989fc91e6a7271d67957e6d27849d4bdd0bfb1ce56ac4f7b512f6d178148f375,5,40,40,TIMEOUT,TIMEOUT,,,2.5,,TRANSLATED_ONLY,TRANSLATED_ONLY,True,368557,452058,1197035,924744,0.8152869764499245,1.2944501397143426,2.7321058869997614,4.584234544000083,202a13359afa39fd91239b0e2a7012e437bb4d44c97ae34fb1457742d09291bd,28b751b52856f61f7aa7610c990d82b0c069ab1f51850e39cab2b7adec4840eb
remaining423,b2,increasingNumVariables/0022.trace,increasingNumVariables,plain,20,2,0,8,1,MIN_EXPANDED_SIZE,,5,00d8d266dc5992c7363d439f814f2dae3511df0998a2c8d137a715baf7fa41a9,5,45,45,TIMEOUT,TIMEOUT,,,2.5,,TRANSLATED_ONLY,TRANSLATED_ONLY,True,413867,507788,1344180,1038732,0.8150389532639606,1.2940585252018808,2.9839077879998968,5.335238315999959,f2e9b556d71748222b03c2d64ac5be9b66b437df903664c9741a5528e76fc61c,c4a2fe29ed454984fd5ea307a04afeedac24de043b19b0b95c1164b3f92ceaf4
remaining423,b2,increasingNumVariables/0023.trace,increasingNumVariables,plain,20,2,0,8,1,MIN_EXPANDED_SIZE,,7,4f6b09f5963f91fc0cf5f929f73982cbc23193e0effa97207488206d56b9e47a,5,50,50,TIMEOUT,TIMEOUT,,,2.5,,TRANSLATED_ONLY,TRANSLATED_ONLY,True,706551,833759,2328424,1747226,0.8474283336071935,1.3326404254515443,3.833190550999916,8.239063601999987,0fa8b3da0dcfd3fe07fb0940bfb7417286dc88ca0cdcd99e294ddd1fb8d41413,58ddc5ba314a749506d28d4e4831f3053dabfda54b1a57bbf0503725a20b8218
remaining423,b2,increasingNumVariables/0024.trace,increasingNumVariables,plain,37,2,0,8,1,MIN_EXPANDED_SIZE,,9,a6cb32342ce9879b98c0c7fc6e3c5ea45ab53a2b78d83e2adbb07a8fca75e9a7,6,15,15,TIMEOUT,TIMEOUT,,,4.625,,TRANSLATED_ONLY,TRANSLATED_ONLY,True,331094,305899,1108500,654823,1.0823637867400677,1.6928238623261553,2.3314052519999677,4.584599281999999,5397544098ac9487cddaeb476105a9ca1b0ac386c4bace71a94ba6bd29aa1d3e,db7808bd405939feb69249a86d4439b14ca67808ad0ac997a18b5539b34ef0f6
remaining423,b2,increasingNumVariables/0025.trace,increasingNumVariables,plain,37,2,0,8,1,MIN_EXPANDED_SIZE,,5,38a441c409dc2b144fe14941b02a00a5998292fb1b1082fa897059c9cb05d284,6,20,20,TIMEOUT,TIMEOUT,,,4.625,,TRANSLATED_ONLY,TRANSLATED_ONLY,True,201205,235226,657571,486078,0.8553688792905546,1.3528096313760343,2.1824867910002013,2.8820117239999945,2944de65a3642db32bd8053b70af3ca63a6ba5fa980bacd86917bf91cd3f0906,4145d011bb798917409620dceb0a8a1a2973e127e05302b2d62fae30f9f6f6af
remaining423,b2,increasingNumVariables/0026.trace,increasingNumVariables,plain,37,2,0,8,1,MIN_EXPANDED_SIZE,,9,b20ab2030cacd00b675a176bb62d9a1c86f7b093e187cce6caa442da9506b75c,6,25,25,TIMEOUT,TIMEOUT,,,4.625,,TRANSLATED_ONLY,TRANSLATED_ONLY,True,539614,500575,1805390,1071131,1.0779883134395445,1.6854987858627937,2.9822713779999503,5.085373827999774,616974a191052f1ad8557f56093e3177a22bbe6a0294bf5035c7b16520d664aa,e4dc1ab0dad5dc1eb162731aa2889499daca326515d1b27b1b86a13bb2a3650a
frozen200,b2,increasingNumVariables/0027.trace,increasingNumVariables,plain,37,2,0,8,1,MIN_EXPANDED_SIZE,,11,eef1369c346b66bd1122b82261ff2687558f5613d70c776b649a1aacabd58a8d,6,30,30,TIMEOUT,TIMEOUT,,,4.625,,TRANSLATED_ONLY,TRANSLATED_ONLY,True,867709,600095,2927953,1296275,1.4459527241520094,2.2587437079323447,4.584515178999936,5.685931761000575,f2f5b123703e067556072838a3bb8f5d864ef972d17c343b2eaefe639d108d2e,fa66a550a5b2c32f3877f42e4ab8b3d98909f0fa1caef80d585db918a05008ae
remaining423,b2,increasingNumVariables/0028.trace,increasingNumVariables,plain,37,2,0,8,1,MIN_EXPANDED_SIZE,,5,1b1c0b48abca612269a0a5beb3e2df127dfb1f148f79e2f87cef4d6657e029bb,6,35,35,TIMEOUT,TIMEOUT,,,4.625,,TRANSLATED_ONLY,TRANSLATED_ONLY,True,346345,407280,1131466,844315,0.8503854841877824,1.3400993704956088,2.832036359000085,4.734517152999615,262ce93d0a53916ab2d0e999a6d366c9e1b8590e44a943903178b784bb7d021b,15eddcd8032c66f14bf841ef6738d2859de25fb21c687727c0b4a607a9880789
remaining423,b2,increasingNumVariables/0029.trace,increasingNumVariables,plain,37,2,0,8,1,MIN_EXPANDED_SIZE,,15,8a7057275ae0b67e48e560de6a18e860f8fc1cb61de272ff2366964b469ba2c9,6,40,40,TIMEOUT,TIMEOUT,,,4.625,,TRANSLATED_ONLY,TRANSLATED_ONLY,True,1849523,802689,6310721,1724544,2.3041588959111188,3.6593563283975357,8.38980017100016,7.287857455999983,335851d182a0caf2020201ac37f1a465fbe820d1a1bb8eb4d39c7bf2e03d8ebc,728c38c3eaac6b655a2c0562795d7daf80dbb500a2d69a77448a40e34be46119
remaining423,b2,increasingNumVariables/0030.trace,increasingNumVariables,plain,37,2,0,8,1,MIN_EXPANDED_SIZE,,5,8b5c385f728795afd3076a4ed38bf4d5c720f5e5896238927136d77c436417a8,6,45,45,TIMEOUT,TIMEOUT,,,4.625,,TRANSLATED_ONLY,TRANSLATED_ONLY,True,443105,513946,1447396,1057380,0.8621625618255614,1.3688513117327734,3.03317161699988,5.686206799000047,462c3db17d4825d7655ec35af1642a75a02dbafc3da3b95e3d047b7b7c3fb191,212a2831ac90699c2f5088d44af2e1ffb688c27dd60189c73d4db465e2556eeb
remaining423,b2,increasingNumVariables/0031.trace,increasingNumVariables,plain,37,2,0,8,1,MIN_EXPANDED_SIZE,,11,b9d9c6a6bf77197e2bd0a86c6f3ffb489ac0728893e34ce2b3455f63bc22a619,6,50,50,TIMEOUT,TIMEOUT,,,4.625,,TRANSLATED_ONLY,TRANSLATED_ONLY,True,1425309,976127,4805893,2080175,1.4601675806529273,2.310331101950557,8.292111331999877,9.741383254000084,3c1bf2d0ece1e9968ecafefa127f4e9135f301e82eeba93dd9b87255f261f692,5618a95bc6209efce598e531beb36254c58685ceef361d2d5c792858dc81d488
remaining423,b2,increasingNumVariables/0032.trace,increasingNumVariables,plain,70,2,0,8,1,MIN_EXPANDED_SIZE,,9,b7cf7580413326dac839559fdca50aaec97939547f69aa0a041b6d9bb0412465,7,15,15,TIMEOUT,TIMEOUT,,,8.75,,TRANSLATED_ONLY,TRANSLATED_ONLY,True,350826,310021,1179134,670285,1.1316201160566541,1.759153196028555,2.4317206720002105,4.033708078000018,98551391d7bc2df5a4f900daaf6897001cd77c9572e0328a78f7eedf2e65bfa9,7b5a5bc049e03380598ec2bbace107473867dfa4c5aab38e126b0897c879d64d
remaining423,b2,increasingNumVariables/0033.trace,increasingNumVariables,plain,70,2,0,8,1,MIN_EXPANDED_SIZE,,15,80d7b99994d4daf5e9963e4a57213517ce3e29bfda521ef5a4a9bc44fcaf6fab,7,20,20,TIMEOUT,TIMEOUT,,,8.75,,TRANSLATED_ONLY,TRANSLATED_ONLY,True,997125,404740,3416420,863311,2.4636186193605774,3.9573456147321187,6.387297398999863,4.785003174999929,7e4ed33c0abbd111f68de447eb589976784567ae061fcc89e49f6aba37a69781,4b3f893c4cc7eec9a619002913d3b1d2a038a29c9d87d3d4132bb767e660ec1f
remaining423,b2,increasingNumVariables/0034.trace,increasingNumVariables,plain,70,2,0,8,1,MIN_EXPANDED_SIZE,,15,7a65cd0145bf776eaf9661ae0e685ed7839a92690fa84acf04626812be97bbd3,7,25,25,TIMEOUT,TIMEOUT,,,8.75,,TRANSLATED_ONLY,TRANSLATED_ONLY,True,1230275,511268,4211905,1104107,2.406321146639336,3.814761612778472,6.286672184000054,5.235301457999867,e3784a9c1129a8e92c74fc68798556bea940e584b27be66405e8a6a7fcb68374,12c47afc147b95b4ab662c32c511b6bcc8000c9a237cd495dba090e2e536166c
frozen200,b2,increasingNumVariables/0035.trace,increasingNumVariables,plain,70,2,0,8,1,MIN_EXPANDED_SIZE,,15,15ebecdc452d631fb7707f95523a5ecc78bd0f2bff49d35ee200f63e7c5c6b2f,7,30,30,TIMEOUT,TIMEOUT,,,8.75,,TRANSLATED_ONLY,TRANSLATED_ONLY,True,1463425,602617,5007390,1296420,2.428449579085887,3.8624751238024713,6.487757361000149,6.888696638000511,da8efc4cc6d13fefab01eadb6c9db8b2cb78a65c777064f8685269a08a245dd9,a43d4e9b8bbc54699ff4e17040f4eb3d9181d6403810f11a493ad12c6c34cf82
frozen200,b2,increasingNumVariables/0036.trace,increasingNumVariables,plain,70,2,0,8,1,MIN_EXPANDED_SIZE,,15,e1bd7a45a448d9c2b57fbfba8920bbc7876d3d9118b370924aae2a1290865042,7,35,35,TIMEOUT,TIMEOUT,,,8.75,,TRANSLATED_ONLY,TRANSLATED_ONLY,True,1696575,698648,5802875,1502159,2.4283687922959776,3.8630231553384164,9.191489766000814,7.289053069999682,586df282ebbca493a789410dfda0d7b1874b941d5d68dd1729bf21133045e00a,f7d93cc384ba24501c90f8fecae2f3bc3c1118c28526a359c676a42957d29c72
remaining423,b2,increasingNumVariables/0037.trace,increasingNumVariables,plain,70,2,0,8,1,MIN_EXPANDED_SIZE,,15,f7f3d0810bad48df9101e5126be866be791a9f80c7449afd5126b996deaeda0b,7,40,40,TIMEOUT,TIMEOUT,,,8.75,,TRANSLATED_ONLY,TRANSLATED_ONLY,True,1929725,790209,6598360,1681020,2.44204381372523,3.925212073621968,8.790919249000126,7.237734739000189,e05f00e9e0fd7b01c504990cd69c66795f2a3ff2ac7eea3108f5dde99f9ddf2f,e130eae0cf7191f19d1e6b7e8e22a788d8294fa201e5315db31b1c89cdce07c0
frozen200,b2,increasingNumVariables/0038.trace,increasingNumVariables,plain,70,2,0,8,1,MIN_EXPANDED_SIZE,,15,f16cbe0b14ef8b33915104913a6a856768a9bfac70fb44cecf9831cf7984ace7,7,45,45,TIMEOUT,TIMEOUT,,,8.75,,TRANSLATED_ONLY,TRANSLATED_ONLY,True,2162875,899060,7393845,1934027,2.4057070718305784,3.823030909082448,11.8459362829999,8.389180312999997,824751fa360874f015440646e7f0a15e6b2f5421cf2b471f65e6ef518f66fd37,d145739a87d347f3e6d817f72ad0cc419f6c7bcbc6cc106fcd9379ef1aa629d0
remaining423,b2,increasingNumVariables/0039.trace,increasingNumVariables,plain,70,2,0,8,1,MIN_EXPANDED_SIZE,,5,6870050c02c17f3d644ae520f295e016a6d1711d908c6205f2f7b3a43dc05e8a,7,50,50,TIMEOUT,TIMEOUT,,,8.75,,TRANSLATED_ONLY,TRANSLATED_ONLY,True,524077,571099,1720489,1171532,0.9176640127193358,1.4685804570425733,4.28405457100007,6.186963193999873,46559845b4121dbb0a6d12e29065a121f5aa03e1cebd2b3af3568895a67eefcb,975ab03bcdab9169086b511964e3c40f7b6cd351d47d3e6951eca9f0f655c59d
remaining423,b2,increasingNumVariables/0040.trace,increasingNumVariables,plain,135,2,0,8,1,MIN_EXPANDED_SIZE,,5,921304a33cc412881d129ebc4b89f7d14cb98cbacb837b96b0d52f7480b96388,8,15,15,TIMEOUT,TIMEOUT,,,16.875,,TRANSLATED_ONLY,TRANSLATED_ONLY,True,175335,179525,579561,375105,0.9766606322239243,1.5450633822529691,1.880799245999924,2.832247341000084,f018cf775b0947242b90ee03396d9018d57541e4239d2e3fc36578443d056f9d,7a971d1b7a0a582ce531121a6ab37e655076ab6738b640b703be328bd2bf3e29
frozen200,b2,increasingNumVariables/0041.trace,increasingNumVariables,plain,135,2,0,8,1,MIN_EXPANDED_SIZE,,15,bcdfd5e3a50997933d37a3c35bdcfe4532a2a6f2c2944afca3bc396dbc775e81,8,20,20,TIMEOUT,TIMEOUT,,,16.875,,TRANSLATED_ONLY,TRANSLATED_ONLY,True,1041730,409665,3577460,881060,2.5428825991969046,4.06040451274601,5.987864188999993,5.135517374999836,b2e743f4abd073acc08dd030d8d4010bc1ecbcd9f976b67049610bcbfc9aae3a,2e3549d2dbb6d5f48bb5f4bfa218a9169d61a6f63f51dcad99800418acae1858
remaining423,b2,increasingNumVariables/0042.trace,increasingNumVariables,plain,135,2,0,8,1,MIN_EXPANDED_SIZE,,9,6fb57c460326b18a306bcbac89f5dd24e4638385447c38cf39c934ad658135f3,8,25,25,TIMEOUT,TIMEOUT,,,16.875,,TRANSLATED_ONLY,TRANSLATED_ONLY,True,606690,501103,2046226,1075567,1.2107091755587174,1.9024626080941494,3.332653824999852,4.9849500889999945,974ddecb380a528fe1137451e1f86ea81c2e98a6cd82631f044baefaf3ced939,722a1c0d5f4029d94bb4197d5d8af1c991eb5375c93d98b7598ca28578b89a7c
frozen200,b2,increasingNumVariables/0043.trace,increasingNumVariables,plain,135,2,0,8,1,MIN_EXPANDED_SIZE,,5,e3c1b84a1d5289ce903b49dc1172b72bd22a43e0a7b8320078e4b49fa2c56a74,8,30,30,TIMEOUT,TIMEOUT,,,16.875,,TRANSLATED_ONLY,TRANSLATED_ONLY,True,338895,346800,1118376,712160,0.9772058823529411,1.5703999101325545,2.882594760999382,4.133977956000308,3845f0961c65563c3c05e7186fc51e25eb69f81846b51a58c8da3911432b3e92,1166700ee36dab04be6394797c61d0d940ba7d604a1a2e157eb4531a00cf868c
frozen200,b2,increasingNumVariables/0044.trace,increasingNumVariables,plain,135,2,0,8,1,MIN_EXPANDED_SIZE,,5,c9802ea70fc2803345a2dcdd124d7ba6278f5d6c9e712933544a8ee2676a66a4,8,35,35,TIMEOUT,TIMEOUT,,,16.875,,TRANSLATED_ONLY,TRANSLATED_ONLY,True,393415,402611,1297981,824125,0.9771590940138247,1.5749807371454574,2.832276535999881,5.485871720000432,7ce18f3cf5c2ea97e829aa21e8b03269a21e01ee8aef92260b91ece6765c7a9b,5de0aeb451bb1db170144cb98e70e22ac19da2381a74ae457e2ecc008a6460d7
remaining423,b2,increasingNumVariables/0045.trace,increasingNumVariables,plain,135,2,0,8,1,MIN_EXPANDED_SIZE,,5,6032579f6defb002bb46a059d3c5de3598e3390aa67e72422d157126b8156c03,8,40,40,TIMEOUT,TIMEOUT,,,16.875,,TRANSLATED_ONLY,TRANSLATED_ONLY,True,447935,458895,1477586,941357,0.976116540820885,1.569634049568867,3.0825481790002414,5.135368301000199,58babafbeecb364891fc54923ef09d9f7e10ad621d100f5a25767b1b4ae27175,51bd9256e22d5a381ca79bd36b2596c14e65c9adb96d813c0632ca11a851e974
remaining423,b2,increasingNumVariables/0046.trace,increasingNumVariables,plain,135,2,0,8,1,MIN_EXPANDED_SIZE,,11,8fef935035582b3dde4e6bb202410be827fe5d53228fb24cd3d34a3e55070a04,8,45,45,TIMEOUT,TIMEOUT,,,16.875,,TRANSLATED_ONLY,TRANSLATED_ONLY,True,1416846,891641,4804463,1906761,1.5890319085820415,2.5196985883390735,8.238627234999967,7.688490258000002,f8cba877821062f65ac2e3a978bcb6c99df6462788d896f8c14d6e78f4b923e4,a0e214f3621bfc3ca10ce657f207fcc9a9a3649667e1ebeab71e253d2b33d59a
remaining423,b2,increasingNumVariables/0047.trace,increasingNumVariables,plain,135,2,0,8,1,MIN_EXPANDED_SIZE,,5,d83e3e0d444e396bd86ddd61765b6e891130500f803ad83b5af12213228a973a,8,50,50,TIMEOUT,TIMEOUT,,,16.875,,TRANSLATED_ONLY,TRANSLATED_ONLY,True,556975,571911,1836796,1171676,0.9738840483921449,1.5676654638312981,4.184319658000277,6.136768073999974,89a0f893e661e821d3d8a92d1c9bf6141b9eafa5689135e7d5696ca5da3f69c6,e6c6d66d13208da0c28c534abc7836bbacb1c89b5b53fa1f0f3a8fe9071fa6af
remaining423,b2,increasingNumVariables/0048.trace,increasingNumVariables,plain,264,2,0,8,1,MIN_EXPANDED_SIZE,,5,d4aed58d55a4dd87c058e28a7fc96aad2ca4e792a98ea7b77176a065bc08327a,9,15,15,TIMEOUT,TIMEOUT,,,33.0,,TRANSLATED_ONLY,TRANSLATED_ONLY,True,187075,178782,621412,370211,1.0463861015091005,1.6785346734699942,1.9808441599998332,2.8819531499998448,c876fe4d8f6282c043bb6eb4dffa09cb0a917affd23472855626c969d53ea94b,842995ec1d40a9e9d3d87a56cae0f078a28a834e08057e2afbd5a975a6bdfa26
remaining423,b2,increasingNumVariables/0049.trace,increasingNumVariables,plain,264,2,0,8,1,MIN_EXPANDED_SIZE,,9,888c878df35bb95348487ec57bff7a3354f32ccc2a9f41ac35851a4eadfe2afc,9,20,20,TIMEOUT,TIMEOUT,,,33.0,,TRANSLATED_ONLY,TRANSLATED_ONLY,True,518500,409265,1756011,883409,1.2669053058531758,1.987766708285743,2.832203825000306,4.584979528000076,0751ba931ea34449b66e8fb7feeab37a0b7a7b94bdca88a79666f72c2bc0d045,16dc1e560e2b0a5baaa2d6b842c974e1675bb5917a323aba9b23285584f12a09
remaining423,b2,increasingNumVariables/0050.trace,increasingNumVariables,plain,264,2,0,8,1,MIN_EXPANDED_SIZE,,5,10fc0669200495687049d1e77843d7dc13d096e88b0771a03def8e260f50dbbb,9,25,25,TIMEOUT,TIMEOUT,,,33.0,,TRANSLATED_ONLY,TRANSLATED_ONLY,True,302255,289284,1002262,589783,1.0448382903997455,1.6993741766039374,2.731864115999997,3.7836145030000807,389b051fe75691ac367135538036f9ee683a0c6a40c9d424349071ef6f8685b6,5e6a9380388e1506f95ab373ceaf22933bb17c1545e68dbb4f51cff1c3b09415
remaining423,b2,increasingNumVariables/0051.trace,increasingNumVariables,plain,264,2,0,8,1,MIN_EXPANDED_SIZE,,5,6672bdeac2b4622012f73f35569222cb61266182f5219bbd6e46b4af8cb2da19,9,30,30,TIMEOUT,TIMEOUT,,,33.0,,TRANSLATED_ONLY,TRANSLATED_ONLY,True,359845,345679,1192687,706130,1.0409802157492933,1.6890473425573194,2.6820363389999784,4.234032871999943,08965ce9f485024c48daf26fefbd8848e3d56f9275aaf3e2d9add934f2bf7ec7,45053e8bc35c917b7015795e8f6425310ac12b4b3683b4b344908fba4ee4c796
frozen200,b2,increasingNumVariables/0052.trace,increasingNumVariables,plain,264,2,0,8,1,MIN_EXPANDED_SIZE,,5,2a19bc3133fc529e868e3edd14b0b7f45a305e34c253078a07b7b224493dbf1b,9,35,35,TIMEOUT,TIMEOUT,,,33.0,,TRANSLATED_ONLY,TRANSLATED_ONLY,True,417435,403665,1383112,830648,1.0341124447252052,1.6651000182989666,3.032883349000258,4.687111373000334,9c0f60e8c964ca4fa12fe256eef46f9246030f9d8ea0c1cdf40e08fbf3b88b23,22f0a39ba3f3f753cf53cc98233941eff8ab96fbb78d85017ab9f28ffba4f225
remaining423,b2,increasingNumVariables/0053.trace,increasingNumVariables,plain,264,2,0,8,1,MIN_EXPANDED_SIZE,,11,d70cff45984c889f671bc720917824f84e7363cb11be2e73086593ea4d075b6c,9,40,40,TIMEOUT,TIMEOUT,,,33.0,,TRANSLATED_ONLY,TRANSLATED_ONLY,True,1323778,783935,4501264,1661651,1.6886323483452073,2.7089105955462367,5.486424887999874,6.788607505000073,0f40597f434069475b0844e6521de04f5f953fe2bfc4ce0cf2ae477d82b50a9f,f96f1eace629ade53357406337d5dc47efc70e61fcde4522fa446014c8dba36a
frozen200,b2,increasingNumVariables/0054.trace,increasingNumVariables,plain,264,2,0,8,1,MIN_EXPANDED_SIZE,,11,ee356efe02576d0c3b952575033ba350d4966db4ff0addd2363e3e069310b2b5,9,45,45,TIMEOUT,TIMEOUT,,,33.0,,TRANSLATED_ONLY,TRANSLATED_ONLY,True,1483188,895619,5041909,1923803,1.6560479400280699,2.6208031695553027,8.54025637399991,7.691013370000292,51b27a164cff3dfac8fc00634964a7bd88a804dd2cef2d867d1a384667c037f5,10d324ce9ca914dc15ba72647bc6a304158b2ce700c1f9d20a824f8df05012c5
frozen200,b2,increasingNumVariables/0055.trace,increasingNumVariables,plain,264,2,0,8,1,MIN_EXPANDED_SIZE,,5,b849ed540620164df9234045e83c5dad83662531ec99376f60641f18d283a6e5,9,50,50,TIMEOUT,TIMEOUT,,,33.0,,TRANSLATED_ONLY,TRANSLATED_ONLY,True,590205,577589,1954387,1187406,1.021842521239151,1.6459298672905476,3.7836737199995696,6.386956362000092,954831c3a809c5cec0cfca2ed860fff57c767780859b728feb7cf402fd698c0f,d661d202a2f9cd05384be69a764c1483541f6a05777848f44ea6bb8675df428c
frozen200,b2,moreDetailedTest/0001.trace,moreDetailedTest,plain,10,2,0,8,1,MIN_EXPANDED_SIZE,,5,4cf4d87b6dcf64d2fe396c8941ee439eef2c07ee0bb76745f986cfca6ad38387,3,100,100,TIMEOUT,TIMEOUT,,,1.25,,TRANSLATED_ONLY,TRANSLATED_ONLY,True,786406,1089440,2518950,2212984,0.7218442502570128,1.1382594722781547,4.4349823929997,9.894876545999978,c82f5a704a61ed674e76ef7b09e05d1fbf2982da3e329198e3083809cebfb952,8703e95d15bb7316d1829dfc4744e6dff3363292082d10d4423e7c2fb40ca5ae
remaining423,b2,moreDetailedTest/0002.trace,moreDetailedTest,plain,10,2,0,8,1,MIN_EXPANDED_SIZE,,5,5084c81afcaf06b16b6902315076bf6112f989b054fa18b89b040908463c4d2a,3,10,10,TIMEOUT,TIMEOUT,,,1.25,,TRANSLATED_ONLY,TRANSLATED_ONLY,True,81346,116856,259860,241201,0.6961217224618333,1.0773587174182528,1.430139747999874,2.3313736220002284,c700aaaf32ea34ecef86403c266e0420e5ea2169feb6d944797a9d75d37111c6,cae91c82fdc9e2dbb9e83f285663dcc06d68a0987dcb5463d533148a9022e63d
remaining423,b2,moreDetailedTest/0003.trace,moreDetailedTest,plain,10,2,0,8,1,MIN_EXPANDED_SIZE,,9,f9f5d3d029d409c5305aa6b97040981e8b92e9d8395100b7b255f1b519919b40,3,125,125,TIMEOUT,TIMEOUT,,,1.25,,TRANSLATED_ONLY,TRANSLATED_ONLY,True,2206781,2313349,7289160,4870021,0.9539334531884294,1.4967409791456752,11.143417985999804,17.752998383999966,5c1765bf3580f1e7e9929950cfe4bf9d34d1c988c7efc9afb16776e4c6eddff3,56027e753cc7e738ae89460edaa872facae10bf5dcbc297ecd5f2a229c6cca26
frozen200,b2,moreDetailedTest/0004.trace,moreDetailedTest,plain,10,2,0,8,1,MIN_EXPANDED_SIZE,,5,e136448c7c701e599a0b3efdcad78036bb9e505fbf0def50d71a99f2f147e298,3,150,150,TIMEOUT,TIMEOUT,,,1.25,,TRANSLATED_ONLY,TRANSLATED_ONLY,True,1178106,1630836,3774000,3317379,0.7223939133058137,1.1376451107937924,7.6891523220001545,12.044483335000223,d353a05c83a14afc4bc133bc0ef1410c5dd838bfd1d9ec4b7a758336ee2850c0,439039417d20a49443d58dc7f39d9369dee4d4b5541ca945aade61c11677e663
remaining423,b2,moreDetailedTest/0005.trace,moreDetailedTest,plain,10,2,0,8,1,MIN_EXPANDED_SIZE,,5,de22b10e381746d23576b1b6da56d8fb96336abaa7a8fcf3af83451d90b053dc,3,175,175,TIMEOUT,TIMEOUT,,,1.25,,TRANSLATED_ONLY,TRANSLATED_ONLY,True,1373956,1901911,4401525,3867661,0.72240814633282,1.1380327800187244,9.492836549999993,14.85064126300017,238a1dceaeb3972b511747f8a711700857417b44fdfcf21e6cd3f83e45eee0c8,96c74d828d007b8ee372164c9afb7845a174685192c7539f72f459fcb9da8d59
remaining423,b2,moreDetailedTest/0006.trace,moreDetailedTest,plain,10,2,0,8,1,MIN_EXPANDED_SIZE,,5,43b61c5334fb0f3169a01dbea98283428ad2fd75d05a745550f085f3e521d13e,3,200,200,TIMEOUT,TIMEOUT,,,1.25,,TRANSLATED_ONLY,TRANSLATED_ONLY,True,1569806,2188459,5029050,4471229,0.7173111308002572,1.1247578685860196,7.93972592099999,15.556311352999955,c1527aafbe6c4d5fbb5a6d612c1e4d773f3bc4c1eddba24b06435b75f2194e1c,27aaa34e2342f4e5bee1ebed606ca4f0f096d98f5c57c909cc4ba5473fa7cdd5
remaining423,b2,moreDetailedTest/0007.trace,moreDetailedTest,plain,10,2,0,8,1,MIN_EXPANDED_SIZE,,9,7a0a09d61e11823dea8fbf76baf9035e3e954de856ccb0f15a0ad3ecfe085e64,3,250,250,TIMEOUT,TIMEOUT,,,1.25,,TRANSLATED_ONLY,TRANSLATED_ONLY,True,4403031,4567494,14543785,9663234,0.9639927277408574,1.505063936152224,23.660733171000174,31.07329261399991,31622d9e3c8eb26123c7e26a26ff72542174f2858b89387c451369a3371cbfe3,2a332b12963f3b74aaff5bfbea27de748b4a6e658affdef20cd4883210b37e68
remaining423,b2,moreDetailedTest/0008.trace,moreDetailedTest,plain,10,2,0,8,1,MIN_EXPANDED_SIZE,,9,81fcf02a9c3188214421026ae6f166dd3b5ccadc1ba4fa7e068e9ba3f4817ce9,3,300,300,TIMEOUT,TIMEOUT,,,1.25,,TRANSLATED_ONLY,TRANSLATED_ONLY,True,5281532,5503494,17445636,11649430,0.9596688939789886,1.4975527558000692,27.318694241999765,40.43863078499999,1706eede5693e2a831455ac1f2802283bf053c47542628fd742b530a53db72c5,94dc2b6708ebb0189c7e15299571506b9a2df931661e61b721685bd92e9352e5
remaining423,b2,moreDetailedTest/0009.trace,moreDetailedTest,plain,10,2,0,8,1,MIN_EXPANDED_SIZE,,7,56790fbff4317f35615723262cdac2582549afa62898ba3f81853102ff753346,3,350,350,TIMEOUT,TIMEOUT,,,1.25,,TRANSLATED_ONLY,TRANSLATED_ONLY,True,4284194,5544098,13967839,11553614,0.772748605814688,1.208958426341749,20.85720427199999,40.045030231000055,bb198040f97bc2a5441fed5ebbd6ccf5f527c0e0979ecedca2f5655a13a325e8,87da3c675638b08a6db056aef64a347cbc8f5e764f5d912ed1f4497d68922032
frozen200,b2,moreDetailedTest/0010.trace,moreDetailedTest,plain,10,2,0,8,1,MIN_EXPANDED_SIZE,,5,5e3e0c2c5d3bd4c91cd27e1e8b1cfea9ac7a38750743a778544f7df88c109936,3,400,400,TIMEOUT,TIMEOUT,,,1.25,,TRANSLATED_ONLY,TRANSLATED_ONLY,True,3136606,4357700,10049250,8875293,0.7197847488353948,1.1322724782156488,17.604358498000693,31.074367029000314,ab6610ace62f404fdcb41a88d5db8e6e3b978ebd394ee889832905778c93d9b6,fe9a54d5151095a1d823e76a3943cf126555516d63c42cb7ea1e18a2e9230ee3
frozen200,b2,moreDetailedTest/0011.trace,moreDetailedTest,plain,10,2,0,8,1,MIN_EXPANDED_SIZE,,5,e38a5917378b9df7d12d300f9eb69929ec77ddb6206f1394ba703e78f7785083,3,500,500,TIMEOUT,TIMEOUT,,,1.25,,TRANSLATED_ONLY,TRANSLATED_ONLY,True,3920006,5418838,12559350,11008035,0.7234034307724276,1.1409256965480215,26.224476590999984,37.58424677499988,0eb552e1b99bb2cfa056acb39bfeab2390cd161db052cd65c80eaf74502b2010,4fa75bcd121961d685c0eb5ce56284b5d67e2a5506299cd40393d01fa15b38df
remaining423,b2,moreDetailedTest/0012.trace,moreDetailedTest,plain,10,2,0,8,1,MIN_EXPANDED_SIZE,,5,20038ffb35a9422faf3a508b108755482e87fe9c437e1e9a725582cd1d97d490,3,50,50,TIMEOUT,TIMEOUT,,,1.25,,TRANSLATED_ONLY,TRANSLATED_ONLY,True,394706,555574,1263900,1138359,0.7104472131525233,1.1102824328704741,2.781968334000112,6.439098653999963,b4cc7f5383efb675f282c4bda5b04fedf97ac714ab0e7e6c73079046a815c69a,79244660de60a8f0b723c2c08e62fbf7fb42d05a1bcba2dc113062161cbc4a86
remaining423,b2,moreDetailedTest/0013.trace,moreDetailedTest,plain,10,2,0,8,1,MIN_EXPANDED_SIZE,,5,4880f6359b196b71ec8d7d3876a1de65b2cb1d331add5ead63fe22ec98cb9ba3,3,5,5,SAT,SAT,2,4,1.25,0.5,TRANSLATED_ONLY,TRANSLATED_ONLY,True,42176,62908,134355,132496,0.6704393717810135,1.0140306122448979,1.2298915900000793,1.7305962750001527,4b6edb35fb376bfb54f734e8c03c37e3d2e7d8015863bce75ba60430251a1c07,cdd58af570cddba6254f75c0d4c1eb3cec942e369fb21aaa6ccf91e46bf6db7c
remaining423,b2,moreDetailedTest/0014.trace,moreDetailedTest,plain,10,2,0,8,1,MIN_EXPANDED_SIZE,,5,ba75fbfc0ad01cc18fc4806b36dde4b7b6f65bfc9dd04659b0fc087e4c2ae893,3,75,75,TIMEOUT,TIMEOUT,,,1.25,,TRANSLATED_ONLY,TRANSLATED_ONLY,True,590556,821613,1891425,1673127,0.7187763582124431,1.1304730603235738,3.8332882039999276,7.287913602000117,580c766fc7df614e17678b75c93ac2eb86a88c6d2753cc03641395dc5d625aa5,f11eb5ba2a6ba3ce89d900be990c14eb1128d7725bed5cb0000cb161809d9d1e
remaining423,b2,moreDetailedTest/0015.trace,moreDetailedTest,plain,5,2,0,5,1,MIN_EXPANDED_SIZE,,5,e57d48c9d5b14f420009dd9a2f0f6f5fe2c5574ab0e986b6dc651e8c1a39cac2,2,100,100,SAT,SAT,1,3,1.0,0.3333333333333333,TRANSLATED_ONLY,TRANSLATED_ONLY,True,724273,813347,2300113,1619325,0.8904846271025774,1.4204146789557377,5.235184556000149,6.888114506999955,c3e8d288464309eb7a53e88bbe500855cae862aac6c337d80d3c5277eee8cf84,9f3043f457592fb2494f1d77b01b21568c011001b0021d99046b228eff694534
frozen200,b2,moreDetailedTest/0016.trace,moreDetailedTest,plain,5,2,0,5,1,MIN_EXPANDED_SIZE,,5,2ff055971e33f6ba7e13d9758ec3b09a2a992c3c429bbedff5e0d8aec8cf4ac9,2,10,10,SAT,SAT,1,3,1.0,0.3333333333333333,TRANSLATED_ONLY,TRANSLATED_ONLY,True,74491,98113,235799,195082,0.759236798385535,1.2087173598794354,1.3303071779992024,2.031057201999829,d8ce7af8a3551a6a1b52421a3ba1769cbb1017a9b540374a9bf1ed8b3cd8d33d,647190491fefb457a72a14b26394365d00551af9040092e93265cf05b71aad0c
remaining423,b2,moreDetailedTest/0017.trace,moreDetailedTest,plain,5,2,0,5,1,MIN_EXPANDED_SIZE,,5,52e36d53331ecd0548f794488523f8257be45cb2e1b84a9743be1f4474e4440c,2,125,125,SAT,SAT,1,3,1.0,0.3333333333333333,TRANSLATED_ONLY,TRANSLATED_ONLY,True,904778,1005559,2873543,2017899,0.899776144413207,1.4240271688523558,5.4859150349998345,8.439446772999872,53181d03160e2d8e657e69b8f8a6e16fa2d6df6ef69395bdda3d83e2aec64945,1a6edf4cced279bf3e44b1cb0ce1479e8f3f04ab6b30fe15cfdf06bd27e8b392
remaining423,b2,moreDetailedTest/0018.trace,moreDetailedTest,plain,5,2,0,5,1,MIN_EXPANDED_SIZE,,5,523268829542b00ea917b0010d59cc92adc645e7bab4e373be1c95d98ed9fff8,2,150,150,SAT,SAT,1,3,1.0,0.3333333333333333,TRANSLATED_ONLY,TRANSLATED_ONLY,True,1085263,1146841,3446953,2292221,0.9463064191112804,1.5037611992909934,7.888766929999974,8.639983969000014,280e3f88348f1e4e74b88f2570f50b753b856e54f194f45915c5edc21f8de19e,c5eafba0a179a6916ea7a7cf29eeeb59a2a14954c3d0b36652e3a8e07b26e9f0
remaining423,b2,moreDetailedTest/0019.trace,moreDetailedTest,plain,5,2,0,5,1,MIN_EXPANDED_SIZE,,5,e2ad7c80907a13c20da1a3028903a76b6a23a304988e17b95a3616fcc6d24d71,2,175,175,SAT,SAT,1,3,1.0,0.3333333333333333,TRANSLATED_ONLY,TRANSLATED_ONLY,True,1265760,1318280,4020373,2647471,0.960160208756865,1.5185711193814777,7.939346311000008,10.242645900000298,adadd9f70cdbe60fece5d3819ea90bdbd73e309234ad556b6c21e18488386a91,d67ff54581b6311327297a1ba0bb7d81c7ec505842896b3a54cfa5537b5128bb
remaining423,b2,moreDetailedTest/0020.trace,moreDetailedTest,plain,5,2,0,5,1,MIN_EXPANDED_SIZE,,5,8811f52bcf5e3bb583c5630ac2d4623c8fb873c9d16cd7e000703be5ccfc3047,2,200,200,SAT,SAT,1,3,1.0,0.3333333333333333,TRANSLATED_ONLY,TRANSLATED_ONLY,True,1446249,1478461,4593790,2958225,0.9782124790576147,1.5528872888302951,9.641891467999812,11.903705058000014,2053f00926995ddf50aee0a005fabf7a7bd8ee822a4099002b6317c6c5f8bd6c,5e93b53d05eaf3a4a2be1910e6f7d415b4d533fb15cd2bc4b7e338dcadffe279
remaining423,b2,moreDetailedTest/0021.trace,moreDetailedTest,plain,5,2,0,5,1,MIN_EXPANDED_SIZE,,5,b29b7e68a35953845512bd1a4f94e053332c9d0878ea812822dcc32bacab180b,2,250,250,SAT,SAT,1,3,1.0,0.3333333333333333,TRANSLATED_ONLY,TRANSLATED_ONLY,True,1807230,1752510,5740626,3513641,1.0312237875960766,1.6338111947122658,8.740404141999988,12.04538367500004,f837e00f4e95902f2ccc94c99a6918f76ff55c70b4a9035e1e6778975d8e1387,9f8032fa2dcaf06d3c1e9c0fac5790dcb1906fa831b2de0e7971ed71b958c4df
remaining423,b2,moreDetailedTest/0022.trace,moreDetailedTest,plain,5,2,0,5,1,MIN_EXPANDED_SIZE,,5,d696a953169a9278cf363bf8840909b35df55421a08b41e5fb1c55161d6a136a,2,300,300,SAT,SAT,1,3,1.0,0.3333333333333333,TRANSLATED_ONLY,TRANSLATED_ONLY,True,2168215,2021407,6887461,4058610,1.0726266407507246,1.6969999581137385,11.495967899999869,14.049751353999909,31b291ce919ac01fdcc718b5ce38ed79b36fd448931776fc464b30c1b33c03df,1ae7cf2ae28d771616b57621517ddda05cbb58ac89d6703325ee9e2b69d04a50
remaining423,b2,moreDetailedTest/0023.trace,moreDetailedTest,plain,5,2,0,5,1,MIN_EXPANDED_SIZE,,5,827f02303fb89d1072cf0daf19010120dab463227146d39cce52a7813c5866de,2,350,350,SAT,SAT,1,3,1.0,0.3333333333333333,TRANSLATED_ONLY,TRANSLATED_ONLY,True,2529219,2327073,8034321,4693148,1.0868670643336071,1.711925769227819,16.001563538000028,16.50203115999966,ac349b808ad450bac103b3f747c25f6dd024d81428020fb126017d7737970ccc,de0e2553748d85ac59a3eedcd52e926be57086418702c6b13d88e3b92d407221
remaining423,b2,moreDetailedTest/0024.trace,moreDetailedTest,plain,5,2,0,5,1,MIN_EXPANDED_SIZE,,5,90f0ab675c6886352cdf7d36d6f4a97abc24268abb54fdc1e021b512b76eaa3b,2,400,400,SAT,SAT,1,3,1.0,0.3333333333333333,TRANSLATED_ONLY,TRANSLATED_ONLY,True,2890198,2505104,9181148,5019465,1.1537237575765318,1.8291088791335333,20.055511453000236,18.454093408999597,07c492d23b55d0049e4aa4a02fa362e1fe498b554a511a8d13aa725897ccf897,db16d2421e24272b385a98b73b8a22ce510ade80a04d507ddaeb6511353ebf68
remaining423,b2,moreDetailedTest/0025.trace,moreDetailedTest,plain,5,2,0,5,1,MIN_EXPANDED_SIZE,,5,f8b781062bd36e16b70042ce1444814abb159610cbfc7d6684f9d8571f8cf8bd,2,500,500,SAT,SAT,1,3,1.0,0.3333333333333333,TRANSLATED_ONLY,TRANSLATED_ONLY,True,3612187,3005678,11474839,6042378,1.2017877497190317,1.8990601051440343,23.509677693999947,22.21162483199987,5912e53e7696a266cff93fcd31e37de86487eebbed79c118617c7bb917f03991,b59f1c6978055d32d7e1cef4457db7ecbc0ec8fe79b23f0c1185863b3ab6930c
remaining423,b2,moreDetailedTest/0026.trace,moreDetailedTest,plain,5,2,0,5,1,MIN_EXPANDED_SIZE,,5,81826a48eff38d46db6b2c56d8264aea34f9f587df0c1a5e491a1052b534312b,2,50,50,SAT,SAT,1,3,1.0,0.3333333333333333,TRANSLATED_ONLY,TRANSLATED_ONLY,True,363285,451712,1153272,908761,0.804240312411448,1.269059741780292,2.6318589679999604,4.68442053400031,8d24ab32c05d292360d18cd2588298c445eae2b16fce2f44b60be19784d531b5,9fe2a6ada5352d1a79ac193a930d6a18baddcc1d5223fbe7c0366a0335fcae23
remaining423,b2,moreDetailedTest/0027.trace,moreDetailedTest,plain,5,2,0,5,1,MIN_EXPANDED_SIZE,,5,0c233b8f85a98d7588240e2c2060428d85cc1df8ef1157bae4b680254ad27e94,2,5,5,SAT,SAT,1,3,1.0,0.3333333333333333,TRANSLATED_ONLY,TRANSLATED_ONLY,True,38396,53941,121118,110471,0.7118147605717358,1.0963782350119036,1.1797248530001525,1.4800739229999635,f1cb696f8e766c3392f5b7bb877abb5b38efe0c38d5452f1f17dc0ea89125f51,34e9163f92aba7f6cceadf8638c1c63624d141c7c0e73a67b006ac9a065293bb
remaining423,b2,moreDetailedTest/0028.trace,moreDetailedTest,plain,5,2,0,5,1,MIN_EXPANDED_SIZE,,5,64be41842cbbe8980ac16a48701daadda93906fe1e877a972b1765bd7de7a29a,2,75,75,SAT,SAT,1,3,1.0,0.3333333333333333,TRANSLATED_ONLY,TRANSLATED_ONLY,True,543781,655517,1726694,1313371,0.8295452291855131,1.3147039183901579,4.23380802299971,5.986210800000208,18149c1d95d263ad2041fc69c768defa34d9b4cfb37f8595dd94e44885cbe660,2787be157404a8132732fc1d2b10861082ad5155ae51e463842d48e226700586
remaining423,b2,moreDetailedTest/0029.trace,moreDetailedTest,plain,18,2,0,8,1,MIN_EXPANDED_SIZE,,15,e5c13a63096d0f2db31d842eeaf9c022e3e3d1fc405b54f0275e9164e43ea702,3,100,100,SAT,SAT,3,6,2.25,0.5,TRANSLATED_ONLY,TRANSLATED_ONLY,True,3975149,1835891,13457130,3902822,2.165242380947453,3.448051179377384,20.762135541000134,14.398189109000214,4c71bb4dadb0ffa3d24b137b48a8368d4dda9f21a790fd5a30b3d284f1f83bf6,bd19ad5adca812145488737e1fb0974ea3c43af8e6d4d21b4f4954fda19b8b8d
remaining423,b2,moreDetailedTest/0030.trace,moreDetailedTest,plain,18,2,0,8,1,MIN_EXPANDED_SIZE,,5,cf737e8c06636d136d941968270a5c23f95e13bbbcbaa1b9270ca41af04c4eae,3,10,10,SAT,SAT,3,6,2.25,0.5,TRANSLATED_ONLY,TRANSLATED_ONLY,True,81346,114204,259860,235138,0.7122867850513117,1.1051382592350025,1.3801608219996524,2.281594848000168,c1ba0dc78f85d4943879a22a8b141c0a1cccf51908c7447e5a511ef2c49976cc,a40678e76c3494d0a5f62a2ee6489d060c95d149ef8ee5164e3a912d22f4df32
frozen200,b2,moreDetailedTest/0031.trace,moreDetailedTest,plain,18,2,0,8,1,MIN_EXPANDED_SIZE,,15,d38e3d1b6f467074f9b04773d3163291ae8d89b2043a51471e2a17768386b632,3,125,125,TIMEOUT,TIMEOUT,,,2.25,,TRANSLATED_ONLY,TRANSLATED_ONLY,True,4959501,2272905,16788157,4811012,2.1820098068331055,3.4895271514600257,25.115301091999754,18.856067802000325,65cec649a11089bceec6725a4f664bd53405d1438f6cd9fdb26608ff13837728,cb22e98c0df04a7611a4318394b1d82e76fea2a97d45f411f8019b6db3f8d5e2
remaining423,b2,moreDetailedTest/0032.trace,moreDetailedTest,plain,18,2,0,8,1,MIN_EXPANDED_SIZE,,5,19826b912c346d9be8589f7d2cc8a23c8d64aea7b33142f9073a2f47fa9a2a4b,3,150,150,TIMEOUT,SAT,3,6,2.25,0.5,TRANSLATED_ONLY,TRANSLATED_ONLY,True,1178105,1610027,3773999,3278930,0.7317299647769883,1.1509849249602766,7.387915376999899,12.094945216999804,8aca0349081fc9a33813baa9a7e8fefeeb96ab09c1a8db791a9bec68b1ffec8f,522fba6d9d4a52d0966b753d5cd91015045dcfc41ebe070e922799ff649a6427
remaining423,b2,moreDetailedTest/0033.trace,moreDetailedTest,plain,18,2,0,8,1,MIN_EXPANDED_SIZE,,5,0815ec2799a4f74dedffd398af389f910da5ad3cfb770eb16b6d893c9dd94d49,3,175,175,TIMEOUT,TIMEOUT,,,2.25,,TRANSLATED_ONLY,TRANSLATED_ONLY,True,1373955,1859661,4401524,3755185,0.7388201397996732,1.1721190833474249,9.4934733529999,15.60095252200017,839c1b86efd412326021ec86e9d3af4d1e86d1636f486688d2341c218c6bcd21,9fc4c768d03af8d7876616c7a977d923f251483068e6a713165ba7836a301ee3
remaining423,b2,moreDetailedTest/0034.trace,moreDetailedTest,plain,18,2,0,8,1,MIN_EXPANDED_SIZE,,9,7dc879b5257630eb8ebc8aaeaddf7f8e2c0f7717b4a4a784faa78f8d9de094f3,3,200,200,TIMEOUT,TIMEOUT,,,2.25,,TRANSLATED_ONLY,TRANSLATED_ONLY,True,3524530,3615950,11641934,7622430,0.97471757076287,1.5273258003025283,19.705905150000035,26.064134356000068,b6ac78ae9e233b92447b631f850978e75c14198b3ece83025acd7dbe108b19dd,5429730e18528ef35910b499032df1a6de23f3573f0b5bb8535c30ddb81c9e16
remaining423,b2,moreDetailedTest/0035.trace,moreDetailedTest,plain,18,2,0,8,1,MIN_EXPANDED_SIZE,,5,e7b367f2efdc4cb7f31e41b8552d3e0ab91e2034d8bb584e61a7ae1750c774cc,3,250,250,TIMEOUT,TIMEOUT,,,2.25,,TRANSLATED_ONLY,TRANSLATED_ONLY,True,1961505,2672183,6284100,5449375,0.7340459092809137,1.1531781167565087,12.396262781999667,22.009289524999986,a23ce6e2e05efd968f18d545aa3ecc465f8ed227557ff1c848dded3828cf6055,5d7c63a61613368ba354908b99edf866fce8d2535cca65a172ebc188e74dc058
frozen200,b2,moreDetailedTest/0036.trace,moreDetailedTest,plain,18,2,0,8,1,MIN_EXPANDED_SIZE,,11,c9ed4c4614dbfe90901388443af500c7e1a16c5b8fe35541ca5c2db254207741,3,300,300,TIMEOUT,TIMEOUT,,,2.25,,TRANSLATED_ONLY,TRANSLATED_ONLY,True,7179304,5392822,23952831,11418875,1.331270344172309,2.097652439491631,36.08602558199982,42.0974716110004,60d31175e0e1fd0d2bf6f381bfc40859cb79e7a1fd30b544dbd01b447d4a406a,82e17988383a05f7e05c4a53f8c1561143d4cf1762115575f40d0953493d118d
remaining423,b2,moreDetailedTest/0037.trace,moreDetailedTest,plain,18,2,0,8,1,MIN_EXPANDED_SIZE,,5,d89c703386899c97a310d27b206e8e145c91cf8a6939fcd525e0d0baede8f747,3,350,350,TIMEOUT,TIMEOUT,,,2.25,,TRANSLATED_ONLY,TRANSLATED_ONLY,True,2744904,3693884,8794198,7513361,0.7430942606752134,1.1704745718993137,17.30190095199987,24.810320016999867,75095a18a8b332ed8ed82e298c9425029e8d56b321c7790993ae0c6f4a24af08,2340928e8e5afd8d06141fb1ab4a7558aec650370e3d75526757211aa3e59008
remaining423,b2,moreDetailedTest/0038.trace,moreDetailedTest,plain,18,2,0,8,1,MIN_EXPANDED_SIZE,,15,0d18e9f8d22d050ea0c4de80564a33c7c22b89896d67116dcfe4cb314451f2dc,3,400,400,TIMEOUT,TIMEOUT,,,2.25,,TRANSLATION_TIMEOUT,TRANSLATED_ONLY,False,,7145938,,15100031,,,180.86202115200012,54.10247689400012,586719074aa0d7a66df5f3f890fb69a99317a1dc45109532fe86de0909f5f71f,8cca6a8491677a725d55e12ea9ee89c99f160d025d6b52ea28ee606b3b23da1d
remaining423,b2,moreDetailedTest/0039.trace,moreDetailedTest,plain,18,2,0,8,1,MIN_EXPANDED_SIZE,,5,0c180b00dda04beb7101c891aa8836486327261c97f53dc99681954fa42c5065,3,500,500,TIMEOUT,TIMEOUT,,,2.25,,TRANSLATED_ONLY,TRANSLATED_ONLY,True,3920003,5308761,12559348,10796730,0.7384026140939477,1.1632548002960155,27.36689314199998,38.22937260399999,ef9505846ca6cf1091bf8236c00bdacbdf945bf7d8529f436da9f4f91d4f527f,f21ca6dfee2dac27b195df161b6018c566ceff5ffdc6972bb72d0c3d084c4964
remaining423,b2,moreDetailedTest/0040.trace,moreDetailedTest,plain,18,2,0,8,1,MIN_EXPANDED_SIZE,,15,548b527cb9bb92b42993458f5cddec76676b2b9e8dd25186bca955302c1d2f80,3,50,50,SAT,SAT,3,6,2.25,0.5,TRANSLATED_ONLY,TRANSLATED_ONLY,True,2006451,934779,6795082,1997682,2.146444239761484,3.4014833191669145,9.142598697999802,9.490776903000096,fc47b8bd690e86fc94bb28a83cb01b48980975fdc51ecd1b98281b524283002e,cb39eb28ba168bb1701ae21270628d386141eeb7e2246ae5c2db6bee3862c7c8
remaining423,b2,moreDetailedTest/0041.trace,moreDetailedTest,plain,18,2,0,8,1,MIN_EXPANDED_SIZE,,5,31efac6c1c3ad02176d01d4737047da638bd07be31e32f796a6d6b5f81079de0,3,5,5,SAT,SAT,3,6,2.25,0.5,TRANSLATED_ONLY,TRANSLATED_ONLY,True,42176,62255,134355,131790,0.6774716890209622,1.019462781698156,1.2297286739999436,1.6806512920002206,49e22240f06a5099c0a57eccd307b7fca567623f32dfc00da3fff1e1487a3000,fb2b0e7ac2c429e8330045ee43023a22037be0ed5526e858c1e3ac2db0a951e8
remaining423,b2,moreDetailedTest/0042.trace,moreDetailedTest,plain,18,2,0,8,1,MIN_EXPANDED_SIZE,,5,1d392a502c2156981d4bc674048d885acb36c2fee78efc8f06e72e2e098e6165,3,75,75,TIMEOUT,SAT,3,6,2.25,0.5,TRANSLATED_ONLY,TRANSLATED_ONLY,True,590556,802950,1891425,1634101,0.7354829067812442,1.1574712946139805,4.0340371400000095,7.087398138000026,257e9929ec2f1291e031c64111c29de6f327694e0af955d1b6ba5b0761470b1c,070ad6c3395fe6308ec6e6eb3d3cbfaf83c4cebc60777db58fedee2cf6bc0077
remaining423,b2,moreDetailedTest/0043.trace,moreDetailedTest,plain,3,2,0,3,1,MIN_EXPANDED_SIZE,,3,637c502d139a4ebfa69ea51c03da9185ab0dcaf1f14830735a6467b26ab485c8,2,100,100,SAT,SAT,1,2,1.0,0.5,TRANSLATED_ONLY,TRANSLATED_ONLY,True,404249,363295,1251607,713062,1.1127293246535186,1.7552569061315846,4.7845494859998325,3.9845432080001046,e56372c3f12ac3003b74c013a313af0a975cc9484dc8ec70ef2c186454d51736,a00a4f3071b47297ed10431460ecc1f0e047004c555d4ed8228a427500ecefbe
remaining423,b2,moreDetailedTest/0044.trace,moreDetailedTest,plain,3,2,0,3,1,MIN_EXPANDED_SIZE,,3,ee14ef8f70584eeb01a1dd257788ab1a9c013f6a633764758630e2ecf597ffdc,2,10,9,SAT,SAT,1,2,1.0,0.5,TRANSLATED_ONLY,TRANSLATED_ONLY,True,39378,44453,121372,87127,0.8858344768632038,1.3930469314908123,1.2298618209999859,1.5302634369998032,7ef8080bc2d7d0cb897429a2d975b7b7e6f32f9048fc914d556fbe77a8fae136,4ed4817ecf7839de783f885464ce31bb436aff6c7e53d45212dd04eadf68bb93
remaining423,b2,moreDetailedTest/0045.trace,moreDetailedTest,plain,3,2,0,3,1,MIN_EXPANDED_SIZE,,3,807b5cb529c6e2495c8507c5c59d00de6a680cc6dc9d20079d1153aa43855ec2,2,125,125,SAT,SAT,1,2,1.0,0.5,TRANSLATED_ONLY,TRANSLATED_ONLY,True,505045,452287,1563825,884420,1.1166471731444856,1.7681927138689764,4.535003164000045,5.085334675000013,de99ac215cdbeead685585b77c1e15a11319991f5e21a0bed929e84e4fc6fe8a,acab733893b119831815f5327093692c13ed4684c529d3b9968c36cc892babf1
remaining423,b2,moreDetailedTest/0046.trace,moreDetailedTest,plain,3,2,0,3,1,MIN_EXPANDED_SIZE,,3,ddf2db14fbfd525d4ce4118c0e2a6e4904f485b233d123744df1f3ca70036612,2,150,150,SAT,SAT,1,2,1.0,0.5,TRANSLATED_ONLY,TRANSLATED_ONLY,True,605843,507811,1876052,994452,1.1930482010039167,1.88651840410598,4.88491227600025,5.386021257999801,69acbe8772ba5a57a2154fc3dde0b11f5bc1e2a9f65350881d17da60bbb9f770,3057cedf5dc6b8261129622f1a0f51f4842a7da52a04ff19aac4e259b43e8ba9
remaining423,b2,moreDetailedTest/0047.trace,moreDetailedTest,plain,3,2,0,3,1,MIN_EXPANDED_SIZE,,3,8e2578ac0439b973c4380b4126f953af5754b611da87c8270d5bb903298c5057,2,175,175,SAT,SAT,1,2,1.0,0.5,TRANSLATED_ONLY,TRANSLATED_ONLY,True,706632,577901,2188268,1129930,1.2227561468140737,1.936640322851858,6.186606299000005,5.485609031999957,819873ec3051ded69cf34adc8ef10ee4c00b62f26b9094b30d3dad4a801c6977,bb80a72c64874d573867673fad0787cdb6cc9022529af26ff1eb2419c2606410
remaining423,b2,moreDetailedTest/0048.trace,moreDetailedTest,plain,3,2,0,3,1,MIN_EXPANDED_SIZE,,3,cfd0d131fbdca95c92c879d2b75d73d37ed370cbed4030d5c0c95135972e8f57,2,200,200,SAT,SAT,1,2,1.0,0.5,TRANSLATED_ONLY,TRANSLATED_ONLY,True,807434,667870,2500494,1309560,1.2089688112956114,1.909415376156877,6.5371487970001,6.236710268000024,a56fe8e089cd144cf9d769491b71ef7426ae9e4ee8b073598192044eea14bf6d,df17493acf03c918543ec23b0f630bd687fd95319af13730079153942d0f68c4
remaining423,b2,moreDetailedTest/0049.trace,moreDetailedTest,plain,3,2,0,3,1,MIN_EXPANDED_SIZE,,3,0f19f8e6afe758d1d90fc6e6d584016ab8f389b640d1d00d6ea607353905b82d,2,250,250,SAT,SAT,1,2,1.0,0.5,TRANSLATED_ONLY,TRANSLATED_ONLY,True,1009018,780800,3124928,1528760,1.2922873975409837,2.044093252047411,7.738743500000055,6.787988581000036,045d27828c7bdb121892d52c643a61e5520532872bf132a4d741a6c53b92b0b0,38d9a288acfcaec2bfdbf9f2b61ffd2892281b943826993286ae3cc1d1c8b305
remaining423,b2,moreDetailedTest/0050.trace,moreDetailedTest,plain,3,2,0,3,1,MIN_EXPANDED_SIZE,,3,2c1c584bebe0b7766b0213e2f82c80bbf7b559e778ea130f01df92aefa0f259b,2,300,300,SAT,SAT,1,2,1.0,0.5,TRANSLATED_ONLY,TRANSLATED_ONLY,True,1210608,892818,3749374,1749806,1.35594040442733,2.142736966269404,7.993120726999905,7.340241686999889,0ebe6c80de2b48ae6c4e1e156319d9c1e6f6c164c6bcce9110c5b3da58871fdf,524bba7979b58b55fd75e6ab85dbb702b94969ac3f309cad477a3a05a6c89ddb
remaining423,b2,moreDetailedTest/0051.trace,moreDetailedTest,plain,3,2,0,3,1,MIN_EXPANDED_SIZE,,3,315d986329d6c83f00012cbb2c482f9f3bd4f431fd392a10a68febdd91ec5d65,2,350,350,SAT,SAT,1,2,1.0,0.5,TRANSLATED_ONLY,TRANSLATED_ONLY,True,1412199,1020420,4373810,2004712,1.3839389663079908,2.181764762220209,11.695505735000097,9.140441478999946,68cbff2657649a732d293d5f7cd8e9bcb48f8f77fd5b25ddd2c23b71dbb98e3a,de329ace177a6e179eb7d9c4983ee63302e3131ffbf46be7b35d6ebcc2029ae8
remaining423,b2,moreDetailedTest/0052.trace,moreDetailedTest,plain,3,2,0,3,1,MIN_EXPANDED_SIZE,,3,3785c9bbd405b9af8b6f8a11961c2797f9c1f04854c98e4acd4d1e69e0bc4d2c,2,400,400,SAT,SAT,1,2,1.0,0.5,TRANSLATED_ONLY,TRANSLATED_ONLY,True,1613785,1117331,4998255,2189118,1.4443213336066036,2.2832277657028994,13.495771818999856,9.04031021200035,825288356a8a49bf522db27e4dca7251a496ed04d914a9c5269ffc7d5307f224,d9cb802309e14d088690eb72239dcf88082bec0fe278c978d87f350f81f38e05
remaining423,b2,moreDetailedTest/0053.trace,moreDetailedTest,plain,3,2,0,3,1,MIN_EXPANDED_SIZE,,3,b9457e9a12074ccc13a2761c726d6c5dfa3e9abc5722f4546c812490d7819015,2,500,500,SAT,SAT,1,2,1.0,0.5,TRANSLATED_ONLY,TRANSLATED_ONLY,True,2016959,1343282,6247127,2631453,1.5015156906740357,2.3740218806872098,18.460230835999937,11.49391975399999,b56c094752bb3be5ee72332a4e828d8e9b02de37db353d0bc8b93f775469acd4,19323216572cb2c685b5839026c931ec4a7767ded22fc2138d06d79cb43931e7
remaining423,b2,moreDetailedTest/0054.trace,moreDetailedTest,plain,3,2,0,3,1,MIN_EXPANDED_SIZE,,3,81bbc8bda62f2d9f673309142da00247859a9f96330fcf68503fb50460439d4c,2,50,50,SAT,SAT,1,2,1.0,0.5,TRANSLATED_ONLY,TRANSLATED_ONLY,True,202667,201668,627171,396394,1.0049536862566197,1.5821909514271155,2.2310298160000457,2.8316739219999363,f81373a1805c0a3676874431120655b20c03253d6fb616a167fc936d8c4f1cc1,3f655a40aa5f1c2b5398207fd11ac05e55b8360bc9522c9df68a683b28c37717
remaining423,b2,moreDetailedTest/0055.trace,moreDetailedTest,plain,3,2,0,3,1,MIN_EXPANDED_SIZE,,3,1183178c8767dd12f98917129108ec5fb88816c431a4f75b16d2dfa73c672b32,2,5,5,SAT,SAT,1,2,1.0,0.5,TRANSLATED_ONLY,TRANSLATED_ONLY,True,21234,23858,65172,47199,0.8900159275714645,1.3807919659314816,1.0795968840000114,1.22979066899984,ddb82d8397365658ff4bbeb09b4871d2633ba4062315b99a4a8d6e4e7680531a,95ef474caf4764c2e7270286e307960cefb23808c7ac9b114223f9f8174e5bf8
remaining423,b2,moreDetailedTest/0056.trace,moreDetailedTest,plain,3,2,0,3,1,MIN_EXPANDED_SIZE,,3,0c15179014d1264cc17c57ce654ef40ecea6200e6840f5a07e44ce4c86d30d03,2,75,75,SAT,SAT,1,2,1.0,0.5,TRANSLATED_ONLY,TRANSLATED_ONLY,True,303458,294108,939389,576043,1.031791042746202,1.6307619396468667,2.9321599039999455,3.4828652880000845,7205a878ea494b408139a2d860e69b816adb958a3a412e5c980173bf238ec6d9,326ee43389e9d71c01c017576c73525ba72a9090e7a938ff9f4da939b305f7ef
remaining423,b2,moreDetailedTest/0057.trace,moreDetailedTest,plain,18,2,0,8,1,MIN_EXPANDED_SIZE,,9,4f2909eebc3b222544bb7be16127794983b5e97d2605d7fca77341a1f4f3d6ca,3,100,100,TIMEOUT,TIMEOUT,,,2.25,,TRANSLATED_ONLY,TRANSLATED_ONLY,True,1767532,1841051,5838236,3917579,0.9600668313914171,1.4902663098816897,8.19052927100006,13.298197844000015,a433cf245bf5ac06db671f3b4b8cea775fa956ad3d8651290e96f5d3ca4dedcd,5d58d02a8a68efdf46d925cc504ea58e9a8c7a7b4f954c794848c8ac406175e3
remaining423,b2,moreDetailedTest/0058.trace,moreDetailedTest,plain,18,2,0,8,1,MIN_EXPANDED_SIZE,,5,9b4d02810035bae80c5a0ea6d053c0211b3345dfb507f87879b5353bf9810e20,3,10,10,SAT,SAT,5,6,2.25,0.8333333333333334,TRANSLATED_ONLY,TRANSLATED_ONLY,True,81346,117695,259860,244506,0.6911593525638302,1.0627960050060121,1.4305742559999999,2.181935507000162,85c31d6713fb154ad7d98080b32fe0c978a358a2109cedd48be5482726c3463d,189481dfad3f1ebe0322d7d57a4fc6c94863e5c4b5490c7f88146781d63af22c
frozen200,b2,moreDetailedTest/0059.trace,moreDetailedTest,plain,18,2,0,8,1,MIN_EXPANDED_SIZE,,7,ac97087e8a8cb6861346d5692115d09083d18031456aedc00407096699c3993a,3,125,125,TIMEOUT,TIMEOUT,,,2.25,,TRANSLATED_ONLY,TRANSLATED_ONLY,True,1534245,1978786,5001815,4154532,0.775346601401061,1.203941863969275,8.339450147000207,15.604107154999838,8f1f2bdd27e8dfd73d2b1d5c028af47cbeb19ae96bc43e43905ec69727d7a9c2,38a6ecc7f29eed27ed23d400db79e28d670e8eaa7c296c7688571b8d77af08c9
remaining423,b2,moreDetailedTest/0060.trace,moreDetailedTest,plain,18,2,0,8,1,MIN_EXPANDED_SIZE,,5,099d374b4a79e557ce8625dbf70b7ef4051854a9f6f427ea06dfa804137155f0,3,150,150,TIMEOUT,TIMEOUT,,,2.25,,TRANSLATED_ONLY,TRANSLATED_ONLY,True,1178104,1621355,3773999,3322897,0.7266169346009973,1.1357556373249005,6.688214477000201,11.445394941999893,4881e86be7d7f012fa2a8ec85c2130fe5f5ade364e40fdca485d04d4ccbfef0d,2d5d08bb58f591ba8cb0ae56b64b963648b47f49511f0881e1c693f36d7c8f2f
remaining423,b2,moreDetailedTest/0061.trace,moreDetailedTest,plain,18,2,0,8,1,MIN_EXPANDED_SIZE,,5,39181bf238c368c6bf999b400b5dc580ed71990f1b8847bb509a88918425558d,3,175,175,TIMEOUT,TIMEOUT,,,2.25,,TRANSLATED_ONLY,TRANSLATED_ONLY,True,1373956,1865974,4401525,3805923,0.7363210848597033,1.1564934445599662,9.64242463499977,15.000279697000224,eb8d835c63368dbc3c2dbe62ae4872d9a45ff270ed669eb142eb1e658dcc4864,455eff58d44302ac7609f6b16cab5f3ba5580c9e9da1016396c4e9e629dbf8f0
remaining423,b2,moreDetailedTest/0062.trace,moreDetailedTest,plain,18,2,0,8,1,MIN_EXPANDED_SIZE,,5,8c05c01f1fa86672e622c5898300ef68087cab4fc917aefd4fa0eb99e0d31ce8,3,200,200,TIMEOUT,TIMEOUT,,,2.25,,TRANSLATED_ONLY,TRANSLATED_ONLY,True,1569804,2148729,5029048,4390846,0.7305732830896776,1.1453482996215307,9.290945805999854,16.149675733000095,eabd22cd0607222fa3a51d23c802ac2329e9d432a03b9475fc70694b82bf694a,20dcd04123fd063c6d6ff5ad2d8eb9751d250ce80b06ee536744c704256c08af
remaining423,b2,moreDetailedTest/0063.trace,moreDetailedTest,plain,18,2,0,8,1,MIN_EXPANDED_SIZE,,7,71ee2e001d753ea974c5b2f5ad823ccc113a64daafa89dabcd113ec476fd9ca8,3,250,250,TIMEOUT,TIMEOUT,,,2.25,,TRANSLATED_ONLY,TRANSLATED_ONLY,True,3061995,3922520,9982940,8222354,0.7806193467464793,1.2141218925869648,16.302309235999928,26.063830646999577,2d660e1c1dcf8cccb082f35fe0987d58e00e9aa3774d885cb8057c6fca663daa,58df3ed598457cebfdc45c109cf4f3f36839e00142c483edbbfabd57846c0897
remaining423,b2,moreDetailedTest/0064.trace,moreDetailedTest,plain,18,2,0,8,1,MIN_EXPANDED_SIZE,,15,9172e3fe9b33b37e7da8cdc2f455f4a54cb2a904a7da6128c606135935bdecee,3,300,300,TIMEOUT,TIMEOUT,,,2.25,,TRANSLATION_TIMEOUT,TRANSLATED_ONLY,False,,5391066,,11390121,,,180.7985846930003,40.53213046699966,427db9a3eff2b45e1a0545369ceb8a054c920578d88ff98d766e77fe4e5d910e,4a9b8c1fc0fbc7dbc56934f24172c7bc8778231c2a98345a34aef360198bd886
remaining423,b2,moreDetailedTest/0065.trace,moreDetailedTest,plain,18,2,0,8,1,MIN_EXPANDED_SIZE,,15,49de086b4b2deb5277c139bb937dd02cb7da0ec67d8e0413ed0599c3758ee5e4,3,350,350,TIMEOUT,TIMEOUT,,,2.25,,TRANSLATION_TIMEOUT,TRANSLATED_ONLY,False,,6334958,,13455157,,,180.798058416,45.9988919970001,222f9b78631fb35f0d642e49699e984ac59034317a6f973ac1393fe7e9800309,d92077ad29b3134e41cb757f758be7a08de738bb1ef3276c2dff5a84b8141229
remaining423,b2,moreDetailedTest/0066.trace,moreDetailedTest,plain,18,2,0,8,1,MIN_EXPANDED_SIZE,,5,cbfc471d055d6f53923782080bf95050aaed9d3165c0bc4c90e820b6576d5892,3,400,400,TIMEOUT,TIMEOUT,,,2.25,,TRANSLATED_ONLY,TRANSLATED_ONLY,True,3136601,4245406,10049246,8649909,0.7388223882474374,1.1617747654917525,17.303336715000114,30.523751773999948,c6f0823f80a140aca815d2982715c03314880396adecfee1eedc6a0ad3fcfb2a,ff014fa19b86cab31f042510696f54caa2514ad8b4f0b81ae1ac1d06785385e4
remaining423,b2,moreDetailedTest/0067.trace,moreDetailedTest,plain,18,2,0,8,1,MIN_EXPANDED_SIZE,,9,8bfdde9b0d67c345e53fdae02ca930b5a4ee38ecdf22abe9d65008bc14c87ade,3,500,500,TIMEOUT,TIMEOUT,,,2.25,,TRANSLATED_ONLY,TRANSLATED_ONLY,True,8795532,8940732,29053036,18926752,0.9837597190028736,1.535024921338854,53.707181465000076,65.17615064499978,e80a79066ff0deeb22203ba83bc91f397a96ec1a6b4b15e21dc3021c6b2af047,3f865faabedd3201deeb7314c07975c4bc0b8cd3f6b8c3ed66ddb909605c29a2
remaining423,b2,moreDetailedTest/0068.trace,moreDetailedTest,plain,18,2,0,8,1,MIN_EXPANDED_SIZE,,11,b655e71c689ae313860791906ac28e02bd55899f8ebc76e33057f1bab0d5f81f,3,50,50,TIMEOUT,TIMEOUT,,,2.25,,TRANSLATED_ONLY,TRANSLATED_ONLY,True,1209806,938658,4036582,2010810,1.2888677239207464,2.007440782570208,6.036443375999852,8.189798341999904,51e6d489ad99e4ab7320a1f61b056ebf6e7a76c84f3bb1ed750b42a328d5ce68,2cbf3e361128d503515d62b1544b26ee5b36faa2534b9af9cf912634dbc3ac24
remaining423,b2,moreDetailedTest/0069.trace,moreDetailedTest,plain,18,2,0,8,1,MIN_EXPANDED_SIZE,,15,a9ac77a0666a85534867d5c71ed179f19df02b2cdcbfb8d03371ef159e3795db,3,5,5,SAT,SAT,1,3,2.25,0.3333333333333333,TRANSLATED_ONLY,TRANSLATED_ONLY,True,234621,116888,799237,257595,2.0072291424269384,3.1026883285778064,1.730517331000101,2.531537463999939,4829bb3d7f09f53e38ca345826d9696ba268328384b09d94634e06a7337727de,fb278f42726c76e796005dbeb43c6a685dfa95bf61a59a422bb25f82ebb9c9bb
remaining423,b2,moreDetailedTest/0070.trace,moreDetailedTest,plain,18,2,0,8,1,MIN_EXPANDED_SIZE,,5,4113d0f1c393d73a8d978b7e373ab3717e657abb7c698f906d252b6447dc785e,3,75,75,TIMEOUT,TIMEOUT,,,2.25,,TRANSLATED_ONLY,TRANSLATED_ONLY,True,590556,808445,1891425,1631697,0.7304838300688359,1.1591766118341824,3.732973029000277,6.636713114000031,ec21c9320baffc5b1e76e56250c4d0f2942c254b78641831e1b02e7dd56216b4,bfb39cb04d8c8c43747ba641e2128138e73ea088417f56bc26b37d83ddfc997b
remaining423,b2,moreDetailedTest/0071.trace,moreDetailedTest,plain,67,2,0,8,1,MIN_EXPANDED_SIZE,,5,57d13b17b326ec9ce16c93c3b3a3cd58a31d7fea0d319c9f63b4a363c220f75a,4,70,100,TIMEOUT,TIMEOUT,,,8.375,,TRANSLATED_ONLY,TRANSLATED_ONLY,True,722807,950220,2332569,1947615,0.7606733177579929,1.1976540538042684,5.084921303999636,8.139391101000001,32a51ef6b8bbc79d70a48819ee88ffd5079ee40050ece0d997acb36b926375a1,58717b09b6e837b837d2403191ffc0917e8e3a6827daeeb583d492f126d7adfc
remaining423,b2,moreDetailedTest/0072.trace,moreDetailedTest,plain,67,2,0,8,1,MIN_EXPANDED_SIZE,,11,712a95f97a55148b893cab7e054060b15ca5368cc6eb72bbdff11635e77e8b38,4,7,10,SAT,SAT,1,2,8.375,0.5,TRANSLATED_ONLY,TRANSLATED_ONLY,True,233178,181235,781761,392155,1.286605788065219,1.993500019125091,1.8806432070000483,3.1829033770000024,07a28a7ada6c0fbb6511dafee40dfd90d564be27f42d3a04d837b6c47e1835d4,d0dec20f2ba002d435d3dad4d7837713305391a41eccf139d5405d953e30e2f9
remaining423,b2,moreDetailedTest/0073.trace,moreDetailedTest,plain,67,2,0,8,1,MIN_EXPANDED_SIZE,,11,e742f6337ec6bd9e7bda1c2065502eee6341208300398b0c703fa2b0bb35defd,4,80,125,TIMEOUT,TIMEOUT,,,8.375,,TRANSLATED_ONLY,TRANSLATED_ONLY,True,2603106,1912991,8716228,4044723,1.3607518278967334,2.1549628985717932,11.743587848000061,14.057085559999905,d7bf3617bb9614695a403cf63542c8783349125ef2b6b66e2b9976e80f6432ed,75ec819619fee482326f4b7b2537b1a5d0d48663b9690c9502e7b7810da4ab60
remaining423,b2,moreDetailedTest/0074.trace,moreDetailedTest,plain,67,2,0,8,1,MIN_EXPANDED_SIZE,,11,2e1fb6f79c6a1faa78f4871a322a26feeec4f3b6891910359cb1e871d607b1e2,4,107,150,TIMEOUT,TIMEOUT,,,8.375,,TRANSLATED_ONLY,TRANSLATED_ONLY,True,3258618,2396999,10910861,5074207,1.359457388175798,2.1502593410162416,14.498519660000056,19.20444610300001,626f52b1da20288d2598d14e5b87571fd7df1c9e09766a21c30e2799d79793cc,6dd8aacd570641a8e3ecc1b0cd9a2465c6fe88f7c182c115e6096ca63ada70ba
remaining423,b2,moreDetailedTest/0075.trace,moreDetailedTest,plain,67,2,0,8,1,MIN_EXPANDED_SIZE,,5,7996d9940d778813e5fbcdafe6750a3b9a0af65c0477403f060535cc6e24d64f,4,116,175,TIMEOUT,TIMEOUT,,,8.375,,TRANSLATED_ONLY,TRANSLATED_ONLY,True,1233911,1593621,3982116,3234774,0.7742813379090763,1.2310337600092,7.288659486000142,12.04613222099988,ec1fa12b0574cc1c8635add633002bb824cac95e740312292e1c54b89a4ddf1a,8bf16a84255835ed77522aa498143adb1228783e405d94d766c5f3fa02263fc7
remaining423,b2,moreDetailedTest/0076.trace,moreDetailedTest,plain,67,2,0,8,1,MIN_EXPANDED_SIZE,,5,831e91124dcee39271a6aedcc45c8f5fe5958dd7ae0f3ff4ae212e0c32fe0667,4,124,200,TIMEOUT,TIMEOUT,,,8.375,,TRANSLATED_ONLY,TRANSLATED_ONLY,True,1373303,1768855,4431997,3606460,0.7763796354138695,1.2289050758915945,9.140411518000292,13.696287033999852,9dc3f95214c4812d747df4fb0535516a4995dc2d60eff41e7b966a3120de8c78,d2581ce6f546eb08d27d7ad2bb70c151ce4ff980aaf4f2efa2cbc4f156786d10
frozen200,b2,moreDetailedTest/0077.trace,moreDetailedTest,plain,67,2,0,8,1,MIN_EXPANDED_SIZE,,9,b00e1c488a1ff227de8228fb648596ebfe829fd0352e1b171b29410e87917875,4,155,250,TIMEOUT,TIMEOUT,,,8.375,,TRANSLATED_ONLY,TRANSLATED_ONLY,True,3792246,3788154,12581813,8041966,1.0010802095162974,1.5645195465884834,19.204957119999563,28.770212712000102,8b0f3434babeca0db07cb389768bef53039a57a0b26eade7308102be49c93b73,7064efee45f83603c6cd45a60911ce31bfd68e8e95c5356de4e2e1af35e08062
remaining423,b2,moreDetailedTest/0078.trace,moreDetailedTest,plain,67,2,0,8,1,MIN_EXPANDED_SIZE,,5,7b8192397809be8eb1f97061b084ca8b89710901cf2a3fff0f17b27f7f211ffa,4,174,300,TIMEOUT,TIMEOUT,,,8.375,,TRANSLATED_ONLY,TRANSLATED_ONLY,True,2006903,2615436,6476897,5340597,0.7673301889245235,1.2127664753584664,12.24665964399992,20.757094313999914,2865c24beeab5510658b6aa466b697c7622900a26a5a2f59cdb9289dfbd07475,0a5fd932462fd3d492e88f59317203afca89a434434828227cc752e93309a893
frozen200,b2,moreDetailedTest/0079.trace,moreDetailedTest,plain,67,2,0,8,1,MIN_EXPANDED_SIZE,,7,73361930f2abc56658d9de6f4f3cf4ee57a4b1ba1f5dd96eaab48b01b811babb,4,213,350,TIMEOUT,TIMEOUT,,,8.375,,TRANSLATED_ONLY,TRANSLATED_ONLY,True,3689025,4539849,12095404,9483506,0.8125875992791831,1.2754148096706008,21.559464134000336,31.97573403899969,46d62f97c807aed21789f9d19538a4fb94694ee8f1518d2d2fcda14bf29760b0,c67cbb903617b304fff8396df634603992340cb8991417bb0e5a33a8d196859d
remaining423,b2,moreDetailedTest/0080.trace,moreDetailedTest,plain,67,2,0,8,1,MIN_EXPANDED_SIZE,,9,f88b209c9f44897c74fcb5ea01127241b0ff75ad97d626894bb652e787c86ffc,4,317,400,TIMEOUT,TIMEOUT,,,8.375,,TRANSLATED_ONLY,TRANSLATED_ONLY,True,6703830,6642852,22241483,14060812,1.0091794909776703,1.5818064419039242,37.83713598699978,47.49826888200005,6cd9c86cd56146f6ee4d888c336bf0df4bcb281e1b823f6f945ed198d5659f86,1db6bc07d276e1f0e6841469850f4277fd579283fb7cb43c2d74fd7e84c58381
remaining423,b2,moreDetailedTest/0081.trace,moreDetailedTest,plain,67,2,0,8,1,MIN_EXPANDED_SIZE,,5,e6daa1f5db8caa045d341a205eb90d0b19075f97e51295dda11e06a855c805fb,4,331,500,TIMEOUT,TIMEOUT,,,8.375,,TRANSLATED_ONLY,TRANSLATED_ONLY,True,3514871,4559251,11343721,9283335,0.7709316727681805,1.2219445921104861,23.31365667299997,31.019158051999966,a6a770f3246f5b1e351e17510944270d939baeb6f8c58a9ac606f69c5753f3d5,0a204af2169ac6d27d37ef550d39e7f0fe37143ec03da756d13a1ebc871f2082
remaining423,b2,moreDetailedTest/0082.trace,moreDetailedTest,plain,67,2,0,8,1,MIN_EXPANDED_SIZE,,7,4d7260867536235c162fcf2d264141458d3eb621960070f11fa2838c3a3fd581,4,36,50,SAT,SAT,1,2,8.375,0.5,TRANSLATED_ONLY,TRANSLATED_ONLY,True,570399,715512,1870132,1502911,0.7971899842350653,1.2443398178601395,3.3331146360001185,6.0371629649998795,66072bf1e67c00634bcd2cb79fcc659ed58ac34877994c94642cfa4e5cc56a0f,d11040224b2dbe8acd395ea65272d81762c8037fa8906ee171746e32eb898961
remaining423,b2,moreDetailedTest/0083.trace,moreDetailedTest,plain,67,2,0,8,1,MIN_EXPANDED_SIZE,,9,a7c5f6d9bd25a1c35e7fd4fb1a8df4030ffa299d1970fee1c260c404b3fc1419,4,1,5,SAT,SAT,1,2,8.375,0.5,TRANSLATED_ONLY,TRANSLATED_ONLY,True,68777,78393,228527,176121,0.8773359866314594,1.2975567933409418,1.279807935000008,1.980923710999832,6f56c4c457dc7bffa33c7a2cd431d3df53ce0ee64e1a77ab5f84d6fdef6e2be8,accd6205e5ce58261aa8f00b530da02b47540a55915821e56203943d105786c2
remaining423,b2,moreDetailedTest/0084.trace,moreDetailedTest,plain,67,2,0,8,1,MIN_EXPANDED_SIZE,,15,26248e3a236ebf1aa7a6c5bc31aafbc13134a9a5d9990871a12935b8737fc8a3,4,52,75,TIMEOUT,TIMEOUT,,,8.375,,TRANSLATED_ONLY,TRANSLATED_ONLY,True,2658964,1167053,9026076,2455312,2.2783575381752157,3.6761421766358002,11.650999038999998,11.092687751000085,5704fb1f5c1b31f84bc511edac508b086ea2aa14f300aa577229b02ec8fbdfd4,fb58dd59c0cf3fa414fd868a030fcd15c017aa307230297722a7f86fedda16bd
remaining423,b2,moreDetailedTest/0085.trace,moreDetailedTest,plain,6,2,0,6,1,MIN_EXPANDED_SIZE,,5,eaca5cc7c4d2367554b6877c124c9cce8f7af944d720d88f9783c9c8dc046f03,3,100,100,TIMEOUT,TIMEOUT,,,1.0,,TRANSLATED_ONLY,TRANSLATED_ONLY,True,786406,1085319,2518950,2208598,0.7245851219779622,1.1405199135379096,5.03537598999992,9.792892983999991,635692ecca5594b425e3c91aa142e648043a9949e9c5f822426764007df67852,83904377b03c1451ab9faac676cc3fba610a732cb52a286afdbe1883f5f5f9a7
remaining423,b2,moreDetailedTest/0086.trace,moreDetailedTest,plain,6,2,0,6,1,MIN_EXPANDED_SIZE,,5,7d1221f99a365f5cdd06e29192e26daaa82b7eeeaacd6120e653fedf3d837ebc,3,10,10,UNSAT,UNSAT,,,1.0,,TRANSLATED_ONLY,TRANSLATED_ONLY,True,81346,116387,259860,240231,0.6989268560921752,1.0817088552268441,1.3801299709998602,2.5318072850000135,3183e68098e886ca04e448b053f718780fb0f5f1cb4f65b9b883eb2c5f442b6d,66708f70e1e197b01dc4ea77cc39d0ccb9d0739bc9f01c4b42b272a8d9a1a00d
remaining423,b2,moreDetailedTest/0087.trace,moreDetailedTest,plain,6,2,0,6,1,MIN_EXPANDED_SIZE,,5,558efb63948013ff1a72713446f4c418cee07091d72c39f6c67a5e739476cc48,3,125,125,TIMEOUT,TIMEOUT,,,1.0,,TRANSLATED_ONLY,TRANSLATED_ONLY,True,982256,1345356,3146475,2726025,0.7301086106576995,1.1542355627699672,5.887225811999997,9.791431490999912,2d31c63a76f9433236948b49e9c63ab701c8c44b7967bc0790b807495cfc8e3f,56cd14d44e2389c6e653490a537eee4dd741da5e4bb4c8799bbff8e42035539b
remaining423,b2,moreDetailedTest/0088.trace,moreDetailedTest,plain,6,2,0,6,1,MIN_EXPANDED_SIZE,,5,f43cb075a600217404d8150609c59e79796ebce8b054f4583035ef7b4b9d6e7c,3,150,150,TIMEOUT,TIMEOUT,,,1.0,,TRANSLATED_ONLY,TRANSLATED_ONLY,True,1178106,1620049,3774000,3295786,0.7272039302514924,1.1450986198739845,7.838766334999946,11.394905493999886,3443077cc266835514d4e2027419834adb436ddc41bc7b536db59f234b62087c,c7e69834db5842aea8ca15513597a28547501f9178b4d47b747b406bb4af755a
remaining423,b2,moreDetailedTest/0089.trace,moreDetailedTest,plain,6,2,0,6,1,MIN_EXPANDED_SIZE,,5,10eb82fc9b894566e2bdda7fbe063f53fb1f1ab040f98850aea7e910a9bcf07a,3,175,175,TIMEOUT,TIMEOUT,,,1.0,,TRANSLATED_ONLY,TRANSLATED_ONLY,True,1373956,1902460,4401525,3873947,0.7221996783112391,1.1361861687834138,8.890871919999881,14.700121149000097,ea7f69cc56f92f35ba4d6248ec64301a6aeeb5e3029164ee3f9e32598ceeb0ec,08d31bbbfa0be73bdd8e4c7226ccf54275c738a4bbed5da663d0a7cdf907dfcd
remaining423,b2,moreDetailedTest/0090.trace,moreDetailedTest,plain,6,2,0,6,1,MIN_EXPANDED_SIZE,,5,ec4fab11813386fee859e75b27a799e8016ac7481d19106d22ea040bbdf7c32b,3,200,200,TIMEOUT,TIMEOUT,,,1.0,,TRANSLATED_ONLY,TRANSLATED_ONLY,True,1569806,2185803,5029050,4460644,0.7181827456545719,1.127426891722361,7.489536218000012,17.252351682000153,0047f356f5f4600f4ab326923cca490105009574656b7edbe04a928fd3faa5a4,f7f717f3a0dec312c0addddb415d32d58f213f13b30d7e4a6fd50993c34ca768
remaining423,b2,moreDetailedTest/0091.trace,moreDetailedTest,plain,6,2,0,6,1,MIN_EXPANDED_SIZE,,5,5fd6f2cf1a0d0eeb256b4bdcb37d8224953e2cbb7d9ca333188168ce6ccdb57d,3,250,250,TIMEOUT,TIMEOUT,,,1.0,,TRANSLATED_ONLY,TRANSLATED_ONLY,True,1961503,2710254,6284097,5512339,0.7237340116461409,1.1400055402978664,12.546056505999786,20.55768757900023,e51ae2d6b0dd05d91c9fdc7ac9cbd72c339b2b43c7c87a175eac33cce66e4499,88f4d0e90ca1be9c6db1900b42207a0b3a1d18fbe35aad57f2e5348f428e25bc
remaining423,b2,moreDetailedTest/0092.trace,moreDetailedTest,plain,6,2,0,6,1,MIN_EXPANDED_SIZE,,5,5c5aa51423d0defa0ed2cc7df8cd3de4afaee02c847b7d08887824bd0de72351,3,300,300,TIMEOUT,TIMEOUT,,,1.0,,TRANSLATED_ONLY,TRANSLATED_ONLY,True,2353204,3275516,7539148,6676947,0.7184223798632032,1.129131023505204,16.900746571000127,22.8121453560002,fa648cbd03d6b2bb4df61ad0587b181fc6e66516b8261c0268fb2dcc439484eb,4d1205580005565a77ad023607c59f458cd2f8a8ed92b05420fdc065333631cf
remaining423,b2,moreDetailedTest/0093.trace,moreDetailedTest,plain,6,2,0,6,1,MIN_EXPANDED_SIZE,,5,806ba714d81d3e8de22d2a83623ccbe9a8b2ae65952d868b09fae1a9c6591b06,3,350,350,TIMEOUT,TIMEOUT,,,1.0,,TRANSLATED_ONLY,TRANSLATED_ONLY,True,2744905,3785131,8794199,7695297,0.7251809778842528,1.1428017658057903,13.247933465000187,27.11909666199972,8b76ab74912b4d35dc93bf5eec1e74f28555d51b375f071de6eb1db4a54d42c1,a87b5b21140ec39cda07db1a39a89db24ff022f4ffb99e314019893a9b636829
remaining423,b2,moreDetailedTest/0094.trace,moreDetailedTest,plain,6,2,0,6,1,MIN_EXPANDED_SIZE,,5,d8a87b17ca65acd920f9826c0a9c8fdb588f555dc94081ffad59d1482b7c0427,3,400,400,TIMEOUT,TIMEOUT,,,1.0,,TRANSLATED_ONLY,TRANSLATED_ONLY,True,3136605,4335608,10049249,8834510,0.7234521663397614,1.137499306696127,17.45402498400017,31.220824343000004,370200056809a0d786b4f28fedad7f243f86d979042843652afd4ee28f4910d0,8b1a5e460d5d2a17f074bcceced531c688fd5188e470857d2c50c11c2fd83f2d
remaining423,b2,moreDetailedTest/0095.trace,moreDetailedTest,plain,6,2,0,6,1,MIN_EXPANDED_SIZE,,5,aacc5e739f98705704ae7b20d558c66a79cef79dd0a61648486cee28a2a04d11,3,500,500,TIMEOUT,TIMEOUT,,,1.0,,TRANSLATED_ONLY,TRANSLATED_ONLY,True,3920006,5382688,12559350,10932145,0.728261790391715,1.1488459035257947,26.413627734999864,37.733646904000125,66f83bffed416f1699af8fa48fb4dab884f107e55cc69280b08f0dac37775dcc,845b4e7443195061d248872b9d85ab2b75cd05471ce52f59a00156be2646cead
remaining423,b2,moreDetailedTest/0096.trace,moreDetailedTest,plain,6,2,0,6,1,MIN_EXPANDED_SIZE,,5,30aadc3d1d8c8b58f1586950ef713e9fbd8072dad3ff3ee523cf3195b4a8ef50,3,50,50,UNSAT,UNSAT,,,1.0,,TRANSLATED_ONLY,TRANSLATED_ONLY,True,394706,554378,1263900,1137053,0.7119799126227953,1.1115576846461863,2.88213952399974,6.036600778999855,4d6ee3613072fe8c13ea66b8e1d88df7731bd0d8a2f6b0d7579b39a848a75e8a,56f8c96693bea5957ab610488fe8a1cccdfb1811e768d8d4f03c480469c2b98b
remaining423,b2,moreDetailedTest/0097.trace,moreDetailedTest,plain,6,2,0,6,1,MIN_EXPANDED_SIZE,,5,358203429a0dda968d2aae24d6eedc1bfbb07c72f2684977777992dc1d1b1fb6,3,5,5,SAT,SAT,5,5,1.0,1.0,TRANSLATED_ONLY,TRANSLATED_ONLY,True,42176,60451,134355,125618,0.6976890374021935,1.0695521342482766,1.1797114339999553,1.6303009379998912,3ec5b97062df7aaf13cc48823e2e9ec09c3bd2efb49c7dd878049433d60916e1,b638d161508f5493930db402ff7a3eda6e2b3142d39daa21f721129e8328aebd
remaining423,b2,moreDetailedTest/0098.trace,moreDetailedTest,plain,6,2,0,6,1,MIN_EXPANDED_SIZE,,5,7a2f039f0a4fc70b214bebf4450a248f6f82dd8a098ff30196040b8140d2dc5f,3,75,75,TIMEOUT,UNSAT,,,1.0,,TRANSLATED_ONLY,TRANSLATED_ONLY,True,590556,815974,1891425,1654455,0.7237436486946888,1.1432314568845934,3.8336126849999346,7.138437146999877,de7bdb897bae7311bba945c01891dd31c6bd27674358a987d9e04655569d10f8,5ad3f84b595bf2dbb3a7d1b5a01d5a152a0188c7324012dbd5afa868f6a73604
remaining423,b2,moreDetailedTest/0099.trace,moreDetailedTest,plain,3,2,0,3,1,MIN_EXPANDED_SIZE,,3,6e3917cbf403a61f718ebeb7705c316036eaa834e856a417013f5c458aaecefa,2,100,100,SAT,SAT,1,2,1.0,0.5,TRANSLATED_ONLY,TRANSLATED_ONLY,True,404245,347295,1251608,680639,1.1639816294504672,1.8388720011636124,4.033579175999876,4.486346834999949,8e651a26903b6defeed5bddba07f066daf3fd44e5133da08cfd25d0b6826f129,3d40fd4ecc6ff0b166fa50fe5eb937f0f96df53ba1f576bce9f236a6cb280db4
remaining423,b2,moreDetailedTest/0100.trace,moreDetailedTest,plain,3,2,0,3,1,MIN_EXPANDED_SIZE,,3,ae943fed0f23fd01580a802978ac508e788b67e43b5932095fd40f4fd4d327e3,2,10,10,SAT,SAT,1,2,1.0,0.5,TRANSLATED_ONLY,TRANSLATED_ONLY,True,41394,43723,127617,86842,0.9467328408389177,1.4695308721586329,1.2798528140001508,1.380108317000122,34b4cfac07c68b1fa0d0e584180b89163c36c5bcef96872cef4b85889baede6e,ea998e3d0d6fde15eeff238fd8783d06ebc7c45de6e0a6caccf8599806e76e91
remaining423,b2,moreDetailedTest/0101.trace,moreDetailedTest,plain,3,2,0,3,1,MIN_EXPANDED_SIZE,,3,aa7f4cc5cca9a51d20e12ae014c64ddd106ffa409541066a82cbe47e1fbca614,2,125,125,SAT,SAT,1,2,1.0,0.5,TRANSLATED_ONLY,TRANSLATED_ONLY,True,505056,429171,1563836,839580,1.1768176321326465,1.8626408442316396,4.634698910000225,4.835491021000053,cdae9b77c0ce0d68186bcedd3b9853634e35f5131c39b0558cb09303340bc2e9,c845793dd2c54b49918a1b7326cadfa3fe17051ea425e09bb7242e6b45c4a8a8
remaining423,b2,moreDetailedTest/0102.trace,moreDetailedTest,plain,3,2,0,3,1,MIN_EXPANDED_SIZE,,3,5047d939004a1da7728da1452aa54dd90f35a5deec2b3f57c330c73c02127750,2,150,150,SAT,SAT,1,2,1.0,0.5,TRANSLATED_ONLY,TRANSLATED_ONLY,True,605839,511719,1876049,999726,1.1839290704468663,1.8765631783108572,4.885440372000176,5.035526746000187,a44232c4dd6859978b01c35cd3cfceebe4993b4558e4b54425ea0bb388a3412b,54a3ce4cd9d825c2dc7391a114ba731dd8d54914fbede37d8b5f06b48ccc69a6
remaining423,b2,moreDetailedTest/0103.trace,moreDetailedTest,plain,3,2,0,3,1,MIN_EXPANDED_SIZE,,3,c0ec19547d2aac117a0661fe2efbaccd94e9ba457288dfa3976e98ff67283758,2,175,175,SAT,SAT,1,2,1.0,0.5,TRANSLATED_ONLY,TRANSLATED_ONLY,True,706638,571230,2188275,1113668,1.2370463736148312,1.9649258127197693,5.936320400999648,5.986798866999834,62224cc2b35fff973cea322b92c0d2001147578ceaf504266c4ea85428294eac,f7cab27611b2b4e1cda5608eb569ee1b3280ca564fb68e7291c2e465c23cc625
remaining423,b2,moreDetailedTest/0104.trace,moreDetailedTest,plain,3,2,0,3,1,MIN_EXPANDED_SIZE,,3,b16faa5be0c69486a2719325664a35d45ddf9c63465f195aa0a0f1f5c204845d,2,200,200,SAT,SAT,1,2,1.0,0.5,TRANSLATED_ONLY,TRANSLATED_ONLY,True,807435,652282,2500494,1283332,1.237861845030217,1.9484389074689947,7.237680593000277,6.087275698000212,c9122518b740e8eb681ca10ca2b90b3a393ec57fa53b75b9841af5446532c28f,4e39bb5eaa04c28b21658bad8150422b7eac1913b4ef791f4ab87980a188b21c
remaining423,b2,moreDetailedTest/0105.trace,moreDetailedTest,plain,3,2,0,3,1,MIN_EXPANDED_SIZE,,3,1e176ffed47363ead218228b48da77deaa7cf909a169be12c401fc90f179f8ec,2,250,250,SAT,SAT,1,2,1.0,0.5,TRANSLATED_ONLY,TRANSLATED_ONLY,True,1009020,774384,3124932,1511541,1.3029969627471643,2.0673815662294306,8.540080964000026,6.737235220999992,5b1141c9323f35c97b8142d4bac6692f2a6217e7cf36fbd6a622e4f9f7f9261c,9a592f0386a0e5cc1b3820862c206fc0f6fba2cd2966c65463e3ea05b2b32eb3
remaining423,b2,moreDetailedTest/0106.trace,moreDetailedTest,plain,3,2,0,3,1,MIN_EXPANDED_SIZE,,3,e1555ecd63ae937a15801024f37b1eb210c9fc84d618aabb487a4cfcd0ba9133,2,300,300,SAT,SAT,1,2,1.0,0.5,TRANSLATED_ONLY,TRANSLATED_ONLY,True,1210610,900490,3749369,1766222,1.3443902764050684,2.1228186490712946,8.290601909000088,7.189912568999944,d2c7ab55773146574b221c7726fe6a0eb86e31ff530073fadf8fb58e546f9c02,86f6a4e8a6ac8ad3e5325ce7c43edbf1d12d1b1c9df2d346727f7ee6943dc6ef
remaining423,b2,moreDetailedTest/0107.trace,moreDetailedTest,plain,3,2,0,3,1,MIN_EXPANDED_SIZE,,3,ef09ec7e6af8ca6149d0c7352dff2376cf44c18911a71ff8173982dadbf716fd,2,350,350,SAT,SAT,1,2,1.0,0.5,TRANSLATED_ONLY,TRANSLATED_ONLY,True,1412202,1019472,4373815,2000756,1.3852288243325956,2.1860811613210207,11.24460417299997,8.039406702000178,7fae9a8eb002304446fe41cdbec0d3e8501a84d54a0e7a2cefc193cc6c60416c,8d2c0aa69c2f88213051164379e25589101278ef200ecf8955f246197d84331e
remaining423,b2,moreDetailedTest/0108.trace,moreDetailedTest,plain,3,2,0,3,1,MIN_EXPANDED_SIZE,,3,f408a4d5a9b72d379c2ead78bf26000227db4f9f1dca830d9fee783633d3d8f8,2,400,400,SAT,SAT,1,2,1.0,0.5,TRANSLATED_ONLY,TRANSLATED_ONLY,True,1613781,1119429,4998245,2196402,1.441610856963684,2.2756512696673923,12.295931635999978,8.141227553999897,c47f5d06940139d2e13d979f23f7e044ee8a7df2d664c5a34878212a79f7f30a,685102de25d692670e04358a5c7709eb1f657ed1e65a57ad482b129cd9662663
remaining423,b2,moreDetailedTest/0109.trace,moreDetailedTest,plain,3,2,0,3,1,MIN_EXPANDED_SIZE,,3,8ec12fb251529d587f9c7bfa85915698457040f5698347c15730a5b132e737e3,2,500,500,SAT,SAT,1,2,1.0,0.5,TRANSLATED_ONLY,TRANSLATED_ONLY,True,2016962,1345447,6247132,2642245,1.4991017855032565,2.364327305000104,17.30184822299998,11.143355107999923,76ff7dabc8668949ba87a3e2a5e449cf2db30ae6fb1001164f44f22172c315b5,c97b887ddec8e457700abbc681a226f10ee5d3de4a5db7e61fa05d578906ca75
remaining423,b2,moreDetailedTest/0110.trace,moreDetailedTest,plain,3,2,0,3,1,MIN_EXPANDED_SIZE,,3,445da712e30b1b086a9e0e8f61293d61f4bda1d1077561e5a1b055e0af4c57ba,2,50,50,SAT,SAT,1,2,1.0,0.5,TRANSLATED_ONLY,TRANSLATED_ONLY,True,202669,201033,627173,391341,1.0081379673983872,1.6026253318716925,2.281226940000124,2.731979014999979,bd0513c05460706aa1c024c658212cd08ee3128ab7f69da326dead9fdbd32fe3,ad09fdcd52a539f3db0dc6cf57118eaac4c210b7376e1e111ffb105fe2ad41eb
remaining423,b2,moreDetailedTest/0111.trace,moreDetailedTest,plain,3,2,0,3,1,MIN_EXPANDED_SIZE,,3,1d0e331fcf1deb12361318c6fb38c3547878fecafbe59c5294d6c9e17c80a342,2,5,5,SAT,SAT,1,2,1.0,0.5,TRANSLATED_ONLY,TRANSLATED_ONLY,True,21237,24775,65175,49510,0.8571947527749748,1.3164007271258331,1.079626431999941,1.129619595999884,1d2285d3e21c84e28cf3a5cdc8ca57a130cc7bbf54529fcd310a558b58e29061,72b3d7d756eef22975fee0f19586895b19155544fa1ade032e57d472a3857729
remaining423,b2,moreDetailedTest/0112.trace,moreDetailedTest,plain,3,2,0,3,1,MIN_EXPANDED_SIZE,,3,d5f475dff0a5ba731cfdcc6437dc537c89a5ed705b4afab0107a9a972afc16e3,2,75,75,SAT,SAT,1,2,1.0,0.5,TRANSLATED_ONLY,TRANSLATED_ONLY,True,303453,285737,939384,554276,1.0620010709148622,1.694794651040276,2.68193918399993,3.9331857279998985,1593bb8f9b2e1289b2a99fe5c71a91ffbbaf61a8cae93093994a0d9605f02c62,f3aef0e4c6928ea4a5413a148a2534525297a6017c0bafdc50b27faab25e852f
frozen200,b2,moreDetailedTest/0113.trace,moreDetailedTest,plain,10,2,0,8,1,MIN_EXPANDED_SIZE,,5,6f6da48902bae6b3a98db814ddd95c545a8a3739feb97c0e73014d970977752b,3,100,100,SAT,SAT,3,5,1.25,0.6,TRANSLATED_ONLY,TRANSLATED_ONLY,True,786405,1080913,2518950,2208111,0.7275377389299601,1.1407714557827935,5.44042708500001,9.843503146999865,e1b8c0c36efcbbda425ce652efd087843f2dece7d316932374fecce275bb6990,ad161e97c14f9502276325f92153fd29df047ab34cee37c138b7cd6e480cb722
remaining423,b2,moreDetailedTest/0114.trace,moreDetailedTest,plain,10,2,0,8,1,MIN_EXPANDED_SIZE,,7,2ea1d82ac9204ab07a52af003d6040389a832af40666bd4d1e45f5418de3b9b3,3,10,10,SAT,SAT,3,5,1.25,0.6,TRANSLATED_ONLY,TRANSLATED_ONLY,True,128715,178416,419180,385491,0.7214319343556632,1.0873924423657102,1.5302015610000126,2.48174704999974,32ae22935d8c9966db4a43dbe507cbaa295a86085c5d999894208e0dc8534c39,f450933fa634efedb3404694f12c9abe3cce5d4366466bd73765a82a2d004edf
remaining423,b2,moreDetailedTest/0115.trace,moreDetailedTest,plain,10,2,0,8,1,MIN_EXPANDED_SIZE,,5,e9149199ba7d5f11e45e9d104609445822fd849841dd12aa3244cd919ccef66b,3,125,125,SAT,SAT,3,5,1.25,0.6,TRANSLATED_ONLY,TRANSLATED_ONLY,True,982253,1327469,3146473,2695192,0.739944209619961,1.1674392770533601,5.938357180999901,9.843034749000253,fa6774450b3c93a1a3683d04b9459d918c3a5310b38e466211f237aa5ad30de1,664a6190e4bb03758b1b105f337083fec3b14c6070112caf3b849851cad238bb
remaining423,b2,moreDetailedTest/0116.trace,moreDetailedTest,plain,10,2,0,8,1,MIN_EXPANDED_SIZE,,9,e1187e99a8450685280d8bb5351d9a66e1fa7730045226eccd52297cf601220e,3,150,150,SAT,SAT,3,5,1.25,0.6,TRANSLATED_ONLY,TRANSLATED_ONLY,True,2646030,2701629,8740085,5711538,0.9794201942605739,1.5302506960471942,13.64774062000015,18.903037064000273,008064160ede8857da7a0594ab390fd23acac34444e5009e916ae23249140b03,bb9dd7c7a0b2e20a16421b89827012a664e4515983f898ea6b7d9a2199e7d227
remaining423,b2,moreDetailedTest/0117.trace,moreDetailedTest,plain,10,2,0,8,1,MIN_EXPANDED_SIZE,,5,76dbc214d1874e8253f6d92364d66cd50d8b08ce9ea7d0ac3ce4a182d4fca717,3,175,175,TIMEOUT,SAT,3,5,1.25,0.6,TRANSLATED_ONLY,TRANSLATED_ONLY,True,1373954,1892829,4401523,3862490,0.7258732827952235,1.139555830565257,9.448402084000008,15.49986478400001,bd570f3845eb5c145a44c91a69f7bb9d78d83144993a23abc4bb3c61a594af55,540acd08ada028866d0fddf9b0544b38466d2b8f98c9911917d571003bd69825
remaining423,b2,moreDetailedTest/0118.trace,moreDetailedTest,plain,10,2,0,8,1,MIN_EXPANDED_SIZE,,5,2f2d16c7941c8a7decb207e77669ae1b40bc38b5434af65a3938a09f561b7f14,3,200,200,SAT,SAT,3,5,1.25,0.6,TRANSLATED_ONLY,TRANSLATED_ONLY,True,1569804,2135971,5029048,4358958,0.7349369443686268,1.153727106340552,7.889654855000117,15.50324648700007,7b20fa637f480dc5748de134dce9d238190c5e7d32d8a4f724f4061eeb817a6a,13874965fe7a075e6e117e8996ee6a70462c882f581b59693d1ca82a5ca76912
remaining423,b2,moreDetailedTest/0119.trace,moreDetailedTest,plain,10,2,0,8,1,MIN_EXPANDED_SIZE,,7,49b137eb25ccdaaec4c110888d440b31e19e24a201ac87203126c16867fcd951,3,250,250,SAT,SAT,3,5,1.25,0.6,TRANSLATED_ONLY,TRANSLATED_ONLY,True,3061994,3932858,9982939,8231701,0.7785671387067623,1.2127431499273358,17.86112579099995,27.767481162999957,1c6d47408786f7afecd848e4bc933d20911ec001a8775797506efe5774285cc2,e5eff79d3c1a9adaa080af50a4e6471712091c912b4611e1b13f7c309f9b8ff3
remaining423,b2,moreDetailedTest/0120.trace,moreDetailedTest,plain,10,2,0,8,1,MIN_EXPANDED_SIZE,,7,91a9f15cfde58c0bacff183f60b1971facc7a630ed4deb5443206b7ca390c4d3,3,300,300,SAT,TIMEOUT,,,1.25,,TRANSLATED_ONLY,TRANSLATED_ONLY,True,3673092,4639456,11975388,9667372,0.7917074760489161,1.238742855866103,20.856305819,32.6243036259998,651220e42a8432213c2a9e12aad4b9f71ddf31f96e360316b03932ad7c0b9c63,a296d563e6619953be1b97d937c295dee424241fbeb70241d2da98c4363813ba
frozen200,b2,moreDetailedTest/0121.trace,moreDetailedTest,plain,10,2,0,8,1,MIN_EXPANDED_SIZE,,9,0ea86f7bef51632ee46c979683db72c8f7c79fa406e09261e169821e11106e65,3,350,350,SAT,TIMEOUT,,,1.25,,TRANSLATED_ONLY,TRANSLATED_ONLY,True,6160031,6376286,20347485,13513382,0.9660844886819694,1.5057285437501877,32.73122295200028,42.196885093000674,258e6c8c0041015ebef0a38a70d82052040f641f2b2a00c8a312fa41a9f2015e,be8c9b039d2f81591eb3bec06e9b23bee198bd3890ae62fce38d3094bc96d3dd
frozen200,b2,moreDetailedTest/0122.trace,moreDetailedTest,plain,10,2,0,8,1,MIN_EXPANDED_SIZE,,5,33d0a3dd7e74e03f4b4a7aba4bb741234c3826128d8e470c39f807161b418e40,3,400,400,TIMEOUT,TIMEOUT,,,1.25,,TRANSLATED_ONLY,TRANSLATED_ONLY,True,3136604,4270409,10049248,8691931,0.734497328007692,1.156158280593806,18.95608790500046,31.47192306299985,4cfdc4254613466e884489e96dd99dd875669f8bb1ab240279b1f68e3ea2a5a5,c484e28617475f8b63a596fa793fa194a05001cf05197b526635e0a8f2fa142a
remaining423,b2,moreDetailedTest/0123.trace,moreDetailedTest,plain,10,2,0,8,1,MIN_EXPANDED_SIZE,,5,799c541261dc3fd4e2fc4bb4fcd1dbbdb1575a6083b73e8f1f31e74d7dfac881,3,500,500,SAT,TIMEOUT,,,1.25,,TRANSLATED_ONLY,TRANSLATED_ONLY,True,3920000,5322641,12559344,10844649,0.7364764972877186,1.1581143843383037,26.165566924999894,37.89700640299998,32f7e463a2eed83d7799a3e0834b512cd851bb7ab3e151a9ee13185dfe0b4e7c,eeb5f443b321004ef398ae0bd6d2090eded45c4b343000fc8eb0016684e86f22
remaining423,b2,moreDetailedTest/0124.trace,moreDetailedTest,plain,10,2,0,8,1,MIN_EXPANDED_SIZE,,5,e5d643710e9d85e0199f9b4e982504cbaa4a558eea405afca7c12f151949438a,3,50,50,SAT,SAT,3,5,1.25,0.6,TRANSLATED_ONLY,TRANSLATED_ONLY,True,394705,542267,1263899,1104723,0.7278794394643229,1.1440867982290583,2.8320777740000267,5.285504269000285,f2a2311f96f63d7e0680d56bce10670f8ff00616988fc3db72205cd5fc9774ab,bde0566f5f4d6400955d2e4c000ac1650788221cdb89c6d49e0a932c85fb77d3
remaining423,b2,moreDetailedTest/0125.trace,moreDetailedTest,plain,10,2,0,8,1,MIN_EXPANDED_SIZE,,5,233d80713b6f37f3184f268f010e9254c92461fc3c5d55263b2cb151b00853ff,3,5,5,SAT,SAT,1,3,1.25,0.3333333333333333,TRANSLATED_ONLY,TRANSLATED_ONLY,True,42176,62243,134355,129639,0.6776023006603152,1.0363779418230625,1.1298540719999437,1.680462481000177,a4c32353da837783a0c96f9ea81dcc77379a7c521d0f3e4f667734e45e9d2bbb,ade8b369698d9195a150463933959c445b76cdf23bdb4754eec6cbeb16c66523
remaining423,b2,moreDetailedTest/0126.trace,moreDetailedTest,plain,10,2,0,8,1,MIN_EXPANDED_SIZE,,5,0bbb5a1764156a21048ba4a347f3b48e98a1bbca67575c7d137d9697c3cf677d,3,75,75,SAT,SAT,3,5,1.25,0.6,TRANSLATED_ONLY,TRANSLATED_ONLY,True,590556,813672,1891425,1666645,0.7257912279149338,1.134869753306793,4.284691934999955,6.436772111999744,4786535fe2902a5e423297e1359761dd599b35f35c4be54180c790ee7a9ba386,8f4a8d820c2a2b18396f4f116d2fac6c15cad78894c896e4e6ef74261833a047
frozen200,b2,peterson/base/liveness1.trace,peterson,required,18,2,0,8,6,MIN_EXPANDED_SIZE,OfficialPeterson;NoSharedLiteralBranches;RequiredProposition(x6),5,9f74b90d31d8148ebcac789e298f8c583860eb7a588bc1597f72b024cf5d4964,15,8,4,SAT,SAT,4,5,2.25,0.8,TRANSLATED_ONLY,TRANSLATED_ONLY,True,2376919,173375,9053500,575905,13.709698630136986,15.720474731075438,14.748285775000113,3.1828592219999337,c07b1200eb51f43dbc0d7e60cbf87221467656464fb72482ba86dbb66d438860,875a16c1b4253e9325f59c9a61b8c52da6d527465b2b6a38fe561091a4b8b6fc
frozen200,b2,peterson/base/liveness2.trace,peterson,required,18,2,0,8,6,MIN_EXPANDED_SIZE,OfficialPeterson;NoSharedLiteralBranches;RequiredProposition(x6),9,b9921457015aeeaa65008dbf2e68f3d42fc57f078bdbf3369e1e9961cf5a0f12,15,8,4,SAT,SAT,4,5,2.25,0.8,TRANSLATED_ONLY,TRANSLATED_ONLY,True,2648152,286219,9998296,953892,9.252188009880546,10.481580724023265,13.798791961999996,4.284897051999906,7015425575ed7258f0794b2b48756e0177fca3ccd2d45c3cede5f2a52a365700,6b67b13d45a2a362644e7bb79a6ec88333ddd0d0593096997790ac19b3f7980f
frozen200,b2,peterson/base/liveness3.trace,peterson,required,18,2,0,8,6,MIN_EXPANDED_SIZE,OfficialPeterson;NoSharedLiteralBranches;RequiredProposition(x6),5,935a5ccb740869d35968bd1a207b5b32ee3a0c8ca58febd7c49e0c8d8ae331fb,15,8,4,SAT,SAT,4,5,2.25,0.8,TRANSLATED_ONLY,TRANSLATED_ONLY,True,2376919,171568,9053500,568497,13.854092837825235,15.925325903214969,14.449978614000429,3.533777554000153,a16f1bbbea745e86ea8111b2d1d7add381e895eb902dce0846ebbff8a346a0f7,39892eef23266456aa1286d43b746a7b8cb3512d03ad8f23d41a937d8c2238fe
frozen200,b2,peterson/base/liveness4.trace,peterson,required,18,2,0,8,6,MIN_EXPANDED_SIZE,OfficialPeterson;NoSharedLiteralBranches;RequiredProposition(x6),5,29ea766bb803188ab64ad1d8626561a8c07f17f53304bbfc91ab193a033eee82,15,8,4,SAT,SAT,4,5,2.25,0.8,TRANSLATED_ONLY,TRANSLATED_ONLY,True,2376919,169192,9053425,558603,14.048648872287107,16.207261686743536,14.949222574000487,3.483728684000198,1ababd6edb53f8879c8ccfffe28e38f12d62720a3b54ca9668c4934b67f1c7ff,a8b85aad10627444bea1c111974edf830e2ca9c0f50c4c5f6e788c6113776acd
frozen200,b2,peterson/base/liveness5.trace,peterson,required,18,2,0,8,6,MIN_EXPANDED_SIZE,OfficialPeterson;NoSharedLiteralBranches;RequiredProposition(x6),5,54276540f9728e2aa48738953ca9c762b12501349f13a14bee8f1f24746128f2,15,8,4,SAT,SAT,4,5,2.25,0.8,TRANSLATED_ONLY,TRANSLATED_ONLY,True,2376919,164069,9053380,537624,14.487313264541138,16.839612814904097,14.648764900999595,3.2840916140003173,360b750a64d9021ebd6eb9ef6d4314d14192c6367e8d1b00891a0618371866d6,57b9b2da04184ae0f8ed26dd6849e1fdbc59ae9885e15fb1f114c8e4b8f6238c
frozen200,b2,peterson/base/safety1.trace,peterson,required,18,2,0,8,5,MIN_EXPANDED_SIZE,OfficialPeterson;NoSharedLiteralBranches;RequiredProposition(x2);RequiredProposition(x8),7,1709e7620f34798171d9c4be273f0b651842d258231413892bb38ff4073fcffe,15,8,4,SAT,SAT,4,5,2.25,0.8,TRANSLATED_ONLY,TRANSLATED_ONLY,True,2506793,234325,9506786,784597,10.697932358903232,12.116775873473898,14.501379677999466,3.2830926189999445,5ce83e202db28f79a4c3f377dabb5448141abbe7917b1281588099a2b0279c82,8dcccb4ebaaf6adef27d24ae3ae055b751879dc629ff8b6ab17a6ece78737af7
frozen200,b2,peterson/base/safety2.trace,peterson,required,18,2,0,8,5,MIN_EXPANDED_SIZE,OfficialPeterson;NoSharedLiteralBranches;RequiredProposition(x2);RequiredProposition(x8),9,b21ce94b36972a5f84267a7d9097d947b602d808c00f3edd770cae2760b68477,15,8,4,SAT,SAT,4,5,2.25,0.8,TRANSLATED_ONLY,TRANSLATED_ONLY,True,2647292,266262,9996645,885147,9.942432641533527,11.29376815376429,13.898598138000125,3.3838994160005313,1c2d4ae5e92461c92745c0f5737875aea5bf3105aa0cf5da25f86587864fcc49,c5b22f76619454d63724fef1a32d82d8fa75a87fa5dd569e03ad9f839bd24d9b
frozen200,b2,peterson/base/safety3.trace,peterson,required,18,2,0,8,5,MIN_EXPANDED_SIZE,OfficialPeterson;NoSharedLiteralBranches;RequiredProposition(x2);RequiredProposition(x8),9,0db0441662ed7a1303e119dff62fef04069ef455d9900c5d7e04f9e707fee1d1,15,8,4,SAT,SAT,4,5,2.25,0.8,TRANSLATED_ONLY,TRANSLATED_ONLY,True,2647292,272874,9996690,913879,9.701517916694153,10.938745720166455,14.198674117000337,3.533086569000261,94c29cfc9bede2a10cbd0fb9536a53cd0db305b863d4fef108dd03983c9fb977,2ddab9a5e44785e0edcfd4224189c2afc66da2f2d02961dfacb859dfdb3e237f
frozen200,b2,peterson/base/safety4.trace,peterson,required,18,2,0,8,5,MIN_EXPANDED_SIZE,OfficialPeterson;NoSharedLiteralBranches;RequiredProposition(x2);RequiredProposition(x8),7,76decb7b72704df66647a0ae76f100af83031927339299e129b9fa6fad9c4936,15,8,4,SAT,SAT,4,5,2.25,0.8,TRANSLATED_ONLY,TRANSLATED_ONLY,True,2506793,228524,9506711,760585,10.969495545325655,12.49920916136921,14.300985975999538,3.1328256730002977,331bae68a51f4a6141392a952bab472158bba3f09d13189e55f3c4bb3b5e4e70,722403d61cd55cb7169cee9b386f92e49f0a907dec0ef635f5df0c1977296273
frozen200,b2,peterson/base/safety5.trace,peterson,required,18,2,0,8,5,MIN_EXPANDED_SIZE,OfficialPeterson;NoSharedLiteralBranches;RequiredProposition(x2);RequiredProposition(x8),15,f0fd62ae634b43e64719507714c320f5e55b27b6718123ac0ee00880ffe0e576,15,8,4,SAT,SAT,4,5,2.25,0.8,TRANSLATED_ONLY,TRANSLATED_ONLY,True,3132532,265188,11688940,874126,11.812495286362882,13.372145434411058,18.10330969899951,3.734213779000129,5c7e7adf777fab6e738fa8ae11af18df99db67eb74f1d4b8a4ae12b4522874f8,fcaabc817476450f7ccae6026cfd185a8be0aa63140be48301ba51f39728525b
frozen200,b2,peterson/constrained/liveness1.trace,peterson,required,18,2,0,8,10,MIN_EXPANDED_SIZE,OfficialPeterson;NoSharedLiteralBranches;RequiredProposition(x6);RequiredProposition(x2),5,436612e2a9da4c1e24b3c3861fe2635e817a733e1dada8a9af60e3ec8df0b39c,15,8,4,SAT,SAT,4,5,2.25,0.8,TRANSLATED_ONLY,TRANSLATED_ONLY,True,2376919,222802,9053501,741473,10.668301900342009,12.210156000285917,15.053226082000037,4.986317732000316,8bd854fe8e3bfd3411f760a5bb12c556e6c29fb7ca8f4a83e696b7beb2869b7f,10401de83bd01986818f981b12a8079fb46fb5ca1695b4e6a5ed76979d6edd1e
frozen200,b2,peterson/constrained/liveness2.trace,peterson,required,18,2,0,8,10,MIN_EXPANDED_SIZE,OfficialPeterson;NoSharedLiteralBranches;RequiredProposition(x6);RequiredProposition(x2),11,bc6618ef2a01f1246eb8470a660798f236d837c2fb5ff3330399689744559cc4,15,8,4,SAT,SAT,4,5,2.25,0.8,TRANSLATED_ONLY,TRANSLATED_ONLY,True,2799228,361495,10525010,1212232,7.743476396630659,8.682339684152868,19.554843350000738,7.939524928000537,1872b32a5a901773c19d779c8739dade2135d66f8029ba387f8301f36b94fbbb,f65481c6d9e7f36850b1f7e4060cad214de00a13162d9cc3c7629666c18049a1
frozen200,b2,peterson/constrained/liveness3.trace,peterson,required,18,2,0,8,10,MIN_EXPANDED_SIZE,OfficialPeterson;NoSharedLiteralBranches;RequiredProposition(x6);RequiredProposition(x2),11,75f8132730e01d323fc521584e06a256d30e4aa81f5e601ca5443b3acabaf149,15,8,4,SAT,SAT,4,5,2.25,0.8,TRANSLATED_ONLY,TRANSLATED_ONLY,True,2799228,368107,10525055,1240964,7.604386767977789,8.481354011881086,19.05874983100057,7.845954229000199,6cd74e5366e940e137db77c32aceadc5f2baab2a696b5fa92d2dbde28679a235,53b769a5df1fb3498341411bfc2a577da70b9ff017a58ba97b0ae8201c9140e8
frozen200,b2,peterson/constrained/liveness4.trace,peterson,required,18,2,0,8,10,MIN_EXPANDED_SIZE,OfficialPeterson;NoSharedLiteralBranches;RequiredProposition(x6);RequiredProposition(x2),9,c90df4f57b91d92c7f4464050cd924aed3ab91b443d047f740db133d922f5830,15,8,4,SAT,SAT,4,5,2.25,0.8,TRANSLATED_ONLY,TRANSLATED_ONLY,True,2648152,362547,9998267,1220642,7.304299856294494,8.190990478780838,14.454189948000021,7.740327924000667,ea6f277ac0be6d68a9d5877602e4cd776c956140a65c284931b30ade911a5a83,8feecdcd1f111b7655e346389433a938064dfcd9787fa8bbdda0db0b0c6c4c06
frozen200,b2,peterson/constrained/liveness5.trace,peterson,required,18,2,0,8,10,MIN_EXPANDED_SIZE,OfficialPeterson;NoSharedLiteralBranches;RequiredProposition(x6);RequiredProposition(x2),5,da3f05a0aa341b1d6a4c7b55e08647703fb1ebb4bf5bdb903f43f5b09960fb7d,15,8,4,SAT,SAT,4,5,2.25,0.8,TRANSLATED_ONLY,TRANSLATED_ONLY,True,2376919,213496,9053381,703192,11.133318657024018,12.874692829269957,14.506877087999783,5.7368846119998125,18720a751abfb63c39603019ed01d576549ec9523bfdd790d524a69bf0025f73,e7fa6a77b2e9bd104e51574e84887bec51d09b78604b0d07eafc0967560f5fcb
frozen200,b2,peterson/constrained/safety1.trace,peterson,required,18,2,0,8,5,MIN_EXPANDED_SIZE,OfficialPeterson;NoSharedLiteralBranches;RequiredProposition(x2);RequiredProposition(x8),15,a7514721bec1a23c88ece9f6ccc4b2d10a6d40c27cd2e4e1539495b430dd5cac,15,8,4,SAT,SAT,4,5,2.25,0.8,TRANSLATED_ONLY,TRANSLATED_ONLY,True,3132532,280443,11689060,936833,11.169941842014241,12.477207784098127,17.259188587000608,3.9849732980001136,ce3a590a01623b1cde63ec0c3813836845d69129457c82a801cc51239371747b,96af6c79aec325fa83eb2cef0324d30602e303ee4ddb22df8a906973ab0b6f3c
frozen200,b2,peterson/constrained/safety2.trace,peterson,required,18,2,0,8,5,MIN_EXPANDED_SIZE,OfficialPeterson;NoSharedLiteralBranches;RequiredProposition(x2);RequiredProposition(x8),5,3f5bd67ef68b5ef5b325bb31ab60b8ac75627512bbf57c013f975c6e6fc98a67,15,8,4,SAT,SAT,4,5,2.25,0.8,TRANSLATED_ONLY,TRANSLATED_ONLY,True,2376367,154179,9052404,506216,15.41303938928129,17.882492848902444,14.498931463999725,2.6823752520003836,03e2801edc8abd46395afca1af3de2d8418a7ef0288afb934bc579df34e477aa,bb63002fee5fcbd29536393d5cf32de4703da29cc06089ac32019c22852ac1e3
frozen200,b2,peterson/constrained/safety3.trace,peterson,required,18,2,0,8,5,MIN_EXPANDED_SIZE,OfficialPeterson;NoSharedLiteralBranches;RequiredProposition(x2);RequiredProposition(x8),5,6a75feff237f05f0ca5439f9326de8aa1d0571145ffe0ce5d7ffe5379959d7d2,15,8,4,SAT,SAT,4,5,2.25,0.8,TRANSLATED_ONLY,TRANSLATED_ONLY,True,2376367,158208,9052449,523785,15.020523614482201,17.282757238179787,15.002725389999796,2.782357134000449,c9c0ee182a9a4fa18cc4c35a4aa35cbe657ab45b8e883a20655155fba4cddd8e,a364f3f00d9ca86f0a268315f0c8f2d00189d8f63123f76b31603f72966615a1
frozen200,b2,peterson/constrained/safety4.trace,peterson,required,18,2,0,8,5,MIN_EXPANDED_SIZE,OfficialPeterson;NoSharedLiteralBranches;RequiredProposition(x2);RequiredProposition(x8),15,4fefc8d74d8cf3e860693287ea83f2d494c62f417fdc2b40d64b00910affcad5,15,8,4,SAT,SAT,4,5,2.25,0.8,TRANSLATED_ONLY,TRANSLATED_ONLY,True,3132532,273824,11688985,909430,11.439946827159051,12.85308929769196,18.65799049599991,3.58409945800031,196b363ba22c109c5569ac72191d3efdc925af535e13ff041379a1ab094ccfe5,f6ab83393976b0b79622fb5d70a2841607fbef3796bcf802ec1371ba79055a17
frozen200,b2,peterson/constrained/safety5.trace,peterson,required,18,2,0,8,5,MIN_EXPANDED_SIZE,OfficialPeterson;NoSharedLiteralBranches;RequiredProposition(x2);RequiredProposition(x8),5,07ab14efea161edf075647b43b10ed3094c1200b01e9afd2baa374ac8d13c72a,15,8,4,SAT,SAT,4,5,2.25,0.8,TRANSLATED_ONLY,TRANSLATED_ONLY,True,2376367,150709,9052329,492912,15.767916979078887,18.365000243451163,15.10013606100074,2.7320860909994735,285341f82df2969bd1e1038f470a6e472e335adbea31539ae752babb877f6721,c4a47e8fb86cc9ed9031fa0e656e82d0cf3113880a209cc42749a36bc0c90b0a
frozen200,b2,peterson/extra_traces/liveness1.trace,peterson,required,18,2,0,8,6,MIN_EXPANDED_SIZE,OfficialPeterson;NoSharedLiteralBranches;RequiredProposition(x6),7,7eed97d678e572df7daa99fbc1517f81e508f56beed6884b75714a9e28105de0,15,12,4,SAT,SAT,4,5,2.25,0.8,TRANSLATED_ONLY,TRANSLATED_ONLY,True,3315347,299430,12598000,983834,11.072193834953078,12.805005722510097,19.305013002000123,4.034248206000484,44f4fcbb7b79210199e4ccb2c9c5e81dee57fb7f560cf3275de1acb1d7d51f73,942dc65b15056d8d52447e53f9969372cef2e628d9863b6c2596d95c45eeef4a
frozen200,b2,peterson/extra_traces/liveness2.trace,peterson,required,18,2,0,8,6,MIN_EXPANDED_SIZE,OfficialPeterson;NoSharedLiteralBranches;RequiredProposition(x6),11,e98338bab14ea5dea040b72c58025b914786076f578dbd0079e0cae84d36cfa1,15,12,4,SAT,SAT,4,5,2.25,0.8,TRANSLATED_ONLY,TRANSLATED_ONLY,True,3686476,358720,13904260,1187163,10.276750669045494,11.712174318101221,24.216021643000204,4.534979768000085,76e2fdcb5b6da5ba92bc9fdcf3f34b9a4092308a43b231b71286fb6884aa3b7f,11c042eed780a9ffe3e37aa6e4da353b8e8b850b0f98b0161aedfdd0dd56a37f
frozen200,b2,peterson/extra_traces/liveness3.trace,peterson,required,18,2,0,8,6,MIN_EXPANDED_SIZE,OfficialPeterson;NoSharedLiteralBranches;RequiredProposition(x6),7,92c08cb6b10d0d9c517c8acfcba4193a92fd802382d721f79ade0f27a73d17d4,15,12,4,SAT,SAT,4,5,2.25,0.8,TRANSLATED_ONLY,TRANSLATED_ONLY,True,3315347,301063,12598075,991281,11.01213699458253,12.70888375748148,19.5067680559996,4.083887426999354,953b1ae7b718794e0cdd2c8e6c63609cc4316963676e2e3331ff6e8061e1487d,292ff0178a3f04635cba8a5ef35b055bd6d993ac62915daf2f5738e4a92d3a1e
frozen200,b2,peterson/extra_traces/liveness4.trace,peterson,required,18,2,0,8,6,MIN_EXPANDED_SIZE,OfficialPeterson;NoSharedLiteralBranches;RequiredProposition(x6),5,f8f138045b1f9a38d77dff03f46afe71da8fd69753a76d702b83fbc3d4ca9d1e,15,12,4,SAT,SAT,4,5,2.25,0.8,TRANSLATED_ONLY,TRANSLATED_ONLY,True,3148151,209265,12011041,683051,15.043848708575252,17.58439852953879,19.65849683000033,3.58324513900061,0439198d70a07e540c27e87bf07e60ea86a7a56cfd895bebb17d7da8e144daba,fb839044552aa6732d7ed070a22f4ad061b6e9f6d37a166007bf3a8e48abda83
frozen200,b2,peterson/extra_traces/liveness5.trace,peterson,required,18,2,0,8,6,MIN_EXPANDED_SIZE,OfficialPeterson;NoSharedLiteralBranches;RequiredProposition(x6),5,f8f138045b1f9a38d77dff03f46afe71da8fd69753a76d702b83fbc3d4ca9d1e,15,12,4,SAT,SAT,4,5,2.25,0.8,TRANSLATED_ONLY,TRANSLATED_ONLY,True,3148151,209265,12011041,683051,15.043848708575252,17.58439852953879,20.008692076999978,3.834238920999269,0439198d70a07e540c27e87bf07e60ea86a7a56cfd895bebb17d7da8e144daba,fb839044552aa6732d7ed070a22f4ad061b6e9f6d37a166007bf3a8e48abda83
frozen200,b2,peterson/extra_traces/safety1.trace,peterson,required,18,2,0,8,5,MIN_EXPANDED_SIZE,OfficialPeterson;NoSharedLiteralBranches;RequiredProposition(x2);RequiredProposition(x8),5,44374167637fffc7780883ea2ffadc6aa5a9d52993858c67804c85bd46dde8b0,15,12,4,SAT,SAT,4,5,2.25,0.8,TRANSLATED_ONLY,TRANSLATED_ONLY,True,3147599,192242,12009960,623162,16.373107853642804,19.27261290001637,19.805563518999406,3.332841946999906,a08d4a9145ba6f7ec9344f696d5af9bb33d5fd65b62246f4798344d3fb077874,5c8e4d3136bb975e78e1be3f065a782ee6945754d82042fcb894335709d2ec80
frozen200,b2,peterson/extra_traces/safety2.trace,peterson,required,18,2,0,8,5,MIN_EXPANDED_SIZE,OfficialPeterson;NoSharedLiteralBranches;RequiredProposition(x2);RequiredProposition(x8),5,4f391b540bb696c3ae5e5ee890a1981f1ff2bb1e40d069f920a0204c55b962a7,15,12,4,SAT,SAT,4,5,2.25,0.8,TRANSLATED_ONLY,TRANSLATED_ONLY,True,3147599,195842,12009975,638246,16.07213467999714,18.81715670760177,19.459980790000373,3.2835762889999387,a6198fcf11fe51cd140b373cf66a5cf670dedbf2cff6773081c25db41bef516a,143f7b54ab271e26d7f26a9109f92d575a09c4f10156aa1c1410dc15274237c9
frozen200,b2,peterson/extra_traces/safety3.trace,peterson,required,18,2,0,8,5,MIN_EXPANDED_SIZE,OfficialPeterson;NoSharedLiteralBranches;RequiredProposition(x2);RequiredProposition(x8),5,822bbdfec285344d5833e1b0df76f8bed0ca87ac6161f1a8b473902a809aa208,15,12,4,SAT,SAT,4,5,2.25,0.8,TRANSLATED_ONLY,TRANSLATED_ONLY,True,3147599,193429,12010035,628567,16.272632335378873,19.107008481196118,19.907482925000295,3.233618880999529,a5945251dafc80591f22d86aedf23dab3bad08fdaa2cf7a43bd29c3aff1c3201,0548df203d5c9713df72b70c978553e825eda440131e34b1ef5f59867a09eff0
frozen200,b2,peterson/extra_traces/safety4.trace,peterson,required,18,2,0,8,5,MIN_EXPANDED_SIZE,OfficialPeterson;NoSharedLiteralBranches;RequiredProposition(x2);RequiredProposition(x8),5,46ba74a4558a1e88f34b6db010bd7ef7d90143c2746a2ba88f6cf604915d9590,15,12,4,SAT,SAT,4,5,2.25,0.8,TRANSLATED_ONLY,TRANSLATED_ONLY,True,3147599,195905,12009990,638339,16.06696613154335,18.814438722998283,20.55750503099989,3.032500970000001,f21dcec5663d8f0e68c1ed5d36adc8be1429bd87003058e5aa2ca5504cbb4098,266a47202393612f7f4aba433d57c21ed9d6a3c2255fee95427746af24272788
frozen200,b2,peterson/extra_traces/safety5.trace,peterson,required,18,2,0,8,5,MIN_EXPANDED_SIZE,OfficialPeterson;NoSharedLiteralBranches;RequiredProposition(x2);RequiredProposition(x8),11,46ba74a4558a1e88f34b6db010bd7ef7d90143c2746a2ba88f6cf604915d9590,15,12,4,SAT,SAT,4,5,2.25,0.8,TRANSLATED_ONLY,TRANSLATED_ONLY,True,3685438,338709,13902276,1117956,10.880838714058381,12.435441108594613,23.010554002999925,3.7837570659994526,30c7d70cfd0402a5263d8d0fdacfddcb9e98b69cc662d42789b98028539e1f17,8ee3b8c5260265e3c93b6a85ceeaf8ae90cba100a51c12380c0b53a059ba0674
frozen200,b2,robot/RAtrace/final21.trace,robot,repair,2050,2,6,14,2,REPAIR,OfficialRobotRA;Repair;NoDAGReuse;LeftNotEqualRight,11,af03be7fbc2397df523c58e05c2defaa7a4b05c8c6eb92cfb3f3ad1f82887619,3,4,3,SAT,SAT,8,9,146.42857142857142,0.8888888888888888,TRANSLATED_ONLY,TRANSLATED_ONLY,True,1959240,288715,7509240,798583,6.786069307102159,9.40320542761366,9.843979320000471,2.882405285000459,0b6a729465dd80819046adce19093b43dbb48e82a7ec445d9b02a0187e550cc6,ca2a3a7ca0636e157d1f7fd939084d858662cf7d0c0e552107195fdf173de758
frozen200,b2,robot/RAtrace/final22.trace,robot,repair,2050,2,6,14,2,REPAIR,OfficialRobotRA;Repair;NoDAGReuse;LeftNotEqualRight,5,0b9b256621c7879fdcbdecc7088b07bef8c4a9fac018b90a85c5dd4297609f1e,3,4,6,SAT,SAT,8,9,146.42857142857142,0.8888888888888888,TRANSLATED_ONLY,TRANSLATED_ONLY,True,2490275,221361,9599808,588885,11.249836240349474,16.3016684072442,14.900603485999454,2.483560206999755,97fe807cf54ac9d8113c0717b4c74062996e659e87593de1794d5da419f13826,87c836448d2dc02b54a783ce60e2c54056941af72fc345763846da4e9e29ad5e
frozen200,b2,robot/RAtrace/final3.trace,robot,repair,2050,2,6,14,2,REPAIR,OfficialRobotRA;Repair;NoDAGReuse;LeftNotEqualRight,5,d52f92767d36f3d527df04121ba2a665867ed41657526819f79a5e614af31b52,3,2,3,SAT,SAT,8,9,146.42857142857142,0.8888888888888888,TRANSLATED_ONLY,TRANSLATED_ONLY,True,1250070,167456,4814842,451172,7.465065450028664,10.671854636369279,7.1884964150003725,2.1816720619999614,b1cc5f80c8de26d23fe4755c8ef3a3dedafe4cee854b8afd0a2336c85a873d48,f3e0aa50766daa0bf736c4246d9ee26c961843f692caa8fd4430692056bd7038
frozen200,b2,robot/RAtrace/final4.trace,robot,repair,2050,2,6,14,2,REPAIR,OfficialRobotRA;Repair;NoDAGReuse;LeftNotEqualRight,5,a5ae4a200430e6b45dd22294c45e034aa637a3c5381915842e16f9e197ebf3d1,3,3,3,SAT,SAT,8,9,146.42857142857142,0.8888888888888888,TRANSLATED_ONLY,TRANSLATED_ONLY,True,3396799,233333,13226831,634200,14.557730796758282,20.855930305897193,20.059549175999564,2.8324516699995,cf49c770be4920ecf59d97158a7ee2e1ce0d5982f10016ccec176d1aa33e186d,438da23aeca9ef7feabe7aa95c9138ba67b43b90a1f2f8b2469efedebf1ad940
frozen200,b2,robot/RAtrace/final42.trace,robot,repair,2050,2,6,14,2,REPAIR,OfficialRobotRA;Repair;NoDAGReuse;LeftNotEqualRight,5,c410198587a4c3beccbc1659edff2c0ce31d5894807f59174864ec099f479918,3,3,3,SAT,SAT,8,9,146.42857142857142,0.8888888888888888,TRANSLATED_ONLY,TRANSLATED_ONLY,True,1498111,199163,5771897,537776,7.5220347152834615,10.732901802981166,8.64005030899989,2.3315003480001906,238fbe263a552efdc32b1e7bb64d21aeeb02ed2ee6b2eab1452a142b2da366bd,7f12b1180b62dba24d8551b2508b400a828880607f3c544e11abf1924b259cac
frozen200,b2,robot/RAtrace/final43.trace,robot,repair,2050,2,6,14,2,REPAIR,OfficialRobotRA;Repair;NoDAGReuse;LeftNotEqualRight,15,f3abfe251eefe4d2d051eac82b6f9c20ccec52b03eca225b50d950cfc41f3c42,3,3,4,SAT,SAT,8,9,146.42857142857142,0.8888888888888888,TRANSLATED_ONLY,TRANSLATED_ONLY,True,2130028,308891,8141539,856022,6.895726971650194,9.510899252589303,13.146431608000057,2.9822302200000195,808ea72d6489c9e2a033a55161bb75927867c7cc3e9cbd3822a8333d21788b49,db2ce2e172f86f8ad2dd72e65bbdb21df085894bfb5c9781816573a4e0b92eb0
frozen200,b2,robot/RAtrace/final44.trace,robot,repair,2050,2,6,14,2,REPAIR,OfficialRobotRA;Repair;NoDAGReuse;LeftNotEqualRight,5,1b07920e1c3da943d037e93424f5264ce49246d6f0dedbd0e16add04b1619b2e,3,4,3,SAT,SAT,8,9,146.42857142857142,0.8888888888888888,TRANSLATED_ONLY,TRANSLATED_ONLY,True,1746152,230870,6728952,624380,7.563356001212804,10.777013997885902,8.590769517000808,2.482351061999907,1b2ffd98ebf2a3411d9e81efa333b42220e97b58052a28ff0e194b4e2f08a256,368a867cadde87355ec17b26eb5b12922fdd8aa2ac4dfc5c1eacf4f86c7a532d
frozen200,b2,robot/RAtrace/final45.trace,robot,repair,2050,2,6,14,2,REPAIR,OfficialRobotRA;Repair;NoDAGReuse;LeftNotEqualRight,5,1d2034a84262dfb83192aee474f05d2c625c98a90d17797a383715a63f78c1fe,3,4,6,SAT,SAT,8,9,146.42857142857142,0.8888888888888888,TRANSLATED_ONLY,TRANSLATED_ONLY,True,2490275,261053,9599967,703659,9.539346416244976,13.642925053186273,15.299798705000285,2.782427645000098,2f7266c5847b0bc0490bd03ea0054b38248d97bd5e9ae644c3aee2211d6ad0f5,c0be8a55f4dbf04b2d4f4838b35379b7cfaecdee284ab55a67d9bfcb027bd628
frozen200,b2,robot/RAtrace/final46.trace,robot,repair,2050,2,6,14,2,REPAIR,OfficialRobotRA;Repair;NoDAGReuse;LeftNotEqualRight,7,207fa315da07ed9a18322159e205289fa4a931233fb2b6ad76b6094e97d812c9,3,4,9,SAT,SAT,8,9,146.42857142857142,0.8888888888888888,TRANSLATED_ONLY,TRANSLATED_ONLY,True,3347920,375302,12885794,1035324,8.920602608032997,12.446146327140102,17.509331444000054,3.3335952600000383,5c0d0fabcb7cd734d6da4f967dddbde33e39ca68d9fe33589769a774b2434413,9c480cd3e1380cd7e99325760e01d52ca3e62976fbcab1330fdb23cd7a954316
frozen200,b2,robot/RAtrace/final47.trace,robot,repair,2050,2,6,14,2,REPAIR,OfficialRobotRA;Repair;NoDAGReuse;LeftNotEqualRight,15,4ff6be8138b02f068b8dfdc6d6d6c11acc948cd5db92be07ca3bac992328485e,3,4,12,SAT,SAT,8,9,146.42857142857142,0.8888888888888888,TRANSLATED_ONLY,TRANSLATED_ONLY,True,7413085,545314,28603926,1521387,13.59415859486461,18.801216258585093,48.4015936299993,4.234504605999973,47c5b064763329e1ee1794317260609f6dd416ec1f292b2247fab6ac96eb1778,010b52bfdeec556bddfc68153ec3a635e45a9f4a4e04fbdfbc30ac3e2d7aaa4e
frozen200,b2,robot/RRtrace/order.trace,robot,repair,1026,2,5,13,4,REPAIR,OfficialRobotRR;Repair;NoDAGReuse;LeftNotEqualRight,5,8d2432b2486743e83d897ec36aea2cc3fd34384dcb4fa6fba9fe4106670853a1,3,3,3,SAT,SAT,7,9,78.92307692307692,0.7777777777777778,TRANSLATED_ONLY,TRANSLATED_ONLY,True,1490210,159453,5744073,428971,9.345763328378895,13.390352727806775,8.090000539000357,2.332049088000531,a86ea8f57f7afa6e02b4178227c3ce948db7f5f5dbe1722fb2dc9262aba53383,8c58d947f672af07d16e5db83fc782f2756838ff027dde25debce1c34e1fb8c5
frozen200,b2,robot/RRtrace/order1.trace,robot,repair,2050,2,5,13,4,REPAIR,OfficialRobotRR;Repair;NoDAGReuse;LeftNotEqualRight,5,a3abe8fbb73a4ecb60647b73556a968ea82771067cb68363c346c66c539cb423,3,1,3,SAT,SAT,7,9,157.69230769230768,0.7777777777777778,TRANSLATED_ONLY,TRANSLATED_ONLY,True,996109,130063,3837312,352361,7.658665415990712,10.890285814831948,6.438047912000002,2.1811702659997536,541730a0c102f852da565c3e9b15bee8527ea51d2e95d5cf4a1275c70e654a4f,7f36bc656744cf648683b613f5b2fbe4a7c2c078109b8664a2fa9237df35df34
frozen200,b2,robot/RRtrace/order10.trace,robot,repair,2050,2,5,13,4,REPAIR,OfficialRobotRR;Repair;NoDAGReuse;LeftNotEqualRight,11,d3a64270a7ff1cee5aede758295552e7ce71372dfa5e44d2b2d059e5d381baef,3,5,7,SAT,SAT,7,9,157.69230769230768,0.7777777777777778,TRANSLATED_ONLY,TRANSLATED_ONLY,True,5585302,455571,21614938,1274735,12.260003380373202,16.956416823888887,34.831040870000834,3.783459307999692,8c724f4349ff765b8670fabcb81f4538a21e7882c6031bce40719842939711da,3f3ddc753f239458902028e802c6fcbd89a13ce70e08165521698ca8fde8cf0d
frozen200,b2,robot/RRtrace/order2.trace,robot,repair,2050,2,5,13,4,REPAIR,OfficialRobotRR;Repair;NoDAGReuse;LeftNotEqualRight,5,e15fb553ba3dbcd97ba8b963a288ed089576ea6dbe9e43da2e5211fbbdc3cb7b,3,3,3,SAT,SAT,7,9,157.69230769230768,0.7777777777777778,TRANSLATED_ONLY,TRANSLATED_ONLY,True,3386918,216093,13191837,586475,15.673427644578954,22.493434502749476,19.807694871999956,2.6819086499999685,4590673feeb3b06e8beec31ef0d420597202f5539e2bec282ad768facf0ef3ce,c2940f828af59176aeaeaeafbede4e375f82c9c1c48928c3a0e4397e07aa19b4
frozen200,b2,robot/RRtrace/order4.trace,robot,repair,2050,2,5,13,4,REPAIR,OfficialRobotRR;Repair;NoDAGReuse;LeftNotEqualRight,5,ecdb87e848eb2d2b28ac368ff2d59d2674f234bc6bac47938879c4083870627c,3,4,3,SAT,SAT,7,9,157.69230769230768,0.7777777777777778,TRANSLATED_ONLY,TRANSLATED_ONLY,True,1737260,178573,6697468,479581,9.72857038858058,13.965248831792753,9.542629324999325,2.2816769329992894,6d8e55f96fc477a3794fe1d22dbeb87939634b7c1c8263225f5f2520cd6f00a4,08268b1f6b3612c42103c2c8b054cccc99116fd5c5b00bd4bb4017b53134f69c
frozen200,b2,robot/RRtrace/order5.trace,robot,repair,2050,2,5,13,4,REPAIR,OfficialRobotRR;Repair;NoDAGReuse;LeftNotEqualRight,7,6910c58345fa6ec2a989eacc9a6333c5f4ec9b1198d2398d9d4550b1196f6534,3,4,6,SAT,SAT,7,9,157.69230769230768,0.7777777777777778,TRANSLATED_ONLY,TRANSLATED_ONLY,True,2564316,270061,9870517,737251,9.49532142738122,13.388272108142274,15.85543574500025,2.7824924630003807,43c9ff282cc2f7436f8df9d40151ded5bfa010b480b66176494cf0a9f880fbad,55623e7518264b9c307d0bbc5edf423259a8fdef5ef8c160b3c42ea6438c5f2f
frozen200,b2,robot/RRtrace/order6.trace,robot,repair,2050,2,5,13,4,REPAIR,OfficialRobotRR;Repair;NoDAGReuse;LeftNotEqualRight,9,6fa60cb707ea5016a8f17a93532f56a28194e5957c1b9ac3d6518ad16aea2bb5,3,4,3,SAT,SAT,7,9,157.69230769230768,0.7777777777777778,TRANSLATED_ONLY,TRANSLATED_ONLY,True,3172537,370606,12286494,1041410,8.560403771120813,11.797941252724671,20.456559535999986,3.784064933999616,651ed81481af402acff8f736c4ae0c157ed0319a01baeb820171421617fa0cd6,2109f40b91afa587c09bb5cf0a7e15a3cfe2ad81c9d70c32be60642de1d02453
frozen200,b2,robot/RRtrace/order7.trace,robot,repair,2050,2,5,13,4,REPAIR,OfficialRobotRR;Repair;NoDAGReuse;LeftNotEqualRight,7,302c3bc981a3d214adaaa21af2874eea620879b1c4318b2fd230347c8f2c02bf,3,4,4,SAT,SAT,7,9,157.69230769230768,0.7777777777777778,TRANSLATED_ONLY,TRANSLATED_ONLY,True,3524084,344796,13667584,957342,10.220779823431826,14.276594989042579,18.804879407000044,4.084375293999983,74e36ae9931e8203bcf5791fd08818f7eee0aed40b697f84e77c87ee2fc72c3c,0f9caf778b6b67adb933a5509d6807cf102c0500b29145ae08c9a3f8ef2d2def
frozen200,b2,robot/RRtrace/order8.trace,robot,repair,2050,2,5,13,4,REPAIR,OfficialRobotRR;Repair;NoDAGReuse;LeftNotEqualRight,9,f6af61f7ecc7792d6b397b019339d1e1ae21db5834d7641fbdfa69f2553aee1e,3,4,6,SAT,SAT,7,9,157.69230769230768,0.7777777777777778,TRANSLATED_ONLY,TRANSLATED_ONLY,True,4524157,408291,17526453,1143357,11.080716939633742,15.328941879045653,27.073025217999202,3.734263820999331,eb2071d0e96690ff6bd5903705aaa0ba19864cc329841c6456a366551aa76204,b5924254c627ad514ace020a21fdece4aa5fe6bb91976dec28981d874b0578c8
frozen200,b2,robot/RRtrace/order9.trace,robot,repair,2050,2,5,13,4,REPAIR,OfficialRobotRR;Repair;NoDAGReuse;LeftNotEqualRight,9,16897599aa8b78ff3b95727250a7e104d28173d2048cb2096a96454eb1994c31,3,5,6,SAT,SAT,7,9,157.69230769230768,0.7777777777777778,TRANSLATED_ONLY,TRANSLATED_ONLY,True,4974697,451801,19273165,1265863,11.010814495762515,15.225316641690293,27.773593312999765,4.134456681000302,b4cd46e550919be521bb1e4c77dfc3dde7b31301fdc3dba0ffe429222752a34a,6d46bb34e882c80636f08ceecb89238274e0c4bee5e522061a12482c31d0b1b7
frozen200,b2,voting_machine/voting10.trace,voting_machine,nnf_template,13,2,0,8,4,MIN_EXPANDED_SIZE,OfficialVoting;NNF,7,079adb71eea70013881ed60e6b31f588513a832d18cf5e8e758c3eaef1d1e6b2,10,3,7,SAT,SAT,4,4,1.625,1.0,TRANSLATED_ONLY,TRANSLATED_ONLY,True,313759,108892,1118561,289462,2.8813778789993756,3.8642757944047923,3.0827134379997005,2.1314890630001173,a6b7cdb2b92b48772410784d6c766d7e71465f0c236be3fec806f86a4bc4fbd5,a6392c6d1238d47e0f082f270ecd1810b6d0514f8e5ffb8779d1afaab4b741e8
frozen200,b2,voting_machine/voting13.trace,voting_machine,nnf_template,13,2,0,8,4,MIN_EXPANDED_SIZE,OfficialVoting;NNF,7,8d375b1aaaf8aad8347aa3febb6c753115efed45cd7b48c1d223ee2baf1d6e68,10,11,8,SAT,SAT,4,4,1.625,1.0,TRANSLATED_ONLY,TRANSLATED_ONLY,True,569278,171568,2038471,444553,3.3180896204420405,4.585439756339514,4.135235421000289,3.232530364000013,420c643aade54151953ff14a1ea89fab88513abd6eeab7d874a840ef031b122a,0339020140624e619976a47ce82048d4d49c6bb03f6ecd404f5387d6c3d5cba8
frozen200,b2,voting_machine/voting14.trace,voting_machine,nnf_template,13,2,0,8,4,MIN_EXPANDED_SIZE,OfficialVoting;NNF,11,e75441430d5355f3357451f1532cd997d897a3e1ca480ce1eff14da891d99d35,10,6,2,SAT,SAT,4,4,1.625,1.0,TRANSLATED_ONLY,TRANSLATED_ONLY,True,191358,105505,654258,282772,1.8137339462584712,2.313729789370942,2.2814453380005943,2.1812305439998454,fa41f5a88a6e08d79af46bf5a0f38cbf4812944f7104f4e9fa4f8cb817086a5a,474820e98432d9f6b9cc6c2d05f566a7abeebfd3a3fa81c9c424773aad647a97
frozen200,b2,voting_machine/voting2.trace,voting_machine,nnf_template,13,2,0,8,2,MIN_EXPANDED_SIZE,OfficialVoting,5,9c56c57ce88a43702403585d2561076b6ec82d857cb441112ff537fd2a49149c,10,8,2,SAT,SAT,4,4,1.625,1.0,TRANSLATED_ONLY,TRANSLATED_ONLY,True,121789,55718,413826,133899,2.185810689543774,3.0905832007707303,1.8312706189999517,1.7307971989994257,00f263706b35ed477f424c622b8ef3039a241cc60044f5e95397ce378a930acd,2304edd7af36ecf4a61fbd5ed7c6d16406934482957dd8182c902d24b2b84117
frozen200,b2,voting_machine/voting3.trace,voting_machine,nnf_template,13,2,0,8,4,MIN_EXPANDED_SIZE,OfficialVoting;NNF,5,f2fc24d8ecd656cd2276a9409f2feb061f97049411552f1e9f4e73e455ef246b,10,10,2,SAT,SAT,4,4,1.625,1.0,TRANSLATED_ONLY,TRANSLATED_ONLY,True,142760,78812,486440,199621,1.8113992792975688,2.436817769673531,2.131397785000445,2.03102018699974,07e3bbf4b686a6ed2bcafeab5f18f2874bfdf0301097476e36d5dd50e1db4818,fd89ab06de8541850b0c60555456643167ac5d776a7ddf2dac58e487b68f8881
frozen200,b2,voting_machine/voting4.trace,voting_machine,nnf_template,13,2,0,8,4,MIN_EXPANDED_SIZE,OfficialVoting;NNF,5,556d787d7e05cb7675b4926bc6b9b5f6a3ac18cc80154776e3a9763a0044ab1b,10,10,3,SAT,SAT,4,4,1.625,1.0,TRANSLATED_ONLY,TRANSLATED_ONLY,True,344015,87964,1234920,227358,3.9108612614251284,5.431610059905523,2.932723717999579,2.2314687789994423,d739d185ea0c02a9858a8296cbe63eb01c4762da4896d1cc147865a68895969a,61b63cbddc26d812c5c0db5bbfa4d07b4a728c03a1ff694b15103f95771f5f1c
frozen200,b2,voting_machine/voting5.trace,voting_machine,nnf_template,13,2,0,8,4,MIN_EXPANDED_SIZE,OfficialVoting;NNF,5,aaa7c5f9eb05af40920404aac394187c62a6c0f9a833f1d632b7161d62146a5a,10,11,2,SAT,SAT,4,4,1.625,1.0,TRANSLATED_ONLY,TRANSLATED_ONLY,True,153240,85089,522719,215359,1.8009378415541375,2.4271983060842595,2.2317036849999567,2.081236285999694,123480f80bb87d7ba10988f53d7a22a0aa32598bce757e9432f5647d180a5be7,ec1f9b91fab375529035cb7795f3c0b8aaf52b2e288eb26a761b205e83bf3ed3
frozen200,b2,voting_machine/voting7.trace,voting_machine,nnf_template,13,2,0,8,4,MIN_EXPANDED_SIZE,OfficialVoting;NNF,11,7888b9164013ee9e3bda61ed3f68d1215476addfb60c72275f26f45b5a9fd9de,10,11,3,SAT,SAT,4,4,1.625,1.0,TRANSLATED_ONLY,TRANSLATED_ONLY,True,553984,165462,1970961,443689,3.3481040964088433,4.442212901379119,5.336962512000355,2.93383277599969,64d76a1993201a330dc5c1241476c0969da5a0326d13b31fff1c2a75ff13113c,90dc66f2840d758255c33dfb3a2c76b3bfd2650b4dbbea21046b7490646c47b3
frozen200,b2,voting_machine/voting8.trace,voting_machine,nnf_template,13,2,0,8,4,MIN_EXPANDED_SIZE,OfficialVoting;NNF,5,0f40eb0be74a98d28e428327dd6a20b96b94e0173b39f5bd4707dcc871294515,10,11,5,SAT,SAT,4,4,1.625,1.0,TRANSLATED_ONLY,TRANSLATED_ONLY,True,419480,106068,1508139,270480,3.9548214353056528,5.575787488908607,3.4338151310003013,2.386102196000138,98af5a42b13925199b7e03e164723c6a703206ab35d81eb41e621e522b56e2f1,60c9892a8341030111ee623cce6e5ec5f1c465000b43b5a795fb7ddf07f8faab
frozen200,b2,voting_machine/voting9.trace,voting_machine,nnf_template,13,2,0,8,4,MIN_EXPANDED_SIZE,OfficialVoting;NNF,9,761eea46d30389b096d8a253e3b8e75dc91b12368c64d27bf30bcba8785f4f11,10,8,5,SAT,SAT,4,4,1.625,1.0,TRANSLATED_ONLY,TRANSLATED_ONLY,True,455739,164982,1623140,444941,2.7623558933701857,3.647989283972482,3.8837873630000104,2.5318062989999817,cf07ab6a1f685e4616f66ef3e8971285d2b48c3ca46acc83c1d55f45948a1010,a228b3b596b0b5d57dafaa35d485ae0776d6c8afed04b9425038e44d3f3d84c9
remaining423,b2,weakening/weaken_antecedent/weaken_antecedent_100_10_10.trace,weakening,weakening_b2,10,2,0,8,15,MIN_EXPANDED_SIZE,OfficialWeakeningAntecedent,7,1f56e77af956ff172ba6e53ae010447277162d55ae172957c38fbe0cd21b921e,3,10,10,TIMEOUT,SAT,6,6,1.25,1.0,TRANSLATION_TIMEOUT,TRANSLATED_ONLY,False,,1319909,,3491548,,,180.82421296199982,15.951357320999705,ddfda7bc67f76c0c5853650cfa3305a0e4498cafeed5866f59d791e563775ba1,2f7a5ce640c66dc8bf6270436d2031bf22445f6ead83fdbf81ccbfa23cddfbfd
frozen200,b2,weakening/weaken_antecedent/weaken_antecedent_10_100_100.trace,weakening,weakening_b2,10,2,0,8,15,MIN_EXPANDED_SIZE,OfficialWeakeningAntecedent,9,47f99673f32c3451ee99bf19eff34e1a11996ede4e1a21dcae7155dbfd322499,3,100,100,SAT,SAT,6,6,1.25,1.0,TRANSLATED_ONLY,TRANSLATED_ONLY,True,1848724,1704941,6271683,4233019,1.0843331235509028,1.4816099337139759,10.242551895999895,17.254797948000487,2a9f9893469629959f5babf2a72f0d69923044757fb244d9cc7a18f7c8b0b443,cc6ba24750073db7d84626081c29bcea6063b12cd19c623f69fd600cf3c8f22d
remaining423,b2,weakening/weaken_antecedent/weaken_antecedent_10_10_10.trace,weakening,weakening_b2,10,2,0,8,15,MIN_EXPANDED_SIZE,OfficialWeakeningAntecedent,9,1d16ac8a55469f2c1f084b1a4f1f6ede012b08c6e25b9c2d5bcbc4b81e4301e2,3,10,10,SAT,SAT,6,6,1.25,1.0,TRANSLATED_ONLY,TRANSLATED_ONLY,True,196691,295320,656583,822494,0.6660266829202222,0.7982830269886467,2.081429536000087,10.041410283999994,ab16cefad97fa75296eeec5e39bc5212b2c4b777886b1a96a5069d7a18efdc77,15f620d0716c3798d41e4c8ce3bce6c0d62de92ac30bf9215e915163658a5c4e
frozen200,b2,weakening/weaken_antecedent/weaken_antecedent_10_15_15.trace,weakening,weakening_b2,10,2,0,8,15,MIN_EXPANDED_SIZE,OfficialWeakeningAntecedent,9,ee3baf4b8a51686c03e077f3ab3e7a26cef02c3661579201bb0f6e1ba615e40d,3,15,15,SAT,SAT,6,6,1.25,1.0,TRANSLATED_ONLY,TRANSLATED_ONLY,True,288470,368641,968533,999927,0.7825228338681807,0.9686037080706892,2.431591737999952,10.446138219000204,04f419ca3747a2a0f8bf5c6a2607155899ab09e5b7b4fff410dbf9d75ae2b19e,0f0c2614a6f4d2df264c9fd5829c80e282f9a5cce6051996aad2d2873ba228a3
frozen200,b2,weakening/weaken_antecedent/weaken_antecedent_10_20_20.trace,weakening,weakening_b2,10,2,0,8,15,MIN_EXPANDED_SIZE,OfficialWeakeningAntecedent,9,c0c3779981abb70483cb3427fd703a2fdabd36ef9955a8fc1bc68dcfbf6d71b7,3,20,20,SAT,SAT,6,6,1.25,1.0,TRANSLATED_ONLY,TRANSLATED_ONLY,True,380250,450107,1280483,1197001,0.8447991255412602,1.0697426317939585,2.832116161999693,8.089428709999993,9e25587690f7465ed4ac31349d6d811fa129daf662bd7924932b35d63a67f872,e3be135b3d721c2f493a39c373c21ecd89d799a1693ffbc88180a2e96180a682
frozen200,b2,weakening/weaken_antecedent/weaken_antecedent_10_25_25.trace,weakening,weakening_b2,10,2,0,8,15,MIN_EXPANDED_SIZE,OfficialWeakeningAntecedent,5,ee34379ba72ceb1e1371b30d42f4abfc6d8ad7d350bdba4591240b363a3c9e41,3,25,25,SAT,SAT,6,6,1.25,1.0,TRANSLATED_ONLY,TRANSLATED_ONLY,True,332089,323165,1141077,806867,1.0276143765568673,1.4142070502325663,3.2832900789999258,5.887344770000709,58d68e5373e818175c897777c95a2fb1597d305c61cea6e2c77d4938f4d3a442,9730aec8934377fe8adfd46477211f2040be4f2e0a146bd6891c3d229d86b708
remaining423,b2,weakening/weaken_antecedent/weaken_antecedent_10_30_30.trace,weakening,weakening_b2,10,2,0,8,15,MIN_EXPANDED_SIZE,OfficialWeakeningAntecedent,5,3c8e932449f3e88f2a128f240b31e04b69aeea0335eb4da21b18fd713280a1eb,3,30,30,SAT,SAT,6,6,1.25,1.0,TRANSLATED_ONLY,TRANSLATED_ONLY,True,397824,342691,1367827,850707,1.1608825443329414,1.6078708650569467,2.9823607429998447,6.537679659999867,49d87c3ed4c2a40c00679dfd6d15ebb7bc24cb0f0e1082f181000ca3799f2ac8,097a8c21f24072d1426ba98e65210f412464a9c2315373fe2e77df14fcee328c
remaining423,b2,weakening/weaken_antecedent/weaken_antecedent_10_35_35.trace,weakening,weakening_b2,10,2,0,8,15,MIN_EXPANDED_SIZE,OfficialWeakeningAntecedent,5,2fbb8c1ea23703d603ed84d6596880d307bc51683c556fd3a8ba35699dddeb63,3,35,35,SAT,SAT,6,6,1.25,1.0,TRANSLATED_ONLY,TRANSLATED_ONLY,True,463567,408695,1594577,999736,1.1342614908428046,1.594998079492986,3.182644846999665,7.939278550999916,1e4b1dd9f727884e9793637b4ec200e774e6cc00aebfe5ca5960e139329d548b,e680a6aaf3c1476c5eee17542701c6ed13eb927913a56c35c432dde726b5e56c
frozen200,b2,weakening/weaken_antecedent/weaken_antecedent_10_40_40.trace,weakening,weakening_b2,10,2,0,8,15,MIN_EXPANDED_SIZE,OfficialWeakeningAntecedent,5,da7403f27aa1f158185699577aa2ae3c4d8afc04a47d8b75c6cb34f76848b83a,3,40,40,SAT,SAT,6,6,1.25,1.0,TRANSLATED_ONLY,TRANSLATED_ONLY,True,529305,446513,1821327,1085209,1.1854190135561562,1.6783191071950196,3.4841252389996953,8.091816061999452,7604cf9269cc3d3599d28c697d9857acb1527188154f6bf25c2a1857ec64b02d,4eb2eae4114e2897d5f97e4d160cddb2322c538e4b6ec2dc992661a69b858914
remaining423,b2,weakening/weaken_antecedent/weaken_antecedent_10_45_45.trace,weakening,weakening_b2,10,2,0,8,15,MIN_EXPANDED_SIZE,OfficialWeakeningAntecedent,9,c17f263404864717851c58796941e27a9ef40f021b727a7d93ff3dcff8e90773,3,45,45,SAT,SAT,6,6,1.25,1.0,TRANSLATED_ONLY,TRANSLATED_ONLY,True,839147,833058,2840233,2123576,1.0073092149646243,1.3374765019005677,5.535442866000267,12.796468457000174,3058add73e4798b40395e73c48d352e5df341f9c3189e64288c0a7e9128d43e8,e1a96e6ef89ef813d52777c04ef91c12434a3ed47ccd593e6331e15853206936
frozen200,b2,weakening/weaken_antecedent/weaken_antecedent_10_50_50.trace,weakening,weakening_b2,10,2,0,8,15,MIN_EXPANDED_SIZE,OfficialWeakeningAntecedent,5,c432653b44c0a92c7d83fab8c1cbd28b66f0755a7e0883a7572a2a88fed5b337,3,50,50,SAT,SAT,6,6,1.25,1.0,TRANSLATED_ONLY,TRANSLATED_ONLY,True,660781,517153,2274827,1244724,1.2777282545010857,1.8275754303765332,5.035967118000372,8.08950878700034,56d7f1fbe2159599ac7c81271da8dba07cd4e5656c78eff02541388fbea9e71c,a2b99649857fa73d5ba2b76941a02c2c237294a620c3d14da3de876caa79b62d
frozen200,b2,weakening/weaken_antecedent/weaken_antecedent_10_55_55.trace,weakening,weakening_b2,10,2,0,8,15,MIN_EXPANDED_SIZE,OfficialWeakeningAntecedent,5,a2e61bb3c3c23c964aa5ad90640457a10f48e02bba0d14da706c9be6d3055589,3,55,55,SAT,SAT,6,6,1.25,1.0,TRANSLATED_ONLY,TRANSLATED_ONLY,True,726523,573840,2501577,1372736,1.2660724243691621,1.8223292752575877,4.584833348999382,9.140772363999531,ee21970b8117f7d5a6cdcb253fa3b1f00e394bf638dd92ca32ae8581d260cf0a,366abdb2008d5a18460a54a7882c145e981c871a222bd5502100181f1d7a6972
frozen200,b2,weakening/weaken_antecedent/weaken_antecedent_10_5_5.trace,weakening,weakening_b2,10,2,0,8,15,MIN_EXPANDED_SIZE,OfficialWeakeningAntecedent,5,ab9aab936ac54d3de4d2d844ae6e20105dfae44bc22f740105077681303e11a0,3,5,5,SAT,SAT,6,6,1.25,1.0,TRANSLATED_ONLY,TRANSLATED_ONLY,True,69129,134490,234077,380727,0.5140084764666518,0.6148158654363888,1.3800499879998824,5.135560740000074,284ea35a7ae9a3ed2b50a577de5e349e63f468f28cfa2769d04fb2f386cecbca,0d229e73d522e4abd60ce890bdc04c6eeae44c1e0c7f3745cf3813da51317573
frozen200,b2,weakening/weaken_antecedent/weaken_antecedent_10_60_60.trace,weakening,weakening_b2,10,2,0,8,15,MIN_EXPANDED_SIZE,OfficialWeakeningAntecedent,7,d5a68f897fbabe48af83bd0d5d9238e3b40984e471b5de303dac8061f0ffca2b,3,60,60,SAT,SAT,6,6,1.25,1.0,TRANSLATED_ONLY,TRANSLATED_ONLY,True,943246,927018,3212657,2294814,1.0175055932031525,1.3999640057974196,5.746010087999821,11.24587641800008,82c0346733ce64dd492445dddbbbcd78b9c4b5c6e4938bf1c696fa6058ef924f,a4126ddceb1c1b3595f10df0380ff5829179723b7e33969d1dfcf3d4dc763620
frozen200,b2,weakening/weaken_antecedent/weaken_antecedent_10_65_65.trace,weakening,weakening_b2,10,2,0,8,15,MIN_EXPANDED_SIZE,OfficialWeakeningAntecedent,5,57e83124523f8160a59ba2b9ca02c40028dad10d6d99663276024ca58d4ef99b,3,65,65,SAT,SAT,6,6,1.25,1.0,TRANSLATED_ONLY,TRANSLATED_ONLY,True,858003,672886,2955077,1596567,1.275109008063773,1.8508944504051505,5.986690511999768,9.796151698999893,3ce2f1a3b43ef8499d48a159dce148bcee0030fc41b7cac197f09cec83e0fbf3,084d3b9ec88df37e56517b6d971da6620f695999c2ebc6b9e9dcbd866010a5b2
frozen200,b2,weakening/weaken_antecedent/weaken_antecedent_10_70_70.trace,weakening,weakening_b2,10,2,0,8,15,MIN_EXPANDED_SIZE,OfficialWeakeningAntecedent,5,1cb611222a93edfea7ba8779c12bc0944cf9f903952ddcce5c8337a029260877,3,70,70,SAT,SAT,6,6,1.25,1.0,TRANSLATED_ONLY,TRANSLATED_ONLY,True,923744,715390,3181827,1692396,1.2912453347125343,1.8800723944041466,5.286172267999973,8.84084743099993,147f3484a0256e6123846a44a93bbcb977ed8cc3603833b2ff41ddf1f3a20f73,0e2e97e1d518c8b3d088067c1b6656b3573edd9a6e6d8794c169813fa8ce2d03
remaining423,b2,weakening/weaken_antecedent/weaken_antecedent_10_75_75.trace,weakening,weakening_b2,10,2,0,8,15,MIN_EXPANDED_SIZE,OfficialWeakeningAntecedent,5,9c86899e809b70b786263b9d3b13475131052f5b1b03d28a1183d7ab10a8996a,3,75,75,SAT,SAT,6,6,1.25,1.0,TRANSLATED_ONLY,TRANSLATED_ONLY,True,989479,748312,3408577,1766943,1.3222813478869777,1.9290814700870373,5.78612933300019,8.138933191999968,b06d97538d3b13c60b3913138ae6dc53599a866bfcb4f635402095732fda4236,5c88108c5a4fc61bf1509c376056090a24ae12b498d6bbb64393a44560d85faa
frozen200,b2,weakening/weaken_antecedent/weaken_antecedent_10_80_80.trace,weakening,weakening_b2,10,2,0,8,15,MIN_EXPANDED_SIZE,OfficialWeakeningAntecedent,7,d56277d5d9f58443700f575e34a405a2d742f8795534a5f02eca45b37e187ea5,3,80,80,SAT,SAT,6,6,1.25,1.0,TRANSLATED_ONLY,TRANSLATED_ONLY,True,1255083,1170198,4277257,2870914,1.0725390062194602,1.4898589787085228,8.339869637999982,12.347494728999663,339bbb14b913083959362db91d53670db3572f10cb0d9a6bc4f6ac8658a3d7c8,5ccd67a200f3e638691f586ede20607e6eed623b1b22757926c88f5cb729da62
frozen200,b2,weakening/weaken_antecedent/weaken_antecedent_10_85_85.trace,weakening,weakening_b2,10,2,0,8,15,MIN_EXPANDED_SIZE,OfficialWeakeningAntecedent,5,785299481b8d629428e191daddf5b4a8d0ceb09d65f0fabcecf4d8d8a833d44f,3,85,85,SAT,SAT,6,6,1.25,1.0,TRANSLATED_ONLY,TRANSLATED_ONLY,True,1120958,838136,3862077,1969762,1.3374416562467188,1.9606820519433312,5.8877544630004195,9.742962082000304,7f35bc600291d59bf2ec2f7b7f0aff18ccd2c09942a97c1f798377c1323249ee,e5d56c7770469f0d4a82e14f11e0f2c131506abf3807e75376f48a0fee710b64
frozen200,b2,weakening/weaken_antecedent/weaken_antecedent_10_90_90.trace,weakening,weakening_b2,10,2,0,8,15,MIN_EXPANDED_SIZE,OfficialWeakeningAntecedent,5,86a2b8a6d338775562ea51da4530d7d0b0b3c3758cc76176b626b30c568c33ba,3,90,90,SAT,SAT,6,6,1.25,1.0,TRANSLATED_ONLY,TRANSLATED_ONLY,True,1186694,866332,4088827,2033373,1.3697912578549563,2.010859296351432,9.093304847000582,11.500514559000294,a7b475bd679d631ac6e7611acda49b8a4536d360424021d6cd3f271496c46cb3,4d734618b799375675a83d1f30b6920233ef7a1c68e533ae8a64112e726b03fa
frozen200,b2,weakening/weaken_antecedent/weaken_antecedent_10_95_95.trace,weakening,weakening_b2,10,2,0,8,15,MIN_EXPANDED_SIZE,OfficialWeakeningAntecedent,5,59b952a79b8654e67cca91f7d517d1a44d5b1865ae3f918a1d8c1d7b84b5d6cd,3,95,95,SAT,SAT,6,6,1.25,1.0,TRANSLATED_ONLY,TRANSLATED_ONLY,True,1252437,922984,4315577,2161215,1.3569433489637956,1.9968290984469383,8.340658412999801,9.893532340999627,1f462076008b3fd54a2975ea2716ca52466fe7d3ac63f691d8bbbd33f11558ad,a283ad1512f3b7a701f6b29adad123fa84624084570574bc42562390fc8bf452
frozen200,b2,weakening/weaken_antecedent/weaken_antecedent_15_10_10.trace,weakening,weakening_b2,10,2,0,8,15,MIN_EXPANDED_SIZE,OfficialWeakeningAntecedent,5,b1e9611061952a32382f227b3c69ff666095bf79b19f7f14fa21c07adfa64fab,3,10,10,SAT,SAT,6,6,1.25,1.0,TRANSLATED_ONLY,TRANSLATED_ONLY,True,365569,221215,1322527,586452,1.6525506859842234,2.2551325598684975,2.582025061999957,6.137293555999349,37b791554bae5f126c7a56a037b9d14e8d62ab64e5663e97310d6e854614253a,1881a1c55246ee8bbdd59eece50fd5d33316b3e2f3c655a838b3bbed3d01676c
frozen200,b2,weakening/weaken_antecedent/weaken_antecedent_20_10_10.trace,weakening,weakening_b2,10,2,0,8,15,MIN_EXPANDED_SIZE,OfficialWeakeningAntecedent,9,8580a32f9224ec43808eaaefa9c05153e70adb7bed141bc7092a7e186f5f989c,3,10,10,SAT,SAT,6,6,1.25,1.0,TRANSLATED_ONLY,TRANSLATED_ONLY,True,1087492,441468,4015583,1211329,2.46335408228909,3.315022590889841,6.890401093000037,10.694195313999444,b91afbdf36b43f0397bb97d27b2e5bc8b1db482b25579d197ab3a2fd53de483b,1abec62c87d7a4f30666d8bc693c479b6ed0592dd5b9a813e488e9b6f6748953
frozen200,b2,weakening/weaken_antecedent/weaken_antecedent_25_10_10.trace,weakening,weakening_b2,10,2,0,8,15,MIN_EXPANDED_SIZE,OfficialWeakeningAntecedent,5,dea8c60fd8d77602478a81c28f2bbc92c5c8ffade2e71b15fbf77c4a420dc29e,3,10,10,SAT,SAT,6,6,1.25,1.0,TRANSLATED_ONLY,TRANSLATED_ONLY,True,1787469,300235,6793927,784672,5.953566373007811,8.658301812731944,10.292116347000047,6.888411545000054,88e9cc5442b67f34ad88d8c3dab449ece619971cd70d860fc6c0c6f75e4db2ff,f80490cf28bc7832bfcdad377bebd54e61193d09c35703fb84ea9177711e60c0
frozen200,b2,weakening/weaken_antecedent/weaken_antecedent_30_10_10.trace,weakening,weakening_b2,10,2,0,8,15,MIN_EXPANDED_SIZE,OfficialWeakeningAntecedent,7,ad27f162bc6732725ddbc3ae2b54815743d00de636ebb6f139b30b2130007a9b,3,10,10,SAT,SAT,6,6,1.25,1.0,TRANSLATED_ONLY,TRANSLATED_ONLY,True,3105350,495295,11871857,1331334,6.269697856832797,8.91726418764938,13.4997713570001,8.69083519600008,49fcd85cef017bb11a6baa4ff45dc2b182b620356f2eb20fd410519f7f6ed1cc,6091721ffff86183b51572849066032ae0fce9c2a80ba7cfbc36a27da4c8ef8e
frozen200,b2,weakening/weaken_antecedent/weaken_antecedent_35_10_10.trace,weakening,weakening_b2,10,2,0,8,15,MIN_EXPANDED_SIZE,OfficialWeakeningAntecedent,7,a8a622304401fb505c5a4a63b350a2aa6b25b9a511831aa4e6fc2c8da34e4ccd,3,10,10,SAT,SAT,6,6,1.25,1.0,TRANSLATED_ONLY,TRANSLATED_ONLY,True,5699550,554209,22002857,1485648,10.284116641916677,14.810276054623975,32.636175419999745,9.291596492999815,bb2f4b6724b69abdbd5f3171e86bfae8ca3eb1397d7ea9f3e3442a785d420d7d,3aaeeea9ce7fbf6925fe3fc5fa824dc0952abb0120a6021bfc7323be55eb5157
remaining423,b2,weakening/weaken_antecedent/weaken_antecedent_40_10_10.trace,weakening,weakening_b2,10,2,0,8,15,MIN_EXPANDED_SIZE,OfficialWeakeningAntecedent,5,9e727caad453c3a3439cddc50261a08a0d061c3a9fb076f5fd855be6f030ff63,3,10,10,SAT,SAT,6,6,1.25,1.0,TRANSLATED_ONLY,TRANSLATED_ONLY,True,8222669,418710,31968827,1081947,19.63810035585489,29.547498167655164,48.947418459000346,6.787302145000012,2c8f9dba263bc32077ef5aaed8eed5bf4388239d1c7afd6a33646cceb3b51e8b,a10c8834b06ace4a69bab2d1817223f7a2a76e7b1f7920a14d4ae1e0131ef052
remaining423,b2,weakening/weaken_antecedent/weaken_antecedent_45_10_10.trace,weakening,weakening_b2,10,2,0,8,15,MIN_EXPANDED_SIZE,OfficialWeakeningAntecedent,7,21c2c4be284b6b6c1ed2cebfa96c725e462d4f0d48c166b86061bc522c2a7051,3,10,10,TIMEOUT,SAT,6,6,1.25,1.0,TRANSLATION_TIMEOUT,TRANSLATED_ONLY,False,,672009,,1794248,,,180.76363830200034,8.390831547999824,2363fb3785f2abc6b94b4780852bc786fd2c0d6bda3dfa9c9cbe3d058c5ab699,7c34a2ed6df695082f5fb6c86b0019ed3992634e692e9c2247ca3e474821fcc0
frozen200,b2,weakening/weaken_antecedent/weaken_antecedent_50_10_10.trace,weakening,weakening_b2,10,2,0,8,15,MIN_EXPANDED_SIZE,OfficialWeakeningAntecedent,9,bdaad8f3733fc4b86751a8e7088e2cc93759052530ea4c33c1600a38a8ea8926,3,10,10,TIMEOUT,SAT,6,6,1.25,1.0,TRANSLATION_TIMEOUT,TRANSLATED_ONLY,False,,823576,,2232422,,,180.77793913700043,12.746064695999848,51d7c062a762da89d1c91ffa006acb994044a4441ea8ca6096d330708ab55698,1fb06315c866ab7fdf43cde37b415dc137157947eef5cfb05705021552e9f5b9
frozen200,b2,weakening/weaken_antecedent/weaken_antecedent_55_10_10.trace,weakening,weakening_b2,10,2,0,8,15,MIN_EXPANDED_SIZE,OfficialWeakeningAntecedent,9,698cb69169559bb00acd7151f73e2cf5e9889d328389deb34a8f0d3b114dcb4f,3,10,10,TIMEOUT,SAT,6,6,1.25,1.0,TRANSLATION_TIMEOUT,TRANSLATED_ONLY,False,,889585,,2408631,,,180.76985341399995,11.996378496000034,3abd72f8b2bb5a25672665351a6f0706ef6c6806e3edc5e7f9e35ec19cd0d355,80a1d9efa43a0d0d35c052421fa4b7ea5ac4f502f59b1aedfd2520997fb0efd1
frozen200,b2,weakening/weaken_antecedent/weaken_antecedent_5_10_10.trace,weakening,weakening_b2,10,2,0,8,15,MIN_EXPANDED_SIZE,OfficialWeakeningAntecedent,5,81780aaba142b8d2ed797230affe87977dde7c5d37b44116e728a9a65c58055b,3,10,10,SAT,SAT,6,6,1.25,1.0,TRANSLATED_ONLY,TRANSLATED_ONLY,True,30767,137200,90427,377761,0.22424927113702625,0.23937621935562434,1.3300865880000856,5.786648758999945,f4f0f578d1baea7ba9fb10158a8aa809c8d34341afc3093220e500232f48f6f1,86fc8dd63615a4277a4123143991d59ca90776b43c965ca58e44444fe4954489
remaining423,b2,weakening/weaken_antecedent/weaken_antecedent_60_10_10.trace,weakening,weakening_b2,10,2,0,8,15,MIN_EXPANDED_SIZE,OfficialWeakeningAntecedent,9,0053a915e901a06d6204b62b0a344d0f088c52e57a283f87963d02afa63b3416,3,10,10,TIMEOUT,SAT,6,6,1.25,1.0,TRANSLATION_TIMEOUT,TRANSLATED_ONLY,False,,997508,,2695369,,,180.81781769100007,11.345365501999822,f0935d7def21d1f8e5ae1420caea89ed73ab45732d0ef6a165c3f0c188e2458b,d9385588e4726fd23ea5be9b7a95c4ca1ffc1550055b70d6268b8525719dd75f
frozen200,b2,weakening/weaken_antecedent/weaken_antecedent_65_10_10.trace,weakening,weakening_b2,10,2,0,8,15,MIN_EXPANDED_SIZE,OfficialWeakeningAntecedent,9,7486a64d3ca392c9fd953d4b3451811da34ee411cf528f8e4fe2f9e685977352,3,10,10,TIMEOUT,SAT,6,6,1.25,1.0,TRANSLATION_TIMEOUT,TRANSLATED_ONLY,False,,1067024,,2880885,,,180.7767235929996,14.149346774999685,e308a87b51c90c7a0e276490fb1e3950dc2dd403bb3f3ba29d39b2f78971ff14,63af13ba0d23edaac15279a30c0744cd18ceb04711b91a0760ee008323a6cbdc
frozen200,b2,weakening/weaken_antecedent/weaken_antecedent_70_10_10.trace,weakening,weakening_b2,10,2,0,8,15,MIN_EXPANDED_SIZE,OfficialWeakeningAntecedent,9,2ea2fc28033837d3537254dbec71c8357b18e14c5422673dede949b0b419f427,3,10,10,TIMEOUT,SAT,6,6,1.25,1.0,TRANSLATION_TIMEOUT,TRANSLATED_ONLY,False,,1136516,,3066377,,,180.8079302870001,15.44959922399994,78d7b4b6910acb6f8b347a842553faf2307b6efb813cd023eb2a58c0e6f01a55,eb2253cc229cf6b4cf253c77f66271650166f67c0900af95ee698d3187483bcf
frozen200,b2,weakening/weaken_antecedent/weaken_antecedent_75_10_10.trace,weakening,weakening_b2,10,2,0,8,15,MIN_EXPANDED_SIZE,OfficialWeakeningAntecedent,9,b06dd39bf194c16c54163d3f69bc559bc8a5f357c1cdd5a09b68198359807848,3,10,10,TIMEOUT,SAT,6,6,1.25,1.0,TRANSLATION_TIMEOUT,TRANSLATED_ONLY,False,,1206016,,3251877,,,180.80795140200007,14.950762464000036,8837a5699aa6d6e26085e20580a94dde45e56254df62750db0fd5d9dc84f8fb2,e0956c792cdbccb1ba08f8018427aed2b3365d66bd57a09327c83bab9a587fb7
frozen200,b2,weakening/weaken_antecedent/weaken_antecedent_80_10_10.trace,weakening,weakening_b2,10,2,0,8,15,MIN_EXPANDED_SIZE,OfficialWeakeningAntecedent,5,2f04621e218c3ffaba3f032de908f41755c3333f4efe61ce94c95a8591922fdf,3,10,10,TIMEOUT,SAT,6,6,1.25,1.0,TRANSLATION_TIMEOUT,TRANSLATED_ONLY,False,,734735,,1874772,,,180.80968059000043,10.145617340000172,12fafa103c83725f20780596a41361831a29a3d42683ff2c82e68000a4c52144,43a5aa8664a3fd158db89ca179068112a5300ef2a689a8cb61fda6e285c5d37d
frozen200,b2,weakening/weaken_antecedent/weaken_antecedent_85_10_10.trace,weakening,weakening_b2,10,2,0,8,15,MIN_EXPANDED_SIZE,OfficialWeakeningAntecedent,9,36dcd944113412c8b40b0394575b117523e15fefa84a5b3b13ef98d273995fdd,3,10,10,TIMEOUT,SAT,6,6,1.25,1.0,TRANSLATION_TIMEOUT,TRANSLATED_ONLY,False,,1345000,,3622861,,,180.84426188399993,16.510176389000662,b9541a5754fe1d8f9d4651a6c0c6c4a8eb2c5ad0f279a139cf02bc6c4639a2af,99bc5ff422d0084d6f1eadedbbad47e3910a7123837e2acbe468f4d99e4ec7ee
frozen200,b2,weakening/weaken_antecedent/weaken_antecedent_90_10_10.trace,weakening,weakening_b2,10,2,0,8,15,MIN_EXPANDED_SIZE,OfficialWeakeningAntecedent,5,40fcfa5e7ff9b5b83efe744c483ebad50c3395f5c39c10c5b3eb9d016a9b9a04,3,10,10,TIMEOUT,SAT,6,6,1.25,1.0,TRANSLATION_TIMEOUT,TRANSLATED_ONLY,False,,813735,,2072972,,,180.79517139400014,12.697240860999955,d84ab6475bd6fdb4472f68405ce2ef645d13b1799a702735af67046d5f8ae338,e4ff4ba407551eb6011807d2660de8b00ea061bb6f444a0f89a4a5ddaa834043
frozen200,b2,weakening/weaken_antecedent/weaken_antecedent_95_10_10.trace,weakening,weakening_b2,10,2,0,8,15,MIN_EXPANDED_SIZE,OfficialWeakeningAntecedent,9,f69a804f67257ab9f6de373cf77f923202aa836f8bc219703211a8ef7567682d,3,10,10,TIMEOUT,SAT,6,6,1.25,1.0,TRANSLATION_TIMEOUT,TRANSLATED_ONLY,False,,1417801,,3818447,,,180.79695672700018,16.956304808999448,8542c6f3df0ecebff48e9653c45a1147810d49d5ff1c3f27472fd00d829f27cd,74cbc8da12acecadfd7bc5f89f9eac447755c09fb5ff328c4eaa0f239cf8c16d
frozen200,b3,weakening/weaken_consequent/weaken_consequent_100_10_10.trace,weakening,weakening_b3,18,3,0,11,15,MIN_EXPANDED_SIZE,OfficialWeakeningConsequent,9,a9161f65fc07d3f0e546a24f44292bdd7c943b3bd19fdd3621de69aa37541611,3,10,10,TIMEOUT,SAT,7,7,1.6363636363636365,1.0,TRANSLATION_TIMEOUT,TRANSLATED_ONLY,False,,1799322,,4916915,,,180.8076046899996,17.756107578999945,a8bba34a22b3a617e2a12e4dc427dbc81c9d4aca4690fa2414dbd886b9865764,340197d37048d2b367e36564bb267a6910c50120a10d84a6e86eea009fceee73
remaining423,b3,weakening/weaken_consequent/weaken_consequent_10_100_100.trace,weakening,weakening_b3,18,3,0,11,15,MIN_EXPANDED_SIZE,OfficialWeakeningConsequent,9,d276a89c6608dbd30e6fb5b241728d1a2e23b71121d4ad65746269627435b746,3,100,100,SAT,SAT,7,7,1.6363636363636365,1.0,TRANSLATED_ONLY,TRANSLATED_ONLY,True,1796274,2040675,6129155,5151707,0.880235216288728,1.189732840008176,10.392850751999958,17.052628140999786,2879f36884fed0a5dbda7680b744d5afa58cb69371c4a105ca5fe4ec8fbf8292,373f46ebc17d0536e99bf0279cb15db2e1d595c14ee1767fbcd6f6a041333cd6
frozen200,b3,weakening/weaken_consequent/weaken_consequent_10_10_10.trace,weakening,weakening_b3,18,3,0,11,15,MIN_EXPANDED_SIZE,OfficialWeakeningConsequent,15,c565be745038a988786ff690a5a008e3ee068ee7eea790f7bbf0d4da7e87a052,3,10,10,SAT,SAT,7,7,1.6363636363636365,1.0,TRANSLATED_ONLY,TRANSLATED_ONLY,True,328154,447784,1093983,1275690,0.7328399406856877,0.8575617900900689,2.832126182000138,13.045835225000701,2f130d2a793739a2b6b82e02b647e57759324b7546b25e1a579920752dbdd0df,618874a6685dd24d42ffd6943f2cf1da88a82773fec85cd9bd2ca3e237ebfde5
remaining423,b3,weakening/weaken_consequent/weaken_consequent_10_15_15.trace,weakening,weakening_b3,18,3,0,11,15,MIN_EXPANDED_SIZE,OfficialWeakeningConsequent,5,1e4062af74a13ec6fddd4cd9c1263fbc3ca115bd568beb465aa4e1685ccd0278,3,15,15,SAT,SAT,7,7,1.6363636363636365,1.0,TRANSLATED_ONLY,TRANSLATED_ONLY,True,192545,228864,665987,593844,0.8413075013982103,1.1214847670431964,1.8307177809997484,6.437837414000114,3722ec821ed0be52e66ffdd5756fb200e8a6461c99bc4b199f562ed4cd5e37e6,d12e20748155a2adbd94ffe4e84401f7744cff20b52abfbbda7124aecd5e7f49
frozen200,b3,weakening/weaken_consequent/weaken_consequent_10_20_20.trace,weakening,weakening_b3,18,3,0,11,15,MIN_EXPANDED_SIZE,OfficialWeakeningConsequent,11,05c37633a408b0a663047c20cb7d7b4c4bc7cf60fe7f58db41a18794a69c978b,3,20,20,SAT,SAT,7,7,1.6363636363636365,1.0,TRANSLATED_ONLY,TRANSLATED_ONLY,True,438315,684896,1479358,1882160,0.6399730762042705,0.7859895014238959,3.133102824999696,14.553028119000373,680d57eb631608bbb411588c2e22294143ccfae9a003effb5e93ad7b2559b034,478cbc058715199c54da5c0e1daa3bf131b409c75f7f640ea10db2b085750624
frozen200,b3,weakening/weaken_consequent/weaken_consequent_10_25_25.trace,weakening,weakening_b3,18,3,0,11,15,MIN_EXPANDED_SIZE,OfficialWeakeningConsequent,5,cae4b190edc26e2bad260aedcad905f2010a597930f11ca875051ddf727937bf,3,25,25,SAT,SAT,7,7,1.6363636363636365,1.0,TRANSLATED_ONLY,TRANSLATED_ONLY,True,318825,323149,1105287,806884,0.9866191756743793,1.3698214365385855,2.631963337000343,6.988505209000323,35a31d354f6d7ebf95cfe763048225f854f2113768a106cc3a35d30864afa1d4,97678f9b57f64d883ccd4424f03cc7a4758d9366279ccae7635dc23a9632e2b9
remaining423,b3,weakening/weaken_consequent/weaken_consequent_10_30_30.trace,weakening,weakening_b3,18,3,0,11,15,MIN_EXPANDED_SIZE,OfficialWeakeningConsequent,5,4808b046eeb02bb1b7fd9be54e86b347206e24bf97e54133397b7226629fce6f,3,30,30,SAT,SAT,7,7,1.6363636363636365,1.0,TRANSLATED_ONLY,TRANSLATED_ONLY,True,381965,370334,1324937,913514,1.0314067841462031,1.4503740500966598,2.832166574999974,6.9379796869998245,f8e91d9bb44073728577e42f638c542ed8f9a0d305d5fd1b58b8e55d78c7cfb0,68def182adf95381d909fb8c0281d06b3a95c3e4af914b95b39d571550ddfcf0
frozen200,b3,weakening/weaken_consequent/weaken_consequent_10_35_35.trace,weakening,weakening_b3,18,3,0,11,15,MIN_EXPANDED_SIZE,OfficialWeakeningConsequent,15,52d26e1412eba83ddfdf227ad67da73e01d9d18d82b70dbbdc36e2f384ff384e,3,35,35,SAT,SAT,7,7,1.6363636363636365,1.0,TRANSLATED_ONLY,TRANSLATED_ONLY,True,1029354,1048426,3497233,2807702,0.9818089211828016,1.2455855357869177,5.63659610600007,15.750629911000033,27e353c56112aed4e0ed0f6bd698379dc425d4a9dc8cfb9c2a8d913e9239a609,20e921e095771e1f484d77e87b107152e325fd365872234cc779c56b91e25bea
frozen200,b3,weakening/weaken_consequent/weaken_consequent_10_40_40.trace,weakening,weakening_b3,18,3,0,11,15,MIN_EXPANDED_SIZE,OfficialWeakeningConsequent,7,6a07d631793c4224cc96e090f2769ad87740f424509ca192252e8910835f199d,3,40,40,SAT,SAT,7,7,1.6363636363636365,1.0,TRANSLATED_ONLY,TRANSLATED_ONLY,True,610258,676249,2090869,1701207,0.9024161218722689,1.2290503154524992,4.585336078000182,9.440748148000239,948c62ea7fb1f77ab8ddad33edc8f0d9a62ad051ad9fbf7704fd0fcfc1259a1e,f013b13b9f1d3eda0fe324e4534be85a05aab5584ebae343361335be2ef4b3ae
remaining423,b3,weakening/weaken_consequent/weaken_consequent_10_45_45.trace,weakening,weakening_b3,18,3,0,11,15,MIN_EXPANDED_SIZE,OfficialWeakeningConsequent,15,3a7d0c05499cd67a8edc145a6d66d33cc7194a5b0170cc7d373b25fa0b593763,3,45,45,SAT,SAT,7,7,1.6363636363636365,1.0,TRANSLATED_ONLY,TRANSLATED_ONLY,True,1309834,1296017,4458533,3440845,1.0106611255870872,1.295766882844185,7.537806817999808,14.847806415999912,624590cbe45594d78046275cc94e70bf1f36006cacad04d18f9f8e48f91bcebe,0a3c63efdac15ec3b6a01286265e6c368229888a720c931537589d930ea74c15
frozen200,b3,weakening/weaken_consequent/weaken_consequent_10_50_50.trace,weakening,weakening_b3,18,3,0,11,15,MIN_EXPANDED_SIZE,OfficialWeakeningConsequent,5,afbf8784ce29f36c4e7dae808b5867c11864c6c4a051f10024413f436d244db0,3,50,50,SAT,SAT,7,7,1.6363636363636365,1.0,TRANSLATED_ONLY,TRANSLATED_ONLY,True,634525,559069,2203537,1339804,1.1349672401796558,1.644671160856364,4.784822214000087,7.788660424000227,196adcb9a2cdbe3935cc782564e0cac891840ca714ac361319b386e3d88c26f1,b0ea32ab25734a3e9ce8cd4ba2464409c6204edc9597ec24dbf2e08246dce614
frozen200,b3,weakening/weaken_consequent/weaken_consequent_10_55_55.trace,weakening,weakening_b3,18,3,0,11,15,MIN_EXPANDED_SIZE,OfficialWeakeningConsequent,11,d88fd4b5ed2d82aaf60b31716077c1d0e271472606f1f6bcfb105b018d85f1b8,3,55,55,SAT,SAT,7,7,1.6363636363636365,1.0,TRANSLATED_ONLY,TRANSLATED_ONLY,True,1170515,1527818,3978708,4032574,0.7661351024794838,0.9866422786041869,8.290616017000502,18.155194340999515,dedf6ce061e5ed5d3b6f35f5d5891c93740d2f8c6ac2bb956877e2d110af031e,dd061c3f04feb0c0cf9555f1db837a7bf71994e13395f4e552dc566c87966dd3
frozen200,b3,weakening/weaken_consequent/weaken_consequent_10_5_5.trace,weakening,weakening_b3,18,3,0,11,15,MIN_EXPANDED_SIZE,OfficialWeakeningConsequent,11,648a67066d404d92c9eb11b63d458b078bfe009a0723e396377e306912622544,3,5,5,SAT,SAT,7,7,1.6363636363636365,1.0,TRANSLATED_ONLY,TRANSLATED_ONLY,True,124515,321344,408208,954128,0.38748195080661224,0.42783358207703787,1.8812293649998537,10.995767733999855,357cf15778c2c034f6dd18841c926acc4aff7fb0b8451ef9d633b8859f28925c,61e16310927b32ec2beb429d6e658bfbada23a5ba5fa1cf49a9fad73b5ace93d
frozen200,b3,weakening/weaken_consequent/weaken_consequent_10_60_60.trace,weakening,weakening_b3,18,3,0,11,15,MIN_EXPANDED_SIZE,OfficialWeakeningConsequent,7,f2cbe5aaae743b9dc6063338f8505b6545de5c0000d10ebabd273d843d973980,3,60,60,SAT,SAT,7,7,1.6363636363636365,1.0,TRANSLATED_ONLY,TRANSLATED_ONLY,True,911698,954244,3127069,2359808,0.9554139192910828,1.3251370450477327,5.586123034999218,10.795748077999633,1841be585c33bab97e978a844853265bb1b254da4f5974a6f483a4550c9533ad,26fca19c4650d00035b18778e530d5dbdb373dddf82f3adc39502a940476432b
remaining423,b3,weakening/weaken_consequent/weaken_consequent_10_65_65.trace,weakening,weakening_b3,18,3,0,11,15,MIN_EXPANDED_SIZE,OfficialWeakeningConsequent,15,4d96ec9dc3acce7d8f85ca0c3686ed222e2362b73020e3e8a8752aab50ba1772,3,65,65,SAT,SAT,7,7,1.6363636363636365,1.0,TRANSLATED_ONLY,TRANSLATED_ONLY,True,1870794,1781006,6381133,4678573,1.050414204107117,1.3639058319705601,9.748058738000054,20.005668983000305,18bb4c3d332a2c1e27da9ce337f76b19291b433a2175b3014b7bebeda186fcfb,7e05d54a12ca1114ec3f676b453a209b73f6ee3473a9ea177ec621c4a4ff7163
frozen200,b3,weakening/weaken_consequent/weaken_consequent_10_70_70.trace,weakening,weakening_b3,18,3,0,11,15,MIN_EXPANDED_SIZE,OfficialWeakeningConsequent,5,dd6e63ef5679bfd0de937eff3cb920c4fac41509f0693889f0eff39fe2b358ba,3,70,70,SAT,SAT,7,7,1.6363636363636365,1.0,TRANSLATED_ONLY,TRANSLATED_ONLY,True,887085,747734,3082137,1766069,1.186364402314192,1.7451962522415603,6.24468157299998,8.490081199999622,515e5aa15cf0c69185ae77233bdf5a177df1784e9100949257daffc1eae6d320,41babc0ef6c0089ae45430da9f4744e6dde9bb2ba108442bd43cd74464c2e9ee
frozen200,b3,weakening/weaken_consequent/weaken_consequent_10_75_75.trace,weakening,weakening_b3,18,3,0,11,15,MIN_EXPANDED_SIZE,OfficialWeakeningConsequent,5,a9264ba7a63670b26389af1d2d5346b75f955126e0f2a05351f4e6f17d6dd630,3,75,75,SAT,SAT,7,7,1.6363636363636365,1.0,TRANSLATED_ONLY,TRANSLATED_ONLY,True,950225,795094,3301787,1872829,1.1951102636920918,1.7629943790917377,5.385868667999603,9.242459928000244,62b2397559250334a0140e001fc69e1a8449f3daf67357ac8fcd311f300685e4,25099f6393296a20a08ac457338828a7199d9df53353444927d66edceb71847c
frozen200,b3,weakening/weaken_consequent/weaken_consequent_10_80_80.trace,weakening,weakening_b3,18,3,0,11,15,MIN_EXPANDED_SIZE,OfficialWeakeningConsequent,5,c4b165b1a621a8218ee3e297acebadafb3d4459ecf2e5640ae7664f32ded2a06,3,80,80,SAT,SAT,7,7,1.6363636363636365,1.0,TRANSLATED_ONLY,TRANSLATED_ONLY,True,1013365,840169,3521437,1974234,1.2061442400278992,1.7836978797852736,5.786114487999839,9.291004132000126,e26caf7fcab673dcacf851117fe0873cb4ee9dc16263d5a7d8c010ace352c6eb,114b17b7c8bda250f9b2b98235d6bcc4d31e3ad00711825d4c8f5e5cd400a155
frozen200,b3,weakening/weaken_consequent/weaken_consequent_10_85_85.trace,weakening,weakening_b3,18,3,0,11,15,MIN_EXPANDED_SIZE,OfficialWeakeningConsequent,5,7aa55051300d2220c06e0b5b806ca04beff81417c670fa2ad42df15843f0bdc1,3,85,85,SAT,SAT,7,7,1.6363636363636365,1.0,TRANSLATED_ONLY,TRANSLATED_ONLY,True,1076505,889374,3741087,2085999,1.2104075450822713,1.7934270342411478,6.087025937000362,11.596058031000211,f78b8b32236dd6aa51e9197a304505be60d387185a78441339190d4217fef25e,6f537e6c009331b0622ca8782d432b781c034334c9b259db50d5842b4b772b78
remaining423,b3,weakening/weaken_consequent/weaken_consequent_10_90_90.trace,weakening,weakening_b3,18,3,0,11,15,MIN_EXPANDED_SIZE,OfficialWeakeningConsequent,15,b54e8d4aceb6c9279c42c8d005db04296075ab90203596024b08cb32fc2724ee,3,90,90,SAT,SAT,7,7,1.6363636363636365,1.0,TRANSLATED_ONLY,TRANSLATED_ONLY,True,2571994,2386761,8784383,6225128,1.0776085246909934,1.41111684771783,14.298412309000014,22.05840991900004,4dac9b4a9f6880c19d3ba26d50f825d14546a8f9f10f301eaa69432d4fdf8a08,6db0402700cd1128ed8efeec6f34afdb9dcd5b773d6937ba43cd23885edb8d4c
frozen200,b3,weakening/weaken_consequent/weaken_consequent_10_95_95.trace,weakening,weakening_b3,18,3,0,11,15,MIN_EXPANDED_SIZE,OfficialWeakeningConsequent,5,cacc2bd3797939ea41759b9e20f7e0d8af2da0e2537c8f1b39e7f86a3b79f661,3,95,95,SAT,SAT,7,7,1.6363636363636365,1.0,TRANSLATED_ONLY,TRANSLATED_ONLY,True,1202785,983714,4180387,2299049,1.222697857304054,1.8183113974517289,8.743055351999828,10.894914145999792,899e596d3f789786ecca67f4253cd7417d4cb18eed7e1b2d47d74bd99576add2,62a3e25b8bc71f4a0892509e62b9543585af360a58ac6ac9480b94aad73888e9
frozen200,b3,weakening/weaken_consequent/weaken_consequent_15_10_10.trace,weakening,weakening_b3,18,3,0,11,15,MIN_EXPANDED_SIZE,OfficialWeakeningConsequent,5,527d1c79dca0a4dfc73bccd7b8a09eb27181ee9733827cfded8b0331bb0c5b73,3,10,10,SAT,SAT,7,7,1.6363636363636365,1.0,TRANSLATED_ONLY,TRANSLATED_ONLY,True,356005,221234,1294937,586459,1.6091785168644963,2.2080605805350415,2.4817527360000895,5.8375185909999345,8bbfec0750d173fad02126014e2ba627c8f633cdcda8297c6219b2f67ed2141a,aad04bab080f751e6509d5c8c0c364fbe3dee8d45ce6543e828cb1919bbb935a
frozen200,b3,weakening/weaken_consequent/weaken_consequent_20_10_10.trace,weakening,weakening_b3,18,3,0,11,15,MIN_EXPANDED_SIZE,OfficialWeakeningConsequent,5,a6828e17467ccfba3c4892b13af14eae77c56764981c5c6fedae665fc99b4eb0,3,10,10,SAT,SAT,7,7,1.6363636363636365,1.0,TRANSLATED_ONLY,TRANSLATED_ONLY,True,943005,260729,3540737,685554,3.616801353129111,5.164782059473069,5.686008211000626,6.23761026000011,da602110fc4a34a3b3cb0879e1d27f68d962716e135c4b739dc2fae6a21e83db,00c8c8d4627d6d1371089a5dd97243fe3b3dcb90ae0a513fceae33b6cfce6c1e
frozen200,b3,weakening/weaken_consequent/weaken_consequent_25_10_10.trace,weakening,weakening_b3,18,3,0,11,15,MIN_EXPANDED_SIZE,OfficialWeakeningConsequent,5,86f99f65fdbbca16ebbbae53d1d26468647cf5f845acb40fc6064f556896194e,3,10,10,SAT,SAT,7,7,1.6363636363636365,1.0,TRANSLATED_ONLY,TRANSLATED_ONLY,True,1766705,300234,6728137,784659,5.88442681375194,8.574599921749448,8.190146120999998,6.036872573999972,ddd27e8fbcb28b67f6b8cc1ca88f637a12bc71e739ae26822432630329952ba4,28aad22e5cb7aa13f4a8ed1e7386381da13a8ea4067ec20eca3f3d559e1579d3
remaining423,b3,weakening/weaken_consequent/weaken_consequent_30_10_10.trace,weakening,weakening_b3,18,3,0,11,15,MIN_EXPANDED_SIZE,OfficialWeakeningConsequent,11,3d42d88c0941627c380e2af47f0038693423aaab6c4080fef168dee15df86405,3,10,10,SAT,SAT,7,7,1.6363636363636365,1.0,TRANSLATED_ONLY,TRANSLATED_ONLY,True,3313215,862216,12593558,2437560,3.8426739935236647,5.1664607230181,16.55248639499996,13.045831851999992,f110ebc1d32e282471b22d409ae82c54cb987e461e95b1222e65be87603f98e6,83b554f185aa6691b9840826b4842ac599b0be903a84fef7c12c180cc31a9c54
frozen200,b3,weakening/weaken_consequent/weaken_consequent_35_10_10.trace,weakening,weakening_b3,18,3,0,11,15,MIN_EXPANDED_SIZE,OfficialWeakeningConsequent,9,c4c5301393e2f6cdc29a26b4b0d4191eda1928bc582fbecce0e36d5b5c5f8e97,3,10,10,SAT,SAT,7,7,1.6363636363636365,1.0,TRANSLATED_ONLY,TRANSLATED_ONLY,True,5800434,750213,22357055,2068606,7.731716192601302,10.80778794995277,34.028664662000665,11.145050731000083,be89589733905acbafa181b358d808b331789a4b4a01fc7e385ebaca3b3c162e,54275fbc07080e2929a4c135900d64544ee4bec41a2bd4ebafcc6b27c07836e7
frozen200,b3,weakening/weaken_consequent/weaken_consequent_40_10_10.trace,weakening,weakening_b3,18,3,0,11,15,MIN_EXPANDED_SIZE,OfficialWeakeningConsequent,5,44afafa1a03d980f2c15c8d4c93f7621bf95406f52a9042ca772c34765f942c6,3,10,10,SAT,SAT,7,7,1.6363636363636365,1.0,TRANSLATED_ONLY,TRANSLATED_ONLY,True,8177605,418734,31815737,1081959,19.529355151480416,29.40567710976109,48.49620224299997,7.6404679510005735,b412396406dfbf393140d8dae76c5095f022ac197c47957114ea385a13285c8c,d98fa8a5bfd698875f33ef22f68700511673aeedc930519de74529df90842b60
frozen200,b3,weakening/weaken_consequent/weaken_consequent_45_10_10.trace,weakening,weakening_b3,18,3,0,11,15,MIN_EXPANDED_SIZE,OfficialWeakeningConsequent,5,d737901d8f018a1c08e002e91886ae5698fca92b4b6bf0f269cdd7802de407da,3,10,10,TIMEOUT,SAT,7,7,1.6363636363636365,1.0,TRANSLATION_TIMEOUT,TRANSLATED_ONLY,False,,458184,,1181009,,,180.7885296909999,8.04047904700019,a7600a8a165aba6f26db6ec40daa43322075b49311bf1f2e758b7d132d1901a0,56f6ccbf1e5f349c006942e4a7968d1e659a6f62229577520d9d1cf3c47b8487
frozen200,b3,weakening/weaken_consequent/weaken_consequent_50_10_10.trace,weakening,weakening_b3,18,3,0,11,15,MIN_EXPANDED_SIZE,OfficialWeakeningConsequent,11,2e2c6fc839f779bbb264f7bada7c1af649e566c9ddbd4489e955b4bd8e844bc1,3,10,10,TIMEOUT,SAT,7,7,1.6363636363636365,1.0,TRANSLATION_TIMEOUT,TRANSLATED_ONLY,False,,1281794,,3611538,,,180.78839845400034,15.801864677000594,8d4e2b1fe8ccf2e4f36a5ffe4c7a3d5ae0417d4d8cc1af7863cb31f32d94e506,6bc8af5431d9e1a2180861b513d04fe231fd15bf4af2467fe78fd76d19312f51
frozen200,b3,weakening/weaken_consequent/weaken_consequent_55_10_10.trace,weakening,weakening_b3,18,3,0,11,15,MIN_EXPANDED_SIZE,OfficialWeakeningConsequent,5,ba34617e41e5dbf54dc15ae33f459d5f700fd252488ef59b16ec6f0bd85702b2,3,10,10,TIMEOUT,SAT,7,7,1.6363636363636365,1.0,TRANSLATION_TIMEOUT,TRANSLATED_ONLY,False,,537229,,1379254,,,180.79327649400057,8.840239406999899,1124b934245e0417f1f3da34e84929cc6791123edf660bee38ef82c94dce4bb1,20a44a0a9d296dd6dab684f4157ae8df7b6f7fc489ddcd6c856f001f1a8e7825
frozen200,b3,weakening/weaken_consequent/weaken_consequent_5_10_10.trace,weakening,weakening_b3,18,3,0,11,15,MIN_EXPANDED_SIZE,OfficialWeakeningConsequent,9,1c2fdebb5c282beeda362b1dd2f771fcbade6cef47e011bc64f3934df3065609,3,10,10,SAT,SAT,7,7,1.6363636363636365,1.0,TRANSLATED_ONLY,TRANSLATED_ONLY,True,62034,265590,187355,753475,0.23357054105952785,0.2486545671721026,1.441838220000136,9.594541016999756,99cbf9d0920e8cb267046614a59dfb4b821c16ac7cd894fd655bcec6c5aa0bdc,e29cc081e5af08242194513e1ac34330b6e89cfe31ca9fc87ba9fdb6a6f09e6c
frozen200,b3,weakening/weaken_consequent/weaken_consequent_60_10_10.trace,weakening,weakening_b3,18,3,0,11,15,MIN_EXPANDED_SIZE,OfficialWeakeningConsequent,15,d6fabd3c8467e4a7e0e8ab65f1917f172c44f6874abdc1425a5eaca124d2fada,3,10,10,TIMEOUT,SAT,7,7,1.6363636363636365,1.0,TRANSLATION_TIMEOUT,TRANSLATED_ONLY,False,,1496982,,4210888,,,180.7578259969996,12.897683624999445,7bea1e264c0325d482b360b321d1b1278d50f4b7235a429fe5405859d5f830d1,92c858b4fdfa67a61d05d8f45377e439572281130ddbb00a4c1f38acbc773c81
remaining423,b3,weakening/weaken_consequent/weaken_consequent_65_10_10.trace,weakening,weakening_b3,18,3,0,11,15,MIN_EXPANDED_SIZE,OfficialWeakeningConsequent,5,8682219a1e88107e3a694a1aef6111f979939a7ffd7c513d7d6b151d0c746d23,3,10,10,TIMEOUT,SAT,7,7,1.6363636363636365,1.0,TRANSLATION_TIMEOUT,TRANSLATED_ONLY,False,,616209,,1577434,,,180.81840584400015,8.140602419999595,d668380b699186be6a71e7951bfcc12702b49b49c50dc63bfc6ff037fb00ce76,6c7d005e4e021994a89db612e992d80665f95a3e195447766a0bbc6da0c9c2c3
frozen200,b3,weakening/weaken_consequent/weaken_consequent_70_10_10.trace,weakening,weakening_b3,18,3,0,11,15,MIN_EXPANDED_SIZE,OfficialWeakeningConsequent,7,536daeb88c0f01df49ee57825ce8c3b7f7ece712e80bb47e2afb76944bee6e2a,3,10,10,TIMEOUT,SAT,7,7,1.6363636363636365,1.0,TRANSLATION_TIMEOUT,TRANSLATED_ONLY,False,,966494,,2565721,,,180.89202935100002,11.045766977999847,573b5047de9f56c7be670180ebc23cc55bb80d654e98261c821e6f01e5dccc09,0aecb7392c7e4f988dedcaa1ecd05fc935d51ae67d92cd059955bb52414bdce7
frozen200,b3,weakening/weaken_consequent/weaken_consequent_75_10_10.trace,weakening,weakening_b3,18,3,0,11,15,MIN_EXPANDED_SIZE,OfficialWeakeningConsequent,9,b23d468c7148ff8f9bf206a19980408f5ee2e7afb5fd4f3aa68f01919400cd1e,3,10,10,TIMEOUT,SAT,7,7,1.6363636363636365,1.0,TRANSLATION_TIMEOUT,TRANSLATED_ONLY,False,,1395822,,3821415,,,180.7773129060006,17.003714022999702,faabbb6e47cf4f57b9526fb78eb77d20156cba351e1f16972370834458756042,3af36743e979f007a6ccde0e28ef23ec20fc2d5a5d20a2554b67f409774c937f
frozen200,b3,weakening/weaken_consequent/weaken_consequent_80_10_10.trace,weakening,weakening_b3,18,3,0,11,15,MIN_EXPANDED_SIZE,OfficialWeakeningConsequent,5,4e6d871d660393a5167cb3095b33b23d36e45370bbad1a6c79c058438aa312e5,3,10,10,TIMEOUT,SAT,7,7,1.6363636363636365,1.0,TRANSLATION_TIMEOUT,TRANSLATED_ONLY,False,,734729,,1874754,,,180.82033332500032,9.994158185999368,f936a9799e38208f38213e12786448127fe282f312b42cc3dd8804f786d428b5,134e2a0f94bb5267f4689c83ec852fe1669d60fb72a0fd1ca164e9ac6619ff1a
frozen200,b3,weakening/weaken_consequent/weaken_consequent_85_10_10.trace,weakening,weakening_b3,18,3,0,11,15,MIN_EXPANDED_SIZE,OfficialWeakeningConsequent,7,33aead5ade5e6fd9fb39f43dfedbce107e7ffbbac3937df21110b74ca96ff57a,3,10,10,TIMEOUT,SAT,7,7,1.6363636363636365,1.0,TRANSLATION_TIMEOUT,TRANSLATED_ONLY,False,,1143201,,3028628,,,180.76968509200015,12.949410678000277,54a39d04d1f86df0f0a144411b7feb9463834b3275e126fd5ded545ddc9cff70,821aacd15ed40fc3458f1d9e8492b29f0292f9f44e783961e06d32c98de0d097
remaining423,b3,weakening/weaken_consequent/weaken_consequent_90_10_10.trace,weakening,weakening_b3,18,3,0,11,15,MIN_EXPANDED_SIZE,OfficialWeakeningConsequent,7,65b09948e3207b84c13eb53712052464e9bf28e5593098ccbeb8c87af0b12ea2,3,10,10,TIMEOUT,SAT,7,7,1.6363636363636365,1.0,TRANSLATION_TIMEOUT,TRANSLATED_ONLY,False,,1202080,,3182907,,,180.80740969999988,12.6959634130003,1c58b65ec410e607bbad3b435bfbc60871663ae3d5d91560f4fd6959e1fb19f6,890b92b2fcac578382b2d59f90393d7e947b43b8204eb88affd92c0ce10ab992
frozen200,b3,weakening/weaken_consequent/weaken_consequent_95_10_10.trace,weakening,weakening_b3,18,3,0,11,15,MIN_EXPANDED_SIZE,OfficialWeakeningConsequent,5,026c828bf9d504c33bdbd1d72ccbba0d1e2201c795082e0db1ba8ec94684d9bc,3,10,10,TIMEOUT,SAT,7,7,1.6363636363636365,1.0,TRANSLATION_TIMEOUT,TRANSLATED_ONLY,False,,853234,,2172059,,,180.78490211199914,10.645609889000298,17833dd04e4820c0c8bcafb9b001637d361ec33c1a7333b73ffbd16a2eed7fec,490b62dd694d520a65ce642a224571bc479f6d50e40717d34fc1b809b1fc856d
