batch,task,family,category,B,b,p,K,qStates,objectiveKind,constraintFeatures,scope,inputSha256,numAP,positiveTraces,negativeTraces,method,attempt,backendTotalClauses,emissionSec,error,modelBytes,modelSha256,parseSec,primaryVars,solverInvoked,status,translationSec,vars,wallSec
b2,5to10Traces/0128.trace,5to10Traces,plain,67,2,0,8,1,MIN_EXPANDED_SIZE,,5,b5d6342146db3553a3dcf5758ec58215536115c1632db0303a0b7e62d038592a,4,163,225,atlas-b,1,5304470,0.5163843690006615,,109768,a2ed53e98618246c8270e07a4e92a4cb8ba2ae57211a238238d8efb2894f180c,1.403258859,27375,False,TRANSLATED_ONLY,8.582180766999954,1643639,9.101402872999643
b2,5to10Traces/0128.trace,5to10Traces,plain,67,2,0,8,1,MIN_EXPANDED_SIZE,,5,b5d6342146db3553a3dcf5758ec58215536115c1632db0303a0b7e62d038592a,4,163,225,macro,1,4337789,0.3643993430005139,,145797,0039e2fbadaf7f8f0cd060ff9044f4abc595996cfac79bf833aa5224c54c61ac,2.024198647,40792,False,TRANSLATED_ONLY,14.736209812999732,2130066,15.101374575000591
b2,baseTest/0007.trace,baseTest,plain,10,2,0,8,1,MIN_EXPANDED_SIZE,,7,1afe526db22540339194bce20eb8c5a402e11a7dfd0852830fd6e17afd7e22cf,3,10,6,atlas-b,1,339480,0.41525770600037504,,6189,91dc3a8a5805549d66783eddf779c8a0c37122afa3578296e16d292704a07fef,0.199315225,1469,False,TRANSLATED_ONLY,1.0156658109999626,104271,1.4324687229991468
b2,baseTest/0007.trace,baseTest,plain,10,2,0,8,1,MIN_EXPANDED_SIZE,,7,1afe526db22540339194bce20eb8c5a402e11a7dfd0852830fd6e17afd7e22cf,3,10,6,macro,1,303324,0.21415481799976988,,35479,8046cd4ff0c6a649c1840c4d51826c177412eee78d7f1904adc402836e460012,0.500371568,3666,False,TRANSLATED_ONLY,2.4179467149997436,143073,2.63268085800064
b2,disjunctedExistence/0036.trace,disjunctedExistence,plain,11,2,0,8,1,MIN_EXPANDED_SIZE,,5,42bd2fd48168a346de5a4a580a801bd6fa28548f4a7dfc831b33916167f8b112,4,250,1,atlas-b,1,3436661,0.46573556499970437,,71927,927c5513897af1f9b6f0bb4840f8037cf509417d7ce7544fd1e45b6f2d471ecb,0.911028845,17785,False,TRANSLATED_ONLY,7.5791051460000745,1064950,8.046235314999649
b2,disjunctedExistence/0036.trace,disjunctedExistence,plain,11,2,0,8,1,MIN_EXPANDED_SIZE,,5,42bd2fd48168a346de5a4a580a801bd6fa28548f4a7dfc831b33916167f8b112,4,250,1,macro,1,2826147,0.2643903609996414,,105109,2c16a30861ddd788075772bfe8f49262859a37706a8a3d353c0cf39ed91226fa,1.255394293,26785,False,TRANSLATED_ONLY,11.181730068000434,1387168,11.44682083600037
b2,equal/0039.trace,equal,plain,10,2,0,8,1,MIN_EXPANDED_SIZE,,9,0d5ade36218701a3ad9bb7a45cdc9fd97f1e71a2ac121ffdaec5ac6268e17437,3,200,200,atlas-b,1,11641935,0.5153607740003281,,95089,7aa3758190cefc30de008c5c96e35ae364fc10879ca8a4052cab7e92e0d8e4da,1.280262277,34375,False,TRANSLATED_ONLY,19.347350295999604,3524531,19.86573704300008
b2,equal/0039.trace,equal,plain,10,2,0,8,1,MIN_EXPANDED_SIZE,,9,0d5ade36218701a3ad9bb7a45cdc9fd97f1e71a2ac121ffdaec5ac6268e17437,3,200,200,macro,1,7640888,0.31427161999999953,,137398,e29cc32aabd029d222de5aa6d8fa94416e851b25fd3f946c1250c82b4bd121a3,2.175500953,64775,False,TRANSLATED_ONLY,27.005393849999564,3613552,27.320346397999856
b2,increasingNumVariables/0006.trace,increasingNumVariables,plain,10,2,0,8,1,MIN_EXPANDED_SIZE,,5,a032eec421c1e7a369a80d20704c289cca03b525420d89c4af8c374bd834215f,3,45,45,atlas-b,1,1138395,0.46585837899965554,,23278,c87738aec5e7c336fe71420a389333f98400c38e79fcda1c18075fdbccd00f4e,0.37124112,6029,False,TRANSLATED_ONLY,2.3180053409996617,355536,2.785595340999862
b2,increasingNumVariables/0006.trace,increasingNumVariables,plain,10,2,0,8,1,MIN_EXPANDED_SIZE,,5,a032eec421c1e7a369a80d20704c289cca03b525420d89c4af8c374bd834215f,3,45,45,macro,1,1020146,0.2642669090000709,,60829,08b399f863343ecfcf9c7ad918fadd81e89eb96cd04d421a89448c2a9bb2c6aa,0.734662264,10001,False,TRANSLATED_ONLY,5.27216008600044,497327,5.537054209999951
b2,disjunctedExistence/0057.trace,disjunctedExistence,plain,134,2,0,8,1,MIN_EXPANDED_SIZE,,11,6e6462f56f7be1474c46e342cd9b52c0e2b197772fd4f9243e9ad16e47672048,7,200,200,atlas-b,1,19858693,0.515520309000749,,167106,29879b44b4c73a8ef92bb10ad9ffa4be5ca7aa35b7e46d529cb2579d9930ba3b,2.161359429,46761,False,TRANSLATED_ONLY,29.61322154699974,5879267,30.131810077999944
b2,disjunctedExistence/0057.trace,disjunctedExistence,plain,134,2,0,8,1,MIN_EXPANDED_SIZE,,11,6e6462f56f7be1474c46e342cd9b52c0e2b197772fd4f9243e9ad16e47672048,7,200,200,macro,1,8165965,0.473010692000571,,188138,f30396ecf4941edc1665258b09bcedc52aa4157791bec886c82f393e3c071454,2.622400367,67951,False,TRANSLATED_ONLY,24.148320842999965,3840257,24.622057741999924
b2,moreDetailedTest/0113.trace,moreDetailedTest,plain,10,2,0,8,1,MIN_EXPANDED_SIZE,,5,6f6da48902bae6b3a98db814ddd95c545a8a3739feb97c0e73014d970977752b,3,100,100,atlas-b,1,2518950,0.4649429760002022,,48688,e1b8c0c36efcbbda425ce652efd087843f2dece7d316932374fecce275bb6990,0.647508063,13179,False,TRANSLATED_ONLY,4.973111401999631,786405,5.44042708500001
b2,moreDetailedTest/0113.trace,moreDetailedTest,plain,10,2,0,8,1,MIN_EXPANDED_SIZE,,5,6f6da48902bae6b3a98db814ddd95c545a8a3739feb97c0e73014d970977752b,3,100,100,macro,1,2208111,0.3142902569998114,,84900,ad161e97c14f9502276325f92153fd29df047ab34cee37c138b7cd6e480cb722,0.981910479,20879,False,TRANSLATED_ONLY,9.528588904999197,1080913,9.843503146999865
b2,equal/0021.trace,equal,plain,18,2,0,8,1,MIN_EXPANDED_SIZE,,15,b1e3c019e26ccc9ae26b50e4aa559c39fb6fdca6d7807a00026c13cd4d3c4c3b,3,5,5,atlas-b,1,799237,0.41444210600002407,,4810,dc0e3007fd487cef6c9d349b29a111e1e398486e27ef3e498354fbd646c3f8c6,0.190068626,1939,False,TRANSLATED_ONLY,1.3158209819994227,234621,1.7307870320000802
b2,equal/0021.trace,equal,plain,18,2,0,8,1,MIN_EXPANDED_SIZE,,15,b1e3c019e26ccc9ae26b50e4aa559c39fb6fdca6d7807a00026c13cd4d3c4c3b,3,5,5,macro,1,272995,0.2642235450002772,,36670,ad1c09d3a65658f4e6bf7041becc4b34627131a4ea5015926e62401bca5bba05,0.496573389,3950,False,TRANSLATED_ONLY,2.317673073000151,122848,2.582494102000055
b2,5to10Traces/0034.trace,5to10Traces,plain,10,2,0,8,1,MIN_EXPANDED_SIZE,,5,5359af3606015c7bc80e09ecb994c0944124012d2a334ddb061df8ee7e0ee7e9,3,150,150,atlas-b,1,3774000,0.4646640289993229,,71888,25d5f080b6de96e5b2ad14b83a7c39b0e1e159b386d19cb2f1f20c8da31c1a62,0.862904221,19679,False,TRANSLATED_ONLY,7.374707631999627,1178106,7.839998834999278
b2,5to10Traces/0034.trace,5to10Traces,plain,10,2,0,8,1,MIN_EXPANDED_SIZE,,5,5359af3606015c7bc80e09ecb994c0944124012d2a334ddb061df8ee7e0ee7e9,3,150,150,macro,1,3334109,0.3143197159997726,,105759,4c2bf0e35a91a4d179317f4df5204231c0fd3e1e9fa195d0bbfa6c8018eb8844,1.28443129,31484,False,TRANSLATED_ONLY,10.731664920000185,1637224,11.046614390999821
b2,baseTest/0042.trace,baseTest,plain,10,2,0,8,1,MIN_EXPANDED_SIZE,,7,2244b83a855d75871bb864ca4fbfbc316c76e290d7554bd7a76747980d449e08,3,4,46,atlas-b,1,1016936,0.41441576499983057,,14045,ba27ae7a9bb711694abef27e5870ea4033ebb3c292917ae93a69d680955e9225,0.268910809,4019,False,TRANSLATED_ONLY,1.7664908219994686,312045,2.181453632000739
b2,baseTest/0042.trace,baseTest,plain,10,2,0,8,1,MIN_EXPANDED_SIZE,,7,2244b83a855d75871bb864ca4fbfbc316c76e290d7554bd7a76747980d449e08,3,4,46,macro,1,859710,0.2643494260000807,,53036,460e34dc592fd51066b971d4759a28d189112e6578eabc44901f209477ec7cd1,0.588924423,8422,False,TRANSLATED_ONLY,4.320271444999889,410415,4.585223277000296
b2,increasingNumVariables/0052.trace,increasingNumVariables,plain,264,2,0,8,1,MIN_EXPANDED_SIZE,,5,2a19bc3133fc529e868e3edd14b0b7f45a305e34c253078a07b7b224493dbf1b,9,35,35,atlas-b,1,1383112,0.4645675069996287,,37583,9c0f60e8c964ca4fa12fe256eef46f9246030f9d8ea0c1cdf40e08fbf3b88b23,0.556694865,7105,False,TRANSLATED_ONLY,2.567694477000259,417435,3.032883349000258
b2,increasingNumVariables/0052.trace,increasingNumVariables,plain,264,2,0,8,1,MIN_EXPANDED_SIZE,,5,2a19bc3133fc529e868e3edd14b0b7f45a305e34c253078a07b7b224493dbf1b,9,35,35,macro,1,830648,0.4646414319995529,,61038,22f0a39ba3f3f753cf53cc98233941eff8ab96fbb78d85017ab9f28ffba4f225,0.649992642,8183,False,TRANSLATED_ONLY,4.2218806179998865,403665,4.687111373000334
b2,moreDetailedTest/0077.trace,moreDetailedTest,plain,67,2,0,8,1,MIN_EXPANDED_SIZE,,9,b00e1c488a1ff227de8228fb648596ebfe829fd0352e1b171b29410e87917875,4,155,250,atlas-b,1,12581813,0.514593345999856,,114478,8b0f3434babeca0db07cb389768bef53039a57a0b26eade7308102be49c93b73,1.284831247,36877,False,TRANSLATED_ONLY,18.689681299000767,3792246,19.204957119999563
b2,moreDetailedTest/0077.trace,moreDetailedTest,plain,67,2,0,8,1,MIN_EXPANDED_SIZE,,9,b00e1c488a1ff227de8228fb648596ebfe829fd0352e1b171b29410e87917875,4,155,250,macro,1,8041966,0.4144355929993253,,155730,7064efee45f83603c6cd45a60911ce31bfd68e8e95c5356de4e2e1af35e08062,2.569879738,67522,False,TRANSLATED_ONLY,28.35510556400004,3788154,28.770212712000102
b2,5to10Traces/0158.trace,5to10Traces,plain,6,2,0,6,1,MIN_EXPANDED_SIZE,,5,5366c4744106435515ba36ff3a0abe3eab73b21822dacf475bab1e42886251a5,3,50,50,atlas-b,1,1263900,0.4647483899998406,,25588,47080f5a648f64eb9b7265ac73d64ea331e989bac7136a09f25c8e41e6f4dfe8,0.440256539,6679,False,TRANSLATED_ONLY,2.417461999999432,394706,2.882753753000543
b2,5to10Traces/0158.trace,5to10Traces,plain,6,2,0,6,1,MIN_EXPANDED_SIZE,,5,5366c4744106435515ba36ff3a0abe3eab73b21822dacf475bab1e42886251a5,3,50,50,macro,1,1091346,0.2641781800002718,,68332,bde26414cc6f698fb8ec80e72ea699e844c81aad2b002483fe284273b46f58cc,0.712806184,10904,False,TRANSLATED_ONLY,5.171725600000173,539073,5.436492584000007
b2,disjunctedExistence/0015.trace,disjunctedExistence,plain,36,2,0,8,1,MIN_EXPANDED_SIZE,,11,1bfdce4b3f7d8319b507423f0276b9623575e0c9bd3e72db79a089df5b0b4f6b,5,300,50,atlas-b,1,15678371,0.5146467799995662,,115048,36a9d033ca597c70ab234444c54af278b092f9be75af349ce289fc10c3d07c09,1.449244174,37371,False,TRANSLATED_ONLY,24.799238970999795,4667777,25.314571387000797
b2,disjunctedExistence/0015.trace,disjunctedExistence,plain,36,2,0,8,1,MIN_EXPANDED_SIZE,,11,1bfdce4b3f7d8319b507423f0276b9623575e0c9bd3e72db79a089df5b0b4f6b,5,300,50,macro,1,7134841,0.3644718120003745,,142129,115ebd935ffe05edab2eb8155b0fb2fd820d78017d04ff4ec79ea2fa142b5489,2.358913531,59289,False,TRANSLATED_ONLY,25.499044160000267,3343841,25.864173257999937
b2,baseTest/0024.trace,baseTest,plain,6,2,0,6,1,MIN_EXPANDED_SIZE,,5,d723312aa8c1976041cad7d58e58659979ac2d32409b27ffe5efaf859fb9e221,3,381,151,atlas-b,1,6685601,0.5145100759991692,,125712,f51b078e9682a1dc4ce5a23038f0e3c26877d3a2c9e49f044331e331d6900cdf,1.875630479,34759,False,TRANSLATED_ONLY,11.388663978000295,2086849,11.903815638999731
b2,baseTest/0024.trace,baseTest,plain,6,2,0,6,1,MIN_EXPANDED_SIZE,,5,d723312aa8c1976041cad7d58e58659979ac2d32409b27ffe5efaf859fb9e221,3,381,151,macro,1,5852861,0.3142394160004187,,159177,42107e0b5ac5c51275bdb8cd549005b30fa04695fb2c4814dba9d2d81e7245dd,2.555063624,54458,False,TRANSLATED_ONLY,18.99312109499988,2868399,19.308027605999996
b2,increasingNumVariables/0038.trace,increasingNumVariables,plain,70,2,0,8,1,MIN_EXPANDED_SIZE,,15,f16cbe0b14ef8b33915104913a6a856768a9bfac70fb44cecf9831cf7984ace7,7,45,45,atlas-b,1,7393845,0.46470330900046974,,39496,824751fa360874f015440646e7f0a15e6b2f5421cf2b471f65e6ef518f66fd37,0.616048193,13267,False,TRANSLATED_ONLY,11.380624207999972,2162875,11.8459362829999
b2,increasingNumVariables/0038.trace,increasingNumVariables,plain,70,2,0,8,1,MIN_EXPANDED_SIZE,,15,f16cbe0b14ef8b33915104913a6a856768a9bfac70fb44cecf9831cf7984ace7,7,45,45,macro,1,1934027,0.3142276660000789,,67709,d145739a87d347f3e6d817f72ad0cc419f6c7bcbc6cc106fcd9379ef1aa629d0,0.764771777,17182,False,TRANSLATED_ONLY,8.074379994000083,899060,8.389180312999997
b2,equal/0027.trace,equal,plain,6,2,0,6,1,MIN_EXPANDED_SIZE,,5,2060b406c622d13080c08aafed54ff741a77a75ea2c0424b337ed9562ffcd122,3,50,50,atlas-b,1,1263900,0.4645972370008167,,25588,0feb2ac69bd75ad5c728ca5b7aad31981dfe8e9049f17997503dcbdc9ba5e10d,0.415037767,6679,False,TRANSLATED_ONLY,2.367203483000594,394706,2.8324217050003426
b2,equal/0027.trace,equal,plain,6,2,0,6,1,MIN_EXPANDED_SIZE,,5,2060b406c622d13080c08aafed54ff741a77a75ea2c0424b337ed9562ffcd122,3,50,50,macro,1,1106574,0.264230504999432,,62521,d66ca0caf0b47eb5e27f7369fc1c59c5e53e8206d1e809043f00e46e82797d43,0.708170553,10946,False,TRANSLATED_ONLY,5.271447294000609,544223,5.536253992999264
b2,moreDetailedTest/0079.trace,moreDetailedTest,plain,67,2,0,8,1,MIN_EXPANDED_SIZE,,7,73361930f2abc56658d9de6f4f3cf4ee57a4b1ba1f5dd96eaab48b01b811babb,4,213,350,atlas-b,1,12095404,0.5145018179991894,,158244,46d62f97c807aed21789f9d19538a4fb94694ee8f1518d2d2fcda14bf29760b0,2.012799058,45353,False,TRANSLATED_ONLY,21.044260480000048,3689025,21.559464134000336
b2,moreDetailedTest/0079.trace,moreDetailedTest,plain,67,2,0,8,1,MIN_EXPANDED_SIZE,,7,73361930f2abc56658d9de6f4f3cf4ee57a4b1ba1f5dd96eaab48b01b811babb,4,213,350,macro,1,9483506,0.4144145780001054,,193121,c67cbb903617b304fff8396df634603992340cb8991417bb0e5a33a8d196859d,2.939438601,81567,False,TRANSLATED_ONLY,31.560601895000218,4539849,31.97573403899969
b2,5to10Traces/0197.trace,5to10Traces,plain,10,2,0,8,1,MIN_EXPANDED_SIZE,,5,9562ac3a2879a4b49b5609d75f0a5e8bd0127f9043ce178798c78d75444be3c3,3,51,250,atlas-b,1,16457245,0.5146953319999739,,112869,bb1dee7c6ac8e5bc08249eefe34c488e87d3ea03a774975d7c520ac2fcb022ad,1.417263605,54359,False,TRANSLATED_ONLY,26.202819721000196,4806063,26.71815248799976
b2,5to10Traces/0197.trace,5to10Traces,plain,10,2,0,8,1,MIN_EXPANDED_SIZE,,5,9562ac3a2879a4b49b5609d75f0a5e8bd0127f9043ce178798c78d75444be3c3,3,51,250,macro,1,7418284,0.3645115089993851,,167325,38a4f31ce1c89f6acda7f76043e9710e2013b11b0bb935794026772dd3ef616b,1.92973906,63215,False,TRANSLATED_ONLY,18.24165845100015,3150636,18.606829724999443
b2,disjunctedExistence/0021.trace,disjunctedExistence,plain,36,2,0,8,1,MIN_EXPANDED_SIZE,,9,7c153275999711b89ac7dfe3272080e06f4dfd9607e4c22582b295b2e6a11951,5,500,107,atlas-b,1,20023895,0.5145363989995531,,197751,203a314c3904906f21ed78d1f34427244f97d7113159fce54b5d57af248f1b6b,2.392159281,58148,False,TRANSLATED_ONLY,33.57082487600019,6011925,34.086072351999974
b2,disjunctedExistence/0021.trace,disjunctedExistence,plain,36,2,0,8,1,MIN_EXPANDED_SIZE,,9,7c153275999711b89ac7dfe3272080e06f4dfd9607e4c22582b295b2e6a11951,5,500,107,macro,1,12344938,0.36436225500074215,,217602,2951e97a00c715d616c5530acb24f8962f6d0929d5858e3178e36990d5ca61d6,3.789098658,101289,False,TRANSLATED_ONLY,41.9274581210002,5788130,42.29254797300018
b2,baseTest/0028.trace,baseTest,plain,6,2,0,6,1,MIN_EXPANDED_SIZE,,5,b8f882bacbebe284185916f6223600b429c1d4be629d4815681951c6ffd7a893,3,15,6,atlas-b,1,272406,0.46469115800027794,,7343,55680e8a1cf1b709f5a516443eb8f4b8a149834e9ab389561148dcb7c688f4c3,0.273907767,1544,False,TRANSLATED_ONLY,1.0657184000001507,85263,1.5309600110003885
b2,baseTest/0028.trace,baseTest,plain,6,2,0,6,1,MIN_EXPANDED_SIZE,,5,b8f882bacbebe284185916f6223600b429c1d4be629d4815681951c6ffd7a893,3,15,6,macro,1,255102,0.2141272550006761,,29571,0d85d9e94228ff53ed0a442c153194d1a31738ab4027dcb68c4d991a7f2b32b1,0.466941761,3029,False,TRANSLATED_ONLY,1.9669534710001244,124063,2.1816220789996805
b2,increasingNumVariables/0027.trace,increasingNumVariables,plain,37,2,0,8,1,MIN_EXPANDED_SIZE,,11,eef1369c346b66bd1122b82261ff2687558f5613d70c776b649a1aacabd58a8d,6,30,30,atlas-b,1,2927953,0.4645725760001369,,24462,f2f5b123703e067556072838a3bb8f5d864ef972d17c343b2eaefe639d108d2e,0.45317835,7289,False,TRANSLATED_ONLY,4.119349669999792,867709,4.584515178999936
b2,increasingNumVariables/0027.trace,increasingNumVariables,plain,37,2,0,8,1,MIN_EXPANDED_SIZE,,11,eef1369c346b66bd1122b82261ff2687558f5613d70c776b649a1aacabd58a8d,6,30,30,macro,1,1296275,0.2642229410002983,,49010,fa66a550a5b2c32f3877f42e4ab8b3d98909f0fa1caef80d585db918a05008ae,0.58889604,11909,False,TRANSLATED_ONLY,5.421144265999828,600095,5.685931761000575
b2,equal/0037.trace,equal,plain,10,2,0,8,1,MIN_EXPANDED_SIZE,,5,8e23125d1a97f16b9aa603e0f88af1d097eac1636d15d041a3b233ac7df17b50,3,10,10,atlas-b,1,259860,0.41432552999958716,,7108,5c14e0d31b8d749627cbfcd45ecb2ec8f13462909a2a56debf5375ae8fa97f26,0.258741388,1479,False,TRANSLATED_ONLY,0.9653900839994094,81346,1.3802385569997568
b2,equal/0037.trace,equal,plain,10,2,0,8,1,MIN_EXPANDED_SIZE,,5,8e23125d1a97f16b9aa603e0f88af1d097eac1636d15d041a3b233ac7df17b50,3,10,10,macro,1,231644,0.21409644100003788,,36217,ffd620e0be1c6ea9aff08dd85fc71c14ada7c02b699e9a331b2d25fed9bc09a6,0.488841321,2861,False,TRANSLATED_ONLY,1.7664462439997806,113665,1.981078036999861
b2,5to10Traces/0084.trace,5to10Traces,plain,18,2,0,8,1,MIN_EXPANDED_SIZE,,15,90b35332457b1de8f31e323bc011ba287b72e2f64855510dfd38861206238f9e,3,225,225,atlas-b,1,30112255,0.5145659580002757,,106690,c69742ce4e458f5f1fb2e9b6107b9ffcddb0af093a274098c1cdbea97f679a54,1.371267169,52539,False,TRANSLATED_ONLY,47.888007679999646,8896899,48.40320690199951
b2,5to10Traces/0084.trace,5to10Traces,plain,18,2,0,8,1,MIN_EXPANDED_SIZE,,15,90b35332457b1de8f31e323bc011ba287b72e2f64855510dfd38861206238f9e,3,225,225,macro,1,8588823,0.3142143630002465,,144521,4d1a5d11959fcc39fb25c2f5c205493e837c712212dd532b3c04ab941091fa2b,2.562617044,72755,False,TRANSLATED_ONLY,28.505315032999533,4052871,28.820210793000115
b2,moreDetailedTest/0004.trace,moreDetailedTest,plain,10,2,0,8,1,MIN_EXPANDED_SIZE,,5,e136448c7c701e599a0b3efdcad78036bb9e505fbf0def50d71a99f2f147e298,3,150,150,atlas-b,1,3774000,0.5144980640006906,,71888,d353a05c83a14afc4bc133bc0ef1410c5dd838bfd1d9ec4b7a758336ee2850c0,0.83035085,19679,False,TRANSLATED_ONLY,7.174045763999857,1178106,7.6891523220001545
b2,moreDetailedTest/0004.trace,moreDetailedTest,plain,10,2,0,8,1,MIN_EXPANDED_SIZE,,5,e136448c7c701e599a0b3efdcad78036bb9e505fbf0def50d71a99f2f147e298,3,150,150,macro,1,3317379,0.2642076449992601,,102460,439039417d20a49443d58dc7f39d9369dee4d4b5541ca945aade61c11677e663,1.956317617,31316,False,TRANSLATED_ONLY,11.779681166000046,1630836,12.044483335000223
b2,baseTest/0041.trace,baseTest,plain,10,2,0,8,1,MIN_EXPANDED_SIZE,,7,c3386b7fed1390e9dbbdadbbe614bf374aa59ce6cfa6e0242f58554e530e34e2,3,49,451,atlas-b,1,9983140,0.5146094869996887,,118340,fb7d23a9b60743a410454e5049dc73f56564c473b93b6e23fb7d54207fe6bbcc,1.689035677,37769,False,TRANSLATED_ONLY,17.938969044999794,3061994,18.454198606999853
b2,baseTest/0041.trace,baseTest,plain,10,2,0,8,1,MIN_EXPANDED_SIZE,,7,c3386b7fed1390e9dbbdadbbe614bf374aa59ce6cfa6e0242f58554e530e34e2,3,49,451,macro,1,8364214,0.3143139160001738,,159523,3d25994c1e627ce7c31df877b7c199bc0dd04cdba73f4c525accdaf5473a3b15,2.484902341,71352,False,TRANSLATED_ONLY,25.754103265000595,3990454,26.069089676999283
b2,disjunctedExistence/0067.trace,disjunctedExistence,plain,134,2,0,8,1,MIN_EXPANDED_SIZE,,5,91d865176d70910e5658d0568f6799c7fd07c31c47b1eea93804f38bf3e5376c,7,8,400,atlas-b,1,28712583,0.6147165239999595,,299080,2f649cfb05b9ea25ce1eecf0053d24dd9d0241b5731ae8c4d4a241ed5d339a4e,3.422252078,90107,False,TRANSLATED_ONLY,49.03620444800072,8334817,49.65176523199989
b2,disjunctedExistence/0067.trace,disjunctedExistence,plain,134,2,0,8,1,MIN_EXPANDED_SIZE,,5,91d865176d70910e5658d0568f6799c7fd07c31c47b1eea93804f38bf3e5376c,7,8,400,macro,1,10088519,0.6648278309994566,,261431,9ba08ce0e0f9a9e0fbabb4fda48a8ec4ad9bc26d0bc0b17789834de842238d6d,4.573934028,86440,False,TRANSLATED_ONLY,26.55202756700055,4278327,27.217591265999545
b2,equal/0015.trace,equal,plain,18,2,0,8,1,MIN_EXPANDED_SIZE,,9,6a33b18c2367b297b6d09d9e44c594eb9d376ae81f2c1def6e1e3f6b14dd33eb,3,100,100,atlas-b,1,5838235,0.4645676159998402,,48689,3dd8a091a549dfa1d9e6fb1ca5905d747d88c9e0e52799e90a636a5983b07faa,0.725372867,17375,False,TRANSLATED_ONLY,7.875362122000297,1767531,8.34048815999995
b2,equal/0015.trace,equal,plain,18,2,0,8,1,MIN_EXPANDED_SIZE,,9,6a33b18c2367b297b6d09d9e44c594eb9d376ae81f2c1def6e1e3f6b14dd33eb,3,100,100,macro,1,3827707,0.3143658589997358,,97219,8ad04bd045ed2aed9df1c7f33de391c7871e9dd3341d2b3bccd9e38969bcf69d,1.042066369,33095,False,TRANSLATED_ONLY,13.33459080099965,1808046,13.649610724000013
b2,increasingNumVariables/0017.trace,increasingNumVariables,plain,20,2,0,8,1,MIN_EXPANDED_SIZE,,5,259f511901444c8d8fdcc15939dc7c2cbcc4ef75a52afbc2fca95b757b67dfdc,5,20,20,atlas-b,1,608455,0.4143783469999107,,15337,4d19026cf905b619edd826882606dc9b8dde876bacbc25a84fd16d30e1b12bb1,0.372034181,3255,False,TRANSLATED_ONLY,1.51615905700055,187317,1.9310691360005876
b2,increasingNumVariables/0017.trace,increasingNumVariables,plain,20,2,0,8,1,MIN_EXPANDED_SIZE,,5,259f511901444c8d8fdcc15939dc7c2cbcc4ef75a52afbc2fca95b757b67dfdc,5,20,20,macro,1,474591,0.26422330100012914,,40302,78f2ba96adba8644148d8ddd22e824dcfe08ac4d083e04fc61e7bee34c801160,0.522575596,4992,False,TRANSLATED_ONLY,2.767481668999608,231413,3.0323132339999574
b2,disjunctedExistence/0054.trace,disjunctedExistence,plain,134,2,0,8,1,MIN_EXPANDED_SIZE,,11,092edbe817520f3dea1c1708f793a024f854f6785c11b969e7cc80168bfe7282,7,150,150,atlas-b,1,14926643,0.5145875489997707,,125906,1f4bf0ab5a83fc71dcbc70504dbb9f542c12a709b601fce7303ad40fa224c7d3,1.53541797,35261,False,TRANSLATED_ONLY,24.149154432000614,4418567,24.664412326000274
b2,disjunctedExistence/0054.trace,disjunctedExistence,plain,134,2,0,8,1,MIN_EXPANDED_SIZE,,11,092edbe817520f3dea1c1708f793a024f854f6785c11b969e7cc80168bfe7282,7,150,150,macro,1,6117338,0.414475888999732,,151236,787ae18c0a0bf7a0af48b6771d8e403e3d1e7d4de8cef62e83ef1847a9683d47,1.999344335,51418,False,TRANSLATED_ONLY,21.645966158999727,2877970,22.061135505000493
b2,moreDetailedTest/0010.trace,moreDetailedTest,plain,10,2,0,8,1,MIN_EXPANDED_SIZE,,5,5e3e0c2c5d3bd4c91cd27e1e8b1cfea9ac7a38750743a778544f7df88c109936,3,400,400,atlas-b,1,10049250,0.564551587999631,,187888,ab6610ace62f404fdcb41a88d5db8e6e3b978ebd394ee889832905778c93d9b6,2.831718609,52179,False,TRANSLATED_ONLY,17.03907545199945,3136606,17.604358498000693
b2,moreDetailedTest/0010.trace,moreDetailedTest,plain,10,2,0,8,1,MIN_EXPANDED_SIZE,,5,5e3e0c2c5d3bd4c91cd27e1e8b1cfea9ac7a38750743a778544f7df88c109936,3,400,400,macro,1,8875293,0.3643495950000215,,210965,fe9a54d5151095a1d823e76a3943cf126555516d63c42cb7ea1e18a2e9230ee3,4.092910451,82640,False,TRANSLATED_ONLY,30.709207974000492,4357700,31.074367029000314
b2,increasingNumVariables/0035.trace,increasingNumVariables,plain,70,2,0,8,1,MIN_EXPANDED_SIZE,,15,15ebecdc452d631fb7707f95523a5ecc78bd0f2bff49d35ee200f63e7c5c6b2f,7,30,30,atlas-b,1,5007390,0.46458175699990534,,27166,da8efc4cc6d13fefab01eadb6c9db8b2cb78a65c777064f8685269a08a245dd9,0.52286715,9217,False,TRANSLATED_ONLY,6.022607599999901,1463425,6.487757361000149
b2,increasingNumVariables/0035.trace,increasingNumVariables,plain,70,2,0,8,1,MIN_EXPANDED_SIZE,,15,15ebecdc452d631fb7707f95523a5ecc78bd0f2bff49d35ee200f63e7c5c6b2f,7,30,30,macro,1,1296420,0.3143545679995441,,52480,a43d4e9b8bbc54699ff4e17040f4eb3d9181d6403810f11a493ad12c6c34cf82,0.653471567,12265,False,TRANSLATED_ONLY,6.573751707000156,602617,6.888696638000511
b2,5to10Traces/0016.trace,5to10Traces,plain,5,2,0,5,1,MIN_EXPANDED_SIZE,,5,fbf3dac0c3575546823f9684f2862c2e7dd41a4bf51dc7a1cc1208b93e939e0d,2,200,200,atlas-b,1,4593799,0.46445739199953096,,76994,6bf7744089831fad289587bb3fdd42f952c186280b6d0aa504634e61f6005e70,0.972380829,24147,False,TRANSLATED_ONLY,9.02793660000043,1446255,9.49300849500014
b2,5to10Traces/0016.trace,5to10Traces,plain,5,2,0,5,1,MIN_EXPANDED_SIZE,,5,fbf3dac0c3575546823f9684f2862c2e7dd41a4bf51dc7a1cc1208b93e939e0d,2,200,200,macro,1,3058437,0.2642201409998961,,102503,26729a3c961dd9e3cdab63b9fa234600f64a52710eda90e88dc0e8a5a011e442,1.269163421,29631,False,TRANSLATED_ONLY,11.631823786000496,1518562,11.896659132000423
b2,moreDetailedTest/0059.trace,moreDetailedTest,plain,18,2,0,8,1,MIN_EXPANDED_SIZE,,7,ac97087e8a8cb6861346d5692115d09083d18031456aedc00407096699c3993a,3,125,125,atlas-b,1,5001815,0.4645113200003834,,60289,8f1f2bdd27e8dfd73d2b1d5c028af47cbeb19ae96bc43e43905ec69727d7a9c2,0.738052056,19019,False,TRANSLATED_ONLY,7.8743232120004905,1534245,8.339450147000207
b2,moreDetailedTest/0059.trace,moreDetailedTest,plain,18,2,0,8,1,MIN_EXPANDED_SIZE,,7,ac97087e8a8cb6861346d5692115d09083d18031456aedc00407096699c3993a,3,125,125,macro,1,4154532,0.31441904099938256,,104661,38a6ecc7f29eed27ed23d400db79e28d670e8eaa7c296c7688571b8d77af08c9,1.601313778,36088,False,TRANSLATED_ONLY,15.289075520000551,1978786,15.604107154999838
b2,baseTest/0009.trace,baseTest,plain,5,2,0,5,1,MIN_EXPANDED_SIZE,,5,654e6c0caf520ddc287bc85bc4ecc4a8a114c520ebe18f105adb3e3161790123,2,4,96,atlas-b,1,1153326,0.46449209399997926,,21076,bf85b7af81d354d6a8993479597ada6ace43b0641376c0203124b36f00d7b029,0.384824351,6147,False,TRANSLATED_ONLY,2.317567052999948,363293,2.782618899999761
b2,baseTest/0009.trace,baseTest,plain,5,2,0,5,1,MIN_EXPANDED_SIZE,,5,654e6c0caf520ddc287bc85bc4ecc4a8a114c520ebe18f105adb3e3161790123,2,4,96,macro,1,1038081,0.2641341240005204,,67094,29a2925cb46cdbfcca51f823b1de66fa1192b9e94c1f7be2f9e7f24dedbbc26e,0.744310311,10458,False,TRANSLATED_ONLY,5.320823076999659,514588,5.585563495000315
b2,disjunctedExistence/0066.trace,disjunctedExistence,plain,134,2,0,8,1,MIN_EXPANDED_SIZE,,9,43d4cd6a258fce14a544ddfc107ce97e4591d36af4a6b020ee012f67194b5a6f,7,400,400,atlas-b,1,29504739,0.5645567230003508,,331905,a15ac58128ab6a813c2a6ebb5114a89dc7ca08480b8cf5b47b997b0d84b7abc1,4.396757309,84607,False,TRANSLATED_ONLY,56.89769945500029,8800036,57.46316083900001
b2,disjunctedExistence/0066.trace,disjunctedExistence,plain,134,2,0,8,1,MIN_EXPANDED_SIZE,,9,43d4cd6a258fce14a544ddfc107ce97e4591d36af4a6b020ee012f67194b5a6f,7,400,400,macro,1,16153695,0.5645881130003545,,338031,10a84baa9e665ce8c7e48b1ec970121e9b259dc4e0e5955a28736f3b19451046,5.402237813,133645,False,TRANSLATED_ONLY,54.34636448100082,7610683,54.91180353400068
b2,equal/0026.trace,equal,plain,6,2,0,6,1,MIN_EXPANDED_SIZE,,5,88e940e86be14702db987816ee958a630575c2bd110e6bb025fa8a60b3e90740,3,500,500,atlas-b,1,12559349,0.5646867840005143,,234288,75104d94020248df3fb77656ac8d82c0a81521815d537ccc0d54e3efc7f55df2,3.224415275,65179,False,TRANSLATED_ONLY,25.651375952999842,3920005,26.21684795500005
b2,equal/0026.trace,equal,plain,6,2,0,6,1,MIN_EXPANDED_SIZE,,5,88e940e86be14702db987816ee958a630575c2bd110e6bb025fa8a60b3e90740,3,500,500,macro,1,11011440,0.3644181959998605,,249524,cbc7979adcc13900491b72205a1b8d6a36e8a3686e05ec5fff30154ffbb14221,4.717631822,103052,False,TRANSLATED_ONLY,36.81830375699974,5418917,37.1834546200007
b2,increasingNumVariables/0010.trace,increasingNumVariables,plain,11,2,0,8,1,MIN_EXPANDED_SIZE,,11,be9d539eb333b64bd4386b76053c5ef1fbd95a8b36c9b3403944f38f5b4241ff,4,25,25,atlas-b,1,2174508,0.46451179799987585,,16294,0a18fed95525f1711e446d41fdd46c7181c67195dd8afa33c0f97881edd6c373,0.383974988,5557,False,TRANSLATED_ONLY,2.8684709720000683,649176,3.3335297229996286
b2,increasingNumVariables/0010.trace,increasingNumVariables,plain,11,2,0,8,1,MIN_EXPANDED_SIZE,,11,be9d539eb333b64bd4386b76053c5ef1fbd95a8b36c9b3403944f38f5b4241ff,4,25,25,macro,1,1076457,0.2641545389997191,,45468,47b91862137ae069f75f50ef70eb9a199b01c9792f01461d0c2ea805dabb9733,0.591403362,10177,False,TRANSLATED_ONLY,5.123922816999766,499453,5.3886472300000605
b2,5to10Traces/0011.trace,5to10Traces,plain,5,2,0,5,1,MIN_EXPANDED_SIZE,,5,e38bf3e3c82d45a788e109824513c902af600af42cf5fa633e528c6fba782796,2,8,125,atlas-b,1,6754048,0.46466161900025327,,39284,21fc8e29f24a7cc196f31af12347a5ce081a2f7781bc58273aee70dafdde5bca,0.585073956,22757,False,TRANSLATED_ONLY,8.276443395999195,1976682,8.741685527999834
b2,5to10Traces/0011.trace,5to10Traces,plain,5,2,0,5,1,MIN_EXPANDED_SIZE,,5,e38bf3e3c82d45a788e109824513c902af600af42cf5fa633e528c6fba782796,2,8,125,macro,1,3138488,0.2642495109994343,,124832,770b4d4d130ee103eefcd98a375374b8b8d4279eaed8c6bb7ed7594613a3923f,1.08759472,28014,False,TRANSLATED_ONLY,9.87820087199998,1342425,10.143088398000145
b2,baseTest/0020.trace,baseTest,plain,18,2,0,8,1,MIN_EXPANDED_SIZE,,15,a4c43f7b49a0903c436b07c0e10b397b87316fe078f8f3929ede0fb8f4a60e01,3,42,458,atlas-b,1,,0.5146442590003062,,118348,13265605f810c2233a66ea1d2181b51e0baac45a142abb180ddd37dfaf5bdc31,,,False,TRANSLATION_TIMEOUT,180.27807272100017,,180.79336265500024
b2,baseTest/0020.trace,baseTest,plain,18,2,0,8,1,MIN_EXPANDED_SIZE,,15,a4c43f7b49a0903c436b07c0e10b397b87316fe078f8f3929ede0fb8f4a60e01,3,42,458,macro,1,9717201,0.3142317940000794,,156169,49394dd9515732e76e9a780ad8361a05136845edebaf5a13113f32df982e39f7,2.633264892,82391,False,TRANSLATED_ONLY,34.066195719999996,4594886,34.38108473800003
b2,baseTest/0012.trace,baseTest,plain,5,2,0,5,1,MIN_EXPANDED_SIZE,,5,735b7b931a99b69cedbbcd331855f5c86d90516529a3d67640aa10f8daf3e688,2,149,4851,atlas-b,1,,0.8151715890007836,"Exception in thread ""main"" Type error:
Translation capacity exceeded.
In this scope, universe contains 5031 atoms
and relations of arity 3 cannot be represented.
Visit http://alloy.mit.edu/ for advice on refactoring.
	at edu.mit.csail.sdg.translator.TranslateAlloyToKodkod.rethrow(TranslateAlloyToKodkod.java:411)
	at edu.mit.csail.sdg.translator.TranslateAlloyToKodkod.execute_command(TranslateAlloyToKodkod.java:533)
	at Rq2Translate.main(Rq2Translate.java:47)
",941033,fc1e9f5b1714ff33a517c9b83bf01977cbac2d2e5107675bdf0d0dcf544c357b,,,False,TRANSLATION_ERROR,20.19100549599989,,21.007643777999874
b2,baseTest/0012.trace,baseTest,plain,5,2,0,5,1,MIN_EXPANDED_SIZE,,5,735b7b931a99b69cedbbcd331855f5c86d90516529a3d67640aa10f8daf3e688,2,149,4851,macro,1,,0.5146039199998995,,555460,0bd6107027c306d22f7c38dbd26adbae56a6eafacb13f5fd7483e71f4252adbb,,,False,TRANSLATION_TIMEOUT,180.28586937799992,,180.8014910819993
b2,equal/0007.trace,equal,plain,10,2,0,8,1,MIN_EXPANDED_SIZE,,7,4cf75674988206dfe295cc17eb52615507e429ed7c80ed604edc779cb7eb2ca0,3,5,5,atlas-b,1,219935,0.4144373969993467,,4809,34402e1836d26fea439fe6f81f77a7515460a12b8796d9445c97eb8c55d6aca7,0.214352304,1019,False,TRANSLATED_ONLY,0.9153891470004965,67605,1.3303541069999483
b2,equal/0007.trace,equal,plain,10,2,0,8,1,MIN_EXPANDED_SIZE,,7,4cf75674988206dfe295cc17eb52615507e429ed7c80ed604edc779cb7eb2ca0,3,5,5,macro,1,210349,0.21432233399991674,,30033,d862c55fd12f4e992d1ebb46067515f248194f66339b32778d9fb6eefdd37f9e,0.444030435,2825,False,TRANSLATED_ONLY,1.9170525389999966,97015,2.1320042380002633
b2,moreDetailedTest/0001.trace,moreDetailedTest,plain,10,2,0,8,1,MIN_EXPANDED_SIZE,,5,4cf4d87b6dcf64d2fe396c8941ee439eef2c07ee0bb76745f986cfca6ad38387,3,100,100,atlas-b,1,2518950,0.4644331119998242,,48688,c82f5a704a61ed674e76ef7b09e05d1fbf2982da3e329198e3083809cebfb952,0.632544113,13179,False,TRANSLATED_ONLY,3.969956715999615,786406,4.4349823929997
b2,moreDetailedTest/0001.trace,moreDetailedTest,plain,10,2,0,8,1,MIN_EXPANDED_SIZE,,5,4cf4d87b6dcf64d2fe396c8941ee439eef2c07ee0bb76745f986cfca6ad38387,3,100,100,macro,1,2212984,0.2641756869998062,,86111,8703e95d15bb7316d1829dfc4744e6dff3363292082d10d4423e7c2fb40ca5ae,0.987632718,21341,False,TRANSLATED_ONLY,9.630078113000309,1089440,9.894876545999978
b2,5to10Traces/0178.trace,5to10Traces,plain,10,2,0,8,1,MIN_EXPANDED_SIZE,,9,4430fdb2aab411bdcb015e7f6c8b460ba74aa0805e1ed6617219a2c9b842e93b,3,25,25,atlas-b,1,1485461,0.4144202890001907,,14039,595951954571edc7f5d8f15879ca63f4b58967963a695c1168212bc2b489508f,0.294269353,4625,False,TRANSLATED_ONLY,2.167676594999648,449782,2.5826610469994193
b2,5to10Traces/0178.trace,5to10Traces,plain,10,2,0,8,1,MIN_EXPANDED_SIZE,,9,4430fdb2aab411bdcb015e7f6c8b460ba74aa0805e1ed6617219a2c9b842e93b,3,25,25,macro,1,1002216,0.26437020399953326,,58217,d187d7bdb7845bb7b041c303de43339dc71ed1ff0fbf33fe84efbdd5f283b6b0,0.619799245,9632,False,TRANSLATED_ONLY,4.720817162999992,470632,4.985759270000017
b2,disjunctedExistence/0003.trace,disjunctedExistence,plain,36,2,0,8,1,MIN_EXPANDED_SIZE,,5,424507b2de8960903fda914ede4da873c9ed6d3925a5e02f18cb3b19d0ece32e,5,100,14,atlas-b,1,1697285,0.46443941699999414,,39091,e55d23ebc6106b7643db4daeac794359f6c42c10c80e60ff68dff452ee13aaa3,0.528196026,8805,False,TRANSLATED_ONLY,3.619240985000033,522611,4.084270886000013
b2,disjunctedExistence/0003.trace,disjunctedExistence,plain,36,2,0,8,1,MIN_EXPANDED_SIZE,,5,424507b2de8960903fda914ede4da873c9ed6d3925a5e02f18cb3b19d0ece32e,5,100,14,macro,1,1329973,0.31434435099981783,,67894,0ad0b96fdb7708537e08250ad79be77cbac060971ee76876d9818bfc3251fff2,0.735953178,12699,False,TRANSLATED_ONLY,5.8214720599999055,646838,6.1363982149996446
b2,increasingNumVariables/0054.trace,increasingNumVariables,plain,264,2,0,8,1,MIN_EXPANDED_SIZE,,11,ee356efe02576d0c3b952575033ba350d4966db4ff0addd2363e3e069310b2b5,9,45,45,atlas-b,1,5041909,0.4645551390003675,,47604,51b27a164cff3dfac8fc00634964a7bd88a804dd2cef2d867d1a384667c037f5,0.654020274,12167,False,TRANSLATED_ONLY,8.07511826100017,1483188,8.54025637399991
b2,increasingNumVariables/0054.trace,increasingNumVariables,plain,264,2,0,8,1,MIN_EXPANDED_SIZE,,11,ee356efe02576d0c3b952575033ba350d4966db4ff0addd2363e3e069310b2b5,9,45,45,macro,1,1923803,0.4646498519996385,,70464,10d324ce9ca914dc15ba72647bc6a304158b2ce700c1f9d20a824f8df05012c5,0.83236258,16883,False,TRANSLATED_ONLY,7.225784615000521,895619,7.691013370000292
b2,equal/0041.trace,equal,plain,10,2,0,8,1,MIN_EXPANDED_SIZE,,5,039db8452a2b4e828889363c84368109bf7adcced910749d0a98c7dfb219a90a,3,50,50,atlas-b,1,1263900,0.464530348000153,,25588,ed38ce51163a6863b7b35706deb62b3513c6ecbef7bbd8ddbaaa969ab05bd7e9,0.442724259,6679,False,TRANSLATED_ONLY,2.417282284999601,394706,2.88239640699976
b2,equal/0041.trace,equal,plain,10,2,0,8,1,MIN_EXPANDED_SIZE,,5,039db8452a2b4e828889363c84368109bf7adcced910749d0a98c7dfb219a90a,3,50,50,macro,1,1094279,0.264208695999514,,68528,105a31a31a34ed420366427af494fa889f43372fe84f1477e48649b873370e32,0.696580513,10736,False,TRANSLATED_ONLY,4.920600660999298,536608,5.185410921000766
b2,moreDetailedTest/0031.trace,moreDetailedTest,plain,18,2,0,8,1,MIN_EXPANDED_SIZE,,15,d38e3d1b6f467074f9b04773d3163291ae8d89b2043a51471e2a17768386b632,3,125,125,atlas-b,1,16788157,0.5146597000002657,,60290,65cec649a11089bceec6725a4f664bd53405d1438f6cd9fdb26608ff13837728,0.762119226,29539,False,TRANSLATED_ONLY,24.600027537999267,4959501,25.115301091999754
b2,moreDetailedTest/0031.trace,moreDetailedTest,plain,18,2,0,8,1,MIN_EXPANDED_SIZE,,15,d38e3d1b6f467074f9b04773d3163291ae8d89b2043a51471e2a17768386b632,3,125,125,macro,1,4811012,0.3142339259993605,,110785,cb22e98c0df04a7611a4318394b1d82e76fea2a97d45f411f8019b6db3f8d5e2,1.310013773,41537,False,TRANSLATED_ONLY,18.541154859000017,2272905,18.856067802000325
b2,5to10Traces/0117.trace,5to10Traces,plain,67,2,0,8,1,MIN_EXPANDED_SIZE,,5,d3c2fe8052ecf8528a9b8d2977e9aa4d2c511d320c9111e21202eb2dbf3a9567,4,1,75,atlas-b,1,4465435,0.4645879039999272,,37222,c1c1ac04dfb62093eed57a2c932c9b611eded8d69f53086abc1b160bce4fe35a,0.631237049,14655,False,TRANSLATED_ONLY,5.371533932000602,1301970,5.836707018999732
b2,5to10Traces/0117.trace,5to10Traces,plain,67,2,0,8,1,MIN_EXPANDED_SIZE,,5,d3c2fe8052ecf8528a9b8d2977e9aa4d2c511d320c9111e21202eb2dbf3a9567,4,1,75,macro,1,1830463,0.4645214920001308,,89201,27b2db7e75f242115c1ef1e71f9b6eea17ef1f65438a1e129cc042b1f93e8ab9,0.849602637,16642,False,TRANSLATED_ONLY,5.771812809000039,784956,6.236932284999966
b2,baseTest/0021.trace,baseTest,plain,18,2,0,8,1,MIN_EXPANDED_SIZE,,7,5589e1cf5fde72aa059271e32c8257148d45c86f9ba4cc0e82335409f974ac19,3,6,42,atlas-b,1,977084,0.4145762279995324,,13581,8ff38af4a51beb45c0227d2ab59951b345006d805cf7be7a4978d9aa8b43397e,0.353327999,3869,False,TRANSLATED_ONLY,1.8664790870006982,299823,2.281660009999541
b2,baseTest/0021.trace,baseTest,plain,18,2,0,8,1,MIN_EXPANDED_SIZE,,7,5589e1cf5fde72aa059271e32c8257148d45c86f9ba4cc0e82335409f974ac19,3,6,42,macro,1,822726,0.26440230299976974,,49475,e0eff2c5a02de392377e674d19a26583ac7dcba0e8f4b3cbc3e9006b09d815ea,0.542294361,8248,False,TRANSLATED_ONLY,3.819576015000166,396279,4.084592823000094
b2,disjunctedExistence/0000.trace,disjunctedExistence,plain,36,2,0,8,1,MIN_EXPANDED_SIZE,,5,9aa52b88a4b6321d15ceac2fa1866a38bfa4b34e19bb5f98e058b22455bf54c1,5,50,6,atlas-b,1,843865,0.46449542800019117,,20477,c2fa19e779de78af0b786c820c598837069eb1f95d8bc476b1a95e73ad4a67be,0.418370591,4455,False,TRANSLATED_ONLY,1.7162085709996973,259813,2.181276872000126
b2,disjunctedExistence/0000.trace,disjunctedExistence,plain,36,2,0,8,1,MIN_EXPANDED_SIZE,,5,9aa52b88a4b6321d15ceac2fa1866a38bfa4b34e19bb5f98e058b22455bf54c1,5,50,6,macro,1,665871,0.2642261109995161,,48032,b96d9599ad100864a7b4ee3eeb1a806929d5634048a2d0692a4a0fbf6f1266de,0.559530107,6672,False,TRANSLATED_ONLY,3.2689023840002847,323236,3.5337151879994053
b2,increasingNumVariables/0003.trace,increasingNumVariables,plain,10,2,0,8,1,MIN_EXPANDED_SIZE,,9,554d1db6d50e510609a8c1e3ffd7d556385f38ffb0b5bdc160657ceb008146ba,3,30,30,atlas-b,1,1775646,0.4644672130007166,,16349,acea323467ac46100982a17282e8bf45d0eacd53c844633a6baa62c95023b320,0.388621727,5475,False,TRANSLATED_ONLY,2.6678398379999635,537632,3.1328734250000707
b2,increasingNumVariables/0003.trace,increasingNumVariables,plain,10,2,0,8,1,MIN_EXPANDED_SIZE,,9,554d1db6d50e510609a8c1e3ffd7d556385f38ffb0b5bdc160657ceb008146ba,3,30,30,macro,1,1221391,0.2642695360000289,,52849,e7395f2b1a845127dd2215d3aaf3c80773297c6efd15d4a8ec61a0f2d53b7e45,0.579906491,11447,False,TRANSLATED_ONLY,4.97044607800035,571643,5.235295358999792
b2,equal/0023.trace,equal,plain,6,2,0,6,1,MIN_EXPANDED_SIZE,,5,f963d51b04b474bbc92efce90577bf4747d5beb8e0bf538f00ddc3b7d4fbaf98,3,10,10,atlas-b,1,259860,0.41441935900002136,,7108,26186934a326a02defb8df20f4865dff3cb6d9ff207fc4ea5e79f4c261e3004a,0.227685837,1479,False,TRANSLATED_ONLY,0.9653974170005313,81346,1.3803479979997064
b2,equal/0023.trace,equal,plain,6,2,0,6,1,MIN_EXPANDED_SIZE,,5,f963d51b04b474bbc92efce90577bf4747d5beb8e0bf538f00ddc3b7d4fbaf98,3,10,10,macro,1,238622,0.21417386200027977,,33001,bd846f27c70a26ec802528ff1ba5cf7b89d3d9bde5f31429d4c0c79915ffc2f9,0.493962046,2903,False,TRANSLATED_ONLY,1.9165843629998562,116252,2.1313044480002645
b2,5to10Traces/0078.trace,5to10Traces,plain,18,2,0,8,1,MIN_EXPANDED_SIZE,,11,38647e132ee55de9993f8c59a208e35d4c2ce6487de2fac015c6509a0f9e6b3c,3,150,150,atlas-b,1,12003081,0.4645287280000048,,71890,1a5a3b73085a246ada5631cef14924a1d8e803f9dd8f316920a8912c77d9f9d3,0.957619275,28997,False,TRANSLATED_ONLY,18.84015381900008,3597605,19.305268271000386
b2,5to10Traces/0078.trace,5to10Traces,plain,18,2,0,8,1,MIN_EXPANDED_SIZE,,11,38647e132ee55de9993f8c59a208e35d4c2ce6487de2fac015c6509a0f9e6b3c,3,150,150,macro,1,5770520,0.3143347060004089,,115489,f074962811bcaaa2126dd3ac868ef12aeaa200b2a19e201902c155acaa81aad6,1.396045255,49043,False,TRANSLATED_ONLY,18.08882096400066,2717603,18.403772104999916
b2,moreDetailedTest/0011.trace,moreDetailedTest,plain,10,2,0,8,1,MIN_EXPANDED_SIZE,,5,e38a5917378b9df7d12d300f9eb69929ec77ddb6206f1394ba703e78f7785083,3,500,500,atlas-b,1,12559350,0.56511481599955,,234288,0eb552e1b99bb2cfa056acb39bfeab2390cd161db052cd65c80eaf74502b2010,3.520867448,65179,False,TRANSLATED_ONLY,25.658481035000477,3920006,26.224476590999984
b2,moreDetailedTest/0011.trace,moreDetailedTest,plain,10,2,0,8,1,MIN_EXPANDED_SIZE,,5,e38a5917378b9df7d12d300f9eb69929ec77ddb6206f1394ba703e78f7785083,3,500,500,macro,1,11008035,0.31427601799987315,,253161,4fa75bcd121961d685c0eb5ce56284b5d67e2a5506299cd40393d01fa15b38df,4.747544228,102695,False,TRANSLATED_ONLY,37.26917601800051,5418838,37.58424677499988
b2,baseTest/0016.trace,baseTest,plain,18,2,0,8,1,MIN_EXPANDED_SIZE,,15,fa50e2911675719d95d055e6cd91cf981e06cbaef02d9e0626d2c09b3cd0707f,3,11,76,atlas-b,1,5929048,0.4144075449994489,,22587,0310845adf8fe9d125b680031e549bb51532e91280df9a0240067b7099a52da6,0.367850468,10794,False,TRANSLATED_ONLY,8.32624952200058,1750520,8.741200708999713
b2,baseTest/0016.trace,baseTest,plain,18,2,0,8,1,MIN_EXPANDED_SIZE,,15,fa50e2911675719d95d055e6cd91cf981e06cbaef02d9e0626d2c09b3cd0707f,3,11,76,macro,1,1773129,0.2642310359997282,,62992,b7e178e9ba26ee77f213e418b3f9ed4cf37ab9e3496dec1cdcceb3064e51a923,0.730310818,16391,False,TRANSLATED_ONLY,7.725819993999721,833426,7.99065781399986
b2,disjunctedExistence/0063.trace,disjunctedExistence,plain,134,2,0,8,1,MIN_EXPANDED_SIZE,,5,626d67f59fe04a454da0de7737bf2ad85b99392a408360b738091701b07475ab,7,300,300,atlas-b,1,10159739,0.5648025669997878,,249505,c639619f09356879f7f34b6a95690067a0e1e2cbd859c0fbd30a5c9dffdd12b9,3.622048097,51347,False,TRANSLATED_ONLY,19.39302735199999,3096577,19.958588276999762
b2,disjunctedExistence/0063.trace,disjunctedExistence,plain,134,2,0,8,1,MIN_EXPANDED_SIZE,,5,626d67f59fe04a454da0de7737bf2ad85b99392a408360b738091701b07475ab,7,300,300,macro,1,6906884,0.5146149719994355,,263069,0700b16dfdccda96abd7eecce545d3ffdcc0374d9c1d1c8d06c6b8624aba561c,4.783512829,63655,False,TRANSLATED_ONLY,24.049861579000208,3378042,24.565265368999462
b2,equal/0006.trace,equal,plain,10,2,0,8,1,MIN_EXPANDED_SIZE,,7,32a25bd96a241f1fd10f4bf5f991f6898b65b0e7799fc6e658adc867dfe067f8,3,50,50,atlas-b,1,2013140,0.46447322699987126,,25589,40f36258aed5629f6685340017bf224af421c41f183f69362f8f9922c5d4e287,0.412233968,7769,False,TRANSLATED_ONLY,3.8692934849996163,617595,4.334323417000633
b2,equal/0006.trace,equal,plain,10,2,0,8,1,MIN_EXPANDED_SIZE,,7,32a25bd96a241f1fd10f4bf5f991f6898b65b0e7799fc6e658adc867dfe067f8,3,50,50,macro,1,1668495,0.264435386000514,,64428,b60ab2524bbea57d79e84a87b65f6e29cfec28a38e9c819303de9d660250c89c,0.767462374,15324,False,TRANSLATED_ONLY,7.073838146000526,799714,7.3388576050001575
b2,increasingNumVariables/0043.trace,increasingNumVariables,plain,135,2,0,8,1,MIN_EXPANDED_SIZE,,5,e3c1b84a1d5289ce903b49dc1172b72bd22a43e0a7b8320078e4b49fa2c56a74,8,30,30,atlas-b,1,1118376,0.4646362280000176,,29869,3845f0961c65563c3c05e7186fc51e25eb69f81846b51a58c8da3911432b3e92,0.504445204,5799,False,TRANSLATED_ONLY,2.41739964000044,338895,2.882594760999382
b2,increasingNumVariables/0043.trace,increasingNumVariables,plain,135,2,0,8,1,MIN_EXPANDED_SIZE,,5,e3c1b84a1d5289ce903b49dc1172b72bd22a43e0a7b8320078e4b49fa2c56a74,8,30,30,macro,1,712160,0.4144639559999632,,54093,1166700ee36dab04be6394797c61d0d940ba7d604a1a2e157eb4531a00cf868c,0.629461197,7128,False,TRANSLATED_ONLY,3.7188755439992747,346800,4.133977956000308
b2,moreDetailedTest/0121.trace,moreDetailedTest,plain,10,2,0,8,1,MIN_EXPANDED_SIZE,,9,0ea86f7bef51632ee46c979683db72c8f7c79fa406e09261e169821e11106e65,3,350,350,atlas-b,1,20347485,0.514590008999221,,164689,258e6c8c0041015ebef0a38a70d82052040f641f2b2a00c8a312fa41a9f2015e,2.510846017,59875,False,TRANSLATED_ONLY,32.21589431400025,6160031,32.73122295200028
b2,moreDetailedTest/0121.trace,moreDetailedTest,plain,10,2,0,8,1,MIN_EXPANDED_SIZE,,9,0ea86f7bef51632ee46c979683db72c8f7c79fa406e09261e169821e11106e65,3,350,350,macro,1,13513382,0.3643368279999777,,199372,be8c9b039d2f81591eb3bec06e9b23bee198bd3890ae62fce38d3094bc96d3dd,3.53804195,112658,False,TRANSLATED_ONLY,41.831783966999865,6376286,42.196885093000674
b2,5to10Traces/0002.trace,5to10Traces,plain,5,2,0,5,1,MIN_EXPANDED_SIZE,,5,eb40501cc06da1eccd73b8b511a5d40674abeffa8794fa8e717e0fabc662a9eb,2,25,25,atlas-b,1,579857,0.4143871989999752,,11784,a21f2d4aab87f78b97abf7541249bef1a4d9c013175bf54fdc0ef49a7fc4e175,0.305529062,3147,False,TRANSLATED_ONLY,1.4158536550003191,182794,1.830765276999955
b2,5to10Traces/0002.trace,5to10Traces,plain,5,2,0,5,1,MIN_EXPANDED_SIZE,,5,eb40501cc06da1eccd73b8b511a5d40674abeffa8794fa8e717e0fabc662a9eb,2,25,25,macro,1,474168,0.21412852799949178,,57742,752aafa4cb004e846b907020d1500dcbaa6c9e46ae4af768aeb39d3ff27ad06a,0.598145559,5208,False,TRANSLATED_ONLY,3.168356498999856,236718,3.3830502410000918
b2,disjunctedExistence/0061.trace,disjunctedExistence,plain,134,2,0,8,1,MIN_EXPANDED_SIZE,,11,05796686e3c55d78c6963abdea7159548834606d6e6ce6ea7e70e2122c847d73,7,4,250,atlas-b,1,,0.564935418999994,,187131,a7641599b51923e146461dada6ba0f063edcd0bfa7831dcb563023bfa22343db,,,False,TRANSLATION_TIMEOUT,180.2605476109993,,180.82628846899934
b2,disjunctedExistence/0061.trace,disjunctedExistence,plain,134,2,0,8,1,MIN_EXPANDED_SIZE,,11,05796686e3c55d78c6963abdea7159548834606d6e6ce6ea7e70e2122c847d73,7,4,250,macro,1,14609861,0.6146950519996608,,215809,79f561c16d69c4eab953399c69038c335a934497b6ae255fb7156a1f18fc3ad0,2.532404761,86377,False,TRANSLATED_ONLY,48.09135862700077,6046985,48.70682481699987
b2,baseTest/0040.trace,baseTest,plain,10,2,0,8,1,MIN_EXPANDED_SIZE,,5,2d01c4a45631c22085feb6cdf4ca13217795df8db1af8aadca86e2d48e488276,3,431,4569,atlas-b,1,,0.8655866059998516,"Exception in thread ""main"" Type error:
Translation capacity exceeded.
In this scope, universe contains 5048 atoms
and relations of arity 3 cannot be represented.
Visit http://alloy.mit.edu/ for advice on refactoring.
	at edu.mit.csail.sdg.translator.TranslateAlloyToKodkod.rethrow(TranslateAlloyToKodkod.java:411)
	at edu.mit.csail.sdg.translator.TranslateAlloyToKodkod.execute_command(TranslateAlloyToKodkod.java:533)
	at Rq2Translate.main(Rq2Translate.java:47)
",1165843,58ac670dc69c2c5de502090b3eef47b6cf023c5e2c62d0ebbf415f7f9fc269a7,,,False,TRANSLATION_ERROR,28.760640072999195,,29.628055963000406
b2,baseTest/0040.trace,baseTest,plain,10,2,0,8,1,MIN_EXPANDED_SIZE,,5,2d01c4a45631c22085feb6cdf4ca13217795df8db1af8aadca86e2d48e488276,3,431,4569,macro,1,,0.5647785199998907,,1081898,d0fcb1e380d14e60ebc718dd7d25eba35786a686336b81bdd9faaa13b5411802,,,False,TRANSLATION_TIMEOUT,180.3007504520001,,180.86707455899978
b2,increasingNumVariables/0041.trace,increasingNumVariables,plain,135,2,0,8,1,MIN_EXPANDED_SIZE,,15,bcdfd5e3a50997933d37a3c35bdcfe4532a2a6f2c2944afca3bc396dbc775e81,8,20,20,atlas-b,1,3577460,0.4645015369997054,,20750,b2e743f4abd073acc08dd030d8d4010bc1ecbcd9f976b67049610bcbfc9aae3a,0.472378163,6809,False,TRANSLATED_ONLY,5.5227456979991985,1041730,5.987864188999993
b2,increasingNumVariables/0041.trace,increasingNumVariables,plain,135,2,0,8,1,MIN_EXPANDED_SIZE,,15,bcdfd5e3a50997933d37a3c35bdcfe4532a2a6f2c2944afca3bc396dbc775e81,8,20,20,macro,1,881060,0.36449531499965815,,47165,2e3549d2dbb6d5f48bb5f4bfa218a9169d61a6f63f51dcad99800418acae1858,0.621711348,8973,False,TRANSLATED_ONLY,4.770446016999813,409665,5.135517374999836
b2,equal/0024.trace,equal,plain,6,2,0,6,1,MIN_EXPANDED_SIZE,,5,591191500853d381ffc261d6fc8335d26e1dd1db3e401462025d499293c452c7,3,150,150,atlas-b,1,3774000,0.4645190139999613,,71888,134cb542e82c8eeb05bbbef22b8d93b55e54d5fa42190424b1facdee89b01e23,0.849325891,19679,False,TRANSLATED_ONLY,7.275635148999754,1178106,7.740729418000228
b2,equal/0024.trace,equal,plain,6,2,0,6,1,MIN_EXPANDED_SIZE,,5,591191500853d381ffc261d6fc8335d26e1dd1db3e401462025d499293c452c7,3,150,150,macro,1,3333890,0.26424613000017416,,109040,dd72c8732496d6d02cdb076ba7cf6dbe6fb212f14160529bfe9eb355047252b4,2.198270743,31421,False,TRANSLATED_ONLY,12.030358842999703,1636425,12.295156234999922
b2,baseTest/0001.trace,baseTest,plain,10,2,0,8,1,MIN_EXPANDED_SIZE,,7,9547ffb5a3f76c5b4a41be156b2d786934fb0a67853456691c927aafbe7cc350,3,250,101,atlas-b,1,7014115,0.46457034699960786,,83721,6a595a910977c0000bf0fc072e4a852cf0901532c82812f8430819dd9aef43ce,1.013145284,26594,False,TRANSLATED_ONLY,10.077991330999794,2151456,10.543203501999415
b2,baseTest/0001.trace,baseTest,plain,10,2,0,8,1,MIN_EXPANDED_SIZE,,7,9547ffb5a3f76c5b4a41be156b2d786934fb0a67853456691c927aafbe7cc350,3,250,101,macro,1,5841291,0.31449904200053425,,119400,453ac7da375d1763a743531088ed01670af574b110ea610c86f5847a490e3151,2.658657261,50820,False,TRANSLATED_ONLY,18.9457891309994,2795597,19.2609078079995
b2,moreDetailedTest/0016.trace,moreDetailedTest,plain,5,2,0,5,1,MIN_EXPANDED_SIZE,,5,2ff055971e33f6ba7e13d9758ec3b09a2a992c3c429bbedff5e0d8aec8cf4ac9,2,10,10,atlas-b,1,235799,0.4144263449998107,,6204,d8ce7af8a3551a6a1b52421a3ba1769cbb1017a9b540374a9bf1ed8b3cd8d33d,0.201978699,1347,False,TRANSLATED_ONLY,0.9153423500001736,74491,1.3303071779992024
b2,moreDetailedTest/0016.trace,moreDetailedTest,plain,5,2,0,5,1,MIN_EXPANDED_SIZE,,5,2ff055971e33f6ba7e13d9758ec3b09a2a992c3c429bbedff5e0d8aec8cf4ac9,2,10,10,macro,1,195082,0.21417703599945526,,42663,647190491fefb457a72a14b26394365d00551af9040092e93265cf05b71aad0c,0.507515662,2583,False,TRANSLATED_ONLY,1.8163227319992075,98113,2.031057201999829
b2,disjunctedExistence/0048.trace,disjunctedExistence,plain,134,2,0,8,1,MIN_EXPANDED_SIZE,,9,f40572e52f00c672d689de94400867426882c00278f9ad24fc73f6c37a203d3c,7,50,50,atlas-b,1,3754189,0.4645152359998974,,43605,ccbeeb776bf6dcb035446ab9559a5eec5300acd095efe42e53c26aba24563f05,0.637944091,11107,False,TRANSLATED_ONLY,4.470038548000048,1118936,4.935176658000273
b2,disjunctedExistence/0048.trace,disjunctedExistence,plain,134,2,0,8,1,MIN_EXPANDED_SIZE,,9,f40572e52f00c672d689de94400867426882c00278f9ad24fc73f6c37a203d3c,7,50,50,macro,1,2073187,0.364333292000083,,74546,2b74f4063103b3a7121c53835e4cc3bd37a5e1615c64017875cb87a92f79afc2,0.832204446,18277,False,TRANSLATED_ONLY,9.126455501999772,971963,9.491386628999862
b2,5to10Traces/0154.trace,5to10Traces,plain,6,2,0,6,1,MIN_EXPANDED_SIZE,,5,86ea5d1e67f32593afcf9ca718f0f15de0bdeb895fea6b059c15320ab4bf0ee9,3,5,5,atlas-b,1,134355,0.41459933900023316,,4808,e873dfb9fe383e4c4f7b6cfd89a0c0746d4383487aee44f81b939b7f0211ea68,0.192653296,829,False,TRANSLATED_ONLY,0.7652097239997602,42176,1.1804063079998741
b2,5to10Traces/0154.trace,5to10Traces,plain,6,2,0,6,1,MIN_EXPANDED_SIZE,,5,86ea5d1e67f32593afcf9ca718f0f15de0bdeb895fea6b059c15320ab4bf0ee9,3,5,5,macro,1,124230,0.21412890700048592,,27146,9a7bdbc5a19b328eb714c9e346680f9bf6d9aabfec1f7ea4c2e7b03f481c1eee,0.4154751,1853,False,TRANSLATED_ONLY,1.415859602000637,60445,1.6306126139998014
b2,equal/0020.trace,equal,plain,18,2,0,8,1,MIN_EXPANDED_SIZE,,11,e5b5f71aaa4f83bfb89a82fcc9a1d9b77f761080bbe91790b43f8c80250f807d,3,50,50,atlas-b,1,4036582,0.4645822540005611,,25590,1e12810198b381d96d2bff46c4b5459eb8427d81aba6c4a26b9972972fab548e,0.471420307,9997,False,TRANSLATED_ONLY,5.621374020000076,1209806,6.086554597999566
b2,equal/0020.trace,equal,plain,18,2,0,8,1,MIN_EXPANDED_SIZE,,11,e5b5f71aaa4f83bfb89a82fcc9a1d9b77f761080bbe91790b43f8c80250f807d,3,50,50,macro,1,1952774,0.31431326499932766,,71199,67a06d0f3fbb723fbc950899093395f6cd779f0aa0813baa0e08efea20004b93,0.77762524,17726,False,TRANSLATED_ONLY,8.075168909999775,923670,8.390065139000399
b2,increasingNumVariables/0055.trace,increasingNumVariables,plain,264,2,0,8,1,MIN_EXPANDED_SIZE,,5,b849ed540620164df9234045e83c5dad83662531ec99376f60641f18d283a6e5,9,50,50,atlas-b,1,1954387,0.5146600210000543,,52613,954831c3a809c5cec0cfca2ed860fff57c767780859b728feb7cf402fd698c0f,0.755303393,9955,False,TRANSLATED_ONLY,3.268379993999588,590205,3.7836737199995696
b2,increasingNumVariables/0055.trace,increasingNumVariables,plain,264,2,0,8,1,MIN_EXPANDED_SIZE,,5,b849ed540620164df9234045e83c5dad83662531ec99376f60641f18d283a6e5,9,50,50,macro,1,1187406,0.46444269499988877,,70758,d661d202a2f9cd05384be69a764c1483541f6a05777848f44ea6bb8675df428c,0.837858851,11354,False,TRANSLATED_ONLY,5.9219087920000675,577589,6.386956362000092
b2,5to10Traces/0074.trace,5to10Traces,plain,18,2,0,8,1,MIN_EXPANDED_SIZE,,15,17a8172a264c432b22b6195f94909869d4a7b32b69d4fe159beebda0c06d060c,3,100,100,atlas-b,1,13457132,0.4644860439993863,,48690,9244102aefb3a8195c884dc4d5640b0d98ffaabc70f2630b0051e5e0bf8e760c,0.631668258,23789,False,TRANSLATED_ONLY,21.344160246000683,3975151,21.809249173999888
b2,5to10Traces/0074.trace,5to10Traces,plain,18,2,0,8,1,MIN_EXPANDED_SIZE,,15,17a8172a264c432b22b6195f94909869d4a7b32b69d4fe159beebda0c06d060c,3,100,100,macro,1,3880586,0.31436954000037076,,101053,10b06afec24fd74bea005f9f31f9b42be04902dbfce11de24e181af4d1a8d8ab,1.094817387,33716,False,TRANSLATED_ONLY,14.13288263800041,1830103,14.447886642000412
b2,moreDetailedTest/0122.trace,moreDetailedTest,plain,10,2,0,8,1,MIN_EXPANDED_SIZE,,5,33d0a3dd7e74e03f4b4a7aba4bb741234c3826128d8e470c39f807161b418e40,3,400,400,atlas-b,1,10049248,0.5646771020001324,,187888,4cfdc4254613466e884489e96dd99dd875669f8bb1ab240279b1f68e3ea2a5a5,2.592159744,52179,False,TRANSLATED_ONLY,18.390712196000095,3136604,18.95608790500046
b2,moreDetailedTest/0122.trace,moreDetailedTest,plain,10,2,0,8,1,MIN_EXPANDED_SIZE,,5,33d0a3dd7e74e03f4b4a7aba4bb741234c3826128d8e470c39f807161b418e40,3,400,400,macro,1,8691931,0.3643350180000198,,210667,c484e28617475f8b63a596fa793fa194a05001cf05197b526635e0a8f2fa142a,3.966816391,80813,False,TRANSLATED_ONLY,31.10689426800036,4270409,31.47192306299985
b2,disjunctedExistence/0030.trace,disjunctedExistence,plain,11,2,0,8,1,MIN_EXPANDED_SIZE,,7,7a1d604605f878c29bb0e1f081fe5a726c71f72c25561513fbfd9911cf196c55,4,150,1,atlas-b,1,3263422,0.46454152800015436,,44228,75be03d825f66ef0e367190cff0d36b95b2183769dab066fe8807befe9c22cb0,0.585143205,12393,False,TRANSLATED_ONLY,4.220526092999535,995368,4.685640585000328
b2,disjunctedExistence/0030.trace,disjunctedExistence,plain,11,2,0,8,1,MIN_EXPANDED_SIZE,,7,7a1d604605f878c29bb0e1f081fe5a726c71f72c25561513fbfd9911cf196c55,4,150,1,macro,1,2572733,0.26427141899966955,,82845,7722e95a46719ce937ec5a87053a278b069ea9186f9e71a2412f00b04f87173d,0.923036942,23016,False,TRANSLATED_ONLY,9.72939115400004,1232568,9.99427151799955
b2,baseTest/0010.trace,baseTest,plain,5,2,0,5,1,MIN_EXPANDED_SIZE,,5,287f09d1ad3dd55a010036216c1436e98f7e5a60101f60da5d0708936b208576,2,51,1449,atlas-b,1,,0.5647150550003062,"Exception in thread ""main"" Type error:
Translation capacity exceeded.
In this scope, universe contains 1531 atoms
and relations of arity 3 cannot be represented.
Visit http://alloy.mit.edu/ for advice on refactoring.
	at edu.mit.csail.sdg.translator.TranslateAlloyToKodkod.rethrow(TranslateAlloyToKodkod.java:411)
	at edu.mit.csail.sdg.translator.TranslateAlloyToKodkod.execute_command(TranslateAlloyToKodkod.java:533)
	at Rq2Translate.main(Rq2Translate.java:47)
",283254,ea6c4ec7581b7af1070711ca0821c35ef93d13406b52181238d32684984f6ffc,,,False,TRANSLATION_ERROR,4.770479400999648,,5.336000195000452
b2,baseTest/0010.trace,baseTest,plain,5,2,0,5,1,MIN_EXPANDED_SIZE,,5,287f09d1ad3dd55a010036216c1436e98f7e5a60101f60da5d0708936b208576,2,51,1449,macro,1,13234927,0.3643221319998702,,261081,89f9b3777047f622cdd4718adb15750f0a70f87c4b3e721223f246158a48bb9f,5.854481006,125832,False,TRANSLATED_ONLY,47.832437056000344,6573028,48.19756266700006
b2,equal/0042.trace,equal,plain,10,2,0,8,1,MIN_EXPANDED_SIZE,,9,428b7280c06cd1c4a3dfee817f27bd54186bddd87680459d4e5d202f6b9ee9bd,3,5,5,atlas-b,1,324721,0.41443605499989644,,4809,a731c5a81e2375335c9c9610285278a28db7ea847c97ab4e38e3e52c399c5d4e,0.254507508,1225,False,TRANSLATED_ONLY,0.965356518999215,98382,1.3803473159996429
b2,equal/0042.trace,equal,plain,10,2,0,8,1,MIN_EXPANDED_SIZE,,9,428b7280c06cd1c4a3dfee817f27bd54186bddd87680459d4e5d202f6b9ee9bd,3,5,5,macro,1,258648,0.21417546799966658,,35288,bcff6ca30893b1d2498141796bcbbb46e2498100412372c446be0e392f77b664,0.501578539,3428,False,TRANSLATED_ONLY,2.1671903360002034,116264,2.3819297670006563
b2,increasingNumVariables/0044.trace,increasingNumVariables,plain,135,2,0,8,1,MIN_EXPANDED_SIZE,,5,c9802ea70fc2803345a2dcdd124d7ba6278f5d6c9e712933544a8ee2676a66a4,8,35,35,atlas-b,1,1297981,0.4646379859996159,,34429,7ce18f3cf5c2ea97e829aa21e8b03269a21e01ee8aef92260b91ece6765c7a9b,0.531430177,6699,False,TRANSLATED_ONLY,2.366997595999237,393415,2.832276535999881
b2,increasingNumVariables/0044.trace,increasingNumVariables,plain,135,2,0,8,1,MIN_EXPANDED_SIZE,,5,c9802ea70fc2803345a2dcdd124d7ba6278f5d6c9e712933544a8ee2676a66a4,8,35,35,macro,1,824125,0.36442541100041126,,54116,5de0aeb451bb1db170144cb98e70e22ac19da2381a74ae457e2ecc008a6460d7,0.690985747,8199,False,TRANSLATED_ONLY,5.120887734999997,402611,5.485871720000432
b2,moreDetailedTest/0036.trace,moreDetailedTest,plain,18,2,0,8,1,MIN_EXPANDED_SIZE,,11,c9ed4c4614dbfe90901388443af500c7e1a16c5b8fe35541ca5c2db254207741,3,300,300,atlas-b,1,23952831,0.5146394210005383,,141490,60d31175e0e1fd0d2bf6f381bfc40859cb79e7a1fd30b544dbd01b447d4a406a,1.886003789,57497,False,TRANSLATED_ONLY,35.570660955000676,7179304,36.08602558199982
b2,moreDetailedTest/0036.trace,moreDetailedTest,plain,18,2,0,8,1,MIN_EXPANDED_SIZE,,11,c9ed4c4614dbfe90901388443af500c7e1a16c5b8fe35541ca5c2db254207741,3,300,300,macro,1,11418875,0.36468753699955414,,174806,82e17988383a05f7e05c4a53f8c1561143d4cf1762115575f40d0953493d118d,2.975560319,95804,False,TRANSLATED_ONLY,41.732020704000206,5392822,42.0974716110004
b2,5to10Traces/0073.trace,5to10Traces,plain,18,2,0,8,1,MIN_EXPANDED_SIZE,,5,796cc73a47026adb51fe9c60fc5a6bf2fab504caa9bf10868738968b723c7858,3,75,13,atlas-b,1,4817623,0.4644780990001891,,34761,4811445171d267b6e2e4de3f36103ac54492e2fee9a616d06c07815d012bf863,0.533996395,16019,False,TRANSLATED_ONLY,5.122120085000461,1407222,5.587169987999914
b2,5to10Traces/0073.trace,5to10Traces,plain,18,2,0,8,1,MIN_EXPANDED_SIZE,,5,796cc73a47026adb51fe9c60fc5a6bf2fab504caa9bf10868738968b723c7858,3,75,13,macro,1,2134247,0.36445058100071037,,104274,7494252e74d511691b2686792194d97f9c3416b56397f9340b8635b5883b10b7,0.93257624,19031,False,TRANSLATED_ONLY,6.574147792999611,912127,6.939276199999767
b2,increasingNumVariables/0036.trace,increasingNumVariables,plain,70,2,0,8,1,MIN_EXPANDED_SIZE,,15,e1bd7a45a448d9c2b57fbfba8920bbc7876d3d9118b370924aae2a1290865042,7,35,35,atlas-b,1,5802875,0.46464084000035655,,31276,586df282ebbca493a789410dfda0d7b1874b941d5d68dd1729bf21133045e00a,0.543396809,10567,False,TRANSLATED_ONLY,8.726277751999987,1696575,9.191489766000814
b2,increasingNumVariables/0036.trace,increasingNumVariables,plain,70,2,0,8,1,MIN_EXPANDED_SIZE,,15,e1bd7a45a448d9c2b57fbfba8920bbc7876d3d9118b370924aae2a1290865042,7,35,35,macro,1,1502159,0.3142720639998515,,60622,f7d93cc384ba24501c90f8fecae2f3bc3c1118c28526a359c676a42957d29c72,0.662940046,13882,False,TRANSLATED_ONLY,6.974151860000347,698648,7.289053069999682
b2,voting_machine/voting8.trace,voting_machine,nnf_template,13,2,0,8,4,MIN_EXPANDED_SIZE,OfficialVoting;NNF,5,0f40eb0be74a98d28e428327dd6a20b96b94e0173b39f5bd4707dcc871294515,10,11,5,atlas-b,1,1508139,0.4646557199994277,,17643,98af5a42b13925199b7e03e164723c6a703206ab35d81eb41e621e522b56e2f1,0.631992372,8436,False,TRANSLATED_ONLY,2.968524455000079,419480,3.4338151310003013
b2,voting_machine/voting8.trace,voting_machine,nnf_template,13,2,0,8,4,MIN_EXPANDED_SIZE,OfficialVoting;NNF,5,0f40eb0be74a98d28e428327dd6a20b96b94e0173b39f5bd4707dcc871294515,10,11,5,macro,1,270480,0.31429560400010814,,58213,60c9892a8341030111ee623cce6e5ec5f1c465000b43b5a795fb7ddf07f8faab,0.597378697,5108,False,TRANSLATED_ONLY,2.071216567999727,106068,2.386102196000138
b2,voting_machine/voting13.trace,voting_machine,nnf_template,13,2,0,8,4,MIN_EXPANDED_SIZE,OfficialVoting;NNF,7,8d375b1aaaf8aad8347aa3febb6c753115efed45cd7b48c1d223ee2baf1d6e68,10,11,8,atlas-b,1,2038471,0.4645590860000084,,19638,420c643aade54151953ff14a1ea89fab88513abd6eeab7d874a840ef031b122a,0.678247919,10676,False,TRANSLATED_ONLY,3.670119153000087,569278,4.135235421000289
b2,voting_machine/voting13.trace,voting_machine,nnf_template,13,2,0,8,4,MIN_EXPANDED_SIZE,OfficialVoting;NNF,7,8d375b1aaaf8aad8347aa3febb6c753115efed45cd7b48c1d223ee2baf1d6e68,10,11,8,macro,1,444553,0.3142434179999327,,60530,0339020140624e619976a47ce82048d4d49c6bb03f6ecd404f5387d6c3d5cba8,0.693087163,7535,False,TRANSLATED_ONLY,2.9176945219996924,171568,3.232530364000013
b2,voting_machine/voting4.trace,voting_machine,nnf_template,13,2,0,8,4,MIN_EXPANDED_SIZE,OfficialVoting;NNF,5,556d787d7e05cb7675b4926bc6b9b5f6a3ac18cc80154776e3a9763a0044ab1b,10,10,3,atlas-b,1,1234920,0.46452358799979265,,14256,d739d185ea0c02a9858a8296cbe63eb01c4762da4896d1cc147865a68895969a,0.564756162,6948,False,TRANSLATED_ONLY,2.467612155999632,344015,2.932723717999579
b2,voting_machine/voting4.trace,voting_machine,nnf_template,13,2,0,8,4,MIN_EXPANDED_SIZE,OfficialVoting;NNF,5,556d787d7e05cb7675b4926bc6b9b5f6a3ac18cc80154776e3a9763a0044ab1b,10,10,3,macro,1,227358,0.26419676800014713,,48983,61b63cbddc26d812c5c0db5bbfa4d07b4a728c03a1ff694b15103f95771f5f1c,0.611368633,4415,False,TRANSLATED_ONLY,1.966669596000429,87964,2.2314687789994423
b2,voting_machine/voting9.trace,voting_machine,nnf_template,13,2,0,8,4,MIN_EXPANDED_SIZE,OfficialVoting;NNF,9,761eea46d30389b096d8a253e3b8e75dc91b12368c64d27bf30bcba8785f4f11,10,8,5,atlas-b,1,1623140,0.4645115830007853,,15647,cf07ab6a1f685e4616f66ef3e8971285d2b48c3ca46acc83c1d55f45948a1010,0.609556458,8084,False,TRANSLATED_ONLY,3.4186379339998894,455739,3.8837873630000104
b2,voting_machine/voting9.trace,voting_machine,nnf_template,13,2,0,8,4,MIN_EXPANDED_SIZE,OfficialVoting;NNF,9,761eea46d30389b096d8a253e3b8e75dc91b12368c64d27bf30bcba8785f4f11,10,8,5,macro,1,444941,0.2642081980002331,,51095,a228b3b596b0b5d57dafaa35d485ae0776d6c8afed04b9425038e44d3f3d84c9,0.606185849,7358,False,TRANSLATED_ONLY,2.267045587999746,164982,2.5318062989999817
b2,voting_machine/voting3.trace,voting_machine,nnf_template,13,2,0,8,4,MIN_EXPANDED_SIZE,OfficialVoting;NNF,5,f2fc24d8ecd656cd2276a9409f2feb061f97049411552f1e9f4e73e455ef246b,10,10,2,atlas-b,1,486440,0.4644808519997241,,12580,07e3bbf4b686a6ed2bcafeab5f18f2874bfdf0301097476e36d5dd50e1db4818,0.479326034,3932,False,TRANSLATED_ONLY,1.6663441690006948,142760,2.131397785000445
b2,voting_machine/voting3.trace,voting_machine,nnf_template,13,2,0,8,4,MIN_EXPANDED_SIZE,OfficialVoting;NNF,5,f2fc24d8ecd656cd2276a9409f2feb061f97049411552f1e9f4e73e455ef246b,10,10,2,macro,1,199621,0.26421817899972666,,45604,fd89ab06de8541850b0c60555456643167ac5d776a7ddf2dac58e487b68f8881,0.553786517,4079,False,TRANSLATED_ONLY,1.7662244350003675,78812,2.03102018699974
b2,voting_machine/voting7.trace,voting_machine,nnf_template,13,2,0,8,4,MIN_EXPANDED_SIZE,OfficialVoting;NNF,11,7888b9164013ee9e3bda61ed3f68d1215476addfb60c72275f26f45b5a9fd9de,10,11,3,atlas-b,1,1970961,0.4648909959996672,,15253,64d76a1993201a330dc5c1241476c0969da5a0326d13b31fff1c2a75ff13113c,0.610493263,9268,False,TRANSLATED_ONLY,4.8713615490005395,553984,5.336962512000355
b2,voting_machine/voting7.trace,voting_machine,nnf_template,13,2,0,8,4,MIN_EXPANDED_SIZE,OfficialVoting;NNF,11,7888b9164013ee9e3bda61ed3f68d1215476addfb60c72275f26f45b5a9fd9de,10,11,3,macro,1,443689,0.2643137699997169,,53338,90dc66f2840d758255c33dfb3a2c76b3bfd2650b4dbbea21046b7490646c47b3,0.681833847,7259,False,TRANSLATED_ONLY,2.668911561000641,165462,2.93383277599969
b2,voting_machine/voting5.trace,voting_machine,nnf_template,13,2,0,8,4,MIN_EXPANDED_SIZE,OfficialVoting;NNF,5,aaa7c5f9eb05af40920404aac394187c62a6c0f9a833f1d632b7161d62146a5a,10,11,2,atlas-b,1,522719,0.46458017799977824,,13576,123480f80bb87d7ba10988f53d7a22a0aa32598bce757e9432f5647d180a5be7,0.552581352,4218,False,TRANSLATED_ONLY,1.7665755330008324,153240,2.2317036849999567
b2,voting_machine/voting5.trace,voting_machine,nnf_template,13,2,0,8,4,MIN_EXPANDED_SIZE,OfficialVoting;NNF,5,aaa7c5f9eb05af40920404aac394187c62a6c0f9a833f1d632b7161d62146a5a,10,11,2,macro,1,215359,0.2641811929997857,,48526,ec1f9b91fab375529035cb7795f3c0b8aaf52b2e288eb26a761b205e83bf3ed3,0.541662302,4268,False,TRANSLATED_ONLY,1.816475119999268,85089,2.081236285999694
b2,voting_machine/voting14.trace,voting_machine,nnf_template,13,2,0,8,4,MIN_EXPANDED_SIZE,OfficialVoting;NNF,11,e75441430d5355f3357451f1532cd997d897a3e1ca480ce1eff14da891d99d35,10,6,2,atlas-b,1,654258,0.46457892899979925,,8939,fa41f5a88a6e08d79af46bf5a0f38cbf4812944f7104f4e9fa4f8cb817086a5a,0.433420797,3796,False,TRANSLATED_ONLY,1.8163020160000087,191358,2.2814453380005943
b2,voting_machine/voting14.trace,voting_machine,nnf_template,13,2,0,8,4,MIN_EXPANDED_SIZE,OfficialVoting;NNF,11,e75441430d5355f3357451f1532cd997d897a3e1ca480ce1eff14da891d99d35,10,6,2,macro,1,282772,0.2642627449995416,,37823,474820e98432d9f6b9cc6c2d05f566a7abeebfd3a3fa81c9c424773aad647a97,0.516453642,5246,False,TRANSLATED_ONLY,1.9163847250001709,105505,2.1812305439998454
b2,voting_machine/voting2.trace,voting_machine,nnf_template,13,2,0,8,2,MIN_EXPANDED_SIZE,OfficialVoting,5,9c56c57ce88a43702403585d2561076b6ec82d857cb441112ff537fd2a49149c,10,8,2,atlas-b,1,413826,0.4645353129999421,,10355,00f263706b35ed477f424c622b8ef3039a241cc60044f5e95397ce378a930acd,0.430261467,3360,False,TRANSLATED_ONLY,1.3661601020003218,121789,1.8312706189999517
b2,voting_machine/voting2.trace,voting_machine,nnf_template,13,2,0,8,2,MIN_EXPANDED_SIZE,OfficialVoting,5,9c56c57ce88a43702403585d2561076b6ec82d857cb441112ff537fd2a49149c,10,8,2,macro,1,133899,0.21411380500012456,,33529,2304edd7af36ecf4a61fbd5ed7c6d16406934482957dd8182c902d24b2b84117,0.546655697,2631,False,TRANSLATED_ONLY,1.5161521410000205,55718,1.7307971989994257
b2,voting_machine/voting10.trace,voting_machine,nnf_template,13,2,0,8,4,MIN_EXPANDED_SIZE,OfficialVoting;NNF,7,079adb71eea70013881ed60e6b31f588513a832d18cf5e8e758c3eaef1d1e6b2,10,3,7,atlas-b,1,1118561,0.4646527410004637,,12190,a6b7cdb2b92b48772410784d6c766d7e71465f0c236be3fec806f86a4bc4fbd5,0.584603095,5924,False,TRANSLATED_ONLY,2.617500215000291,313759,3.0827134379997005
b2,voting_machine/voting10.trace,voting_machine,nnf_template,13,2,0,8,4,MIN_EXPANDED_SIZE,OfficialVoting;NNF,7,079adb71eea70013881ed60e6b31f588513a832d18cf5e8e758c3eaef1d1e6b2,10,3,7,macro,1,289462,0.26415386399912677,,44109,a6392c6d1238d47e0f082f270ecd1810b6d0514f8e5ffb8779d1afaab4b741e8,0.566911739,5447,False,TRANSLATED_ONLY,1.8667586550000124,108892,2.1314890630001173
b2,robot/RRtrace/order1.trace,robot,repair,2050,2,5,13,4,REPAIR,OfficialRobotRR;Repair;NoDAGReuse;LeftNotEqualRight,5,a3abe8fbb73a4ecb60647b73556a968ea82771067cb68363c346c66c539cb423,3,1,3,atlas-b,1,3837312,0.46457473400005256,,5912,541730a0c102f852da565c3e9b15bee8527ea51d2e95d5cf4a1275c70e654a4f,0.365193907,6087,False,TRANSLATED_ONLY,5.972907314000622,996109,6.438047912000002
b2,robot/RRtrace/order1.trace,robot,repair,2050,2,5,13,4,REPAIR,OfficialRobotRR;Repair;NoDAGReuse;LeftNotEqualRight,5,a3abe8fbb73a4ecb60647b73556a968ea82771067cb68363c346c66c539cb423,3,1,3,macro,1,352361,0.31432590800068283,,20511,7f36bc656744cf648683b613f5b2fbe4a7c2c078109b8664a2fa9237df35df34,0.429340066,6191,False,TRANSLATED_ONLY,1.8662471949992323,130063,2.1811702659997536
b2,robot/RRtrace/order5.trace,robot,repair,2050,2,5,13,4,REPAIR,OfficialRobotRR;Repair;NoDAGReuse;LeftNotEqualRight,7,6910c58345fa6ec2a989eacc9a6333c5f4ec9b1198d2398d9d4550b1196f6534,3,4,6,atlas-b,1,9870517,0.4645214029997078,,8597,43c9ff282cc2f7436f8df9d40151ded5bfa010b480b66176494cf0a9f880fbad,0.401882889,15567,False,TRANSLATED_ONLY,15.390331908999542,2564316,15.85543574500025
b2,robot/RRtrace/order5.trace,robot,repair,2050,2,5,13,4,REPAIR,OfficialRobotRR;Repair;NoDAGReuse;LeftNotEqualRight,7,6910c58345fa6ec2a989eacc9a6333c5f4ec9b1198d2398d9d4550b1196f6534,3,4,6,macro,1,737251,0.31437596700016,,25676,55623e7518264b9c307d0bbc5edf423259a8fdef5ef8c160b3c42ea6438c5f2f,0.470275909,11309,False,TRANSLATED_ONLY,2.4675263129993255,270061,2.7824924630003807
b2,robot/RRtrace/order.trace,robot,repair,1026,2,5,13,4,REPAIR,OfficialRobotRR;Repair;NoDAGReuse;LeftNotEqualRight,5,8d2432b2486743e83d897ec36aea2cc3fd34384dcb4fa6fba9fe4106670853a1,3,3,3,atlas-b,1,5744073,0.41461218900076346,,6944,a86ea8f57f7afa6e02b4178227c3ce948db7f5f5dbe1722fb2dc9262aba53383,0.355973584,8991,False,TRANSLATED_ONLY,7.674821127000541,1490210,8.090000539000357
b2,robot/RRtrace/order.trace,robot,repair,1026,2,5,13,4,REPAIR,OfficialRobotRR;Repair;NoDAGReuse;LeftNotEqualRight,5,8d2432b2486743e83d897ec36aea2cc3fd34384dcb4fa6fba9fe4106670853a1,3,3,3,macro,1,428971,0.3142840700002125,,20487,8c58d947f672af07d16e5db83fc782f2756838ff027dde25debce1c34e1fb8c5,0.431692842,7421,False,TRANSLATED_ONLY,2.0172121650002737,159453,2.332049088000531
b2,robot/RRtrace/order8.trace,robot,repair,2050,2,5,13,4,REPAIR,OfficialRobotRR;Repair;NoDAGReuse;LeftNotEqualRight,9,f6af61f7ecc7792d6b397b019339d1e1ae21db5834d7641fbdfa69f2553aee1e,3,4,6,atlas-b,1,17526453,0.46442649500022526,,11490,eb2071d0e96690ff6bd5903705aaa0ba19864cc329841c6456a366551aa76204,0.515736595,22511,False,TRANSLATED_ONLY,26.607965317999515,4524157,27.073025217999202
b2,robot/RRtrace/order8.trace,robot,repair,2050,2,5,13,4,REPAIR,OfficialRobotRR;Repair;NoDAGReuse;LeftNotEqualRight,9,f6af61f7ecc7792d6b397b019339d1e1ae21db5834d7641fbdfa69f2553aee1e,3,4,6,macro,1,1143357,0.31464177100042434,,25602,b5924254c627ad514ace020a21fdece4aa5fe6bb91976dec28981d874b0578c8,0.46342454,16686,False,TRANSLATED_ONLY,3.419033094999577,408291,3.734263820999331
b2,robot/RAtrace/final42.trace,robot,repair,2050,2,6,14,2,REPAIR,OfficialRobotRA;Repair;NoDAGReuse;LeftNotEqualRight,5,c410198587a4c3beccbc1659edff2c0ce31d5894807f59174864ec099f479918,3,3,3,atlas-b,1,5771897,0.414470177000112,,7863,238fbe263a552efdc32b1e7bb64d21aeeb02ed2ee6b2eab1452a142b2da366bd,0.44024448,9236,False,TRANSLATED_ONLY,8.225047220000306,1498111,8.64005030899989
b2,robot/RAtrace/final42.trace,robot,repair,2050,2,6,14,2,REPAIR,OfficialRobotRA;Repair;NoDAGReuse;LeftNotEqualRight,5,c410198587a4c3beccbc1659edff2c0ce31d5894807f59174864ec099f479918,3,3,3,macro,1,537776,0.2642246739997063,,17858,7f12b1180b62dba24d8551b2508b400a828880607f3c544e11abf1924b259cac,0.40281277,8489,False,TRANSLATED_ONLY,2.066740971999934,199163,2.3315003480001906
b2,robot/RRtrace/order10.trace,robot,repair,2050,2,5,13,4,REPAIR,OfficialRobotRR;Repair;NoDAGReuse;LeftNotEqualRight,11,d3a64270a7ff1cee5aede758295552e7ce71372dfa5e44d2b2d059e5d381baef,3,5,7,atlas-b,1,21614938,0.46451533199979167,,13063,8c724f4349ff765b8670fabcb81f4538a21e7882c6031bce40719842939711da,0.511772508,28011,False,TRANSLATED_ONLY,34.36596031600038,5585302,34.831040870000834
b2,robot/RRtrace/order10.trace,robot,repair,2050,2,5,13,4,REPAIR,OfficialRobotRR;Repair;NoDAGReuse;LeftNotEqualRight,11,d3a64270a7ff1cee5aede758295552e7ce71372dfa5e44d2b2d059e5d381baef,3,5,7,macro,1,1274735,0.314208685000267,,25851,3f3ddc753f239458902028e802c6fcbd89a13ce70e08165521698ca8fde8cf0d,0.500421823,18541,False,TRANSLATED_ONLY,3.4686927390002893,455571,3.783459307999692
b2,robot/RAtrace/final3.trace,robot,repair,2050,2,6,14,2,REPAIR,OfficialRobotRA;Repair;NoDAGReuse;LeftNotEqualRight,5,d52f92767d36f3d527df04121ba2a665867ed41657526819f79a5e614af31b52,3,2,3,atlas-b,1,4814842,0.41443244499987486,,6897,b1cc5f80c8de26d23fe4755c8ef3a3dedafe4cee854b8afd0a2336c85a873d48,0.41801867,7751,False,TRANSLATED_ONLY,6.773514225999861,1250070,7.1884964150003725
b2,robot/RAtrace/final3.trace,robot,repair,2050,2,6,14,2,REPAIR,OfficialRobotRA;Repair;NoDAGReuse;LeftNotEqualRight,5,d52f92767d36f3d527df04121ba2a665867ed41657526819f79a5e614af31b52,3,2,3,macro,1,451172,0.26425495599960414,,17649,f3e0aa50766daa0bf736c4246d9ee26c961843f692caa8fd4430692056bd7038,0.392429229,7139,False,TRANSLATED_ONLY,1.9168663619993822,167456,2.1816720619999614
b2,robot/RAtrace/final47.trace,robot,repair,2050,2,6,14,2,REPAIR,OfficialRobotRA;Repair;NoDAGReuse;LeftNotEqualRight,15,4ff6be8138b02f068b8dfdc6d6d6c11acc948cd5db92be07ca3bac992328485e,3,4,12,atlas-b,1,28603926,0.4645915889996104,,15282,47c5b064763329e1ee1794317260609f6dd416ec1f292b2247fab6ac96eb1778,0.605511334,39130,False,TRANSLATED_ONLY,47.93644267699983,7413085,48.4015936299993
b2,robot/RAtrace/final47.trace,robot,repair,2050,2,6,14,2,REPAIR,OfficialRobotRA;Repair;NoDAGReuse;LeftNotEqualRight,15,4ff6be8138b02f068b8dfdc6d6d6c11acc948cd5db92be07ca3bac992328485e,3,4,12,macro,1,1521387,0.31426890900002036,,28325,010b52bfdeec556bddfc68153ec3a635e45a9f4a4e04fbdfbc30ac3e2d7aaa4e,0.475953556,20627,False,TRANSLATED_ONLY,3.9196759340002245,545314,4.234504605999973
b2,robot/RRtrace/order2.trace,robot,repair,2050,2,5,13,4,REPAIR,OfficialRobotRR;Repair;NoDAGReuse;LeftNotEqualRight,5,e15fb553ba3dbcd97ba8b963a288ed089576ea6dbe9e43da2e5211fbbdc3cb7b,3,3,3,atlas-b,1,13191837,0.4644641569993837,,9040,4590673feeb3b06e8beec31ef0d420597202f5539e2bec282ad768facf0ef3ce,0.537063914,14799,False,TRANSLATED_ONLY,19.34263934200044,3386918,19.807694871999956
b2,robot/RRtrace/order2.trace,robot,repair,2050,2,5,13,4,REPAIR,OfficialRobotRR;Repair;NoDAGReuse;LeftNotEqualRight,5,e15fb553ba3dbcd97ba8b963a288ed089576ea6dbe9e43da2e5211fbbdc3cb7b,3,3,3,macro,1,586475,0.36429795599997306,,24687,c2940f828af59176aeaeaeafbede4e375f82c9c1c48928c3a0e4397e07aa19b4,0.456226205,10045,False,TRANSLATED_ONLY,2.317075572000249,216093,2.6819086499999685
b2,robot/RAtrace/final46.trace,robot,repair,2050,2,6,14,2,REPAIR,OfficialRobotRA;Repair;NoDAGReuse;LeftNotEqualRight,7,207fa315da07ed9a18322159e205289fa4a931233fb2b6ad76b6094e97d812c9,3,4,9,atlas-b,1,12885794,0.4644771260000198,,11745,5c0d0fabcb7cd734d6da4f967dddbde33e39ca68d9fe33589769a774b2434413,0.461114297,20605,False,TRANSLATED_ONLY,17.044299025999862,3347920,17.509331444000054
b2,robot/RAtrace/final46.trace,robot,repair,2050,2,6,14,2,REPAIR,OfficialRobotRA;Repair;NoDAGReuse;LeftNotEqualRight,7,207fa315da07ed9a18322159e205289fa4a931233fb2b6ad76b6094e97d812c9,3,4,9,macro,1,1035324,0.264181842000653,,21675,9c480cd3e1380cd7e99325760e01d52ca3e62976fbcab1330fdb23cd7a954316,0.44488609,14705,False,TRANSLATED_ONLY,3.0688314939998236,375302,3.3335952600000383
b2,robot/RAtrace/final45.trace,robot,repair,2050,2,6,14,2,REPAIR,OfficialRobotRA;Repair;NoDAGReuse;LeftNotEqualRight,5,1d2034a84262dfb83192aee474f05d2c625c98a90d17797a383715a63f78c1fe,3,4,6,atlas-b,1,9599967,0.41448028900049394,,10197,2f7266c5847b0bc0490bd03ea0054b38248d97bd5e9ae644c3aee2211d6ad0f5,0.487639794,15176,False,TRANSLATED_ONLY,14.88474390400006,2490275,15.299798705000285
b2,robot/RAtrace/final45.trace,robot,repair,2050,2,6,14,2,REPAIR,OfficialRobotRA;Repair;NoDAGReuse;LeftNotEqualRight,5,1d2034a84262dfb83192aee474f05d2c625c98a90d17797a383715a63f78c1fe,3,4,6,macro,1,703659,0.26430810100009694,,20284,c0be8a55f4dbf04b2d4f4838b35379b7cfaecdee284ab55a67d9bfcb027bd628,0.399585404,11054,False,TRANSLATED_ONLY,2.5175192209999295,261053,2.782427645000098
b2,robot/RRtrace/order9.trace,robot,repair,2050,2,5,13,4,REPAIR,OfficialRobotRR;Repair;NoDAGReuse;LeftNotEqualRight,9,16897599aa8b78ff3b95727250a7e104d28173d2048cb2096a96454eb1994c31,3,5,6,atlas-b,1,19273165,0.4644995669996206,,12546,b4cd46e550919be521bb1e4c77dfc3dde7b31301fdc3dba0ffe429222752a34a,0.498062745,24711,False,TRANSLATED_ONLY,27.30854987299972,4974697,27.773593312999765
b2,robot/RRtrace/order9.trace,robot,repair,2050,2,5,13,4,REPAIR,OfficialRobotRR;Repair;NoDAGReuse;LeftNotEqualRight,9,16897599aa8b78ff3b95727250a7e104d28173d2048cb2096a96454eb1994c31,3,5,6,macro,1,1265863,0.3643514100003813,,25819,6d46bb34e882c80636f08ceecb89238274e0c4bee5e522061a12482c31d0b1b7,0.476166671,18435,False,TRANSLATED_ONLY,3.7695067469994683,451801,4.134456681000302
b2,robot/RAtrace/final44.trace,robot,repair,2050,2,6,14,2,REPAIR,OfficialRobotRA;Repair;NoDAGReuse;LeftNotEqualRight,5,1b07920e1c3da943d037e93424f5264ce49246d6f0dedbd0e16add04b1619b2e,3,4,3,atlas-b,1,6728952,0.4145109470000534,,8829,1b2ffd98ebf2a3411d9e81efa333b42220e97b58052a28ff0e194b4e2f08a256,0.460012689,10721,False,TRANSLATED_ONLY,8.175699046999398,1746152,8.590769517000808
b2,robot/RAtrace/final44.trace,robot,repair,2050,2,6,14,2,REPAIR,OfficialRobotRA;Repair;NoDAGReuse;LeftNotEqualRight,5,1b07920e1c3da943d037e93424f5264ce49246d6f0dedbd0e16add04b1619b2e,3,4,3,macro,1,624380,0.3143309090000912,,18100,368a867cadde87355ec17b26eb5b12922fdd8aa2ac4dfc5c1eacf4f86c7a532d,0.415805058,9839,False,TRANSLATED_ONLY,2.167427779000718,230870,2.482351061999907
b2,robot/RAtrace/final21.trace,robot,repair,2050,2,6,14,2,REPAIR,OfficialRobotRA;Repair;NoDAGReuse;LeftNotEqualRight,11,af03be7fbc2397df523c58e05c2defaa7a4b05c8c6eb92cfb3f3ad1f82887619,3,4,3,atlas-b,1,7509240,0.4143548140000348,,7630,0b6a729465dd80819046adce19093b43dbb48e82a7ec445d9b02a0187e550cc6,0.396726362,12503,False,TRANSLATED_ONLY,9.429091195000183,1959240,9.843979320000471
b2,robot/RAtrace/final21.trace,robot,repair,2050,2,6,14,2,REPAIR,OfficialRobotRA;Repair;NoDAGReuse;LeftNotEqualRight,11,af03be7fbc2397df523c58e05c2defaa7a4b05c8c6eb92cfb3f3ad1f82887619,3,4,3,macro,1,798583,0.264195034000295,,19129,ca2a3a7ca0636e157d1f7fd939084d858662cf7d0c0e552107195fdf173de758,0.433940541,10766,False,TRANSLATED_ONLY,2.6176996789999976,288715,2.882405285000459
b2,robot/RAtrace/final22.trace,robot,repair,2050,2,6,14,2,REPAIR,OfficialRobotRA;Repair;NoDAGReuse;LeftNotEqualRight,5,0b9b256621c7879fdcbdecc7088b07bef8c4a9fac018b90a85c5dd4297609f1e,3,4,6,atlas-b,1,9599808,0.4645272660000046,,8616,97fe807cf54ac9d8113c0717b4c74062996e659e87593de1794d5da419f13826,0.398057232,15176,False,TRANSLATED_ONLY,14.435526415999448,2490275,14.900603485999454
b2,robot/RAtrace/final22.trace,robot,repair,2050,2,6,14,2,REPAIR,OfficialRobotRA;Repair;NoDAGReuse;LeftNotEqualRight,5,0b9b256621c7879fdcbdecc7088b07bef8c4a9fac018b90a85c5dd4297609f1e,3,4,6,macro,1,588885,0.2645989720003854,,21230,87c836448d2dc02b54a783ce60e2c54056941af72fc345763846da4e9e29ad5e,0.41876422,9209,False,TRANSLATED_ONLY,2.21835966099934,221361,2.483560206999755
b2,robot/RAtrace/final43.trace,robot,repair,2050,2,6,14,2,REPAIR,OfficialRobotRA;Repair;NoDAGReuse;LeftNotEqualRight,15,f3abfe251eefe4d2d051eac82b6f9c20ccec52b03eca225b50d950cfc41f3c42,3,3,4,atlas-b,1,8141539,0.4145417150002686,,8470,808ea72d6489c9e2a033a55161bb75927867c7cc3e9cbd3822a8333d21788b49,0.437437577,13771,False,TRANSLATED_ONLY,12.731341069999871,2130028,13.146431608000057
b2,robot/RAtrace/final43.trace,robot,repair,2050,2,6,14,2,REPAIR,OfficialRobotRA;Repair;NoDAGReuse;LeftNotEqualRight,15,f3abfe251eefe4d2d051eac82b6f9c20ccec52b03eca225b50d950cfc41f3c42,3,3,4,macro,1,856022,0.2641772260003563,,19456,db2ce2e172f86f8ad2dd72e65bbdb21df085894bfb5c9781816573a4e0b92eb0,0.416474962,11564,False,TRANSLATED_ONLY,2.7175051600006555,308891,2.9822302200000195
b2,robot/RRtrace/order4.trace,robot,repair,2050,2,5,13,4,REPAIR,OfficialRobotRR;Repair;NoDAGReuse;LeftNotEqualRight,5,ecdb87e848eb2d2b28ac368ff2d59d2674f234bc6bac47938879c4083870627c,3,4,3,atlas-b,1,6697468,0.4644927370000005,,7610,6d8e55f96fc477a3794fe1d22dbeb87939634b7c1c8263225f5f2520cd6f00a4,0.415198574,10443,False,TRANSLATED_ONLY,9.077568943999722,1737260,9.542629324999325
b2,robot/RRtrace/order4.trace,robot,repair,2050,2,5,13,4,REPAIR,OfficialRobotRR;Repair;NoDAGReuse;LeftNotEqualRight,5,ecdb87e848eb2d2b28ac368ff2d59d2674f234bc6bac47938879c4083870627c,3,4,3,macro,1,479581,0.2642759539994586,,20707,08268b1f6b3612c42103c2c8b054cccc99116fd5c5b00bd4bb4017b53134f69c,0.468184484,8241,False,TRANSLATED_ONLY,2.0168518250002307,178573,2.2816769329992894
b2,robot/RRtrace/order7.trace,robot,repair,2050,2,5,13,4,REPAIR,OfficialRobotRR;Repair;NoDAGReuse;LeftNotEqualRight,7,302c3bc981a3d214adaaa21af2874eea620879b1c4318b2fd230347c8f2c02bf,3,4,4,atlas-b,1,13667584,0.4645942550005202,,10638,74e36ae9931e8203bcf5791fd08818f7eee0aed40b697f84e77c87ee2fc72c3c,0.500121656,17347,False,TRANSLATED_ONLY,18.339733458999945,3524084,18.804879407000044
b2,robot/RRtrace/order7.trace,robot,repair,2050,2,5,13,4,REPAIR,OfficialRobotRR;Repair;NoDAGReuse;LeftNotEqualRight,7,302c3bc981a3d214adaaa21af2874eea620879b1c4318b2fd230347c8f2c02bf,3,4,4,macro,1,957342,0.36441232100060006,,24872,0f9caf778b6b67adb933a5509d6807cf102c0500b29145ae08c9a3f8ef2d2def,0.504646013,14690,False,TRANSLATED_ONLY,3.7194037589997606,344796,4.084375293999983
b2,robot/RAtrace/final4.trace,robot,repair,2050,2,6,14,2,REPAIR,OfficialRobotRA;Repair;NoDAGReuse;LeftNotEqualRight,5,a5ae4a200430e6b45dd22294c45e034aa637a3c5381915842e16f9e197ebf3d1,3,3,3,atlas-b,1,13226831,0.4144987489999039,,9059,cf49c770be4920ecf59d97158a7ee2e1ce0d5982f10016ccec176d1aa33e186d,0.497660371,15110,False,TRANSLATED_ONLY,19.644499384000483,3396799,20.059549175999564
b2,robot/RAtrace/final4.trace,robot,repair,2050,2,6,14,2,REPAIR,OfficialRobotRA;Repair;NoDAGReuse;LeftNotEqualRight,5,a5ae4a200430e6b45dd22294c45e034aa637a3c5381915842e16f9e197ebf3d1,3,3,3,macro,1,634200,0.31432653499996377,,21399,438da23aeca9ef7feabe7aa95c9138ba67b43b90a1f2f8b2469efedebf1ad940,0.487541708,10019,False,TRANSLATED_ONLY,2.5175610010001037,233333,2.8324516699995
b2,robot/RRtrace/order6.trace,robot,repair,2050,2,5,13,4,REPAIR,OfficialRobotRR;Repair;NoDAGReuse;LeftNotEqualRight,9,6fa60cb707ea5016a8f17a93532f56a28194e5957c1b9ac3d6518ad16aea2bb5,3,4,3,atlas-b,1,12286494,0.46493189499960863,,10122,651ed81481af402acff8f736c4ae0c157ed0319a01baeb820171421617fa0cd6,0.471683671,15911,False,TRANSLATED_ONLY,19.991006866000134,3172537,20.456559535999986
b2,robot/RRtrace/order6.trace,robot,repair,2050,2,5,13,4,REPAIR,OfficialRobotRR;Repair;NoDAGReuse;LeftNotEqualRight,9,6fa60cb707ea5016a8f17a93532f56a28194e5957c1b9ac3d6518ad16aea2bb5,3,4,3,macro,1,1041410,0.3142593040001884,,23234,2109f40b91afa587c09bb5cf0a7e15a3cfe2ad81c9d70c32be60642de1d02453,0.468408778,15255,False,TRANSLATED_ONLY,3.469253385000229,370606,3.784064933999616
b2,peterson/extra_traces/liveness4.trace,peterson,required,18,2,0,8,6,MIN_EXPANDED_SIZE,OfficialPeterson;NoSharedLiteralBranches;RequiredProposition(x6),5,f8f138045b1f9a38d77dff03f46afe71da8fd69753a76d702b83fbc3d4ca9d1e,15,12,4,atlas-b,1,12011041,0.5145791040004042,,49922,0439198d70a07e540c27e87bf07e60ea86a7a56cfd895bebb17d7da8e144daba,3.800317977,27479,False,TRANSLATED_ONLY,19.143298422000044,3148151,19.65849683000033
b2,peterson/extra_traces/liveness4.trace,peterson,required,18,2,0,8,6,MIN_EXPANDED_SIZE,OfficialPeterson;NoSharedLiteralBranches;RequiredProposition(x6),5,f8f138045b1f9a38d77dff03f46afe71da8fd69753a76d702b83fbc3d4ca9d1e,15,12,4,macro,1,683051,0.3644557950001399,,68217,fb839044552aa6732d7ed070a22f4ad061b6e9f6d37a166007bf3a8e48abda83,0.750383847,9563,False,TRANSLATED_ONLY,3.218196490000082,209265,3.58324513900061
b2,peterson/extra_traces/liveness3.trace,peterson,required,18,2,0,8,6,MIN_EXPANDED_SIZE,OfficialPeterson;NoSharedLiteralBranches;RequiredProposition(x6),7,92c08cb6b10d0d9c517c8acfcba4193a92fd802382d721f79ade0f27a73d17d4,15,12,4,atlas-b,1,12598075,0.514508597000713,,50386,953b1ae7b718794e0cdd2c8e6c63609cc4316963676e2e3331ff6e8061e1487d,4.011040357,28687,False,TRANSLATED_ONLY,18.991665754999303,3315347,19.5067680559996
b2,peterson/extra_traces/liveness3.trace,peterson,required,18,2,0,8,6,MIN_EXPANDED_SIZE,OfficialPeterson;NoSharedLiteralBranches;RequiredProposition(x6),7,92c08cb6b10d0d9c517c8acfcba4193a92fd802382d721f79ade0f27a73d17d4,15,12,4,macro,1,991281,0.36430367899993144,,69091,292ff0178a3f04635cba8a5ef35b055bd6d993ac62915daf2f5738e4a92d3a1e,0.8178594,12815,False,TRANSLATED_ONLY,3.718977363999329,301063,4.083887426999354
b2,peterson/base/liveness1.trace,peterson,required,18,2,0,8,6,MIN_EXPANDED_SIZE,OfficialPeterson;NoSharedLiteralBranches;RequiredProposition(x6),5,9f74b90d31d8148ebcac789e298f8c583860eb7a588bc1597f72b024cf5d4964,15,8,4,atlas-b,1,9053500,0.514674512000056,,39131,c07b1200eb51f43dbc0d7e60cbf87221467656464fb72482ba86dbb66d438860,3.2241926,20823,False,TRANSLATED_ONLY,14.233033499000157,2376919,14.748285775000113
b2,peterson/base/liveness1.trace,peterson,required,18,2,0,8,6,MIN_EXPANDED_SIZE,OfficialPeterson;NoSharedLiteralBranches;RequiredProposition(x6),5,9f74b90d31d8148ebcac789e298f8c583860eb7a588bc1597f72b024cf5d4964,15,8,4,macro,1,575905,0.36445707700022467,,61852,875a16c1b4253e9325f59c9a61b8c52da6d527465b2b6a38fe561091a4b8b6fc,0.72369698,8135,False,TRANSLATED_ONLY,2.81779773100061,173375,3.1828592219999337
b2,peterson/constrained/liveness4.trace,peterson,required,18,2,0,8,10,MIN_EXPANDED_SIZE,OfficialPeterson;NoSharedLiteralBranches;RequiredProposition(x6);RequiredProposition(x2),9,c90df4f57b91d92c7f4464050cd924aed3ab91b443d047f740db133d922f5830,15,8,4,atlas-b,1,9998267,0.5647341809999489,,38377,ea6f277ac0be6d68a9d5877602e4cd776c956140a65c284931b30ade911a5a83,2.78946483,22743,False,TRANSLATED_ONLY,13.888875523000024,2648152,14.454189948000021
b2,peterson/constrained/liveness4.trace,peterson,required,18,2,0,8,10,MIN_EXPANDED_SIZE,OfficialPeterson;NoSharedLiteralBranches;RequiredProposition(x6);RequiredProposition(x2),9,c90df4f57b91d92c7f4464050cd924aed3ab91b443d047f740db133d922f5830,15,8,4,macro,1,1220642,0.41444210299960105,,85603,8feecdcd1f111b7655e346389433a938064dfcd9787fa8bbdda0db0b0c6c4c06,0.935749105,16230,False,TRANSLATED_ONLY,7.325258825999299,362547,7.740327924000667
b2,peterson/constrained/liveness5.trace,peterson,required,18,2,0,8,10,MIN_EXPANDED_SIZE,OfficialPeterson;NoSharedLiteralBranches;RequiredProposition(x6);RequiredProposition(x2),5,da3f05a0aa341b1d6a4c7b55e08647703fb1ebb4bf5bdb903f43f5b09960fb7d,15,8,4,atlas-b,1,9053381,0.514510816999973,,37912,18720a751abfb63c39603019ed01d576549ec9523bfdd790d524a69bf0025f73,2.769748365,20823,False,TRANSLATED_ONLY,13.991743427000074,2376919,14.506877087999783
b2,peterson/constrained/liveness5.trace,peterson,required,18,2,0,8,10,MIN_EXPANDED_SIZE,OfficialPeterson;NoSharedLiteralBranches;RequiredProposition(x6);RequiredProposition(x2),5,da3f05a0aa341b1d6a4c7b55e08647703fb1ebb4bf5bdb903f43f5b09960fb7d,15,8,4,macro,1,703192,0.41458833100023185,,90673,e7fa6a77b2e9bd104e51574e84887bec51d09b78604b0d07eafc0967560f5fcb,1.030177321,11238,False,TRANSLATED_ONLY,5.321665526000288,213496,5.7368846119998125
b2,peterson/extra_traces/safety5.trace,peterson,required,18,2,0,8,5,MIN_EXPANDED_SIZE,OfficialPeterson;NoSharedLiteralBranches;RequiredProposition(x2);RequiredProposition(x8),11,46ba74a4558a1e88f34b6db010bd7ef7d90143c2746a2ba88f6cf604915d9590,15,12,4,atlas-b,1,13902276,0.5146452099997987,,49908,30c7d70cfd0402a5263d8d0fdacfddcb9e98b69cc662d42789b98028539e1f17,3.516166115,31151,False,TRANSLATED_ONLY,22.495340399999805,3685438,23.010554002999925
b2,peterson/extra_traces/safety5.trace,peterson,required,18,2,0,8,5,MIN_EXPANDED_SIZE,OfficialPeterson;NoSharedLiteralBranches;RequiredProposition(x2);RequiredProposition(x8),11,46ba74a4558a1e88f34b6db010bd7ef7d90143c2746a2ba88f6cf604915d9590,15,12,4,macro,1,1117956,0.3643075290001434,,61515,8ee3b8c5260265e3c93b6a85ceeaf8ae90cba100a51c12380c0b53a059ba0674,0.682869634,13183,False,TRANSLATED_ONLY,3.4188591129995984,338709,3.7837570659994526
b2,peterson/constrained/liveness1.trace,peterson,required,18,2,0,8,10,MIN_EXPANDED_SIZE,OfficialPeterson;NoSharedLiteralBranches;RequiredProposition(x6);RequiredProposition(x2),5,436612e2a9da4c1e24b3c3861fe2635e817a733e1dada8a9af60e3ec8df0b39c,15,8,4,atlas-b,1,9053501,0.5145683730006567,,39154,8bd854fe8e3bfd3411f760a5bb12c556e6c29fb7ca8f4a83e696b7beb2869b7f,3.214518684,20823,False,TRANSLATED_ONLY,14.537963982999827,2376919,15.053226082000037
b2,peterson/constrained/liveness1.trace,peterson,required,18,2,0,8,10,MIN_EXPANDED_SIZE,OfficialPeterson;NoSharedLiteralBranches;RequiredProposition(x6);RequiredProposition(x2),5,436612e2a9da4c1e24b3c3861fe2635e817a733e1dada8a9af60e3ec8df0b39c,15,8,4,macro,1,741473,0.46449102299993683,,91236,10401de83bd01986818f981b12a8079fb46fb5ca1695b4e6a5ed76979d6edd1e,1.009083104,11427,False,TRANSLATED_ONLY,4.521211605000644,222802,4.986317732000316
b2,peterson/constrained/safety4.trace,peterson,required,18,2,0,8,5,MIN_EXPANDED_SIZE,OfficialPeterson;NoSharedLiteralBranches;RequiredProposition(x2);RequiredProposition(x8),15,4fefc8d74d8cf3e860693287ea83f2d494c62f417fdc2b40d64b00910affcad5,15,8,4,atlas-b,1,11688985,0.5146231569997326,,38340,196b363ba22c109c5569ac72191d3efdc925af535e13ff041379a1ab094ccfe5,3.184463588,25743,False,TRANSLATED_ONLY,18.14272739399985,3132532,18.65799049599991
b2,peterson/constrained/safety4.trace,peterson,required,18,2,0,8,5,MIN_EXPANDED_SIZE,OfficialPeterson;NoSharedLiteralBranches;RequiredProposition(x2);RequiredProposition(x8),15,4fefc8d74d8cf3e860693287ea83f2d494c62f417fdc2b40d64b00910affcad5,15,8,4,macro,1,909430,0.31454622199998994,,50285,f6ab83393976b0b79622fb5d70a2841607fbef3796bcf802ec1371ba79055a17,0.648808021,11038,False,TRANSLATED_ONLY,3.268903199000306,273824,3.58409945800031
b2,peterson/base/liveness4.trace,peterson,required,18,2,0,8,6,MIN_EXPANDED_SIZE,OfficialPeterson;NoSharedLiteralBranches;RequiredProposition(x6),5,29ea766bb803188ab64ad1d8626561a8c07f17f53304bbfc91ab193a033eee82,15,8,4,atlas-b,1,9053425,0.46441528600007587,,38354,1ababd6edb53f8879c8ccfffe28e38f12d62720a3b54ca9668c4934b67f1c7ff,3.037347179,20823,False,TRANSLATED_ONLY,14.484242724000069,2376919,14.949222574000487
b2,peterson/base/liveness4.trace,peterson,required,18,2,0,8,6,MIN_EXPANDED_SIZE,OfficialPeterson;NoSharedLiteralBranches;RequiredProposition(x6),5,29ea766bb803188ab64ad1d8626561a8c07f17f53304bbfc91ab193a033eee82,15,8,4,macro,1,558603,0.3143416259999867,,56042,a8b85aad10627444bea1c111974edf830e2ca9c0f50c4c5f6e788c6113776acd,0.667814068,8114,False,TRANSLATED_ONLY,3.1688400060002095,169192,3.483728684000198
b2,peterson/base/safety1.trace,peterson,required,18,2,0,8,5,MIN_EXPANDED_SIZE,OfficialPeterson;NoSharedLiteralBranches;RequiredProposition(x2);RequiredProposition(x8),7,1709e7620f34798171d9c4be273f0b651842d258231413892bb38ff4073fcffe,15,8,4,atlas-b,1,9506786,0.5145182899996144,,39116,5ce83e202db28f79a4c3f377dabb5448141abbe7917b1281588099a2b0279c82,3.328184822,21775,False,TRANSLATED_ONLY,13.986293995999404,2506793,14.501379677999466
b2,peterson/base/safety1.trace,peterson,required,18,2,0,8,5,MIN_EXPANDED_SIZE,OfficialPeterson;NoSharedLiteralBranches;RequiredProposition(x2);RequiredProposition(x8),7,1709e7620f34798171d9c4be273f0b651842d258231413892bb38ff4073fcffe,15,8,4,macro,1,784597,0.36442393499964965,,54925,8dcccb4ebaaf6adef27d24ae3ae055b751879dc629ff8b6ab17a6ece78737af7,0.646298486,9536,False,TRANSLATED_ONLY,2.9180788410003515,234325,3.2830926189999445
b2,peterson/constrained/safety5.trace,peterson,required,18,2,0,8,5,MIN_EXPANDED_SIZE,OfficialPeterson;NoSharedLiteralBranches;RequiredProposition(x2);RequiredProposition(x8),5,07ab14efea161edf075647b43b10ed3094c1200b01e9afd2baa374ac8d13c72a,15,8,4,atlas-b,1,9052329,0.5145693020003819,,37874,285341f82df2969bd1e1038f470a6e472e335adbea31539ae752babb877f6721,2.829640369,20823,False,TRANSLATED_ONLY,14.585001164999994,2376367,15.10013606100074
b2,peterson/constrained/safety5.trace,peterson,required,18,2,0,8,5,MIN_EXPANDED_SIZE,OfficialPeterson;NoSharedLiteralBranches;RequiredProposition(x2);RequiredProposition(x8),5,07ab14efea161edf075647b43b10ed3094c1200b01e9afd2baa374ac8d13c72a,15,8,4,macro,1,492912,0.36444518200005405,,53445,c4a47e8fb86cc9ed9031fa0e656e82d0cf3113880a209cc42749a36bc0c90b0a,0.598279407,6799,False,TRANSLATED_ONLY,2.3670303039998544,150709,2.7320860909994735
b2,peterson/base/safety3.trace,peterson,required,18,2,0,8,5,MIN_EXPANDED_SIZE,OfficialPeterson;NoSharedLiteralBranches;RequiredProposition(x2);RequiredProposition(x8),9,0db0441662ed7a1303e119dff62fef04069ef455d9900c5d7e04f9e707fee1d1,15,8,4,atlas-b,1,9996690,0.5146387800004959,,39115,94c29cfc9bede2a10cbd0fb9536a53cd0db305b863d4fef108dd03983c9fb977,2.846634221,22743,False,TRANSLATED_ONLY,13.683446273999834,2647292,14.198674117000337
b2,peterson/base/safety3.trace,peterson,required,18,2,0,8,5,MIN_EXPANDED_SIZE,OfficialPeterson;NoSharedLiteralBranches;RequiredProposition(x2);RequiredProposition(x8),9,0db0441662ed7a1303e119dff62fef04069ef455d9900c5d7e04f9e707fee1d1,15,8,4,macro,1,913879,0.3142970819999391,,52652,2ddab9a5e44785e0edcfd4224189c2afc66da2f2d02961dfacb859dfdb3e237f,0.685546121,10906,False,TRANSLATED_ONLY,3.2182288650001283,272874,3.533086569000261
b2,peterson/base/liveness3.trace,peterson,required,18,2,0,8,6,MIN_EXPANDED_SIZE,OfficialPeterson;NoSharedLiteralBranches;RequiredProposition(x6),5,935a5ccb740869d35968bd1a207b5b32ee3a0c8ca58febd7c49e0c8d8ae331fb,15,8,4,atlas-b,1,9053500,0.5146541900003285,,39130,a16f1bbbea745e86ea8111b2d1d7add381e895eb902dce0846ebbff8a346a0f7,3.001596293,20823,False,TRANSLATED_ONLY,13.934744160000264,2376919,14.449978614000429
b2,peterson/base/liveness3.trace,peterson,required,18,2,0,8,6,MIN_EXPANDED_SIZE,OfficialPeterson;NoSharedLiteralBranches;RequiredProposition(x6),5,935a5ccb740869d35968bd1a207b5b32ee3a0c8ca58febd7c49e0c8d8ae331fb,15,8,4,macro,1,568497,0.3644258180001998,,58804,39892eef23266456aa1286d43b746a7b8cb3512d03ad8f23d41a937d8c2238fe,0.714977653,8156,False,TRANSLATED_ONLY,3.1687923919998866,171568,3.533777554000153
b2,peterson/constrained/liveness2.trace,peterson,required,18,2,0,8,10,MIN_EXPANDED_SIZE,OfficialPeterson;NoSharedLiteralBranches;RequiredProposition(x6);RequiredProposition(x2),11,bc6618ef2a01f1246eb8470a660798f236d837c2fb5ff3330399689744559cc4,15,8,4,atlas-b,1,10525010,0.5145641260005505,,38688,1872b32a5a901773c19d779c8739dade2135d66f8029ba387f8301f36b94fbbb,2.983189068,23727,False,TRANSLATED_ONLY,19.03968139999961,2799228,19.554843350000738
b2,peterson/constrained/liveness2.trace,peterson,required,18,2,0,8,10,MIN_EXPANDED_SIZE,OfficialPeterson;NoSharedLiteralBranches;RequiredProposition(x6);RequiredProposition(x2),11,bc6618ef2a01f1246eb8470a660798f236d837c2fb5ff3330399689744559cc4,15,8,4,macro,1,1212232,0.4143872599997849,,85264,f65481c6d9e7f36850b1f7e4060cad214de00a13162d9cc3c7629666c18049a1,1.035740959,16230,False,TRANSLATED_ONLY,7.524521134000679,361495,7.939524928000537
b2,peterson/extra_traces/liveness5.trace,peterson,required,18,2,0,8,6,MIN_EXPANDED_SIZE,OfficialPeterson;NoSharedLiteralBranches;RequiredProposition(x6),5,f8f138045b1f9a38d77dff03f46afe71da8fd69753a76d702b83fbc3d4ca9d1e,15,12,4,atlas-b,1,12011041,0.514741681000487,,49922,0439198d70a07e540c27e87bf07e60ea86a7a56cfd895bebb17d7da8e144daba,3.974822086,27479,False,TRANSLATED_ONLY,19.493356381000012,3148151,20.008692076999978
b2,peterson/extra_traces/liveness5.trace,peterson,required,18,2,0,8,6,MIN_EXPANDED_SIZE,OfficialPeterson;NoSharedLiteralBranches;RequiredProposition(x6),5,f8f138045b1f9a38d77dff03f46afe71da8fd69753a76d702b83fbc3d4ca9d1e,15,12,4,macro,1,683051,0.4144415089995164,,68217,fb839044552aa6732d7ed070a22f4ad061b6e9f6d37a166007bf3a8e48abda83,0.715765213,9563,False,TRANSLATED_ONLY,3.4191934680002305,209265,3.834238920999269
b2,peterson/base/safety5.trace,peterson,required,18,2,0,8,5,MIN_EXPANDED_SIZE,OfficialPeterson;NoSharedLiteralBranches;RequiredProposition(x2);RequiredProposition(x8),15,f0fd62ae634b43e64719507714c320f5e55b27b6718123ac0ee00880ffe0e576,15,8,4,atlas-b,1,11688940,0.5145407159998285,,37875,5c7e7adf777fab6e738fa8ae11af18df99db67eb74f1d4b8a4ae12b4522874f8,2.695257356,25743,False,TRANSLATED_ONLY,17.58817617800014,3132532,18.10330969899951
b2,peterson/base/safety5.trace,peterson,required,18,2,0,8,5,MIN_EXPANDED_SIZE,OfficialPeterson;NoSharedLiteralBranches;RequiredProposition(x2);RequiredProposition(x8),15,f0fd62ae634b43e64719507714c320f5e55b27b6718123ac0ee00880ffe0e576,15,8,4,macro,1,874126,0.314409782000439,,54950,fcaabc817476450f7ccae6026cfd185a8be0aa63140be48301ba51f39728525b,0.6933839,10774,False,TRANSLATED_ONLY,3.4192379139994955,265188,3.734213779000129
b2,peterson/extra_traces/safety2.trace,peterson,required,18,2,0,8,5,MIN_EXPANDED_SIZE,OfficialPeterson;NoSharedLiteralBranches;RequiredProposition(x2);RequiredProposition(x8),5,4f391b540bb696c3ae5e5ee890a1981f1ff2bb1e40d069f920a0204c55b962a7,15,12,4,atlas-b,1,12009975,0.5146947409994027,,49751,a6198fcf11fe51cd140b373cf66a5cf670dedbf2cff6773081c25db41bef516a,3.435996818,27479,False,TRANSLATED_ONLY,18.944704505000118,3147599,19.459980790000373
b2,peterson/extra_traces/safety2.trace,peterson,required,18,2,0,8,5,MIN_EXPANDED_SIZE,OfficialPeterson;NoSharedLiteralBranches;RequiredProposition(x2);RequiredProposition(x8),5,4f391b540bb696c3ae5e5ee890a1981f1ff2bb1e40d069f920a0204c55b962a7,15,12,4,macro,1,638246,0.36436092300027667,,57585,143f7b54ab271e26d7f26a9109f92d575a09c4f10156aa1c1410dc15274237c9,0.672195668,8458,False,TRANSLATED_ONLY,2.918581971999629,195842,3.2835762889999387
b2,peterson/extra_traces/liveness1.trace,peterson,required,18,2,0,8,6,MIN_EXPANDED_SIZE,OfficialPeterson;NoSharedLiteralBranches;RequiredProposition(x6),7,7eed97d678e572df7daa99fbc1517f81e508f56beed6884b75714a9e28105de0,15,12,4,atlas-b,1,12598000,0.5148341139993136,,49610,44f4fcbb7b79210199e4ccb2c9c5e81dee57fb7f560cf3275de1acb1d7d51f73,3.78233975,28687,False,TRANSLATED_ONLY,18.78955856399989,3315347,19.305013002000123
b2,peterson/extra_traces/liveness1.trace,peterson,required,18,2,0,8,6,MIN_EXPANDED_SIZE,OfficialPeterson;NoSharedLiteralBranches;RequiredProposition(x6),7,7eed97d678e572df7daa99fbc1517f81e508f56beed6884b75714a9e28105de0,15,12,4,macro,1,983834,0.3643896310004493,,63277,942dc65b15056d8d52447e53f9969372cef2e628d9863b6c2596d95c45eeef4a,0.745129759,12815,False,TRANSLATED_ONLY,3.6692797610003254,299430,4.034248206000484
b2,peterson/extra_traces/safety4.trace,peterson,required,18,2,0,8,5,MIN_EXPANDED_SIZE,OfficialPeterson;NoSharedLiteralBranches;RequiredProposition(x2);RequiredProposition(x8),5,46ba74a4558a1e88f34b6db010bd7ef7d90143c2746a2ba88f6cf604915d9590,15,12,4,atlas-b,1,12009990,0.5647159599993756,,49907,f21dcec5663d8f0e68c1ed5d36adc8be1429bd87003058e5aa2ca5504cbb4098,3.894883468,27479,False,TRANSLATED_ONLY,19.992186317000233,3147599,20.55750503099989
b2,peterson/extra_traces/safety4.trace,peterson,required,18,2,0,8,5,MIN_EXPANDED_SIZE,OfficialPeterson;NoSharedLiteralBranches;RequiredProposition(x2);RequiredProposition(x8),5,46ba74a4558a1e88f34b6db010bd7ef7d90143c2746a2ba88f6cf604915d9590,15,12,4,macro,1,638339,0.3643941749996884,,60082,266a47202393612f7f4aba433d57c21ed9d6a3c2255fee95427746af24272788,0.670005896,8416,False,TRANSLATED_ONLY,2.667479949999688,195905,3.032500970000001
b2,peterson/base/liveness2.trace,peterson,required,18,2,0,8,6,MIN_EXPANDED_SIZE,OfficialPeterson;NoSharedLiteralBranches;RequiredProposition(x6),9,b9921457015aeeaa65008dbf2e68f3d42fc57f078bdbf3369e1e9961cf5a0f12,15,8,4,atlas-b,1,9998296,0.5147839739993287,,38664,7015425575ed7258f0794b2b48756e0177fca3ccd2d45c3cede5f2a52a365700,2.72829219,22743,False,TRANSLATED_ONLY,13.283451625999987,2648152,13.798791961999996
b2,peterson/base/liveness2.trace,peterson,required,18,2,0,8,6,MIN_EXPANDED_SIZE,OfficialPeterson;NoSharedLiteralBranches;RequiredProposition(x6),9,b9921457015aeeaa65008dbf2e68f3d42fc57f078bdbf3369e1e9961cf5a0f12,15,8,4,macro,1,953892,0.36446919700028957,,57072,6b67b13d45a2a362644e7bb79a6ec88333ddd0d0593096997790ac19b3f7980f,0.694212486,12248,False,TRANSLATED_ONLY,3.9198356500000955,286219,4.284897051999906
b2,peterson/base/liveness5.trace,peterson,required,18,2,0,8,6,MIN_EXPANDED_SIZE,OfficialPeterson;NoSharedLiteralBranches;RequiredProposition(x6),5,54276540f9728e2aa48738953ca9c762b12501349f13a14bee8f1f24746128f2,15,8,4,atlas-b,1,9053380,0.51461550500062,,37889,360b750a64d9021ebd6eb9ef6d4314d14192c6367e8d1b00891a0618371866d6,2.610940507,20823,False,TRANSLATED_ONLY,14.133551803000046,2376919,14.648764900999595
b2,peterson/base/liveness5.trace,peterson,required,18,2,0,8,6,MIN_EXPANDED_SIZE,OfficialPeterson;NoSharedLiteralBranches;RequiredProposition(x6),5,54276540f9728e2aa48738953ca9c762b12501349f13a14bee8f1f24746128f2,15,8,4,macro,1,537624,0.36461528400013776,,61289,57b9b2da04184ae0f8ed26dd6849e1fdbc59ae9885e15fb1f114c8e4b8f6238c,0.726218867,7946,False,TRANSLATED_ONLY,2.918843254999956,164069,3.2840916140003173
b2,peterson/extra_traces/liveness2.trace,peterson,required,18,2,0,8,6,MIN_EXPANDED_SIZE,OfficialPeterson;NoSharedLiteralBranches;RequiredProposition(x6),11,e98338bab14ea5dea040b72c58025b914786076f578dbd0079e0cae84d36cfa1,15,12,4,atlas-b,1,13904260,0.5146016329999838,,49767,76e2fdcb5b6da5ba92bc9fdcf3f34b9a4092308a43b231b71286fb6884aa3b7f,3.479756995,31151,False,TRANSLATED_ONLY,23.700812473999576,3686476,24.216021643000204
b2,peterson/extra_traces/liveness2.trace,peterson,required,18,2,0,8,6,MIN_EXPANDED_SIZE,OfficialPeterson;NoSharedLiteralBranches;RequiredProposition(x6),11,e98338bab14ea5dea040b72c58025b914786076f578dbd0079e0cae84d36cfa1,15,12,4,macro,1,1187163,0.4144924060001358,,66862,11c042eed780a9ffe3e37aa6e4da353b8e8b850b0f98b0161aedfdd0dd56a37f,0.72371056,14723,False,TRANSLATED_ONLY,4.119829444000061,358720,4.534979768000085
b2,peterson/extra_traces/safety3.trace,peterson,required,18,2,0,8,5,MIN_EXPANDED_SIZE,OfficialPeterson;NoSharedLiteralBranches;RequiredProposition(x2);RequiredProposition(x8),5,822bbdfec285344d5833e1b0df76f8bed0ca87ac6161f1a8b473902a809aa208,15,12,4,atlas-b,1,12010035,0.5145711129998745,,50371,a5945251dafc80591f22d86aedf23dab3bad08fdaa2cf7a43bd29c3aff1c3201,3.88906822,27479,False,TRANSLATED_ONLY,19.392342789000395,3147599,19.907482925000295
b2,peterson/extra_traces/safety3.trace,peterson,required,18,2,0,8,5,MIN_EXPANDED_SIZE,OfficialPeterson;NoSharedLiteralBranches;RequiredProposition(x2);RequiredProposition(x8),5,822bbdfec285344d5833e1b0df76f8bed0ca87ac6161f1a8b473902a809aa208,15,12,4,macro,1,628567,0.3643853069997931,,60039,0548df203d5c9713df72b70c978553e825eda440131e34b1ef5f59867a09eff0,0.697968705,8374,False,TRANSLATED_ONLY,2.8686049900006765,193429,3.233618880999529
b2,peterson/constrained/safety1.trace,peterson,required,18,2,0,8,5,MIN_EXPANDED_SIZE,OfficialPeterson;NoSharedLiteralBranches;RequiredProposition(x2);RequiredProposition(x8),15,a7514721bec1a23c88ece9f6ccc4b2d10a6d40c27cd2e4e1539495b430dd5cac,15,8,4,atlas-b,1,11689060,0.5146574339996732,,39117,ce3a590a01623b1cde63ec0c3813836845d69129457c82a801cc51239371747b,3.034763771,25743,False,TRANSLATED_ONLY,16.743899660000352,3132532,17.259188587000608
b2,peterson/constrained/safety1.trace,peterson,required,18,2,0,8,5,MIN_EXPANDED_SIZE,OfficialPeterson;NoSharedLiteralBranches;RequiredProposition(x2);RequiredProposition(x8),15,a7514721bec1a23c88ece9f6ccc4b2d10a6d40c27cd2e4e1539495b430dd5cac,15,8,4,macro,1,936833,0.3644719910007552,,55513,96af6c79aec325fa83eb2cef0324d30602e303ee4ddb22df8a906973ab0b6f3c,0.634180703,11071,False,TRANSLATED_ONLY,3.619911212000261,280443,3.9849732980001136
b2,peterson/constrained/safety2.trace,peterson,required,18,2,0,8,5,MIN_EXPANDED_SIZE,OfficialPeterson;NoSharedLiteralBranches;RequiredProposition(x2);RequiredProposition(x8),5,3f5bd67ef68b5ef5b325bb31ab60b8ac75627512bbf57c013f975c6e6fc98a67,15,8,4,atlas-b,1,9052404,0.5145748579998326,,38649,03e2801edc8abd46395afca1af3de2d8418a7ef0288afb934bc579df34e477aa,2.902439028,20823,False,TRANSLATED_ONLY,13.983785012000226,2376367,14.498931463999725
b2,peterson/constrained/safety2.trace,peterson,required,18,2,0,8,5,MIN_EXPANDED_SIZE,OfficialPeterson;NoSharedLiteralBranches;RequiredProposition(x2);RequiredProposition(x8),5,3f5bd67ef68b5ef5b325bb31ab60b8ac75627512bbf57c013f975c6e6fc98a67,15,8,4,macro,1,506216,0.31432153699915943,,48409,bb63002fee5fcbd29536393d5cf32de4703da29cc06089ac32019c22852ac1e3,0.626083635,6925,False,TRANSLATED_ONLY,2.3674576200000956,154179,2.6823752520003836
b2,peterson/base/safety4.trace,peterson,required,18,2,0,8,5,MIN_EXPANDED_SIZE,OfficialPeterson;NoSharedLiteralBranches;RequiredProposition(x2);RequiredProposition(x8),7,76decb7b72704df66647a0ae76f100af83031927339299e129b9fa6fad9c4936,15,8,4,atlas-b,1,9506711,0.514485658999547,,38339,331bae68a51f4a6141392a952bab472158bba3f09d13189e55f3c4bb3b5e4e70,2.731684763,21775,False,TRANSLATED_ONLY,13.785935013999733,2506793,14.300985975999538
b2,peterson/base/safety4.trace,peterson,required,18,2,0,8,5,MIN_EXPANDED_SIZE,OfficialPeterson;NoSharedLiteralBranches;RequiredProposition(x2);RequiredProposition(x8),7,76decb7b72704df66647a0ae76f100af83031927339299e129b9fa6fad9c4936,15,8,4,macro,1,760585,0.31424603699997533,,49697,722403d61cd55cb7169cee9b386f92e49f0a907dec0ef635f5df0c1977296273,0.627420379,9507,False,TRANSLATED_ONLY,2.8180088620001698,228524,3.1328256730002977
b2,peterson/constrained/safety3.trace,peterson,required,18,2,0,8,5,MIN_EXPANDED_SIZE,OfficialPeterson;NoSharedLiteralBranches;RequiredProposition(x2);RequiredProposition(x8),5,6a75feff237f05f0ca5439f9326de8aa1d0571145ffe0ce5d7ffe5379959d7d2,15,8,4,atlas-b,1,9052449,0.5145891400006803,,39115,c9c0ee182a9a4fa18cc4c35a4aa35cbe657ab45b8e883a20655155fba4cddd8e,3.150066711,20823,False,TRANSLATED_ONLY,14.486508609999873,2376367,15.002725389999796
b2,peterson/constrained/safety3.trace,peterson,required,18,2,0,8,5,MIN_EXPANDED_SIZE,OfficialPeterson;NoSharedLiteralBranches;RequiredProposition(x2);RequiredProposition(x8),5,6a75feff237f05f0ca5439f9326de8aa1d0571145ffe0ce5d7ffe5379959d7d2,15,8,4,macro,1,523785,0.3143333630005145,,51251,a364f3f00d9ca86f0a268315f0c8f2d00189d8f63123f76b31603f72966615a1,0.654615136,7009,False,TRANSLATED_ONLY,2.4674662480001643,158208,2.782357134000449
b2,peterson/base/safety2.trace,peterson,required,18,2,0,8,5,MIN_EXPANDED_SIZE,OfficialPeterson;NoSharedLiteralBranches;RequiredProposition(x2);RequiredProposition(x8),9,b21ce94b36972a5f84267a7d9097d947b602d808c00f3edd770cae2760b68477,15,8,4,atlas-b,1,9996645,0.5145909149996442,,38649,1c2d4ae5e92461c92745c0f5737875aea5bf3105aa0cf5da25f86587864fcc49,2.926377863,22743,False,TRANSLATED_ONLY,13.383427689999735,2647292,13.898598138000125
b2,peterson/base/safety2.trace,peterson,required,18,2,0,8,5,MIN_EXPANDED_SIZE,OfficialPeterson;NoSharedLiteralBranches;RequiredProposition(x2);RequiredProposition(x8),9,b21ce94b36972a5f84267a7d9097d947b602d808c00f3edd770cae2760b68477,15,8,4,macro,1,885147,0.314292979000129,,49810,c5b22f76619454d63724fef1a32d82d8fa75a87fa5dd569e03ad9f839bd24d9b,0.635828309,10774,False,TRANSLATED_ONLY,3.0690260230003332,266262,3.3838994160005313
b2,peterson/extra_traces/safety1.trace,peterson,required,18,2,0,8,5,MIN_EXPANDED_SIZE,OfficialPeterson;NoSharedLiteralBranches;RequiredProposition(x2);RequiredProposition(x8),5,44374167637fffc7780883ea2ffadc6aa5a9d52993858c67804c85bd46dde8b0,15,12,4,atlas-b,1,12009960,0.5145893550006804,,49595,a08d4a9145ba6f7ec9344f696d5af9bb33d5fd65b62246f4798344d3fb077874,3.679852059,27479,False,TRANSLATED_ONLY,19.290328877999855,3147599,19.805563518999406
b2,peterson/extra_traces/safety1.trace,peterson,required,18,2,0,8,5,MIN_EXPANDED_SIZE,OfficialPeterson;NoSharedLiteralBranches;RequiredProposition(x2);RequiredProposition(x8),5,44374167637fffc7780883ea2ffadc6aa5a9d52993858c67804c85bd46dde8b0,15,12,4,macro,1,623162,0.3643141709999327,,54807,5c8e4d3136bb975e78e1be3f065a782ee6945754d82042fcb894335709d2ec80,0.674920716,8374,False,TRANSLATED_ONLY,2.9679487419998622,192242,3.332841946999906
b2,peterson/constrained/liveness3.trace,peterson,required,18,2,0,8,10,MIN_EXPANDED_SIZE,OfficialPeterson;NoSharedLiteralBranches;RequiredProposition(x6);RequiredProposition(x2),11,75f8132730e01d323fc521584e06a256d30e4aa81f5e601ca5443b3acabaf149,15,8,4,atlas-b,1,10525055,0.5145083119996343,,39154,6cd74e5366e940e137db77c32aceadc5f2baab2a696b5fa92d2dbde28679a235,3.226897684,23727,False,TRANSLATED_ONLY,18.54367439500038,2799228,19.05874983100057
b2,peterson/constrained/liveness3.trace,peterson,required,18,2,0,8,10,MIN_EXPANDED_SIZE,OfficialPeterson;NoSharedLiteralBranches;RequiredProposition(x6);RequiredProposition(x2),11,75f8132730e01d323fc521584e06a256d30e4aa81f5e601ca5443b3acabaf149,15,8,4,macro,1,1240964,0.4147965829997702,,89009,53b769a5df1fb3498341411bfc2a577da70b9ff017a58ba97b0ae8201c9140e8,1.06788476,16362,False,TRANSLATED_ONLY,7.430519110000205,368107,7.845954229000199
b2,weakening/weaken_antecedent/weaken_antecedent_10_25_25.trace,weakening,weakening_b2,10,2,0,8,15,MIN_EXPANDED_SIZE,OfficialWeakeningAntecedent,5,ee34379ba72ceb1e1371b30d42f4abfc6d8ad7d350bdba4591240b363a3c9e41,3,25,25,atlas-b,1,1141077,0.5147884620000696,,21183,58d68e5373e818175c897777c95a2fb1597d305c61cea6e2c77d4938f4d3a442,0.451908426,9151,False,TRANSLATED_ONLY,2.7679482739995365,332089,3.2832900789999258
b2,weakening/weaken_antecedent/weaken_antecedent_10_25_25.trace,weakening,weakening_b2,10,2,0,8,15,MIN_EXPANDED_SIZE,OfficialWeakeningAntecedent,5,ee34379ba72ceb1e1371b30d42f4abfc6d8ad7d350bdba4591240b363a3c9e41,3,25,25,macro,1,806867,0.2641751520004618,,94971,9730aec8934377fe8adfd46477211f2040be4f2e0a146bd6891c3d229d86b708,1.069427405,15894,False,TRANSLATED_ONLY,5.622547983999539,323165,5.887344770000709
b2,weakening/weaken_antecedent/weaken_antecedent_10_80_80.trace,weakening,weakening_b2,10,2,0,8,15,MIN_EXPANDED_SIZE,OfficialWeakeningAntecedent,7,d56277d5d9f58443700f575e34a405a2d742f8795534a5f02eca45b37e187ea5,3,80,80,atlas-b,1,4277257,0.5145375270003569,,61444,339bbb14b913083959362db91d53670db3572f10cb0d9a6bc4f6ac8658a3d7c8,0.8624628,32235,False,TRANSLATED_ONLY,7.824769286999981,1255083,8.339869637999982
b2,weakening/weaken_antecedent/weaken_antecedent_10_80_80.trace,weakening,weakening_b2,10,2,0,8,15,MIN_EXPANDED_SIZE,OfficialWeakeningAntecedent,7,d56277d5d9f58443700f575e34a405a2d742f8795534a5f02eca45b37e187ea5,3,80,80,macro,1,2870914,0.31427499600067677,,123688,5ccd67a200f3e638691f586ede20607e6eed623b1b22757926c88f5cb729da62,1.420758611,50159,False,TRANSLATED_ONLY,12.032579357999566,1170198,12.347494728999663
b2,weakening/weaken_antecedent/weaken_antecedent_10_85_85.trace,weakening,weakening_b2,10,2,0,8,15,MIN_EXPANDED_SIZE,OfficialWeakeningAntecedent,5,785299481b8d629428e191daddf5b4a8d0ceb09d65f0fabcecf4d8d8a833d44f,3,85,85,atlas-b,1,3862077,0.5145640079999794,,65103,7f35bc600291d59bf2ec2f7b7f0aff18ccd2c09942a97c1f798377c1323249ee,0.984808637,30751,False,TRANSLATED_ONLY,5.372608601000138,1120958,5.8877544630004195
b2,weakening/weaken_antecedent/weaken_antecedent_10_85_85.trace,weakening,weakening_b2,10,2,0,8,15,MIN_EXPANDED_SIZE,OfficialWeakeningAntecedent,5,785299481b8d629428e191daddf5b4a8d0ceb09d65f0fabcecf4d8d8a833d44f,3,85,85,macro,1,1969762,0.3142670580000413,,124486,e5d56c7770469f0d4a82e14f11e0f2c131506abf3807e75376f48a0fee710b64,1.3994584,38805,False,TRANSLATED_ONLY,9.428053748999446,838136,9.742962082000304
b2,weakening/weaken_antecedent/weaken_antecedent_75_10_10.trace,weakening,weakening_b2,10,2,0,8,15,MIN_EXPANDED_SIZE,OfficialWeakeningAntecedent,9,b06dd39bf194c16c54163d3f69bc559bc8a5f357c1cdd5a09b68198359807848,3,10,10,atlas-b,1,,0.514497639000183,,50263,8837a5699aa6d6e26085e20580a94dde45e56254df62750db0fd5d9dc84f8fb2,,,False,TRANSLATION_TIMEOUT,180.2928733889994,,180.80795140200007
b2,weakening/weaken_antecedent/weaken_antecedent_75_10_10.trace,weakening,weakening_b2,10,2,0,8,15,MIN_EXPANDED_SIZE,OfficialWeakeningAntecedent,9,b06dd39bf194c16c54163d3f69bc559bc8a5f357c1cdd5a09b68198359807848,3,10,10,macro,1,3251877,0.5146415979997983,,108200,e0956c792cdbccb1ba08f8018427aed2b3365d66bd57a09327c83bab9a587fb7,1.110774166,56376,False,TRANSLATED_ONLY,14.43545241999982,1206016,14.950762464000036
b2,weakening/weaken_antecedent/weaken_antecedent_10_40_40.trace,weakening,weakening_b2,10,2,0,8,15,MIN_EXPANDED_SIZE,OfficialWeakeningAntecedent,5,da7403f27aa1f158185699577aa2ae3c4d8afc04a47d8b75c6cb34f76848b83a,3,40,40,atlas-b,1,1821327,0.5145321620002505,,32163,7604cf9269cc3d3599d28c697d9857acb1527188154f6bf25c2a1857ec64b02d,0.518342771,14551,False,TRANSLATED_ONLY,2.969004333999692,529305,3.4841252389996953
b2,weakening/weaken_antecedent/weaken_antecedent_10_40_40.trace,weakening,weakening_b2,10,2,0,8,15,MIN_EXPANDED_SIZE,OfficialWeakeningAntecedent,5,da7403f27aa1f158185699577aa2ae3c4d8afc04a47d8b75c6cb34f76848b83a,3,40,40,macro,1,1085209,0.314342301000579,,103691,4eb2eae4114e2897d5f97e4d160cddb2322c538e4b6ec2dc992661a69b858914,1.127099196,21375,False,TRANSLATED_ONLY,7.7768652260001545,446513,8.091816061999452
b2,weakening/weaken_antecedent/weaken_antecedent_55_10_10.trace,weakening,weakening_b2,10,2,0,8,15,MIN_EXPANDED_SIZE,OfficialWeakeningAntecedent,9,698cb69169559bb00acd7151f73e2cf5e9889d328389deb34a8f0d3b114dcb4f,3,10,10,atlas-b,1,,0.5146599419995255,,37943,3abd72f8b2bb5a25672665351a6f0706ef6c6806e3edc5e7f9e35ec19cd0d355,,,False,TRANSLATION_TIMEOUT,180.25461522799924,,180.76985341399995
b2,weakening/weaken_antecedent/weaken_antecedent_55_10_10.trace,weakening,weakening_b2,10,2,0,8,15,MIN_EXPANDED_SIZE,OfficialWeakeningAntecedent,9,698cb69169559bb00acd7151f73e2cf5e9889d328389deb34a8f0d3b114dcb4f,3,10,10,macro,1,2408631,0.4144022729997232,,103335,80a1d9efa43a0d0d35c052421fa4b7ea5ac4f502f59b1aedfd2520997fb0efd1,0.944922464,41394,False,TRANSLATED_ONLY,11.581358708000153,889585,11.996378496000034
b2,weakening/weaken_antecedent/weaken_antecedent_10_90_90.trace,weakening,weakening_b2,10,2,0,8,15,MIN_EXPANDED_SIZE,OfficialWeakeningAntecedent,5,86a2b8a6d338775562ea51da4530d7d0b0b3c3758cc76176b626b30c568c33ba,3,90,90,atlas-b,1,4088827,0.5146365740001784,,68763,a7b475bd679d631ac6e7611acda49b8a4536d360424021d6cd3f271496c46cb3,0.883539756,32551,False,TRANSLATED_ONLY,8.578053058000478,1186694,9.093304847000582
b2,weakening/weaken_antecedent/weaken_antecedent_10_90_90.trace,weakening,weakening_b2,10,2,0,8,15,MIN_EXPANDED_SIZE,OfficialWeakeningAntecedent,5,86a2b8a6d338775562ea51da4530d7d0b0b3c3758cc76176b626b30c568c33ba,3,90,90,macro,1,2033373,0.3143906870000137,,126189,4d734618b799375675a83d1f30b6920233ef7a1c68e533ae8a64112e726b03fa,2.060673234,40065,False,TRANSLATED_ONLY,11.185463296000307,866332,11.500514559000294
b2,weakening/weaken_antecedent/weaken_antecedent_50_10_10.trace,weakening,weakening_b2,10,2,0,8,15,MIN_EXPANDED_SIZE,OfficialWeakeningAntecedent,9,bdaad8f3733fc4b86751a8e7088e2cc93759052530ea4c33c1600a38a8ea8926,3,10,10,atlas-b,1,,0.5145102420001422,,34863,51d7c062a762da89d1c91ffa006acb994044a4441ea8ca6096d330708ab55698,,,False,TRANSLATION_TIMEOUT,180.26286463199995,,180.77793913700043
b2,weakening/weaken_antecedent/weaken_antecedent_50_10_10.trace,weakening,weakening_b2,10,2,0,8,15,MIN_EXPANDED_SIZE,OfficialWeakeningAntecedent,9,bdaad8f3733fc4b86751a8e7088e2cc93759052530ea4c33c1600a38a8ea8926,3,10,10,macro,1,2232422,0.4145721439999761,,101860,1fb06315c866ab7fdf43cde37b415dc137157947eef5cfb05705021552e9f5b9,1.005013599,38259,False,TRANSLATED_ONLY,12.330857466999987,823576,12.746064695999848
b2,weakening/weaken_antecedent/weaken_antecedent_10_55_55.trace,weakening,weakening_b2,10,2,0,8,15,MIN_EXPANDED_SIZE,OfficialWeakeningAntecedent,5,a2e61bb3c3c23c964aa5ad90640457a10f48e02bba0d14da706c9be6d3055589,3,55,55,atlas-b,1,2501577,0.514676265000162,,43143,ee21970b8117f7d5a6cdcb253fa3b1f00e394bf638dd92ca32ae8581d260cf0a,0.636937991,19951,False,TRANSLATED_ONLY,4.069548669000142,726523,4.584833348999382
b2,weakening/weaken_antecedent/weaken_antecedent_10_55_55.trace,weakening,weakening_b2,10,2,0,8,15,MIN_EXPANDED_SIZE,OfficialWeakeningAntecedent,5,a2e61bb3c3c23c964aa5ad90640457a10f48e02bba0d14da706c9be6d3055589,3,55,55,macro,1,1372736,0.314246484999785,,110476,366abdb2008d5a18460a54a7882c145e981c871a222bd5502100181f1d7a6972,1.196861408,27045,False,TRANSLATED_ONLY,8.825907774999905,573840,9.140772363999531
b2,weakening/weaken_antecedent/weaken_antecedent_10_60_60.trace,weakening,weakening_b2,10,2,0,8,15,MIN_EXPANDED_SIZE,OfficialWeakeningAntecedent,7,d5a68f897fbabe48af83bd0d5d9238e3b40984e471b5de303dac8061f0ffca2b,3,60,60,atlas-b,1,3212657,0.5145631479999793,,46804,82c0346733ce64dd492445dddbbbcd78b9c4b5c6e4938bf1c696fa6058ef924f,0.712268277,24235,False,TRANSLATED_ONLY,5.2308203759994285,943246,5.746010087999821
b2,weakening/weaken_antecedent/weaken_antecedent_10_60_60.trace,weakening,weakening_b2,10,2,0,8,15,MIN_EXPANDED_SIZE,OfficialWeakeningAntecedent,7,d5a68f897fbabe48af83bd0d5d9238e3b40984e471b5de303dac8061f0ffca2b,3,60,60,macro,1,2294814,0.3143621199997142,,114737,a4126ddceb1c1b3595f10df0380ff5829179723b7e33969d1dfcf3d4dc763620,1.192655366,40009,False,TRANSLATED_ONLY,10.930868712999654,927018,11.24587641800008
b2,weakening/weaken_antecedent/weaken_antecedent_10_70_70.trace,weakening,weakening_b2,10,2,0,8,15,MIN_EXPANDED_SIZE,OfficialWeakeningAntecedent,5,1cb611222a93edfea7ba8779c12bc0944cf9f903952ddcce5c8337a029260877,3,70,70,atlas-b,1,3181827,0.5145835969997279,,54123,147f3484a0256e6123846a44a93bbcb977ed8cc3603833b2ff41ddf1f3a20f73,0.728463698,25351,False,TRANSLATED_ONLY,4.770991867000703,923744,5.286172267999973
b2,weakening/weaken_antecedent/weaken_antecedent_10_70_70.trace,weakening,weakening_b2,10,2,0,8,15,MIN_EXPANDED_SIZE,OfficialWeakeningAntecedent,5,1cb611222a93edfea7ba8779c12bc0944cf9f903952ddcce5c8337a029260877,3,70,70,macro,1,1692396,0.314305683999919,,118278,0e2e97e1d518c8b3d088067c1b6656b3573edd9a6e6d8794c169813fa8ce2d03,1.240998875,33345,False,TRANSLATED_ONLY,8.525884310999572,715390,8.84084743099993
b2,weakening/weaken_antecedent/weaken_antecedent_85_10_10.trace,weakening,weakening_b2,10,2,0,8,15,MIN_EXPANDED_SIZE,OfficialWeakeningAntecedent,9,36dcd944113412c8b40b0394575b117523e15fefa84a5b3b13ef98d273995fdd,3,10,10,atlas-b,1,,0.5646901990003244,,56423,b9541a5754fe1d8f9d4651a6c0c6c4a8eb2c5ad0f279a139cf02bc6c4639a2af,,,False,TRANSLATION_TIMEOUT,180.2789184789999,,180.84426188399993
b2,weakening/weaken_antecedent/weaken_antecedent_85_10_10.trace,weakening,weakening_b2,10,2,0,8,15,MIN_EXPANDED_SIZE,OfficialWeakeningAntecedent,9,36dcd944113412c8b40b0394575b117523e15fefa84a5b3b13ef98d273995fdd,3,10,10,macro,1,3622861,0.5145223050003551,,111490,99bc5ff422d0084d6f1eadedbbad47e3910a7123837e2acbe468f4d99e4ec7ee,1.161496872,62976,False,TRANSLATED_ONLY,15.99499720699987,1345000,16.510176389000662
b2,weakening/weaken_antecedent/weaken_antecedent_25_10_10.trace,weakening,weakening_b2,10,2,0,8,15,MIN_EXPANDED_SIZE,OfficialWeakeningAntecedent,5,dea8c60fd8d77602478a81c28f2bbc92c5c8ffade2e71b15fbf77c4a420dc29e,3,10,10,atlas-b,1,6793927,0.4644369199995708,,19462,88e9cc5442b67f34ad88d8c3dab449ece619971cd70d860fc6c0c6f75e4db2ff,0.509240469,16651,False,TRANSLATED_ONLY,9.827125662000071,1787469,10.292116347000047
b2,weakening/weaken_antecedent/weaken_antecedent_25_10_10.trace,weakening,weakening_b2,10,2,0,8,15,MIN_EXPANDED_SIZE,OfficialWeakeningAntecedent,5,dea8c60fd8d77602478a81c28f2bbc92c5c8ffade2e71b15fbf77c4a420dc29e,3,10,10,macro,1,784672,0.31421997800043755,,91929,f80490cf28bc7832bfcdad377bebd54e61193d09c35703fb84ea9177711e60c0,0.905498335,15894,False,TRANSLATED_ONLY,6.573591262000264,300235,6.888411545000054
b2,weakening/weaken_antecedent/weaken_antecedent_20_10_10.trace,weakening,weakening_b2,10,2,0,8,15,MIN_EXPANDED_SIZE,OfficialWeakeningAntecedent,9,8580a32f9224ec43808eaaefa9c05153e70adb7bed141bc7092a7e186f5f989c,3,10,10,atlas-b,1,4015583,0.46465535100014677,,16383,b91afbdf36b43f0397bb97d27b2e5bc8b1db482b25579d197ab3a2fd53de483b,0.504129841,13135,False,TRANSLATED_ONLY,6.4251785579999705,1087492,6.890401093000037
b2,weakening/weaken_antecedent/weaken_antecedent_20_10_10.trace,weakening,weakening_b2,10,2,0,8,15,MIN_EXPANDED_SIZE,OfficialWeakeningAntecedent,9,8580a32f9224ec43808eaaefa9c05153e70adb7bed141bc7092a7e186f5f989c,3,10,10,macro,1,1211329,0.31425400500029355,,91786,1abec62c87d7a4f30666d8bc693c479b6ed0592dd5b9a813e488e9b6f6748953,0.86500558,20076,False,TRANSLATED_ONLY,10.379350625999905,441468,10.694195313999444
b2,weakening/weaken_antecedent/weaken_antecedent_10_95_95.trace,weakening,weakening_b2,10,2,0,8,15,MIN_EXPANDED_SIZE,OfficialWeakeningAntecedent,5,59b952a79b8654e67cca91f7d517d1a44d5b1865ae3f918a1d8c1d7b84b5d6cd,3,95,95,atlas-b,1,4315577,0.5647797709998486,,72423,1f462076008b3fd54a2975ea2716ca52466fe7d3ac63f691d8bbbd33f11558ad,1.044937717,34351,False,TRANSLATED_ONLY,7.775260035999963,1252437,8.340658412999801
b2,weakening/weaken_antecedent/weaken_antecedent_10_95_95.trace,weakening,weakening_b2,10,2,0,8,15,MIN_EXPANDED_SIZE,OfficialWeakeningAntecedent,5,59b952a79b8654e67cca91f7d517d1a44d5b1865ae3f918a1d8c1d7b84b5d6cd,3,95,95,macro,1,2161215,0.31426888900023187,,129194,a283ad1512f3b7a701f6b29adad123fa84624084570574bc42562390fc8bf452,1.512533687,42585,False,TRANSLATED_ONLY,9.578617646999191,922984,9.893532340999627
b2,weakening/weaken_antecedent/weaken_antecedent_95_10_10.trace,weakening,weakening_b2,10,2,0,8,15,MIN_EXPANDED_SIZE,OfficialWeakeningAntecedent,9,f69a804f67257ab9f6de373cf77f923202aa836f8bc219703211a8ef7567682d,3,10,10,atlas-b,1,,0.5146247109996693,,62583,8542c6f3df0ecebff48e9653c45a1147810d49d5ff1c3f27472fd00d829f27cd,,,False,TRANSLATION_TIMEOUT,180.28174363200014,,180.79695672700018
b2,weakening/weaken_antecedent/weaken_antecedent_95_10_10.trace,weakening,weakening_b2,10,2,0,8,15,MIN_EXPANDED_SIZE,OfficialWeakeningAntecedent,9,f69a804f67257ab9f6de373cf77f923202aa836f8bc219703211a8ef7567682d,3,10,10,macro,1,3818447,0.564755790000163,,115291,74cbc8da12acecadfd7bc5f89f9eac447755c09fb5ff328c4eaa0f239cf8c16d,1.536645149,66474,False,TRANSLATED_ONLY,16.390906733999145,1417801,16.956304808999448
b2,weakening/weaken_antecedent/weaken_antecedent_90_10_10.trace,weakening,weakening_b2,10,2,0,8,15,MIN_EXPANDED_SIZE,OfficialWeakeningAntecedent,5,40fcfa5e7ff9b5b83efe744c483ebad50c3395f5c39c10c5b3eb9d016a9b9a04,3,10,10,atlas-b,1,,0.5144867110002451,,59502,d84ab6475bd6fdb4472f68405ce2ef645d13b1799a702735af67046d5f8ae338,,,False,TRANSLATION_TIMEOUT,180.28008472000056,,180.79517139400014
b2,weakening/weaken_antecedent/weaken_antecedent_90_10_10.trace,weakening,weakening_b2,10,2,0,8,15,MIN_EXPANDED_SIZE,OfficialWeakeningAntecedent,5,40fcfa5e7ff9b5b83efe744c483ebad50c3395f5c39c10c5b3eb9d016a9b9a04,3,10,10,macro,1,2072972,0.5150295650000771,,111495,e4ff4ba407551eb6011807d2660de8b00ea061bb6f444a0f89a4a5ddaa834043,1.464544298,43194,False,TRANSLATED_ONLY,12.181511789999604,813735,12.697240860999955
b2,weakening/weaken_antecedent/weaken_antecedent_35_10_10.trace,weakening,weakening_b2,10,2,0,8,15,MIN_EXPANDED_SIZE,OfficialWeakeningAntecedent,7,a8a622304401fb505c5a4a63b350a2aa6b25b9a511831aa4e6fc2c8da34e4ccd,3,10,10,atlas-b,1,22002857,0.4644442540002274,,25623,bb2f4b6724b69abdbd5f3171e86bfae8ca3eb1397d7ea9f3e3442a785d420d7d,0.662352674,31735,False,TRANSLATED_ONLY,32.17113792100008,5699550,32.636175419999745
b2,weakening/weaken_antecedent/weaken_antecedent_35_10_10.trace,weakening,weakening_b2,10,2,0,8,15,MIN_EXPANDED_SIZE,OfficialWeakeningAntecedent,7,a8a622304401fb505c5a4a63b350a2aa6b25b9a511831aa4e6fc2c8da34e4ccd,3,10,10,macro,1,1485648,0.3142914500003826,,95958,3aaeeea9ce7fbf6925fe3fc5fa824dc0952abb0120a6021bfc7323be55eb5157,0.99611541,26640,False,TRANSLATED_ONLY,8.976707609000186,554209,9.291596492999815
b2,weakening/weaken_antecedent/weaken_antecedent_15_10_10.trace,weakening,weakening_b2,10,2,0,8,15,MIN_EXPANDED_SIZE,OfficialWeakeningAntecedent,5,b1e9611061952a32382f227b3c69ff666095bf79b19f7f14fa21c07adfa64fab,3,10,10,atlas-b,1,1322527,0.46457585700045456,,13302,37b791554bae5f126c7a56a037b9d14e8d62ab64e5663e97310d6e854614253a,0.354147377,7051,False,TRANSLATED_ONLY,2.1168889390000913,365569,2.582025061999957
b2,weakening/weaken_antecedent/weaken_antecedent_15_10_10.trace,weakening,weakening_b2,10,2,0,8,15,MIN_EXPANDED_SIZE,OfficialWeakeningAntecedent,5,b1e9611061952a32382f227b3c69ff666095bf79b19f7f14fa21c07adfa64fab,3,10,10,macro,1,586452,0.31433531000038784,,89076,1881a1c55246ee8bbdd59eece50fd5d33316b3e2f3c655a838b3bbed3d01676c,0.848353149,11694,False,TRANSLATED_ONLY,5.822369140000774,221215,6.137293555999349
b2,weakening/weaken_antecedent/weaken_antecedent_10_20_20.trace,weakening,weakening_b2,10,2,0,8,15,MIN_EXPANDED_SIZE,OfficialWeakeningAntecedent,9,c0c3779981abb70483cb3427fd703a2fdabd36ef9955a8fc1bc68dcfbf6d71b7,3,20,20,atlas-b,1,1280483,0.46444870499999524,,17524,9e25587690f7465ed4ac31349d6d811fa129daf662bd7924932b35d63a67f872,0.398682501,9135,False,TRANSLATED_ONLY,2.3671208040004785,380250,2.832116161999693
b2,weakening/weaken_antecedent/weaken_antecedent_10_20_20.trace,weakening,weakening_b2,10,2,0,8,15,MIN_EXPANDED_SIZE,OfficialWeakeningAntecedent,9,c0c3779981abb70483cb3427fd703a2fdabd36ef9955a8fc1bc68dcfbf6d71b7,3,20,20,macro,1,1197001,0.2641423599998234,,95675,e3be135b3d721c2f493a39c373c21ecd89d799a1693ffbc88180a2e96180a682,0.95704978,19449,False,TRANSLATED_ONLY,7.824685605000013,450107,8.089428709999993
b2,weakening/weaken_antecedent/weaken_antecedent_10_65_65.trace,weakening,weakening_b2,10,2,0,8,15,MIN_EXPANDED_SIZE,OfficialWeakeningAntecedent,5,57e83124523f8160a59ba2b9ca02c40028dad10d6d99663276024ca58d4ef99b,3,65,65,atlas-b,1,2955077,0.5146703190002881,,50463,3ce2f1a3b43ef8499d48a159dce148bcee0030fc41b7cac197f09cec83e0fbf3,0.723651105,23551,False,TRANSLATED_ONLY,5.471446659000321,858003,5.986690511999768
b2,weakening/weaken_antecedent/weaken_antecedent_10_65_65.trace,weakening,weakening_b2,10,2,0,8,15,MIN_EXPANDED_SIZE,OfficialWeakeningAntecedent,5,57e83124523f8160a59ba2b9ca02c40028dad10d6d99663276024ca58d4ef99b,3,65,65,macro,1,1596567,0.31431612500000483,,115945,084d3b9ec88df37e56517b6d971da6620f695999c2ebc6b9e9dcbd866010a5b2,1.246307352,31455,False,TRANSLATED_ONLY,9.481198250000489,672886,9.796151698999893
b2,weakening/weaken_antecedent/weaken_antecedent_10_15_15.trace,weakening,weakening_b2,10,2,0,8,15,MIN_EXPANDED_SIZE,OfficialWeakeningAntecedent,9,ee3baf4b8a51686c03e077f3ab3e7a26cef02c3661579201bb0f6e1ba615e40d,3,15,15,atlas-b,1,968533,0.4644244399996751,,13864,04f419ca3747a2a0f8bf5c6a2607155899ab09e5b7b4fff410dbf9d75ae2b19e,0.338502917,6935,False,TRANSLATED_ONLY,1.9666246249998949,288470,2.431591737999952
b2,weakening/weaken_antecedent/weaken_antecedent_10_15_15.trace,weakening,weakening_b2,10,2,0,8,15,MIN_EXPANDED_SIZE,OfficialWeakeningAntecedent,9,ee3baf4b8a51686c03e077f3ab3e7a26cef02c3661579201bb0f6e1ba615e40d,3,15,15,macro,1,999927,0.26421584600029746,,92945,0f0c2614a6f4d2df264c9fd5829c80e282f9a5cce6051996aad2d2873ba228a3,0.926656899,16149,False,TRANSLATED_ONLY,10.181317870000385,368641,10.446138219000204
b2,weakening/weaken_antecedent/weaken_antecedent_80_10_10.trace,weakening,weakening_b2,10,2,0,8,15,MIN_EXPANDED_SIZE,OfficialWeakeningAntecedent,5,2f04621e218c3ffaba3f032de908f41755c3333f4efe61ce94c95a8591922fdf,3,10,10,atlas-b,1,,0.5144943639998019,,53342,12fafa103c83725f20780596a41361831a29a3d42683ff2c82e68000a4c52144,,,False,TRANSLATION_TIMEOUT,180.2946181820007,,180.80968059000043
b2,weakening/weaken_antecedent/weaken_antecedent_80_10_10.trace,weakening,weakening_b2,10,2,0,8,15,MIN_EXPANDED_SIZE,OfficialWeakeningAntecedent,5,2f04621e218c3ffaba3f032de908f41755c3333f4efe61ce94c95a8591922fdf,3,10,10,macro,1,1874772,0.5147434319997046,,107818,43a5aa8664a3fd158db89ca179068112a5300ef2a689a8cb61fda6e285c5d37d,1.33094602,38994,False,TRANSLATED_ONLY,9.630213770999944,734735,10.145617340000172
b2,weakening/weaken_antecedent/weaken_antecedent_65_10_10.trace,weakening,weakening_b2,10,2,0,8,15,MIN_EXPANDED_SIZE,OfficialWeakeningAntecedent,9,7486a64d3ca392c9fd953d4b3451811da34ee411cf528f8e4fe2f9e685977352,3,10,10,atlas-b,1,,0.5147249060000831,,44103,e308a87b51c90c7a0e276490fb1e3950dc2dd403bb3f3ba29d39b2f78971ff14,,,False,TRANSLATION_TIMEOUT,180.2614210619995,,180.7767235929996
b2,weakening/weaken_antecedent/weaken_antecedent_65_10_10.trace,weakening,weakening_b2,10,2,0,8,15,MIN_EXPANDED_SIZE,OfficialWeakeningAntecedent,9,7486a64d3ca392c9fd953d4b3451811da34ee411cf528f8e4fe2f9e685977352,3,10,10,macro,1,2880885,0.4645948240004145,,104760,63af13ba0d23edaac15279a30c0744cd18ceb04711b91a0760ee008323a6cbdc,1.05280878,49776,False,TRANSLATED_ONLY,13.684108016999744,1067024,14.149346774999685
b2,weakening/weaken_antecedent/weaken_antecedent_10_50_50.trace,weakening,weakening_b2,10,2,0,8,15,MIN_EXPANDED_SIZE,OfficialWeakeningAntecedent,5,c432653b44c0a92c7d83fab8c1cbd28b66f0755a7e0883a7572a2a88fed5b337,3,50,50,atlas-b,1,2274827,0.5146480840003278,,39483,56d7f1fbe2159599ac7c81271da8dba07cd4e5656c78eff02541388fbea9e71c,0.631389675,18151,False,TRANSLATED_ONLY,4.5207356800001435,660781,5.035967118000372
b2,weakening/weaken_antecedent/weaken_antecedent_10_50_50.trace,weakening,weakening_b2,10,2,0,8,15,MIN_EXPANDED_SIZE,OfficialWeakeningAntecedent,5,c432653b44c0a92c7d83fab8c1cbd28b66f0755a7e0883a7572a2a88fed5b337,3,50,50,macro,1,1244724,0.31427176899978804,,107255,a2b99649857fa73d5ba2b76941a02c2c237294a620c3d14da3de876caa79b62d,1.07789008,24525,False,TRANSLATED_ONLY,7.774592802999905,517153,8.08950878700034
b2,weakening/weaken_antecedent/weaken_antecedent_30_10_10.trace,weakening,weakening_b2,10,2,0,8,15,MIN_EXPANDED_SIZE,OfficialWeakeningAntecedent,7,ad27f162bc6732725ddbc3ae2b54815743d00de636ebb6f139b30b2130007a9b,3,10,10,atlas-b,1,11871857,0.46460364799986564,,22543,49fcd85cef017bb11a6baa4ff45dc2b182b620356f2eb20fd410519f7f6ed1cc,0.56135192,24235,False,TRANSLATED_ONLY,13.03462211599981,3105350,13.4997713570001
b2,weakening/weaken_antecedent/weaken_antecedent_30_10_10.trace,weakening,weakening_b2,10,2,0,8,15,MIN_EXPANDED_SIZE,OfficialWeakeningAntecedent,7,ad27f162bc6732725ddbc3ae2b54815743d00de636ebb6f139b30b2130007a9b,3,10,10,macro,1,1331334,0.3142737819998729,,94346,6091721ffff86183b51572849066032ae0fce9c2a80ba7cfbc36a27da4c8ef8e,0.923673896,23740,False,TRANSLATED_ONLY,8.37593071900028,495295,8.69083519600008
b2,weakening/weaken_antecedent/weaken_antecedent_10_5_5.trace,weakening,weakening_b2,10,2,0,8,15,MIN_EXPANDED_SIZE,OfficialWeakeningAntecedent,5,ab9aab936ac54d3de4d2d844ae6e20105dfae44bc22f740105077681303e11a0,3,5,5,atlas-b,1,234077,0.4643759130003673,,6553,284ea35a7ae9a3ed2b50a577de5e349e63f468f28cfa2769d04fb2f386cecbca,0.220452748,1951,False,TRANSLATED_ONLY,0.9151408709994939,69129,1.3800499879998824
b2,weakening/weaken_antecedent/weaken_antecedent_10_5_5.trace,weakening,weakening_b2,10,2,0,8,15,MIN_EXPANDED_SIZE,OfficialWeakeningAntecedent,5,ab9aab936ac54d3de4d2d844ae6e20105dfae44bc22f740105077681303e11a0,3,5,5,macro,1,380727,0.26417414099978487,,84955,0d229e73d522e4abd60ce890bdc04c6eeae44c1e0c7f3745cf3813da51317573,0.857827356,7494,False,TRANSLATED_ONLY,4.8708025550004095,134490,5.135560740000074
b2,weakening/weaken_antecedent/weaken_antecedent_70_10_10.trace,weakening,weakening_b2,10,2,0,8,15,MIN_EXPANDED_SIZE,OfficialWeakeningAntecedent,9,2ea2fc28033837d3537254dbec71c8357b18e14c5422673dede949b0b419f427,3,10,10,atlas-b,1,,0.5147076299999753,,47183,78d7b4b6910acb6f8b347a842553faf2307b6efb813cd023eb2a58c0e6f01a55,,,False,TRANSLATION_TIMEOUT,180.2926104419994,,180.8079302870001
b2,weakening/weaken_antecedent/weaken_antecedent_70_10_10.trace,weakening,weakening_b2,10,2,0,8,15,MIN_EXPANDED_SIZE,OfficialWeakeningAntecedent,9,2ea2fc28033837d3537254dbec71c8357b18e14c5422673dede949b0b419f427,3,10,10,macro,1,3066377,0.46468084499974793,,107366,eb2253cc229cf6b4cf253c77f66271650166f67c0900af95ee698d3187483bcf,1.064313107,53076,False,TRANSLATED_ONLY,14.984245841999837,1136516,15.44959922399994
b2,weakening/weaken_antecedent/weaken_antecedent_5_10_10.trace,weakening,weakening_b2,10,2,0,8,15,MIN_EXPANDED_SIZE,OfficialWeakeningAntecedent,5,81780aaba142b8d2ed797230affe87977dde7c5d37b44116e728a9a65c58055b,3,10,10,atlas-b,1,90427,0.46446058099991205,,7438,f4f0f578d1baea7ba9fb10158a8aa809c8d34341afc3093220e500232f48f6f1,0.264511092,1451,False,TRANSLATED_ONLY,0.865067304999684,30767,1.3300865880000856
b2,weakening/weaken_antecedent/weaken_antecedent_5_10_10.trace,weakening,weakening_b2,10,2,0,8,15,MIN_EXPANDED_SIZE,OfficialWeakeningAntecedent,5,81780aaba142b8d2ed797230affe87977dde7c5d37b44116e728a9a65c58055b,3,10,10,macro,1,377761,0.2643477289993825,,87904,86fc8dd63615a4277a4123143991d59ca90776b43c965ca58e44444fe4954489,0.955996321,7305,False,TRANSLATED_ONLY,5.521602243999951,137200,5.786648758999945
b2,weakening/weaken_antecedent/weaken_antecedent_10_100_100.trace,weakening,weakening_b2,10,2,0,8,15,MIN_EXPANDED_SIZE,OfficialWeakeningAntecedent,9,47f99673f32c3451ee99bf19eff34e1a11996ede4e1a21dcae7155dbfd322499,3,100,100,atlas-b,1,6271683,0.5648185089994513,,76084,2a9f9893469629959f5babf2a72f0d69923044757fb244d9cc7a18f7c8b0b443,0.924308771,44335,False,TRANSLATED_ONLY,9.677134931999717,1848724,10.242551895999895
b2,weakening/weaken_antecedent/weaken_antecedent_10_100_100.trace,weakening,weakening_b2,10,2,0,8,15,MIN_EXPANDED_SIZE,OfficialWeakeningAntecedent,9,47f99673f32c3451ee99bf19eff34e1a11996ede4e1a21dcae7155dbfd322499,3,100,100,macro,1,4233019,0.31435093299933214,,135105,cc6ba24750073db7d84626081c29bcea6063b12cd19c623f69fd600cf3c8f22d,2.091314683,70269,False,TRANSLATED_ONLY,16.93972009800018,1704941,17.254797948000487
b3,weakening/weaken_consequent/weaken_consequent_40_10_10.trace,weakening,weakening_b3,18,3,0,11,15,MIN_EXPANDED_SIZE,OfficialWeakeningConsequent,5,44afafa1a03d980f2c15c8d4c93f7621bf95406f52a9042ca772c34765f942c6,3,10,10,atlas-b,1,31815737,0.5145961170001101,,28780,b412396406dfbf393140d8dae76c5095f022ac197c47957114ea385a13285c8c,0.735987077,38546,False,TRANSLATED_ONLY,47.98097349999989,8177605,48.49620224299997
b3,weakening/weaken_consequent/weaken_consequent_40_10_10.trace,weakening,weakening_b3,18,3,0,11,15,MIN_EXPANDED_SIZE,OfficialWeakeningConsequent,5,44afafa1a03d980f2c15c8d4c93f7621bf95406f52a9042ca772c34765f942c6,3,10,10,macro,1,1081959,0.36437355900034163,,95953,d98fa8a5bfd698875f33ef22f68700511673aeedc930519de74529df90842b60,0.933098782,22194,False,TRANSLATED_ONLY,7.275476965999587,418734,7.6404679510005735
b3,weakening/weaken_consequent/weaken_consequent_85_10_10.trace,weakening,weakening_b3,18,3,0,11,15,MIN_EXPANDED_SIZE,OfficialWeakeningConsequent,7,33aead5ade5e6fd9fb39f43dfedbce107e7ffbbac3937df21110b74ca96ff57a,3,10,10,atlas-b,1,,0.5145189909999317,,56501,54a39d04d1f86df0f0a144411b7feb9463834b3275e126fd5ded545ddc9cff70,,,False,TRANSLATION_TIMEOUT,180.254588926,,180.76968509200015
b3,weakening/weaken_consequent/weaken_consequent_85_10_10.trace,weakening,weakening_b3,18,3,0,11,15,MIN_EXPANDED_SIZE,OfficialWeakeningConsequent,7,33aead5ade5e6fd9fb39f43dfedbce107e7ffbbac3937df21110b74ca96ff57a,3,10,10,macro,1,3028628,0.5145980349998354,,109914,821aacd15ed40fc3458f1d9e8492b29f0292f9f44e783961e06d32c98de0d097,1.185187901,55640,False,TRANSLATED_ONLY,12.434193537000283,1143201,12.949410678000277
b3,weakening/weaken_consequent/weaken_consequent_95_10_10.trace,weakening,weakening_b3,18,3,0,11,15,MIN_EXPANDED_SIZE,OfficialWeakeningConsequent,5,026c828bf9d504c33bdbd1d72ccbba0d1e2201c795082e0db1ba8ec94684d9bc,3,10,10,atlas-b,1,,0.5144765270006246,,62660,17833dd04e4820c0c8bcafb9b001637d361ec33c1a7333b73ffbd16a2eed7fec,,,False,TRANSLATION_TIMEOUT,180.2698531189999,,180.78490211199914
b3,weakening/weaken_consequent/weaken_consequent_95_10_10.trace,weakening,weakening_b3,18,3,0,11,15,MIN_EXPANDED_SIZE,OfficialWeakeningConsequent,5,026c828bf9d504c33bdbd1d72ccbba0d1e2201c795082e0db1ba8ec94684d9bc,3,10,10,macro,1,2172059,0.5646379429999797,,111418,490b62dd694d520a65ce642a224571bc479f6d50e40717d34fc1b809b1fc856d,1.163012611,45294,False,TRANSLATED_ONLY,10.080279359000087,853234,10.645609889000298
b3,weakening/weaken_consequent/weaken_consequent_35_10_10.trace,weakening,weakening_b3,18,3,0,11,15,MIN_EXPANDED_SIZE,OfficialWeakeningConsequent,9,c4c5301393e2f6cdc29a26b4b0d4191eda1928bc582fbecce0e36d5b5c5f8e97,3,10,10,atlas-b,1,22357055,0.4643962840000313,,25701,be89589733905acbafa181b358d808b331789a4b4a01fc7e385ebaca3b3c162e,0.64065069,33230,False,TRANSLATED_ONLY,33.56370400299966,5800434,34.028664662000665
b3,weakening/weaken_consequent/weaken_consequent_35_10_10.trace,weakening,weakening_b3,18,3,0,11,15,MIN_EXPANDED_SIZE,OfficialWeakeningConsequent,9,c4c5301393e2f6cdc29a26b4b0d4191eda1928bc582fbecce0e36d5b5c5f8e97,3,10,10,macro,1,2068606,0.31422504100009974,,96445,54275fbc07080e2929a4c135900d64544ee4bec41a2bd4ebafcc6b27c07836e7,0.985670743,33266,False,TRANSLATED_ONLY,10.83025228600036,750213,11.145050731000083
b3,weakening/weaken_consequent/weaken_consequent_10_25_25.trace,weakening,weakening_b3,18,3,0,11,15,MIN_EXPANDED_SIZE,OfficialWeakeningConsequent,5,cae4b190edc26e2bad260aedcad905f2010a597930f11ca875051ddf727937bf,3,25,25,atlas-b,1,1105287,0.5146558710002864,,21261,35a31d354f6d7ebf95cfe763048225f854f2113768a106cc3a35d30864afa1d4,0.471642582,9146,False,TRANSLATED_ONLY,2.116757022999991,318825,2.631963337000343
b3,weakening/weaken_consequent/weaken_consequent_10_25_25.trace,weakening,weakening_b3,18,3,0,11,15,MIN_EXPANDED_SIZE,OfficialWeakeningConsequent,5,cae4b190edc26e2bad260aedcad905f2010a597930f11ca875051ddf727937bf,3,25,25,macro,1,806884,0.26427604600030463,,94840,97678f9b57f64d883ccd4424f03cc7a4758d9366279ccae7635dc23a9632e2b9,0.990366948,15894,False,TRANSLATED_ONLY,6.723615468000389,323149,6.988505209000323
b3,weakening/weaken_consequent/weaken_consequent_10_55_55.trace,weakening,weakening_b3,18,3,0,11,15,MIN_EXPANDED_SIZE,OfficialWeakeningConsequent,11,d88fd4b5ed2d82aaf60b31716077c1d0e271472606f1f6bcfb105b018d85f1b8,3,55,55,atlas-b,1,3978708,0.5145537980006338,,43223,dedf6ce061e5ed5d3b6f35f5d5891c93740d2f8c6ac2bb956877e2d110af031e,0.63200383,26846,False,TRANSLATED_ONLY,7.7754739850006445,1170515,8.290616017000502
b3,weakening/weaken_consequent/weaken_consequent_10_55_55.trace,weakening,weakening_b3,18,3,0,11,15,MIN_EXPANDED_SIZE,OfficialWeakeningConsequent,11,d88fd4b5ed2d82aaf60b31716077c1d0e271472606f1f6bcfb105b018d85f1b8,3,55,55,macro,1,4032574,0.3143676809995668,,114638,dd061c3f04feb0c0cf9555f1db837a7bf71994e13395f4e552dc566c87966dd3,1.447198926,57747,False,TRANSLATED_ONLY,17.840192635000676,1527818,18.155194340999515
b3,weakening/weaken_consequent/weaken_consequent_10_85_85.trace,weakening,weakening_b3,18,3,0,11,15,MIN_EXPANDED_SIZE,OfficialWeakeningConsequent,5,7aa55051300d2220c06e0b5b806ca04beff81417c670fa2ad42df15843f0bdc1,3,85,85,atlas-b,1,3741087,0.5651392609997856,,65181,f78b8b32236dd6aa51e9197a304505be60d387185a78441339190d4217fef25e,0.844232975,30746,False,TRANSLATED_ONLY,5.521250698999211,1076505,6.087025937000362
b3,weakening/weaken_consequent/weaken_consequent_10_85_85.trace,weakening,weakening_b3,18,3,0,11,15,MIN_EXPANDED_SIZE,OfficialWeakeningConsequent,5,7aa55051300d2220c06e0b5b806ca04beff81417c670fa2ad42df15843f0bdc1,3,85,85,macro,1,2085999,0.31427813800019067,,124686,6f537e6c009331b0622ca8782d432b781c034334c9b259db50d5842b4b772b78,1.461763506,41094,False,TRANSLATED_ONLY,11.281167588000244,889374,11.596058031000211
b3,weakening/weaken_consequent/weaken_consequent_10_35_35.trace,weakening,weakening_b3,18,3,0,11,15,MIN_EXPANDED_SIZE,OfficialWeakeningConsequent,15,52d26e1412eba83ddfdf227ad67da73e01d9d18d82b70dbbdc36e2f384ff384e,3,35,35,atlas-b,1,3497233,0.46454680300030304,,28583,27e353c56112aed4e0ed0f6bd698379dc425d4a9dc8cfb9c2a8d913e9239a609,0.494167651,20326,False,TRANSLATED_ONLY,5.171418988000369,1029354,5.63659610600007
b3,weakening/weaken_consequent/weaken_consequent_10_35_35.trace,weakening,weakening_b3,18,3,0,11,15,MIN_EXPANDED_SIZE,OfficialWeakeningConsequent,15,52d26e1412eba83ddfdf227ad67da73e01d9d18d82b70dbbdc36e2f384ff384e,3,35,35,macro,1,2807702,0.31422750999990967,,104851,20e921e095771e1f484d77e87b107152e325fd365872234cc779c56b91e25bea,1.249330129,39927,False,TRANSLATED_ONLY,15.435738575000869,1048426,15.750629911000033
b3,weakening/weaken_consequent/weaken_consequent_10_80_80.trace,weakening,weakening_b3,18,3,0,11,15,MIN_EXPANDED_SIZE,OfficialWeakeningConsequent,5,c4b165b1a621a8218ee3e297acebadafb3d4459ecf2e5640ae7664f32ded2a06,3,80,80,atlas-b,1,3521437,0.5647732030001862,,61521,e26caf7fcab673dcacf851117fe0873cb4ee9dc16263d5a7d8c010ace352c6eb,0.779151418,28946,False,TRANSLATED_ONLY,5.220736260999729,1013365,5.786114487999839
b3,weakening/weaken_consequent/weaken_consequent_10_80_80.trace,weakening,weakening_b3,18,3,0,11,15,MIN_EXPANDED_SIZE,OfficialWeakeningConsequent,5,c4b165b1a621a8218ee3e297acebadafb3d4459ecf2e5640ae7664f32ded2a06,3,80,80,macro,1,1974234,0.3142871419995572,,124663,114b17b7c8bda250f9b2b98235d6bcc4d31e3ad00711825d4c8f5e5cd400a155,1.424526292,38889,False,TRANSLATED_ONLY,8.976043914000002,840169,9.291004132000126
b3,weakening/weaken_consequent/weaken_consequent_10_40_40.trace,weakening,weakening_b3,18,3,0,11,15,MIN_EXPANDED_SIZE,OfficialWeakeningConsequent,7,6a07d631793c4224cc96e090f2769ad87740f424509ca192252e8910835f199d,3,40,40,atlas-b,1,2090869,0.5145568850002746,,32242,948c62ea7fb1f77ab8ddad33edc8f0d9a62ad051ad9fbf7704fd0fcfc1259a1e,0.532014675,16230,False,TRANSLATED_ONLY,4.070200848999775,610258,4.585336078000182
b3,weakening/weaken_consequent/weaken_consequent_10_40_40.trace,weakening,weakening_b3,18,3,0,11,15,MIN_EXPANDED_SIZE,OfficialWeakeningConsequent,7,6a07d631793c4224cc96e090f2769ad87740f424509ca192252e8910835f199d,3,40,40,macro,1,1701207,0.3142909480002345,,102987,f013b13b9f1d3eda0fe324e4534be85a05aab5584ebae343361335be2ef4b3ae,1.039018672,29540,False,TRANSLATED_ONLY,9.12584553599936,676249,9.440748148000239
b3,weakening/weaken_consequent/weaken_consequent_10_75_75.trace,weakening,weakening_b3,18,3,0,11,15,MIN_EXPANDED_SIZE,OfficialWeakeningConsequent,5,a9264ba7a63670b26389af1d2d5346b75f955126e0f2a05351f4e6f17d6dd630,3,75,75,atlas-b,1,3301787,0.5145852320001723,,57861,62b2397559250334a0140e001fc69e1a8449f3daf67357ac8fcd311f300685e4,0.812276056,27146,False,TRANSLATED_ONLY,4.870646911000222,950225,5.385868667999603
b3,weakening/weaken_consequent/weaken_consequent_10_75_75.trace,weakening,weakening_b3,18,3,0,11,15,MIN_EXPANDED_SIZE,OfficialWeakeningConsequent,5,a9264ba7a63670b26389af1d2d5346b75f955126e0f2a05351f4e6f17d6dd630,3,75,75,macro,1,1872829,0.3142602830002943,,119466,25099f6393296a20a08ac457338828a7199d9df53353444927d66edceb71847c,1.232337182,36894,False,TRANSLATED_ONLY,8.927564730000086,795094,9.242459928000244
b3,weakening/weaken_consequent/weaken_consequent_5_10_10.trace,weakening,weakening_b3,18,3,0,11,15,MIN_EXPANDED_SIZE,OfficialWeakeningConsequent,9,1c2fdebb5c282beeda362b1dd2f771fcbade6cef47e011bc64f3934df3065609,3,10,10,atlas-b,1,187355,0.4757334020005146,,7517,99cbf9d0920e8cb267046614a59dfb4b821c16ac7cd894fd655bcec6c5aa0bdc,0.254110707,2030,False,TRANSLATED_ONLY,0.965499312999782,62034,1.441838220000136
b3,weakening/weaken_consequent/weaken_consequent_5_10_10.trace,weakening,weakening_b3,18,3,0,11,15,MIN_EXPANDED_SIZE,OfficialWeakeningConsequent,9,1c2fdebb5c282beeda362b1dd2f771fcbade6cef47e011bc64f3934df3065609,3,10,10,macro,1,753475,0.2645851679999396,,88037,e29cc081e5af08242194513e1ac34330b6e89cfe31ca9fc87ba9fdb6a6f09e6c,0.885893466,11066,False,TRANSLATED_ONLY,9.329301624999971,265590,9.594541016999756
b3,weakening/weaken_consequent/weaken_consequent_55_10_10.trace,weakening,weakening_b3,18,3,0,11,15,MIN_EXPANDED_SIZE,OfficialWeakeningConsequent,5,ba34617e41e5dbf54dc15ae33f459d5f700fd252488ef59b16ec6f0bd85702b2,3,10,10,atlas-b,1,,0.5144937559998652,,38020,1124b934245e0417f1f3da34e84929cc6791123edf660bee38ef82c94dce4bb1,,,False,TRANSLATION_TIMEOUT,180.27819117299987,,180.79327649400057
b3,weakening/weaken_consequent/weaken_consequent_55_10_10.trace,weakening,weakening_b3,18,3,0,11,15,MIN_EXPANDED_SIZE,OfficialWeakeningConsequent,5,ba34617e41e5dbf54dc15ae33f459d5f700fd252488ef59b16ec6f0bd85702b2,3,10,10,macro,1,1379254,0.41438799600018683,,100432,20a44a0a9d296dd6dab684f4157ae8df7b6f7fc489ddcd6c856f001f1a8e7825,1.003011489,28494,False,TRANSLATED_ONLY,8.425239135999618,537229,8.840239406999899
b3,weakening/weaken_consequent/weaken_consequent_10_5_5.trace,weakening,weakening_b3,18,3,0,11,15,MIN_EXPANDED_SIZE,OfficialWeakeningConsequent,11,648a67066d404d92c9eb11b63d458b078bfe009a0723e396377e306912622544,3,5,5,atlas-b,1,408208,0.46459457499986456,,6633,357cf15778c2c034f6dd18841c926acc4aff7fb0b8451ef9d633b8859f28925c,0.268791685,2846,False,TRANSLATED_ONLY,1.4160531460001948,124515,1.8812293649998537
b3,weakening/weaken_consequent/weaken_consequent_10_5_5.trace,weakening,weakening_b3,18,3,0,11,15,MIN_EXPANDED_SIZE,OfficialWeakeningConsequent,11,648a67066d404d92c9eb11b63d458b078bfe009a0723e396377e306912622544,3,5,5,macro,1,954128,0.26426066500062007,,87703,61e16310927b32ec2beb429d6e658bfbada23a5ba5fa1cf49a9fad73b5ace93d,0.911321137,12972,False,TRANSLATED_ONLY,10.73091141399982,321344,10.995767733999855
b3,weakening/weaken_consequent/weaken_consequent_10_50_50.trace,weakening,weakening_b3,18,3,0,11,15,MIN_EXPANDED_SIZE,OfficialWeakeningConsequent,5,afbf8784ce29f36c4e7dae808b5867c11864c6c4a051f10024413f436d244db0,3,50,50,atlas-b,1,2203537,0.5146247679995213,,39561,196adcb9a2cdbe3935cc782564e0cac891840ca714ac361319b386e3d88c26f1,0.604402622,18146,False,TRANSLATED_ONLY,4.269614392000221,634525,4.784822214000087
b3,weakening/weaken_consequent/weaken_consequent_10_50_50.trace,weakening,weakening_b3,18,3,0,11,15,MIN_EXPANDED_SIZE,OfficialWeakeningConsequent,5,afbf8784ce29f36c4e7dae808b5867c11864c6c4a051f10024413f436d244db0,3,50,50,macro,1,1339804,0.31426208700031566,,107133,b0ea32ab25734a3e9ce8cd4ba2464409c6204edc9597ec24dbf2e08246dce614,1.145467398,26394,False,TRANSLATED_ONLY,7.473771291000048,559069,7.788660424000227
b3,weakening/weaken_consequent/weaken_consequent_10_10_10.trace,weakening,weakening_b3,18,3,0,11,15,MIN_EXPANDED_SIZE,OfficialWeakeningConsequent,15,c565be745038a988786ff690a5a008e3ee068ee7eea790f7bbf0d4da7e87a052,3,10,10,atlas-b,1,1093983,0.4645816010006456,,10283,2f130d2a793739a2b6b82e02b647e57759324b7546b25e1a579920752dbdd0df,0.339242264,6326,False,TRANSLATED_ONLY,2.366960855999423,328154,2.832126182000138
b3,weakening/weaken_consequent/weaken_consequent_10_10_10.trace,weakening,weakening_b3,18,3,0,11,15,MIN_EXPANDED_SIZE,OfficialWeakeningConsequent,15,c565be745038a988786ff690a5a008e3ee068ee7eea790f7bbf0d4da7e87a052,3,10,10,macro,1,1275690,0.2642634329995417,,90346,618874a6685dd24d42ffd6943f2cf1da88a82773fec85cd9bd2ca3e237ebfde5,0.894302432,17652,False,TRANSLATED_ONLY,12.78092539499994,447784,13.045835225000701
b3,weakening/weaken_consequent/weaken_consequent_45_10_10.trace,weakening,weakening_b3,18,3,0,11,15,MIN_EXPANDED_SIZE,OfficialWeakeningConsequent,5,d737901d8f018a1c08e002e91886ae5698fca92b4b6bf0f269cdd7802de407da,3,10,10,atlas-b,1,,0.46449112099980994,,31860,a7600a8a165aba6f26db6ec40daa43322075b49311bf1f2e758b7d132d1901a0,,,False,TRANSLATION_TIMEOUT,180.3234776549998,,180.7885296909999
b3,weakening/weaken_consequent/weaken_consequent_45_10_10.trace,weakening,weakening_b3,18,3,0,11,15,MIN_EXPANDED_SIZE,OfficialWeakeningConsequent,5,d737901d8f018a1c08e002e91886ae5698fca92b4b6bf0f269cdd7802de407da,3,10,10,macro,1,1181009,0.36427439999988565,,96975,56f6ccbf1e5f349c006942e4a7968d1e659a6f62229577520d9d1cf3c47b8487,1.055028653,24294,False,TRANSLATED_ONLY,7.675566882000567,458184,8.04047904700019
b3,weakening/weaken_consequent/weaken_consequent_10_60_60.trace,weakening,weakening_b3,18,3,0,11,15,MIN_EXPANDED_SIZE,OfficialWeakeningConsequent,7,f2cbe5aaae743b9dc6063338f8505b6545de5c0000d10ebabd273d843d973980,3,60,60,atlas-b,1,3127069,0.5145016090000354,,46882,1841be585c33bab97e978a844853265bb1b254da4f5974a6f483a4550c9533ad,0.629674473,24230,False,TRANSLATED_ONLY,5.0710305709999375,911698,5.586123034999218
b3,weakening/weaken_consequent/weaken_consequent_10_60_60.trace,weakening,weakening_b3,18,3,0,11,15,MIN_EXPANDED_SIZE,OfficialWeakeningConsequent,7,f2cbe5aaae743b9dc6063338f8505b6545de5c0000d10ebabd273d843d973980,3,60,60,macro,1,2359808,0.31434637299935275,,113319,26fca19c4650d00035b18778e530d5dbdb373dddf82f3adc39502a940476432b,1.278331377,41140,False,TRANSLATED_ONLY,10.480770029000269,954244,10.795748077999633
b3,weakening/weaken_consequent/weaken_consequent_80_10_10.trace,weakening,weakening_b3,18,3,0,11,15,MIN_EXPANDED_SIZE,OfficialWeakeningConsequent,5,4e6d871d660393a5167cb3095b33b23d36e45370bbad1a6c79c058438aa312e5,3,10,10,atlas-b,1,,0.5146294570004102,,53420,f936a9799e38208f38213e12786448127fe282f312b42cc3dd8804f786d428b5,,,False,TRANSLATION_TIMEOUT,180.3051435440002,,180.82033332500032
b3,weakening/weaken_consequent/weaken_consequent_80_10_10.trace,weakening,weakening_b3,18,3,0,11,15,MIN_EXPANDED_SIZE,OfficialWeakeningConsequent,5,4e6d871d660393a5167cb3095b33b23d36e45370bbad1a6c79c058438aa312e5,3,10,10,macro,1,1874754,0.4645345790004285,,107090,134e2a0f94bb5267f4689c83ec852fe1669d60fb72a0fd1ca164e9ac6619ff1a,1.104698115,38994,False,TRANSLATED_ONLY,9.528762527000254,734729,9.994158185999368
b3,weakening/weaken_consequent/weaken_consequent_75_10_10.trace,weakening,weakening_b3,18,3,0,11,15,MIN_EXPANDED_SIZE,OfficialWeakeningConsequent,9,b23d468c7148ff8f9bf206a19980408f5ee2e7afb5fd4f3aa68f01919400cd1e,3,10,10,atlas-b,1,,0.5146623880000334,,50341,faabbb6e47cf4f57b9526fb78eb77d20156cba351e1f16972370834458756042,,,False,TRANSLATION_TIMEOUT,180.26209146400015,,180.7773129060006
b3,weakening/weaken_consequent/weaken_consequent_75_10_10.trace,weakening,weakening_b3,18,3,0,11,15,MIN_EXPANDED_SIZE,OfficialWeakeningConsequent,9,b23d468c7148ff8f9bf206a19980408f5ee2e7afb5fd4f3aa68f01919400cd1e,3,10,10,macro,1,3821415,0.4644636109997009,,108075,3af36743e979f007a6ccde0e28ef23ec20fc2d5a5d20a2554b67f409774c937f,1.116054202,62866,False,TRANSLATED_ONLY,16.538630516000012,1395822,17.003714022999702
b3,weakening/weaken_consequent/weaken_consequent_10_70_70.trace,weakening,weakening_b3,18,3,0,11,15,MIN_EXPANDED_SIZE,OfficialWeakeningConsequent,5,dd6e63ef5679bfd0de937eff3cb920c4fac41509f0693889f0eff39fe2b358ba,3,70,70,atlas-b,1,3082137,0.514527715999975,,54201,515e5aa15cf0c69185ae77233bdf5a177df1784e9100949257daffc1eae6d320,0.756550413,25346,False,TRANSLATED_ONLY,5.729551710999658,887085,6.24468157299998
b3,weakening/weaken_consequent/weaken_consequent_10_70_70.trace,weakening,weakening_b3,18,3,0,11,15,MIN_EXPANDED_SIZE,OfficialWeakeningConsequent,5,dd6e63ef5679bfd0de937eff3cb920c4fac41509f0693889f0eff39fe2b358ba,3,70,70,macro,1,1766069,0.3142537249996167,,116741,41babc0ef6c0089ae45430da9f4744e6dde9bb2ba108442bd43cd74464c2e9ee,1.326289209,34794,False,TRANSLATED_ONLY,8.175166597000498,747734,8.490081199999622
b3,weakening/weaken_consequent/weaken_consequent_10_20_20.trace,weakening,weakening_b3,18,3,0,11,15,MIN_EXPANDED_SIZE,OfficialWeakeningConsequent,11,05c37633a408b0a663047c20cb7d7b4c4bc7cf60fe7f58db41a18794a69c978b,3,20,20,atlas-b,1,1479358,0.5145911979998345,,17603,680d57eb631608bbb411588c2e22294143ccfae9a003effb5e93ad7b2559b034,0.382328152,10046,False,TRANSLATED_ONLY,2.617946542000027,438315,3.133102824999696
b3,weakening/weaken_consequent/weaken_consequent_10_20_20.trace,weakening,weakening_b3,18,3,0,11,15,MIN_EXPANDED_SIZE,OfficialWeakeningConsequent,11,05c37633a408b0a663047c20cb7d7b4c4bc7cf60fe7f58db41a18794a69c978b,3,20,20,macro,1,1882160,0.26432258800014097,,95003,478cbc058715199c54da5c0e1daa3bf131b409c75f7f640ea10db2b085750624,0.962013068,26472,False,TRANSLATED_ONLY,14.28810026500014,684896,14.553028119000373
b3,weakening/weaken_consequent/weaken_consequent_20_10_10.trace,weakening,weakening_b3,18,3,0,11,15,MIN_EXPANDED_SIZE,OfficialWeakeningConsequent,5,a6828e17467ccfba3c4892b13af14eae77c56764981c5c6fedae665fc99b4eb0,3,10,10,atlas-b,1,3540737,0.46454612700017606,,16460,da602110fc4a34a3b3cb0879e1d27f68d962716e135c4b739dc2fae6a21e83db,0.449026366,11346,False,TRANSLATED_ONLY,5.220888670000022,943005,5.686008211000626
b3,weakening/weaken_consequent/weaken_consequent_20_10_10.trace,weakening,weakening_b3,18,3,0,11,15,MIN_EXPANDED_SIZE,OfficialWeakeningConsequent,5,a6828e17467ccfba3c4892b13af14eae77c56764981c5c6fedae665fc99b4eb0,3,10,10,macro,1,685554,0.3142540109993206,,90110,00c8c8d4627d6d1371089a5dd97243fe3b3dcb90ae0a513fceae33b6cfce6c1e,0.944585196,13794,False,TRANSLATED_ONLY,5.922704564000014,260729,6.23761026000011
b3,weakening/weaken_consequent/weaken_consequent_60_10_10.trace,weakening,weakening_b3,18,3,0,11,15,MIN_EXPANDED_SIZE,OfficialWeakeningConsequent,15,d6fabd3c8467e4a7e0e8ab65f1917f172c44f6874abdc1425a5eaca124d2fada,3,10,10,atlas-b,1,,0.46441963100005523,,41102,7bea1e264c0325d482b360b321d1b1278d50f4b7235a429fe5405859d5f830d1,,,False,TRANSLATION_TIMEOUT,180.2928695720002,,180.7578259969996
b3,weakening/weaken_consequent/weaken_consequent_60_10_10.trace,weakening,weakening_b3,18,3,0,11,15,MIN_EXPANDED_SIZE,OfficialWeakeningConsequent,15,d6fabd3c8467e4a7e0e8ab65f1917f172c44f6874abdc1425a5eaca124d2fada,3,10,10,macro,1,4210888,0.4144172559999788,,104533,92c858b4fdfa67a61d05d8f45377e439572281130ddbb00a4c1f38acbc773c81,1.114579571,62652,False,TRANSLATED_ONLY,12.482676405000348,1496982,12.897683624999445
b3,weakening/weaken_consequent/weaken_consequent_15_10_10.trace,weakening,weakening_b3,18,3,0,11,15,MIN_EXPANDED_SIZE,OfficialWeakeningConsequent,5,527d1c79dca0a4dfc73bccd7b8a09eb27181ee9733827cfded8b0331bb0c5b73,3,10,10,atlas-b,1,1294937,0.4644427870007348,,13380,8bbfec0750d173fad02126014e2ba627c8f633cdcda8297c6219b2f67ed2141a,0.369430805,7046,False,TRANSLATED_ONLY,2.0167959760001395,356005,2.4817527360000895
b3,weakening/weaken_consequent/weaken_consequent_15_10_10.trace,weakening,weakening_b3,18,3,0,11,15,MIN_EXPANDED_SIZE,OfficialWeakeningConsequent,5,527d1c79dca0a4dfc73bccd7b8a09eb27181ee9733827cfded8b0331bb0c5b73,3,10,10,macro,1,586459,0.314214890000585,,88787,aad04bab080f751e6509d5c8c0c364fbe3dee8d45ce6543e828cb1919bbb935a,0.901629501,11694,False,TRANSLATED_ONLY,5.522683116000735,221234,5.8375185909999345
b3,weakening/weaken_consequent/weaken_consequent_70_10_10.trace,weakening,weakening_b3,18,3,0,11,15,MIN_EXPANDED_SIZE,OfficialWeakeningConsequent,7,536daeb88c0f01df49ee57825ce8c3b7f7ece712e80bb47e2afb76944bee6e2a,3,10,10,atlas-b,1,,0.5647408640006688,,47261,573b5047de9f56c7be670180ebc23cc55bb80d654e98261c821e6f01e5dccc09,,,False,TRANSLATION_TIMEOUT,180.32671885400032,,180.89202935100002
b3,weakening/weaken_consequent/weaken_consequent_70_10_10.trace,weakening,weakening_b3,18,3,0,11,15,MIN_EXPANDED_SIZE,OfficialWeakeningConsequent,7,536daeb88c0f01df49ee57825ce8c3b7f7ece712e80bb47e2afb76944bee6e2a,3,10,10,macro,1,2565721,0.46443794800052274,,105388,0aecb7392c7e4f988dedcaa1ecd05fc935d51ae67d92cd059955bb52414bdce7,1.152991869,46940,False,TRANSLATED_ONLY,10.580709445999673,966494,11.045766977999847
b3,weakening/weaken_consequent/weaken_consequent_25_10_10.trace,weakening,weakening_b3,18,3,0,11,15,MIN_EXPANDED_SIZE,OfficialWeakeningConsequent,5,86f99f65fdbbca16ebbbae53d1d26468647cf5f845acb40fc6064f556896194e,3,10,10,atlas-b,1,6728137,0.46442251299959025,,19540,ddd27e8fbcb28b67f6b8cc1ca88f637a12bc71e739ae26822432630329952ba4,0.550037014,16646,False,TRANSLATED_ONLY,7.725175503000173,1766705,8.190146120999998
b3,weakening/weaken_consequent/weaken_consequent_25_10_10.trace,weakening,weakening_b3,18,3,0,11,15,MIN_EXPANDED_SIZE,OfficialWeakeningConsequent,5,86f99f65fdbbca16ebbbae53d1d26468647cf5f845acb40fc6064f556896194e,3,10,10,macro,1,784659,0.3142765000002328,,91768,28aad22e5cb7aa13f4a8ed1e7386381da13a8ea4067ec20eca3f3d559e1579d3,0.952642191,15894,False,TRANSLATED_ONLY,5.722029239999756,300234,6.036872573999972
b3,weakening/weaken_consequent/weaken_consequent_100_10_10.trace,weakening,weakening_b3,18,3,0,11,15,MIN_EXPANDED_SIZE,OfficialWeakeningConsequent,9,a9161f65fc07d3f0e546a24f44292bdd7c943b3bd19fdd3621de69aa37541611,3,10,10,atlas-b,1,,0.5149765750002189,,65741,a8bba34a22b3a617e2a12e4dc427dbc81c9d4aca4690fa2414dbd886b9865764,,,False,TRANSLATION_TIMEOUT,180.2919777269999,,180.8076046899996
b3,weakening/weaken_consequent/weaken_consequent_100_10_10.trace,weakening,weakening_b3,18,3,0,11,15,MIN_EXPANDED_SIZE,OfficialWeakeningConsequent,9,a9161f65fc07d3f0e546a24f44292bdd7c943b3bd19fdd3621de69aa37541611,3,10,10,macro,1,4916915,0.6147761829997762,,115060,340197d37048d2b367e36564bb267a6910c50120a10d84a6e86eea009fceee73,1.264238961,81366,False,TRANSLATED_ONLY,17.140704220999396,1799322,17.756107578999945
b3,weakening/weaken_consequent/weaken_consequent_10_95_95.trace,weakening,weakening_b3,18,3,0,11,15,MIN_EXPANDED_SIZE,OfficialWeakeningConsequent,5,cacc2bd3797939ea41759b9e20f7e0d8af2da0e2537c8f1b39e7f86a3b79f661,3,95,95,atlas-b,1,4180387,0.5646445110005516,,72501,899e596d3f789786ecca67f4253cd7417d4cb18eed7e1b2d47d74bd99576add2,0.935106117,34346,False,TRANSLATED_ONLY,8.17778481499954,1202785,8.743055351999828
b3,weakening/weaken_consequent/weaken_consequent_10_95_95.trace,weakening,weakening_b3,18,3,0,11,15,MIN_EXPANDED_SIZE,OfficialWeakeningConsequent,5,cacc2bd3797939ea41759b9e20f7e0d8af2da0e2537c8f1b39e7f86a3b79f661,3,95,95,macro,1,2299049,0.31431680499918,,130099,62a3e25b8bc71f4a0892509e62b9543585af360a58ac6ac9480b94aad73888e9,1.569423418,45294,False,TRANSLATED_ONLY,10.579896142999132,983714,10.894914145999792
b3,weakening/weaken_consequent/weaken_consequent_50_10_10.trace,weakening,weakening_b3,18,3,0,11,15,MIN_EXPANDED_SIZE,OfficialWeakeningConsequent,11,2e2c6fc839f779bbb264f7bada7c1af649e566c9ddbd4489e955b4bd8e844bc1,3,10,10,atlas-b,1,,0.514623340000071,,34942,8d4e2b1fe8ccf2e4f36a5ffe4c7a3d5ae0417d4d8cc1af7863cb31f32d94e506,,,False,TRANSLATION_TIMEOUT,180.27321648100042,,180.78839845400034
b3,weakening/weaken_consequent/weaken_consequent_50_10_10.trace,weakening,weakening_b3,18,3,0,11,15,MIN_EXPANDED_SIZE,OfficialWeakeningConsequent,11,2e2c6fc839f779bbb264f7bada7c1af649e566c9ddbd4489e955b4bd8e844bc1,3,10,10,macro,1,3611538,0.4143869729996368,,101706,6bc8af5431d9e1a2180861b513d04fe231fd15bf4af2467fe78fd76d19312f51,1.05320244,53472,False,TRANSLATED_ONLY,15.386850178000714,1281794,15.801864677000594
