batch,task,family,inputSha256,B,b,p,K,C_K,numAP,positiveTraces,negativeTraces,minTraceLength,maxTraceLength,meanTraceLength,constraintFeatures,objectiveKind,isRepair,qStates,fiberCatalogSize,unquotientedFiberCount,encodedFiberCount,selectedFiberCount,meanRepresentativeLength,maxRepresentativeLength,activeAnchors,activeMacroEdges,atlasPrimaryVars,macroPrimaryVars,atlasVars,macroVars,C_V,atlasTotalClauses,macroTotalClauses,C_C,atlasHardClauses,atlasSoftClauses,macroHardClauses,macroSoftClauses,atlasModelBytes,macroModelBytes,C_ModelBytes,atlasModelCount,macroModelCount,atlasMetricStatus,macroMetricStatus,atlasMetricSource,macroMetricSource,atlasRq2Attempts,macroRq2Attempts,atlasE4Status,macroE4Status,atlasE4WallSec,macroE4WallSec,atlasModelSha256,macroModelSha256
b2,5to10Traces/0000.trace,5to10Traces,77fb428a069a6f5b21aeed975b428548a2642a5226f0e4c2e2ac284777a8614b,5,2,0,5,1.0,2,5,5,5,5,5.0,,MIN_EXPANDED_SIZE,False,1,28,44,26,1,2.0,2,1,1,747,1602,38395,49172,0.7808305539738062,121118,100564,1.2043872558768545,,,,,4354,36638,0.1188383645395491,1,1,REUSED_E4,REUSED_E4,E4_REUSED,E4_REUSED,0,0,SAT,SAT,1.3727129569997487,2.01962475099981,36b3a991721435ede8921641af50e19b54d75775ede883f2ae9ba026e63bd70d,3cd4f8c6937ef12d68f4a365f4e4ed93699046adfa72c3e23dfa8bdca3cceea8
b2,5to10Traces/0002.trace,5to10Traces,eb40501cc06da1eccd73b8b511a5d40674abeffa8794fa8e717e0fabc662a9eb,5,2,0,5,1.0,2,25,25,5,5,5.0,,MIN_EXPANDED_SIZE,False,1,32,44,28,1,2.0,2,1,1,3147,5208,182794,236718,0.772201522486672,579857,474168,1.2228935735857334,,,,,11784,57743,0.20407668461978076,1,1,REUSED_E4,REUSED_E4,E4_REUSED,E4_REUSED,0,0,SAT,SAT,2.681924471000457,4.9471814619998895,a21f2d4aab87f78b97abf7541249bef1a4d9c013175bf54fdc0ef49a7fc4e175,f8167b1c80e190e265b9e4085d4b0074c356a39f2ea9818b65e1872828b72428
b2,5to10Traces/0003.trace,5to10Traces,6f39abe0295506c074ecc2d2ca624dbabd9e790cd4e32e2376c334e22c74ed0b,5,2,0,5,1.0,2,1,25,10,10,10.0,,MIN_EXPANDED_SIZE,False,1,34,44,28,1,2.0,2,1,1,4567,6111,388266,263090,1.475791554220989,1325516,615606,2.1531888902967156,,,,,9734,66247,0.14693495554515676,1,1,REUSED_E4,REUSED_E4,E4_REUSED,E4_REUSED,0,0,SAT,SAT,4.130317978000676,4.533624872000473,b3aedbd97722d584066a8d5b3bff9198faa99453d1138e0d08b5858a438da61f,f14460d53b11b31e706715a21aa7414c361eec1c29cc2672edd568490caf9e59
b2,5to10Traces/0004.trace,5to10Traces,05629bb4f6035f93350157aa5f7d9a45ae7afd501c1d9cfe01c1c67a1b471a14,5,2,0,5,1.0,2,50,50,5,5,5.0,,MIN_EXPANDED_SIZE,False,1,32,44,28,1,2.0,2,1,1,6147,9030,363281,437799,0.8297894695967785,1153269,878086,1.313389576875158,,,,,21064,70255,0.29982207672051814,1,1,REUSED_E4,REUSED_E4,E4_REUSED,E4_REUSED,0,0,SAT,SAT,4.515630896000403,8.081105343000218,6f386fce860d85d94ed5bf2cd48a47184e994ca5427e974ae97a25cbc7763b04,23f11b2bf1d4efb8cca830af3a2beec7c72ade70f15f9033cc803a0ad248669d
b2,5to10Traces/0005.trace,5to10Traces,660a589b506704d37a8541151f8c604018739a7d81f670e47eb3eaa1c1d4d439,5,2,0,5,1.0,2,2,50,10,10,10.0,,MIN_EXPANDED_SIZE,False,1,34,44,28,1,2.0,2,1,1,8987,11319,774237,525155,1.4743018727804171,2644600,1221659,2.164761197682823,,,,,16909,92804,0.18220119822421446,1,1,REUSED_E4,REUSED_E4,E4_REUSED,E4_REUSED,0,0,SAT,SAT,6.6359818910000286,10.412136991000125,4893443fad245e9a97ab76368d14c06dfa045077b477bb8932c82b009a6ddff7,2545f2caecd11acd7ab7ad6370924137b725f669fe41502b5c310fea24b9731d
b2,5to10Traces/0006.trace,5to10Traces,7d3075244c5bbbe213fc317b55abec9af8071310f9d4db6cd3ae780bfd8366dd,5,2,0,5,1.0,2,75,75,5,5,5.0,,MIN_EXPANDED_SIZE,False,1,32,44,28,1,2.0,2,1,1,9147,12768,543780,631974,0.8604467905325219,1726695,1258272,1.3722748340581368,,,,,30364,76290,0.3980076025691441,1,1,REUSED_E4,REUSED_E4,E4_REUSED,E4_REUSED,0,0,SAT,SAT,5.670750630000839,10.76428891500018,ad7cf3cc442e901d3e11321ee3b8f074889103d2ad0dc41884fbc5e68a4f4ad8,651a3907e315cba92094c20d0baf9131b0b245053c8d8e68318e6bcb4e7acad0
b2,5to10Traces/0007.trace,5to10Traces,18f49d7822132d05f1d4bb6e2811d77950778ba815b21d52c8366d09efeb63b2,5,2,0,5,1.0,2,7,75,10,10,10.0,,MIN_EXPANDED_SIZE,False,1,34,44,28,1,2.0,2,1,1,14087,17493,1219587,824467,1.4792429533262095,4166615,1939151,2.148680015120019,,,,,25184,110806,0.22728011118531488,1,1,REUSED_E4,REUSED_E4,E4_REUSED,E4_REUSED,0,0,SAT,SAT,10.914950995999789,10.661449472000186,b2906b8a4ae24d6876a961905ff0d9904619e751194e516b610f413fd22a72c2,b96514fdb86ebc1dc06f99a0ae9ac595810c2c41fba6a7dee6ffc97076660572
b2,5to10Traces/0008.trace,5to10Traces,41fc8b607a7d2187795688c08a2796236044c4aecfef14332076b60f8e493d1b,5,2,0,5,1.0,2,100,100,5,5,5.0,,MIN_EXPANDED_SIZE,False,1,32,44,28,1,2.0,2,1,1,12147,16842,724282,856000,0.8461238317757009,2300122,1727932,1.3311415032536003,,,,,39674,82590,0.48037292650441943,1,1,REUSED_E4,REUSED_E4,E4_REUSED,E4_REUSED,0,0,SAT,SAT,7.987452383000345,17.782749059999333,730daa098ce658f7c44de45e18c6bfd2fc4b5769d45437401057615132907178,fbfef85784c942099bbf9610b45a6b40125ada9319728026be58a1d6f498ab46
b2,5to10Traces/0009.trace,5to10Traces,1fa2c89971eb9bf85ddb1903d4936d8b6807ddd6862da4db6a33713d919f22f9,5,2,0,5,1.0,2,5,100,10,10,10.0,,MIN_EXPANDED_SIZE,False,1,34,44,28,1,2.0,2,1,1,17997,22071,1561022,1039313,1.50197486224073,5333499,2415842,2.2077184683435425,,,,,31534,120168,0.2624159510019306,1,1,REUSED_E4,REUSED_E4,E4_REUSED,E4_REUSED,0,0,SAT,SAT,12.560354598999993,16.636009619000106,6180a123fa925b6ce2abe35ba8968f8caafd72c835fd996141a96bedd1e2bf57,9a2de47f6c49b23847aad7de0f7611a3bace5bbb8c86c17ab36e176369cf4508
b2,5to10Traces/0010.trace,5to10Traces,2c8d5f6b675827a4d0fc5a57c97b8c99adfd9886e1aee9ccba5b50f656dad98c,5,2,0,5,1.0,2,125,125,5,5,5.0,,MIN_EXPANDED_SIZE,False,1,32,44,28,1,2.0,2,1,1,15147,20391,904772,1028512,0.8796902709934352,2873537,2061660,1.3937977164032866,,,,,49014,84765,0.5782339408954167,1,1,REUSED_E4,REUSED_E4,E4_REUSED,E4_REUSED,0,0,SAT,SAT,10.823322652999991,18.472751777999974,e81c5cc7a71fae86d57a7e6b32838625c1ff9a9d7f14da087543d0dd4a35d721,5f4d8f7d737b811e4a83221a9d503d9c7414d9fb80e13b47b6852095b0b7abac
b2,5to10Traces/0011.trace,5to10Traces,e38bf3e3c82d45a788e109824513c902af600af42cf5fa633e528c6fba782796,5,2,0,5,1.0,2,8,125,10,10,10.0,,MIN_EXPANDED_SIZE,False,1,34,44,28,1,2.0,2,1,1,22757,28014,1976682,1342425,1.4724710877702665,6754048,3138488,2.152006953666861,,,,,39284,124833,0.3146924290852579,1,1,REUSED_E4,REUSED_E4,E4_REUSED,E4_REUSED,0,0,SAT,SAT,22.443718737999916,13.36316738000005,21fc8e29f24a7cc196f31af12347a5ce081a2f7781bc58273aee70dafdde5bca,3bd490e5c5f68f66d27695c25342e8fdb65c2245dc2e48a32b8f8962b0e72d2a
b2,5to10Traces/0012.trace,5to10Traces,b0ba16143354c8bf8a49bc68a909bda16cdb8008d6a8f5dc909add5fee906128,5,2,0,5,1.0,2,150,150,5,5,5.0,,MIN_EXPANDED_SIZE,False,1,32,44,28,1,2.0,2,1,1,18147,22365,1085261,1127689,0.9623761515807994,3446954,2246902,1.5340918295501984,,,,,58304,92011,0.6336633663366337,1,1,REUSED_E4,REUSED_E4,E4_REUSED,E4_REUSED,0,0,SAT,SAT,10.035336608000762,20.086835930999996,691a97147742f2c89e972d03ddab9f1b1ad09f812f4970335d8987f33b011e4e,ca1b7cd0bbc52fcb9e0e859f3c52dde53ad245c5f6a172713c3427546811be02
b2,5to10Traces/0013.trace,5to10Traces,0a8539b9676e0142c7a3d8adc1f088dd222e222568f6c4c0e638bd9d2d1c0025,5,2,0,5,1.0,2,4,150,10,10,10.0,,MIN_EXPANDED_SIZE,False,1,34,44,28,1,2.0,2,1,1,26327,32025,2288427,1546986,1.4792810018965912,7819466,3601990,2.1708738780507444,,,,,45109,150386,0.2999547830250156,1,1,REUSED_E4,REUSED_E4,E4_REUSED,E4_REUSED,0,0,SAT,SAT,20.77529031299855,19.623934948998794,78a1c22e7ec636d04092225a86271f2b2bc768f24a52610d9e7eb6a74c4cf339,6d87f252772a4e3da13cad4cc25f593e524696bbf5a0d011444e5117057ec092
b2,5to10Traces/0014.trace,5to10Traces,327d8396cc8c1a82e18d32f56a21117f218ebf6b88c17672b7bc0d39fff6f5bc,5,2,0,5,1.0,2,175,175,5,5,5.0,,MIN_EXPANDED_SIZE,False,1,32,44,28,1,2.0,2,1,1,21147,25326,1265757,1292471,0.9793310642946728,4020372,2597699,1.5476666080250252,,,,,67684,96237,0.7033053815060736,1,1,REUSED_E4,REUSED_E4,E4_REUSED,E4_REUSED,0,0,SAT,SAT,13.081229458999587,16.707587052000235,efe8ca731a305ef780347df232f9474515d65c00aaf5442c4e8c9b29c73e7101,8e76652b11181e36e95dfa81adb0fc4a3794ca01c4dfbce6b1cf37077bf5e1b4
b2,5to10Traces/0015.trace,5to10Traces,0f0ec3bcc17fbab360cf629aca37f0d9e5415b296cb77f0082b1ee7567b46347,5,2,0,5,1.0,2,10,175,10,10,10.0,,MIN_EXPANDED_SIZE,False,1,34,44,28,1,2.0,2,1,1,31597,38136,2748622,1836162,1.496938723271694,9392214,4287885,2.190407158774081,,,,,53684,168449,0.31869586640466846,1,1,REUSED_E4,REUSED_E4,E4_REUSED,E4_REUSED,0,0,SAT,SAT,24.196251706999647,28.15070994600137,f1e4caab4e7cf85ef09da149333e5fe03e28e827d73e1334f67d2acc85223e4a,a980834c90d8af1525c0e2c2458efda3b755833980bf701b0a1c87b7f479307b
b2,5to10Traces/0016.trace,5to10Traces,fbf3dac0c3575546823f9684f2862c2e7dd41a4bf51dc7a1cc1208b93e939e0d,5,2,0,5,1.0,2,200,200,5,5,5.0,,MIN_EXPANDED_SIZE,False,1,32,44,28,1,2.0,2,1,1,24147,29631,1446255,1518562,0.9523845585494698,4593799,3058437,1.5020087057539522,,,,,76994,102504,0.7511316631546086,1,1,REUSED_E4,REUSED_E4,E4_REUSED,E4_REUSED,0,0,SAT,SAT,17.120992011,20.123747234999428,6bf7744089831fad289587bb3fdd42f952c186280b6d0aa504634e61f6005e70,a6d9389e9b8c9ea567aaba0c91d81e198d7d24ad9d3071a0da086fe72b93551c
b2,5to10Traces/0017.trace,5to10Traces,45486e7c1a54c0d1b69c7fc4e6221d12e666904407bd082fcfdc0f69768ad5c2,5,2,0,5,1.0,2,8,200,10,10,10.0,,MIN_EXPANDED_SIZE,False,1,34,44,28,1,2.0,2,1,1,35507,42483,3090057,2063324,1.4976111362054627,10559098,4795244,2.2019938922816022,,,,,60059,181311,0.3312485177402364,1,1,REUSED_E4,REUSED_E4,E4_REUSED,E4_REUSED,0,0,SAT,SAT,28.869363826999916,23.751465603999918,d236d52073cefa5b1d4416039d0a249ea36a2614663293b24dd8ec133294e869,db333d3038840235f7d3c1e6cf75d54a7a4f5b4c8f2ed4b93ac6f172248d5667
b2,5to10Traces/0018.trace,5to10Traces,2a201848a120d6627cd6a3129527070df72cfba676dee4fc4872104f9611e1e6,5,2,0,5,1.0,2,225,225,5,5,5.0,,MIN_EXPANDED_SIZE,False,1,32,44,28,1,2.0,2,1,1,27147,31794,1626743,1629905,0.9980600096324632,5167214,3277170,1.5767305327462415,,,,,86414,106266,0.8131857790826793,1,1,REUSED_E4,REUSED_E4,E4_REUSED,E4_REUSED,0,0,SAT,SAT,19.76913699099896,28.809953281999697,b6e117accec3b2a7b1076a32ff4584ce5e68c2afab52387c85d15144cd1fc15a,9886b90b292f30bad1fb85c57cc19721779404f7d1b1992283f0fa55d8ec7622
b2,5to10Traces/0019.trace,5to10Traces,d2ec63cb54f0d08edb08846e8e8cb304c4b44efa96bb5a3f755504a22f94a765,5,2,0,5,1.0,2,14,225,10,10,10.0,,MIN_EXPANDED_SIZE,False,1,34,44,28,1,2.0,2,1,1,40777,48909,3550252,2376323,1.4940107047737197,12131846,5525948,2.1954325303097315,,,,,68638,183678,0.3736865601759601,1,1,REUSED_E4,REUSED_E4,E4_REUSED,E4_REUSED,0,0,SAT,SAT,33.39325099400048,24.430970430999878,40464caaaae74a3bc033519c9b05a3814809880a11cd9427e4467517b5d094bd,f6c11eb43c25f0dc5898ec69806f933927634fa54d8f1e2bf589ff73e924de59
b2,5to10Traces/0020.trace,5to10Traces,fa994ea3d9fc4247e0618daf953b8dc940ca28b3068aba53d565728d72de4500,5,2,0,5,1.0,2,250,250,5,5,5.0,,MIN_EXPANDED_SIZE,False,1,32,44,28,1,2.0,2,1,1,30147,34209,1807239,1761545,1.025939729044674,5740632,3541309,1.6210480361922668,,,,,95754,110483,0.866685372410235,1,1,REUSED_E4,REUSED_E4,E4_REUSED,E4_REUSED,0,0,SAT,SAT,17.90925212600007,35.82780501800005,952b4b6ae913c158f3fed1d16071b3df1232f325c1212c33e1ea98aee1f43892,b75c6edd2dab64282fbed33730821c5dea29e53fbb25ca2ff9cb5677ece49e6d
b2,5to10Traces/0021.trace,5to10Traces,762208528583c652bfc45a65086137c0dbc2552587d032bd3d98e729c206c156,5,2,0,5,1.0,2,14,250,10,10,10.0,,MIN_EXPANDED_SIZE,False,1,34,44,28,1,2.0,2,1,1,45027,54054,3921377,2632122,1.4898158216070532,13400196,6126454,2.1872678714310103,,,,,75563,184083,0.4104833145917874,1,1,REUSED_E4,REUSED_E4,E4_REUSED,E4_REUSED,0,0,SAT,SAT,37.7047411679996,40.11937716099965,64b84f894cffc9e12ba9d3d4b06f9555f466272ca103b67e2fae43d245623420,dddf141c07876598907f086df1d17c65acc407812669138618aac18bc7650261
b2,5to10Traces/0022.trace,5to10Traces,6c80b75187a5ed478cf842bff2085bc613efa684acf8c148e6eaa8f09b40d5c5,10,2,0,8,1.25,3,5,5,5,5,5.0,,MIN_EXPANDED_SIZE,False,1,42,94,36,2,0.3333333333333333,1,2,3,1120,3242,82237,108649,0.7569052637391969,269611,242455,1.1120042894557753,,,,,4809,25696,0.18714975093399752,1,1,REUSED_E4,REUSED_E4,E4_REUSED,E4_REUSED,0,0,SAT,SAT,1.7231571869997424,3.2575171730004513,fd1da0f4ca54ede38ac0b2f10bd9fe90af673669ca8d8560e421627338efbdba,0fecf918802b706cbe502adcb437b61275edfda051a435dfaec79e9549557284
b2,5to10Traces/0023.trace,5to10Traces,1f43e054972e60ab5774a73ec981357b10aa7add71b038501ae6ccb7299587c8,10,2,0,8,1.25,3,5,5,10,10,10.0,,MIN_EXPANDED_SIZE,False,1,62,94,46,2,0.2,1,4,5,2420,5228,288287,227898,1.2649825799261072,987561,547108,1.8050567712407788,,,,,6224,62736,0.09920938536087733,1,1,REUSED_E4,REUSED_E4,E4_REUSED,E4_REUSED,0,0,SAT,SAT,17.95575235599972,6.9591881619999185,2ed5405c05d4f5a8284544cca738f32790538d2c1e339a24394b9186f359f69b,47cded68f856c53fc9589e20a7cd52ed39e540d646e7f0b91b2704000efc4535
b2,5to10Traces/0024.trace,5to10Traces,0d57abc1154e4fe68d03e0823d739a52f7893a122f72f3fde9028f3a8ae33c3b,10,2,0,8,1.25,3,25,25,5,5,5.0,,MIN_EXPANDED_SIZE,False,1,42,94,36,,,,,,4320,9710,377757,465638,0.8112675511878326,1239871,972040,1.2755349574091601,,,,,14039,50543,0.27776348851473004,1,1,TRANSLATED_ONLY,TRANSLATED_ONLY,TRANSLATE_ONLY,TRANSLATE_ONLY,1,1,TIMEOUT,TIMEOUT,180.09462376699958,180.06350541499978,328ed45a2255b4706cfd53029a64d197de3fd4c5bd5cc6b20406651d9314c0e1,4109e677fe3e9b5dba6a4f17bcc7b017c33591aaa2ac4b3821988708d91cfaa3
b2,5to10Traces/0025.trace,5to10Traces,38507a0ac6501a233719bcf5b5b67c29c1621684a3e1a855dc0d13a7e773e48f,10,2,0,8,1.25,3,25,25,10,10,10.0,,MIN_EXPANDED_SIZE,False,1,62,94,46,,,,,,10820,18098,1408007,1055979,1.3333664779318528,4829621,2502851,1.929647829615107,,,,,20854,124863,0.1670150484931485,1,1,TRANSLATED_ONLY,TRANSLATED_ONLY,TRANSLATE_ONLY,TRANSLATE_ONLY,1,1,TIMEOUT,TIMEOUT,180.13866602999997,180.16497409600015,d952726e92251e6135e682dbef0576a36621811004b9f927498ec7ce177c0be8,c4613f46c6255c1a33363908861044337a06b27072af406ad9ecb8e1cc3abf11
b2,5to10Traces/0026.trace,5to10Traces,fc3f69ae20507e848cc21ca73eda7dd7bccf867f9de674721df7526c2f6463a1,10,2,0,8,1.25,3,50,50,5,5,5.0,,MIN_EXPANDED_SIZE,False,1,42,94,36,,,,,,8320,17696,747157,933036,0.8007804629189013,2452696,1974898,1.24193553287309,,,,,25589,70750,0.36168197879858655,1,1,TRANSLATED_ONLY,TRANSLATED_ONLY,TRANSLATE_ONLY,TRANSLATE_ONLY,1,1,TIMEOUT,TIMEOUT,180.1105673940001,180.16771608700037,b52a641904aa8b1c01463d9da2708a3d26b6b4bca83c515fda304ff195b72801,9202bbd0d14d32f45e1092b5902d3804db44e8b8e955794e2d0908e1e01c933d
b2,5to10Traces/0027.trace,5to10Traces,ebc6ebfd17f860ed1799aaa5836ba235cb0bda9d86eab7bd16a584195748e4ed,10,2,0,8,1.25,3,50,50,10,10,10.0,,MIN_EXPANDED_SIZE,False,1,62,94,46,,,,,,21320,34466,2807657,2135659,1.314656038253298,9632196,5076966,1.8972346870158279,,,,,39154,163589,0.23934372115484537,1,1,TRANSLATED_ONLY,TRANSLATED_ONLY,TRANSLATE_ONLY,TRANSLATE_ONLY,1,1,TIMEOUT,TIMEOUT,180.25112239400005,180.22367661099997,0736ddf2e1f92070b2da59372d00df19954eb35b5ae309b0955aeb906bd208f1,75182c2ca8291ba1b729a65ddd851671df706b38fb28870343d515d81c2ed57d
b2,5to10Traces/0028.trace,5to10Traces,ff529adeae7753e8593aa98359266dfe653752c9f93b02843e2b714d5969b8e9,10,2,0,8,1.25,3,75,75,5,5,5.0,,MIN_EXPANDED_SIZE,False,1,42,94,36,,,,,,12320,25913,1116557,1401717,0.7965637856999666,3665521,2969527,1.234378741126112,,,,,37139,80027,0.4640808727054619,1,1,TRANSLATED_ONLY,TRANSLATED_ONLY,TRANSLATE_ONLY,TRANSLATE_ONLY,1,1,TIMEOUT,TIMEOUT,180.1657151899999,180.13169388000006,827a801e8301b3552e6726ddd3e9e6fa128dc4adcfdb26ad64ba56b4cc574fee,043a27cf4ff1fca46f210676ad2eb0a7c936e9b252f1c88c34dbba6c778413d9
b2,5to10Traces/0029.trace,5to10Traces,07a00ad7c82e28b5155dcaa566e300eeff50745de409392212cf2b4fd2399ea7,10,2,0,8,1.25,3,75,75,10,10,10.0,,MIN_EXPANDED_SIZE,False,1,62,94,46,,,,,,31820,50702,4207307,3245997,1.2961524610158297,14434771,7785172,1.854136427557413,,,,,57454,182108,0.3154941024007732,1,1,TRANSLATED_ONLY,TRANSLATED_ONLY,TRANSLATE_ONLY,TRANSLATE_ONLY,1,1,TIMEOUT,TIMEOUT,180.40257828500035,180.28053759900104,4eb4ad2b3dec84a949bcebcf1adcb4c9f4819f9414fc62bfcce661e3cc53184c,1279419818648b7f5fe34a05ccfbc76d8bade47a771d3769c4e3e58ed6d5c865
b2,5to10Traces/0030.trace,5to10Traces,35f848aca47ffdc2abe20fea5611e3d02f2a02a9a64ad107ce1af81e048c4b11,10,2,0,8,1.25,3,100,100,5,5,5.0,,MIN_EXPANDED_SIZE,False,1,42,94,36,,,,,,16320,33569,1485957,1839563,0.8077771731655834,4878346,3903613,1.2497002136226107,,,,,48689,90710,0.5367544923382207,1,1,TRANSLATED_ONLY,TRANSLATED_ONLY,TRANSLATE_ONLY,TRANSLATE_ONLY,1,1,TIMEOUT,TIMEOUT,180.16811998199955,180.2267212530005,b8d02ab555621641286457bb4c8e8c47b36908f7272ef6c23a9bfd7bd4750ec5,0acad0afdcb75fd67aece5d94f715fb210525bbc15c5790f849f93df5bef22ce
b2,5to10Traces/0031.trace,5to10Traces,0e62190a102c28fd19abe1f19ac42dcbc0d81046ffc5d271154d27288c3b7d3b,10,2,0,8,1.25,3,100,100,10,10,10.0,,MIN_EXPANDED_SIZE,False,1,62,94,46,,,,,,42320,66938,5606957,4255723,1.3175098567270473,19237346,10122606,1.9004341372172344,,,,,75754,207335,0.3653700532953915,1,1,TRANSLATED_ONLY,TRANSLATED_ONLY,TRANSLATE_ONLY,TRANSLATE_ONLY,1,1,TIMEOUT,TIMEOUT,180.38295318999917,180.31607652899947,f4a5a4e0411bfd9decedd6e7f12b5ec13025a2d9a28a7a1ac5456627c2a02b5b,1ca8fa0668d21269d4f90b59f8014a514c03d28db8063c92cf6381e5761b483e
b2,5to10Traces/0032.trace,5to10Traces,57dd97edf5cc3c106dcad445c7ae0dbdcaa578bc4fc72302ed1652e13a51bc64,10,2,0,8,1.25,3,125,125,5,5,5.0,,MIN_EXPANDED_SIZE,False,1,42,94,36,,,,,,20320,41918,1855357,2310116,0.8031445174181729,6091171,4882622,1.2475204920634855,,,,,60289,107076,0.5630486757069745,1,1,TRANSLATED_ONLY,TRANSLATED_ONLY,TRANSLATE_ONLY,TRANSLATE_ONLY,1,1,TIMEOUT,TIMEOUT,180.174753487001,180.2186060189997,8dd77437b79aabd17be99b61a7a471ef0bce990f816a766863690f3c441ccd69,2b391d8b0a00b5e6f3d94c056795e2f39c5608a6ef1d04671ecda1b82269c83a
b2,5to10Traces/0033.trace,5to10Traces,ee7ed51fee44ba93cdbb31b9b14ad02bb32f3de11c0469756dc702c50db80225,10,2,0,8,1.25,3,125,125,10,10,10.0,,MIN_EXPANDED_SIZE,False,1,62,94,46,,,,,,52820,83504,7006607,5299382,1.322155489074009,24039921,12641822,1.9016183743134494,,,,,94104,188008,0.5005318922599038,1,1,TRANSLATED_ONLY,TRANSLATED_ONLY,TRANSLATE_ONLY,TRANSLATE_ONLY,1,1,TIMEOUT,TIMEOUT,180.4347068689999,180.44210334000127,9dc52a821146bd4a42c202957deb4ec96dfcfdbd7b152582a88e3fb034444e14,c44cff52fd9f8191680d2f11136b4e84e0b3db91e85f20509ea70dfde240b8cc
b2,5to10Traces/0034.trace,5to10Traces,5359af3606015c7bc80e09ecb994c0944124012d2a334ddb061df8ee7e0ee7e9,10,2,0,8,1.25,3,150,150,5,5,5.0,,MIN_EXPANDED_SIZE,False,1,42,94,36,,,,,,24320,49904,2224757,2774896,0.8017442815874901,7303996,5870982,1.244084209421865,,,,,71889,110573,0.6501496748754216,1,1,TRANSLATED_ONLY,TRANSLATED_ONLY,TRANSLATE_ONLY,TRANSLATE_ONLY,1,1,TIMEOUT,TIMEOUT,180.1969066540005,180.2574698239987,3b8eccdc82434d104c4e80a56220de5b205f571292534370c833bd80ae4ba442,4c2a159bece695bf756f90e21a70d2e26fca58348c63b4f9ba081413eb8a6a0f
b2,5to10Traces/0035.trace,5to10Traces,c426873f1d6100da2ac5121d8557a0015b1beb10f5c91e225ec81118451b884b,10,2,0,8,1.25,3,150,150,10,10,10.0,,MIN_EXPANDED_SIZE,False,1,62,94,46,,,,,,63320,99443,8406257,6415277,1.3103498103043718,28842496,15358968,1.8778928375916923,,,,,112454,226344,0.49682783727423746,1,1,TRANSLATED_ONLY,TRANSLATED_ONLY,TRANSLATE_ONLY,TRANSLATE_ONLY,1,1,TIMEOUT,TIMEOUT,180.43664863100093,180.30757711500019,339d07d04135e45e7caa5f55122c785d72b7143e8e6e48eb1b6b2993bf5a3a13,0062b4e90135b1c1b36246c5a015c3600f5ef71619dfe9f98a3984e2c48f9438
b2,5to10Traces/0036.trace,5to10Traces,b1e2aae2986a43365166a93f9337049f72a8d732496765ee22e195921efbf547,10,2,0,8,1.25,3,175,175,5,5,5.0,,MIN_EXPANDED_SIZE,False,1,42,94,36,,,,,,28320,58022,2594157,3242473,0.8000550814147103,8516821,6874452,1.2389090795891804,,,,,83489,121952,0.6846054185253214,1,1,TRANSLATED_ONLY,TRANSLATED_ONLY,TRANSLATE_ONLY,TRANSLATE_ONLY,1,1,TIMEOUT,TIMEOUT,180.22672139899987,180.20730142899993,f7644769b5f7799b3fafc9c95f17ba5f03c45ec22b3b6bcbace75cf0c6147c8c,ef25ffc99e8ac92b82b5bd6d39488e874a4ee2a89f07f97ccf1d8abacc1eb899
b2,5to10Traces/0037.trace,5to10Traces,706cc48d00f6e56c776cb6c6f15b2e4616903816e710c5c243f51d0099d07091,10,2,0,8,1.25,3,175,175,10,10,10.0,,MIN_EXPANDED_SIZE,False,1,62,94,46,,,,,,,115382,,7398588,,,17643535,,,,,,130804,258316,0.5063720404465848,1,1,TIMEOUT,TRANSLATED_ONLY,TRANSLATE_ONLY,TRANSLATE_ONLY,1,1,TIMEOUT,TIMEOUT,180.3771681019998,180.33879543800003,e726043f2f3196ef87ebab1b85f281294e373acfbf514ebfb5b89d35a121392a,78717f7a2409be058c3f9bd7c60406bc98ac1e3d1dd9a48759aca249d2550405
b2,5to10Traces/0038.trace,5to10Traces,d411a5a489be3c4f9746e0d02df6458494aa8173562852ada225c09ea49dfee5,10,2,0,8,1.25,3,200,200,5,5,5.0,,MIN_EXPANDED_SIZE,False,1,42,94,36,,,,,,32320,66008,2963556,3694853,0.8020768349918116,9729645,7808727,1.2459963064402175,,,,,95089,133127,0.7142728372155911,1,1,TRANSLATED_ONLY,TRANSLATED_ONLY,TRANSLATE_ONLY,TRANSLATE_ONLY,1,1,TIMEOUT,TIMEOUT,180.25630393499978,180.2423243910016,1d96ee4dc928727e55b5d58bc90cd3f0c3383cf3cb8a368be9fdf9518246fe84,2c8eb656fca4efa99bbcc2fff9d604140e20decec09528dcd8815f587b1e7d3a
b2,5to10Traces/0039.trace,5to10Traces,aa9847bdb52c00f1c8ddb561e4735990d45a46974fadc08b61b61d3bbf22efa1,10,2,0,8,1.25,3,200,200,10,10,10.0,,MIN_EXPANDED_SIZE,False,1,62,94,46,,,,,,,131618,,8445983,,,20130434,,,,,,149154,285183,0.523011539958553,1,1,TIMEOUT,TRANSLATED_ONLY,TRANSLATE_ONLY,TRANSLATE_ONLY,1,1,TIMEOUT,TIMEOUT,180.35227841899996,180.39278693599954,e4f8a8b606c90a529fb29418ea2959d8550d46bf46ab17308d65194050aef894,5f978eef8ba3e00ad497da673a88f3e7d3dc21f7b06593db3e30504d39cfe508
b2,5to10Traces/0040.trace,5to10Traces,44f5cbcc1bfb3c796d7ca0e658ddf54d832f3fe4be5a9cdddcbb1e5e8eddf61d,10,2,0,8,1.25,3,225,225,5,5,5.0,,MIN_EXPANDED_SIZE,False,1,42,94,36,,,,,,36320,73697,3332957,4137583,0.8055323603176057,10942471,8761793,1.2488849028960167,,,,,106689,143647,0.7427165203589354,1,1,TRANSLATED_ONLY,TRANSLATED_ONLY,TRANSLATE_ONLY,TRANSLATE_ONLY,1,1,TIMEOUT,TIMEOUT,180.31616292099898,180.31076510600042,079cc9653ae4e6c890f45d660f14a1ba9f98937de9e98eb7b5a70b6362f52804,98a50b9c5f934d74aee3221a79d56dd8813118276eef5d19746b6d3d5a386af8
b2,5to10Traces/0041.trace,5to10Traces,19adba18fde82da20adba26fd41cc7576324db55d448cd26ee2f06aab0e4e69a,10,2,0,8,1.25,3,225,225,10,10,10.0,,MIN_EXPANDED_SIZE,False,1,62,94,46,,,,,,,148514,,9508157,,,22633428,,,,,,167504,264716,0.6327687030629051,1,1,TIMEOUT,TRANSLATED_ONLY,TRANSLATE_ONLY,TRANSLATE_ONLY,1,1,TIMEOUT,TIMEOUT,180.27322184500008,180.55730849800057,0dd77f60600c365b0b6898cd6d58f60ee48d6d2d0a179a662633ff644dd761e2,83545d8acfa04acd1307a4fe877668ec1d3a22b1962da7955f0c2652552d027b
b2,5to10Traces/0042.trace,5to10Traces,5cfb6e0dfec7365f0e68ecb0ad2f4f9871e8800b3c557179eff7b723e201b857,10,2,0,8,1.25,3,250,250,5,5,5.0,,MIN_EXPANDED_SIZE,False,1,42,94,36,,,,,,40320,81815,3702356,4595855,0.8055859029495056,12155295,9711693,1.2516144198544992,,,,,118289,153209,0.7720760529733893,1,1,TRANSLATED_ONLY,TRANSLATED_ONLY,TRANSLATE_ONLY,TRANSLATE_ONLY,1,1,TIMEOUT,TIMEOUT,180.2941398440007,180.30428219999976,27c73783a41d9153296082ed4451193d79630fff87db947a2aa6b35bb08adae7,d3b85d14ad0f1f32abec434d7e57a577ec8820d7be31a4de6210d70e156ea258
b2,5to10Traces/0043.trace,5to10Traces,0ba767b4a1ffc90b215690664a295541a24c200c57666378d08384c8d5bc52db,10,2,0,8,1.25,3,250,250,10,10,10.0,,MIN_EXPANDED_SIZE,False,1,62,94,46,,,,,,,164618,,10608401,,,25335332,,,,,,185854,300252,0.6189933788950615,1,1,TIMEOUT,TRANSLATED_ONLY,TRANSLATE_ONLY,TRANSLATE_ONLY,1,1,TIMEOUT,TIMEOUT,180.34128805,180.6013669240001,caf148d92df2e65e13f62229e7f97e4befd42c7f627d3468ba4774a20b9422ca,039d0f3c2787e2e1e7dc1c2d15bc4731c9f449da23afc7ddcf9970943333dd50
b2,5to10Traces/0044.trace,5to10Traces,14c046169a257cc5c4e9a2085440c69639c5a2f6631e6aca6d1b14a58a103b8b,18,2,0,8,2.25,3,5,5,5,5,5.0,,MIN_EXPANDED_SIZE,False,1,58,174,36,3,0.6666666666666666,1,3,3,1120,3341,82237,111871,0.7351056127146446,269611,243249,1.10837454624685,,,,,4809,35000,0.1374,1,1,REUSED_E4,REUSED_E4,E4_REUSED,E4_REUSED,0,0,SAT,SAT,1.878731410999535,4.718314739000107,2f51a4e771b49a2c34a350a86d67a2a7c099a701d1c6276d15189f856dfe7ea0,89949c73870f5dd98d8790c52182a33bc0e2f53c729986639a1c2ca515d7dbc6
b2,5to10Traces/0045.trace,5to10Traces,6be0adea98eb9f7f8aa3bc1d94d8fab75c02fea48f2f56dd13cc3e0b4c5951f9,18,2,0,8,2.25,3,2,5,10,10,10.0,,MIN_EXPANDED_SIZE,False,1,78,174,46,3,0.6666666666666666,1,3,3,1790,4238,204308,165417,1.2351088461282698,699408,391827,1.7849918458911713,,,,,5129,42305,0.12123862427609029,1,1,REUSED_E4,REUSED_E4,E4_REUSED,E4_REUSED,0,0,SAT,SAT,2.614602012999967,4.528202383000462,4fc89a2d83592f86032f699e5c52aee1df0625a0ee1049ac5023ecf969e68990,3a20cc5d197d2aee9f9fcb34805cd12318616555e49e1350538090c7a63edb3f
b2,5to10Traces/0046.trace,5to10Traces,5015ab49b8416d7fd346e98aa2c1d6056f2a5e41522ce67ca9331ba5cb7ef5aa,18,2,0,8,2.25,3,25,25,5,5,5.0,,MIN_EXPANDED_SIZE,False,1,58,174,36,3,1.0,2,3,3,4320,9578,377757,465958,0.810710407375772,1239871,992712,1.2489735190065194,,,,,14039,57673,0.24342413260971338,1,1,REUSED_E4,REUSED_E4,E4_REUSED,E4_REUSED,0,0,SAT,SAT,171.8841874109985,19.397464044000117,0200364599bda2f71ba7dad3ff08d5ea1c2c9c9ff689012a8ad7fcd02d3b660e,d45bf571de1a399e57caddc9bf7d8627e0a3b2973c4e8913b5db82c70c0d44ad
b2,5to10Traces/0047.trace,5to10Traces,8fce70ae980e6764f2a896a63e52a23cd45fd9c602acf346d208674a041a7ba8,18,2,0,8,2.25,3,9,25,10,10,10.0,,MIN_EXPANDED_SIZE,False,1,78,174,46,3,1.0,2,3,3,7460,12917,960119,737367,1.302091088969265,3292805,1774221,1.8559159202827606,,,,,14999,114283,0.13124436705371753,1,1,REUSED_E4,REUSED_E4,E4_REUSED,E4_REUSED,0,0,SAT,SAT,54.131524105999915,30.09781281800042,1b608ab49d0febdc51254f264ae6b66fe030875929e12ea3546efcb737c8bfb4,ca96e29df475a33a2f99880d5950f66577a6afe43d8b33cbf490e02bcf40d585
b2,5to10Traces/0048.trace,5to10Traces,014bbe82bb5bd12969eeb2dc31d08d7fae63765cdc8ced993133d22211c15d66,18,2,0,8,2.25,3,50,50,5,5,5.0,,MIN_EXPANDED_SIZE,False,1,58,174,36,3,1.0,2,3,3,8320,17366,747157,908952,0.8219983013404448,2452696,1922934,1.2754967149158525,,,,,25589,72932,0.35086107607086053,1,1,REUSED_E4,REUSED_E4,E4_REUSED,E4_REUSED,0,0,SAT,SAT,146.14778496600047,66.52492866900002,dbbec78e82c49f45c0c83d2025a97a0fb4bd2ec6d69aaaf35ec7eaaa97af8da2,764acb6206d4149c20399e33040205d2baa2e5834c2f4a4cce6c408f44af98d7
b2,5to10Traces/0049.trace,5to10Traces,30438c7936428af7ad72cc1315ea699c8be91d6b2fd954c32d5ece0bc742772d,18,2,0,8,2.25,3,12,50,10,10,10.0,,MIN_EXPANDED_SIZE,False,1,78,174,46,3,1.0,2,3,3,13340,22223,1743923,1375729,1.2676355590381536,5982258,3328775,1.7971349820880054,,,,,25246,127875,0.19742717497556206,1,1,REUSED_E4,REUSED_E4,E4_REUSED,E4_REUSED,0,0,SAT,SAT,112.33268870200004,66.11670541500098,064945610550919aa18992e055adda39c8f09957461ad9889837a8fbc7660a6e,c09ce41527b680a7f4109b4c9f362ebb392d86b2ff7b8f3a3e6855b2fa1a0773
b2,5to10Traces/0050.trace,5to10Traces,e8a823e3c3a7b888a9cbb620f2002d454a22f181ad3c3d6bad1204fb0f76904b,18,2,0,8,2.25,3,75,75,5,5,5.0,,MIN_EXPANDED_SIZE,False,1,58,174,36,3,1.0,1,3,3,12320,25451,1116557,1377099,0.810803725803301,3665521,2921949,1.254478089795544,,,,,37139,82833,0.4483599531587652,1,1,TRANSLATED_ONLY,REUSED_E4,TRANSLATE_ONLY,E4_REUSED,1,0,TIMEOUT,SAT,180.15658324000015,80.69513191800002,86c6c235931a052b3d0738038e0785d1a2b82507529e2a1f53063d2ea522208e,a5040fd64ab57b48deb0133b0b0ddd9d9d4f575485d7384ef5c8de636325f7ad
b2,5to10Traces/0051.trace,5to10Traces,73f4ee93b2ae99232e726fb217d7d554449a94a0e373248232b5425de7aed882,18,2,0,8,2.25,3,10,75,10,10,10.0,,MIN_EXPANDED_SIZE,False,1,78,174,46,3,1.0,2,3,3,18170,29483,2387762,1825197,1.3082215234848622,8191456,4355684,1.8806359690005061,,,,,33664,153501,0.21930801753734502,1,1,TRANSLATED_ONLY,REUSED_E4,TRANSLATE_ONLY,E4_REUSED,1,0,TIMEOUT,SAT,180.24438588699923,160.59481774899996,d5ed93d752df727a82d687c169140865040c1f037b009fc6fcbab0a0aa05115f,1a4fdd2f7caeba9015415cd32d6519496e9c95cb264057be43b3bca0af27ea41
b2,5to10Traces/0052.trace,5to10Traces,91ff15f195ca072afe71e536812bb9f6c402c6f3e2f227a1c1997ddd407c5988,18,2,0,8,2.25,3,100,100,5,5,5.0,,MIN_EXPANDED_SIZE,False,1,58,174,36,3,1.0,2,3,3,16320,32942,1485957,1797427,0.8267134075542428,4878346,3784877,1.288904764936879,,,,,48689,92669,0.5254076336207362,1,1,TRANSLATED_ONLY,REUSED_E4,TRANSLATE_ONLY,E4_REUSED,1,0,TIMEOUT,SAT,180.1733771069994,101.94759540199993,7fe54d1e282b09f42b8f673df1627f4c59903bae3ec8cfe49a031cdca4c4c6be,9275ea578d5084c28d7f5bc989248602c34b2ea139a58d4fcb0f95e561fb24b8
b2,5to10Traces/0053.trace,5to10Traces,e7248279f2a15a5de11d23fd419dd208c9e4f00722658331d9ffea70eb2a14f3,18,2,0,8,2.25,3,16,100,10,10,10.0,,MIN_EXPANDED_SIZE,False,1,78,174,46,,,,,,24680,39779,3255545,2440591,1.3339166619888378,11169062,5785987,1.9303641712295585,,,,,45010,161176,0.27925993944507865,1,1,TRANSLATED_ONLY,TRANSLATED_ONLY,TRANSLATE_ONLY,TRANSLATE_ONLY,1,1,TIMEOUT,TIMEOUT,180.32882913899994,180.2247242859994,01357f499af5f3f797dd9856587671c0b5bf9bc18c15c29a15b2611e778faa78,fa76712b887c54f549d1a2c8c96febbbe9951be2f177ff28431818b8bc186f9b
b2,5to10Traces/0054.trace,5to10Traces,cdef96667f3e06b99fe679140c3e1979c0841dfc1c39b27629fcb3bb58e25741,18,2,0,8,2.25,3,125,125,5,5,5.0,,MIN_EXPANDED_SIZE,False,1,58,174,36,3,1.0,1,3,3,20320,41027,1855356,2280120,0.8137098047471186,6091170,4852123,1.2553618282141652,,,,,60289,104726,0.5756832114279167,1,1,TRANSLATED_ONLY,REUSED_E4,TRANSLATE_ONLY,E4_REUSED,1,0,TIMEOUT,SAT,180.19045383900084,138.37059616399983,b1a273eccbe50fc380c202e00ad0062f6f782b128773d9bc73db2043edcd8473,ebe0c4c8d363c947b2b2e76872241cbfbc829fe5109224b7dbba0ed90d24fb85
b2,5to10Traces/0055.trace,5to10Traces,6ac3094d3b73be048f62252ce02bec18ad576cacbd3f2032dd829ad3d37a8888,18,2,0,8,2.25,3,23,125,10,10,10.0,,MIN_EXPANDED_SIZE,False,1,78,174,46,,,,,,31400,49910,4151321,3203900,1.2957086675614096,14242719,7701024,1.8494578123636545,,,,,56747,175139,0.32401121395006255,1,1,TRANSLATED_ONLY,TRANSLATED_ONLY,TRANSLATE_ONLY,TRANSLATE_ONLY,1,1,TIMEOUT,TIMEOUT,180.3187483820002,180.2931578810003,74dde90e47a4084b97a8589bac52c1a318e434124e5675c05a2c542d0f57ffb3,4262928950b7a9ceeba85d5db5a3af67c856827299046659684d52049916d62c
b2,5to10Traces/0056.trace,5to10Traces,20f4e14ed1677bec1373dcd944e30d8cfc45c5fa4e2a9e72082654e3c7c07d55,18,2,0,8,2.25,3,150,150,5,5,5.0,,MIN_EXPANDED_SIZE,False,1,58,174,36,,,,,,24320,48914,2224756,2719194,0.8181674422641415,7303995,5752244,1.2697644606174565,,,,,71889,115249,0.6237711390120522,1,1,TRANSLATED_ONLY,TRANSLATED_ONLY,TRANSLATE_ONLY,TRANSLATE_ONLY,1,1,TIMEOUT,TIMEOUT,180.27425986700018,180.2408226059997,be2da4eb280f20911815964610e5ae4828a2f21866bd5bda8eb3700cc20a200e,ab423a4bd78ff6b190432edafb93924856ef5911d77b0c683b03a9f26779718d
b2,5to10Traces/0057.trace,5to10Traces,23eef4fd79d5c9dca6054fb5076ba2e9ca74f1c58562f751761a687cb97c8225,18,2,0,8,2.25,3,23,150,10,10,10.0,,MIN_EXPANDED_SIZE,False,1,78,174,46,,,,,,36650,58160,4851146,3695117,1.3128531518758404,16644019,8846063,1.8815171223627958,,,,,65922,181715,0.36277687587706026,1,1,TRANSLATED_ONLY,TRANSLATED_ONLY,TRANSLATE_ONLY,TRANSLATE_ONLY,1,1,TIMEOUT,TIMEOUT,180.2867300050002,180.24763009400021,a10fe5eed9b828e94b33895b7fb2e17bb92c6357a33e5a7789af851916cac7d6,1d040000ab5e62fb749e58e704c87f936b2210d4f30052c79c89bba1d3f47df4
b2,5to10Traces/0058.trace,5to10Traces,ca7e3124f44c2b26b59839f88d1effc0bb59258816a64d1e31a04caed2a3c093,18,2,0,8,2.25,3,175,175,5,5,5.0,,MIN_EXPANDED_SIZE,False,1,58,174,36,,,,,,28320,55316,2594156,3076375,0.843250904067287,8516820,6485054,1.313299781312538,,,,,83489,127964,0.6524413116188928,1,1,TRANSLATED_ONLY,TRANSLATED_ONLY,TRANSLATE_ONLY,TRANSLATE_ONLY,1,1,TIMEOUT,TIMEOUT,180.22138904599979,180.28668728799857,9e46d43bcf3d6a6988e5274e573007aead45a9f8cdad186f40d462a3ca59ee0d,e7025c57a1e8e04a0c3d376067eae8ea8324d3d6213e9e396944e85f182dcc50
b2,5to10Traces/0059.trace,5to10Traces,1a57e62a9cd8a4b5a550a414264c541abedfaf0ecb8a6cc02a6fec1bd623c0b0,18,2,0,8,2.25,3,39,175,10,10,10.0,,MIN_EXPANDED_SIZE,False,1,78,174,46,,,,,,45260,71393,5998859,4550596,1.3182578721556473,20582135,10857472,1.89566549193035,,,,,80953,203956,0.3969140402831983,1,1,TRANSLATED_ONLY,TRANSLATED_ONLY,TRANSLATE_ONLY,TRANSLATE_ONLY,1,1,TIMEOUT,TIMEOUT,180.36873480400027,180.2562994789987,4f616f4cdf0ca47d1460ae551869e62e130dba615bd946eaa631f4c6678aa03b,313fbad6c929f885a69c316110d4cffdbae27af01d124a4e8ad4b3f21960a819
b2,5to10Traces/0060.trace,5to10Traces,89c502bda45cb21889bc87970c566b7ec35390aff17b424c7cec9d21e656c633,18,2,0,8,2.25,3,200,200,5,5,5.0,,MIN_EXPANDED_SIZE,False,1,58,174,36,,,,,,32320,64160,2963555,3597102,0.823872939938873,9729644,7614848,1.2777200542939269,,,,,95089,136993,0.6941157577394466,1,1,TRANSLATED_ONLY,TRANSLATED_ONLY,TRANSLATE_ONLY,TRANSLATE_ONLY,1,1,TIMEOUT,TIMEOUT,180.30173458100035,180.30036989399923,8b1bb168031ce84e9c9cf6ede71dde236ab85c3f100c9d477596167dbe4e0a22,efe1df4f42d6177aefed8f711a81d97a0fcb53d5fd9d328a8984429c1d6be1f8
b2,5to10Traces/0061.trace,5to10Traces,b0f1a823becc45ec700901a4d17a8fb4a2747ae6558a0a7ee75914e2a8bf19c2,18,2,0,8,2.25,3,42,200,10,10,10.0,,MIN_EXPANDED_SIZE,False,1,78,174,46,,,,,,51140,80171,6782663,5136813,1.3204029424469996,23271588,12284789,1.8943416936180182,,,,,91226,216984,0.42042731261291155,1,1,TRANSLATED_ONLY,TRANSLATED_ONLY,TRANSLATE_ONLY,TRANSLATE_ONLY,1,1,TIMEOUT,TIMEOUT,180.46781865699995,180.37977592300012,e34863e10df9c671ac5dea4e57e3d6fe6cddc9b24cbc27ccd52ae036b678691b,626cbe3e77bcff1d6379e91da55536fa63f9d2b0e91a55bb05777ca18a3f154c
b2,5to10Traces/0062.trace,5to10Traces,659578e22d18330e18c4bd6eac4e1e2a4cc66cc0b6764d215dba3d25570d0d4e,18,2,0,8,2.25,3,225,225,5,5,5.0,,MIN_EXPANDED_SIZE,False,1,58,174,36,,,,,,36320,72377,3332954,4059799,0.8209652743892001,10942468,8584893,1.2746190313612529,,,,,106689,144047,0.7406540920671725,1,1,TRANSLATED_ONLY,TRANSLATED_ONLY,TRANSLATE_ONLY,TRANSLATE_ONLY,1,1,TIMEOUT,TIMEOUT,180.3149293890001,180.2597190900001,a6611aa1f58ae8b1b185217d1eedc7fb2c3e202e779e875fbaa37f7309750430,30dc93fc0d3fc8af66b48054673674af648c53b9d212d5fb19b61c49e6788aca
b2,5to10Traces/0063.trace,5to10Traces,2ce63ff5e34cef24daee6a38e21f61b2a9b228d75356b8ec857a53c0be00c773,18,2,0,8,2.25,3,56,225,10,10,10.0,,MIN_EXPANDED_SIZE,False,1,78,174,46,,,,,,59330,92777,7874390,5947028,1.324088267282414,27017602,14190629,1.9039044710421222,,,,,105525,243368,0.4336026100391177,1,1,TRANSLATED_ONLY,TRANSLATED_ONLY,TRANSLATE_ONLY,TRANSLATE_ONLY,1,1,TIMEOUT,TIMEOUT,180.5750721689983,180.31694080599982,14f883dc56853eecc94a05a9771021011f4fbc34dd359a4461b4839fb0c1f1c8,6d930d102f082964358a80a72dbae406199f39675a87312e0837407a1d89dcce
b2,5to10Traces/0064.trace,5to10Traces,4739f9e06f3c05ec3596ff9831d461a251a6384e5b72166a6596b77e3f6fe6b3,18,2,0,8,2.25,3,250,250,5,5,5.0,,MIN_EXPANDED_SIZE,False,1,58,174,36,,,,,,40320,79736,3702355,4498433,0.8230321536410568,12155294,9543616,1.2736570708628678,,,,,118289,157969,0.7488114756692769,1,1,TRANSLATED_ONLY,TRANSLATED_ONLY,TRANSLATE_ONLY,TRANSLATE_ONLY,1,1,TIMEOUT,TIMEOUT,180.30701945200053,180.27381448300002,23f7fe039383166e190c2842602df8ccad0e2a20b95256139bde471b56cbbdcf,884fc85336621a857382b20ea92516a909ea2905263915ec16d92a2d99729d28
b2,5to10Traces/0065.trace,5to10Traces,2f6f12b0ce96437e99643656a191987fe3e29e5ea11200883df97544dbeaa31f,18,2,0,8,2.25,3,46,250,10,10,10.0,,MIN_EXPANDED_SIZE,False,1,78,174,46,,,,,,62480,97892,8294285,6271307,1.3225767770577967,28458392,14931180,1.905970727028942,,,,,111040,249689,0.4447132232497227,1,1,TRANSLATED_ONLY,TRANSLATED_ONLY,TRANSLATE_ONLY,TRANSLATE_ONLY,1,1,TIMEOUT,TIMEOUT,180.5250343429998,180.35552543499944,1aece97150db4ecf116233cf524bcec7b61e28fcd9820039445cea972ea072f3,2a4d232639d76d9f947b992ac99d77cb5ac49ee3d5acec125f1b468e9e5eec6a
b2,5to10Traces/0066.trace,5to10Traces,be366ea181bd705203673a02f3beb9307e2b7f2428e44e84f12e6d02991f1a4e,18,2,0,8,2.25,3,5,5,5,5,5.0,,MIN_EXPANDED_SIZE,False,1,58,174,5,1,1.0,1,1,1,1120,554,82237,11229,7.323626324694986,269611,21561,12.504568433746115,,,,,4809,14234,0.33785302796121963,1,1,REUSED_E4,REUSED_E4,E4_REUSED,E4_REUSED,0,0,SAT,SAT,1.6545555960001366,1.2506315919999906,fb499769de58cfbb85ad5056dfa6862bc81971b37a1170ab6881ac0c3e3f52bb,6c0c465667158131f0bbc51cf2ad71d0e92e5d06ec2d585daced4f38066b990a
b2,5to10Traces/0068.trace,5to10Traces,b8c4141464e79c6eaaed0c2f296370039049719c1228e7e6b019fc381050f8a2,18,2,0,8,2.25,3,25,25,5,5,5.0,,MIN_EXPANDED_SIZE,False,1,58,174,36,3,0.3333333333333333,1,5,6,4320,9479,377757,466149,0.810378226704337,1239871,999075,1.2410189425218328,,,,,14039,57450,0.24436901653611837,1,1,TRANSLATED_ONLY,REUSED_E4,TRANSLATE_ONLY,E4_REUSED,1,0,TIMEOUT,SAT,180.08142386100008,53.55928005800024,15b8921a73e635841484bf9552e9b818eacf13c939f7ddce8ac51ece79c2a54f,4def4a8004e0e3370f509f9086bb9071b3300f53629162a90051e1cdcb35acc4
b2,5to10Traces/0069.trace,5to10Traces,69f6ca91822c321e18396ab634066518e44a44b6f64bdfeb4c83956d8a4095f6,18,2,0,8,2.25,3,25,2,10,10,10.0,,MIN_EXPANDED_SIZE,False,1,78,174,5,1,1.0,1,1,1,5990,2525,764168,49649,15.391407681927129,2620425,110933,23.621690569983684,,,,,12444,30212,0.41188931550377333,1,1,REUSED_E4,REUSED_E4,E4_REUSED,E4_REUSED,0,0,SAT,SAT,6.490260601000045,1.8504339350000691,8012664c868cf5437b7c0b8378467c43835c8899db72c63b849591d67ca48734,8475813da59cc849841fcbae1286747894722dcc9fcdec94f12104608f50131f
b2,5to10Traces/0070.trace,5to10Traces,a5e13ab1eb3be7dc2415e0c02ec5362d6e303166b8c91d28a3670fa657d6279d,18,2,0,8,2.25,3,50,50,5,5,5.0,,MIN_EXPANDED_SIZE,False,1,58,174,36,2,0.6,1,4,5,8320,17168,747157,905847,0.8248158905422218,2452696,1919753,1.2776101925612304,,,,,25589,70134,0.36485869906179597,1,1,TRANSLATED_ONLY,REUSED_E4,TRANSLATE_ONLY,E4_REUSED,1,0,TIMEOUT,SAT,180.11717449000025,117.24768112600032,11ca17c42436525cad3494f3ad06b165bcc806d6fac9caea51eb501ba694fc8c,ac585b0ed83c34a7d3911cef750ee788a91a5e3918d28c232a9489c42b87513c
b2,5to10Traces/0071.trace,5to10Traces,46b83e7e6b53a7da44fc411f1088825e0272c13e8143b4c9eeeb2ef3d110cb26,18,2,0,8,2.25,3,50,8,10,10,10.0,,MIN_EXPANDED_SIZE,False,1,78,174,46,2,0.6666666666666666,1,3,3,12500,20573,1631951,1211772,1.3467475729757743,5598012,2867896,1.9519578115803362,,,,,23784,139695,0.17025663051648235,1,1,REUSED_E4,REUSED_E4,E4_REUSED,E4_REUSED,0,0,SAT,SAT,81.19796074199985,35.976796984999964,491c0dd56c3148de01534525a3c7aa0327353645cc2f2c447588e1421d4f18ea,70596739fe101701398488335fa9be348ede266adbcc56d61078994f73a6e592
b2,5to10Traces/0072.trace,5to10Traces,5a765703a495b808f153726282d69d93ac2f988c6a385bfc19d5234ff374d7f4,18,2,0,8,2.25,3,75,75,5,5,5.0,,MIN_EXPANDED_SIZE,False,1,58,174,36,,,,,,12320,25583,1116557,1390257,0.8031299248987777,3665521,2955771,1.2401234737061837,,,,,37139,83422,0.44519431325070125,1,1,TRANSLATED_ONLY,REUSED_E4,TRANSLATE_ONLY,E4_REUSED,1,0,TIMEOUT,TIMEOUT,180.1350613069999,180.08732566599974,906f6edb566e58a44f1bb655db861e2e966d325d28d43e51de96c6b7a410cd77,5b677422451028518a10dc92c72874a51d065352871d8978d4725b1df4b27f3c
b2,5to10Traces/0073.trace,5to10Traces,796cc73a47026adb51fe9c60fc5a6bf2fab504caa9bf10868738968b723c7858,18,2,0,8,2.25,3,75,13,10,10,10.0,,MIN_EXPANDED_SIZE,False,1,78,174,46,2,0.6666666666666666,1,3,3,18800,30605,2471741,1899127,1.3015143273725243,8479547,4547775,1.8645484879968777,,,,,34762,147010,0.23646010475477858,1,1,REUSED_E4,REUSED_E4,E4_REUSED,E4_REUSED,0,0,SAT,SAT,106.26332112799992,88.3137777070001,8ac37546b32acabb0c7b82244bd969593fb516cf0eaf672befc41c38e75f8032,18c4afce76ee4f8e461b583074d4db246290e57cafb0f0d8fcddd87b75fdd342
b2,5to10Traces/0074.trace,5to10Traces,17a8172a264c432b22b6195f94909869d4a7b32b69d4fe159beebda0c06d060c,18,2,0,8,2.25,3,100,100,5,5,5.0,,MIN_EXPANDED_SIZE,False,1,58,174,36,,,,,,16320,33107,1485957,1821770,0.8156666319019416,4878346,3859832,1.2638752152943444,,,,,48689,98431,0.494651075372596,1,1,TRANSLATED_ONLY,TRANSLATED_ONLY,TRANSLATE_ONLY,TRANSLATE_ONLY,1,1,TIMEOUT,TIMEOUT,180.18140305999987,180.19580395899993,513c613d8f5bedce8268c48608cf8f99c8bebb61d0d0ed0aa5b395af6e623e6d,431ac95316ca7c73b853deaae58cff3c65053cd59e2964cb06c84b3b896cf16e
b2,5to10Traces/0075.trace,5to10Traces,839c7f703e8cdbddd265b823b571ea03e2daca58a23f1493feff60c796373619,18,2,0,8,2.25,3,100,22,10,10,10.0,,MIN_EXPANDED_SIZE,False,1,78,174,46,2,0.6666666666666666,1,3,3,25940,41660,3423503,2612116,1.3106244133108944,11745290,6246530,1.8802903371952109,,,,,47206,149078,0.31665302727431277,1,1,REUSED_E4,REUSED_E4,E4_REUSED,E4_REUSED,0,0,SAT,SAT,67.80401813599929,111.57244979900133,a78d092be6f119d3a1a0507c4d7e8f66515a4039cc7dcc42f3d22ac55ec26380,824274fbeebf4d32343713997f186ba2317ffab80c1c4bf86f2bd3d2a896b327
b2,5to10Traces/0076.trace,5to10Traces,4a481963aaa32652946def7cfc9f5619c28a3cdab2e2e295fa79bcd026e61c82,18,2,0,8,2.25,3,125,125,5,5,5.0,,MIN_EXPANDED_SIZE,False,1,58,174,36,,,,,,20320,41126,1855357,2289247,0.8104660615477491,6091171,4883073,1.2474052712298178,,,,,60289,99389,0.6065963034138587,1,1,TRANSLATED_ONLY,TRANSLATED_ONLY,TRANSLATE_ONLY,TRANSLATE_ONLY,1,1,TIMEOUT,TIMEOUT,180.23439923200021,180.22833939299971,72a21b5fcbd0353ae48e8caabe2192addec30c1e8242c2b183a652a72d74c552,6d053dc21b9945087aae2be7317a891b602a6bae619d4aa02b3343552d9abcc5
b2,5to10Traces/0077.trace,5to10Traces,37be0b9dadbe653282583062331b1d0b8c75f19c11d87996a10a06629585968b,18,2,0,8,2.25,3,125,19,10,10,10.0,,MIN_EXPANDED_SIZE,False,1,78,174,46,2,0.6666666666666666,1,3,3,30560,48095,4039349,3039586,1.3289142008155057,13858409,7274367,1.905101708506046,,,,,55283,192126,0.28774346002102785,1,1,TRANSLATED_ONLY,REUSED_E4,TRANSLATE_ONLY,E4_REUSED,1,0,TIMEOUT,SAT,180.29908704299987,170.30190697500075,0e5b61c81a06e35566722cefed55d86d0913fa6ec87de33bb081401955b24a76,74b4ec1bb20d8bb897780510e5d59d8b25c55709a2cb98965ad2397424d03ccc
b2,5to10Traces/0078.trace,5to10Traces,38647e132ee55de9993f8c59a208e35d4c2ce6487de2fac015c6509a0f9e6b3c,18,2,0,8,2.25,3,150,150,5,5,5.0,,MIN_EXPANDED_SIZE,False,1,58,174,36,,,,,,24320,48782,2224756,2713820,0.8197876056628663,7303995,5760935,1.2678488821693006,,,,,71889,114419,0.6282959997902446,1,1,TRANSLATED_ONLY,TRANSLATED_ONLY,TRANSLATE_ONLY,TRANSLATE_ONLY,1,1,TIMEOUT,TIMEOUT,180.25830147800116,180.219513494,d8eb979d0ab7263138bcb9b66fe632d3d5d0794f98b4d55877ba2cc03e1f31cf,6a9a624e7b4539dd45795443b156705dda1cfaecbbc3c1587386d19227aae2c3
b2,5to10Traces/0079.trace,5to10Traces,6b1f34756a919d6f363f39c71ab2178ce9a2b7c6a15cb0d3988ef8e04e59e7d3,18,2,0,8,2.25,3,150,33,10,10,10.0,,MIN_EXPANDED_SIZE,False,1,78,174,46,,,,,,38750,61196,5131076,3895302,1.3172472891703904,17604412,9314497,1.8900013602452177,,,,,69582,201913,0.3446137692966773,1,1,TRANSLATED_ONLY,TRANSLATED_ONLY,TRANSLATE_ONLY,TRANSLATE_ONLY,1,1,TIMEOUT,TIMEOUT,180.3816780800007,180.28903073500078,7a1b057280a5b4de1a572629c25600a458886122cf7aa4f80237b391cd1768ae,3f22d79f2993535a99783e0b0efc15543ba45415265978f05e90a1dd038d39e9
b2,5to10Traces/0080.trace,5to10Traces,f2434042464636c57e3f95690a219a0e946ad0f386c0b30fe37d6445d6301399,18,2,0,8,2.25,3,175,175,5,5,5.0,,MIN_EXPANDED_SIZE,False,1,58,174,36,,,,,,28320,56735,2594156,3181663,0.8153459370146996,8516820,6752545,1.2612755635097581,,,,,83489,122030,0.6841678275833811,1,1,TRANSLATED_ONLY,TRANSLATED_ONLY,TRANSLATE_ONLY,TRANSLATE_ONLY,1,1,TIMEOUT,TIMEOUT,180.29924556200058,180.30543912400026,880a56a8ed41a60eac52f6d014e03ca8a67c32ec8922df8dee65616953e7ed31,26ae63864a215bc5cea00f0dc87491526d982201425c71fdaac2555233874b1a
b2,5to10Traces/0081.trace,5to10Traces,708450a78b236ce7eaba4691c29adff08e77676f2cb2a2cda38d5b44d96f876a,18,2,0,8,2.25,3,175,30,10,10,10.0,,MIN_EXPANDED_SIZE,False,1,78,174,46,,,,,,43370,68522,5746922,4383280,1.3111008194776514,19717531,10493347,1.8790506975515058,,,,,77659,208088,0.37320268348006613,1,1,REUSED_E4,TRANSLATED_ONLY,E4_REUSED,TRANSLATE_ONLY,0,1,SAT,TIMEOUT,171.713683304999,180.3565002080004,5029d3fed8e5eada6fc87a8fb826d8697499ab3c5ef16940b2eb57f268630bfc,08b0da67871d436d1595218db5e56c26b11a10ec7c9d1d14fb60b86d9ba6f039
b2,5to10Traces/0082.trace,5to10Traces,4cd2b5c3744207c1bb88b4c6530198d66a9b5f692ade912133a82a8b55436b94,18,2,0,8,2.25,3,200,200,5,5,5.0,,MIN_EXPANDED_SIZE,False,1,58,174,36,,,,,,32320,64622,2963554,3618485,0.8190040859641535,9729644,7672688,1.2680880546687159,,,,,95089,136027,0.6990450425283216,1,1,TRANSLATED_ONLY,TRANSLATED_ONLY,TRANSLATE_ONLY,TRANSLATE_ONLY,1,1,TIMEOUT,TIMEOUT,180.27809523299948,180.26860892500008,b357a0e52d8afe1512c69d495ca6aa23e8b77220f3fed7c4f025cb4273195af2,2a0e6eb7d870304a25a9d1229ac257b687056f4a20daa059288dec1225013f12
b2,5to10Traces/0083.trace,5to10Traces,0092a507c55a5a4282a41def1ce2999d755b8d97fb91d2fe0eded9a1fa81ffd8,18,2,0,8,2.25,3,200,34,10,10,10.0,,MIN_EXPANDED_SIZE,False,1,78,174,46,,,,,,49460,77795,6558719,5013407,1.3082358962677476,22503014,11999988,1.8752530419197087,,,,,88298,221939,0.3978480573490914,1,1,TRANSLATED_ONLY,TRANSLATED_ONLY,TRANSLATE_ONLY,TRANSLATE_ONLY,1,1,TIMEOUT,TIMEOUT,180.38079707700035,180.36494387699895,a4f6478e858705bc0803b40169b0c5d0f0beaf814ec5e1b7d2f9de0a74f16dd3,b1a0c725daa6e0c9c5d5555074566be46b570943f6592e3cfacbf402c22f98c3
b2,5to10Traces/0084.trace,5to10Traces,90b35332457b1de8f31e323bc011ba287b72e2f64855510dfd38861206238f9e,18,2,0,8,2.25,3,225,225,5,5,5.0,,MIN_EXPANDED_SIZE,False,1,58,174,36,,,,,,36320,72146,3332955,4044538,0.8240632180980868,10942469,8568069,1.2771219512821383,,,,,106689,142011,0.7512727887276338,1,1,TRANSLATED_ONLY,TRANSLATED_ONLY,TRANSLATE_ONLY,TRANSLATE_ONLY,1,1,TIMEOUT,TIMEOUT,180.29360266599906,180.26188067900148,e524cbca8c6a824fe00521c2749746e75a0d2a5e3c2dd2ffde8386fae632f305,9127b056bd2b68733d3229badcbe5ae43a348c7091efaddc1c009e5995f9409f
b2,5to10Traces/0085.trace,5to10Traces,962abce4353536cc3b40909494550e87ae35ec3d917b025b9727780e9074c2ac,18,2,0,8,2.25,3,225,32,10,10,10.0,,MIN_EXPANDED_SIZE,False,1,78,174,46,2,0.6666666666666666,1,3,3,54290,85451,7202558,5470715,1.3165661161292446,24712185,13072457,1.89040093993042,,,,,96741,214630,0.45073382099426923,1,1,TRANSLATED_ONLY,REUSED_E4,TRANSLATE_ONLY,E4_REUSED,1,0,TIMEOUT,SAT,180.45334799500006,151.081310182999,37cb5d9c87502b1d72c99ef662c0c82d79d5413834c4f1f8710527482f652c3b,c2fb417a540a00ddffaa22ccb9b663e100e7bb72b4e1c337e164a6ee1e1efafe
b2,5to10Traces/0086.trace,5to10Traces,929b50c651ec3b1e85ea1b9db831d7236326feb88b6dbd8e7feaa83ad80291f1,18,2,0,8,2.25,3,250,250,5,5,5.0,,MIN_EXPANDED_SIZE,False,1,58,174,36,,,,,,40320,80000,3702355,4487138,0.8251038858176415,12155294,9488057,1.2811151956612403,,,,,118289,152423,0.7760574191559017,1,1,TRANSLATED_ONLY,TRANSLATED_ONLY,TRANSLATE_ONLY,TRANSLATE_ONLY,1,1,TIMEOUT,TIMEOUT,180.28545304900013,180.33835083300073,3c730af4664467b7126230d8ff568720a8fcc053a1eb8748bbbdbd5372d5574a,27bdab39d937b0ae72a5c8f3ffe487632553de51bb373cc6fa4adf69d4eb0fb1
b2,5to10Traces/0087.trace,5to10Traces,ba2473e07d4ef1cc752c3df0883e089989827b9dac948df541f3be6543952417,18,2,0,8,2.25,3,250,36,10,10,10.0,,MIN_EXPANDED_SIZE,False,1,78,174,46,,,,,,60380,94328,8014355,6055749,1.3234291910051093,27497668,14406077,1.9087547567599423,,,,,107380,247050,0.43464885650678,1,1,TRANSLATED_ONLY,TRANSLATED_ONLY,TRANSLATE_ONLY,TRANSLATE_ONLY,1,1,TIMEOUT,TIMEOUT,180.55027384099958,180.37871248599913,0100b7fe5a9ecde42d4fe5740f316fab6e22633abf1eb8d2eb751fc37a7977a9,866000f415c43c623703dc3a8b1678716c4fe0cefdc815da5876b54074b2af06
b2,5to10Traces/0088.trace,5to10Traces,7a07ac4d8b0c8cb38deb1004b65846c157259ffb4f5548d7963544aac1cca8d2,3,2,0,3,1.0,2,5,5,5,5,5.0,,MIN_EXPANDED_SIZE,False,1,22,24,5,1,1.0,1,1,1,581,489,21237,10077,2.1074724620422747,65175,19173,3.3993115318416525,,,,,4354,16410,0.26532602071907374,1,1,REUSED_E4,REUSED_E4,E4_REUSED,E4_REUSED,0,0,SAT,SAT,1.1428172060004727,1.140705945000036,8ec39cf4dfdbac250b57bd8f1c41202275157539932fe7dd0421f9629a43e539,d633a3ee156516353ecbe42893bc6d658729031663a297b3996557dd5830d577
b2,5to10Traces/0090.trace,5to10Traces,aae4d3cc849f2b5a7e0584e99d69fb211c2f31bb4dc3fd6e19b24b8d24d723e7,3,2,0,3,1.0,2,25,25,5,5,5.0,,MIN_EXPANDED_SIZE,False,1,22,24,5,1,1.0,1,1,1,2581,2010,101872,45668,2.2307085924498553,314951,86213,3.6531729553547607,,,,,11784,30414,0.3874531465772342,1,1,REUSED_E4,REUSED_E4,E4_REUSED,E4_REUSED,0,0,SAT,SAT,2.135918590000074,1.763678195000466,327a3802572718b42540fa8cd1b6762641c6be43722e62cae053bcfefd7645cd,1ce1e643c0fe26e589e57d5334c2aa5e4a907c8b4a6a81f6ab36d01e7a57b25c
b2,5to10Traces/0091.trace,5to10Traces,631f0c457dbe50cec8cf550316abcb72b4d5a50890fa3ebffe13f433ccc4b5cb,3,2,0,3,1.0,2,25,2,10,10,10.0,,MIN_EXPANDED_SIZE,False,1,22,24,5,1,1.0,1,1,1,4131,2460,256524,48060,5.337578027465668,879935,106032,8.298768296363361,,,,,10009,33791,0.296203131011216,1,1,REUSED_E4,REUSED_E4,E4_REUSED,E4_REUSED,0,0,SAT,SAT,3.0647630370003753,2.0097695920012484,4fa4fe551566800eca8f385605eaeb98bfd9017ec89aace6dee8720d031f8177,cd67b13986bb08280410d730f1c96bb9dfb5306bc9036b3fb24da019e65ce2d3
b2,5to10Traces/0092.trace,5to10Traces,62ea86f634cfac925dd12ebd7ea482b5fb3baeee8d14c5660c3a9644a3fa5912,3,2,0,3,1.0,2,50,50,5,5,5.0,,MIN_EXPANDED_SIZE,False,1,22,24,5,1,1.0,1,1,1,5081,3495,202661,80937,2.5039351594450006,627164,153230,4.092958297983424,,,,,21054,37400,0.5629411764705883,1,1,REUSED_E4,REUSED_E4,E4_REUSED,E4_REUSED,0,0,SAT,SAT,3.0695874859998185,2.3647131670004455,ac7574cb705ef3ea8a11ade603d933d7461f3b1981168ed540eba01b844ba178,cba510e4976cf1757f9f4f2eecb8adb976f5853f1d88e8518a3dc413820ca78d
b2,5to10Traces/0093.trace,5to10Traces,1f7a3bfe898eeb704830223ce1a03d66aa0a1819d554c73d9249e9e11f5f6416,3,2,0,3,1.0,2,50,3,10,10,10.0,,MIN_EXPANDED_SIZE,False,1,22,24,5,1,1.0,1,1,1,8031,4656,502510,92814,5.414161656646627,1724650,205776,8.381200917502527,,,,,17184,46336,0.3708563535911602,1,1,REUSED_E4,REUSED_E4,E4_REUSED,E4_REUSED,0,0,SAT,SAT,4.733798696999656,2.401995338999768,c8e5d6a29b490d9e5c7733c2bf85cacbcb7e5716d8a83f0f61522b612f88475a,dccc4a8d00ddeb54f9f7f96a813e60545fcd976e713520f7365c7ba083dc827b
b2,5to10Traces/0094.trace,5to10Traces,cf035066127ad327132c81cc964e05ab03813f8cd80476dd27099088393ab63a,3,2,0,3,1.0,2,75,75,5,5,5.0,,MIN_EXPANDED_SIZE,False,1,22,24,5,1,1.0,1,1,1,7581,5223,303457,120521,2.5178765526339806,939386,227556,4.128153070013535,,,,,30316,42036,0.7211913597868493,1,1,REUSED_E4,REUSED_E4,E4_REUSED,E4_REUSED,0,0,SAT,SAT,3.7817514330000677,2.960348018001241,25d5a17e262dad093978e658b348c18a34f65ae9f2332bfa00a4f4f816a51e82,e17cb305ed564b8a67c91ed02476980c13e7facc6de3934668a44f8099101c20
b2,5to10Traces/0095.trace,5to10Traces,969646a38bc6bc704a38a19c2bc089befbedff76da85252b4f0454cf7ca53f0e,3,2,0,3,1.0,2,75,6,10,10,10.0,,MIN_EXPANDED_SIZE,False,1,22,24,5,1,1.0,1,1,1,12231,7104,767418,141388,5.427744928848275,2634345,311248,8.463813422094278,,,,,24909,56624,0.43990180842045773,1,1,REUSED_E4,REUSED_E4,E4_REUSED,E4_REUSED,0,0,SAT,SAT,9.335372106999785,3.1797265680002056,db46a02e6c473f5839952057db9d723ef9d6519a0db9658e1d8f9afae6e0a272,d3a4180f4cdcdae7fe66c73ae8f9f7a6067792438cba9deb17255e95547262cb
b2,5to10Traces/0096.trace,5to10Traces,9e8986cbce62921405456d7978fa1091f428c3cedf59d10e01cb987e4c6c4ee6,3,2,0,3,1.0,2,100,100,5,5,5.0,,MIN_EXPANDED_SIZE,False,1,22,24,5,1,1.0,1,1,1,10081,6762,404255,157427,2.5678886086884716,1251611,297295,4.209996804520762,,,,,39674,49507,0.801381622800816,1,1,REUSED_E4,REUSED_E4,E4_REUSED,E4_REUSED,0,0,SAT,SAT,4.504125219000343,3.609374875999947,ee1dd90574285c2d8faec027760c140503b6e3b95394424335524b4e5e3910bd,d71037c79c1e36bd8a2fbea54e838d61e753e5e37bf9669fc7c3ea9bfb218aea
b2,5to10Traces/0097.trace,5to10Traces,36c74123004bf554286ebf3fbf6e0f9b4505302bf15f0fdee14eef2158b9c364,3,2,0,3,1.0,2,100,4,10,10,10.0,,MIN_EXPANDED_SIZE,False,1,22,24,5,1,1.0,1,1,1,15681,9075,985021,181517,5.42660467063691,3381590,401909,8.41382004384077,,,,,31259,64146,0.48731019860942226,1,1,REUSED_E4,REUSED_E4,E4_REUSED,E4_REUSED,0,0,SAT,SAT,9.566422734998923,3.570265490001475,9c85700eea0c42c300ad1f801dbe329501e794d0d5feb822a5dd94fb5f0dee9f,d4b58ec5c69f4ff86fe33533238847723c4e8ea0cb8154072cbf11690157f3c1
b2,5to10Traces/0098.trace,5to10Traces,ce337958f9cb1506bf6ebe597c8c3e73ec58f29c61a50599552376d2a26a0dec,3,2,0,3,1.0,2,125,125,5,5,5.0,,MIN_EXPANDED_SIZE,False,1,22,24,5,1,1.0,1,1,1,12581,8274,505053,192043,2.6298953880120597,1563834,365599,4.277456995232481,,,,,49024,54711,0.8960538100199229,1,1,REUSED_E4,REUSED_E4,E4_REUSED,E4_REUSED,0,0,SAT,SAT,6.208065143000113,3.768558715000836,14047b0ba815c8e3af967d43adf73d46ac474599f9aeb017d74407509a42daaf,5ee9539023c43397e0e6cabc702062fac7801b616798be06494a845e8f8263f6
b2,5to10Traces/0099.trace,5to10Traces,c152a3542a2cfa8f0a9b44f8c2b462f744c64c750d256d066eec5363f634e9e4,3,2,0,3,1.0,2,125,7,10,10,10.0,,MIN_EXPANDED_SIZE,False,1,22,24,5,1,1.0,1,1,1,19881,11523,1249929,230391,5.425250986366655,4291285,509751,8.41839447102605,,,,,39009,69797,0.5588922159978222,1,1,REUSED_E4,REUSED_E4,E4_REUSED,E4_REUSED,0,0,SAT,SAT,11.661113596999712,4.266004777000489,c4289cd18cae9b228d60564f25705bd3f573d2a17d210012b9b03882d18d28ad,b68f0d65b2a5d4902e84f89fff0c67334f1a3b7b134d0ce409796bb88adfa8ee
b2,5to10Traces/0100.trace,5to10Traces,b385b1b83e1ba702a7e5529e05d998e662379fac0cb8e524ec316b8c70f44830,3,2,0,3,1.0,2,150,150,5,5,5.0,,MIN_EXPANDED_SIZE,False,1,22,24,5,1,1.0,1,1,1,15081,9453,605839,219353,2.761936239759657,1876048,417598,4.492473622957965,,,,,58284,59157,0.9852426593640651,1,1,REUSED_E4,REUSED_E4,E4_REUSED,E4_REUSED,0,0,SAT,SAT,6.808529966000151,4.119439955000416,ec59e24a1c88a0211c565bf11db609bcfad3b81b465d4baf9cc7d207a18ee870,2c391a199169b61aac4904f367a64ee05a5dafa8ed3fad1c5fa5a98f665e314f
b2,5to10Traces/0101.trace,5to10Traces,372b9838d8266f416e41aa875ecca19abe8623178268fe6bc729bd22a9fc7775,3,2,0,3,1.0,2,150,10,10,10,10.0,,MIN_EXPANDED_SIZE,False,1,22,24,5,1,1.0,1,1,1,24081,13872,1514837,278472,5.439818006837312,5200980,617712,8.419749009247028,,,,,46759,78149,0.5983313925961945,1,1,REUSED_E4,REUSED_E4,E4_REUSED,E4_REUSED,0,0,SAT,SAT,12.438389658999768,4.766937372998655,18cb687ba6b03b892b47a61bef2971d78a2d89d8739236f10cd5f956af60c015,84e17e809eea782579c0b1638876e2d0e10d357789bd5204bb0e59c502789901
b2,5to10Traces/0102.trace,5to10Traces,b780914745d7bbc088f58293ac0eb364e8086bfbccba6fd53d071b9a4fdadc02,3,2,0,3,1.0,2,175,175,5,5,5.0,,MIN_EXPANDED_SIZE,False,1,22,24,5,1,1.0,1,1,1,17581,10938,706643,254622,2.775262938787693,2188278,483373,4.527100189708569,,,,,67670,64784,1.044548036552235,1,1,REUSED_E4,REUSED_E4,E4_REUSED,E4_REUSED,0,0,SAT,SAT,8.810729520000677,6.428128903000015,246cd903151a3e09d5006389560639671360bed2ab406a05f692d7517241e7e1,fce0faf58612eafea3b6f7368f026dfe9e467945322ae3226115e01ddda18aad
b2,5to10Traces/0103.trace,5to10Traces,e1a3034eb29a3ce2cdc0011b004fc8cfe908ae000a29283ae55944c0b36bcd9b,3,2,0,3,1.0,2,175,7,10,10,10.0,,MIN_EXPANDED_SIZE,False,1,22,24,5,1,1.0,1,1,1,27381,15897,1722979,318079,5.416827266182301,5915735,702763,8.417823647517015,,,,,52859,79098,0.6682722698424739,1,1,REUSED_E4,REUSED_E4,E4_REUSED,E4_REUSED,0,0,SAT,SAT,16.90764774499985,5.366930524999589,5eff0db7edc9588d70b95accf2e3302031ecb2f594887fe6f308dbf990f630ef,93dc64bdfd0707051d5977d69f6fe9bd7b0045a8f0ee82044722370f68cd12e2
b2,5to10Traces/0104.trace,5to10Traces,3ee39a99cc109097f05b7991cc51b4e4a6db2c271cb9d6598152d17238349cb1,3,2,0,3,1.0,2,200,200,5,5,5.0,,MIN_EXPANDED_SIZE,False,1,22,24,5,1,1.0,1,1,1,20081,11901,807432,276981,2.9151169213772787,2500489,526696,4.747499506356608,,,,,77004,68336,1.126843830484664,1,1,REUSED_E4,REUSED_E4,E4_REUSED,E4_REUSED,0,0,SAT,SAT,9.707048043999748,4.828492632999996,17a9acf541151cb810d330dedf6026116d7d2e332e21dd13e68a13e0d0844c04,5b0d0cb7e4e5b95e86824872db93edb9b9072359cfa54bf36fb5761e3ee2cabe
b2,5to10Traces/0105.trace,5to10Traces,abb42f8c7226c387421d21d7148df6ff92155bea62f30a15fd0dd6e191c5b81b,3,2,0,3,1.0,2,200,10,10,10,10.0,,MIN_EXPANDED_SIZE,False,1,22,24,5,1,1.0,1,1,1,31581,18381,1987887,368213,5.398742032464905,6825430,814739,8.37744357395436,,,,,60609,87283,0.6943963887584066,1,1,REUSED_E4,REUSED_E4,E4_REUSED,E4_REUSED,0,0,SAT,SAT,16.519396342999244,5.200390908001282,715d93a59d0c9f7ceb0a8a000bbdd9ad6e44dbf1b4b3e60aca081877ae03b2f4,465d352393125b0a5a815fa09a855f8462bcb0cf25a7e588acbcf86648b2b2ca
b2,5to10Traces/0106.trace,5to10Traces,9593852e462db7fcb6ebe1f947471ac2acb167a391edb99c28d7ea92ee701ef3,3,2,0,3,1.0,2,225,225,5,5,5.0,,MIN_EXPANDED_SIZE,False,1,22,24,5,1,1.0,1,1,1,22581,13314,908233,309699,2.9326313614186676,2812717,588747,4.777462984949392,,,,,86384,73332,1.177985054273714,1,1,REUSED_E4,REUSED_E4,E4_REUSED,E4_REUSED,0,0,SAT,SAT,10.254189063000013,5.3251882450003905,9879f9c6d4a21f9033d69bb933b21912f39bf0d1df17b4e5b075de1b4c50c509,e9a1bfea90feefac964301267f5f7ed53c489d2f0b4170e8645f9fca02e9f469
b2,5to10Traces/0107.trace,5to10Traces,178d6d3d64ff35e0e1ff913cca0c8d0a07ce0195a3712dfbfad369cdd25dcdec,3,2,0,3,1.0,2,225,8,10,10,10.0,,MIN_EXPANDED_SIZE,False,1,22,24,5,1,1.0,1,1,1,35031,20298,2205490,406886,5.420412597140231,7572675,897590,8.436674873828808,,,,,66984,95008,0.7050353654429101,1,1,REUSED_E4,REUSED_E4,E4_REUSED,E4_REUSED,0,0,SAT,SAT,20.72822625500021,5.442185600999437,6b7525e3ff84e4eac56370e26a880b74d32c42fbeef21e9bb7e695def8f47256,2107b63c551ce8b9ee56f8ee045d2e87f191cf98a08df68a725d97e849bc6ef8
b2,5to10Traces/0108.trace,5to10Traces,f696ac90e9140a1845d027e5579384548ee806f1e2495d49bdfd806b44ea86e3,3,2,0,3,1.0,2,250,250,5,5,5.0,,MIN_EXPANDED_SIZE,False,1,22,24,5,1,1.0,1,1,1,25081,14457,1009013,335774,3.0050361254891684,3124933,638904,4.891083793496363,,,,,95690,77774,1.2303597603312162,1,1,REUSED_E4,REUSED_E4,E4_REUSED,E4_REUSED,0,0,SAT,SAT,10.828915084999608,5.569829545000175,d2417e106cbaed5c3ad49f50dae4ee3ad98294308a2f88ee328278971514deaa,df507a9c9cc7747bfcb4ccde85a5fc4723b41da684675439ee2c52931a4767c4
b2,5to10Traces/0109.trace,5to10Traces,aeb5a317c4e0a898dcbeb6bed86b860c48c88f68e233287d49df9e3de9c62e3e,3,2,0,3,1.0,2,250,17,10,10,10.0,,MIN_EXPANDED_SIZE,False,1,22,24,5,1,1.0,1,1,1,40131,23241,2527164,467991,5.400026923594685,8677310,1043415,8.316259589904305,,,,,76391,107301,0.7119318552483201,1,1,REUSED_E4,REUSED_E4,E4_REUSED,E4_REUSED,0,0,SAT,SAT,23.372286902999804,7.111776201000794,8e3dc252411220c3446af07f4619ecbcc6921f85123925f57e745b1dc113f5d6,8488a2d02a459bb70a5ba192fcff179347436e7dbc01d38bcb464fc4c0cd8115
b2,5to10Traces/0110.trace,5to10Traces,e1f66e56770e41f59288cd527b24b9791a8b7cf4ccfdd90634bdb644cdaa5f38,67,2,0,8,8.375,4,4,5,5,5,5.0,,MIN_EXPANDED_SIZE,False,1,149,664,5,1,1.0,1,1,1,1133,511,81166,10165,7.984849975405805,267916,19703,13.597726234583567,,,,,4988,11629,0.428927680798005,1,1,REUSED_E4,REUSED_E4,E4_REUSED,E4_REUSED,0,0,SAT,SAT,1.7049760659997446,1.1354238660005649,e7f801456c8bf9ea543cbc4710fc1bc4b2aff412d8388c6094bee92820033bab,39313b3219834a51a89701e8b83ac9d52a5c0daefa23c7e19ca193a9d54ab104
b2,5to10Traces/0112.trace,5to10Traces,091a04c7c5936ecbfa22c19ce53f1f45fe5914a8b4c437064960db8fdbc56c7d,67,2,0,8,8.375,4,14,25,5,5,5.0,,MIN_EXPANDED_SIZE,False,1,149,664,5,1,1.0,1,1,1,3683,1825,317416,41153,7.713070736033825,1047426,79711,13.140294313206459,,,,,13257,24687,0.5370032810791104,1,1,REUSED_E4,REUSED_E4,E4_REUSED,E4_REUSED,0,0,SAT,SAT,3.8069317689987656,2.080859159001193,552a169bbb221a21824e5a0db7df135e856a31ee8b7355a070af2e7e1a33c54c,e33529aa17b54c0507598cb2980892bc14ab46d2f9318277816a56399a7bf7bb
b2,5to10Traces/0114.trace,5to10Traces,5be77e06b023af1250463756bf06f6c5db3c04a372a3f491f29ab97e931bf38a,67,2,0,8,8.375,4,37,50,5,5,5.0,,MIN_EXPANDED_SIZE,False,1,149,664,36,,,,,,7763,15955,695416,838817,0.8290437604388085,2294635,1787151,1.2839625750706012,,,,,26505,62222,0.4259747356240558,1,1,TRANSLATED_ONLY,TRANSLATED_ONLY,TRANSLATE_ONLY,TRANSLATE_ONLY,1,1,TIMEOUT,TIMEOUT,180.12923738100017,180.14163433700014,5aa290ea264102280c63dd446ffa8a12acc782482637b767771d4222e9c0e162,37e812a0f23aafa7b611b23706a932a324c94e9f2baa506aa822ed415a002a79
b2,5to10Traces/0116.trace,5to10Traces,04648b1607ab764a7a9a2bd046edfeacf74a58b108d36b72db4e30d627a9c954,67,2,0,8,8.375,4,57,75,5,5,5.0,,MIN_EXPANDED_SIZE,False,1,149,664,36,,,,,,11588,23116,1049791,1247938,0.841220477299353,3463895,2647884,1.3081747538789463,,,,,38925,80718,0.4822344458485096,1,1,TRANSLATED_ONLY,TRANSLATED_ONLY,TRANSLATE_ONLY,TRANSLATE_ONLY,1,1,TIMEOUT,TIMEOUT,180.15287411200006,180.13897709499997,552fce1da50042432661a6aaa4b1bae65a59365c9b6297ba9ea3312afbe5c24b,80b40839a8354b092c9be93d529812daa0ebf676473124362d864002a3e9b3d5
b2,5to10Traces/0117.trace,5to10Traces,d3c2fe8052ecf8528a9b8d2977e9aa4d2c511d320c9111e21202eb2dbf3a9567,67,2,0,8,8.375,4,1,75,10,10,10.0,,MIN_EXPANDED_SIZE,False,1,176,664,46,2,0.3333333333333333,1,3,3,17088,26851,2272430,1645772,1.3807684174964698,7809166,3916047,1.9941451162358368,,,,,37223,122877,0.30292894520536795,1,1,TRANSLATED_ONLY,REUSED_E4,TRANSLATE_ONLY,E4_REUSED,1,0,TIMEOUT,SAT,180.21010490699882,42.27589666200015,3924454007682c9438eb4e4bff97c5f7f6b67bd479457ec1e0880ebf8faa21b6,7a9bfbea620548a98a2916f1d4ce9c6d4573b4a9ee8caed46aaffda9c2a640c5
b2,5to10Traces/0118.trace,5to10Traces,7a61766dc359d3151e0d4e1ee04e9405401715c35b35d6cf874a6f7e3a076354,67,2,0,8,8.375,4,63,100,5,5,5.0,,MIN_EXPANDED_SIZE,False,1,149,664,36,,,,,,14223,28099,1293916,1529827,0.8457923673722584,4269393,3241617,1.3170565800956744,,,,,47481,85086,0.558035399478175,1,1,TRANSLATED_ONLY,TRANSLATED_ONLY,TRANSLATE_ONLY,TRANSLATE_ONLY,1,1,TIMEOUT,TIMEOUT,180.1413509949998,180.15703423600007,9d2e2d5de22d498a13ed0f9f6a7aa926c4b7e307acd3fe55529b18d49aa95197,7770d6dfe1600641c4dde631eb01d005bf0850c268525dfe6c26dfb59a6b0f41
b2,5to10Traces/0119.trace,5to10Traces,ef685ef6eb2164beed9d2227784f11e537a9265388d76c9bed067e1b32573d25,67,2,0,8,8.375,4,1,100,10,10,10.0,,MIN_EXPANDED_SIZE,False,1,176,664,5,1,1.0,1,1,1,22588,9160,3016555,184370,16.36141997071107,10366766,412780,25.114506516788605,,,,,48623,59960,0.810923949299533,1,1,REUSED_E4,REUSED_E4,E4_REUSED,E4_REUSED,0,0,SAT,SAT,21.343372348999765,3.6436876200004917,6c1a8f66d9f3f59e73fd3f66175ac9377ec4ddb11efc8553b00d594b227f3e12,d97cb5d1c908cd5023ecf4a4d843d0f717abff5eaee5eb63994285a97f0a80ac
b2,5to10Traces/0120.trace,5to10Traces,e8f11d243d801f3d266cdee6419fd70266e2f09691110c367022d4a00a6198cb,67,2,0,8,8.375,4,69,125,5,5,5.0,,MIN_EXPANDED_SIZE,False,1,149,664,5,1,1.0,1,1,1,16858,8701,1538041,202201,7.606495516837207,5074891,389731,13.021522537339857,,,,,56062,65594,0.8546818306552428,1,1,REUSED_E4,REUSED_E4,E4_REUSED,E4_REUSED,0,0,SAT,SAT,12.88123758799884,4.128732900000614,1fe1f6cf6b3ded50f1a63b385250793efeb85011ebf291608aa9168cc8f4bf43,bf61b4640427c6b2d57230705c4e1f4911c9f2c3fe4aeabcdd318ab255a6e430
b2,5to10Traces/0121.trace,5to10Traces,e45333bddeaa1e9ab771c42877b7697ed4fdd5374692a194e80178ce15b63daf,67,2,0,8,8.375,4,2,125,10,10,10.0,,MIN_EXPANDED_SIZE,False,1,176,664,5,1,1.0,1,1,1,28308,11482,3790446,230770,16.425211249295835,13026670,515010,25.29401370847168,,,,,60503,68013,0.8895799332480555,1,1,REUSED_E4,REUSED_E4,E4_REUSED,E4_REUSED,0,0,SAT,SAT,32.14558755300095,4.606575863999751,0adec154195845c3889b8013cd1b1442281109ad485d826de6861d9bf9dac7bf,d271ca9ada9e56cd0151c6976a07659a833c942b055472aea56670a944bc14ce
b2,5to10Traces/0122.trace,5to10Traces,897a5ba441da1c6902f1cdc93cee4464c6082662af684976e07981c9a6b917d3,67,2,0,8,8.375,4,108,150,5,5,5.0,,MIN_EXPANDED_SIZE,False,1,149,664,36,,,,,,22298,43444,2042041,2395172,0.8525654942526049,6737828,5050690,1.3340410914152323,,,,,73759,114634,0.6434303958685905,1,1,TRANSLATED_ONLY,TRANSLATED_ONLY,TRANSLATE_ONLY,TRANSLATE_ONLY,1,1,TIMEOUT,TIMEOUT,180.1765166210007,180.2351314080006,27d24f2e3f0298599354d1989cc74132b1457acf227c6b89573d724dba336e81,46afb3977209c5208831d666086faae876aa32762dc8c6348e946150ead065cc
b2,5to10Traces/0124.trace,5to10Traces,55ab5b41efbf8296ff4d2cbe513f62334719832cba180ff0c7ad5be330854371,67,2,0,8,8.375,4,104,175,5,5,5.0,,MIN_EXPANDED_SIZE,False,1,149,664,36,,,,,,24083,46909,2207416,2616355,0.8436989628700998,7283496,5559253,1.3101573178986456,,,,,79576,117144,0.6793006897493683,1,1,TRANSLATED_ONLY,TRANSLATED_ONLY,TRANSLATE_ONLY,TRANSLATE_ONLY,1,1,TIMEOUT,TIMEOUT,180.19189928700007,180.2164103260002,f5edfae603547120883ed4478dc1b7f88a7d2d345bb883059fc8c69005e3b89b,91c02dba731adf83d02b2115bb19a4620fa4dbc5ac53c6d5b95cab5a83abfaac
b2,5to10Traces/0125.trace,5to10Traces,43c3aa17eb255777403ee0c951142e46a4b2758997d2e1254ffeb9ce010ae2c1,67,2,0,8,8.375,4,1,175,10,10,10.0,,MIN_EXPANDED_SIZE,False,1,176,664,5,1,1.0,1,1,1,39088,15793,5248930,319575,16.424720331690526,18039566,720589,25.034473187906006,,,,,82898,84322,0.9831123550200422,1,1,REUSED_E4,REUSED_E4,E4_REUSED,E4_REUSED,0,0,SAT,SAT,44.88109988399992,5.556245570000101,0e034420f68098b653b30390e3fa6bb38c9131d72bd5c33033af4995c358ddec,f24d10ed050f93fcd4680635570840d2eda8c5b5498549b6769704be1ab6d0dd
b2,5to10Traces/0126.trace,5to10Traces,06b8f145441a4c53b4a1f07f068961f9d977fdc8ca1bae46737002179a95f00e,67,2,0,8,8.375,4,137,200,5,5,5.0,,MIN_EXPANDED_SIZE,False,1,149,664,36,,,,,,29013,56182,2664166,3158468,0.8434994434010412,8790535,6725046,1.3071338099397387,,,,,95642,138235,0.6918797699569573,1,1,TRANSLATED_ONLY,TRANSLATED_ONLY,TRANSLATE_ONLY,TRANSLATE_ONLY,1,1,TIMEOUT,TIMEOUT,180.230481778,180.28455729300003,8321faa7316475ede374b29b8b5b96a56c936f77e2b1c2501299fae0bf2e87c1,0ce2c7c99fb9ca799caa890006eb575cc9cef52c3f209a62776677fd0815cd65
b2,5to10Traces/0127.trace,5to10Traces,38b148e43e53e0ba5fb58e99548c5349a8584426d82a0641034aee72f07c14dc,67,2,0,8,8.375,4,2,200,10,10,10.0,,MIN_EXPANDED_SIZE,False,1,176,664,5,1,1.0,1,1,1,44808,18151,6022821,366685,16.425054201835362,20699470,821325,25.202532493227405,,,,,94778,94905,0.9986618197144513,1,1,REUSED_E4,REUSED_E4,E4_REUSED,E4_REUSED,0,0,SAT,SAT,51.82910946499942,5.510879740000746,0b6e756d68f4ebcfac7ab0af209f793d9ec857928f3d479e30efae5ef6c745be,e332e9862ba16cf54fcb81e2aefaba2a60d1809c32218928cb6a11089ce6a0c2
b2,5to10Traces/0128.trace,5to10Traces,b5d6342146db3553a3dcf5758ec58215536115c1632db0303a0b7e62d038592a,67,2,0,8,8.375,4,163,225,5,5,5.0,,MIN_EXPANDED_SIZE,False,1,149,664,36,,,,,,33348,64531,3065791,3608331,0.849642396997393,10115693,7633793,1.3251201597947442,,,,,109769,150675,0.7285150157624025,1,1,TRANSLATED_ONLY,TRANSLATED_ONLY,TRANSLATE_ONLY,TRANSLATE_ONLY,1,1,TIMEOUT,TIMEOUT,180.31734446500013,180.2520503070009,a5f2d815023a2b3950ad7f0d706feffa4cdd2e66f11a8a4fe47f56511c375f0b,98e7742361d5f67e022c7f5ccf121c480085b4c22ebb5a2c6c6142b4fbfe0bff
b2,5to10Traces/0129.trace,5to10Traces,c5e3de677a29cdb03406f7da996e01021bb5366f8583362622373c7513d2f3ca,67,2,0,8,8.375,4,1,225,10,10,10.0,,MIN_EXPANDED_SIZE,False,1,176,664,5,1,1.0,1,1,1,50088,20257,6737180,409677,16.445101872938924,23154766,920697,25.149170682645867,,,,,105748,108983,0.9703164713762696,1,1,REUSED_E4,REUSED_E4,E4_REUSED,E4_REUSED,0,0,SAT,SAT,57.336564741000075,6.868176370000583,5f799d253fc3213eb6cb9333f7a10a829acf0b4b38fc795ca9f608065bc43d1f,2bc2bdafd8c33998cb2f31032a138b2acfdffb8d186615723aff3a36a168409b
b2,5to10Traces/0130.trace,5to10Traces,7eeea4da9600647b4ca3c724512372bbb595ada3823a84b02f170fa928a4c6bf,67,2,0,8,8.375,4,173,250,5,5,5.0,,MIN_EXPANDED_SIZE,False,1,149,664,36,,,,,,36323,70108,3341416,3930266,0.8501755351927834,11025123,8303760,1.3277265961443971,,,,,119464,156764,0.7620627184812839,1,1,TRANSLATED_ONLY,TRANSLATED_ONLY,TRANSLATE_ONLY,TRANSLATE_ONLY,1,1,TIMEOUT,TIMEOUT,180.26771116999953,180.2880737079995,50fbe977bde32567a963341a97e19715456567f467d7ca20ea923a91b9e9f48a,13d9c27b0f503811c22901ca733a605da99573ce649bc64883ba7bc9009a6c07
b2,5to10Traces/0131.trace,5to10Traces,c5c4a92ab8c6b7948f51749b2d9e2562d7f73ff62a72766c117bab32d44c8618,67,2,0,8,8.375,4,3,250,10,10,10.0,,MIN_EXPANDED_SIZE,False,1,176,664,46,,,,,,56028,84898,7540836,5411549,1.393470889758182,25916973,12899500,2.009145548277065,,,,,118083,217896,0.5419236700077101,1,1,TRANSLATED_ONLY,TRANSLATED_ONLY,TRANSLATE_ONLY,TRANSLATE_ONLY,1,1,TIMEOUT,TIMEOUT,180.40516678400127,180.35000267600117,4f7c69fc20abc49e8a561b2c09f812eddacb6a2c930a392e1d7afa1f99e013d7,4e76870451e34239e44919c42ca8fb0d123538a03d885233dfced3578cc567c7
b2,5to10Traces/0132.trace,5to10Traces,b8f04080b403b525d4739677abc2261552d7e90a544a4b029ca6c415ea2d8b4f,3,2,0,3,1.0,2,5,5,5,5,5.0,,MIN_EXPANDED_SIZE,False,1,22,24,5,1,1.0,1,1,1,581,498,21235,10226,2.0765695286524544,65173,19460,3.3490750256937307,,,,,4354,16616,0.26203659123736156,1,1,REUSED_E4,REUSED_E4,E4_REUSED,E4_REUSED,0,0,SAT,SAT,1.0612291450001976,1.1900107049987128,3fdcfde7fd30edc70390a70ea2de59fc7887b471ed2109d842687306c3cc14cd,b749fc7822551bf4269e2a8b6f29288992252962256c178ec4b0aef88783ce58
b2,5to10Traces/0134.trace,5to10Traces,b9a86b47eaf5db55f3666241002af9f574c3f021a944ea482f846dbf92122d19,3,2,0,3,1.0,2,25,25,5,5,5.0,,MIN_EXPANDED_SIZE,False,1,22,24,5,1,1.0,1,1,1,2581,1884,101871,42458,2.399335814216402,314949,81157,3.8807373362741355,,,,,11770,28824,0.4083402719955593,1,1,REUSED_E4,REUSED_E4,E4_REUSED,E4_REUSED,0,0,SAT,SAT,2.003905071999725,1.650785806001295,387ddef15a7b8c38e6a51eec22e0c629990e41360ab9340017d1d2a357e3304f,1efe41c59e1ab77e90308e23b8bf39f2f76e44e2c985c5c67b56fc028ec415e1
b2,5to10Traces/0135.trace,5to10Traces,1b6cceba381c9c55c8430ee1ee6b4571c1253381b79984b3214b0df3c84af5ae,3,2,0,3,1.0,2,2,25,10,10,10.0,,MIN_EXPANDED_SIZE,False,1,22,24,5,1,1.0,1,1,1,4131,2460,256524,48108,5.332252432027937,879958,106062,8.29663781561728,,,,,10009,33783,0.29627327353994615,1,1,REUSED_E4,REUSED_E4,E4_REUSED,E4_REUSED,0,0,SAT,SAT,3.1216785479991813,1.9375355089996447,e2054ecf5d45a7847cdfed7f80ef45d4650fe4119a637f8961ae9f2aff4dd0e6,b2b90bf6df0ef36b93a081aff9f0cd89d2b94272216f280471920842322dbd77
b2,5to10Traces/0136.trace,5to10Traces,4862d0411c76482cbd08f868d034567e7f25612117230e55a8f33bc967d0257d,3,2,0,3,1.0,2,50,50,5,5,5.0,,MIN_EXPANDED_SIZE,False,1,22,24,5,1,1.0,1,1,1,5081,3720,202668,85345,2.3746909602202826,627172,162245,3.8655859964867947,,,,,21042,38733,0.5432576872434358,1,1,REUSED_E4,REUSED_E4,E4_REUSED,E4_REUSED,0,0,SAT,SAT,3.0050308470003984,2.3691491359986685,fbddda346df141cf14099a2dde6d586f4db4007cf8396be7cc70766b775658e7,fee3b50410ae8af862f1e98d9569b927012d191377e1e2f9ea0055d71e0be15c
b2,5to10Traces/0137.trace,5to10Traces,06a4f0323c3063b2759ca99fa5e10bf8f6fc5fff6b9cf7ec7fcd745abafd1f3a,3,2,0,3,1.0,2,2,50,10,10,10.0,,MIN_EXPANDED_SIZE,False,1,22,24,5,1,1.0,1,1,1,7881,4584,493049,90932,5.422172612501649,1692208,200528,8.43876166919333,,,,,16909,45220,0.37392746572313135,1,1,REUSED_E4,REUSED_E4,E4_REUSED,E4_REUSED,0,0,SAT,SAT,4.549852105001264,2.551739601999998,331cc9a01b60c6e349d5377068260a7331eaa835f2c56d840417a7a82f8a81e2,677df1e027997500178331bc02d4f9977ca356196f88009213f85393e717aa97
b2,5to10Traces/0138.trace,5to10Traces,09f0d6edaa326743df4626e398323c88e54ccc3996da89c4ac50e088a460f418,3,2,0,3,1.0,2,75,75,5,5,5.0,,MIN_EXPANDED_SIZE,False,1,22,24,5,1,1.0,1,1,1,7581,5421,303464,125116,2.425461172032354,939395,236934,3.9647961035562647,,,,,30342,45188,0.6714614499424626,1,1,REUSED_E4,REUSED_E4,E4_REUSED,E4_REUSED,0,0,SAT,SAT,3.8983792799990624,2.853238505999798,a3a43e2a2989e3fe284f148aa6efa2ccc5deadf1fc5aacd84d2d2e712c6e153f,b5fdf3d6ae6307c255bbd9f5c70f30ebae4d434b0e7fb4bb3f197a3049a8a7c6
b2,5to10Traces/0139.trace,5to10Traces,bf7944e4c8fc98df28f2164a293c37173fe918ab58c61018526a048088c84fc7,3,2,0,3,1.0,2,3,75,10,10,10.0,,MIN_EXPANDED_SIZE,False,1,22,24,5,1,1.0,1,1,1,11781,6780,739034,135180,5.467036543867436,2536946,298164,8.508559048040675,,,,,24084,59804,0.40271553742224603,1,1,REUSED_E4,REUSED_E4,E4_REUSED,E4_REUSED,0,0,SAT,SAT,7.419548834000125,2.909048628999699,ca81f03cb43a1df9b5d94efbcfaa72b105f0eafbbedd850cb5308fed558aadc7,ac36ddeb83f1a54d70715467beab89b0f5dc95dc5955517d311a3bfbbfa0805b
b2,5to10Traces/0140.trace,5to10Traces,799116c644e6dcce5d5f7359b49af06ac7f6a7597b28ebc0af2447732535679d,3,2,0,3,1.0,2,100,100,5,5,5.0,,MIN_EXPANDED_SIZE,False,1,22,24,5,1,1.0,1,1,1,10081,6825,404249,158947,2.5432943056490527,1251608,300206,4.169163840829297,,,,,39684,51250,0.7743219512195122,1,1,REUSED_E4,REUSED_E4,E4_REUSED,E4_REUSED,0,0,SAT,SAT,4.524965206999923,3.244038041999943,8904ba47594b6b6a91a075675afc21408985cbe1e2a0dd97b7138e41e31b17a5,b598c1ad34963d5bcc7c1dbaf007783fcaf39accd4ff72900e21ff6a49250db8
b2,5to10Traces/0141.trace,5to10Traces,eaaa14beeeee68786188f6926149a68b31cafde21a0dee43ee6800922b11834f,3,2,0,3,1.0,2,7,100,10,10,10.0,,MIN_EXPANDED_SIZE,False,1,22,24,5,1,1.0,1,1,1,16131,9354,1013404,187392,5.407936304644808,3479153,414996,8.383582010429016,,,,,32084,65425,0.4903935804356133,1,1,REUSED_E4,REUSED_E4,E4_REUSED,E4_REUSED,0,0,SAT,SAT,9.520881766000457,3.451768611999796,eec11a35ca818797cc60471a3233c2ae887cdd38d035e4f4c119c57dc6af1f56,e0228379ba2bec29fb1235fe7145a9d8ad9e3f614d0a04737d6dcf22cec72ace
b2,5to10Traces/0142.trace,5to10Traces,436b64ca4da5bdacfc8950be816246e2cc610f8ec153de76d6de51765295127d,3,2,0,3,1.0,2,125,125,5,5,5.0,,MIN_EXPANDED_SIZE,False,1,22,24,5,1,1.0,1,1,1,12581,8364,505048,193991,2.603460985303442,1563829,367753,4.252389511438384,,,,,48950,56876,0.8606442084534778,1,1,REUSED_E4,REUSED_E4,E4_REUSED,E4_REUSED,0,0,SAT,SAT,6.260428157000206,3.987030684000274,3671ed15bceb697ad4904955ec08ef095e773b155fe4efa90efd63c923058b42,e6acb7d76a2cc945e8c84bd692567c7ca2843c7988c4d2ad120f3f88596b4662
b2,5to10Traces/0143.trace,5to10Traces,23f66a69bf200e03b6a5fe7fe0c81ab0b5dded3605a6a4f86290dba127b209a0,3,2,0,3,1.0,2,5,125,10,10,10.0,,MIN_EXPANDED_SIZE,False,1,22,24,5,1,1.0,1,1,1,19581,11361,1231007,228033,5.398372165432196,4226425,507909,8.3212248650841,,,,,38459,68371,0.5625045706512996,1,1,REUSED_E4,REUSED_E4,E4_REUSED,E4_REUSED,0,0,SAT,SAT,11.682977258000392,3.6546119790000375,ba73cc2a4c3158ea3775c8a2ca29ce06f279916db7552aa7ca0fe169a553afde,72e3ed748cedcdd8ad4ae4d71df0b4000c0aee2ec7c367c6204f0e21f3dc1383
b2,5to10Traces/0144.trace,5to10Traces,604fd17a18204fd9bec122e669ecccc314f471b58a39ccb29b6af9a238ff456e,3,2,0,3,1.0,2,150,150,5,5,5.0,,MIN_EXPANDED_SIZE,False,1,22,24,5,1,1.0,1,1,1,15081,9624,605836,223843,2.706521981924831,1876045,426857,4.3950198778513645,,,,,58258,61462,0.9478702287592333,1,1,REUSED_E4,REUSED_E4,E4_REUSED,E4_REUSED,0,0,SAT,SAT,6.962311246000354,4.176121589999639,a71bf05cdd9c2217a76c82121adeb25bd767110c40526f879b0f17ffef79cdb3,bdb9ead949dca5c0b38e6122ea544f73bddd56fb3c54c6f00c3e9566efde96f8
b2,5to10Traces/0145.trace,5to10Traces,f0e2bde72ac3567604f09ae166019f0a2ce10cece29e4ed24dad2092598bc0f6,3,2,0,3,1.0,2,4,150,10,10,10.0,,MIN_EXPANDED_SIZE,False,1,22,24,5,1,1.0,1,1,1,23181,13404,1458071,268628,5.427844454040532,5006186,593600,8.433601752021563,,,,,45109,76095,0.5927984755897233,1,1,REUSED_E4,REUSED_E4,E4_REUSED,E4_REUSED,0,0,SAT,SAT,12.892798422999476,4.6136178799999925,1bc36640c3151bfd9bdc43e4133735b33b51142d169b7fbe9201a211fd8ac02c,2a28b47ab41e0e0ccb5d99bf4e13da84d5fb7e05a38512fc5175e0407bda459e
b2,5to10Traces/0146.trace,5to10Traces,93a3bb585734055b11004058e88a658f78a400e8ea2036c5ddff5db42549bd0f,3,2,0,3,1.0,2,175,175,5,5,5.0,,MIN_EXPANDED_SIZE,False,1,22,24,5,1,1.0,1,1,1,17581,10641,706637,248036,2.84892918769856,2188267,469696,4.658900650633601,,,,,67594,65911,1.0255344327957396,1,1,REUSED_E4,REUSED_E4,E4_REUSED,E4_REUSED,0,0,SAT,SAT,8.425265822000256,4.731959508999353,063ef09b4569a1d42bfc7d245abe1804351505a4afa78731b14b25aab2e82d24,b4a71cb13c3a8e6268ffcf75ad36a32cce59c888cac0e542084f9bac6e7615fe
b2,5to10Traces/0147.trace,5to10Traces,d01635d37957b69b76d355d254efc5f4394e536dfecdfe9d75264b441c802a5d,3,2,0,3,1.0,2,12,175,10,10,10.0,,MIN_EXPANDED_SIZE,False,1,22,24,5,1,1.0,1,1,1,28131,16185,1770284,324069,5.462676158472424,6078348,712743,8.528106203778922,,,,,54236,92358,0.5872366227072912,1,1,REUSED_E4,REUSED_E4,E4_REUSED,E4_REUSED,0,0,SAT,SAT,16.697963845999766,5.1577223819999745,fe5e3e8643f828f02191453c25d0ffd8ea8f8a017da98815a9bce8cb79a1167c,0946881582e98d66c225d773c778920f950762c993502108f23dd15941169f8b
b2,5to10Traces/0148.trace,5to10Traces,c7d77813a74ca26f649eb0561259f3a5cad1014bd795b1fa361c58c242ab03fb,3,2,0,3,1.0,2,200,200,5,5,5.0,,MIN_EXPANDED_SIZE,False,1,22,24,5,1,1.0,1,1,1,20081,12252,807414,284280,2.8402068383284087,2500476,541161,4.620576870838808,,,,,76990,71557,1.0759254859762148,1,1,REUSED_E4,REUSED_E4,E4_REUSED,E4_REUSED,0,0,SAT,SAT,8.227672092998546,5.1544856450000225,4a6099bcdc2c90784c176c0cd5cf185cde438e7a6da0de4a7f4553fd653cd4d4,afcc6f8778a37366d37619173fa0d0007a9ad3690549f4577682e772ae28000b
b2,5to10Traces/0149.trace,5to10Traces,dc750485e1b246b59418d8b42c562354e1f671c984191df12f963494e8079044,3,2,0,3,1.0,2,11,200,10,10,10.0,,MIN_EXPANDED_SIZE,False,1,22,24,5,1,1.0,1,1,1,31731,18372,1997348,369188,5.410110837838716,6858109,819998,8.363567959921854,,,,,60885,90563,0.6722944248755011,1,1,REUSED_E4,REUSED_E4,E4_REUSED,E4_REUSED,0,0,SAT,SAT,17.86525746999996,5.45984167000006,db42d36fa3ce28df4257033194cabe4c7a91af0c6303ac85cf4c261475353eca,de11cf1c50622047ae7e74f97e41a82bdbc7beacce1af44508741552f0001bf1
b2,5to10Traces/0150.trace,5to10Traces,8e09912a622de8882f0f7db7d6babe6c3bb7c6ba055a3a40a1665e45b82599ed,3,2,0,3,1.0,2,225,225,5,5,5.0,,MIN_EXPANDED_SIZE,False,1,22,24,5,1,1.0,1,1,1,22581,13431,908215,312766,2.9038162715896227,2812702,595358,4.724387679345873,,,,,86336,76044,1.1353426963337014,1,1,REUSED_E4,REUSED_E4,E4_REUSED,E4_REUSED,0,0,SAT,SAT,10.947991059999822,5.500062448998506,e5054813ef778d9de69e550caeb99cc6b9408e87952a7ebe91df3e4145f02842,8053c06b0d5064fe300b61b2743988a259fb2e5ba5eb4253a17157e0f6dcf629
b2,5to10Traces/0151.trace,5to10Traces,e98a99d67e1970c2d431177825de7a20ffb2543cbaf9ddff8358954141101c52,3,2,0,3,1.0,2,13,225,10,10,10.0,,MIN_EXPANDED_SIZE,False,1,22,24,5,1,1.0,1,1,1,35781,20622,2252795,413830,5.443769180581398,7735337,915520,8.449118533729465,,,,,68362,95914,0.7127426653043352,1,1,REUSED_E4,REUSED_E4,E4_REUSED,E4_REUSED,0,0,SAT,SAT,20.370973459001107,6.15967376899971,6923c6fca37b1ebbbf53584ccc258bf48eb4349ef7c562bc2e22fa5e0beaa58e,91f2aa60597ab01c7d15fcf4d411951bd46cc42fb0b8756f61c0de310bf2dac4
b2,5to10Traces/0152.trace,5to10Traces,48bc0b6afc1d05a106c6a545b028f53d2841adbaf2761ee1d25653821ac6020d,3,2,0,3,1.0,2,250,250,5,5,5.0,,MIN_EXPANDED_SIZE,False,1,22,24,5,1,1.0,1,1,1,25081,14700,1009017,342162,2.948945236466937,3124932,650317,4.805244211669078,,,,,95648,81367,1.1755134145292319,1,1,REUSED_E4,REUSED_E4,E4_REUSED,E4_REUSED,0,0,SAT,SAT,10.78423658499969,5.78916190199925,b589589e9398c3f883706a02d04e18c7a678bf7332bc71ce38a8fe6d1ca30bb0,61745ce05f23f94c9b9f2561bfcd02b1b9fd3743973f3eb4572e0c245420a69b
b2,5to10Traces/0153.trace,5to10Traces,9f4bd41aab16e2e41288202c56344218a42573d8ee800a22c6623b29e76448e1,3,2,0,3,1.0,2,11,250,10,10,10.0,,MIN_EXPANDED_SIZE,False,1,22,24,5,1,1.0,1,1,1,39231,22656,2470397,453948,5.442026399499502,8482608,998154,8.498295854146756,,,,,74735,106449,0.7020732933141692,1,1,REUSED_E4,REUSED_E4,E4_REUSED,E4_REUSED,0,0,SAT,SAT,21.746545224999863,6.270731666999836,175245eeaceeecb1fe3b2627a24e090cf30b69c71c9b09d0a41a0595d7a8264f,bb80ad6f1a6538c28d3c781bbf83c3540e2fca06b38d8d7695f361b2cd54acca
b2,5to10Traces/0154.trace,5to10Traces,86ea5d1e67f32593afcf9ca718f0f15de0bdeb895fea6b059c15320ab4bf0ee9,6,2,0,6,1.0,3,5,5,5,5,5.0,,MIN_EXPANDED_SIZE,False,1,34,54,32,2,0.2,1,4,5,922,2341,54464,77747,0.7005286377609425,175648,162658,1.0798608122563906,,,,,4808,29350,0.1638160136286201,1,1,REUSED_E4,REUSED_E4,E4_REUSED,E4_REUSED,0,0,SAT,SAT,4.67567143999986,3.415711606000059,d4253d6850e2644ec3aeef288cd8dbb9f11f1f47789af59740733e349a6fb096,eb02dab4f3df552b4767decc3a191afa2e86f68ef0960506272d6611ecc897a1
b2,5to10Traces/0155.trace,5to10Traces,cac4f35d45dd50acfc42000fba2cc7c8316cd1b38aba1dacf04663c1fffed8cb,6,2,0,6,1.0,3,5,5,10,10,10.0,,MIN_EXPANDED_SIZE,False,1,40,54,1,1,0.0,0,1,1,2122,530,200214,4899,40.8683404776485,684298,9613,71.18464579215646,,,,,6223,15820,0.3933628318584071,1,1,REUSED_E4,REUSED_E4,E4_REUSED,E4_REUSED,0,0,SAT,SAT,2.4309707599986723,1.13763160399958,710d4d978b1323a5e0e5d7fef103dc2d95f4240b2d8801a625f8f0836e35e31f,033fd1b2185658dae747f67fbc34b20c7c75df289c9f71e3c7f7515cfdd395ff
b2,5to10Traces/0156.trace,5to10Traces,22793e02187ed3410cdf3eab2afe065fe084e6adab1ab091856f7d442b6526d8,6,2,0,6,1.0,3,25,25,5,5,5.0,,MIN_EXPANDED_SIZE,False,1,34,54,32,,,,,,3722,7141,252624,348920,0.7240169666399174,816548,725587,1.125361948325976,,,,,14038,52269,0.2685721938433871,1,1,REUSED_E4,REUSED_E4,E4_REUSED,E4_REUSED,0,0,UNSAT,UNSAT,101.93009254400022,61.39779574299973,3051a590b1dc90915ae23538b622c9616c781fa67dcd5b1c240352266cef8a0f,c5036e334c3de14069e50a4bf491592ba38522b8aba9d452725d7ef876758cdd
b2,5to10Traces/0157.trace,5to10Traces,588f3e17285d00e0ef25a984d20cb2c7311b5f83e1a7b7cfd03f0d91845196cb,6,2,0,6,1.0,3,25,25,10,10,10.0,,MIN_EXPANDED_SIZE,False,1,40,54,34,,,,,,9722,13483,981374,671944,1.4604996844975175,3359798,1561557,2.151569235064746,,,,,20853,94532,0.22059196885710658,1,1,TRANSLATED_ONLY,REUSED_E4,TRANSLATE_ONLY,E4_REUSED,1,0,TIMEOUT,UNSAT,180.13342658299962,132.88383080400126,455da13a7422cef915d14abb9daf5076b7e71a427412fcc723ab8210ab72483e,a00263ca6759501a8d454847d71b8fb683f3147b7e43d5e2a6db7df0b400b2ba
b2,5to10Traces/0158.trace,5to10Traces,5366c4744106435515ba36ff3a0abe3eab73b21822dacf475bab1e42886251a5,6,2,0,6,1.0,3,50,50,5,5,5.0,,MIN_EXPANDED_SIZE,False,1,34,54,32,,,,,,7222,13116,500324,676487,0.7395914481726922,1617673,1387388,1.165984569565255,,,,,25588,71675,0.35700034879665155,1,1,TRANSLATED_ONLY,REUSED_E4,TRANSLATE_ONLY,E4_REUSED,1,0,TIMEOUT,UNSAT,180.07157677400005,70.79849687099886,c71a953e1a70595f455b40c82ec2f7d167ff9b5048bb855d8625e20fd83c7197,0b99cdb322e7a4390d2cd6080989016dd3a63c721cce51030cb3344608ba9776
b2,5to10Traces/0159.trace,5to10Traces,7a8b91d4cd781948c46b32f1afefe696c01a426fdc32358e7dd94a5c0277a1a4,6,2,0,6,1.0,3,50,50,10,10,10.0,,MIN_EXPANDED_SIZE,False,1,40,54,34,,,,,,19222,25758,1957824,1345863,1.4546978407163285,6704173,3131192,2.141092912858745,,,,,39153,131631,0.2974451307062926,1,1,TRANSLATED_ONLY,TRANSLATED_ONLY,TRANSLATE_ONLY,TRANSLATE_ONLY,1,1,TIMEOUT,TIMEOUT,180.19396182499986,180.24279080400083,43679d32eefed455f3d986beb912ff04a95c64c206e296939d3a2a434fe381f3,a887b1c9a5e2741588a176f04cc085496c2e54982ff92024a60d79712e1c2198
b2,5to10Traces/0160.trace,5to10Traces,67e4917bdac48ce1d41bc9df055dd50a4f2e832f346c348b0da8c5dc6550231e,6,2,0,6,1.0,3,75,75,5,5,5.0,,MIN_EXPANDED_SIZE,False,1,34,54,32,,,,,,10722,19516,748024,1044941,0.7158528567641618,2418798,2169808,1.114752088664066,,,,,37138,75721,0.4904583933122912,1,1,TRANSLATED_ONLY,REUSED_E4,TRANSLATE_ONLY,E4_REUSED,1,0,TIMEOUT,UNSAT,180.10432443699938,152.7974630510007,a35472b0e1f5dc9be3d469c15474cd0f5bb8480ab2dcb134c0c1990b7fa9fec0,f3d2a903d7bb8363409f16d646ba73ebf00c2993d6ccbc0f861a3bd992fbe832
b2,5to10Traces/0161.trace,5to10Traces,09abb388cb5185e890e0474dda93ee7673d3d8d7117e591fb747af2c191ff37b,6,2,0,6,1.0,3,75,75,10,10,10.0,,MIN_EXPANDED_SIZE,False,1,40,54,34,,,,,,28722,38233,2934274,2085664,1.406877617871335,10048548,4918329,2.0430817051888965,,,,,57453,144489,0.3976288852438594,1,1,TRANSLATED_ONLY,TRANSLATED_ONLY,TRANSLATE_ONLY,TRANSLATE_ONLY,1,1,TIMEOUT,TIMEOUT,180.2670269780001,180.1994194509998,4c5b617fef0e2a0a331b1eb7d5ff21c247715c1b541856df9adae76a40f03d27,4802b1027f2f9db3782f9182d02cf0e675a3d41ff56cfbcf5d5a2d1c40fc9966
b2,5to10Traces/0162.trace,5to10Traces,febccb0ca50074ae0455fb54efe74868059da61ae079aabc0f6d6ac2d519167b,6,2,0,6,1.0,3,100,100,5,5,5.0,,MIN_EXPANDED_SIZE,False,1,34,54,32,,,,,,14222,25166,995724,1352739,0.73607990898466,3219923,2791398,1.1535162667595233,,,,,48688,91570,0.5317025226602599,1,1,TRANSLATED_ONLY,TRANSLATED_ONLY,TRANSLATE_ONLY,TRANSLATE_ONLY,1,1,TIMEOUT,TIMEOUT,180.12177017399972,180.17458963199988,ee344b3a1e9e146bcbceb9d0cf5381d04dcc00d95502257b056fb7ccbc6fa6fa,eaf2504770ffb5386b13003af896c6f1533a7dfedaa9e047f077c380e762a839
b2,5to10Traces/0163.trace,5to10Traces,698048cb05237bb76881248a194dfd4222f786aff27053424c01cd4df973fcb3,6,2,0,6,1.0,3,100,100,10,10,10.0,,MIN_EXPANDED_SIZE,False,1,40,54,34,,,,,,38222,50433,3910724,2700042,1.4483937657266073,13392923,6329103,2.1160854863635494,,,,,75753,166773,0.4542282024068644,1,1,TRANSLATED_ONLY,TRANSLATED_ONLY,TRANSLATE_ONLY,TRANSLATE_ONLY,1,1,TIMEOUT,TIMEOUT,180.29765429000054,180.17557545499994,4b071511564cf24db9c0b672556560bf1543c51b85afc5e28959f31b2594238a,e19dfe308c376145ed4f0458e2acfa27eb0bc4c479fa60041b617390daed045f
b2,5to10Traces/0164.trace,5to10Traces,6df83574ea926131b131832dcccba0c5588a338ea681d59b1706dc1a127a37d4,6,2,0,6,1.0,3,125,125,5,5,5.0,,MIN_EXPANDED_SIZE,False,1,34,54,32,,,,,,17722,31691,1243424,1714284,0.7253313919980586,4021048,3538045,1.1365169182415713,,,,,60288,101216,0.5956370534302877,1,1,TRANSLATED_ONLY,TRANSLATED_ONLY,TRANSLATE_ONLY,TRANSLATE_ONLY,1,1,TIMEOUT,TIMEOUT,180.14574586300023,180.17410134700003,d8916757230e580a11621ad3bfcae4ec5a8ec3bcfd064ed803ba32d4890ff924,86df125e2ddbd13547bfbf61be94b255b74169cd5336e0ea57b83ca15877227c
b2,5to10Traces/0165.trace,5to10Traces,43f2142433c9b3046e39e2cecba2ab6f12de2f060be5a409edc2d34939e9cbd4,6,2,0,6,1.0,3,125,125,10,10,10.0,,MIN_EXPANDED_SIZE,False,1,40,54,34,,,,,,47722,62908,4887174,3471302,1.4078792337860548,16737298,8174942,2.047390427968786,,,,,94103,179412,0.5245078367110338,1,1,TRANSLATED_ONLY,TRANSLATED_ONLY,TRANSLATE_ONLY,TRANSLATE_ONLY,1,1,TIMEOUT,TIMEOUT,180.30161914500013,180.27202427199882,e3ada80b4ae1ef0ab83087964cf3329aef5f340f253e135a71936440d12e8bf6,678789f0d7a83ef33ea5b04a7c6067baea4f99ea3c58e6dc1ac5f1784191cc31
b2,5to10Traces/0166.trace,5to10Traces,6a37e5470656768f553fc77683f563d89952ded7e1fcecbd6e8c6031e1d59e87,6,2,0,6,1.0,3,150,150,5,5,5.0,,MIN_EXPANDED_SIZE,False,1,34,54,32,,,,,,21222,37441,1491124,2045094,0.7291224755439114,4822173,4232549,1.1393070700421897,,,,,71888,111879,0.6425513277737556,1,1,TRANSLATED_ONLY,TRANSLATED_ONLY,TRANSLATE_ONLY,TRANSLATE_ONLY,1,1,TIMEOUT,TIMEOUT,180.16726047500015,180.22726639600114,62865b6c113803e2381e8bec34192fe968849df92679578c429bb16e4be9fd41,0e2bc080e9a11080d28ff7d466f5d913bb6acc8749a6936b61244af2f6206cf0
b2,5to10Traces/0167.trace,5to10Traces,de9222b66cb05b730d04d9402205c708cb7a392a3663ddec8dcc12ce7051f8b2,6,2,0,6,1.0,3,150,150,10,10,10.0,,MIN_EXPANDED_SIZE,False,1,40,54,34,,,,,,57222,74858,5863624,4093981,1.4322548150565428,20081673,9609128,2.0898538348120663,,,,,112453,206799,0.543779225238033,1,1,TRANSLATED_ONLY,TRANSLATED_ONLY,TRANSLATE_ONLY,TRANSLATE_ONLY,1,1,TIMEOUT,TIMEOUT,180.35837330599998,180.26005740300025,f7ebefaafffcdead73ac09f50adfd60755b2a3a629f5188866983d1cd71a804e,e21174aebd56617f4ffe13de6c4e1376c4936ebfc2848dd8a6d7e6439a56ae2f
b2,5to10Traces/0168.trace,5to10Traces,a7f8d4ada64dafe6ccc1158f17b1987d24509f77c20e994e0be3de8e82d2254a,6,2,0,6,1.0,3,175,175,5,5,5.0,,MIN_EXPANDED_SIZE,False,1,34,54,32,,,,,,24722,43541,1738824,2386257,0.7286826188461679,5623298,4925952,1.1415657318625922,,,,,83488,121809,0.6854009145465442,1,1,TRANSLATED_ONLY,TRANSLATED_ONLY,TRANSLATE_ONLY,TRANSLATE_ONLY,1,1,TIMEOUT,TIMEOUT,180.22499889500068,180.24418100500043,6a41ee59457251de0126d0ea9c99b60989f8c215877898bb5d251614fd6f59ac,c2c4013c12b523908ecaa9a5668ce370ecced60f99db0833264baa8eb1c23e30
b2,5to10Traces/0169.trace,5to10Traces,604c64f4fe5c15293a02c7a950a094fe7237524676db62bb33b8ebcf96274598,6,2,0,6,1.0,3,175,175,10,10,10.0,,MIN_EXPANDED_SIZE,False,1,40,54,34,,,,,,66722,87508,6840074,4787349,1.428781147979811,23426048,11244038,2.0834194975150386,,,,,130803,199573,0.6554143095508912,1,1,TRANSLATED_ONLY,TRANSLATED_ONLY,TRANSLATE_ONLY,TRANSLATE_ONLY,1,1,TIMEOUT,TIMEOUT,180.44822213000043,180.2944616929999,d3662623284394442a4bdf2b3b97fe240df1bd6bedcc4c8052c3c3dd38bfda45,79ca0f5ef86a0ca7bb673fb9998bb9a0f5d519de1558bed858f4a025d197cadf
b2,5to10Traces/0170.trace,5to10Traces,e714e7763d0985a9f60e3f51e93026b7c9a055fac5e1fee366ac90f541b78e17,6,2,0,6,1.0,3,200,200,5,5,5.0,,MIN_EXPANDED_SIZE,False,1,34,54,32,,,,,,28222,49516,1986524,2716048,0.7314023905321261,6424423,5611707,1.1448250951092065,,,,,95088,131121,0.7251927608849841,1,1,TRANSLATED_ONLY,TRANSLATED_ONLY,TRANSLATE_ONLY,TRANSLATE_ONLY,1,1,TIMEOUT,TIMEOUT,180.21098314899973,180.24324898799932,25c684c9c063134aadee3ad0ba01c888bc9763acb73067d3ac1ad3a433c6a193,7ac80a59f2c98d3495c75eb09dde3a3249b7580e44cf8e9de6988c9b1183b5da
b2,5to10Traces/0171.trace,5to10Traces,b20ab982fceffe4adbbfb37241ddd8dbd85b26501d8b13f20e9fb892232c88c6,6,2,0,6,1.0,3,200,200,10,10,10.0,,MIN_EXPANDED_SIZE,False,1,40,54,34,,,,,,76222,99983,7816524,5465392,1.4301854286023765,26770423,12840697,2.08481073885631,,,,,149153,222453,0.6704921938566798,1,1,TRANSLATED_ONLY,TRANSLATED_ONLY,TRANSLATE_ONLY,TRANSLATE_ONLY,1,1,TIMEOUT,TIMEOUT,180.46551641599945,180.298257121,7859a32b6c2f2d6e3a5c591e1a3e71413f9b5b545ac31c084112ebc418add590,161cc102eb52247125e0feaafeea9c0842d6234bb99a8f2eda3ee8bbc90aab2f
b2,5to10Traces/0172.trace,5to10Traces,688cf40d1b7d992482dc722d710b7aeabe69223403907db7c6e4b1095513cfaa,6,2,0,6,1.0,3,225,225,5,5,5.0,,MIN_EXPANDED_SIZE,False,1,34,54,32,,,,,,31722,55366,2234224,3011680,0.7418530521170907,7225548,6172666,1.1705716784287372,,,,,106688,146220,0.7296402680891807,1,1,TRANSLATED_ONLY,TRANSLATED_ONLY,TRANSLATE_ONLY,TRANSLATE_ONLY,1,1,TIMEOUT,TIMEOUT,180.22652078700003,180.18845746600164,d1d71f6665b99482d9024a8cba9195b75234f7178072e7466d209a958cfe79d9,c4b4efad1f23a9a7b04b1a65897056c4ea29af10111243f723e32cb270c005d2
b2,5to10Traces/0173.trace,5to10Traces,027b9d21049f56e1d569a406b650b8449dffbfbe65a47d8da69ec7d0a0bfaa23,6,2,0,6,1.0,3,225,225,10,10,10.0,,MIN_EXPANDED_SIZE,False,1,40,54,34,,,,,,85722,112233,8792974,6155428,1.4284910813675344,30114798,14493787,2.0777729105581586,,,,,167503,229830,0.728812600617848,1,1,TRANSLATED_ONLY,TRANSLATED_ONLY,TRANSLATE_ONLY,TRANSLATE_ONLY,1,1,TIMEOUT,TIMEOUT,180.44549977400004,180.34838625200007,ce347656bc2ca1d0c9c0e4ed5a5d2457c5e25984b54cde701c711154bcb870b2,a92c7733e4e0c1217ab5b0895ccf6ef3bebb7aa9c32899a771be95518d5a04f7
b2,5to10Traces/0174.trace,5to10Traces,fe41503b69e91d4a017b84083fcd427a964966e8836a156bb0e7c99b89d4ed30,6,2,0,6,1.0,3,250,250,5,5,5.0,,MIN_EXPANDED_SIZE,False,1,34,54,32,,,,,,35222,61816,2481924,3386833,0.7328155831716533,8026673,6957016,1.1537522696512412,,,,,118288,151251,0.7820642508148706,1,1,TRANSLATED_ONLY,TRANSLATED_ONLY,TRANSLATE_ONLY,TRANSLATE_ONLY,1,1,TIMEOUT,TIMEOUT,180.21573488000013,180.24724972900003,1ee2d8108815aaedd5117f512ca34a31ba401ca8f4a0387c08dbb0561525f867,3924876b6efec2f97b3a93a150f89136e1f8e5a7a26346c4e75526a0650f616a
b2,5to10Traces/0175.trace,5to10Traces,28732aebd9a32ac10df5fde6e83c5c5b69a775b314df1fd64c6db1ea9f1cd116,6,2,0,6,1.0,3,250,250,10,10,10.0,,MIN_EXPANDED_SIZE,False,1,40,54,34,,,,,,,124458,,6814755,,,16049462,,,,,,185853,261368,0.7110778672216951,1,1,TIMEOUT,TRANSLATED_ONLY,TRANSLATE_ONLY,TRANSLATE_ONLY,1,1,TIMEOUT,TIMEOUT,180.33218828999998,180.42047948299842,11f682a6de862a05c012efb5f6cea673c8c789a74d6a6a3248da488838732b0d,cfe547dc6179381a527a7c5ce7bcba34d9fffa4863100334de002706b62d263f
b2,5to10Traces/0176.trace,5to10Traces,d5a043284aa0a5c5774276dd80654700e024333355a5976fb375e5983586f01e,10,2,0,8,1.25,3,5,5,5,5,5.0,,MIN_EXPANDED_SIZE,False,1,42,94,36,2,0.3333333333333333,1,2,3,1120,3341,82237,115683,0.7108823249742832,269611,257185,1.048315414973657,,,,,4809,35030,0.1372823294319155,1,1,REUSED_E4,REUSED_E4,E4_REUSED,E4_REUSED,0,0,SAT,SAT,1.7852569719998428,3.906132144998992,2d48895706ecd023d140e7436133f05a6c953a26507b9626c4fd5da7671e72d7,8f532480cb23ea4e98561cb21e6c01a05d981b56b51757b81505507bcf17a8c9
b2,5to10Traces/0177.trace,5to10Traces,00e0be481f0685337ad14fe5edf3c6111e7905f4ebc18e2e634915cd78faf8af,10,2,0,8,1.25,3,3,5,10,10,10.0,,MIN_EXPANDED_SIZE,False,1,58,94,46,2,0.3333333333333333,1,3,3,2000,4601,232301,195569,1.1878211782030894,795459,479615,1.6585365345120566,,,,,5494,55791,0.09847466437238982,1,1,REUSED_E4,REUSED_E4,E4_REUSED,E4_REUSED,0,0,SAT,SAT,9.138284927001223,5.58431558600023,4012d2ef5f285b6208152a13359788ebf8dfb1d320bec3e42c2f6c34b5bc45b5,3201e0344e6b763c63f333a95319e700012535a178bf9e34afa56d15415c7860
b2,5to10Traces/0178.trace,5to10Traces,4430fdb2aab411bdcb015e7f6c8b460ba74aa0805e1ed6617219a2c9b842e93b,10,2,0,8,1.25,3,25,25,5,5,5.0,,MIN_EXPANDED_SIZE,False,1,42,94,36,2,0.6666666666666666,1,3,3,4320,9545,377757,469299,0.8049388556123068,1239871,998753,1.2414190495547948,,,,,14039,57910,0.24242790537040235,1,1,REUSED_E4,REUSED_E4,E4_REUSED,E4_REUSED,0,0,SAT,SAT,26.026244733999192,18.25601275500003,3679c03b689b573359b0c0a0c647f6ddff595c57ab505bf955f31b478c513fe9,a68f6a06dd7d2ea1539c42b8368b09d4378182bb6cac3cfb698402552e8a325e
b2,5to10Traces/0179.trace,5to10Traces,d43534cc1cc93480ed9d9fde9dcc9c1e9c8800ee23f104ea4d255189972fc382,10,2,0,8,1.25,3,6,25,10,10,10.0,,MIN_EXPANDED_SIZE,False,1,62,94,46,3,0.6666666666666666,1,3,3,6830,11861,876140,662168,1.3231385388602288,3004652,1583192,1.8978443549487365,,,,,13904,119218,0.11662668389001661,1,1,REUSED_E4,REUSED_E4,E4_REUSED,E4_REUSED,0,0,SAT,SAT,9.655795253000178,17.079455030000645,8f479c273dba7b3bde3f38a5ef74cea9569f55acb4d99468d3c33f8fdbc965f7,a7ce162217dcbb463b7a45b17f608c949615549c522488025196f67654bc70ea
b2,5to10Traces/0180.trace,5to10Traces,f488a5779e94138197c49413e19aa6c9098792854143982992b07496bc724119,10,2,0,8,1.25,3,50,50,5,5,5.0,,MIN_EXPANDED_SIZE,False,1,42,94,36,2,0.6666666666666666,1,3,3,8320,17498,747157,921414,0.8108808852481078,2452696,1958172,1.252543698919196,,,,,25589,73507,0.3481165059110017,1,1,REUSED_E4,REUSED_E4,E4_REUSED,E4_REUSED,0,0,SAT,SAT,9.457079285000873,28.554930305999733,5dbd6a9f8b7e57835373abd73ef94b38aea7ea4cc4508afff2f6f04aab7a95f6,18e3ad3975606ff20ba4510479495da1fe27b945b0b32df15fb8611c1e9fcfab
b2,5to10Traces/0181.trace,5to10Traces,99ffce474947f4398b531039a7e48fe137a4ec84e569eef662591ccf7027bafa,10,2,0,8,1.25,3,13,50,10,10,10.0,,MIN_EXPANDED_SIZE,False,1,62,94,46,2,0.6666666666666666,1,3,3,13550,22190,1771916,1352207,1.3103881284448313,6078309,3216287,1.8898528023152164,,,,,25612,148515,0.17245396087937245,1,1,REUSED_E4,REUSED_E4,E4_REUSED,E4_REUSED,0,0,SAT,SAT,15.844921132000309,50.48024228699978,596e1f9b0394bf34eabc3cafa377470f066323a13370e31ebbbe7caecd41c3e1,4b189ae9f34fa310ba84178d6558d3b420f6145060d8b45fdfab1d790c042294
b2,5to10Traces/0182.trace,5to10Traces,dab7b013d1e8d416aa3521ff6cafc90dab9a343235d0ba0b27df0e39cec0522b,10,2,0,8,1.25,3,75,75,5,5,5.0,,MIN_EXPANDED_SIZE,False,1,42,94,36,2,0.6666666666666666,1,3,3,12320,25121,1116556,1355881,0.8234911470844418,3665520,2870007,1.2771815539125864,,,,,37139,83043,0.4472261358573269,1,1,REUSED_E4,REUSED_E4,E4_REUSED,E4_REUSED,0,0,SAT,SAT,13.504563516999042,46.23746487099993,ebf58c1710e14872cddcfba94ced2c1fcc6282ca27ed2a399a4bfa9071791bcc,901bf4f867815967b35cc38fd655f76df40013b98012ae5c2e63c0e8d05a308b
b2,5to10Traces/0183.trace,5to10Traces,7916c59cbc42af906d83b5c9a37a794076f41f998650a4c86e92bddaba18da25,10,2,0,8,1.25,3,19,75,10,10,10.0,,MIN_EXPANDED_SIZE,False,1,62,94,46,2,0.6666666666666666,1,3,3,20060,32453,2639699,2023694,1.304396316834462,9055915,4843136,1.8698452820651743,,,,,36958,155139,0.23822507557738545,1,1,TRANSLATED_ONLY,REUSED_E4,TRANSLATE_ONLY,E4_REUSED,1,0,TIMEOUT,SAT,180.194450877,71.141183737,cca53112a7765759be797330ee3f160c5558467281ecf2352f8fcf8bcdfb5ed3,8690f38a5ca0409fc7bc59abe566d1d883595665bb61088666f5ce14b2b2ae33
b2,5to10Traces/0184.trace,5to10Traces,e1a0abb63f0d0574ec055c7c1399f95ad47b000cd6a4944a8ea8bfb895a0a5d3,10,2,0,8,1.25,3,100,100,5,5,5.0,,MIN_EXPANDED_SIZE,False,1,42,94,36,2,0.6666666666666666,1,3,3,16320,32843,1485956,1789250,0.8304909878440687,4878345,3769892,1.2940277864723977,,,,,48689,93739,0.5194102774725567,1,1,REUSED_E4,REUSED_E4,E4_REUSED,E4_REUSED,0,0,SAT,SAT,18.877784395999697,53.63412320700081,684e3a294dc4b31b23f3bf2e6dd356abf1563bf994d1f1d3ffc7b9b004588fce,f87a4f897064a885a5d296e44429d6c31567fe82e0fe53e207f8f27f4d51532f
b2,5to10Traces/0185.trace,5to10Traces,fcf466c6def80e828dda76534ea43b918b98537b4aa82fc1256f149e8cfde24f,10,2,0,8,1.25,3,20,100,10,10,10.0,,MIN_EXPANDED_SIZE,False,1,62,94,46,2,0.6666666666666666,1,3,3,25520,40835,3367517,2547888,1.3216895719121091,11553266,6046608,1.9107020001958122,,,,,46474,167854,0.2768715669569983,1,1,REUSED_E4,REUSED_E4,E4_REUSED,E4_REUSED,0,0,SAT,SAT,34.80570547200114,85.18811370099866,2e02cec8ff2f42e46f0e1d57b64314dabfde6175a96de4b6eb890bacaf92328b,14676dd70d3002ee834a86d45fd1125a09f34df0475f8bd12f55c76b6d1e05d3
b2,5to10Traces/0186.trace,5to10Traces,6c35d83292b8c3ba57c1ff70f542e719141299b437277834cfe7be3de30c77e5,10,2,0,8,1.25,3,125,125,5,5,5.0,,MIN_EXPANDED_SIZE,False,1,42,94,36,2,0.6666666666666666,1,3,3,20320,41126,1855357,2266178,0.818716358556124,6091171,4787744,1.27224241730552,,,,,60289,103225,0.5840542504238314,1,1,REUSED_E4,REUSED_E4,E4_REUSED,E4_REUSED,0,0,SAT,SAT,22.86155363600028,122.1339199740014,715975d89fb74c4c8d1d813781c877450e8c3a2c4f1ae386c3a0040a20c6d235,4c1c2fcad33636e0b98e344eecd560d011066fceca3e7a9e534061d654325f1f
b2,5to10Traces/0187.trace,5to10Traces,b6dfee7d418c289bbd1e34d3c8f1d0d60e1c4f69ecaace4c58cfe595b2138de0,10,2,0,8,1.25,3,20,125,10,10,10.0,,MIN_EXPANDED_SIZE,False,1,62,94,46,,,,,,30770,49052,4067342,3151319,1.290679236218231,13954566,7602415,1.8355438370570405,,,,,55649,174490,0.318923720557052,1,1,REUSED_E4,TRANSLATED_ONLY,E4_REUSED,TRANSLATE_ONLY,0,1,SAT,TIMEOUT,45.3593117190012,180.24660842899993,27c41f699e89c407f7cc1d5f3251987c5088d83a55953d14da20744e270d5a0f,444f775e8c0d9e78423d3b8bd3ccdbea363048494c94a00fbba4584c1a8f5cad
b2,5to10Traces/0188.trace,5to10Traces,34ecee67cee4bbe34e57a29d6c0d8119f2c9e9761cb28f18932a041c91443219,10,2,0,8,1.25,3,150,150,5,5,5.0,,MIN_EXPANDED_SIZE,False,1,42,94,36,2,0.6666666666666666,1,3,3,24320,49244,2224757,2733920,0.8137608269444607,7303996,5794730,1.2604549306007355,,,,,71889,116908,0.61491942382044,1,1,REUSED_E4,REUSED_E4,E4_REUSED,E4_REUSED,0,0,SAT,SAT,26.19176287799928,107.473221663,c060a02020571f6666f6c357b9f3610b795f29cc2d7ad0ba0028551c0bacdee6,f131f3671eb60cdcf7024e8383e5864791415cb1bc768b6e47aba2df452363c7
b2,5to10Traces/0189.trace,5to10Traces,0fe6622716b9cea1f2d8283991a34c46b7095f11c1cd07d16e97a9e72256fd88,10,2,0,8,1.25,3,24,150,10,10,10.0,,MIN_EXPANDED_SIZE,False,1,62,94,46,,,,,,36860,58259,4879139,3692125,1.3214988658292988,16740070,8791051,1.9042171408174062,,,,,66288,189306,0.3501632277899274,1,1,REUSED_E4,TRANSLATED_ONLY,E4_REUSED,TRANSLATE_ONLY,0,1,SAT,TIMEOUT,56.65053021400013,180.23950435000006,baa5d544cf73a3e3fefd7ef1ab670723f8f3126948a879bc32da031d64ab6f83,83d8e54a34e2789cff4f35f7811ce8959422b2724b93fd04346df345b0a3d578
b2,5to10Traces/0190.trace,5to10Traces,5bdc71268d6664f33dc62ac1e1065fd8312e52f0c4b7f21caa591950d454d04f,10,2,0,8,1.25,3,175,175,5,5,5.0,,MIN_EXPANDED_SIZE,False,1,42,94,36,2,0.6666666666666666,1,3,3,28320,56537,2594157,3146876,0.8243594599850773,8516821,6650111,1.2807035852484268,,,,,83489,128841,0.6480002483681436,1,1,REUSED_E4,REUSED_E4,E4_REUSED,E4_REUSED,0,0,SAT,SAT,33.64548102800018,81.23228502799975,1017271a4daeb74cdab6dc82bafd5b45c0c2a13ab234c313bef85eadc0697e50,3e7a9b8d0303e69220c2b92ae7af7ea60f9e3b89a87bb1ac8bf8a0844350d766
b2,5to10Traces/0191.trace,5to10Traces,45737bd8f6964ba07b5df630ad9ef4844163cd64ae95e879c7c1b8e891dd4b99,10,2,0,8,1.25,3,37,175,10,10,10.0,,MIN_EXPANDED_SIZE,False,1,62,94,46,,,,,,44840,70370,5942873,4455638,1.333787215209135,20390033,10605490,1.9225922611779371,,,,,80221,229158,0.35006851168189634,1,1,REUSED_E4,TRANSLATED_ONLY,E4_REUSED,TRANSLATE_ONLY,0,1,SAT,TIMEOUT,65.33518578400026,180.3411994370017,2d031a0c153953df8aaf2cdbe7414d64934edf5c2b5c5cae54df4f6ee9c0c106,9d6c3e3e5874f41b9e738d0df4d4b3951837d7c55fce21a911e2b1a4a0e7ef55
b2,5to10Traces/0192.trace,5to10Traces,d327ecb59370e7f354a49762e1340a8d988054ec2dd62e634ebaf3dbc7ae7294,10,2,0,8,1.25,3,200,200,5,5,5.0,,MIN_EXPANDED_SIZE,False,1,42,94,36,2,0.6666666666666666,1,3,3,32320,64325,2963555,3585617,0.8265118667163838,9729644,7571124,1.285099015681159,,,,,95075,141469,0.6720553619520885,1,1,REUSED_E4,REUSED_E4,E4_REUSED,E4_REUSED,0,0,SAT,SAT,37.149569672000325,143.77568969800086,d3a6ab0e121e6d29b141ce9efa2164d9548f054823ea9e4649b29de9f1e5611d,3cb5057d69ef28ec8bb02d0bd6653ab866f5d8876aec4477f65c638552b26bf5
b2,5to10Traces/0193.trace,5to10Traces,ec540ad4faf34d19b8c26dffb374dbd65ab41efbc701e91149a9529aa8a6d61a,10,2,0,8,1.25,3,39,200,10,10,10.0,,MIN_EXPANDED_SIZE,False,1,62,94,46,,,,,,50510,79115,6698684,5072641,1.320551562785539,22983435,12087668,1.9013952898110702,,,,,90128,224059,0.40225119276619103,1,1,REUSED_E4,TRANSLATED_ONLY,E4_REUSED,TRANSLATE_ONLY,0,1,SAT,TIMEOUT,78.22544059500069,180.32624814799965,69a3a9c4d54a04251386e49b0818ff3a8103670bc3d9de98b660af4f9800107e,c44d61b77fc52af5661b20b0002d7e2f0a71d7d4bcbc1ad323e202542b0284ce
b2,5to10Traces/0194.trace,5to10Traces,a69d162010b7ff747dfa303ad27f320627acaacf2f088d9cd54cd43e48d33c95,10,2,0,8,1.25,3,225,225,5,5,5.0,,MIN_EXPANDED_SIZE,False,1,42,94,36,,,,,,36320,72113,3332956,4038048,0.8253879101981948,10942470,8547498,1.2801956783142856,,,,,106689,145092,0.7353196592506823,1,1,REUSED_E4,TRANSLATED_ONLY,E4_REUSED,TRANSLATE_ONLY,0,1,SAT,TIMEOUT,41.49241983799948,180.330446855,531b9e1bd3bb9e991ff486fc321f9905c2308ae13626d8850d941ae737d1393c,30143d1e9a5a6a8e7a427159036ef2a5f6bd5c0bd07e38cbc9066f885041f55c
b2,5to10Traces/0195.trace,5to10Traces,a7c00f50034dbd7a62bdbbd60a084419a657f6c52fdb5217a05261b11c1b7565,10,2,0,8,1.25,3,44,225,10,10,10.0,,MIN_EXPANDED_SIZE,False,1,62,94,46,,,,,,56810,88949,7538474,5747957,1.3115049399290912,25864990,13788810,1.8757956632950923,,,,,101133,232483,0.4350124525234103,1,1,REUSED_E4,TRANSLATED_ONLY,E4_REUSED,TRANSLATE_ONLY,0,1,SAT,TIMEOUT,86.62579595899933,180.33855503199993,6a278252f72321e45b2e65126847243b4f0be503141ed93b30ce7e8be3b7f47f,bb4019167f6f59bdf7697ac1d1f3efc0726b4a16d5b472eaaa8607ed6d810926
b2,5to10Traces/0196.trace,5to10Traces,438aa7e3144068c90b4e85af4ebb46ddf8cdd2bc007660cf47c4294248d78baf,10,2,0,8,1.25,3,250,250,5,5,5.0,,MIN_EXPANDED_SIZE,False,1,42,94,36,,,,,,40320,80198,3702355,4507329,0.8214077561234159,12155294,9520531,1.2767453832144446,,,,,118289,156714,0.7548081218014983,1,1,REUSED_E4,TRANSLATED_ONLY,E4_REUSED,TRANSLATE_ONLY,0,1,SAT,TIMEOUT,45.81117411000014,180.2191674500009,b87f926aa238aa58d66a6c31383af85591bd50e8051714fd01ba4d278eaa7380,850baaaaf76e2eb4cf307d86c8b1d7778c15693dc71cf9549b7fd1366c4b1c22
b2,5to10Traces/0197.trace,5to10Traces,9562ac3a2879a4b49b5609d75f0a5e8bd0127f9043ce178798c78d75444be3c3,10,2,0,8,1.25,3,51,250,10,10,10.0,,MIN_EXPANDED_SIZE,False,1,62,94,46,,,,,,63530,100037,8434250,6527722,1.292066359443616,28938647,15744048,1.838069027736704,,,,,112870,214525,0.526139144621839,1,1,REUSED_E4,TRANSLATED_ONLY,E4_REUSED,TRANSLATE_ONLY,0,1,SAT,TIMEOUT,83.15772479800034,180.45561023299888,68a07fd3b2351b7c8a7c0b677f4bfe94d1731ffd898e6dbe78a1aaa1a236b38b,b0b474f96918cfe496893cb8458073604b3c8bd53fc11df00c49e4b92902c04e
b2,baseTest/0001.trace,baseTest,9547ffb5a3f76c5b4a41be156b2d786934fb0a67853456691c927aafbe7cc350,10,2,0,8,1.25,3,250,101,5,5,5.0,,MIN_EXPANDED_SIZE,False,1,42,94,36,,,,,,28400,57956,2601545,3222666,0.8072648546265732,8541003,6818588,1.2526058180960633,,,,,83721,120160,0.6967460053262317,1,1,TRANSLATED_ONLY,TRANSLATED_ONLY,TRANSLATE_ONLY,TRANSLATE_ONLY,1,1,TIMEOUT,TIMEOUT,180.23143733799952,180.30208109500018,643b57dc9e25836edf0f02443f29878834bd4242f3cbfec85111914422a81556,4ec1b8fda2012f6edabc3de7c29df4b1eb5ff94a75463257deb5d66e2c4484cd
b2,baseTest/0002.trace,baseTest,ec3b613c79867a372347b5c3e20ecf655b6b26e0936663eac81b7d8e862aeeff,10,2,0,8,1.25,3,11,11,5,5,5.0,,MIN_EXPANDED_SIZE,False,1,42,94,36,2,0.2,1,4,5,2080,5123,170893,213199,0.8015656733849595,560689,456425,1.2284362162458236,,,,,7571,48400,0.15642561983471073,1,1,REUSED_E4,REUSED_E4,E4_REUSED,E4_REUSED,0,0,SAT,SAT,155.44461625700023,8.03708336300042,8ccfae32069cf486a950689de6c96434f874d3d402168192d404de7732d9f9ff,9382be91945b4f5758497c5be435e61d9ddabf691fd379346a81bffa3eec97bc
b2,baseTest/0003.trace,baseTest,9d0781db353a283bf3632c6789a888d5ec911aebae55319d22c203997ded5dd6,10,2,0,8,1.25,3,315,151,5,5,5.0,,MIN_EXPANDED_SIZE,False,1,42,94,36,,,,,,37600,76172,3451165,4271323,0.8079850200979883,11330493,9015038,1.256843620625892,,,,,110401,151443,0.7289937468222367,1,1,TRANSLATED_ONLY,TRANSLATED_ONLY,TRANSLATE_ONLY,TRANSLATE_ONLY,1,1,TIMEOUT,TIMEOUT,180.31648847399993,180.3528585210006,b36fec8c32ae1a7c7fa5e968751d5520084877a23103bf0a4cbc734bbef8672a,33202878f1f6e01af81cf12d27f533f3598e4641933c7df395a8575758af6fcf
b2,baseTest/0004.trace,baseTest,7aa00584c4ad2de7006e587b72dcde92c0e7845ed79c9f95bf570bb9cbfdc063,10,2,0,8,1.25,3,524,201,5,5,5.0,,MIN_EXPANDED_SIZE,False,1,42,94,36,,,,,,58320,117851,5364656,6613732,0.8111390059349245,17612846,13925518,1.2647892882692047,,,,,170489,200502,0.8503107200925677,1,1,TRANSLATED_ONLY,TRANSLATED_ONLY,TRANSLATE_ONLY,TRANSLATE_ONLY,1,1,TIMEOUT,TIMEOUT,180.38543344500067,180.39226185200005,6add9cf7c1bf94384337eab4162c4746aa7c50c848bf9b409d44f4d5c39a847f,20c2329833c4abe10257147e42053c38e4ef81da0fd77dffa0dbf92c30c1614c
b2,baseTest/0005.trace,baseTest,20c6c43cc7f2f8eb85ba9b564b1e146ecb731d0d44d4a16139452fb0713522a6,10,2,0,8,1.25,3,1112,501,5,5,5.0,,MIN_EXPANDED_SIZE,False,1,42,94,36,,,,,,,,,,,,,,,,,,376617,385162,0.9778145299899782,1,1,TRANSLATION_ERROR,TIMEOUT,TRANSLATE_ONLY,TRANSLATE_ONLY,1,1,ERROR,TIMEOUT,7.339136352999958,180.37502264800014,d8c3d68b222f0e66c286fc19fda7e1c569c29f6403ae3705135323e1744efd64,15b2a1df5012bc7fafaed0c199cfaf252ef305dfbd8d68fa83f1ac78eff7509e
b2,baseTest/0006.trace,baseTest,a4875e300f2efbc8da4907b662fde75274e8e6d78dce4a030d2fecd0d5b6bb40,10,2,0,8,1.25,3,89,51,5,5,5.0,,MIN_EXPANDED_SIZE,False,1,42,94,36,,,,,,11520,23834,1042677,1293720,0.805952601799462,3422937,2752066,1.2437699531915296,,,,,34829,81242,0.42870682651830333,1,1,TRANSLATED_ONLY,TRANSLATED_ONLY,TRANSLATE_ONLY,TRANSLATE_ONLY,1,1,TIMEOUT,TIMEOUT,180.15872377400046,180.20377772099982,f7d0b26c392d0fe8ec78b86a3329324a1d1c0e1122c379fc76d69ba39b47c047,e057fc9c34334b5efcd7736c7347b0d5525f93027695efcf8dcbe5562c3819f9
b2,baseTest/0007.trace,baseTest,1afe526db22540339194bce20eb8c5a402e11a7dfd0852830fd6e17afd7e22cf,10,2,0,8,1.25,3,10,6,5,5,5.0,,MIN_EXPANDED_SIZE,False,1,42,94,36,3,0.4,1,4,5,1600,4298,126565,167524,0.7555036890236623,415148,360626,1.1511871024274456,,,,,6189,36159,0.1711607068779557,1,1,REUSED_E4,REUSED_E4,E4_REUSED,E4_REUSED,0,0,SAT,SAT,123.87004690700087,11.508753573000831,030b5a6a247d5f54fb94aeb17939d8d60dce0f7ba6887b8a4b61a9ffe1e0824c,a7ebbba377a0e913746259bd986be23f41674f194f99f6d5301512c2e3047871
b2,baseTest/0008.trace,baseTest,ec69e9f99c51c86e5de82428f8153433abde0918392eb32df689b20e2533b30e,5,2,0,5,1.0,2,34,966,5,5,5.0,,MIN_EXPANDED_SIZE,False,1,32,44,28,1,2.0,2,1,1,60147,85911,3612267,4482152,0.8059224676003848,11475372,9029931,1.2708150261613296,,,,,189302,195259,0.969491803194731,1,1,REUSED_E4,REUSED_E4,E4_REUSED,E4_REUSED,0,0,SAT,SAT,52.33663204499999,135.36514258700004,49240437fd7a40db5732a78eca7457648b4cf47b18a9af0105a85bc057c7c0eb,e516eca5fb8682e34aeafb4ce055d165683a3204a41c84e705910e421922ca96
b2,baseTest/0009.trace,baseTest,654e6c0caf520ddc287bc85bc4ecc4a8a114c520ebe18f105adb3e3161790123,5,2,0,5,1.0,2,4,96,5,5,5.0,,MIN_EXPANDED_SIZE,False,1,32,44,28,1,2.0,2,1,1,6147,10458,363293,514588,0.705988091444029,1153326,1038081,1.1110173483572092,,,,,21076,67095,0.3141217676428944,1,1,REUSED_E4,REUSED_E4,E4_REUSED,E4_REUSED,0,0,SAT,SAT,4.544985471000018,8.172383403000026,bf85b7af81d354d6a8993479597ada6ace43b0641376c0203124b36f00d7b029,bca4e8c9aff821a7b5c370481dd9f80b8c7c962604272943b0c46b5dc1385ca5
b2,baseTest/0010.trace,baseTest,287f09d1ad3dd55a010036216c1436e98f7e5a60101f60da5d0708936b208576,5,2,0,5,1.0,2,51,1449,5,5,5.0,,MIN_EXPANDED_SIZE,False,1,32,44,28,1,2.0,2,1,1,,125832,,6573028,,,13234927,,,,,,283254,261082,1.084923510621184,1,1,TRANSLATION_ERROR,REUSED_E4,TRANSLATE_ONLY,E4_REUSED,1,0,ERROR,SAT,5.948653029001434,125.35477007500003,ea6c4ec7581b7af1070711ca0821c35ef93d13406b52181238d32684984f6ffc,6723204d25ce141cf192e62f50b33194eb83a566c65f8e0be349154cf27e9aa5
b2,baseTest/0011.trace,baseTest,07511e9d3b5c516d46998d9c9d61a64f53aa0f89f48be8fd2b63532ec0f02cf8,5,2,0,5,1.0,2,57,1943,5,5,5.0,,MIN_EXPANDED_SIZE,False,1,32,44,28,1,2.0,2,1,1,,156786,,8226412,,,16589036,,,,,,377240,313586,1.2029873782630602,1,1,TRANSLATION_ERROR,REUSED_E4,TRANSLATE_ONLY,E4_REUSED,1,0,ERROR,SAT,7.951127841000016,102.70889709400001,e967ee24b20fd542e9c0561698e23a4b8971842b9706d767bd8d9935c1126574,6700ddd31e3d6f80c5a58925919c8281a46837dde36521a680b0b0239571e90b
b2,baseTest/0012.trace,baseTest,735b7b931a99b69cedbbcd331855f5c86d90516529a3d67640aa10f8daf3e688,5,2,0,5,1.0,2,149,4851,5,5,5.0,,MIN_EXPANDED_SIZE,False,1,32,44,28,,,,,,,,,,,,,,,,,,941033,555461,1.6941477439460195,1,1,TRANSLATION_ERROR,TIMEOUT,TRANSLATE_ONLY,TRANSLATE_ONLY,1,1,ERROR,TIMEOUT,24.444143579999945,180.35839948199987,fc1e9f5b1714ff33a517c9b83bf01977cbac2d2e5107675bdf0d0dcf544c357b,a59d67b1080562dcafed89a70945a349b6c4a97cd144312f76ec1975d6da83a5
b2,baseTest/0013.trace,baseTest,64a9fe0afb1011acaf62a9439d020d9a3e8e758a16c239f582d6ece5389263f3,5,2,0,5,1.0,2,15,485,5,5,5.0,,MIN_EXPANDED_SIZE,False,1,32,44,28,1,2.0,2,1,1,30147,47271,1807290,2446099,0.738845811228409,5740915,4922281,1.1663119192098135,,,,,95845,130009,0.7372181925866671,1,1,REUSED_E4,REUSED_E4,E4_REUSED,E4_REUSED,0,0,SAT,SAT,21.701416289999543,26.826902607999727,da2fa14910eea0f96bd8cb92154ec4dd0692090359c2e3099b69e300638c91ed,b0f6304e0ee0a71868955d127ba19a381791eafc1cc35adec4cc06a3b5a6e792
b2,baseTest/0014.trace,baseTest,eae019e9a301ed433d0d98ed55a659e6f4b7e91af1f2365dcf8a5028fc1ba84c,5,2,0,5,1.0,2,4,46,5,5,5.0,,MIN_EXPANDED_SIZE,False,1,32,44,28,1,2.0,2,1,1,3147,5649,182795,260437,0.7018779973659657,579878,524753,1.1050494232524635,,,,,11790,51945,0.22697083453652903,1,1,REUSED_E4,REUSED_E4,E4_REUSED,E4_REUSED,0,0,SAT,SAT,2.814593822999086,5.417197913000109,824720b0a67db4780c747dd3ca8c793308669ee9659657f37f51d1b4ad9bbf4a,05ca4394cad1669798e046d4e173aa3f169c6534df98c88154e3876e1bf3cbb6
b2,baseTest/0015.trace,baseTest,70287e746b0fd29f573bf71c771be740d7fb07aed69694f32274ed8f6bbbe2e4,18,2,0,8,2.25,3,101,889,5,5,5.0,,MIN_EXPANDED_SIZE,False,1,58,174,36,,,,,,79520,159794,7322477,9037621,0.8102217386633053,24041375,19089735,1.2593875713832592,,,,,231969,255516,0.9078453012727188,1,1,TRANSLATED_ONLY,TRANSLATED_ONLY,TRANSLATE_ONLY,TRANSLATE_ONLY,1,1,TIMEOUT,TIMEOUT,180.53474650099997,180.45482575799997,1929b06a03fb1ecfab548053e29d59336288bc11f88dcb97bf5bab6c18341462,45d4edbce7e4f998734eed713d08fa205817f1774a6e70bdc2c6176d402b24ee
b2,baseTest/0016.trace,baseTest,fa50e2911675719d95d055e6cd91cf981e06cbaef02d9e0626d2c09b3cd0707f,18,2,0,8,2.25,3,11,76,5,5,5.0,,MIN_EXPANDED_SIZE,False,1,58,174,36,3,1.0,1,3,3,7280,15782,651113,825093,0.7891389213094766,2137394,1752375,1.219712675654469,,,,,22586,60930,0.3706876743804366,1,1,REUSED_E4,REUSED_E4,E4_REUSED,E4_REUSED,0,0,SAT,SAT,41.47447440100041,56.54509853899981,b8e22210bd2b45db6b12f325e94f7b8089bea04aef4f9b5a3a6ed12d798eebd4,e265d2097b00b7fa16a39a21d102114de3d7a7cd99f6d008504170abe6bc156b
b2,baseTest/0017.trace,baseTest,9318a97d8cbc2695eddcd727e99f571d64603e79a45c38d72462a798bdddc12f,18,2,0,8,2.25,3,132,1368,5,5,5.0,,MIN_EXPANDED_SIZE,False,1,58,174,36,,,,,,,,,,,,,,,,,,350657,358857,0.9771496724321944,1,1,TRANSLATION_ERROR,TIMEOUT,TRANSLATE_ONLY,TRANSLATE_ONLY,1,1,ERROR,TIMEOUT,5.9728626380001515,180.31160435099991,88293306c6be27a8d3abfb2be50f47092fd71fa2136219a9491ae20e9fda05e2,4d3e2cb9fed24e1605bcbebf0ba295d77f8ab6086a320a56bf973ba6bc5b8934
b2,baseTest/0018.trace,baseTest,ea1b54c7e0c5cef5e8e11b4e5819c775b2cf77f09161f77412617d706fbc9bd1,18,2,0,8,2.25,3,190,1810,5,5,5.0,,MIN_EXPANDED_SIZE,False,1,58,174,36,,,,,,,,,,,,,,,,,,467099,469324,0.9952591386760532,1,1,TRANSLATION_ERROR,TIMEOUT,TRANSLATE_ONLY,TRANSLATE_ONLY,1,1,ERROR,TIMEOUT,8.340483336000034,180.32783952399996,b6d67500630c4b86182ca5bb96056dfef425ac7a2017209890bc04f7e6a90b73,ab8f1c9a6cedc1acd044f43523ac47f226d78b81fff9d7ea61b9dc621f2293c3
b2,baseTest/0019.trace,baseTest,27f4306dca1eb9c7167d1d78927b29ebea54f66d6ac703d1e64f727b7ce375c1,18,2,0,8,2.25,3,407,4593,5,5,5.0,,MIN_EXPANDED_SIZE,False,1,58,174,36,,,,,,,,,,,,,,,,,,1165882,1082538,1.076989445174211,1,1,TRANSLATION_ERROR,TIMEOUT,TRANSLATE_ONLY,TRANSLATE_ONLY,1,1,ERROR,TIMEOUT,29.85357863900026,180.313066833,3834c2cd9a5c0705b98e018a88838f141381f5a164562ef49fff4478b1206f16,65c731d603a51711504cfbb6cfc4da8f8b3c8130fb9c88c1f97a5ae13e157997
b2,baseTest/0020.trace,baseTest,a4c43f7b49a0903c436b07c0e10b397b87316fe078f8f3929ede0fb8f4a60e01,18,2,0,8,2.25,3,42,458,5,5,5.0,,MIN_EXPANDED_SIZE,False,1,58,174,36,,,,,,40320,81782,3702357,4586553,0.8072199318311595,12155504,9696447,1.253603923168971,,,,,118347,153771,0.7696314649706382,1,1,TRANSLATED_ONLY,TRANSLATED_ONLY,TRANSLATE_ONLY,TRANSLATE_ONLY,1,1,TIMEOUT,TIMEOUT,180.2750493049998,180.25863354399917,8c142f526d7e4ef48ab10fdd8c9ad461bbb572ec8bab89e50258725b37025adb,3f6721cb744563a9bd4939ab7c9df293574882d4e9a42a8393ebdcf43cfefa45
b2,baseTest/0021.trace,baseTest,5589e1cf5fde72aa059271e32c8257148d45c86f9ba4cc0e82335409f974ac19,18,2,0,8,2.25,3,6,42,5,5,5.0,,MIN_EXPANDED_SIZE,False,1,58,174,36,3,1.0,1,3,3,4160,9512,362981,459234,0.790405327131702,1191376,966868,1.232201293247889,,,,,13581,50187,0.2706079263554307,1,1,REUSED_E4,REUSED_E4,E4_REUSED,E4_REUSED,0,0,SAT,SAT,32.91298538299998,37.532910043000356,f82591551f1f889a2defa3de99620aeb8ba2814676a80a3cac9f801dba121710,7106084c1db903e4a1de4cc61ac9e3720ac014c109ff8139db4189e85a54d124
b2,baseTest/0022.trace,baseTest,143633c7de1d7e7a0576364eb602323960a8ebfb03194da1c0991ab456cfd847,6,2,0,6,1.0,3,262,101,5,5,5.0,,MIN_EXPANDED_SIZE,False,1,34,54,32,,,,,,25632,45416,1803225,2480020,0.7271009911210393,5831509,5108293,1.1415768437714908,,,,,86504,120484,0.7179708509013645,1,1,TRANSLATED_ONLY,TRANSLATED_ONLY,TRANSLATE_ONLY,TRANSLATE_ONLY,1,1,TIMEOUT,TIMEOUT,180.1972749229999,180.1860677069999,11d645f5486d64b9f253be737ce3a86cf6c234dc52d848b66aa8c41f034c4963,86aa5c85743fb9811a9784a9edf86b04f7b89fda5e2d00055ab56815b65605cd
b2,baseTest/0023.trace,baseTest,c9b19521e3bc05732496d76fe72ff0fc49fa5e4cee3011bbaba6fcc5ad539eae,6,2,0,6,1.0,3,43,11,5,5,5.0,,MIN_EXPANDED_SIZE,False,1,34,54,32,2,0.4,2,4,5,4002,7691,272440,381384,0.7143456463826484,880622,791801,1.1121759128872026,,,,,14962,53846,0.2778665081900234,1,1,REUSED_E4,REUSED_E4,E4_REUSED,E4_REUSED,0,0,SAT,SAT,46.63955853100015,18.07301510799971,0af23c66f2a675820d31ac358d42def3fd777557fd556f863e8363defe6cf205,64f5e63aa276b335e09a01d37bb38afd8d56e4a98a6731f51aef16a6aaa897ed
b2,baseTest/0024.trace,baseTest,d723312aa8c1976041cad7d58e58659979ac2d32409b27ffe5efaf859fb9e221,6,2,0,6,1.0,3,381,151,5,5,5.0,,MIN_EXPANDED_SIZE,False,1,34,54,32,,,,,,37462,64966,2640451,3582641,0.7370124441717716,8539278,7404539,1.1532491084184984,,,,,125712,162576,0.7732506643046945,1,1,TRANSLATED_ONLY,TRANSLATED_ONLY,TRANSLATE_ONLY,TRANSLATE_ONLY,1,1,TIMEOUT,TIMEOUT,180.26445470699946,180.27500587400027,f36383ce75da73f0784f98203aca2afc7bce3a18a41f8366a526c6bd60a44bdc,833516451db8533aabf60fa533bc6dfb9f033cc7c7ddc658caaff7958a070267
b2,baseTest/0025.trace,baseTest,76c4a7293fcbc391e510c9fdec6cda107581fedf9a878e65a3a67d7e897419f0,6,2,0,6,1.0,3,450,201,5,5,5.0,,MIN_EXPANDED_SIZE,False,1,34,54,32,,,,,,45792,80091,3229978,4420046,0.7307566482339777,10445946,9122133,1.1451209930835256,,,,,153320,187444,0.817950961353791,1,1,TRANSLATED_ONLY,TRANSLATED_ONLY,TRANSLATE_ONLY,TRANSLATE_ONLY,1,1,TIMEOUT,TIMEOUT,180.27171520199954,180.24241883299965,6bac384ccc1458ad5baac3bc9c336c665227f8a480cdd308e89024a3e900a3b2,72ad54fbe25112d0c97331fb1f2b180d2edc76e2b56dda19342f3efa05db3d89
b2,baseTest/0026.trace,baseTest,c1fae1fcd3b0bb0f99c0e135639da132714f971a145d59f958b456cfd73c08c3,6,2,0,6,1.0,3,1205,501,5,5,5.0,,MIN_EXPANDED_SIZE,False,1,34,54,32,,,,,,,206866,,11482504,,,23647629,,,,,,398285,397529,1.0019017480485701,1,1,TRANSLATION_ERROR,TRANSLATED_ONLY,TRANSLATE_ONLY,TRANSLATE_ONLY,1,1,ERROR,TIMEOUT,6.852685704000123,180.43991156700008,ce8d426e2bb3cfe37ca66a55a153a02c455b5a32a14a0d6f74724778b45da3fc,e1d6be5d74884b391b265454c4291e15efd852be56a56cff7547f4d131a17c9c
b2,baseTest/0027.trace,baseTest,ff9cd0854fe0341214f869d776aac38a0e6677ee17710838c61310e981057546,6,2,0,6,1.0,3,111,51,5,5,5.0,,MIN_EXPANDED_SIZE,False,1,34,54,32,,,,,,11562,20766,807472,1110561,0.7270847796744168,2611038,2289740,1.1403207351052957,,,,,39921,78134,0.5109299408708117,1,1,TRANSLATED_ONLY,REUSED_E4,TRANSLATE_ONLY,E4_REUSED,1,0,TIMEOUT,UNSAT,180.08356230899972,153.84924343600142,97417c9507f1f63f549fc74d76099f2e597b54aeaa53b80612f5b0330143c6a4,e0dd76002194ac59204dc2c801710042925ec85a0a6f38dc8c3bb9c738efbf94
b2,baseTest/0028.trace,baseTest,b8f882bacbebe284185916f6223600b429c1d4be629d4815681951c6ffd7a893,6,2,0,6,1.0,3,15,6,5,5,5.0,,MIN_EXPANDED_SIZE,False,1,34,54,32,1,0.0,0,5,5,1692,3741,108958,157149,0.693341987540487,351891,327908,1.073139417153592,,,,,7343,31866,0.23043369108140338,1,1,REUSED_E4,REUSED_E4,E4_REUSED,E4_REUSED,0,0,SAT,SAT,5.571453873999872,5.421993201999612,acee2d0d542c1641d537d1290071e697857a0067406229f19a442016e5b15127,e16a33bb7ae592b11fd4515cf8614b0338432e73648762108aea8cced7dacacc
b2,baseTest/0029.trace,baseTest,896504bb5809cff6d7043900fa043e659ad4cd31efc4976c9761960ac36b5964,3,2,0,3,1.0,2,40,960,5,5,5.0,,MIN_EXPANDED_SIZE,False,1,22,24,5,1,1.0,1,1,1,50081,38163,2017051,888121,2.2711443598338517,6247665,1691562,3.6934295048008883,,,,,189306,168214,1.1253878987480233,1,1,REUSED_E4,REUSED_E4,E4_REUSED,E4_REUSED,0,0,SAT,SAT,25.74093040600019,13.201817336999738,cc47bbb407a4904659ee64b6c07a32b538d5bd40ff99bbef3926d54c3b5a8c48,f1421baf1aab4c7201f8d7f0ea3c3d33374cf3710c94aa73dc52c64820206817
b2,baseTest/0030.trace,baseTest,82699e230f5e24a3e0a282f7fba0ba60976a55cf5416a352a652d38a956e2029,3,2,0,3,1.0,2,2,98,5,5,5.0,,MIN_EXPANDED_SIZE,False,1,22,24,5,1,1.0,1,1,1,5081,4215,202676,97047,2.088431378610364,627227,183651,3.415320363079972,,,,,21092,38730,0.544590756519494,1,1,REUSED_E4,REUSED_E4,E4_REUSED,E4_REUSED,0,0,SAT,SAT,3.0161936549993698,2.4843776850011636,5f6961aa420242745d866af216a375c3d753a96f7e7c6d810570d5c6df0f6c6f,166f4407f27dea2fb4755407a65859c56a8b3d9ff911e05fcddfedd52dd30abc
b2,baseTest/0031.trace,baseTest,62761da60c0251c9234fe017d63810efe7707690c494ee27278655c72a566025,3,2,0,3,1.0,2,53,1447,5,5,5.0,,MIN_EXPANDED_SIZE,False,1,22,24,5,1,1.0,1,1,1,,53823,,1254686,,,2391400,,,,,,283230,229825,1.2323724573044708,1,1,TRANSLATION_ERROR,REUSED_E4,TRANSLATE_ONLY,E4_REUSED,1,0,ERROR,SAT,5.156491986001129,18.133836156000143,54f75b5ac90c3f96c714babbb75036f86219a492a5bad7ba0340d2e4b7997d4e,23c50b55d161ce899af82276c462b12b848ae2549ca4f42b821006d4253dc944
b2,baseTest/0032.trace,baseTest,c929b0daecc15eeecff69fad25b681ccbd79a6670e44111a0f47c89afa75a016,3,2,0,3,1.0,2,68,1932,5,5,5.0,,MIN_EXPANDED_SIZE,False,1,22,24,5,1,1.0,1,1,1,,68844,,1603517,,,3059609,,,,,,377182,287955,1.3098643885329304,1,1,TRANSLATION_ERROR,REUSED_E4,TRANSLATE_ONLY,E4_REUSED,1,0,ERROR,SAT,6.676560551999501,24.176968986000247,ddd0a2753ea0532fb4d10d3377cacdd0f766697f4290a22c7f21dfcd2dd92765,71995e57e9b093c70f6e78ef7be0e733d2065af4ef2159bdd3ab6979ed021450
b2,baseTest/0033.trace,baseTest,6ea284eaba3d6f2ca110a3c0bda24a177149d3f4549c2712d2e4a56139f05a82,3,2,0,3,1.0,2,148,4852,5,5,5.0,,MIN_EXPANDED_SIZE,False,1,22,24,5,1,1.0,1,1,1,,128775,,2999304,,,5728630,,,,,,941032,520812,1.8068554487991828,1,1,TRANSLATION_ERROR,REUSED_E4,TRANSLATE_ONLY,E4_REUSED,1,0,ERROR,SAT,24.115190125000026,51.624411336000776,f633a86bf7e560247e706227e001ab7c96bdeb8ac426ca6faf0bddc46bbfdc56,300bc68bd8f2e37c494d82e3c9641348c7629ae2d016d80be429ac85b9542e80
b2,baseTest/0034.trace,baseTest,d761999ab52cdf91d792c391c3260cb916db123c409b13bdd15b22f0c7536dda,3,2,0,3,1.0,2,17,483,5,5,5.0,,MIN_EXPANDED_SIZE,False,1,22,24,5,1,1.0,1,1,1,25081,19830,1009067,461830,2.184931684819089,3125204,879411,3.5537467691443476,,,,,95867,98847,0.9698523981506774,1,1,REUSED_E4,REUSED_E4,E4_REUSED,E4_REUSED,0,0,SAT,SAT,10.375896402999842,7.345467156999803,8fc5a88af64dd294abefe8f3439c79bd43d28342c173a9d979e003d776ff43a1,f7462ae37891e48c4807fb19b90a0973038bdeee927ca852924a7865d0b2190a
b2,baseTest/0035.trace,baseTest,b31846ba7ebe249081f7c4b9ee042285ed1d3194b4d893efc9a56086808774a9,3,2,0,3,1.0,2,2,48,5,5,5.0,,MIN_EXPANDED_SIZE,False,1,22,24,5,1,1.0,1,1,1,2581,2217,101877,49869,2.0428923780304395,314978,95015,3.3150344682418567,,,,,11792,29715,0.396836614504459,1,1,REUSED_E4,REUSED_E4,E4_REUSED,E4_REUSED,0,0,SAT,SAT,2.2201134500010085,1.9661451829999805,86a54349b31072059b87b0bbb4a4ce3849a7cc06b362e5f93c15401ebe60a695,f10ac7c1cabe0f8ecd4ee131d366250bd6680933efaf53315337d3b693e4618b
b2,baseTest/0036.trace,baseTest,f83114b007ed8486aaa1359b784e1629b9112cb40f68776f201b9cb07a0041a5,10,2,0,8,1.25,3,85,915,5,5,5.0,,MIN_EXPANDED_SIZE,False,1,42,94,36,,,,,,80320,161246,7396354,9127189,0.8103649436863858,24283958,19279604,1.2595672608213322,,,,,234294,259803,0.9018140668121615,1,1,REUSED_E4,TRANSLATED_ONLY,E4_REUSED,TRANSLATE_ONLY,0,1,SAT,TIMEOUT,100.43494674900012,180.5027942939996,3953ffb5aaf609a67674d66fd1b4289cb2a07084797bf4385ab72f48a9ce9b18,ecb884c15c388c18e5c4f74584336c4d22555f226996620b471bf39df4f065f2
b2,baseTest/0037.trace,baseTest,9301814cf200bba9d564cb24bc8469de48c0569a670583499ce8aa45ad6484e5,10,2,0,8,1.25,3,5,95,5,5,5.0,,MIN_EXPANDED_SIZE,False,1,42,94,36,2,0.6666666666666666,1,3,3,8320,17630,747157,934924,0.7991633544544797,2452741,1987746,1.2339307939746829,,,,,25594,67579,0.37872711937140235,1,1,REUSED_E4,REUSED_E4,E4_REUSED,E4_REUSED,0,0,SAT,SAT,8.211659951000001,39.67565300299998,1ece4a220cf46ff916260ca720863fe6ff221fb1b9df3bce0af4a4a1b40b99e8,9fcd61bbd180b00248d21b3e2daf606500ba7025bcb29c7bbc9886bef7b25651
b2,baseTest/0038.trace,baseTest,94cdd623cd55fefdeeb586e239ed93fab3d98e9036dafbf683549d087bd92602,10,2,0,8,1.25,3,143,1357,5,5,5.0,,MIN_EXPANDED_SIZE,False,1,42,94,36,,,,,,,,,,,,,,,,,,350646,364649,0.9615986880534432,1,1,TRANSLATION_ERROR,TIMEOUT,TRANSLATE_ONLY,TRANSLATE_ONLY,1,1,ERROR,TIMEOUT,5.973171970999829,180.35585252600004,29bfe8fb6b9435039887a7ebedfe9de71e459accb03c1a91214ff1f80954a8ba,ce21997786ce5276443f7d893f827df56ddfadcd265c8618de6d9f730dd96b00
b2,baseTest/0039.trace,baseTest,1c50818c58b20fc2560a5acf9983ab0d276e8a042adba320ee183606d1d502f1,10,2,0,8,1.25,3,174,1826,5,5,5.0,,MIN_EXPANDED_SIZE,False,1,42,94,36,,,,,,,,,,,,,,,,,,467115,465197,1.0041229844560478,1,1,TRANSLATION_ERROR,TIMEOUT,TRANSLATE_ONLY,TRANSLATE_ONLY,1,1,ERROR,TIMEOUT,8.211708161999923,180.32765951099964,a86991156d720bb6197c6373b78cc58ac6798d3280ec17a86b3850eb0155a0fb,7a68fdd423a42a3c988715014234e6fa771f58cc8f003cb9a361c3ab6c852789
b2,baseTest/0040.trace,baseTest,2d01c4a45631c22085feb6cdf4ca13217795df8db1af8aadca86e2d48e488276,10,2,0,8,1.25,3,431,4569,5,5,5.0,,MIN_EXPANDED_SIZE,False,1,42,94,36,,,,,,,,,,,,,,,,,,1165844,1086976,1.0725572597739048,1,1,TRANSLATION_ERROR,TIMEOUT,TRANSLATE_ONLY,TRANSLATE_ONLY,1,1,ERROR,TIMEOUT,32.37757355600024,180.32791185600036,65f8a5ac236f8ab31270b5fb628a8ebbbd2b845c485997774d1cccd44695b921,ec0a421265b613a18f4f7472fe5d7d08011cc4386e2a9ddc662a3cc588b9c755
b2,baseTest/0041.trace,baseTest,c3386b7fed1390e9dbbdadbbe614bf374aa59ce6cfa6e0242f58554e530e34e2,10,2,0,8,1.25,3,49,451,5,5,5.0,,MIN_EXPANDED_SIZE,False,1,42,94,36,,,,,,40320,81320,3702356,4598270,0.8051628112311804,12155496,9757328,1.2457812220722722,,,,,118340,160331,0.7380980596391216,1,1,REUSED_E4,TRANSLATED_ONLY,E4_REUSED,TRANSLATE_ONLY,0,1,SAT,TIMEOUT,49.06370679799875,180.3267446539994,998d985d7eeca1bb6f553781f374b8fff07461ee9d8a1ac8c4bd1ded41eff0c7,501fa53dd0e22e72d652378d0685f8ab2d618cc4920bd52a0b7d12a2636c17f9
b2,baseTest/0042.trace,baseTest,2244b83a855d75871bb864ca4fbfbc316c76e290d7554bd7a76747980d449e08,10,2,0,8,1.25,3,4,46,5,5,5.0,,MIN_EXPANDED_SIZE,False,1,42,94,36,2,0.6666666666666666,1,3,3,4320,9710,377757,475448,0.7945285288822331,1239892,1009506,1.2282165732546413,,,,,14045,53764,0.2612342831634551,1,1,TRANSLATED_ONLY,REUSED_E4,TRANSLATE_ONLY,E4_REUSED,1,0,TIMEOUT,SAT,180.08985986199968,15.799807604000307,03caba94c58898aec55dddad5609b47370effb9a1d3b9b5303edf593569c2e83,54d842c12284cf30ab64fb89f06ecafda2e040ef81b1c1dcc2a331a868911fe3
b2,disjunctedExistence/0000.trace,disjunctedExistence,9aa52b88a4b6321d15ceac2fa1866a38bfa4b34e19bb5f98e058b22455bf54c1,36,2,0,8,4.5,5,50,6,5,5,5.0,,MIN_EXPANDED_SIZE,False,1,94,354,36,,,,,,5460,10914,480803,554250,0.8674839873703203,1594027,1187760,1.3420446891627937,,,,,20477,52182,0.39241500900693727,1,1,TRANSLATED_ONLY,TRANSLATED_ONLY,TRANSLATE_ONLY,TRANSLATE_ONLY,1,1,TIMEOUT,TIMEOUT,180.06820087300002,180.0941121470005,3ee4c066ef51df75487d2bb171002a1a7b3cfc84f0c99661e1df1c25d112eae0,f4c3f144b0a677835501a5d43769fea99965198589c2361c24107712d5efd725
b2,disjunctedExistence/0003.trace,disjunctedExistence,424507b2de8960903fda914ede4da873c9ed6d3925a5e02f18cb3b19d0ece32e,36,2,0,8,4.5,5,100,14,5,5,5.0,,MIN_EXPANDED_SIZE,False,1,94,354,36,,,,,,10680,20385,965799,1100667,0.877467026811924,3201215,2352117,1.3609930968570016,,,,,39091,72312,0.5405880075229561,1,1,TRANSLATED_ONLY,TRANSLATED_ONLY,TRANSLATE_ONLY,TRANSLATE_ONLY,1,1,TIMEOUT,TIMEOUT,180.1114608759999,180.11097228800008,512d57fefa2f80b96ef6b23f99f3105ca90b67778579286820fc28c8a762da5f,4bdd1a80e354eefe4f05c5a576fe59cbaf7714721ece078a674d07fc73eabd63
b2,disjunctedExistence/0006.trace,disjunctedExistence,0e0f0f8358471184615f2f0433167538d8968d843bc7bcd9a977a2151225d8a2,36,2,0,8,4.5,5,150,23,5,5,5.0,,MIN_EXPANDED_SIZE,False,1,94,354,36,,,,,,15990,29955,1459157,1648380,0.8852066877783036,4836114,3511590,1.3771864027406389,,,,,58080,92284,0.629361536127606,1,1,TRANSLATED_ONLY,TRANSLATED_ONLY,TRANSLATE_ONLY,TRANSLATE_ONLY,1,1,TIMEOUT,TIMEOUT,180.141457669999,180.230367441,156c41014eeddefba49768a7bfaa3228136bb7499f9b9ed8fd1760ffe407625a,2727e04e20da12ae13102e4ee3ee1dec1703239ecdc33b25821e541a9ae43cf2
b2,disjunctedExistence/0009.trace,disjunctedExistence,1808d3ef3a9d5d8bb99423643f556bcbc170897950dc5f771dc89b5d3ea4e21d,36,2,0,8,4.5,5,200,32,5,5,5.0,,MIN_EXPANDED_SIZE,False,1,94,354,36,,,,,,21300,39558,1952515,2220280,0.8794003459023186,6471013,4750118,1.3622846842962637,,,,,77069,112409,0.685612361999484,1,1,TRANSLATED_ONLY,TRANSLATED_ONLY,TRANSLATE_ONLY,TRANSLATE_ONLY,1,1,TIMEOUT,TIMEOUT,180.17175412800134,180.1721984379983,eb030e41b95bc327df9ffd235c9d7f3313ef262f2b978af2b777b26c33415828,0510980724934884701942775225e5e012615810defad2a4c500aebab2b4a744
b2,disjunctedExistence/0010.trace,disjunctedExistence,69186f916c3d5e967441fba75b4722708863cae8cf14ee673ff76673cefb1b0c,36,2,0,8,4.5,5,200,1,10,10,10.0,,MIN_EXPANDED_SIZE,False,1,114,354,46,,,,,,46650,68175,6351467,4380324,1.4499993607778785,21861816,10536432,2.0748784787867467,,,,,112417,159700,0.7039261114589856,1,1,TRANSLATED_ONLY,TRANSLATED_ONLY,TRANSLATE_ONLY,TRANSLATE_ONLY,1,1,TIMEOUT,TIMEOUT,180.44254399800047,180.32990092300042,75af617f42bc126a98332a9f5229d02dddb9c0190c93bda39c16627c1f31daa9,e0d0ece9807a96447b5d2fb4caf8ebe4dcb28eb5e85b36d8aae92acaf15c4cf5
b2,disjunctedExistence/0012.trace,disjunctedExistence,ca651d108be883ce1902f3503e423288abb4ccb7c55aa057ad7ac2a8dbb3c293,36,2,0,8,4.5,5,250,38,5,5,5.0,,MIN_EXPANDED_SIZE,False,1,94,354,36,,,,,,26340,48864,2420787,2743636,0.882328049347654,8022779,5836886,1.3744964352567448,,,,,95095,124864,0.7615886084059457,1,1,TRANSLATED_ONLY,TRANSLATED_ONLY,TRANSLATE_ONLY,TRANSLATE_ONLY,1,1,TIMEOUT,TIMEOUT,180.2284462109992,180.26061073900019,78e9c5ee61d35fc14cbba5a82b2bfd50a3d72b450de114656af9da18473fcd0c,d85e8898178da9b85416b8f45fced04decc6683744b1b2b458ffc32ddc58294b
b2,disjunctedExistence/0015.trace,disjunctedExistence,1bfdce4b3f7d8319b507423f0276b9623575e0c9bd3e72db79a089df5b0b4f6b,36,2,0,8,4.5,5,300,50,5,5,5.0,,MIN_EXPANDED_SIZE,False,1,94,354,36,,,,,,31920,59028,2939231,3340058,0.8799940001041898,9740811,7125256,1.367082249395671,,,,,115047,141251,0.8144862691237584,1,1,TRANSLATED_ONLY,TRANSLATED_ONLY,TRANSLATE_ONLY,TRANSLATE_ONLY,1,1,TIMEOUT,TIMEOUT,180.31931841500045,180.24049000000014,55236914aef1d64ecfbad4482fd4a8b256a01711a37332959ec36fc000c3f657,f68a11fcb33a0051e48874fbdaa8fffed24480f97170156f890ad7d90a4dea4d
b2,disjunctedExistence/0018.trace,disjunctedExistence,2786837aa8a2b43607b5445f018ad5814e357ff5849f7ef8b11bb649c131a26b,36,2,0,8,4.5,5,400,68,5,5,5.0,,MIN_EXPANDED_SIZE,False,1,94,354,36,,,,,,42540,78465,3925947,4467071,0.878863801358877,13010609,9519901,1.366674821513375,,,,,153025,175639,0.8712472742386372,1,1,TRANSLATED_ONLY,TRANSLATED_ONLY,TRANSLATE_ONLY,TRANSLATE_ONLY,1,1,TIMEOUT,TIMEOUT,180.31192247500076,180.2763105439999,e0227a0b6f7abaecf567bb099bd1b169d252f6db26d00a02b098471b82030da2,cc7c8d3ef33a876edfc54f6674e21e18750d5b532362d5a0ca7cbc603f8f622d
b2,disjunctedExistence/0021.trace,disjunctedExistence,7c153275999711b89ac7dfe3272080e06f4dfd9607e4c22582b295b2e6a11951,36,2,0,8,4.5,5,500,107,5,5,5.0,,MIN_EXPANDED_SIZE,False,1,94,354,36,,,,,,55050,101202,5088265,5786797,0.8792886634868996,16862338,12341475,1.366314642293567,,,,,197751,217295,0.9100577555857244,1,1,TRANSLATED_ONLY,TRANSLATED_ONLY,TRANSLATE_ONLY,TRANSLATE_ONLY,1,1,TIMEOUT,TIMEOUT,180.4078343910005,180.3103649059999,9534addb68e5f2d164b031d77aba659de97ce9090c50a95d2e5fe98e581dbcc2,a4eaf080413cc9be7ef275bbc7201aeaa1e99603a8cb180db96eb67aef884c05
b2,disjunctedExistence/0030.trace,disjunctedExistence,7a1d604605f878c29bb0e1f081fe5a726c71f72c25561513fbfd9911cf196c55,11,2,0,8,1.375,4,150,1,5,5,5.0,,MIN_EXPANDED_SIZE,False,1,44,104,36,2,0.3333333333333333,1,3,3,13203,26317,1199415,1422375,0.8432480885842342,3957497,3007145,1.3160313187425283,,,,,44228,83589,0.529112682290732,1,1,REUSED_E4,REUSED_E4,E4_REUSED,E4_REUSED,0,0,SAT,SAT,12.581755659999544,29.843372293000357,bec8cb13f2e94c9c85851f1548842f93b0b4ac48897bce4df1d6f6b8897e446e,48ab564f2f0b7a5ee3b10e1e842a57af15c787b020f3ad9c555429dc033018d3
b2,disjunctedExistence/0033.trace,disjunctedExistence,95c06178b9635bd4227fa1fa0f326005487fab0b66adb0640602f7a9493351ca,11,2,0,8,1.375,4,200,1,5,5,5.0,,MIN_EXPANDED_SIZE,False,1,44,104,36,2,0.3333333333333333,1,3,3,17453,34204,1593165,1888726,0.8435130347122876,5256647,4019000,1.3079489922866385,,,,,58078,98819,0.5877209848308523,1,1,REUSED_E4,REUSED_E4,E4_REUSED,E4_REUSED,0,0,SAT,SAT,15.41298906999998,74.58280682199984,cd3b0591554bd86e31573121e5d43f62dc6b930f3ccca2a033f42691578d9c18,470bd99f5b270b11aa8e887ef64499d4a4e8b18adaad4e3499fa1234fd5e94a4
b2,disjunctedExistence/0036.trace,disjunctedExistence,42bd2fd48168a346de5a4a580a801bd6fa28548f4a7dfc831b33916167f8b112,11,2,0,8,1.375,4,250,1,5,5,5.0,,MIN_EXPANDED_SIZE,False,1,44,104,36,2,0.3333333333333333,1,3,3,21703,42520,1986915,2353188,0.8443503026532517,6555797,4981566,1.316011270351532,,,,,71928,109923,0.6543489533582598,1,1,REUSED_E4,REUSED_E4,E4_REUSED,E4_REUSED,0,0,SAT,SAT,21.068251608001447,82.7674137009999,4537d150fde90efcabde3cb478bd5482b8997b9a8f0bb24b2be22948bfb33b5c,f2323c3b2742c9f1a85d9002180aa98feb12abe844c231b8b6e1a16227ff49a7
b2,disjunctedExistence/0042.trace,disjunctedExistence,9ee4956bd881e7a72108246ac4fc1142fe4988a926d88d267b8cea0f358f6732,11,2,0,8,1.375,4,400,2,5,5,5.0,,MIN_EXPANDED_SIZE,False,1,44,104,36,2,0.3333333333333333,1,3,3,34538,67270,3176041,3801376,0.8354977250343034,10479232,8089966,1.2953369643333483,,,,,113753,144162,0.7890636922351244,1,1,TRANSLATED_ONLY,REUSED_E4,TRANSLATE_ONLY,E4_REUSED,1,0,TIMEOUT,SAT,180.30030724500102,90.76548282499971,50efba9ab4ce80ff23ecf90ff56b5c09e45e47f53cdd6db7580df44287558858,4764b97176ec089fd27cd364fcf08f467fc0881254945ddd14d8f05ce62a8a64
b2,disjunctedExistence/0045.trace,disjunctedExistence,fbf7c42f8d1e5dd6310dd6068d655e08723527693bff2083f7ff09be97c3299e,11,2,0,8,1.375,4,500,1,5,5,5.0,,MIN_EXPANDED_SIZE,False,1,44,104,36,2,0.3333333333333333,1,3,3,42953,83440,3955665,4711254,0.8396204067961524,13051547,9999052,1.3052784403961495,,,,,141178,170511,0.8279700429884289,1,1,REUSED_E4,REUSED_E4,E4_REUSED,E4_REUSED,0,0,SAT,SAT,44.69952285200088,167.74269750699978,3162ff4957ca27bccff1a11ebad899f556fa0860d33ddba506145d4981161036,bc7bd0ff72c12a97e197c3757bbb64836223d2233190f7ba62a53fe9f8c2c746
b2,disjunctedExistence/0048.trace,disjunctedExistence,f40572e52f00c672d689de94400867426882c00278f9ad24fc73f6c37a203d3c,134,2,0,8,16.75,7,50,50,5,5,5.0,,MIN_EXPANDED_SIZE,False,1,149,1334,36,,,,,,10536,18190,951631,970630,0.9804261149974759,3179053,2069724,1.5359791933610472,,,,,43605,74287,0.5869802253422537,1,1,TRANSLATED_ONLY,TRANSLATED_ONLY,TRANSLATE_ONLY,TRANSLATE_ONLY,1,1,TIMEOUT,TIMEOUT,180.12098705300014,180.1285541139987,7247f29d3b4448a11c7c75d6a8448db86066c17693dbc86af748a487ebd26fed,435dc376bb5b30da189ca4276ca922cbb3a2fa61d901e483d1c00ae0ec5129d2
b2,disjunctedExistence/0049.trace,disjunctedExistence,2f22c240859e2b9d49a99537712e8ad7f7de4cca881491e6a5f51d9d9739dc34,134,2,0,8,16.75,7,2,50,10,10,10.0,,MIN_EXPANDED_SIZE,False,1,310,1334,46,2,0.6666666666666666,1,3,3,13536,19186,1842243,1142590,1.612339509360313,6357721,2743240,2.317595616861813,,,,,40330,98993,0.4074025436141949,1,1,REUSED_E4,REUSED_E4,E4_REUSED,E4_REUSED,0,0,SAT,SAT,20.604393842000036,89.08586513599948,fe88eec4b2627e3c85fd029bb8206f243e7a7b59531354e4a769fb878eb64f7a,e4848fbecb954680d913fdfcbcd6634206426ded79787c51f7b216fd4cf9256d
b2,disjunctedExistence/0051.trace,disjunctedExistence,aa52387a1981bbc65e2191e92595db67c0d9ea3192605a3b1c6cb022ebccd084,134,2,0,8,16.75,7,100,100,5,5,5.0,,MIN_EXPANDED_SIZE,False,1,149,1334,36,,,,,,20536,34525,1885231,1933771,0.9748987858438254,6295503,4139553,1.5208171027161628,,,,,84705,120204,0.7046770490166716,1,1,TRANSLATED_ONLY,TRANSLATED_ONLY,TRANSLATE_ONLY,TRANSLATE_ONLY,1,1,TIMEOUT,TIMEOUT,180.1900143419989,180.21742906999953,ac02bda906ff995b35d8f9073b221592343185184e1b167907b0a98304ced1be,5058ef6e823a8bb7f2aba823b016c74b9020f2658d0fdcc6825fb0fe95d03250
b2,disjunctedExistence/0054.trace,disjunctedExistence,092edbe817520f3dea1c1708f793a024f854f6785c11b969e7cc80168bfe7282,134,2,0,8,16.75,7,150,150,5,5,5.0,,MIN_EXPANDED_SIZE,False,1,149,1334,36,,,,,,30536,51157,2818831,2874187,0.9807402928201958,9411953,6107753,1.5409845486548,,,,,125905,150454,0.8368338495486992,1,1,TRANSLATED_ONLY,TRANSLATED_ONLY,TRANSLATE_ONLY,TRANSLATE_ONLY,1,1,TIMEOUT,TIMEOUT,180.22036415499952,180.21212921799997,4a2c09b2e505894bd8f537ee44be41b254a742a9a14206e8a42930e6bc3a5f93,76cd8edb6b2aa729e78454de02a54093ab1f17f680aa860c73281dbb0bf3d77b
b2,disjunctedExistence/0055.trace,disjunctedExistence,c94e259027212905fc24057176069edd3844cda7b23707d016f228c9db37693c,134,2,0,8,16.75,7,3,150,10,10,10.0,,MIN_EXPANDED_SIZE,False,1,310,1334,46,,,,,,38786,52516,5385424,3327589,1.6184162166661809,18584780,7977627,2.329612552705209,,,,,113705,147432,0.7712369092191654,1,1,TRANSLATED_ONLY,TRANSLATED_ONLY,TRANSLATE_ONLY,TRANSLATE_ONLY,1,1,TIMEOUT,TIMEOUT,180.38369627499992,180.27245468799993,2b2fab2a769aee1aabb6b063bf9a35740022b240bdb2292ec0301f51ef33d0b2,61905ac643559c0610391983f74b67126660d0231ec7fb0861ffd5c6d8dd22bb
b2,disjunctedExistence/0057.trace,disjunctedExistence,6e6462f56f7be1474c46e342cd9b52c0e2b197772fd4f9243e9ad16e47672048,134,2,0,8,16.75,7,200,200,5,5,5.0,,MIN_EXPANDED_SIZE,False,1,149,1334,36,,,,,,40536,67690,3752431,3836474,0.9780936870678649,12528403,8156380,1.53602492772529,,,,,167105,187356,0.8919116548175665,1,1,TRANSLATED_ONLY,TRANSLATED_ONLY,TRANSLATE_ONLY,TRANSLATE_ONLY,1,1,TIMEOUT,TIMEOUT,180.32147379900016,180.20309165800018,1ed1407f883509b6880d004a0b959ac9bbb54ddc81190bbd6f10fd3a6a484bb4,16db640069529f9987422fd00708c5112ef6fe1e2dc1c5540beabe2e0b22fcde
b2,disjunctedExistence/0058.trace,disjunctedExistence,536d0e502da77b68bdba3a5dfb2a835e378bb339a49182a1519300259a4e8af8,134,2,0,8,16.75,7,2,200,10,10,10.0,,MIN_EXPANDED_SIZE,False,1,310,1334,5,1,1.0,1,1,1,51036,18292,7104393,374099,18.990676264838985,24516721,845407,28.99990300529804,,,,,149330,120370,1.240591509512337,1,1,REUSED_E4,REUSED_E4,E4_REUSED,E4_REUSED,0,0,SAT,SAT,65.34249659299985,6.409592591000546,cbd3b1adb716ecc6d349574ecca2769d4b998d2649c019400ef0c4884a656c75,6c563c837b1acbab70d911fd51934854eff4468f46fa853128689c04ef5adb1e
b2,disjunctedExistence/0060.trace,disjunctedExistence,ae8c721ccca0c09bb1caaa404fe38187b88082487b2dd912873a54f1110e35d3,134,2,0,8,16.75,7,250,250,5,5,5.0,,MIN_EXPANDED_SIZE,False,1,149,1334,36,,,,,,50536,84190,4686031,4780866,0.9801636356258469,15644853,10162500,1.539468929889299,,,,,208305,225307,0.9245385185546832,1,1,TRANSLATED_ONLY,TRANSLATED_ONLY,TRANSLATE_ONLY,TRANSLATE_ONLY,1,1,TIMEOUT,TIMEOUT,180.29093181999997,180.2531725989993,532ab3dc95efc33b19c1a421a4df6a8bc5795dd9f7421d6a0ba16774480d965e,ca68db7f08c4cbac41a1cdf63f1238a002b51a9891dfec5885f5b8284bfb951b
b2,disjunctedExistence/0061.trace,disjunctedExistence,05796686e3c55d78c6963abdea7159548834606d6e6ce6ea7e70e2122c847d73,134,2,0,8,16.75,7,4,250,10,10,10.0,,MIN_EXPANDED_SIZE,False,1,310,1334,46,,,,,,64036,85846,8928605,5497072,1.62424741753428,30811839,13189046,2.3361688934893396,,,,,187130,196723,0.9512360018909838,1,1,TRANSLATED_ONLY,TRANSLATED_ONLY,TRANSLATE_ONLY,TRANSLATE_ONLY,1,1,TIMEOUT,TIMEOUT,180.60232817799988,180.38157655400028,c7bfbb191af9cc9856870a3b2153e307a1b8dc29041d44458dbe76c9d2d7885b,33568f4c544959a7c596e0b66a09b8e52144a144921f98afd9e5e57d25fc3b0d
b2,disjunctedExistence/0063.trace,disjunctedExistence,626d67f59fe04a454da0de7737bf2ad85b99392a408360b738091701b07475ab,134,2,0,8,16.75,7,300,300,5,5,5.0,,MIN_EXPANDED_SIZE,False,1,149,1334,36,,,,,,60536,100459,5619631,5722571,0.9820115818571757,18761303,12144517,1.5448373121796446,,,,,249505,267487,0.9327743030502417,1,1,TRANSLATED_ONLY,TRANSLATED_ONLY,TRANSLATE_ONLY,TRANSLATE_ONLY,1,1,TIMEOUT,TIMEOUT,180.45793356099966,180.35328835700057,27b3b238452e7ce8e390238d334732fa86f27a88bbf6a44e4cd8d67579855f18,c4b5137ca51419bb814c5e1d24584d00f8326a7b077ea7fc0002d9b2e9a5d76a
b2,disjunctedExistence/0064.trace,disjunctedExistence,fc617b191fd4d845769d17e2dd10f4af437581f59ee25a7839c6dec061cc113e,134,2,0,8,16.75,7,7,300,10,10,10.0,,MIN_EXPANDED_SIZE,False,1,310,1334,46,,,,,,,103270,,6680667,,,16043131,,,,,,225655,236308,0.9549190040117135,1,1,TIMEOUT,TRANSLATED_ONLY,TRANSLATE_ONLY,TRANSLATE_ONLY,1,1,TIMEOUT,TIMEOUT,180.3026005900001,180.4265580629999,0d260f8543eb83bf50f940cac1afcddaf0245ba32555539f4272dc7f56c8bd29,1edaa8f48bf420e0e3867d74de9bafdf701c61231865cd97bb125a67adde7d5f
b2,disjunctedExistence/0066.trace,disjunctedExistence,43d4cd6a258fce14a544ddfc107ce97e4591d36af4a6b020ee012f67194b5a6f,134,2,0,8,16.75,7,400,400,5,5,5.0,,MIN_EXPANDED_SIZE,False,1,149,1334,36,,,,,,80536,133558,7486831,7609350,0.9838988875528133,24994203,16150232,1.5476064368610927,,,,,331905,337772,0.982630294991888,1,1,TRANSLATED_ONLY,TRANSLATED_ONLY,TRANSLATE_ONLY,TRANSLATE_ONLY,1,1,TIMEOUT,TIMEOUT,180.4903877149991,180.4006281410002,8e9913cf25a2d134e56db520e162c8ab29df32359f121ba825d266680130a703,769c9360f4e21ee814482b3049292926541eb6954d27f9a2f8bd2411cdada2c1
b2,disjunctedExistence/0067.trace,disjunctedExistence,91d865176d70910e5658d0568f6799c7fd07c31c47b1eea93804f38bf3e5376c,134,2,0,8,16.75,7,8,400,10,10,10.0,,MIN_EXPANDED_SIZE,False,1,310,1334,46,,,,,,,136534,,8857614,,,21289502,,,,,,299080,292875,1.0211865130174989,1,1,TIMEOUT,TRANSLATED_ONLY,TRANSLATE_ONLY,TRANSLATE_ONLY,1,1,TIMEOUT,TIMEOUT,180.3308744749993,180.45799596299912,406af451c915ebda6835e18c3d7e6fd3a9ae29211ac6f50e39e1763c08852658,8b1cefaad67fdfce010672ec966d46e5abe8669541c973db8c50034f4c221aea
b2,disjunctedExistence/0069.trace,disjunctedExistence,622819d40ba94df8d8abeb6b955778f2a23b50fbe826af1277da478a3864b519,134,2,0,8,16.75,7,500,500,5,5,5.0,,MIN_EXPANDED_SIZE,False,1,149,1334,36,,,,,,,166327,,9544223,,,20268405,,,,,,414305,419771,0.9869786145303034,1,1,TIMEOUT,TRANSLATED_ONLY,TRANSLATE_ONLY,TRANSLATE_ONLY,1,1,TIMEOUT,TIMEOUT,180.3755558969999,180.54882674200053,6e9d26c12d0c8c0ab603f5eba156dddfd3c7e993abd59b26d8d5d595a27ff6a5,5b9fb33c24509c1dffe1741c2635360dc7efa69a88a1dab59663131cfc5591fe
b2,disjunctedExistence/0070.trace,disjunctedExistence,0cfd956822f9adddc5db2a29649255f2a901633e32f3a021d3575c9899d300fe,134,2,0,8,16.75,7,9,500,10,10,10.0,,MIN_EXPANDED_SIZE,False,1,310,1334,46,,,,,,,169930,,10988385,,,26353289,,,,,,372505,335567,1.1100763781897505,1,1,TIMEOUT,TRANSLATED_ONLY,TRANSLATE_ONLY,TRANSLATE_ONLY,1,1,TIMEOUT,TIMEOUT,180.4395075020002,180.49940114699984,0bd83f0c44896a0ec1d9a5b949d8abfc0589bb1831edecbb59d2afee8c0bfe74,499df8aff9197124a1e93d2c9e575a0475f78de558cb219ac8e0ee1626151cdf
b2,equal/0001.trace,equal,d49246fb746c17e1586e2867db0b38c03500efb47fb5651cf4883b43a0b95c1e,10,2,0,8,1.25,3,100,100,5,5,5.0,,MIN_EXPANDED_SIZE,False,1,42,94,36,,,,,,16320,34064,1485955,1857708,0.79988620385981,4878344,3928406,1.2418125825080197,,,,,48689,97020,0.501844980416409,1,1,TRANSLATED_ONLY,TRANSLATED_ONLY,TRANSLATE_ONLY,TRANSLATE_ONLY,1,1,TIMEOUT,TIMEOUT,180.1490040940007,180.16416968399972,37e70181e55f9c4459e5cabf7459c7d627810376b4c29b0ba7ee1c7b5b2b7b72,854b86588f13c4c2c0dee10c937ff8e985e289be43acf59d7198799e63e20f5b
b2,equal/0002.trace,equal,c4c504b73ecfe3051e9f57b0451084de14d0e5758787b689f5de361e371bbb0f,10,2,0,8,1.25,3,10,10,5,5,5.0,,MIN_EXPANDED_SIZE,False,1,42,94,36,,,,,,1920,4991,156117,206427,0.7562818817305875,512176,446597,1.146841559616388,,,,,7109,36963,0.19232746259773287,1,1,TRANSLATED_ONLY,TRANSLATED_ONLY,TRANSLATE_ONLY,TRANSLATE_ONLY,1,1,TIMEOUT,TIMEOUT,180.0595046020003,180.06128597499992,5fd9b2a0d68f95384c0cd1e740ca25126c2fc38ee4d4170645a35c8282d59ca8,a12754047f1ba11d17d8ec67cd20d8c0b60d3822c811d1ed38f1b52fd7ce7925
b2,equal/0003.trace,equal,a54af567df01635ac7e9ab2c69fccc5dfbe7036e61a5ece6e8b14f34a75d81f1,10,2,0,8,1.25,3,150,150,5,5,5.0,,MIN_EXPANDED_SIZE,False,1,42,94,36,,,,,,24320,49607,2224757,2741124,0.8116221666732333,7303996,5786206,1.2623117808111222,,,,,71889,110180,0.6524686876021056,1,1,TRANSLATED_ONLY,TRANSLATED_ONLY,TRANSLATE_ONLY,TRANSLATE_ONLY,1,1,TIMEOUT,TIMEOUT,180.24308133999875,180.2732904429995,7df6fb94b290cb9d99b7af3e943c8ff2cc6c8dc567e55ed2128162a3e1047a91,0fc707fb55e162c1227041589d5e15c94e0582a6e0183d6926621c94d3026235
b2,equal/0004.trace,equal,332954efe6beae93332a9411a11e213582f0e3d5fca888d0efe93f8cb778dcdd,10,2,0,8,1.25,3,200,200,5,5,5.0,,MIN_EXPANDED_SIZE,False,1,42,94,36,,,,,,32320,65447,2963556,3669855,0.8075403524117438,9729645,7786801,1.2495047709579326,,,,,95089,136250,0.6979009174311926,1,1,TRANSLATED_ONLY,TRANSLATED_ONLY,TRANSLATE_ONLY,TRANSLATE_ONLY,1,1,TIMEOUT,TIMEOUT,180.25215527799992,180.310413789,4666ba472fc6b05a5bb8e595a28801cc01ad03bcdc20764165b58474cf241524,b7985db5353a50619987c19b260a5a9f5ffba79fe0b5fd1ff78876220790a017
b2,equal/0005.trace,equal,86453d0b027578128918dd8e6850374eed8381f32b6ec05b52993568e47b4517,10,2,0,8,1.25,3,500,500,5,5,5.0,,MIN_EXPANDED_SIZE,False,1,42,94,36,,,,,,80320,160817,7396357,9099200,0.8128579435554774,24283546,19231731,1.2626812427856857,,,,,234289,257533,0.9097436056738359,1,1,TRANSLATED_ONLY,TRANSLATED_ONLY,TRANSLATE_ONLY,TRANSLATE_ONLY,1,1,TIMEOUT,TIMEOUT,180.4603380260014,180.4672987920003,91c42bcc2507d9ef0f72feae31b8783c5851ea4710a689baae028eccb406109c,4245f0415ae7438088ce84f0a9b208d7cfe1d924763d6ab93b7163dd7f3512b1
b2,equal/0006.trace,equal,32a25bd96a241f1fd10f4bf5f991f6898b65b0e7799fc6e658adc867dfe067f8,10,2,0,8,1.25,3,50,50,5,5,5.0,,MIN_EXPANDED_SIZE,False,1,42,94,36,,,,,,8320,17564,747157,923820,0.8087690242687969,2452696,1952702,1.2560523828008574,,,,,25589,65172,0.3926379426747683,1,1,TRANSLATED_ONLY,TRANSLATED_ONLY,TRANSLATE_ONLY,TRANSLATE_ONLY,1,1,TIMEOUT,TIMEOUT,180.10905697400085,180.17258744399987,9e68c4a9b6928cc1a6025f4b736687084eca6ed1a0f36e636c528bd965a19769,442a41c4690aa21fceb6f2a3b347a30188182a110e2eff66b9b7435dff8ff21b
b2,equal/0007.trace,equal,4cf75674988206dfe295cc17eb52615507e429ed7c80ed604edc779cb7eb2ca0,10,2,0,8,1.25,3,5,5,5,5,5.0,,MIN_EXPANDED_SIZE,False,1,42,94,36,2,0.2,1,4,5,1120,3341,82237,114406,0.7188171949023653,269611,251984,1.0699528541494698,,,,,4809,30697,0.1566602599602567,1,1,REUSED_E4,REUSED_E4,E4_REUSED,E4_REUSED,0,0,SAT,SAT,1.9884335639999335,4.258121433999804,fa0e4965187df8079455a9547caf276fdb51af57dbcfd9a5878575a943c796c3,f06f068dfb0a914e92d9412acea16f2acd605ed4016650b0ddea932e653e9df3
b2,equal/0008.trace,equal,68b9dbffdba5a8716cc749e502c78caaa27f683a9a081ec0950c20632e3b7341,5,2,0,5,1.0,2,100,100,5,5,5.0,,MIN_EXPANDED_SIZE,False,1,32,44,28,1,2.0,2,1,1,12147,16632,724265,834583,0.8678166221933589,2300106,1675039,1.3731656397254035,,,,,39640,82240,0.48200389105058367,1,1,REUSED_E4,REUSED_E4,E4_REUSED,E4_REUSED,0,0,SAT,SAT,8.4774160270008,12.368174240000371,6a3d5fcef97b20aa8ae0699bef642cb86cfe8625ca389e6680aedce597a1a0d5,cbfc52b5a31439ec08d46e82ec9c2ed4daf6e955ec60e81be375266a057a933b
b2,equal/0009.trace,equal,cecb682b73e3226b62a99ac3addf63d43d618e3b9e585fb4806cb9656ef7825f,5,2,0,5,1.0,2,10,10,5,5,5.0,,MIN_EXPANDED_SIZE,False,1,32,44,28,1,2.0,2,1,1,1347,2688,74495,105798,0.7041248416794268,235803,217428,1.0845107345880016,,,,,6204,40623,0.15272136474411047,1,1,REUSED_E4,REUSED_E4,E4_REUSED,E4_REUSED,0,0,SAT,SAT,1.9011509400006616,2.903463255999668,4a15429f6e3def16275f5d79c7607325348551e779f3d8e4ebdf0097681c9fca,8d72f0cd3e6a1a10221cfae4ab6a052183e3879ff5f3964d042d4718e9edcec3
b2,equal/0010.trace,equal,326b6a2c71e37fa4698ac9877ad12e365e9f3169daceb9ed57a6151c7545c6d1,5,2,0,5,1.0,2,150,150,5,5,5.0,,MIN_EXPANDED_SIZE,False,1,32,44,28,1,2.0,2,1,1,18147,21924,1085260,1109324,0.9783075097987604,3446951,2216157,1.555373107591204,,,,,58354,91390,0.6385162490425649,1,1,REUSED_E4,REUSED_E4,E4_REUSED,E4_REUSED,0,0,SAT,SAT,13.418801818000247,14.13922082099998,c9f3953186c22abc549f5c9273c407baf513bcbd02b207bdc5ea4ca85fb093af,091df58be6fa79cfc3eae432e374b7d3fb9b249908da7be405a48fc306cf27f2
b2,equal/0011.trace,equal,6a25bb440bd73b9db02ef82026418621ff2db1d014d247ffb4cb080dd44eaa80,5,2,0,5,1.0,2,200,200,5,5,5.0,,MIN_EXPANDED_SIZE,False,1,32,44,28,1,2.0,2,1,1,24147,28161,1446245,1442275,1.002752595725503,4593786,2898825,1.5847062171742,,,,,76966,100785,0.76366522796051,1,1,REUSED_E4,REUSED_E4,E4_REUSED,E4_REUSED,0,0,SAT,SAT,13.524365386998397,21.088095518000046,c01e75e64e88ff8c5f821409675986bb3d8b9793d64fc7220aacfcaeffc4012e,bb6bc5422ca05c1ae162672cbe37a89ed7895d6b44143d6f5ed9fcfa9e465fcb
b2,equal/0012.trace,equal,402ed177efa0f193824d67aea4e5b6574cd2d2ff2f653f025cac8a94543a8a51,5,2,0,5,1.0,2,500,500,5,5,5.0,,MIN_EXPANDED_SIZE,False,1,32,44,28,1,2.0,2,1,1,60147,58359,3612182,3019323,1.1963549444693395,11474834,6052620,1.8958457659658132,,,,,189090,150465,1.2567042169275247,1,1,REUSED_E4,REUSED_E4,E4_REUSED,E4_REUSED,0,0,SAT,SAT,42.03858944000058,35.583476784000595,b187b7c6b89c2ac5a2e4513e6df7a88e201b7ea9558ea02f0991bfdb80e3c656,df321d47ce17ec781560d0a5d3aafe5ec0a88367d3d3ad699d3a52c8ba97e306
b2,equal/0013.trace,equal,8cebc4f8416d5be2c6a204cd769627cf8e59eb27115e3a87f20a6d366fcc26e9,5,2,0,5,1.0,2,50,50,5,5,5.0,,MIN_EXPANDED_SIZE,False,1,32,44,28,1,2.0,2,1,1,6147,8190,363281,390720,0.9297732391482392,1153272,781431,1.4758462359440565,,,,,21050,69207,0.3041599838166659,1,1,REUSED_E4,REUSED_E4,E4_REUSED,E4_REUSED,0,0,SAT,SAT,6.986564155999076,7.246274834999895,3b216544c40ae12ca365b3ec3f63fbeaa64d4542899effa7eb18e621d16995ec,4eea265814c1c72c050adb59fc1f5b48a97a5376168f985746626374dc8e8311
b2,equal/0014.trace,equal,6bebe7d6a616c309c24c8503f0245c9ddfca89df3734c741eb461ba94ab2c090,5,2,0,5,1.0,2,5,5,5,5,5.0,,MIN_EXPANDED_SIZE,False,1,24,44,22,1,2.0,2,1,1,747,1698,38396,54672,0.7022973368451858,121118,111160,1.0895825836631883,,,,,4354,22847,0.1905720663544448,1,1,REUSED_E4,REUSED_E4,E4_REUSED,E4_REUSED,0,0,SAT,SAT,1.29416017100084,2.4183961620001355,ab6ec7ed09ca66fce4d85f519430daeba1a4a2606e7e3b89b96732d547a82cdc,55675d0d1e268efe60e6438a326b9695aa91b308cb607b2cfea1c98c34b7e1cf
b2,equal/0015.trace,equal,6a33b18c2367b297b6d09d9e44c594eb9d376ae81f2c1def6e1e3f6b14dd33eb,18,2,0,8,2.25,3,100,100,5,5,5.0,,MIN_EXPANDED_SIZE,False,1,58,174,36,3,1.0,1,3,3,16320,33008,1485956,1806713,0.822463778142959,4878345,3824244,1.2756364395158886,,,,,48689,96848,0.5027362464893441,1,1,TRANSLATED_ONLY,REUSED_E4,TRANSLATE_ONLY,E4_REUSED,1,0,TIMEOUT,SAT,180.19397432700134,94.07383759899858,beea6126dcd69b569d8716804bb41091f017358a5706a5f86baa6e304d426686,9fe873edf38c6d2f7153eee3ef05c99d4294878c4a008d003ceae198a4354862
b2,equal/0016.trace,equal,8b761ca9f997be17658c978560d3f885344a9358ad321796a7e719bfe6ce0a65,18,2,0,8,2.25,3,10,10,5,5,5.0,,MIN_EXPANDED_SIZE,False,1,58,174,36,3,0.6666666666666666,1,3,3,1920,4991,156117,210003,0.7434036656619191,512176,459629,1.114324814143581,,,,,7109,36842,0.19295912274035068,1,1,REUSED_E4,REUSED_E4,E4_REUSED,E4_REUSED,0,0,SAT,SAT,2.7642156250001335,5.7715972619998865,57dde53ed2d866b72e51660bf23f58a44ea852482a0df7062de6feb306fcb4ca,8e9bc1f83db0ba2d75658b35901eaca5ca6d1e30a55354fd7b5a9a80f0e24ae5
b2,equal/0017.trace,equal,415e06b8e00b1e8d4fe33da97c84cc3f295b257fedb8b3b7d229ef248830565b,18,2,0,8,2.25,3,150,150,5,5,5.0,,MIN_EXPANDED_SIZE,False,1,58,174,36,3,1.0,2,3,3,24320,48584,2224754,2698278,0.8245088163636215,7303993,5713873,1.2782910995746668,,,,,71879,112910,0.6366043751660615,1,1,REUSED_E4,REUSED_E4,E4_REUSED,E4_REUSED,0,0,SAT,SAT,89.00178762900032,166.7267344339998,555bff0a073a8ea5c95fc075960bd667b0e48a75736c8c0dbd750e4c11449ec2,58762f5b14818c2007357fb2974822a4fbf1189a7459b2e32c26d8b09ed1421b
b2,equal/0018.trace,equal,38dbdb0155ed1902ee1ecfcc93fe20dfdb107c03d20deb11e4e6de2a806eb736,18,2,0,8,2.25,3,200,200,5,5,5.0,,MIN_EXPANDED_SIZE,False,1,58,174,36,,,,,,32320,64424,2963556,3580234,0.8277548339019182,9729645,7533660,1.2914897938054013,,,,,95089,137264,0.692745366592843,1,1,TRANSLATED_ONLY,TRANSLATED_ONLY,TRANSLATE_ONLY,TRANSLATE_ONLY,1,1,TIMEOUT,TIMEOUT,180.23740303600061,180.23073152399957,2ced0c64c15b4c7749099a255578e62e894a627f4cc6447ea794558bcf548a73,91ba6abdd0acefa5e430c947330cf2e4a280c3ab7e1bb4115b7c21801e133279
b2,equal/0019.trace,equal,18cc01c619b4357e619182899a50849090d84dce2cd2f99cabcf420d4f23bf10,18,2,0,8,2.25,3,500,500,5,5,5.0,,MIN_EXPANDED_SIZE,False,1,58,174,36,,,,,,80320,157418,7396353,8944309,0.8269339755592076,24283542,18938324,1.2822434551230615,,,,,234279,254401,0.9209043989606959,1,1,TRANSLATED_ONLY,TRANSLATED_ONLY,TRANSLATE_ONLY,TRANSLATE_ONLY,1,1,TIMEOUT,TIMEOUT,180.4616492140001,180.50400916499984,500bd4bca3094e1ccd33043391c16af9a8358aebb27912b71856adaa3c00fe79,49b78df65b3e01195b856143b1908b1efc1c01167ff9762b7870e3191ee042c5
b2,equal/0020.trace,equal,e5b5f71aaa4f83bfb89a82fcc9a1d9b77f761080bbe91790b43f8c80250f807d,18,2,0,8,2.25,3,50,50,5,5,5.0,,MIN_EXPANDED_SIZE,False,1,58,174,36,3,1.0,2,3,3,8320,17465,747157,919887,0.8122269365693829,2452696,1943189,1.2622014636764618,,,,,25589,70225,0.3643859024563902,1,1,TRANSLATED_ONLY,REUSED_E4,TRANSLATE_ONLY,E4_REUSED,1,0,TIMEOUT,SAT,180.13248956000007,64.58260168400011,19e216b176fada0a27db081c814d23ae093489ff47cf26d3ef6b643f3c9419b6,d0dff93e607af79833689289542ffe040ef9e1263fe6f07c0dba99648e57f093
b2,equal/0021.trace,equal,b1e3c019e26ccc9ae26b50e4aa559c39fb6fdca6d7807a00026c13cd4d3c4c3b,18,2,0,8,2.25,3,5,5,5,5,5.0,,MIN_EXPANDED_SIZE,False,1,58,174,36,2,0.6666666666666666,2,3,3,1120,3341,82237,114515,0.7181329956774222,269611,252241,1.0688627146260916,,,,,4809,34944,0.13762019230769232,1,1,REUSED_E4,REUSED_E4,E4_REUSED,E4_REUSED,0,0,SAT,SAT,2.233806573000038,4.4344039699999485,cdcf822a435115308a5496764c4ff64268806194f67e494bd31ca546fcde3e0a,1f7d6baa9bd2bb51de5d15eddc8d6cebf476155c0c0e319201c44f00c0707386
b2,equal/0022.trace,equal,54aac81ee3b36bf4c2e56ccc89676b262fda5407f52f4b8283d6e29db86a8181,6,2,0,6,1.0,3,100,100,5,5,5.0,,MIN_EXPANDED_SIZE,False,1,34,54,32,,,,,,14222,25341,995723,1361672,0.7312502570369369,3219922,2806061,1.1474882406334004,,,,,48688,88932,0.5474744748796834,1,1,TRANSLATED_ONLY,TRANSLATED_ONLY,TRANSLATE_ONLY,TRANSLATE_ONLY,1,1,TIMEOUT,TIMEOUT,180.14855665199957,180.1292729299994,d8e4e661aedfa9171438afe3004daaa257fdda1e7f78a678efdb3bee16295ead,aa503251fcbf0ece68eb05b119ac9a17b4487ee0cc08f4a676d89e99c6eb00fa
b2,equal/0023.trace,equal,f963d51b04b474bbc92efce90577bf4747d5beb8e0bf538f00ddc3b7d4fbaf98,6,2,0,6,1.0,3,10,10,5,5,5.0,,MIN_EXPANDED_SIZE,False,1,34,54,32,2,0.2,1,4,5,1622,3591,104004,147372,0.705724289552968,335873,307237,1.0932049199803409,,,,,7108,35532,0.20004502983226388,1,1,REUSED_E4,REUSED_E4,E4_REUSED,E4_REUSED,0,0,SAT,SAT,6.376182462000088,4.546784564000063,c2ecefaf068706f628e73f4146cd1331ef5405d5f24ab39eb8cbc5ea65170d3a,6627e312331cca4977277ac6f9bb458c22bfed43a471bfe12ef23a8c5b50e853
b2,equal/0024.trace,equal,591191500853d381ffc261d6fc8335d26e1dd1db3e401462025d499293c452c7,6,2,0,6,1.0,3,150,150,5,5,5.0,,MIN_EXPANDED_SIZE,False,1,34,54,32,,,,,,21222,37541,1491124,2046918,0.7284727575799324,4822173,4223025,1.1418764984815386,,,,,71888,112383,0.6396697009334152,1,1,TRANSLATED_ONLY,TRANSLATED_ONLY,TRANSLATE_ONLY,TRANSLATE_ONLY,1,1,TIMEOUT,TIMEOUT,180.18350550800096,180.22791566599972,c71fcfe7004a13d964ed0a3aecf21bf7a81235ef78e5bfc787c7667ef576935f,76704756dabb60a72bb4ff5e11523753e284d7a146a98d7fd999ceefc8e96589
b2,equal/0025.trace,equal,edb9330d0129cc0be80bf467b4cbef6358640874afff7c1a9fe9e6c3571001bc,6,2,0,6,1.0,3,200,200,5,5,5.0,,MIN_EXPANDED_SIZE,False,1,34,54,32,,,,,,28222,49641,1986524,2714622,0.7317865986498304,6424423,5600381,1.1471403463442933,,,,,95088,128647,0.7391388839226721,1,1,TRANSLATED_ONLY,TRANSLATED_ONLY,TRANSLATE_ONLY,TRANSLATE_ONLY,1,1,TIMEOUT,TIMEOUT,180.22411196000007,180.214522837,c6aa35ddca9d151fa9f99938fe2da93dd08e604d7720be15e0c5042dd28a948f,384ff461a3f16aa6a5fe821f2b560ffc36c1a505794aaf95779c4a89b72e5e17
b2,equal/0026.trace,equal,88e940e86be14702db987816ee958a630575c2bd110e6bb025fa8a60b3e90740,6,2,0,6,1.0,3,500,500,5,5,5.0,,MIN_EXPANDED_SIZE,False,1,34,54,32,,,,,,70222,122816,4958923,6778475,0.7315691213731702,16037922,13946628,1.1499497943158734,,,,,234288,252891,0.9264386632976263,1,1,TRANSLATED_ONLY,TRANSLATED_ONLY,TRANSLATE_ONLY,TRANSLATE_ONLY,1,1,TIMEOUT,TIMEOUT,180.40487819300006,180.42386394000005,fbb31a176a8ad90aa923b3c286769ce08db74543ac8df12815bc734f463487e6,9c567242481ef359706ad9ce741d871446a09bc342e1efe79700040703296d38
b2,equal/0027.trace,equal,2060b406c622d13080c08aafed54ff741a77a75ea2c0424b337ed9562ffcd122,6,2,0,6,1.0,3,50,50,5,5,5.0,,MIN_EXPANDED_SIZE,False,1,34,54,32,,,,,,7222,13166,500324,681677,0.7339605120900368,1617673,1404534,1.1517506874166092,,,,,25588,65792,0.3889226653696498,1,1,TRANSLATED_ONLY,REUSED_E4,TRANSLATE_ONLY,E4_REUSED,1,0,TIMEOUT,UNSAT,180.11293242000102,94.44924523200007,0dc0e48cd17b6c66f943420aceae3905b0b60398d44962773472c896de108a6a,3f1a02b3084938afdacc3a586c435374ba00093d116cc8f2a7268303869d3d2b
b2,equal/0028.trace,equal,7f4d66bc49002a76dc3538d28842230ce9547b4ff15f23b217fac65a62f021ec,6,2,0,6,1.0,3,5,5,5,5,5.0,,MIN_EXPANDED_SIZE,False,1,34,54,32,1,0.0,0,3,3,922,2316,54464,79138,0.6882155222522682,175648,168907,1.0399095360168613,,,,,4808,29385,0.16362089501446317,1,1,REUSED_E4,REUSED_E4,E4_REUSED,E4_REUSED,0,0,SAT,SAT,2.318177557999661,2.6638900880006986,4374d804adc44cd93dfbe2ab51b18f62286775763115a7125aaa63df8e6f79d2,de44a203fb9c89051f6330f5f7a880c523c27cd8121f390bd74ef3087ea68b38
b2,equal/0029.trace,equal,b0b757df1984fbb189cd104036ada718f9ab017a51aae6d602b363378f4b397b,3,2,0,3,1.0,2,100,100,5,5,5.0,,MIN_EXPANDED_SIZE,False,1,22,24,5,1,1.0,1,1,1,10081,6780,404250,157287,2.570142478399359,1251610,298503,4.192956184694961,,,,,39628,50610,0.7830073108081407,1,1,REUSED_E4,REUSED_E4,E4_REUSED,E4_REUSED,0,0,SAT,SAT,4.745066059999772,3.6518153119995986,19dfaf223641191d2fe9d7ff141d7db519d3be09fbe5ab24018218e53a02e59d,95232de5d12eeee03e8463e5ff7a3ab89259940b89b1664186f2ccf8f508b0cc
b2,equal/0030.trace,equal,711ddd89f791ef8ab17f11b2a19baa627aeac6e0d21f0570a5d9fe2fbc7edc13,3,2,0,3,1.0,2,10,10,5,5,5.0,,MIN_EXPANDED_SIZE,False,1,22,24,5,1,1.0,1,1,1,1081,894,41394,19424,2.1310749588138385,127617,37123,3.4376801443848826,,,,,6190,20787,0.297782267763506,1,1,REUSED_E4,REUSED_E4,E4_REUSED,E4_REUSED,0,0,SAT,SAT,1.4170015689999218,1.28192071400008,d861edba05e7c550d7f0131844867dada802c6ea995f40f0ae0ae8b177b3a5fc,e16af85b175eb4304dd5a17f500962f0550947ff91f38a35ae4709b34cad4135
b2,equal/0031.trace,equal,07d9495d2d7df44ccf12e6c70a0471d48176e442f29c2986e9730e35f9ec0057,3,2,0,3,1.0,2,150,150,5,5,5.0,,MIN_EXPANDED_SIZE,False,1,22,24,5,1,1.0,1,1,1,15081,9318,605846,216317,2.8007322586759247,1876052,411101,4.563481966718641,,,,,58300,59997,0.9717152524292881,1,1,REUSED_E4,REUSED_E4,E4_REUSED,E4_REUSED,0,0,SAT,SAT,7.049328763000176,4.043039731000135,ac5092cb7a685b94558098fb847b598cba1a965f002840666bc392637914a6fd,8eaf9cbb790595423b5b4ea0f094f8b831a93dadfab35d88920dcf02a1926d8a
b2,equal/0032.trace,equal,22f8f30c38f86e2961b6487ba7ec8102440b1da43a7633778cf607c34dc4bfe2,3,2,0,3,1.0,2,200,200,5,5,5.0,,MIN_EXPANDED_SIZE,False,1,22,24,5,1,1.0,1,1,1,20081,11955,807436,278954,2.8945130738401312,2500491,529772,4.719938011068913,,,,,77000,71053,1.0836980845284505,1,1,REUSED_E4,REUSED_E4,E4_REUSED,E4_REUSED,0,0,SAT,SAT,8.767690153999865,5.207640493001236,b9786aad1a2d709508dec7f605f6202c51c95458b350b110094350f2046ddd1d,9c3435e0f7b1ed7ecfdeed42806decd615245eb941f712b0eef00198730dfdd7
b2,equal/0033.trace,equal,42ae15afdc2e72af93dec4c095ef937630ddcb39ac7c44d122e402f86296ccfd,3,2,0,3,1.0,2,500,500,5,5,5.0,,MIN_EXPANDED_SIZE,False,1,22,24,5,1,1.0,1,1,1,50081,24627,2016947,574635,3.509961975862939,6247118,1093334,5.7138239549853935,,,,,189032,119387,1.5833549716468291,1,1,REUSED_E4,REUSED_E4,E4_REUSED,E4_REUSED,0,0,SAT,SAT,23.950930899000014,9.010383955999714,ee36892abd1e74f860ba1060e46bf4cdfd2339cb37dffcac78341d93387ccea6,c6bef313f8e7ea3d96ae01844b9a3ec393ac834cc55843a8c5949e4c020c41b7
b2,equal/0034.trace,equal,2b22e3672cf346ef8bceba6aa27fbb5bd388ea8ad69c40e7e97d187ea0c7a395,3,2,0,3,1.0,2,50,50,5,5,5.0,,MIN_EXPANDED_SIZE,False,1,22,24,5,1,1.0,1,1,1,5081,3648,202658,83505,2.426896593018382,627164,158435,3.958494019629501,,,,,21014,37110,0.5662624629479924,1,1,REUSED_E4,REUSED_E4,E4_REUSED,E4_REUSED,0,0,SAT,SAT,3.0236460240003,2.186812152000016,3a82c901859dc1b006eed2674493c56bbb67aadb023215fb9d8b06adc41d3f9c,b5c0c4a724febd77dec792a4a9b07dca5af181cdf8bbe4e14bf6275f1f9773aa
b2,equal/0035.trace,equal,efa12ce81efae335dc2fc0910a4b88d841f0936b905544dacaf74b02f6ce95b9,3,2,0,3,1.0,2,5,5,5,5,5.0,,MIN_EXPANDED_SIZE,False,1,22,24,5,1,1.0,1,1,1,581,534,21237,10886,1.9508543082858718,65175,20798,3.1337147802673333,,,,,4354,12317,0.3534951692782333,1,1,REUSED_E4,REUSED_E4,E4_REUSED,E4_REUSED,0,0,SAT,SAT,1.062132302000009,1.1958551500001704,228cdf4c06a1e6b85ac72833c5df1395627a332d47743b3846d4de2aef197c4a,c1e4a0816ead44e11a4ea16de65473abf0ebb22dbc7f133c2878743dbf9fbe76
b2,equal/0036.trace,equal,353e8b045848d454806ff176d7d39d1f870de1ac30bee6cc65bdbe1fd2f87dfe,10,2,0,8,1.25,3,100,100,5,5,5.0,,MIN_EXPANDED_SIZE,False,1,42,94,36,2,0.6666666666666666,1,3,3,16320,33536,1485956,1839382,0.8078561168914342,4878345,3894988,1.2524672733266444,,,,,48689,94273,0.51646812979326,1,1,REUSED_E4,REUSED_E4,E4_REUSED,E4_REUSED,0,0,SAT,SAT,19.03266172199983,53.953413901000204,b7bdd7a096f67b4d563f0e20edc0b09ed797e1bd3099985a18f28748e68fba3a,640c5d9164736f75d76811b8402b8e1bafa2cc44f295e647b39e20ce52190246
b2,equal/0037.trace,equal,8e23125d1a97f16b9aa603e0f88af1d097eac1636d15d041a3b233ac7df17b50,10,2,0,8,1.25,3,10,10,5,5,5.0,,MIN_EXPANDED_SIZE,False,1,42,94,36,2,0.6666666666666666,1,3,3,1920,4925,156117,200599,0.7782541288839925,512176,428461,1.1953853442903788,,,,,7109,40163,0.1770037098822299,1,1,REUSED_E4,REUSED_E4,E4_REUSED,E4_REUSED,0,0,SAT,SAT,2.6584974209999928,8.321281647000433,1b9b23cf8543eccaf934ca18a9ee2b6a0a4c8e8bebb19a8c316afc1a4d8f1038,820564dd4e29f830587b2aa8cec75683e74409534ceec8e6ce4cccecfe22a062
b2,equal/0038.trace,equal,4d24fb57818be344b2dc7cc7e11f0284590551691d78845da16fa441585533f5,10,2,0,8,1.25,3,150,150,5,5,5.0,,MIN_EXPANDED_SIZE,False,1,42,94,36,2,0.6666666666666666,1,3,3,24320,49277,2224756,2730325,0.8148319339272797,7303995,5770307,1.2657896711561447,,,,,71889,114052,0.6303177497983375,1,1,REUSED_E4,REUSED_E4,E4_REUSED,E4_REUSED,0,0,SAT,SAT,25.073049814000115,125.87195136900027,90bf94765befc898a29e50ef5c7c4e42fcf90e3cd11a6a97fd645a050c71f62f,c22c1ffde7f46f676a0b67541801c304a3a37dc6d5c8310a1dbeec711c8c2c33
b2,equal/0039.trace,equal,0d5ade36218701a3ad9bb7a45cdc9fd97f1e71a2ac121ffdaec5ac6268e17437,10,2,0,8,1.25,3,200,200,5,5,5.0,,MIN_EXPANDED_SIZE,False,1,42,94,36,2,0.6666666666666666,1,3,3,32320,64688,2963556,3612219,0.8204253396596386,9729645,7637425,1.2739431156443435,,,,,95089,137043,0.693862510306984,1,1,REUSED_E4,REUSED_E4,E4_REUSED,E4_REUSED,0,0,SAT,SAT,47.06588772000032,127.60729120699989,2bd2e7a39fca925e019026b357976101d375ad3cf793da265f8a65def9db7693,e9e3c2ba54ed0653bde6bf2f5d8e6cdb61c0d8cb1774b162c2425d42f965e23b
b2,equal/0040.trace,equal,87a399fb051ea4bdb2cf7ff71b23af3577838a2c90898c341fa665bca6a8ba38,10,2,0,8,1.25,3,500,500,5,5,5.0,,MIN_EXPANDED_SIZE,False,1,42,94,36,,,,,,80320,157880,7396352,8932809,0.827998449311969,24283543,18870576,1.286846940973079,,,,,234289,259510,0.9028129937189319,1,1,REUSED_E4,TRANSLATED_ONLY,E4_REUSED,TRANSLATE_ONLY,0,1,SAT,TIMEOUT,107.10868512299999,180.46445477700036,25c39b7a35e193d3aa1ee5e7f2aa54ec0b889691e869e672fad3981d0389f995,aa74623dadf366e6d48b98baec3c7137bfe0cba1f4a4f696c029bb9a57594c94
b2,equal/0041.trace,equal,039db8452a2b4e828889363c84368109bf7adcced910749d0a98c7dfb219a90a,10,2,0,8,1.25,3,50,50,5,5,5.0,,MIN_EXPANDED_SIZE,False,1,42,94,36,2,0.6666666666666666,1,3,3,8320,17300,747157,912967,0.8183833588727741,2452696,1936569,1.2665161943622973,,,,,25589,73414,0.34855749584547907,1,1,REUSED_E4,REUSED_E4,E4_REUSED,E4_REUSED,0,0,SAT,SAT,9.63123199599977,39.656574159998854,584b88f9274c251d0b573d5c3d590b772a0816c01fd7ea0825e3e5d676c24d53,67911c616e69837538d00730ca98295591acf95864a38e5eea76259c2f0c38f1
b2,equal/0042.trace,equal,428b7280c06cd1c4a3dfee817f27bd54186bddd87680459d4e5d202f6b9ee9bd,10,2,0,8,1.25,3,5,5,5,5,5.0,,MIN_EXPANDED_SIZE,False,1,42,94,36,2,0.3333333333333333,1,3,3,1120,3341,82237,114931,0.7155336680269031,269611,255185,1.0565315359445109,,,,,4809,35045,0.137223569696105,1,1,REUSED_E4,REUSED_E4,E4_REUSED,E4_REUSED,0,0,SAT,SAT,1.8436511310001151,3.893795735999447,5de4249561fb4820e7d946a19d6808066082dc3d80c0e0b241341f1a344793d3,555381e298e4e36348101ff95d3b082af4edd795caa8adeed4c179196bc854b4
b2,increasingNumVariables/0000.trace,increasingNumVariables,2a830f2df3356171c4f0fbb2ee06b60cc05a085713ab083d9c190429af24221d,10,2,0,8,1.25,3,15,15,5,5,5.0,,MIN_EXPANDED_SIZE,False,1,42,94,36,2,0.6666666666666666,1,3,3,2720,6410,229997,292182,0.7871703253451616,754741,628100,1.2016255373348192,,,,,9419,46734,0.20154491376727865,1,1,TRANSLATED_ONLY,REUSED_E4,TRANSLATE_ONLY,E4_REUSED,1,0,TIMEOUT,SAT,180.0716614590001,9.20549054900016,ab7a70c98fac4fc6eaef7bfa5cdfbfdad7045747ff8f2c5d567bce6907db6fa7,f3ef47f23b3a2ced66ddc9326f984f0f78c872570f71b97115b64fef4d7c2a5e
b2,increasingNumVariables/0001.trace,increasingNumVariables,b36c289e04b6261695173c7e059f424c953ab6dd4e58c9e071501c7acc64c31d,10,2,0,8,1.25,3,20,20,5,5,5.0,,MIN_EXPANDED_SIZE,False,1,42,94,36,2,0.6666666666666666,1,3,3,3520,8027,303876,381407,0.7967237098427664,997305,816797,1.220994935094032,,,,,11729,50738,0.23116796089715794,1,1,REUSED_E4,REUSED_E4,E4_REUSED,E4_REUSED,0,0,SAT,SAT,120.44809399199949,13.63315124699966,911fd1f4fab4761bc5fa06fded7e63d0a34516ac6ddb03e8a757c6e92501a9d6,667fb358225daf0684c6d31509db8ff127bbccc27d7e66f458427a40f4ac793c
b2,increasingNumVariables/0002.trace,increasingNumVariables,a9a5b3b328f419ed605aab700da4cfd7fd98178115d7b84ae68a26e0cd89df04,10,2,0,8,1.25,3,25,25,5,5,5.0,,MIN_EXPANDED_SIZE,False,1,42,94,36,2,0.6666666666666666,1,3,3,4320,9611,377757,476467,0.7928293040231538,1239871,1022921,1.2120887145732662,,,,,14039,57221,0.24534698799391833,1,1,TRANSLATED_ONLY,REUSED_E4,TRANSLATE_ONLY,E4_REUSED,1,0,TIMEOUT,SAT,180.06578451800124,17.67376081600014,63d16ecb95d334ec50bd453c27dcb247e219f7a1500d322b67fc57a1fc7fb497,dbc2b5003cf083d98e04e583e7f3105cf3c905d1e03c2646d493e4d0f0fc1113
b2,increasingNumVariables/0003.trace,increasingNumVariables,554d1db6d50e510609a8c1e3ffd7d556385f38ffb0b5bdc160657ceb008146ba,10,2,0,8,1.25,3,30,30,5,5,5.0,,MIN_EXPANDED_SIZE,False,1,42,94,36,2,0.6666666666666666,1,3,3,5120,11360,451637,570310,0.7919149234626782,1482436,1217928,1.2171786837974001,,,,,16349,52574,0.3109712024955301,1,1,REUSED_E4,REUSED_E4,E4_REUSED,E4_REUSED,0,0,SAT,SAT,10.702148871001555,18.02657930299938,5a7041d46d1cd72852e44eac6a7ec46f171269c8f3b9e7a625aa484d1e49a059,d57c0fa3df869f04cae066f35a55877272b440c69b8ab0b2fede2e11f47914d2
b2,increasingNumVariables/0004.trace,increasingNumVariables,0ab5b815ca087c0ea6b2d5eeef146081cb9011ec8bd9f597a695d4a23df493c4,10,2,0,8,1.25,3,35,35,5,5,5.0,,MIN_EXPANDED_SIZE,False,1,42,94,36,2,0.6666666666666666,1,3,3,5920,12746,525517,653702,0.8039091206696629,1725001,1392772,1.238537966013102,,,,,18659,61068,0.30554463876334576,1,1,REUSED_E4,REUSED_E4,E4_REUSED,E4_REUSED,0,0,SAT,SAT,58.78637675699974,13.074897183999838,583ef51d4c386a73ef901c87447a93bf92e927cd5b8bf87b6b7bfa0da71681f3,d57096ba725f95976aa2c94d47cbbc04e7f2230c77b788bb0b172c5928ce143e
b2,increasingNumVariables/0005.trace,increasingNumVariables,dbdd627746860fa9b0e155e7eb7bb5b002787d7d0438d288ce8784b5c9a467e8,10,2,0,8,1.25,3,40,40,5,5,5.0,,MIN_EXPANDED_SIZE,False,1,42,94,36,2,0.6666666666666666,1,3,3,6720,14264,599397,739588,0.810447167882659,1967566,1570282,1.2530016901422802,,,,,20969,66962,0.3131477554433858,1,1,REUSED_E4,REUSED_E4,E4_REUSED,E4_REUSED,0,0,SAT,SAT,7.272882860001118,24.42959717099984,2597ec17044af0c5c9672018c9f520cb5592754a8528cf0f1e507a15fdf3282c,87d0fb1b5fe807d00548edb59e8a62f4035ddabbfc1fda37e92ebdfd021faa7f
b2,increasingNumVariables/0006.trace,increasingNumVariables,a032eec421c1e7a369a80d20704c289cca03b525420d89c4af8c374bd834215f,10,2,0,8,1.25,3,45,45,5,5,5.0,,MIN_EXPANDED_SIZE,False,1,42,94,36,2,0.6666666666666666,1,3,3,7520,16145,673277,846859,0.7950284521980636,2210131,1807317,1.2228795501840575,,,,,23279,65579,0.35497644062885986,1,1,REUSED_E4,REUSED_E4,E4_REUSED,E4_REUSED,0,0,SAT,SAT,8.830051633999574,41.52453561499988,6d6041530e87744e21a631dc4f9c43268f90c31e28e69e414c6d4637ff4ca693,924798ff523ae6bed579216dfbc629f6c9968475974053f7d1f5b78c4fc40a7b
b2,increasingNumVariables/0007.trace,increasingNumVariables,ad8b69cca65b23e3aa0252f99d9c19a337e1bd035c5ca9bd532bebc35f387bcb,10,2,0,8,1.25,3,50,50,5,5,5.0,,MIN_EXPANDED_SIZE,False,1,42,94,36,2,0.6666666666666666,1,3,3,8320,17531,747157,931771,0.8018676262729791,2452696,1980449,1.238454512082866,,,,,25589,73535,0.34798395321955533,1,1,REUSED_E4,REUSED_E4,E4_REUSED,E4_REUSED,0,0,SAT,SAT,9.85507365400008,32.94534576899969,d158678179f3b584a297ac83cd46d264ae74b3f40a166b421e182682b6a9b20b,52744dbdbce88f23435f2b2bd7699dcd6271daf0aa6ad18a10ad4927dc7a73de
b2,increasingNumVariables/0008.trace,increasingNumVariables,3490642575d80a5a874820816271c5464aae14f576b0aad111d8eb63e5c462d3,11,2,0,8,1.375,4,15,15,5,5,5.0,,MIN_EXPANDED_SIZE,False,1,44,104,36,2,0.4,1,5,5,2918,6649,246541,302049,0.8162284927280011,813569,648175,1.2551687430092182,,,,,10773,40148,0.26833217096742057,1,1,TRANSLATED_ONLY,REUSED_E4,TRANSLATE_ONLY,E4_REUSED,1,0,TIMEOUT,SAT,180.08039770899995,53.03625099300007,ac14d205bc51dfb16dbc416717451c463620bb9b5f781791ee5ced2fdf4c7dda,f4bbd4c610e8bd1f881fde4374dbf68d8d7ccc3bf4d5abb269c50c62c7e5672c
b2,increasingNumVariables/0009.trace,increasingNumVariables,d58daa4fbf06f40b12f0a79766289a658995837b04cbbd5ad57386ac6a1aed9b,11,2,0,8,1.375,4,20,20,5,5,5.0,,MIN_EXPANDED_SIZE,False,1,44,104,36,2,0.4,1,5,5,3768,8299,325291,398151,0.8170041014589942,1073404,856641,1.25303832060338,,,,,13533,42637,0.31740037995168513,1,1,TRANSLATED_ONLY,REUSED_E4,TRANSLATE_ONLY,E4_REUSED,1,0,TIMEOUT,SAT,180.06902834299945,79.26868582499992,9487de0a8f0698a6d09a83b35149e92f5cc7cd04b20c066c701d14ad5fc7fe30,101697274768a2571c7494973c170cab9e27ad039a74816385384ac05c173744
b2,increasingNumVariables/0010.trace,increasingNumVariables,be9d539eb333b64bd4386b76053c5ef1fbd95a8b36c9b3403944f38f5b4241ff,11,2,0,8,1.375,4,25,25,5,5,5.0,,MIN_EXPANDED_SIZE,False,1,44,104,36,2,0.4,1,5,5,4618,9916,404041,495670,0.8151411221175379,1333239,1066872,1.2496710008323397,,,,,16293,44734,0.36421960924576385,1,1,TRANSLATED_ONLY,REUSED_E4,TRANSLATE_ONLY,E4_REUSED,1,0,TIMEOUT,SAT,180.08233560699955,102.23466055500103,fc177de4bed7ffa1a511501cdd533207e1a5b6f0b118f83e905161c9ccb8c2fa,115a2e99400178ebdd3948c87d83db03d2e97910cd548e7ff0fbc1daa94b416c
b2,increasingNumVariables/0011.trace,increasingNumVariables,39cf098d2ef0dd162a82dc3e34366a8e93706c6e131558d9356a4ffc5cef3fb7,11,2,0,8,1.375,4,30,30,5,5,5.0,,MIN_EXPANDED_SIZE,False,1,44,104,36,2,0.4,1,5,5,5468,11566,482791,578890,0.8339943685328819,1593074,1227200,1.2981372229465449,,,,,19053,51060,0.37314923619271445,1,1,TRANSLATED_ONLY,REUSED_E4,TRANSLATE_ONLY,E4_REUSED,1,0,TIMEOUT,SAT,180.0966477400034,108.90230067800076,3660927c7931b175a742abd71b1c2fb45283ff9c0f97efdcbaebe63b567996a3,62e03b2c79ac48ba3bea8e04b151427dfce0b6962d9f731d5c3a76a2e53eb1c9
b2,increasingNumVariables/0012.trace,increasingNumVariables,c859293cb922db9a7147c373543002c252240451f6c91630c075fc58f4c884ba,11,2,0,8,1.375,4,35,35,5,5,5.0,,MIN_EXPANDED_SIZE,False,1,44,104,36,2,0.4,1,5,5,6318,13084,561541,672420,0.8351045477528926,1852909,1445414,1.2819226878942642,,,,,21813,53299,0.40925720932850523,1,1,TRANSLATED_ONLY,REUSED_E4,TRANSLATE_ONLY,E4_REUSED,1,0,TIMEOUT,SAT,180.0898575070005,144.68383019500016,1b9bf972a3bff041c70fd5b5a9deb53893f2a915d45e5155572d338cb10d2fe3,cb67caa8717231bc91bfc1adaa5310ae56917cfaee08bb5fcf94a62a912d3f88
b2,increasingNumVariables/0013.trace,increasingNumVariables,0a011e572c33dfcc58a4322a5a335d5939e820b9064a678a28e992cd8382c25c,11,2,0,8,1.375,4,40,40,5,5,5.0,,MIN_EXPANDED_SIZE,False,1,44,104,36,2,0.4,1,5,5,7168,14635,640291,755701,0.8472808690209488,2112744,1600711,1.319878479000894,,,,,24573,63341,0.3879477747430574,1,1,TRANSLATED_ONLY,REUSED_E4,TRANSLATE_ONLY,E4_REUSED,1,0,TIMEOUT,SAT,180.104312208,92.91486252100003,b8b044a85f3a6b3c1a8c5246b40d271ca70cf6122f1a121bcc61b16e3759dec1,84fdca971a1fc40670afdc9d0bef0916e613ca09cd4cb7244fa98b8bafcd6063
b2,increasingNumVariables/0014.trace,increasingNumVariables,13122ab372812a8693f6f0a4829643eed4ab6bb1126660338787e6d9fc15b715,11,2,0,8,1.375,4,45,45,5,5,5.0,,MIN_EXPANDED_SIZE,False,1,44,104,36,2,0.4,1,5,5,8018,16417,719041,866353,0.8299630750975642,2372579,1847651,1.2841056021943538,,,,,27333,54010,0.5060729494538049,1,1,TRANSLATED_ONLY,REUSED_E4,TRANSLATE_ONLY,E4_REUSED,1,0,TIMEOUT,SAT,180.10071356499975,112.38207150599919,3a82b3524a61cf2f7e53f10e9df681beb8d771d77f0436679243e7814ca4f0e1,3df1959ea9c276a73a9f8885f3abe1ea4b53fe7fe10b172770625a694e047fb8
b2,increasingNumVariables/0015.trace,increasingNumVariables,b4f9ef826a6c9e044262856ba196bc2748476bb88307df8b7e5a80aea8bffddc,11,2,0,8,1.375,4,50,50,5,5,5.0,,MIN_EXPANDED_SIZE,False,1,44,104,36,,,,,,8868,17836,797791,944120,0.8450101681989578,2632414,2006898,1.3116830053146697,,,,,30093,67936,0.44296102213848326,1,1,TRANSLATED_ONLY,TRANSLATED_ONLY,TRANSLATE_ONLY,TRANSLATE_ONLY,1,1,TIMEOUT,TIMEOUT,180.10224494100112,180.14104994599984,b89b609eff0f68d1240907ae8551f9adea1a6fe39fac231a07b5e73fd21068f8,140683de20bf759e4e6c1eb1386900d909e30e6343ff047cbfae7b413eb4a8de
b2,increasingNumVariables/0016.trace,increasingNumVariables,b8d2ada4fbe977db8b1b84190b6240d55964bf4b7a3e91a818b44004dff855ef,20,2,0,8,2.5,5,15,15,5,5,5.0,,MIN_EXPANDED_SIZE,False,1,62,194,36,3,0.4,1,5,5,3120,6624,263391,304316,0.86551807989064,873576,659466,1.3246717798946421,,,,,12127,41366,0.29316346758207223,1,1,TRANSLATED_ONLY,REUSED_E4,TRANSLATE_ONLY,E4_REUSED,1,0,TIMEOUT,SAT,180.0765319989987,52.59977777200038,fad8dd3f7f2e0661df0d3a4c0395dfff39918f151e36e7bdacd4e9e3a33bf867,0fdbd6d941644c519d0587054a50009f98f5e048482e615148ce561a5a5505c2
b2,increasingNumVariables/0017.trace,increasingNumVariables,259f511901444c8d8fdcc15939dc7c2cbcc4ef75a52afbc2fca95b757b67dfdc,20,2,0,8,2.5,5,20,20,5,5,5.0,,MIN_EXPANDED_SIZE,False,1,62,194,36,,,,,,4020,8274,347011,398688,0.8703823541215185,1150681,851534,1.351303647300049,,,,,15337,44184,0.3471166032953105,1,1,TRANSLATED_ONLY,TRANSLATED_ONLY,TRANSLATE_ONLY,TRANSLATE_ONLY,1,1,TIMEOUT,TIMEOUT,180.04158285199992,180.0935489830008,e60fcd361fda4ff301c387959edf4310e650df5644c002f6253da52139585696,aa05008d38d0e0dd57c39e2f4303e6c45bb34256c764bc22b7536b4c02586531
b2,increasingNumVariables/0018.trace,increasingNumVariables,95dfed9bcdbf631ea398e2743fa8ed7c48bf8428fbd0951f70a91f28a335a8de,20,2,0,8,2.5,5,25,25,5,5,5.0,,MIN_EXPANDED_SIZE,False,1,62,194,36,,,,,,4920,9957,430631,495879,0.8684195136313496,1427786,1063201,1.3429125819106642,,,,,18547,47074,0.39399668606874283,1,1,TRANSLATED_ONLY,TRANSLATED_ONLY,TRANSLATE_ONLY,TRANSLATE_ONLY,1,1,TIMEOUT,TIMEOUT,180.07473583000137,180.1180073630003,59a26d67000800dfaac8be2c1b03036780541dfbf22343bfd6cd9aa55f2e57d6,a11d53414b353994ee238c60248ba77684c6bf3cde9b488d13b758b9abe4b0d2
b2,increasingNumVariables/0019.trace,increasingNumVariables,6f005d78edc710d2c62fa5cbbde82652ac3302eed6133dca5eed9c797e70f493,20,2,0,8,2.5,5,30,30,5,5,5.0,,MIN_EXPANDED_SIZE,False,1,62,194,36,,,,,,5820,11640,514251,596948,0.86146699545019,1704891,1282658,1.3291859560381645,,,,,21757,45818,0.4748570430835043,1,1,TRANSLATED_ONLY,TRANSLATED_ONLY,TRANSLATE_ONLY,TRANSLATE_ONLY,1,1,TIMEOUT,TIMEOUT,180.10033486300017,180.08505459200023,e2c09212fe6fbf68f0c95ad080d58269f365f4a56684cb3b003e10a257dce6ab,9bf1849636fa04c326f017effefb18da201bfffd00c896dea31901307f0f9646
b2,increasingNumVariables/0020.trace,increasingNumVariables,311b784809d3a10949bdcc74d37655d9d9670a6d5ac7dd710e9af302bba16b28,20,2,0,8,2.5,5,35,35,5,5,5.0,,MIN_EXPANDED_SIZE,False,1,62,194,36,,,,,,6720,13224,597871,674570,0.8862994203714959,1981996,1430644,1.3853872801339817,,,,,24967,56396,0.4427087027448755,1,1,TRANSLATED_ONLY,TRANSLATED_ONLY,TRANSLATE_ONLY,TRANSLATE_ONLY,1,1,TIMEOUT,TIMEOUT,180.10967579200042,180.08904297400022,b6db26e5d754819c8ba63d6e68111af7d446d9d8ae654535a934ff015014d64f,a4873c2720b9df43ae3fb713110b4ca3cb36da3ae16fcc73008a75189f388215
b2,increasingNumVariables/0021.trace,increasingNumVariables,989fc91e6a7271d67957e6d27849d4bdd0bfb1ce56ac4f7b512f6d178148f375,20,2,0,8,2.5,5,40,40,5,5,5.0,,MIN_EXPANDED_SIZE,False,1,62,194,36,,,,,,7620,14808,681491,771074,0.8838204893434353,2259101,1640980,1.3766779607307829,,,,,28177,62974,0.4474386254644774,1,1,TRANSLATED_ONLY,TRANSLATED_ONLY,TRANSLATE_ONLY,TRANSLATE_ONLY,1,1,TIMEOUT,TIMEOUT,180.10578040699966,180.14054553499955,e7f46561d8950c38a15ecb105901bb1220999fe39618c716c389408a60570550,23ea26f22efe9211988d88e9435b6e789b3e0216cfcec0df16769da8344c48ed
b2,increasingNumVariables/0022.trace,increasingNumVariables,00d8d266dc5992c7363d439f814f2dae3511df0998a2c8d137a715baf7fa41a9,20,2,0,8,2.5,5,45,45,5,5,5.0,,MIN_EXPANDED_SIZE,False,1,62,194,36,,,,,,8520,16425,765111,865983,0.883517343873956,2536206,1842505,1.376498842608297,,,,,31387,69176,0.45372672603214986,1,1,TRANSLATED_ONLY,TRANSLATED_ONLY,TRANSLATE_ONLY,TRANSLATE_ONLY,1,1,TIMEOUT,TIMEOUT,180.1266031719997,180.18837969000015,cf8fd778c1378b07c00a0a8e5e82ee9a6182f16cc4f6c219520c8ee23cb313e2,147d1604da698d9104ffcd779832c7bea7cc6fb18b014390cd80c33e0e383035
b2,increasingNumVariables/0023.trace,increasingNumVariables,4f6b09f5963f91fc0cf5f929f73982cbc23193e0effa97207488206d56b9e47a,20,2,0,8,2.5,5,50,50,5,5,5.0,,MIN_EXPANDED_SIZE,False,1,62,194,36,,,,,,9420,18174,848731,962972,0.8813662287169305,2813311,2044050,1.3763415767716054,,,,,34597,60195,0.5747487332834953,1,1,TRANSLATED_ONLY,TRANSLATED_ONLY,TRANSLATE_ONLY,TRANSLATE_ONLY,1,1,TIMEOUT,TIMEOUT,180.11807107800087,180.15906842200002,4f1a9c4f0df39e56a61b6970dfcf7ecf86e61c729d833a14747eaaa843ecc370,e905ee11e2634d7bac5552d8a0b50164a5200942e29aade9db588085ef5ca959
b2,increasingNumVariables/0024.trace,increasingNumVariables,a6cb32342ce9879b98c0c7fc6e3c5ea45ab53a2b78d83e2adbb07a8fca75e9a7,37,2,0,8,4.625,6,15,15,5,5,5.0,,MIN_EXPANDED_SIZE,False,1,96,364,36,,,,,,3326,6698,280573,304566,0.921222329478668,934867,651360,1.4352539302382707,,,,,13481,38942,0.3461815006933388,1,1,TRANSLATED_ONLY,TRANSLATED_ONLY,TRANSLATE_ONLY,TRANSLATE_ONLY,1,1,TIMEOUT,TIMEOUT,180.0579037589996,180.09014240800025,aa05620ea5a3d031529d34646281fbe113de4de4d3c5b06f699322511e2af3d4,cfc3f75e16dde82b21770a1866cb81d8d434ab5377d7816314d0cfc799665a84
b2,increasingNumVariables/0025.trace,increasingNumVariables,38a441c409dc2b144fe14941b02a00a5998292fb1b1082fa897059c9cb05d284,37,2,0,8,4.625,6,20,20,5,5,5.0,,MIN_EXPANDED_SIZE,False,1,96,364,36,,,,,,4276,8348,369063,404788,0.9117439252151743,1229242,871082,1.4111668017477115,,,,,17141,42005,0.40807046780145223,1,1,TRANSLATED_ONLY,TRANSLATED_ONLY,TRANSLATE_ONLY,TRANSLATE_ONLY,1,1,TIMEOUT,TIMEOUT,180.08936442999948,180.12052863600002,213d67f3bbe6d13792a8bfbd438efff80a9f1aca69ae1b2d2f4e85d9483bf69f,87f83fb1a02886498acda82d3f410fc473b3ed1d5eb56abbb02b1df71a6996b4
b2,increasingNumVariables/0026.trace,increasingNumVariables,b20ab2030cacd00b675a176bb62d9a1c86f7b093e187cce6caa442da9506b75c,37,2,0,8,4.625,6,25,25,5,5,5.0,,MIN_EXPANDED_SIZE,False,1,96,364,36,,,,,,5226,9998,457553,499242,0.9164954070370682,1523617,1067668,1.4270512930986037,,,,,20801,45102,0.4611990599086515,1,1,TRANSLATED_ONLY,TRANSLATED_ONLY,TRANSLATE_ONLY,TRANSLATE_ONLY,1,1,TIMEOUT,TIMEOUT,180.06991468600063,180.08196922600018,a501a025372c38b83346f3fb75153026d82de08d6fe76d3877baf3be81b8caad,751074a230ea4ca6829ea7ce3374e1f190284dc4ebe57420661522049e3c115b
b2,increasingNumVariables/0027.trace,increasingNumVariables,eef1369c346b66bd1122b82261ff2687558f5613d70c776b649a1aacabd58a8d,37,2,0,8,4.625,6,30,30,5,5,5.0,,MIN_EXPANDED_SIZE,False,1,96,364,36,,,,,,6176,11648,546043,596312,0.9157001703806061,1817992,1286690,1.4129215273298152,,,,,24461,48324,0.5061874017051569,1,1,TRANSLATED_ONLY,TRANSLATED_ONLY,TRANSLATE_ONLY,TRANSLATE_ONLY,1,1,TIMEOUT,TIMEOUT,180.09028802799912,180.09981134200007,0a2e7d1799e2a6c6367cd900662e7d7c5c8c4310fa205399c46253b2d7094655,63894e39373bf55305a2ca6a4efddc91e86dcfefa8b52943b31938fdbaa195ea
b2,increasingNumVariables/0028.trace,increasingNumVariables,1b1c0b48abca612269a0a5beb3e2df127dfb1f148f79e2f87cef4d6657e029bb,37,2,0,8,4.625,6,35,35,5,5,5.0,,MIN_EXPANDED_SIZE,False,1,96,364,36,,,,,,7126,13232,634533,694644,0.9134650266899303,2112367,1496498,1.4115401423857565,,,,,28121,59631,0.47158357230299675,1,1,TRANSLATED_ONLY,TRANSLATED_ONLY,TRANSLATE_ONLY,TRANSLATE_ONLY,1,1,TIMEOUT,TIMEOUT,180.06964792899998,180.10121412800072,1e9b7b576bf8aca5c5a26c0349ff4d94ba94ded1df99680677f6751fcd3aa5fa,d1f116b6a075d5b016ec9a31978d58f6726a4a3ed6fced207b346fa7dc77da5f
b2,increasingNumVariables/0029.trace,increasingNumVariables,8a7057275ae0b67e48e560de6a18e860f8fc1cb61de272ff2366964b469ba2c9,37,2,0,8,4.625,6,40,40,5,5,5.0,,MIN_EXPANDED_SIZE,False,1,96,364,36,,,,,,8076,14948,723023,794356,0.9102002124991817,2406742,1703790,1.412581362726627,,,,,31781,54831,0.5796173697360982,1,1,TRANSLATED_ONLY,TRANSLATED_ONLY,TRANSLATE_ONLY,TRANSLATE_ONLY,1,1,TIMEOUT,TIMEOUT,180.06754941200052,180.09947358499994,a714ff47e73088de3406f796c08162d6dbe1594d482e0ee9a17868aae6232e4e,354dd39b28331499767271147b0ba3b1c55247b03e071bda4fc58bdc73e96c07
b2,increasingNumVariables/0030.trace,increasingNumVariables,8b5c385f728795afd3076a4ed38bf4d5c720f5e5896238927136d77c436417a8,37,2,0,8,4.625,6,45,45,5,5,5.0,,MIN_EXPANDED_SIZE,False,1,96,364,36,,,,,,9026,16532,811513,876666,0.9256809320767544,2701117,1874928,1.4406510543338198,,,,,35441,61801,0.5734696849565541,1,1,TRANSLATED_ONLY,TRANSLATED_ONLY,TRANSLATE_ONLY,TRANSLATE_ONLY,1,1,TIMEOUT,TIMEOUT,180.12651161199938,180.11659280000003,6d044ebbcba4b3295c166313ff071c7f62fd621c4e8e1cfceb98096e12a0511f,362815b93fe562e9dba9ce1d429e82d7c97340d8f3c3f02d466c3feec86dc3f5
b2,increasingNumVariables/0031.trace,increasingNumVariables,b9d9c6a6bf77197e2bd0a86c6f3ffb489ac0728893e34ce2b3455f63bc22a619,37,2,0,8,4.625,6,50,50,5,5,5.0,,MIN_EXPANDED_SIZE,False,1,96,364,36,,,,,,9976,18248,900003,972344,0.9256014332376196,2995492,2070590,1.4466852443023486,,,,,39101,61190,0.6390096420983821,1,1,TRANSLATED_ONLY,TRANSLATED_ONLY,TRANSLATE_ONLY,TRANSLATE_ONLY,1,1,TIMEOUT,TIMEOUT,180.09743184299987,180.1390929320005,3bebb0a8ba3c3468cced27a2c5945ebe131be87c2bc89d9bcbd4548bf3caea0a,15e49ff4c1a7b5c1d58edcb91d4b94374f1ee41f58d10f181eab431fded6a039
b2,increasingNumVariables/0032.trace,increasingNumVariables,b7cf7580413326dac839559fdca50aaec97939547f69aa0a041b6d9bb0412465,70,2,0,8,8.75,7,15,15,5,5,5.0,,MIN_EXPANDED_SIZE,False,1,149,694,36,,,,,,3536,6706,298111,308688,0.9657356295029286,997538,666822,1.4959584416830878,,,,,14835,40318,0.36794979909717745,1,1,TRANSLATED_ONLY,TRANSLATED_ONLY,TRANSLATE_ONLY,TRANSLATE_ONLY,1,1,TIMEOUT,TIMEOUT,180.08384242600005,180.07834592499967,35bb399f289df72424b115e0ea62c7ea4334f7951d792b34127450528c587ef5,6303e4df875b5e982f641702d8eff7f0ec7e505441c8edf21134fcc1d0a5faa5
b2,increasingNumVariables/0033.trace,increasingNumVariables,80d7b99994d4daf5e9963e4a57213517ce3e29bfda521ef5a4a9bc44fcaf6fab,70,2,0,8,8.75,7,20,20,5,5,5.0,,MIN_EXPANDED_SIZE,False,1,149,694,36,,,,,,4536,8323,391471,396407,0.9875481512687717,1309183,842557,1.5538212844946988,,,,,18945,47779,0.3965131124552628,1,1,TRANSLATED_ONLY,TRANSLATED_ONLY,TRANSLATE_ONLY,TRANSLATE_ONLY,1,1,TIMEOUT,TIMEOUT,180.06309196000075,180.1055086209999,7d7d2b307c6e33aa275e875812975f058142dc8caf3e85258354fa192e93bae9,dcb7bf5362e986864490ad0165ca2971234b61a2cb643154f04b32d71ed05d06
b2,increasingNumVariables/0034.trace,increasingNumVariables,7a65cd0145bf776eaf9661ae0e685ed7839a92690fa84acf04626812be97bbd3,70,2,0,8,8.75,7,25,25,5,5,5.0,,MIN_EXPANDED_SIZE,False,1,149,694,36,,,,,,5536,9973,484831,502935,0.9640033006253294,1620828,1083353,1.4961217627126153,,,,,23055,51302,0.449397684300807,1,1,TRANSLATED_ONLY,TRANSLATED_ONLY,TRANSLATE_ONLY,TRANSLATE_ONLY,1,1,TIMEOUT,TIMEOUT,180.09026162100054,180.0778236699989,7af35e4055dde0561526a5d166ade0207de2f5bc528b5720dd80f80ed9b54e72,828ebff059ce972279292745d3971e989aa26167e2f34406a6426f553d046029
b2,increasingNumVariables/0035.trace,increasingNumVariables,15ebecdc452d631fb7707f95523a5ecc78bd0f2bff49d35ee200f63e7c5c6b2f,70,2,0,8,8.75,7,30,30,5,5,5.0,,MIN_EXPANDED_SIZE,False,1,149,694,36,,,,,,6536,11656,578191,594284,0.9729203545779459,1932473,1275666,1.514873799254664,,,,,27165,50866,0.5340502496756183,1,1,TRANSLATED_ONLY,TRANSLATED_ONLY,TRANSLATE_ONLY,TRANSLATE_ONLY,1,1,TIMEOUT,TIMEOUT,180.08162873699985,180.0920025059986,a44a69e84358c6ec92ee0ddc693db07d4a1ce6aaed2b660478101310cfab61d1,dae5bd01f7b8e675734da52edda3e26fdd71597eb7a51688c0346893bb1744e6
b2,increasingNumVariables/0036.trace,increasingNumVariables,e1bd7a45a448d9c2b57fbfba8920bbc7876d3d9118b370924aae2a1290865042,70,2,0,8,8.75,7,35,35,5,5,5.0,,MIN_EXPANDED_SIZE,False,1,149,694,36,,,,,,7536,13273,671551,690315,0.9728182061812362,2244118,1481405,1.5148578545367404,,,,,31275,58896,0.531020782396088,1,1,TRANSLATED_ONLY,TRANSLATED_ONLY,TRANSLATE_ONLY,TRANSLATE_ONLY,1,1,TIMEOUT,TIMEOUT,180.09813135600052,180.1066988849998,7625c406345e0f399eb978ee1e8a96c8916c2ac5d8b6fbc9d047151972d261bf,6b1cff887624cb7198757b70b21dc69f2b5b89792d19a19688802b6cdb604a5c
b2,increasingNumVariables/0037.trace,increasingNumVariables,f7f3d0810bad48df9101e5126be866be791a9f80c7449afd5126b996deaeda0b,70,2,0,8,8.75,7,40,40,5,5,5.0,,MIN_EXPANDED_SIZE,False,1,149,694,36,,,,,,8536,14956,764911,781876,0.9783021860243823,2555763,1660266,1.5393695949926096,,,,,35385,58184,0.6081568816169394,1,1,TRANSLATED_ONLY,TRANSLATED_ONLY,TRANSLATE_ONLY,TRANSLATE_ONLY,1,1,TIMEOUT,TIMEOUT,180.08871018399986,180.11480010100058,b4b3dd67b877c081f107a2a2be1866ca5760f305efd534710af79a0a7b359eb5,668efe333e7a6715ebfc57f347659231637f8a343cf94347a8e5ba81b7b0369b
b2,increasingNumVariables/0038.trace,increasingNumVariables,f16cbe0b14ef8b33915104913a6a856768a9bfac70fb44cecf9831cf7984ace7,70,2,0,8,8.75,7,45,45,5,5,5.0,,MIN_EXPANDED_SIZE,False,1,149,694,36,,,,,,9536,16573,858271,890727,0.9635623485085778,2867408,1913273,1.498692554591007,,,,,39495,65983,0.5985632662958641,1,1,TRANSLATED_ONLY,TRANSLATED_ONLY,TRANSLATE_ONLY,TRANSLATE_ONLY,1,1,TIMEOUT,TIMEOUT,180.12965679300032,180.16239775099893,90601a26be9781e51940e91ab99b09b126bdeedbf428cf81de3244d7f22d8ab4,11c71dd7ecc0fbda1855f4900530e5a381dc3700a6a90db37b05bedc1b2745b3
b2,increasingNumVariables/0039.trace,increasingNumVariables,6870050c02c17f3d644ae520f295e016a6d1711d908c6205f2f7b3a43dc05e8a,70,2,0,8,8.75,7,50,50,5,5,5.0,,MIN_EXPANDED_SIZE,False,1,149,694,36,,,,,,10536,18256,951631,973384,0.977652190707881,3179053,2075810,1.5314759057909924,,,,,43605,65849,0.6621968442952816,1,1,TRANSLATED_ONLY,TRANSLATED_ONLY,TRANSLATE_ONLY,TRANSLATE_ONLY,1,1,TIMEOUT,TIMEOUT,180.13646043900007,180.1291377180005,491835d8f667d4403e9b5e8985082814123cbd5599b37035519111536882c497,2f5fa818dc0fabdf64a7522dfa80b6f843eac6169b1fea5e28374b22a61c0743
b2,increasingNumVariables/0040.trace,increasingNumVariables,921304a33cc412881d129ebc4b89f7d14cb98cbacb837b96b0d52f7480b96388,135,2,0,8,16.875,8,15,15,5,5,5.0,,MIN_EXPANDED_SIZE,False,1,149,1344,36,,,,,,3750,6714,316029,311190,1.015549985539381,1061690,677776,1.5664319775264983,,,,,16189,41616,0.38900903498654366,1,1,TRANSLATED_ONLY,TRANSLATED_ONLY,TRANSLATE_ONLY,TRANSLATE_ONLY,1,1,TIMEOUT,TIMEOUT,180.0617280360002,180.08824175500013,1cbe74b7350be28a5c849101fc02e14535922cbcb93ec9159ca29ffb9263f638,1fb55cb989d71e53a4f03cca2e050f02392ae0bb148127fabb822ec3f3411711
b2,increasingNumVariables/0041.trace,increasingNumVariables,bcdfd5e3a50997933d37a3c35bdcfe4532a2a6f2c2944afca3bc396dbc775e81,135,2,0,8,16.875,8,20,20,5,5,5.0,,MIN_EXPANDED_SIZE,False,1,149,1344,36,,,,,,4800,8364,414259,401332,1.0322102399011293,1390605,860306,1.6164074178257504,,,,,20749,45551,0.4555114047990165,1,1,TRANSLATED_ONLY,TRANSLATED_ONLY,TRANSLATE_ONLY,TRANSLATE_ONLY,1,1,TIMEOUT,TIMEOUT,180.06349364999915,180.12834448799913,0052c71d0d8ab8c2ac545dc15d304a3a5ac217a967af9b2b1d9d0f04dbb417ef,892906298add573f40bccfa3f60a65782d986f8581cc4e7bb4d349d94cdd4f67
b2,increasingNumVariables/0042.trace,increasingNumVariables,6fb57c460326b18a306bcbac89f5dd24e4638385447c38cf39c934ad658135f3,135,2,0,8,16.875,8,25,25,5,5,5.0,,MIN_EXPANDED_SIZE,False,1,149,1344,36,,,,,,5850,10014,512489,499770,1.025449706865158,1719520,1072104,1.6038742510054995,,,,,25309,49772,0.5084987543196978,1,1,TRANSLATED_ONLY,TRANSLATED_ONLY,TRANSLATE_ONLY,TRANSLATE_ONLY,1,1,TIMEOUT,TIMEOUT,180.07250636400022,180.12501376100045,0d718722b9940c8afc06f232f8d3d51262c8560a8e3127652e8d6f1a246e05d1,9c856b6fa5e05401a75d6b55501ec63d67d550d337a190faf3608e3660351d3b
b2,increasingNumVariables/0043.trace,increasingNumVariables,e3c1b84a1d5289ce903b49dc1172b72bd22a43e0a7b8320078e4b49fa2c56a74,135,2,0,8,16.875,8,30,30,5,5,5.0,,MIN_EXPANDED_SIZE,False,1,149,1344,36,,,,,,6900,11631,610719,594327,1.027580776239343,2048435,1269769,1.6132343757014072,,,,,29869,57975,0.5152048296679603,1,1,TRANSLATED_ONLY,TRANSLATED_ONLY,TRANSLATE_ONLY,TRANSLATE_ONLY,1,1,TIMEOUT,TIMEOUT,180.06198021099954,180.11021763200006,587202ada05d277383cb46bccfc74ce0be7b0910b3eb4e2086367d34c9cc5f6d,32310acfc7c2111ad0e1d9f70120c08aa7792e302adf7aeacb2f91bfaa4ee60f
b2,increasingNumVariables/0044.trace,increasingNumVariables,c9802ea70fc2803345a2dcdd124d7ba6278f5d6c9e712933544a8ee2676a66a4,135,2,0,8,16.875,8,35,35,5,5,5.0,,MIN_EXPANDED_SIZE,False,1,149,1344,36,,,,,,7950,13314,708949,688774,1.0292911753347251,2377350,1466292,1.6213346318468627,,,,,34429,57730,0.5963796985969166,1,1,TRANSLATED_ONLY,TRANSLATED_ONLY,TRANSLATE_ONLY,TRANSLATE_ONLY,1,1,TIMEOUT,TIMEOUT,180.0838283030007,180.08854163900014,82612bbd83558802a58c061ec744f08a3cf7f0f054bb47b208328836bb42e88b,f43e058f2c6e49fa14fd3e543dd7fb7ff0d672d5e1bbc8868dfed7105f498566
b2,increasingNumVariables/0045.trace,increasingNumVariables,6032579f6defb002bb46a059d3c5de3598e3390aa67e72422d157126b8156c03,135,2,0,8,16.875,8,40,40,5,5,5.0,,MIN_EXPANDED_SIZE,False,1,149,1344,36,,,,,,9000,14964,807179,784948,1.0283216213048507,2706265,1674498,1.6161649640668427,,,,,38989,61971,0.6291491181359022,1,1,TRANSLATED_ONLY,TRANSLATED_ONLY,TRANSLATE_ONLY,TRANSLATE_ONLY,1,1,TIMEOUT,TIMEOUT,180.10063313300088,180.1174968739997,5c9fdf20c7865f7ff5e19b654adeca68cc4bde929590349b23a1b4ac5716a425,830169df830b31dbe41420feb1d28af3f7c0812e2ae9fd1aeab22702b4ce7586
b2,increasingNumVariables/0046.trace,increasingNumVariables,8fef935035582b3dde4e6bb202410be827fe5d53228fb24cd3d34a3e55070a04,135,2,0,8,16.875,8,45,45,5,5,5.0,,MIN_EXPANDED_SIZE,False,1,149,1344,36,,,,,,10050,16614,905409,887858,1.0197678007068698,3035180,1897176,1.599841026873627,,,,,43549,65635,0.6635027043498134,1,1,TRANSLATED_ONLY,TRANSLATED_ONLY,TRANSLATE_ONLY,TRANSLATE_ONLY,1,1,TIMEOUT,TIMEOUT,180.13339377500006,180.18162949699945,41847ff26209ec4894ee0cf3fc887a9a6f86ec202c7842316d22868b7f9dd4c7,60ca00cd6c52fb4581f379f1fd994973768ebe66522b25b2f4a45f1dc61ab996
b2,increasingNumVariables/0047.trace,increasingNumVariables,d83e3e0d444e396bd86ddd61765b6e891130500f803ad83b5af12213228a973a,135,2,0,8,16.875,8,50,50,5,5,5.0,,MIN_EXPANDED_SIZE,False,1,149,1344,36,,,,,,11100,18231,1003639,974135,1.0302873831655777,3364095,2074221,1.6218594836326505,,,,,48109,73840,0.6515303358613218,1,1,TRANSLATED_ONLY,TRANSLATED_ONLY,TRANSLATE_ONLY,TRANSLATE_ONLY,1,1,TIMEOUT,TIMEOUT,180.13097544100128,180.1240822929999,d37add4d0404e1f4585598914c43cace6fc3f356d2853d719fc7ae1f6ed29de1,b8823d4f62fdb36f1f50eef6b1fe468eda9c1f476570d2faa34cf02d64ed3e6d
b2,increasingNumVariables/0048.trace,increasingNumVariables,d4aed58d55a4dd87c058e28a7fc96aad2ca4e792a98ea7b77176a065bc08327a,264,2,0,8,33.0,9,15,15,5,5,5.0,,MIN_EXPANDED_SIZE,False,1,149,2634,36,,,,,,3968,6722,339679,309808,1.096417781335537,1147732,668802,1.7161013274481836,,,,,17543,43131,0.4067376133175674,1,1,TRANSLATED_ONLY,TRANSLATED_ONLY,TRANSLATE_ONLY,TRANSLATE_ONLY,1,1,TIMEOUT,TIMEOUT,180.08007356500002,180.0970106649993,d0a00a1ff57a2b07f27fef4f41f53d5958e303895741163cffae240e3ed2e563,0d5e7ea403d327c1a8f7d0e1a180f08ad8f7d260130cb0f1aca5ea0b81893155
b2,increasingNumVariables/0049.trace,increasingNumVariables,888c878df35bb95348487ec57bff7a3354f32ccc2a9f41ac35851a4eadfe2afc,264,2,0,8,33.0,9,20,20,5,5,5.0,,MIN_EXPANDED_SIZE,False,1,149,2634,36,,,,,,5068,8372,442779,407932,1.0854235509839876,1493917,879946,1.6977371338695784,,,,,22553,47464,0.4751601213551323,1,1,TRANSLATED_ONLY,TRANSLATED_ONLY,TRANSLATE_ONLY,TRANSLATE_ONLY,1,1,TIMEOUT,TIMEOUT,180.0755749079999,180.08706743900075,2ba74376e5f536bd75b7d2fe62b8d2a2da7ae28949c66271162197daecb56160,fe4b07d0e6b5ce53777c511bb64e1e0c8f44ac9b693facd024c02c9a564a162b
b2,increasingNumVariables/0050.trace,increasingNumVariables,10fc0669200495687049d1e77843d7dc13d096e88b0771a03def8e260f50dbbb,264,2,0,8,33.0,9,25,25,5,5,5.0,,MIN_EXPANDED_SIZE,False,1,149,2634,36,,,,,,6168,10022,545879,497504,1.097235399112369,1840102,1055766,1.7429070456900488,,,,,27563,51784,0.5322686544106288,1,1,TRANSLATED_ONLY,TRANSLATED_ONLY,TRANSLATE_ONLY,TRANSLATE_ONLY,1,1,TIMEOUT,TIMEOUT,180.10284622899962,180.09645048200036,e679c5ed079860ef779988d3b648ea326204bc7490104fad0667466356cbdd52,ac7bbc58d209429f65722cb22f70a1c4cb0736ff34409b5f519cef9ed2895472
b2,increasingNumVariables/0051.trace,increasingNumVariables,6672bdeac2b4622012f73f35569222cb61266182f5219bbd6e46b4af8cb2da19,264,2,0,8,33.0,9,30,30,5,5,5.0,,MIN_EXPANDED_SIZE,False,1,149,2634,36,,,,,,7268,11672,648979,592708,1.0949388231641888,2186287,1260098,1.735013467206519,,,,,32573,56381,0.5777300863766163,1,1,TRANSLATED_ONLY,TRANSLATED_ONLY,TRANSLATE_ONLY,TRANSLATE_ONLY,1,1,TIMEOUT,TIMEOUT,180.0898221490006,180.1426112500003,eb4185c3cf8cedf8f06776510a4454ce3708ed26ee1d481e60e8dce195154c92,00f25395aee1efc452f0dc8307ab91a29d84e6c334db515c344d3e608aca4541
b2,increasingNumVariables/0052.trace,increasingNumVariables,2a19bc3133fc529e868e3edd14b0b7f45a305e34c253078a07b7b224493dbf1b,264,2,0,8,33.0,9,35,35,5,5,5.0,,MIN_EXPANDED_SIZE,False,1,149,2634,36,,,,,,8368,13289,752079,688915,1.0916862022165288,2532472,1474793,1.717171155545219,,,,,37583,64920,0.5789125077017868,1,1,TRANSLATED_ONLY,TRANSLATED_ONLY,TRANSLATE_ONLY,TRANSLATE_ONLY,1,1,TIMEOUT,TIMEOUT,180.0974152609997,180.11614700800055,7ccb911cbe3a1e7541150e336f98d5d29378f83533ac2a91f2780690a4a6cf79,9e21cfc0da72040bc6b2815b627cde5148e6af5ccc31e9d3440bded940fcf472
b2,increasingNumVariables/0053.trace,increasingNumVariables,d70cff45984c889f671bc720917824f84e7363cb11be2e73086593ea4d075b6c,264,2,0,8,33.0,9,40,40,5,5,5.0,,MIN_EXPANDED_SIZE,False,1,149,2634,36,,,,,,9468,14972,855179,780152,1.0961697207723624,2878657,1652066,1.7424588363903137,,,,,42593,65289,0.6523763574262127,1,1,TRANSLATED_ONLY,TRANSLATED_ONLY,TRANSLATE_ONLY,TRANSLATE_ONLY,1,1,TIMEOUT,TIMEOUT,180.11048244300036,180.15516360900074,8868fe1661854463a7405bc80e47fb66db6df20066fbe8d9f4e16120779d9bd4,9d2addd223bed93567e1f28476262eb5e609275780a99d24f13ae3101dfe590f
b2,increasingNumVariables/0054.trace,increasingNumVariables,ee356efe02576d0c3b952575033ba350d4966db4ff0addd2363e3e069310b2b5,264,2,0,8,33.0,9,45,45,5,5,5.0,,MIN_EXPANDED_SIZE,False,1,149,2634,36,,,,,,10568,16622,958279,891836,1.0745013657219489,3224842,1914218,1.6846785475844444,,,,,47603,69778,0.6822064260941844,1,1,TRANSLATED_ONLY,TRANSLATED_ONLY,TRANSLATE_ONLY,TRANSLATE_ONLY,1,1,TIMEOUT,TIMEOUT,180.13284862699948,180.15411515899905,1357c94f4757735c72390c29f0e5a9546a44d03b346ad5725f0fb90d097218b8,210917f9e7d7c254c654b1a2d861b5270fa1517b6905e3f6a22f89f8c3729fd1
b2,increasingNumVariables/0055.trace,increasingNumVariables,b849ed540620164df9234045e83c5dad83662531ec99376f60641f18d283a6e5,264,2,0,8,33.0,9,50,50,5,5,5.0,,MIN_EXPANDED_SIZE,False,1,149,2634,36,,,,,,11668,18272,1061379,982800,1.0799542124542125,3571027,2099818,1.7006364361101771,,,,,52613,74372,0.7074302156725649,1,1,TRANSLATED_ONLY,TRANSLATED_ONLY,TRANSLATE_ONLY,TRANSLATE_ONLY,1,1,TIMEOUT,TIMEOUT,180.13017352600036,180.12321696399977,ce2eab87cf77ffebf4a60cbec5b119c63c5ee796a92d90b3ffaac3b73ee145cd,8a688e23d80b039c292076f47e9d7cb2e08557b3bab94582f628baac8b4688b6
b2,moreDetailedTest/0001.trace,moreDetailedTest,4cf4d87b6dcf64d2fe396c8941ee439eef2c07ee0bb76745f986cfca6ad38387,10,2,0,8,1.25,3,100,100,5,5,5.0,,MIN_EXPANDED_SIZE,False,1,42,94,36,,,,,,16320,33965,1485957,1851051,0.8027639432949173,4878346,3909297,1.2478831871817362,,,,,48689,90925,0.5354852900742371,1,1,TRANSLATED_ONLY,TRANSLATED_ONLY,TRANSLATE_ONLY,TRANSLATE_ONLY,1,1,TIMEOUT,TIMEOUT,180.11604498400084,180.16673564400025,2a4462a4eb867c0f9290f17a6f2cd3b66212050754b141c7b7c72f48c50c597f,dae557ed1b22bc7dc4ad76da7fe34de1a58282dbc2ba3eee5d6d99d18274c453
b2,moreDetailedTest/0002.trace,moreDetailedTest,5084c81afcaf06b16b6902315076bf6112f989b054fa18b89b040908463c4d2a,10,2,0,8,1.25,3,10,10,5,5,5.0,,MIN_EXPANDED_SIZE,False,1,42,94,36,,,,,,1920,4958,156117,204570,0.7631470890159847,512176,441992,1.15879020434759,,,,,7109,40775,0.17434702636419375,1,1,TRANSLATED_ONLY,TRANSLATED_ONLY,TRANSLATE_ONLY,TRANSLATE_ONLY,1,1,TIMEOUT,TIMEOUT,180.0357277080002,180.0739845979988,c84c00f94151cbb6a716cd0d267e94ccda3af2778b76f5ff5c670e6975d614eb,187ee8dd246f506887780bb1152962be1b332d6655c1681facb25e7364a2a20d
b2,moreDetailedTest/0003.trace,moreDetailedTest,f9f5d3d029d409c5305aa6b97040981e8b92e9d8395100b7b255f1b519919b40,10,2,0,8,1.25,3,125,125,5,5,5.0,,MIN_EXPANDED_SIZE,False,1,42,94,36,,,,,,20320,41984,1855356,2312016,0.8024840658542155,6091170,4866558,1.2516382215109734,,,,,60289,103467,0.5826882001024482,1,1,TRANSLATED_ONLY,TRANSLATED_ONLY,TRANSLATE_ONLY,TRANSLATE_ONLY,1,1,TIMEOUT,TIMEOUT,180.216526876,180.28974954099976,55dcae8d4edae3b8f29dcf849731eca459252521ba0e825ab64e29c7775548de,1f0e8d4ff3b3b4f9b86351e4be95340e1f498c93674fc34ae39cff777d070d1d
b2,moreDetailedTest/0004.trace,moreDetailedTest,e136448c7c701e599a0b3efdcad78036bb9e505fbf0def50d71a99f2f147e298,10,2,0,8,1.25,3,150,150,5,5,5.0,,MIN_EXPANDED_SIZE,False,1,42,94,36,,,,,,24320,49640,2224757,2759206,0.8063033350898773,7303996,5831516,1.2525038086151183,,,,,71889,107210,0.6705437925566645,1,1,TRANSLATED_ONLY,TRANSLATED_ONLY,TRANSLATE_ONLY,TRANSLATE_ONLY,1,1,TIMEOUT,TIMEOUT,180.23995317599974,180.24052157100004,7cb5a2d71c762abe7a6c79922fee7f2d7ae25f46a476661356b0487398ca8b7e,0b0792da842b9fc3e70f7ed61a502d42a6da9f07d91f02f6b9f34bdbc3ef0bc3
b2,moreDetailedTest/0005.trace,moreDetailedTest,de22b10e381746d23576b1b6da56d8fb96336abaa7a8fcf3af83451d90b053dc,10,2,0,8,1.25,3,175,175,5,5,5.0,,MIN_EXPANDED_SIZE,False,1,42,94,36,,,,,,28320,57791,2594157,3218575,0.8059955104355189,8516821,6801241,1.252245141732222,,,,,83489,126538,0.6597938959047875,1,1,TRANSLATED_ONLY,TRANSLATED_ONLY,TRANSLATE_ONLY,TRANSLATE_ONLY,1,1,TIMEOUT,TIMEOUT,180.59841464799956,180.2228399809992,1caeff556f8ea79efa50f57c02784a6b013fbfae0dab07f252a481a5c1f6b532,76b024b815f5dd0956b7f77ea60a09daa225393066fbeb92186b9759650b846f
b2,moreDetailedTest/0006.trace,moreDetailedTest,43b61c5334fb0f3169a01dbea98283428ad2fd75d05a745550f085f3e521d13e,10,2,0,8,1.25,3,200,200,5,5,5.0,,MIN_EXPANDED_SIZE,False,1,42,94,36,,,,,,32320,65810,2963557,3697815,0.801434630991545,9729646,7848265,1.2397193519841647,,,,,95089,134046,0.7093758858899184,1,1,TRANSLATED_ONLY,TRANSLATED_ONLY,TRANSLATE_ONLY,TRANSLATE_ONLY,1,1,TIMEOUT,TIMEOUT,180.26709924399984,180.28545597099946,a89b8035f03d741ccf0b1d9a406b3dbdb8aa1dc690d624c25ba16f487bb4795d,fa0d150d4ad95978d02c4fffb4b28f55c625b02602d988121f23a70e4fcd1f42
b2,moreDetailedTest/0007.trace,moreDetailedTest,7a0a09d61e11823dea8fbf76baf9035e3e954de856ccb0f15a0ad3ecfe085e64,10,2,0,8,1.25,3,250,250,5,5,5.0,,MIN_EXPANDED_SIZE,False,1,42,94,36,,,,,,40320,81320,3702356,4566161,0.8108246730678135,12155295,9659771,1.2583419420605313,,,,,118289,153880,0.7687093839355342,1,1,TRANSLATED_ONLY,TRANSLATED_ONLY,TRANSLATE_ONLY,TRANSLATE_ONLY,1,1,TIMEOUT,TIMEOUT,180.31428206200007,180.300566281001,9f94715c862a1a6302e751ecdd54776f28e8912e0746e8be8f875fae18372a61,a041ba6d692d149b32debe2e3ca9b0584839bce1a385758c50539a0df46bbc12
b2,moreDetailedTest/0008.trace,moreDetailedTest,81fcf02a9c3188214421026ae6f166dd3b5ccadc1ba4fa7e068e9ba3f4817ce9,10,2,0,8,1.25,3,300,300,5,5,5.0,,MIN_EXPANDED_SIZE,False,1,42,94,36,,,,,,48320,97589,4441157,5502161,0.8071659480702219,14580946,11645967,1.2520167711277217,,,,,141489,178361,0.7932731931307854,1,1,TRANSLATED_ONLY,TRANSLATED_ONLY,TRANSLATE_ONLY,TRANSLATE_ONLY,1,1,TIMEOUT,TIMEOUT,180.3499746839998,180.3678641510005,ecb4d989b6950cb542a4773d76c559cda3cfb8cda596e4ce08bdb1d338b21a3c,c3b0dfbc2cd84da6a1e8f183988cb79851a5718daafe7b873b402c5ff9c720b7
b2,moreDetailedTest/0009.trace,moreDetailedTest,56790fbff4317f35615723262cdac2582549afa62898ba3f81853102ff753346,10,2,0,8,1.25,3,350,350,5,5,5.0,,MIN_EXPANDED_SIZE,False,1,42,94,36,,,,,,56320,113528,5179956,6388328,0.8108469070467265,17006595,13480550,1.2615653663982553,,,,,164689,196013,0.840194272828843,1,1,TRANSLATED_ONLY,TRANSLATED_ONLY,TRANSLATE_ONLY,TRANSLATE_ONLY,1,1,TIMEOUT,TIMEOUT,180.35913045300003,180.40139984899997,8623338a48eb46bbe14ede711ea372cedf724426d6001713bc5b7054f1328134,877ec450155ba00eaf87b5afbac89448b3a69c3d9cf29b1c9b84c103f452ef7a
b2,moreDetailedTest/0010.trace,moreDetailedTest,5e3e0c2c5d3bd4c91cd27e1e8b1cfea9ac7a38750743a778544f7df88c109936,10,2,0,8,1.25,3,400,400,5,5,5.0,,MIN_EXPANDED_SIZE,False,1,42,94,36,,,,,,64320,130292,5918757,7371062,0.8029720819062436,19432246,15591044,1.2463723404282612,,,,,187889,215907,0.8702311643439073,1,1,TRANSLATED_ONLY,TRANSLATED_ONLY,TRANSLATE_ONLY,TRANSLATE_ONLY,1,1,TIMEOUT,TIMEOUT,180.37242407099984,180.4008420099999,a411a845add1d7c8eb1f84c1f8f4dfa2882456d2375045b28400075321e10c28,62208cadff4679d52f63b70a37b3341606d2436c8b933cd57530ca13a243a6ed
b2,moreDetailedTest/0011.trace,moreDetailedTest,e38a5917378b9df7d12d300f9eb69929ec77ddb6206f1394ba703e78f7785083,10,2,0,8,1.25,3,500,500,5,5,5.0,,MIN_EXPANDED_SIZE,False,1,42,94,36,,,,,,80320,161807,7396357,9160061,0.8074571774139933,24283546,19323995,1.2566524675668773,,,,,234289,258175,0.9074813595429457,1,1,TRANSLATED_ONLY,TRANSLATED_ONLY,TRANSLATE_ONLY,TRANSLATE_ONLY,1,1,TIMEOUT,TIMEOUT,180.4241974100005,180.40659889999915,0ba33f2485a59da6d5b7a7cb48a5809c3ee89f5fda4b949639f6554cc20a415a,9f08f8b8117a6c810b6700fa560897918fb02b30ae7b70b90dd7da364f6492ab
b2,moreDetailedTest/0012.trace,moreDetailedTest,20038ffb35a9422faf3a508b108755482e87fe9c437e1e9a725582cd1d97d490,10,2,0,8,1.25,3,50,50,5,5,5.0,,MIN_EXPANDED_SIZE,False,1,42,94,36,,,,,,8320,17828,747157,945160,0.7905084853358162,2452696,2013918,1.217872823024572,,,,,25589,64017,0.39972194885733475,1,1,TRANSLATED_ONLY,TRANSLATED_ONLY,TRANSLATE_ONLY,TRANSLATE_ONLY,1,1,TIMEOUT,TIMEOUT,180.1128176150005,180.15616659900115,26d06022ebfa35aec0c78c96a1be329b7f66081a34911cdc2f202693f7885ff2,b0a2d5bda12848136bb7cdf1caf0f6d560cbc0282784bfe01a167fe6460dea41
b2,moreDetailedTest/0013.trace,moreDetailedTest,4880f6359b196b71ec8d7d3876a1de65b2cb1d331add5ead63fe22ec98cb9ba3,10,2,0,8,1.25,3,5,5,5,5,5.0,,MIN_EXPANDED_SIZE,False,1,42,94,36,2,0.6666666666666666,2,2,3,1120,3341,82237,113522,0.7244146509046705,269611,251596,1.0716028871683174,,,,,4809,30671,0.15679306184995598,1,1,REUSED_E4,REUSED_E4,E4_REUSED,E4_REUSED,0,0,SAT,SAT,2.555403505999493,3.3824437910000142,d4adcb4013b21f071c5c971172e7c2dec0da4e663b4b47db51ca96c5cbeb64f2,58efc03f49fe5c82c70a9a033830d9829fc4faa395beafadf85b86f9e5c6d328
b2,moreDetailedTest/0014.trace,moreDetailedTest,ba75fbfc0ad01cc18fc4806b36dde4b7b6f65bfc9dd04659b0fc087e4c2ae893,10,2,0,8,1.25,3,75,75,5,5,5.0,,MIN_EXPANDED_SIZE,False,1,42,94,36,,,,,,12320,25682,1116557,1394124,0.8009022152979218,3665521,2950798,1.2422134622566505,,,,,37139,83360,0.4455254318618042,1,1,TRANSLATED_ONLY,TRANSLATED_ONLY,TRANSLATE_ONLY,TRANSLATE_ONLY,1,1,TIMEOUT,TIMEOUT,180.13640610100083,180.17909190399996,4fb982523a6be3fe06cad49278d99e05699c983eb108be9a9c7f59f8d370e3db,454fcf1cbe410044326967f9e8f436bf7a93a1db6afb166081f4a1b2ef8b3962
b2,moreDetailedTest/0015.trace,moreDetailedTest,e57d48c9d5b14f420009dd9a2f0f6f5fe2c5574ab0e986b6dc651e8c1a39cac2,5,2,0,5,1.0,2,100,100,5,5,5.0,,MIN_EXPANDED_SIZE,False,1,32,44,28,1,2.0,2,1,1,12147,16380,724273,813347,0.8904846271025774,2300113,1619325,1.4204146789557377,,,,,39644,81545,0.4861610153902753,1,1,REUSED_E4,REUSED_E4,E4_REUSED,E4_REUSED,0,0,SAT,SAT,8.02686828800006,11.165604310999697,c3e8d288464309eb7a53e88bbe500855cae862aac6c337d80d3c5277eee8cf84,b3c0163758402e7b1f3a8b468e1f522c2609fe1f256492108d50d17d60fd33ac
b2,moreDetailedTest/0016.trace,moreDetailedTest,2ff055971e33f6ba7e13d9758ec3b09a2a992c3c429bbedff5e0d8aec8cf4ac9,5,2,0,5,1.0,2,10,10,5,5,5.0,,MIN_EXPANDED_SIZE,False,1,32,44,28,1,2.0,2,1,1,1347,2583,74491,98113,0.759236798385535,235799,195082,1.2087173598794354,,,,,6204,42664,0.14541533845865368,1,1,REUSED_E4,REUSED_E4,E4_REUSED,E4_REUSED,0,0,SAT,SAT,1.7706915689996094,2.846562583999912,d8ce7af8a3551a6a1b52421a3ba1769cbb1017a9b540374a9bf1ed8b3cd8d33d,146c4209bb6a196f574a270dbb6461190e882f2e12c9414b1442ac1945ea1f50
b2,moreDetailedTest/0017.trace,moreDetailedTest,52e36d53331ecd0548f794488523f8257be45cb2e1b84a9743be1f4474e4440c,5,2,0,5,1.0,2,125,125,5,5,5.0,,MIN_EXPANDED_SIZE,False,1,32,44,28,1,2.0,2,1,1,15147,19887,904778,1005559,0.899776144413207,2873543,2017899,1.4240271688523558,,,,,49024,87404,0.5608896618003752,1,1,REUSED_E4,REUSED_E4,E4_REUSED,E4_REUSED,0,0,SAT,SAT,9.758045423999647,19.555878981000205,53181d03160e2d8e657e69b8f8a6e16fa2d6df6ef69395bdda3d83e2aec64945,e560522814d5556f27b0efef111fd413f71dcf3289ad02148a0c2438f2c3d7d6
b2,moreDetailedTest/0018.trace,moreDetailedTest,523268829542b00ea917b0010d59cc92adc645e7bab4e373be1c95d98ed9fff8,5,2,0,5,1.0,2,150,150,5,5,5.0,,MIN_EXPANDED_SIZE,False,1,32,44,28,1,2.0,2,1,1,18147,22638,1085263,1146841,0.9463064191112804,3446953,2292221,1.5037611992909934,,,,,58334,92129,0.6331773925691151,1,1,REUSED_E4,REUSED_E4,E4_REUSED,E4_REUSED,0,0,SAT,SAT,13.761847703000058,18.88205065299917,280e3f88348f1e4e74b88f2570f50b753b856e54f194f45915c5edc21f8de19e,020a24fa4e3205365e005f99b10082360c5e78e9da33c82072f533991411c667
b2,moreDetailedTest/0019.trace,moreDetailedTest,e2ad7c80907a13c20da1a3028903a76b6a23a304988e17b95a3616fcc6d24d71,5,2,0,5,1.0,2,175,175,5,5,5.0,,MIN_EXPANDED_SIZE,False,1,32,44,28,1,2.0,2,1,1,21147,25809,1265760,1318280,0.960160208756865,4020373,2647471,1.5185711193814777,,,,,67694,96941,0.69830102846061,1,1,REUSED_E4,REUSED_E4,E4_REUSED,E4_REUSED,0,0,SAT,SAT,12.780212994000067,15.52511177300039,adadd9f70cdbe60fece5d3819ea90bdbd73e309234ad556b6c21e18488386a91,b0b88fd455a0fe9fa1156a08567b87f2cf2c151701ae67858dbdfe8c6444ab08
b2,moreDetailedTest/0020.trace,moreDetailedTest,8811f52bcf5e3bb583c5630ac2d4623c8fb873c9d16cd7e000703be5ccfc3047,5,2,0,5,1.0,2,200,200,5,5,5.0,,MIN_EXPANDED_SIZE,False,1,32,44,28,1,2.0,2,1,1,24147,28980,1446249,1478461,0.9782124790576147,4593790,2958225,1.5528872888302951,,,,,77014,102237,0.7532889267095083,1,1,REUSED_E4,REUSED_E4,E4_REUSED,E4_REUSED,0,0,SAT,SAT,12.82200984300016,17.544668407000245,2053f00926995ddf50aee0a005fabf7a7bd8ee822a4099002b6317c6c5f8bd6c,550721f58ad7f23dfef0fa5e7bd1cdfa5a6a6e75f0cce3d8b0eb221f85d3c605
b2,moreDetailedTest/0021.trace,moreDetailedTest,b29b7e68a35953845512bd1a4f94e053332c9d0878ea812822dcc32bacab180b,5,2,0,5,1.0,2,250,250,5,5,5.0,,MIN_EXPANDED_SIZE,False,1,32,44,28,1,2.0,2,1,1,30147,34167,1807230,1752510,1.0312237875960766,5740626,3513641,1.6338111947122658,,,,,95694,110458,0.8663383367433776,1,1,REUSED_E4,REUSED_E4,E4_REUSED,E4_REUSED,0,0,SAT,SAT,20.837580632000027,27.87685731700003,f837e00f4e95902f2ccc94c99a6918f76ff55c70b4a9035e1e6778975d8e1387,2e3826476fb5afc17faced1baf626c9ce81146e7667afa5dc8c3e06353c77b6d
b2,moreDetailedTest/0022.trace,moreDetailedTest,d696a953169a9278cf363bf8840909b35df55421a08b41e5fb1c55161d6a136a,5,2,0,5,1.0,2,300,300,5,5,5.0,,MIN_EXPANDED_SIZE,False,1,32,44,28,1,2.0,2,1,1,36147,39249,2168215,2021407,1.0726266407507246,6887461,4058610,1.6969999581137385,,,,,114394,118742,0.9633827963146991,1,1,REUSED_E4,REUSED_E4,E4_REUSED,E4_REUSED,0,0,SAT,SAT,25.686519885999587,37.21475789700162,31b291ce919ac01fdcc718b5ce38ed79b36fd448931776fc464b30c1b33c03df,458b2d0fb50e4ba2ae6b7a2e9f662d532a535f5e930a35d37e298e8ef437080c
b2,moreDetailedTest/0023.trace,moreDetailedTest,827f02303fb89d1072cf0daf19010120dab463227146d39cce52a7813c5866de,5,2,0,5,1.0,2,350,350,5,5,5.0,,MIN_EXPANDED_SIZE,False,1,32,44,28,1,2.0,2,1,1,42147,44898,2529219,2327073,1.0868670643336071,8034321,4693148,1.711925769227819,,,,,133054,127521,1.04338893201904,1,1,REUSED_E4,REUSED_E4,E4_REUSED,E4_REUSED,0,0,SAT,SAT,25.483320310999943,44.504434907999894,ac349b808ad450bac103b3f747c25f6dd024d81428020fb126017d7737970ccc,46a6fb28cdbb7fdf43f8edb510abb8390ceb86a60d3e8d38ebb8b56cf5b6b4aa
b2,moreDetailedTest/0024.trace,moreDetailedTest,90f0ab675c6886352cdf7d36d6f4a97abc24268abb54fdc1e021b512b76eaa3b,5,2,0,5,1.0,2,400,400,5,5,5.0,,MIN_EXPANDED_SIZE,False,1,32,44,28,1,2.0,2,1,1,48147,48594,2890198,2505104,1.1537237575765318,9181148,5019465,1.8291088791335333,,,,,151754,134161,1.1311334888678528,1,1,REUSED_E4,REUSED_E4,E4_REUSED,E4_REUSED,0,0,SAT,SAT,28.558582407998983,34.552828324000075,07c492d23b55d0049e4aa4a02fa362e1fe498b554a511a8d13aa725897ccf897,11e2543278ce22073472e81f6731fa89bd23f7c96996ae6b1eb76106c85daec1
b2,moreDetailedTest/0025.trace,moreDetailedTest,f8b781062bd36e16b70042ce1444814abb159610cbfc7d6684f9d8571f8cf8bd,5,2,0,5,1.0,2,500,500,5,5,5.0,,MIN_EXPANDED_SIZE,False,1,32,44,28,1,2.0,2,1,1,60147,57855,3612187,3005678,1.2017877497190317,11474839,6042378,1.8990601051440343,,,,,189124,149623,1.2640035288692246,1,1,REUSED_E4,REUSED_E4,E4_REUSED,E4_REUSED,0,0,SAT,SAT,44.94908376500007,57.47664858100143,5912e53e7696a266cff93fcd31e37de86487eebbed79c118617c7bb917f03991,4a6e5658e33cb2eccc1f2e01d94d2653367fa1e91411aed075a15d606fbd07b9
b2,moreDetailedTest/0026.trace,moreDetailedTest,81826a48eff38d46db6b2c56d8264aea34f9f587df0c1a5e491a1052b534312b,5,2,0,5,1.0,2,50,50,5,5,5.0,,MIN_EXPANDED_SIZE,False,1,32,44,28,1,2.0,2,1,1,6147,9282,363285,451712,0.804240312411448,1153272,908761,1.269059741780292,,,,,21064,70167,0.30019809882138326,1,1,REUSED_E4,REUSED_E4,E4_REUSED,E4_REUSED,0,0,SAT,SAT,5.253998722000688,8.718573786998604,8d24ab32c05d292360d18cd2588298c445eae2b16fce2f44b60be19784d531b5,1b0a2dc4a019deb2e1a44435205119b26dcfd7faa464b517043aa13090fe057c
b2,moreDetailedTest/0027.trace,moreDetailedTest,0c233b8f85a98d7588240e2c2060428d85cc1df8ef1157bae4b680254ad27e94,5,2,0,5,1.0,2,5,5,5,5,5.0,,MIN_EXPANDED_SIZE,False,1,24,44,22,1,2.0,2,1,1,747,1677,38396,53941,0.7118147605717358,121118,110471,1.0963782350119036,,,,,4354,22749,0.19139302826497867,1,1,REUSED_E4,REUSED_E4,E4_REUSED,E4_REUSED,0,0,SAT,SAT,1.2676394190002611,2.0147119939997538,f1cb696f8e766c3392f5b7bb877abb5b38efe0c38d5452f1f17dc0ea89125f51,9ddab7515944d2163ac028e36c1beeb9f76785798857ca7e6ebc22fe394a9653
b2,moreDetailedTest/0028.trace,moreDetailedTest,64be41842cbbe8980ac16a48701daadda93906fe1e877a972b1765bd7de7a29a,5,2,0,5,1.0,2,75,75,5,5,5.0,,MIN_EXPANDED_SIZE,False,1,32,44,28,1,2.0,2,1,1,9147,13230,543781,655517,0.8295452291855131,1726694,1313371,1.3147039183901579,,,,,30364,76616,0.3963140858306359,1,1,REUSED_E4,REUSED_E4,E4_REUSED,E4_REUSED,0,0,SAT,SAT,6.458146205999583,8.853768736000347,18149c1d95d263ad2041fc69c768defa34d9b4cfb37f8595dd94e44885cbe660,03ee8235de659cae3be013f1ee70cd2edb45ef3c6e8839db9960038e0f1225c5
b2,moreDetailedTest/0029.trace,moreDetailedTest,e5c13a63096d0f2db31d842eeaf9c022e3e3d1fc405b54f0275e9164e43ea702,18,2,0,8,2.25,3,100,100,5,5,5.0,,MIN_EXPANDED_SIZE,False,1,58,174,36,3,1.0,2,3,3,16320,33206,1485955,1827558,0.8130822660621442,4878344,3882068,1.2566353809361401,,,,,48689,92253,0.527776874464787,1,1,REUSED_E4,REUSED_E4,E4_REUSED,E4_REUSED,0,0,SAT,SAT,82.93594271899929,104.91195187999983,3df2c5e83c5988e6d974dac73d965d71cb4658658d21f7882b872a743933bcaa,73f0afabb808d331c7552014fdb49ec31a75866fdf4298c574fd033245fb9f10
b2,moreDetailedTest/0030.trace,moreDetailedTest,cf737e8c06636d136d941968270a5c23f95e13bbbcbaa1b9270ca41af04c4eae,18,2,0,8,2.25,3,10,10,5,5,5.0,,MIN_EXPANDED_SIZE,False,1,58,174,36,3,1.0,2,3,3,1920,4859,156117,199687,0.7818085303499978,512176,430341,1.1901631496882705,,,,,7109,44809,0.15865116382869512,1,1,REUSED_E4,REUSED_E4,E4_REUSED,E4_REUSED,0,0,SAT,SAT,9.042855685999712,11.285360244999993,48ba121d71bd3b37cee51df18bc77ec614d1d58ff57f8cbd6274cdc2cd9d2b03,10bbddfb4ce35bcfeb407e676a4c9d0f19b1cb36e73d748337ea7e78d11cb64d
b2,moreDetailedTest/0031.trace,moreDetailedTest,d38e3d1b6f467074f9b04773d3163291ae8d89b2043a51471e2a17768386b632,18,2,0,8,2.25,3,125,125,5,5,5.0,,MIN_EXPANDED_SIZE,False,1,58,174,36,,,,,,20320,40928,1855357,2264572,0.8192969797383347,6091171,4790258,1.2715747252026925,,,,,60289,108163,0.5573902351081238,1,1,TRANSLATED_ONLY,TRANSLATED_ONLY,TRANSLATE_ONLY,TRANSLATE_ONLY,1,1,TIMEOUT,TIMEOUT,180.18121272199994,180.25295111999912,af0a1ec35104010a3dfba485cce59560b8257460f28824c391a163c04d0a417f,021b5d8615d033dae05903ae5748ea4e6f80e93525f1a349ce7e9a4a29fcb1e2
b2,moreDetailedTest/0032.trace,moreDetailedTest,19826b912c346d9be8589f7d2cc8a23c8d64aea7b33142f9073a2f47fa9a2a4b,18,2,0,8,2.25,3,150,150,5,5,5.0,,MIN_EXPANDED_SIZE,False,1,58,174,36,3,1.0,2,3,3,24320,49145,2224756,2726874,0.8158631458585912,7303995,5771404,1.265549076100027,,,,,71889,112009,0.6418144970493442,1,1,TRANSLATED_ONLY,REUSED_E4,TRANSLATE_ONLY,E4_REUSED,1,0,TIMEOUT,SAT,180.2500733220004,173.2259892279999,0d5eb64940dba82c6f13fc91c0d41f3726966a858d4bf6c97694faa3ac423620,50e15ba205f3c44b2f68c028405b66b73cd0a7323577713a10a86c2eeee03bfe
b2,moreDetailedTest/0033.trace,moreDetailedTest,0815ec2799a4f74dedffd398af389f910da5ad3cfb770eb16b6d893c9dd94d49,18,2,0,8,2.25,3,175,175,5,5,5.0,,MIN_EXPANDED_SIZE,False,1,58,174,36,,,,,,28320,56834,2594156,3146520,0.824452410917458,8516820,6604358,1.289575761943856,,,,,83489,124777,0.6691056845412215,1,1,TRANSLATED_ONLY,TRANSLATED_ONLY,TRANSLATE_ONLY,TRANSLATE_ONLY,1,1,TIMEOUT,TIMEOUT,180.27616441300052,180.26797675099988,78c0b34323db7e40fb7cc5655496d523ed39d1abcda29562ebefee3b4659fb87,2e4fc0ee15cebdfa35a20dadf81f7bd0d4c61d342cc7adc1505d6db0770e7062
b2,moreDetailedTest/0034.trace,moreDetailedTest,7dc879b5257630eb8ebc8aaeaddf7f8e2c0f7717b4a4a784faa78f8d9de094f3,18,2,0,8,2.25,3,200,200,5,5,5.0,,MIN_EXPANDED_SIZE,False,1,58,174,36,,,,,,32320,64787,2963555,3614617,0.8198807785167834,9729644,7618967,1.277029287566149,,,,,95089,135193,0.703357422351749,1,1,TRANSLATED_ONLY,TRANSLATED_ONLY,TRANSLATE_ONLY,TRANSLATE_ONLY,1,1,TIMEOUT,TIMEOUT,180.29879465900012,180.21807510399958,f8ef90d75e21d136a5d45fbc14fa006f791d97b111700ce5bb7662626ea844a5,5810c201178e9871171ec9424acf4069e968d8ee72ea2a02cfa19b580e0716fd
b2,moreDetailedTest/0035.trace,moreDetailedTest,e7b367f2efdc4cb7f31e41b8552d3e0ab91e2034d8bb584e61a7ae1750c774cc,18,2,0,8,2.25,3,250,250,5,5,5.0,,MIN_EXPANDED_SIZE,False,1,58,174,36,,,,,,40320,80297,3702356,4513119,0.8203541719152542,12155296,9562038,1.2712034819355456,,,,,118289,156189,0.7573452675924681,1,1,TRANSLATED_ONLY,TRANSLATED_ONLY,TRANSLATE_ONLY,TRANSLATE_ONLY,1,1,TIMEOUT,TIMEOUT,180.35037363499998,180.35428315799982,82b09fab379e3c0186a14d53d1f61b0b8a232419f29a00f15da4266d38d2d257,97c9097a0f1135f94062869f2ec721be18342cf042084f9eb7ad38d71b55f447
b2,moreDetailedTest/0036.trace,moreDetailedTest,c9ed4c4614dbfe90901388443af500c7e1a16c5b8fe35541ca5c2db254207741,18,2,0,8,2.25,3,300,300,5,5,5.0,,MIN_EXPANDED_SIZE,False,1,58,174,36,,,,,,48320,95543,4441155,5389039,0.8241088995644678,14580945,11409290,1.2779888143784583,,,,,141489,173688,0.814615862926627,1,1,TRANSLATED_ONLY,TRANSLATED_ONLY,TRANSLATE_ONLY,TRANSLATE_ONLY,1,1,TIMEOUT,TIMEOUT,180.35503591199995,180.29612662900036,bac836d555e4cc3b4f2cc4acbe8419aa85fd89b821d9a3fad08f1db6a95a566f,9dde0a7cabeeb8adcbde0fd7148818686fb42d94244a3f1531cb80dd3d32d46f
b2,moreDetailedTest/0037.trace,moreDetailedTest,d89c703386899c97a310d27b206e8e145c91cf8a6939fcd525e0d0baede8f747,18,2,0,8,2.25,3,350,350,5,5,5.0,,MIN_EXPANDED_SIZE,False,1,58,174,36,,,,,,56320,110492,5179955,6234610,0.8308386571092659,17006594,13175053,1.290817881339832,,,,,164689,193935,0.849196895867172,1,1,TRANSLATED_ONLY,TRANSLATED_ONLY,TRANSLATE_ONLY,TRANSLATE_ONLY,1,1,TIMEOUT,TIMEOUT,180.37366633999955,180.41299262899884,2932685a35214f4796dda5074de7bf0cd138baee061021a587f160a5f694d84f,6e20e3946a944f8476fdacec6b27950945bbedc1c1dbc515a756430b7cc81993
b2,moreDetailedTest/0038.trace,moreDetailedTest,0d18e9f8d22d050ea0c4de80564a33c7c22b89896d67116dcfe4cb314451f2dc,18,2,0,8,2.25,3,400,400,5,5,5.0,,MIN_EXPANDED_SIZE,False,1,58,174,36,,,,,,64320,126299,5918753,7137605,0.8292351566106558,19432243,15079277,1.2886720629908184,,,,,187879,216407,0.8681743196846683,1,1,TRANSLATED_ONLY,TRANSLATED_ONLY,TRANSLATE_ONLY,TRANSLATE_ONLY,1,1,TIMEOUT,TIMEOUT,180.40286536499934,180.415521257999,ec835ee763ba32c2363643235e063f4001ed91b1885d37960d5bc56c203ce72e,038c9533de5e6bf8ffcfd942fa5cb9b361181a8cd6eb656a756a992e269f4846
b2,moreDetailedTest/0039.trace,moreDetailedTest,0c180b00dda04beb7101c891aa8836486327261c97f53dc99681954fa42c5065,18,2,0,8,2.25,3,500,500,5,5,5.0,,MIN_EXPANDED_SIZE,False,1,58,174,36,,,,,,80320,158408,7396354,8961478,0.8253497916303538,24283544,18932013,1.2826709975320638,,,,,234289,252983,0.9261057067075653,1,1,TRANSLATED_ONLY,TRANSLATED_ONLY,TRANSLATE_ONLY,TRANSLATE_ONLY,1,1,TIMEOUT,TIMEOUT,180.5253335389989,180.4211528300002,d3c455bf80d69b6f11ed37cd8bb1b2c73fa912d4dbaae10d09d42b67ee36d30a,57e8158cd3c2fa3297d694299de880ee4cbcff9d582041d70b423489c7dcd5b9
b2,moreDetailedTest/0040.trace,moreDetailedTest,548b527cb9bb92b42993458f5cddec76676b2b9e8dd25186bca955302c1d2f80,18,2,0,8,2.25,3,50,50,5,5,5.0,,MIN_EXPANDED_SIZE,False,1,58,174,36,3,1.0,1,3,3,8320,17432,747157,926446,0.8064765782355366,2452696,1976928,1.2406602567215397,,,,,25589,72900,0.3510150891632373,1,1,REUSED_E4,REUSED_E4,E4_REUSED,E4_REUSED,0,0,SAT,SAT,52.73929689900001,73.01640160900024,9b317971ea1791477740ac2c06ba648f744521bc69b4c74769443237b404307f,df1ec858a1bed20f03affa269a15d315fc5079c4e62ccf6ec20f222470e5133b
b2,moreDetailedTest/0041.trace,moreDetailedTest,31efac6c1c3ad02176d01d4737047da638bd07be31e32f796a6d6b5f81079de0,18,2,0,8,2.25,3,5,5,5,5,5.0,,MIN_EXPANDED_SIZE,False,1,58,174,36,3,1.0,2,3,3,1120,3308,82237,112696,0.7297242138141549,269611,250434,1.0765750656859692,,,,,4809,34916,0.13773055332798717,1,1,REUSED_E4,REUSED_E4,E4_REUSED,E4_REUSED,0,0,SAT,SAT,24.713502050000898,12.631613221999942,61524874970a303157d9e1ecf13d42c4e11b95860d310cad2f55bcfb38688b63,440e58bc4b5de9c1ac1fe1a2973ace8bc80ce6f13d8ab1f4d8a653de7aa776b1
b2,moreDetailedTest/0042.trace,moreDetailedTest,1d392a502c2156981d4bc674048d885acb36c2fee78efc8f06e72e2e098e6165,18,2,0,8,2.25,3,75,75,5,5,5.0,,MIN_EXPANDED_SIZE,False,1,58,174,36,3,1.0,2,3,3,12320,25319,1116557,1361463,0.8201155668571235,3665521,2881729,1.2719867135320497,,,,,37139,79337,0.4681170198016058,1,1,TRANSLATED_ONLY,REUSED_E4,TRANSLATE_ONLY,E4_REUSED,1,0,TIMEOUT,SAT,180.15739979699993,81.58899413699874,ac46e8acd4b05818a7160cf30400e9cc4215a01de75d620e61d30be0dfe361fa,39817e3ecc813ab1d9c4c81b15c166c751a60fac7ee7df44dcdd7e48cae0911f
b2,moreDetailedTest/0043.trace,moreDetailedTest,637c502d139a4ebfa69ea51c03da9185ab0dcaf1f14830735a6467b26ab485c8,3,2,0,3,1.0,2,100,100,5,5,5.0,,MIN_EXPANDED_SIZE,False,1,22,24,5,1,1.0,1,1,1,10081,6717,404249,155873,2.593451078762839,1251607,296108,4.226859794399341,,,,,39630,47719,0.83048680818961,1,1,REUSED_E4,REUSED_E4,E4_REUSED,E4_REUSED,0,0,SAT,SAT,4.951352365000275,3.211758313998871,e56372c3f12ac3003b74c013a313af0a975cc9484dc8ec70ef2c186454d51736,b58ea3f4d956d5d8c9b88111bc8518c38c508d38149aa1d3a27bb15f0dc946a3
b2,moreDetailedTest/0044.trace,moreDetailedTest,ee14ef8f70584eeb01a1dd257788ab1a9c013f6a633764758630e2ecf597ffdc,3,2,0,3,1.0,2,10,9,5,5,5.0,,MIN_EXPANDED_SIZE,False,1,22,24,5,1,1.0,1,1,1,1031,885,39378,19133,2.0581194794334396,121372,36227,3.3503188229773375,,,,,6019,20663,0.29129361660939845,1,1,REUSED_E4,REUSED_E4,E4_REUSED,E4_REUSED,0,0,SAT,SAT,1.4248695520000183,1.4176852679993317,7ef8080bc2d7d0cb897429a2d975b7b7e6f32f9048fc914d556fbe77a8fae136,57c235015a1c6285dd436d8d1b49d7c4f79206cdd52564fe56c5f1c2987601e1
b2,moreDetailedTest/0045.trace,moreDetailedTest,807b5cb529c6e2495c8507c5c59d00de6a680cc6dc9d20079d1153aa43855ec2,3,2,0,3,1.0,2,125,125,5,5,5.0,,MIN_EXPANDED_SIZE,False,1,22,24,5,1,1.0,1,1,1,12581,8301,505045,194152,2.601286620791957,1563825,367626,4.253847660393987,,,,,49004,55439,0.8839264777503202,1,1,REUSED_E4,REUSED_E4,E4_REUSED,E4_REUSED,0,0,SAT,SAT,5.737302951998572,3.5932824639985483,de99ac215cdbeead685585b77c1e15a11319991f5e21a0bed929e84e4fc6fe8a,eec95383ac5d162de5068cc493d408dd6fe174b8c12046f400440a0c923cc35b
b2,moreDetailedTest/0046.trace,moreDetailedTest,ddf2db14fbfd525d4ce4118c0e2a6e4904f485b233d123744df1f3ca70036612,3,2,0,3,1.0,2,150,150,5,5,5.0,,MIN_EXPANDED_SIZE,False,1,22,24,5,1,1.0,1,1,1,15081,9381,605843,218245,2.7759765401269214,1876052,414114,4.530279101889818,,,,,58344,59053,0.9879938360455862,1,1,REUSED_E4,REUSED_E4,E4_REUSED,E4_REUSED,0,0,SAT,SAT,7.686740773000565,4.220537712000805,69acbe8772ba5a57a2154fc3dde0b11f5bc1e2a9f65350881d17da60bbb9f770,75a2931436c2d303200c8164c5c821054ea3d7cce93ea7c2833375ab5e56bd7d
b2,moreDetailedTest/0047.trace,moreDetailedTest,8e2578ac0439b973c4380b4126f953af5754b611da87c8270d5bb903298c5057,3,2,0,3,1.0,2,175,175,5,5,5.0,,MIN_EXPANDED_SIZE,False,1,22,24,5,1,1.0,1,1,1,17581,10686,706632,248843,2.8396699927263374,2188268,471559,4.640496735297174,,,,,67684,63932,1.0586873553150222,1,1,REUSED_E4,REUSED_E4,E4_REUSED,E4_REUSED,0,0,SAT,SAT,8.234623980999913,4.5373048769997695,819873ec3051ded69cf34adc8ef10ee4c00b62f26b9094b30d3dad4a801c6977,d9be4bf56a3b26bee1752fc88cad42208f66c36468682b3a01fc06a136792a92
b2,moreDetailedTest/0048.trace,moreDetailedTest,cfd0d131fbdca95c92c879d2b75d73d37ed370cbed4030d5c0c95135972e8f57,3,2,0,3,1.0,2,200,200,5,5,5.0,,MIN_EXPANDED_SIZE,False,1,22,24,5,1,1.0,1,1,1,20081,12297,807434,286624,2.8170495143463214,2500494,544492,4.592342954533767,,,,,76984,69559,1.1067439152374243,1,1,REUSED_E4,REUSED_E4,E4_REUSED,E4_REUSED,0,0,SAT,SAT,10.14980880200028,5.156793860999642,a56fe8e089cd144cf9d769491b71ef7426ae9e4ee8b073598192044eea14bf6d,f9f384d218493f2daa9e77367c5616cdcff39c66313c47b0eecbdfebf62bc175
b2,moreDetailedTest/0049.trace,moreDetailedTest,0f19f8e6afe758d1d90fc6e6d584016ab8f389b640d1d00d6ea607353905b82d,3,2,0,3,1.0,2,250,250,5,5,5.0,,MIN_EXPANDED_SIZE,False,1,22,24,5,1,1.0,1,1,1,25081,14358,1009018,335375,3.008626164740962,3124928,636405,4.910281974528798,,,,,95714,77848,1.2294985099167608,1,1,REUSED_E4,REUSED_E4,E4_REUSED,E4_REUSED,0,0,SAT,SAT,12.670713756000623,5.603852098000061,045d27828c7bdb121892d52c643a61e5520532872bf132a4d741a6c53b92b0b0,0b7b6bf345d8af659e87754818add248a73118fa5011f09f2f6b51b50d74fcd6
b2,moreDetailedTest/0050.trace,moreDetailedTest,2c1c584bebe0b7766b0213e2f82c80bbf7b559e778ea130f01df92aefa0f259b,3,2,0,3,1.0,2,300,300,5,5,5.0,,MIN_EXPANDED_SIZE,False,1,22,24,5,1,1.0,1,1,1,30081,16473,1210608,383944,3.1530848248702936,3749374,729406,5.140311431493571,,,,,114404,85625,1.336105109489051,1,1,REUSED_E4,REUSED_E4,E4_REUSED,E4_REUSED,0,0,SAT,SAT,14.213867331000074,5.892293935999987,0ebe6c80de2b48ae6c4e1e156319d9c1e6f6c164c6bcce9110c5b3da58871fdf,df5dffc0977b900faa57c3d2338b0ea461590189899d9448828e78c63d1979ba
b2,moreDetailedTest/0051.trace,moreDetailedTest,315d986329d6c83f00012cbb2c482f9f3bd4f431fd392a10a68febdd91ec5d65,3,2,0,3,1.0,2,350,350,5,5,5.0,,MIN_EXPANDED_SIZE,False,1,22,24,5,1,1.0,1,1,1,35081,18714,1412199,437132,3.2306008253799767,4373810,831711,5.258809851017962,,,,,133090,93891,1.4174947545558148,1,1,REUSED_E4,REUSED_E4,E4_REUSED,E4_REUSED,0,0,SAT,SAT,16.030356436000147,7.003900158000761,68cbff2657649a732d293d5f7cd8e9bcb48f8f77fd5b25ddd2c23b71dbb98e3a,392fc48f49c18b4f377db30f093a8c14b03c29ba18fbe2d9aeea7bbde285ba70
b2,moreDetailedTest/0052.trace,moreDetailedTest,3785c9bbd405b9af8b6f8a11961c2797f9c1f04854c98e4acd4d1e69e0bc4d2c,3,2,0,3,1.0,2,400,400,5,5,5.0,,MIN_EXPANDED_SIZE,False,1,22,24,5,1,1.0,1,1,1,40081,20676,1613785,481408,3.352218907870247,4998255,914247,5.46707290261822,,,,,151730,100585,1.5084754188000198,1,1,REUSED_E4,REUSED_E4,E4_REUSED,E4_REUSED,0,0,SAT,SAT,18.574458581000727,7.3673960539999825,825288356a8a49bf522db27e4dca7251a496ed04d914a9c5269ffc7d5307f224,946d1f8da2e81ed126c73ca1cb5f0728e4f8332922860c888aedf3b68b7464fd
b2,moreDetailedTest/0053.trace,moreDetailedTest,b9457e9a12074ccc13a2761c726d6c5dfa3e9abc5722f4546c812490d7819015,3,2,0,3,1.0,2,500,500,5,5,5.0,,MIN_EXPANDED_SIZE,False,1,22,24,5,1,1.0,1,1,1,50081,24762,2016959,577883,3.490254947800852,6247127,1097327,5.693040451934564,,,,,189134,116292,1.6263715474839198,1,1,REUSED_E4,REUSED_E4,E4_REUSED,E4_REUSED,0,0,SAT,SAT,23.340150916999846,8.409911963999548,b56c094752bb3be5ee72332a4e828d8e9b02de37db353d0bc8b93f775469acd4,bb5be058069c3ae8568b7534e960197a01e50e82aa6b5f8473dedf7e569ce934
b2,moreDetailedTest/0054.trace,moreDetailedTest,81bbc8bda62f2d9f673309142da00247859a9f96330fcf68503fb50460439d4c,3,2,0,3,1.0,2,50,50,5,5,5.0,,MIN_EXPANDED_SIZE,False,1,22,24,5,1,1.0,1,1,1,5081,3738,202667,86287,2.348754737098288,627171,164017,3.823817043355262,,,,,21054,38146,0.5519320505426519,1,1,REUSED_E4,REUSED_E4,E4_REUSED,E4_REUSED,0,0,SAT,SAT,3.265627112999937,4.739675524000631,f81373a1805c0a3676874431120655b20c03253d6fb616a167fc936d8c4f1cc1,e991eba763cab0211bd76ea11391ac8ca8fc05042c5369307a4e34b4f84ce9fc
b2,moreDetailedTest/0055.trace,moreDetailedTest,1183178c8767dd12f98917129108ec5fb88816c431a4f75b16d2dfa73c672b32,3,2,0,3,1.0,2,5,5,5,5,5.0,,MIN_EXPANDED_SIZE,False,1,22,24,5,1,1.0,1,1,1,581,498,21234,10152,2.09160756501182,65172,19224,3.3901373283395757,,,,,4354,16425,0.2650837138508371,1,1,REUSED_E4,REUSED_E4,E4_REUSED,E4_REUSED,0,0,SAT,SAT,1.1857025900008011,1.1330823719999898,ddb82d8397365658ff4bbeb09b4871d2633ba4062315b99a4a8d6e4e7680531a,8685ef6d626dc64f6172fd994ae91ea3e1e8f43690c6b329d15e8aa4d5f0cd27
b2,moreDetailedTest/0056.trace,moreDetailedTest,0c15179014d1264cc17c57ce654ef40ecea6200e6840f5a07e44ce4c86d30d03,3,2,0,3,1.0,2,75,75,5,5,5.0,,MIN_EXPANDED_SIZE,False,1,22,24,5,1,1.0,1,1,1,7581,5457,303458,126464,2.3995603491902835,939389,239748,3.918234980062399,,,,,30334,44347,0.6840147022346494,1,1,REUSED_E4,REUSED_E4,E4_REUSED,E4_REUSED,0,0,SAT,SAT,3.8843446889995903,2.7339784409996355,7205a878ea494b408139a2d860e69b816adb958a3a412e5c980173bf238ec6d9,7764121ef9e1d8cc59531ab5bd7492b5d70ac65c30eef4b9b51186c8ea5162c0
b2,moreDetailedTest/0057.trace,moreDetailedTest,4f2909eebc3b222544bb7be16127794983b5e97d2605d7fca77341a1f4f3d6ca,18,2,0,8,2.25,3,100,100,5,5,5.0,,MIN_EXPANDED_SIZE,False,1,58,174,36,,,,,,16320,33338,1485957,1839718,0.8077091162884746,4878346,3914116,1.2463468124092387,,,,,48689,89726,0.5426409290506654,1,1,TRANSLATED_ONLY,TRANSLATED_ONLY,TRANSLATE_ONLY,TRANSLATE_ONLY,1,1,TIMEOUT,TIMEOUT,180.19588065399876,180.1989959309999,ab9d04449f4b2a2538e329dc70f7e94247ff228c396a2c76dff4ce3233d89f97,2671ec1e689944c9201edf0574bc37ea76de28f3b39bce0763f9bea98ed671dd
b2,moreDetailedTest/0058.trace,moreDetailedTest,9b4d02810035bae80c5a0ea6d053c0211b3345dfb507f87879b5353bf9810e20,18,2,0,8,2.25,3,10,10,5,5,5.0,,MIN_EXPANDED_SIZE,False,1,58,174,36,2,0.16666666666666666,1,5,6,1920,4925,156117,206373,0.7564797720632059,512176,447847,1.1436405736780642,,,,,7109,36718,0.19361076311345934,1,1,REUSED_E4,REUSED_E4,E4_REUSED,E4_REUSED,0,0,SAT,SAT,15.11368430100083,8.371571551999978,a7920339309ea24a31e46eb4b585b8a54a13b9b9e8c816df37fe1d2d023a9b7f,4e07f5cbc0ba32404506c525ad5d1a6ae66cc9424313029c5c6706a9aed414e9
b2,moreDetailedTest/0059.trace,moreDetailedTest,ac97087e8a8cb6861346d5692115d09083d18031456aedc00407096699c3993a,18,2,0,8,2.25,3,125,125,5,5,5.0,,MIN_EXPANDED_SIZE,False,1,58,174,36,,,,,,20320,41192,1855357,2281681,0.8131535477571141,6091171,4850323,1.2558279108422263,,,,,60289,105453,0.5717144130560534,1,1,TRANSLATED_ONLY,TRANSLATED_ONLY,TRANSLATE_ONLY,TRANSLATE_ONLY,1,1,TIMEOUT,TIMEOUT,180.1949751320003,180.22319670699994,2bfdf111779c54b1e977d9477ef6b8a983661233df12a252d013ee4416ed1f93,02e315622c0b54ecec5d414d744b97adbc1c7b0a4ad1d18ce09ec3a5165a0a6e
b2,moreDetailedTest/0060.trace,moreDetailedTest,099d374b4a79e557ce8625dbf70b7ef4051854a9f6f427ea06dfa804137155f0,18,2,0,8,2.25,3,150,150,5,5,5.0,,MIN_EXPANDED_SIZE,False,1,58,174,36,,,,,,24320,48848,2224755,2738802,0.812309542639446,7303995,5830090,1.2528099909263837,,,,,71875,119851,0.5997029645142719,1,1,TRANSLATED_ONLY,TRANSLATED_ONLY,TRANSLATE_ONLY,TRANSLATE_ONLY,1,1,TIMEOUT,TIMEOUT,180.24001207200035,180.19027860699998,a5b42490a395e20c680ec419f756ff3952dbe6f5282fa791101cb63234990783,ec2b7775e115a079c72c23aad3eb960748bad283739f4e5c8c6f9ed9977a0f16
b2,moreDetailedTest/0061.trace,moreDetailedTest,39181bf238c368c6bf999b400b5dc580ed71990f1b8847bb509a88918425558d,18,2,0,8,2.25,3,175,175,5,5,5.0,,MIN_EXPANDED_SIZE,False,1,58,174,36,,,,,,28320,56504,2594157,3154175,0.822451829717755,8516821,6685261,1.2739698569734226,,,,,83489,118578,0.7040850748030832,1,1,TRANSLATED_ONLY,TRANSLATED_ONLY,TRANSLATE_ONLY,TRANSLATE_ONLY,1,1,TIMEOUT,TIMEOUT,180.23746587099959,180.28214162699987,a6b3cdbad934eadc2b908302b5e1fbee9a8e2147721aaadae9a7b5beaa50c196,8dc299e228e8bd7029f78564b2a811c12da8909b02ddec217854c29d5b4cb01b
b2,moreDetailedTest/0062.trace,moreDetailedTest,8c05c01f1fa86672e622c5898300ef68087cab4fc917aefd4fa0eb99e0d31ce8,18,2,0,8,2.25,3,200,200,5,5,5.0,,MIN_EXPANDED_SIZE,False,1,58,174,36,,,,,,32320,64622,2963555,3629571,0.8165028318773762,9729644,7705153,1.2627450746273305,,,,,95089,131002,0.7258591471885926,1,1,TRANSLATED_ONLY,TRANSLATED_ONLY,TRANSLATE_ONLY,TRANSLATE_ONLY,1,1,TIMEOUT,TIMEOUT,180.30743029699988,180.27889752400006,eee1256d6a4e03f44f5764d591fcb973fdfaf8ff18c42bff4fb08b4fa7df9a0d,c6fb847b2422318636e9bad20d9ab1e56a97aa618e0d82f1f6bb493d79cbba22
b2,moreDetailedTest/0063.trace,moreDetailedTest,71ee2e001d753ea974c5b2f5ad823ccc113a64daafa89dabcd113ec476fd9ca8,18,2,0,8,2.25,3,250,250,5,5,5.0,,MIN_EXPANDED_SIZE,False,1,58,174,36,,,,,,40320,80231,3702357,4520227,0.8190643965446868,12155296,9592761,1.2671321635137163,,,,,118289,149781,0.7897463630233474,1,1,TRANSLATED_ONLY,TRANSLATED_ONLY,TRANSLATE_ONLY,TRANSLATE_ONLY,1,1,TIMEOUT,TIMEOUT,180.26077962,180.28608195900006,ebdc6669e3a544b6f19017317fb82f66d122144adf64674a2c1ef82c54917e45,8979a8bd74e80ecc8698f4bc9694d62dca14a4d4a019abd98f291ac0228a3a83
b2,moreDetailedTest/0064.trace,moreDetailedTest,9172e3fe9b33b37e7da8cdc2f455f4a54cb2a904a7da6128c606135935bdecee,18,2,0,8,2.25,3,300,300,5,5,5.0,,MIN_EXPANDED_SIZE,False,1,58,174,36,,,,,,48320,95675,4441156,5382733,0.825074548561112,14580945,11369367,1.2824764122751953,,,,,141489,175070,0.8081852973096476,1,1,TRANSLATED_ONLY,TRANSLATED_ONLY,TRANSLATE_ONLY,TRANSLATE_ONLY,1,1,TIMEOUT,TIMEOUT,180.2510896299973,180.32849894900028,e381f4a581b6efaecf3b6bf974b15192f65033ad222bc25d1a2950afdfbc0759,96d48a1a7c2eb78eadcba6c004afb1245a3252102c1f6d64e0d08ac21dbc7305
b2,moreDetailedTest/0065.trace,moreDetailedTest,49de086b4b2deb5277c139bb937dd02cb7da0ec67d8e0413ed0599c3758ee5e4,18,2,0,8,2.25,3,350,350,5,5,5.0,,MIN_EXPANDED_SIZE,False,1,58,174,36,,,,,,56320,111383,5179957,6326625,0.8187551814751151,17006596,13434403,1.2658989014993818,,,,,164689,194621,0.8462036470884436,1,1,TRANSLATED_ONLY,TRANSLATED_ONLY,TRANSLATE_ONLY,TRANSLATE_ONLY,1,1,TIMEOUT,TIMEOUT,180.41010811499928,180.35976577100018,053496a6e0877d4d5d7d572847fa5e40ca078241ec516ebd764e03ea463ad7cf,7040a3478178a49e21ea682882d230f935468bd1ffe668688203a23cef6b13c4
b2,moreDetailedTest/0066.trace,moreDetailedTest,cbfc471d055d6f53923782080bf95050aaed9d3165c0bc4c90e820b6576d5892,18,2,0,8,2.25,3,400,400,5,5,5.0,,MIN_EXPANDED_SIZE,False,1,58,174,36,,,,,,64320,126662,5918752,7168711,0.825636854380097,19432242,15171319,1.2808538268821583,,,,,187879,213268,0.880952604235047,1,1,TRANSLATED_ONLY,TRANSLATED_ONLY,TRANSLATE_ONLY,TRANSLATE_ONLY,1,1,TIMEOUT,TIMEOUT,180.43932620800024,180.38880057699998,a33fc0f2a9fa1c1eb26893abad14211614dce8c70ef59f64576501949193a423,c6ec1c1160a14e42ab2f319eaf8a92f8c0c97ae5a12a5f5b5ed7c283306fd94c
b2,moreDetailedTest/0067.trace,moreDetailedTest,8bfdde9b0d67c345e53fdae02ca930b5a4ee38ecdf22abe9d65008bc14c87ade,18,2,0,8,2.25,3,500,500,5,5,5.0,,MIN_EXPANDED_SIZE,False,1,58,174,36,,,,,,80320,157550,7396357,8939399,0.8273886197494932,24283546,18923289,1.2832624392091672,,,,,234289,251856,0.9302498252969951,1,1,TRANSLATED_ONLY,TRANSLATED_ONLY,TRANSLATE_ONLY,TRANSLATE_ONLY,1,1,TIMEOUT,TIMEOUT,180.44966765299978,180.44718480600022,9d5be64ede720c5a939cf8ee72bcde32a281ed6bd2309c318a18e2856952191e,53078a175fcd5b15da9697dc9e61f7d5ed1c98f93d279325ccfb577f7b5bef4c
b2,moreDetailedTest/0068.trace,moreDetailedTest,b655e71c689ae313860791906ac28e02bd55899f8ebc76e33057f1bab0d5f81f,18,2,0,8,2.25,3,50,50,5,5,5.0,,MIN_EXPANDED_SIZE,False,1,58,174,36,,,,,,8320,17597,747157,934875,0.7992052413424254,2452696,2001225,1.2255973216404952,,,,,25589,69580,0.36776372520839323,1,1,TRANSLATED_ONLY,TRANSLATED_ONLY,TRANSLATE_ONLY,TRANSLATE_ONLY,1,1,TIMEOUT,TIMEOUT,180.10945765500037,180.1612011090001,1947b80097860acea19113b4f9fd7829aa274bc3c11c0f0b68297f44fd4be7ef,3ecbb5c8153ec8cedec11601943a8b6856667f01254f2a9214db9592c4677086
b2,moreDetailedTest/0069.trace,moreDetailedTest,a9ac77a0666a85534867d5c71ed179f19df02b2cdcbfb8d03371ef159e3795db,18,2,0,8,2.25,3,5,5,5,5,5.0,,MIN_EXPANDED_SIZE,False,1,58,174,36,1,2.0,2,1,1,1120,3275,82237,108580,0.7573862589795542,269611,236866,1.1382427195122982,,,,,4809,29320,0.16401773533424283,1,1,REUSED_E4,REUSED_E4,E4_REUSED,E4_REUSED,0,0,SAT,SAT,2.6265669229997,3.6709693829998287,d26fc98233f26281f39f06c8acb079cd7c6420fe5796ed3d08dc28751ae50414,17a7e279635baf4cfb610cf288a4d8d3b5a2ee087ac28d9b7576c14b0c74a15c
b2,moreDetailedTest/0070.trace,moreDetailedTest,4113d0f1c393d73a8d978b7e373ab3717e657abb7c698f906d252b6447dc785e,18,2,0,8,2.25,3,75,75,5,5,5.0,,MIN_EXPANDED_SIZE,False,1,58,174,36,,,,,,12320,25649,1116557,1375767,0.8115887355925822,3665521,2887737,1.2693403173488444,,,,,37139,82609,0.44957571208948177,1,1,TRANSLATED_ONLY,TRANSLATED_ONLY,TRANSLATE_ONLY,TRANSLATE_ONLY,1,1,TIMEOUT,TIMEOUT,180.15921600799993,180.16495919800036,3632baf4826224a570c3438cc03d528f3e49b04075187cf1732a3371b4f96544,64b3dff4ee7abb5c9215aef8fa8af9029dc8f57953788f3b026f64caac735378
b2,moreDetailedTest/0071.trace,moreDetailedTest,57d13b17b326ec9ce16c93c3b3a3cd58a31d7fea0d319c9f63b4a363c220f75a,67,2,0,8,8.375,4,70,100,5,5,5.0,,MIN_EXPANDED_SIZE,False,1,149,664,36,,,,,,14818,29353,1349041,1614037,0.8358178901722823,4451274,3436487,1.2952977852091394,,,,,49413,90152,0.5481076404294969,1,1,TRANSLATED_ONLY,TRANSLATED_ONLY,TRANSLATE_ONLY,TRANSLATE_ONLY,1,1,TIMEOUT,TIMEOUT,180.1588065650003,180.2040046039997,10e527b5c21c2d6561894cd9c4ba7d0a3e130e17cbef1ce5876c5f1b070dc331,b25adba2f46bda55eb95df47e223465d654e670008cd02efd219999d965fb464
b2,moreDetailedTest/0072.trace,moreDetailedTest,712a95f97a55148b893cab7e054060b15ca5368cc6eb72bbdff11635e77e8b38,67,2,0,8,8.375,4,7,10,5,5,5.0,,MIN_EXPANDED_SIZE,False,1,149,664,5,1,1.0,1,1,1,1813,871,144166,18657,7.727180146861768,475785,35953,13.233527104831307,,,,,7188,16604,0.43290773307636715,1,1,REUSED_E4,REUSED_E4,E4_REUSED,E4_REUSED,0,0,SAT,SAT,2.1381346109999413,1.425777953000079,4a7311dc12b485495fd31dd14c9adc2724da88d3c52bfa51e3da446b644a8c04,8d0b829a7038b06a464e5910bc679cce48501da41667f94d1e4bad1aec8c5720
b2,moreDetailedTest/0073.trace,moreDetailedTest,e742f6337ec6bd9e7bda1c2065502eee6341208300398b0c703fa2b0bb35defd,67,2,0,8,8.375,4,80,125,5,5,5.0,,MIN_EXPANDED_SIZE,False,1,149,664,36,,,,,,17793,34798,1624666,1909208,0.8509633313918651,5360704,4035138,1.3285057413154147,,,,,59098,98685,0.5988549424937933,1,1,TRANSLATED_ONLY,TRANSLATED_ONLY,TRANSLATE_ONLY,TRANSLATE_ONLY,1,1,TIMEOUT,TIMEOUT,180.19864538299953,180.20900757599975,f39f9644f726216f141c1b519e60df85f3bd36e8133ec0789b8e371e45d0636d,1c0c69069b2f4e7b796ac90d1db8708835035b2d180e82aff5bfcab9c0b5414e
b2,moreDetailedTest/0074.trace,moreDetailedTest,2e1fb6f79c6a1faa78f4871a322a26feeec4f3b6891910359cb1e871d607b1e2,67,2,0,8,8.375,4,107,150,5,5,5.0,,MIN_EXPANDED_SIZE,False,1,149,664,36,,,,,,22213,43180,2034166,2393216,0.8499717534898646,6711845,5064622,1.325241054515026,,,,,73482,118063,0.6223965171137443,1,1,TRANSLATED_ONLY,TRANSLATED_ONLY,TRANSLATE_ONLY,TRANSLATE_ONLY,1,1,TIMEOUT,TIMEOUT,180.27136699099992,180.25408992399935,0cad02ffcb7b25d4723dac279b17791285be5ab7f77bebc5d4f5662d06fd812d,2bd545839693340b643ce48416e8a0afb6d0ffe70545991e5be1152cfd5d759c
b2,moreDetailedTest/0075.trace,moreDetailedTest,7996d9940d778813e5fbcdafe6750a3b9a0af65c0477403f060535cc6e24d64f,67,2,0,8,8.375,4,116,175,5,5,5.0,,MIN_EXPANDED_SIZE,False,1,149,664,36,,,,,,25103,48823,2301916,2701829,0.851984340977908,7595292,5699259,1.3326806169012497,,,,,82900,127098,0.6522525924876866,1,1,TRANSLATED_ONLY,TRANSLATED_ONLY,TRANSLATE_ONLY,TRANSLATE_ONLY,1,1,TIMEOUT,TIMEOUT,180.18552200199997,180.24252327499994,072b5c50de6dcec8c650b3aa6e2350dc2e30c799f99230ddf455b51f168f9db7,7ac92ef64d7980c9a9839347fe4d3d6a97f6928733f27da6999fd739877c08d9
b2,moreDetailedTest/0076.trace,moreDetailedTest,831e91124dcee39271a6aedcc45c8f5fe5958dd7ae0f3ff4ae212e0c32fe0667,67,2,0,8,8.375,4,124,200,5,5,5.0,,MIN_EXPANDED_SIZE,False,1,149,664,36,,,,,,27908,53443,2561791,2990627,0.8566066580686926,8452756,6332889,1.334739326711711,,,,,92041,134964,0.6819670430633354,1,1,TRANSLATED_ONLY,TRANSLATED_ONLY,TRANSLATE_ONLY,TRANSLATE_ONLY,1,1,TIMEOUT,TIMEOUT,180.21804515500003,180.2140470639988,6f09907599b8254bc9600748b2399f87dfb4ff087c44128b51023b00a2548e12,93b16e46ccfea7c230faa6e3dd96d12f1b9257396c9102cb925e9405958dd7c7
b2,moreDetailedTest/0077.trace,moreDetailedTest,b00e1c488a1ff227de8228fb648596ebfe829fd0352e1b171b29410e87917875,67,2,0,8,8.375,4,155,250,5,5,5.0,,MIN_EXPANDED_SIZE,False,1,149,664,36,,,,,,34793,67435,3199666,3786821,0.8449477807374576,10557429,8038503,1.313357599045494,,,,,114478,155391,0.7367093332303672,1,1,TRANSLATED_ONLY,TRANSLATED_ONLY,TRANSLATE_ONLY,TRANSLATE_ONLY,1,1,TIMEOUT,TIMEOUT,180.26913307500035,180.22492062499987,96d4475647797067221aba0ba5d8fb8bbf6a0a982004f42bf89924c78ec89086,136e4de793e4b553ba39997900cab28af431a34cc9258afb0013ad18457d9e44
b2,moreDetailedTest/0078.trace,moreDetailedTest,7b8192397809be8eb1f97061b084ca8b89710901cf2a3fff0f17b27f7f211ffa,67,2,0,8,8.375,4,174,300,5,5,5.0,,MIN_EXPANDED_SIZE,False,1,149,664,36,,,,,,40658,78589,3743041,4428909,0.8451383850966457,12350306,9392779,1.3148724142237351,,,,,133591,168992,0.7905167108502178,1,1,TRANSLATED_ONLY,TRANSLATED_ONLY,TRANSLATE_ONLY,TRANSLATE_ONLY,1,1,TIMEOUT,TIMEOUT,180.27302674800012,180.27054933099998,420028716213f37a1b6ce1f90fe17f68d1c426e4664f708ff5b3fc26d8e1f5bc,1ff3163df8b4d9677892016ae997779df04716fd55dcf5d6245546b596b900fe
b2,moreDetailedTest/0079.trace,moreDetailedTest,73361930f2abc56658d9de6f4f3cf4ee57a4b1ba1f5dd96eaab48b01b811babb,67,2,0,8,8.375,4,213,350,5,5,5.0,,MIN_EXPANDED_SIZE,False,1,149,664,36,,,,,,48223,92944,4443916,5231448,0.8494619462909695,14662843,11065034,1.3251511924861685,,,,,158244,193897,0.8161240246110049,1,1,TRANSLATED_ONLY,TRANSLATED_ONLY,TRANSLATE_ONLY,TRANSLATE_ONLY,1,1,TIMEOUT,TIMEOUT,180.36192018200018,180.29223410300028,699737b2e81d86ea47964a0fee2c9af54c7ed1813de031297b79860decc6a583,5f1641ab3ad60a19edb5d6bbefe0b6929d81d6b1773fe48063880614ee96d25d
b2,moreDetailedTest/0080.trace,moreDetailedTest,f88b209c9f44897c74fcb5ea01127241b0ff75ad97d626894bb652e787c86ffc,67,2,0,8,8.375,4,317,400,5,5,5.0,,MIN_EXPANDED_SIZE,False,1,149,664,36,,,,,,61313,117397,5656666,6641519,0.8517126880160999,18664275,14057349,1.3277236696620394,,,,,200902,230479,0.8716716056560467,1,1,TRANSLATED_ONLY,TRANSLATED_ONLY,TRANSLATE_ONLY,TRANSLATE_ONLY,1,1,TIMEOUT,TIMEOUT,180.4166019690001,180.3693410800006,8bb8141cad19969af605727128c4e6c598401ea157df46959685485a0c36ba6e,740256774232b95d7865200616629b80e9afcdb1f94b789d3f4fbe75e4d28866
b2,moreDetailedTest/0081.trace,moreDetailedTest,e6daa1f5db8caa045d341a205eb90d0b19075f97e51295dda11e06a855c805fb,67,2,0,8,8.375,4,331,500,5,5,5.0,,MIN_EXPANDED_SIZE,False,1,149,664,36,,,,,,71003,136438,6554416,7714266,0.8496486898429482,21626437,16316652,1.32542123224789,,,,,232480,261426,0.8892765065448731,1,1,TRANSLATED_ONLY,TRANSLATED_ONLY,TRANSLATE_ONLY,TRANSLATE_ONLY,1,1,TIMEOUT,TIMEOUT,180.407286763,180.33850320800002,aa572b5da0450785e5da18329dc66d17b139195abad4ebf5d6cbcdafc9ecd2d9,0e93011899f2eba3d634f2b32ad619ffb2e1ad984106ba108950256955635361
b2,moreDetailedTest/0082.trace,moreDetailedTest,4d7260867536235c162fcf2d264141458d3eb621960070f11fa2838c3a3fd581,67,2,0,8,8.375,4,36,50,5,5,5.0,,MIN_EXPANDED_SIZE,False,1,149,664,5,1,1.0,1,1,1,7678,3922,687541,90714,7.579215997530701,2268652,175012,12.962836834045666,,,,,26229,39045,0.6717633499807913,1,1,REUSED_E4,REUSED_E4,E4_REUSED,E4_REUSED,0,0,SAT,SAT,6.461148594999031,2.7936398299998473,74554fdcae2cb525e7755e93e3df4db5c5a9e582ec0634c17a88d265dd52d1e6,b6f836bea37d1727f767f427a6fda361c454c54b05b0dd898d6bda494e6f16dc
b2,moreDetailedTest/0083.trace,moreDetailedTest,a7c5f6d9bd25a1c35e7fd4fb1a8df4030ffa299d1970fee1c260c404b3fc1419,67,2,0,8,8.375,4,1,5,5,5,5.0,,MIN_EXPANDED_SIZE,False,1,69,664,5,1,1.0,1,1,1,878,385,57540,7199,7.992776774552021,189966,14047,13.523599345055883,,,,,4163,9597,0.4337813900177139,1,1,REUSED_E4,REUSED_E4,E4_REUSED,E4_REUSED,0,0,SAT,SAT,2.203022095000051,1.8624068959998112,18b3ef446f8c5553b530d236e52e3c4daec5bdd2e53eee2fa7d5acb8e393665c,0631104248a152c3b615f81eda6ab88e578b37b617ac21d7c850d1703d686bf2
b2,moreDetailedTest/0084.trace,moreDetailedTest,26248e3a236ebf1aa7a6c5bc31aafbc13134a9a5d9990871a12935b8737fc8a3,67,2,0,8,8.375,4,52,75,5,5,5.0,,MIN_EXPANDED_SIZE,False,1,149,664,36,,,,,,11163,21796,1010416,1158720,0.8720104943385805,3333980,2434558,1.3694395450837482,,,,,37545,78789,0.4765259109774207,1,1,TRANSLATED_ONLY,TRANSLATED_ONLY,TRANSLATE_ONLY,TRANSLATE_ONLY,1,1,TIMEOUT,TIMEOUT,180.14800467199984,180.1220906909998,bc424a7cb42b904260fab6ebb5404f20e7a0d2f5a12257bf7ce79af83a7fcf4b,3cba99fea6dfe861cd96006d142ad42cd0d9435e27422ce9c616db50da2e5111
b2,moreDetailedTest/0085.trace,moreDetailedTest,eaca5cc7c4d2367554b6877c124c9cce8f7af944d720d88f9783c9c8dc046f03,6,2,0,6,1.0,3,100,100,5,5,5.0,,MIN_EXPANDED_SIZE,False,1,34,54,32,,,,,,14222,25241,995724,1358772,0.732811685845749,3219923,2799851,1.1500336982217982,,,,,48688,91662,0.5311688595055748,1,1,TRANSLATED_ONLY,TRANSLATED_ONLY,TRANSLATE_ONLY,TRANSLATE_ONLY,1,1,TIMEOUT,TIMEOUT,180.13136156899964,180.15220366500034,17eee321bf7ee967b738ac5b65e4d155b4dae88daa635f15db6272225c7ca95a,4eb5545a7e2f512369c98c96edc284f6094c92ac0f0f6d1bfa5854044b77c779
b2,moreDetailedTest/0086.trace,moreDetailedTest,7d1221f99a365f5cdd06e29192e26daaa82b7eeeaacd6120e653fedf3d837ebc,6,2,0,6,1.0,3,10,10,5,5,5.0,,MIN_EXPANDED_SIZE,False,1,34,54,32,,,,,,1622,3541,104004,146864,0.7081653774921015,335873,307813,1.0911592427870167,,,,,7108,43341,0.16400175353591287,1,1,REUSED_E4,REUSED_E4,E4_REUSED,E4_REUSED,0,0,UNSAT,UNSAT,31.169175979999636,18.102251484999215,243d07c631fecc9833683253641803151c95ddde0308c8c06b72e3f777cdb993,806a7f61c80a24f43a1b61d296ca836d7b879f2261e7bcc51a4b8db6ab6b2c26
b2,moreDetailedTest/0087.trace,moreDetailedTest,558efb63948013ff1a72713446f4c418cee07091d72c39f6c67a5e739476cc48,6,2,0,6,1.0,3,125,125,5,5,5.0,,MIN_EXPANDED_SIZE,False,1,34,54,32,,,,,,17722,31316,1243424,1683486,0.738600736804464,4021048,3454871,1.1638778987695924,,,,,60288,101946,0.5913719027720558,1,1,TRANSLATED_ONLY,TRANSLATED_ONLY,TRANSLATE_ONLY,TRANSLATE_ONLY,1,1,TIMEOUT,TIMEOUT,180.15482657899975,180.2280166649998,57c271e730389985f5577d0ebd3094bf60a4754a358d9f0dee99aadc4a5d3a8f,4252b07af20c028f6b5ebb735ecc2679acaa8137b9982a9fd31695175055b637
b2,moreDetailedTest/0088.trace,moreDetailedTest,f43cb075a600217404d8150609c59e79796ebce8b054f4583035ef7b4b9d6e7c,6,2,0,6,1.0,3,150,150,5,5,5.0,,MIN_EXPANDED_SIZE,False,1,34,54,32,,,,,,21222,37266,1491124,2027135,0.735581991332595,4822173,4176352,1.1546375880194006,,,,,71888,107916,0.6661477445420513,1,1,TRANSLATED_ONLY,TRANSLATED_ONLY,TRANSLATE_ONLY,TRANSLATE_ONLY,1,1,TIMEOUT,TIMEOUT,180.14748201200018,180.2412818970006,1c7ca10c5592e41e61621f8c6ae4e77ad33483edb8e2fe738739617c0c57ba1b,b10420189cf54175780c55dd152e8d16f98e6729033f20e3d79b1d44663f003b
b2,moreDetailedTest/0089.trace,moreDetailedTest,10eb82fc9b894566e2bdda7fbe063f53fb1f1ab040f98850aea7e910a9bcf07a,6,2,0,6,1.0,3,175,175,5,5,5.0,,MIN_EXPANDED_SIZE,False,1,34,54,32,,,,,,24722,43541,1738824,2378644,0.7310148134819671,5623298,4904599,1.1465357310556887,,,,,83488,115209,0.7246656077216189,1,1,TRANSLATED_ONLY,TRANSLATED_ONLY,TRANSLATE_ONLY,TRANSLATE_ONLY,1,1,TIMEOUT,TIMEOUT,180.18836050500067,180.244282032,cf58417d303ec1d68b01806c698b61ce6d6521ed71adacd8c379e8c8dc28b2fc,7ff94bb48c5cafb12e907ae0dad87e103aaf5c4e4f79690db39b8023402eac09
b2,moreDetailedTest/0090.trace,moreDetailedTest,ec4fab11813386fee859e75b27a799e8016ac7481d19106d22ea040bbdf7c32b,6,2,0,6,1.0,3,200,200,5,5,5.0,,MIN_EXPANDED_SIZE,False,1,34,54,32,,,,,,28222,49741,1986524,2732832,0.7269103991756537,6424423,5647295,1.137610661387443,,,,,95088,131364,0.7238512834566548,1,1,TRANSLATED_ONLY,TRANSLATED_ONLY,TRANSLATE_ONLY,TRANSLATE_ONLY,1,1,TIMEOUT,TIMEOUT,180.1767724680003,180.22906533900004,902c47030e378782e6f5b8f5d1a1f2f07752e0ca02b97244655d68ecadd5521e,17a5aa2fba84b7052723f5832a7869e3677b4b0681751811d4e136ff86a7ed8b
b2,moreDetailedTest/0091.trace,moreDetailedTest,5fd6f2cf1a0d0eeb256b4bdcb37d8224953e2cbb7d9ca333188168ce6ccdb57d,6,2,0,6,1.0,3,250,250,5,5,5.0,,MIN_EXPANDED_SIZE,False,1,34,54,32,,,,,,35222,61741,2481921,3388064,0.7325484406433881,8026670,6977255,1.150405137837158,,,,,118288,150833,0.7842315673625798,1,1,TRANSLATED_ONLY,TRANSLATED_ONLY,TRANSLATE_ONLY,TRANSLATE_ONLY,1,1,TIMEOUT,TIMEOUT,180.230808325,180.28521741400073,32beebca7356bccebac25044c08040a5e55aac5dbfed85e9e201b5f1bd8d4b24,cc7815212865eb67e56beaa43191e7ad10d4799880b038059d29232c293dad71
b2,moreDetailedTest/0092.trace,moreDetailedTest,5c5aa51423d0defa0ed2cc7df8cd3de4afaee02c847b7d08887824bd0de72351,6,2,0,6,1.0,3,300,300,5,5,5.0,,MIN_EXPANDED_SIZE,False,1,34,54,32,,,,,,42222,74116,2977322,4091437,0.7276959171068746,9628921,8445966,1.1400615394378808,,,,,141488,171349,0.8257299429818674,1,1,TRANSLATED_ONLY,TRANSLATED_ONLY,TRANSLATE_ONLY,TRANSLATE_ONLY,1,1,TIMEOUT,TIMEOUT,180.28853497400087,180.3056962339997,1e1d47d4d5b74b44fcd48596ffecad2e0fb8fbc242e76b522b791556da708744,8a93b4eaac1809f65a5cd8e22409869f960e4ed6a305e58fb44b9918183f2f01
b2,moreDetailedTest/0093.trace,moreDetailedTest,806ba714d81d3e8de22d2a83623ccbe9a8b2ae65952d868b09fae1a9c6591b06,6,2,0,6,1.0,3,350,350,5,5,5.0,,MIN_EXPANDED_SIZE,False,1,34,54,32,,,,,,49222,85991,3472723,4731404,0.7339730447875514,11231172,9740985,1.1529811410242394,,,,,164688,190709,0.8635565180458185,1,1,TRANSLATED_ONLY,TRANSLATED_ONLY,TRANSLATE_ONLY,TRANSLATE_ONLY,1,1,TIMEOUT,TIMEOUT,180.34635460499885,180.30362416999924,1428042e81b99e79b3a6c048092a5af7ea3b973a5a17bc54a0ed4a23cfc17364,e0ff89cfe5f9d7de848aa4c3f902309a319f0a33c4d4780ff8c2417d6b5bbbe3
b2,moreDetailedTest/0094.trace,moreDetailedTest,d8a87b17ca65acd920f9826c0a9c8fdb588f555dc94081ffad59d1482b7c0427,6,2,0,6,1.0,3,400,400,5,5,5.0,,MIN_EXPANDED_SIZE,False,1,34,54,32,,,,,,56222,97991,3968123,5415089,0.7327899873852489,12833422,11174978,1.1484069140896742,,,,,187888,213203,0.881263396856517,1,1,TRANSLATED_ONLY,TRANSLATED_ONLY,TRANSLATE_ONLY,TRANSLATE_ONLY,1,1,TIMEOUT,TIMEOUT,180.36760474200128,180.36207605600066,979b9bae117e228a6dce13060c65d8d9b72dede0216f87984c53f5ddfedd3dc5,c4747b551a958e1e088bfd8ae93b0a68b020dd2b94f92c4ab476e5d1b6e83cf3
b2,moreDetailedTest/0095.trace,moreDetailedTest,aacc5e739f98705704ae7b20d558c66a79cef79dd0a61648486cee28a2a04d11,6,2,0,6,1.0,3,500,500,5,5,5.0,,MIN_EXPANDED_SIZE,False,1,34,54,32,,,,,,70222,121766,4958924,6725501,0.7373315385723681,16037923,13831430,1.1595274675142049,,,,,234288,252449,0.9280607172141699,1,1,TRANSLATED_ONLY,TRANSLATED_ONLY,TRANSLATE_ONLY,TRANSLATE_ONLY,1,1,TIMEOUT,TIMEOUT,180.36527339399981,180.37333528099953,efefb5a3d9765c231aae785cab692ed697fd8a8076afac58ca0fa606a16ee337,3c0c4b3729cbe4200e89883b30d0e45a8a9baccbe391c15a8465eaf3cd4c0ecf
b2,moreDetailedTest/0096.trace,moreDetailedTest,30aadc3d1d8c8b58f1586950ef713e9fbd8072dad3ff3ee523cf3195b4a8ef50,6,2,0,6,1.0,3,50,50,5,5,5.0,,MIN_EXPANDED_SIZE,False,1,34,54,32,,,,,,7222,13166,500324,693059,0.7219067929281634,1617673,1440060,1.123337222060192,,,,,25588,70349,0.3637294062460021,1,1,REUSED_E4,REUSED_E4,E4_REUSED,E4_REUSED,0,0,UNSAT,UNSAT,166.16978698799994,93.75025951800035,da9554e5d424b89d416d331f303fe4e06dc15b1c5901916a8ed7f0d8864aaa9a,0fc7e89a971e15b80928a13817cc378802583a579b7ff7d1884bbcc1bf22f5c5
b2,moreDetailedTest/0097.trace,moreDetailedTest,358203429a0dda968d2aae24d6eedc1bfbb07c72f2684977777992dc1d1b1fb6,6,2,0,6,1.0,3,5,5,5,5,5.0,,MIN_EXPANDED_SIZE,False,1,34,54,32,1,0.0,0,5,5,922,2316,54464,77316,0.7044337523927777,175648,163621,1.0735052346581428,,,,,4808,33314,0.1443237077504953,1,1,REUSED_E4,REUSED_E4,E4_REUSED,E4_REUSED,0,0,SAT,SAT,3.1910954710001533,4.406787644998985,840712ddef995b50df6327c10b70697758a3deb19d1a5a3d44ef1e36484425a1,50c89ecee24494cd5cfffe81a4b2b01c48b7506e50fbf4de4f01e2869934e0f6
b2,moreDetailedTest/0098.trace,moreDetailedTest,7a2f039f0a4fc70b214bebf4450a248f6f82dd8a098ff30196040b8140d2dc5f,6,2,0,6,1.0,3,75,75,5,5,5.0,,MIN_EXPANDED_SIZE,False,1,34,54,32,,,,,,10722,19416,748024,1024109,0.7304144383068599,2418798,2102942,1.150197199922775,,,,,37138,79100,0.4695069532237674,1,1,TRANSLATED_ONLY,REUSED_E4,TRANSLATE_ONLY,E4_REUSED,1,0,TIMEOUT,UNSAT,180.07755687100007,146.2663808010002,93be437df9b9e1e41c40c79481cd6b7d977b04ee578c08d440a34a6ca37616b8,78906e97ddc9b30f7de6018a2192d792752cdfcb1b55f96e518548a59fa2e5e8
b2,moreDetailedTest/0099.trace,moreDetailedTest,6e3917cbf403a61f718ebeb7705c316036eaa834e856a417013f5c458aaecefa,3,2,0,3,1.0,2,100,100,5,5,5.0,,MIN_EXPANDED_SIZE,False,1,22,24,5,1,1.0,1,1,1,10081,6393,404245,148835,2.716061410286559,1251608,282354,4.432761710476919,,,,,39590,49369,0.8019202333448116,1,1,REUSED_E4,REUSED_E4,E4_REUSED,E4_REUSED,0,0,SAT,SAT,6.929763037999692,3.1329706470005476,8e651a26903b6defeed5bddba07f066daf3fd44e5133da08cfd25d0b6826f129,cd78325aaf4ef837e2a1158a5d863b7443a495e39237617d19a1a7a67cfcfe8b
b2,moreDetailedTest/0100.trace,moreDetailedTest,ae943fed0f23fd01580a802978ac508e788b67e43b5932095fd40f4fd4d327e3,3,2,0,3,1.0,2,10,10,5,5,5.0,,MIN_EXPANDED_SIZE,False,1,22,24,5,1,1.0,1,1,1,1081,867,41394,18651,2.219398423677015,127617,35694,3.575306774247773,,,,,6176,19188,0.321867834062956,1,1,REUSED_E4,REUSED_E4,E4_REUSED,E4_REUSED,0,0,SAT,SAT,1.4104608640009246,1.4343860150002001,34b4cfac07c68b1fa0d0e584180b89163c36c5bcef96872cef4b85889baede6e,bf9efa391465ac51e16406f138a535b5c992331d74ba7d6c23523f546e35da02
b2,moreDetailedTest/0101.trace,moreDetailedTest,aa7f4cc5cca9a51d20e12ae014c64ddd106ffa409541066a82cbe47e1fbca614,3,2,0,3,1.0,2,125,125,5,5,5.0,,MIN_EXPANDED_SIZE,False,1,22,24,5,1,1.0,1,1,1,12581,7923,505056,184544,2.736778220912086,1563836,349884,4.4695842050508165,,,,,48964,55382,0.88411397204868,1,1,REUSED_E4,REUSED_E4,E4_REUSED,E4_REUSED,0,0,SAT,SAT,6.577734794999742,3.6452425389998098,cdae9b77c0ce0d68186bcedd3b9853634e35f5131c39b0558cb09303340bc2e9,7d7ac8bfe071327a444e9d9d128cf7a525abc49ebd9814f57c7152fac0929c44
b2,moreDetailedTest/0102.trace,moreDetailedTest,5047d939004a1da7728da1452aa54dd90f35a5deec2b3f57c330c73c02127750,3,2,0,3,1.0,2,150,150,5,5,5.0,,MIN_EXPANDED_SIZE,False,1,22,24,5,1,1.0,1,1,1,15081,9489,605839,220745,2.7445196946703208,1876049,418038,4.487747525344586,,,,,58346,61696,0.9457015041493776,1,1,REUSED_E4,REUSED_E4,E4_REUSED,E4_REUSED,0,0,SAT,SAT,7.202557722001075,4.270160213998679,a44232c4dd6859978b01c35cd3cfceebe4993b4558e4b54425ea0bb388a3412b,d6c01fa558f788c757a7eb24a78596453b46cc9485226934a956677c772b2a8f
b2,moreDetailedTest/0103.trace,moreDetailedTest,c0ec19547d2aac117a0661fe2efbaccd94e9ba457288dfa3976e98ff67283758,3,2,0,3,1.0,2,175,175,5,5,5.0,,MIN_EXPANDED_SIZE,False,1,22,24,5,1,1.0,1,1,1,17581,10605,706638,246886,2.8622036081430298,2188275,467086,4.684950951216693,,,,,67678,65755,1.0292449243403543,1,1,REUSED_E4,REUSED_E4,E4_REUSED,E4_REUSED,0,0,SAT,SAT,8.162402303999897,4.50767174000066,62224cc2b35fff973cea322b92c0d2001147578ceaf504266c4ea85428294eac,9b9bdf5462c9ed86d09d5773f1c5bb2f60341a77c686db332304b469a141910b
b2,moreDetailedTest/0104.trace,moreDetailedTest,b16faa5be0c69486a2719325664a35d45ddf9c63465f195aa0a0f1f5c204845d,3,2,0,3,1.0,2,200,200,5,5,5.0,,MIN_EXPANDED_SIZE,False,1,22,24,5,1,1.0,1,1,1,20081,12045,807435,279767,2.886098074469112,2500494,532884,4.692379579795978,,,,,77042,71000,1.0850985915492957,1,1,REUSED_E4,REUSED_E4,E4_REUSED,E4_REUSED,0,0,SAT,SAT,8.911434549999285,4.727949147998515,c9122518b740e8eb681ca10ca2b90b3a393ec57fa53b75b9841af5446532c28f,922b0ed747f12e37fd0143cab2d2179786e7eaff335569edd6daef0bb84d1de1
b2,moreDetailedTest/0105.trace,moreDetailedTest,1e176ffed47363ead218228b48da77deaa7cf909a169be12c401fc90f179f8ec,3,2,0,3,1.0,2,250,250,5,5,5.0,,MIN_EXPANDED_SIZE,False,1,22,24,5,1,1.0,1,1,1,25081,14349,1009020,334115,3.019978151235353,3124932,632720,4.938886079150335,,,,,95602,79913,1.1963260045299262,1,1,REUSED_E4,REUSED_E4,E4_REUSED,E4_REUSED,0,0,SAT,SAT,10.578458604999469,5.625441534000856,5b1141c9323f35c97b8142d4bac6692f2a6217e7cf36fbd6a622e4f9f7f9261c,afb658849b724f68d8dd25900d47fdcee15d29222a680eb9ab64f077213686fe
b2,moreDetailedTest/0106.trace,moreDetailedTest,e1555ecd63ae937a15801024f37b1eb210c9fc84d618aabb487a4cfcd0ba9133,3,2,0,3,1.0,2,300,300,5,5,5.0,,MIN_EXPANDED_SIZE,False,1,22,24,5,1,1.0,1,1,1,30081,16599,1210610,387006,3.1281427161336,3749369,735530,5.097506559895585,,,,,114400,89022,1.285075599290063,1,1,REUSED_E4,REUSED_E4,E4_REUSED,E4_REUSED,0,0,SAT,SAT,13.422147918998235,6.880458786999952,d2c7ab55773146574b221c7726fe6a0eb86e31ff530073fadf8fb58e546f9c02,ef1babb8153e10fdd6c8caa668aacba23daeebd8f29cdccdd67af5d1111288d1
b2,moreDetailedTest/0107.trace,moreDetailedTest,ef09ec7e6af8ca6149d0c7352dff2376cf44c18911a71ff8173982dadbf716fd,3,2,0,3,1.0,2,350,350,5,5,5.0,,MIN_EXPANDED_SIZE,False,1,22,24,5,1,1.0,1,1,1,35081,18750,1412202,437429,3.2284142112205636,4373815,831625,5.259359687359086,,,,,133128,97014,1.3722555507452532,1,1,REUSED_E4,REUSED_E4,E4_REUSED,E4_REUSED,0,0,SAT,SAT,15.323466912000185,6.873669212000095,7fae9a8eb002304446fe41cdbec0d3e8501a84d54a0e7a2cefc193cc6c60416c,c9084f86a357680ef9322cfb228bdf9b60d7353fcc53bbc1437e978612a50eca
b2,moreDetailedTest/0108.trace,moreDetailedTest,f408a4d5a9b72d379c2ead78bf26000227db4f9f1dca830d9fee783633d3d8f8,3,2,0,3,1.0,2,400,400,5,5,5.0,,MIN_EXPANDED_SIZE,False,1,22,24,5,1,1.0,1,1,1,40081,20550,1613781,480089,3.361420486618106,4998245,912515,5.477438727034624,,,,,151744,103737,1.4627760586868717,1,1,REUSED_E4,REUSED_E4,E4_REUSED,E4_REUSED,0,0,SAT,SAT,18.943341460000738,7.319797037000171,c47f5d06940139d2e13d979f23f7e044ee8a7df2d664c5a34878212a79f7f30a,f583abc79396ce96f3c6b73a9899a8ea2f63d1a54d3873085303d25bff59c7d5
b2,moreDetailedTest/0109.trace,moreDetailedTest,8ec12fb251529d587f9c7bfa85915698457040f5698347c15730a5b132e737e3,3,2,0,3,1.0,2,500,500,5,5,5.0,,MIN_EXPANDED_SIZE,False,1,22,24,5,1,1.0,1,1,1,50081,24771,2016962,577562,3.49219997160478,6247132,1099066,5.684037173381762,,,,,189064,119677,1.5797855895451924,1,1,REUSED_E4,REUSED_E4,E4_REUSED,E4_REUSED,0,0,SAT,SAT,23.651618105000125,10.46531372499885,76ff7dabc8668949ba87a3e2a5e449cf2db30ae6fb1001164f44f22172c315b5,7d574185285908d902e179ed1bbb09e925b51753bdd7530b1e9fa3b66877bb43
b2,moreDetailedTest/0110.trace,moreDetailedTest,445da712e30b1b086a9e0e8f61293d61f4bda1d1077561e5a1b055e0af4c57ba,3,2,0,3,1.0,2,50,50,5,5,5.0,,MIN_EXPANDED_SIZE,False,1,22,24,5,1,1.0,1,1,1,5081,3747,202669,86671,2.3383715429613137,627173,163536,3.8350760688778007,,,,,21084,38798,0.54343007371514,1,1,REUSED_E4,REUSED_E4,E4_REUSED,E4_REUSED,0,0,SAT,SAT,4.176469800000632,2.431972821999807,bd0513c05460706aa1c024c658212cd08ee3128ab7f69da326dead9fdbd32fe3,7fb3f13028bebbeba3820382d770b028f108bf21e15238a40cf52e39cffaba99
b2,moreDetailedTest/0111.trace,moreDetailedTest,1d0e331fcf1deb12361318c6fb38c3547878fecafbe59c5294d6c9e17c80a342,3,2,0,3,1.0,2,5,5,5,5,5.0,,MIN_EXPANDED_SIZE,False,1,22,24,5,1,1.0,1,1,1,581,516,21237,10460,2.030305927342256,65175,20060,3.249002991026919,,,,,4354,16693,0.2608278919307494,1,1,REUSED_E4,REUSED_E4,E4_REUSED,E4_REUSED,0,0,SAT,SAT,1.0656561859996145,1.194784436000191,1d2285d3e21c84e28cf3a5cdc8ca57a130cc7bbf54529fcd310a558b58e29061,dcbed0919e930dde188fdc11dd14bd30ecd56100ab398f03ae70d19d85cf023b
b2,moreDetailedTest/0112.trace,moreDetailedTest,d5f475dff0a5ba731cfdcc6437dc537c89a5ed705b4afab0107a9a972afc16e3,3,2,0,3,1.0,2,75,75,5,5,5.0,,MIN_EXPANDED_SIZE,False,1,22,24,5,1,1.0,1,1,1,7581,5295,303453,123304,2.461015052228638,939384,232050,4.04819650937298,,,,,30342,45262,0.6703636604657328,1,1,REUSED_E4,REUSED_E4,E4_REUSED,E4_REUSED,0,0,SAT,SAT,4.104308404999983,2.8974080339994543,1593bb8f9b2e1289b2a99fe5c71a91ffbbaf61a8cae93093994a0d9605f02c62,290585c8a8aaa78f47e657efb7db2cc42312b17336a87a3f55a9589fbc6a4e5c
b2,moreDetailedTest/0113.trace,moreDetailedTest,6f6da48902bae6b3a98db814ddd95c545a8a3739feb97c0e73014d970977752b,10,2,0,8,1.25,3,100,100,5,5,5.0,,MIN_EXPANDED_SIZE,False,1,42,94,36,2,0.6666666666666666,1,3,3,16320,33239,1485956,1830067,0.8119680864143225,4878346,3884694,1.2557864274509138,,,,,48689,89722,0.5426651211520028,1,1,REUSED_E4,REUSED_E4,E4_REUSED,E4_REUSED,0,0,SAT,SAT,17.58868791199893,76.39208212300036,1e03607251619c1f7cf694c7cd345117843b27d439e37dab0f20a076a21d299a,745bb8f162f9dca1246983416aff7ff5751a526c2e8cab37bb8e5073fbdbee11
b2,moreDetailedTest/0114.trace,moreDetailedTest,2ea1d82ac9204ab07a52af003d6040389a832af40666bd4d1e45f5418de3b9b3,10,2,0,8,1.25,3,10,10,5,5,5.0,,MIN_EXPANDED_SIZE,False,1,42,94,36,3,0.6666666666666666,1,3,3,1920,4958,156117,208190,0.7498775157308228,512176,456028,1.1231240187006062,,,,,7109,40883,0.17388645647335077,1,1,REUSED_E4,REUSED_E4,E4_REUSED,E4_REUSED,0,0,SAT,SAT,2.941012008999678,8.96951388799971,8b0304219b9d939b2d2b01cedafff06740b80806ba24cc42c60d80907d564a9c,c6020941cfc6c84592d00b7501a671d43b62add9c4167703bb597c42ce968c16
b2,moreDetailedTest/0115.trace,moreDetailedTest,e9149199ba7d5f11e45e9d104609445822fd849841dd12aa3244cd919ccef66b,10,2,0,8,1.25,3,125,125,5,5,5.0,,MIN_EXPANDED_SIZE,False,1,42,94,36,2,0.6666666666666666,1,3,3,20320,40829,1855354,2248017,0.8253291678844066,6091169,4744401,1.283864707051533,,,,,60279,108715,0.5544681046773674,1,1,REUSED_E4,REUSED_E4,E4_REUSED,E4_REUSED,0,0,SAT,SAT,22.3310127069999,92.88014847400063,11e1a8e6ed2d51345851af407e4d3eb29fbbf3f3c2d6741625a5e4256c9778fb,fa147d0cc6777a9fabce70fa76683cb43e902614ad608bb0693a3cc1ceef7c1d
b2,moreDetailedTest/0116.trace,moreDetailedTest,e1187e99a8450685280d8bb5351d9a66e1fa7730045226eccd52297cf601220e,10,2,0,8,1.25,3,150,150,5,5,5.0,,MIN_EXPANDED_SIZE,False,1,42,94,36,2,0.6666666666666666,1,3,3,24320,48650,2224755,2700296,0.8238930102477654,7303995,5708075,1.2795898792500098,,,,,71889,121584,0.5912702329253849,1,1,REUSED_E4,REUSED_E4,E4_REUSED,E4_REUSED,0,0,SAT,SAT,25.906818114999624,155.77434688799985,9ebd62fb4ce6aa8425a1c9c3b1373412ccb40ff3d59a845790c55b8e070158f3,a527b5be4e539886150a2dbc79c9c5a382fc198fa946087b7738663caa5c3ba9
b2,moreDetailedTest/0117.trace,moreDetailedTest,76dbc214d1874e8253f6d92364d66cd50d8b08ce9ea7d0ac3ce4a182d4fca717,10,2,0,8,1.25,3,175,175,5,5,5.0,,MIN_EXPANDED_SIZE,False,1,42,94,36,2,0.6666666666666666,1,3,3,28320,57197,2594155,3198858,0.8109628498670463,8516819,6781152,1.2559545929659148,,,,,83489,123625,0.6753407482305359,1,1,TRANSLATED_ONLY,REUSED_E4,TRANSLATE_ONLY,E4_REUSED,1,0,TIMEOUT,SAT,180.28678578899962,134.84089168599894,5ff4d4aba909692e1cd2521cd72a033c22e770e20c1c101e6d836a2f10f990fe,3f88766158200b3f3532933bc707b15a4547e5b8f8d204a5f0f0fbdc0357461d
b2,moreDetailedTest/0118.trace,moreDetailedTest,2f2d16c7941c8a7decb207e77669ae1b40bc38b5434af65a3938a09f561b7f14,10,2,0,8,1.25,3,200,200,5,5,5.0,,MIN_EXPANDED_SIZE,False,1,42,94,36,2,0.6666666666666666,1,3,3,32320,64259,2963555,3608914,0.8211763982184114,9729644,7651105,1.27166520391499,,,,,95089,141151,0.6736686243809821,1,1,REUSED_E4,REUSED_E4,E4_REUSED,E4_REUSED,0,0,SAT,SAT,41.90861274500094,146.7992238349998,928d484fdb5b8740b0d7a10a4ffca57d61f9dcfdc007d50a67639867e0849548,4676af87ffa502da6148c9aa029367ea2b58a86399635b4c606a63d0d5651ba9
b2,moreDetailedTest/0119.trace,moreDetailedTest,49b137eb25ccdaaec4c110888d440b31e19e24a201ac87203126c16867fcd951,10,2,0,8,1.25,3,250,250,5,5,5.0,,MIN_EXPANDED_SIZE,False,1,42,94,36,2,0.6666666666666666,1,3,3,40320,80396,3702356,4532099,0.8169186065882498,12155295,9603882,1.2656647593129529,,,,,118289,158855,0.7446350445374713,1,1,REUSED_E4,REUSED_E4,E4_REUSED,E4_REUSED,0,0,SAT,SAT,54.299860861000525,154.29147168800046,d538271da0296002ac8cda968e3a57c257ebdfc4da033bac4dc93eeea9b21f99,91aaab5647d3f57f4044d2b2b0d1c684f41609582ef735f3a9e78f68a60a5805
b2,moreDetailedTest/0120.trace,moreDetailedTest,91a9f15cfde58c0bacff183f60b1971facc7a630ed4deb5443206b7ca390c4d3,10,2,0,8,1.25,3,300,300,5,5,5.0,,MIN_EXPANDED_SIZE,False,1,42,94,36,,,,,,48320,95114,4441154,5346252,0.8307042017473175,14580944,11280500,1.2925795842382872,,,,,141489,180397,0.7843201383615027,1,1,REUSED_E4,TRANSLATED_ONLY,E4_REUSED,TRANSLATE_ONLY,0,1,SAT,TIMEOUT,54.05669712999952,180.31455385200024,c0cb7339e68fa6437bb651292e167703013f08f912c823815298ac1cf176be35,7f441c93a6a76937be60f3f492bf7828e3f0873aafab8ece1ee2ca0fd75a3acf
b2,moreDetailedTest/0121.trace,moreDetailedTest,0ea86f7bef51632ee46c979683db72c8f7c79fa406e09261e169821e11106e65,10,2,0,8,1.25,3,350,350,5,5,5.0,,MIN_EXPANDED_SIZE,False,1,42,94,36,,,,,,56320,112571,5179956,6374953,0.8125481081978173,17006595,13509919,1.2588228693303047,,,,,164689,199001,0.8275787558856488,1,1,REUSED_E4,TRANSLATED_ONLY,E4_REUSED,TRANSLATE_ONLY,0,1,SAT,TIMEOUT,66.81539819200043,180.38247305299956,097fe4426ac1a8e32c3d736b37de72a36c92e19e5ec8b7bc2dde8a6bb09f7ae9,821b064d901a927751b2f576860e515ffc0cc6cbdc7a0463269863bce0562ebb
b2,moreDetailedTest/0122.trace,moreDetailedTest,33d0a3dd7e74e03f4b4a7aba4bb741234c3826128d8e470c39f807161b418e40,10,2,0,8,1.25,3,400,400,5,5,5.0,,MIN_EXPANDED_SIZE,False,1,42,94,36,,,,,,64320,127421,5918755,7211354,0.8207550204857507,19432244,15245372,1.27463232776478,,,,,187889,215609,0.8714339382864351,1,1,TRANSLATED_ONLY,TRANSLATED_ONLY,TRANSLATE_ONLY,TRANSLATE_ONLY,1,1,TIMEOUT,TIMEOUT,180.47865354500027,180.35076538800058,6860db951cedffad400a9ae46de5c7ea416bb128e4460c80c74572545297d9b5,cc1db02de538e9cb159319e066dfb936adb06314de4a787a333784e882388692
b2,moreDetailedTest/0123.trace,moreDetailedTest,799c541261dc3fd4e2fc4bb4fcd1dbbdb1575a6083b73e8f1f31e74d7dfac881,10,2,0,8,1.25,3,500,500,5,5,5.0,,MIN_EXPANDED_SIZE,False,1,42,94,36,,,,,,80320,158540,7396351,8985937,0.8231029218210633,24283540,19017655,1.2768945487758612,,,,,234289,258648,0.9058218118833318,1,1,REUSED_E4,TRANSLATED_ONLY,E4_REUSED,TRANSLATE_ONLY,0,1,SAT,TIMEOUT,102.15460062700004,180.49457339199944,fdb502d51277e6951c15c5a02518e85769dd643a7c6ef0669a354c252ab6e2d4,5392e6501afc5e4bc96e14784562516be8800c19015ed3e4744845ef1dd30278
b2,moreDetailedTest/0124.trace,moreDetailedTest,e5d643710e9d85e0199f9b4e982504cbaa4a558eea405afca7c12f151949438a,10,2,0,8,1.25,3,50,50,5,5,5.0,,MIN_EXPANDED_SIZE,False,1,42,94,36,2,0.6666666666666666,1,3,3,8320,17564,747156,923498,0.8090499383864393,2452695,1957440,1.2530115865620401,,,,,25589,66620,0.38410387271089763,1,1,REUSED_E4,REUSED_E4,E4_REUSED,E4_REUSED,0,0,SAT,SAT,10.363501521999751,25.402287514000136,65680aabae24b9b646cd06118b83f4728be57d486341940b4bd389c8021a2f5d,a146848a55346a567ee29e291c6803c1f66f4a8f020969ba51396187e1acda67
b2,moreDetailedTest/0125.trace,moreDetailedTest,233d80713b6f37f3184f268f010e9254c92461fc3c5d55263b2cb151b00853ff,10,2,0,8,1.25,3,5,5,5,5,5.0,,MIN_EXPANDED_SIZE,False,1,42,94,36,1,2.0,2,1,1,1120,3341,82237,112682,0.7298148772652242,269611,247328,1.090094934661664,,,,,4809,30858,0.1558428932529652,1,1,REUSED_E4,REUSED_E4,E4_REUSED,E4_REUSED,0,0,SAT,SAT,1.6472085069999594,3.046796437000012,13d4b7817ab0290f8952715de7936bcd27c5c59925e8d5f3544b6f4d415a8103,3e86d6cbb4a29af9c12ac2d1507c5eb0ef50fc679cd73d9a2baea4a5b7006022
b2,moreDetailedTest/0126.trace,moreDetailedTest,0bbb5a1764156a21048ba4a347f3b48e98a1bbca67575c7d137d9697c3cf677d,10,2,0,8,1.25,3,75,75,5,5,5.0,,MIN_EXPANDED_SIZE,False,1,42,94,36,2,0.6666666666666666,1,3,3,12320,25418,1116557,1379693,0.8092793106872326,3665521,2938171,1.2475519634493704,,,,,37139,84065,0.4417890917742223,1,1,REUSED_E4,REUSED_E4,E4_REUSED,E4_REUSED,0,0,SAT,SAT,12.238651998000933,55.87783817200034,e2f981de67e00c371801ba335bdbc20879b55b6d4d351a5b770f337c49adc013,a7a70a27090d055f22393b3957d225deeae206df2f30633805de50ebd01dbce1
b2,peterson/base/liveness1.trace,peterson,9f74b90d31d8148ebcac789e298f8c583860eb7a588bc1597f72b024cf5d4964,18,2,0,8,2.25,15,8,4,15,32,19.75,OfficialPeterson;NoSharedLiteralBranches;RequiredProposition(x6),MIN_EXPANDED_SIZE,False,6,103,103,103,4,0.25,1,4,4,22257,12314,2576539,294727,8.742120674386806,9748732,991659,9.830730119930339,,,,,39131,63239,0.6187795505937792,1,1,REUSED_E4,REUSED_E4,E4_REUSED,E4_REUSED,0,0,SAT,SAT,25.709312563998537,5.985699113999999,fb2a2fa239525511ab9112c6cba8aece2d61ec2814d21e375e28b5a4c4071e43,10451c5c10344d1291f487087112fcd236ad287387ae0ad21698585ae773678c
b2,peterson/base/liveness2.trace,peterson,b9921457015aeeaa65008dbf2e68f3d42fc57f078bdbf3369e1e9961cf5a0f12,18,2,0,8,2.25,15,8,4,13,32,19.5,OfficialPeterson;NoSharedLiteralBranches;RequiredProposition(x6),MIN_EXPANDED_SIZE,False,6,103,103,103,4,0.25,1,4,4,22257,12215,2576539,285366,9.028892720225956,9748687,951634,10.24415584142643,,,,,38664,57058,0.6776262750184023,1,1,REUSED_E4,REUSED_E4,E4_REUSED,E4_REUSED,0,0,SAT,SAT,26.15799219499968,6.114912732000448,6d1fc26d839a8ee933b3611aba0e1a7c50ffbad5d62f218fb2a382fdd36b20e3,fa21963246f9c9232aebf230380ce7cf39cadda6dd641c582ed87817e40a9b0a
b2,peterson/base/liveness3.trace,peterson,935a5ccb740869d35968bd1a207b5b32ee3a0c8ca58febd7c49e0c8d8ae331fb,18,2,0,8,2.25,15,8,4,15,32,19.75,OfficialPeterson;NoSharedLiteralBranches;RequiredProposition(x6),MIN_EXPANDED_SIZE,False,6,103,103,103,4,0.25,1,4,4,22257,12347,2576539,291978,8.824428552836173,9748732,980366,9.943971945171498,,,,,39130,60191,0.6500971906098918,1,1,REUSED_E4,REUSED_E4,E4_REUSED,E4_REUSED,0,0,SAT,SAT,26.712349184999766,6.123145049000414,04aa8ee2ba01d34a0b4aa76373ba47e95306f6a48cb68ebb34ceb3659e6b5ede,440be5521ae191d5f17bb9d52fd05de855a4a1db9e1b1aaaaf8c9058b970ac47
b2,peterson/base/liveness4.trace,peterson,29ea766bb803188ab64ad1d8626561a8c07f17f53304bbfc91ab193a033eee82,18,2,0,8,2.25,15,8,4,14,32,19.333333333333332,OfficialPeterson;NoSharedLiteralBranches;RequiredProposition(x6),MIN_EXPANDED_SIZE,False,6,103,103,103,4,0.25,1,4,4,22257,12281,2576539,288108,8.94296236133672,9748657,964256,10.110029909069791,,,,,38354,57429,0.6678507374323077,1,1,REUSED_E4,REUSED_E4,E4_REUSED,E4_REUSED,0,0,SAT,SAT,24.95080243400116,5.784782738000104,dbd478cd2811d05ccb994bccdf72a012446e49526e83280b0f7d1c29bac9cfb1,5a32f2575ecb0c84ecdf7fd7f871abea22f7745a534e3005f6e0ee5e09c088de
b2,peterson/base/liveness5.trace,peterson,54276540f9728e2aa48738953ca9c762b12501349f13a14bee8f1f24746128f2,18,2,0,8,2.25,15,8,4,13,32,19.083333333333332,OfficialPeterson;NoSharedLiteralBranches;RequiredProposition(x6),MIN_EXPANDED_SIZE,False,6,103,103,103,4,0.25,1,4,4,22257,12017,2576539,279472,9.21930998454228,9748612,928952,10.49420422153136,,,,,37889,62676,0.604521666985768,1,1,REUSED_E4,REUSED_E4,E4_REUSED,E4_REUSED,0,0,SAT,SAT,26.223560737000298,6.570341929999813,456008260c91dd4d92d3f2ed499f52b846d0cdcb1a5d0f624a54bac1f3683a2f,9fd36619937a6a5ec0aa6c9d0d879128a4978f66fd92ba4b3c8c9bda9deab8bb
b2,peterson/base/safety1.trace,peterson,1709e7620f34798171d9c4be273f0b651842d258231413892bb38ff4073fcffe,18,2,0,8,2.25,15,8,4,15,32,19.75,OfficialPeterson;NoSharedLiteralBranches;RequiredProposition(x2);RequiredProposition(x8),MIN_EXPANDED_SIZE,False,5,67,67,67,4,0.25,1,4,4,22257,10840,2575762,274770,9.374247552498453,9747243,922914,10.561377333099292,,,,,39116,55395,0.7061287119776153,1,1,REUSED_E4,REUSED_E4,E4_REUSED,E4_REUSED,0,0,SAT,SAT,25.75319298500108,5.820612312999856,180cf26202f97d73f2d0884bed1ddfbcc9c59130493249ebe22d59385544d3f0,70112f024da4d21119f7132da5c624cccfb477b44da2f1cc6ad5a19aff9eb3ab
b2,peterson/base/safety2.trace,peterson,b21ce94b36972a5f84267a7d9097d947b602d808c00f3edd770cae2760b68477,18,2,0,8,2.25,15,8,4,13,32,19.5,OfficialPeterson;NoSharedLiteralBranches;RequiredProposition(x2);RequiredProposition(x8),MIN_EXPANDED_SIZE,False,5,67,67,67,4,0.25,1,4,4,22257,10741,2575762,265409,9.704878131487629,9747198,882889,11.040117160820897,,,,,38649,49796,0.7761466784480682,1,1,REUSED_E4,REUSED_E4,E4_REUSED,E4_REUSED,0,0,SAT,SAT,28.0919248969999,4.976538248998622,79d51868297df0925c3454a02890ab1e4aac165c642f43a59223ffa4cd473790,bf4bcd5924fbcd67f88b2657deb60df63c64d5ab6d22df9120b03aa1b167aa68
b2,peterson/base/safety3.trace,peterson,0db0441662ed7a1303e119dff62fef04069ef455d9900c5d7e04f9e707fee1d1,18,2,0,8,2.25,15,8,4,15,32,19.75,OfficialPeterson;NoSharedLiteralBranches;RequiredProposition(x2);RequiredProposition(x8),MIN_EXPANDED_SIZE,False,5,67,67,67,4,0.25,1,4,4,22257,10873,2575762,272021,9.468982174170376,9747243,911621,10.692209810875353,,,,,39115,52638,0.7430943424902162,1,1,REUSED_E4,REUSED_E4,E4_REUSED,E4_REUSED,0,0,SAT,SAT,24.709001135000108,7.630517549000615,df9a3313aeac0eda958a3abdaf40a59cd109adcd5575211708ca4276b2746a9d,4ddbddfc7d38f99afba4af2c8c9fcc3bc5fec8d156339c80a89450e4e96f2fe5
b2,peterson/base/safety4.trace,peterson,76decb7b72704df66647a0ae76f100af83031927339299e129b9fa6fad9c4936,18,2,0,8,2.25,15,8,4,14,32,19.333333333333332,OfficialPeterson;NoSharedLiteralBranches;RequiredProposition(x2);RequiredProposition(x8),MIN_EXPANDED_SIZE,False,5,67,67,67,4,0.25,1,4,4,22257,10807,2575762,268151,9.605640105761307,9747168,895511,10.884476014253314,,,,,38339,50167,0.7642274802160783,1,1,REUSED_E4,REUSED_E4,E4_REUSED,E4_REUSED,0,0,SAT,SAT,26.607173331998638,5.321865072000037,65701471a88d83749c22f17cc03ce542950fdb40f60e7ea246e07147ca5902e6,48bd73bc2b298a25057cc21d72bec339bdcb56d9979fae85e20c630f0a8b55f9
b2,peterson/base/safety5.trace,peterson,f0fd62ae634b43e64719507714c320f5e55b27b6718123ac0ee00880ffe0e576,18,2,0,8,2.25,15,8,4,13,32,19.083333333333332,OfficialPeterson;NoSharedLiteralBranches;RequiredProposition(x2);RequiredProposition(x8),MIN_EXPANDED_SIZE,False,5,67,67,67,4,0.25,1,4,4,22257,10543,2575762,259515,9.925291408974433,9747123,860207,11.331136575266186,,,,,37874,54832,0.6907280420192589,1,1,REUSED_E4,REUSED_E4,E4_REUSED,E4_REUSED,0,0,SAT,SAT,25.717594960000497,5.541204862000086,3355bd0b2ce8186b14d1c164fb1b816af9cc73e32069915e3c872296716a13d4,77c21c1aeaf5fddc4a87f8cfba6248c7b9ff9ff3cf0d29396e3d096674107ddf
b2,peterson/constrained/liveness1.trace,peterson,436612e2a9da4c1e24b3c3861fe2635e817a733e1dada8a9af60e3ec8df0b39c,18,2,0,8,2.25,15,8,4,15,32,19.75,OfficialPeterson;NoSharedLiteralBranches;RequiredProposition(x6);RequiredProposition(x2),MIN_EXPANDED_SIZE,False,10,171,171,171,4,0.25,1,4,4,22257,16230,2576539,368313,6.995514684521046,9748733,1245787,7.825360996703289,,,,,39154,92623,0.4227243773144899,1,1,REUSED_E4,REUSED_E4,E4_REUSED,E4_REUSED,0,0,SAT,SAT,25.64450266699896,12.030979913999545,8cc13431371c3947fa015b22e3b52094bb3a9bc57e83428605283329df09bae9,23a99462eae51065ce8e4cb77803687d097722ed04a2ce08c40a5c03ec341911
b2,peterson/constrained/liveness2.trace,peterson,bc6618ef2a01f1246eb8470a660798f236d837c2fb5ff3330399689744559cc4,18,2,0,8,2.25,15,8,4,13,32,19.5,OfficialPeterson;NoSharedLiteralBranches;RequiredProposition(x6);RequiredProposition(x2),MIN_EXPANDED_SIZE,False,10,171,171,171,4,0.25,1,4,4,22257,16131,2576539,358952,7.177948583654639,9748688,1205762,8.085084784559474,,,,,38687,85218,0.4539768593489638,1,1,REUSED_E4,REUSED_E4,E4_REUSED,E4_REUSED,0,0,SAT,SAT,26.788586227999986,11.480493129000024,9b8d684c27b2276e7707ec9ee3c7192e46e9a3f790a7106898cbe6c45747d011,6f6063e846a1702e6dd746b8bb06dfb719f02c75c4c3c8573d0e5a9bbd8c4238
b2,peterson/constrained/liveness3.trace,peterson,75f8132730e01d323fc521584e06a256d30e4aa81f5e601ca5443b3acabaf149,18,2,0,8,2.25,15,8,4,15,32,19.75,OfficialPeterson;NoSharedLiteralBranches;RequiredProposition(x6);RequiredProposition(x2),MIN_EXPANDED_SIZE,False,10,171,171,171,4,0.25,1,4,4,22257,16263,2576539,365564,7.048120165005307,9748733,1234494,7.896946441213971,,,,,39153,88963,0.44010431302901204,1,1,REUSED_E4,REUSED_E4,E4_REUSED,E4_REUSED,0,0,SAT,SAT,26.845516776000295,12.491784791999635,1deebae70dfe265a837735d994085f808be61c33adb393a867466f0561b900f8,7fdd9fde45d8a4b91239ffc216fcdf346279a4794a62fe0a349adac95aefb47b
b2,peterson/constrained/liveness4.trace,peterson,c90df4f57b91d92c7f4464050cd924aed3ab91b443d047f740db133d922f5830,18,2,0,8,2.25,15,8,4,14,32,19.333333333333332,OfficialPeterson;NoSharedLiteralBranches;RequiredProposition(x6);RequiredProposition(x2),MIN_EXPANDED_SIZE,False,10,171,171,171,4,0.25,1,4,4,22257,16197,2576539,361694,7.123532599379586,9748658,1218384,8.001301724251139,,,,,38377,85589,0.44838705908469545,1,1,REUSED_E4,REUSED_E4,E4_REUSED,E4_REUSED,0,0,SAT,SAT,26.45402046399977,11.2997273710007,e307a6a006ee247777fde1b185c74f78cbb4620ae03285339f5eb804f8e8fdda,162b917112c67ab755ad83f87e4dc6b9b25d593472288d03545df6e846f0ee0a
b2,peterson/constrained/liveness5.trace,peterson,da3f05a0aa341b1d6a4c7b55e08647703fb1ebb4bf5bdb903f43f5b09960fb7d,18,2,0,8,2.25,15,8,4,13,32,19.083333333333332,OfficialPeterson;NoSharedLiteralBranches;RequiredProposition(x6);RequiredProposition(x2),MIN_EXPANDED_SIZE,False,10,171,171,171,4,0.25,1,4,4,22257,15933,2576539,353058,7.297778268726385,9748613,1183080,8.240028569496568,,,,,37912,92060,0.4118183793178362,1,1,REUSED_E4,REUSED_E4,E4_REUSED,E4_REUSED,0,0,SAT,SAT,24.25184584999988,12.068283254000562,21e05910b8b196b76a718731427ed5452832258b47fe71935c3239de6ca07dd2,20e479c894119c6c632ae7b39668aaafc04d81b3a47108ae051127796dafc420
b2,peterson/constrained/safety1.trace,peterson,a7514721bec1a23c88ece9f6ccc4b2d10a6d40c27cd2e4e1539495b430dd5cac,18,2,0,8,2.25,15,8,4,15,32,19.75,OfficialPeterson;NoSharedLiteralBranches;RequiredProposition(x2);RequiredProposition(x8),MIN_EXPANDED_SIZE,False,5,67,67,67,4,0.25,1,4,4,22257,10840,2575762,274770,9.374247552498453,9747243,922914,10.561377333099292,,,,,39116,55395,0.7061287119776153,1,1,REUSED_E4,REUSED_E4,E4_REUSED,E4_REUSED,0,0,SAT,SAT,24.937815751000016,5.203213324000217,180cf26202f97d73f2d0884bed1ddfbcc9c59130493249ebe22d59385544d3f0,70112f024da4d21119f7132da5c624cccfb477b44da2f1cc6ad5a19aff9eb3ab
b2,peterson/constrained/safety2.trace,peterson,3f5bd67ef68b5ef5b325bb31ab60b8ac75627512bbf57c013f975c6e6fc98a67,18,2,0,8,2.25,15,8,4,13,32,19.5,OfficialPeterson;NoSharedLiteralBranches;RequiredProposition(x2);RequiredProposition(x8),MIN_EXPANDED_SIZE,False,5,67,67,67,4,0.25,1,4,4,22257,10741,2575762,265409,9.704878131487629,9747198,882889,11.040117160820897,,,,,38649,49796,0.7761466784480682,1,1,REUSED_E4,REUSED_E4,E4_REUSED,E4_REUSED,0,0,SAT,SAT,24.784963290000178,5.462294387998554,79d51868297df0925c3454a02890ab1e4aac165c642f43a59223ffa4cd473790,bf4bcd5924fbcd67f88b2657deb60df63c64d5ab6d22df9120b03aa1b167aa68
b2,peterson/constrained/safety3.trace,peterson,6a75feff237f05f0ca5439f9326de8aa1d0571145ffe0ce5d7ffe5379959d7d2,18,2,0,8,2.25,15,8,4,15,32,19.75,OfficialPeterson;NoSharedLiteralBranches;RequiredProposition(x2);RequiredProposition(x8),MIN_EXPANDED_SIZE,False,5,67,67,67,4,0.25,1,4,4,22257,10873,2575762,272021,9.468982174170376,9747243,911621,10.692209810875353,,,,,39115,52638,0.7430943424902162,1,1,REUSED_E4,REUSED_E4,E4_REUSED,E4_REUSED,0,0,SAT,SAT,23.725746297000114,5.121773918999679,df9a3313aeac0eda958a3abdaf40a59cd109adcd5575211708ca4276b2746a9d,4ddbddfc7d38f99afba4af2c8c9fcc3bc5fec8d156339c80a89450e4e96f2fe5
b2,peterson/constrained/safety4.trace,peterson,4fefc8d74d8cf3e860693287ea83f2d494c62f417fdc2b40d64b00910affcad5,18,2,0,8,2.25,15,8,4,14,32,19.333333333333332,OfficialPeterson;NoSharedLiteralBranches;RequiredProposition(x2);RequiredProposition(x8),MIN_EXPANDED_SIZE,False,5,67,67,67,4,0.25,1,4,4,22257,10807,2575762,268151,9.605640105761307,9747168,895511,10.884476014253314,,,,,38339,50167,0.7642274802160783,1,1,REUSED_E4,REUSED_E4,E4_REUSED,E4_REUSED,0,0,SAT,SAT,26.31148721199952,5.182268814999588,65701471a88d83749c22f17cc03ce542950fdb40f60e7ea246e07147ca5902e6,48bd73bc2b298a25057cc21d72bec339bdcb56d9979fae85e20c630f0a8b55f9
b2,peterson/constrained/safety5.trace,peterson,07ab14efea161edf075647b43b10ed3094c1200b01e9afd2baa374ac8d13c72a,18,2,0,8,2.25,15,8,4,13,32,19.083333333333332,OfficialPeterson;NoSharedLiteralBranches;RequiredProposition(x2);RequiredProposition(x8),MIN_EXPANDED_SIZE,False,5,67,67,67,4,0.25,1,4,4,22257,10543,2575762,259515,9.925291408974433,9747123,860207,11.331136575266186,,,,,37874,54832,0.6907280420192589,1,1,REUSED_E4,REUSED_E4,E4_REUSED,E4_REUSED,0,0,SAT,SAT,24.873365465999996,5.103181526999833,3355bd0b2ce8186b14d1c164fb1b816af9cc73e32069915e3c872296716a13d4,77c21c1aeaf5fddc4a87f8cfba6248c7b9ff9ff3cf0d29396e3d096674107ddf
b2,peterson/extra_traces/liveness1.trace,peterson,7eed97d678e572df7daa99fbc1517f81e508f56beed6884b75714a9e28105de0,18,2,0,8,2.25,15,12,4,15,32,19.125,OfficialPeterson;NoSharedLiteralBranches;RequiredProposition(x6),MIN_EXPANDED_SIZE,False,6,103,103,103,4,0.25,1,4,4,29297,14492,3403475,350237,9.717634059222755,12907867,1155841,11.167510929271414,,,,,49610,63747,0.7782327011467206,1,1,REUSED_E4,REUSED_E4,E4_REUSED,E4_REUSED,0,0,SAT,SAT,36.576665675000186,7.4237762520001525,bd92fe663c842e009038026c942c9493b633611c2719cb39f1bb2ab7d431ce63,70972e65c4a74261cfd5bbaa5fd09032a4488eedde69fd6cef1b0c6eca3e642a
b2,peterson/extra_traces/liveness2.trace,peterson,e98338bab14ea5dea040b72c58025b914786076f578dbd0079e0cae84d36cfa1,18,2,0,8,2.25,15,12,4,16,32,19.1875,OfficialPeterson;NoSharedLiteralBranches;RequiredProposition(x6),MIN_EXPANDED_SIZE,False,6,103,103,103,4,0.25,1,4,4,29297,14624,3403475,356177,9.555572089157918,12907882,1180693,10.932462545301785,,,,,49766,66816,0.7448215996168582,1,1,REUSED_E4,REUSED_E4,E4_REUSED,E4_REUSED,0,0,SAT,SAT,34.885065747000226,7.238057173000016,92fcc00c340f3898b610d7c26bd0a4c56472728d88f4aa230786f7378e23a43e,2259790f5e5111f3ba6ef7d52394b6915d5f77e49580fd8fc14c8c10bec35556
b2,peterson/extra_traces/liveness3.trace,peterson,92c08cb6b10d0d9c517c8acfcba4193a92fd802382d721f79ade0f27a73d17d4,18,2,0,8,2.25,15,12,4,15,32,19.4375,OfficialPeterson;NoSharedLiteralBranches;RequiredProposition(x6),MIN_EXPANDED_SIZE,False,6,103,103,103,4,0.25,1,4,4,29297,14492,3403475,352093,9.666409158943802,12907942,1164309,11.08635422383577,,,,,50386,69561,0.724342663273961,1,1,REUSED_E4,REUSED_E4,E4_REUSED,E4_REUSED,0,0,SAT,SAT,49.09559055200043,6.748677035000583,77ed47d179c0a03873e4eb12af986d2bcbf940a440be45010d5532497cc69076,18881bb014447290bad1ee145c6eb4740b30dbdcfe4114242953685dad37ccc4
b2,peterson/extra_traces/liveness4.trace,peterson,f8f138045b1f9a38d77dff03f46afe71da8fd69753a76d702b83fbc3d4ca9d1e,18,2,0,8,2.25,15,12,4,13,32,19.25,OfficialPeterson;NoSharedLiteralBranches;RequiredProposition(x6),MIN_EXPANDED_SIZE,False,6,103,103,103,4,0.25,1,4,4,29297,14558,3403475,356123,9.55702102925113,12907897,1180231,10.936754753942237,,,,,49922,69604,0.7172288948910982,1,1,REUSED_E4,REUSED_E4,E4_REUSED,E4_REUSED,0,0,SAT,SAT,33.51510990499992,7.56093718000011,3eea48842db999a1ff0e98ceab5fbcff1d3f494415793b7213a99219a670e088,e65b1974c148dfde3bc98a1b2df0bb239df68cc9286f2bf2f6e600d8fef4cacd
b2,peterson/extra_traces/liveness5.trace,peterson,f8f138045b1f9a38d77dff03f46afe71da8fd69753a76d702b83fbc3d4ca9d1e,18,2,0,8,2.25,15,12,4,13,32,19.25,OfficialPeterson;NoSharedLiteralBranches;RequiredProposition(x6),MIN_EXPANDED_SIZE,False,6,103,103,103,4,0.25,1,4,4,29297,14558,3403475,356123,9.55702102925113,12907897,1180231,10.936754753942237,,,,,49922,69604,0.7172288948910982,1,1,REUSED_E4,REUSED_E4,E4_REUSED,E4_REUSED,0,0,SAT,SAT,35.45602031499948,6.4075061040002765,3eea48842db999a1ff0e98ceab5fbcff1d3f494415793b7213a99219a670e088,e65b1974c148dfde3bc98a1b2df0bb239df68cc9286f2bf2f6e600d8fef4cacd
b2,peterson/extra_traces/safety1.trace,peterson,44374167637fffc7780883ea2ffadc6aa5a9d52993858c67804c85bd46dde8b0,18,2,0,8,2.25,15,12,4,15,32,19.125,OfficialPeterson;NoSharedLiteralBranches;RequiredProposition(x2);RequiredProposition(x8),MIN_EXPANDED_SIZE,False,5,67,67,67,4,0.25,1,4,4,29297,13018,3402698,330280,10.302464575511687,12906378,1087096,11.872344300779323,,,,,49595,56194,0.8825675339004164,1,1,REUSED_E4,REUSED_E4,E4_REUSED,E4_REUSED,0,0,SAT,SAT,36.881664514001386,6.1449971150004785,4900f635947ad9bde4f0aae28dbbc34a521a42710dfe813899d22cea446dc640,0c3bfb9a5fb293237651152b59185f3f1be174a587c3f079b35672583e9e9044
b2,peterson/extra_traces/safety2.trace,peterson,4f391b540bb696c3ae5e5ee890a1981f1ff2bb1e40d069f920a0204c55b962a7,18,2,0,8,2.25,15,12,4,16,32,19.1875,OfficialPeterson;NoSharedLiteralBranches;RequiredProposition(x2);RequiredProposition(x8),MIN_EXPANDED_SIZE,False,5,67,67,67,4,0.25,1,4,4,29297,13150,3402698,336220,10.12045089524716,12906393,1111948,11.607011299089526,,,,,49751,58972,0.8436376585498202,1,1,REUSED_E4,REUSED_E4,E4_REUSED,E4_REUSED,0,0,SAT,SAT,39.92100168199977,5.3746500669985835,6636113953f8d8d48dece53a17fe18adb08992d54bcf1cdb1e6e415db7737a1b,2684bc3576e6f26997b653259d5f0abee668a6ef6a86f6225cd3cb85e8b4c99d
b2,peterson/extra_traces/safety3.trace,peterson,822bbdfec285344d5833e1b0df76f8bed0ca87ac6161f1a8b473902a809aa208,18,2,0,8,2.25,15,12,4,15,32,19.4375,OfficialPeterson;NoSharedLiteralBranches;RequiredProposition(x2);RequiredProposition(x8),MIN_EXPANDED_SIZE,False,5,67,67,67,4,0.25,1,4,4,29297,13018,3402698,332136,10.244893658019606,12906453,1095564,11.780647228276942,,,,,50371,61426,0.8200273499820923,1,1,REUSED_E4,REUSED_E4,E4_REUSED,E4_REUSED,0,0,SAT,SAT,39.256193062999955,6.5183341090000795,fa7f7791f2a4485c7a39c8e97e3066cf5493e63fa3b652e2f563bc6584bb7497,c2c558780096981c7c9f4cb48c08369f142887ca545f3012e2a860a56c90fbad
b2,peterson/extra_traces/safety4.trace,peterson,46ba74a4558a1e88f34b6db010bd7ef7d90143c2746a2ba88f6cf604915d9590,18,2,0,8,2.25,15,12,4,13,32,19.25,OfficialPeterson;NoSharedLiteralBranches;RequiredProposition(x2);RequiredProposition(x8),MIN_EXPANDED_SIZE,False,5,67,67,67,4,0.25,1,4,4,29297,13084,3402698,336166,10.122076593111736,12906408,1111486,11.611849362025252,,,,,49907,61469,0.8119051879809335,1,1,REUSED_E4,REUSED_E4,E4_REUSED,E4_REUSED,0,0,SAT,SAT,35.326273703999505,7.078585896999357,5887323bed9a483a3016bacfaeaaec594ed6efbbd88e329161cab74a8af3a5de,3360a049feb39ed407025a003306630df57b7fef0cc7568054434fe03c79f17a
b2,peterson/extra_traces/safety5.trace,peterson,46ba74a4558a1e88f34b6db010bd7ef7d90143c2746a2ba88f6cf604915d9590,18,2,0,8,2.25,15,12,4,13,32,19.25,OfficialPeterson;NoSharedLiteralBranches;RequiredProposition(x2);RequiredProposition(x8),MIN_EXPANDED_SIZE,False,5,67,67,67,4,0.25,1,4,4,29297,13084,3402698,336166,10.122076593111736,12906408,1111486,11.611849362025252,,,,,49907,61469,0.8119051879809335,1,1,REUSED_E4,REUSED_E4,E4_REUSED,E4_REUSED,0,0,SAT,SAT,37.655127537000226,6.703059300998575,5887323bed9a483a3016bacfaeaaec594ed6efbbd88e329161cab74a8af3a5de,3360a049feb39ed407025a003306630df57b7fef0cc7568054434fe03c79f17a
b2,robot/RAtrace/final21.trace,robot,af03be7fbc2397df523c58e05c2defaa7a4b05c8c6eb92cfb3f3ad1f82887619,2050,2,6,14,146.42857142857142,3,4,3,12,33,20.428571428571427,OfficialRobotRA;Repair;NoDAGReuse;LeftNotEqualRight,REPAIR,True,2,14,22,14,3,0.125,1,8,8,14098,11051,2177315,308131,7.066199116609494,8315351,822337,10.111853169685908,,,,,7661,19290,0.3971487817522032,2,2,REUSED_E4,REUSED_E4,E4_REUSED,E4_REUSED,0,0,SAT,SAT,39.878172465000716,5.541959116000044,4f9b4af836670729731d8262edfe5c0f46756ac80715c0a7f654b8874a828f36;67bf1f5d7b96f9800598656bc3eb2373dc6d79895dcdff89221bb13dca638a01,5c54ec78ca771c7e393b982b980082c99410a11d35c1ad618d1068ce2bc438cf;6e2e55271877c7b32d1bef44b53ef5c1f036457c0bc8d7fa729f4c248a2ebf16
b2,robot/RAtrace/final22.trace,robot,0b9b256621c7879fdcbdecc7088b07bef8c4a9fac018b90a85c5dd4297609f1e,2050,2,6,14,146.42857142857142,3,4,6,8,33,16.9,OfficialRobotRA;Repair;NoDAGReuse;LeftNotEqualRight,REPAIR,True,2,14,22,14,3,0.125,1,8,8,19642,12533,3078320,350321,8.787140936455422,11769008,934383,12.595486005203433,,,,,8648,22917,0.37736178382859886,2,2,REUSED_E4,REUSED_E4,E4_REUSED,E4_REUSED,0,0,SAT,SAT,55.67867275699973,5.486362595000173,eae67b78fb0fd2ece870e0679a754cf464bfe50997a6ec63cc01b505ddfce918;fb8c65b416c4afced5efb281cce54d14e084fc94844726de6c35ae6230072843,2184b154eb97491f991d6f9adf414a647653f9d1daaba8e6be8ef798f5373930;8766015ce93b631bacb36766c1eab6bb33f55256587363b88ec8c20216a92ed4
b2,robot/RAtrace/final3.trace,robot,d52f92767d36f3d527df04121ba2a665867ed41657526819f79a5e614af31b52,2050,2,6,14,146.42857142857142,3,2,3,12,33,24.6,OfficialRobotRA;Repair;NoDAGReuse;LeftNotEqualRight,REPAIR,True,2,14,22,14,3,0.125,1,8,8,10402,9911,1576645,276175,5.708862134516158,6012907,736385,8.165439274292659,,,,,6929,19336,0.358347124534547,2,2,REUSED_E4,REUSED_E4,E4_REUSED,E4_REUSED,0,0,SAT,SAT,25.113147836999815,4.778029994000008,6861f8b4a4598b450d0351f86fec03f72ac7f9e883269ebf9704e47b06572fc7;e097d8addac1d8431157d713e938b6ffb91ae752d90330a4ac669056254dcf5a,36f90eea727ebb0efba685bf2a917aa07bf4ef5056b1d47b5717d1033cb638de;5777ca25359a4bdf5de080cfcecd2885720e24559a2db3bf65ce7a2f0239dbf5
b2,robot/RAtrace/final4.trace,robot,a5ae4a200430e6b45dd22294c45e034aa637a3c5381915842e16f9e197ebf3d1,2050,2,6,14,146.42857142857142,3,3,3,12,44,31.166666666666668,OfficialRobotRA;Repair;NoDAGReuse;LeftNotEqualRight,REPAIR,True,2,14,22,14,3,0.125,1,8,8,18850,13559,3944100,367807,10.723286941249079,15263085,1001031,15.247364966719312,,,,,9091,23086,0.39378844321233647,2,2,REUSED_E4,REUSED_E4,E4_REUSED,E4_REUSED,0,0,SAT,SAT,78.07115962399985,6.296080126000106,d26786009cb41ceff6b0aaa4c59cf23665f9437c1e57604506536ab75a2cce4e;0459feb123fa8ceb2f8b4a4e50059191b035c9b0d03cd270b2ba480cfabafbbc,a46a3f327de235c99d51367dc4e337a058c597dcf92852433faed51635cba269;705c3fce38f36d1753da5c21ebe3a189215cd1306f518bb98a81c614c47ba1a3
b2,robot/RAtrace/final42.trace,robot,c410198587a4c3beccbc1659edff2c0ce31d5894807f59174864ec099f479918,2050,2,6,14,146.42857142857142,3,3,3,12,33,25.5,OfficialRobotRA;Repair;NoDAGReuse;LeftNotEqualRight,REPAIR,True,2,14,22,14,3,0.125,1,8,8,12250,11621,1876980,320173,5.862393143706684,7164189,861461,8.316324244510199,,,,,7895,19545,0.4039396265029419,2,2,REUSED_E4,REUSED_E4,E4_REUSED,E4_REUSED,0,0,SAT,SAT,29.82538874400052,5.843949721000172,9cfa02cb33e7dd8033e3b91e38511d8bb9e69e55d4ee5a29d22378f0f67424ce;c67381b775c0aca328aa24850ce3a2bbbd8aae5a10ee9f5f4901ae82f86a665c,d2ef0cd2248b9b7305928b143da37d287ebf51ee1f1df674a31fad4d9e94873c;08f9f7ab5b4c6496881cb464907d7d7605a5bf853905dd2700cc5b0df61ea34e
b2,robot/RAtrace/final43.trace,robot,f3abfe251eefe4d2d051eac82b6f9c20ccec52b03eca225b50d950cfc41f3c42,2050,2,6,14,146.42857142857142,3,3,4,12,33,24.428571428571427,OfficialRobotRA;Repair;NoDAGReuse;LeftNotEqualRight,REPAIR,True,2,14,22,14,3,0.125,1,8,8,14098,11621,2177315,320173,6.80043289096832,8315436,861461,9.652713239485015,,,,,8501,19545,0.4349449987209005,2,2,REUSED_E4,REUSED_E4,E4_REUSED,E4_REUSED,0,0,SAT,SAT,33.921658107999974,6.007137181999951,4528a0f0e1ea3b42cf1363e1fa50ee913f491999700531942254fa6167b67fec;3c7fa7dbddb5281d934be4782a2fbba8965973fd3175f78f073e68978784ed7b,7d531dbabec5ca656cc147c0855e55d25645ddc80cf0e69461f4250d7e474488;20dffae2cd23a83802e2a6a32c42ab5a39ce09fe1f2bbd4ba3758f458c797cf3
b2,robot/RAtrace/final44.trace,robot,1b07920e1c3da943d037e93424f5264ce49246d6f0dedbd0e16add04b1619b2e,2050,2,6,14,146.42857142857142,3,4,3,12,33,26.142857142857142,OfficialRobotRA;Repair;NoDAGReuse;LeftNotEqualRight,REPAIR,True,2,14,22,14,3,0.125,1,8,8,14098,13331,2177315,364171,5.9788258812480946,8315471,986537,8.428949953220204,,,,,8861,19787,0.44781927528175064,2,2,REUSED_E4,REUSED_E4,E4_REUSED,E4_REUSED,0,0,SAT,SAT,38.99752154399994,6.133647850999978,e503fb4d80a4a71e5d911fed10f7a62eae0f09aac3ec2533f0a165844657e23e;f548eda831d0e2b4131c0a144cc43d684383c2b07e716fa54c9f3481654b2fb1,5d358904149a29dc1338ba607d8b3271b29b9450ae03ea237cb48509400eceee;8d2cbee5d2b056ad1bd260f98d6054b1c96e59eed5284aa2c2e4bf0ba4174d4a
b2,robot/RAtrace/final45.trace,robot,1d2034a84262dfb83192aee474f05d2c625c98a90d17797a383715a63f78c1fe,2050,2,6,14,146.42857142857142,3,4,6,12,33,22.2,OfficialRobotRA;Repair;NoDAGReuse;LeftNotEqualRight,REPAIR,True,2,14,22,14,3,0.125,1,8,8,19642,14870,3078320,405850,7.584871257853887,11769167,1100790,10.691564240227473,,,,,10229,21971,0.46556824905557326,2,2,REUSED_E4,REUSED_E4,E4_REUSED,E4_REUSED,0,0,SAT,SAT,58.58734307699979,7.497137417999966,d0c514f5ad73fd374446fd6155c6dd256781a86e06a65f370b04536dcf694cbe;057dc8972fb16e848a68a77c2562a58471acb3c5825613cab4a3231f02716f19,c3ed75bef415310b118d470c36e2172ea17c07a1167594e477140d6d1df99b77;033fe82eb5b925569da11f1b3de22ac85c43fb2e60b254045e6a28fb49e177a1
b2,robot/RAtrace/final46.trace,robot,207fa315da07ed9a18322159e205289fa4a931233fb2b6ad76b6094e97d812c9,2050,2,6,14,146.42857142857142,3,4,9,12,33,20.53846153846154,OfficialRobotRA;Repair;NoDAGReuse;LeftNotEqualRight,REPAIR,True,2,14,22,14,3,0.125,1,8,8,25186,16409,3979325,447529,8.89177014227011,15222881,1215043,12.528676762879996,,,,,11777,22384,0.5261347390993567,2,2,REUSED_E4,REUSED_E4,E4_REUSED,E4_REUSED,0,0,SAT,SAT,68.68250772200008,6.910906102000354,1e6b37c4107ad0f56f00f44dae801c468e5f62b86e164178a7d34ff7f2dbf32a;ce41afe152d98e680ce66746e547079d123255d23206dea0b4edc6fa9ce29139,878a6b437f1b6f2cf39837d732c44f277f8735b44a044cecd33f37545607934e;a120ebeb1c4234dde1b92f0c406615e9dc4eba9b98b4e59f36cbf8998967d63e
b2,robot/RAtrace/final47.trace,robot,4ff6be8138b02f068b8dfdc6d6d6c11acc948cd5db92be07ca3bac992328485e,2050,2,6,14,146.42857142857142,3,4,12,12,39,23.4375,OfficialRobotRA;Repair;NoDAGReuse;LeftNotEqualRight,REPAIR,True,2,14,22,14,3,0.125,1,8,8,39850,20684,7532330,556596,13.532849679120943,29049488,1526826,19.026063218729572,,,,,15313,28414,0.5389244738509186,2,2,REUSED_E4,REUSED_E4,E4_REUSED,E4_REUSED,0,0,SAT,SAT,129.72768607499893,9.106157325999902,fa4b5e7ecd9ab05921b9c129cad00e2c7a7f1af78bc707d896b031a205264348;49dacb4deed61cb4297aae88123af1728d75899d98cdd948f1367427ca4e9d39,ae6a04d95c624abfafb7259def539fcae104340ed3f320048c684cac9e5f60e8;f87cb13489bf9f4acd4e7e5ef0ff635cab11c70b73c70de49bd44ea06c086d70
b2,robot/RRtrace/order.trace,robot,8d2432b2486743e83d897ec36aea2cc3fd34384dcb4fa6fba9fe4106670853a1,1026,2,5,13,78.92307692307692,3,3,3,12,33,20.5,OfficialRobotRR;Repair;NoDAGReuse;LeftNotEqualRight,REPAIR,True,4,37,61,37,4,0.2857142857142857,2,7,7,11961,10326,1855988,262640,7.066661590009138,7087446,703559,10.073705261392435,,,,,6976,22158,0.31482985829045945,2,2,REUSED_E4,REUSED_E4,E4_REUSED,E4_REUSED,0,0,SAT,SAT,52.29708715800007,5.292707224999958,0232ef68e16ed39ff16cef0154d0c457a331b5ac449ddb86ea4ea8ff17b02fbd;4e0926ba379d149880f7e76865875675100da5a0eeebcb25bdaefe96a8b8014d,f0fad6769ab2afb8cb2d7ab099814a81bd832705fbd38b42f55c08735f07de9e;c7098afddca3a5d8a375e4db7bb10b7d1e0a5b402950587b5eba45ed09735c0f
b2,robot/RRtrace/order1.trace,robot,a3abe8fbb73a4ecb60647b73556a968ea82771067cb68363c346c66c539cb423,2050,2,5,13,157.69230769230768,3,1,3,12,33,23.25,OfficialRobotRR;Repair;NoDAGReuse;LeftNotEqualRight,REPAIR,True,4,37,61,37,4,0.2857142857142857,2,7,7,8331,8736,1259477,221088,5.696722572007526,4800943,590235,8.133951731090159,,,,,5944,22182,0.2679650166801911,2,2,REUSED_E4,REUSED_E4,E4_REUSED,E4_REUSED,0,0,SAT,SAT,28.05210994700019,6.600154475999943,68f9363e5361de0a6f85921056f824e0d0bed8d14282f9aaf57eb1abfdb68b53;da9d1c376270ca3ba62b77a094f07e5f4e24a6b9f5a9d8d4b5a17bfeb97ea7b3,9170d6c747736b28ef547c87eef15d367744028e6f7b2dd104d386744a18e99c;0d4fcdf2e9d010d6b14ce1f4aa688e2f8ae1ebce5aa85f476778557b273bec8d
b2,robot/RRtrace/order10.trace,robot,d3a64270a7ff1cee5aede758295552e7ce71372dfa5e44d2b2d059e5d381baef,2050,2,5,13,157.69230769230768,3,5,7,12,40,25.833333333333332,OfficialRobotRR;Repair;NoDAGReuse;LeftNotEqualRight,REPAIR,True,4,37,61,37,4,0.2857142857142857,2,7,7,30831,18806,6020786,471966,12.756821465953056,23241259,1295604,17.938551440100525,,,,,13094,26001,0.5035960155378639,2,2,REUSED_E4,REUSED_E4,E4_REUSED,E4_REUSED,0,0,SAT,SAT,121.56465527899991,8.144301840000026,30505d4c2bf717adcdf62a8877567b6ab747f9c8b66c3eb6d059be29fdde041b;e9cf421aece8878217143239e16c06fcbfddf211a534563216b444488d7a601f,9fef79006748b78a04bc6d164c74f7f91fc4633674f73c78284bef0571e217e3;a6864ab3538bfd4dc8be22b0a413617d6e5f6a9eb3ad39e3d378307ca365305d
b2,robot/RRtrace/order2.trace,robot,e15fb553ba3dbcd97ba8b963a288ed089576ea6dbe9e43da2e5211fbbdc3cb7b,2050,2,5,13,157.69230769230768,3,3,3,12,44,31.166666666666668,OfficialRobotRR;Repair;NoDAGReuse;LeftNotEqualRight,REPAIR,True,4,37,61,37,4,0.2857142857142857,2,7,7,18495,13718,3918950,343472,11.409809242092514,15170460,937671,16.17887297356962,,,,,9072,26358,0.34418392897791944,2,2,REUSED_E4,REUSED_E4,E4_REUSED,E4_REUSED,0,0,SAT,SAT,74.3256637530003,6.293498623999994,6a8280091be45491c45098ca2f9a7df353c98bea775daf9bb15a9e76f9f2a008;86bd8c730fe17e61324d73329dac0e469a311803e510d734141ec5d7dd04a8cb,7250f15dd37ad88da14d11eacc2a51abfe02cb0db73954b90b435fcef6e65dd2;a6ef3d7221176fbe7379c605d9bf9b95aa8b66e54b3c15c19475083cfa010c81
b2,robot/RRtrace/order4.trace,robot,ecdb87e848eb2d2b28ac368ff2d59d2674f234bc6bac47938879c4083870627c,2050,2,5,13,157.69230769230768,3,4,3,12,33,20.428571428571427,OfficialRobotRR;Repair;NoDAGReuse;LeftNotEqualRight,REPAIR,True,4,37,61,37,4,0.2857142857142857,2,7,7,13776,11386,2154243,289731,7.435321039170817,8230712,778511,10.572377268914634,,,,,7642,22378,0.3414961122531057,2,2,REUSED_E4,REUSED_E4,E4_REUSED,E4_REUSED,0,0,SAT,SAT,37.477542833999905,5.366064696999956,ef33132601ab6493156dbfba1798df2993b4f05c6bb9afc5750dc98956441ff0;7a44f192926271618a77c78d525bf5df187259ced603eee13c75fcb16f8cafab,0c46e8cae84e4f9ac41c9b4207b2e8e3c6d13dd0dece98dd2e0e8764a462bf06;c84caf1799f16e51df3f1bdf6fcd28afa0df8227ec6e52229099060dbfffbc83
b2,robot/RRtrace/order5.trace,robot,6910c58345fa6ec2a989eacc9a6333c5f4ec9b1198d2398d9d4550b1196f6534,2050,2,5,13,157.69230769230768,3,4,6,8,33,16.9,OfficialRobotRR;Repair;NoDAGReuse;LeftNotEqualRight,REPAIR,True,4,37,61,37,4,0.2857142857142857,2,7,7,19221,12764,3049008,327932,9.297683666125904,11660411,878566,13.27209452676293,,,,,8629,26373,0.3271906874454935,2,2,REUSED_E4,REUSED_E4,E4_REUSED,E4_REUSED,0,0,SAT,SAT,65.21437024100032,6.1977139979999265,61fda81b514dba4bcec41947e0b6bff9857dd836250653abeb120b83209acfb2;f0a7d9a3abddf9d4c1fe38fc34806c45d606ff27e031acd1ebddb8b070a13d30,7896f415bba09006f86de4e6bbbc57a4329d5af09b03f0df62f4de084dffc0d3;3f0704383d673e09b56b79b710e53f1b80f8bfca6aa3e8db0c556518f8a4abfd
b2,robot/RRtrace/order6.trace,robot,6fa60cb707ea5016a8f17a93532f56a28194e5957c1b9ac3d6518ad16aea2bb5,2050,2,5,13,157.69230769230768,3,4,3,12,40,31.857142857142858,OfficialRobotRR;Repair;NoDAGReuse;LeftNotEqualRight,REPAIR,True,4,37,61,37,4,0.2857142857142857,2,7,7,18431,15626,3539816,390771,9.058543238879036,13652459,1071151,12.74559702600287,,,,,10154,23416,0.43363512128459175,2,2,REUSED_E4,REUSED_E4,E4_REUSED,E4_REUSED,0,0,SAT,SAT,146.02459813099995,6.9141399390000515,82543d8bd49eb5243fd42f90cb8d3c57c67161ebd6720417553849339a976ccf;2ab6905933c62c12f9c39711533eaade77498eb4377a44399d4c17ff04884328,d9341f47f8d469ad3426c35e9c48cbf5c7833c594366b28d13e999069032a5c3;57a864a9a734454023284368a10422546008679bac967c046657da823b9af8f2
b2,robot/RRtrace/order7.trace,robot,302c3bc981a3d214adaaa21af2874eea620879b1c4318b2fd230347c8f2c02bf,2050,2,5,13,157.69230769230768,3,4,4,12,40,29.75,OfficialRobotRR;Repair;NoDAGReuse;LeftNotEqualRight,REPAIR,True,4,37,61,37,4,0.2857142857142857,2,7,7,20911,16421,4036010,411508,9.807853067255072,15570212,1127592,13.80837395086166,,,,,10670,25569,0.41730220188509526,2,2,REUSED_E4,REUSED_E4,E4_REUSED,E4_REUSED,0,0,SAT,SAT,71.53566681700022,7.20562554900016,12c195f7c7f0a7ff652a02cd3396631a8a5645d2d23010c859c3b55dce9cec0b;1a0f23db124d8e43b59068be359fd944e749add86955032932ac853e32761729,b56a9cee1f111696b56909aabcb22a3ffffb3ce7d91c4bd9bf94cc051a853ccc;d8c8f33b508742cf0f4b9c2b3f1200319848653496788497771c1f5aad97b8e5
b2,robot/RRtrace/order8.trace,robot,f6af61f7ecc7792d6b397b019339d1e1ae21db5834d7641fbdfa69f2553aee1e,2050,2,5,13,157.69230769230768,3,4,6,12,40,26.2,OfficialRobotRR;Repair;NoDAGReuse;LeftNotEqualRight,REPAIR,True,4,37,61,37,4,0.2857142857142857,2,7,7,25871,17057,5028398,428456,11.736089586795377,19405700,1173098,16.542266715994742,,,,,11522,25784,0.4468662736580825,2,2,REUSED_E4,REUSED_E4,E4_REUSED,E4_REUSED,0,0,SAT,SAT,130.61425721399974,7.308927749999839,0c7aac538cb40b59e55740ace51c5b9c34346b31a013668264fbabc2d877d0ae;9aec04ca3d4250503e0b52b06ea75d6f10b171078eb7d03bc83868e159d26379,3a6d5d4afc865322f3d73583a2c8f1645f9822cd7f839c0d73d04ca155f80306;e67b863fadbeaa6f79eaf3fdb75395841273ab937f0d3c2474f57b0254a801e7
b2,robot/RRtrace/order9.trace,robot,16897599aa8b78ff3b95727250a7e104d28173d2048cb2096a96454eb1994c31,2050,2,5,13,157.69230769230768,3,5,6,12,40,26.818181818181817,OfficialRobotRR;Repair;NoDAGReuse;LeftNotEqualRight,REPAIR,True,4,37,61,37,4,0.2857142857142857,2,7,7,28351,18806,5524592,471966,11.705487259675484,21323506,1295604,16.458351471591627,,,,,12578,26001,0.48375062497596244,2,2,REUSED_E4,REUSED_E4,E4_REUSED,E4_REUSED,0,0,SAT,SAT,96.42840939400003,8.28927133499974,c56eb88c5c2854d9e8bdb1a092c4f06140bad8314c30eb197dce135990e0fcff;4f288638101ebadf9e186f39bac3961985e42dbd49e949d15dcceef2f0a36909,9fef79006748b78a04bc6d164c74f7f91fc4633674f73c78284bef0571e217e3;a6864ab3538bfd4dc8be22b0a413617d6e5f6a9eb3ad39e3d378307ca365305d
b2,voting_machine/voting10.trace,voting_machine,079adb71eea70013881ed60e6b31f588513a832d18cf5e8e758c3eaef1d1e6b2,13,2,0,8,1.625,10,3,7,5,16,9.4,OfficialVoting;NNF,MIN_EXPANDED_SIZE,False,4,69,69,69,3,0.0,0,4,4,6162,6203,336309,128448,2.618250186846039,1196825,345520,3.4638371150729337,,,,,12190,44579,0.2734471387873214,1,1,REUSED_E4,REUSED_E4,E4_REUSED,E4_REUSED,0,0,SAT,SAT,7.392080935000195,3.7085499009999694,0a2fae06ca12d7aadf1993e29939d8454feeb02443da29c7e53327e20eb8aab8,07a772b8b10b815f52aac18972d5ea899c4501fdc12b08489cb684ada9f6053b
b2,voting_machine/voting13.trace,voting_machine,8d375b1aaaf8aad8347aa3febb6c753115efed45cd7b48c1d223ee2baf1d6e68,13,2,0,8,1.625,10,11,8,5,16,8.789473684210526,OfficialVoting;NNF,MIN_EXPANDED_SIZE,False,4,69,69,69,3,0.0,0,4,4,11058,8579,607254,201519,3.0133833534306937,2170465,529111,4.1020976694871205,,,,,19638,61000,0.3219344262295082,1,1,REUSED_E4,REUSED_E4,E4_REUSED,E4_REUSED,0,0,SAT,SAT,6.852224071000819,4.894352988000037,fb6fd8e1ff39bc0d35145f1e3f8cebc16c1f48ad423d7bf3e15db7b3f7084539,71f48c75f2fb3ef18171d6092ec8ad3cb615d0a5eb0922cb9fcbfb84a312ab05
b2,voting_machine/voting14.trace,voting_machine,e75441430d5355f3357451f1532cd997d897a3e1ca480ce1eff14da891d99d35,13,2,0,8,1.625,10,6,2,5,11,7.75,OfficialVoting;NNF,MIN_EXPANDED_SIZE,False,4,69,69,69,3,0.0,0,4,4,3274,5147,143699,102962,1.395650822633593,488658,276302,1.7685648312353874,,,,,8938,37777,0.23659898880271063,1,1,REUSED_E4,REUSED_E4,E4_REUSED,E4_REUSED,0,0,SAT,SAT,3.2004176059999736,3.121300023999993,cf1957abf399fc133279d35e3fbfa826b487834b7520a786feee35fcb63c9e4a,728b79eea5223194b0da1abbf69e6d99aedfd1b8d443f120b141a41e965ccbe0
b2,voting_machine/voting2.trace,voting_machine,9c56c57ce88a43702403585d2561076b6ec82d857cb441112ff537fd2a49149c,13,2,0,8,1.625,10,8,2,5,11,7.6,OfficialVoting,MIN_EXPANDED_SIZE,False,2,34,34,34,2,0.0,0,4,4,3912,4302,170792,99682,1.7133685118677393,582009,252473,2.3052326387376074,,,,,10355,34916,0.29656890823691145,1,1,REUSED_E4,REUSED_E4,E4_REUSED,E4_REUSED,0,0,SAT,SAT,3.315652612998747,2.6597095990000525,9462209ec36629df82c5827d2bc9f4f93ee191a431871921364249aa7ce00131,e1db490789fb75674523ecd150514042b625ef2a8e9f430ec31c6487e83ec2ae
b2,voting_machine/voting3.trace,voting_machine,f2fc24d8ecd656cd2276a9409f2feb061f97049411552f1e9f4e73e455ef246b,13,2,0,8,1.625,10,10,2,5,11,8.166666666666666,OfficialVoting;NNF,MIN_EXPANDED_SIZE,False,4,69,69,69,3,0.0,0,4,4,4550,6335,197919,136858,1.4461631764310454,675602,361530,1.868730119215556,,,,,12580,46991,0.26771083824562153,1,1,REUSED_E4,REUSED_E4,E4_REUSED,E4_REUSED,0,0,SAT,SAT,14.770442516999537,4.550019324000004,74dfa9d9e80c90e8322b2141b26865b98ecd16796738a29ff30c15ca42363f6b,c9066a9b77bcb826ff76515078efb0aa8ba31efe7ceed87940afb7581708d088
b2,voting_machine/voting4.trace,voting_machine,556d787d7e05cb7675b4926bc6b9b5f6a3ac18cc80154776e3a9763a0044ab1b,13,2,0,8,1.625,10,10,3,5,16,8.76923076923077,OfficialVoting;NNF,MIN_EXPANDED_SIZE,False,4,69,69,69,3,0.0,0,4,4,7794,6863,426624,152409,2.7992047713717696,1521324,409841,3.711985867690153,,,,,14256,50370,0.28302561048243,1,1,REUSED_E4,REUSED_E4,E4_REUSED,E4_REUSED,0,0,SAT,SAT,4.737305988001026,4.337683045999256,4ebadb964a16c30cd2770c270b1178a8219f17c15ad7909d4dbca9e118c5f5d6,5b34662df5c80fa9c45c3b5d3a8ab03d7805656bd5046d6e54ad32bf7d0423a9
b2,voting_machine/voting5.trace,voting_machine,aaa7c5f9eb05af40920404aac394187c62a6c0f9a833f1d632b7161d62146a5a,13,2,0,8,1.625,10,11,2,5,11,8.307692307692308,OfficialVoting;NNF,MIN_EXPANDED_SIZE,False,4,69,69,69,3,0.0,0,4,4,4869,6632,211474,147368,1.4350062428749797,722348,388908,1.8573750089995578,,,,,13576,49913,0.2719932682868191,1,1,REUSED_E4,REUSED_E4,E4_REUSED,E4_REUSED,0,0,SAT,SAT,3.719966689001012,3.5335910140001943,671d128e32eaad5fc13fbd33296e0cb24e3a7b0322c93f952a6b83f25af518ae,9b633f0936e6a46eba90adc8ac58132ec0a6740b0031cf0e27bd47184d249921
b2,voting_machine/voting7.trace,voting_machine,7888b9164013ee9e3bda61ed3f68d1215476addfb60c72275f26f45b5a9fd9de,13,2,0,8,1.625,10,11,3,5,16,8.857142857142858,OfficialVoting;NNF,MIN_EXPANDED_SIZE,False,4,69,69,69,3,0.0,0,4,4,8338,7160,456729,162919,2.803411511241783,1629525,437219,3.7270223846630635,,,,,15252,53292,0.2861968025219545,1,1,REUSED_E4,REUSED_E4,E4_REUSED,E4_REUSED,0,0,SAT,SAT,7.174812068999927,4.267874292999977,99f6d1cb2ba7505b194abd1b624e79e036de6e629593e57f7da0cc8f9ceb2b9b,e32b22a5e86e6ed11694351e4d8788c0d13123861b300612b197c3325dccb453
b2,voting_machine/voting8.trace,voting_machine,0f40eb0be74a98d28e428327dd6a20b96b94e0173b39f5bd4707dcc871294515,13,2,0,8,1.625,10,11,5,5,16,9.25,OfficialVoting;NNF,MIN_EXPANDED_SIZE,False,4,69,69,69,3,0.0,0,4,4,9426,7952,516939,183269,2.820657066934397,1845969,487409,3.78731004146415,,,,,17643,59600,0.2960234899328859,1,1,REUSED_E4,REUSED_E4,E4_REUSED,E4_REUSED,0,0,SAT,SAT,11.363450763999936,5.092135138999993,eabfa16522142ab2be7a257bfecc2ac4486dca40b3983da7e9fcb5a0c1c5bb39,3d5a710456e22578fc538379ae368ceb0de7161e28a16ff926feaaec7dc8f18c
b2,voting_machine/voting9.trace,voting_machine,761eea46d30389b096d8a253e3b8e75dc91b12368c64d27bf30bcba8785f4f11,13,2,0,8,1.625,10,8,5,5,16,9.923076923076923,OfficialVoting;NNF,MIN_EXPANDED_SIZE,False,4,69,69,69,3,0.0,0,4,4,7794,7325,426624,164129,2.599321265589871,1521476,442683,3.4369424622133673,,,,,15647,51081,0.30631741743505414,1,1,REUSED_E4,REUSED_E4,E4_REUSED,E4_REUSED,0,0,SAT,SAT,5.561248562999026,4.245404414999939,ebfaa4f9fda928490737cfd90f007ec24cc91f227372394d68d95b31c2b0c598,85625dc473193301709cd3f40ec840c212112d3dfbcf3ea35774318646c36c42
b2,weakening/weaken_antecedent/weaken_antecedent_100_10_10.trace,weakening,1f56e77af956ff172ba6e53ae010447277162d55ae172957c38fbe0cd21b921e,10,2,0,8,1.25,3,10,10,100,100,100.0,OfficialWeakeningAntecedent,MIN_EXPANDED_SIZE,False,15,109,169,109,6,0.0,0,6,6,,72843,,1552671,,,4177152,,,,,,65663,116390,0.564163587937108,1,1,TIMEOUT,REUSED_E4,TRANSLATE_ONLY,E4_REUSED,1,0,TIMEOUT,SAT,180.301469386,34.23740306699983,6e8fdb0826e0eaf090faf32d3f9831d8c1e45e5a13675fcb135026e1317e2f7b,f962c35d6d82fb0f65e7e3358049ba49fad08531f34573b12f327d65c38da46e
b2,weakening/weaken_antecedent/weaken_antecedent_10_100_100.trace,weakening,47f99673f32c3451ee99bf19eff34e1a11996ede4e1a21dcae7155dbfd322499,10,2,0,8,1.25,3,100,100,10,10,10.0,OfficialWeakeningAntecedent,MIN_EXPANDED_SIZE,False,15,109,169,109,6,0.0,0,6,6,42283,70236,1703600,1704088,0.9997136298125449,5790175,4230786,1.36858139362284,,,,,76084,135091,0.563205542930321,1,1,REUSED_E4,REUSED_E4,E4_REUSED,E4_REUSED,0,0,SAT,SAT,16.371427246000167,32.556814698999915,d0e9d79e90285ea5998f7b35b83d19ab0144cc50da79a2a43ea164b08e63960b,8c54e2c51dbc3900d53317075d865a9f838d81fbc23767002ea691b6314a1c31
b2,weakening/weaken_antecedent/weaken_antecedent_10_10_10.trace,weakening,1d16ac8a55469f2c1f084b1a4f1f6ede012b08c6e25b9c2d5bcbc4b81e4301e2,10,2,0,8,1.25,3,10,10,10,10,10.0,OfficialWeakeningAntecedent,MIN_EXPANDED_SIZE,False,15,109,169,109,6,0.0,0,6,6,4483,13146,179547,294467,0.6097355561064568,601675,820261,0.733516527056632,,,,,10204,90777,0.11240732784736222,1,1,REUSED_E4,REUSED_E4,E4_REUSED,E4_REUSED,0,0,SAT,SAT,2.719644610999694,15.879271882000467,cfc7ea9448601a4ba55161961d6e8edde7a503bc719817a6dcda50504719e17d,cdf3bad80d6cfd8b5c43c91fc4a77f9fe04f33373b5c8da4579ce3084e4f4df7
b2,weakening/weaken_antecedent/weaken_antecedent_10_15_15.trace,weakening,ee3baf4b8a51686c03e077f3ab3e7a26cef02c3661579201bb0f6e1ba615e40d,10,2,0,8,1.25,3,15,15,10,10,10.0,OfficialWeakeningAntecedent,MIN_EXPANDED_SIZE,False,15,109,169,109,6,0.0,0,6,6,6583,16116,264216,367788,0.718392117197951,889925,997694,0.8919819102851175,,,,,13864,92931,0.14918595517104088,1,1,REUSED_E4,REUSED_E4,E4_REUSED,E4_REUSED,0,0,SAT,SAT,3.3550831560005463,15.989703569000994,bfe8515cf59faff304a25ea7fb1727c864ac9d518f6034797372eb702677122b,93a20f0f2a1a0f0685682f850da18b8f8009db79c6fe6352eebe3208da781484
b2,weakening/weaken_antecedent/weaken_antecedent_10_20_20.trace,weakening,c0c3779981abb70483cb3427fd703a2fdabd36ef9955a8fc1bc68dcfbf6d71b7,10,2,0,8,1.25,3,20,20,10,10,10.0,OfficialWeakeningAntecedent,MIN_EXPANDED_SIZE,False,15,109,169,109,6,0.0,0,6,6,8683,19416,348886,449254,0.7765896352620122,1178175,1194768,0.9861119480936885,,,,,17524,95661,0.18318855123822667,1,1,REUSED_E4,REUSED_E4,E4_REUSED,E4_REUSED,0,0,SAT,SAT,3.9807487960006256,16.50944164500106,a1408c6c4b7509beb669bdaebc6092fc48f45545257d14e9e128dbc64bbe1ee9,4f507d62b4797d4504c4c07de255a8e17a4921b0fcf3d9c0c3d294da1a5aab2a
b2,weakening/weaken_antecedent/weaken_antecedent_10_25_25.trace,weakening,ee34379ba72ceb1e1371b30d42f4abfc6d8ad7d350bdba4591240b363a3c9e41,10,2,0,8,1.25,3,25,25,10,10,10.0,OfficialWeakeningAntecedent,MIN_EXPANDED_SIZE,False,15,109,169,109,6,0.0,0,6,6,10783,23343,433558,545941,0.7941480855989933,1466425,1429246,1.0260130166535362,,,,,21184,96358,0.21984682122916624,1,1,REUSED_E4,REUSED_E4,E4_REUSED,E4_REUSED,0,0,SAT,SAT,4.720871747998899,17.385813893999966,b2b8d4c2de3bb0f7f2d9ad606a53a6f94bb9eb41381ef1188d839f975672d490,9a3d3857233841dc5b0414f7d0811b1fdad48e131010b63ee5b19642eda8afb4
b2,weakening/weaken_antecedent/weaken_antecedent_10_30_30.trace,weakening,3c8e932449f3e88f2a128f240b31e04b69aeea0335eb4da21b18fd713280a1eb,10,2,0,8,1.25,3,30,30,10,10,10.0,OfficialWeakeningAntecedent,MIN_EXPANDED_SIZE,False,15,109,169,109,6,0.0,0,6,6,12883,24696,518223,579630,0.8940582785570105,1754675,1510304,1.1618025245248638,,,,,24844,99439,0.2498416114401794,1,1,REUSED_E4,REUSED_E4,E4_REUSED,E4_REUSED,0,0,SAT,SAT,5.076371404000383,18.051074465000056,933f6a0cea6326e381bf360a2284b8e55b8efe8507ba1d2867e855e9e1b9db0d,7ab18d76d52bac0d2c32eee4c55d87042fe008ae4cfae87329dc1c91415819f6
b2,weakening/weaken_antecedent/weaken_antecedent_10_35_35.trace,weakening,2fbb8c1ea23703d603ed84d6596880d307bc51683c556fd3a8ba35699dddeb63,10,2,0,8,1.25,3,35,35,10,10,10.0,OfficialWeakeningAntecedent,MIN_EXPANDED_SIZE,False,15,109,169,109,6,0.0,0,6,6,14983,29316,602896,693628,0.8691921318055211,2042925,1786038,1.1438306463804242,,,,,28504,103199,0.2762042267851433,1,1,REUSED_E4,REUSED_E4,E4_REUSED,E4_REUSED,0,0,SAT,SAT,5.7350830220002535,18.094830247000118,329ebc3eff079898382ba1a7d9a65c3737d972ac1219a2f20b9dd241b80130e5,f3d99411d9edf36c4b8db657983e34c1522d719f6b4179b7ff3faf871e690037
b2,weakening/weaken_antecedent/weaken_antecedent_10_40_40.trace,weakening,da7403f27aa1f158185699577aa2ae3c4d8afc04a47d8b75c6cb34f76848b83a,10,2,0,8,1.25,3,40,40,10,10,10.0,OfficialWeakeningAntecedent,MIN_EXPANDED_SIZE,False,15,109,169,109,6,0.0,0,6,6,17083,31956,687564,758932,0.9059625895337131,2331175,1944102,1.1991011788476118,,,,,32164,105078,0.3060964236091285,1,1,REUSED_E4,REUSED_E4,E4_REUSED,E4_REUSED,0,0,SAT,SAT,8.12109303699981,19.459928906000187,4c1c6bd19c2fcb41895ef8b05cec796c0b26d1731ff02f6c4e59e1007e61e4b0,c311c87170f7cf99a47ce3693a31667a6d8c4989322d990bc56c23cee1ee7e58
b2,weakening/weaken_antecedent/weaken_antecedent_10_45_45.trace,weakening,c17f263404864717851c58796941e27a9ef40f021b727a7d93ff3dcff8e90773,10,2,0,8,1.25,3,45,45,10,10,10.0,OfficialWeakeningAntecedent,MIN_EXPANDED_SIZE,False,15,109,169,109,6,0.0,0,6,6,19183,34926,772233,832205,0.9279360253783623,2619425,2121343,1.2347955988258381,,,,,35824,107400,0.3335567970204842,1,1,REUSED_E4,REUSED_E4,E4_REUSED,E4_REUSED,0,0,SAT,SAT,8.253483679000055,21.096158111000477,4e4ee4a66ace714ec97b34687f1744089fc80587eb28cd40e0aae1031ccd328f,afec1366a9e170b57c332b54d12bf30fef55464b1328b8dfc4a05815cd563bfd
b2,weakening/weaken_antecedent/weaken_antecedent_10_50_50.trace,weakening,c432653b44c0a92c7d83fab8c1cbd28b66f0755a7e0883a7572a2a88fed5b337,10,2,0,8,1.25,3,50,50,10,10,10.0,OfficialWeakeningAntecedent,MIN_EXPANDED_SIZE,False,15,109,169,109,6,0.0,0,6,6,21283,36906,856900,880947,0.9727032386738362,2907675,2239277,1.2984883067168556,,,,,39484,108642,0.3634321901290477,1,1,REUSED_E4,REUSED_E4,E4_REUSED,E4_REUSED,0,0,SAT,SAT,8.547644147000028,21.32698926700141,400fa374dddf2a4dbd8f7689dc88428e1b2791bffd59c442df7c6e0d3e84ce0c,9fd9dfc4eb9f10a8cec4cc18ad42c2d85c93df6ab9aaada2af7817b46ad9689b
b2,weakening/weaken_antecedent/weaken_antecedent_10_55_55.trace,weakening,a2e61bb3c3c23c964aa5ad90640457a10f48e02bba0d14da706c9be6d3055589,10,2,0,8,1.25,3,55,55,10,10,10.0,OfficialWeakeningAntecedent,MIN_EXPANDED_SIZE,False,15,109,169,109,6,0.0,0,6,6,23383,40866,941572,978839,0.9619273445377636,3195925,2476057,1.290731594628072,,,,,43144,111863,0.3856860624156334,1,1,REUSED_E4,REUSED_E4,E4_REUSED,E4_REUSED,0,0,SAT,SAT,10.571955748999244,25.12661499599926,bdb8251b38298a275397c2deeefbca4d3875b3232877e88d3b9aa9a7e3c580a7,4a38330fe8a13674c3f84006bb21b7d8d202badc3b85bc6ba5714641a7614eee
b2,weakening/weaken_antecedent/weaken_antecedent_10_5_5.trace,weakening,ab9aab936ac54d3de4d2d844ae6e20105dfae44bc22f740105077681303e11a0,10,2,0,8,1.25,3,5,5,10,10,10.0,OfficialWeakeningAntecedent,MIN_EXPANDED_SIZE,False,15,109,169,109,6,0.0,0,6,6,2383,10143,94878,220085,0.4310970761296772,313425,640886,0.4890495345506065,,,,,6554,86342,0.07590743786338051,1,1,REUSED_E4,REUSED_E4,E4_REUSED,E4_REUSED,0,0,SAT,SAT,1.9489615920001597,14.230242771000121,d96be2d6e18cdac30f4f3649e32c7fb785ac3e19fd322389c71fe7855cbac4f6,d6adb269850ecb93918723066cacb30afd2bc02d5624f29edfc14188d9d37c9c
b2,weakening/weaken_antecedent/weaken_antecedent_10_60_60.trace,weakening,d5a68f897fbabe48af83bd0d5d9238e3b40984e471b5de303dac8061f0ffca2b,10,2,0,8,1.25,3,60,60,10,10,10.0,OfficialWeakeningAntecedent,MIN_EXPANDED_SIZE,False,15,109,169,109,6,0.0,0,6,6,25483,45156,1026244,1084612,0.9461853639826961,3484175,2731926,1.2753548229344427,,,,,46804,115207,0.40626003628251756,1,1,REUSED_E4,REUSED_E4,E4_REUSED,E4_REUSED,0,0,SAT,SAT,11.263276117000714,26.429943718999766,16a4e453f7d9bbfff8abaed2599504f02c054be4c5c132fc974d96d3fa2cf918,e47de061a48e8f19d1b3c15875ecedd1ab623e0dc8923498eaba16a1256d1997
b2,weakening/weaken_antecedent/weaken_antecedent_10_65_65.trace,weakening,57e83124523f8160a59ba2b9ca02c40028dad10d6d99663276024ca58d4ef99b,10,2,0,8,1.25,3,65,65,10,10,10.0,OfficialWeakeningAntecedent,MIN_EXPANDED_SIZE,False,15,109,169,109,6,0.0,0,6,6,27583,47796,1110912,1149900,0.9660944429950431,3772425,2890118,1.3052840749062842,,,,,50464,117332,0.43009579654314256,1,1,REUSED_E4,REUSED_E4,E4_REUSED,E4_REUSED,0,0,SAT,SAT,10.548537343000135,23.15615208099996,34d9d6429556200ac98b380542b70012db4bfcdba12d16ba6fa4eaccc9993b35,230e2383cb497fb2c392e85ada3b64a741228e8b34261e6a35c3b9650c817366
b2,weakening/weaken_antecedent/weaken_antecedent_10_70_70.trace,weakening,1cb611222a93edfea7ba8779c12bc0944cf9f903952ddcce5c8337a029260877,10,2,0,8,1.25,3,70,70,10,10,10.0,OfficialWeakeningAntecedent,MIN_EXPANDED_SIZE,False,15,109,169,109,6,0.0,0,6,6,29683,50766,1195583,1223301,0.9773416354601198,4060675,3067415,1.3238101137276828,,,,,54124,119665,0.4522959929804036,1,1,REUSED_E4,REUSED_E4,E4_REUSED,E4_REUSED,0,0,SAT,SAT,11.200667438999517,27.55960789799974,a6b98ec40cb8c3d55f0f8d93a57679d79019178eda53c27db55cc2b44fccc9b8,fdecff82bbd49077c628f712ad9051b6a970f87a3e5578ce42c8e9df69a7ab94
b2,weakening/weaken_antecedent/weaken_antecedent_10_75_75.trace,weakening,9c86899e809b70b786263b9d3b13475131052f5b1b03d28a1183d7ab10a8996a,10,2,0,8,1.25,3,75,75,10,10,10.0,OfficialWeakeningAntecedent,MIN_EXPANDED_SIZE,False,15,109,169,109,6,0.0,0,6,6,31783,53076,1280248,1280172,1.0000593670225564,4348925,3205334,1.3567774840313054,,,,,57784,121467,0.4757176846386261,1,1,REUSED_E4,REUSED_E4,E4_REUSED,E4_REUSED,0,0,SAT,SAT,13.260784353000417,28.60165939000035,43714dc95c77ecc36dd9cd1f9a30e7c3d8639b7f9164df7da67f4642da939f29,d851891ca8dd8919f507524a8a7e8606167fcb849d5e7efbc593094c9850f1cf
b2,weakening/weaken_antecedent/weaken_antecedent_10_80_80.trace,weakening,d56277d5d9f58443700f575e34a405a2d742f8795534a5f02eca45b37e187ea5,10,2,0,8,1.25,3,80,80,10,10,10.0,OfficialWeakeningAntecedent,MIN_EXPANDED_SIZE,False,15,109,169,109,6,0.0,0,6,6,33883,56706,1364921,1369927,0.9963457906881169,4637175,3422121,1.3550587486532475,,,,,61444,124158,0.4948855490584578,1,1,REUSED_E4,REUSED_E4,E4_REUSED,E4_REUSED,0,0,SAT,SAT,14.699843241000053,29.61092330500105,9a55cd0616e7d5fb80d33f70131d3fd816d1c2435aa82079d0bc3dc69ab7e3a1,f7c0c86a5e2138110ec13c4e9721e48b1eb9c171cc708b6d4a4ae54ec9e6ee89
b2,weakening/weaken_antecedent/weaken_antecedent_10_85_85.trace,weakening,785299481b8d629428e191daddf5b4a8d0ceb09d65f0fabcecf4d8d8a833d44f,10,2,0,8,1.25,3,85,85,10,10,10.0,OfficialWeakeningAntecedent,MIN_EXPANDED_SIZE,False,15,109,169,109,6,0.0,0,6,6,35983,59346,1449587,1435279,1.0099687935237678,4925425,3580449,1.3756445071553876,,,,,65104,125873,0.5172197373543175,1,1,REUSED_E4,REUSED_E4,E4_REUSED,E4_REUSED,0,0,SAT,SAT,13.518669988000056,29.278010043999984,5a8ea0342a4c08c6a34886a6dbd7b8eccc232ed136cb39ecfdf2f4cd425deff8,0cb4e9b85f0c0544e2afecd86d87e2d520c00eed3f2e62b4b028d54c7c7f0751
b2,weakening/weaken_antecedent/weaken_antecedent_10_90_90.trace,weakening,86a2b8a6d338775562ea51da4530d7d0b0b3c3758cc76176b626b30c568c33ba,10,2,0,8,1.25,3,90,90,10,10,10.0,OfficialWeakeningAntecedent,MIN_EXPANDED_SIZE,False,15,109,169,109,6,0.0,0,6,6,38083,61326,1534253,1483989,1.0338708710104993,5213675,3698207,1.4097845253118606,,,,,68764,127576,0.5390042014171944,1,1,REUSED_E4,REUSED_E4,E4_REUSED,E4_REUSED,0,0,SAT,SAT,15.364854763998665,36.45235351200017,c3b2a4cd9f336eb4dec9c45ace9a7a08ee750374bf18027e6e3ab5cd3340cbf5,3b092fc11ee9f5d1081c48e1698f54609994aa9db668c4a5e0c7468bf52d6ede
b2,weakening/weaken_antecedent/weaken_antecedent_10_95_95.trace,weakening,59b952a79b8654e67cca91f7d517d1a44d5b1865ae3f918a1d8c1d7b84b5d6cd,10,2,0,8,1.25,3,95,95,10,10,10.0,OfficialWeakeningAntecedent,MIN_EXPANDED_SIZE,False,15,109,169,109,6,0.0,0,6,6,40183,65286,1618926,1581825,1.023454554075198,5501925,3934715,1.3983033078634666,,,,,72424,130581,0.5546289276387836,1,1,REUSED_E4,REUSED_E4,E4_REUSED,E4_REUSED,0,0,SAT,SAT,16.551443792999635,34.45983073399975,acf46cea134dedca8bf95e1c21a46696d3d9c3e6f42ac04ae4787529719160fb,a82f38ae938412b03f7110d72872f211914aa269752be5de8c1b83d878c80cf8
b2,weakening/weaken_antecedent/weaken_antecedent_15_10_10.trace,weakening,b1e9611061952a32382f227b3c69ff666095bf79b19f7f14fa21c07adfa64fab,10,2,0,8,1.25,3,10,10,15,15,15.0,OfficialWeakeningAntecedent,MIN_EXPANDED_SIZE,False,15,109,169,109,6,0.0,0,6,6,8083,16743,433648,371139,1.168424768078806,1542875,1023620,1.507273206854106,,,,,13303,90463,0.14705459690702277,1,1,REUSED_E4,REUSED_E4,E4_REUSED,E4_REUSED,0,0,SAT,SAT,4.514358246000484,14.168721466000079,90fae04d4f6a7effb96b3e2793d3f59ba6e2204f6794c07e48f6416ca6507bb1,a06056d56112925cf33ea7585b9bf9c89216081f78369894e38df4edb3bff924
b2,weakening/weaken_antecedent/weaken_antecedent_20_10_10.trace,weakening,8580a32f9224ec43808eaaefa9c05153e70adb7bed141bc7092a7e186f5f989c,10,2,0,8,1.25,3,10,10,20,20,20.0,OfficialWeakeningAntecedent,MIN_EXPANDED_SIZE,False,15,109,169,109,6,0.0,0,6,6,12683,20043,1052148,440615,2.3879078106737173,3897275,1209096,3.223296578600872,,,,,16383,91772,0.17851850237545222,1,1,REUSED_E4,REUSED_E4,E4_REUSED,E4_REUSED,0,0,SAT,SAT,11.357123625000895,15.609118058000604,c9640c15c677cbd586e68651702d0eb376747a84b3461a0a5abe9ba139dd13ac,2392fc546aeb95bb8ec0447861c5dba53999fb3e25355b533353bc0f830697ef
b2,weakening/weaken_antecedent/weaken_antecedent_25_10_10.trace,weakening,dea8c60fd8d77602478a81c28f2bbc92c5c8ffade2e71b15fbf77c4a420dc29e,10,2,0,8,1.25,3,10,10,25,25,25.0,OfficialWeakeningAntecedent,MIN_EXPANDED_SIZE,False,15,109,169,109,6,0.0,0,6,6,18283,23343,1911348,510171,3.7464850020875353,7209275,1394652,5.169228596094222,,,,,19463,93316,0.20857087744866903,1,1,REUSED_E4,REUSED_E4,E4_REUSED,E4_REUSED,0,0,SAT,SAT,16.364828434999936,15.947598353999638,5117c3b7239df885ce3312f9e6b48488fe0b4c1798f949d0244728e2a5ec7b1c,a7de9f217707e65045aa77a1ee4e0c6ad83277533b7aaf38674da0b83068bc66
b2,weakening/weaken_antecedent/weaken_antecedent_30_10_10.trace,weakening,ad27f162bc6732725ddbc3ae2b54815743d00de636ebb6f139b30b2130007a9b,10,2,0,8,1.25,3,10,10,30,30,30.0,OfficialWeakeningAntecedent,MIN_EXPANDED_SIZE,False,15,109,169,109,6,0.0,0,6,6,24883,26643,3160048,579655,5.451601383581613,12058775,1580136,7.6314791891330875,,,,,22543,94816,0.2377552311846102,1,1,REUSED_E4,REUSED_E4,E4_REUSED,E4_REUSED,0,0,SAT,SAT,23.533438530999774,17.32823120500143,c25b0cea7ea8ab8d850160f2d86cfed86e84e7ba13a51eed31825ffcf29877d0,badb4b4545843225b4dccefcb1cd6ab6fcd0de85fcd4125b82a2b5ae6e7443ea
b2,weakening/weaken_antecedent/weaken_antecedent_35_10_10.trace,weakening,a8a622304401fb505c5a4a63b350a2aa6b25b9a511831aa4e6fc2c8da34e4ccd,10,2,0,8,1.25,3,10,10,35,35,35.0,OfficialWeakeningAntecedent,MIN_EXPANDED_SIZE,False,15,109,169,109,6,0.0,0,6,6,32483,29943,5766448,649171,8.882787431970929,22233875,1765652,12.592444604032957,,,,,25623,96428,0.26572157464636825,1,1,REUSED_E4,REUSED_E4,E4_REUSED,E4_REUSED,0,0,SAT,SAT,50.007542421000835,18.47035532400014,1298a952a22f9c83975234d75e816a3ec2211b74d8785546e7e4ba13c53258b8,9a11e303d1eeba58fcbd9a7df33170e253e0fcd960952ceb5616c6c4d14308c7
b2,weakening/weaken_antecedent/weaken_antecedent_40_10_10.trace,weakening,9e727caad453c3a3439cddc50261a08a0d061c3a9fb076f5fd855be6f030ff63,10,2,0,8,1.25,3,10,10,40,40,40.0,OfficialWeakeningAntecedent,MIN_EXPANDED_SIZE,False,15,109,169,109,6,0.0,0,6,6,41083,33243,8452748,718631,11.762292469988074,32766675,1951112,16.793846278429942,,,,,28703,98213,0.2922525531243318,1,1,REUSED_E4,REUSED_E4,E4_REUSED,E4_REUSED,0,0,SAT,SAT,106.62908054199943,18.61480177200019,02de8ca7811220babf62bb34dc82e2d6086a810f111f265bb1e86b6a4a14542c,c6be095aac185b9ad49a48a7279065010cc68ee54d17a61e877de553dda86c1c
b2,weakening/weaken_antecedent/weaken_antecedent_45_10_10.trace,weakening,21c2c4be284b6b6c1ed2cebfa96c725e462d4f0d48c166b86061bc522c2a7051,10,2,0,8,1.25,3,10,10,45,45,45.0,OfficialWeakeningAntecedent,MIN_EXPANDED_SIZE,False,15,109,169,109,6,0.0,0,6,6,,36543,,788171,,,2136652,,,,,,31783,99258,0.32020592798565356,1,1,TIMEOUT,REUSED_E4,TRANSLATE_ONLY,E4_REUSED,1,0,TIMEOUT,SAT,180.33353419500008,18.80335640400017,a0781c52c524dd081aec2bcd8f137f7f366376a763d46d97de87ef979fe3c1b5,5d4d34f5112757895883a63cab6d42daef65e4d491288c2490061b8ae9168712
b2,weakening/weaken_antecedent/weaken_antecedent_50_10_10.trace,weakening,bdaad8f3733fc4b86751a8e7088e2cc93759052530ea4c33c1600a38a8ea8926,10,2,0,8,1.25,3,10,10,50,50,50.0,OfficialWeakeningAntecedent,MIN_EXPANDED_SIZE,False,15,109,169,109,6,0.0,0,6,6,,38226,,822723,,,2230189,,,,,,34863,101846,0.34231094004673723,1,1,TIMEOUT,REUSED_E4,TRANSLATE_ONLY,E4_REUSED,1,0,TIMEOUT,SAT,180.3854503040002,21.290356933999647,a44e55fc6cd5f939787bcf7a3d784a206aaf0835d6438877f98226c75295dc3a,264ed75ef722f61260a202d3019d5c02db42dc25401acf65629beba50b72cea4
b2,weakening/weaken_antecedent/weaken_antecedent_55_10_10.trace,weakening,698cb69169559bb00acd7151f73e2cf5e9889d328389deb34a8f0d3b114dcb4f,10,2,0,8,1.25,3,10,10,55,55,55.0,OfficialWeakeningAntecedent,MIN_EXPANDED_SIZE,False,15,109,169,109,6,0.0,0,6,6,,41361,,888732,,,2406398,,,,,,37943,103321,0.3672341537538351,1,1,TIMEOUT,REUSED_E4,TRANSLATE_ONLY,E4_REUSED,1,0,TIMEOUT,SAT,180.34706876299992,21.28683468500094,2f834af3f3ed765cdde498c241c8e2a843f2fb246205c5fd1ca441f9fed98482,12a38e84e9b7c8882425b99ef1595e845b18aed2402a3ae9266f9b266a349252
b2,weakening/weaken_antecedent/weaken_antecedent_5_10_10.trace,weakening,81780aaba142b8d2ed797230affe87977dde7c5d37b44116e728a9a65c58055b,10,2,0,8,1.25,3,10,10,5,5,5.0,OfficialWeakeningAntecedent,MIN_EXPANDED_SIZE,False,15,109,169,109,6,0.0,0,6,6,1883,9846,55046,223596,0.24618508381187498,163775,633462,0.25853958090619483,,,,,7439,89291,0.0833118679374181,1,1,REUSED_E4,REUSED_E4,E4_REUSED,E4_REUSED,0,0,SAT,SAT,1.726107102998867,16.207489499000076,74c7fc041ce89f30e11a9bc883d5469aa474b18cf82b5b51f873dc5b4f268ed8,54ef5deed0c11939a4eea73ec7f13789ae728cc4d6f287ec9a2febfcc30785ad
b2,weakening/weaken_antecedent/weaken_antecedent_60_10_10.trace,weakening,0053a915e901a06d6204b62b0a344d0f088c52e57a283f87963d02afa63b3416,10,2,0,8,1.25,3,10,10,60,60,60.0,OfficialWeakeningAntecedent,MIN_EXPANDED_SIZE,False,15,109,169,109,6,0.0,0,6,6,,46443,,996655,,,2693136,,,,,,41023,103797,0.39522336869080993,1,1,TIMEOUT,REUSED_E4,TRANSLATE_ONLY,E4_REUSED,1,0,TIMEOUT,SAT,180.4194912870007,23.77881305700066,faccd852fe907a6f76a51eba0be269f91f6701361414408892ac8ff95dec6d4b,aa6a8d7814e9d723261c52bfdeeb797ed74bcc9fec5c14b20359e0e74373ca61
b2,weakening/weaken_antecedent/weaken_antecedent_65_10_10.trace,weakening,7486a64d3ca392c9fd953d4b3451811da34ee411cf528f8e4fe2f9e685977352,10,2,0,8,1.25,3,10,10,65,65,65.0,OfficialWeakeningAntecedent,MIN_EXPANDED_SIZE,False,15,109,169,109,6,0.0,0,6,6,,49743,,1066171,,,2878652,,,,,,44103,104746,0.4210471044240353,1,1,TIMEOUT,REUSED_E4,TRANSLATE_ONLY,E4_REUSED,1,0,TIMEOUT,SAT,180.35894121600086,23.03985698500003,9e83b92ca4c7b526f6f2cb12e416926d6273056940a9599c9c5fb1cc0201e473,d2b401fe822117fa2a46d2d0a74c1d6752109ab772395e9f4e56c8493434c80d
b2,weakening/weaken_antecedent/weaken_antecedent_70_10_10.trace,weakening,2ea2fc28033837d3537254dbec71c8357b18e14c5422673dede949b0b419f427,10,2,0,8,1.25,3,10,10,70,70,70.0,OfficialWeakeningAntecedent,MIN_EXPANDED_SIZE,False,15,109,169,109,6,0.0,0,6,6,,53043,,1135663,,,3064144,,,,,,47183,107352,0.4395167300096878,1,1,TIMEOUT,REUSED_E4,TRANSLATE_ONLY,E4_REUSED,1,0,TIMEOUT,SAT,180.351310861,23.93666248799991,e7b5dab4be2203cf83314f388befbf863d0b156cde80aaca05ba66b1907d7a9a,51eacef641baf05c530b81b8813ae1623edcce6b1508dcebdb6dee64dcbed9df
b2,weakening/weaken_antecedent/weaken_antecedent_75_10_10.trace,weakening,b06dd39bf194c16c54163d3f69bc559bc8a5f357c1cdd5a09b68198359807848,10,2,0,8,1.25,3,10,10,75,75,75.0,OfficialWeakeningAntecedent,MIN_EXPANDED_SIZE,False,15,109,169,109,6,0.0,0,6,6,,56343,,1205163,,,3249644,,,,,,50263,108186,0.46459800713585864,1,1,TIMEOUT,REUSED_E4,TRANSLATE_ONLY,E4_REUSED,1,0,TIMEOUT,SAT,180.42407352499959,26.76285187499991,8beed6bd065b4ed6f5294d9d250e1debee8f876944a824d6a2e8489311bdaf6a,d98ac2288de6f8223377e94f7c30b26addc0a677ff5f9ea8753d2a68cc76576e
b2,weakening/weaken_antecedent/weaken_antecedent_80_10_10.trace,weakening,2f04621e218c3ffaba3f032de908f41755c3333f4efe61ce94c95a8591922fdf,10,2,0,8,1.25,3,10,10,80,80,80.0,OfficialWeakeningAntecedent,MIN_EXPANDED_SIZE,False,15,109,169,109,6,0.0,0,6,6,,59643,,1274671,,,3435152,,,,,,53343,109205,0.4884666453001236,1,1,TIMEOUT,REUSED_E4,TRANSLATE_ONLY,E4_REUSED,1,0,TIMEOUT,SAT,180.35507483100014,27.713773544000105,2e1c7c1e81ee622d395644401922d01197504d6b0fac15b9c9f849849bfcbd6f,fcf34d3bb2d7a85ac7c1ec9d1903380b3e0558613f31cbe77bf8788ff368d77d
b2,weakening/weaken_antecedent/weaken_antecedent_85_10_10.trace,weakening,36dcd944113412c8b40b0394575b117523e15fefa84a5b3b13ef98d273995fdd,10,2,0,8,1.25,3,10,10,85,85,85.0,OfficialWeakeningAntecedent,MIN_EXPANDED_SIZE,False,15,109,169,109,6,0.0,0,6,6,,62943,,1344147,,,3620628,,,,,,56423,111476,0.5061448204097743,1,1,TIMEOUT,REUSED_E4,TRANSLATE_ONLY,E4_REUSED,1,0,TIMEOUT,SAT,180.32544989299822,27.002120061000824,51d7c293d48b5c51f13c8114d164a5702120ec0d76478803da6a6cf35f1fce58,e6101dc80fe87d83ca684b9507b46f77df75a9ddb8e909aa68ddbd41abe56dfd
b2,weakening/weaken_antecedent/weaken_antecedent_90_10_10.trace,weakening,40fcfa5e7ff9b5b83efe744c483ebad50c3395f5c39c10c5b3eb9d016a9b9a04,10,2,0,8,1.25,3,10,10,90,90,90.0,OfficialWeakeningAntecedent,MIN_EXPANDED_SIZE,False,15,109,169,109,6,0.0,0,6,6,,66243,,1413671,,,3806152,,,,,,59503,112882,0.5271256710547297,1,1,TIMEOUT,REUSED_E4,TRANSLATE_ONLY,E4_REUSED,1,0,TIMEOUT,SAT,180.37389061300019,27.285001181999178,db89c559dc82a0304b539bd4ace723ede4a4dbad11e65e1ae80a64a97ca3aab6,685308051f5eb5b60830bae52db86f3394402b3d8baeb3a4716ca52c186a25f5
b2,weakening/weaken_antecedent/weaken_antecedent_95_10_10.trace,weakening,f69a804f67257ab9f6de373cf77f923202aa836f8bc219703211a8ef7567682d,10,2,0,8,1.25,3,10,10,95,95,95.0,OfficialWeakeningAntecedent,MIN_EXPANDED_SIZE,False,15,109,169,109,6,0.0,0,6,6,,66441,,1416948,,,3816214,,,,,,62583,115277,0.542892337586856,1,1,TIMEOUT,REUSED_E4,TRANSLATE_ONLY,E4_REUSED,1,0,TIMEOUT,SAT,180.38753425899995,27.772779019000154,93efeef3fbe950cdcca9f8acfb319c3b9d52f736af87054b030c6a7c395bb4f1,a169062b626840ba493b22def47662c1af2d70045b8e5f423bfc68be3b3359da
b3,weakening/weaken_consequent/weaken_consequent_100_10_10.trace,weakening,a9161f65fc07d3f0e546a24f44292bdd7c943b3bd19fdd3621de69aa37541611,18,3,0,11,1.6363636363636365,3,10,10,100,100,100.0,OfficialWeakeningConsequent,MIN_EXPANDED_SIZE,False,15,109,169,109,7,0.0,0,7,8,,72843,,1552670,,,4177139,,,,,,65741,114585,0.5737312911812191,1,1,TIMEOUT,REUSED_E4,TRANSLATE_ONLY,E4_REUSED,1,0,TIMEOUT,SAT,180.33178534000035,29.993868186997133,82eb226f6acbaf0713b16dd6f20eab77f9515d52676f6d6bf2a69e9996542b83,8fe3c3e725c88b9fb8c0ded064d616204f19412344b5aa15b65e95a2806b696d
b3,weakening/weaken_consequent/weaken_consequent_10_100_100.trace,weakening,d276a89c6608dbd30e6fb5b241728d1a2e23b71121d4ad65746269627435b746,18,3,0,11,1.6363636363636365,3,100,100,10,10,10.0,OfficialWeakeningConsequent,MIN_EXPANDED_SIZE,False,15,109,169,109,7,0.0,0,7,8,42278,72843,1651203,1768226,0.9338189801529895,5647716,4386863,1.2874156316256058,,,,,76162,133892,0.5688315956143758,1,1,REUSED_E4,REUSED_E4,E4_REUSED,E4_REUSED,0,0,SAT,SAT,15.552829324002232,33.85401959199953,c89b9774acc9593ea67912867a0e3df392c615cbdc76ff8bd1412f27235b934b,4de9c21c9418663d3ca8a61814ab883147f83e131e641ee7c5ed406404e4f75a
b3,weakening/weaken_consequent/weaken_consequent_10_10_10.trace,weakening,c565be745038a988786ff690a5a008e3ee068ee7eea790f7bbf0d4da7e87a052,18,3,0,11,1.6363636363636365,3,10,10,10,10,10.0,OfficialWeakeningConsequent,MIN_EXPANDED_SIZE,False,15,109,169,109,7,0.0,0,7,8,4478,13443,173943,301526,0.5768756259825023,587016,837995,0.7005005996455826,,,,,10282,88785,0.11580785042518443,1,1,REUSED_E4,REUSED_E4,E4_REUSED,E4_REUSED,0,0,SAT,SAT,2.411696994000522,15.340122515997791,204c467ad529e22549c97839afef2d1e114596fe035cf80866219b19a14571d5,5a6369a44e602b39ed165ead72b1419a956c4ace6c450c652fd2778dff16018f
b3,weakening/weaken_consequent/weaken_consequent_10_15_15.trace,weakening,1e4062af74a13ec6fddd4cd9c1263fbc3ca115bd568beb465aa4e1685ccd0278,18,3,0,11,1.6363636363636365,3,15,15,10,10,10.0,OfficialWeakeningConsequent,MIN_EXPANDED_SIZE,False,15,109,169,109,7,0.0,0,7,8,6578,16743,256013,383072,0.6683156169075265,868166,1035149,0.8386869909549254,,,,,13942,91228,0.1528258867891437,1,1,REUSED_E4,REUSED_E4,E4_REUSED,E4_REUSED,0,0,SAT,SAT,3.1147086390010372,14.60671516399816,73e4cf533620b68b2a18cfbc240b1d864482e9fd2c3a9e724dab0904e3a51fed,8bf4683d7b38d876d0082b02fc3de0103e300f416abc3a2fa91e3cd7a812f582
b3,weakening/weaken_consequent/weaken_consequent_10_20_20.trace,weakening,05c37633a408b0a663047c20cb7d7b4c4bc7cf60fe7f58db41a18794a69c978b,18,3,0,11,1.6363636363636365,3,20,20,10,10,10.0,OfficialWeakeningConsequent,MIN_EXPANDED_SIZE,False,15,109,169,109,7,0.0,0,7,8,8678,20043,338083,464554,0.7277582369326279,1149316,1232383,0.9325964412037492,,,,,17602,93514,0.18822850054537288,1,1,REUSED_E4,REUSED_E4,E4_REUSED,E4_REUSED,0,0,SAT,SAT,3.830651027001295,19.116371871998126,cd62a75e878b071bd9057039b12e10f7596407cf06625cf8caf346c41e62e894,f57be6c5298a0de9ca423f83b12ff70f9cfc613ac1c221f634eb67f35cb40f01
b3,weakening/weaken_consequent/weaken_consequent_10_25_25.trace,weakening,cae4b190edc26e2bad260aedcad905f2010a597930f11ca875051ddf727937bf,18,3,0,11,1.6363636363636365,3,25,25,10,10,10.0,OfficialWeakeningConsequent,MIN_EXPANDED_SIZE,False,15,109,169,109,7,0.0,0,7,8,10778,23343,420153,545916,0.769629393533071,1430466,1429281,1.000829088191895,,,,,21262,96227,0.22095669614557245,1,1,REUSED_E4,REUSED_E4,E4_REUSED,E4_REUSED,0,0,SAT,SAT,4.337916682998184,17.388805801998387,5446b1e826c26878cf0c8de3c3e1da8d200babf67672473e700357924e9fce8c,51ff9b6959e524e4e36c9a2591be86b9e03538e8942a57444c2b8188e56d3f1a
b3,weakening/weaken_consequent/weaken_consequent_10_30_30.trace,weakening,4808b046eeb02bb1b7fd9be54e86b347206e24bf97e54133397b7226629fce6f,18,3,0,11,1.6363636363636365,3,30,30,10,10,10.0,OfficialWeakeningConsequent,MIN_EXPANDED_SIZE,False,15,109,169,109,7,0.0,0,7,8,12878,26643,502223,627406,0.800475290322375,1711616,1626523,1.0523158910141448,,,,,24922,98768,0.2523286894540742,1,1,REUSED_E4,REUSED_E4,E4_REUSED,E4_REUSED,0,0,SAT,SAT,5.037716767001257,19.93138154800181,cb2a1d1a4d3341af4af415b3c8cb01133d3913308270098bfbd7a8a20c4fa5d1,eabc236a86b64605f904aa9387536ba04e4be8c2b0ad95ea535e823438609068
b3,weakening/weaken_consequent/weaken_consequent_10_35_35.trace,weakening,52d26e1412eba83ddfdf227ad67da73e01d9d18d82b70dbbdc36e2f384ff384e,18,3,0,11,1.6363636363636365,3,35,35,10,10,10.0,OfficialWeakeningConsequent,MIN_EXPANDED_SIZE,False,15,109,169,109,7,0.0,0,7,8,14978,29778,584293,705437,0.8282709866366522,1992766,1814506,1.0982416150731935,,,,,28582,103290,0.2767160422112499,1,1,REUSED_E4,REUSED_E4,E4_REUSED,E4_REUSED,0,0,SAT,SAT,5.600152306997188,18.44727981399774,b5bea0425b764ce56926e5b02cc6fc189b6d28d5e33490e7da3a68c2e182707d,cad231fd8ded824b5c6eba1ca0c34fe014ed5d1d2ceda2dacc47c4b7663c6f90
b3,weakening/weaken_consequent/weaken_consequent_10_40_40.trace,weakening,6a07d631793c4224cc96e090f2769ad87740f424509ca192252e8910835f199d,18,3,0,11,1.6363636363636365,3,40,40,10,10,10.0,OfficialWeakeningConsequent,MIN_EXPANDED_SIZE,False,15,109,169,109,7,0.0,0,7,8,17078,33243,666363,790394,0.8430769970419816,2273916,2020727,1.1252959949562706,,,,,32242,103457,0.3116463844882415,1,1,REUSED_E4,REUSED_E4,E4_REUSED,E4_REUSED,0,0,SAT,SAT,5.861617135997221,18.961264286997903,cbbaefaa9451d9d2231ad9b28a838917eda506c6a84a61f1e2d1b3cf2d897ca6,6be0880335348be2ae6e2e54a86bad91bca549aaac236af03395fa4f43ee8e11
b3,weakening/weaken_consequent/weaken_consequent_10_45_45.trace,weakening,3a7d0c05499cd67a8edc145a6d66d33cc7194a5b0170cc7d373b25fa0b593763,18,3,0,11,1.6363636363636365,3,45,45,10,10,10.0,OfficialWeakeningConsequent,MIN_EXPANDED_SIZE,False,15,109,169,109,7,0.0,0,7,8,19178,36543,748433,871860,0.8584325465097608,2555066,2217945,1.151997006237756,,,,,35902,106082,0.3384363039912521,1,1,REUSED_E4,REUSED_E4,E4_REUSED,E4_REUSED,0,0,SAT,SAT,6.33151445600015,29.349039225002343,99f775a7c67b657e369d046c68792937ff0f73717b5b17742d02a00b608aa8eb,e68adb8101ea128ac38b0d364e0d65556e4cedf2cb2055c503a9fdfc033ff570
b3,weakening/weaken_consequent/weaken_consequent_10_50_50.trace,weakening,afbf8784ce29f36c4e7dae808b5867c11864c6c4a051f10024413f436d244db0,18,3,0,11,1.6363636363636365,3,50,50,10,10,10.0,OfficialWeakeningConsequent,MIN_EXPANDED_SIZE,False,15,109,169,109,7,0.0,0,7,8,21278,39843,830503,953358,0.8711344531644986,2836216,2415123,1.1743567511882418,,,,,39562,108520,0.36455952819756726,1,1,REUSED_E4,REUSED_E4,E4_REUSED,E4_REUSED,0,0,SAT,SAT,8.028488315998402,25.405182069000148,a1e5880d9dd6127a7b687fee0176369bd862a24781074840740a1e83ffa96c33,98afc69829261a60b34e6d39c39cc185b82ccb331887d0e12fb515624c72a1b2
b3,weakening/weaken_consequent/weaken_consequent_10_55_55.trace,weakening,d88fd4b5ed2d82aaf60b31716077c1d0e271472606f1f6bcfb105b018d85f1b8,18,3,0,11,1.6363636363636365,3,55,55,10,10,10.0,OfficialWeakeningConsequent,MIN_EXPANDED_SIZE,False,15,109,169,109,7,0.0,0,7,8,23378,42978,912573,1031365,0.8848206018237966,3117366,2603010,1.197600470224855,,,,,43222,113149,0.38199188680412555,1,1,REUSED_E4,REUSED_E4,E4_REUSED,E4_REUSED,0,0,SAT,SAT,9.302381593999598,24.37929872099994,a1132f7976e1d3e30af570d78798f91e1e0417b499d2b236163aa0f13ac9b0fe,841431ff080f3f910a39493b654bc801de3d4d27adb0739ac6ec01ad5cba9f07
b3,weakening/weaken_consequent/weaken_consequent_10_5_5.trace,weakening,648a67066d404d92c9eb11b63d458b078bfe009a0723e396377e306912622544,18,3,0,11,1.6363636363636365,3,5,5,10,10,10.0,OfficialWeakeningConsequent,MIN_EXPANDED_SIZE,False,15,109,169,109,7,0.0,0,7,8,2378,10143,91873,220108,0.41739964017664055,305866,640897,0.47724673387455396,,,,,6632,86214,0.07692486139142135,1,1,REUSED_E4,REUSED_E4,E4_REUSED,E4_REUSED,0,0,SAT,SAT,2.0077438359985535,12.66125294900121,50c88069326a35511a2dc6e50fe53bac61f68af13e67778eecde7e74d90faab8,d25f5158dc89ae9228e150af829e7aa4a1792747291bc7695b50d5921a92e18c
b3,weakening/weaken_consequent/weaken_consequent_10_60_60.trace,weakening,f2cbe5aaae743b9dc6063338f8505b6545de5c0000d10ebabd273d843d973980,18,3,0,11,1.6363636363636365,3,60,60,10,10,10.0,OfficialWeakeningConsequent,MIN_EXPANDED_SIZE,False,15,109,169,109,7,0.0,0,7,8,25478,46443,994643,1116554,0.8908149538669872,3398516,2809751,1.20954347911968,,,,,46882,113789,0.4120081905983882,1,1,REUSED_E4,REUSED_E4,E4_REUSED,E4_REUSED,0,0,SAT,SAT,9.414470356001402,32.03829590100213,643cd75ce6d9019b9717758679537ac57cd53f34e01bd22338e452d4ff6655c1,ad0ba0e6f59ebd8e9f4a2023b37328d08382ef80bdd8a6ea654f5f6a384ebf54
b3,weakening/weaken_consequent/weaken_consequent_10_65_65.trace,weakening,4d96ec9dc3acce7d8f85ca0c3686ed222e2362b73020e3e8a8752aab50ba1772,18,3,0,11,1.6363636363636365,3,65,65,10,10,10.0,OfficialWeakeningConsequent,MIN_EXPANDED_SIZE,False,15,109,169,109,7,0.0,0,7,8,27578,49743,1076713,1197972,0.898779771146571,3679666,3006849,1.2237614858611123,,,,,50542,115919,0.43601135275494096,1,1,REUSED_E4,REUSED_E4,E4_REUSED,E4_REUSED,0,0,SAT,SAT,9.997467459998006,36.19429108899931,033a79b10fdcf0437abaf868f2c9efbc372633d3868f5a870a5855bd1da70ca7,f62d6760808c92baeed12a5a2e03aa67a691604bcc28773da80467ff45c89d96
b3,weakening/weaken_consequent/weaken_consequent_10_70_70.trace,weakening,dd6e63ef5679bfd0de937eff3cb920c4fac41509f0693889f0eff39fe2b358ba,18,3,0,11,1.6363636363636365,3,70,70,10,10,10.0,OfficialWeakeningConsequent,MIN_EXPANDED_SIZE,False,15,109,169,109,7,0.0,0,7,8,29678,53043,1158783,1279198,0.9058668009174499,3960816,3203683,1.2363320590707632,,,,,54202,118128,0.45884125694162264,1,1,REUSED_E4,REUSED_E4,E4_REUSED,E4_REUSED,0,0,SAT,SAT,11.506376061999617,37.07797508499789,b23d226ca83df9fce628c2aa5e55fe5baf034f917290edb1e77db8903d6cf493,82051aaa3611cf7cec7d6118fa86415557bb8157f746c3702901ea0b02f677d0
b3,weakening/weaken_consequent/weaken_consequent_10_75_75.trace,weakening,a9264ba7a63670b26389af1d2d5346b75f955126e0f2a05351f4e6f17d6dd630,18,3,0,11,1.6363636363636365,3,75,75,10,10,10.0,OfficialWeakeningConsequent,MIN_EXPANDED_SIZE,False,15,109,169,109,7,0.0,0,7,8,31778,56343,1240853,1360968,0.9117429653011679,4241966,3401133,1.2472214406199347,,,,,57862,120853,0.4787800054611801,1,1,REUSED_E4,REUSED_E4,E4_REUSED,E4_REUSED,0,0,SAT,SAT,11.234434382000472,31.619816922997416,155b2bfbacb4141274f418d0e4ef01b88cb0cc9354a265fc80db65ebfaa199d2,8f426c67e825a51f49ee9b482be4bdb0222f6b8c4dba282cdd789ad78d2cfc28
b3,weakening/weaken_consequent/weaken_consequent_10_80_80.trace,weakening,c4b165b1a621a8218ee3e297acebadafb3d4459ecf2e5640ae7664f32ded2a06,18,3,0,11,1.6363636363636365,3,80,80,10,10,10.0,OfficialWeakeningConsequent,MIN_EXPANDED_SIZE,False,15,109,169,109,7,0.0,0,7,8,33878,59478,1322923,1438767,0.919483835812192,4523116,3588668,1.2603885341302121,,,,,61522,126050,0.4880761602538675,1,1,REUSED_E4,REUSED_E4,E4_REUSED,E4_REUSED,0,0,SAT,SAT,11.568750859998545,34.092850206998264,03ea96689b1b6b3e58a889ff621f6d9b2dfa999d5416f3e90d12b22180246147,5fc683386710a8e8606f166364d073a4bf19eef556e3314bb00b2d224e634de5
b3,weakening/weaken_consequent/weaken_consequent_10_85_85.trace,weakening,7aa55051300d2220c06e0b5b806ca04beff81417c670fa2ad42df15843f0bdc1,18,3,0,11,1.6363636363636365,3,85,85,10,10,10.0,OfficialWeakeningConsequent,MIN_EXPANDED_SIZE,False,15,109,169,109,7,0.0,0,7,8,35978,62943,1404993,1523804,0.9220299986087449,4804266,3795473,1.2657884801182884,,,,,65182,126073,0.5170179181902549,1,1,REUSED_E4,REUSED_E4,E4_REUSED,E4_REUSED,0,0,SAT,SAT,12.96982724999907,33.28207044100054,46804afbb04f2505ebd2f26b7f9cef4beb159467f5a8f8345a366d37c8c454aa,5888e0980318532669dd72e487fae87d8ef0546ba81e56d9363fbb1fd2b44cd1
b3,weakening/weaken_consequent/weaken_consequent_10_90_90.trace,weakening,b54e8d4aceb6c9279c42c8d005db04296075ab90203596024b08cb32fc2724ee,18,3,0,11,1.6363636363636365,3,90,90,10,10,10.0,OfficialWeakeningConsequent,MIN_EXPANDED_SIZE,False,15,109,169,109,7,0.0,0,7,8,38078,66243,1487063,1605262,0.9263677829538106,5085416,3992539,1.2737298245552517,,,,,68842,128529,0.5356145305728668,1,1,REUSED_E4,REUSED_E4,E4_REUSED,E4_REUSED,0,0,SAT,SAT,13.243258322996553,40.642023761996825,eb28682608bd265a5a8031705c9a555d987a386c74b6df3e58160b58d6fa061b,0bce4d539b69aa61a2b749df656793db6f228db7823e3d9239b47aedab6fe433
b3,weakening/weaken_consequent/weaken_consequent_10_95_95.trace,weakening,cacc2bd3797939ea41759b9e20f7e0d8af2da0e2537c8f1b39e7f86a3b79f661,18,3,0,11,1.6363636363636365,3,95,95,10,10,10.0,OfficialWeakeningConsequent,MIN_EXPANDED_SIZE,False,15,109,169,109,7,0.0,0,7,8,40178,69543,1569133,1686736,0.9302777672380266,5366566,4189621,1.280919204863638,,,,,72502,131486,0.5514047122887608,1,1,REUSED_E4,REUSED_E4,E4_REUSED,E4_REUSED,0,0,SAT,SAT,15.221252987001208,42.591856613002165,55647cbb71b9f9e27f1c8362c5dcdee377d6a38b3adc17d4dabc87d7db6ffeac,a7250bd4b8a000c98171485fea51b23efe574ef3bf1fa29499454018ce8b00a2
b3,weakening/weaken_consequent/weaken_consequent_15_10_10.trace,weakening,527d1c79dca0a4dfc73bccd7b8a09eb27181ee9733827cfded8b0331bb0c5b73,18,3,0,11,1.6363636363636365,3,10,10,15,15,15.0,OfficialWeakeningConsequent,MIN_EXPANDED_SIZE,False,15,109,169,109,7,0.0,0,7,8,8078,16743,423943,371170,1.1421801330926529,1515116,1023639,1.4801272714306508,,,,,13381,90174,0.14839088872624037,1,1,REUSED_E4,REUSED_E4,E4_REUSED,E4_REUSED,0,0,SAT,SAT,3.9329081989999395,13.80560063500161,54a3418a637261c4866c8057ba87b51e9424468de7a93e11df91c3fa399a7f4f,b3e2f284eaeca2c96b32c7f6f1954ba0eb14648d8aabb287a301ddc5369b08c3
b3,weakening/weaken_consequent/weaken_consequent_20_10_10.trace,weakening,a6828e17467ccfba3c4892b13af14eae77c56764981c5c6fedae665fc99b4eb0,18,3,0,11,1.6363636363636365,3,10,10,20,20,20.0,OfficialWeakeningConsequent,MIN_EXPANDED_SIZE,False,15,109,169,109,7,0.0,0,7,8,12678,20043,1037343,440662,2.3540559431037846,3852416,1209131,3.186103077334052,,,,,16461,91497,0.179907537952064,1,1,REUSED_E4,REUSED_E4,E4_REUSED,E4_REUSED,0,0,SAT,SAT,10.312198651001381,14.431103759001417,40afa3eb224a8394798199778e4eb7233ed84154388042a521e6b2d82fa9d44b,410fda8a5f07a426eb39780a69b3a49b352fa62bdb37f0b604961a5de4f461e0
b3,weakening/weaken_consequent/weaken_consequent_25_10_10.trace,weakening,86f99f65fdbbca16ebbbae53d1d26468647cf5f845acb40fc6064f556896194e,18,3,0,11,1.6363636363636365,3,10,10,25,25,25.0,OfficialWeakeningConsequent,MIN_EXPANDED_SIZE,False,15,109,169,109,7,0.0,0,7,8,18278,23343,1890443,510170,3.705515808456005,7143316,1394639,5.121982104329508,,,,,19541,93155,0.20976866512801245,1,1,REUSED_E4,REUSED_E4,E4_REUSED,E4_REUSED,0,0,SAT,SAT,14.647690861002047,12.306705078997766,adaf76a067217965689403714f69091099fff7c4aa561914f0fe8263e0a7bab1,b82a6241b63632b5995b241ad033bdf140b284fd079f7deb2389eb2328ae71f8
b3,weakening/weaken_consequent/weaken_consequent_30_10_10.trace,weakening,3d42d88c0941627c380e2af47f0038693423aaab6c4080fef168dee15df86405,18,3,0,11,1.6363636363636365,3,10,10,30,30,30.0,OfficialWeakeningConsequent,MIN_EXPANDED_SIZE,False,15,109,169,109,7,0.0,0,7,8,24878,26643,3132043,579654,5.40329748436136,11967716,1580123,7.573914182630086,,,,,22621,94806,0.23860304200156107,1,1,REUSED_E4,REUSED_E4,E4_REUSED,E4_REUSED,0,0,SAT,SAT,22.940960690000793,14.485693530998105,783b90fd9446adda25e2a6898ce156ecaecac0fc81bd7d48a213c0933faa12f0,290f2b9c1a8e047b50acc22db90ce3071c629bfcf21f1414f24a19c3cf774114
b3,weakening/weaken_consequent/weaken_consequent_35_10_10.trace,weakening,c4c5301393e2f6cdc29a26b4b0d4191eda1928bc582fbecce0e36d5b5c5f8e97,18,3,0,11,1.6363636363636365,3,10,10,35,35,35.0,OfficialWeakeningConsequent,MIN_EXPANDED_SIZE,False,15,109,169,109,7,0.0,0,7,8,32478,29943,5730343,649162,8.827292725082492,22113716,1765631,12.524539952005826,,,,,25701,95970,0.2678024382619569,1,1,REUSED_E4,REUSED_E4,E4_REUSED,E4_REUSED,0,0,SAT,SAT,48.087307349000184,17.134542951000185,bea67dee4661711e4724624c47489dd5fffe01e5a3761ba88a8636675d6fec26,d33ba62cdfd8af58787bbdd9f4e41a4d11843e8cca444621c680cbb307e059fe
b3,weakening/weaken_consequent/weaken_consequent_40_10_10.trace,weakening,44afafa1a03d980f2c15c8d4c93f7621bf95406f52a9042ca772c34765f942c6,18,3,0,11,1.6363636363636365,3,10,10,40,40,40.0,OfficialWeakeningConsequent,MIN_EXPANDED_SIZE,False,15,109,169,109,7,0.0,0,7,8,41078,33243,8407543,718670,11.698753252535935,32613416,1951139,16.71506540538629,,,,,28781,97340,0.2956749537702897,1,1,REUSED_E4,REUSED_E4,E4_REUSED,E4_REUSED,0,0,SAT,SAT,95.71458356600124,18.22464648299865,527cafb146e6b8a6c06f76c5a7f74b7c8c04708962b8c519ce518bbd1c15fc60,f93ed5f51379a1fa9c0835001fd7b24c2d0784e94987b2a7c673c4b2c7bdd073
b3,weakening/weaken_consequent/weaken_consequent_45_10_10.trace,weakening,d737901d8f018a1c08e002e91886ae5698fca92b4b6bf0f269cdd7802de407da,18,3,0,11,1.6363636363636365,3,10,10,45,45,45.0,OfficialWeakeningConsequent,MIN_EXPANDED_SIZE,False,15,109,169,109,7,0.0,0,7,8,,36543,,788090,,,2136559,,,,,,31861,98362,0.32391573981822247,1,1,TIMEOUT,REUSED_E4,TRANSLATE_ONLY,E4_REUSED,1,0,TIMEOUT,SAT,180.3267761060015,14.875297883001622,404a0d6a2cb95c0486e6445a96b2d96353b83c9f2e53fccf5487cde6823ef6b4,ef63eebef8efe8c3b6369d58ab74a22ebf00afa8bd966b80d8547d1217396b9f
b3,weakening/weaken_consequent/weaken_consequent_50_10_10.trace,weakening,2e2c6fc839f779bbb264f7bada7c1af649e566c9ddbd4489e955b4bd8e844bc1,18,3,0,11,1.6363636363636365,3,10,10,50,50,50.0,OfficialWeakeningConsequent,MIN_EXPANDED_SIZE,False,15,109,169,109,7,0.0,0,7,8,,39843,,857638,,,2322107,,,,,,34941,100217,0.3486534220740992,1,1,TIMEOUT,REUSED_E4,TRANSLATE_ONLY,E4_REUSED,1,0,TIMEOUT,SAT,180.3076199829993,20.36887817400202,25c6b667220463c2150fef51754a7a0d18782a0d8bba747f47642c0074764007,f9a35883f682805041bb5a79226f256d72be12d5dd8d5ca4334981b0f5a90ffe
b3,weakening/weaken_consequent/weaken_consequent_55_10_10.trace,weakening,ba34617e41e5dbf54dc15ae33f459d5f700fd252488ef59b16ec6f0bd85702b2,18,3,0,11,1.6363636363636365,3,10,10,55,55,55.0,OfficialWeakeningConsequent,MIN_EXPANDED_SIZE,False,15,109,169,109,7,0.0,0,7,8,,43143,,927162,,,2507631,,,,,,38021,101819,0.3734175350376649,1,1,TIMEOUT,REUSED_E4,TRANSLATE_ONLY,E4_REUSED,1,0,TIMEOUT,SAT,180.3373252320016,21.96443696999995,3f6ca53512ad0e60109e53748702fd6b5e0fd6a5f4a633e5b1b6e41976454578,b685746adba9baabd34adc3afb04ef83cd747fc8af86f39c72a18492fba039ab
b3,weakening/weaken_consequent/weaken_consequent_5_10_10.trace,weakening,1c2fdebb5c282beeda362b1dd2f771fcbade6cef47e011bc64f3934df3065609,18,3,0,11,1.6363636363636365,3,10,10,5,5,5.0,OfficialWeakeningConsequent,MIN_EXPANDED_SIZE,False,15,109,169,109,7,0.0,0,7,8,1878,10143,52543,231786,0.22668754799685917,158216,652159,0.24260341419807133,,,,,7517,87562,0.08584774217126151,1,1,REUSED_E4,REUSED_E4,E4_REUSED,E4_REUSED,0,0,SAT,SAT,1.6651200119995337,12.356426943002589,0747031b5c6caf0283f6a3c9675e1b03c3f11f9c778ed327ec6e2032622dfaf8,15dfd3e10975f5ec0ce3042100725b3ff3e2a9f3260387e98733b86c0e9cd9d0
b3,weakening/weaken_consequent/weaken_consequent_60_10_10.trace,weakening,d6fabd3c8467e4a7e0e8ab65f1917f172c44f6874abdc1425a5eaca124d2fada,18,3,0,11,1.6363636363636365,3,10,10,60,60,60.0,OfficialWeakeningConsequent,MIN_EXPANDED_SIZE,False,15,109,169,109,7,0.0,0,7,8,,46443,,996670,,,2693139,,,,,,41101,102972,0.3991473410247446,1,1,TIMEOUT,REUSED_E4,TRANSLATE_ONLY,E4_REUSED,1,0,TIMEOUT,SAT,180.3355646209966,23.208218838000903,bfeb470f56254974b36bf187e8778fd3aea9870549ac96cdf943b49eea6a7184,b610d555c191be812298c4cc18cfc6d117d29f7e2c4f2b37fe80c7b689933a69
b3,weakening/weaken_consequent/weaken_consequent_65_10_10.trace,weakening,8682219a1e88107e3a694a1aef6111f979939a7ffd7c513d7d6b151d0c746d23,18,3,0,11,1.6363636363636365,3,10,10,65,65,65.0,OfficialWeakeningConsequent,MIN_EXPANDED_SIZE,False,15,109,169,109,7,0.0,0,7,8,,49743,,1066130,,,2878599,,,,,,44181,104532,0.4226552634599931,1,1,TIMEOUT,REUSED_E4,TRANSLATE_ONLY,E4_REUSED,1,0,TIMEOUT,SAT,180.35754821199953,23.675560509000206,243b8c167f3f2dd1c23c0d3167f2b1b74d00cf1d87cda99011d0606a38ec19a8,30f3348ef74260f74496f09f3fdf238c16dd74f6e4fe68700a9d91565163ab2d
b3,weakening/weaken_consequent/weaken_consequent_70_10_10.trace,weakening,536daeb88c0f01df49ee57825ce8c3b7f7ece712e80bb47e2afb76944bee6e2a,18,3,0,11,1.6363636363636365,3,10,10,70,70,70.0,OfficialWeakeningConsequent,MIN_EXPANDED_SIZE,False,15,109,169,109,7,0.0,0,7,8,,53043,,1135654,,,3064123,,,,,,47261,105858,0.4464565739008861,1,1,TIMEOUT,REUSED_E4,TRANSLATE_ONLY,E4_REUSED,1,0,TIMEOUT,SAT,180.33184978899953,24.96581481999965,bc5497d1045cccb9587d142b06bafc595f87052fdae530567d6f294a51ffcb6b,69cf8eadbbe713124e94523da60840e60d560181ac502f7ebb72edc95bf147f5
b3,weakening/weaken_consequent/weaken_consequent_75_10_10.trace,weakening,b23d468c7148ff8f9bf206a19980408f5ee2e7afb5fd4f3aa68f01919400cd1e,18,3,0,11,1.6363636363636365,3,10,10,75,75,75.0,OfficialWeakeningConsequent,MIN_EXPANDED_SIZE,False,15,109,169,109,7,0.0,0,7,8,,56343,,1205170,,,3249639,,,,,,50341,107600,0.4678531598513011,1,1,TIMEOUT,REUSED_E4,TRANSLATE_ONLY,E4_REUSED,1,0,TIMEOUT,SAT,180.31782156699774,26.629851174999203,508859e92a4934f6b32322e9676a02b474be529042e1f41c81da3310afc7e9dc,b0a33ac1a70b4fcc9f921c16a3fd6f2c4cd7a429214fef4ad8e761151004cdcc
b3,weakening/weaken_consequent/weaken_consequent_80_10_10.trace,weakening,4e6d871d660393a5167cb3095b33b23d36e45370bbad1a6c79c058438aa312e5,18,3,0,11,1.6363636363636365,3,10,10,80,80,80.0,OfficialWeakeningConsequent,MIN_EXPANDED_SIZE,False,15,109,169,109,7,0.0,0,7,8,,59643,,1274662,,,3435131,,,,,,53421,108477,0.49246384026106915,1,1,TIMEOUT,REUSED_E4,TRANSLATE_ONLY,E4_REUSED,1,0,TIMEOUT,SAT,180.38913865599898,21.179419317002612,a7a3c91a5dbe2b6e6eda3f9dfbd8359b036bb2134d7521a9bb3995c5028923c9,5b27a87cf5c143090f7f89d61db49c98a2e6a01aa3f7bdb0ecdf5210bcc8e003
b3,weakening/weaken_consequent/weaken_consequent_85_10_10.trace,weakening,33aead5ade5e6fd9fb39f43dfedbce107e7ffbbac3937df21110b74ca96ff57a,18,3,0,11,1.6363636363636365,3,10,10,85,85,85.0,OfficialWeakeningConsequent,MIN_EXPANDED_SIZE,False,15,109,169,109,7,0.0,0,7,8,,62943,,1344162,,,3620631,,,,,,56501,110384,0.5118586026960429,1,1,TIMEOUT,REUSED_E4,TRANSLATE_ONLY,E4_REUSED,1,0,TIMEOUT,SAT,180.30281442399792,28.335403971999767,5e708b7d1d175b6631f1d821b3a9b068b4b3aa75b4b3e061b3cf79a29ebe886e,f59965724b55904c877f445ed38e78d954105f14b3b0536da02c17b18971cda5
b3,weakening/weaken_consequent/weaken_consequent_90_10_10.trace,weakening,65b09948e3207b84c13eb53712052464e9bf28e5593098ccbeb8c87af0b12ea2,18,3,0,11,1.6363636363636365,3,10,10,90,90,90.0,OfficialWeakeningConsequent,MIN_EXPANDED_SIZE,False,15,109,169,109,7,0.0,0,7,8,,66243,,1413638,,,3806107,,,,,,59581,110895,0.537273997925966,1,1,TIMEOUT,REUSED_E4,TRANSLATE_ONLY,E4_REUSED,1,0,TIMEOUT,SAT,180.32280593999894,27.313279420999606,62225ece9ba04f92b4a2a79f669cf40f67fb31cebb4af72f7f21e6de339bb0fd,f4dccf02b2357b2a1d0b4095ae4ff3c8ef7dd8ee96d429cf53221ca0b94ea16a
b3,weakening/weaken_consequent/weaken_consequent_95_10_10.trace,weakening,026c828bf9d504c33bdbd1d72ccbba0d1e2201c795082e0db1ba8ec94684d9bc,18,3,0,11,1.6363636363636365,3,10,10,95,95,95.0,OfficialWeakeningConsequent,MIN_EXPANDED_SIZE,False,15,109,169,109,7,0.0,0,7,8,,69543,,1483170,,,3991639,,,,,,62661,112805,0.5554806967776251,1,1,TIMEOUT,REUSED_E4,TRANSLATE_ONLY,E4_REUSED,1,0,TIMEOUT,SAT,180.27846299000157,32.63042926200069,b6e74ebb78d62744415ae95684355ef6dd62c57af3fa0483de9775931d27d3dd,f5ca8bf2571689f9c452509148abb35eecb1f0209f772a64fe2ca8fb864b16a2
