batch,task,family,method,inputSha256,sourceCommit,B,b,p,K,numAP,positiveTraces,negativeTraces,minTraceLength,maxTraceLength,meanTraceLength,constraintFeatures,objectiveKind,e4Status,e4WallSec,e4Verification,metricStatus,metricSource,rq2Attempts,primaryVars,vars,backendTotalClauses,hardClauses,softClauses,modelBytes,modelCount,modelSha256,qStates,fiberCatalogSize,unquotientedFiberCount,encodedFiberCount,costScope,selectedFiberCount,meanRepresentativeLength,maxRepresentativeLength,activeAnchors,activeMacroEdges,error,translationWallSec
b2,5to10Traces/0000.trace,5to10Traces,atlas-b,77fb428a069a6f5b21aeed975b428548a2642a5226f0e4c2e2ac284777a8614b,0ef52dddff9ea1c4f1d65b34f23e7b528a2f8e9e,5,2,0,5,2,5,5,5,5,5.0,,MIN_EXPANDED_SIZE,SAT,1.3727129569997487,PASSED,REUSED_E4,E4_REUSED,0,747,38395,121118,,,4354,1,36b3a991721435ede8921641af50e19b54d75775ede883f2ae9ba026e63bd70d,,,,,5,,,,,,,0
b2,5to10Traces/0000.trace,5to10Traces,macro,77fb428a069a6f5b21aeed975b428548a2642a5226f0e4c2e2ac284777a8614b,0ef52dddff9ea1c4f1d65b34f23e7b528a2f8e9e,5,2,0,5,2,5,5,5,5,5.0,,MIN_EXPANDED_SIZE,SAT,2.01962475099981,PASSED,REUSED_E4,E4_REUSED,0,1602,49172,100564,,,36638,1,3cd4f8c6937ef12d68f4a365f4e4ed93699046adfa72c3e23dfa8bdca3cceea8,1,28,44,26,5,1,2.0,2,1,1,,0
b2,5to10Traces/0002.trace,5to10Traces,atlas-b,eb40501cc06da1eccd73b8b511a5d40674abeffa8794fa8e717e0fabc662a9eb,0ef52dddff9ea1c4f1d65b34f23e7b528a2f8e9e,5,2,0,5,2,25,25,5,5,5.0,,MIN_EXPANDED_SIZE,SAT,2.681924471000457,PASSED,REUSED_E4,E4_REUSED,0,3147,182794,579857,,,11784,1,a21f2d4aab87f78b97abf7541249bef1a4d9c013175bf54fdc0ef49a7fc4e175,,,,,5,,,,,,,0
b2,5to10Traces/0002.trace,5to10Traces,macro,eb40501cc06da1eccd73b8b511a5d40674abeffa8794fa8e717e0fabc662a9eb,0ef52dddff9ea1c4f1d65b34f23e7b528a2f8e9e,5,2,0,5,2,25,25,5,5,5.0,,MIN_EXPANDED_SIZE,SAT,4.9471814619998895,PASSED,REUSED_E4,E4_REUSED,0,5208,236718,474168,,,57743,1,f8167b1c80e190e265b9e4085d4b0074c356a39f2ea9818b65e1872828b72428,1,32,44,28,5,1,2.0,2,1,1,,0
b2,5to10Traces/0003.trace,5to10Traces,atlas-b,6f39abe0295506c074ecc2d2ca624dbabd9e790cd4e32e2376c334e22c74ed0b,0ef52dddff9ea1c4f1d65b34f23e7b528a2f8e9e,5,2,0,5,2,1,25,10,10,10.0,,MIN_EXPANDED_SIZE,SAT,4.130317978000676,PASSED,REUSED_E4,E4_REUSED,0,4567,388266,1325516,,,9734,1,b3aedbd97722d584066a8d5b3bff9198faa99453d1138e0d08b5858a438da61f,,,,,5,,,,,,,0
b2,5to10Traces/0003.trace,5to10Traces,macro,6f39abe0295506c074ecc2d2ca624dbabd9e790cd4e32e2376c334e22c74ed0b,0ef52dddff9ea1c4f1d65b34f23e7b528a2f8e9e,5,2,0,5,2,1,25,10,10,10.0,,MIN_EXPANDED_SIZE,SAT,4.533624872000473,PASSED,REUSED_E4,E4_REUSED,0,6111,263090,615606,,,66247,1,f14460d53b11b31e706715a21aa7414c361eec1c29cc2672edd568490caf9e59,1,34,44,28,5,1,2.0,2,1,1,,0
b2,5to10Traces/0004.trace,5to10Traces,atlas-b,05629bb4f6035f93350157aa5f7d9a45ae7afd501c1d9cfe01c1c67a1b471a14,0ef52dddff9ea1c4f1d65b34f23e7b528a2f8e9e,5,2,0,5,2,50,50,5,5,5.0,,MIN_EXPANDED_SIZE,SAT,4.515630896000403,PASSED,REUSED_E4,E4_REUSED,0,6147,363281,1153269,,,21064,1,6f386fce860d85d94ed5bf2cd48a47184e994ca5427e974ae97a25cbc7763b04,,,,,5,,,,,,,0
b2,5to10Traces/0004.trace,5to10Traces,macro,05629bb4f6035f93350157aa5f7d9a45ae7afd501c1d9cfe01c1c67a1b471a14,0ef52dddff9ea1c4f1d65b34f23e7b528a2f8e9e,5,2,0,5,2,50,50,5,5,5.0,,MIN_EXPANDED_SIZE,SAT,8.081105343000218,PASSED,REUSED_E4,E4_REUSED,0,9030,437799,878086,,,70255,1,23f11b2bf1d4efb8cca830af3a2beec7c72ade70f15f9033cc803a0ad248669d,1,32,44,28,5,1,2.0,2,1,1,,0
b2,5to10Traces/0005.trace,5to10Traces,atlas-b,660a589b506704d37a8541151f8c604018739a7d81f670e47eb3eaa1c1d4d439,0ef52dddff9ea1c4f1d65b34f23e7b528a2f8e9e,5,2,0,5,2,2,50,10,10,10.0,,MIN_EXPANDED_SIZE,SAT,6.6359818910000286,PASSED,REUSED_E4,E4_REUSED,0,8987,774237,2644600,,,16909,1,4893443fad245e9a97ab76368d14c06dfa045077b477bb8932c82b009a6ddff7,,,,,5,,,,,,,0
b2,5to10Traces/0005.trace,5to10Traces,macro,660a589b506704d37a8541151f8c604018739a7d81f670e47eb3eaa1c1d4d439,0ef52dddff9ea1c4f1d65b34f23e7b528a2f8e9e,5,2,0,5,2,2,50,10,10,10.0,,MIN_EXPANDED_SIZE,SAT,10.412136991000125,PASSED,REUSED_E4,E4_REUSED,0,11319,525155,1221659,,,92804,1,2545f2caecd11acd7ab7ad6370924137b725f669fe41502b5c310fea24b9731d,1,34,44,28,5,1,2.0,2,1,1,,0
b2,5to10Traces/0006.trace,5to10Traces,atlas-b,7d3075244c5bbbe213fc317b55abec9af8071310f9d4db6cd3ae780bfd8366dd,0ef52dddff9ea1c4f1d65b34f23e7b528a2f8e9e,5,2,0,5,2,75,75,5,5,5.0,,MIN_EXPANDED_SIZE,SAT,5.670750630000839,PASSED,REUSED_E4,E4_REUSED,0,9147,543780,1726695,,,30364,1,ad7cf3cc442e901d3e11321ee3b8f074889103d2ad0dc41884fbc5e68a4f4ad8,,,,,5,,,,,,,0
b2,5to10Traces/0006.trace,5to10Traces,macro,7d3075244c5bbbe213fc317b55abec9af8071310f9d4db6cd3ae780bfd8366dd,0ef52dddff9ea1c4f1d65b34f23e7b528a2f8e9e,5,2,0,5,2,75,75,5,5,5.0,,MIN_EXPANDED_SIZE,SAT,10.76428891500018,PASSED,REUSED_E4,E4_REUSED,0,12768,631974,1258272,,,76290,1,651a3907e315cba92094c20d0baf9131b0b245053c8d8e68318e6bcb4e7acad0,1,32,44,28,5,1,2.0,2,1,1,,0
b2,5to10Traces/0007.trace,5to10Traces,atlas-b,18f49d7822132d05f1d4bb6e2811d77950778ba815b21d52c8366d09efeb63b2,0ef52dddff9ea1c4f1d65b34f23e7b528a2f8e9e,5,2,0,5,2,7,75,10,10,10.0,,MIN_EXPANDED_SIZE,SAT,10.914950995999789,PASSED,REUSED_E4,E4_REUSED,0,14087,1219587,4166615,,,25184,1,b2906b8a4ae24d6876a961905ff0d9904619e751194e516b610f413fd22a72c2,,,,,5,,,,,,,0
b2,5to10Traces/0007.trace,5to10Traces,macro,18f49d7822132d05f1d4bb6e2811d77950778ba815b21d52c8366d09efeb63b2,0ef52dddff9ea1c4f1d65b34f23e7b528a2f8e9e,5,2,0,5,2,7,75,10,10,10.0,,MIN_EXPANDED_SIZE,SAT,10.661449472000186,PASSED,REUSED_E4,E4_REUSED,0,17493,824467,1939151,,,110806,1,b96514fdb86ebc1dc06f99a0ae9ac595810c2c41fba6a7dee6ffc97076660572,1,34,44,28,5,1,2.0,2,1,1,,0
b2,5to10Traces/0008.trace,5to10Traces,atlas-b,41fc8b607a7d2187795688c08a2796236044c4aecfef14332076b60f8e493d1b,0ef52dddff9ea1c4f1d65b34f23e7b528a2f8e9e,5,2,0,5,2,100,100,5,5,5.0,,MIN_EXPANDED_SIZE,SAT,7.987452383000345,PASSED,REUSED_E4,E4_REUSED,0,12147,724282,2300122,,,39674,1,730daa098ce658f7c44de45e18c6bfd2fc4b5769d45437401057615132907178,,,,,5,,,,,,,0
b2,5to10Traces/0008.trace,5to10Traces,macro,41fc8b607a7d2187795688c08a2796236044c4aecfef14332076b60f8e493d1b,0ef52dddff9ea1c4f1d65b34f23e7b528a2f8e9e,5,2,0,5,2,100,100,5,5,5.0,,MIN_EXPANDED_SIZE,SAT,17.782749059999333,PASSED,REUSED_E4,E4_REUSED,0,16842,856000,1727932,,,82590,1,fbfef85784c942099bbf9610b45a6b40125ada9319728026be58a1d6f498ab46,1,32,44,28,5,1,2.0,2,1,1,,0
b2,5to10Traces/0009.trace,5to10Traces,atlas-b,1fa2c89971eb9bf85ddb1903d4936d8b6807ddd6862da4db6a33713d919f22f9,0ef52dddff9ea1c4f1d65b34f23e7b528a2f8e9e,5,2,0,5,2,5,100,10,10,10.0,,MIN_EXPANDED_SIZE,SAT,12.560354598999993,PASSED,REUSED_E4,E4_REUSED,0,17997,1561022,5333499,,,31534,1,6180a123fa925b6ce2abe35ba8968f8caafd72c835fd996141a96bedd1e2bf57,,,,,5,,,,,,,0
b2,5to10Traces/0009.trace,5to10Traces,macro,1fa2c89971eb9bf85ddb1903d4936d8b6807ddd6862da4db6a33713d919f22f9,0ef52dddff9ea1c4f1d65b34f23e7b528a2f8e9e,5,2,0,5,2,5,100,10,10,10.0,,MIN_EXPANDED_SIZE,SAT,16.636009619000106,PASSED,REUSED_E4,E4_REUSED,0,22071,1039313,2415842,,,120168,1,9a2de47f6c49b23847aad7de0f7611a3bace5bbb8c86c17ab36e176369cf4508,1,34,44,28,5,1,2.0,2,1,1,,0
b2,5to10Traces/0010.trace,5to10Traces,atlas-b,2c8d5f6b675827a4d0fc5a57c97b8c99adfd9886e1aee9ccba5b50f656dad98c,0ef52dddff9ea1c4f1d65b34f23e7b528a2f8e9e,5,2,0,5,2,125,125,5,5,5.0,,MIN_EXPANDED_SIZE,SAT,10.823322652999991,PASSED,REUSED_E4,E4_REUSED,0,15147,904772,2873537,,,49014,1,e81c5cc7a71fae86d57a7e6b32838625c1ff9a9d7f14da087543d0dd4a35d721,,,,,5,,,,,,,0
b2,5to10Traces/0010.trace,5to10Traces,macro,2c8d5f6b675827a4d0fc5a57c97b8c99adfd9886e1aee9ccba5b50f656dad98c,0ef52dddff9ea1c4f1d65b34f23e7b528a2f8e9e,5,2,0,5,2,125,125,5,5,5.0,,MIN_EXPANDED_SIZE,SAT,18.472751777999974,PASSED,REUSED_E4,E4_REUSED,0,20391,1028512,2061660,,,84765,1,5f4d8f7d737b811e4a83221a9d503d9c7414d9fb80e13b47b6852095b0b7abac,1,32,44,28,5,1,2.0,2,1,1,,0
b2,5to10Traces/0011.trace,5to10Traces,atlas-b,e38bf3e3c82d45a788e109824513c902af600af42cf5fa633e528c6fba782796,0ef52dddff9ea1c4f1d65b34f23e7b528a2f8e9e,5,2,0,5,2,8,125,10,10,10.0,,MIN_EXPANDED_SIZE,SAT,22.443718737999916,PASSED,REUSED_E4,E4_REUSED,0,22757,1976682,6754048,,,39284,1,21fc8e29f24a7cc196f31af12347a5ce081a2f7781bc58273aee70dafdde5bca,,,,,5,,,,,,,0
b2,5to10Traces/0011.trace,5to10Traces,macro,e38bf3e3c82d45a788e109824513c902af600af42cf5fa633e528c6fba782796,0ef52dddff9ea1c4f1d65b34f23e7b528a2f8e9e,5,2,0,5,2,8,125,10,10,10.0,,MIN_EXPANDED_SIZE,SAT,13.36316738000005,PASSED,REUSED_E4,E4_REUSED,0,28014,1342425,3138488,,,124833,1,3bd490e5c5f68f66d27695c25342e8fdb65c2245dc2e48a32b8f8962b0e72d2a,1,34,44,28,5,1,2.0,2,1,1,,0
b2,5to10Traces/0012.trace,5to10Traces,atlas-b,b0ba16143354c8bf8a49bc68a909bda16cdb8008d6a8f5dc909add5fee906128,0ef52dddff9ea1c4f1d65b34f23e7b528a2f8e9e,5,2,0,5,2,150,150,5,5,5.0,,MIN_EXPANDED_SIZE,SAT,10.035336608000762,PASSED,REUSED_E4,E4_REUSED,0,18147,1085261,3446954,,,58304,1,691a97147742f2c89e972d03ddab9f1b1ad09f812f4970335d8987f33b011e4e,,,,,5,,,,,,,0
b2,5to10Traces/0012.trace,5to10Traces,macro,b0ba16143354c8bf8a49bc68a909bda16cdb8008d6a8f5dc909add5fee906128,0ef52dddff9ea1c4f1d65b34f23e7b528a2f8e9e,5,2,0,5,2,150,150,5,5,5.0,,MIN_EXPANDED_SIZE,SAT,20.086835930999996,PASSED,REUSED_E4,E4_REUSED,0,22365,1127689,2246902,,,92011,1,ca1b7cd0bbc52fcb9e0e859f3c52dde53ad245c5f6a172713c3427546811be02,1,32,44,28,5,1,2.0,2,1,1,,0
b2,5to10Traces/0013.trace,5to10Traces,atlas-b,0a8539b9676e0142c7a3d8adc1f088dd222e222568f6c4c0e638bd9d2d1c0025,0ef52dddff9ea1c4f1d65b34f23e7b528a2f8e9e,5,2,0,5,2,4,150,10,10,10.0,,MIN_EXPANDED_SIZE,SAT,20.77529031299855,PASSED,REUSED_E4,E4_REUSED,0,26327,2288427,7819466,,,45109,1,78a1c22e7ec636d04092225a86271f2b2bc768f24a52610d9e7eb6a74c4cf339,,,,,5,,,,,,,0
b2,5to10Traces/0013.trace,5to10Traces,macro,0a8539b9676e0142c7a3d8adc1f088dd222e222568f6c4c0e638bd9d2d1c0025,0ef52dddff9ea1c4f1d65b34f23e7b528a2f8e9e,5,2,0,5,2,4,150,10,10,10.0,,MIN_EXPANDED_SIZE,SAT,19.623934948998794,PASSED,REUSED_E4,E4_REUSED,0,32025,1546986,3601990,,,150386,1,6d87f252772a4e3da13cad4cc25f593e524696bbf5a0d011444e5117057ec092,1,34,44,28,5,1,2.0,2,1,1,,0
b2,5to10Traces/0014.trace,5to10Traces,atlas-b,327d8396cc8c1a82e18d32f56a21117f218ebf6b88c17672b7bc0d39fff6f5bc,0ef52dddff9ea1c4f1d65b34f23e7b528a2f8e9e,5,2,0,5,2,175,175,5,5,5.0,,MIN_EXPANDED_SIZE,SAT,13.081229458999587,PASSED,REUSED_E4,E4_REUSED,0,21147,1265757,4020372,,,67684,1,efe8ca731a305ef780347df232f9474515d65c00aaf5442c4e8c9b29c73e7101,,,,,5,,,,,,,0
b2,5to10Traces/0014.trace,5to10Traces,macro,327d8396cc8c1a82e18d32f56a21117f218ebf6b88c17672b7bc0d39fff6f5bc,0ef52dddff9ea1c4f1d65b34f23e7b528a2f8e9e,5,2,0,5,2,175,175,5,5,5.0,,MIN_EXPANDED_SIZE,SAT,16.707587052000235,PASSED,REUSED_E4,E4_REUSED,0,25326,1292471,2597699,,,96237,1,8e76652b11181e36e95dfa81adb0fc4a3794ca01c4dfbce6b1cf37077bf5e1b4,1,32,44,28,5,1,2.0,2,1,1,,0
b2,5to10Traces/0015.trace,5to10Traces,atlas-b,0f0ec3bcc17fbab360cf629aca37f0d9e5415b296cb77f0082b1ee7567b46347,0ef52dddff9ea1c4f1d65b34f23e7b528a2f8e9e,5,2,0,5,2,10,175,10,10,10.0,,MIN_EXPANDED_SIZE,SAT,24.196251706999647,PASSED,REUSED_E4,E4_REUSED,0,31597,2748622,9392214,,,53684,1,f1e4caab4e7cf85ef09da149333e5fe03e28e827d73e1334f67d2acc85223e4a,,,,,5,,,,,,,0
b2,5to10Traces/0015.trace,5to10Traces,macro,0f0ec3bcc17fbab360cf629aca37f0d9e5415b296cb77f0082b1ee7567b46347,0ef52dddff9ea1c4f1d65b34f23e7b528a2f8e9e,5,2,0,5,2,10,175,10,10,10.0,,MIN_EXPANDED_SIZE,SAT,28.15070994600137,PASSED,REUSED_E4,E4_REUSED,0,38136,1836162,4287885,,,168449,1,a980834c90d8af1525c0e2c2458efda3b755833980bf701b0a1c87b7f479307b,1,34,44,28,5,1,2.0,2,1,1,,0
b2,5to10Traces/0016.trace,5to10Traces,atlas-b,fbf3dac0c3575546823f9684f2862c2e7dd41a4bf51dc7a1cc1208b93e939e0d,0ef52dddff9ea1c4f1d65b34f23e7b528a2f8e9e,5,2,0,5,2,200,200,5,5,5.0,,MIN_EXPANDED_SIZE,SAT,17.120992011,PASSED,REUSED_E4,E4_REUSED,0,24147,1446255,4593799,,,76994,1,6bf7744089831fad289587bb3fdd42f952c186280b6d0aa504634e61f6005e70,,,,,5,,,,,,,0
b2,5to10Traces/0016.trace,5to10Traces,macro,fbf3dac0c3575546823f9684f2862c2e7dd41a4bf51dc7a1cc1208b93e939e0d,0ef52dddff9ea1c4f1d65b34f23e7b528a2f8e9e,5,2,0,5,2,200,200,5,5,5.0,,MIN_EXPANDED_SIZE,SAT,20.123747234999428,PASSED,REUSED_E4,E4_REUSED,0,29631,1518562,3058437,,,102504,1,a6d9389e9b8c9ea567aaba0c91d81e198d7d24ad9d3071a0da086fe72b93551c,1,32,44,28,5,1,2.0,2,1,1,,0
b2,5to10Traces/0017.trace,5to10Traces,atlas-b,45486e7c1a54c0d1b69c7fc4e6221d12e666904407bd082fcfdc0f69768ad5c2,0ef52dddff9ea1c4f1d65b34f23e7b528a2f8e9e,5,2,0,5,2,8,200,10,10,10.0,,MIN_EXPANDED_SIZE,SAT,28.869363826999916,PASSED,REUSED_E4,E4_REUSED,0,35507,3090057,10559098,,,60059,1,d236d52073cefa5b1d4416039d0a249ea36a2614663293b24dd8ec133294e869,,,,,5,,,,,,,0
b2,5to10Traces/0017.trace,5to10Traces,macro,45486e7c1a54c0d1b69c7fc4e6221d12e666904407bd082fcfdc0f69768ad5c2,0ef52dddff9ea1c4f1d65b34f23e7b528a2f8e9e,5,2,0,5,2,8,200,10,10,10.0,,MIN_EXPANDED_SIZE,SAT,23.751465603999918,PASSED,REUSED_E4,E4_REUSED,0,42483,2063324,4795244,,,181311,1,db333d3038840235f7d3c1e6cf75d54a7a4f5b4c8f2ed4b93ac6f172248d5667,1,34,44,28,5,1,2.0,2,1,1,,0
b2,5to10Traces/0018.trace,5to10Traces,atlas-b,2a201848a120d6627cd6a3129527070df72cfba676dee4fc4872104f9611e1e6,0ef52dddff9ea1c4f1d65b34f23e7b528a2f8e9e,5,2,0,5,2,225,225,5,5,5.0,,MIN_EXPANDED_SIZE,SAT,19.76913699099896,PASSED,REUSED_E4,E4_REUSED,0,27147,1626743,5167214,,,86414,1,b6e117accec3b2a7b1076a32ff4584ce5e68c2afab52387c85d15144cd1fc15a,,,,,5,,,,,,,0
b2,5to10Traces/0018.trace,5to10Traces,macro,2a201848a120d6627cd6a3129527070df72cfba676dee4fc4872104f9611e1e6,0ef52dddff9ea1c4f1d65b34f23e7b528a2f8e9e,5,2,0,5,2,225,225,5,5,5.0,,MIN_EXPANDED_SIZE,SAT,28.809953281999697,PASSED,REUSED_E4,E4_REUSED,0,31794,1629905,3277170,,,106266,1,9886b90b292f30bad1fb85c57cc19721779404f7d1b1992283f0fa55d8ec7622,1,32,44,28,5,1,2.0,2,1,1,,0
b2,5to10Traces/0019.trace,5to10Traces,atlas-b,d2ec63cb54f0d08edb08846e8e8cb304c4b44efa96bb5a3f755504a22f94a765,0ef52dddff9ea1c4f1d65b34f23e7b528a2f8e9e,5,2,0,5,2,14,225,10,10,10.0,,MIN_EXPANDED_SIZE,SAT,33.39325099400048,PASSED,REUSED_E4,E4_REUSED,0,40777,3550252,12131846,,,68638,1,40464caaaae74a3bc033519c9b05a3814809880a11cd9427e4467517b5d094bd,,,,,5,,,,,,,0
b2,5to10Traces/0019.trace,5to10Traces,macro,d2ec63cb54f0d08edb08846e8e8cb304c4b44efa96bb5a3f755504a22f94a765,0ef52dddff9ea1c4f1d65b34f23e7b528a2f8e9e,5,2,0,5,2,14,225,10,10,10.0,,MIN_EXPANDED_SIZE,SAT,24.430970430999878,PASSED,REUSED_E4,E4_REUSED,0,48909,2376323,5525948,,,183678,1,f6c11eb43c25f0dc5898ec69806f933927634fa54d8f1e2bf589ff73e924de59,1,34,44,28,5,1,2.0,2,1,1,,0
b2,5to10Traces/0020.trace,5to10Traces,atlas-b,fa994ea3d9fc4247e0618daf953b8dc940ca28b3068aba53d565728d72de4500,0ef52dddff9ea1c4f1d65b34f23e7b528a2f8e9e,5,2,0,5,2,250,250,5,5,5.0,,MIN_EXPANDED_SIZE,SAT,17.90925212600007,PASSED,REUSED_E4,E4_REUSED,0,30147,1807239,5740632,,,95754,1,952b4b6ae913c158f3fed1d16071b3df1232f325c1212c33e1ea98aee1f43892,,,,,5,,,,,,,0
b2,5to10Traces/0020.trace,5to10Traces,macro,fa994ea3d9fc4247e0618daf953b8dc940ca28b3068aba53d565728d72de4500,0ef52dddff9ea1c4f1d65b34f23e7b528a2f8e9e,5,2,0,5,2,250,250,5,5,5.0,,MIN_EXPANDED_SIZE,SAT,35.82780501800005,PASSED,REUSED_E4,E4_REUSED,0,34209,1761545,3541309,,,110483,1,b75c6edd2dab64282fbed33730821c5dea29e53fbb25ca2ff9cb5677ece49e6d,1,32,44,28,5,1,2.0,2,1,1,,0
b2,5to10Traces/0021.trace,5to10Traces,atlas-b,762208528583c652bfc45a65086137c0dbc2552587d032bd3d98e729c206c156,0ef52dddff9ea1c4f1d65b34f23e7b528a2f8e9e,5,2,0,5,2,14,250,10,10,10.0,,MIN_EXPANDED_SIZE,SAT,37.7047411679996,PASSED,REUSED_E4,E4_REUSED,0,45027,3921377,13400196,,,75563,1,64b84f894cffc9e12ba9d3d4b06f9555f466272ca103b67e2fae43d245623420,,,,,5,,,,,,,0
b2,5to10Traces/0021.trace,5to10Traces,macro,762208528583c652bfc45a65086137c0dbc2552587d032bd3d98e729c206c156,0ef52dddff9ea1c4f1d65b34f23e7b528a2f8e9e,5,2,0,5,2,14,250,10,10,10.0,,MIN_EXPANDED_SIZE,SAT,40.11937716099965,PASSED,REUSED_E4,E4_REUSED,0,54054,2632122,6126454,,,184083,1,dddf141c07876598907f086df1d17c65acc407812669138618aac18bc7650261,1,34,44,28,5,1,2.0,2,1,1,,0
b2,5to10Traces/0022.trace,5to10Traces,atlas-b,6c80b75187a5ed478cf842bff2085bc613efa684acf8c148e6eaa8f09b40d5c5,0ef52dddff9ea1c4f1d65b34f23e7b528a2f8e9e,10,2,0,8,3,5,5,5,5,5.0,,MIN_EXPANDED_SIZE,SAT,1.7231571869997424,PASSED,REUSED_E4,E4_REUSED,0,1120,82237,269611,,,4809,1,fd1da0f4ca54ede38ac0b2f10bd9fe90af673669ca8d8560e421627338efbdba,,,,,8,,,,,,,0
b2,5to10Traces/0022.trace,5to10Traces,macro,6c80b75187a5ed478cf842bff2085bc613efa684acf8c148e6eaa8f09b40d5c5,0ef52dddff9ea1c4f1d65b34f23e7b528a2f8e9e,10,2,0,8,3,5,5,5,5,5.0,,MIN_EXPANDED_SIZE,SAT,3.2575171730004513,PASSED,REUSED_E4,E4_REUSED,0,3242,108649,242455,,,25696,1,0fecf918802b706cbe502adcb437b61275edfda051a435dfaec79e9549557284,1,42,94,36,8,2,0.3333333333333333,1,2,3,,0
b2,5to10Traces/0023.trace,5to10Traces,atlas-b,1f43e054972e60ab5774a73ec981357b10aa7add71b038501ae6ccb7299587c8,0ef52dddff9ea1c4f1d65b34f23e7b528a2f8e9e,10,2,0,8,3,5,5,10,10,10.0,,MIN_EXPANDED_SIZE,SAT,17.95575235599972,PASSED,REUSED_E4,E4_REUSED,0,2420,288287,987561,,,6224,1,2ed5405c05d4f5a8284544cca738f32790538d2c1e339a24394b9186f359f69b,,,,,8,,,,,,,0
b2,5to10Traces/0023.trace,5to10Traces,macro,1f43e054972e60ab5774a73ec981357b10aa7add71b038501ae6ccb7299587c8,0ef52dddff9ea1c4f1d65b34f23e7b528a2f8e9e,10,2,0,8,3,5,5,10,10,10.0,,MIN_EXPANDED_SIZE,SAT,6.9591881619999185,PASSED,REUSED_E4,E4_REUSED,0,5228,227898,547108,,,62736,1,47cded68f856c53fc9589e20a7cd52ed39e540d646e7f0b91b2704000efc4535,1,62,94,46,8,2,0.2,1,4,5,,0
b2,5to10Traces/0024.trace,5to10Traces,atlas-b,0d57abc1154e4fe68d03e0823d739a52f7893a122f72f3fde9028f3a8ae33c3b,0ef52dddff9ea1c4f1d65b34f23e7b528a2f8e9e,10,2,0,8,3,25,25,5,5,5.0,,MIN_EXPANDED_SIZE,TIMEOUT,180.09462376699958,IN_PROGRESS,TRANSLATED_ONLY,TRANSLATE_ONLY,1,4320,377757,1239871,,,14039,1,328ed45a2255b4706cfd53029a64d197de3fd4c5bd5cc6b20406651d9314c0e1,,,,,,,,,,,,2.6210820120004428
b2,5to10Traces/0024.trace,5to10Traces,macro,0d57abc1154e4fe68d03e0823d739a52f7893a122f72f3fde9028f3a8ae33c3b,0ef52dddff9ea1c4f1d65b34f23e7b528a2f8e9e,10,2,0,8,3,25,25,5,5,5.0,,MIN_EXPANDED_SIZE,TIMEOUT,180.06350541499978,IN_PROGRESS,TRANSLATED_ONLY,TRANSLATE_ONLY,1,9710,465638,972040,,,50543,1,4109e677fe3e9b5dba6a4f17bcc7b017c33591aaa2ac4b3821988708d91cfaa3,1,42,94,36,8,,,,,,,4.524450214000353
b2,5to10Traces/0025.trace,5to10Traces,atlas-b,38507a0ac6501a233719bcf5b5b67c29c1621684a3e1a855dc0d13a7e773e48f,0ef52dddff9ea1c4f1d65b34f23e7b528a2f8e9e,10,2,0,8,3,25,25,10,10,10.0,,MIN_EXPANDED_SIZE,TIMEOUT,180.13866602999997,IN_PROGRESS,TRANSLATED_ONLY,TRANSLATE_ONLY,1,10820,1408007,4829621,,,20854,1,d952726e92251e6135e682dbef0576a36621811004b9f927498ec7ce177c0be8,,,,,,,,,,,,5.527712009000425
b2,5to10Traces/0025.trace,5to10Traces,macro,38507a0ac6501a233719bcf5b5b67c29c1621684a3e1a855dc0d13a7e773e48f,0ef52dddff9ea1c4f1d65b34f23e7b528a2f8e9e,10,2,0,8,3,25,25,10,10,10.0,,MIN_EXPANDED_SIZE,TIMEOUT,180.16497409600015,IN_PROGRESS,TRANSLATED_ONLY,TRANSLATE_ONLY,1,18098,1055979,2502851,,,124863,1,c4613f46c6255c1a33363908861044337a06b27072af406ad9ecb8e1cc3abf11,1,62,94,46,8,,,,,,,9.033302171000287
b2,5to10Traces/0026.trace,5to10Traces,atlas-b,fc3f69ae20507e848cc21ca73eda7dd7bccf867f9de674721df7526c2f6463a1,0ef52dddff9ea1c4f1d65b34f23e7b528a2f8e9e,10,2,0,8,3,50,50,5,5,5.0,,MIN_EXPANDED_SIZE,TIMEOUT,180.1105673940001,IN_PROGRESS,TRANSLATED_ONLY,TRANSLATE_ONLY,1,8320,747157,2452696,,,25589,1,b52a641904aa8b1c01463d9da2708a3d26b6b4bca83c515fda304ff195b72801,,,,,,,,,,,,3.924020173999452
b2,5to10Traces/0026.trace,5to10Traces,macro,fc3f69ae20507e848cc21ca73eda7dd7bccf867f9de674721df7526c2f6463a1,0ef52dddff9ea1c4f1d65b34f23e7b528a2f8e9e,10,2,0,8,3,50,50,5,5,5.0,,MIN_EXPANDED_SIZE,TIMEOUT,180.16771608700037,IN_PROGRESS,TRANSLATED_ONLY,TRANSLATE_ONLY,1,17696,933036,1974898,,,70750,1,9202bbd0d14d32f45e1092b5902d3804db44e8b8e955794e2d0908e1e01c933d,1,42,94,36,8,,,,,,,7.731738442000278
b2,5to10Traces/0027.trace,5to10Traces,atlas-b,ebc6ebfd17f860ed1799aaa5836ba235cb0bda9d86eab7bd16a584195748e4ed,0ef52dddff9ea1c4f1d65b34f23e7b528a2f8e9e,10,2,0,8,3,50,50,10,10,10.0,,MIN_EXPANDED_SIZE,TIMEOUT,180.25112239400005,IN_PROGRESS,TRANSLATED_ONLY,TRANSLATE_ONLY,1,21320,2807657,9632196,,,39154,1,0736ddf2e1f92070b2da59372d00df19954eb35b5ae309b0955aeb906bd208f1,,,,,,,,,,,,12.138560457000494
b2,5to10Traces/0027.trace,5to10Traces,macro,ebc6ebfd17f860ed1799aaa5836ba235cb0bda9d86eab7bd16a584195748e4ed,0ef52dddff9ea1c4f1d65b34f23e7b528a2f8e9e,10,2,0,8,3,50,50,10,10,10.0,,MIN_EXPANDED_SIZE,TIMEOUT,180.22367661099997,IN_PROGRESS,TRANSLATED_ONLY,TRANSLATE_ONLY,1,34466,2135659,5076966,,,163589,1,75182c2ca8291ba1b729a65ddd851671df706b38fb28870343d515d81c2ed57d,1,62,94,46,8,,,,,,,17.29682082399995
b2,5to10Traces/0028.trace,5to10Traces,atlas-b,ff529adeae7753e8593aa98359266dfe653752c9f93b02843e2b714d5969b8e9,0ef52dddff9ea1c4f1d65b34f23e7b528a2f8e9e,10,2,0,8,3,75,75,5,5,5.0,,MIN_EXPANDED_SIZE,TIMEOUT,180.1657151899999,IN_PROGRESS,TRANSLATED_ONLY,TRANSLATE_ONLY,1,12320,1116557,3665521,,,37139,1,827a801e8301b3552e6726ddd3e9e6fa128dc4adcfdb26ad64ba56b4cc574fee,,,,,,,,,,,,4.419829614000264
b2,5to10Traces/0028.trace,5to10Traces,macro,ff529adeae7753e8593aa98359266dfe653752c9f93b02843e2b714d5969b8e9,0ef52dddff9ea1c4f1d65b34f23e7b528a2f8e9e,10,2,0,8,3,75,75,5,5,5.0,,MIN_EXPANDED_SIZE,TIMEOUT,180.13169388000006,IN_PROGRESS,TRANSLATED_ONLY,TRANSLATE_ONLY,1,25913,1401717,2969527,,,80027,1,043a27cf4ff1fca46f210676ad2eb0a7c936e9b252f1c88c34dbba6c778413d9,1,42,94,36,8,,,,,,,11.583142449000661
b2,5to10Traces/0029.trace,5to10Traces,atlas-b,07a00ad7c82e28b5155dcaa566e300eeff50745de409392212cf2b4fd2399ea7,0ef52dddff9ea1c4f1d65b34f23e7b528a2f8e9e,10,2,0,8,3,75,75,10,10,10.0,,MIN_EXPANDED_SIZE,TIMEOUT,180.40257828500035,IN_PROGRESS,TRANSLATED_ONLY,TRANSLATE_ONLY,1,31820,4207307,14434771,,,57454,1,4eb4ad2b3dec84a949bcebcf1adcb4c9f4819f9414fc62bfcce661e3cc53184c,,,,,,,,,,,,20.247808465000162
b2,5to10Traces/0029.trace,5to10Traces,macro,07a00ad7c82e28b5155dcaa566e300eeff50745de409392212cf2b4fd2399ea7,0ef52dddff9ea1c4f1d65b34f23e7b528a2f8e9e,10,2,0,8,3,75,75,10,10,10.0,,MIN_EXPANDED_SIZE,TIMEOUT,180.28053759900104,IN_PROGRESS,TRANSLATED_ONLY,TRANSLATE_ONLY,1,50702,3245997,7785172,,,182108,1,1279419818648b7f5fe34a05ccfbc76d8bade47a771d3769c4e3e58ed6d5c865,1,62,94,46,8,,,,,,,21.85183571900052
b2,5to10Traces/0030.trace,5to10Traces,atlas-b,35f848aca47ffdc2abe20fea5611e3d02f2a02a9a64ad107ce1af81e048c4b11,0ef52dddff9ea1c4f1d65b34f23e7b528a2f8e9e,10,2,0,8,3,100,100,5,5,5.0,,MIN_EXPANDED_SIZE,TIMEOUT,180.16811998199955,IN_PROGRESS,TRANSLATED_ONLY,TRANSLATE_ONLY,1,16320,1485957,4878346,,,48689,1,b8d02ab555621641286457bb4c8e8c47b36908f7272ef6c23a9bfd7bd4750ec5,,,,,,,,,,,,7.67525602600017
b2,5to10Traces/0030.trace,5to10Traces,macro,35f848aca47ffdc2abe20fea5611e3d02f2a02a9a64ad107ce1af81e048c4b11,0ef52dddff9ea1c4f1d65b34f23e7b528a2f8e9e,10,2,0,8,3,100,100,5,5,5.0,,MIN_EXPANDED_SIZE,TIMEOUT,180.2267212530005,IN_PROGRESS,TRANSLATED_ONLY,TRANSLATE_ONLY,1,33569,1839563,3903613,,,90710,1,0acad0afdcb75fd67aece5d94f715fb210525bbc15c5790f849f93df5bef22ce,1,42,94,36,8,,,,,,,13.08600038699933
b2,5to10Traces/0031.trace,5to10Traces,atlas-b,0e62190a102c28fd19abe1f19ac42dcbc0d81046ffc5d271154d27288c3b7d3b,0ef52dddff9ea1c4f1d65b34f23e7b528a2f8e9e,10,2,0,8,3,100,100,10,10,10.0,,MIN_EXPANDED_SIZE,TIMEOUT,180.38295318999917,IN_PROGRESS,TRANSLATED_ONLY,TRANSLATE_ONLY,1,42320,5606957,19237346,,,75754,1,f4a5a4e0411bfd9decedd6e7f12b5ec13025a2d9a28a7a1ac5456627c2a02b5b,,,,,,,,,,,,30.762814264000554
b2,5to10Traces/0031.trace,5to10Traces,macro,0e62190a102c28fd19abe1f19ac42dcbc0d81046ffc5d271154d27288c3b7d3b,0ef52dddff9ea1c4f1d65b34f23e7b528a2f8e9e,10,2,0,8,3,100,100,10,10,10.0,,MIN_EXPANDED_SIZE,TIMEOUT,180.31607652899947,IN_PROGRESS,TRANSLATED_ONLY,TRANSLATE_ONLY,1,66938,4255723,10122606,,,207335,1,1ca8fa0668d21269d4f90b59f8014a514c03d28db8063c92cf6381e5761b483e,1,62,94,46,8,,,,,,,29.91271985000003
b2,5to10Traces/0032.trace,5to10Traces,atlas-b,57dd97edf5cc3c106dcad445c7ae0dbdcaa578bc4fc72302ed1652e13a51bc64,0ef52dddff9ea1c4f1d65b34f23e7b528a2f8e9e,10,2,0,8,3,125,125,5,5,5.0,,MIN_EXPANDED_SIZE,TIMEOUT,180.174753487001,IN_PROGRESS,TRANSLATED_ONLY,TRANSLATE_ONLY,1,20320,1855357,6091171,,,60289,1,8dd77437b79aabd17be99b61a7a471ef0bce990f816a766863690f3c441ccd69,,,,,,,,,,,,9.978785368999525
b2,5to10Traces/0032.trace,5to10Traces,macro,57dd97edf5cc3c106dcad445c7ae0dbdcaa578bc4fc72302ed1652e13a51bc64,0ef52dddff9ea1c4f1d65b34f23e7b528a2f8e9e,10,2,0,8,3,125,125,5,5,5.0,,MIN_EXPANDED_SIZE,TIMEOUT,180.2186060189997,IN_PROGRESS,TRANSLATED_ONLY,TRANSLATE_ONLY,1,41918,2310116,4882622,,,107076,1,2b391d8b0a00b5e6f3d94c056795e2f39c5608a6ef1d04671ecda1b82269c83a,1,42,94,36,8,,,,,,,16.440179965000425
b2,5to10Traces/0033.trace,5to10Traces,atlas-b,ee7ed51fee44ba93cdbb31b9b14ad02bb32f3de11c0469756dc702c50db80225,0ef52dddff9ea1c4f1d65b34f23e7b528a2f8e9e,10,2,0,8,3,125,125,10,10,10.0,,MIN_EXPANDED_SIZE,TIMEOUT,180.4347068689999,IN_PROGRESS,TRANSLATED_ONLY,TRANSLATE_ONLY,1,52820,7006607,24039921,,,94104,1,9dc52a821146bd4a42c202957deb4ec96dfcfdbd7b152582a88e3fb034444e14,,,,,,,,,,,,36.023734770000374
b2,5to10Traces/0033.trace,5to10Traces,macro,ee7ed51fee44ba93cdbb31b9b14ad02bb32f3de11c0469756dc702c50db80225,0ef52dddff9ea1c4f1d65b34f23e7b528a2f8e9e,10,2,0,8,3,125,125,10,10,10.0,,MIN_EXPANDED_SIZE,TIMEOUT,180.44210334000127,IN_PROGRESS,TRANSLATED_ONLY,TRANSLATE_ONLY,1,83504,5299382,12641822,,,188008,1,c44cff52fd9f8191680d2f11136b4e84e0b3db91e85f20509ea70dfde240b8cc,1,62,94,46,8,,,,,,,36.42633875699994
b2,5to10Traces/0034.trace,5to10Traces,atlas-b,5359af3606015c7bc80e09ecb994c0944124012d2a334ddb061df8ee7e0ee7e9,0ef52dddff9ea1c4f1d65b34f23e7b528a2f8e9e,10,2,0,8,3,150,150,5,5,5.0,,MIN_EXPANDED_SIZE,TIMEOUT,180.1969066540005,IN_PROGRESS,TRANSLATED_ONLY,TRANSLATE_ONLY,1,24320,2224757,7303996,,,71889,1,3b8eccdc82434d104c4e80a56220de5b205f571292534370c833bd80ae4ba442,,,,,,,,,,,,8.675855550000051
b2,5to10Traces/0034.trace,5to10Traces,macro,5359af3606015c7bc80e09ecb994c0944124012d2a334ddb061df8ee7e0ee7e9,0ef52dddff9ea1c4f1d65b34f23e7b528a2f8e9e,10,2,0,8,3,150,150,5,5,5.0,,MIN_EXPANDED_SIZE,TIMEOUT,180.2574698239987,IN_PROGRESS,TRANSLATED_ONLY,TRANSLATE_ONLY,1,49904,2774896,5870982,,,110573,1,4c2a159bece695bf756f90e21a70d2e26fca58348c63b4f9ba081413eb8a6a0f,1,42,94,36,8,,,,,,,17.387346780999906
b2,5to10Traces/0035.trace,5to10Traces,atlas-b,c426873f1d6100da2ac5121d8557a0015b1beb10f5c91e225ec81118451b884b,0ef52dddff9ea1c4f1d65b34f23e7b528a2f8e9e,10,2,0,8,3,150,150,10,10,10.0,,MIN_EXPANDED_SIZE,TIMEOUT,180.43664863100093,IN_PROGRESS,TRANSLATED_ONLY,TRANSLATE_ONLY,1,63320,8406257,28842496,,,112454,1,339d07d04135e45e7caa5f55122c785d72b7143e8e6e48eb1b6b2993bf5a3a13,,,,,,,,,,,,44.78049659699991
b2,5to10Traces/0035.trace,5to10Traces,macro,c426873f1d6100da2ac5121d8557a0015b1beb10f5c91e225ec81118451b884b,0ef52dddff9ea1c4f1d65b34f23e7b528a2f8e9e,10,2,0,8,3,150,150,10,10,10.0,,MIN_EXPANDED_SIZE,TIMEOUT,180.30757711500019,IN_PROGRESS,TRANSLATED_ONLY,TRANSLATE_ONLY,1,99443,6415277,15358968,,,226344,1,0062b4e90135b1c1b36246c5a015c3600f5ef71619dfe9f98a3984e2c48f9438,1,62,94,46,8,,,,,,,41.52409300999989
b2,5to10Traces/0036.trace,5to10Traces,atlas-b,b1e2aae2986a43365166a93f9337049f72a8d732496765ee22e195921efbf547,0ef52dddff9ea1c4f1d65b34f23e7b528a2f8e9e,10,2,0,8,3,175,175,5,5,5.0,,MIN_EXPANDED_SIZE,TIMEOUT,180.22672139899987,IN_PROGRESS,TRANSLATED_ONLY,TRANSLATE_ONLY,1,28320,2594157,8516821,,,83489,1,f7644769b5f7799b3fafc9c95f17ba5f03c45ec22b3b6bcbace75cf0c6147c8c,,,,,,,,,,,,14.28294490799999
b2,5to10Traces/0036.trace,5to10Traces,macro,b1e2aae2986a43365166a93f9337049f72a8d732496765ee22e195921efbf547,0ef52dddff9ea1c4f1d65b34f23e7b528a2f8e9e,10,2,0,8,3,175,175,5,5,5.0,,MIN_EXPANDED_SIZE,TIMEOUT,180.20730142899993,IN_PROGRESS,TRANSLATED_ONLY,TRANSLATE_ONLY,1,58022,3242473,6874452,,,121952,1,ef25ffc99e8ac92b82b5bd6d39488e874a4ee2a89f07f97ccf1d8abacc1eb899,1,42,94,36,8,,,,,,,20.792660351999984
b2,5to10Traces/0037.trace,5to10Traces,atlas-b,706cc48d00f6e56c776cb6c6f15b2e4616903816e710c5c243f51d0099d07091,0ef52dddff9ea1c4f1d65b34f23e7b528a2f8e9e,10,2,0,8,3,175,175,10,10,10.0,,MIN_EXPANDED_SIZE,TIMEOUT,180.3771681019998,IN_PROGRESS,TIMEOUT,TRANSLATE_ONLY,1,,,,,,130804,1,e726043f2f3196ef87ebab1b85f281294e373acfbf514ebfb5b89d35a121392a,,,,,,,,,,,CNF translation timed out: baseline_scope_8_bound_0.als,180.26262497100015
b2,5to10Traces/0037.trace,5to10Traces,macro,706cc48d00f6e56c776cb6c6f15b2e4616903816e710c5c243f51d0099d07091,0ef52dddff9ea1c4f1d65b34f23e7b528a2f8e9e,10,2,0,8,3,175,175,10,10,10.0,,MIN_EXPANDED_SIZE,TIMEOUT,180.33879543800003,IN_PROGRESS,TRANSLATED_ONLY,TRANSLATE_ONLY,1,115382,7398588,17643535,,,258316,1,78717f7a2409be058c3f9bd7c60406bc98ac1e3d1dd9a48759aca249d2550405,1,62,94,46,8,,,,,,,52.74350260099982
b2,5to10Traces/0038.trace,5to10Traces,atlas-b,d411a5a489be3c4f9746e0d02df6458494aa8173562852ada225c09ea49dfee5,0ef52dddff9ea1c4f1d65b34f23e7b528a2f8e9e,10,2,0,8,3,200,200,5,5,5.0,,MIN_EXPANDED_SIZE,TIMEOUT,180.25630393499978,IN_PROGRESS,TRANSLATED_ONLY,TRANSLATE_ONLY,1,32320,2963556,9729645,,,95089,1,1d96ee4dc928727e55b5d58bc90cd3f0c3383cf3cb8a368be9fdf9518246fe84,,,,,,,,,,,,14.332716794999214
b2,5to10Traces/0038.trace,5to10Traces,macro,d411a5a489be3c4f9746e0d02df6458494aa8173562852ada225c09ea49dfee5,0ef52dddff9ea1c4f1d65b34f23e7b528a2f8e9e,10,2,0,8,3,200,200,5,5,5.0,,MIN_EXPANDED_SIZE,TIMEOUT,180.2423243910016,IN_PROGRESS,TRANSLATED_ONLY,TRANSLATE_ONLY,1,66008,3694853,7808727,,,133127,1,2c8eb656fca4efa99bbcc2fff9d604140e20decec09528dcd8815f587b1e7d3a,1,42,94,36,8,,,,,,,23.39802896099991
b2,5to10Traces/0039.trace,5to10Traces,atlas-b,aa9847bdb52c00f1c8ddb561e4735990d45a46974fadc08b61b61d3bbf22efa1,0ef52dddff9ea1c4f1d65b34f23e7b528a2f8e9e,10,2,0,8,3,200,200,10,10,10.0,,MIN_EXPANDED_SIZE,TIMEOUT,180.35227841899996,IN_PROGRESS,TIMEOUT,TRANSLATE_ONLY,1,,,,,,149154,1,e4f8a8b606c90a529fb29418ea2959d8550d46bf46ab17308d65194050aef894,,,,,,,,,,,CNF translation timed out: baseline_scope_8_bound_0.als,180.2543081290005
b2,5to10Traces/0039.trace,5to10Traces,macro,aa9847bdb52c00f1c8ddb561e4735990d45a46974fadc08b61b61d3bbf22efa1,0ef52dddff9ea1c4f1d65b34f23e7b528a2f8e9e,10,2,0,8,3,200,200,10,10,10.0,,MIN_EXPANDED_SIZE,TIMEOUT,180.39278693599954,IN_PROGRESS,TRANSLATED_ONLY,TRANSLATE_ONLY,1,131618,8445983,20130434,,,285183,1,5f978eef8ba3e00ad497da673a88f3e7d3dc21f7b06593db3e30504d39cfe508,1,62,94,46,8,,,,,,,60.20045290000053
b2,5to10Traces/0040.trace,5to10Traces,atlas-b,44f5cbcc1bfb3c796d7ca0e658ddf54d832f3fe4be5a9cdddcbb1e5e8eddf61d,0ef52dddff9ea1c4f1d65b34f23e7b528a2f8e9e,10,2,0,8,3,225,225,5,5,5.0,,MIN_EXPANDED_SIZE,TIMEOUT,180.31616292099898,IN_PROGRESS,TRANSLATED_ONLY,TRANSLATE_ONLY,1,36320,3332957,10942471,,,106689,1,079cc9653ae4e6c890f45d660f14a1ba9f98937de9e98eb7b5a70b6362f52804,,,,,,,,,,,,17.98948816400025
b2,5to10Traces/0040.trace,5to10Traces,macro,44f5cbcc1bfb3c796d7ca0e658ddf54d832f3fe4be5a9cdddcbb1e5e8eddf61d,0ef52dddff9ea1c4f1d65b34f23e7b528a2f8e9e,10,2,0,8,3,225,225,5,5,5.0,,MIN_EXPANDED_SIZE,TIMEOUT,180.31076510600042,IN_PROGRESS,TRANSLATED_ONLY,TRANSLATE_ONLY,1,73697,4137583,8761793,,,143647,1,98a50b9c5f934d74aee3221a79d56dd8813118276eef5d19746b6d3d5a386af8,1,42,94,36,8,,,,,,,29.90488834700045
b2,5to10Traces/0041.trace,5to10Traces,atlas-b,19adba18fde82da20adba26fd41cc7576324db55d448cd26ee2f06aab0e4e69a,0ef52dddff9ea1c4f1d65b34f23e7b528a2f8e9e,10,2,0,8,3,225,225,10,10,10.0,,MIN_EXPANDED_SIZE,TIMEOUT,180.27322184500008,IN_PROGRESS,TIMEOUT,TRANSLATE_ONLY,1,,,,,,167504,1,0dd77f60600c365b0b6898cd6d58f60ee48d6d2d0a179a662633ff644dd761e2,,,,,,,,,,,CNF translation timed out: baseline_scope_8_bound_0.als,180.2531148170001
b2,5to10Traces/0041.trace,5to10Traces,macro,19adba18fde82da20adba26fd41cc7576324db55d448cd26ee2f06aab0e4e69a,0ef52dddff9ea1c4f1d65b34f23e7b528a2f8e9e,10,2,0,8,3,225,225,10,10,10.0,,MIN_EXPANDED_SIZE,TIMEOUT,180.55730849800057,IN_PROGRESS,TRANSLATED_ONLY,TRANSLATE_ONLY,1,148514,9508157,22633428,,,264716,1,83545d8acfa04acd1307a4fe877668ec1d3a22b1962da7955f0c2652552d027b,1,62,94,46,8,,,,,,,69.1691701940008
b2,5to10Traces/0042.trace,5to10Traces,atlas-b,5cfb6e0dfec7365f0e68ecb0ad2f4f9871e8800b3c557179eff7b723e201b857,0ef52dddff9ea1c4f1d65b34f23e7b528a2f8e9e,10,2,0,8,3,250,250,5,5,5.0,,MIN_EXPANDED_SIZE,TIMEOUT,180.2941398440007,IN_PROGRESS,TRANSLATED_ONLY,TRANSLATE_ONLY,1,40320,3702356,12155295,,,118289,1,27c73783a41d9153296082ed4451193d79630fff87db947a2aa6b35bb08adae7,,,,,,,,,,,,18.142315946000053
b2,5to10Traces/0042.trace,5to10Traces,macro,5cfb6e0dfec7365f0e68ecb0ad2f4f9871e8800b3c557179eff7b723e201b857,0ef52dddff9ea1c4f1d65b34f23e7b528a2f8e9e,10,2,0,8,3,250,250,5,5,5.0,,MIN_EXPANDED_SIZE,TIMEOUT,180.30428219999976,IN_PROGRESS,TRANSLATED_ONLY,TRANSLATE_ONLY,1,81815,4595855,9711693,,,153209,1,d3b85d14ad0f1f32abec434d7e57a577ec8820d7be31a4de6210d70e156ea258,1,42,94,36,8,,,,,,,32.111272039999676
b2,5to10Traces/0043.trace,5to10Traces,atlas-b,0ba767b4a1ffc90b215690664a295541a24c200c57666378d08384c8d5bc52db,0ef52dddff9ea1c4f1d65b34f23e7b528a2f8e9e,10,2,0,8,3,250,250,10,10,10.0,,MIN_EXPANDED_SIZE,TIMEOUT,180.34128805,IN_PROGRESS,TIMEOUT,TRANSLATE_ONLY,1,,,,,,185854,1,caf148d92df2e65e13f62229e7f97e4befd42c7f627d3468ba4774a20b9422ca,,,,,,,,,,,CNF translation timed out: baseline_scope_8_bound_0.als,180.2611947710002
b2,5to10Traces/0043.trace,5to10Traces,macro,0ba767b4a1ffc90b215690664a295541a24c200c57666378d08384c8d5bc52db,0ef52dddff9ea1c4f1d65b34f23e7b528a2f8e9e,10,2,0,8,3,250,250,10,10,10.0,,MIN_EXPANDED_SIZE,TIMEOUT,180.6013669240001,IN_PROGRESS,TRANSLATED_ONLY,TRANSLATE_ONLY,1,164618,10608401,25335332,,,300252,1,039d0f3c2787e2e1e7dc1c2d15bc4731c9f449da23afc7ddcf9970943333dd50,1,62,94,46,8,,,,,,,78.83839609700044
b2,5to10Traces/0044.trace,5to10Traces,atlas-b,14c046169a257cc5c4e9a2085440c69639c5a2f6631e6aca6d1b14a58a103b8b,0ef52dddff9ea1c4f1d65b34f23e7b528a2f8e9e,18,2,0,8,3,5,5,5,5,5.0,,MIN_EXPANDED_SIZE,SAT,1.878731410999535,PASSED,REUSED_E4,E4_REUSED,0,1120,82237,269611,,,4809,1,2f51a4e771b49a2c34a350a86d67a2a7c099a701d1c6276d15189f856dfe7ea0,,,,,8,,,,,,,0
b2,5to10Traces/0044.trace,5to10Traces,macro,14c046169a257cc5c4e9a2085440c69639c5a2f6631e6aca6d1b14a58a103b8b,0ef52dddff9ea1c4f1d65b34f23e7b528a2f8e9e,18,2,0,8,3,5,5,5,5,5.0,,MIN_EXPANDED_SIZE,SAT,4.718314739000107,PASSED,REUSED_E4,E4_REUSED,0,3341,111871,243249,,,35000,1,89949c73870f5dd98d8790c52182a33bc0e2f53c729986639a1c2ca515d7dbc6,1,58,174,36,8,3,0.6666666666666666,1,3,3,,0
b2,5to10Traces/0045.trace,5to10Traces,atlas-b,6be0adea98eb9f7f8aa3bc1d94d8fab75c02fea48f2f56dd13cc3e0b4c5951f9,0ef52dddff9ea1c4f1d65b34f23e7b528a2f8e9e,18,2,0,8,3,2,5,10,10,10.0,,MIN_EXPANDED_SIZE,SAT,2.614602012999967,PASSED,REUSED_E4,E4_REUSED,0,1790,204308,699408,,,5129,1,4fc89a2d83592f86032f699e5c52aee1df0625a0ee1049ac5023ecf969e68990,,,,,8,,,,,,,0
b2,5to10Traces/0045.trace,5to10Traces,macro,6be0adea98eb9f7f8aa3bc1d94d8fab75c02fea48f2f56dd13cc3e0b4c5951f9,0ef52dddff9ea1c4f1d65b34f23e7b528a2f8e9e,18,2,0,8,3,2,5,10,10,10.0,,MIN_EXPANDED_SIZE,SAT,4.528202383000462,PASSED,REUSED_E4,E4_REUSED,0,4238,165417,391827,,,42305,1,3a20cc5d197d2aee9f9fcb34805cd12318616555e49e1350538090c7a63edb3f,1,78,174,46,8,3,0.6666666666666666,1,3,3,,0
b2,5to10Traces/0046.trace,5to10Traces,atlas-b,5015ab49b8416d7fd346e98aa2c1d6056f2a5e41522ce67ca9331ba5cb7ef5aa,0ef52dddff9ea1c4f1d65b34f23e7b528a2f8e9e,18,2,0,8,3,25,25,5,5,5.0,,MIN_EXPANDED_SIZE,SAT,171.8841874109985,PASSED,REUSED_E4,E4_REUSED,0,4320,377757,1239871,,,14039,1,0200364599bda2f71ba7dad3ff08d5ea1c2c9c9ff689012a8ad7fcd02d3b660e,,,,,8,,,,,,,0
b2,5to10Traces/0046.trace,5to10Traces,macro,5015ab49b8416d7fd346e98aa2c1d6056f2a5e41522ce67ca9331ba5cb7ef5aa,0ef52dddff9ea1c4f1d65b34f23e7b528a2f8e9e,18,2,0,8,3,25,25,5,5,5.0,,MIN_EXPANDED_SIZE,SAT,19.397464044000117,PASSED,REUSED_E4,E4_REUSED,0,9578,465958,992712,,,57673,1,d45bf571de1a399e57caddc9bf7d8627e0a3b2973c4e8913b5db82c70c0d44ad,1,58,174,36,8,3,1.0,2,3,3,,0
b2,5to10Traces/0047.trace,5to10Traces,atlas-b,8fce70ae980e6764f2a896a63e52a23cd45fd9c602acf346d208674a041a7ba8,0ef52dddff9ea1c4f1d65b34f23e7b528a2f8e9e,18,2,0,8,3,9,25,10,10,10.0,,MIN_EXPANDED_SIZE,SAT,54.131524105999915,PASSED,REUSED_E4,E4_REUSED,0,7460,960119,3292805,,,14999,1,1b608ab49d0febdc51254f264ae6b66fe030875929e12ea3546efcb737c8bfb4,,,,,8,,,,,,,0
b2,5to10Traces/0047.trace,5to10Traces,macro,8fce70ae980e6764f2a896a63e52a23cd45fd9c602acf346d208674a041a7ba8,0ef52dddff9ea1c4f1d65b34f23e7b528a2f8e9e,18,2,0,8,3,9,25,10,10,10.0,,MIN_EXPANDED_SIZE,SAT,30.09781281800042,PASSED,REUSED_E4,E4_REUSED,0,12917,737367,1774221,,,114283,1,ca96e29df475a33a2f99880d5950f66577a6afe43d8b33cbf490e02bcf40d585,1,78,174,46,8,3,1.0,2,3,3,,0
b2,5to10Traces/0048.trace,5to10Traces,atlas-b,014bbe82bb5bd12969eeb2dc31d08d7fae63765cdc8ced993133d22211c15d66,0ef52dddff9ea1c4f1d65b34f23e7b528a2f8e9e,18,2,0,8,3,50,50,5,5,5.0,,MIN_EXPANDED_SIZE,SAT,146.14778496600047,PASSED,REUSED_E4,E4_REUSED,0,8320,747157,2452696,,,25589,1,dbbec78e82c49f45c0c83d2025a97a0fb4bd2ec6d69aaaf35ec7eaaa97af8da2,,,,,8,,,,,,,0
b2,5to10Traces/0048.trace,5to10Traces,macro,014bbe82bb5bd12969eeb2dc31d08d7fae63765cdc8ced993133d22211c15d66,0ef52dddff9ea1c4f1d65b34f23e7b528a2f8e9e,18,2,0,8,3,50,50,5,5,5.0,,MIN_EXPANDED_SIZE,SAT,66.52492866900002,PASSED,REUSED_E4,E4_REUSED,0,17366,908952,1922934,,,72932,1,764acb6206d4149c20399e33040205d2baa2e5834c2f4a4cce6c408f44af98d7,1,58,174,36,8,3,1.0,2,3,3,,0
b2,5to10Traces/0049.trace,5to10Traces,atlas-b,30438c7936428af7ad72cc1315ea699c8be91d6b2fd954c32d5ece0bc742772d,0ef52dddff9ea1c4f1d65b34f23e7b528a2f8e9e,18,2,0,8,3,12,50,10,10,10.0,,MIN_EXPANDED_SIZE,SAT,112.33268870200004,PASSED,REUSED_E4,E4_REUSED,0,13340,1743923,5982258,,,25246,1,064945610550919aa18992e055adda39c8f09957461ad9889837a8fbc7660a6e,,,,,8,,,,,,,0
b2,5to10Traces/0049.trace,5to10Traces,macro,30438c7936428af7ad72cc1315ea699c8be91d6b2fd954c32d5ece0bc742772d,0ef52dddff9ea1c4f1d65b34f23e7b528a2f8e9e,18,2,0,8,3,12,50,10,10,10.0,,MIN_EXPANDED_SIZE,SAT,66.11670541500098,PASSED,REUSED_E4,E4_REUSED,0,22223,1375729,3328775,,,127875,1,c09ce41527b680a7f4109b4c9f362ebb392d86b2ff7b8f3a3e6855b2fa1a0773,1,78,174,46,8,3,1.0,2,3,3,,0
b2,5to10Traces/0050.trace,5to10Traces,atlas-b,e8a823e3c3a7b888a9cbb620f2002d454a22f181ad3c3d6bad1204fb0f76904b,0ef52dddff9ea1c4f1d65b34f23e7b528a2f8e9e,18,2,0,8,3,75,75,5,5,5.0,,MIN_EXPANDED_SIZE,TIMEOUT,180.15658324000015,IN_PROGRESS,TRANSLATED_ONLY,TRANSLATE_ONLY,1,12320,1116557,3665521,,,37139,1,86c6c235931a052b3d0738038e0785d1a2b82507529e2a1f53063d2ea522208e,,,,,,,,,,,,4.721014716999889
b2,5to10Traces/0050.trace,5to10Traces,macro,e8a823e3c3a7b888a9cbb620f2002d454a22f181ad3c3d6bad1204fb0f76904b,0ef52dddff9ea1c4f1d65b34f23e7b528a2f8e9e,18,2,0,8,3,75,75,5,5,5.0,,MIN_EXPANDED_SIZE,SAT,80.69513191800002,PASSED,REUSED_E4,E4_REUSED,0,25451,1377099,2921949,,,82833,1,a5040fd64ab57b48deb0133b0b0ddd9d9d4f575485d7384ef5c8de636325f7ad,1,58,174,36,8,3,1.0,1,3,3,,0
b2,5to10Traces/0051.trace,5to10Traces,atlas-b,73f4ee93b2ae99232e726fb217d7d554449a94a0e373248232b5425de7aed882,0ef52dddff9ea1c4f1d65b34f23e7b528a2f8e9e,18,2,0,8,3,10,75,10,10,10.0,,MIN_EXPANDED_SIZE,TIMEOUT,180.24438588699923,IN_PROGRESS,TRANSLATED_ONLY,TRANSLATE_ONLY,1,18170,2387762,8191456,,,33664,1,d5ed93d752df727a82d687c169140865040c1f037b009fc6fcbab0a0aa05115f,,,,,,,,,,,,12.332409394000024
b2,5to10Traces/0051.trace,5to10Traces,macro,73f4ee93b2ae99232e726fb217d7d554449a94a0e373248232b5425de7aed882,0ef52dddff9ea1c4f1d65b34f23e7b528a2f8e9e,18,2,0,8,3,10,75,10,10,10.0,,MIN_EXPANDED_SIZE,SAT,160.59481774899996,PASSED,REUSED_E4,E4_REUSED,0,29483,1825197,4355684,,,153501,1,1a4fdd2f7caeba9015415cd32d6519496e9c95cb264057be43b3bca0af27ea41,1,78,174,46,8,3,1.0,2,3,3,,0
b2,5to10Traces/0052.trace,5to10Traces,atlas-b,91ff15f195ca072afe71e536812bb9f6c402c6f3e2f227a1c1997ddd407c5988,0ef52dddff9ea1c4f1d65b34f23e7b528a2f8e9e,18,2,0,8,3,100,100,5,5,5.0,,MIN_EXPANDED_SIZE,TIMEOUT,180.1733771069994,IN_PROGRESS,TRANSLATED_ONLY,TRANSLATE_ONLY,1,16320,1485957,4878346,,,48689,1,7fe54d1e282b09f42b8f673df1627f4c59903bae3ec8cfe49a031cdca4c4c6be,,,,,,,,,,,,8.026430211999468
b2,5to10Traces/0052.trace,5to10Traces,macro,91ff15f195ca072afe71e536812bb9f6c402c6f3e2f227a1c1997ddd407c5988,0ef52dddff9ea1c4f1d65b34f23e7b528a2f8e9e,18,2,0,8,3,100,100,5,5,5.0,,MIN_EXPANDED_SIZE,SAT,101.94759540199993,PASSED,REUSED_E4,E4_REUSED,0,32942,1797427,3784877,,,92669,1,9275ea578d5084c28d7f5bc989248602c34b2ea139a58d4fcb0f95e561fb24b8,1,58,174,36,8,3,1.0,2,3,3,,0
b2,5to10Traces/0053.trace,5to10Traces,atlas-b,e7248279f2a15a5de11d23fd419dd208c9e4f00722658331d9ffea70eb2a14f3,0ef52dddff9ea1c4f1d65b34f23e7b528a2f8e9e,18,2,0,8,3,16,100,10,10,10.0,,MIN_EXPANDED_SIZE,TIMEOUT,180.32882913899994,IN_PROGRESS,TRANSLATED_ONLY,TRANSLATE_ONLY,1,24680,3255545,11169062,,,45010,1,01357f499af5f3f797dd9856587671c0b5bf9bc18c15c29a15b2611e778faa78,,,,,,,,,,,,16.038023137999517
b2,5to10Traces/0053.trace,5to10Traces,macro,e7248279f2a15a5de11d23fd419dd208c9e4f00722658331d9ffea70eb2a14f3,0ef52dddff9ea1c4f1d65b34f23e7b528a2f8e9e,18,2,0,8,3,16,100,10,10,10.0,,MIN_EXPANDED_SIZE,TIMEOUT,180.2247242859994,IN_PROGRESS,TRANSLATED_ONLY,TRANSLATE_ONLY,1,39779,2440591,5785987,,,161176,1,fa76712b887c54f549d1a2c8c96febbbe9951be2f177ff28431818b8bc186f9b,1,78,174,46,8,,,,,,,15.385477571999218
b2,5to10Traces/0054.trace,5to10Traces,atlas-b,cdef96667f3e06b99fe679140c3e1979c0841dfc1c39b27629fcb3bb58e25741,0ef52dddff9ea1c4f1d65b34f23e7b528a2f8e9e,18,2,0,8,3,125,125,5,5,5.0,,MIN_EXPANDED_SIZE,TIMEOUT,180.19045383900084,IN_PROGRESS,TRANSLATED_ONLY,TRANSLATE_ONLY,1,20320,1855356,6091170,,,60289,1,b1a273eccbe50fc380c202e00ad0062f6f782b128773d9bc73db2043edcd8473,,,,,,,,,,,,9.928698054000051
b2,5to10Traces/0054.trace,5to10Traces,macro,cdef96667f3e06b99fe679140c3e1979c0841dfc1c39b27629fcb3bb58e25741,0ef52dddff9ea1c4f1d65b34f23e7b528a2f8e9e,18,2,0,8,3,125,125,5,5,5.0,,MIN_EXPANDED_SIZE,SAT,138.37059616399983,PASSED,REUSED_E4,E4_REUSED,0,41027,2280120,4852123,,,104726,1,ebe0c4c8d363c947b2b2e76872241cbfbc829fe5109224b7dbba0ed90d24fb85,1,58,174,36,8,3,1.0,1,3,3,,0
b2,5to10Traces/0055.trace,5to10Traces,atlas-b,6ac3094d3b73be048f62252ce02bec18ad576cacbd3f2032dd829ad3d37a8888,0ef52dddff9ea1c4f1d65b34f23e7b528a2f8e9e,18,2,0,8,3,23,125,10,10,10.0,,MIN_EXPANDED_SIZE,TIMEOUT,180.3187483820002,IN_PROGRESS,TRANSLATED_ONLY,TRANSLATE_ONLY,1,31400,4151321,14242719,,,56747,1,74dde90e47a4084b97a8589bac52c1a318e434124e5675c05a2c542d0f57ffb3,,,,,,,,,,,,22.5444710390002
b2,5to10Traces/0055.trace,5to10Traces,macro,6ac3094d3b73be048f62252ce02bec18ad576cacbd3f2032dd829ad3d37a8888,0ef52dddff9ea1c4f1d65b34f23e7b528a2f8e9e,18,2,0,8,3,23,125,10,10,10.0,,MIN_EXPANDED_SIZE,TIMEOUT,180.2931578810003,IN_PROGRESS,TRANSLATED_ONLY,TRANSLATE_ONLY,1,49910,3203900,7701024,,,175139,1,4262928950b7a9ceeba85d5db5a3af67c856827299046659684d52049916d62c,1,78,174,46,8,,,,,,,22.21382006300064
b2,5to10Traces/0056.trace,5to10Traces,atlas-b,20f4e14ed1677bec1373dcd944e30d8cfc45c5fa4e2a9e72082654e3c7c07d55,0ef52dddff9ea1c4f1d65b34f23e7b528a2f8e9e,18,2,0,8,3,150,150,5,5,5.0,,MIN_EXPANDED_SIZE,TIMEOUT,180.27425986700018,IN_PROGRESS,TRANSLATED_ONLY,TRANSLATE_ONLY,1,24320,2224756,7303995,,,71889,1,be2da4eb280f20911815964610e5ae4828a2f21866bd5bda8eb3700cc20a200e,,,,,,,,,,,,8.977662541999962
b2,5to10Traces/0056.trace,5to10Traces,macro,20f4e14ed1677bec1373dcd944e30d8cfc45c5fa4e2a9e72082654e3c7c07d55,0ef52dddff9ea1c4f1d65b34f23e7b528a2f8e9e,18,2,0,8,3,150,150,5,5,5.0,,MIN_EXPANDED_SIZE,TIMEOUT,180.2408226059997,IN_PROGRESS,TRANSLATED_ONLY,TRANSLATE_ONLY,1,48914,2719194,5752244,,,115249,1,ab423a4bd78ff6b190432edafb93924856ef5911d77b0c683b03a9f26779718d,1,58,174,36,8,,,,,,,18.893636446000528
b2,5to10Traces/0057.trace,5to10Traces,atlas-b,23eef4fd79d5c9dca6054fb5076ba2e9ca74f1c58562f751761a687cb97c8225,0ef52dddff9ea1c4f1d65b34f23e7b528a2f8e9e,18,2,0,8,3,23,150,10,10,10.0,,MIN_EXPANDED_SIZE,TIMEOUT,180.2867300050002,IN_PROGRESS,TRANSLATED_ONLY,TRANSLATE_ONLY,1,36650,4851146,16644019,,,65922,1,a10fe5eed9b828e94b33895b7fb2e17bb92c6357a33e5a7789af851916cac7d6,,,,,,,,,,,,25.90645321000011
b2,5to10Traces/0057.trace,5to10Traces,macro,23eef4fd79d5c9dca6054fb5076ba2e9ca74f1c58562f751761a687cb97c8225,0ef52dddff9ea1c4f1d65b34f23e7b528a2f8e9e,18,2,0,8,3,23,150,10,10,10.0,,MIN_EXPANDED_SIZE,TIMEOUT,180.24763009400021,IN_PROGRESS,TRANSLATED_ONLY,TRANSLATE_ONLY,1,58160,3695117,8846063,,,181715,1,1d040000ab5e62fb749e58e704c87f936b2210d4f30052c79c89bba1d3f47df4,1,78,174,46,8,,,,,,,23.06632283699946
b2,5to10Traces/0058.trace,5to10Traces,atlas-b,ca7e3124f44c2b26b59839f88d1effc0bb59258816a64d1e31a04caed2a3c093,0ef52dddff9ea1c4f1d65b34f23e7b528a2f8e9e,18,2,0,8,3,175,175,5,5,5.0,,MIN_EXPANDED_SIZE,TIMEOUT,180.22138904599979,IN_PROGRESS,TRANSLATED_ONLY,TRANSLATE_ONLY,1,28320,2594156,8516820,,,83489,1,9e46d43bcf3d6a6988e5274e573007aead45a9f8cdad186f40d462a3ca59ee0d,,,,,,,,,,,,14.285675605000506
b2,5to10Traces/0058.trace,5to10Traces,macro,ca7e3124f44c2b26b59839f88d1effc0bb59258816a64d1e31a04caed2a3c093,0ef52dddff9ea1c4f1d65b34f23e7b528a2f8e9e,18,2,0,8,3,175,175,5,5,5.0,,MIN_EXPANDED_SIZE,TIMEOUT,180.28668728799857,IN_PROGRESS,TRANSLATED_ONLY,TRANSLATE_ONLY,1,55316,3076375,6485054,,,127964,1,e7025c57a1e8e04a0c3d376067eae8ea8324d3d6213e9e396944e85f182dcc50,1,58,174,36,8,,,,,,,21.54666935500063
b2,5to10Traces/0059.trace,5to10Traces,atlas-b,1a57e62a9cd8a4b5a550a414264c541abedfaf0ecb8a6cc02a6fec1bd623c0b0,0ef52dddff9ea1c4f1d65b34f23e7b528a2f8e9e,18,2,0,8,3,39,175,10,10,10.0,,MIN_EXPANDED_SIZE,TIMEOUT,180.36873480400027,IN_PROGRESS,TRANSLATED_ONLY,TRANSLATE_ONLY,1,45260,5998859,20582135,,,80953,1,4f616f4cdf0ca47d1460ae551869e62e130dba615bd946eaa631f4c6678aa03b,,,,,,,,,,,,31.16283734099943
b2,5to10Traces/0059.trace,5to10Traces,macro,1a57e62a9cd8a4b5a550a414264c541abedfaf0ecb8a6cc02a6fec1bd623c0b0,0ef52dddff9ea1c4f1d65b34f23e7b528a2f8e9e,18,2,0,8,3,39,175,10,10,10.0,,MIN_EXPANDED_SIZE,TIMEOUT,180.2562994789987,IN_PROGRESS,TRANSLATED_ONLY,TRANSLATE_ONLY,1,71393,4550596,10857472,,,203956,1,313fbad6c929f885a69c316110d4cffdbae27af01d124a4e8ad4b3f21960a819,1,78,174,46,8,,,,,,,32.315071107999756
b2,5to10Traces/0060.trace,5to10Traces,atlas-b,89c502bda45cb21889bc87970c566b7ec35390aff17b424c7cec9d21e656c633,0ef52dddff9ea1c4f1d65b34f23e7b528a2f8e9e,18,2,0,8,3,200,200,5,5,5.0,,MIN_EXPANDED_SIZE,TIMEOUT,180.30173458100035,IN_PROGRESS,TRANSLATED_ONLY,TRANSLATE_ONLY,1,32320,2963555,9729644,,,95089,1,8b1bb168031ce84e9c9cf6ede71dde236ab85c3f100c9d477596167dbe4e0a22,,,,,,,,,,,,13.784067064999363
b2,5to10Traces/0060.trace,5to10Traces,macro,89c502bda45cb21889bc87970c566b7ec35390aff17b424c7cec9d21e656c633,0ef52dddff9ea1c4f1d65b34f23e7b528a2f8e9e,18,2,0,8,3,200,200,5,5,5.0,,MIN_EXPANDED_SIZE,TIMEOUT,180.30036989399923,IN_PROGRESS,TRANSLATED_ONLY,TRANSLATE_ONLY,1,64160,3597102,7614848,,,136993,1,efe1df4f42d6177aefed8f711a81d97a0fcb53d5fd9d328a8984429c1d6be1f8,1,58,174,36,8,,,,,,,23.498465286000283
b2,5to10Traces/0061.trace,5to10Traces,atlas-b,b0f1a823becc45ec700901a4d17a8fb4a2747ae6558a0a7ee75914e2a8bf19c2,0ef52dddff9ea1c4f1d65b34f23e7b528a2f8e9e,18,2,0,8,3,42,200,10,10,10.0,,MIN_EXPANDED_SIZE,TIMEOUT,180.46781865699995,IN_PROGRESS,TRANSLATED_ONLY,TRANSLATE_ONLY,1,51140,6782663,23271588,,,91226,1,e34863e10df9c671ac5dea4e57e3d6fe6cddc9b24cbc27ccd52ae036b678691b,,,,,,,,,,,,32.408503746999486
b2,5to10Traces/0061.trace,5to10Traces,macro,b0f1a823becc45ec700901a4d17a8fb4a2747ae6558a0a7ee75914e2a8bf19c2,0ef52dddff9ea1c4f1d65b34f23e7b528a2f8e9e,18,2,0,8,3,42,200,10,10,10.0,,MIN_EXPANDED_SIZE,TIMEOUT,180.37977592300012,IN_PROGRESS,TRANSLATED_ONLY,TRANSLATE_ONLY,1,80171,5136813,12284789,,,216984,1,626cbe3e77bcff1d6379e91da55536fa63f9d2b0e91a55bb05777ca18a3f154c,1,78,174,46,8,,,,,,,33.314143273999434
b2,5to10Traces/0062.trace,5to10Traces,atlas-b,659578e22d18330e18c4bd6eac4e1e2a4cc66cc0b6764d215dba3d25570d0d4e,0ef52dddff9ea1c4f1d65b34f23e7b528a2f8e9e,18,2,0,8,3,225,225,5,5,5.0,,MIN_EXPANDED_SIZE,TIMEOUT,180.3149293890001,IN_PROGRESS,TRANSLATED_ONLY,TRANSLATE_ONLY,1,36320,3332954,10942468,,,106689,1,a6611aa1f58ae8b1b185217d1eedc7fb2c3e202e779e875fbaa37f7309750430,,,,,,,,,,,,19.446345987000313
b2,5to10Traces/0062.trace,5to10Traces,macro,659578e22d18330e18c4bd6eac4e1e2a4cc66cc0b6764d215dba3d25570d0d4e,0ef52dddff9ea1c4f1d65b34f23e7b528a2f8e9e,18,2,0,8,3,225,225,5,5,5.0,,MIN_EXPANDED_SIZE,TIMEOUT,180.2597190900001,IN_PROGRESS,TRANSLATED_ONLY,TRANSLATE_ONLY,1,72377,4059799,8584893,,,144047,1,30dc93fc0d3fc8af66b48054673674af648c53b9d212d5fb19b61c49e6788aca,1,58,174,36,8,,,,,,,26.803518147999966
b2,5to10Traces/0063.trace,5to10Traces,atlas-b,2ce63ff5e34cef24daee6a38e21f61b2a9b228d75356b8ec857a53c0be00c773,0ef52dddff9ea1c4f1d65b34f23e7b528a2f8e9e,18,2,0,8,3,56,225,10,10,10.0,,MIN_EXPANDED_SIZE,TIMEOUT,180.5750721689983,IN_PROGRESS,TRANSLATED_ONLY,TRANSLATE_ONLY,1,59330,7874390,27017602,,,105525,1,14f883dc56853eecc94a05a9771021011f4fbc34dd359a4461b4839fb0c1f1c8,,,,,,,,,,,,37.42401015199994
b2,5to10Traces/0063.trace,5to10Traces,macro,2ce63ff5e34cef24daee6a38e21f61b2a9b228d75356b8ec857a53c0be00c773,0ef52dddff9ea1c4f1d65b34f23e7b528a2f8e9e,18,2,0,8,3,56,225,10,10,10.0,,MIN_EXPANDED_SIZE,TIMEOUT,180.31694080599982,IN_PROGRESS,TRANSLATED_ONLY,TRANSLATE_ONLY,1,92777,5947028,14190629,,,243368,1,6d930d102f082964358a80a72dbae406199f39675a87312e0837407a1d89dcce,1,78,174,46,8,,,,,,,42.1249937169996
b2,5to10Traces/0064.trace,5to10Traces,atlas-b,4739f9e06f3c05ec3596ff9831d461a251a6384e5b72166a6596b77e3f6fe6b3,0ef52dddff9ea1c4f1d65b34f23e7b528a2f8e9e,18,2,0,8,3,250,250,5,5,5.0,,MIN_EXPANDED_SIZE,TIMEOUT,180.30701945200053,IN_PROGRESS,TRANSLATED_ONLY,TRANSLATE_ONLY,1,40320,3702355,12155294,,,118289,1,23f7fe039383166e190c2842602df8ccad0e2a20b95256139bde471b56cbbdcf,,,,,,,,,,,,18.34128915800011
b2,5to10Traces/0064.trace,5to10Traces,macro,4739f9e06f3c05ec3596ff9831d461a251a6384e5b72166a6596b77e3f6fe6b3,0ef52dddff9ea1c4f1d65b34f23e7b528a2f8e9e,18,2,0,8,3,250,250,5,5,5.0,,MIN_EXPANDED_SIZE,TIMEOUT,180.27381448300002,IN_PROGRESS,TRANSLATED_ONLY,TRANSLATE_ONLY,1,79736,4498433,9543616,,,157969,1,884fc85336621a857382b20ea92516a909ea2905263915ec16d92a2d99729d28,1,58,174,36,8,,,,,,,27.55586682900048
b2,5to10Traces/0065.trace,5to10Traces,atlas-b,2f6f12b0ce96437e99643656a191987fe3e29e5ea11200883df97544dbeaa31f,0ef52dddff9ea1c4f1d65b34f23e7b528a2f8e9e,18,2,0,8,3,46,250,10,10,10.0,,MIN_EXPANDED_SIZE,TIMEOUT,180.5250343429998,IN_PROGRESS,TRANSLATED_ONLY,TRANSLATE_ONLY,1,62480,8294285,28458392,,,111040,1,1aece97150db4ecf116233cf524bcec7b61e28fcd9820039445cea972ea072f3,,,,,,,,,,,,46.483571705999566
b2,5to10Traces/0065.trace,5to10Traces,macro,2f6f12b0ce96437e99643656a191987fe3e29e5ea11200883df97544dbeaa31f,0ef52dddff9ea1c4f1d65b34f23e7b528a2f8e9e,18,2,0,8,3,46,250,10,10,10.0,,MIN_EXPANDED_SIZE,TIMEOUT,180.35552543499944,IN_PROGRESS,TRANSLATED_ONLY,TRANSLATE_ONLY,1,97892,6271307,14931180,,,249689,1,2a4d232639d76d9f947b992ac99d77cb5ac49ee3d5acec125f1b468e9e5eec6a,1,78,174,46,8,,,,,,,43.93858355700013
b2,5to10Traces/0066.trace,5to10Traces,atlas-b,be366ea181bd705203673a02f3beb9307e2b7f2428e44e84f12e6d02991f1a4e,0ef52dddff9ea1c4f1d65b34f23e7b528a2f8e9e,18,2,0,8,3,5,5,5,5,5.0,,MIN_EXPANDED_SIZE,SAT,1.6545555960001366,PASSED,REUSED_E4,E4_REUSED,0,1120,82237,269611,,,4809,1,fb499769de58cfbb85ad5056dfa6862bc81971b37a1170ab6881ac0c3e3f52bb,,,,,8,,,,,,,0
b2,5to10Traces/0066.trace,5to10Traces,macro,be366ea181bd705203673a02f3beb9307e2b7f2428e44e84f12e6d02991f1a4e,0ef52dddff9ea1c4f1d65b34f23e7b528a2f8e9e,18,2,0,8,3,5,5,5,5,5.0,,MIN_EXPANDED_SIZE,SAT,1.2506315919999906,PASSED,REUSED_E4,E4_REUSED,0,554,11229,21561,,,14234,1,6c0c465667158131f0bbc51cf2ad71d0e92e5d06ec2d585daced4f38066b990a,1,58,174,5,2,1,1.0,1,1,1,,0
b2,5to10Traces/0068.trace,5to10Traces,atlas-b,b8c4141464e79c6eaaed0c2f296370039049719c1228e7e6b019fc381050f8a2,0ef52dddff9ea1c4f1d65b34f23e7b528a2f8e9e,18,2,0,8,3,25,25,5,5,5.0,,MIN_EXPANDED_SIZE,TIMEOUT,180.08142386100008,IN_PROGRESS,TRANSLATED_ONLY,TRANSLATE_ONLY,1,4320,377757,1239871,,,14039,1,15b8921a73e635841484bf9552e9b818eacf13c939f7ddce8ac51ece79c2a54f,,,,,,,,,,,,2.668309804999808
b2,5to10Traces/0068.trace,5to10Traces,macro,b8c4141464e79c6eaaed0c2f296370039049719c1228e7e6b019fc381050f8a2,0ef52dddff9ea1c4f1d65b34f23e7b528a2f8e9e,18,2,0,8,3,25,25,5,5,5.0,,MIN_EXPANDED_SIZE,SAT,53.55928005800024,PASSED,REUSED_E4,E4_REUSED,0,9479,466149,999075,,,57450,1,4def4a8004e0e3370f509f9086bb9071b3300f53629162a90051e1cdcb35acc4,1,58,174,36,8,3,0.3333333333333333,1,5,6,,0
b2,5to10Traces/0069.trace,5to10Traces,atlas-b,69f6ca91822c321e18396ab634066518e44a44b6f64bdfeb4c83956d8a4095f6,0ef52dddff9ea1c4f1d65b34f23e7b528a2f8e9e,18,2,0,8,3,25,2,10,10,10.0,,MIN_EXPANDED_SIZE,SAT,6.490260601000045,PASSED,REUSED_E4,E4_REUSED,0,5990,764168,2620425,,,12444,1,8012664c868cf5437b7c0b8378467c43835c8899db72c63b849591d67ca48734,,,,,8,,,,,,,0
b2,5to10Traces/0069.trace,5to10Traces,macro,69f6ca91822c321e18396ab634066518e44a44b6f64bdfeb4c83956d8a4095f6,0ef52dddff9ea1c4f1d65b34f23e7b528a2f8e9e,18,2,0,8,3,25,2,10,10,10.0,,MIN_EXPANDED_SIZE,SAT,1.8504339350000691,PASSED,REUSED_E4,E4_REUSED,0,2525,49649,110933,,,30212,1,8475813da59cc849841fcbae1286747894722dcc9fcdec94f12104608f50131f,1,78,174,5,2,1,1.0,1,1,1,,0
b2,5to10Traces/0070.trace,5to10Traces,atlas-b,a5e13ab1eb3be7dc2415e0c02ec5362d6e303166b8c91d28a3670fa657d6279d,0ef52dddff9ea1c4f1d65b34f23e7b528a2f8e9e,18,2,0,8,3,50,50,5,5,5.0,,MIN_EXPANDED_SIZE,TIMEOUT,180.11717449000025,IN_PROGRESS,TRANSLATED_ONLY,TRANSLATE_ONLY,1,8320,747157,2452696,,,25589,1,11ca17c42436525cad3494f3ad06b165bcc806d6fac9caea51eb501ba694fc8c,,,,,,,,,,,,4.170795963999808
b2,5to10Traces/0070.trace,5to10Traces,macro,a5e13ab1eb3be7dc2415e0c02ec5362d6e303166b8c91d28a3670fa657d6279d,0ef52dddff9ea1c4f1d65b34f23e7b528a2f8e9e,18,2,0,8,3,50,50,5,5,5.0,,MIN_EXPANDED_SIZE,SAT,117.24768112600032,PASSED,REUSED_E4,E4_REUSED,0,17168,905847,1919753,,,70134,1,ac585b0ed83c34a7d3911cef750ee788a91a5e3918d28c232a9489c42b87513c,1,58,174,36,8,2,0.6,1,4,5,,0
b2,5to10Traces/0071.trace,5to10Traces,atlas-b,46b83e7e6b53a7da44fc411f1088825e0272c13e8143b4c9eeeb2ef3d110cb26,0ef52dddff9ea1c4f1d65b34f23e7b528a2f8e9e,18,2,0,8,3,50,8,10,10,10.0,,MIN_EXPANDED_SIZE,SAT,81.19796074199985,PASSED,REUSED_E4,E4_REUSED,0,12500,1631951,5598012,,,23784,1,491c0dd56c3148de01534525a3c7aa0327353645cc2f2c447588e1421d4f18ea,,,,,8,,,,,,,0
b2,5to10Traces/0071.trace,5to10Traces,macro,46b83e7e6b53a7da44fc411f1088825e0272c13e8143b4c9eeeb2ef3d110cb26,0ef52dddff9ea1c4f1d65b34f23e7b528a2f8e9e,18,2,0,8,3,50,8,10,10,10.0,,MIN_EXPANDED_SIZE,SAT,35.976796984999964,PASSED,REUSED_E4,E4_REUSED,0,20573,1211772,2867896,,,139695,1,70596739fe101701398488335fa9be348ede266adbcc56d61078994f73a6e592,1,78,174,46,8,2,0.6666666666666666,1,3,3,,0
b2,5to10Traces/0072.trace,5to10Traces,atlas-b,5a765703a495b808f153726282d69d93ac2f988c6a385bfc19d5234ff374d7f4,0ef52dddff9ea1c4f1d65b34f23e7b528a2f8e9e,18,2,0,8,3,75,75,5,5,5.0,,MIN_EXPANDED_SIZE,TIMEOUT,180.1350613069999,IN_PROGRESS,TRANSLATED_ONLY,TRANSLATE_ONLY,1,12320,1116557,3665521,,,37139,1,906f6edb566e58a44f1bb655db861e2e966d325d28d43e51de96c6b7a410cd77,,,,,,,,,,,,4.671210655000323
b2,5to10Traces/0072.trace,5to10Traces,macro,5a765703a495b808f153726282d69d93ac2f988c6a385bfc19d5234ff374d7f4,0ef52dddff9ea1c4f1d65b34f23e7b528a2f8e9e,18,2,0,8,3,75,75,5,5,5.0,,MIN_EXPANDED_SIZE,TIMEOUT,180.08732566599974,PASSED,REUSED_E4,E4_REUSED,0,25583,1390257,2955771,,,83422,1,5b677422451028518a10dc92c72874a51d065352871d8978d4725b1df4b27f3c,1,58,174,36,8,,,,,,,0
b2,5to10Traces/0073.trace,5to10Traces,atlas-b,796cc73a47026adb51fe9c60fc5a6bf2fab504caa9bf10868738968b723c7858,0ef52dddff9ea1c4f1d65b34f23e7b528a2f8e9e,18,2,0,8,3,75,13,10,10,10.0,,MIN_EXPANDED_SIZE,SAT,106.26332112799992,PASSED,REUSED_E4,E4_REUSED,0,18800,2471741,8479547,,,34762,1,8ac37546b32acabb0c7b82244bd969593fb516cf0eaf672befc41c38e75f8032,,,,,8,,,,,,,0
b2,5to10Traces/0073.trace,5to10Traces,macro,796cc73a47026adb51fe9c60fc5a6bf2fab504caa9bf10868738968b723c7858,0ef52dddff9ea1c4f1d65b34f23e7b528a2f8e9e,18,2,0,8,3,75,13,10,10,10.0,,MIN_EXPANDED_SIZE,SAT,88.3137777070001,PASSED,REUSED_E4,E4_REUSED,0,30605,1899127,4547775,,,147010,1,18c4afce76ee4f8e461b583074d4db246290e57cafb0f0d8fcddd87b75fdd342,1,78,174,46,8,2,0.6666666666666666,1,3,3,,0
b2,5to10Traces/0074.trace,5to10Traces,atlas-b,17a8172a264c432b22b6195f94909869d4a7b32b69d4fe159beebda0c06d060c,0ef52dddff9ea1c4f1d65b34f23e7b528a2f8e9e,18,2,0,8,3,100,100,5,5,5.0,,MIN_EXPANDED_SIZE,TIMEOUT,180.18140305999987,IN_PROGRESS,TRANSLATED_ONLY,TRANSLATE_ONLY,1,16320,1485957,4878346,,,48689,1,513c613d8f5bedce8268c48608cf8f99c8bebb61d0d0ed0aa5b395af6e623e6d,,,,,,,,,,,,7.725907466000535
b2,5to10Traces/0074.trace,5to10Traces,macro,17a8172a264c432b22b6195f94909869d4a7b32b69d4fe159beebda0c06d060c,0ef52dddff9ea1c4f1d65b34f23e7b528a2f8e9e,18,2,0,8,3,100,100,5,5,5.0,,MIN_EXPANDED_SIZE,TIMEOUT,180.19580395899993,IN_PROGRESS,TRANSLATED_ONLY,TRANSLATE_ONLY,1,33107,1821770,3859832,,,98431,1,431ac95316ca7c73b853deaae58cff3c65053cd59e2964cb06c84b3b896cf16e,1,58,174,36,8,,,,,,,13.887664167000366
b2,5to10Traces/0075.trace,5to10Traces,atlas-b,839c7f703e8cdbddd265b823b571ea03e2daca58a23f1493feff60c796373619,0ef52dddff9ea1c4f1d65b34f23e7b528a2f8e9e,18,2,0,8,3,100,22,10,10,10.0,,MIN_EXPANDED_SIZE,SAT,67.80401813599929,PASSED,REUSED_E4,E4_REUSED,0,25940,3423503,11745290,,,47206,1,a78d092be6f119d3a1a0507c4d7e8f66515a4039cc7dcc42f3d22ac55ec26380,,,,,8,,,,,,,0
b2,5to10Traces/0075.trace,5to10Traces,macro,839c7f703e8cdbddd265b823b571ea03e2daca58a23f1493feff60c796373619,0ef52dddff9ea1c4f1d65b34f23e7b528a2f8e9e,18,2,0,8,3,100,22,10,10,10.0,,MIN_EXPANDED_SIZE,SAT,111.57244979900133,PASSED,REUSED_E4,E4_REUSED,0,41660,2612116,6246530,,,149078,1,824274fbeebf4d32343713997f186ba2317ffab80c1c4bf86f2bd3d2a896b327,1,78,174,46,8,2,0.6666666666666666,1,3,3,,0
b2,5to10Traces/0076.trace,5to10Traces,atlas-b,4a481963aaa32652946def7cfc9f5619c28a3cdab2e2e295fa79bcd026e61c82,0ef52dddff9ea1c4f1d65b34f23e7b528a2f8e9e,18,2,0,8,3,125,125,5,5,5.0,,MIN_EXPANDED_SIZE,TIMEOUT,180.23439923200021,IN_PROGRESS,TRANSLATED_ONLY,TRANSLATE_ONLY,1,20320,1855357,6091171,,,60289,1,72a21b5fcbd0353ae48e8caabe2192addec30c1e8242c2b183a652a72d74c552,,,,,,,,,,,,10.729398505999598
b2,5to10Traces/0076.trace,5to10Traces,macro,4a481963aaa32652946def7cfc9f5619c28a3cdab2e2e295fa79bcd026e61c82,0ef52dddff9ea1c4f1d65b34f23e7b528a2f8e9e,18,2,0,8,3,125,125,5,5,5.0,,MIN_EXPANDED_SIZE,TIMEOUT,180.22833939299971,IN_PROGRESS,TRANSLATED_ONLY,TRANSLATE_ONLY,1,41126,2289247,4883073,,,99389,1,6d053dc21b9945087aae2be7317a891b602a6bae619d4aa02b3343552d9abcc5,1,58,174,36,8,,,,,,,16.337157085999934
b2,5to10Traces/0077.trace,5to10Traces,atlas-b,37be0b9dadbe653282583062331b1d0b8c75f19c11d87996a10a06629585968b,0ef52dddff9ea1c4f1d65b34f23e7b528a2f8e9e,18,2,0,8,3,125,19,10,10,10.0,,MIN_EXPANDED_SIZE,TIMEOUT,180.29908704299987,IN_PROGRESS,TRANSLATED_ONLY,TRANSLATE_ONLY,1,30560,4039349,13858409,,,55283,1,0e5b61c81a06e35566722cefed55d86d0913fa6ec87de33bb081401955b24a76,,,,,,,,,,,,15.238677729999836
b2,5to10Traces/0077.trace,5to10Traces,macro,37be0b9dadbe653282583062331b1d0b8c75f19c11d87996a10a06629585968b,0ef52dddff9ea1c4f1d65b34f23e7b528a2f8e9e,18,2,0,8,3,125,19,10,10,10.0,,MIN_EXPANDED_SIZE,SAT,170.30190697500075,PASSED,REUSED_E4,E4_REUSED,0,48095,3039586,7274367,,,192126,1,74b4ec1bb20d8bb897780510e5d59d8b25c55709a2cb98965ad2397424d03ccc,1,78,174,46,8,2,0.6666666666666666,1,3,3,,0
b2,5to10Traces/0078.trace,5to10Traces,atlas-b,38647e132ee55de9993f8c59a208e35d4c2ce6487de2fac015c6509a0f9e6b3c,0ef52dddff9ea1c4f1d65b34f23e7b528a2f8e9e,18,2,0,8,3,150,150,5,5,5.0,,MIN_EXPANDED_SIZE,TIMEOUT,180.25830147800116,IN_PROGRESS,TRANSLATED_ONLY,TRANSLATE_ONLY,1,24320,2224756,7303995,,,71889,1,d8eb979d0ab7263138bcb9b66fe632d3d5d0794f98b4d55877ba2cc03e1f31cf,,,,,,,,,,,,9.12640584700057
b2,5to10Traces/0078.trace,5to10Traces,macro,38647e132ee55de9993f8c59a208e35d4c2ce6487de2fac015c6509a0f9e6b3c,0ef52dddff9ea1c4f1d65b34f23e7b528a2f8e9e,18,2,0,8,3,150,150,5,5,5.0,,MIN_EXPANDED_SIZE,TIMEOUT,180.219513494,IN_PROGRESS,TRANSLATED_ONLY,TRANSLATE_ONLY,1,48782,2713820,5760935,,,114419,1,6a9a624e7b4539dd45795443b156705dda1cfaecbbc3c1587386d19227aae2c3,1,58,174,36,8,,,,,,,19.244479822999892
b2,5to10Traces/0079.trace,5to10Traces,atlas-b,6b1f34756a919d6f363f39c71ab2178ce9a2b7c6a15cb0d3988ef8e04e59e7d3,0ef52dddff9ea1c4f1d65b34f23e7b528a2f8e9e,18,2,0,8,3,150,33,10,10,10.0,,MIN_EXPANDED_SIZE,TIMEOUT,180.3816780800007,IN_PROGRESS,TRANSLATED_ONLY,TRANSLATE_ONLY,1,38750,5131076,17604412,,,69582,1,7a1b057280a5b4de1a572629c25600a458886122cf7aa4f80237b391cd1768ae,,,,,,,,,,,,26.052068732999942
b2,5to10Traces/0079.trace,5to10Traces,macro,6b1f34756a919d6f363f39c71ab2178ce9a2b7c6a15cb0d3988ef8e04e59e7d3,0ef52dddff9ea1c4f1d65b34f23e7b528a2f8e9e,18,2,0,8,3,150,33,10,10,10.0,,MIN_EXPANDED_SIZE,TIMEOUT,180.28903073500078,IN_PROGRESS,TRANSLATED_ONLY,TRANSLATE_ONLY,1,61196,3895302,9314497,,,201913,1,3f22d79f2993535a99783e0b0efc15543ba45415265978f05e90a1dd038d39e9,1,78,174,46,8,,,,,,,27.906878060000054
b2,5to10Traces/0080.trace,5to10Traces,atlas-b,f2434042464636c57e3f95690a219a0e946ad0f386c0b30fe37d6445d6301399,0ef52dddff9ea1c4f1d65b34f23e7b528a2f8e9e,18,2,0,8,3,175,175,5,5,5.0,,MIN_EXPANDED_SIZE,TIMEOUT,180.29924556200058,IN_PROGRESS,TRANSLATED_ONLY,TRANSLATE_ONLY,1,28320,2594156,8516820,,,83489,1,880a56a8ed41a60eac52f6d014e03ca8a67c32ec8922df8dee65616953e7ed31,,,,,,,,,,,,14.287103546000253
b2,5to10Traces/0080.trace,5to10Traces,macro,f2434042464636c57e3f95690a219a0e946ad0f386c0b30fe37d6445d6301399,0ef52dddff9ea1c4f1d65b34f23e7b528a2f8e9e,18,2,0,8,3,175,175,5,5,5.0,,MIN_EXPANDED_SIZE,TIMEOUT,180.30543912400026,IN_PROGRESS,TRANSLATED_ONLY,TRANSLATE_ONLY,1,56735,3181663,6752545,,,122030,1,26ae63864a215bc5cea00f0dc87491526d982201425c71fdaac2555233874b1a,1,58,174,36,8,,,,,,,22.398387087999254
b2,5to10Traces/0081.trace,5to10Traces,atlas-b,708450a78b236ce7eaba4691c29adff08e77676f2cb2a2cda38d5b44d96f876a,0ef52dddff9ea1c4f1d65b34f23e7b528a2f8e9e,18,2,0,8,3,175,30,10,10,10.0,,MIN_EXPANDED_SIZE,SAT,171.713683304999,PASSED,REUSED_E4,E4_REUSED,0,43370,5746922,19717531,,,77659,1,5029d3fed8e5eada6fc87a8fb826d8697499ab3c5ef16940b2eb57f268630bfc,,,,,8,,,,,,,0
b2,5to10Traces/0081.trace,5to10Traces,macro,708450a78b236ce7eaba4691c29adff08e77676f2cb2a2cda38d5b44d96f876a,0ef52dddff9ea1c4f1d65b34f23e7b528a2f8e9e,18,2,0,8,3,175,30,10,10,10.0,,MIN_EXPANDED_SIZE,TIMEOUT,180.3565002080004,IN_PROGRESS,TRANSLATED_ONLY,TRANSLATE_ONLY,1,68522,4383280,10493347,,,208088,1,08b0da67871d436d1595218db5e56c26b11a10ec7c9d1d14fb60b86d9ba6f039,1,78,174,46,8,,,,,,,28.206159438000213
b2,5to10Traces/0082.trace,5to10Traces,atlas-b,4cd2b5c3744207c1bb88b4c6530198d66a9b5f692ade912133a82a8b55436b94,0ef52dddff9ea1c4f1d65b34f23e7b528a2f8e9e,18,2,0,8,3,200,200,5,5,5.0,,MIN_EXPANDED_SIZE,TIMEOUT,180.27809523299948,IN_PROGRESS,TRANSLATED_ONLY,TRANSLATE_ONLY,1,32320,2963554,9729644,,,95089,1,b357a0e52d8afe1512c69d495ca6aa23e8b77220f3fed7c4f025cb4273195af2,,,,,,,,,,,,13.844190458999947
b2,5to10Traces/0082.trace,5to10Traces,macro,4cd2b5c3744207c1bb88b4c6530198d66a9b5f692ade912133a82a8b55436b94,0ef52dddff9ea1c4f1d65b34f23e7b528a2f8e9e,18,2,0,8,3,200,200,5,5,5.0,,MIN_EXPANDED_SIZE,TIMEOUT,180.26860892500008,IN_PROGRESS,TRANSLATED_ONLY,TRANSLATE_ONLY,1,64622,3618485,7672688,,,136027,1,2a0e6eb7d870304a25a9d1229ac257b687056f4a20daa059288dec1225013f12,1,58,174,36,8,,,,,,,21.796257775999948
b2,5to10Traces/0083.trace,5to10Traces,atlas-b,0092a507c55a5a4282a41def1ce2999d755b8d97fb91d2fe0eded9a1fa81ffd8,0ef52dddff9ea1c4f1d65b34f23e7b528a2f8e9e,18,2,0,8,3,200,34,10,10,10.0,,MIN_EXPANDED_SIZE,TIMEOUT,180.38079707700035,IN_PROGRESS,TRANSLATED_ONLY,TRANSLATE_ONLY,1,49460,6558719,22503014,,,88298,1,a4f6478e858705bc0803b40169b0c5d0f0beaf814ec5e1b7d2f9de0a74f16dd3,,,,,,,,,,,,33.011342196999976
b2,5to10Traces/0083.trace,5to10Traces,macro,0092a507c55a5a4282a41def1ce2999d755b8d97fb91d2fe0eded9a1fa81ffd8,0ef52dddff9ea1c4f1d65b34f23e7b528a2f8e9e,18,2,0,8,3,200,34,10,10,10.0,,MIN_EXPANDED_SIZE,TIMEOUT,180.36494387699895,IN_PROGRESS,TRANSLATED_ONLY,TRANSLATE_ONLY,1,77795,5013407,11999988,,,221939,1,b1a0c725daa6e0c9c5d5555074566be46b570943f6592e3cfacbf402c22f98c3,1,78,174,46,8,,,,,,,37.12820956900032
b2,5to10Traces/0084.trace,5to10Traces,atlas-b,90b35332457b1de8f31e323bc011ba287b72e2f64855510dfd38861206238f9e,0ef52dddff9ea1c4f1d65b34f23e7b528a2f8e9e,18,2,0,8,3,225,225,5,5,5.0,,MIN_EXPANDED_SIZE,TIMEOUT,180.29360266599906,IN_PROGRESS,TRANSLATED_ONLY,TRANSLATE_ONLY,1,36320,3332955,10942469,,,106689,1,e524cbca8c6a824fe00521c2749746e75a0d2a5e3c2dd2ffde8386fae632f305,,,,,,,,,,,,19.090122745999906
b2,5to10Traces/0084.trace,5to10Traces,macro,90b35332457b1de8f31e323bc011ba287b72e2f64855510dfd38861206238f9e,0ef52dddff9ea1c4f1d65b34f23e7b528a2f8e9e,18,2,0,8,3,225,225,5,5,5.0,,MIN_EXPANDED_SIZE,TIMEOUT,180.26188067900148,IN_PROGRESS,TRANSLATED_ONLY,TRANSLATE_ONLY,1,72146,4044538,8568069,,,142011,1,9127b056bd2b68733d3229badcbe5ae43a348c7091efaddc1c009e5995f9409f,1,58,174,36,8,,,,,,,28.41505575100018
b2,5to10Traces/0085.trace,5to10Traces,atlas-b,962abce4353536cc3b40909494550e87ae35ec3d917b025b9727780e9074c2ac,0ef52dddff9ea1c4f1d65b34f23e7b528a2f8e9e,18,2,0,8,3,225,32,10,10,10.0,,MIN_EXPANDED_SIZE,TIMEOUT,180.45334799500006,IN_PROGRESS,TRANSLATED_ONLY,TRANSLATE_ONLY,1,54290,7202558,24712185,,,96741,1,37cb5d9c87502b1d72c99ef662c0c82d79d5413834c4f1f8710527482f652c3b,,,,,,,,,,,,37.62435431099948
b2,5to10Traces/0085.trace,5to10Traces,macro,962abce4353536cc3b40909494550e87ae35ec3d917b025b9727780e9074c2ac,0ef52dddff9ea1c4f1d65b34f23e7b528a2f8e9e,18,2,0,8,3,225,32,10,10,10.0,,MIN_EXPANDED_SIZE,SAT,151.081310182999,PASSED,REUSED_E4,E4_REUSED,0,85451,5470715,13072457,,,214630,1,c2fb417a540a00ddffaa22ccb9b663e100e7bb72b4e1c337e164a6ee1e1efafe,1,78,174,46,8,2,0.6666666666666666,1,3,3,,0
b2,5to10Traces/0086.trace,5to10Traces,atlas-b,929b50c651ec3b1e85ea1b9db831d7236326feb88b6dbd8e7feaa83ad80291f1,0ef52dddff9ea1c4f1d65b34f23e7b528a2f8e9e,18,2,0,8,3,250,250,5,5,5.0,,MIN_EXPANDED_SIZE,TIMEOUT,180.28545304900013,IN_PROGRESS,TRANSLATED_ONLY,TRANSLATE_ONLY,1,40320,3702355,12155294,,,118289,1,3c730af4664467b7126230d8ff568720a8fcc053a1eb8748bbbdbd5372d5574a,,,,,,,,,,,,15.787279907000084
b2,5to10Traces/0086.trace,5to10Traces,macro,929b50c651ec3b1e85ea1b9db831d7236326feb88b6dbd8e7feaa83ad80291f1,0ef52dddff9ea1c4f1d65b34f23e7b528a2f8e9e,18,2,0,8,3,250,250,5,5,5.0,,MIN_EXPANDED_SIZE,TIMEOUT,180.33835083300073,IN_PROGRESS,TRANSLATED_ONLY,TRANSLATE_ONLY,1,80000,4487138,9488057,,,152423,1,27bdab39d937b0ae72a5c8f3ffe487632553de51bb373cc6fa4adf69d4eb0fb1,1,58,174,36,8,,,,,,,27.302577000000383
b2,5to10Traces/0087.trace,5to10Traces,atlas-b,ba2473e07d4ef1cc752c3df0883e089989827b9dac948df541f3be6543952417,0ef52dddff9ea1c4f1d65b34f23e7b528a2f8e9e,18,2,0,8,3,250,36,10,10,10.0,,MIN_EXPANDED_SIZE,TIMEOUT,180.55027384099958,IN_PROGRESS,TRANSLATED_ONLY,TRANSLATE_ONLY,1,60380,8014355,27497668,,,107380,1,0100b7fe5a9ecde42d4fe5740f316fab6e22633abf1eb8d2eb751fc37a7977a9,,,,,,,,,,,,38.71912726299979
b2,5to10Traces/0087.trace,5to10Traces,macro,ba2473e07d4ef1cc752c3df0883e089989827b9dac948df541f3be6543952417,0ef52dddff9ea1c4f1d65b34f23e7b528a2f8e9e,18,2,0,8,3,250,36,10,10,10.0,,MIN_EXPANDED_SIZE,TIMEOUT,180.37871248599913,IN_PROGRESS,TRANSLATED_ONLY,TRANSLATE_ONLY,1,94328,6055749,14406077,,,247050,1,866000f415c43c623703dc3a8b1678716c4fe0cefdc815da5876b54074b2af06,1,78,174,46,8,,,,,,,44.2233157010005
b2,5to10Traces/0088.trace,5to10Traces,atlas-b,7a07ac4d8b0c8cb38deb1004b65846c157259ffb4f5548d7963544aac1cca8d2,0ef52dddff9ea1c4f1d65b34f23e7b528a2f8e9e,3,2,0,3,2,5,5,5,5,5.0,,MIN_EXPANDED_SIZE,SAT,1.1428172060004727,PASSED,REUSED_E4,E4_REUSED,0,581,21237,65175,,,4354,1,8ec39cf4dfdbac250b57bd8f1c41202275157539932fe7dd0421f9629a43e539,,,,,3,,,,,,,0
b2,5to10Traces/0088.trace,5to10Traces,macro,7a07ac4d8b0c8cb38deb1004b65846c157259ffb4f5548d7963544aac1cca8d2,0ef52dddff9ea1c4f1d65b34f23e7b528a2f8e9e,3,2,0,3,2,5,5,5,5,5.0,,MIN_EXPANDED_SIZE,SAT,1.140705945000036,PASSED,REUSED_E4,E4_REUSED,0,489,10077,19173,,,16410,1,d633a3ee156516353ecbe42893bc6d658729031663a297b3996557dd5830d577,1,22,24,5,2,1,1.0,1,1,1,,0
b2,5to10Traces/0090.trace,5to10Traces,atlas-b,aae4d3cc849f2b5a7e0584e99d69fb211c2f31bb4dc3fd6e19b24b8d24d723e7,0ef52dddff9ea1c4f1d65b34f23e7b528a2f8e9e,3,2,0,3,2,25,25,5,5,5.0,,MIN_EXPANDED_SIZE,SAT,2.135918590000074,PASSED,REUSED_E4,E4_REUSED,0,2581,101872,314951,,,11784,1,327a3802572718b42540fa8cd1b6762641c6be43722e62cae053bcfefd7645cd,,,,,3,,,,,,,0
b2,5to10Traces/0090.trace,5to10Traces,macro,aae4d3cc849f2b5a7e0584e99d69fb211c2f31bb4dc3fd6e19b24b8d24d723e7,0ef52dddff9ea1c4f1d65b34f23e7b528a2f8e9e,3,2,0,3,2,25,25,5,5,5.0,,MIN_EXPANDED_SIZE,SAT,1.763678195000466,PASSED,REUSED_E4,E4_REUSED,0,2010,45668,86213,,,30414,1,1ce1e643c0fe26e589e57d5334c2aa5e4a907c8b4a6a81f6ab36d01e7a57b25c,1,22,24,5,2,1,1.0,1,1,1,,0
b2,5to10Traces/0091.trace,5to10Traces,atlas-b,631f0c457dbe50cec8cf550316abcb72b4d5a50890fa3ebffe13f433ccc4b5cb,0ef52dddff9ea1c4f1d65b34f23e7b528a2f8e9e,3,2,0,3,2,25,2,10,10,10.0,,MIN_EXPANDED_SIZE,SAT,3.0647630370003753,PASSED,REUSED_E4,E4_REUSED,0,4131,256524,879935,,,10009,1,4fa4fe551566800eca8f385605eaeb98bfd9017ec89aace6dee8720d031f8177,,,,,3,,,,,,,0
b2,5to10Traces/0091.trace,5to10Traces,macro,631f0c457dbe50cec8cf550316abcb72b4d5a50890fa3ebffe13f433ccc4b5cb,0ef52dddff9ea1c4f1d65b34f23e7b528a2f8e9e,3,2,0,3,2,25,2,10,10,10.0,,MIN_EXPANDED_SIZE,SAT,2.0097695920012484,PASSED,REUSED_E4,E4_REUSED,0,2460,48060,106032,,,33791,1,cd67b13986bb08280410d730f1c96bb9dfb5306bc9036b3fb24da019e65ce2d3,1,22,24,5,2,1,1.0,1,1,1,,0
b2,5to10Traces/0092.trace,5to10Traces,atlas-b,62ea86f634cfac925dd12ebd7ea482b5fb3baeee8d14c5660c3a9644a3fa5912,0ef52dddff9ea1c4f1d65b34f23e7b528a2f8e9e,3,2,0,3,2,50,50,5,5,5.0,,MIN_EXPANDED_SIZE,SAT,3.0695874859998185,PASSED,REUSED_E4,E4_REUSED,0,5081,202661,627164,,,21054,1,ac7574cb705ef3ea8a11ade603d933d7461f3b1981168ed540eba01b844ba178,,,,,3,,,,,,,0
b2,5to10Traces/0092.trace,5to10Traces,macro,62ea86f634cfac925dd12ebd7ea482b5fb3baeee8d14c5660c3a9644a3fa5912,0ef52dddff9ea1c4f1d65b34f23e7b528a2f8e9e,3,2,0,3,2,50,50,5,5,5.0,,MIN_EXPANDED_SIZE,SAT,2.3647131670004455,PASSED,REUSED_E4,E4_REUSED,0,3495,80937,153230,,,37400,1,cba510e4976cf1757f9f4f2eecb8adb976f5853f1d88e8518a3dc413820ca78d,1,22,24,5,2,1,1.0,1,1,1,,0
b2,5to10Traces/0093.trace,5to10Traces,atlas-b,1f7a3bfe898eeb704830223ce1a03d66aa0a1819d554c73d9249e9e11f5f6416,0ef52dddff9ea1c4f1d65b34f23e7b528a2f8e9e,3,2,0,3,2,50,3,10,10,10.0,,MIN_EXPANDED_SIZE,SAT,4.733798696999656,PASSED,REUSED_E4,E4_REUSED,0,8031,502510,1724650,,,17184,1,c8e5d6a29b490d9e5c7733c2bf85cacbcb7e5716d8a83f0f61522b612f88475a,,,,,3,,,,,,,0
b2,5to10Traces/0093.trace,5to10Traces,macro,1f7a3bfe898eeb704830223ce1a03d66aa0a1819d554c73d9249e9e11f5f6416,0ef52dddff9ea1c4f1d65b34f23e7b528a2f8e9e,3,2,0,3,2,50,3,10,10,10.0,,MIN_EXPANDED_SIZE,SAT,2.401995338999768,PASSED,REUSED_E4,E4_REUSED,0,4656,92814,205776,,,46336,1,dccc4a8d00ddeb54f9f7f96a813e60545fcd976e713520f7365c7ba083dc827b,1,22,24,5,2,1,1.0,1,1,1,,0
b2,5to10Traces/0094.trace,5to10Traces,atlas-b,cf035066127ad327132c81cc964e05ab03813f8cd80476dd27099088393ab63a,0ef52dddff9ea1c4f1d65b34f23e7b528a2f8e9e,3,2,0,3,2,75,75,5,5,5.0,,MIN_EXPANDED_SIZE,SAT,3.7817514330000677,PASSED,REUSED_E4,E4_REUSED,0,7581,303457,939386,,,30316,1,25d5a17e262dad093978e658b348c18a34f65ae9f2332bfa00a4f4f816a51e82,,,,,3,,,,,,,0
b2,5to10Traces/0094.trace,5to10Traces,macro,cf035066127ad327132c81cc964e05ab03813f8cd80476dd27099088393ab63a,0ef52dddff9ea1c4f1d65b34f23e7b528a2f8e9e,3,2,0,3,2,75,75,5,5,5.0,,MIN_EXPANDED_SIZE,SAT,2.960348018001241,PASSED,REUSED_E4,E4_REUSED,0,5223,120521,227556,,,42036,1,e17cb305ed564b8a67c91ed02476980c13e7facc6de3934668a44f8099101c20,1,22,24,5,2,1,1.0,1,1,1,,0
b2,5to10Traces/0095.trace,5to10Traces,atlas-b,969646a38bc6bc704a38a19c2bc089befbedff76da85252b4f0454cf7ca53f0e,0ef52dddff9ea1c4f1d65b34f23e7b528a2f8e9e,3,2,0,3,2,75,6,10,10,10.0,,MIN_EXPANDED_SIZE,SAT,9.335372106999785,PASSED,REUSED_E4,E4_REUSED,0,12231,767418,2634345,,,24909,1,db46a02e6c473f5839952057db9d723ef9d6519a0db9658e1d8f9afae6e0a272,,,,,3,,,,,,,0
b2,5to10Traces/0095.trace,5to10Traces,macro,969646a38bc6bc704a38a19c2bc089befbedff76da85252b4f0454cf7ca53f0e,0ef52dddff9ea1c4f1d65b34f23e7b528a2f8e9e,3,2,0,3,2,75,6,10,10,10.0,,MIN_EXPANDED_SIZE,SAT,3.1797265680002056,PASSED,REUSED_E4,E4_REUSED,0,7104,141388,311248,,,56624,1,d3a4180f4cdcdae7fe66c73ae8f9f7a6067792438cba9deb17255e95547262cb,1,22,24,5,2,1,1.0,1,1,1,,0
b2,5to10Traces/0096.trace,5to10Traces,atlas-b,9e8986cbce62921405456d7978fa1091f428c3cedf59d10e01cb987e4c6c4ee6,0ef52dddff9ea1c4f1d65b34f23e7b528a2f8e9e,3,2,0,3,2,100,100,5,5,5.0,,MIN_EXPANDED_SIZE,SAT,4.504125219000343,PASSED,REUSED_E4,E4_REUSED,0,10081,404255,1251611,,,39674,1,ee1dd90574285c2d8faec027760c140503b6e3b95394424335524b4e5e3910bd,,,,,3,,,,,,,0
b2,5to10Traces/0096.trace,5to10Traces,macro,9e8986cbce62921405456d7978fa1091f428c3cedf59d10e01cb987e4c6c4ee6,0ef52dddff9ea1c4f1d65b34f23e7b528a2f8e9e,3,2,0,3,2,100,100,5,5,5.0,,MIN_EXPANDED_SIZE,SAT,3.609374875999947,PASSED,REUSED_E4,E4_REUSED,0,6762,157427,297295,,,49507,1,d71037c79c1e36bd8a2fbea54e838d61e753e5e37bf9669fc7c3ea9bfb218aea,1,22,24,5,2,1,1.0,1,1,1,,0
b2,5to10Traces/0097.trace,5to10Traces,atlas-b,36c74123004bf554286ebf3fbf6e0f9b4505302bf15f0fdee14eef2158b9c364,0ef52dddff9ea1c4f1d65b34f23e7b528a2f8e9e,3,2,0,3,2,100,4,10,10,10.0,,MIN_EXPANDED_SIZE,SAT,9.566422734998923,PASSED,REUSED_E4,E4_REUSED,0,15681,985021,3381590,,,31259,1,9c85700eea0c42c300ad1f801dbe329501e794d0d5feb822a5dd94fb5f0dee9f,,,,,3,,,,,,,0
b2,5to10Traces/0097.trace,5to10Traces,macro,36c74123004bf554286ebf3fbf6e0f9b4505302bf15f0fdee14eef2158b9c364,0ef52dddff9ea1c4f1d65b34f23e7b528a2f8e9e,3,2,0,3,2,100,4,10,10,10.0,,MIN_EXPANDED_SIZE,SAT,3.570265490001475,PASSED,REUSED_E4,E4_REUSED,0,9075,181517,401909,,,64146,1,d4b58ec5c69f4ff86fe33533238847723c4e8ea0cb8154072cbf11690157f3c1,1,22,24,5,2,1,1.0,1,1,1,,0
b2,5to10Traces/0098.trace,5to10Traces,atlas-b,ce337958f9cb1506bf6ebe597c8c3e73ec58f29c61a50599552376d2a26a0dec,0ef52dddff9ea1c4f1d65b34f23e7b528a2f8e9e,3,2,0,3,2,125,125,5,5,5.0,,MIN_EXPANDED_SIZE,SAT,6.208065143000113,PASSED,REUSED_E4,E4_REUSED,0,12581,505053,1563834,,,49024,1,14047b0ba815c8e3af967d43adf73d46ac474599f9aeb017d74407509a42daaf,,,,,3,,,,,,,0
b2,5to10Traces/0098.trace,5to10Traces,macro,ce337958f9cb1506bf6ebe597c8c3e73ec58f29c61a50599552376d2a26a0dec,0ef52dddff9ea1c4f1d65b34f23e7b528a2f8e9e,3,2,0,3,2,125,125,5,5,5.0,,MIN_EXPANDED_SIZE,SAT,3.768558715000836,PASSED,REUSED_E4,E4_REUSED,0,8274,192043,365599,,,54711,1,5ee9539023c43397e0e6cabc702062fac7801b616798be06494a845e8f8263f6,1,22,24,5,2,1,1.0,1,1,1,,0
b2,5to10Traces/0099.trace,5to10Traces,atlas-b,c152a3542a2cfa8f0a9b44f8c2b462f744c64c750d256d066eec5363f634e9e4,0ef52dddff9ea1c4f1d65b34f23e7b528a2f8e9e,3,2,0,3,2,125,7,10,10,10.0,,MIN_EXPANDED_SIZE,SAT,11.661113596999712,PASSED,REUSED_E4,E4_REUSED,0,19881,1249929,4291285,,,39009,1,c4289cd18cae9b228d60564f25705bd3f573d2a17d210012b9b03882d18d28ad,,,,,3,,,,,,,0
b2,5to10Traces/0099.trace,5to10Traces,macro,c152a3542a2cfa8f0a9b44f8c2b462f744c64c750d256d066eec5363f634e9e4,0ef52dddff9ea1c4f1d65b34f23e7b528a2f8e9e,3,2,0,3,2,125,7,10,10,10.0,,MIN_EXPANDED_SIZE,SAT,4.266004777000489,PASSED,REUSED_E4,E4_REUSED,0,11523,230391,509751,,,69797,1,b68f0d65b2a5d4902e84f89fff0c67334f1a3b7b134d0ce409796bb88adfa8ee,1,22,24,5,2,1,1.0,1,1,1,,0
b2,5to10Traces/0100.trace,5to10Traces,atlas-b,b385b1b83e1ba702a7e5529e05d998e662379fac0cb8e524ec316b8c70f44830,0ef52dddff9ea1c4f1d65b34f23e7b528a2f8e9e,3,2,0,3,2,150,150,5,5,5.0,,MIN_EXPANDED_SIZE,SAT,6.808529966000151,PASSED,REUSED_E4,E4_REUSED,0,15081,605839,1876048,,,58284,1,ec59e24a1c88a0211c565bf11db609bcfad3b81b465d4baf9cc7d207a18ee870,,,,,3,,,,,,,0
b2,5to10Traces/0100.trace,5to10Traces,macro,b385b1b83e1ba702a7e5529e05d998e662379fac0cb8e524ec316b8c70f44830,0ef52dddff9ea1c4f1d65b34f23e7b528a2f8e9e,3,2,0,3,2,150,150,5,5,5.0,,MIN_EXPANDED_SIZE,SAT,4.119439955000416,PASSED,REUSED_E4,E4_REUSED,0,9453,219353,417598,,,59157,1,2c391a199169b61aac4904f367a64ee05a5dafa8ed3fad1c5fa5a98f665e314f,1,22,24,5,2,1,1.0,1,1,1,,0
b2,5to10Traces/0101.trace,5to10Traces,atlas-b,372b9838d8266f416e41aa875ecca19abe8623178268fe6bc729bd22a9fc7775,0ef52dddff9ea1c4f1d65b34f23e7b528a2f8e9e,3,2,0,3,2,150,10,10,10,10.0,,MIN_EXPANDED_SIZE,SAT,12.438389658999768,PASSED,REUSED_E4,E4_REUSED,0,24081,1514837,5200980,,,46759,1,18cb687ba6b03b892b47a61bef2971d78a2d89d8739236f10cd5f956af60c015,,,,,3,,,,,,,0
b2,5to10Traces/0101.trace,5to10Traces,macro,372b9838d8266f416e41aa875ecca19abe8623178268fe6bc729bd22a9fc7775,0ef52dddff9ea1c4f1d65b34f23e7b528a2f8e9e,3,2,0,3,2,150,10,10,10,10.0,,MIN_EXPANDED_SIZE,SAT,4.766937372998655,PASSED,REUSED_E4,E4_REUSED,0,13872,278472,617712,,,78149,1,84e17e809eea782579c0b1638876e2d0e10d357789bd5204bb0e59c502789901,1,22,24,5,2,1,1.0,1,1,1,,0
b2,5to10Traces/0102.trace,5to10Traces,atlas-b,b780914745d7bbc088f58293ac0eb364e8086bfbccba6fd53d071b9a4fdadc02,0ef52dddff9ea1c4f1d65b34f23e7b528a2f8e9e,3,2,0,3,2,175,175,5,5,5.0,,MIN_EXPANDED_SIZE,SAT,8.810729520000677,PASSED,REUSED_E4,E4_REUSED,0,17581,706643,2188278,,,67670,1,246cd903151a3e09d5006389560639671360bed2ab406a05f692d7517241e7e1,,,,,3,,,,,,,0
b2,5to10Traces/0102.trace,5to10Traces,macro,b780914745d7bbc088f58293ac0eb364e8086bfbccba6fd53d071b9a4fdadc02,0ef52dddff9ea1c4f1d65b34f23e7b528a2f8e9e,3,2,0,3,2,175,175,5,5,5.0,,MIN_EXPANDED_SIZE,SAT,6.428128903000015,PASSED,REUSED_E4,E4_REUSED,0,10938,254622,483373,,,64784,1,fce0faf58612eafea3b6f7368f026dfe9e467945322ae3226115e01ddda18aad,1,22,24,5,2,1,1.0,1,1,1,,0
b2,5to10Traces/0103.trace,5to10Traces,atlas-b,e1a3034eb29a3ce2cdc0011b004fc8cfe908ae000a29283ae55944c0b36bcd9b,0ef52dddff9ea1c4f1d65b34f23e7b528a2f8e9e,3,2,0,3,2,175,7,10,10,10.0,,MIN_EXPANDED_SIZE,SAT,16.90764774499985,PASSED,REUSED_E4,E4_REUSED,0,27381,1722979,5915735,,,52859,1,5eff0db7edc9588d70b95accf2e3302031ecb2f594887fe6f308dbf990f630ef,,,,,3,,,,,,,0
b2,5to10Traces/0103.trace,5to10Traces,macro,e1a3034eb29a3ce2cdc0011b004fc8cfe908ae000a29283ae55944c0b36bcd9b,0ef52dddff9ea1c4f1d65b34f23e7b528a2f8e9e,3,2,0,3,2,175,7,10,10,10.0,,MIN_EXPANDED_SIZE,SAT,5.366930524999589,PASSED,REUSED_E4,E4_REUSED,0,15897,318079,702763,,,79098,1,93dc64bdfd0707051d5977d69f6fe9bd7b0045a8f0ee82044722370f68cd12e2,1,22,24,5,2,1,1.0,1,1,1,,0
b2,5to10Traces/0104.trace,5to10Traces,atlas-b,3ee39a99cc109097f05b7991cc51b4e4a6db2c271cb9d6598152d17238349cb1,0ef52dddff9ea1c4f1d65b34f23e7b528a2f8e9e,3,2,0,3,2,200,200,5,5,5.0,,MIN_EXPANDED_SIZE,SAT,9.707048043999748,PASSED,REUSED_E4,E4_REUSED,0,20081,807432,2500489,,,77004,1,17a9acf541151cb810d330dedf6026116d7d2e332e21dd13e68a13e0d0844c04,,,,,3,,,,,,,0
b2,5to10Traces/0104.trace,5to10Traces,macro,3ee39a99cc109097f05b7991cc51b4e4a6db2c271cb9d6598152d17238349cb1,0ef52dddff9ea1c4f1d65b34f23e7b528a2f8e9e,3,2,0,3,2,200,200,5,5,5.0,,MIN_EXPANDED_SIZE,SAT,4.828492632999996,PASSED,REUSED_E4,E4_REUSED,0,11901,276981,526696,,,68336,1,5b0d0cb7e4e5b95e86824872db93edb9b9072359cfa54bf36fb5761e3ee2cabe,1,22,24,5,2,1,1.0,1,1,1,,0
b2,5to10Traces/0105.trace,5to10Traces,atlas-b,abb42f8c7226c387421d21d7148df6ff92155bea62f30a15fd0dd6e191c5b81b,0ef52dddff9ea1c4f1d65b34f23e7b528a2f8e9e,3,2,0,3,2,200,10,10,10,10.0,,MIN_EXPANDED_SIZE,SAT,16.519396342999244,PASSED,REUSED_E4,E4_REUSED,0,31581,1987887,6825430,,,60609,1,715d93a59d0c9f7ceb0a8a000bbdd9ad6e44dbf1b4b3e60aca081877ae03b2f4,,,,,3,,,,,,,0
b2,5to10Traces/0105.trace,5to10Traces,macro,abb42f8c7226c387421d21d7148df6ff92155bea62f30a15fd0dd6e191c5b81b,0ef52dddff9ea1c4f1d65b34f23e7b528a2f8e9e,3,2,0,3,2,200,10,10,10,10.0,,MIN_EXPANDED_SIZE,SAT,5.200390908001282,PASSED,REUSED_E4,E4_REUSED,0,18381,368213,814739,,,87283,1,465d352393125b0a5a815fa09a855f8462bcb0cf25a7e588acbcf86648b2b2ca,1,22,24,5,2,1,1.0,1,1,1,,0
b2,5to10Traces/0106.trace,5to10Traces,atlas-b,9593852e462db7fcb6ebe1f947471ac2acb167a391edb99c28d7ea92ee701ef3,0ef52dddff9ea1c4f1d65b34f23e7b528a2f8e9e,3,2,0,3,2,225,225,5,5,5.0,,MIN_EXPANDED_SIZE,SAT,10.254189063000013,PASSED,REUSED_E4,E4_REUSED,0,22581,908233,2812717,,,86384,1,9879f9c6d4a21f9033d69bb933b21912f39bf0d1df17b4e5b075de1b4c50c509,,,,,3,,,,,,,0
b2,5to10Traces/0106.trace,5to10Traces,macro,9593852e462db7fcb6ebe1f947471ac2acb167a391edb99c28d7ea92ee701ef3,0ef52dddff9ea1c4f1d65b34f23e7b528a2f8e9e,3,2,0,3,2,225,225,5,5,5.0,,MIN_EXPANDED_SIZE,SAT,5.3251882450003905,PASSED,REUSED_E4,E4_REUSED,0,13314,309699,588747,,,73332,1,e9a1bfea90feefac964301267f5f7ed53c489d2f0b4170e8645f9fca02e9f469,1,22,24,5,2,1,1.0,1,1,1,,0
b2,5to10Traces/0107.trace,5to10Traces,atlas-b,178d6d3d64ff35e0e1ff913cca0c8d0a07ce0195a3712dfbfad369cdd25dcdec,0ef52dddff9ea1c4f1d65b34f23e7b528a2f8e9e,3,2,0,3,2,225,8,10,10,10.0,,MIN_EXPANDED_SIZE,SAT,20.72822625500021,PASSED,REUSED_E4,E4_REUSED,0,35031,2205490,7572675,,,66984,1,6b7525e3ff84e4eac56370e26a880b74d32c42fbeef21e9bb7e695def8f47256,,,,,3,,,,,,,0
b2,5to10Traces/0107.trace,5to10Traces,macro,178d6d3d64ff35e0e1ff913cca0c8d0a07ce0195a3712dfbfad369cdd25dcdec,0ef52dddff9ea1c4f1d65b34f23e7b528a2f8e9e,3,2,0,3,2,225,8,10,10,10.0,,MIN_EXPANDED_SIZE,SAT,5.442185600999437,PASSED,REUSED_E4,E4_REUSED,0,20298,406886,897590,,,95008,1,2107b63c551ce8b9ee56f8ee045d2e87f191cf98a08df68a725d97e849bc6ef8,1,22,24,5,2,1,1.0,1,1,1,,0
b2,5to10Traces/0108.trace,5to10Traces,atlas-b,f696ac90e9140a1845d027e5579384548ee806f1e2495d49bdfd806b44ea86e3,0ef52dddff9ea1c4f1d65b34f23e7b528a2f8e9e,3,2,0,3,2,250,250,5,5,5.0,,MIN_EXPANDED_SIZE,SAT,10.828915084999608,PASSED,REUSED_E4,E4_REUSED,0,25081,1009013,3124933,,,95690,1,d2417e106cbaed5c3ad49f50dae4ee3ad98294308a2f88ee328278971514deaa,,,,,3,,,,,,,0
b2,5to10Traces/0108.trace,5to10Traces,macro,f696ac90e9140a1845d027e5579384548ee806f1e2495d49bdfd806b44ea86e3,0ef52dddff9ea1c4f1d65b34f23e7b528a2f8e9e,3,2,0,3,2,250,250,5,5,5.0,,MIN_EXPANDED_SIZE,SAT,5.569829545000175,PASSED,REUSED_E4,E4_REUSED,0,14457,335774,638904,,,77774,1,df507a9c9cc7747bfcb4ccde85a5fc4723b41da684675439ee2c52931a4767c4,1,22,24,5,2,1,1.0,1,1,1,,0
b2,5to10Traces/0109.trace,5to10Traces,atlas-b,aeb5a317c4e0a898dcbeb6bed86b860c48c88f68e233287d49df9e3de9c62e3e,0ef52dddff9ea1c4f1d65b34f23e7b528a2f8e9e,3,2,0,3,2,250,17,10,10,10.0,,MIN_EXPANDED_SIZE,SAT,23.372286902999804,PASSED,REUSED_E4,E4_REUSED,0,40131,2527164,8677310,,,76391,1,8e3dc252411220c3446af07f4619ecbcc6921f85123925f57e745b1dc113f5d6,,,,,3,,,,,,,0
b2,5to10Traces/0109.trace,5to10Traces,macro,aeb5a317c4e0a898dcbeb6bed86b860c48c88f68e233287d49df9e3de9c62e3e,0ef52dddff9ea1c4f1d65b34f23e7b528a2f8e9e,3,2,0,3,2,250,17,10,10,10.0,,MIN_EXPANDED_SIZE,SAT,7.111776201000794,PASSED,REUSED_E4,E4_REUSED,0,23241,467991,1043415,,,107301,1,8488a2d02a459bb70a5ba192fcff179347436e7dbc01d38bcb464fc4c0cd8115,1,22,24,5,2,1,1.0,1,1,1,,0
b2,5to10Traces/0110.trace,5to10Traces,atlas-b,e1f66e56770e41f59288cd527b24b9791a8b7cf4ccfdd90634bdb644cdaa5f38,0ef52dddff9ea1c4f1d65b34f23e7b528a2f8e9e,67,2,0,8,4,4,5,5,5,5.0,,MIN_EXPANDED_SIZE,SAT,1.7049760659997446,PASSED,REUSED_E4,E4_REUSED,0,1133,81166,267916,,,4988,1,e7f801456c8bf9ea543cbc4710fc1bc4b2aff412d8388c6094bee92820033bab,,,,,8,,,,,,,0
b2,5to10Traces/0110.trace,5to10Traces,macro,e1f66e56770e41f59288cd527b24b9791a8b7cf4ccfdd90634bdb644cdaa5f38,0ef52dddff9ea1c4f1d65b34f23e7b528a2f8e9e,67,2,0,8,4,4,5,5,5,5.0,,MIN_EXPANDED_SIZE,SAT,1.1354238660005649,PASSED,REUSED_E4,E4_REUSED,0,511,10165,19703,,,11629,1,39313b3219834a51a89701e8b83ac9d52a5c0daefa23c7e19ca193a9d54ab104,1,149,664,5,2,1,1.0,1,1,1,,0
b2,5to10Traces/0112.trace,5to10Traces,atlas-b,091a04c7c5936ecbfa22c19ce53f1f45fe5914a8b4c437064960db8fdbc56c7d,0ef52dddff9ea1c4f1d65b34f23e7b528a2f8e9e,67,2,0,8,4,14,25,5,5,5.0,,MIN_EXPANDED_SIZE,SAT,3.8069317689987656,PASSED,REUSED_E4,E4_REUSED,0,3683,317416,1047426,,,13257,1,552a169bbb221a21824e5a0db7df135e856a31ee8b7355a070af2e7e1a33c54c,,,,,8,,,,,,,0
b2,5to10Traces/0112.trace,5to10Traces,macro,091a04c7c5936ecbfa22c19ce53f1f45fe5914a8b4c437064960db8fdbc56c7d,0ef52dddff9ea1c4f1d65b34f23e7b528a2f8e9e,67,2,0,8,4,14,25,5,5,5.0,,MIN_EXPANDED_SIZE,SAT,2.080859159001193,PASSED,REUSED_E4,E4_REUSED,0,1825,41153,79711,,,24687,1,e33529aa17b54c0507598cb2980892bc14ab46d2f9318277816a56399a7bf7bb,1,149,664,5,2,1,1.0,1,1,1,,0
b2,5to10Traces/0114.trace,5to10Traces,atlas-b,5be77e06b023af1250463756bf06f6c5db3c04a372a3f491f29ab97e931bf38a,0ef52dddff9ea1c4f1d65b34f23e7b528a2f8e9e,67,2,0,8,4,37,50,5,5,5.0,,MIN_EXPANDED_SIZE,TIMEOUT,180.12923738100017,IN_PROGRESS,TRANSLATED_ONLY,TRANSLATE_ONLY,1,7763,695416,2294635,,,26505,1,5aa290ea264102280c63dd446ffa8a12acc782482637b767771d4222e9c0e162,,,,,,,,,,,,4.019525732999682
b2,5to10Traces/0114.trace,5to10Traces,macro,5be77e06b023af1250463756bf06f6c5db3c04a372a3f491f29ab97e931bf38a,0ef52dddff9ea1c4f1d65b34f23e7b528a2f8e9e,67,2,0,8,4,37,50,5,5,5.0,,MIN_EXPANDED_SIZE,TIMEOUT,180.14163433700014,IN_PROGRESS,TRANSLATED_ONLY,TRANSLATE_ONLY,1,15955,838817,1787151,,,62222,1,37e812a0f23aafa7b611b23706a932a324c94e9f2baa506aa822ed415a002a79,1,149,664,36,8,,,,,,,7.875888800000212
b2,5to10Traces/0116.trace,5to10Traces,atlas-b,04648b1607ab764a7a9a2bd046edfeacf74a58b108d36b72db4e30d627a9c954,0ef52dddff9ea1c4f1d65b34f23e7b528a2f8e9e,67,2,0,8,4,57,75,5,5,5.0,,MIN_EXPANDED_SIZE,TIMEOUT,180.15287411200006,IN_PROGRESS,TRANSLATED_ONLY,TRANSLATE_ONLY,1,11588,1049791,3463895,,,38925,1,552fce1da50042432661a6aaa4b1bae65a59365c9b6297ba9ea3312afbe5c24b,,,,,,,,,,,,4.370793518000028
b2,5to10Traces/0116.trace,5to10Traces,macro,04648b1607ab764a7a9a2bd046edfeacf74a58b108d36b72db4e30d627a9c954,0ef52dddff9ea1c4f1d65b34f23e7b528a2f8e9e,67,2,0,8,4,57,75,5,5,5.0,,MIN_EXPANDED_SIZE,TIMEOUT,180.13897709499997,IN_PROGRESS,TRANSLATED_ONLY,TRANSLATE_ONLY,1,23116,1247938,2647884,,,80718,1,80b40839a8354b092c9be93d529812daa0ebf676473124362d864002a3e9b3d5,1,149,664,36,8,,,,,,,9.927649047000159
b2,5to10Traces/0117.trace,5to10Traces,atlas-b,d3c2fe8052ecf8528a9b8d2977e9aa4d2c511d320c9111e21202eb2dbf3a9567,0ef52dddff9ea1c4f1d65b34f23e7b528a2f8e9e,67,2,0,8,4,1,75,10,10,10.0,,MIN_EXPANDED_SIZE,TIMEOUT,180.21010490699882,IN_PROGRESS,TRANSLATED_ONLY,TRANSLATE_ONLY,1,17088,2272430,7809166,,,37223,1,3924454007682c9438eb4e4bff97c5f7f6b67bd479457ec1e0880ebf8faa21b6,,,,,,,,,,,,12.182332868999765
b2,5to10Traces/0117.trace,5to10Traces,macro,d3c2fe8052ecf8528a9b8d2977e9aa4d2c511d320c9111e21202eb2dbf3a9567,0ef52dddff9ea1c4f1d65b34f23e7b528a2f8e9e,67,2,0,8,4,1,75,10,10,10.0,,MIN_EXPANDED_SIZE,SAT,42.27589666200015,PASSED,REUSED_E4,E4_REUSED,0,26851,1645772,3916047,,,122877,1,7a9bfbea620548a98a2916f1d4ce9c6d4573b4a9ee8caed46aaffda9c2a640c5,1,176,664,46,8,2,0.3333333333333333,1,3,3,,0
b2,5to10Traces/0118.trace,5to10Traces,atlas-b,7a61766dc359d3151e0d4e1ee04e9405401715c35b35d6cf874a6f7e3a076354,0ef52dddff9ea1c4f1d65b34f23e7b528a2f8e9e,67,2,0,8,4,63,100,5,5,5.0,,MIN_EXPANDED_SIZE,TIMEOUT,180.1413509949998,IN_PROGRESS,TRANSLATED_ONLY,TRANSLATE_ONLY,1,14223,1293916,4269393,,,47481,1,9d2e2d5de22d498a13ed0f9f6a7aa926c4b7e307acd3fe55529b18d49aa95197,,,,,,,,,,,,7.975297912999849
b2,5to10Traces/0118.trace,5to10Traces,macro,7a61766dc359d3151e0d4e1ee04e9405401715c35b35d6cf874a6f7e3a076354,0ef52dddff9ea1c4f1d65b34f23e7b528a2f8e9e,67,2,0,8,4,63,100,5,5,5.0,,MIN_EXPANDED_SIZE,TIMEOUT,180.15703423600007,IN_PROGRESS,TRANSLATED_ONLY,TRANSLATE_ONLY,1,28099,1529827,3241617,,,85086,1,7770d6dfe1600641c4dde631eb01d005bf0850c268525dfe6c26dfb59a6b0f41,1,149,664,36,8,,,,,,,10.779075569999804
b2,5to10Traces/0119.trace,5to10Traces,atlas-b,ef685ef6eb2164beed9d2227784f11e537a9265388d76c9bed067e1b32573d25,0ef52dddff9ea1c4f1d65b34f23e7b528a2f8e9e,67,2,0,8,4,1,100,10,10,10.0,,MIN_EXPANDED_SIZE,SAT,21.343372348999765,PASSED,REUSED_E4,E4_REUSED,0,22588,3016555,10366766,,,48623,1,6c1a8f66d9f3f59e73fd3f66175ac9377ec4ddb11efc8553b00d594b227f3e12,,,,,8,,,,,,,0
b2,5to10Traces/0119.trace,5to10Traces,macro,ef685ef6eb2164beed9d2227784f11e537a9265388d76c9bed067e1b32573d25,0ef52dddff9ea1c4f1d65b34f23e7b528a2f8e9e,67,2,0,8,4,1,100,10,10,10.0,,MIN_EXPANDED_SIZE,SAT,3.6436876200004917,PASSED,REUSED_E4,E4_REUSED,0,9160,184370,412780,,,59960,1,d97cb5d1c908cd5023ecf4a4d843d0f717abff5eaee5eb63994285a97f0a80ac,1,176,664,5,2,1,1.0,1,1,1,,0
b2,5to10Traces/0120.trace,5to10Traces,atlas-b,e8f11d243d801f3d266cdee6419fd70266e2f09691110c367022d4a00a6198cb,0ef52dddff9ea1c4f1d65b34f23e7b528a2f8e9e,67,2,0,8,4,69,125,5,5,5.0,,MIN_EXPANDED_SIZE,SAT,12.88123758799884,PASSED,REUSED_E4,E4_REUSED,0,16858,1538041,5074891,,,56062,1,1fe1f6cf6b3ded50f1a63b385250793efeb85011ebf291608aa9168cc8f4bf43,,,,,8,,,,,,,0
b2,5to10Traces/0120.trace,5to10Traces,macro,e8f11d243d801f3d266cdee6419fd70266e2f09691110c367022d4a00a6198cb,0ef52dddff9ea1c4f1d65b34f23e7b528a2f8e9e,67,2,0,8,4,69,125,5,5,5.0,,MIN_EXPANDED_SIZE,SAT,4.128732900000614,PASSED,REUSED_E4,E4_REUSED,0,8701,202201,389731,,,65594,1,bf61b4640427c6b2d57230705c4e1f4911c9f2c3fe4aeabcdd318ab255a6e430,1,149,664,5,2,1,1.0,1,1,1,,0
b2,5to10Traces/0121.trace,5to10Traces,atlas-b,e45333bddeaa1e9ab771c42877b7697ed4fdd5374692a194e80178ce15b63daf,0ef52dddff9ea1c4f1d65b34f23e7b528a2f8e9e,67,2,0,8,4,2,125,10,10,10.0,,MIN_EXPANDED_SIZE,SAT,32.14558755300095,PASSED,REUSED_E4,E4_REUSED,0,28308,3790446,13026670,,,60503,1,0adec154195845c3889b8013cd1b1442281109ad485d826de6861d9bf9dac7bf,,,,,8,,,,,,,0
b2,5to10Traces/0121.trace,5to10Traces,macro,e45333bddeaa1e9ab771c42877b7697ed4fdd5374692a194e80178ce15b63daf,0ef52dddff9ea1c4f1d65b34f23e7b528a2f8e9e,67,2,0,8,4,2,125,10,10,10.0,,MIN_EXPANDED_SIZE,SAT,4.606575863999751,PASSED,REUSED_E4,E4_REUSED,0,11482,230770,515010,,,68013,1,d271ca9ada9e56cd0151c6976a07659a833c942b055472aea56670a944bc14ce,1,176,664,5,2,1,1.0,1,1,1,,0
b2,5to10Traces/0122.trace,5to10Traces,atlas-b,897a5ba441da1c6902f1cdc93cee4464c6082662af684976e07981c9a6b917d3,0ef52dddff9ea1c4f1d65b34f23e7b528a2f8e9e,67,2,0,8,4,108,150,5,5,5.0,,MIN_EXPANDED_SIZE,TIMEOUT,180.1765166210007,IN_PROGRESS,TRANSLATED_ONLY,TRANSLATE_ONLY,1,22298,2042041,6737828,,,73759,1,27d24f2e3f0298599354d1989cc74132b1457acf227c6b89573d724dba336e81,,,,,,,,,,,,8.276522051000029
b2,5to10Traces/0122.trace,5to10Traces,macro,897a5ba441da1c6902f1cdc93cee4464c6082662af684976e07981c9a6b917d3,0ef52dddff9ea1c4f1d65b34f23e7b528a2f8e9e,67,2,0,8,4,108,150,5,5,5.0,,MIN_EXPANDED_SIZE,TIMEOUT,180.2351314080006,IN_PROGRESS,TRANSLATED_ONLY,TRANSLATE_ONLY,1,43444,2395172,5050690,,,114634,1,46afb3977209c5208831d666086faae876aa32762dc8c6348e946150ead065cc,1,149,664,36,8,,,,,,,16.237778446000448
b2,5to10Traces/0124.trace,5to10Traces,atlas-b,55ab5b41efbf8296ff4d2cbe513f62334719832cba180ff0c7ad5be330854371,0ef52dddff9ea1c4f1d65b34f23e7b528a2f8e9e,67,2,0,8,4,104,175,5,5,5.0,,MIN_EXPANDED_SIZE,TIMEOUT,180.19189928700007,IN_PROGRESS,TRANSLATED_ONLY,TRANSLATE_ONLY,1,24083,2207416,7283496,,,79576,1,f5edfae603547120883ed4478dc1b7f88a7d2d345bb883059fc8c69005e3b89b,,,,,,,,,,,,8.626430743999663
b2,5to10Traces/0124.trace,5to10Traces,macro,55ab5b41efbf8296ff4d2cbe513f62334719832cba180ff0c7ad5be330854371,0ef52dddff9ea1c4f1d65b34f23e7b528a2f8e9e,67,2,0,8,4,104,175,5,5,5.0,,MIN_EXPANDED_SIZE,TIMEOUT,180.2164103260002,IN_PROGRESS,TRANSLATED_ONLY,TRANSLATE_ONLY,1,46909,2616355,5559253,,,117144,1,91c02dba731adf83d02b2115bb19a4620fa4dbc5ac53c6d5b95cab5a83abfaac,1,149,664,36,8,,,,,,,19.592950765999376
b2,5to10Traces/0125.trace,5to10Traces,atlas-b,43c3aa17eb255777403ee0c951142e46a4b2758997d2e1254ffeb9ce010ae2c1,0ef52dddff9ea1c4f1d65b34f23e7b528a2f8e9e,67,2,0,8,4,1,175,10,10,10.0,,MIN_EXPANDED_SIZE,SAT,44.88109988399992,PASSED,REUSED_E4,E4_REUSED,0,39088,5248930,18039566,,,82898,1,0e034420f68098b653b30390e3fa6bb38c9131d72bd5c33033af4995c358ddec,,,,,8,,,,,,,0
b2,5to10Traces/0125.trace,5to10Traces,macro,43c3aa17eb255777403ee0c951142e46a4b2758997d2e1254ffeb9ce010ae2c1,0ef52dddff9ea1c4f1d65b34f23e7b528a2f8e9e,67,2,0,8,4,1,175,10,10,10.0,,MIN_EXPANDED_SIZE,SAT,5.556245570000101,PASSED,REUSED_E4,E4_REUSED,0,15793,319575,720589,,,84322,1,f24d10ed050f93fcd4680635570840d2eda8c5b5498549b6769704be1ab6d0dd,1,176,664,5,2,1,1.0,1,1,1,,0
b2,5to10Traces/0126.trace,5to10Traces,atlas-b,06b8f145441a4c53b4a1f07f068961f9d977fdc8ca1bae46737002179a95f00e,0ef52dddff9ea1c4f1d65b34f23e7b528a2f8e9e,67,2,0,8,4,137,200,5,5,5.0,,MIN_EXPANDED_SIZE,TIMEOUT,180.230481778,IN_PROGRESS,TRANSLATED_ONLY,TRANSLATE_ONLY,1,29013,2664166,8790535,,,95642,1,8321faa7316475ede374b29b8b5b96a56c936f77e2b1c2501299fae0bf2e87c1,,,,,,,,,,,,13.782164207000278
b2,5to10Traces/0126.trace,5to10Traces,macro,06b8f145441a4c53b4a1f07f068961f9d977fdc8ca1bae46737002179a95f00e,0ef52dddff9ea1c4f1d65b34f23e7b528a2f8e9e,67,2,0,8,4,137,200,5,5,5.0,,MIN_EXPANDED_SIZE,TIMEOUT,180.28455729300003,IN_PROGRESS,TRANSLATED_ONLY,TRANSLATE_ONLY,1,56182,3158468,6725046,,,138235,1,0ce2c7c99fb9ca799caa890006eb575cc9cef52c3f209a62776677fd0815cd65,1,149,664,36,8,,,,,,,21.647408320999602
b2,5to10Traces/0127.trace,5to10Traces,atlas-b,38b148e43e53e0ba5fb58e99548c5349a8584426d82a0641034aee72f07c14dc,0ef52dddff9ea1c4f1d65b34f23e7b528a2f8e9e,67,2,0,8,4,2,200,10,10,10.0,,MIN_EXPANDED_SIZE,SAT,51.82910946499942,PASSED,REUSED_E4,E4_REUSED,0,44808,6022821,20699470,,,94778,1,0b6e756d68f4ebcfac7ab0af209f793d9ec857928f3d479e30efae5ef6c745be,,,,,8,,,,,,,0
b2,5to10Traces/0127.trace,5to10Traces,macro,38b148e43e53e0ba5fb58e99548c5349a8584426d82a0641034aee72f07c14dc,0ef52dddff9ea1c4f1d65b34f23e7b528a2f8e9e,67,2,0,8,4,2,200,10,10,10.0,,MIN_EXPANDED_SIZE,SAT,5.510879740000746,PASSED,REUSED_E4,E4_REUSED,0,18151,366685,821325,,,94905,1,e332e9862ba16cf54fcb81e2aefaba2a60d1809c32218928cb6a11089ce6a0c2,1,176,664,5,2,1,1.0,1,1,1,,0
b2,5to10Traces/0128.trace,5to10Traces,atlas-b,b5d6342146db3553a3dcf5758ec58215536115c1632db0303a0b7e62d038592a,0ef52dddff9ea1c4f1d65b34f23e7b528a2f8e9e,67,2,0,8,4,163,225,5,5,5.0,,MIN_EXPANDED_SIZE,TIMEOUT,180.31734446500013,IN_PROGRESS,TRANSLATED_ONLY,TRANSLATE_ONLY,1,33348,3065791,10115693,,,109769,1,a5f2d815023a2b3950ad7f0d706feffa4cdd2e66f11a8a4fe47f56511c375f0b,,,,,,,,,,,,13.68461064999974
b2,5to10Traces/0128.trace,5to10Traces,macro,b5d6342146db3553a3dcf5758ec58215536115c1632db0303a0b7e62d038592a,0ef52dddff9ea1c4f1d65b34f23e7b528a2f8e9e,67,2,0,8,4,163,225,5,5,5.0,,MIN_EXPANDED_SIZE,TIMEOUT,180.2520503070009,IN_PROGRESS,TRANSLATED_ONLY,TRANSLATE_ONLY,1,64531,3608331,7633793,,,150675,1,98e7742361d5f67e022c7f5ccf121c480085b4c22ebb5a2c6c6142b4fbfe0bff,1,149,664,36,8,,,,,,,23.201606501000242
b2,5to10Traces/0129.trace,5to10Traces,atlas-b,c5e3de677a29cdb03406f7da996e01021bb5366f8583362622373c7513d2f3ca,0ef52dddff9ea1c4f1d65b34f23e7b528a2f8e9e,67,2,0,8,4,1,225,10,10,10.0,,MIN_EXPANDED_SIZE,SAT,57.336564741000075,PASSED,REUSED_E4,E4_REUSED,0,50088,6737180,23154766,,,105748,1,5f799d253fc3213eb6cb9333f7a10a829acf0b4b38fc795ca9f608065bc43d1f,,,,,8,,,,,,,0
b2,5to10Traces/0129.trace,5to10Traces,macro,c5e3de677a29cdb03406f7da996e01021bb5366f8583362622373c7513d2f3ca,0ef52dddff9ea1c4f1d65b34f23e7b528a2f8e9e,67,2,0,8,4,1,225,10,10,10.0,,MIN_EXPANDED_SIZE,SAT,6.868176370000583,PASSED,REUSED_E4,E4_REUSED,0,20257,409677,920697,,,108983,1,2bc2bdafd8c33998cb2f31032a138b2acfdffb8d186615723aff3a36a168409b,1,176,664,5,2,1,1.0,1,1,1,,0
b2,5to10Traces/0130.trace,5to10Traces,atlas-b,7eeea4da9600647b4ca3c724512372bbb595ada3823a84b02f170fa928a4c6bf,0ef52dddff9ea1c4f1d65b34f23e7b528a2f8e9e,67,2,0,8,4,173,250,5,5,5.0,,MIN_EXPANDED_SIZE,TIMEOUT,180.26771116999953,IN_PROGRESS,TRANSLATED_ONLY,TRANSLATE_ONLY,1,36323,3341416,11025123,,,119464,1,50fbe977bde32567a963341a97e19715456567f467d7ca20ea923a91b9e9f48a,,,,,,,,,,,,18.843614102000174
b2,5to10Traces/0130.trace,5to10Traces,macro,7eeea4da9600647b4ca3c724512372bbb595ada3823a84b02f170fa928a4c6bf,0ef52dddff9ea1c4f1d65b34f23e7b528a2f8e9e,67,2,0,8,4,173,250,5,5,5.0,,MIN_EXPANDED_SIZE,TIMEOUT,180.2880737079995,IN_PROGRESS,TRANSLATED_ONLY,TRANSLATE_ONLY,1,70108,3930266,8303760,,,156764,1,13d9c27b0f503811c22901ca733a605da99573ce649bc64883ba7bc9009a6c07,1,149,664,36,8,,,,,,,28.45197963300052
b2,5to10Traces/0131.trace,5to10Traces,atlas-b,c5c4a92ab8c6b7948f51749b2d9e2562d7f73ff62a72766c117bab32d44c8618,0ef52dddff9ea1c4f1d65b34f23e7b528a2f8e9e,67,2,0,8,4,3,250,10,10,10.0,,MIN_EXPANDED_SIZE,TIMEOUT,180.40516678400127,IN_PROGRESS,TRANSLATED_ONLY,TRANSLATE_ONLY,1,56028,7540836,25916973,,,118083,1,4f7c69fc20abc49e8a561b2c09f812eddacb6a2c930a392e1d7afa1f99e013d7,,,,,,,,,,,,38.215553446999365
b2,5to10Traces/0131.trace,5to10Traces,macro,c5c4a92ab8c6b7948f51749b2d9e2562d7f73ff62a72766c117bab32d44c8618,0ef52dddff9ea1c4f1d65b34f23e7b528a2f8e9e,67,2,0,8,4,3,250,10,10,10.0,,MIN_EXPANDED_SIZE,TIMEOUT,180.35000267600117,IN_PROGRESS,TRANSLATED_ONLY,TRANSLATE_ONLY,1,84898,5411549,12899500,,,217896,1,4e76870451e34239e44919c42ca8fb0d123538a03d885233dfced3578cc567c7,1,176,664,46,8,,,,,,,37.36744418999933
b2,5to10Traces/0132.trace,5to10Traces,atlas-b,b8f04080b403b525d4739677abc2261552d7e90a544a4b029ca6c415ea2d8b4f,0ef52dddff9ea1c4f1d65b34f23e7b528a2f8e9e,3,2,0,3,2,5,5,5,5,5.0,,MIN_EXPANDED_SIZE,SAT,1.0612291450001976,PASSED,REUSED_E4,E4_REUSED,0,581,21235,65173,,,4354,1,3fdcfde7fd30edc70390a70ea2de59fc7887b471ed2109d842687306c3cc14cd,,,,,3,,,,,,,0
b2,5to10Traces/0132.trace,5to10Traces,macro,b8f04080b403b525d4739677abc2261552d7e90a544a4b029ca6c415ea2d8b4f,0ef52dddff9ea1c4f1d65b34f23e7b528a2f8e9e,3,2,0,3,2,5,5,5,5,5.0,,MIN_EXPANDED_SIZE,SAT,1.1900107049987128,PASSED,REUSED_E4,E4_REUSED,0,498,10226,19460,,,16616,1,b749fc7822551bf4269e2a8b6f29288992252962256c178ec4b0aef88783ce58,1,22,24,5,2,1,1.0,1,1,1,,0
b2,5to10Traces/0134.trace,5to10Traces,atlas-b,b9a86b47eaf5db55f3666241002af9f574c3f021a944ea482f846dbf92122d19,0ef52dddff9ea1c4f1d65b34f23e7b528a2f8e9e,3,2,0,3,2,25,25,5,5,5.0,,MIN_EXPANDED_SIZE,SAT,2.003905071999725,PASSED,REUSED_E4,E4_REUSED,0,2581,101871,314949,,,11770,1,387ddef15a7b8c38e6a51eec22e0c629990e41360ab9340017d1d2a357e3304f,,,,,3,,,,,,,0
b2,5to10Traces/0134.trace,5to10Traces,macro,b9a86b47eaf5db55f3666241002af9f574c3f021a944ea482f846dbf92122d19,0ef52dddff9ea1c4f1d65b34f23e7b528a2f8e9e,3,2,0,3,2,25,25,5,5,5.0,,MIN_EXPANDED_SIZE,SAT,1.650785806001295,PASSED,REUSED_E4,E4_REUSED,0,1884,42458,81157,,,28824,1,1efe41c59e1ab77e90308e23b8bf39f2f76e44e2c985c5c67b56fc028ec415e1,1,22,24,5,2,1,1.0,1,1,1,,0
b2,5to10Traces/0135.trace,5to10Traces,atlas-b,1b6cceba381c9c55c8430ee1ee6b4571c1253381b79984b3214b0df3c84af5ae,0ef52dddff9ea1c4f1d65b34f23e7b528a2f8e9e,3,2,0,3,2,2,25,10,10,10.0,,MIN_EXPANDED_SIZE,SAT,3.1216785479991813,PASSED,REUSED_E4,E4_REUSED,0,4131,256524,879958,,,10009,1,e2054ecf5d45a7847cdfed7f80ef45d4650fe4119a637f8961ae9f2aff4dd0e6,,,,,3,,,,,,,0
b2,5to10Traces/0135.trace,5to10Traces,macro,1b6cceba381c9c55c8430ee1ee6b4571c1253381b79984b3214b0df3c84af5ae,0ef52dddff9ea1c4f1d65b34f23e7b528a2f8e9e,3,2,0,3,2,2,25,10,10,10.0,,MIN_EXPANDED_SIZE,SAT,1.9375355089996447,PASSED,REUSED_E4,E4_REUSED,0,2460,48108,106062,,,33783,1,b2b90bf6df0ef36b93a081aff9f0cd89d2b94272216f280471920842322dbd77,1,22,24,5,2,1,1.0,1,1,1,,0
b2,5to10Traces/0136.trace,5to10Traces,atlas-b,4862d0411c76482cbd08f868d034567e7f25612117230e55a8f33bc967d0257d,0ef52dddff9ea1c4f1d65b34f23e7b528a2f8e9e,3,2,0,3,2,50,50,5,5,5.0,,MIN_EXPANDED_SIZE,SAT,3.0050308470003984,PASSED,REUSED_E4,E4_REUSED,0,5081,202668,627172,,,21042,1,fbddda346df141cf14099a2dde6d586f4db4007cf8396be7cc70766b775658e7,,,,,3,,,,,,,0
b2,5to10Traces/0136.trace,5to10Traces,macro,4862d0411c76482cbd08f868d034567e7f25612117230e55a8f33bc967d0257d,0ef52dddff9ea1c4f1d65b34f23e7b528a2f8e9e,3,2,0,3,2,50,50,5,5,5.0,,MIN_EXPANDED_SIZE,SAT,2.3691491359986685,PASSED,REUSED_E4,E4_REUSED,0,3720,85345,162245,,,38733,1,fee3b50410ae8af862f1e98d9569b927012d191377e1e2f9ea0055d71e0be15c,1,22,24,5,2,1,1.0,1,1,1,,0
b2,5to10Traces/0137.trace,5to10Traces,atlas-b,06a4f0323c3063b2759ca99fa5e10bf8f6fc5fff6b9cf7ec7fcd745abafd1f3a,0ef52dddff9ea1c4f1d65b34f23e7b528a2f8e9e,3,2,0,3,2,2,50,10,10,10.0,,MIN_EXPANDED_SIZE,SAT,4.549852105001264,PASSED,REUSED_E4,E4_REUSED,0,7881,493049,1692208,,,16909,1,331cc9a01b60c6e349d5377068260a7331eaa835f2c56d840417a7a82f8a81e2,,,,,3,,,,,,,0
b2,5to10Traces/0137.trace,5to10Traces,macro,06a4f0323c3063b2759ca99fa5e10bf8f6fc5fff6b9cf7ec7fcd745abafd1f3a,0ef52dddff9ea1c4f1d65b34f23e7b528a2f8e9e,3,2,0,3,2,2,50,10,10,10.0,,MIN_EXPANDED_SIZE,SAT,2.551739601999998,PASSED,REUSED_E4,E4_REUSED,0,4584,90932,200528,,,45220,1,677df1e027997500178331bc02d4f9977ca356196f88009213f85393e717aa97,1,22,24,5,2,1,1.0,1,1,1,,0
b2,5to10Traces/0138.trace,5to10Traces,atlas-b,09f0d6edaa326743df4626e398323c88e54ccc3996da89c4ac50e088a460f418,0ef52dddff9ea1c4f1d65b34f23e7b528a2f8e9e,3,2,0,3,2,75,75,5,5,5.0,,MIN_EXPANDED_SIZE,SAT,3.8983792799990624,PASSED,REUSED_E4,E4_REUSED,0,7581,303464,939395,,,30342,1,a3a43e2a2989e3fe284f148aa6efa2ccc5deadf1fc5aacd84d2d2e712c6e153f,,,,,3,,,,,,,0
b2,5to10Traces/0138.trace,5to10Traces,macro,09f0d6edaa326743df4626e398323c88e54ccc3996da89c4ac50e088a460f418,0ef52dddff9ea1c4f1d65b34f23e7b528a2f8e9e,3,2,0,3,2,75,75,5,5,5.0,,MIN_EXPANDED_SIZE,SAT,2.853238505999798,PASSED,REUSED_E4,E4_REUSED,0,5421,125116,236934,,,45188,1,b5fdf3d6ae6307c255bbd9f5c70f30ebae4d434b0e7fb4bb3f197a3049a8a7c6,1,22,24,5,2,1,1.0,1,1,1,,0
b2,5to10Traces/0139.trace,5to10Traces,atlas-b,bf7944e4c8fc98df28f2164a293c37173fe918ab58c61018526a048088c84fc7,0ef52dddff9ea1c4f1d65b34f23e7b528a2f8e9e,3,2,0,3,2,3,75,10,10,10.0,,MIN_EXPANDED_SIZE,SAT,7.419548834000125,PASSED,REUSED_E4,E4_REUSED,0,11781,739034,2536946,,,24084,1,ca81f03cb43a1df9b5d94efbcfaa72b105f0eafbbedd850cb5308fed558aadc7,,,,,3,,,,,,,0
b2,5to10Traces/0139.trace,5to10Traces,macro,bf7944e4c8fc98df28f2164a293c37173fe918ab58c61018526a048088c84fc7,0ef52dddff9ea1c4f1d65b34f23e7b528a2f8e9e,3,2,0,3,2,3,75,10,10,10.0,,MIN_EXPANDED_SIZE,SAT,2.909048628999699,PASSED,REUSED_E4,E4_REUSED,0,6780,135180,298164,,,59804,1,ac36ddeb83f1a54d70715467beab89b0f5dc95dc5955517d311a3bfbbfa0805b,1,22,24,5,2,1,1.0,1,1,1,,0
b2,5to10Traces/0140.trace,5to10Traces,atlas-b,799116c644e6dcce5d5f7359b49af06ac7f6a7597b28ebc0af2447732535679d,0ef52dddff9ea1c4f1d65b34f23e7b528a2f8e9e,3,2,0,3,2,100,100,5,5,5.0,,MIN_EXPANDED_SIZE,SAT,4.524965206999923,PASSED,REUSED_E4,E4_REUSED,0,10081,404249,1251608,,,39684,1,8904ba47594b6b6a91a075675afc21408985cbe1e2a0dd97b7138e41e31b17a5,,,,,3,,,,,,,0
b2,5to10Traces/0140.trace,5to10Traces,macro,799116c644e6dcce5d5f7359b49af06ac7f6a7597b28ebc0af2447732535679d,0ef52dddff9ea1c4f1d65b34f23e7b528a2f8e9e,3,2,0,3,2,100,100,5,5,5.0,,MIN_EXPANDED_SIZE,SAT,3.244038041999943,PASSED,REUSED_E4,E4_REUSED,0,6825,158947,300206,,,51250,1,b598c1ad34963d5bcc7c1dbaf007783fcaf39accd4ff72900e21ff6a49250db8,1,22,24,5,2,1,1.0,1,1,1,,0
b2,5to10Traces/0141.trace,5to10Traces,atlas-b,eaaa14beeeee68786188f6926149a68b31cafde21a0dee43ee6800922b11834f,0ef52dddff9ea1c4f1d65b34f23e7b528a2f8e9e,3,2,0,3,2,7,100,10,10,10.0,,MIN_EXPANDED_SIZE,SAT,9.520881766000457,PASSED,REUSED_E4,E4_REUSED,0,16131,1013404,3479153,,,32084,1,eec11a35ca818797cc60471a3233c2ae887cdd38d035e4f4c119c57dc6af1f56,,,,,3,,,,,,,0
b2,5to10Traces/0141.trace,5to10Traces,macro,eaaa14beeeee68786188f6926149a68b31cafde21a0dee43ee6800922b11834f,0ef52dddff9ea1c4f1d65b34f23e7b528a2f8e9e,3,2,0,3,2,7,100,10,10,10.0,,MIN_EXPANDED_SIZE,SAT,3.451768611999796,PASSED,REUSED_E4,E4_REUSED,0,9354,187392,414996,,,65425,1,e0228379ba2bec29fb1235fe7145a9d8ad9e3f614d0a04737d6dcf22cec72ace,1,22,24,5,2,1,1.0,1,1,1,,0
b2,5to10Traces/0142.trace,5to10Traces,atlas-b,436b64ca4da5bdacfc8950be816246e2cc610f8ec153de76d6de51765295127d,0ef52dddff9ea1c4f1d65b34f23e7b528a2f8e9e,3,2,0,3,2,125,125,5,5,5.0,,MIN_EXPANDED_SIZE,SAT,6.260428157000206,PASSED,REUSED_E4,E4_REUSED,0,12581,505048,1563829,,,48950,1,3671ed15bceb697ad4904955ec08ef095e773b155fe4efa90efd63c923058b42,,,,,3,,,,,,,0
b2,5to10Traces/0142.trace,5to10Traces,macro,436b64ca4da5bdacfc8950be816246e2cc610f8ec153de76d6de51765295127d,0ef52dddff9ea1c4f1d65b34f23e7b528a2f8e9e,3,2,0,3,2,125,125,5,5,5.0,,MIN_EXPANDED_SIZE,SAT,3.987030684000274,PASSED,REUSED_E4,E4_REUSED,0,8364,193991,367753,,,56876,1,e6acb7d76a2cc945e8c84bd692567c7ca2843c7988c4d2ad120f3f88596b4662,1,22,24,5,2,1,1.0,1,1,1,,0
b2,5to10Traces/0143.trace,5to10Traces,atlas-b,23f66a69bf200e03b6a5fe7fe0c81ab0b5dded3605a6a4f86290dba127b209a0,0ef52dddff9ea1c4f1d65b34f23e7b528a2f8e9e,3,2,0,3,2,5,125,10,10,10.0,,MIN_EXPANDED_SIZE,SAT,11.682977258000392,PASSED,REUSED_E4,E4_REUSED,0,19581,1231007,4226425,,,38459,1,ba73cc2a4c3158ea3775c8a2ca29ce06f279916db7552aa7ca0fe169a553afde,,,,,3,,,,,,,0
b2,5to10Traces/0143.trace,5to10Traces,macro,23f66a69bf200e03b6a5fe7fe0c81ab0b5dded3605a6a4f86290dba127b209a0,0ef52dddff9ea1c4f1d65b34f23e7b528a2f8e9e,3,2,0,3,2,5,125,10,10,10.0,,MIN_EXPANDED_SIZE,SAT,3.6546119790000375,PASSED,REUSED_E4,E4_REUSED,0,11361,228033,507909,,,68371,1,72e3ed748cedcdd8ad4ae4d71df0b4000c0aee2ec7c367c6204f0e21f3dc1383,1,22,24,5,2,1,1.0,1,1,1,,0
b2,5to10Traces/0144.trace,5to10Traces,atlas-b,604fd17a18204fd9bec122e669ecccc314f471b58a39ccb29b6af9a238ff456e,0ef52dddff9ea1c4f1d65b34f23e7b528a2f8e9e,3,2,0,3,2,150,150,5,5,5.0,,MIN_EXPANDED_SIZE,SAT,6.962311246000354,PASSED,REUSED_E4,E4_REUSED,0,15081,605836,1876045,,,58258,1,a71bf05cdd9c2217a76c82121adeb25bd767110c40526f879b0f17ffef79cdb3,,,,,3,,,,,,,0
b2,5to10Traces/0144.trace,5to10Traces,macro,604fd17a18204fd9bec122e669ecccc314f471b58a39ccb29b6af9a238ff456e,0ef52dddff9ea1c4f1d65b34f23e7b528a2f8e9e,3,2,0,3,2,150,150,5,5,5.0,,MIN_EXPANDED_SIZE,SAT,4.176121589999639,PASSED,REUSED_E4,E4_REUSED,0,9624,223843,426857,,,61462,1,bdb9ead949dca5c0b38e6122ea544f73bddd56fb3c54c6f00c3e9566efde96f8,1,22,24,5,2,1,1.0,1,1,1,,0
b2,5to10Traces/0145.trace,5to10Traces,atlas-b,f0e2bde72ac3567604f09ae166019f0a2ce10cece29e4ed24dad2092598bc0f6,0ef52dddff9ea1c4f1d65b34f23e7b528a2f8e9e,3,2,0,3,2,4,150,10,10,10.0,,MIN_EXPANDED_SIZE,SAT,12.892798422999476,PASSED,REUSED_E4,E4_REUSED,0,23181,1458071,5006186,,,45109,1,1bc36640c3151bfd9bdc43e4133735b33b51142d169b7fbe9201a211fd8ac02c,,,,,3,,,,,,,0
b2,5to10Traces/0145.trace,5to10Traces,macro,f0e2bde72ac3567604f09ae166019f0a2ce10cece29e4ed24dad2092598bc0f6,0ef52dddff9ea1c4f1d65b34f23e7b528a2f8e9e,3,2,0,3,2,4,150,10,10,10.0,,MIN_EXPANDED_SIZE,SAT,4.6136178799999925,PASSED,REUSED_E4,E4_REUSED,0,13404,268628,593600,,,76095,1,2a28b47ab41e0e0ccb5d99bf4e13da84d5fb7e05a38512fc5175e0407bda459e,1,22,24,5,2,1,1.0,1,1,1,,0
b2,5to10Traces/0146.trace,5to10Traces,atlas-b,93a3bb585734055b11004058e88a658f78a400e8ea2036c5ddff5db42549bd0f,0ef52dddff9ea1c4f1d65b34f23e7b528a2f8e9e,3,2,0,3,2,175,175,5,5,5.0,,MIN_EXPANDED_SIZE,SAT,8.425265822000256,PASSED,REUSED_E4,E4_REUSED,0,17581,706637,2188267,,,67594,1,063ef09b4569a1d42bfc7d245abe1804351505a4afa78731b14b25aab2e82d24,,,,,3,,,,,,,0
b2,5to10Traces/0146.trace,5to10Traces,macro,93a3bb585734055b11004058e88a658f78a400e8ea2036c5ddff5db42549bd0f,0ef52dddff9ea1c4f1d65b34f23e7b528a2f8e9e,3,2,0,3,2,175,175,5,5,5.0,,MIN_EXPANDED_SIZE,SAT,4.731959508999353,PASSED,REUSED_E4,E4_REUSED,0,10641,248036,469696,,,65911,1,b4a71cb13c3a8e6268ffcf75ad36a32cce59c888cac0e542084f9bac6e7615fe,1,22,24,5,2,1,1.0,1,1,1,,0
b2,5to10Traces/0147.trace,5to10Traces,atlas-b,d01635d37957b69b76d355d254efc5f4394e536dfecdfe9d75264b441c802a5d,0ef52dddff9ea1c4f1d65b34f23e7b528a2f8e9e,3,2,0,3,2,12,175,10,10,10.0,,MIN_EXPANDED_SIZE,SAT,16.697963845999766,PASSED,REUSED_E4,E4_REUSED,0,28131,1770284,6078348,,,54236,1,fe5e3e8643f828f02191453c25d0ffd8ea8f8a017da98815a9bce8cb79a1167c,,,,,3,,,,,,,0
b2,5to10Traces/0147.trace,5to10Traces,macro,d01635d37957b69b76d355d254efc5f4394e536dfecdfe9d75264b441c802a5d,0ef52dddff9ea1c4f1d65b34f23e7b528a2f8e9e,3,2,0,3,2,12,175,10,10,10.0,,MIN_EXPANDED_SIZE,SAT,5.1577223819999745,PASSED,REUSED_E4,E4_REUSED,0,16185,324069,712743,,,92358,1,0946881582e98d66c225d773c778920f950762c993502108f23dd15941169f8b,1,22,24,5,2,1,1.0,1,1,1,,0
b2,5to10Traces/0148.trace,5to10Traces,atlas-b,c7d77813a74ca26f649eb0561259f3a5cad1014bd795b1fa361c58c242ab03fb,0ef52dddff9ea1c4f1d65b34f23e7b528a2f8e9e,3,2,0,3,2,200,200,5,5,5.0,,MIN_EXPANDED_SIZE,SAT,8.227672092998546,PASSED,REUSED_E4,E4_REUSED,0,20081,807414,2500476,,,76990,1,4a6099bcdc2c90784c176c0cd5cf185cde438e7a6da0de4a7f4553fd653cd4d4,,,,,3,,,,,,,0
b2,5to10Traces/0148.trace,5to10Traces,macro,c7d77813a74ca26f649eb0561259f3a5cad1014bd795b1fa361c58c242ab03fb,0ef52dddff9ea1c4f1d65b34f23e7b528a2f8e9e,3,2,0,3,2,200,200,5,5,5.0,,MIN_EXPANDED_SIZE,SAT,5.1544856450000225,PASSED,REUSED_E4,E4_REUSED,0,12252,284280,541161,,,71557,1,afcc6f8778a37366d37619173fa0d0007a9ad3690549f4577682e772ae28000b,1,22,24,5,2,1,1.0,1,1,1,,0
b2,5to10Traces/0149.trace,5to10Traces,atlas-b,dc750485e1b246b59418d8b42c562354e1f671c984191df12f963494e8079044,0ef52dddff9ea1c4f1d65b34f23e7b528a2f8e9e,3,2,0,3,2,11,200,10,10,10.0,,MIN_EXPANDED_SIZE,SAT,17.86525746999996,PASSED,REUSED_E4,E4_REUSED,0,31731,1997348,6858109,,,60885,1,db42d36fa3ce28df4257033194cabe4c7a91af0c6303ac85cf4c261475353eca,,,,,3,,,,,,,0
b2,5to10Traces/0149.trace,5to10Traces,macro,dc750485e1b246b59418d8b42c562354e1f671c984191df12f963494e8079044,0ef52dddff9ea1c4f1d65b34f23e7b528a2f8e9e,3,2,0,3,2,11,200,10,10,10.0,,MIN_EXPANDED_SIZE,SAT,5.45984167000006,PASSED,REUSED_E4,E4_REUSED,0,18372,369188,819998,,,90563,1,de11cf1c50622047ae7e74f97e41a82bdbc7beacce1af44508741552f0001bf1,1,22,24,5,2,1,1.0,1,1,1,,0
b2,5to10Traces/0150.trace,5to10Traces,atlas-b,8e09912a622de8882f0f7db7d6babe6c3bb7c6ba055a3a40a1665e45b82599ed,0ef52dddff9ea1c4f1d65b34f23e7b528a2f8e9e,3,2,0,3,2,225,225,5,5,5.0,,MIN_EXPANDED_SIZE,SAT,10.947991059999822,PASSED,REUSED_E4,E4_REUSED,0,22581,908215,2812702,,,86336,1,e5054813ef778d9de69e550caeb99cc6b9408e87952a7ebe91df3e4145f02842,,,,,3,,,,,,,0
b2,5to10Traces/0150.trace,5to10Traces,macro,8e09912a622de8882f0f7db7d6babe6c3bb7c6ba055a3a40a1665e45b82599ed,0ef52dddff9ea1c4f1d65b34f23e7b528a2f8e9e,3,2,0,3,2,225,225,5,5,5.0,,MIN_EXPANDED_SIZE,SAT,5.500062448998506,PASSED,REUSED_E4,E4_REUSED,0,13431,312766,595358,,,76044,1,8053c06b0d5064fe300b61b2743988a259fb2e5ba5eb4253a17157e0f6dcf629,1,22,24,5,2,1,1.0,1,1,1,,0
b2,5to10Traces/0151.trace,5to10Traces,atlas-b,e98a99d67e1970c2d431177825de7a20ffb2543cbaf9ddff8358954141101c52,0ef52dddff9ea1c4f1d65b34f23e7b528a2f8e9e,3,2,0,3,2,13,225,10,10,10.0,,MIN_EXPANDED_SIZE,SAT,20.370973459001107,PASSED,REUSED_E4,E4_REUSED,0,35781,2252795,7735337,,,68362,1,6923c6fca37b1ebbbf53584ccc258bf48eb4349ef7c562bc2e22fa5e0beaa58e,,,,,3,,,,,,,0
b2,5to10Traces/0151.trace,5to10Traces,macro,e98a99d67e1970c2d431177825de7a20ffb2543cbaf9ddff8358954141101c52,0ef52dddff9ea1c4f1d65b34f23e7b528a2f8e9e,3,2,0,3,2,13,225,10,10,10.0,,MIN_EXPANDED_SIZE,SAT,6.15967376899971,PASSED,REUSED_E4,E4_REUSED,0,20622,413830,915520,,,95914,1,91f2aa60597ab01c7d15fcf4d411951bd46cc42fb0b8756f61c0de310bf2dac4,1,22,24,5,2,1,1.0,1,1,1,,0
b2,5to10Traces/0152.trace,5to10Traces,atlas-b,48bc0b6afc1d05a106c6a545b028f53d2841adbaf2761ee1d25653821ac6020d,0ef52dddff9ea1c4f1d65b34f23e7b528a2f8e9e,3,2,0,3,2,250,250,5,5,5.0,,MIN_EXPANDED_SIZE,SAT,10.78423658499969,PASSED,REUSED_E4,E4_REUSED,0,25081,1009017,3124932,,,95648,1,b589589e9398c3f883706a02d04e18c7a678bf7332bc71ce38a8fe6d1ca30bb0,,,,,3,,,,,,,0
b2,5to10Traces/0152.trace,5to10Traces,macro,48bc0b6afc1d05a106c6a545b028f53d2841adbaf2761ee1d25653821ac6020d,0ef52dddff9ea1c4f1d65b34f23e7b528a2f8e9e,3,2,0,3,2,250,250,5,5,5.0,,MIN_EXPANDED_SIZE,SAT,5.78916190199925,PASSED,REUSED_E4,E4_REUSED,0,14700,342162,650317,,,81367,1,61745ce05f23f94c9b9f2561bfcd02b1b9fd3743973f3eb4572e0c245420a69b,1,22,24,5,2,1,1.0,1,1,1,,0
b2,5to10Traces/0153.trace,5to10Traces,atlas-b,9f4bd41aab16e2e41288202c56344218a42573d8ee800a22c6623b29e76448e1,0ef52dddff9ea1c4f1d65b34f23e7b528a2f8e9e,3,2,0,3,2,11,250,10,10,10.0,,MIN_EXPANDED_SIZE,SAT,21.746545224999863,PASSED,REUSED_E4,E4_REUSED,0,39231,2470397,8482608,,,74735,1,175245eeaceeecb1fe3b2627a24e090cf30b69c71c9b09d0a41a0595d7a8264f,,,,,3,,,,,,,0
b2,5to10Traces/0153.trace,5to10Traces,macro,9f4bd41aab16e2e41288202c56344218a42573d8ee800a22c6623b29e76448e1,0ef52dddff9ea1c4f1d65b34f23e7b528a2f8e9e,3,2,0,3,2,11,250,10,10,10.0,,MIN_EXPANDED_SIZE,SAT,6.270731666999836,PASSED,REUSED_E4,E4_REUSED,0,22656,453948,998154,,,106449,1,bb80ad6f1a6538c28d3c781bbf83c3540e2fca06b38d8d7695f361b2cd54acca,1,22,24,5,2,1,1.0,1,1,1,,0
b2,5to10Traces/0154.trace,5to10Traces,atlas-b,86ea5d1e67f32593afcf9ca718f0f15de0bdeb895fea6b059c15320ab4bf0ee9,0ef52dddff9ea1c4f1d65b34f23e7b528a2f8e9e,6,2,0,6,3,5,5,5,5,5.0,,MIN_EXPANDED_SIZE,SAT,4.67567143999986,PASSED,REUSED_E4,E4_REUSED,0,922,54464,175648,,,4808,1,d4253d6850e2644ec3aeef288cd8dbb9f11f1f47789af59740733e349a6fb096,,,,,6,,,,,,,0
b2,5to10Traces/0154.trace,5to10Traces,macro,86ea5d1e67f32593afcf9ca718f0f15de0bdeb895fea6b059c15320ab4bf0ee9,0ef52dddff9ea1c4f1d65b34f23e7b528a2f8e9e,6,2,0,6,3,5,5,5,5,5.0,,MIN_EXPANDED_SIZE,SAT,3.415711606000059,PASSED,REUSED_E4,E4_REUSED,0,2341,77747,162658,,,29350,1,eb02dab4f3df552b4767decc3a191afa2e86f68ef0960506272d6611ecc897a1,1,34,54,32,6,2,0.2,1,4,5,,0
b2,5to10Traces/0155.trace,5to10Traces,atlas-b,cac4f35d45dd50acfc42000fba2cc7c8316cd1b38aba1dacf04663c1fffed8cb,0ef52dddff9ea1c4f1d65b34f23e7b528a2f8e9e,6,2,0,6,3,5,5,10,10,10.0,,MIN_EXPANDED_SIZE,SAT,2.4309707599986723,PASSED,REUSED_E4,E4_REUSED,0,2122,200214,684298,,,6223,1,710d4d978b1323a5e0e5d7fef103dc2d95f4240b2d8801a625f8f0836e35e31f,,,,,6,,,,,,,0
b2,5to10Traces/0155.trace,5to10Traces,macro,cac4f35d45dd50acfc42000fba2cc7c8316cd1b38aba1dacf04663c1fffed8cb,0ef52dddff9ea1c4f1d65b34f23e7b528a2f8e9e,6,2,0,6,3,5,5,10,10,10.0,,MIN_EXPANDED_SIZE,SAT,1.13763160399958,PASSED,REUSED_E4,E4_REUSED,0,530,4899,9613,,,15820,1,033fd1b2185658dae747f67fbc34b20c7c75df289c9f71e3c7f7515cfdd395ff,1,40,54,1,1,1,0.0,0,1,1,,0
b2,5to10Traces/0156.trace,5to10Traces,atlas-b,22793e02187ed3410cdf3eab2afe065fe084e6adab1ab091856f7d442b6526d8,0ef52dddff9ea1c4f1d65b34f23e7b528a2f8e9e,6,2,0,6,3,25,25,5,5,5.0,,MIN_EXPANDED_SIZE,UNSAT,101.93009254400022,NOT_APPLICABLE_UNSAT,REUSED_E4,E4_REUSED,0,3722,252624,816548,,,14038,1,3051a590b1dc90915ae23538b622c9616c781fa67dcd5b1c240352266cef8a0f,,,,,6,,,,,,,0
b2,5to10Traces/0156.trace,5to10Traces,macro,22793e02187ed3410cdf3eab2afe065fe084e6adab1ab091856f7d442b6526d8,0ef52dddff9ea1c4f1d65b34f23e7b528a2f8e9e,6,2,0,6,3,25,25,5,5,5.0,,MIN_EXPANDED_SIZE,UNSAT,61.39779574299973,NOT_APPLICABLE_UNSAT,REUSED_E4,E4_REUSED,0,7141,348920,725587,,,52269,1,c5036e334c3de14069e50a4bf491592ba38522b8aba9d452725d7ef876758cdd,1,34,54,32,6,,,,,,,0
b2,5to10Traces/0157.trace,5to10Traces,atlas-b,588f3e17285d00e0ef25a984d20cb2c7311b5f83e1a7b7cfd03f0d91845196cb,0ef52dddff9ea1c4f1d65b34f23e7b528a2f8e9e,6,2,0,6,3,25,25,10,10,10.0,,MIN_EXPANDED_SIZE,TIMEOUT,180.13342658299962,IN_PROGRESS,TRANSLATED_ONLY,TRANSLATE_ONLY,1,9722,981374,3359798,,,20853,1,455da13a7422cef915d14abb9daf5076b7e71a427412fcc723ab8210ab72483e,,,,,,,,,,,,5.973164858000018
b2,5to10Traces/0157.trace,5to10Traces,macro,588f3e17285d00e0ef25a984d20cb2c7311b5f83e1a7b7cfd03f0d91845196cb,0ef52dddff9ea1c4f1d65b34f23e7b528a2f8e9e,6,2,0,6,3,25,25,10,10,10.0,,MIN_EXPANDED_SIZE,UNSAT,132.88383080400126,NOT_APPLICABLE_UNSAT,REUSED_E4,E4_REUSED,0,13483,671944,1561557,,,94532,1,a00263ca6759501a8d454847d71b8fb683f3147b7e43d5e2a6db7df0b400b2ba,1,40,54,34,6,,,,,,,0
b2,5to10Traces/0158.trace,5to10Traces,atlas-b,5366c4744106435515ba36ff3a0abe3eab73b21822dacf475bab1e42886251a5,0ef52dddff9ea1c4f1d65b34f23e7b528a2f8e9e,6,2,0,6,3,50,50,5,5,5.0,,MIN_EXPANDED_SIZE,TIMEOUT,180.07157677400005,IN_PROGRESS,TRANSLATED_ONLY,TRANSLATE_ONLY,1,7222,500324,1617673,,,25588,1,c71a953e1a70595f455b40c82ec2f7d167ff9b5048bb855d8625e20fd83c7197,,,,,,,,,,,,2.669576842999959
b2,5to10Traces/0158.trace,5to10Traces,macro,5366c4744106435515ba36ff3a0abe3eab73b21822dacf475bab1e42886251a5,0ef52dddff9ea1c4f1d65b34f23e7b528a2f8e9e,6,2,0,6,3,50,50,5,5,5.0,,MIN_EXPANDED_SIZE,UNSAT,70.79849687099886,NOT_APPLICABLE_UNSAT,REUSED_E4,E4_REUSED,0,13116,676487,1387388,,,71675,1,0b99cdb322e7a4390d2cd6080989016dd3a63c721cce51030cb3344608ba9776,1,34,54,32,6,,,,,,,0
b2,5to10Traces/0159.trace,5to10Traces,atlas-b,7a8b91d4cd781948c46b32f1afefe696c01a426fdc32358e7dd94a5c0277a1a4,0ef52dddff9ea1c4f1d65b34f23e7b528a2f8e9e,6,2,0,6,3,50,50,10,10,10.0,,MIN_EXPANDED_SIZE,TIMEOUT,180.19396182499986,IN_PROGRESS,TRANSLATED_ONLY,TRANSLATE_ONLY,1,19222,1957824,6704173,,,39153,1,43679d32eefed455f3d986beb912ff04a95c64c206e296939d3a2a434fe381f3,,,,,,,,,,,,8.22920441000042
b2,5to10Traces/0159.trace,5to10Traces,macro,7a8b91d4cd781948c46b32f1afefe696c01a426fdc32358e7dd94a5c0277a1a4,0ef52dddff9ea1c4f1d65b34f23e7b528a2f8e9e,6,2,0,6,3,50,50,10,10,10.0,,MIN_EXPANDED_SIZE,TIMEOUT,180.24279080400083,IN_PROGRESS,TRANSLATED_ONLY,TRANSLATE_ONLY,1,25758,1345863,3131192,,,131631,1,a887b1c9a5e2741588a176f04cc085496c2e54982ff92024a60d79712e1c2198,1,40,54,34,6,,,,,,,9.227199728999949
b2,5to10Traces/0160.trace,5to10Traces,atlas-b,67e4917bdac48ce1d41bc9df055dd50a4f2e832f346c348b0da8c5dc6550231e,0ef52dddff9ea1c4f1d65b34f23e7b528a2f8e9e,6,2,0,6,3,75,75,5,5,5.0,,MIN_EXPANDED_SIZE,TIMEOUT,180.10432443699938,IN_PROGRESS,TRANSLATED_ONLY,TRANSLATE_ONLY,1,10722,748024,2418798,,,37138,1,a35472b0e1f5dc9be3d469c15474cd0f5bb8480ab2dcb134c0c1990b7fa9fec0,,,,,,,,,,,,4.820662068000274
b2,5to10Traces/0160.trace,5to10Traces,macro,67e4917bdac48ce1d41bc9df055dd50a4f2e832f346c348b0da8c5dc6550231e,0ef52dddff9ea1c4f1d65b34f23e7b528a2f8e9e,6,2,0,6,3,75,75,5,5,5.0,,MIN_EXPANDED_SIZE,UNSAT,152.7974630510007,NOT_APPLICABLE_UNSAT,REUSED_E4,E4_REUSED,0,19516,1044941,2169808,,,75721,1,f3d2a903d7bb8363409f16d646ba73ebf00c2993d6ccbc0f861a3bd992fbe832,1,34,54,32,6,,,,,,,0
b2,5to10Traces/0161.trace,5to10Traces,atlas-b,09abb388cb5185e890e0474dda93ee7673d3d8d7117e591fb747af2c191ff37b,0ef52dddff9ea1c4f1d65b34f23e7b528a2f8e9e,6,2,0,6,3,75,75,10,10,10.0,,MIN_EXPANDED_SIZE,TIMEOUT,180.2670269780001,IN_PROGRESS,TRANSLATED_ONLY,TRANSLATE_ONLY,1,28722,2934274,10048548,,,57453,1,4c5b617fef0e2a0a331b1eb7d5ff21c247715c1b541856df9adae76a40f03d27,,,,,,,,,,,,16.141969080000308
b2,5to10Traces/0161.trace,5to10Traces,macro,09abb388cb5185e890e0474dda93ee7673d3d8d7117e591fb747af2c191ff37b,0ef52dddff9ea1c4f1d65b34f23e7b528a2f8e9e,6,2,0,6,3,75,75,10,10,10.0,,MIN_EXPANDED_SIZE,TIMEOUT,180.1994194509998,IN_PROGRESS,TRANSLATED_ONLY,TRANSLATE_ONLY,1,38233,2085664,4918329,,,144489,1,4802b1027f2f9db3782f9182d02cf0e675a3d41ff56cfbcf5d5a2d1c40fc9966,1,40,54,34,6,,,,,,,15.335852244999842
b2,5to10Traces/0162.trace,5to10Traces,atlas-b,febccb0ca50074ae0455fb54efe74868059da61ae079aabc0f6d6ac2d519167b,0ef52dddff9ea1c4f1d65b34f23e7b528a2f8e9e,6,2,0,6,3,100,100,5,5,5.0,,MIN_EXPANDED_SIZE,TIMEOUT,180.12177017399972,IN_PROGRESS,TRANSLATED_ONLY,TRANSLATE_ONLY,1,14222,995724,3219923,,,48688,1,ee344b3a1e9e146bcbceb9d0cf5381d04dcc00d95502257b056fb7ccbc6fa6fa,,,,,,,,,,,,4.8218182000000525
b2,5to10Traces/0162.trace,5to10Traces,macro,febccb0ca50074ae0455fb54efe74868059da61ae079aabc0f6d6ac2d519167b,0ef52dddff9ea1c4f1d65b34f23e7b528a2f8e9e,6,2,0,6,3,100,100,5,5,5.0,,MIN_EXPANDED_SIZE,TIMEOUT,180.17458963199988,IN_PROGRESS,TRANSLATED_ONLY,TRANSLATE_ONLY,1,25166,1352739,2791398,,,91570,1,eaf2504770ffb5386b13003af896c6f1533a7dfedaa9e047f077c380e762a839,1,34,54,32,6,,,,,,,12.182403456999964
b2,5to10Traces/0163.trace,5to10Traces,atlas-b,698048cb05237bb76881248a194dfd4222f786aff27053424c01cd4df973fcb3,0ef52dddff9ea1c4f1d65b34f23e7b528a2f8e9e,6,2,0,6,3,100,100,10,10,10.0,,MIN_EXPANDED_SIZE,TIMEOUT,180.29765429000054,IN_PROGRESS,TRANSLATED_ONLY,TRANSLATE_ONLY,1,38222,3910724,13392923,,,75753,1,4b071511564cf24db9c0b672556560bf1543c51b85afc5e28959f31b2594238a,,,,,,,,,,,,21.349453048000214
b2,5to10Traces/0163.trace,5to10Traces,macro,698048cb05237bb76881248a194dfd4222f786aff27053424c01cd4df973fcb3,0ef52dddff9ea1c4f1d65b34f23e7b528a2f8e9e,6,2,0,6,3,100,100,10,10,10.0,,MIN_EXPANDED_SIZE,TIMEOUT,180.17557545499994,IN_PROGRESS,TRANSLATED_ONLY,TRANSLATE_ONLY,1,50433,2700042,6329103,,,166773,1,e19dfe308c376145ed4f0458e2acfa27eb0bc4c479fa60041b617390daed045f,1,40,54,34,6,,,,,,,16.39153056900068
b2,5to10Traces/0164.trace,5to10Traces,atlas-b,6df83574ea926131b131832dcccba0c5588a338ea681d59b1706dc1a127a37d4,0ef52dddff9ea1c4f1d65b34f23e7b528a2f8e9e,6,2,0,6,3,125,125,5,5,5.0,,MIN_EXPANDED_SIZE,TIMEOUT,180.14574586300023,IN_PROGRESS,TRANSLATED_ONLY,TRANSLATE_ONLY,1,17722,1243424,4021048,,,60288,1,d8916757230e580a11621ad3bfcae4ec5a8ec3bcfd064ed803ba32d4890ff924,,,,,,,,,,,,6.874294580999958
b2,5to10Traces/0164.trace,5to10Traces,macro,6df83574ea926131b131832dcccba0c5588a338ea681d59b1706dc1a127a37d4,0ef52dddff9ea1c4f1d65b34f23e7b528a2f8e9e,6,2,0,6,3,125,125,5,5,5.0,,MIN_EXPANDED_SIZE,TIMEOUT,180.17410134700003,IN_PROGRESS,TRANSLATED_ONLY,TRANSLATE_ONLY,1,31691,1714284,3538045,,,101216,1,86df125e2ddbd13547bfbf61be94b255b74169cd5336e0ea57b83ca15877227c,1,34,54,32,6,,,,,,,11.530938379999498
b2,5to10Traces/0165.trace,5to10Traces,atlas-b,43f2142433c9b3046e39e2cecba2ab6f12de2f060be5a409edc2d34939e9cbd4,0ef52dddff9ea1c4f1d65b34f23e7b528a2f8e9e,6,2,0,6,3,125,125,10,10,10.0,,MIN_EXPANDED_SIZE,TIMEOUT,180.30161914500013,IN_PROGRESS,TRANSLATED_ONLY,TRANSLATE_ONLY,1,47722,4887174,16737298,,,94103,1,e3ada80b4ae1ef0ab83087964cf3329aef5f340f253e135a71936440d12e8bf6,,,,,,,,,,,,24.55511293499967
b2,5to10Traces/0165.trace,5to10Traces,macro,43f2142433c9b3046e39e2cecba2ab6f12de2f060be5a409edc2d34939e9cbd4,0ef52dddff9ea1c4f1d65b34f23e7b528a2f8e9e,6,2,0,6,3,125,125,10,10,10.0,,MIN_EXPANDED_SIZE,TIMEOUT,180.27202427199882,IN_PROGRESS,TRANSLATED_ONLY,TRANSLATE_ONLY,1,62908,3471302,8174942,,,179412,1,678789f0d7a83ef33ea5b04a7c6067baea4f99ea3c58e6dc1ac5f1784191cc31,1,40,54,34,6,,,,,,,24.700708002999818
b2,5to10Traces/0166.trace,5to10Traces,atlas-b,6a37e5470656768f553fc77683f563d89952ded7e1fcecbd6e8c6031e1d59e87,0ef52dddff9ea1c4f1d65b34f23e7b528a2f8e9e,6,2,0,6,3,150,150,5,5,5.0,,MIN_EXPANDED_SIZE,TIMEOUT,180.16726047500015,IN_PROGRESS,TRANSLATED_ONLY,TRANSLATE_ONLY,1,21222,1491124,4822173,,,71888,1,62865b6c113803e2381e8bec34192fe968849df92679578c429bb16e4be9fd41,,,,,,,,,,,,9.127288272999976
b2,5to10Traces/0166.trace,5to10Traces,macro,6a37e5470656768f553fc77683f563d89952ded7e1fcecbd6e8c6031e1d59e87,0ef52dddff9ea1c4f1d65b34f23e7b528a2f8e9e,6,2,0,6,3,150,150,5,5,5.0,,MIN_EXPANDED_SIZE,TIMEOUT,180.22726639600114,IN_PROGRESS,TRANSLATED_ONLY,TRANSLATE_ONLY,1,37441,2045094,4232549,,,111879,1,0e2bc080e9a11080d28ff7d466f5d913bb6acc8749a6936b61244af2f6206cf0,1,34,54,32,6,,,,,,,15.135092754000652
b2,5to10Traces/0167.trace,5to10Traces,atlas-b,de9222b66cb05b730d04d9402205c708cb7a392a3663ddec8dcc12ce7051f8b2,0ef52dddff9ea1c4f1d65b34f23e7b528a2f8e9e,6,2,0,6,3,150,150,10,10,10.0,,MIN_EXPANDED_SIZE,TIMEOUT,180.35837330599998,IN_PROGRESS,TRANSLATED_ONLY,TRANSLATE_ONLY,1,57222,5863624,20081673,,,112453,1,f7ebefaafffcdead73ac09f50adfd60755b2a3a629f5188866983d1cd71a804e,,,,,,,,,,,,31.912095243000294
b2,5to10Traces/0167.trace,5to10Traces,macro,de9222b66cb05b730d04d9402205c708cb7a392a3663ddec8dcc12ce7051f8b2,0ef52dddff9ea1c4f1d65b34f23e7b528a2f8e9e,6,2,0,6,3,150,150,10,10,10.0,,MIN_EXPANDED_SIZE,TIMEOUT,180.26005740300025,IN_PROGRESS,TRANSLATED_ONLY,TRANSLATE_ONLY,1,74858,4093981,9609128,,,206799,1,e21174aebd56617f4ffe13de6c4e1376c4936ebfc2848dd8a6d7e6439a56ae2f,1,40,54,34,6,,,,,,,27.80110141700061
b2,5to10Traces/0168.trace,5to10Traces,atlas-b,a7f8d4ada64dafe6ccc1158f17b1987d24509f77c20e994e0be3de8e82d2254a,0ef52dddff9ea1c4f1d65b34f23e7b528a2f8e9e,6,2,0,6,3,175,175,5,5,5.0,,MIN_EXPANDED_SIZE,TIMEOUT,180.22499889500068,IN_PROGRESS,TRANSLATED_ONLY,TRANSLATE_ONLY,1,24722,1738824,5623298,,,83488,1,6a41ee59457251de0126d0ea9c99b60989f8c215877898bb5d251614fd6f59ac,,,,,,,,,,,,9.377626984000017
b2,5to10Traces/0168.trace,5to10Traces,macro,a7f8d4ada64dafe6ccc1158f17b1987d24509f77c20e994e0be3de8e82d2254a,0ef52dddff9ea1c4f1d65b34f23e7b528a2f8e9e,6,2,0,6,3,175,175,5,5,5.0,,MIN_EXPANDED_SIZE,TIMEOUT,180.24418100500043,IN_PROGRESS,TRANSLATED_ONLY,TRANSLATE_ONLY,1,43541,2386257,4925952,,,121809,1,c2c4013c12b523908ecaa9a5668ce370ecced60f99db0833264baa8eb1c23e30,1,34,54,32,6,,,,,,,17.487276783000198
b2,5to10Traces/0169.trace,5to10Traces,atlas-b,604c64f4fe5c15293a02c7a950a094fe7237524676db62bb33b8ebcf96274598,0ef52dddff9ea1c4f1d65b34f23e7b528a2f8e9e,6,2,0,6,3,175,175,10,10,10.0,,MIN_EXPANDED_SIZE,TIMEOUT,180.44822213000043,IN_PROGRESS,TRANSLATED_ONLY,TRANSLATE_ONLY,1,66722,6840074,23426048,,,130803,1,d3662623284394442a4bdf2b3b97fe240df1bd6bedcc4c8052c3c3dd38bfda45,,,,,,,,,,,,32.80885292200037
b2,5to10Traces/0169.trace,5to10Traces,macro,604c64f4fe5c15293a02c7a950a094fe7237524676db62bb33b8ebcf96274598,0ef52dddff9ea1c4f1d65b34f23e7b528a2f8e9e,6,2,0,6,3,175,175,10,10,10.0,,MIN_EXPANDED_SIZE,TIMEOUT,180.2944616929999,IN_PROGRESS,TRANSLATED_ONLY,TRANSLATE_ONLY,1,87508,4787349,11244038,,,199573,1,79ca0f5ef86a0ca7bb673fb9998bb9a0f5d519de1558bed858f4a025d197cadf,1,40,54,34,6,,,,,,,34.16413074200045
b2,5to10Traces/0170.trace,5to10Traces,atlas-b,e714e7763d0985a9f60e3f51e93026b7c9a055fac5e1fee366ac90f541b78e17,0ef52dddff9ea1c4f1d65b34f23e7b528a2f8e9e,6,2,0,6,3,200,200,5,5,5.0,,MIN_EXPANDED_SIZE,TIMEOUT,180.21098314899973,IN_PROGRESS,TRANSLATED_ONLY,TRANSLATE_ONLY,1,28222,1986524,6424423,,,95088,1,25c684c9c063134aadee3ad0ba01c888bc9763acb73067d3ac1ad3a433c6a193,,,,,,,,,,,,9.177704478000123
b2,5to10Traces/0170.trace,5to10Traces,macro,e714e7763d0985a9f60e3f51e93026b7c9a055fac5e1fee366ac90f541b78e17,0ef52dddff9ea1c4f1d65b34f23e7b528a2f8e9e,6,2,0,6,3,200,200,5,5,5.0,,MIN_EXPANDED_SIZE,TIMEOUT,180.24324898799932,IN_PROGRESS,TRANSLATED_ONLY,TRANSLATE_ONLY,1,49516,2716048,5611707,,,131121,1,7ac80a59f2c98d3495c75eb09dde3a3249b7580e44cf8e9de6988c9b1183b5da,1,34,54,32,6,,,,,,,18.742899369999577
b2,5to10Traces/0171.trace,5to10Traces,atlas-b,b20ab982fceffe4adbbfb37241ddd8dbd85b26501d8b13f20e9fb892232c88c6,0ef52dddff9ea1c4f1d65b34f23e7b528a2f8e9e,6,2,0,6,3,200,200,10,10,10.0,,MIN_EXPANDED_SIZE,TIMEOUT,180.46551641599945,IN_PROGRESS,TRANSLATED_ONLY,TRANSLATE_ONLY,1,76222,7816524,26770423,,,149153,1,7859a32b6c2f2d6e3a5c591e1a3e71413f9b5b545ac31c084112ebc418add590,,,,,,,,,,,,38.924553941999875
b2,5to10Traces/0171.trace,5to10Traces,macro,b20ab982fceffe4adbbfb37241ddd8dbd85b26501d8b13f20e9fb892232c88c6,0ef52dddff9ea1c4f1d65b34f23e7b528a2f8e9e,6,2,0,6,3,200,200,10,10,10.0,,MIN_EXPANDED_SIZE,TIMEOUT,180.298257121,IN_PROGRESS,TRANSLATED_ONLY,TRANSLATE_ONLY,1,99983,5465392,12840697,,,222453,1,161cc102eb52247125e0feaafeea9c0842d6234bb99a8f2eda3ee8bbc90aab2f,1,40,54,34,6,,,,,,,34.91499777499939
b2,5to10Traces/0172.trace,5to10Traces,atlas-b,688cf40d1b7d992482dc722d710b7aeabe69223403907db7c6e4b1095513cfaa,0ef52dddff9ea1c4f1d65b34f23e7b528a2f8e9e,6,2,0,6,3,225,225,5,5,5.0,,MIN_EXPANDED_SIZE,TIMEOUT,180.22652078700003,IN_PROGRESS,TRANSLATED_ONLY,TRANSLATE_ONLY,1,31722,2234224,7225548,,,106688,1,d1d71f6665b99482d9024a8cba9195b75234f7178072e7466d209a958cfe79d9,,,,,,,,,,,,13.28196874599962
b2,5to10Traces/0172.trace,5to10Traces,macro,688cf40d1b7d992482dc722d710b7aeabe69223403907db7c6e4b1095513cfaa,0ef52dddff9ea1c4f1d65b34f23e7b528a2f8e9e,6,2,0,6,3,225,225,5,5,5.0,,MIN_EXPANDED_SIZE,TIMEOUT,180.18845746600164,IN_PROGRESS,TRANSLATED_ONLY,TRANSLATE_ONLY,1,55366,3011680,6172666,,,146220,1,c4b4efad1f23a9a7b04b1a65897056c4ea29af10111243f723e32cb270c005d2,1,34,54,32,6,,,,,,,23.84750667300068
b2,5to10Traces/0173.trace,5to10Traces,atlas-b,027b9d21049f56e1d569a406b650b8449dffbfbe65a47d8da69ec7d0a0bfaa23,0ef52dddff9ea1c4f1d65b34f23e7b528a2f8e9e,6,2,0,6,3,225,225,10,10,10.0,,MIN_EXPANDED_SIZE,TIMEOUT,180.44549977400004,IN_PROGRESS,TRANSLATED_ONLY,TRANSLATE_ONLY,1,85722,8792974,30114798,,,167503,1,ce347656bc2ca1d0c9c0e4ed5a5d2457c5e25984b54cde701c711154bcb870b2,,,,,,,,,,,,49.73417318100019
b2,5to10Traces/0173.trace,5to10Traces,macro,027b9d21049f56e1d569a406b650b8449dffbfbe65a47d8da69ec7d0a0bfaa23,0ef52dddff9ea1c4f1d65b34f23e7b528a2f8e9e,6,2,0,6,3,225,225,10,10,10.0,,MIN_EXPANDED_SIZE,TIMEOUT,180.34838625200007,IN_PROGRESS,TRANSLATED_ONLY,TRANSLATE_ONLY,1,112233,6155428,14493787,,,229830,1,a92c7733e4e0c1217ab5b0895ccf6ef3bebb7aa9c32899a771be95518d5a04f7,1,40,54,34,6,,,,,,,42.079045167000004
b2,5to10Traces/0174.trace,5to10Traces,atlas-b,fe41503b69e91d4a017b84083fcd427a964966e8836a156bb0e7c99b89d4ed30,0ef52dddff9ea1c4f1d65b34f23e7b528a2f8e9e,6,2,0,6,3,250,250,5,5,5.0,,MIN_EXPANDED_SIZE,TIMEOUT,180.21573488000013,IN_PROGRESS,TRANSLATED_ONLY,TRANSLATE_ONLY,1,35222,2481924,8026673,,,118288,1,1ee2d8108815aaedd5117f512ca34a31ba401ca8f4a0387c08dbb0561525f867,,,,,,,,,,,,12.584242009000263
b2,5to10Traces/0174.trace,5to10Traces,macro,fe41503b69e91d4a017b84083fcd427a964966e8836a156bb0e7c99b89d4ed30,0ef52dddff9ea1c4f1d65b34f23e7b528a2f8e9e,6,2,0,6,3,250,250,5,5,5.0,,MIN_EXPANDED_SIZE,TIMEOUT,180.24724972900003,IN_PROGRESS,TRANSLATED_ONLY,TRANSLATE_ONLY,1,61816,3386833,6957016,,,151251,1,3924876b6efec2f97b3a93a150f89136e1f8e5a7a26346c4e75526a0650f616a,1,34,54,32,6,,,,,,,25.348680037000122
b2,5to10Traces/0175.trace,5to10Traces,atlas-b,28732aebd9a32ac10df5fde6e83c5c5b69a775b314df1fd64c6db1ea9f1cd116,0ef52dddff9ea1c4f1d65b34f23e7b528a2f8e9e,6,2,0,6,3,250,250,10,10,10.0,,MIN_EXPANDED_SIZE,TIMEOUT,180.33218828999998,IN_PROGRESS,TIMEOUT,TRANSLATE_ONLY,1,,,,,,185853,1,11f682a6de862a05c012efb5f6cea673c8c789a74d6a6a3248da488838732b0d,,,,,,,,,,,CNF translation timed out: baseline_scope_6_bound_0.als,180.2816865799996
b2,5to10Traces/0175.trace,5to10Traces,macro,28732aebd9a32ac10df5fde6e83c5c5b69a775b314df1fd64c6db1ea9f1cd116,0ef52dddff9ea1c4f1d65b34f23e7b528a2f8e9e,6,2,0,6,3,250,250,10,10,10.0,,MIN_EXPANDED_SIZE,TIMEOUT,180.42047948299842,IN_PROGRESS,TRANSLATED_ONLY,TRANSLATE_ONLY,1,124458,6814755,16049462,,,261368,1,cfe547dc6179381a527a7c5ce7bcba34d9fffa4863100334de002706b62d263f,1,40,54,34,6,,,,,,,43.43051840800035
b2,5to10Traces/0176.trace,5to10Traces,atlas-b,d5a043284aa0a5c5774276dd80654700e024333355a5976fb375e5983586f01e,0ef52dddff9ea1c4f1d65b34f23e7b528a2f8e9e,10,2,0,8,3,5,5,5,5,5.0,,MIN_EXPANDED_SIZE,SAT,1.7852569719998428,PASSED,REUSED_E4,E4_REUSED,0,1120,82237,269611,,,4809,1,2d48895706ecd023d140e7436133f05a6c953a26507b9626c4fd5da7671e72d7,,,,,8,,,,,,,0
b2,5to10Traces/0176.trace,5to10Traces,macro,d5a043284aa0a5c5774276dd80654700e024333355a5976fb375e5983586f01e,0ef52dddff9ea1c4f1d65b34f23e7b528a2f8e9e,10,2,0,8,3,5,5,5,5,5.0,,MIN_EXPANDED_SIZE,SAT,3.906132144998992,PASSED,REUSED_E4,E4_REUSED,0,3341,115683,257185,,,35030,1,8f532480cb23ea4e98561cb21e6c01a05d981b56b51757b81505507bcf17a8c9,1,42,94,36,8,2,0.3333333333333333,1,2,3,,0
b2,5to10Traces/0177.trace,5to10Traces,atlas-b,00e0be481f0685337ad14fe5edf3c6111e7905f4ebc18e2e634915cd78faf8af,0ef52dddff9ea1c4f1d65b34f23e7b528a2f8e9e,10,2,0,8,3,3,5,10,10,10.0,,MIN_EXPANDED_SIZE,SAT,9.138284927001223,PASSED,REUSED_E4,E4_REUSED,0,2000,232301,795459,,,5494,1,4012d2ef5f285b6208152a13359788ebf8dfb1d320bec3e42c2f6c34b5bc45b5,,,,,8,,,,,,,0
b2,5to10Traces/0177.trace,5to10Traces,macro,00e0be481f0685337ad14fe5edf3c6111e7905f4ebc18e2e634915cd78faf8af,0ef52dddff9ea1c4f1d65b34f23e7b528a2f8e9e,10,2,0,8,3,3,5,10,10,10.0,,MIN_EXPANDED_SIZE,SAT,5.58431558600023,PASSED,REUSED_E4,E4_REUSED,0,4601,195569,479615,,,55791,1,3201e0344e6b763c63f333a95319e700012535a178bf9e34afa56d15415c7860,1,58,94,46,8,2,0.3333333333333333,1,3,3,,0
b2,5to10Traces/0178.trace,5to10Traces,atlas-b,4430fdb2aab411bdcb015e7f6c8b460ba74aa0805e1ed6617219a2c9b842e93b,0ef52dddff9ea1c4f1d65b34f23e7b528a2f8e9e,10,2,0,8,3,25,25,5,5,5.0,,MIN_EXPANDED_SIZE,SAT,26.026244733999192,PASSED,REUSED_E4,E4_REUSED,0,4320,377757,1239871,,,14039,1,3679c03b689b573359b0c0a0c647f6ddff595c57ab505bf955f31b478c513fe9,,,,,8,,,,,,,0
b2,5to10Traces/0178.trace,5to10Traces,macro,4430fdb2aab411bdcb015e7f6c8b460ba74aa0805e1ed6617219a2c9b842e93b,0ef52dddff9ea1c4f1d65b34f23e7b528a2f8e9e,10,2,0,8,3,25,25,5,5,5.0,,MIN_EXPANDED_SIZE,SAT,18.25601275500003,PASSED,REUSED_E4,E4_REUSED,0,9545,469299,998753,,,57910,1,a68f6a06dd7d2ea1539c42b8368b09d4378182bb6cac3cfb698402552e8a325e,1,42,94,36,8,2,0.6666666666666666,1,3,3,,0
b2,5to10Traces/0179.trace,5to10Traces,atlas-b,d43534cc1cc93480ed9d9fde9dcc9c1e9c8800ee23f104ea4d255189972fc382,0ef52dddff9ea1c4f1d65b34f23e7b528a2f8e9e,10,2,0,8,3,6,25,10,10,10.0,,MIN_EXPANDED_SIZE,SAT,9.655795253000178,PASSED,REUSED_E4,E4_REUSED,0,6830,876140,3004652,,,13904,1,8f479c273dba7b3bde3f38a5ef74cea9569f55acb4d99468d3c33f8fdbc965f7,,,,,8,,,,,,,0
b2,5to10Traces/0179.trace,5to10Traces,macro,d43534cc1cc93480ed9d9fde9dcc9c1e9c8800ee23f104ea4d255189972fc382,0ef52dddff9ea1c4f1d65b34f23e7b528a2f8e9e,10,2,0,8,3,6,25,10,10,10.0,,MIN_EXPANDED_SIZE,SAT,17.079455030000645,PASSED,REUSED_E4,E4_REUSED,0,11861,662168,1583192,,,119218,1,a7ce162217dcbb463b7a45b17f608c949615549c522488025196f67654bc70ea,1,62,94,46,8,3,0.6666666666666666,1,3,3,,0
b2,5to10Traces/0180.trace,5to10Traces,atlas-b,f488a5779e94138197c49413e19aa6c9098792854143982992b07496bc724119,0ef52dddff9ea1c4f1d65b34f23e7b528a2f8e9e,10,2,0,8,3,50,50,5,5,5.0,,MIN_EXPANDED_SIZE,SAT,9.457079285000873,PASSED,REUSED_E4,E4_REUSED,0,8320,747157,2452696,,,25589,1,5dbd6a9f8b7e57835373abd73ef94b38aea7ea4cc4508afff2f6f04aab7a95f6,,,,,8,,,,,,,0
b2,5to10Traces/0180.trace,5to10Traces,macro,f488a5779e94138197c49413e19aa6c9098792854143982992b07496bc724119,0ef52dddff9ea1c4f1d65b34f23e7b528a2f8e9e,10,2,0,8,3,50,50,5,5,5.0,,MIN_EXPANDED_SIZE,SAT,28.554930305999733,PASSED,REUSED_E4,E4_REUSED,0,17498,921414,1958172,,,73507,1,18e3ad3975606ff20ba4510479495da1fe27b945b0b32df15fb8611c1e9fcfab,1,42,94,36,8,2,0.6666666666666666,1,3,3,,0
b2,5to10Traces/0181.trace,5to10Traces,atlas-b,99ffce474947f4398b531039a7e48fe137a4ec84e569eef662591ccf7027bafa,0ef52dddff9ea1c4f1d65b34f23e7b528a2f8e9e,10,2,0,8,3,13,50,10,10,10.0,,MIN_EXPANDED_SIZE,SAT,15.844921132000309,PASSED,REUSED_E4,E4_REUSED,0,13550,1771916,6078309,,,25612,1,596e1f9b0394bf34eabc3cafa377470f066323a13370e31ebbbe7caecd41c3e1,,,,,8,,,,,,,0
b2,5to10Traces/0181.trace,5to10Traces,macro,99ffce474947f4398b531039a7e48fe137a4ec84e569eef662591ccf7027bafa,0ef52dddff9ea1c4f1d65b34f23e7b528a2f8e9e,10,2,0,8,3,13,50,10,10,10.0,,MIN_EXPANDED_SIZE,SAT,50.48024228699978,PASSED,REUSED_E4,E4_REUSED,0,22190,1352207,3216287,,,148515,1,4b189ae9f34fa310ba84178d6558d3b420f6145060d8b45fdfab1d790c042294,1,62,94,46,8,2,0.6666666666666666,1,3,3,,0
b2,5to10Traces/0182.trace,5to10Traces,atlas-b,dab7b013d1e8d416aa3521ff6cafc90dab9a343235d0ba0b27df0e39cec0522b,0ef52dddff9ea1c4f1d65b34f23e7b528a2f8e9e,10,2,0,8,3,75,75,5,5,5.0,,MIN_EXPANDED_SIZE,SAT,13.504563516999042,PASSED,REUSED_E4,E4_REUSED,0,12320,1116556,3665520,,,37139,1,ebf58c1710e14872cddcfba94ced2c1fcc6282ca27ed2a399a4bfa9071791bcc,,,,,8,,,,,,,0
b2,5to10Traces/0182.trace,5to10Traces,macro,dab7b013d1e8d416aa3521ff6cafc90dab9a343235d0ba0b27df0e39cec0522b,0ef52dddff9ea1c4f1d65b34f23e7b528a2f8e9e,10,2,0,8,3,75,75,5,5,5.0,,MIN_EXPANDED_SIZE,SAT,46.23746487099993,PASSED,REUSED_E4,E4_REUSED,0,25121,1355881,2870007,,,83043,1,901bf4f867815967b35cc38fd655f76df40013b98012ae5c2e63c0e8d05a308b,1,42,94,36,8,2,0.6666666666666666,1,3,3,,0
b2,5to10Traces/0183.trace,5to10Traces,atlas-b,7916c59cbc42af906d83b5c9a37a794076f41f998650a4c86e92bddaba18da25,0ef52dddff9ea1c4f1d65b34f23e7b528a2f8e9e,10,2,0,8,3,19,75,10,10,10.0,,MIN_EXPANDED_SIZE,TIMEOUT,180.194450877,IN_PROGRESS,TRANSLATED_ONLY,TRANSLATE_ONLY,1,20060,2639699,9055915,,,36958,1,cca53112a7765759be797330ee3f160c5558467281ecf2352f8fcf8bcdfb5ed3,,,,,,,,,,,,12.18012993100001
b2,5to10Traces/0183.trace,5to10Traces,macro,7916c59cbc42af906d83b5c9a37a794076f41f998650a4c86e92bddaba18da25,0ef52dddff9ea1c4f1d65b34f23e7b528a2f8e9e,10,2,0,8,3,19,75,10,10,10.0,,MIN_EXPANDED_SIZE,SAT,71.141183737,PASSED,REUSED_E4,E4_REUSED,0,32453,2023694,4843136,,,155139,1,8690f38a5ca0409fc7bc59abe566d1d883595665bb61088666f5ce14b2b2ae33,1,62,94,46,8,2,0.6666666666666666,1,3,3,,0
b2,5to10Traces/0184.trace,5to10Traces,atlas-b,e1a0abb63f0d0574ec055c7c1399f95ad47b000cd6a4944a8ea8bfb895a0a5d3,0ef52dddff9ea1c4f1d65b34f23e7b528a2f8e9e,10,2,0,8,3,100,100,5,5,5.0,,MIN_EXPANDED_SIZE,SAT,18.877784395999697,PASSED,REUSED_E4,E4_REUSED,0,16320,1485956,4878345,,,48689,1,684e3a294dc4b31b23f3bf2e6dd356abf1563bf994d1f1d3ffc7b9b004588fce,,,,,8,,,,,,,0
b2,5to10Traces/0184.trace,5to10Traces,macro,e1a0abb63f0d0574ec055c7c1399f95ad47b000cd6a4944a8ea8bfb895a0a5d3,0ef52dddff9ea1c4f1d65b34f23e7b528a2f8e9e,10,2,0,8,3,100,100,5,5,5.0,,MIN_EXPANDED_SIZE,SAT,53.63412320700081,PASSED,REUSED_E4,E4_REUSED,0,32843,1789250,3769892,,,93739,1,f87a4f897064a885a5d296e44429d6c31567fe82e0fe53e207f8f27f4d51532f,1,42,94,36,8,2,0.6666666666666666,1,3,3,,0
b2,5to10Traces/0185.trace,5to10Traces,atlas-b,fcf466c6def80e828dda76534ea43b918b98537b4aa82fc1256f149e8cfde24f,0ef52dddff9ea1c4f1d65b34f23e7b528a2f8e9e,10,2,0,8,3,20,100,10,10,10.0,,MIN_EXPANDED_SIZE,SAT,34.80570547200114,PASSED,REUSED_E4,E4_REUSED,0,25520,3367517,11553266,,,46474,1,2e02cec8ff2f42e46f0e1d57b64314dabfde6175a96de4b6eb890bacaf92328b,,,,,8,,,,,,,0
b2,5to10Traces/0185.trace,5to10Traces,macro,fcf466c6def80e828dda76534ea43b918b98537b4aa82fc1256f149e8cfde24f,0ef52dddff9ea1c4f1d65b34f23e7b528a2f8e9e,10,2,0,8,3,20,100,10,10,10.0,,MIN_EXPANDED_SIZE,SAT,85.18811370099866,PASSED,REUSED_E4,E4_REUSED,0,40835,2547888,6046608,,,167854,1,14676dd70d3002ee834a86d45fd1125a09f34df0475f8bd12f55c76b6d1e05d3,1,62,94,46,8,2,0.6666666666666666,1,3,3,,0
b2,5to10Traces/0186.trace,5to10Traces,atlas-b,6c35d83292b8c3ba57c1ff70f542e719141299b437277834cfe7be3de30c77e5,0ef52dddff9ea1c4f1d65b34f23e7b528a2f8e9e,10,2,0,8,3,125,125,5,5,5.0,,MIN_EXPANDED_SIZE,SAT,22.86155363600028,PASSED,REUSED_E4,E4_REUSED,0,20320,1855357,6091171,,,60289,1,715975d89fb74c4c8d1d813781c877450e8c3a2c4f1ae386c3a0040a20c6d235,,,,,8,,,,,,,0
b2,5to10Traces/0186.trace,5to10Traces,macro,6c35d83292b8c3ba57c1ff70f542e719141299b437277834cfe7be3de30c77e5,0ef52dddff9ea1c4f1d65b34f23e7b528a2f8e9e,10,2,0,8,3,125,125,5,5,5.0,,MIN_EXPANDED_SIZE,SAT,122.1339199740014,PASSED,REUSED_E4,E4_REUSED,0,41126,2266178,4787744,,,103225,1,4c1c2fcad33636e0b98e344eecd560d011066fceca3e7a9e534061d654325f1f,1,42,94,36,8,2,0.6666666666666666,1,3,3,,0
b2,5to10Traces/0187.trace,5to10Traces,atlas-b,b6dfee7d418c289bbd1e34d3c8f1d0d60e1c4f69ecaace4c58cfe595b2138de0,0ef52dddff9ea1c4f1d65b34f23e7b528a2f8e9e,10,2,0,8,3,20,125,10,10,10.0,,MIN_EXPANDED_SIZE,SAT,45.3593117190012,PASSED,REUSED_E4,E4_REUSED,0,30770,4067342,13954566,,,55649,1,27c41f699e89c407f7cc1d5f3251987c5088d83a55953d14da20744e270d5a0f,,,,,8,,,,,,,0
b2,5to10Traces/0187.trace,5to10Traces,macro,b6dfee7d418c289bbd1e34d3c8f1d0d60e1c4f69ecaace4c58cfe595b2138de0,0ef52dddff9ea1c4f1d65b34f23e7b528a2f8e9e,10,2,0,8,3,20,125,10,10,10.0,,MIN_EXPANDED_SIZE,TIMEOUT,180.24660842899993,IN_PROGRESS,TRANSLATED_ONLY,TRANSLATE_ONLY,1,49052,3151319,7602415,,,174490,1,444f775e8c0d9e78423d3b8bd3ccdbea363048494c94a00fbba4584c1a8f5cad,1,62,94,46,8,,,,,,,21.592514223999387
b2,5to10Traces/0188.trace,5to10Traces,atlas-b,34ecee67cee4bbe34e57a29d6c0d8119f2c9e9761cb28f18932a041c91443219,0ef52dddff9ea1c4f1d65b34f23e7b528a2f8e9e,10,2,0,8,3,150,150,5,5,5.0,,MIN_EXPANDED_SIZE,SAT,26.19176287799928,PASSED,REUSED_E4,E4_REUSED,0,24320,2224757,7303996,,,71889,1,c060a02020571f6666f6c357b9f3610b795f29cc2d7ad0ba0028551c0bacdee6,,,,,8,,,,,,,0
b2,5to10Traces/0188.trace,5to10Traces,macro,34ecee67cee4bbe34e57a29d6c0d8119f2c9e9761cb28f18932a041c91443219,0ef52dddff9ea1c4f1d65b34f23e7b528a2f8e9e,10,2,0,8,3,150,150,5,5,5.0,,MIN_EXPANDED_SIZE,SAT,107.473221663,PASSED,REUSED_E4,E4_REUSED,0,49244,2733920,5794730,,,116908,1,f131f3671eb60cdcf7024e8383e5864791415cb1bc768b6e47aba2df452363c7,1,42,94,36,8,2,0.6666666666666666,1,3,3,,0
b2,5to10Traces/0189.trace,5to10Traces,atlas-b,0fe6622716b9cea1f2d8283991a34c46b7095f11c1cd07d16e97a9e72256fd88,0ef52dddff9ea1c4f1d65b34f23e7b528a2f8e9e,10,2,0,8,3,24,150,10,10,10.0,,MIN_EXPANDED_SIZE,SAT,56.65053021400013,PASSED,REUSED_E4,E4_REUSED,0,36860,4879139,16740070,,,66288,1,baa5d544cf73a3e3fefd7ef1ab670723f8f3126948a879bc32da031d64ab6f83,,,,,8,,,,,,,0
b2,5to10Traces/0189.trace,5to10Traces,macro,0fe6622716b9cea1f2d8283991a34c46b7095f11c1cd07d16e97a9e72256fd88,0ef52dddff9ea1c4f1d65b34f23e7b528a2f8e9e,10,2,0,8,3,24,150,10,10,10.0,,MIN_EXPANDED_SIZE,TIMEOUT,180.23950435000006,IN_PROGRESS,TRANSLATED_ONLY,TRANSLATE_ONLY,1,58259,3692125,8791051,,,189306,1,83d8e54a34e2789cff4f35f7811ce8959422b2724b93fd04346df345b0a3d578,1,62,94,46,8,,,,,,,28.00113051900007
b2,5to10Traces/0190.trace,5to10Traces,atlas-b,5bdc71268d6664f33dc62ac1e1065fd8312e52f0c4b7f21caa591950d454d04f,0ef52dddff9ea1c4f1d65b34f23e7b528a2f8e9e,10,2,0,8,3,175,175,5,5,5.0,,MIN_EXPANDED_SIZE,SAT,33.64548102800018,PASSED,REUSED_E4,E4_REUSED,0,28320,2594157,8516821,,,83489,1,1017271a4daeb74cdab6dc82bafd5b45c0c2a13ab234c313bef85eadc0697e50,,,,,8,,,,,,,0
b2,5to10Traces/0190.trace,5to10Traces,macro,5bdc71268d6664f33dc62ac1e1065fd8312e52f0c4b7f21caa591950d454d04f,0ef52dddff9ea1c4f1d65b34f23e7b528a2f8e9e,10,2,0,8,3,175,175,5,5,5.0,,MIN_EXPANDED_SIZE,SAT,81.23228502799975,PASSED,REUSED_E4,E4_REUSED,0,56537,3146876,6650111,,,128841,1,3e7a9b8d0303e69220c2b92ae7af7ea60f9e3b89a87bb1ac8bf8a0844350d766,1,42,94,36,8,2,0.6666666666666666,1,3,3,,0
b2,5to10Traces/0191.trace,5to10Traces,atlas-b,45737bd8f6964ba07b5df630ad9ef4844163cd64ae95e879c7c1b8e891dd4b99,0ef52dddff9ea1c4f1d65b34f23e7b528a2f8e9e,10,2,0,8,3,37,175,10,10,10.0,,MIN_EXPANDED_SIZE,SAT,65.33518578400026,PASSED,REUSED_E4,E4_REUSED,0,44840,5942873,20390033,,,80221,1,2d031a0c153953df8aaf2cdbe7414d64934edf5c2b5c5cae54df4f6ee9c0c106,,,,,8,,,,,,,0
b2,5to10Traces/0191.trace,5to10Traces,macro,45737bd8f6964ba07b5df630ad9ef4844163cd64ae95e879c7c1b8e891dd4b99,0ef52dddff9ea1c4f1d65b34f23e7b528a2f8e9e,10,2,0,8,3,37,175,10,10,10.0,,MIN_EXPANDED_SIZE,TIMEOUT,180.3411994370017,IN_PROGRESS,TRANSLATED_ONLY,TRANSLATE_ONLY,1,70370,4455638,10605490,,,229158,1,9d6c3e3e5874f41b9e738d0df4d4b3951837d7c55fce21a911e2b1a4a0e7ef55,1,62,94,46,8,,,,,,,33.71138972599965
b2,5to10Traces/0192.trace,5to10Traces,atlas-b,d327ecb59370e7f354a49762e1340a8d988054ec2dd62e634ebaf3dbc7ae7294,0ef52dddff9ea1c4f1d65b34f23e7b528a2f8e9e,10,2,0,8,3,200,200,5,5,5.0,,MIN_EXPANDED_SIZE,SAT,37.149569672000325,PASSED,REUSED_E4,E4_REUSED,0,32320,2963555,9729644,,,95075,1,d3a6ab0e121e6d29b141ce9efa2164d9548f054823ea9e4649b29de9f1e5611d,,,,,8,,,,,,,0
b2,5to10Traces/0192.trace,5to10Traces,macro,d327ecb59370e7f354a49762e1340a8d988054ec2dd62e634ebaf3dbc7ae7294,0ef52dddff9ea1c4f1d65b34f23e7b528a2f8e9e,10,2,0,8,3,200,200,5,5,5.0,,MIN_EXPANDED_SIZE,SAT,143.77568969800086,PASSED,REUSED_E4,E4_REUSED,0,64325,3585617,7571124,,,141469,1,3cb5057d69ef28ec8bb02d0bd6653ab866f5d8876aec4477f65c638552b26bf5,1,42,94,36,8,2,0.6666666666666666,1,3,3,,0
b2,5to10Traces/0193.trace,5to10Traces,atlas-b,ec540ad4faf34d19b8c26dffb374dbd65ab41efbc701e91149a9529aa8a6d61a,0ef52dddff9ea1c4f1d65b34f23e7b528a2f8e9e,10,2,0,8,3,39,200,10,10,10.0,,MIN_EXPANDED_SIZE,SAT,78.22544059500069,PASSED,REUSED_E4,E4_REUSED,0,50510,6698684,22983435,,,90128,1,69a3a9c4d54a04251386e49b0818ff3a8103670bc3d9de98b660af4f9800107e,,,,,8,,,,,,,0
b2,5to10Traces/0193.trace,5to10Traces,macro,ec540ad4faf34d19b8c26dffb374dbd65ab41efbc701e91149a9529aa8a6d61a,0ef52dddff9ea1c4f1d65b34f23e7b528a2f8e9e,10,2,0,8,3,39,200,10,10,10.0,,MIN_EXPANDED_SIZE,TIMEOUT,180.32624814799965,IN_PROGRESS,TRANSLATED_ONLY,TRANSLATE_ONLY,1,79115,5072641,12087668,,,224059,1,c44d61b77fc52af5661b20b0002d7e2f0a71d7d4bcbc1ad323e202542b0284ce,1,62,94,46,8,,,,,,,35.11419087299964
b2,5to10Traces/0194.trace,5to10Traces,atlas-b,a69d162010b7ff747dfa303ad27f320627acaacf2f088d9cd54cd43e48d33c95,0ef52dddff9ea1c4f1d65b34f23e7b528a2f8e9e,10,2,0,8,3,225,225,5,5,5.0,,MIN_EXPANDED_SIZE,SAT,41.49241983799948,PASSED,REUSED_E4,E4_REUSED,0,36320,3332956,10942470,,,106689,1,531b9e1bd3bb9e991ff486fc321f9905c2308ae13626d8850d941ae737d1393c,,,,,8,,,,,,,0
b2,5to10Traces/0194.trace,5to10Traces,macro,a69d162010b7ff747dfa303ad27f320627acaacf2f088d9cd54cd43e48d33c95,0ef52dddff9ea1c4f1d65b34f23e7b528a2f8e9e,10,2,0,8,3,225,225,5,5,5.0,,MIN_EXPANDED_SIZE,TIMEOUT,180.330446855,IN_PROGRESS,TRANSLATED_ONLY,TRANSLATE_ONLY,1,72113,4038048,8547498,,,145092,1,30143d1e9a5a6a8e7a427159036ef2a5f6bd5c0bd07e38cbc9066f885041f55c,1,42,94,36,8,,,,,,,25.351251533999857
b2,5to10Traces/0195.trace,5to10Traces,atlas-b,a7c00f50034dbd7a62bdbbd60a084419a657f6c52fdb5217a05261b11c1b7565,0ef52dddff9ea1c4f1d65b34f23e7b528a2f8e9e,10,2,0,8,3,44,225,10,10,10.0,,MIN_EXPANDED_SIZE,SAT,86.62579595899933,PASSED,REUSED_E4,E4_REUSED,0,56810,7538474,25864990,,,101133,1,6a278252f72321e45b2e65126847243b4f0be503141ed93b30ce7e8be3b7f47f,,,,,8,,,,,,,0
b2,5to10Traces/0195.trace,5to10Traces,macro,a7c00f50034dbd7a62bdbbd60a084419a657f6c52fdb5217a05261b11c1b7565,0ef52dddff9ea1c4f1d65b34f23e7b528a2f8e9e,10,2,0,8,3,44,225,10,10,10.0,,MIN_EXPANDED_SIZE,TIMEOUT,180.33855503199993,IN_PROGRESS,TRANSLATED_ONLY,TRANSLATE_ONLY,1,88949,5747957,13788810,,,232483,1,bb4019167f6f59bdf7697ac1d1f3efc0726b4a16d5b472eaaa8607ed6d810926,1,62,94,46,8,,,,,,,41.52704091099986
b2,5to10Traces/0196.trace,5to10Traces,atlas-b,438aa7e3144068c90b4e85af4ebb46ddf8cdd2bc007660cf47c4294248d78baf,0ef52dddff9ea1c4f1d65b34f23e7b528a2f8e9e,10,2,0,8,3,250,250,5,5,5.0,,MIN_EXPANDED_SIZE,SAT,45.81117411000014,PASSED,REUSED_E4,E4_REUSED,0,40320,3702355,12155294,,,118289,1,b87f926aa238aa58d66a6c31383af85591bd50e8051714fd01ba4d278eaa7380,,,,,8,,,,,,,0
b2,5to10Traces/0196.trace,5to10Traces,macro,438aa7e3144068c90b4e85af4ebb46ddf8cdd2bc007660cf47c4294248d78baf,0ef52dddff9ea1c4f1d65b34f23e7b528a2f8e9e,10,2,0,8,3,250,250,5,5,5.0,,MIN_EXPANDED_SIZE,TIMEOUT,180.2191674500009,IN_PROGRESS,TRANSLATED_ONLY,TRANSLATE_ONLY,1,80198,4507329,9520531,,,156714,1,850baaaaf76e2eb4cf307d86c8b1d7778c15693dc71cf9549b7fd1366c4b1c22,1,42,94,36,8,,,,,,,31.06217109299996
b2,5to10Traces/0197.trace,5to10Traces,atlas-b,9562ac3a2879a4b49b5609d75f0a5e8bd0127f9043ce178798c78d75444be3c3,0ef52dddff9ea1c4f1d65b34f23e7b528a2f8e9e,10,2,0,8,3,51,250,10,10,10.0,,MIN_EXPANDED_SIZE,SAT,83.15772479800034,PASSED,REUSED_E4,E4_REUSED,0,63530,8434250,28938647,,,112870,1,68a07fd3b2351b7c8a7c0b677f4bfe94d1731ffd898e6dbe78a1aaa1a236b38b,,,,,8,,,,,,,0
b2,5to10Traces/0197.trace,5to10Traces,macro,9562ac3a2879a4b49b5609d75f0a5e8bd0127f9043ce178798c78d75444be3c3,0ef52dddff9ea1c4f1d65b34f23e7b528a2f8e9e,10,2,0,8,3,51,250,10,10,10.0,,MIN_EXPANDED_SIZE,TIMEOUT,180.45561023299888,IN_PROGRESS,TRANSLATED_ONLY,TRANSLATE_ONLY,1,100037,6527722,15744048,,,214525,1,b0b474f96918cfe496893cb8458073604b3c8bd53fc11df00c49e4b92902c04e,1,62,94,46,8,,,,,,,42.077536640999824
b2,baseTest/0001.trace,baseTest,atlas-b,9547ffb5a3f76c5b4a41be156b2d786934fb0a67853456691c927aafbe7cc350,0ef52dddff9ea1c4f1d65b34f23e7b528a2f8e9e,10,2,0,8,3,250,101,5,5,5.0,,MIN_EXPANDED_SIZE,TIMEOUT,180.23143733799952,IN_PROGRESS,TRANSLATED_ONLY,TRANSLATE_ONLY,1,28400,2601545,8541003,,,83721,1,643b57dc9e25836edf0f02443f29878834bd4242f3cbfec85111914422a81556,,,,,,,,,,,,14.685324662000312
b2,baseTest/0001.trace,baseTest,macro,9547ffb5a3f76c5b4a41be156b2d786934fb0a67853456691c927aafbe7cc350,0ef52dddff9ea1c4f1d65b34f23e7b528a2f8e9e,10,2,0,8,3,250,101,5,5,5.0,,MIN_EXPANDED_SIZE,TIMEOUT,180.30208109500018,IN_PROGRESS,TRANSLATED_ONLY,TRANSLATE_ONLY,1,57956,3222666,6818588,,,120160,1,4ec1b8fda2012f6edabc3de7c29df4b1eb5ff94a75463257deb5d66e2c4484cd,1,42,94,36,8,,,,,,,20.741706347999752
b2,baseTest/0002.trace,baseTest,atlas-b,ec3b613c79867a372347b5c3e20ecf655b6b26e0936663eac81b7d8e862aeeff,0ef52dddff9ea1c4f1d65b34f23e7b528a2f8e9e,10,2,0,8,3,11,11,5,5,5.0,,MIN_EXPANDED_SIZE,SAT,155.44461625700023,PASSED,REUSED_E4,E4_REUSED,0,2080,170893,560689,,,7571,1,8ccfae32069cf486a950689de6c96434f874d3d402168192d404de7732d9f9ff,,,,,8,,,,,,,0
b2,baseTest/0002.trace,baseTest,macro,ec3b613c79867a372347b5c3e20ecf655b6b26e0936663eac81b7d8e862aeeff,0ef52dddff9ea1c4f1d65b34f23e7b528a2f8e9e,10,2,0,8,3,11,11,5,5,5.0,,MIN_EXPANDED_SIZE,SAT,8.03708336300042,PASSED,REUSED_E4,E4_REUSED,0,5123,213199,456425,,,48400,1,9382be91945b4f5758497c5be435e61d9ddabf691fd379346a81bffa3eec97bc,1,42,94,36,8,2,0.2,1,4,5,,0
b2,baseTest/0003.trace,baseTest,atlas-b,9d0781db353a283bf3632c6789a888d5ec911aebae55319d22c203997ded5dd6,0ef52dddff9ea1c4f1d65b34f23e7b528a2f8e9e,10,2,0,8,3,315,151,5,5,5.0,,MIN_EXPANDED_SIZE,TIMEOUT,180.31648847399993,IN_PROGRESS,TRANSLATED_ONLY,TRANSLATE_ONLY,1,37600,3451165,11330493,,,110401,1,b36fec8c32ae1a7c7fa5e968751d5520084877a23103bf0a4cbc734bbef8672a,,,,,,,,,,,,18.99134742699971
b2,baseTest/0003.trace,baseTest,macro,9d0781db353a283bf3632c6789a888d5ec911aebae55319d22c203997ded5dd6,0ef52dddff9ea1c4f1d65b34f23e7b528a2f8e9e,10,2,0,8,3,315,151,5,5,5.0,,MIN_EXPANDED_SIZE,TIMEOUT,180.3528585210006,IN_PROGRESS,TRANSLATED_ONLY,TRANSLATE_ONLY,1,76172,4271323,9015038,,,151443,1,33202878f1f6e01af81cf12d27f533f3598e4641933c7df395a8575758af6fcf,1,42,94,36,8,,,,,,,29.90381748999971
b2,baseTest/0004.trace,baseTest,atlas-b,7aa00584c4ad2de7006e587b72dcde92c0e7845ed79c9f95bf570bb9cbfdc063,0ef52dddff9ea1c4f1d65b34f23e7b528a2f8e9e,10,2,0,8,3,524,201,5,5,5.0,,MIN_EXPANDED_SIZE,TIMEOUT,180.38543344500067,IN_PROGRESS,TRANSLATED_ONLY,TRANSLATE_ONLY,1,58320,5364656,17612846,,,170489,1,6add9cf7c1bf94384337eab4162c4746aa7c50c848bf9b409d44f4d5c39a847f,,,,,,,,,,,,24.999258684999404
b2,baseTest/0004.trace,baseTest,macro,7aa00584c4ad2de7006e587b72dcde92c0e7845ed79c9f95bf570bb9cbfdc063,0ef52dddff9ea1c4f1d65b34f23e7b528a2f8e9e,10,2,0,8,3,524,201,5,5,5.0,,MIN_EXPANDED_SIZE,TIMEOUT,180.39226185200005,IN_PROGRESS,TRANSLATED_ONLY,TRANSLATE_ONLY,1,117851,6613732,13925518,,,200502,1,20c2329833c4abe10257147e42053c38e4ef81da0fd77dffa0dbf92c30c1614c,1,42,94,36,8,,,,,,,46.93197662300008
b2,baseTest/0005.trace,baseTest,atlas-b,20c6c43cc7f2f8eb85ba9b564b1e146ecb731d0d44d4a16139452fb0713522a6,0ef52dddff9ea1c4f1d65b34f23e7b528a2f8e9e,10,2,0,8,3,1112,501,5,5,5.0,,MIN_EXPANDED_SIZE,ERROR,7.339136352999958,FAILED,TRANSLATION_ERROR,TRANSLATE_ONLY,1,,,,,,376617,1,d8c3d68b222f0e66c286fc19fda7e1c569c29f6403ae3705135323e1744efd64,,,,,,,,,,,"Exception in thread ""main"" Type error:
Translation capacity exceeded.
In this scope, universe contains 1664 atoms
and relations of arity 3 cannot be represented.
Visit http://alloy.mit.edu/ for advice on refactoring.
	at edu.mit.csail.sdg.translator.TranslateAlloyToKodkod.rethrow(TranslateAlloyToKodkod.java:411)
	at edu.mit.csail.sdg.translator.TranslateAlloyToKodkod.execute_command(TranslateAlloyToKodkod.java:533)
	at Rq2Translate.main(Rq2Translate.java:47)
",6.373267955999836
b2,baseTest/0005.trace,baseTest,macro,20c6c43cc7f2f8eb85ba9b564b1e146ecb731d0d44d4a16139452fb0713522a6,0ef52dddff9ea1c4f1d65b34f23e7b528a2f8e9e,10,2,0,8,3,1112,501,5,5,5.0,,MIN_EXPANDED_SIZE,TIMEOUT,180.37502264800014,IN_PROGRESS,TIMEOUT,TRANSLATE_ONLY,1,,,,,,385162,1,15b2a1df5012bc7fafaed0c199cfaf252ef305dfbd8d68fa83f1ac78eff7509e,1,42,94,36,8,,,,,,CNF translation timed out: macro_scope_8.als,180.27759923400026
b2,baseTest/0006.trace,baseTest,atlas-b,a4875e300f2efbc8da4907b662fde75274e8e6d78dce4a030d2fecd0d5b6bb40,0ef52dddff9ea1c4f1d65b34f23e7b528a2f8e9e,10,2,0,8,3,89,51,5,5,5.0,,MIN_EXPANDED_SIZE,TIMEOUT,180.15872377400046,IN_PROGRESS,TRANSLATED_ONLY,TRANSLATE_ONLY,1,11520,1042677,3422937,,,34829,1,f7d0b26c392d0fe8ec78b86a3329324a1d1c0e1122c379fc76d69ba39b47c047,,,,,,,,,,,,5.121638755999811
b2,baseTest/0006.trace,baseTest,macro,a4875e300f2efbc8da4907b662fde75274e8e6d78dce4a030d2fecd0d5b6bb40,0ef52dddff9ea1c4f1d65b34f23e7b528a2f8e9e,10,2,0,8,3,89,51,5,5,5.0,,MIN_EXPANDED_SIZE,TIMEOUT,180.20377772099982,IN_PROGRESS,TRANSLATED_ONLY,TRANSLATE_ONLY,1,23834,1293720,2752066,,,81242,1,e057fc9c34334b5efcd7736c7347b0d5525f93027695efcf8dcbe5562c3819f9,1,42,94,36,8,,,,,,,9.377521729999899
b2,baseTest/0007.trace,baseTest,atlas-b,1afe526db22540339194bce20eb8c5a402e11a7dfd0852830fd6e17afd7e22cf,0ef52dddff9ea1c4f1d65b34f23e7b528a2f8e9e,10,2,0,8,3,10,6,5,5,5.0,,MIN_EXPANDED_SIZE,SAT,123.87004690700087,PASSED,REUSED_E4,E4_REUSED,0,1600,126565,415148,,,6189,1,030b5a6a247d5f54fb94aeb17939d8d60dce0f7ba6887b8a4b61a9ffe1e0824c,,,,,8,,,,,,,0
b2,baseTest/0007.trace,baseTest,macro,1afe526db22540339194bce20eb8c5a402e11a7dfd0852830fd6e17afd7e22cf,0ef52dddff9ea1c4f1d65b34f23e7b528a2f8e9e,10,2,0,8,3,10,6,5,5,5.0,,MIN_EXPANDED_SIZE,SAT,11.508753573000831,PASSED,REUSED_E4,E4_REUSED,0,4298,167524,360626,,,36159,1,a7ebbba377a0e913746259bd986be23f41674f194f99f6d5301512c2e3047871,1,42,94,36,8,3,0.4,1,4,5,,0
b2,baseTest/0008.trace,baseTest,atlas-b,ec69e9f99c51c86e5de82428f8153433abde0918392eb32df689b20e2533b30e,0ef52dddff9ea1c4f1d65b34f23e7b528a2f8e9e,5,2,0,5,2,34,966,5,5,5.0,,MIN_EXPANDED_SIZE,SAT,52.33663204499999,PASSED,REUSED_E4,E4_REUSED,0,60147,3612267,11475372,,,189302,1,49240437fd7a40db5732a78eca7457648b4cf47b18a9af0105a85bc057c7c0eb,,,,,5,,,,,,,0
b2,baseTest/0008.trace,baseTest,macro,ec69e9f99c51c86e5de82428f8153433abde0918392eb32df689b20e2533b30e,0ef52dddff9ea1c4f1d65b34f23e7b528a2f8e9e,5,2,0,5,2,34,966,5,5,5.0,,MIN_EXPANDED_SIZE,SAT,135.36514258700004,PASSED,REUSED_E4,E4_REUSED,0,85911,4482152,9029931,,,195259,1,e516eca5fb8682e34aeafb4ce055d165683a3204a41c84e705910e421922ca96,1,32,44,28,5,1,2.0,2,1,1,,0
b2,baseTest/0009.trace,baseTest,atlas-b,654e6c0caf520ddc287bc85bc4ecc4a8a114c520ebe18f105adb3e3161790123,0ef52dddff9ea1c4f1d65b34f23e7b528a2f8e9e,5,2,0,5,2,4,96,5,5,5.0,,MIN_EXPANDED_SIZE,SAT,4.544985471000018,PASSED,REUSED_E4,E4_REUSED,0,6147,363293,1153326,,,21076,1,bf85b7af81d354d6a8993479597ada6ace43b0641376c0203124b36f00d7b029,,,,,5,,,,,,,0
b2,baseTest/0009.trace,baseTest,macro,654e6c0caf520ddc287bc85bc4ecc4a8a114c520ebe18f105adb3e3161790123,0ef52dddff9ea1c4f1d65b34f23e7b528a2f8e9e,5,2,0,5,2,4,96,5,5,5.0,,MIN_EXPANDED_SIZE,SAT,8.172383403000026,PASSED,REUSED_E4,E4_REUSED,0,10458,514588,1038081,,,67095,1,bca4e8c9aff821a7b5c370481dd9f80b8c7c962604272943b0c46b5dc1385ca5,1,32,44,28,5,1,2.0,2,1,1,,0
b2,baseTest/0010.trace,baseTest,atlas-b,287f09d1ad3dd55a010036216c1436e98f7e5a60101f60da5d0708936b208576,0ef52dddff9ea1c4f1d65b34f23e7b528a2f8e9e,5,2,0,5,2,51,1449,5,5,5.0,,MIN_EXPANDED_SIZE,ERROR,5.948653029001434,FAILED,TRANSLATION_ERROR,TRANSLATE_ONLY,1,,,,,,283254,1,ea6c4ec7581b7af1070711ca0821c35ef93d13406b52181238d32684984f6ffc,,,,,,,,,,,"Exception in thread ""main"" Type error:
Translation capacity exceeded.
In this scope, universe contains 1531 atoms
and relations of arity 3 cannot be represented.
Visit http://alloy.mit.edu/ for advice on refactoring.
	at edu.mit.csail.sdg.translator.TranslateAlloyToKodkod.rethrow(TranslateAlloyToKodkod.java:411)
	at edu.mit.csail.sdg.translator.TranslateAlloyToKodkod.execute_command(TranslateAlloyToKodkod.java:533)
	at Rq2Translate.main(Rq2Translate.java:47)
",4.720862533999934
b2,baseTest/0010.trace,baseTest,macro,287f09d1ad3dd55a010036216c1436e98f7e5a60101f60da5d0708936b208576,0ef52dddff9ea1c4f1d65b34f23e7b528a2f8e9e,5,2,0,5,2,51,1449,5,5,5.0,,MIN_EXPANDED_SIZE,SAT,125.35477007500003,PASSED,REUSED_E4,E4_REUSED,0,125832,6573028,13234927,,,261082,1,6723204d25ce141cf192e62f50b33194eb83a566c65f8e0be349154cf27e9aa5,1,32,44,28,5,1,2.0,2,1,1,,0
b2,baseTest/0011.trace,baseTest,atlas-b,07511e9d3b5c516d46998d9c9d61a64f53aa0f89f48be8fd2b63532ec0f02cf8,0ef52dddff9ea1c4f1d65b34f23e7b528a2f8e9e,5,2,0,5,2,57,1943,5,5,5.0,,MIN_EXPANDED_SIZE,ERROR,7.951127841000016,FAILED,TRANSLATION_ERROR,TRANSLATE_ONLY,1,,,,,,377240,1,e967ee24b20fd542e9c0561698e23a4b8971842b9706d767bd8d9935c1126574,,,,,,,,,,,"Exception in thread ""main"" Type error:
Translation capacity exceeded.
In this scope, universe contains 2031 atoms
and relations of arity 3 cannot be represented.
Visit http://alloy.mit.edu/ for advice on refactoring.
	at edu.mit.csail.sdg.translator.TranslateAlloyToKodkod.rethrow(TranslateAlloyToKodkod.java:411)
	at edu.mit.csail.sdg.translator.TranslateAlloyToKodkod.execute_command(TranslateAlloyToKodkod.java:533)
	at Rq2Translate.main(Rq2Translate.java:47)
",5.971892287999253
b2,baseTest/0011.trace,baseTest,macro,07511e9d3b5c516d46998d9c9d61a64f53aa0f89f48be8fd2b63532ec0f02cf8,0ef52dddff9ea1c4f1d65b34f23e7b528a2f8e9e,5,2,0,5,2,57,1943,5,5,5.0,,MIN_EXPANDED_SIZE,SAT,102.70889709400001,PASSED,REUSED_E4,E4_REUSED,0,156786,8226412,16589036,,,313586,1,6700ddd31e3d6f80c5a58925919c8281a46837dde36521a680b0b0239571e90b,1,32,44,28,5,1,2.0,2,1,1,,0
b2,baseTest/0012.trace,baseTest,atlas-b,735b7b931a99b69cedbbcd331855f5c86d90516529a3d67640aa10f8daf3e688,0ef52dddff9ea1c4f1d65b34f23e7b528a2f8e9e,5,2,0,5,2,149,4851,5,5,5.0,,MIN_EXPANDED_SIZE,ERROR,24.444143579999945,FAILED,TRANSLATION_ERROR,TRANSLATE_ONLY,1,,,,,,941033,1,fc1e9f5b1714ff33a517c9b83bf01977cbac2d2e5107675bdf0d0dcf544c357b,,,,,,,,,,,"Exception in thread ""main"" Type error:
Translation capacity exceeded.
In this scope, universe contains 5031 atoms
and relations of arity 3 cannot be represented.
Visit http://alloy.mit.edu/ for advice on refactoring.
	at edu.mit.csail.sdg.translator.TranslateAlloyToKodkod.rethrow(TranslateAlloyToKodkod.java:411)
	at edu.mit.csail.sdg.translator.TranslateAlloyToKodkod.execute_command(TranslateAlloyToKodkod.java:533)
	at Rq2Translate.main(Rq2Translate.java:47)
",22.99977526299972
b2,baseTest/0012.trace,baseTest,macro,735b7b931a99b69cedbbcd331855f5c86d90516529a3d67640aa10f8daf3e688,0ef52dddff9ea1c4f1d65b34f23e7b528a2f8e9e,5,2,0,5,2,149,4851,5,5,5.0,,MIN_EXPANDED_SIZE,TIMEOUT,180.35839948199987,IN_PROGRESS,TIMEOUT,TRANSLATE_ONLY,1,,,,,,555461,1,a59d67b1080562dcafed89a70945a349b6c4a97cd144312f76ec1975d6da83a5,1,32,44,28,5,,,,,,CNF translation timed out: macro_scope_5.als,180.27089471899944
b2,baseTest/0013.trace,baseTest,atlas-b,64a9fe0afb1011acaf62a9439d020d9a3e8e758a16c239f582d6ece5389263f3,0ef52dddff9ea1c4f1d65b34f23e7b528a2f8e9e,5,2,0,5,2,15,485,5,5,5.0,,MIN_EXPANDED_SIZE,SAT,21.701416289999543,PASSED,REUSED_E4,E4_REUSED,0,30147,1807290,5740915,,,95845,1,da2fa14910eea0f96bd8cb92154ec4dd0692090359c2e3099b69e300638c91ed,,,,,5,,,,,,,0
b2,baseTest/0013.trace,baseTest,macro,64a9fe0afb1011acaf62a9439d020d9a3e8e758a16c239f582d6ece5389263f3,0ef52dddff9ea1c4f1d65b34f23e7b528a2f8e9e,5,2,0,5,2,15,485,5,5,5.0,,MIN_EXPANDED_SIZE,SAT,26.826902607999727,PASSED,REUSED_E4,E4_REUSED,0,47271,2446099,4922281,,,130009,1,b0f6304e0ee0a71868955d127ba19a381791eafc1cc35adec4cc06a3b5a6e792,1,32,44,28,5,1,2.0,2,1,1,,0
b2,baseTest/0014.trace,baseTest,atlas-b,eae019e9a301ed433d0d98ed55a659e6f4b7e91af1f2365dcf8a5028fc1ba84c,0ef52dddff9ea1c4f1d65b34f23e7b528a2f8e9e,5,2,0,5,2,4,46,5,5,5.0,,MIN_EXPANDED_SIZE,SAT,2.814593822999086,PASSED,REUSED_E4,E4_REUSED,0,3147,182795,579878,,,11790,1,824720b0a67db4780c747dd3ca8c793308669ee9659657f37f51d1b4ad9bbf4a,,,,,5,,,,,,,0
b2,baseTest/0014.trace,baseTest,macro,eae019e9a301ed433d0d98ed55a659e6f4b7e91af1f2365dcf8a5028fc1ba84c,0ef52dddff9ea1c4f1d65b34f23e7b528a2f8e9e,5,2,0,5,2,4,46,5,5,5.0,,MIN_EXPANDED_SIZE,SAT,5.417197913000109,PASSED,REUSED_E4,E4_REUSED,0,5649,260437,524753,,,51945,1,05ca4394cad1669798e046d4e173aa3f169c6534df98c88154e3876e1bf3cbb6,1,32,44,28,5,1,2.0,2,1,1,,0
b2,baseTest/0015.trace,baseTest,atlas-b,70287e746b0fd29f573bf71c771be740d7fb07aed69694f32274ed8f6bbbe2e4,0ef52dddff9ea1c4f1d65b34f23e7b528a2f8e9e,18,2,0,8,3,101,889,5,5,5.0,,MIN_EXPANDED_SIZE,TIMEOUT,180.53474650099997,IN_PROGRESS,TRANSLATED_ONLY,TRANSLATE_ONLY,1,79520,7322477,24041375,,,231969,1,1929b06a03fb1ecfab548053e29d59336288bc11f88dcb97bf5bab6c18341462,,,,,,,,,,,,44.88976717500009
b2,baseTest/0015.trace,baseTest,macro,70287e746b0fd29f573bf71c771be740d7fb07aed69694f32274ed8f6bbbe2e4,0ef52dddff9ea1c4f1d65b34f23e7b528a2f8e9e,18,2,0,8,3,101,889,5,5,5.0,,MIN_EXPANDED_SIZE,TIMEOUT,180.45482575799997,IN_PROGRESS,TRANSLATED_ONLY,TRANSLATE_ONLY,1,159794,9037621,19089735,,,255516,1,45d4edbce7e4f998734eed713d08fa205817f1774a6e70bdc2c6176d402b24ee,1,58,174,36,8,,,,,,,67.01816912100003
b2,baseTest/0016.trace,baseTest,atlas-b,fa50e2911675719d95d055e6cd91cf981e06cbaef02d9e0626d2c09b3cd0707f,0ef52dddff9ea1c4f1d65b34f23e7b528a2f8e9e,18,2,0,8,3,11,76,5,5,5.0,,MIN_EXPANDED_SIZE,SAT,41.47447440100041,PASSED,REUSED_E4,E4_REUSED,0,7280,651113,2137394,,,22586,1,b8e22210bd2b45db6b12f325e94f7b8089bea04aef4f9b5a3a6ed12d798eebd4,,,,,8,,,,,,,0
b2,baseTest/0016.trace,baseTest,macro,fa50e2911675719d95d055e6cd91cf981e06cbaef02d9e0626d2c09b3cd0707f,0ef52dddff9ea1c4f1d65b34f23e7b528a2f8e9e,18,2,0,8,3,11,76,5,5,5.0,,MIN_EXPANDED_SIZE,SAT,56.54509853899981,PASSED,REUSED_E4,E4_REUSED,0,15782,825093,1752375,,,60930,1,e265d2097b00b7fa16a39a21d102114de3d7a7cd99f6d008504170abe6bc156b,1,58,174,36,8,3,1.0,1,3,3,,0
b2,baseTest/0017.trace,baseTest,atlas-b,9318a97d8cbc2695eddcd727e99f571d64603e79a45c38d72462a798bdddc12f,0ef52dddff9ea1c4f1d65b34f23e7b528a2f8e9e,18,2,0,8,3,132,1368,5,5,5.0,,MIN_EXPANDED_SIZE,ERROR,5.9728626380001515,FAILED,TRANSLATION_ERROR,TRANSLATE_ONLY,1,,,,,,350657,1,88293306c6be27a8d3abfb2be50f47092fd71fa2136219a9491ae20e9fda05e2,,,,,,,,,,,"Exception in thread ""main"" Type error:
Translation capacity exceeded.
In this scope, universe contains 1551 atoms
and relations of arity 3 cannot be represented.
Visit http://alloy.mit.edu/ for advice on refactoring.
	at edu.mit.csail.sdg.translator.TranslateAlloyToKodkod.rethrow(TranslateAlloyToKodkod.java:411)
	at edu.mit.csail.sdg.translator.TranslateAlloyToKodkod.execute_command(TranslateAlloyToKodkod.java:533)
	at Rq2Translate.main(Rq2Translate.java:47)
",5.622187904000384
b2,baseTest/0017.trace,baseTest,macro,9318a97d8cbc2695eddcd727e99f571d64603e79a45c38d72462a798bdddc12f,0ef52dddff9ea1c4f1d65b34f23e7b528a2f8e9e,18,2,0,8,3,132,1368,5,5,5.0,,MIN_EXPANDED_SIZE,TIMEOUT,180.31160435099991,IN_PROGRESS,TIMEOUT,TRANSLATE_ONLY,1,,,,,,358857,1,4d3e2cb9fed24e1605bcbebf0ba295d77f8ab6086a320a56bf973ba6bc5b8934,1,58,174,36,8,,,,,,CNF translation timed out: macro_scope_8.als,180.28534180799943
b2,baseTest/0018.trace,baseTest,atlas-b,ea1b54c7e0c5cef5e8e11b4e5819c775b2cf77f09161f77412617d706fbc9bd1,0ef52dddff9ea1c4f1d65b34f23e7b528a2f8e9e,18,2,0,8,3,190,1810,5,5,5.0,,MIN_EXPANDED_SIZE,ERROR,8.340483336000034,FAILED,TRANSLATION_ERROR,TRANSLATE_ONLY,1,,,,,,467099,1,b6d67500630c4b86182ca5bb96056dfef425ac7a2017209890bc04f7e6a90b73,,,,,,,,,,,"Exception in thread ""main"" Type error:
Translation capacity exceeded.
In this scope, universe contains 2051 atoms
and relations of arity 3 cannot be represented.
Visit http://alloy.mit.edu/ for advice on refactoring.
	at edu.mit.csail.sdg.translator.TranslateAlloyToKodkod.rethrow(TranslateAlloyToKodkod.java:411)
	at edu.mit.csail.sdg.translator.TranslateAlloyToKodkod.execute_command(TranslateAlloyToKodkod.java:533)
	at Rq2Translate.main(Rq2Translate.java:47)
",7.776500404000217
b2,baseTest/0018.trace,baseTest,macro,ea1b54c7e0c5cef5e8e11b4e5819c775b2cf77f09161f77412617d706fbc9bd1,0ef52dddff9ea1c4f1d65b34f23e7b528a2f8e9e,18,2,0,8,3,190,1810,5,5,5.0,,MIN_EXPANDED_SIZE,TIMEOUT,180.32783952399996,IN_PROGRESS,TIMEOUT,TRANSLATE_ONLY,1,,,,,,469324,1,ab8f1c9a6cedc1acd044f43523ac47f226d78b81fff9d7ea61b9dc621f2293c3,1,58,174,36,8,,,,,,CNF translation timed out: macro_scope_8.als,180.27235465800004
b2,baseTest/0019.trace,baseTest,atlas-b,27f4306dca1eb9c7167d1d78927b29ebea54f66d6ac703d1e64f727b7ce375c1,0ef52dddff9ea1c4f1d65b34f23e7b528a2f8e9e,18,2,0,8,3,407,4593,5,5,5.0,,MIN_EXPANDED_SIZE,ERROR,29.85357863900026,FAILED,TRANSLATION_ERROR,TRANSLATE_ONLY,1,,,,,,1165882,1,3834c2cd9a5c0705b98e018a88838f141381f5a164562ef49fff4478b1206f16,,,,,,,,,,,"Exception in thread ""main"" Type error:
Translation capacity exceeded.
In this scope, universe contains 5051 atoms
and relations of arity 3 cannot be represented.
Visit http://alloy.mit.edu/ for advice on refactoring.
	at edu.mit.csail.sdg.translator.TranslateAlloyToKodkod.rethrow(TranslateAlloyToKodkod.java:411)
	at edu.mit.csail.sdg.translator.TranslateAlloyToKodkod.execute_command(TranslateAlloyToKodkod.java:533)
	at Rq2Translate.main(Rq2Translate.java:47)
",29.003394142000616
b2,baseTest/0019.trace,baseTest,macro,27f4306dca1eb9c7167d1d78927b29ebea54f66d6ac703d1e64f727b7ce375c1,0ef52dddff9ea1c4f1d65b34f23e7b528a2f8e9e,18,2,0,8,3,407,4593,5,5,5.0,,MIN_EXPANDED_SIZE,TIMEOUT,180.313066833,IN_PROGRESS,TIMEOUT,TRANSLATE_ONLY,1,,,,,,1082538,1,65c731d603a51711504cfbb6cfc4da8f8b3c8130fb9c88c1f97a5ae13e157997,1,58,174,36,8,,,,,,CNF translation timed out: macro_scope_8.als,180.2925670049999
b2,baseTest/0020.trace,baseTest,atlas-b,a4c43f7b49a0903c436b07c0e10b397b87316fe078f8f3929ede0fb8f4a60e01,0ef52dddff9ea1c4f1d65b34f23e7b528a2f8e9e,18,2,0,8,3,42,458,5,5,5.0,,MIN_EXPANDED_SIZE,TIMEOUT,180.2750493049998,IN_PROGRESS,TRANSLATED_ONLY,TRANSLATE_ONLY,1,40320,3702357,12155504,,,118347,1,8c142f526d7e4ef48ab10fdd8c9ad461bbb572ec8bab89e50258725b37025adb,,,,,,,,,,,,17.9418935599997
b2,baseTest/0020.trace,baseTest,macro,a4c43f7b49a0903c436b07c0e10b397b87316fe078f8f3929ede0fb8f4a60e01,0ef52dddff9ea1c4f1d65b34f23e7b528a2f8e9e,18,2,0,8,3,42,458,5,5,5.0,,MIN_EXPANDED_SIZE,TIMEOUT,180.25863354399917,IN_PROGRESS,TRANSLATED_ONLY,TRANSLATE_ONLY,1,81782,4586553,9696447,,,153771,1,3f6721cb744563a9bd4939ab7c9df293574882d4e9a42a8393ebdcf43cfefa45,1,58,174,36,8,,,,,,,33.311429959000634
b2,baseTest/0021.trace,baseTest,atlas-b,5589e1cf5fde72aa059271e32c8257148d45c86f9ba4cc0e82335409f974ac19,0ef52dddff9ea1c4f1d65b34f23e7b528a2f8e9e,18,2,0,8,3,6,42,5,5,5.0,,MIN_EXPANDED_SIZE,SAT,32.91298538299998,PASSED,REUSED_E4,E4_REUSED,0,4160,362981,1191376,,,13581,1,f82591551f1f889a2defa3de99620aeb8ba2814676a80a3cac9f801dba121710,,,,,8,,,,,,,0
b2,baseTest/0021.trace,baseTest,macro,5589e1cf5fde72aa059271e32c8257148d45c86f9ba4cc0e82335409f974ac19,0ef52dddff9ea1c4f1d65b34f23e7b528a2f8e9e,18,2,0,8,3,6,42,5,5,5.0,,MIN_EXPANDED_SIZE,SAT,37.532910043000356,PASSED,REUSED_E4,E4_REUSED,0,9512,459234,966868,,,50187,1,7106084c1db903e4a1de4cc61ac9e3720ac014c109ff8139db4189e85a54d124,1,58,174,36,8,3,1.0,1,3,3,,0
b2,baseTest/0022.trace,baseTest,atlas-b,143633c7de1d7e7a0576364eb602323960a8ebfb03194da1c0991ab456cfd847,0ef52dddff9ea1c4f1d65b34f23e7b528a2f8e9e,6,2,0,6,3,262,101,5,5,5.0,,MIN_EXPANDED_SIZE,TIMEOUT,180.1972749229999,IN_PROGRESS,TRANSLATED_ONLY,TRANSLATE_ONLY,1,25632,1803225,5831509,,,86504,1,11d645f5486d64b9f253be737ce3a86cf6c234dc52d848b66aa8c41f034c4963,,,,,,,,,,,,9.228354654000213
b2,baseTest/0022.trace,baseTest,macro,143633c7de1d7e7a0576364eb602323960a8ebfb03194da1c0991ab456cfd847,0ef52dddff9ea1c4f1d65b34f23e7b528a2f8e9e,6,2,0,6,3,262,101,5,5,5.0,,MIN_EXPANDED_SIZE,TIMEOUT,180.1860677069999,IN_PROGRESS,TRANSLATED_ONLY,TRANSLATE_ONLY,1,45416,2480020,5108293,,,120484,1,86aa5c85743fb9811a9784a9edf86b04f7b89fda5e2d00055ab56815b65605cd,1,34,54,32,6,,,,,,,18.792648923000343
b2,baseTest/0023.trace,baseTest,atlas-b,c9b19521e3bc05732496d76fe72ff0fc49fa5e4cee3011bbaba6fcc5ad539eae,0ef52dddff9ea1c4f1d65b34f23e7b528a2f8e9e,6,2,0,6,3,43,11,5,5,5.0,,MIN_EXPANDED_SIZE,SAT,46.63955853100015,PASSED,REUSED_E4,E4_REUSED,0,4002,272440,880622,,,14962,1,0af23c66f2a675820d31ac358d42def3fd777557fd556f863e8363defe6cf205,,,,,6,,,,,,,0
b2,baseTest/0023.trace,baseTest,macro,c9b19521e3bc05732496d76fe72ff0fc49fa5e4cee3011bbaba6fcc5ad539eae,0ef52dddff9ea1c4f1d65b34f23e7b528a2f8e9e,6,2,0,6,3,43,11,5,5,5.0,,MIN_EXPANDED_SIZE,SAT,18.07301510799971,PASSED,REUSED_E4,E4_REUSED,0,7691,381384,791801,,,53846,1,64f5e63aa276b335e09a01d37bb38afd8d56e4a98a6731f51aef16a6aaa897ed,1,34,54,32,6,2,0.4,2,4,5,,0
b2,baseTest/0024.trace,baseTest,atlas-b,d723312aa8c1976041cad7d58e58659979ac2d32409b27ffe5efaf859fb9e221,0ef52dddff9ea1c4f1d65b34f23e7b528a2f8e9e,6,2,0,6,3,381,151,5,5,5.0,,MIN_EXPANDED_SIZE,TIMEOUT,180.26445470699946,IN_PROGRESS,TRANSLATED_ONLY,TRANSLATE_ONLY,1,37462,2640451,8539278,,,125712,1,f36383ce75da73f0784f98203aca2afc7bce3a18a41f8366a526c6bd60a44bdc,,,,,,,,,,,,11.831446074999803
b2,baseTest/0024.trace,baseTest,macro,d723312aa8c1976041cad7d58e58659979ac2d32409b27ffe5efaf859fb9e221,0ef52dddff9ea1c4f1d65b34f23e7b528a2f8e9e,6,2,0,6,3,381,151,5,5,5.0,,MIN_EXPANDED_SIZE,TIMEOUT,180.27500587400027,IN_PROGRESS,TRANSLATED_ONLY,TRANSLATE_ONLY,1,64966,3582641,7404539,,,162576,1,833516451db8533aabf60fa533bc6dfb9f033cc7c7ddc658caaff7958a070267,1,34,54,32,6,,,,,,,24.301047812000434
b2,baseTest/0025.trace,baseTest,atlas-b,76c4a7293fcbc391e510c9fdec6cda107581fedf9a878e65a3a67d7e897419f0,0ef52dddff9ea1c4f1d65b34f23e7b528a2f8e9e,6,2,0,6,3,450,201,5,5,5.0,,MIN_EXPANDED_SIZE,TIMEOUT,180.27171520199954,IN_PROGRESS,TRANSLATED_ONLY,TRANSLATE_ONLY,1,45792,3229978,10445946,,,153320,1,6bac384ccc1458ad5baac3bc9c336c665227f8a480cdd308e89024a3e900a3b2,,,,,,,,,,,,18.29391558399948
b2,baseTest/0025.trace,baseTest,macro,76c4a7293fcbc391e510c9fdec6cda107581fedf9a878e65a3a67d7e897419f0,0ef52dddff9ea1c4f1d65b34f23e7b528a2f8e9e,6,2,0,6,3,450,201,5,5,5.0,,MIN_EXPANDED_SIZE,TIMEOUT,180.24241883299965,IN_PROGRESS,TRANSLATED_ONLY,TRANSLATE_ONLY,1,80091,4420046,9122133,,,187444,1,72ad54fbe25112d0c97331fb1f2b180d2edc76e2b56dda19342f3efa05db3d89,1,34,54,32,6,,,,,,,29.066993200999605
b2,baseTest/0026.trace,baseTest,atlas-b,c1fae1fcd3b0bb0f99c0e135639da132714f971a145d59f958b456cfd73c08c3,0ef52dddff9ea1c4f1d65b34f23e7b528a2f8e9e,6,2,0,6,3,1205,501,5,5,5.0,,MIN_EXPANDED_SIZE,ERROR,6.852685704000123,FAILED,TRANSLATION_ERROR,TRANSLATE_ONLY,1,,,,,,398285,1,ce8d426e2bb3cfe37ca66a55a153a02c455b5a32a14a0d6f74724778b45da3fc,,,,,,,,,,,"Exception in thread ""main"" Type error:
Translation capacity exceeded.
In this scope, universe contains 1755 atoms
and relations of arity 3 cannot be represented.
Visit http://alloy.mit.edu/ for advice on refactoring.
	at edu.mit.csail.sdg.translator.TranslateAlloyToKodkod.rethrow(TranslateAlloyToKodkod.java:411)
	at edu.mit.csail.sdg.translator.TranslateAlloyToKodkod.execute_command(TranslateAlloyToKodkod.java:533)
	at Rq2Translate.main(Rq2Translate.java:47)
",6.273646106999877
b2,baseTest/0026.trace,baseTest,macro,c1fae1fcd3b0bb0f99c0e135639da132714f971a145d59f958b456cfd73c08c3,0ef52dddff9ea1c4f1d65b34f23e7b528a2f8e9e,6,2,0,6,3,1205,501,5,5,5.0,,MIN_EXPANDED_SIZE,TIMEOUT,180.43991156700008,IN_PROGRESS,TRANSLATED_ONLY,TRANSLATE_ONLY,1,206866,11482504,23647629,,,397529,1,e1d6be5d74884b391b265454c4291e15efd852be56a56cff7547f4d131a17c9c,1,34,54,32,6,,,,,,,92.54554820500016
b2,baseTest/0027.trace,baseTest,atlas-b,ff9cd0854fe0341214f869d776aac38a0e6677ee17710838c61310e981057546,0ef52dddff9ea1c4f1d65b34f23e7b528a2f8e9e,6,2,0,6,3,111,51,5,5,5.0,,MIN_EXPANDED_SIZE,TIMEOUT,180.08356230899972,IN_PROGRESS,TRANSLATED_ONLY,TRANSLATE_ONLY,1,11562,807472,2611038,,,39921,1,97417c9507f1f63f549fc74d76099f2e597b54aeaa53b80612f5b0330143c6a4,,,,,,,,,,,,4.720968896000159
b2,baseTest/0027.trace,baseTest,macro,ff9cd0854fe0341214f869d776aac38a0e6677ee17710838c61310e981057546,0ef52dddff9ea1c4f1d65b34f23e7b528a2f8e9e,6,2,0,6,3,111,51,5,5,5.0,,MIN_EXPANDED_SIZE,UNSAT,153.84924343600142,NOT_APPLICABLE_UNSAT,REUSED_E4,E4_REUSED,0,20766,1110561,2289740,,,78134,1,e0dd76002194ac59204dc2c801710042925ec85a0a6f38dc8c3bb9c738efbf94,1,34,54,32,6,,,,,,,0
b2,baseTest/0028.trace,baseTest,atlas-b,b8f882bacbebe284185916f6223600b429c1d4be629d4815681951c6ffd7a893,0ef52dddff9ea1c4f1d65b34f23e7b528a2f8e9e,6,2,0,6,3,15,6,5,5,5.0,,MIN_EXPANDED_SIZE,SAT,5.571453873999872,PASSED,REUSED_E4,E4_REUSED,0,1692,108958,351891,,,7343,1,acee2d0d542c1641d537d1290071e697857a0067406229f19a442016e5b15127,,,,,6,,,,,,,0
b2,baseTest/0028.trace,baseTest,macro,b8f882bacbebe284185916f6223600b429c1d4be629d4815681951c6ffd7a893,0ef52dddff9ea1c4f1d65b34f23e7b528a2f8e9e,6,2,0,6,3,15,6,5,5,5.0,,MIN_EXPANDED_SIZE,SAT,5.421993201999612,PASSED,REUSED_E4,E4_REUSED,0,3741,157149,327908,,,31866,1,e16a33bb7ae592b11fd4515cf8614b0338432e73648762108aea8cced7dacacc,1,34,54,32,6,1,0.0,0,5,5,,0
b2,baseTest/0029.trace,baseTest,atlas-b,896504bb5809cff6d7043900fa043e659ad4cd31efc4976c9761960ac36b5964,0ef52dddff9ea1c4f1d65b34f23e7b528a2f8e9e,3,2,0,3,2,40,960,5,5,5.0,,MIN_EXPANDED_SIZE,SAT,25.74093040600019,PASSED,REUSED_E4,E4_REUSED,0,50081,2017051,6247665,,,189306,1,cc47bbb407a4904659ee64b6c07a32b538d5bd40ff99bbef3926d54c3b5a8c48,,,,,3,,,,,,,0
b2,baseTest/0029.trace,baseTest,macro,896504bb5809cff6d7043900fa043e659ad4cd31efc4976c9761960ac36b5964,0ef52dddff9ea1c4f1d65b34f23e7b528a2f8e9e,3,2,0,3,2,40,960,5,5,5.0,,MIN_EXPANDED_SIZE,SAT,13.201817336999738,PASSED,REUSED_E4,E4_REUSED,0,38163,888121,1691562,,,168214,1,f1421baf1aab4c7201f8d7f0ea3c3d33374cf3710c94aa73dc52c64820206817,1,22,24,5,2,1,1.0,1,1,1,,0
b2,baseTest/0030.trace,baseTest,atlas-b,82699e230f5e24a3e0a282f7fba0ba60976a55cf5416a352a652d38a956e2029,0ef52dddff9ea1c4f1d65b34f23e7b528a2f8e9e,3,2,0,3,2,2,98,5,5,5.0,,MIN_EXPANDED_SIZE,SAT,3.0161936549993698,PASSED,REUSED_E4,E4_REUSED,0,5081,202676,627227,,,21092,1,5f6961aa420242745d866af216a375c3d753a96f7e7c6d810570d5c6df0f6c6f,,,,,3,,,,,,,0
b2,baseTest/0030.trace,baseTest,macro,82699e230f5e24a3e0a282f7fba0ba60976a55cf5416a352a652d38a956e2029,0ef52dddff9ea1c4f1d65b34f23e7b528a2f8e9e,3,2,0,3,2,2,98,5,5,5.0,,MIN_EXPANDED_SIZE,SAT,2.4843776850011636,PASSED,REUSED_E4,E4_REUSED,0,4215,97047,183651,,,38730,1,166f4407f27dea2fb4755407a65859c56a8b3d9ff911e05fcddfedd52dd30abc,1,22,24,5,2,1,1.0,1,1,1,,0
b2,baseTest/0031.trace,baseTest,atlas-b,62761da60c0251c9234fe017d63810efe7707690c494ee27278655c72a566025,0ef52dddff9ea1c4f1d65b34f23e7b528a2f8e9e,3,2,0,3,2,53,1447,5,5,5.0,,MIN_EXPANDED_SIZE,ERROR,5.156491986001129,FAILED,TRANSLATION_ERROR,TRANSLATE_ONLY,1,,,,,,283230,1,54f75b5ac90c3f96c714babbb75036f86219a492a5bad7ba0340d2e4b7997d4e,,,,,,,,,,,"Exception in thread ""main"" Type error:
Translation capacity exceeded.
In this scope, universe contains 1529 atoms
and relations of arity 3 cannot be represented.
Visit http://alloy.mit.edu/ for advice on refactoring.
	at edu.mit.csail.sdg.translator.TranslateAlloyToKodkod.rethrow(TranslateAlloyToKodkod.java:411)
	at edu.mit.csail.sdg.translator.TranslateAlloyToKodkod.execute_command(TranslateAlloyToKodkod.java:533)
	at Rq2Translate.main(Rq2Translate.java:47)
",4.8713036590006595
b2,baseTest/0031.trace,baseTest,macro,62761da60c0251c9234fe017d63810efe7707690c494ee27278655c72a566025,0ef52dddff9ea1c4f1d65b34f23e7b528a2f8e9e,3,2,0,3,2,53,1447,5,5,5.0,,MIN_EXPANDED_SIZE,SAT,18.133836156000143,PASSED,REUSED_E4,E4_REUSED,0,53823,1254686,2391400,,,229825,1,23c50b55d161ce899af82276c462b12b848ae2549ca4f42b821006d4253dc944,1,22,24,5,2,1,1.0,1,1,1,,0
b2,baseTest/0032.trace,baseTest,atlas-b,c929b0daecc15eeecff69fad25b681ccbd79a6670e44111a0f47c89afa75a016,0ef52dddff9ea1c4f1d65b34f23e7b528a2f8e9e,3,2,0,3,2,68,1932,5,5,5.0,,MIN_EXPANDED_SIZE,ERROR,6.676560551999501,FAILED,TRANSLATION_ERROR,TRANSLATE_ONLY,1,,,,,,377182,1,ddd0a2753ea0532fb4d10d3377cacdd0f766697f4290a22c7f21dfcd2dd92765,,,,,,,,,,,"Exception in thread ""main"" Type error:
Translation capacity exceeded.
In this scope, universe contains 2029 atoms
and relations of arity 3 cannot be represented.
Visit http://alloy.mit.edu/ for advice on refactoring.
	at edu.mit.csail.sdg.translator.TranslateAlloyToKodkod.rethrow(TranslateAlloyToKodkod.java:411)
	at edu.mit.csail.sdg.translator.TranslateAlloyToKodkod.execute_command(TranslateAlloyToKodkod.java:533)
	at Rq2Translate.main(Rq2Translate.java:47)
",6.9736369320007725
b2,baseTest/0032.trace,baseTest,macro,c929b0daecc15eeecff69fad25b681ccbd79a6670e44111a0f47c89afa75a016,0ef52dddff9ea1c4f1d65b34f23e7b528a2f8e9e,3,2,0,3,2,68,1932,5,5,5.0,,MIN_EXPANDED_SIZE,SAT,24.176968986000247,PASSED,REUSED_E4,E4_REUSED,0,68844,1603517,3059609,,,287955,1,71995e57e9b093c70f6e78ef7be0e733d2065af4ef2159bdd3ab6979ed021450,1,22,24,5,2,1,1.0,1,1,1,,0
b2,baseTest/0033.trace,baseTest,atlas-b,6ea284eaba3d6f2ca110a3c0bda24a177149d3f4549c2712d2e4a56139f05a82,0ef52dddff9ea1c4f1d65b34f23e7b528a2f8e9e,3,2,0,3,2,148,4852,5,5,5.0,,MIN_EXPANDED_SIZE,ERROR,24.115190125000026,FAILED,TRANSLATION_ERROR,TRANSLATE_ONLY,1,,,,,,941032,1,f633a86bf7e560247e706227e001ab7c96bdeb8ac426ca6faf0bddc46bbfdc56,,,,,,,,,,,"Exception in thread ""main"" Type error:
Translation capacity exceeded.
In this scope, universe contains 5029 atoms
and relations of arity 3 cannot be represented.
Visit http://alloy.mit.edu/ for advice on refactoring.
	at edu.mit.csail.sdg.translator.TranslateAlloyToKodkod.rethrow(TranslateAlloyToKodkod.java:411)
	at edu.mit.csail.sdg.translator.TranslateAlloyToKodkod.execute_command(TranslateAlloyToKodkod.java:533)
	at Rq2Translate.main(Rq2Translate.java:47)
",20.697937472000376
b2,baseTest/0033.trace,baseTest,macro,6ea284eaba3d6f2ca110a3c0bda24a177149d3f4549c2712d2e4a56139f05a82,0ef52dddff9ea1c4f1d65b34f23e7b528a2f8e9e,3,2,0,3,2,148,4852,5,5,5.0,,MIN_EXPANDED_SIZE,SAT,51.624411336000776,PASSED,REUSED_E4,E4_REUSED,0,128775,2999304,5728630,,,520812,1,300bc68bd8f2e37c494d82e3c9641348c7629ae2d016d80be429ac85b9542e80,1,22,24,5,2,1,1.0,1,1,1,,0
b2,baseTest/0034.trace,baseTest,atlas-b,d761999ab52cdf91d792c391c3260cb916db123c409b13bdd15b22f0c7536dda,0ef52dddff9ea1c4f1d65b34f23e7b528a2f8e9e,3,2,0,3,2,17,483,5,5,5.0,,MIN_EXPANDED_SIZE,SAT,10.375896402999842,PASSED,REUSED_E4,E4_REUSED,0,25081,1009067,3125204,,,95867,1,8fc5a88af64dd294abefe8f3439c79bd43d28342c173a9d979e003d776ff43a1,,,,,3,,,,,,,0
b2,baseTest/0034.trace,baseTest,macro,d761999ab52cdf91d792c391c3260cb916db123c409b13bdd15b22f0c7536dda,0ef52dddff9ea1c4f1d65b34f23e7b528a2f8e9e,3,2,0,3,2,17,483,5,5,5.0,,MIN_EXPANDED_SIZE,SAT,7.345467156999803,PASSED,REUSED_E4,E4_REUSED,0,19830,461830,879411,,,98847,1,f7462ae37891e48c4807fb19b90a0973038bdeee927ca852924a7865d0b2190a,1,22,24,5,2,1,1.0,1,1,1,,0
b2,baseTest/0035.trace,baseTest,atlas-b,b31846ba7ebe249081f7c4b9ee042285ed1d3194b4d893efc9a56086808774a9,0ef52dddff9ea1c4f1d65b34f23e7b528a2f8e9e,3,2,0,3,2,2,48,5,5,5.0,,MIN_EXPANDED_SIZE,SAT,2.2201134500010085,PASSED,REUSED_E4,E4_REUSED,0,2581,101877,314978,,,11792,1,86a54349b31072059b87b0bbb4a4ce3849a7cc06b362e5f93c15401ebe60a695,,,,,3,,,,,,,0
b2,baseTest/0035.trace,baseTest,macro,b31846ba7ebe249081f7c4b9ee042285ed1d3194b4d893efc9a56086808774a9,0ef52dddff9ea1c4f1d65b34f23e7b528a2f8e9e,3,2,0,3,2,2,48,5,5,5.0,,MIN_EXPANDED_SIZE,SAT,1.9661451829999805,PASSED,REUSED_E4,E4_REUSED,0,2217,49869,95015,,,29715,1,f10ac7c1cabe0f8ecd4ee131d366250bd6680933efaf53315337d3b693e4618b,1,22,24,5,2,1,1.0,1,1,1,,0
b2,baseTest/0036.trace,baseTest,atlas-b,f83114b007ed8486aaa1359b784e1629b9112cb40f68776f201b9cb07a0041a5,0ef52dddff9ea1c4f1d65b34f23e7b528a2f8e9e,10,2,0,8,3,85,915,5,5,5.0,,MIN_EXPANDED_SIZE,SAT,100.43494674900012,PASSED,REUSED_E4,E4_REUSED,0,80320,7396354,24283958,,,234294,1,3953ffb5aaf609a67674d66fd1b4289cb2a07084797bf4385ab72f48a9ce9b18,,,,,8,,,,,,,0
b2,baseTest/0036.trace,baseTest,macro,f83114b007ed8486aaa1359b784e1629b9112cb40f68776f201b9cb07a0041a5,0ef52dddff9ea1c4f1d65b34f23e7b528a2f8e9e,10,2,0,8,3,85,915,5,5,5.0,,MIN_EXPANDED_SIZE,TIMEOUT,180.5027942939996,IN_PROGRESS,TRANSLATED_ONLY,TRANSLATE_ONLY,1,161246,9127189,19279604,,,259803,1,ecb884c15c388c18e5c4f74584336c4d22555f226996620b471bf39df4f065f2,1,42,94,36,8,,,,,,,64.52484111400008
b2,baseTest/0037.trace,baseTest,atlas-b,9301814cf200bba9d564cb24bc8469de48c0569a670583499ce8aa45ad6484e5,0ef52dddff9ea1c4f1d65b34f23e7b528a2f8e9e,10,2,0,8,3,5,95,5,5,5.0,,MIN_EXPANDED_SIZE,SAT,8.211659951000001,PASSED,REUSED_E4,E4_REUSED,0,8320,747157,2452741,,,25594,1,1ece4a220cf46ff916260ca720863fe6ff221fb1b9df3bce0af4a4a1b40b99e8,,,,,8,,,,,,,0
b2,baseTest/0037.trace,baseTest,macro,9301814cf200bba9d564cb24bc8469de48c0569a670583499ce8aa45ad6484e5,0ef52dddff9ea1c4f1d65b34f23e7b528a2f8e9e,10,2,0,8,3,5,95,5,5,5.0,,MIN_EXPANDED_SIZE,SAT,39.67565300299998,PASSED,REUSED_E4,E4_REUSED,0,17630,934924,1987746,,,67579,1,9fcd61bbd180b00248d21b3e2daf606500ba7025bcb29c7bbc9886bef7b25651,1,42,94,36,8,2,0.6666666666666666,1,3,3,,0
b2,baseTest/0038.trace,baseTest,atlas-b,94cdd623cd55fefdeeb586e239ed93fab3d98e9036dafbf683549d087bd92602,0ef52dddff9ea1c4f1d65b34f23e7b528a2f8e9e,10,2,0,8,3,143,1357,5,5,5.0,,MIN_EXPANDED_SIZE,ERROR,5.973171970999829,FAILED,TRANSLATION_ERROR,TRANSLATE_ONLY,1,,,,,,350646,1,29bfe8fb6b9435039887a7ebedfe9de71e459accb03c1a91214ff1f80954a8ba,,,,,,,,,,,"Exception in thread ""main"" Type error:
Translation capacity exceeded.
In this scope, universe contains 1551 atoms
and relations of arity 3 cannot be represented.
Visit http://alloy.mit.edu/ for advice on refactoring.
	at edu.mit.csail.sdg.translator.TranslateAlloyToKodkod.rethrow(TranslateAlloyToKodkod.java:411)
	at edu.mit.csail.sdg.translator.TranslateAlloyToKodkod.execute_command(TranslateAlloyToKodkod.java:533)
	at Rq2Translate.main(Rq2Translate.java:47)
",4.9721520670000245
b2,baseTest/0038.trace,baseTest,macro,94cdd623cd55fefdeeb586e239ed93fab3d98e9036dafbf683549d087bd92602,0ef52dddff9ea1c4f1d65b34f23e7b528a2f8e9e,10,2,0,8,3,143,1357,5,5,5.0,,MIN_EXPANDED_SIZE,TIMEOUT,180.35585252600004,IN_PROGRESS,TIMEOUT,TRANSLATE_ONLY,1,,,,,,364649,1,ce21997786ce5276443f7d893f827df56ddfadcd265c8618de6d9f730dd96b00,1,42,94,36,8,,,,,,CNF translation timed out: macro_scope_8.als,180.26837777899982
b2,baseTest/0039.trace,baseTest,atlas-b,1c50818c58b20fc2560a5acf9983ab0d276e8a042adba320ee183606d1d502f1,0ef52dddff9ea1c4f1d65b34f23e7b528a2f8e9e,10,2,0,8,3,174,1826,5,5,5.0,,MIN_EXPANDED_SIZE,ERROR,8.211708161999923,FAILED,TRANSLATION_ERROR,TRANSLATE_ONLY,1,,,,,,467115,1,a86991156d720bb6197c6373b78cc58ac6798d3280ec17a86b3850eb0155a0fb,,,,,,,,,,,"Exception in thread ""main"" Type error:
Translation capacity exceeded.
In this scope, universe contains 2051 atoms
and relations of arity 3 cannot be represented.
Visit http://alloy.mit.edu/ for advice on refactoring.
	at edu.mit.csail.sdg.translator.TranslateAlloyToKodkod.rethrow(TranslateAlloyToKodkod.java:411)
	at edu.mit.csail.sdg.translator.TranslateAlloyToKodkod.execute_command(TranslateAlloyToKodkod.java:533)
	at Rq2Translate.main(Rq2Translate.java:47)
",7.674727437999536
b2,baseTest/0039.trace,baseTest,macro,1c50818c58b20fc2560a5acf9983ab0d276e8a042adba320ee183606d1d502f1,0ef52dddff9ea1c4f1d65b34f23e7b528a2f8e9e,10,2,0,8,3,174,1826,5,5,5.0,,MIN_EXPANDED_SIZE,TIMEOUT,180.32765951099964,IN_PROGRESS,TIMEOUT,TRANSLATE_ONLY,1,,,,,,465197,1,7a68fdd423a42a3c988715014234e6fa771f58cc8f003cb9a361c3ab6c852789,1,42,94,36,8,,,,,,CNF translation timed out: macro_scope_8.als,180.29398134599978
b2,baseTest/0040.trace,baseTest,atlas-b,2d01c4a45631c22085feb6cdf4ca13217795df8db1af8aadca86e2d48e488276,0ef52dddff9ea1c4f1d65b34f23e7b528a2f8e9e,10,2,0,8,3,431,4569,5,5,5.0,,MIN_EXPANDED_SIZE,ERROR,32.37757355600024,FAILED,TRANSLATION_ERROR,TRANSLATE_ONLY,1,,,,,,1165844,1,65f8a5ac236f8ab31270b5fb628a8ebbbd2b845c485997774d1cccd44695b921,,,,,,,,,,,"Exception in thread ""main"" Type error:
Translation capacity exceeded.
In this scope, universe contains 5051 atoms
and relations of arity 3 cannot be represented.
Visit http://alloy.mit.edu/ for advice on refactoring.
	at edu.mit.csail.sdg.translator.TranslateAlloyToKodkod.rethrow(TranslateAlloyToKodkod.java:411)
	at edu.mit.csail.sdg.translator.TranslateAlloyToKodkod.execute_command(TranslateAlloyToKodkod.java:533)
	at Rq2Translate.main(Rq2Translate.java:47)
",31.064725633000307
b2,baseTest/0040.trace,baseTest,macro,2d01c4a45631c22085feb6cdf4ca13217795df8db1af8aadca86e2d48e488276,0ef52dddff9ea1c4f1d65b34f23e7b528a2f8e9e,10,2,0,8,3,431,4569,5,5,5.0,,MIN_EXPANDED_SIZE,TIMEOUT,180.32791185600036,IN_PROGRESS,TIMEOUT,TRANSLATE_ONLY,1,,,,,,1086976,1,ec0a421265b613a18f4f7472fe5d7d08011cc4386e2a9ddc662a3cc588b9c755,1,42,94,36,8,,,,,,CNF translation timed out: macro_scope_8.als,180.29644160499993
b2,baseTest/0041.trace,baseTest,atlas-b,c3386b7fed1390e9dbbdadbbe614bf374aa59ce6cfa6e0242f58554e530e34e2,0ef52dddff9ea1c4f1d65b34f23e7b528a2f8e9e,10,2,0,8,3,49,451,5,5,5.0,,MIN_EXPANDED_SIZE,SAT,49.06370679799875,PASSED,REUSED_E4,E4_REUSED,0,40320,3702356,12155496,,,118340,1,998d985d7eeca1bb6f553781f374b8fff07461ee9d8a1ac8c4bd1ded41eff0c7,,,,,8,,,,,,,0
b2,baseTest/0041.trace,baseTest,macro,c3386b7fed1390e9dbbdadbbe614bf374aa59ce6cfa6e0242f58554e530e34e2,0ef52dddff9ea1c4f1d65b34f23e7b528a2f8e9e,10,2,0,8,3,49,451,5,5,5.0,,MIN_EXPANDED_SIZE,TIMEOUT,180.3267446539994,IN_PROGRESS,TRANSLATED_ONLY,TRANSLATE_ONLY,1,81320,4598270,9757328,,,160331,1,501fa53dd0e22e72d652378d0685f8ab2d618cc4920bd52a0b7d12a2636c17f9,1,42,94,36,8,,,,,,,31.161762691999684
b2,baseTest/0042.trace,baseTest,atlas-b,2244b83a855d75871bb864ca4fbfbc316c76e290d7554bd7a76747980d449e08,0ef52dddff9ea1c4f1d65b34f23e7b528a2f8e9e,10,2,0,8,3,4,46,5,5,5.0,,MIN_EXPANDED_SIZE,TIMEOUT,180.08985986199968,IN_PROGRESS,TRANSLATED_ONLY,TRANSLATE_ONLY,1,4320,377757,1239892,,,14045,1,03caba94c58898aec55dddad5609b47370effb9a1d3b9b5303edf593569c2e83,,,,,,,,,,,,2.7190439679998235
b2,baseTest/0042.trace,baseTest,macro,2244b83a855d75871bb864ca4fbfbc316c76e290d7554bd7a76747980d449e08,0ef52dddff9ea1c4f1d65b34f23e7b528a2f8e9e,10,2,0,8,3,4,46,5,5,5.0,,MIN_EXPANDED_SIZE,SAT,15.799807604000307,PASSED,REUSED_E4,E4_REUSED,0,9710,475448,1009506,,,53764,1,54d842c12284cf30ab64fb89f06ecafda2e040ef81b1c1dcc2a331a868911fe3,1,42,94,36,8,2,0.6666666666666666,1,3,3,,0
b2,disjunctedExistence/0000.trace,disjunctedExistence,atlas-b,9aa52b88a4b6321d15ceac2fa1866a38bfa4b34e19bb5f98e058b22455bf54c1,0ef52dddff9ea1c4f1d65b34f23e7b528a2f8e9e,36,2,0,8,5,50,6,5,5,5.0,,MIN_EXPANDED_SIZE,TIMEOUT,180.06820087300002,IN_PROGRESS,TRANSLATED_ONLY,TRANSLATE_ONLY,1,5460,480803,1594027,,,20477,1,3ee4c066ef51df75487d2bb171002a1a7b3cfc84f0c99661e1df1c25d112eae0,,,,,,,,,,,,2.4674473440009024
b2,disjunctedExistence/0000.trace,disjunctedExistence,macro,9aa52b88a4b6321d15ceac2fa1866a38bfa4b34e19bb5f98e058b22455bf54c1,0ef52dddff9ea1c4f1d65b34f23e7b528a2f8e9e,36,2,0,8,5,50,6,5,5,5.0,,MIN_EXPANDED_SIZE,TIMEOUT,180.0941121470005,IN_PROGRESS,TRANSLATED_ONLY,TRANSLATE_ONLY,1,10914,554250,1187760,,,52182,1,f4c3f144b0a677835501a5d43769fea99965198589c2361c24107712d5efd725,1,94,354,36,8,,,,,,,4.721423572999811
b2,disjunctedExistence/0003.trace,disjunctedExistence,atlas-b,424507b2de8960903fda914ede4da873c9ed6d3925a5e02f18cb3b19d0ece32e,0ef52dddff9ea1c4f1d65b34f23e7b528a2f8e9e,36,2,0,8,5,100,14,5,5,5.0,,MIN_EXPANDED_SIZE,TIMEOUT,180.1114608759999,IN_PROGRESS,TRANSLATED_ONLY,TRANSLATE_ONLY,1,10680,965799,3201215,,,39091,1,512d57fefa2f80b96ef6b23f99f3105ca90b67778579286820fc28c8a762da5f,,,,,,,,,,,,5.2721679350006525
b2,disjunctedExistence/0003.trace,disjunctedExistence,macro,424507b2de8960903fda914ede4da873c9ed6d3925a5e02f18cb3b19d0ece32e,0ef52dddff9ea1c4f1d65b34f23e7b528a2f8e9e,36,2,0,8,5,100,14,5,5,5.0,,MIN_EXPANDED_SIZE,TIMEOUT,180.11097228800008,IN_PROGRESS,TRANSLATED_ONLY,TRANSLATE_ONLY,1,20385,1100667,2352117,,,72312,1,4bdd1a80e354eefe4f05c5a576fe59cbaf7714721ece078a674d07fc73eabd63,1,94,354,36,8,,,,,,,8.175709790999463
b2,disjunctedExistence/0006.trace,disjunctedExistence,atlas-b,0e0f0f8358471184615f2f0433167538d8968d843bc7bcd9a977a2151225d8a2,0ef52dddff9ea1c4f1d65b34f23e7b528a2f8e9e,36,2,0,8,5,150,23,5,5,5.0,,MIN_EXPANDED_SIZE,TIMEOUT,180.141457669999,IN_PROGRESS,TRANSLATED_ONLY,TRANSLATE_ONLY,1,15990,1459157,4836114,,,58080,1,156c41014eeddefba49768a7bfaa3228136bb7499f9b9ed8fd1760ffe407625a,,,,,,,,,,,,7.876023894999889
b2,disjunctedExistence/0006.trace,disjunctedExistence,macro,0e0f0f8358471184615f2f0433167538d8968d843bc7bcd9a977a2151225d8a2,0ef52dddff9ea1c4f1d65b34f23e7b528a2f8e9e,36,2,0,8,5,150,23,5,5,5.0,,MIN_EXPANDED_SIZE,TIMEOUT,180.230367441,IN_PROGRESS,TRANSLATED_ONLY,TRANSLATE_ONLY,1,29955,1648380,3511590,,,92284,1,2727e04e20da12ae13102e4ee3ee1dec1703239ecdc33b25821e541a9ae43cf2,1,94,354,36,8,,,,,,,11.831195437000133
b2,disjunctedExistence/0009.trace,disjunctedExistence,atlas-b,1808d3ef3a9d5d8bb99423643f556bcbc170897950dc5f771dc89b5d3ea4e21d,0ef52dddff9ea1c4f1d65b34f23e7b528a2f8e9e,36,2,0,8,5,200,32,5,5,5.0,,MIN_EXPANDED_SIZE,TIMEOUT,180.17175412800134,IN_PROGRESS,TRANSLATED_ONLY,TRANSLATE_ONLY,1,21300,1952515,6471013,,,77069,1,eb030e41b95bc327df9ffd235c9d7f3313ef262f2b978af2b777b26c33415828,,,,,,,,,,,,10.3286748849996
b2,disjunctedExistence/0009.trace,disjunctedExistence,macro,1808d3ef3a9d5d8bb99423643f556bcbc170897950dc5f771dc89b5d3ea4e21d,0ef52dddff9ea1c4f1d65b34f23e7b528a2f8e9e,36,2,0,8,5,200,32,5,5,5.0,,MIN_EXPANDED_SIZE,TIMEOUT,180.1721984379983,IN_PROGRESS,TRANSLATED_ONLY,TRANSLATE_ONLY,1,39558,2220280,4750118,,,112409,1,0510980724934884701942775225e5e012615810defad2a4c500aebab2b4a744,1,94,354,36,8,,,,,,,16.13614276199951
b2,disjunctedExistence/0010.trace,disjunctedExistence,atlas-b,69186f916c3d5e967441fba75b4722708863cae8cf14ee673ff76673cefb1b0c,0ef52dddff9ea1c4f1d65b34f23e7b528a2f8e9e,36,2,0,8,5,200,1,10,10,10.0,,MIN_EXPANDED_SIZE,TIMEOUT,180.44254399800047,IN_PROGRESS,TRANSLATED_ONLY,TRANSLATE_ONLY,1,46650,6351467,21861816,,,112417,1,75af617f42bc126a98332a9f5229d02dddb9c0190c93bda39c16627c1f31daa9,,,,,,,,,,,,31.268106817000444
b2,disjunctedExistence/0010.trace,disjunctedExistence,macro,69186f916c3d5e967441fba75b4722708863cae8cf14ee673ff76673cefb1b0c,0ef52dddff9ea1c4f1d65b34f23e7b528a2f8e9e,36,2,0,8,5,200,1,10,10,10.0,,MIN_EXPANDED_SIZE,TIMEOUT,180.32990092300042,IN_PROGRESS,TRANSLATED_ONLY,TRANSLATE_ONLY,1,68175,4380324,10536432,,,159700,1,e0d0ece9807a96447b5d2fb4caf8ebe4dcb28eb5e85b36d8aae92acaf15c4cf5,1,114,354,46,8,,,,,,,30.357461271999455
b2,disjunctedExistence/0012.trace,disjunctedExistence,atlas-b,ca651d108be883ce1902f3503e423288abb4ccb7c55aa057ad7ac2a8dbb3c293,0ef52dddff9ea1c4f1d65b34f23e7b528a2f8e9e,36,2,0,8,5,250,38,5,5,5.0,,MIN_EXPANDED_SIZE,TIMEOUT,180.2284462109992,IN_PROGRESS,TRANSLATED_ONLY,TRANSLATE_ONLY,1,26340,2420787,8022779,,,95095,1,78e9c5ee61d35fc14cbba5a82b2bfd50a3d72b450de114656af9da18473fcd0c,,,,,,,,,,,,13.58451455299928
b2,disjunctedExistence/0012.trace,disjunctedExistence,macro,ca651d108be883ce1902f3503e423288abb4ccb7c55aa057ad7ac2a8dbb3c293,0ef52dddff9ea1c4f1d65b34f23e7b528a2f8e9e,36,2,0,8,5,250,38,5,5,5.0,,MIN_EXPANDED_SIZE,TIMEOUT,180.26061073900019,IN_PROGRESS,TRANSLATED_ONLY,TRANSLATE_ONLY,1,48864,2743636,5836886,,,124864,1,d85e8898178da9b85416b8f45fced04decc6683744b1b2b458ffc32ddc58294b,1,94,354,36,8,,,,,,,18.491461325999808
b2,disjunctedExistence/0015.trace,disjunctedExistence,atlas-b,1bfdce4b3f7d8319b507423f0276b9623575e0c9bd3e72db79a089df5b0b4f6b,0ef52dddff9ea1c4f1d65b34f23e7b528a2f8e9e,36,2,0,8,5,300,50,5,5,5.0,,MIN_EXPANDED_SIZE,TIMEOUT,180.31931841500045,IN_PROGRESS,TRANSLATED_ONLY,TRANSLATE_ONLY,1,31920,2939231,9740811,,,115047,1,55236914aef1d64ecfbad4482fd4a8b256a01711a37332959ec36fc000c3f657,,,,,,,,,,,,14.134941704000084
b2,disjunctedExistence/0015.trace,disjunctedExistence,macro,1bfdce4b3f7d8319b507423f0276b9623575e0c9bd3e72db79a089df5b0b4f6b,0ef52dddff9ea1c4f1d65b34f23e7b528a2f8e9e,36,2,0,8,5,300,50,5,5,5.0,,MIN_EXPANDED_SIZE,TIMEOUT,180.24049000000014,IN_PROGRESS,TRANSLATED_ONLY,TRANSLATE_ONLY,1,59028,3340058,7125256,,,141251,1,f68a11fcb33a0051e48874fbdaa8fffed24480f97170156f890ad7d90a4dea4d,1,94,354,36,8,,,,,,,24.948841536000145
b2,disjunctedExistence/0018.trace,disjunctedExistence,atlas-b,2786837aa8a2b43607b5445f018ad5814e357ff5849f7ef8b11bb649c131a26b,0ef52dddff9ea1c4f1d65b34f23e7b528a2f8e9e,36,2,0,8,5,400,68,5,5,5.0,,MIN_EXPANDED_SIZE,TIMEOUT,180.31192247500076,IN_PROGRESS,TRANSLATED_ONLY,TRANSLATE_ONLY,1,42540,3925947,13010609,,,153025,1,e0227a0b6f7abaecf567bb099bd1b169d252f6db26d00a02b098471b82030da2,,,,,,,,,,,,24.150447204000557
b2,disjunctedExistence/0018.trace,disjunctedExistence,macro,2786837aa8a2b43607b5445f018ad5814e357ff5849f7ef8b11bb649c131a26b,0ef52dddff9ea1c4f1d65b34f23e7b528a2f8e9e,36,2,0,8,5,400,68,5,5,5.0,,MIN_EXPANDED_SIZE,TIMEOUT,180.2763105439999,IN_PROGRESS,TRANSLATED_ONLY,TRANSLATE_ONLY,1,78465,4467071,9519901,,,175639,1,cc7c8d3ef33a876edfc54f6674e21e18750d5b532362d5a0ca7cbc603f8f622d,1,94,354,36,8,,,,,,,29.85808489700048
b2,disjunctedExistence/0021.trace,disjunctedExistence,atlas-b,7c153275999711b89ac7dfe3272080e06f4dfd9607e4c22582b295b2e6a11951,0ef52dddff9ea1c4f1d65b34f23e7b528a2f8e9e,36,2,0,8,5,500,107,5,5,5.0,,MIN_EXPANDED_SIZE,TIMEOUT,180.4078343910005,IN_PROGRESS,TRANSLATED_ONLY,TRANSLATE_ONLY,1,55050,5088265,16862338,,,197751,1,9534addb68e5f2d164b031d77aba659de97ce9090c50a95d2e5fe98e581dbcc2,,,,,,,,,,,,25.149986415000058
b2,disjunctedExistence/0021.trace,disjunctedExistence,macro,7c153275999711b89ac7dfe3272080e06f4dfd9607e4c22582b295b2e6a11951,0ef52dddff9ea1c4f1d65b34f23e7b528a2f8e9e,36,2,0,8,5,500,107,5,5,5.0,,MIN_EXPANDED_SIZE,TIMEOUT,180.3103649059999,IN_PROGRESS,TRANSLATED_ONLY,TRANSLATE_ONLY,1,101202,5786797,12341475,,,217295,1,a4eaf080413cc9be7ef275bbc7201aeaa1e99603a8cb180db96eb67aef884c05,1,94,354,36,8,,,,,,,42.830255198000486
b2,disjunctedExistence/0030.trace,disjunctedExistence,atlas-b,7a1d604605f878c29bb0e1f081fe5a726c71f72c25561513fbfd9911cf196c55,0ef52dddff9ea1c4f1d65b34f23e7b528a2f8e9e,11,2,0,8,4,150,1,5,5,5.0,,MIN_EXPANDED_SIZE,SAT,12.581755659999544,PASSED,REUSED_E4,E4_REUSED,0,13203,1199415,3957497,,,44228,1,bec8cb13f2e94c9c85851f1548842f93b0b4ac48897bce4df1d6f6b8897e446e,,,,,8,,,,,,,0
b2,disjunctedExistence/0030.trace,disjunctedExistence,macro,7a1d604605f878c29bb0e1f081fe5a726c71f72c25561513fbfd9911cf196c55,0ef52dddff9ea1c4f1d65b34f23e7b528a2f8e9e,11,2,0,8,4,150,1,5,5,5.0,,MIN_EXPANDED_SIZE,SAT,29.843372293000357,PASSED,REUSED_E4,E4_REUSED,0,26317,1422375,3007145,,,83589,1,48ab564f2f0b7a5ee3b10e1e842a57af15c787b020f3ad9c555429dc033018d3,1,44,104,36,8,2,0.3333333333333333,1,3,3,,0
b2,disjunctedExistence/0033.trace,disjunctedExistence,atlas-b,95c06178b9635bd4227fa1fa0f326005487fab0b66adb0640602f7a9493351ca,0ef52dddff9ea1c4f1d65b34f23e7b528a2f8e9e,11,2,0,8,4,200,1,5,5,5.0,,MIN_EXPANDED_SIZE,SAT,15.41298906999998,PASSED,REUSED_E4,E4_REUSED,0,17453,1593165,5256647,,,58078,1,cd3b0591554bd86e31573121e5d43f62dc6b930f3ccca2a033f42691578d9c18,,,,,8,,,,,,,0
b2,disjunctedExistence/0033.trace,disjunctedExistence,macro,95c06178b9635bd4227fa1fa0f326005487fab0b66adb0640602f7a9493351ca,0ef52dddff9ea1c4f1d65b34f23e7b528a2f8e9e,11,2,0,8,4,200,1,5,5,5.0,,MIN_EXPANDED_SIZE,SAT,74.58280682199984,PASSED,REUSED_E4,E4_REUSED,0,34204,1888726,4019000,,,98819,1,470bd99f5b270b11aa8e887ef64499d4a4e8b18adaad4e3499fa1234fd5e94a4,1,44,104,36,8,2,0.3333333333333333,1,3,3,,0
b2,disjunctedExistence/0036.trace,disjunctedExistence,atlas-b,42bd2fd48168a346de5a4a580a801bd6fa28548f4a7dfc831b33916167f8b112,0ef52dddff9ea1c4f1d65b34f23e7b528a2f8e9e,11,2,0,8,4,250,1,5,5,5.0,,MIN_EXPANDED_SIZE,SAT,21.068251608001447,PASSED,REUSED_E4,E4_REUSED,0,21703,1986915,6555797,,,71928,1,4537d150fde90efcabde3cb478bd5482b8997b9a8f0bb24b2be22948bfb33b5c,,,,,8,,,,,,,0
b2,disjunctedExistence/0036.trace,disjunctedExistence,macro,42bd2fd48168a346de5a4a580a801bd6fa28548f4a7dfc831b33916167f8b112,0ef52dddff9ea1c4f1d65b34f23e7b528a2f8e9e,11,2,0,8,4,250,1,5,5,5.0,,MIN_EXPANDED_SIZE,SAT,82.7674137009999,PASSED,REUSED_E4,E4_REUSED,0,42520,2353188,4981566,,,109923,1,f2323c3b2742c9f1a85d9002180aa98feb12abe844c231b8b6e1a16227ff49a7,1,44,104,36,8,2,0.3333333333333333,1,3,3,,0
b2,disjunctedExistence/0042.trace,disjunctedExistence,atlas-b,9ee4956bd881e7a72108246ac4fc1142fe4988a926d88d267b8cea0f358f6732,0ef52dddff9ea1c4f1d65b34f23e7b528a2f8e9e,11,2,0,8,4,400,2,5,5,5.0,,MIN_EXPANDED_SIZE,TIMEOUT,180.30030724500102,IN_PROGRESS,TRANSLATED_ONLY,TRANSLATE_ONLY,1,34538,3176041,10479232,,,113753,1,50efba9ab4ce80ff23ecf90ff56b5c09e45e47f53cdd6db7580df44287558858,,,,,,,,,,,,14.133572337999794
b2,disjunctedExistence/0042.trace,disjunctedExistence,macro,9ee4956bd881e7a72108246ac4fc1142fe4988a926d88d267b8cea0f358f6732,0ef52dddff9ea1c4f1d65b34f23e7b528a2f8e9e,11,2,0,8,4,400,2,5,5,5.0,,MIN_EXPANDED_SIZE,SAT,90.76548282499971,PASSED,REUSED_E4,E4_REUSED,0,67270,3801376,8089966,,,144162,1,4764b97176ec089fd27cd364fcf08f467fc0881254945ddd14d8f05ce62a8a64,1,44,104,36,8,2,0.3333333333333333,1,3,3,,0
b2,disjunctedExistence/0045.trace,disjunctedExistence,atlas-b,fbf7c42f8d1e5dd6310dd6068d655e08723527693bff2083f7ff09be97c3299e,0ef52dddff9ea1c4f1d65b34f23e7b528a2f8e9e,11,2,0,8,4,500,1,5,5,5.0,,MIN_EXPANDED_SIZE,SAT,44.69952285200088,PASSED,REUSED_E4,E4_REUSED,0,42953,3955665,13051547,,,141178,1,3162ff4957ca27bccff1a11ebad899f556fa0860d33ddba506145d4981161036,,,,,8,,,,,,,0
b2,disjunctedExistence/0045.trace,disjunctedExistence,macro,fbf7c42f8d1e5dd6310dd6068d655e08723527693bff2083f7ff09be97c3299e,0ef52dddff9ea1c4f1d65b34f23e7b528a2f8e9e,11,2,0,8,4,500,1,5,5,5.0,,MIN_EXPANDED_SIZE,SAT,167.74269750699978,PASSED,REUSED_E4,E4_REUSED,0,83440,4711254,9999052,,,170511,1,bc7bd0ff72c12a97e197c3757bbb64836223d2233190f7ba62a53fe9f8c2c746,1,44,104,36,8,2,0.3333333333333333,1,3,3,,0
b2,disjunctedExistence/0048.trace,disjunctedExistence,atlas-b,f40572e52f00c672d689de94400867426882c00278f9ad24fc73f6c37a203d3c,0ef52dddff9ea1c4f1d65b34f23e7b528a2f8e9e,134,2,0,8,7,50,50,5,5,5.0,,MIN_EXPANDED_SIZE,TIMEOUT,180.12098705300014,IN_PROGRESS,TRANSLATED_ONLY,TRANSLATE_ONLY,1,10536,951631,3179053,,,43605,1,7247f29d3b4448a11c7c75d6a8448db86066c17693dbc86af748a487ebd26fed,,,,,,,,,,,,5.522897243999978
b2,disjunctedExistence/0048.trace,disjunctedExistence,macro,f40572e52f00c672d689de94400867426882c00278f9ad24fc73f6c37a203d3c,0ef52dddff9ea1c4f1d65b34f23e7b528a2f8e9e,134,2,0,8,7,50,50,5,5,5.0,,MIN_EXPANDED_SIZE,TIMEOUT,180.1285541139987,IN_PROGRESS,TRANSLATED_ONLY,TRANSLATE_ONLY,1,18190,970630,2069724,,,74287,1,435dc376bb5b30da189ca4276ca922cbb3a2fa61d901e483d1c00ae0ec5129d2,1,149,1334,36,8,,,,,,,9.683113707000302
b2,disjunctedExistence/0049.trace,disjunctedExistence,atlas-b,2f22c240859e2b9d49a99537712e8ad7f7de4cca881491e6a5f51d9d9739dc34,0ef52dddff9ea1c4f1d65b34f23e7b528a2f8e9e,134,2,0,8,7,2,50,10,10,10.0,,MIN_EXPANDED_SIZE,SAT,20.604393842000036,PASSED,REUSED_E4,E4_REUSED,0,13536,1842243,6357721,,,40330,1,fe88eec4b2627e3c85fd029bb8206f243e7a7b59531354e4a769fb878eb64f7a,,,,,8,,,,,,,0
b2,disjunctedExistence/0049.trace,disjunctedExistence,macro,2f22c240859e2b9d49a99537712e8ad7f7de4cca881491e6a5f51d9d9739dc34,0ef52dddff9ea1c4f1d65b34f23e7b528a2f8e9e,134,2,0,8,7,2,50,10,10,10.0,,MIN_EXPANDED_SIZE,SAT,89.08586513599948,PASSED,REUSED_E4,E4_REUSED,0,19186,1142590,2743240,,,98993,1,e4848fbecb954680d913fdfcbcd6634206426ded79787c51f7b216fd4cf9256d,1,310,1334,46,8,2,0.6666666666666666,1,3,3,,0
b2,disjunctedExistence/0051.trace,disjunctedExistence,atlas-b,aa52387a1981bbc65e2191e92595db67c0d9ea3192605a3b1c6cb022ebccd084,0ef52dddff9ea1c4f1d65b34f23e7b528a2f8e9e,134,2,0,8,7,100,100,5,5,5.0,,MIN_EXPANDED_SIZE,TIMEOUT,180.1900143419989,IN_PROGRESS,TRANSLATED_ONLY,TRANSLATE_ONLY,1,20536,1885231,6295503,,,84705,1,ac02bda906ff995b35d8f9073b221592343185184e1b167907b0a98304ced1be,,,,,,,,,,,,10.530955960999563
b2,disjunctedExistence/0051.trace,disjunctedExistence,macro,aa52387a1981bbc65e2191e92595db67c0d9ea3192605a3b1c6cb022ebccd084,0ef52dddff9ea1c4f1d65b34f23e7b528a2f8e9e,134,2,0,8,7,100,100,5,5,5.0,,MIN_EXPANDED_SIZE,TIMEOUT,180.21742906999953,IN_PROGRESS,TRANSLATED_ONLY,TRANSLATE_ONLY,1,34525,1933771,4139553,,,120204,1,5058ef6e823a8bb7f2aba823b016c74b9020f2658d0fdcc6825fb0fe95d03250,1,149,1334,36,8,,,,,,,14.684846793999895
b2,disjunctedExistence/0054.trace,disjunctedExistence,atlas-b,092edbe817520f3dea1c1708f793a024f854f6785c11b969e7cc80168bfe7282,0ef52dddff9ea1c4f1d65b34f23e7b528a2f8e9e,134,2,0,8,7,150,150,5,5,5.0,,MIN_EXPANDED_SIZE,TIMEOUT,180.22036415499952,IN_PROGRESS,TRANSLATED_ONLY,TRANSLATE_ONLY,1,30536,2818831,9411953,,,125905,1,4a2c09b2e505894bd8f537ee44be41b254a742a9a14206e8a42930e6bc3a5f93,,,,,,,,,,,,14.937195301999964
b2,disjunctedExistence/0054.trace,disjunctedExistence,macro,092edbe817520f3dea1c1708f793a024f854f6785c11b969e7cc80168bfe7282,0ef52dddff9ea1c4f1d65b34f23e7b528a2f8e9e,134,2,0,8,7,150,150,5,5,5.0,,MIN_EXPANDED_SIZE,TIMEOUT,180.21212921799997,IN_PROGRESS,TRANSLATED_ONLY,TRANSLATE_ONLY,1,51157,2874187,6107753,,,150454,1,76cd8edb6b2aa729e78454de02a54093ab1f17f680aa860c73281dbb0bf3d77b,1,149,1334,36,8,,,,,,,21.595309328999974
b2,disjunctedExistence/0055.trace,disjunctedExistence,atlas-b,c94e259027212905fc24057176069edd3844cda7b23707d016f228c9db37693c,0ef52dddff9ea1c4f1d65b34f23e7b528a2f8e9e,134,2,0,8,7,3,150,10,10,10.0,,MIN_EXPANDED_SIZE,TIMEOUT,180.38369627499992,IN_PROGRESS,TRANSLATED_ONLY,TRANSLATE_ONLY,1,38786,5385424,18584780,,,113705,1,2b2fab2a769aee1aabb6b063bf9a35740022b240bdb2292ec0301f51ef33d0b2,,,,,,,,,,,,24.25241258599999
b2,disjunctedExistence/0055.trace,disjunctedExistence,macro,c94e259027212905fc24057176069edd3844cda7b23707d016f228c9db37693c,0ef52dddff9ea1c4f1d65b34f23e7b528a2f8e9e,134,2,0,8,7,3,150,10,10,10.0,,MIN_EXPANDED_SIZE,TIMEOUT,180.27245468799993,IN_PROGRESS,TRANSLATED_ONLY,TRANSLATE_ONLY,1,52516,3327589,7977627,,,147432,1,61905ac643559c0610391983f74b67126660d0231ec7fb0861ffd5c6d8dd22bb,1,310,1334,46,8,,,,,,,24.502067303999866
b2,disjunctedExistence/0057.trace,disjunctedExistence,atlas-b,6e6462f56f7be1474c46e342cd9b52c0e2b197772fd4f9243e9ad16e47672048,0ef52dddff9ea1c4f1d65b34f23e7b528a2f8e9e,134,2,0,8,7,200,200,5,5,5.0,,MIN_EXPANDED_SIZE,TIMEOUT,180.32147379900016,IN_PROGRESS,TRANSLATED_ONLY,TRANSLATE_ONLY,1,40536,3752431,12528403,,,167105,1,1ed1407f883509b6880d004a0b959ac9bbb54ddc81190bbd6f10fd3a6a484bb4,,,,,,,,,,,,18.342155375999937
b2,disjunctedExistence/0057.trace,disjunctedExistence,macro,6e6462f56f7be1474c46e342cd9b52c0e2b197772fd4f9243e9ad16e47672048,0ef52dddff9ea1c4f1d65b34f23e7b528a2f8e9e,134,2,0,8,7,200,200,5,5,5.0,,MIN_EXPANDED_SIZE,TIMEOUT,180.20309165800018,IN_PROGRESS,TRANSLATED_ONLY,TRANSLATE_ONLY,1,67690,3836474,8156380,,,187356,1,16db640069529f9987422fd00708c5112ef6fe1e2dc1c5540beabe2e0b22fcde,1,149,1334,36,8,,,,,,,28.45478838299914
b2,disjunctedExistence/0058.trace,disjunctedExistence,atlas-b,536d0e502da77b68bdba3a5dfb2a835e378bb339a49182a1519300259a4e8af8,0ef52dddff9ea1c4f1d65b34f23e7b528a2f8e9e,134,2,0,8,7,2,200,10,10,10.0,,MIN_EXPANDED_SIZE,SAT,65.34249659299985,PASSED,REUSED_E4,E4_REUSED,0,51036,7104393,24516721,,,149330,1,cbd3b1adb716ecc6d349574ecca2769d4b998d2649c019400ef0c4884a656c75,,,,,8,,,,,,,0
b2,disjunctedExistence/0058.trace,disjunctedExistence,macro,536d0e502da77b68bdba3a5dfb2a835e378bb339a49182a1519300259a4e8af8,0ef52dddff9ea1c4f1d65b34f23e7b528a2f8e9e,134,2,0,8,7,2,200,10,10,10.0,,MIN_EXPANDED_SIZE,SAT,6.409592591000546,PASSED,REUSED_E4,E4_REUSED,0,18292,374099,845407,,,120370,1,6c563c837b1acbab70d911fd51934854eff4468f46fa853128689c04ef5adb1e,1,310,1334,5,2,1,1.0,1,1,1,,0
b2,disjunctedExistence/0060.trace,disjunctedExistence,atlas-b,ae8c721ccca0c09bb1caaa404fe38187b88082487b2dd912873a54f1110e35d3,0ef52dddff9ea1c4f1d65b34f23e7b528a2f8e9e,134,2,0,8,7,250,250,5,5,5.0,,MIN_EXPANDED_SIZE,TIMEOUT,180.29093181999997,IN_PROGRESS,TRANSLATED_ONLY,TRANSLATE_ONLY,1,50536,4686031,15644853,,,208305,1,532ab3dc95efc33b19c1a421a4df6a8bc5795dd9f7421d6a0ba16774480d965e,,,,,,,,,,,,21.647120470000118
b2,disjunctedExistence/0060.trace,disjunctedExistence,macro,ae8c721ccca0c09bb1caaa404fe38187b88082487b2dd912873a54f1110e35d3,0ef52dddff9ea1c4f1d65b34f23e7b528a2f8e9e,134,2,0,8,7,250,250,5,5,5.0,,MIN_EXPANDED_SIZE,TIMEOUT,180.2531725989993,IN_PROGRESS,TRANSLATED_ONLY,TRANSLATE_ONLY,1,84190,4780866,10162500,,,225307,1,ca68db7f08c4cbac41a1cdf63f1238a002b51a9891dfec5885f5b8284bfb951b,1,149,1334,36,8,,,,,,,34.86554526300006
b2,disjunctedExistence/0061.trace,disjunctedExistence,atlas-b,05796686e3c55d78c6963abdea7159548834606d6e6ce6ea7e70e2122c847d73,0ef52dddff9ea1c4f1d65b34f23e7b528a2f8e9e,134,2,0,8,7,4,250,10,10,10.0,,MIN_EXPANDED_SIZE,TIMEOUT,180.60232817799988,IN_PROGRESS,TRANSLATED_ONLY,TRANSLATE_ONLY,1,64036,8928605,30811839,,,187130,1,c7bfbb191af9cc9856870a3b2153e307a1b8dc29041d44458dbe76c9d2d7885b,,,,,,,,,,,,49.395365043999846
b2,disjunctedExistence/0061.trace,disjunctedExistence,macro,05796686e3c55d78c6963abdea7159548834606d6e6ce6ea7e70e2122c847d73,0ef52dddff9ea1c4f1d65b34f23e7b528a2f8e9e,134,2,0,8,7,4,250,10,10,10.0,,MIN_EXPANDED_SIZE,TIMEOUT,180.38157655400028,IN_PROGRESS,TRANSLATED_ONLY,TRANSLATE_ONLY,1,85846,5497072,13189046,,,196723,1,33568f4c544959a7c596e0b66a09b8e52144a144921f98afd9e5e57d25fc3b0d,1,310,1334,46,8,,,,,,,38.269781114999205
b2,disjunctedExistence/0063.trace,disjunctedExistence,atlas-b,626d67f59fe04a454da0de7737bf2ad85b99392a408360b738091701b07475ab,0ef52dddff9ea1c4f1d65b34f23e7b528a2f8e9e,134,2,0,8,7,300,300,5,5,5.0,,MIN_EXPANDED_SIZE,TIMEOUT,180.45793356099966,IN_PROGRESS,TRANSLATED_ONLY,TRANSLATE_ONLY,1,60536,5619631,18761303,,,249505,1,27b3b238452e7ce8e390238d334732fa86f27a88bbf6a44e4cd8d67579855f18,,,,,,,,,,,,29.804377891000513
b2,disjunctedExistence/0063.trace,disjunctedExistence,macro,626d67f59fe04a454da0de7737bf2ad85b99392a408360b738091701b07475ab,0ef52dddff9ea1c4f1d65b34f23e7b528a2f8e9e,134,2,0,8,7,300,300,5,5,5.0,,MIN_EXPANDED_SIZE,TIMEOUT,180.35328835700057,IN_PROGRESS,TRANSLATED_ONLY,TRANSLATE_ONLY,1,100459,5722571,12144517,,,267487,1,c4b5137ca51419bb814c5e1d24584d00f8326a7b077ea7fc0002d9b2e9a5d76a,1,149,1334,36,8,,,,,,,39.021799481000016
b2,disjunctedExistence/0064.trace,disjunctedExistence,atlas-b,fc617b191fd4d845769d17e2dd10f4af437581f59ee25a7839c6dec061cc113e,0ef52dddff9ea1c4f1d65b34f23e7b528a2f8e9e,134,2,0,8,7,7,300,10,10,10.0,,MIN_EXPANDED_SIZE,TIMEOUT,180.3026005900001,IN_PROGRESS,TIMEOUT,TRANSLATE_ONLY,1,,,,,,225655,1,0d260f8543eb83bf50f940cac1afcddaf0245ba32555539f4272dc7f56c8bd29,,,,,,,,,,,CNF translation timed out: baseline_scope_8_bound_0.als,180.25490402500054
b2,disjunctedExistence/0064.trace,disjunctedExistence,macro,fc617b191fd4d845769d17e2dd10f4af437581f59ee25a7839c6dec061cc113e,0ef52dddff9ea1c4f1d65b34f23e7b528a2f8e9e,134,2,0,8,7,7,300,10,10,10.0,,MIN_EXPANDED_SIZE,TIMEOUT,180.4265580629999,IN_PROGRESS,TRANSLATED_ONLY,TRANSLATE_ONLY,1,103270,6680667,16043131,,,236308,1,1edaa8f48bf420e0e3867d74de9bafdf701c61231865cd97bb125a67adde7d5f,1,310,1334,46,8,,,,,,,47.33689321299971
b2,disjunctedExistence/0066.trace,disjunctedExistence,atlas-b,43d4cd6a258fce14a544ddfc107ce97e4591d36af4a6b020ee012f67194b5a6f,0ef52dddff9ea1c4f1d65b34f23e7b528a2f8e9e,134,2,0,8,7,400,400,5,5,5.0,,MIN_EXPANDED_SIZE,TIMEOUT,180.4903877149991,IN_PROGRESS,TRANSLATED_ONLY,TRANSLATE_ONLY,1,80536,7486831,24994203,,,331905,1,8e9913cf25a2d134e56db520e162c8ab29df32359f121ba825d266680130a703,,,,,,,,,,,,42.67173283699958
b2,disjunctedExistence/0066.trace,disjunctedExistence,macro,43d4cd6a258fce14a544ddfc107ce97e4591d36af4a6b020ee012f67194b5a6f,0ef52dddff9ea1c4f1d65b34f23e7b528a2f8e9e,134,2,0,8,7,400,400,5,5,5.0,,MIN_EXPANDED_SIZE,TIMEOUT,180.4006281410002,IN_PROGRESS,TRANSLATED_ONLY,TRANSLATE_ONLY,1,133558,7609350,16150232,,,337772,1,769c9360f4e21ee814482b3049292926541eb6954d27f9a2f8bd2411cdada2c1,1,149,1334,36,8,,,,,,,56.74397197899998
b2,disjunctedExistence/0067.trace,disjunctedExistence,atlas-b,91d865176d70910e5658d0568f6799c7fd07c31c47b1eea93804f38bf3e5376c,0ef52dddff9ea1c4f1d65b34f23e7b528a2f8e9e,134,2,0,8,7,8,400,10,10,10.0,,MIN_EXPANDED_SIZE,TIMEOUT,180.3308744749993,IN_PROGRESS,TIMEOUT,TRANSLATE_ONLY,1,,,,,,299080,1,406af451c915ebda6835e18c3d7e6fd3a9ae29211ac6f50e39e1763c08852658,,,,,,,,,,,CNF translation timed out: baseline_scope_8_bound_0.als,180.26501465699948
b2,disjunctedExistence/0067.trace,disjunctedExistence,macro,91d865176d70910e5658d0568f6799c7fd07c31c47b1eea93804f38bf3e5376c,0ef52dddff9ea1c4f1d65b34f23e7b528a2f8e9e,134,2,0,8,7,8,400,10,10,10.0,,MIN_EXPANDED_SIZE,TIMEOUT,180.45799596299912,IN_PROGRESS,TRANSLATED_ONLY,TRANSLATE_ONLY,1,136534,8857614,21289502,,,292875,1,8b1cefaad67fdfce010672ec966d46e5abe8669541c973db8c50034f4c221aea,1,310,1334,46,8,,,,,,,68.01810135800042
b2,disjunctedExistence/0069.trace,disjunctedExistence,atlas-b,622819d40ba94df8d8abeb6b955778f2a23b50fbe826af1277da478a3864b519,0ef52dddff9ea1c4f1d65b34f23e7b528a2f8e9e,134,2,0,8,7,500,500,5,5,5.0,,MIN_EXPANDED_SIZE,TIMEOUT,180.3755558969999,IN_PROGRESS,TIMEOUT,TRANSLATE_ONLY,1,,,,,,414305,1,6e9d26c12d0c8c0ab603f5eba156dddfd3c7e993abd59b26d8d5d595a27ff6a5,,,,,,,,,,,CNF translation timed out: baseline_scope_8_bound_0.als,180.2840373879999
b2,disjunctedExistence/0069.trace,disjunctedExistence,macro,622819d40ba94df8d8abeb6b955778f2a23b50fbe826af1277da478a3864b519,0ef52dddff9ea1c4f1d65b34f23e7b528a2f8e9e,134,2,0,8,7,500,500,5,5,5.0,,MIN_EXPANDED_SIZE,TIMEOUT,180.54882674200053,IN_PROGRESS,TRANSLATED_ONLY,TRANSLATE_ONLY,1,166327,9544223,20268405,,,419771,1,5b9fb33c24509c1dffe1741c2635360dc7efa69a88a1dab59663131cfc5591fe,1,149,1334,36,8,,,,,,,73.27087396600018
b2,disjunctedExistence/0070.trace,disjunctedExistence,atlas-b,0cfd956822f9adddc5db2a29649255f2a901633e32f3a021d3575c9899d300fe,0ef52dddff9ea1c4f1d65b34f23e7b528a2f8e9e,134,2,0,8,7,9,500,10,10,10.0,,MIN_EXPANDED_SIZE,TIMEOUT,180.4395075020002,IN_PROGRESS,TIMEOUT,TRANSLATE_ONLY,1,,,,,,372505,1,0bd83f0c44896a0ec1d9a5b949d8abfc0589bb1831edecbb59d2afee8c0bfe74,,,,,,,,,,,CNF translation timed out: baseline_scope_8_bound_0.als,180.30985262600007
b2,disjunctedExistence/0070.trace,disjunctedExistence,macro,0cfd956822f9adddc5db2a29649255f2a901633e32f3a021d3575c9899d300fe,0ef52dddff9ea1c4f1d65b34f23e7b528a2f8e9e,134,2,0,8,7,9,500,10,10,10.0,,MIN_EXPANDED_SIZE,TIMEOUT,180.49940114699984,IN_PROGRESS,TRANSLATED_ONLY,TRANSLATE_ONLY,1,169930,10988385,26353289,,,335567,1,499df8aff9197124a1e93d2c9e575a0475f78de558cb219ac8e0ee1626151cdf,1,310,1334,46,8,,,,,,,90.25293352100016
b2,equal/0001.trace,equal,atlas-b,d49246fb746c17e1586e2867db0b38c03500efb47fb5651cf4883b43a0b95c1e,0ef52dddff9ea1c4f1d65b34f23e7b528a2f8e9e,10,2,0,8,3,100,100,5,5,5.0,,MIN_EXPANDED_SIZE,TIMEOUT,180.1490040940007,IN_PROGRESS,TRANSLATED_ONLY,TRANSLATE_ONLY,1,16320,1485955,4878344,,,48689,1,37e70181e55f9c4459e5cabf7459c7d627810376b4c29b0ba7ee1c7b5b2b7b72,,,,,,,,,,,,7.924740612999813
b2,equal/0001.trace,equal,macro,d49246fb746c17e1586e2867db0b38c03500efb47fb5651cf4883b43a0b95c1e,0ef52dddff9ea1c4f1d65b34f23e7b528a2f8e9e,10,2,0,8,3,100,100,5,5,5.0,,MIN_EXPANDED_SIZE,TIMEOUT,180.16416968399972,IN_PROGRESS,TRANSLATED_ONLY,TRANSLATE_ONLY,1,34064,1857708,3928406,,,97020,1,854b86588f13c4c2c0dee10c937ff8e985e289be43acf59d7198799e63e20f5b,1,42,94,36,8,,,,,,,13.78389771000002
b2,equal/0002.trace,equal,atlas-b,c4c504b73ecfe3051e9f57b0451084de14d0e5758787b689f5de361e371bbb0f,0ef52dddff9ea1c4f1d65b34f23e7b528a2f8e9e,10,2,0,8,3,10,10,5,5,5.0,,MIN_EXPANDED_SIZE,TIMEOUT,180.0595046020003,IN_PROGRESS,TRANSLATED_ONLY,TRANSLATE_ONLY,1,1920,156117,512176,,,7109,1,5fd9b2a0d68f95384c0cd1e740ca25126c2fc38ee4d4170645a35c8282d59ca8,,,,,,,,,,,,1.2158174640007928
b2,equal/0002.trace,equal,macro,c4c504b73ecfe3051e9f57b0451084de14d0e5758787b689f5de361e371bbb0f,0ef52dddff9ea1c4f1d65b34f23e7b528a2f8e9e,10,2,0,8,3,10,10,5,5,5.0,,MIN_EXPANDED_SIZE,TIMEOUT,180.06128597499992,IN_PROGRESS,TRANSLATED_ONLY,TRANSLATE_ONLY,1,4991,206427,446597,,,36963,1,a12754047f1ba11d17d8ec67cd20d8c0b60d3822c811d1ed38f1b52fd7ce7925,1,42,94,36,8,,,,,,,2.9683591109996996
b2,equal/0003.trace,equal,atlas-b,a54af567df01635ac7e9ab2c69fccc5dfbe7036e61a5ece6e8b14f34a75d81f1,0ef52dddff9ea1c4f1d65b34f23e7b528a2f8e9e,10,2,0,8,3,150,150,5,5,5.0,,MIN_EXPANDED_SIZE,TIMEOUT,180.24308133999875,IN_PROGRESS,TRANSLATED_ONLY,TRANSLATE_ONLY,1,24320,2224757,7303996,,,71889,1,7df6fb94b290cb9d99b7af3e943c8ff2cc6c8dc567e55ed2128162a3e1047a91,,,,,,,,,,,,8.676641164999637
b2,equal/0003.trace,equal,macro,a54af567df01635ac7e9ab2c69fccc5dfbe7036e61a5ece6e8b14f34a75d81f1,0ef52dddff9ea1c4f1d65b34f23e7b528a2f8e9e,10,2,0,8,3,150,150,5,5,5.0,,MIN_EXPANDED_SIZE,TIMEOUT,180.2732904429995,IN_PROGRESS,TRANSLATED_ONLY,TRANSLATE_ONLY,1,49607,2741124,5786206,,,110180,1,0fc707fb55e162c1227041589d5e15c94e0582a6e0183d6926621c94d3026235,1,42,94,36,8,,,,,,,18.092074543999843
b2,equal/0004.trace,equal,atlas-b,332954efe6beae93332a9411a11e213582f0e3d5fca888d0efe93f8cb778dcdd,0ef52dddff9ea1c4f1d65b34f23e7b528a2f8e9e,10,2,0,8,3,200,200,5,5,5.0,,MIN_EXPANDED_SIZE,TIMEOUT,180.25215527799992,IN_PROGRESS,TRANSLATED_ONLY,TRANSLATE_ONLY,1,32320,2963556,9729645,,,95089,1,4666ba472fc6b05a5bb8e595a28801cc01ad03bcdc20764165b58474cf241524,,,,,,,,,,,,14.584464775000015
b2,equal/0004.trace,equal,macro,332954efe6beae93332a9411a11e213582f0e3d5fca888d0efe93f8cb778dcdd,0ef52dddff9ea1c4f1d65b34f23e7b528a2f8e9e,10,2,0,8,3,200,200,5,5,5.0,,MIN_EXPANDED_SIZE,TIMEOUT,180.310413789,IN_PROGRESS,TRANSLATED_ONLY,TRANSLATE_ONLY,1,65447,3669855,7786801,,,136250,1,b7985db5353a50619987c19b260a5a9f5ffba79fe0b5fd1ff78876220790a017,1,42,94,36,8,,,,,,,23.697079378000126
b2,equal/0005.trace,equal,atlas-b,86453d0b027578128918dd8e6850374eed8381f32b6ec05b52993568e47b4517,0ef52dddff9ea1c4f1d65b34f23e7b528a2f8e9e,10,2,0,8,3,500,500,5,5,5.0,,MIN_EXPANDED_SIZE,TIMEOUT,180.4603380260014,IN_PROGRESS,TRANSLATED_ONLY,TRANSLATE_ONLY,1,80320,7396357,24283546,,,234289,1,91c42bcc2507d9ef0f72feae31b8783c5851ea4710a689baae028eccb406109c,,,,,,,,,,,,45.17343580800025
b2,equal/0005.trace,equal,macro,86453d0b027578128918dd8e6850374eed8381f32b6ec05b52993568e47b4517,0ef52dddff9ea1c4f1d65b34f23e7b528a2f8e9e,10,2,0,8,3,500,500,5,5,5.0,,MIN_EXPANDED_SIZE,TIMEOUT,180.4672987920003,IN_PROGRESS,TRANSLATED_ONLY,TRANSLATE_ONLY,1,160817,9099200,19231731,,,257533,1,4245f0415ae7438088ce84f0a9b208d7cfe1d924763d6ab93b7163dd7f3512b1,1,42,94,36,8,,,,,,,64.87482940100017
b2,equal/0006.trace,equal,atlas-b,32a25bd96a241f1fd10f4bf5f991f6898b65b0e7799fc6e658adc867dfe067f8,0ef52dddff9ea1c4f1d65b34f23e7b528a2f8e9e,10,2,0,8,3,50,50,5,5,5.0,,MIN_EXPANDED_SIZE,TIMEOUT,180.10905697400085,IN_PROGRESS,TRANSLATED_ONLY,TRANSLATE_ONLY,1,8320,747157,2452696,,,25589,1,9e68c4a9b6928cc1a6025f4b736687084eca6ed1a0f36e636c528bd965a19769,,,,,,,,,,,,3.969593562999762
b2,equal/0006.trace,equal,macro,32a25bd96a241f1fd10f4bf5f991f6898b65b0e7799fc6e658adc867dfe067f8,0ef52dddff9ea1c4f1d65b34f23e7b528a2f8e9e,10,2,0,8,3,50,50,5,5,5.0,,MIN_EXPANDED_SIZE,TIMEOUT,180.17258744399987,IN_PROGRESS,TRANSLATED_ONLY,TRANSLATE_ONLY,1,17564,923820,1952702,,,65172,1,442a41c4690aa21fceb6f2a3b347a30188182a110e2eff66b9b7435dff8ff21b,1,42,94,36,8,,,,,,,7.87719250400005
b2,equal/0007.trace,equal,atlas-b,4cf75674988206dfe295cc17eb52615507e429ed7c80ed604edc779cb7eb2ca0,0ef52dddff9ea1c4f1d65b34f23e7b528a2f8e9e,10,2,0,8,3,5,5,5,5,5.0,,MIN_EXPANDED_SIZE,SAT,1.9884335639999335,PASSED,REUSED_E4,E4_REUSED,0,1120,82237,269611,,,4809,1,fa0e4965187df8079455a9547caf276fdb51af57dbcfd9a5878575a943c796c3,,,,,8,,,,,,,0
b2,equal/0007.trace,equal,macro,4cf75674988206dfe295cc17eb52615507e429ed7c80ed604edc779cb7eb2ca0,0ef52dddff9ea1c4f1d65b34f23e7b528a2f8e9e,10,2,0,8,3,5,5,5,5,5.0,,MIN_EXPANDED_SIZE,SAT,4.258121433999804,PASSED,REUSED_E4,E4_REUSED,0,3341,114406,251984,,,30697,1,f06f068dfb0a914e92d9412acea16f2acd605ed4016650b0ddea932e653e9df3,1,42,94,36,8,2,0.2,1,4,5,,0
b2,equal/0008.trace,equal,atlas-b,68b9dbffdba5a8716cc749e502c78caaa27f683a9a081ec0950c20632e3b7341,0ef52dddff9ea1c4f1d65b34f23e7b528a2f8e9e,5,2,0,5,2,100,100,5,5,5.0,,MIN_EXPANDED_SIZE,SAT,8.4774160270008,PASSED,REUSED_E4,E4_REUSED,0,12147,724265,2300106,,,39640,1,6a3d5fcef97b20aa8ae0699bef642cb86cfe8625ca389e6680aedce597a1a0d5,,,,,5,,,,,,,0
b2,equal/0008.trace,equal,macro,68b9dbffdba5a8716cc749e502c78caaa27f683a9a081ec0950c20632e3b7341,0ef52dddff9ea1c4f1d65b34f23e7b528a2f8e9e,5,2,0,5,2,100,100,5,5,5.0,,MIN_EXPANDED_SIZE,SAT,12.368174240000371,PASSED,REUSED_E4,E4_REUSED,0,16632,834583,1675039,,,82240,1,cbfc52b5a31439ec08d46e82ec9c2ed4daf6e955ec60e81be375266a057a933b,1,32,44,28,5,1,2.0,2,1,1,,0
b2,equal/0009.trace,equal,atlas-b,cecb682b73e3226b62a99ac3addf63d43d618e3b9e585fb4806cb9656ef7825f,0ef52dddff9ea1c4f1d65b34f23e7b528a2f8e9e,5,2,0,5,2,10,10,5,5,5.0,,MIN_EXPANDED_SIZE,SAT,1.9011509400006616,PASSED,REUSED_E4,E4_REUSED,0,1347,74495,235803,,,6204,1,4a15429f6e3def16275f5d79c7607325348551e779f3d8e4ebdf0097681c9fca,,,,,5,,,,,,,0
b2,equal/0009.trace,equal,macro,cecb682b73e3226b62a99ac3addf63d43d618e3b9e585fb4806cb9656ef7825f,0ef52dddff9ea1c4f1d65b34f23e7b528a2f8e9e,5,2,0,5,2,10,10,5,5,5.0,,MIN_EXPANDED_SIZE,SAT,2.903463255999668,PASSED,REUSED_E4,E4_REUSED,0,2688,105798,217428,,,40623,1,8d72f0cd3e6a1a10221cfae4ab6a052183e3879ff5f3964d042d4718e9edcec3,1,32,44,28,5,1,2.0,2,1,1,,0
b2,equal/0010.trace,equal,atlas-b,326b6a2c71e37fa4698ac9877ad12e365e9f3169daceb9ed57a6151c7545c6d1,0ef52dddff9ea1c4f1d65b34f23e7b528a2f8e9e,5,2,0,5,2,150,150,5,5,5.0,,MIN_EXPANDED_SIZE,SAT,13.418801818000247,PASSED,REUSED_E4,E4_REUSED,0,18147,1085260,3446951,,,58354,1,c9f3953186c22abc549f5c9273c407baf513bcbd02b207bdc5ea4ca85fb093af,,,,,5,,,,,,,0
b2,equal/0010.trace,equal,macro,326b6a2c71e37fa4698ac9877ad12e365e9f3169daceb9ed57a6151c7545c6d1,0ef52dddff9ea1c4f1d65b34f23e7b528a2f8e9e,5,2,0,5,2,150,150,5,5,5.0,,MIN_EXPANDED_SIZE,SAT,14.13922082099998,PASSED,REUSED_E4,E4_REUSED,0,21924,1109324,2216157,,,91390,1,091df58be6fa79cfc3eae432e374b7d3fb9b249908da7be405a48fc306cf27f2,1,32,44,28,5,1,2.0,2,1,1,,0
b2,equal/0011.trace,equal,atlas-b,6a25bb440bd73b9db02ef82026418621ff2db1d014d247ffb4cb080dd44eaa80,0ef52dddff9ea1c4f1d65b34f23e7b528a2f8e9e,5,2,0,5,2,200,200,5,5,5.0,,MIN_EXPANDED_SIZE,SAT,13.524365386998397,PASSED,REUSED_E4,E4_REUSED,0,24147,1446245,4593786,,,76966,1,c01e75e64e88ff8c5f821409675986bb3d8b9793d64fc7220aacfcaeffc4012e,,,,,5,,,,,,,0
b2,equal/0011.trace,equal,macro,6a25bb440bd73b9db02ef82026418621ff2db1d014d247ffb4cb080dd44eaa80,0ef52dddff9ea1c4f1d65b34f23e7b528a2f8e9e,5,2,0,5,2,200,200,5,5,5.0,,MIN_EXPANDED_SIZE,SAT,21.088095518000046,PASSED,REUSED_E4,E4_REUSED,0,28161,1442275,2898825,,,100785,1,bb6bc5422ca05c1ae162672cbe37a89ed7895d6b44143d6f5ed9fcfa9e465fcb,1,32,44,28,5,1,2.0,2,1,1,,0
b2,equal/0012.trace,equal,atlas-b,402ed177efa0f193824d67aea4e5b6574cd2d2ff2f653f025cac8a94543a8a51,0ef52dddff9ea1c4f1d65b34f23e7b528a2f8e9e,5,2,0,5,2,500,500,5,5,5.0,,MIN_EXPANDED_SIZE,SAT,42.03858944000058,PASSED,REUSED_E4,E4_REUSED,0,60147,3612182,11474834,,,189090,1,b187b7c6b89c2ac5a2e4513e6df7a88e201b7ea9558ea02f0991bfdb80e3c656,,,,,5,,,,,,,0
b2,equal/0012.trace,equal,macro,402ed177efa0f193824d67aea4e5b6574cd2d2ff2f653f025cac8a94543a8a51,0ef52dddff9ea1c4f1d65b34f23e7b528a2f8e9e,5,2,0,5,2,500,500,5,5,5.0,,MIN_EXPANDED_SIZE,SAT,35.583476784000595,PASSED,REUSED_E4,E4_REUSED,0,58359,3019323,6052620,,,150465,1,df321d47ce17ec781560d0a5d3aafe5ec0a88367d3d3ad699d3a52c8ba97e306,1,32,44,28,5,1,2.0,2,1,1,,0
b2,equal/0013.trace,equal,atlas-b,8cebc4f8416d5be2c6a204cd769627cf8e59eb27115e3a87f20a6d366fcc26e9,0ef52dddff9ea1c4f1d65b34f23e7b528a2f8e9e,5,2,0,5,2,50,50,5,5,5.0,,MIN_EXPANDED_SIZE,SAT,6.986564155999076,PASSED,REUSED_E4,E4_REUSED,0,6147,363281,1153272,,,21050,1,3b216544c40ae12ca365b3ec3f63fbeaa64d4542899effa7eb18e621d16995ec,,,,,5,,,,,,,0
b2,equal/0013.trace,equal,macro,8cebc4f8416d5be2c6a204cd769627cf8e59eb27115e3a87f20a6d366fcc26e9,0ef52dddff9ea1c4f1d65b34f23e7b528a2f8e9e,5,2,0,5,2,50,50,5,5,5.0,,MIN_EXPANDED_SIZE,SAT,7.246274834999895,PASSED,REUSED_E4,E4_REUSED,0,8190,390720,781431,,,69207,1,4eea265814c1c72c050adb59fc1f5b48a97a5376168f985746626374dc8e8311,1,32,44,28,5,1,2.0,2,1,1,,0
b2,equal/0014.trace,equal,atlas-b,6bebe7d6a616c309c24c8503f0245c9ddfca89df3734c741eb461ba94ab2c090,0ef52dddff9ea1c4f1d65b34f23e7b528a2f8e9e,5,2,0,5,2,5,5,5,5,5.0,,MIN_EXPANDED_SIZE,SAT,1.29416017100084,PASSED,REUSED_E4,E4_REUSED,0,747,38396,121118,,,4354,1,ab6ec7ed09ca66fce4d85f519430daeba1a4a2606e7e3b89b96732d547a82cdc,,,,,5,,,,,,,0
b2,equal/0014.trace,equal,macro,6bebe7d6a616c309c24c8503f0245c9ddfca89df3734c741eb461ba94ab2c090,0ef52dddff9ea1c4f1d65b34f23e7b528a2f8e9e,5,2,0,5,2,5,5,5,5,5.0,,MIN_EXPANDED_SIZE,SAT,2.4183961620001355,PASSED,REUSED_E4,E4_REUSED,0,1698,54672,111160,,,22847,1,55675d0d1e268efe60e6438a326b9695aa91b308cb607b2cfea1c98c34b7e1cf,1,24,44,22,5,1,2.0,2,1,1,,0
b2,equal/0015.trace,equal,atlas-b,6a33b18c2367b297b6d09d9e44c594eb9d376ae81f2c1def6e1e3f6b14dd33eb,0ef52dddff9ea1c4f1d65b34f23e7b528a2f8e9e,18,2,0,8,3,100,100,5,5,5.0,,MIN_EXPANDED_SIZE,TIMEOUT,180.19397432700134,IN_PROGRESS,TRANSLATED_ONLY,TRANSLATE_ONLY,1,16320,1485956,4878345,,,48689,1,beea6126dcd69b569d8716804bb41091f017358a5706a5f86baa6e304d426686,,,,,,,,,,,,7.526889286999904
b2,equal/0015.trace,equal,macro,6a33b18c2367b297b6d09d9e44c594eb9d376ae81f2c1def6e1e3f6b14dd33eb,0ef52dddff9ea1c4f1d65b34f23e7b528a2f8e9e,18,2,0,8,3,100,100,5,5,5.0,,MIN_EXPANDED_SIZE,SAT,94.07383759899858,PASSED,REUSED_E4,E4_REUSED,0,33008,1806713,3824244,,,96848,1,9fe873edf38c6d2f7153eee3ef05c99d4294878c4a008d003ceae198a4354862,1,58,174,36,8,3,1.0,1,3,3,,0
b2,equal/0016.trace,equal,atlas-b,8b761ca9f997be17658c978560d3f885344a9358ad321796a7e719bfe6ce0a65,0ef52dddff9ea1c4f1d65b34f23e7b528a2f8e9e,18,2,0,8,3,10,10,5,5,5.0,,MIN_EXPANDED_SIZE,SAT,2.7642156250001335,PASSED,REUSED_E4,E4_REUSED,0,1920,156117,512176,,,7109,1,57dde53ed2d866b72e51660bf23f58a44ea852482a0df7062de6feb306fcb4ca,,,,,8,,,,,,,0
b2,equal/0016.trace,equal,macro,8b761ca9f997be17658c978560d3f885344a9358ad321796a7e719bfe6ce0a65,0ef52dddff9ea1c4f1d65b34f23e7b528a2f8e9e,18,2,0,8,3,10,10,5,5,5.0,,MIN_EXPANDED_SIZE,SAT,5.7715972619998865,PASSED,REUSED_E4,E4_REUSED,0,4991,210003,459629,,,36842,1,8e9bc1f83db0ba2d75658b35901eaca5ca6d1e30a55354fd7b5a9a80f0e24ae5,1,58,174,36,8,3,0.6666666666666666,1,3,3,,0
b2,equal/0017.trace,equal,atlas-b,415e06b8e00b1e8d4fe33da97c84cc3f295b257fedb8b3b7d229ef248830565b,0ef52dddff9ea1c4f1d65b34f23e7b528a2f8e9e,18,2,0,8,3,150,150,5,5,5.0,,MIN_EXPANDED_SIZE,SAT,89.00178762900032,PASSED,REUSED_E4,E4_REUSED,0,24320,2224754,7303993,,,71879,1,555bff0a073a8ea5c95fc075960bd667b0e48a75736c8c0dbd750e4c11449ec2,,,,,8,,,,,,,0
b2,equal/0017.trace,equal,macro,415e06b8e00b1e8d4fe33da97c84cc3f295b257fedb8b3b7d229ef248830565b,0ef52dddff9ea1c4f1d65b34f23e7b528a2f8e9e,18,2,0,8,3,150,150,5,5,5.0,,MIN_EXPANDED_SIZE,SAT,166.7267344339998,PASSED,REUSED_E4,E4_REUSED,0,48584,2698278,5713873,,,112910,1,58762f5b14818c2007357fb2974822a4fbf1189a7459b2e32c26d8b09ed1421b,1,58,174,36,8,3,1.0,2,3,3,,0
b2,equal/0018.trace,equal,atlas-b,38dbdb0155ed1902ee1ecfcc93fe20dfdb107c03d20deb11e4e6de2a806eb736,0ef52dddff9ea1c4f1d65b34f23e7b528a2f8e9e,18,2,0,8,3,200,200,5,5,5.0,,MIN_EXPANDED_SIZE,TIMEOUT,180.23740303600061,IN_PROGRESS,TRANSLATED_ONLY,TRANSLATE_ONLY,1,32320,2963556,9729645,,,95089,1,2ced0c64c15b4c7749099a255578e62e894a627f4cc6447ea794558bcf548a73,,,,,,,,,,,,13.534613437999724
b2,equal/0018.trace,equal,macro,38dbdb0155ed1902ee1ecfcc93fe20dfdb107c03d20deb11e4e6de2a806eb736,0ef52dddff9ea1c4f1d65b34f23e7b528a2f8e9e,18,2,0,8,3,200,200,5,5,5.0,,MIN_EXPANDED_SIZE,TIMEOUT,180.23073152399957,IN_PROGRESS,TRANSLATED_ONLY,TRANSLATE_ONLY,1,64424,3580234,7533660,,,137264,1,91ba6abdd0acefa5e430c947330cf2e4a280c3ab7e1bb4115b7c21801e133279,1,58,174,36,8,,,,,,,23.64998186699995
b2,equal/0019.trace,equal,atlas-b,18cc01c619b4357e619182899a50849090d84dce2cd2f99cabcf420d4f23bf10,0ef52dddff9ea1c4f1d65b34f23e7b528a2f8e9e,18,2,0,8,3,500,500,5,5,5.0,,MIN_EXPANDED_SIZE,TIMEOUT,180.4616492140001,IN_PROGRESS,TRANSLATED_ONLY,TRANSLATE_ONLY,1,80320,7396353,24283542,,,234279,1,500bd4bca3094e1ccd33043391c16af9a8358aebb27912b71856adaa3c00fe79,,,,,,,,,,,,44.8273486600001
b2,equal/0019.trace,equal,macro,18cc01c619b4357e619182899a50849090d84dce2cd2f99cabcf420d4f23bf10,0ef52dddff9ea1c4f1d65b34f23e7b528a2f8e9e,18,2,0,8,3,500,500,5,5,5.0,,MIN_EXPANDED_SIZE,TIMEOUT,180.50400916499984,IN_PROGRESS,TRANSLATED_ONLY,TRANSLATE_ONLY,1,157418,8944309,18938324,,,254401,1,49b78df65b3e01195b856143b1908b1efc1c01167ff9762b7870e3191ee042c5,1,58,174,36,8,,,,,,,66.5193613399997
b2,equal/0020.trace,equal,atlas-b,e5b5f71aaa4f83bfb89a82fcc9a1d9b77f761080bbe91790b43f8c80250f807d,0ef52dddff9ea1c4f1d65b34f23e7b528a2f8e9e,18,2,0,8,3,50,50,5,5,5.0,,MIN_EXPANDED_SIZE,TIMEOUT,180.13248956000007,IN_PROGRESS,TRANSLATED_ONLY,TRANSLATE_ONLY,1,8320,747157,2452696,,,25589,1,19e216b176fada0a27db081c814d23ae093489ff47cf26d3ef6b643f3c9419b6,,,,,,,,,,,,3.870451466999839
b2,equal/0020.trace,equal,macro,e5b5f71aaa4f83bfb89a82fcc9a1d9b77f761080bbe91790b43f8c80250f807d,0ef52dddff9ea1c4f1d65b34f23e7b528a2f8e9e,18,2,0,8,3,50,50,5,5,5.0,,MIN_EXPANDED_SIZE,SAT,64.58260168400011,PASSED,REUSED_E4,E4_REUSED,0,17465,919887,1943189,,,70225,1,d0dff93e607af79833689289542ffe040ef9e1263fe6f07c0dba99648e57f093,1,58,174,36,8,3,1.0,2,3,3,,0
b2,equal/0021.trace,equal,atlas-b,b1e3c019e26ccc9ae26b50e4aa559c39fb6fdca6d7807a00026c13cd4d3c4c3b,0ef52dddff9ea1c4f1d65b34f23e7b528a2f8e9e,18,2,0,8,3,5,5,5,5,5.0,,MIN_EXPANDED_SIZE,SAT,2.233806573000038,PASSED,REUSED_E4,E4_REUSED,0,1120,82237,269611,,,4809,1,cdcf822a435115308a5496764c4ff64268806194f67e494bd31ca546fcde3e0a,,,,,8,,,,,,,0
b2,equal/0021.trace,equal,macro,b1e3c019e26ccc9ae26b50e4aa559c39fb6fdca6d7807a00026c13cd4d3c4c3b,0ef52dddff9ea1c4f1d65b34f23e7b528a2f8e9e,18,2,0,8,3,5,5,5,5,5.0,,MIN_EXPANDED_SIZE,SAT,4.4344039699999485,PASSED,REUSED_E4,E4_REUSED,0,3341,114515,252241,,,34944,1,1f7d6baa9bd2bb51de5d15eddc8d6cebf476155c0c0e319201c44f00c0707386,1,58,174,36,8,2,0.6666666666666666,2,3,3,,0
b2,equal/0022.trace,equal,atlas-b,54aac81ee3b36bf4c2e56ccc89676b262fda5407f52f4b8283d6e29db86a8181,0ef52dddff9ea1c4f1d65b34f23e7b528a2f8e9e,6,2,0,6,3,100,100,5,5,5.0,,MIN_EXPANDED_SIZE,TIMEOUT,180.14855665199957,IN_PROGRESS,TRANSLATED_ONLY,TRANSLATE_ONLY,1,14222,995723,3219922,,,48688,1,d8e4e661aedfa9171438afe3004daaa257fdda1e7f78a678efdb3bee16295ead,,,,,,,,,,,,5.121637848999853
b2,equal/0022.trace,equal,macro,54aac81ee3b36bf4c2e56ccc89676b262fda5407f52f4b8283d6e29db86a8181,0ef52dddff9ea1c4f1d65b34f23e7b528a2f8e9e,6,2,0,6,3,100,100,5,5,5.0,,MIN_EXPANDED_SIZE,TIMEOUT,180.1292729299994,IN_PROGRESS,TRANSLATED_ONLY,TRANSLATE_ONLY,1,25341,1361672,2806061,,,88932,1,aa503251fcbf0ece68eb05b119ac9a17b4487ee0cc08f4a676d89e99c6eb00fa,1,34,54,32,6,,,,,,,10.87963627299996
b2,equal/0023.trace,equal,atlas-b,f963d51b04b474bbc92efce90577bf4747d5beb8e0bf538f00ddc3b7d4fbaf98,0ef52dddff9ea1c4f1d65b34f23e7b528a2f8e9e,6,2,0,6,3,10,10,5,5,5.0,,MIN_EXPANDED_SIZE,SAT,6.376182462000088,PASSED,REUSED_E4,E4_REUSED,0,1622,104004,335873,,,7108,1,c2ecefaf068706f628e73f4146cd1331ef5405d5f24ab39eb8cbc5ea65170d3a,,,,,6,,,,,,,0
b2,equal/0023.trace,equal,macro,f963d51b04b474bbc92efce90577bf4747d5beb8e0bf538f00ddc3b7d4fbaf98,0ef52dddff9ea1c4f1d65b34f23e7b528a2f8e9e,6,2,0,6,3,10,10,5,5,5.0,,MIN_EXPANDED_SIZE,SAT,4.546784564000063,PASSED,REUSED_E4,E4_REUSED,0,3591,147372,307237,,,35532,1,6627e312331cca4977277ac6f9bb458c22bfed43a471bfe12ef23a8c5b50e853,1,34,54,32,6,2,0.2,1,4,5,,0
b2,equal/0024.trace,equal,atlas-b,591191500853d381ffc261d6fc8335d26e1dd1db3e401462025d499293c452c7,0ef52dddff9ea1c4f1d65b34f23e7b528a2f8e9e,6,2,0,6,3,150,150,5,5,5.0,,MIN_EXPANDED_SIZE,TIMEOUT,180.18350550800096,IN_PROGRESS,TRANSLATED_ONLY,TRANSLATE_ONLY,1,21222,1491124,4822173,,,71888,1,c71fcfe7004a13d964ed0a3aecf21bf7a81235ef78e5bfc787c7667ef576935f,,,,,,,,,,,,8.979015385999446
b2,equal/0024.trace,equal,macro,591191500853d381ffc261d6fc8335d26e1dd1db3e401462025d499293c452c7,0ef52dddff9ea1c4f1d65b34f23e7b528a2f8e9e,6,2,0,6,3,150,150,5,5,5.0,,MIN_EXPANDED_SIZE,TIMEOUT,180.22791566599972,IN_PROGRESS,TRANSLATED_ONLY,TRANSLATE_ONLY,1,37541,2046918,4223025,,,112383,1,76704756dabb60a72bb4ff5e11523753e284d7a146a98d7fd999ceefc8e96589,1,34,54,32,6,,,,,,,14.634928893000506
b2,equal/0025.trace,equal,atlas-b,edb9330d0129cc0be80bf467b4cbef6358640874afff7c1a9fe9e6c3571001bc,0ef52dddff9ea1c4f1d65b34f23e7b528a2f8e9e,6,2,0,6,3,200,200,5,5,5.0,,MIN_EXPANDED_SIZE,TIMEOUT,180.22411196000007,IN_PROGRESS,TRANSLATED_ONLY,TRANSLATE_ONLY,1,28222,1986524,6424423,,,95088,1,c6aa35ddca9d151fa9f99938fe2da93dd08e604d7720be15e0c5042dd28a948f,,,,,,,,,,,,9.58091253100065
b2,equal/0025.trace,equal,macro,edb9330d0129cc0be80bf467b4cbef6358640874afff7c1a9fe9e6c3571001bc,0ef52dddff9ea1c4f1d65b34f23e7b528a2f8e9e,6,2,0,6,3,200,200,5,5,5.0,,MIN_EXPANDED_SIZE,TIMEOUT,180.214522837,IN_PROGRESS,TRANSLATED_ONLY,TRANSLATE_ONLY,1,49641,2714622,5600381,,,128647,1,384ff461a3f16aa6a5fe821f2b560ffc36c1a505794aaf95779c4a89b72e5e17,1,34,54,32,6,,,,,,,18.94180084999971
b2,equal/0026.trace,equal,atlas-b,88e940e86be14702db987816ee958a630575c2bd110e6bb025fa8a60b3e90740,0ef52dddff9ea1c4f1d65b34f23e7b528a2f8e9e,6,2,0,6,3,500,500,5,5,5.0,,MIN_EXPANDED_SIZE,TIMEOUT,180.40487819300006,IN_PROGRESS,TRANSLATED_ONLY,TRANSLATE_ONLY,1,70222,4958923,16037922,,,234288,1,fbb31a176a8ad90aa923b3c286769ce08db74543ac8df12815bc734f463487e6,,,,,,,,,,,,31.35766300999967
b2,equal/0026.trace,equal,macro,88e940e86be14702db987816ee958a630575c2bd110e6bb025fa8a60b3e90740,0ef52dddff9ea1c4f1d65b34f23e7b528a2f8e9e,6,2,0,6,3,500,500,5,5,5.0,,MIN_EXPANDED_SIZE,TIMEOUT,180.42386394000005,IN_PROGRESS,TRANSLATED_ONLY,TRANSLATE_ONLY,1,122816,6778475,13946628,,,252891,1,9c567242481ef359706ad9ce741d871446a09bc342e1efe79700040703296d38,1,34,54,32,6,,,,,,,48.82953952099979
b2,equal/0027.trace,equal,atlas-b,2060b406c622d13080c08aafed54ff741a77a75ea2c0424b337ed9562ffcd122,0ef52dddff9ea1c4f1d65b34f23e7b528a2f8e9e,6,2,0,6,3,50,50,5,5,5.0,,MIN_EXPANDED_SIZE,TIMEOUT,180.11293242000102,IN_PROGRESS,TRANSLATED_ONLY,TRANSLATE_ONLY,1,7222,500324,1617673,,,25588,1,0dc0e48cd17b6c66f943420aceae3905b0b60398d44962773472c896de108a6a,,,,,,,,,,,,2.668663895999998
b2,equal/0027.trace,equal,macro,2060b406c622d13080c08aafed54ff741a77a75ea2c0424b337ed9562ffcd122,0ef52dddff9ea1c4f1d65b34f23e7b528a2f8e9e,6,2,0,6,3,50,50,5,5,5.0,,MIN_EXPANDED_SIZE,UNSAT,94.44924523200007,NOT_APPLICABLE_UNSAT,REUSED_E4,E4_REUSED,0,13166,681677,1404534,,,65792,1,3f1a02b3084938afdacc3a586c435374ba00093d116cc8f2a7268303869d3d2b,1,34,54,32,6,,,,,,,0
b2,equal/0028.trace,equal,atlas-b,7f4d66bc49002a76dc3538d28842230ce9547b4ff15f23b217fac65a62f021ec,0ef52dddff9ea1c4f1d65b34f23e7b528a2f8e9e,6,2,0,6,3,5,5,5,5,5.0,,MIN_EXPANDED_SIZE,SAT,2.318177557999661,PASSED,REUSED_E4,E4_REUSED,0,922,54464,175648,,,4808,1,4374d804adc44cd93dfbe2ab51b18f62286775763115a7125aaa63df8e6f79d2,,,,,6,,,,,,,0
b2,equal/0028.trace,equal,macro,7f4d66bc49002a76dc3538d28842230ce9547b4ff15f23b217fac65a62f021ec,0ef52dddff9ea1c4f1d65b34f23e7b528a2f8e9e,6,2,0,6,3,5,5,5,5,5.0,,MIN_EXPANDED_SIZE,SAT,2.6638900880006986,PASSED,REUSED_E4,E4_REUSED,0,2316,79138,168907,,,29385,1,de44a203fb9c89051f6330f5f7a880c523c27cd8121f390bd74ef3087ea68b38,1,34,54,32,6,1,0.0,0,3,3,,0
b2,equal/0029.trace,equal,atlas-b,b0b757df1984fbb189cd104036ada718f9ab017a51aae6d602b363378f4b397b,0ef52dddff9ea1c4f1d65b34f23e7b528a2f8e9e,3,2,0,3,2,100,100,5,5,5.0,,MIN_EXPANDED_SIZE,SAT,4.745066059999772,PASSED,REUSED_E4,E4_REUSED,0,10081,404250,1251610,,,39628,1,19dfaf223641191d2fe9d7ff141d7db519d3be09fbe5ab24018218e53a02e59d,,,,,3,,,,,,,0
b2,equal/0029.trace,equal,macro,b0b757df1984fbb189cd104036ada718f9ab017a51aae6d602b363378f4b397b,0ef52dddff9ea1c4f1d65b34f23e7b528a2f8e9e,3,2,0,3,2,100,100,5,5,5.0,,MIN_EXPANDED_SIZE,SAT,3.6518153119995986,PASSED,REUSED_E4,E4_REUSED,0,6780,157287,298503,,,50610,1,95232de5d12eeee03e8463e5ff7a3ab89259940b89b1664186f2ccf8f508b0cc,1,22,24,5,2,1,1.0,1,1,1,,0
b2,equal/0030.trace,equal,atlas-b,711ddd89f791ef8ab17f11b2a19baa627aeac6e0d21f0570a5d9fe2fbc7edc13,0ef52dddff9ea1c4f1d65b34f23e7b528a2f8e9e,3,2,0,3,2,10,10,5,5,5.0,,MIN_EXPANDED_SIZE,SAT,1.4170015689999218,PASSED,REUSED_E4,E4_REUSED,0,1081,41394,127617,,,6190,1,d861edba05e7c550d7f0131844867dada802c6ea995f40f0ae0ae8b177b3a5fc,,,,,3,,,,,,,0
b2,equal/0030.trace,equal,macro,711ddd89f791ef8ab17f11b2a19baa627aeac6e0d21f0570a5d9fe2fbc7edc13,0ef52dddff9ea1c4f1d65b34f23e7b528a2f8e9e,3,2,0,3,2,10,10,5,5,5.0,,MIN_EXPANDED_SIZE,SAT,1.28192071400008,PASSED,REUSED_E4,E4_REUSED,0,894,19424,37123,,,20787,1,e16af85b175eb4304dd5a17f500962f0550947ff91f38a35ae4709b34cad4135,1,22,24,5,2,1,1.0,1,1,1,,0
b2,equal/0031.trace,equal,atlas-b,07d9495d2d7df44ccf12e6c70a0471d48176e442f29c2986e9730e35f9ec0057,0ef52dddff9ea1c4f1d65b34f23e7b528a2f8e9e,3,2,0,3,2,150,150,5,5,5.0,,MIN_EXPANDED_SIZE,SAT,7.049328763000176,PASSED,REUSED_E4,E4_REUSED,0,15081,605846,1876052,,,58300,1,ac5092cb7a685b94558098fb847b598cba1a965f002840666bc392637914a6fd,,,,,3,,,,,,,0
b2,equal/0031.trace,equal,macro,07d9495d2d7df44ccf12e6c70a0471d48176e442f29c2986e9730e35f9ec0057,0ef52dddff9ea1c4f1d65b34f23e7b528a2f8e9e,3,2,0,3,2,150,150,5,5,5.0,,MIN_EXPANDED_SIZE,SAT,4.043039731000135,PASSED,REUSED_E4,E4_REUSED,0,9318,216317,411101,,,59997,1,8eaf9cbb790595423b5b4ea0f094f8b831a93dadfab35d88920dcf02a1926d8a,1,22,24,5,2,1,1.0,1,1,1,,0
b2,equal/0032.trace,equal,atlas-b,22f8f30c38f86e2961b6487ba7ec8102440b1da43a7633778cf607c34dc4bfe2,0ef52dddff9ea1c4f1d65b34f23e7b528a2f8e9e,3,2,0,3,2,200,200,5,5,5.0,,MIN_EXPANDED_SIZE,SAT,8.767690153999865,PASSED,REUSED_E4,E4_REUSED,0,20081,807436,2500491,,,77000,1,b9786aad1a2d709508dec7f605f6202c51c95458b350b110094350f2046ddd1d,,,,,3,,,,,,,0
b2,equal/0032.trace,equal,macro,22f8f30c38f86e2961b6487ba7ec8102440b1da43a7633778cf607c34dc4bfe2,0ef52dddff9ea1c4f1d65b34f23e7b528a2f8e9e,3,2,0,3,2,200,200,5,5,5.0,,MIN_EXPANDED_SIZE,SAT,5.207640493001236,PASSED,REUSED_E4,E4_REUSED,0,11955,278954,529772,,,71053,1,9c3435e0f7b1ed7ecfdeed42806decd615245eb941f712b0eef00198730dfdd7,1,22,24,5,2,1,1.0,1,1,1,,0
b2,equal/0033.trace,equal,atlas-b,42ae15afdc2e72af93dec4c095ef937630ddcb39ac7c44d122e402f86296ccfd,0ef52dddff9ea1c4f1d65b34f23e7b528a2f8e9e,3,2,0,3,2,500,500,5,5,5.0,,MIN_EXPANDED_SIZE,SAT,23.950930899000014,PASSED,REUSED_E4,E4_REUSED,0,50081,2016947,6247118,,,189032,1,ee36892abd1e74f860ba1060e46bf4cdfd2339cb37dffcac78341d93387ccea6,,,,,3,,,,,,,0
b2,equal/0033.trace,equal,macro,42ae15afdc2e72af93dec4c095ef937630ddcb39ac7c44d122e402f86296ccfd,0ef52dddff9ea1c4f1d65b34f23e7b528a2f8e9e,3,2,0,3,2,500,500,5,5,5.0,,MIN_EXPANDED_SIZE,SAT,9.010383955999714,PASSED,REUSED_E4,E4_REUSED,0,24627,574635,1093334,,,119387,1,c6bef313f8e7ea3d96ae01844b9a3ec393ac834cc55843a8c5949e4c020c41b7,1,22,24,5,2,1,1.0,1,1,1,,0
b2,equal/0034.trace,equal,atlas-b,2b22e3672cf346ef8bceba6aa27fbb5bd388ea8ad69c40e7e97d187ea0c7a395,0ef52dddff9ea1c4f1d65b34f23e7b528a2f8e9e,3,2,0,3,2,50,50,5,5,5.0,,MIN_EXPANDED_SIZE,SAT,3.0236460240003,PASSED,REUSED_E4,E4_REUSED,0,5081,202658,627164,,,21014,1,3a82c901859dc1b006eed2674493c56bbb67aadb023215fb9d8b06adc41d3f9c,,,,,3,,,,,,,0
b2,equal/0034.trace,equal,macro,2b22e3672cf346ef8bceba6aa27fbb5bd388ea8ad69c40e7e97d187ea0c7a395,0ef52dddff9ea1c4f1d65b34f23e7b528a2f8e9e,3,2,0,3,2,50,50,5,5,5.0,,MIN_EXPANDED_SIZE,SAT,2.186812152000016,PASSED,REUSED_E4,E4_REUSED,0,3648,83505,158435,,,37110,1,b5c0c4a724febd77dec792a4a9b07dca5af181cdf8bbe4e14bf6275f1f9773aa,1,22,24,5,2,1,1.0,1,1,1,,0
b2,equal/0035.trace,equal,atlas-b,efa12ce81efae335dc2fc0910a4b88d841f0936b905544dacaf74b02f6ce95b9,0ef52dddff9ea1c4f1d65b34f23e7b528a2f8e9e,3,2,0,3,2,5,5,5,5,5.0,,MIN_EXPANDED_SIZE,SAT,1.062132302000009,PASSED,REUSED_E4,E4_REUSED,0,581,21237,65175,,,4354,1,228cdf4c06a1e6b85ac72833c5df1395627a332d47743b3846d4de2aef197c4a,,,,,3,,,,,,,0
b2,equal/0035.trace,equal,macro,efa12ce81efae335dc2fc0910a4b88d841f0936b905544dacaf74b02f6ce95b9,0ef52dddff9ea1c4f1d65b34f23e7b528a2f8e9e,3,2,0,3,2,5,5,5,5,5.0,,MIN_EXPANDED_SIZE,SAT,1.1958551500001704,PASSED,REUSED_E4,E4_REUSED,0,534,10886,20798,,,12317,1,c1e4a0816ead44e11a4ea16de65473abf0ebb22dbc7f133c2878743dbf9fbe76,1,22,24,5,2,1,1.0,1,1,1,,0
b2,equal/0036.trace,equal,atlas-b,353e8b045848d454806ff176d7d39d1f870de1ac30bee6cc65bdbe1fd2f87dfe,0ef52dddff9ea1c4f1d65b34f23e7b528a2f8e9e,10,2,0,8,3,100,100,5,5,5.0,,MIN_EXPANDED_SIZE,SAT,19.03266172199983,PASSED,REUSED_E4,E4_REUSED,0,16320,1485956,4878345,,,48689,1,b7bdd7a096f67b4d563f0e20edc0b09ed797e1bd3099985a18f28748e68fba3a,,,,,8,,,,,,,0
b2,equal/0036.trace,equal,macro,353e8b045848d454806ff176d7d39d1f870de1ac30bee6cc65bdbe1fd2f87dfe,0ef52dddff9ea1c4f1d65b34f23e7b528a2f8e9e,10,2,0,8,3,100,100,5,5,5.0,,MIN_EXPANDED_SIZE,SAT,53.953413901000204,PASSED,REUSED_E4,E4_REUSED,0,33536,1839382,3894988,,,94273,1,640c5d9164736f75d76811b8402b8e1bafa2cc44f295e647b39e20ce52190246,1,42,94,36,8,2,0.6666666666666666,1,3,3,,0
b2,equal/0037.trace,equal,atlas-b,8e23125d1a97f16b9aa603e0f88af1d097eac1636d15d041a3b233ac7df17b50,0ef52dddff9ea1c4f1d65b34f23e7b528a2f8e9e,10,2,0,8,3,10,10,5,5,5.0,,MIN_EXPANDED_SIZE,SAT,2.6584974209999928,PASSED,REUSED_E4,E4_REUSED,0,1920,156117,512176,,,7109,1,1b9b23cf8543eccaf934ca18a9ee2b6a0a4c8e8bebb19a8c316afc1a4d8f1038,,,,,8,,,,,,,0
b2,equal/0037.trace,equal,macro,8e23125d1a97f16b9aa603e0f88af1d097eac1636d15d041a3b233ac7df17b50,0ef52dddff9ea1c4f1d65b34f23e7b528a2f8e9e,10,2,0,8,3,10,10,5,5,5.0,,MIN_EXPANDED_SIZE,SAT,8.321281647000433,PASSED,REUSED_E4,E4_REUSED,0,4925,200599,428461,,,40163,1,820564dd4e29f830587b2aa8cec75683e74409534ceec8e6ce4cccecfe22a062,1,42,94,36,8,2,0.6666666666666666,1,3,3,,0
b2,equal/0038.trace,equal,atlas-b,4d24fb57818be344b2dc7cc7e11f0284590551691d78845da16fa441585533f5,0ef52dddff9ea1c4f1d65b34f23e7b528a2f8e9e,10,2,0,8,3,150,150,5,5,5.0,,MIN_EXPANDED_SIZE,SAT,25.073049814000115,PASSED,REUSED_E4,E4_REUSED,0,24320,2224756,7303995,,,71889,1,90bf94765befc898a29e50ef5c7c4e42fcf90e3cd11a6a97fd645a050c71f62f,,,,,8,,,,,,,0
b2,equal/0038.trace,equal,macro,4d24fb57818be344b2dc7cc7e11f0284590551691d78845da16fa441585533f5,0ef52dddff9ea1c4f1d65b34f23e7b528a2f8e9e,10,2,0,8,3,150,150,5,5,5.0,,MIN_EXPANDED_SIZE,SAT,125.87195136900027,PASSED,REUSED_E4,E4_REUSED,0,49277,2730325,5770307,,,114052,1,c22c1ffde7f46f676a0b67541801c304a3a37dc6d5c8310a1dbeec711c8c2c33,1,42,94,36,8,2,0.6666666666666666,1,3,3,,0
b2,equal/0039.trace,equal,atlas-b,0d5ade36218701a3ad9bb7a45cdc9fd97f1e71a2ac121ffdaec5ac6268e17437,0ef52dddff9ea1c4f1d65b34f23e7b528a2f8e9e,10,2,0,8,3,200,200,5,5,5.0,,MIN_EXPANDED_SIZE,SAT,47.06588772000032,PASSED,REUSED_E4,E4_REUSED,0,32320,2963556,9729645,,,95089,1,2bd2e7a39fca925e019026b357976101d375ad3cf793da265f8a65def9db7693,,,,,8,,,,,,,0
b2,equal/0039.trace,equal,macro,0d5ade36218701a3ad9bb7a45cdc9fd97f1e71a2ac121ffdaec5ac6268e17437,0ef52dddff9ea1c4f1d65b34f23e7b528a2f8e9e,10,2,0,8,3,200,200,5,5,5.0,,MIN_EXPANDED_SIZE,SAT,127.60729120699989,PASSED,REUSED_E4,E4_REUSED,0,64688,3612219,7637425,,,137043,1,e9e3c2ba54ed0653bde6bf2f5d8e6cdb61c0d8cb1774b162c2425d42f965e23b,1,42,94,36,8,2,0.6666666666666666,1,3,3,,0
b2,equal/0040.trace,equal,atlas-b,87a399fb051ea4bdb2cf7ff71b23af3577838a2c90898c341fa665bca6a8ba38,0ef52dddff9ea1c4f1d65b34f23e7b528a2f8e9e,10,2,0,8,3,500,500,5,5,5.0,,MIN_EXPANDED_SIZE,SAT,107.10868512299999,PASSED,REUSED_E4,E4_REUSED,0,80320,7396352,24283543,,,234289,1,25c39b7a35e193d3aa1ee5e7f2aa54ec0b889691e869e672fad3981d0389f995,,,,,8,,,,,,,0
b2,equal/0040.trace,equal,macro,87a399fb051ea4bdb2cf7ff71b23af3577838a2c90898c341fa665bca6a8ba38,0ef52dddff9ea1c4f1d65b34f23e7b528a2f8e9e,10,2,0,8,3,500,500,5,5,5.0,,MIN_EXPANDED_SIZE,TIMEOUT,180.46445477700036,IN_PROGRESS,TRANSLATED_ONLY,TRANSLATE_ONLY,1,157880,8932809,18870576,,,259510,1,aa74623dadf366e6d48b98baec3c7137bfe0cba1f4a4f696c029bb9a57594c94,1,42,94,36,8,,,,,,,63.053704697000285
b2,equal/0041.trace,equal,atlas-b,039db8452a2b4e828889363c84368109bf7adcced910749d0a98c7dfb219a90a,0ef52dddff9ea1c4f1d65b34f23e7b528a2f8e9e,10,2,0,8,3,50,50,5,5,5.0,,MIN_EXPANDED_SIZE,SAT,9.63123199599977,PASSED,REUSED_E4,E4_REUSED,0,8320,747157,2452696,,,25589,1,584b88f9274c251d0b573d5c3d590b772a0816c01fd7ea0825e3e5d676c24d53,,,,,8,,,,,,,0
b2,equal/0041.trace,equal,macro,039db8452a2b4e828889363c84368109bf7adcced910749d0a98c7dfb219a90a,0ef52dddff9ea1c4f1d65b34f23e7b528a2f8e9e,10,2,0,8,3,50,50,5,5,5.0,,MIN_EXPANDED_SIZE,SAT,39.656574159998854,PASSED,REUSED_E4,E4_REUSED,0,17300,912967,1936569,,,73414,1,67911c616e69837538d00730ca98295591acf95864a38e5eea76259c2f0c38f1,1,42,94,36,8,2,0.6666666666666666,1,3,3,,0
b2,equal/0042.trace,equal,atlas-b,428b7280c06cd1c4a3dfee817f27bd54186bddd87680459d4e5d202f6b9ee9bd,0ef52dddff9ea1c4f1d65b34f23e7b528a2f8e9e,10,2,0,8,3,5,5,5,5,5.0,,MIN_EXPANDED_SIZE,SAT,1.8436511310001151,PASSED,REUSED_E4,E4_REUSED,0,1120,82237,269611,,,4809,1,5de4249561fb4820e7d946a19d6808066082dc3d80c0e0b241341f1a344793d3,,,,,8,,,,,,,0
b2,equal/0042.trace,equal,macro,428b7280c06cd1c4a3dfee817f27bd54186bddd87680459d4e5d202f6b9ee9bd,0ef52dddff9ea1c4f1d65b34f23e7b528a2f8e9e,10,2,0,8,3,5,5,5,5,5.0,,MIN_EXPANDED_SIZE,SAT,3.893795735999447,PASSED,REUSED_E4,E4_REUSED,0,3341,114931,255185,,,35045,1,555381e298e4e36348101ff95d3b082af4edd795caa8adeed4c179196bc854b4,1,42,94,36,8,2,0.3333333333333333,1,3,3,,0
b2,increasingNumVariables/0000.trace,increasingNumVariables,atlas-b,2a830f2df3356171c4f0fbb2ee06b60cc05a085713ab083d9c190429af24221d,0ef52dddff9ea1c4f1d65b34f23e7b528a2f8e9e,10,2,0,8,3,15,15,5,5,5.0,,MIN_EXPANDED_SIZE,TIMEOUT,180.0716614590001,IN_PROGRESS,TRANSLATED_ONLY,TRANSLATE_ONLY,1,2720,229997,754741,,,9419,1,ab7a70c98fac4fc6eaef7bfa5cdfbfdad7045747ff8f2c5d567bce6907db6fa7,,,,,,,,,,,,1.5661122339997746
b2,increasingNumVariables/0000.trace,increasingNumVariables,macro,2a830f2df3356171c4f0fbb2ee06b60cc05a085713ab083d9c190429af24221d,0ef52dddff9ea1c4f1d65b34f23e7b528a2f8e9e,10,2,0,8,3,15,15,5,5,5.0,,MIN_EXPANDED_SIZE,SAT,9.20549054900016,PASSED,REUSED_E4,E4_REUSED,0,6410,292182,628100,,,46734,1,f3ef47f23b3a2ced66ddc9326f984f0f78c872570f71b97115b64fef4d7c2a5e,1,42,94,36,8,2,0.6666666666666666,1,3,3,,0
b2,increasingNumVariables/0001.trace,increasingNumVariables,atlas-b,b36c289e04b6261695173c7e059f424c953ab6dd4e58c9e071501c7acc64c31d,0ef52dddff9ea1c4f1d65b34f23e7b528a2f8e9e,10,2,0,8,3,20,20,5,5,5.0,,MIN_EXPANDED_SIZE,SAT,120.44809399199949,PASSED,REUSED_E4,E4_REUSED,0,3520,303876,997305,,,11729,1,911fd1f4fab4761bc5fa06fded7e63d0a34516ac6ddb03e8a757c6e92501a9d6,,,,,8,,,,,,,0
b2,increasingNumVariables/0001.trace,increasingNumVariables,macro,b36c289e04b6261695173c7e059f424c953ab6dd4e58c9e071501c7acc64c31d,0ef52dddff9ea1c4f1d65b34f23e7b528a2f8e9e,10,2,0,8,3,20,20,5,5,5.0,,MIN_EXPANDED_SIZE,SAT,13.63315124699966,PASSED,REUSED_E4,E4_REUSED,0,8027,381407,816797,,,50738,1,667fb358225daf0684c6d31509db8ff127bbccc27d7e66f458427a40f4ac793c,1,42,94,36,8,2,0.6666666666666666,1,3,3,,0
b2,increasingNumVariables/0002.trace,increasingNumVariables,atlas-b,a9a5b3b328f419ed605aab700da4cfd7fd98178115d7b84ae68a26e0cd89df04,0ef52dddff9ea1c4f1d65b34f23e7b528a2f8e9e,10,2,0,8,3,25,25,5,5,5.0,,MIN_EXPANDED_SIZE,TIMEOUT,180.06578451800124,IN_PROGRESS,TRANSLATED_ONLY,TRANSLATE_ONLY,1,4320,377757,1239871,,,14039,1,63d16ecb95d334ec50bd453c27dcb247e219f7a1500d322b67fc57a1fc7fb497,,,,,,,,,,,,2.567553566999777
b2,increasingNumVariables/0002.trace,increasingNumVariables,macro,a9a5b3b328f419ed605aab700da4cfd7fd98178115d7b84ae68a26e0cd89df04,0ef52dddff9ea1c4f1d65b34f23e7b528a2f8e9e,10,2,0,8,3,25,25,5,5,5.0,,MIN_EXPANDED_SIZE,SAT,17.67376081600014,PASSED,REUSED_E4,E4_REUSED,0,9611,476467,1022921,,,57221,1,dbc2b5003cf083d98e04e583e7f3105cf3c905d1e03c2646d493e4d0f0fc1113,1,42,94,36,8,2,0.6666666666666666,1,3,3,,0
b2,increasingNumVariables/0003.trace,increasingNumVariables,atlas-b,554d1db6d50e510609a8c1e3ffd7d556385f38ffb0b5bdc160657ceb008146ba,0ef52dddff9ea1c4f1d65b34f23e7b528a2f8e9e,10,2,0,8,3,30,30,5,5,5.0,,MIN_EXPANDED_SIZE,SAT,10.702148871001555,PASSED,REUSED_E4,E4_REUSED,0,5120,451637,1482436,,,16349,1,5a7041d46d1cd72852e44eac6a7ec46f171269c8f3b9e7a625aa484d1e49a059,,,,,8,,,,,,,0
b2,increasingNumVariables/0003.trace,increasingNumVariables,macro,554d1db6d50e510609a8c1e3ffd7d556385f38ffb0b5bdc160657ceb008146ba,0ef52dddff9ea1c4f1d65b34f23e7b528a2f8e9e,10,2,0,8,3,30,30,5,5,5.0,,MIN_EXPANDED_SIZE,SAT,18.02657930299938,PASSED,REUSED_E4,E4_REUSED,0,11360,570310,1217928,,,52574,1,d57c0fa3df869f04cae066f35a55877272b440c69b8ab0b2fede2e11f47914d2,1,42,94,36,8,2,0.6666666666666666,1,3,3,,0
b2,increasingNumVariables/0004.trace,increasingNumVariables,atlas-b,0ab5b815ca087c0ea6b2d5eeef146081cb9011ec8bd9f597a695d4a23df493c4,0ef52dddff9ea1c4f1d65b34f23e7b528a2f8e9e,10,2,0,8,3,35,35,5,5,5.0,,MIN_EXPANDED_SIZE,SAT,58.78637675699974,PASSED,REUSED_E4,E4_REUSED,0,5920,525517,1725001,,,18659,1,583ef51d4c386a73ef901c87447a93bf92e927cd5b8bf87b6b7bfa0da71681f3,,,,,8,,,,,,,0
b2,increasingNumVariables/0004.trace,increasingNumVariables,macro,0ab5b815ca087c0ea6b2d5eeef146081cb9011ec8bd9f597a695d4a23df493c4,0ef52dddff9ea1c4f1d65b34f23e7b528a2f8e9e,10,2,0,8,3,35,35,5,5,5.0,,MIN_EXPANDED_SIZE,SAT,13.074897183999838,PASSED,REUSED_E4,E4_REUSED,0,12746,653702,1392772,,,61068,1,d57096ba725f95976aa2c94d47cbbc04e7f2230c77b788bb0b172c5928ce143e,1,42,94,36,8,2,0.6666666666666666,1,3,3,,0
b2,increasingNumVariables/0005.trace,increasingNumVariables,atlas-b,dbdd627746860fa9b0e155e7eb7bb5b002787d7d0438d288ce8784b5c9a467e8,0ef52dddff9ea1c4f1d65b34f23e7b528a2f8e9e,10,2,0,8,3,40,40,5,5,5.0,,MIN_EXPANDED_SIZE,SAT,7.272882860001118,PASSED,REUSED_E4,E4_REUSED,0,6720,599397,1967566,,,20969,1,2597ec17044af0c5c9672018c9f520cb5592754a8528cf0f1e507a15fdf3282c,,,,,8,,,,,,,0
b2,increasingNumVariables/0005.trace,increasingNumVariables,macro,dbdd627746860fa9b0e155e7eb7bb5b002787d7d0438d288ce8784b5c9a467e8,0ef52dddff9ea1c4f1d65b34f23e7b528a2f8e9e,10,2,0,8,3,40,40,5,5,5.0,,MIN_EXPANDED_SIZE,SAT,24.42959717099984,PASSED,REUSED_E4,E4_REUSED,0,14264,739588,1570282,,,66962,1,87d0fb1b5fe807d00548edb59e8a62f4035ddabbfc1fda37e92ebdfd021faa7f,1,42,94,36,8,2,0.6666666666666666,1,3,3,,0
b2,increasingNumVariables/0006.trace,increasingNumVariables,atlas-b,a032eec421c1e7a369a80d20704c289cca03b525420d89c4af8c374bd834215f,0ef52dddff9ea1c4f1d65b34f23e7b528a2f8e9e,10,2,0,8,3,45,45,5,5,5.0,,MIN_EXPANDED_SIZE,SAT,8.830051633999574,PASSED,REUSED_E4,E4_REUSED,0,7520,673277,2210131,,,23279,1,6d6041530e87744e21a631dc4f9c43268f90c31e28e69e414c6d4637ff4ca693,,,,,8,,,,,,,0
b2,increasingNumVariables/0006.trace,increasingNumVariables,macro,a032eec421c1e7a369a80d20704c289cca03b525420d89c4af8c374bd834215f,0ef52dddff9ea1c4f1d65b34f23e7b528a2f8e9e,10,2,0,8,3,45,45,5,5,5.0,,MIN_EXPANDED_SIZE,SAT,41.52453561499988,PASSED,REUSED_E4,E4_REUSED,0,16145,846859,1807317,,,65579,1,924798ff523ae6bed579216dfbc629f6c9968475974053f7d1f5b78c4fc40a7b,1,42,94,36,8,2,0.6666666666666666,1,3,3,,0
b2,increasingNumVariables/0007.trace,increasingNumVariables,atlas-b,ad8b69cca65b23e3aa0252f99d9c19a337e1bd035c5ca9bd532bebc35f387bcb,0ef52dddff9ea1c4f1d65b34f23e7b528a2f8e9e,10,2,0,8,3,50,50,5,5,5.0,,MIN_EXPANDED_SIZE,SAT,9.85507365400008,PASSED,REUSED_E4,E4_REUSED,0,8320,747157,2452696,,,25589,1,d158678179f3b584a297ac83cd46d264ae74b3f40a166b421e182682b6a9b20b,,,,,8,,,,,,,0
b2,increasingNumVariables/0007.trace,increasingNumVariables,macro,ad8b69cca65b23e3aa0252f99d9c19a337e1bd035c5ca9bd532bebc35f387bcb,0ef52dddff9ea1c4f1d65b34f23e7b528a2f8e9e,10,2,0,8,3,50,50,5,5,5.0,,MIN_EXPANDED_SIZE,SAT,32.94534576899969,PASSED,REUSED_E4,E4_REUSED,0,17531,931771,1980449,,,73535,1,52744dbdbce88f23435f2b2bd7699dcd6271daf0aa6ad18a10ad4927dc7a73de,1,42,94,36,8,2,0.6666666666666666,1,3,3,,0
b2,increasingNumVariables/0008.trace,increasingNumVariables,atlas-b,3490642575d80a5a874820816271c5464aae14f576b0aad111d8eb63e5c462d3,0ef52dddff9ea1c4f1d65b34f23e7b528a2f8e9e,11,2,0,8,4,15,15,5,5,5.0,,MIN_EXPANDED_SIZE,TIMEOUT,180.08039770899995,IN_PROGRESS,TRANSLATED_ONLY,TRANSLATE_ONLY,1,2918,246541,813569,,,10773,1,ac14d205bc51dfb16dbc416717451c463620bb9b5f781791ee5ced2fdf4c7dda,,,,,,,,,,,,1.6665007499996136
b2,increasingNumVariables/0008.trace,increasingNumVariables,macro,3490642575d80a5a874820816271c5464aae14f576b0aad111d8eb63e5c462d3,0ef52dddff9ea1c4f1d65b34f23e7b528a2f8e9e,11,2,0,8,4,15,15,5,5,5.0,,MIN_EXPANDED_SIZE,SAT,53.03625099300007,PASSED,REUSED_E4,E4_REUSED,0,6649,302049,648175,,,40148,1,f4bbd4c610e8bd1f881fde4374dbf68d8d7ccc3bf4d5abb269c50c62c7e5672c,1,44,104,36,8,2,0.4,1,5,5,,0
b2,increasingNumVariables/0009.trace,increasingNumVariables,atlas-b,d58daa4fbf06f40b12f0a79766289a658995837b04cbbd5ad57386ac6a1aed9b,0ef52dddff9ea1c4f1d65b34f23e7b528a2f8e9e,11,2,0,8,4,20,20,5,5,5.0,,MIN_EXPANDED_SIZE,TIMEOUT,180.06902834299945,IN_PROGRESS,TRANSLATED_ONLY,TRANSLATE_ONLY,1,3768,325291,1073404,,,13533,1,9487de0a8f0698a6d09a83b35149e92f5cc7cd04b20c066c701d14ad5fc7fe30,,,,,,,,,,,,1.8168749830001616
b2,increasingNumVariables/0009.trace,increasingNumVariables,macro,d58daa4fbf06f40b12f0a79766289a658995837b04cbbd5ad57386ac6a1aed9b,0ef52dddff9ea1c4f1d65b34f23e7b528a2f8e9e,11,2,0,8,4,20,20,5,5,5.0,,MIN_EXPANDED_SIZE,SAT,79.26868582499992,PASSED,REUSED_E4,E4_REUSED,0,8299,398151,856641,,,42637,1,101697274768a2571c7494973c170cab9e27ad039a74816385384ac05c173744,1,44,104,36,8,2,0.4,1,5,5,,0
b2,increasingNumVariables/0010.trace,increasingNumVariables,atlas-b,be9d539eb333b64bd4386b76053c5ef1fbd95a8b36c9b3403944f38f5b4241ff,0ef52dddff9ea1c4f1d65b34f23e7b528a2f8e9e,11,2,0,8,4,25,25,5,5,5.0,,MIN_EXPANDED_SIZE,TIMEOUT,180.08233560699955,IN_PROGRESS,TRANSLATED_ONLY,TRANSLATE_ONLY,1,4618,404041,1333239,,,16293,1,fc177de4bed7ffa1a511501cdd533207e1a5b6f0b118f83e905161c9ccb8c2fa,,,,,,,,,,,,2.2170951319994856
b2,increasingNumVariables/0010.trace,increasingNumVariables,macro,be9d539eb333b64bd4386b76053c5ef1fbd95a8b36c9b3403944f38f5b4241ff,0ef52dddff9ea1c4f1d65b34f23e7b528a2f8e9e,11,2,0,8,4,25,25,5,5,5.0,,MIN_EXPANDED_SIZE,SAT,102.23466055500103,PASSED,REUSED_E4,E4_REUSED,0,9916,495670,1066872,,,44734,1,115a2e99400178ebdd3948c87d83db03d2e97910cd548e7ff0fbc1daa94b416c,1,44,104,36,8,2,0.4,1,5,5,,0
b2,increasingNumVariables/0011.trace,increasingNumVariables,atlas-b,39cf098d2ef0dd162a82dc3e34366a8e93706c6e131558d9356a4ffc5cef3fb7,0ef52dddff9ea1c4f1d65b34f23e7b528a2f8e9e,11,2,0,8,4,30,30,5,5,5.0,,MIN_EXPANDED_SIZE,TIMEOUT,180.0966477400034,IN_PROGRESS,TRANSLATED_ONLY,TRANSLATE_ONLY,1,5468,482791,1593074,,,19053,1,3660927c7931b175a742abd71b1c2fb45283ff9c0f97efdcbaebe63b567996a3,,,,,,,,,,,,2.4682682160000695
b2,increasingNumVariables/0011.trace,increasingNumVariables,macro,39cf098d2ef0dd162a82dc3e34366a8e93706c6e131558d9356a4ffc5cef3fb7,0ef52dddff9ea1c4f1d65b34f23e7b528a2f8e9e,11,2,0,8,4,30,30,5,5,5.0,,MIN_EXPANDED_SIZE,SAT,108.90230067800076,PASSED,REUSED_E4,E4_REUSED,0,11566,578890,1227200,,,51060,1,62e03b2c79ac48ba3bea8e04b151427dfce0b6962d9f731d5c3a76a2e53eb1c9,1,44,104,36,8,2,0.4,1,5,5,,0
b2,increasingNumVariables/0012.trace,increasingNumVariables,atlas-b,c859293cb922db9a7147c373543002c252240451f6c91630c075fc58f4c884ba,0ef52dddff9ea1c4f1d65b34f23e7b528a2f8e9e,11,2,0,8,4,35,35,5,5,5.0,,MIN_EXPANDED_SIZE,TIMEOUT,180.0898575070005,IN_PROGRESS,TRANSLATED_ONLY,TRANSLATE_ONLY,1,6318,561541,1852909,,,21813,1,1b9bf972a3bff041c70fd5b5a9deb53893f2a915d45e5155572d338cb10d2fe3,,,,,,,,,,,,2.718020410000463
b2,increasingNumVariables/0012.trace,increasingNumVariables,macro,c859293cb922db9a7147c373543002c252240451f6c91630c075fc58f4c884ba,0ef52dddff9ea1c4f1d65b34f23e7b528a2f8e9e,11,2,0,8,4,35,35,5,5,5.0,,MIN_EXPANDED_SIZE,SAT,144.68383019500016,PASSED,REUSED_E4,E4_REUSED,0,13084,672420,1445414,,,53299,1,cb67caa8717231bc91bfc1adaa5310ae56917cfaee08bb5fcf94a62a912d3f88,1,44,104,36,8,2,0.4,1,5,5,,0
b2,increasingNumVariables/0013.trace,increasingNumVariables,atlas-b,0a011e572c33dfcc58a4322a5a335d5939e820b9064a678a28e992cd8382c25c,0ef52dddff9ea1c4f1d65b34f23e7b528a2f8e9e,11,2,0,8,4,40,40,5,5,5.0,,MIN_EXPANDED_SIZE,TIMEOUT,180.104312208,IN_PROGRESS,TRANSLATED_ONLY,TRANSLATE_ONLY,1,7168,640291,2112744,,,24573,1,b8b044a85f3a6b3c1a8c5246b40d271ca70cf6122f1a121bcc61b16e3759dec1,,,,,,,,,,,,3.9202955600003406
b2,increasingNumVariables/0013.trace,increasingNumVariables,macro,0a011e572c33dfcc58a4322a5a335d5939e820b9064a678a28e992cd8382c25c,0ef52dddff9ea1c4f1d65b34f23e7b528a2f8e9e,11,2,0,8,4,40,40,5,5,5.0,,MIN_EXPANDED_SIZE,SAT,92.91486252100003,PASSED,REUSED_E4,E4_REUSED,0,14635,755701,1600711,,,63341,1,84fdca971a1fc40670afdc9d0bef0916e613ca09cd4cb7244fa98b8bafcd6063,1,44,104,36,8,2,0.4,1,5,5,,0
b2,increasingNumVariables/0014.trace,increasingNumVariables,atlas-b,13122ab372812a8693f6f0a4829643eed4ab6bb1126660338787e6d9fc15b715,0ef52dddff9ea1c4f1d65b34f23e7b528a2f8e9e,11,2,0,8,4,45,45,5,5,5.0,,MIN_EXPANDED_SIZE,TIMEOUT,180.10071356499975,IN_PROGRESS,TRANSLATED_ONLY,TRANSLATE_ONLY,1,8018,719041,2372579,,,27333,1,3a82b3524a61cf2f7e53f10e9df681beb8d771d77f0436679243e7814ca4f0e1,,,,,,,,,,,,4.020113236000725
b2,increasingNumVariables/0014.trace,increasingNumVariables,macro,13122ab372812a8693f6f0a4829643eed4ab6bb1126660338787e6d9fc15b715,0ef52dddff9ea1c4f1d65b34f23e7b528a2f8e9e,11,2,0,8,4,45,45,5,5,5.0,,MIN_EXPANDED_SIZE,SAT,112.38207150599919,PASSED,REUSED_E4,E4_REUSED,0,16417,866353,1847651,,,54010,1,3df1959ea9c276a73a9f8885f3abe1ea4b53fe7fe10b172770625a694e047fb8,1,44,104,36,8,2,0.4,1,5,5,,0
b2,increasingNumVariables/0015.trace,increasingNumVariables,atlas-b,b4f9ef826a6c9e044262856ba196bc2748476bb88307df8b7e5a80aea8bffddc,0ef52dddff9ea1c4f1d65b34f23e7b528a2f8e9e,11,2,0,8,4,50,50,5,5,5.0,,MIN_EXPANDED_SIZE,TIMEOUT,180.10224494100112,IN_PROGRESS,TRANSLATED_ONLY,TRANSLATE_ONLY,1,8868,797791,2632414,,,30093,1,b89b609eff0f68d1240907ae8551f9adea1a6fe39fac231a07b5e73fd21068f8,,,,,,,,,,,,3.5697236179994434
b2,increasingNumVariables/0015.trace,increasingNumVariables,macro,b4f9ef826a6c9e044262856ba196bc2748476bb88307df8b7e5a80aea8bffddc,0ef52dddff9ea1c4f1d65b34f23e7b528a2f8e9e,11,2,0,8,4,50,50,5,5,5.0,,MIN_EXPANDED_SIZE,TIMEOUT,180.14104994599984,IN_PROGRESS,TRANSLATED_ONLY,TRANSLATE_ONLY,1,17836,944120,2006898,,,67936,1,140683de20bf759e4e6c1eb1386900d909e30e6343ff047cbfae7b413eb4a8de,1,44,104,36,8,,,,,,,6.723099044999799
b2,increasingNumVariables/0016.trace,increasingNumVariables,atlas-b,b8d2ada4fbe977db8b1b84190b6240d55964bf4b7a3e91a818b44004dff855ef,0ef52dddff9ea1c4f1d65b34f23e7b528a2f8e9e,20,2,0,8,5,15,15,5,5,5.0,,MIN_EXPANDED_SIZE,TIMEOUT,180.0765319989987,IN_PROGRESS,TRANSLATED_ONLY,TRANSLATE_ONLY,1,3120,263391,873576,,,12127,1,fad8dd3f7f2e0661df0d3a4c0395dfff39918f151e36e7bdacd4e9e3a33bf867,,,,,,,,,,,,1.7170011769994744
b2,increasingNumVariables/0016.trace,increasingNumVariables,macro,b8d2ada4fbe977db8b1b84190b6240d55964bf4b7a3e91a818b44004dff855ef,0ef52dddff9ea1c4f1d65b34f23e7b528a2f8e9e,20,2,0,8,5,15,15,5,5,5.0,,MIN_EXPANDED_SIZE,SAT,52.59977777200038,PASSED,REUSED_E4,E4_REUSED,0,6624,304316,659466,,,41366,1,0fdbd6d941644c519d0587054a50009f98f5e048482e615148ce561a5a5505c2,1,62,194,36,8,3,0.4,1,5,5,,0
b2,increasingNumVariables/0017.trace,increasingNumVariables,atlas-b,259f511901444c8d8fdcc15939dc7c2cbcc4ef75a52afbc2fca95b757b67dfdc,0ef52dddff9ea1c4f1d65b34f23e7b528a2f8e9e,20,2,0,8,5,20,20,5,5,5.0,,MIN_EXPANDED_SIZE,TIMEOUT,180.04158285199992,IN_PROGRESS,TRANSLATED_ONLY,TRANSLATE_ONLY,1,4020,347011,1150681,,,15337,1,e60fcd361fda4ff301c387959edf4310e650df5644c002f6253da52139585696,,,,,,,,,,,,1.967092374999993
b2,increasingNumVariables/0017.trace,increasingNumVariables,macro,259f511901444c8d8fdcc15939dc7c2cbcc4ef75a52afbc2fca95b757b67dfdc,0ef52dddff9ea1c4f1d65b34f23e7b528a2f8e9e,20,2,0,8,5,20,20,5,5,5.0,,MIN_EXPANDED_SIZE,TIMEOUT,180.0935489830008,IN_PROGRESS,TRANSLATED_ONLY,TRANSLATE_ONLY,1,8274,398688,851534,,,44184,1,aa05008d38d0e0dd57c39e2f4303e6c45bb34256c764bc22b7536b4c02586531,1,62,194,36,8,,,,,,,3.8692923400003565
b2,increasingNumVariables/0018.trace,increasingNumVariables,atlas-b,95dfed9bcdbf631ea398e2743fa8ed7c48bf8428fbd0951f70a91f28a335a8de,0ef52dddff9ea1c4f1d65b34f23e7b528a2f8e9e,20,2,0,8,5,25,25,5,5,5.0,,MIN_EXPANDED_SIZE,TIMEOUT,180.07473583000137,IN_PROGRESS,TRANSLATED_ONLY,TRANSLATE_ONLY,1,4920,430631,1427786,,,18547,1,59a26d67000800dfaac8be2c1b03036780541dfbf22343bfd6cd9aa55f2e57d6,,,,,,,,,,,,2.3173321069998565
b2,increasingNumVariables/0018.trace,increasingNumVariables,macro,95dfed9bcdbf631ea398e2743fa8ed7c48bf8428fbd0951f70a91f28a335a8de,0ef52dddff9ea1c4f1d65b34f23e7b528a2f8e9e,20,2,0,8,5,25,25,5,5,5.0,,MIN_EXPANDED_SIZE,TIMEOUT,180.1180073630003,IN_PROGRESS,TRANSLATED_ONLY,TRANSLATE_ONLY,1,9957,495879,1063201,,,47074,1,a11d53414b353994ee238c60248ba77684c6bf3cde9b488d13b758b9abe4b0d2,1,62,194,36,8,,,,,,,5.473558112000319
b2,increasingNumVariables/0019.trace,increasingNumVariables,atlas-b,6f005d78edc710d2c62fa5cbbde82652ac3302eed6133dca5eed9c797e70f493,0ef52dddff9ea1c4f1d65b34f23e7b528a2f8e9e,20,2,0,8,5,30,30,5,5,5.0,,MIN_EXPANDED_SIZE,TIMEOUT,180.10033486300017,IN_PROGRESS,TRANSLATED_ONLY,TRANSLATE_ONLY,1,5820,514251,1704891,,,21757,1,e2c09212fe6fbf68f0c95ad080d58269f365f4a56684cb3b003e10a257dce6ab,,,,,,,,,,,,2.8184659170001396
b2,increasingNumVariables/0019.trace,increasingNumVariables,macro,6f005d78edc710d2c62fa5cbbde82652ac3302eed6133dca5eed9c797e70f493,0ef52dddff9ea1c4f1d65b34f23e7b528a2f8e9e,20,2,0,8,5,30,30,5,5,5.0,,MIN_EXPANDED_SIZE,TIMEOUT,180.08505459200023,IN_PROGRESS,TRANSLATED_ONLY,TRANSLATE_ONLY,1,11640,596948,1282658,,,45818,1,9bf1849636fa04c326f017effefb18da201bfffd00c896dea31901307f0f9646,1,62,194,36,8,,,,,,,5.221303340999839
b2,increasingNumVariables/0020.trace,increasingNumVariables,atlas-b,311b784809d3a10949bdcc74d37655d9d9670a6d5ac7dd710e9af302bba16b28,0ef52dddff9ea1c4f1d65b34f23e7b528a2f8e9e,20,2,0,8,5,35,35,5,5,5.0,,MIN_EXPANDED_SIZE,TIMEOUT,180.10967579200042,IN_PROGRESS,TRANSLATED_ONLY,TRANSLATE_ONLY,1,6720,597871,1981996,,,24967,1,b6db26e5d754819c8ba63d6e68111af7d446d9d8ae654535a934ff015014d64f,,,,,,,,,,,,3.9705013149996375
b2,increasingNumVariables/0020.trace,increasingNumVariables,macro,311b784809d3a10949bdcc74d37655d9d9670a6d5ac7dd710e9af302bba16b28,0ef52dddff9ea1c4f1d65b34f23e7b528a2f8e9e,20,2,0,8,5,35,35,5,5,5.0,,MIN_EXPANDED_SIZE,TIMEOUT,180.08904297400022,IN_PROGRESS,TRANSLATED_ONLY,TRANSLATE_ONLY,1,13224,674570,1430644,,,56396,1,a4873c2720b9df43ae3fb713110b4ca3cb36da3ae16fcc73008a75189f388215,1,62,194,36,8,,,,,,,6.57465510899965
b2,increasingNumVariables/0021.trace,increasingNumVariables,atlas-b,989fc91e6a7271d67957e6d27849d4bdd0bfb1ce56ac4f7b512f6d178148f375,0ef52dddff9ea1c4f1d65b34f23e7b528a2f8e9e,20,2,0,8,5,40,40,5,5,5.0,,MIN_EXPANDED_SIZE,TIMEOUT,180.10578040699966,IN_PROGRESS,TRANSLATED_ONLY,TRANSLATE_ONLY,1,7620,681491,2259101,,,28177,1,e7f46561d8950c38a15ecb105901bb1220999fe39618c716c389408a60570550,,,,,,,,,,,,3.9193198920002033
b2,increasingNumVariables/0021.trace,increasingNumVariables,macro,989fc91e6a7271d67957e6d27849d4bdd0bfb1ce56ac4f7b512f6d178148f375,0ef52dddff9ea1c4f1d65b34f23e7b528a2f8e9e,20,2,0,8,5,40,40,5,5,5.0,,MIN_EXPANDED_SIZE,TIMEOUT,180.14054553499955,IN_PROGRESS,TRANSLATED_ONLY,TRANSLATE_ONLY,1,14808,771074,1640980,,,62974,1,23ea26f22efe9211988d88e9435b6e789b3e0216cfcec0df16769da8344c48ed,1,62,194,36,8,,,,,,,6.973847315000057
b2,increasingNumVariables/0022.trace,increasingNumVariables,atlas-b,00d8d266dc5992c7363d439f814f2dae3511df0998a2c8d137a715baf7fa41a9,0ef52dddff9ea1c4f1d65b34f23e7b528a2f8e9e,20,2,0,8,5,45,45,5,5,5.0,,MIN_EXPANDED_SIZE,TIMEOUT,180.1266031719997,IN_PROGRESS,TRANSLATED_ONLY,TRANSLATE_ONLY,1,8520,765111,2536206,,,31387,1,cf8fd778c1378b07c00a0a8e5e82ee9a6182f16cc4f6c219520c8ee23cb313e2,,,,,,,,,,,,4.019576464999773
b2,increasingNumVariables/0022.trace,increasingNumVariables,macro,00d8d266dc5992c7363d439f814f2dae3511df0998a2c8d137a715baf7fa41a9,0ef52dddff9ea1c4f1d65b34f23e7b528a2f8e9e,20,2,0,8,5,45,45,5,5,5.0,,MIN_EXPANDED_SIZE,TIMEOUT,180.18837969000015,IN_PROGRESS,TRANSLATED_ONLY,TRANSLATE_ONLY,1,16425,865983,1842505,,,69176,1,147d1604da698d9104ffcd779832c7bea7cc6fb18b014390cd80c33e0e383035,1,62,194,36,8,,,,,,,6.523337018000348
b2,increasingNumVariables/0023.trace,increasingNumVariables,atlas-b,4f6b09f5963f91fc0cf5f929f73982cbc23193e0effa97207488206d56b9e47a,0ef52dddff9ea1c4f1d65b34f23e7b528a2f8e9e,20,2,0,8,5,50,50,5,5,5.0,,MIN_EXPANDED_SIZE,TIMEOUT,180.11807107800087,IN_PROGRESS,TRANSLATED_ONLY,TRANSLATE_ONLY,1,9420,848731,2813311,,,34597,1,4f1a9c4f0df39e56a61b6970dfcf7ecf86e61c729d833a14747eaaa843ecc370,,,,,,,,,,,,5.221151267000096
b2,increasingNumVariables/0023.trace,increasingNumVariables,macro,4f6b09f5963f91fc0cf5f929f73982cbc23193e0effa97207488206d56b9e47a,0ef52dddff9ea1c4f1d65b34f23e7b528a2f8e9e,20,2,0,8,5,50,50,5,5,5.0,,MIN_EXPANDED_SIZE,TIMEOUT,180.15906842200002,IN_PROGRESS,TRANSLATED_ONLY,TRANSLATE_ONLY,1,18174,962972,2044050,,,60195,1,e905ee11e2634d7bac5552d8a0b50164a5200942e29aade9db588085ef5ca959,1,62,194,36,8,,,,,,,8.576153159000569
b2,increasingNumVariables/0024.trace,increasingNumVariables,atlas-b,a6cb32342ce9879b98c0c7fc6e3c5ea45ab53a2b78d83e2adbb07a8fca75e9a7,0ef52dddff9ea1c4f1d65b34f23e7b528a2f8e9e,37,2,0,8,6,15,15,5,5,5.0,,MIN_EXPANDED_SIZE,TIMEOUT,180.0579037589996,IN_PROGRESS,TRANSLATED_ONLY,TRANSLATE_ONLY,1,3326,280573,934867,,,13481,1,aa05620ea5a3d031529d34646281fbe113de4de4d3c5b06f699322511e2af3d4,,,,,,,,,,,,1.7167054900000949
b2,increasingNumVariables/0024.trace,increasingNumVariables,macro,a6cb32342ce9879b98c0c7fc6e3c5ea45ab53a2b78d83e2adbb07a8fca75e9a7,0ef52dddff9ea1c4f1d65b34f23e7b528a2f8e9e,37,2,0,8,6,15,15,5,5,5.0,,MIN_EXPANDED_SIZE,TIMEOUT,180.09014240800025,IN_PROGRESS,TRANSLATED_ONLY,TRANSLATE_ONLY,1,6698,304566,651360,,,38942,1,cfc3f75e16dde82b21770a1866cb81d8d434ab5377d7816314d0cfc799665a84,1,96,364,36,8,,,,,,,3.9697457639995264
b2,increasingNumVariables/0025.trace,increasingNumVariables,atlas-b,38a441c409dc2b144fe14941b02a00a5998292fb1b1082fa897059c9cb05d284,0ef52dddff9ea1c4f1d65b34f23e7b528a2f8e9e,37,2,0,8,6,20,20,5,5,5.0,,MIN_EXPANDED_SIZE,TIMEOUT,180.08936442999948,IN_PROGRESS,TRANSLATED_ONLY,TRANSLATE_ONLY,1,4276,369063,1229242,,,17141,1,213d67f3bbe6d13792a8bfbd438efff80a9f1aca69ae1b2d2f4e85d9483bf69f,,,,,,,,,,,,2.76836180600003
b2,increasingNumVariables/0025.trace,increasingNumVariables,macro,38a441c409dc2b144fe14941b02a00a5998292fb1b1082fa897059c9cb05d284,0ef52dddff9ea1c4f1d65b34f23e7b528a2f8e9e,37,2,0,8,6,20,20,5,5,5.0,,MIN_EXPANDED_SIZE,TIMEOUT,180.12052863600002,IN_PROGRESS,TRANSLATED_ONLY,TRANSLATE_ONLY,1,8348,404788,871082,,,42005,1,87f83fb1a02886498acda82d3f410fc473b3ed1d5eb56abbb02b1df71a6996b4,1,96,364,36,8,,,,,,,3.7194978260004063
b2,increasingNumVariables/0026.trace,increasingNumVariables,atlas-b,b20ab2030cacd00b675a176bb62d9a1c86f7b093e187cce6caa442da9506b75c,0ef52dddff9ea1c4f1d65b34f23e7b528a2f8e9e,37,2,0,8,6,25,25,5,5,5.0,,MIN_EXPANDED_SIZE,TIMEOUT,180.06991468600063,IN_PROGRESS,TRANSLATED_ONLY,TRANSLATE_ONLY,1,5226,457553,1523617,,,20801,1,a501a025372c38b83346f3fb75153026d82de08d6fe76d3877baf3be81b8caad,,,,,,,,,,,,2.467560242000218
b2,increasingNumVariables/0026.trace,increasingNumVariables,macro,b20ab2030cacd00b675a176bb62d9a1c86f7b093e187cce6caa442da9506b75c,0ef52dddff9ea1c4f1d65b34f23e7b528a2f8e9e,37,2,0,8,6,25,25,5,5,5.0,,MIN_EXPANDED_SIZE,TIMEOUT,180.08196922600018,IN_PROGRESS,TRANSLATED_ONLY,TRANSLATE_ONLY,1,9998,499242,1067668,,,45102,1,751074a230ea4ca6829ea7ce3374e1f190284dc4ebe57420661522049e3c115b,1,96,364,36,8,,,,,,,4.9213143360002505
b2,increasingNumVariables/0027.trace,increasingNumVariables,atlas-b,eef1369c346b66bd1122b82261ff2687558f5613d70c776b649a1aacabd58a8d,0ef52dddff9ea1c4f1d65b34f23e7b528a2f8e9e,37,2,0,8,6,30,30,5,5,5.0,,MIN_EXPANDED_SIZE,TIMEOUT,180.09028802799912,IN_PROGRESS,TRANSLATED_ONLY,TRANSLATE_ONLY,1,6176,546043,1817992,,,24461,1,0a2e7d1799e2a6c6367cd900662e7d7c5c8c4310fa205399c46253b2d7094655,,,,,,,,,,,,2.667844802000218
b2,increasingNumVariables/0027.trace,increasingNumVariables,macro,eef1369c346b66bd1122b82261ff2687558f5613d70c776b649a1aacabd58a8d,0ef52dddff9ea1c4f1d65b34f23e7b528a2f8e9e,37,2,0,8,6,30,30,5,5,5.0,,MIN_EXPANDED_SIZE,TIMEOUT,180.09981134200007,IN_PROGRESS,TRANSLATED_ONLY,TRANSLATE_ONLY,1,11648,596312,1286690,,,48324,1,63894e39373bf55305a2ca6a4efddc91e86dcfefa8b52943b31938fdbaa195ea,1,96,364,36,8,,,,,,,5.82342259699999
b2,increasingNumVariables/0028.trace,increasingNumVariables,atlas-b,1b1c0b48abca612269a0a5beb3e2df127dfb1f148f79e2f87cef4d6657e029bb,0ef52dddff9ea1c4f1d65b34f23e7b528a2f8e9e,37,2,0,8,6,35,35,5,5,5.0,,MIN_EXPANDED_SIZE,TIMEOUT,180.06964792899998,IN_PROGRESS,TRANSLATED_ONLY,TRANSLATE_ONLY,1,7126,634533,2112367,,,28121,1,1e9b7b576bf8aca5c5a26c0349ff4d94ba94ded1df99680677f6751fcd3aa5fa,,,,,,,,,,,,3.8696416400007365
b2,increasingNumVariables/0028.trace,increasingNumVariables,macro,1b1c0b48abca612269a0a5beb3e2df127dfb1f148f79e2f87cef4d6657e029bb,0ef52dddff9ea1c4f1d65b34f23e7b528a2f8e9e,37,2,0,8,6,35,35,5,5,5.0,,MIN_EXPANDED_SIZE,TIMEOUT,180.10121412800072,IN_PROGRESS,TRANSLATED_ONLY,TRANSLATE_ONLY,1,13232,694644,1496498,,,59631,1,d1f116b6a075d5b016ec9a31978d58f6726a4a3ed6fced207b346fa7dc77da5f,1,96,364,36,8,,,,,,,6.472973126999932
b2,increasingNumVariables/0029.trace,increasingNumVariables,atlas-b,8a7057275ae0b67e48e560de6a18e860f8fc1cb61de272ff2366964b469ba2c9,0ef52dddff9ea1c4f1d65b34f23e7b528a2f8e9e,37,2,0,8,6,40,40,5,5,5.0,,MIN_EXPANDED_SIZE,TIMEOUT,180.06754941200052,IN_PROGRESS,TRANSLATED_ONLY,TRANSLATE_ONLY,1,8076,723023,2406742,,,31781,1,a714ff47e73088de3406f796c08162d6dbe1594d482e0ee9a17868aae6232e4e,,,,,,,,,,,,3.970526553000127
b2,increasingNumVariables/0029.trace,increasingNumVariables,macro,8a7057275ae0b67e48e560de6a18e860f8fc1cb61de272ff2366964b469ba2c9,0ef52dddff9ea1c4f1d65b34f23e7b528a2f8e9e,37,2,0,8,6,40,40,5,5,5.0,,MIN_EXPANDED_SIZE,TIMEOUT,180.09947358499994,IN_PROGRESS,TRANSLATED_ONLY,TRANSLATE_ONLY,1,14948,794356,1703790,,,54831,1,354dd39b28331499767271147b0ba3b1c55247b03e071bda4fc58bdc73e96c07,1,96,364,36,8,,,,,,,6.473352347999935
b2,increasingNumVariables/0030.trace,increasingNumVariables,atlas-b,8b5c385f728795afd3076a4ed38bf4d5c720f5e5896238927136d77c436417a8,0ef52dddff9ea1c4f1d65b34f23e7b528a2f8e9e,37,2,0,8,6,45,45,5,5,5.0,,MIN_EXPANDED_SIZE,TIMEOUT,180.12651161199938,IN_PROGRESS,TRANSLATED_ONLY,TRANSLATE_ONLY,1,9026,811513,2701117,,,35441,1,6d044ebbcba4b3295c166313ff071c7f62fd621c4e8e1cfceb98096e12a0511f,,,,,,,,,,,,5.120976424999753
b2,increasingNumVariables/0030.trace,increasingNumVariables,macro,8b5c385f728795afd3076a4ed38bf4d5c720f5e5896238927136d77c436417a8,0ef52dddff9ea1c4f1d65b34f23e7b528a2f8e9e,37,2,0,8,6,45,45,5,5,5.0,,MIN_EXPANDED_SIZE,TIMEOUT,180.11659280000003,IN_PROGRESS,TRANSLATED_ONLY,TRANSLATE_ONLY,1,16532,876666,1874928,,,61801,1,362815b93fe562e9dba9ce1d429e82d7c97340d8f3c3f02d466c3feec86dc3f5,1,96,364,36,8,,,,,,,6.8780782229996476
b2,increasingNumVariables/0031.trace,increasingNumVariables,atlas-b,b9d9c6a6bf77197e2bd0a86c6f3ffb489ac0728893e34ce2b3455f63bc22a619,0ef52dddff9ea1c4f1d65b34f23e7b528a2f8e9e,37,2,0,8,6,50,50,5,5,5.0,,MIN_EXPANDED_SIZE,TIMEOUT,180.09743184299987,IN_PROGRESS,TRANSLATED_ONLY,TRANSLATE_ONLY,1,9976,900003,2995492,,,39101,1,3bebb0a8ba3c3468cced27a2c5945ebe131be87c2bc89d9bcbd4548bf3caea0a,,,,,,,,,,,,5.171532071999536
b2,increasingNumVariables/0031.trace,increasingNumVariables,macro,b9d9c6a6bf77197e2bd0a86c6f3ffb489ac0728893e34ce2b3455f63bc22a619,0ef52dddff9ea1c4f1d65b34f23e7b528a2f8e9e,37,2,0,8,6,50,50,5,5,5.0,,MIN_EXPANDED_SIZE,TIMEOUT,180.1390929320005,IN_PROGRESS,TRANSLATED_ONLY,TRANSLATE_ONLY,1,18248,972344,2070590,,,61190,1,15e49ff4c1a7b5c1d58edcb91d4b94374f1ee41f58d10f181eab431fded6a039,1,96,364,36,8,,,,,,,7.6248964289998185
b2,increasingNumVariables/0032.trace,increasingNumVariables,atlas-b,b7cf7580413326dac839559fdca50aaec97939547f69aa0a041b6d9bb0412465,0ef52dddff9ea1c4f1d65b34f23e7b528a2f8e9e,70,2,0,8,7,15,15,5,5,5.0,,MIN_EXPANDED_SIZE,TIMEOUT,180.08384242600005,IN_PROGRESS,TRANSLATED_ONLY,TRANSLATE_ONLY,1,3536,298111,997538,,,14835,1,35bb399f289df72424b115e0ea62c7ea4334f7951d792b34127450528c587ef5,,,,,,,,,,,,1.7165171500000724
b2,increasingNumVariables/0032.trace,increasingNumVariables,macro,b7cf7580413326dac839559fdca50aaec97939547f69aa0a041b6d9bb0412465,0ef52dddff9ea1c4f1d65b34f23e7b528a2f8e9e,70,2,0,8,7,15,15,5,5,5.0,,MIN_EXPANDED_SIZE,TIMEOUT,180.07834592499967,IN_PROGRESS,TRANSLATED_ONLY,TRANSLATE_ONLY,1,6706,308688,666822,,,40318,1,6303e4df875b5e982f641702d8eff7f0ec7e505441c8edf21134fcc1d0a5faa5,1,149,694,36,8,,,,,,,3.469288811000297
b2,increasingNumVariables/0033.trace,increasingNumVariables,atlas-b,80d7b99994d4daf5e9963e4a57213517ce3e29bfda521ef5a4a9bc44fcaf6fab,0ef52dddff9ea1c4f1d65b34f23e7b528a2f8e9e,70,2,0,8,7,20,20,5,5,5.0,,MIN_EXPANDED_SIZE,TIMEOUT,180.06309196000075,IN_PROGRESS,TRANSLATED_ONLY,TRANSLATE_ONLY,1,4536,391471,1309183,,,18945,1,7d7d2b307c6e33aa275e875812975f058142dc8caf3e85258354fa192e93bae9,,,,,,,,,,,,2.6683613129998776
b2,increasingNumVariables/0033.trace,increasingNumVariables,macro,80d7b99994d4daf5e9963e4a57213517ce3e29bfda521ef5a4a9bc44fcaf6fab,0ef52dddff9ea1c4f1d65b34f23e7b528a2f8e9e,70,2,0,8,7,20,20,5,5,5.0,,MIN_EXPANDED_SIZE,TIMEOUT,180.1055086209999,IN_PROGRESS,TRANSLATED_ONLY,TRANSLATE_ONLY,1,8323,396407,842557,,,47779,1,dcb7bf5362e986864490ad0165ca2971234b61a2cb643154f04b32d71ed05d06,1,149,694,36,8,,,,,,,3.819335511000645
b2,increasingNumVariables/0034.trace,increasingNumVariables,atlas-b,7a65cd0145bf776eaf9661ae0e685ed7839a92690fa84acf04626812be97bbd3,0ef52dddff9ea1c4f1d65b34f23e7b528a2f8e9e,70,2,0,8,7,25,25,5,5,5.0,,MIN_EXPANDED_SIZE,TIMEOUT,180.09026162100054,IN_PROGRESS,TRANSLATED_ONLY,TRANSLATE_ONLY,1,5536,484831,1620828,,,23055,1,7af35e4055dde0561526a5d166ade0207de2f5bc528b5720dd80f80ed9b54e72,,,,,,,,,,,,2.617803615000412
b2,increasingNumVariables/0034.trace,increasingNumVariables,macro,7a65cd0145bf776eaf9661ae0e685ed7839a92690fa84acf04626812be97bbd3,0ef52dddff9ea1c4f1d65b34f23e7b528a2f8e9e,70,2,0,8,7,25,25,5,5,5.0,,MIN_EXPANDED_SIZE,TIMEOUT,180.0778236699989,IN_PROGRESS,TRANSLATED_ONLY,TRANSLATE_ONLY,1,9973,502935,1083353,,,51302,1,828ebff059ce972279292745d3971e989aa26167e2f34406a6426f553d046029,1,149,694,36,8,,,,,,,4.92053017499984
b2,increasingNumVariables/0035.trace,increasingNumVariables,atlas-b,15ebecdc452d631fb7707f95523a5ecc78bd0f2bff49d35ee200f63e7c5c6b2f,0ef52dddff9ea1c4f1d65b34f23e7b528a2f8e9e,70,2,0,8,7,30,30,5,5,5.0,,MIN_EXPANDED_SIZE,TIMEOUT,180.08162873699985,IN_PROGRESS,TRANSLATED_ONLY,TRANSLATE_ONLY,1,6536,578191,1932473,,,27165,1,a44a69e84358c6ec92ee0ddc693db07d4a1ce6aaed2b660478101310cfab61d1,,,,,,,,,,,,2.9686545059994387
b2,increasingNumVariables/0035.trace,increasingNumVariables,macro,15ebecdc452d631fb7707f95523a5ecc78bd0f2bff49d35ee200f63e7c5c6b2f,0ef52dddff9ea1c4f1d65b34f23e7b528a2f8e9e,70,2,0,8,7,30,30,5,5,5.0,,MIN_EXPANDED_SIZE,TIMEOUT,180.0920025059986,IN_PROGRESS,TRANSLATED_ONLY,TRANSLATE_ONLY,1,11656,594284,1275666,,,50866,1,dae5bd01f7b8e675734da52edda3e26fdd71597eb7a51688c0346893bb1744e6,1,149,694,36,8,,,,,,,5.471766329000275
b2,increasingNumVariables/0036.trace,increasingNumVariables,atlas-b,e1bd7a45a448d9c2b57fbfba8920bbc7876d3d9118b370924aae2a1290865042,0ef52dddff9ea1c4f1d65b34f23e7b528a2f8e9e,70,2,0,8,7,35,35,5,5,5.0,,MIN_EXPANDED_SIZE,TIMEOUT,180.09813135600052,IN_PROGRESS,TRANSLATED_ONLY,TRANSLATE_ONLY,1,7536,671551,2244118,,,31275,1,7625c406345e0f399eb978ee1e8a96c8916c2ac5d8b6fbc9d047151972d261bf,,,,,,,,,,,,4.0198657820001245
b2,increasingNumVariables/0036.trace,increasingNumVariables,macro,e1bd7a45a448d9c2b57fbfba8920bbc7876d3d9118b370924aae2a1290865042,0ef52dddff9ea1c4f1d65b34f23e7b528a2f8e9e,70,2,0,8,7,35,35,5,5,5.0,,MIN_EXPANDED_SIZE,TIMEOUT,180.1066988849998,IN_PROGRESS,TRANSLATED_ONLY,TRANSLATE_ONLY,1,13273,690315,1481405,,,58896,1,6b1cff887624cb7198757b70b21dc69f2b5b89792d19a19688802b6cdb604a5c,1,149,694,36,8,,,,,,,5.92195245899984
b2,increasingNumVariables/0037.trace,increasingNumVariables,atlas-b,f7f3d0810bad48df9101e5126be866be791a9f80c7449afd5126b996deaeda0b,0ef52dddff9ea1c4f1d65b34f23e7b528a2f8e9e,70,2,0,8,7,40,40,5,5,5.0,,MIN_EXPANDED_SIZE,TIMEOUT,180.08871018399986,IN_PROGRESS,TRANSLATED_ONLY,TRANSLATE_ONLY,1,8536,764911,2555763,,,35385,1,b4b3dd67b877c081f107a2a2be1866ca5760f305efd534710af79a0a7b359eb5,,,,,,,,,,,,3.8199176219995934
b2,increasingNumVariables/0037.trace,increasingNumVariables,macro,f7f3d0810bad48df9101e5126be866be791a9f80c7449afd5126b996deaeda0b,0ef52dddff9ea1c4f1d65b34f23e7b528a2f8e9e,70,2,0,8,7,40,40,5,5,5.0,,MIN_EXPANDED_SIZE,TIMEOUT,180.11480010100058,IN_PROGRESS,TRANSLATED_ONLY,TRANSLATE_ONLY,1,14956,781876,1660266,,,58184,1,668efe333e7a6715ebfc57f347659231637f8a343cf94347a8e5ba81b7b0369b,1,149,694,36,8,,,,,,,7.224330659999396
b2,increasingNumVariables/0038.trace,increasingNumVariables,atlas-b,f16cbe0b14ef8b33915104913a6a856768a9bfac70fb44cecf9831cf7984ace7,0ef52dddff9ea1c4f1d65b34f23e7b528a2f8e9e,70,2,0,8,7,45,45,5,5,5.0,,MIN_EXPANDED_SIZE,TIMEOUT,180.12965679300032,IN_PROGRESS,TRANSLATED_ONLY,TRANSLATE_ONLY,1,9536,858271,2867408,,,39495,1,90601a26be9781e51940e91ab99b09b126bdeedbf428cf81de3244d7f22d8ab4,,,,,,,,,,,,5.071102390000306
b2,increasingNumVariables/0038.trace,increasingNumVariables,macro,f16cbe0b14ef8b33915104913a6a856768a9bfac70fb44cecf9831cf7984ace7,0ef52dddff9ea1c4f1d65b34f23e7b528a2f8e9e,70,2,0,8,7,45,45,5,5,5.0,,MIN_EXPANDED_SIZE,TIMEOUT,180.16239775099893,IN_PROGRESS,TRANSLATED_ONLY,TRANSLATE_ONLY,1,16573,890727,1913273,,,65983,1,11c71dd7ecc0fbda1855f4900530e5a381dc3700a6a90db37b05bedc1b2745b3,1,149,694,36,8,,,,,,,7.675755641000251
b2,increasingNumVariables/0039.trace,increasingNumVariables,atlas-b,6870050c02c17f3d644ae520f295e016a6d1711d908c6205f2f7b3a43dc05e8a,0ef52dddff9ea1c4f1d65b34f23e7b528a2f8e9e,70,2,0,8,7,50,50,5,5,5.0,,MIN_EXPANDED_SIZE,TIMEOUT,180.13646043900007,IN_PROGRESS,TRANSLATED_ONLY,TRANSLATE_ONLY,1,10536,951631,3179053,,,43605,1,491835d8f667d4403e9b5e8985082814123cbd5599b37035519111536882c497,,,,,,,,,,,,4.920805920000021
b2,increasingNumVariables/0039.trace,increasingNumVariables,macro,6870050c02c17f3d644ae520f295e016a6d1711d908c6205f2f7b3a43dc05e8a,0ef52dddff9ea1c4f1d65b34f23e7b528a2f8e9e,70,2,0,8,7,50,50,5,5,5.0,,MIN_EXPANDED_SIZE,TIMEOUT,180.1291377180005,IN_PROGRESS,TRANSLATED_ONLY,TRANSLATE_ONLY,1,18256,973384,2075810,,,65849,1,2f5fa818dc0fabdf64a7522dfa80b6f843eac6169b1fea5e28374b22a61c0743,1,149,694,36,8,,,,,,,7.575501964999603
b2,increasingNumVariables/0040.trace,increasingNumVariables,atlas-b,921304a33cc412881d129ebc4b89f7d14cb98cbacb837b96b0d52f7480b96388,0ef52dddff9ea1c4f1d65b34f23e7b528a2f8e9e,135,2,0,8,8,15,15,5,5,5.0,,MIN_EXPANDED_SIZE,TIMEOUT,180.0617280360002,IN_PROGRESS,TRANSLATED_ONLY,TRANSLATE_ONLY,1,3750,316029,1061690,,,16189,1,1cbe74b7350be28a5c849101fc02e14535922cbcb93ec9159ca29ffb9263f638,,,,,,,,,,,,1.86684958800015
b2,increasingNumVariables/0040.trace,increasingNumVariables,macro,921304a33cc412881d129ebc4b89f7d14cb98cbacb837b96b0d52f7480b96388,0ef52dddff9ea1c4f1d65b34f23e7b528a2f8e9e,135,2,0,8,8,15,15,5,5,5.0,,MIN_EXPANDED_SIZE,TIMEOUT,180.08824175500013,IN_PROGRESS,TRANSLATED_ONLY,TRANSLATE_ONLY,1,6714,311190,677776,,,41616,1,1fb55cb989d71e53a4f03cca2e050f02392ae0bb148127fabb822ec3f3411711,1,149,1344,36,8,,,,,,,3.87052094199953
b2,increasingNumVariables/0041.trace,increasingNumVariables,atlas-b,bcdfd5e3a50997933d37a3c35bdcfe4532a2a6f2c2944afca3bc396dbc775e81,0ef52dddff9ea1c4f1d65b34f23e7b528a2f8e9e,135,2,0,8,8,20,20,5,5,5.0,,MIN_EXPANDED_SIZE,TIMEOUT,180.06349364999915,IN_PROGRESS,TRANSLATED_ONLY,TRANSLATE_ONLY,1,4800,414259,1390605,,,20749,1,0052c71d0d8ab8c2ac545dc15d304a3a5ac217a967af9b2b1d9d0f04dbb417ef,,,,,,,,,,,,2.3175683459994616
b2,increasingNumVariables/0041.trace,increasingNumVariables,macro,bcdfd5e3a50997933d37a3c35bdcfe4532a2a6f2c2944afca3bc396dbc775e81,0ef52dddff9ea1c4f1d65b34f23e7b528a2f8e9e,135,2,0,8,8,20,20,5,5,5.0,,MIN_EXPANDED_SIZE,TIMEOUT,180.12834448799913,IN_PROGRESS,TRANSLATED_ONLY,TRANSLATE_ONLY,1,8364,401332,860306,,,45551,1,892906298add573f40bccfa3f60a65782d986f8581cc4e7bb4d349d94cdd4f67,1,149,1344,36,8,,,,,,,4.570480998999301
b2,increasingNumVariables/0042.trace,increasingNumVariables,atlas-b,6fb57c460326b18a306bcbac89f5dd24e4638385447c38cf39c934ad658135f3,0ef52dddff9ea1c4f1d65b34f23e7b528a2f8e9e,135,2,0,8,8,25,25,5,5,5.0,,MIN_EXPANDED_SIZE,TIMEOUT,180.07250636400022,IN_PROGRESS,TRANSLATED_ONLY,TRANSLATE_ONLY,1,5850,512489,1719520,,,25309,1,0d718722b9940c8afc06f232f8d3d51262c8560a8e3127652e8d6f1a246e05d1,,,,,,,,,,,,2.6675634120001632
b2,increasingNumVariables/0042.trace,increasingNumVariables,macro,6fb57c460326b18a306bcbac89f5dd24e4638385447c38cf39c934ad658135f3,0ef52dddff9ea1c4f1d65b34f23e7b528a2f8e9e,135,2,0,8,8,25,25,5,5,5.0,,MIN_EXPANDED_SIZE,TIMEOUT,180.12501376100045,IN_PROGRESS,TRANSLATED_ONLY,TRANSLATE_ONLY,1,10014,499770,1072104,,,49772,1,9c856b6fa5e05401a75d6b55501ec63d67d550d337a190faf3608e3660351d3b,1,149,1344,36,8,,,,,,,4.720734966999771
b2,increasingNumVariables/0043.trace,increasingNumVariables,atlas-b,e3c1b84a1d5289ce903b49dc1172b72bd22a43e0a7b8320078e4b49fa2c56a74,0ef52dddff9ea1c4f1d65b34f23e7b528a2f8e9e,135,2,0,8,8,30,30,5,5,5.0,,MIN_EXPANDED_SIZE,TIMEOUT,180.06198021099954,IN_PROGRESS,TRANSLATED_ONLY,TRANSLATE_ONLY,1,6900,610719,2048435,,,29869,1,587202ada05d277383cb46bccfc74ce0be7b0910b3eb4e2086367d34c9cc5f6d,,,,,,,,,,,,3.9198308120003276
b2,increasingNumVariables/0043.trace,increasingNumVariables,macro,e3c1b84a1d5289ce903b49dc1172b72bd22a43e0a7b8320078e4b49fa2c56a74,0ef52dddff9ea1c4f1d65b34f23e7b528a2f8e9e,135,2,0,8,8,30,30,5,5,5.0,,MIN_EXPANDED_SIZE,TIMEOUT,180.11021763200006,IN_PROGRESS,TRANSLATED_ONLY,TRANSLATE_ONLY,1,11631,594327,1269769,,,57975,1,32310acfc7c2111ad0e1d9f70120c08aa7792e302adf7aeacb2f91bfaa4ee60f,1,149,1344,36,8,,,,,,,5.8717560770001
b2,increasingNumVariables/0044.trace,increasingNumVariables,atlas-b,c9802ea70fc2803345a2dcdd124d7ba6278f5d6c9e712933544a8ee2676a66a4,0ef52dddff9ea1c4f1d65b34f23e7b528a2f8e9e,135,2,0,8,8,35,35,5,5,5.0,,MIN_EXPANDED_SIZE,TIMEOUT,180.0838283030007,IN_PROGRESS,TRANSLATED_ONLY,TRANSLATE_ONLY,1,7950,708949,2377350,,,34429,1,82612bbd83558802a58c061ec744f08a3cf7f0f054bb47b208328836bb42e88b,,,,,,,,,,,,3.7195026809995397
b2,increasingNumVariables/0044.trace,increasingNumVariables,macro,c9802ea70fc2803345a2dcdd124d7ba6278f5d6c9e712933544a8ee2676a66a4,0ef52dddff9ea1c4f1d65b34f23e7b528a2f8e9e,135,2,0,8,8,35,35,5,5,5.0,,MIN_EXPANDED_SIZE,TIMEOUT,180.08854163900014,IN_PROGRESS,TRANSLATED_ONLY,TRANSLATE_ONLY,1,13314,688774,1466292,,,57730,1,f43e058f2c6e49fa14fd3e543dd7fb7ff0d672d5e1bbc8868dfed7105f498566,1,149,1344,36,8,,,,,,,7.0248246009996365
b2,increasingNumVariables/0045.trace,increasingNumVariables,atlas-b,6032579f6defb002bb46a059d3c5de3598e3390aa67e72422d157126b8156c03,0ef52dddff9ea1c4f1d65b34f23e7b528a2f8e9e,135,2,0,8,8,40,40,5,5,5.0,,MIN_EXPANDED_SIZE,TIMEOUT,180.10063313300088,IN_PROGRESS,TRANSLATED_ONLY,TRANSLATE_ONLY,1,9000,807179,2706265,,,38989,1,5c9fdf20c7865f7ff5e19b654adeca68cc4bde929590349b23a1b4ac5716a425,,,,,,,,,,,,4.870940290999897
b2,increasingNumVariables/0045.trace,increasingNumVariables,macro,6032579f6defb002bb46a059d3c5de3598e3390aa67e72422d157126b8156c03,0ef52dddff9ea1c4f1d65b34f23e7b528a2f8e9e,135,2,0,8,8,40,40,5,5,5.0,,MIN_EXPANDED_SIZE,TIMEOUT,180.1174968739997,IN_PROGRESS,TRANSLATED_ONLY,TRANSLATE_ONLY,1,14964,784948,1674498,,,61971,1,830169df830b31dbe41420feb1d28af3f7c0812e2ae9fd1aeab22702b4ce7586,1,149,1344,36,8,,,,,,,7.025229909999325
b2,increasingNumVariables/0046.trace,increasingNumVariables,atlas-b,8fef935035582b3dde4e6bb202410be827fe5d53228fb24cd3d34a3e55070a04,0ef52dddff9ea1c4f1d65b34f23e7b528a2f8e9e,135,2,0,8,8,45,45,5,5,5.0,,MIN_EXPANDED_SIZE,TIMEOUT,180.13339377500006,IN_PROGRESS,TRANSLATED_ONLY,TRANSLATE_ONLY,1,10050,905409,3035180,,,43549,1,41847ff26209ec4894ee0cf3fc887a9a6f86ec202c7842316d22868b7f9dd4c7,,,,,,,,,,,,5.072273763999874
b2,increasingNumVariables/0046.trace,increasingNumVariables,macro,8fef935035582b3dde4e6bb202410be827fe5d53228fb24cd3d34a3e55070a04,0ef52dddff9ea1c4f1d65b34f23e7b528a2f8e9e,135,2,0,8,8,45,45,5,5,5.0,,MIN_EXPANDED_SIZE,TIMEOUT,180.18162949699945,IN_PROGRESS,TRANSLATED_ONLY,TRANSLATE_ONLY,1,16614,887858,1897176,,,65635,1,60ca00cd6c52fb4581f379f1fd994973768ebe66522b25b2f4a45f1dc61ab996,1,149,1344,36,8,,,,,,,6.574552855000547
b2,increasingNumVariables/0047.trace,increasingNumVariables,atlas-b,d83e3e0d444e396bd86ddd61765b6e891130500f803ad83b5af12213228a973a,0ef52dddff9ea1c4f1d65b34f23e7b528a2f8e9e,135,2,0,8,8,50,50,5,5,5.0,,MIN_EXPANDED_SIZE,TIMEOUT,180.13097544100128,IN_PROGRESS,TRANSLATED_ONLY,TRANSLATE_ONLY,1,11100,1003639,3364095,,,48109,1,d37add4d0404e1f4585598914c43cace6fc3f356d2853d719fc7ae1f6ed29de1,,,,,,,,,,,,4.971239269999387
b2,increasingNumVariables/0047.trace,increasingNumVariables,macro,d83e3e0d444e396bd86ddd61765b6e891130500f803ad83b5af12213228a973a,0ef52dddff9ea1c4f1d65b34f23e7b528a2f8e9e,135,2,0,8,8,50,50,5,5,5.0,,MIN_EXPANDED_SIZE,TIMEOUT,180.1240822929999,IN_PROGRESS,TRANSLATED_ONLY,TRANSLATE_ONLY,1,18231,974135,2074221,,,73840,1,b8823d4f62fdb36f1f50eef6b1fe468eda9c1f476570d2faa34cf02d64ed3e6d,1,149,1344,36,8,,,,,,,7.675286081000195
b2,increasingNumVariables/0048.trace,increasingNumVariables,atlas-b,d4aed58d55a4dd87c058e28a7fc96aad2ca4e792a98ea7b77176a065bc08327a,0ef52dddff9ea1c4f1d65b34f23e7b528a2f8e9e,264,2,0,8,9,15,15,5,5,5.0,,MIN_EXPANDED_SIZE,TIMEOUT,180.08007356500002,IN_PROGRESS,TRANSLATED_ONLY,TRANSLATE_ONLY,1,3968,339679,1147732,,,17543,1,d0a00a1ff57a2b07f27fef4f41f53d5958e303895741163cffae240e3ed2e563,,,,,,,,,,,,2.016760322000664
b2,increasingNumVariables/0048.trace,increasingNumVariables,macro,d4aed58d55a4dd87c058e28a7fc96aad2ca4e792a98ea7b77176a065bc08327a,0ef52dddff9ea1c4f1d65b34f23e7b528a2f8e9e,264,2,0,8,9,15,15,5,5,5.0,,MIN_EXPANDED_SIZE,TIMEOUT,180.0970106649993,IN_PROGRESS,TRANSLATED_ONLY,TRANSLATE_ONLY,1,6722,309808,668802,,,43131,1,0d5e7ea403d327c1a8f7d0e1a180f08ad8f7d260130cb0f1aca5ea0b81893155,1,149,2634,36,8,,,,,,,3.4686822759995266
b2,increasingNumVariables/0049.trace,increasingNumVariables,atlas-b,888c878df35bb95348487ec57bff7a3354f32ccc2a9f41ac35851a4eadfe2afc,0ef52dddff9ea1c4f1d65b34f23e7b528a2f8e9e,264,2,0,8,9,20,20,5,5,5.0,,MIN_EXPANDED_SIZE,TIMEOUT,180.0755749079999,IN_PROGRESS,TRANSLATED_ONLY,TRANSLATE_ONLY,1,5068,442779,1493917,,,22553,1,2ba74376e5f536bd75b7d2fe62b8d2a2da7ae28949c66271162197daecb56160,,,,,,,,,,,,2.4174500749995786
b2,increasingNumVariables/0049.trace,increasingNumVariables,macro,888c878df35bb95348487ec57bff7a3354f32ccc2a9f41ac35851a4eadfe2afc,0ef52dddff9ea1c4f1d65b34f23e7b528a2f8e9e,264,2,0,8,9,20,20,5,5,5.0,,MIN_EXPANDED_SIZE,TIMEOUT,180.08706743900075,IN_PROGRESS,TRANSLATED_ONLY,TRANSLATE_ONLY,1,8372,407932,879946,,,47464,1,fe4b07d0e6b5ce53777c511bb64e1e0c8f44ac9b693facd024c02c9a564a162b,1,149,2634,36,8,,,,,,,4.120638127000348
b2,increasingNumVariables/0050.trace,increasingNumVariables,atlas-b,10fc0669200495687049d1e77843d7dc13d096e88b0771a03def8e260f50dbbb,0ef52dddff9ea1c4f1d65b34f23e7b528a2f8e9e,264,2,0,8,9,25,25,5,5,5.0,,MIN_EXPANDED_SIZE,TIMEOUT,180.10284622899962,IN_PROGRESS,TRANSLATED_ONLY,TRANSLATE_ONLY,1,6168,545879,1840102,,,27563,1,e679c5ed079860ef779988d3b648ea326204bc7490104fad0667466356cbdd52,,,,,,,,,,,,2.7181962109998494
b2,increasingNumVariables/0050.trace,increasingNumVariables,macro,10fc0669200495687049d1e77843d7dc13d096e88b0771a03def8e260f50dbbb,0ef52dddff9ea1c4f1d65b34f23e7b528a2f8e9e,264,2,0,8,9,25,25,5,5,5.0,,MIN_EXPANDED_SIZE,TIMEOUT,180.09645048200036,IN_PROGRESS,TRANSLATED_ONLY,TRANSLATE_ONLY,1,10022,497504,1055766,,,51784,1,ac7bbc58d209429f65722cb22f70a1c4cb0736ff34409b5f519cef9ed2895472,1,149,2634,36,8,,,,,,,5.221438139000384
b2,increasingNumVariables/0051.trace,increasingNumVariables,atlas-b,6672bdeac2b4622012f73f35569222cb61266182f5219bbd6e46b4af8cb2da19,0ef52dddff9ea1c4f1d65b34f23e7b528a2f8e9e,264,2,0,8,9,30,30,5,5,5.0,,MIN_EXPANDED_SIZE,TIMEOUT,180.0898221490006,IN_PROGRESS,TRANSLATED_ONLY,TRANSLATE_ONLY,1,7268,648979,2186287,,,32573,1,eb4185c3cf8cedf8f06776510a4454ce3708ed26ee1d481e60e8dce195154c92,,,,,,,,,,,,3.9703681199998755
b2,increasingNumVariables/0051.trace,increasingNumVariables,macro,6672bdeac2b4622012f73f35569222cb61266182f5219bbd6e46b4af8cb2da19,0ef52dddff9ea1c4f1d65b34f23e7b528a2f8e9e,264,2,0,8,9,30,30,5,5,5.0,,MIN_EXPANDED_SIZE,TIMEOUT,180.1426112500003,IN_PROGRESS,TRANSLATED_ONLY,TRANSLATE_ONLY,1,11672,592708,1260098,,,56381,1,00f25395aee1efc452f0dc8307ab91a29d84e6c334db515c344d3e608aca4541,1,149,2634,36,8,,,,,,,5.272555806999662
b2,increasingNumVariables/0052.trace,increasingNumVariables,atlas-b,2a19bc3133fc529e868e3edd14b0b7f45a305e34c253078a07b7b224493dbf1b,0ef52dddff9ea1c4f1d65b34f23e7b528a2f8e9e,264,2,0,8,9,35,35,5,5,5.0,,MIN_EXPANDED_SIZE,TIMEOUT,180.0974152609997,IN_PROGRESS,TRANSLATED_ONLY,TRANSLATE_ONLY,1,8368,752079,2532472,,,37583,1,7ccb911cbe3a1e7541150e336f98d5d29378f83533ac2a91f2780690a4a6cf79,,,,,,,,,,,,3.469770071000312
b2,increasingNumVariables/0052.trace,increasingNumVariables,macro,2a19bc3133fc529e868e3edd14b0b7f45a305e34c253078a07b7b224493dbf1b,0ef52dddff9ea1c4f1d65b34f23e7b528a2f8e9e,264,2,0,8,9,35,35,5,5,5.0,,MIN_EXPANDED_SIZE,TIMEOUT,180.11614700800055,IN_PROGRESS,TRANSLATED_ONLY,TRANSLATE_ONLY,1,13289,688915,1474793,,,64920,1,9e21cfc0da72040bc6b2815b627cde5148e6af5ccc31e9d3440bded940fcf472,1,149,2634,36,8,,,,,,,5.622413679000601
b2,increasingNumVariables/0053.trace,increasingNumVariables,atlas-b,d70cff45984c889f671bc720917824f84e7363cb11be2e73086593ea4d075b6c,0ef52dddff9ea1c4f1d65b34f23e7b528a2f8e9e,264,2,0,8,9,40,40,5,5,5.0,,MIN_EXPANDED_SIZE,TIMEOUT,180.11048244300036,IN_PROGRESS,TRANSLATED_ONLY,TRANSLATE_ONLY,1,9468,855179,2878657,,,42593,1,8868fe1661854463a7405bc80e47fb66db6df20066fbe8d9f4e16120779d9bd4,,,,,,,,,,,,5.371194835000097
b2,increasingNumVariables/0053.trace,increasingNumVariables,macro,d70cff45984c889f671bc720917824f84e7363cb11be2e73086593ea4d075b6c,0ef52dddff9ea1c4f1d65b34f23e7b528a2f8e9e,264,2,0,8,9,40,40,5,5,5.0,,MIN_EXPANDED_SIZE,TIMEOUT,180.15516360900074,IN_PROGRESS,TRANSLATED_ONLY,TRANSLATE_ONLY,1,14972,780152,1652066,,,65289,1,9d2addd223bed93567e1f28476262eb5e609275780a99d24f13ae3101dfe590f,1,149,2634,36,8,,,,,,,7.173823820000507
b2,increasingNumVariables/0054.trace,increasingNumVariables,atlas-b,ee356efe02576d0c3b952575033ba350d4966db4ff0addd2363e3e069310b2b5,0ef52dddff9ea1c4f1d65b34f23e7b528a2f8e9e,264,2,0,8,9,45,45,5,5,5.0,,MIN_EXPANDED_SIZE,TIMEOUT,180.13284862699948,IN_PROGRESS,TRANSLATED_ONLY,TRANSLATE_ONLY,1,10568,958279,3224842,,,47603,1,1357c94f4757735c72390c29f0e5a9546a44d03b346ad5725f0fb90d097218b8,,,,,,,,,,,,4.923006347999944
b2,increasingNumVariables/0054.trace,increasingNumVariables,macro,ee356efe02576d0c3b952575033ba350d4966db4ff0addd2363e3e069310b2b5,0ef52dddff9ea1c4f1d65b34f23e7b528a2f8e9e,264,2,0,8,9,45,45,5,5,5.0,,MIN_EXPANDED_SIZE,TIMEOUT,180.15411515899905,IN_PROGRESS,TRANSLATED_ONLY,TRANSLATE_ONLY,1,16622,891836,1914218,,,69778,1,210917f9e7d7c254c654b1a2d861b5270fa1517b6905e3f6a22f89f8c3729fd1,1,149,2634,36,8,,,,,,,7.625751695999497
b2,increasingNumVariables/0055.trace,increasingNumVariables,atlas-b,b849ed540620164df9234045e83c5dad83662531ec99376f60641f18d283a6e5,0ef52dddff9ea1c4f1d65b34f23e7b528a2f8e9e,264,2,0,8,9,50,50,5,5,5.0,,MIN_EXPANDED_SIZE,TIMEOUT,180.13017352600036,IN_PROGRESS,TRANSLATED_ONLY,TRANSLATE_ONLY,1,11668,1061379,3571027,,,52613,1,ce2eab87cf77ffebf4a60cbec5b119c63c5ee796a92d90b3ffaac3b73ee145cd,,,,,,,,,,,,5.0708631519992196
b2,increasingNumVariables/0055.trace,increasingNumVariables,macro,b849ed540620164df9234045e83c5dad83662531ec99376f60641f18d283a6e5,0ef52dddff9ea1c4f1d65b34f23e7b528a2f8e9e,264,2,0,8,9,50,50,5,5,5.0,,MIN_EXPANDED_SIZE,TIMEOUT,180.12321696399977,IN_PROGRESS,TRANSLATED_ONLY,TRANSLATE_ONLY,1,18272,982800,2099818,,,74372,1,8a688e23d80b039c292076f47e9d7cb2e08557b3bab94582f628baac8b4688b6,1,149,2634,36,8,,,,,,,9.278051250999852
b2,moreDetailedTest/0001.trace,moreDetailedTest,atlas-b,4cf4d87b6dcf64d2fe396c8941ee439eef2c07ee0bb76745f986cfca6ad38387,0ef52dddff9ea1c4f1d65b34f23e7b528a2f8e9e,10,2,0,8,3,100,100,5,5,5.0,,MIN_EXPANDED_SIZE,TIMEOUT,180.11604498400084,IN_PROGRESS,TRANSLATED_ONLY,TRANSLATE_ONLY,1,16320,1485957,4878346,,,48689,1,2a4462a4eb867c0f9290f17a6f2cd3b66212050754b141c7b7c72f48c50c597f,,,,,,,,,,,,8.225100446000397
b2,moreDetailedTest/0001.trace,moreDetailedTest,macro,4cf4d87b6dcf64d2fe396c8941ee439eef2c07ee0bb76745f986cfca6ad38387,0ef52dddff9ea1c4f1d65b34f23e7b528a2f8e9e,10,2,0,8,3,100,100,5,5,5.0,,MIN_EXPANDED_SIZE,TIMEOUT,180.16673564400025,IN_PROGRESS,TRANSLATED_ONLY,TRANSLATE_ONLY,1,33965,1851051,3909297,,,90925,1,dae557ed1b22bc7dc4ad76da7fe34de1a58282dbc2ba3eee5d6d99d18274c453,1,42,94,36,8,,,,,,,13.283894339999279
b2,moreDetailedTest/0002.trace,moreDetailedTest,atlas-b,5084c81afcaf06b16b6902315076bf6112f989b054fa18b89b040908463c4d2a,0ef52dddff9ea1c4f1d65b34f23e7b528a2f8e9e,10,2,0,8,3,10,10,5,5,5.0,,MIN_EXPANDED_SIZE,TIMEOUT,180.0357277080002,IN_PROGRESS,TRANSLATED_ONLY,TRANSLATE_ONLY,1,1920,156117,512176,,,7109,1,c84c00f94151cbb6a716cd0d267e94ccda3af2778b76f5ff5c670e6975d614eb,,,,,,,,,,,,1.2162871299997278
b2,moreDetailedTest/0002.trace,moreDetailedTest,macro,5084c81afcaf06b16b6902315076bf6112f989b054fa18b89b040908463c4d2a,0ef52dddff9ea1c4f1d65b34f23e7b528a2f8e9e,10,2,0,8,3,10,10,5,5,5.0,,MIN_EXPANDED_SIZE,TIMEOUT,180.0739845979988,IN_PROGRESS,TRANSLATED_ONLY,TRANSLATE_ONLY,1,4958,204570,441992,,,40775,1,187ee8dd246f506887780bb1152962be1b332d6655c1681facb25e7364a2a20d,1,42,94,36,8,,,,,,,2.8683719190003103
b2,moreDetailedTest/0003.trace,moreDetailedTest,atlas-b,f9f5d3d029d409c5305aa6b97040981e8b92e9d8395100b7b255f1b519919b40,0ef52dddff9ea1c4f1d65b34f23e7b528a2f8e9e,10,2,0,8,3,125,125,5,5,5.0,,MIN_EXPANDED_SIZE,TIMEOUT,180.216526876,IN_PROGRESS,TRANSLATED_ONLY,TRANSLATE_ONLY,1,20320,1855356,6091170,,,60289,1,55dcae8d4edae3b8f29dcf849731eca459252521ba0e825ab64e29c7775548de,,,,,,,,,,,,9.87971276099961
b2,moreDetailedTest/0003.trace,moreDetailedTest,macro,f9f5d3d029d409c5305aa6b97040981e8b92e9d8395100b7b255f1b519919b40,0ef52dddff9ea1c4f1d65b34f23e7b528a2f8e9e,10,2,0,8,3,125,125,5,5,5.0,,MIN_EXPANDED_SIZE,TIMEOUT,180.28974954099976,IN_PROGRESS,TRANSLATED_ONLY,TRANSLATE_ONLY,1,41984,2312016,4866558,,,103467,1,1f0e8d4ff3b3b4f9b86351e4be95340e1f498c93674fc34ae39cff777d070d1d,1,42,94,36,8,,,,,,,16.28622312599964
b2,moreDetailedTest/0004.trace,moreDetailedTest,atlas-b,e136448c7c701e599a0b3efdcad78036bb9e505fbf0def50d71a99f2f147e298,0ef52dddff9ea1c4f1d65b34f23e7b528a2f8e9e,10,2,0,8,3,150,150,5,5,5.0,,MIN_EXPANDED_SIZE,TIMEOUT,180.23995317599974,IN_PROGRESS,TRANSLATED_ONLY,TRANSLATE_ONLY,1,24320,2224757,7303996,,,71889,1,7cb5a2d71c762abe7a6c79922fee7f2d7ae25f46a476661356b0487398ca8b7e,,,,,,,,,,,,9.326523944000655
b2,moreDetailedTest/0004.trace,moreDetailedTest,macro,e136448c7c701e599a0b3efdcad78036bb9e505fbf0def50d71a99f2f147e298,0ef52dddff9ea1c4f1d65b34f23e7b528a2f8e9e,10,2,0,8,3,150,150,5,5,5.0,,MIN_EXPANDED_SIZE,TIMEOUT,180.24052157100004,IN_PROGRESS,TRANSLATED_ONLY,TRANSLATE_ONLY,1,49640,2759206,5831516,,,107210,1,0b0792da842b9fc3e70f7ed61a502d42a6da9f07d91f02f6b9f34bdbc3ef0bc3,1,42,94,36,8,,,,,,,17.53819289600051
b2,moreDetailedTest/0005.trace,moreDetailedTest,atlas-b,de22b10e381746d23576b1b6da56d8fb96336abaa7a8fcf3af83451d90b053dc,0ef52dddff9ea1c4f1d65b34f23e7b528a2f8e9e,10,2,0,8,3,175,175,5,5,5.0,,MIN_EXPANDED_SIZE,TIMEOUT,180.59841464799956,IN_PROGRESS,TRANSLATED_ONLY,TRANSLATE_ONLY,1,28320,2594157,8516821,,,83489,1,1caeff556f8ea79efa50f57c02784a6b013fbfae0dab07f252a481a5c1f6b532,,,,,,,,,,,,14.735062437000124
b2,moreDetailedTest/0005.trace,moreDetailedTest,macro,de22b10e381746d23576b1b6da56d8fb96336abaa7a8fcf3af83451d90b053dc,0ef52dddff9ea1c4f1d65b34f23e7b528a2f8e9e,10,2,0,8,3,175,175,5,5,5.0,,MIN_EXPANDED_SIZE,TIMEOUT,180.2228399809992,IN_PROGRESS,TRANSLATED_ONLY,TRANSLATE_ONLY,1,57791,3218575,6801241,,,126538,1,76b024b815f5dd0956b7f77ea60a09daa225393066fbeb92186b9759650b846f,1,42,94,36,8,,,,,,,21.49507081200045
b2,moreDetailedTest/0006.trace,moreDetailedTest,atlas-b,43b61c5334fb0f3169a01dbea98283428ad2fd75d05a745550f085f3e521d13e,0ef52dddff9ea1c4f1d65b34f23e7b528a2f8e9e,10,2,0,8,3,200,200,5,5,5.0,,MIN_EXPANDED_SIZE,TIMEOUT,180.26709924399984,IN_PROGRESS,TRANSLATED_ONLY,TRANSLATE_ONLY,1,32320,2963557,9729646,,,95089,1,a89b8035f03d741ccf0b1d9a406b3dbdb8aa1dc690d624c25ba16f487bb4795d,,,,,,,,,,,,14.28490814899942
b2,moreDetailedTest/0006.trace,moreDetailedTest,macro,43b61c5334fb0f3169a01dbea98283428ad2fd75d05a745550f085f3e521d13e,0ef52dddff9ea1c4f1d65b34f23e7b528a2f8e9e,10,2,0,8,3,200,200,5,5,5.0,,MIN_EXPANDED_SIZE,TIMEOUT,180.28545597099946,IN_PROGRESS,TRANSLATED_ONLY,TRANSLATE_ONLY,1,65810,3697815,7848265,,,134046,1,fa0d150d4ad95978d02c4fffb4b28f55c625b02602d988121f23a70e4fcd1f42,1,42,94,36,8,,,,,,,22.69564834799985
b2,moreDetailedTest/0007.trace,moreDetailedTest,atlas-b,7a0a09d61e11823dea8fbf76baf9035e3e954de856ccb0f15a0ad3ecfe085e64,0ef52dddff9ea1c4f1d65b34f23e7b528a2f8e9e,10,2,0,8,3,250,250,5,5,5.0,,MIN_EXPANDED_SIZE,TIMEOUT,180.31428206200007,IN_PROGRESS,TRANSLATED_ONLY,TRANSLATE_ONLY,1,40320,3702356,12155295,,,118289,1,9f94715c862a1a6302e751ecdd54776f28e8912e0746e8be8f875fae18372a61,,,,,,,,,,,,18.240734269999848
b2,moreDetailedTest/0007.trace,moreDetailedTest,macro,7a0a09d61e11823dea8fbf76baf9035e3e954de856ccb0f15a0ad3ecfe085e64,0ef52dddff9ea1c4f1d65b34f23e7b528a2f8e9e,10,2,0,8,3,250,250,5,5,5.0,,MIN_EXPANDED_SIZE,TIMEOUT,180.300566281001,IN_PROGRESS,TRANSLATED_ONLY,TRANSLATE_ONLY,1,81320,4566161,9659771,,,153880,1,a041ba6d692d149b32debe2e3ca9b0584839bce1a385758c50539a0df46bbc12,1,42,94,36,8,,,,,,,31.106569024000237
b2,moreDetailedTest/0008.trace,moreDetailedTest,atlas-b,81fcf02a9c3188214421026ae6f166dd3b5ccadc1ba4fa7e068e9ba3f4817ce9,0ef52dddff9ea1c4f1d65b34f23e7b528a2f8e9e,10,2,0,8,3,300,300,5,5,5.0,,MIN_EXPANDED_SIZE,TIMEOUT,180.3499746839998,IN_PROGRESS,TRANSLATED_ONLY,TRANSLATE_ONLY,1,48320,4441157,14580946,,,141489,1,ecb4d989b6950cb542a4773d76c559cda3cfb8cda596e4ce08bdb1d338b21a3c,,,,,,,,,,,,22.048056595000162
b2,moreDetailedTest/0008.trace,moreDetailedTest,macro,81fcf02a9c3188214421026ae6f166dd3b5ccadc1ba4fa7e068e9ba3f4817ce9,0ef52dddff9ea1c4f1d65b34f23e7b528a2f8e9e,10,2,0,8,3,300,300,5,5,5.0,,MIN_EXPANDED_SIZE,TIMEOUT,180.3678641510005,IN_PROGRESS,TRANSLATED_ONLY,TRANSLATE_ONLY,1,97589,5502161,11645967,,,178361,1,c3b0dfbc2cd84da6a1e8f183988cb79851a5718daafe7b873b402c5ff9c720b7,1,42,94,36,8,,,,,,,41.02536194100048
b2,moreDetailedTest/0009.trace,moreDetailedTest,atlas-b,56790fbff4317f35615723262cdac2582549afa62898ba3f81853102ff753346,0ef52dddff9ea1c4f1d65b34f23e7b528a2f8e9e,10,2,0,8,3,350,350,5,5,5.0,,MIN_EXPANDED_SIZE,TIMEOUT,180.35913045300003,IN_PROGRESS,TRANSLATED_ONLY,TRANSLATE_ONLY,1,56320,5179956,17006595,,,164689,1,8623338a48eb46bbe14ede711ea372cedf724426d6001713bc5b7054f1328134,,,,,,,,,,,,25.5498244850005
b2,moreDetailedTest/0009.trace,moreDetailedTest,macro,56790fbff4317f35615723262cdac2582549afa62898ba3f81853102ff753346,0ef52dddff9ea1c4f1d65b34f23e7b528a2f8e9e,10,2,0,8,3,350,350,5,5,5.0,,MIN_EXPANDED_SIZE,TIMEOUT,180.40139984899997,IN_PROGRESS,TRANSLATED_ONLY,TRANSLATE_ONLY,1,113528,6388328,13480550,,,196013,1,877ec450155ba00eaf87b5afbac89448b3a69c3d9cf29b1c9b84c103f452ef7a,1,42,94,36,8,,,,,,,42.98002837700005
b2,moreDetailedTest/0010.trace,moreDetailedTest,atlas-b,5e3e0c2c5d3bd4c91cd27e1e8b1cfea9ac7a38750743a778544f7df88c109936,0ef52dddff9ea1c4f1d65b34f23e7b528a2f8e9e,10,2,0,8,3,400,400,5,5,5.0,,MIN_EXPANDED_SIZE,TIMEOUT,180.37242407099984,IN_PROGRESS,TRANSLATED_ONLY,TRANSLATE_ONLY,1,64320,5918757,19432246,,,187889,1,a411a845add1d7c8eb1f84c1f8f4dfa2882456d2375045b28400075321e10c28,,,,,,,,,,,,33.56664448899937
b2,moreDetailedTest/0010.trace,moreDetailedTest,macro,5e3e0c2c5d3bd4c91cd27e1e8b1cfea9ac7a38750743a778544f7df88c109936,0ef52dddff9ea1c4f1d65b34f23e7b528a2f8e9e,10,2,0,8,3,400,400,5,5,5.0,,MIN_EXPANDED_SIZE,TIMEOUT,180.4008420099999,IN_PROGRESS,TRANSLATED_ONLY,TRANSLATE_ONLY,1,130292,7371062,15591044,,,215907,1,62208cadff4679d52f63b70a37b3341606d2436c8b933cd57530ca13a243a6ed,1,42,94,36,8,,,,,,,53.75159098899985
b2,moreDetailedTest/0011.trace,moreDetailedTest,atlas-b,e38a5917378b9df7d12d300f9eb69929ec77ddb6206f1394ba703e78f7785083,0ef52dddff9ea1c4f1d65b34f23e7b528a2f8e9e,10,2,0,8,3,500,500,5,5,5.0,,MIN_EXPANDED_SIZE,TIMEOUT,180.4241974100005,IN_PROGRESS,TRANSLATED_ONLY,TRANSLATE_ONLY,1,80320,7396357,24283546,,,234289,1,0ba33f2485a59da6d5b7a7cb48a5809c3ee89f5fda4b949639f6554cc20a415a,,,,,,,,,,,,41.5262816960003
b2,moreDetailedTest/0011.trace,moreDetailedTest,macro,e38a5917378b9df7d12d300f9eb69929ec77ddb6206f1394ba703e78f7785083,0ef52dddff9ea1c4f1d65b34f23e7b528a2f8e9e,10,2,0,8,3,500,500,5,5,5.0,,MIN_EXPANDED_SIZE,TIMEOUT,180.40659889999915,IN_PROGRESS,TRANSLATED_ONLY,TRANSLATE_ONLY,1,161807,9160061,19323995,,,258175,1,9f08f8b8117a6c810b6700fa560897918fb02b30ae7b70b90dd7da364f6492ab,1,42,94,36,8,,,,,,,65.27359814899955
b2,moreDetailedTest/0012.trace,moreDetailedTest,atlas-b,20038ffb35a9422faf3a508b108755482e87fe9c437e1e9a725582cd1d97d490,0ef52dddff9ea1c4f1d65b34f23e7b528a2f8e9e,10,2,0,8,3,50,50,5,5,5.0,,MIN_EXPANDED_SIZE,TIMEOUT,180.1128176150005,IN_PROGRESS,TRANSLATED_ONLY,TRANSLATE_ONLY,1,8320,747157,2452696,,,25589,1,26d06022ebfa35aec0c78c96a1be329b7f66081a34911cdc2f202693f7885ff2,,,,,,,,,,,,4.019428188000347
b2,moreDetailedTest/0012.trace,moreDetailedTest,macro,20038ffb35a9422faf3a508b108755482e87fe9c437e1e9a725582cd1d97d490,0ef52dddff9ea1c4f1d65b34f23e7b528a2f8e9e,10,2,0,8,3,50,50,5,5,5.0,,MIN_EXPANDED_SIZE,TIMEOUT,180.15616659900115,IN_PROGRESS,TRANSLATED_ONLY,TRANSLATE_ONLY,1,17828,945160,2013918,,,64017,1,b0a2d5bda12848136bb7cdf1caf0f6d560cbc0282784bfe01a167fe6460dea41,1,42,94,36,8,,,,,,,7.525793019000048
b2,moreDetailedTest/0013.trace,moreDetailedTest,atlas-b,4880f6359b196b71ec8d7d3876a1de65b2cb1d331add5ead63fe22ec98cb9ba3,0ef52dddff9ea1c4f1d65b34f23e7b528a2f8e9e,10,2,0,8,3,5,5,5,5,5.0,,MIN_EXPANDED_SIZE,SAT,2.555403505999493,PASSED,REUSED_E4,E4_REUSED,0,1120,82237,269611,,,4809,1,d4adcb4013b21f071c5c971172e7c2dec0da4e663b4b47db51ca96c5cbeb64f2,,,,,8,,,,,,,0
b2,moreDetailedTest/0013.trace,moreDetailedTest,macro,4880f6359b196b71ec8d7d3876a1de65b2cb1d331add5ead63fe22ec98cb9ba3,0ef52dddff9ea1c4f1d65b34f23e7b528a2f8e9e,10,2,0,8,3,5,5,5,5,5.0,,MIN_EXPANDED_SIZE,SAT,3.3824437910000142,PASSED,REUSED_E4,E4_REUSED,0,3341,113522,251596,,,30671,1,58efc03f49fe5c82c70a9a033830d9829fc4faa395beafadf85b86f9e5c6d328,1,42,94,36,8,2,0.6666666666666666,2,2,3,,0
b2,moreDetailedTest/0014.trace,moreDetailedTest,atlas-b,ba75fbfc0ad01cc18fc4806b36dde4b7b6f65bfc9dd04659b0fc087e4c2ae893,0ef52dddff9ea1c4f1d65b34f23e7b528a2f8e9e,10,2,0,8,3,75,75,5,5,5.0,,MIN_EXPANDED_SIZE,TIMEOUT,180.13640610100083,IN_PROGRESS,TRANSLATED_ONLY,TRANSLATE_ONLY,1,12320,1116557,3665521,,,37139,1,4fb982523a6be3fe06cad49278d99e05699c983eb108be9a9c7f59f8d370e3db,,,,,,,,,,,,4.671209512999667
b2,moreDetailedTest/0014.trace,moreDetailedTest,macro,ba75fbfc0ad01cc18fc4806b36dde4b7b6f65bfc9dd04659b0fc087e4c2ae893,0ef52dddff9ea1c4f1d65b34f23e7b528a2f8e9e,10,2,0,8,3,75,75,5,5,5.0,,MIN_EXPANDED_SIZE,TIMEOUT,180.17909190399996,IN_PROGRESS,TRANSLATED_ONLY,TRANSLATE_ONLY,1,25682,1394124,2950798,,,83360,1,454fcf1cbe410044326967f9e8f436bf7a93a1db6afb166081f4a1b2ef8b3962,1,42,94,36,8,,,,,,,11.981865339000251
b2,moreDetailedTest/0015.trace,moreDetailedTest,atlas-b,e57d48c9d5b14f420009dd9a2f0f6f5fe2c5574ab0e986b6dc651e8c1a39cac2,0ef52dddff9ea1c4f1d65b34f23e7b528a2f8e9e,5,2,0,5,2,100,100,5,5,5.0,,MIN_EXPANDED_SIZE,SAT,8.02686828800006,PASSED,REUSED_E4,E4_REUSED,0,12147,724273,2300113,,,39644,1,c3e8d288464309eb7a53e88bbe500855cae862aac6c337d80d3c5277eee8cf84,,,,,5,,,,,,,0
b2,moreDetailedTest/0015.trace,moreDetailedTest,macro,e57d48c9d5b14f420009dd9a2f0f6f5fe2c5574ab0e986b6dc651e8c1a39cac2,0ef52dddff9ea1c4f1d65b34f23e7b528a2f8e9e,5,2,0,5,2,100,100,5,5,5.0,,MIN_EXPANDED_SIZE,SAT,11.165604310999697,PASSED,REUSED_E4,E4_REUSED,0,16380,813347,1619325,,,81545,1,b3c0163758402e7b1f3a8b468e1f522c2609fe1f256492108d50d17d60fd33ac,1,32,44,28,5,1,2.0,2,1,1,,0
b2,moreDetailedTest/0016.trace,moreDetailedTest,atlas-b,2ff055971e33f6ba7e13d9758ec3b09a2a992c3c429bbedff5e0d8aec8cf4ac9,0ef52dddff9ea1c4f1d65b34f23e7b528a2f8e9e,5,2,0,5,2,10,10,5,5,5.0,,MIN_EXPANDED_SIZE,SAT,1.7706915689996094,PASSED,REUSED_E4,E4_REUSED,0,1347,74491,235799,,,6204,1,d8ce7af8a3551a6a1b52421a3ba1769cbb1017a9b540374a9bf1ed8b3cd8d33d,,,,,5,,,,,,,0
b2,moreDetailedTest/0016.trace,moreDetailedTest,macro,2ff055971e33f6ba7e13d9758ec3b09a2a992c3c429bbedff5e0d8aec8cf4ac9,0ef52dddff9ea1c4f1d65b34f23e7b528a2f8e9e,5,2,0,5,2,10,10,5,5,5.0,,MIN_EXPANDED_SIZE,SAT,2.846562583999912,PASSED,REUSED_E4,E4_REUSED,0,2583,98113,195082,,,42664,1,146c4209bb6a196f574a270dbb6461190e882f2e12c9414b1442ac1945ea1f50,1,32,44,28,5,1,2.0,2,1,1,,0
b2,moreDetailedTest/0017.trace,moreDetailedTest,atlas-b,52e36d53331ecd0548f794488523f8257be45cb2e1b84a9743be1f4474e4440c,0ef52dddff9ea1c4f1d65b34f23e7b528a2f8e9e,5,2,0,5,2,125,125,5,5,5.0,,MIN_EXPANDED_SIZE,SAT,9.758045423999647,PASSED,REUSED_E4,E4_REUSED,0,15147,904778,2873543,,,49024,1,53181d03160e2d8e657e69b8f8a6e16fa2d6df6ef69395bdda3d83e2aec64945,,,,,5,,,,,,,0
b2,moreDetailedTest/0017.trace,moreDetailedTest,macro,52e36d53331ecd0548f794488523f8257be45cb2e1b84a9743be1f4474e4440c,0ef52dddff9ea1c4f1d65b34f23e7b528a2f8e9e,5,2,0,5,2,125,125,5,5,5.0,,MIN_EXPANDED_SIZE,SAT,19.555878981000205,PASSED,REUSED_E4,E4_REUSED,0,19887,1005559,2017899,,,87404,1,e560522814d5556f27b0efef111fd413f71dcf3289ad02148a0c2438f2c3d7d6,1,32,44,28,5,1,2.0,2,1,1,,0
b2,moreDetailedTest/0018.trace,moreDetailedTest,atlas-b,523268829542b00ea917b0010d59cc92adc645e7bab4e373be1c95d98ed9fff8,0ef52dddff9ea1c4f1d65b34f23e7b528a2f8e9e,5,2,0,5,2,150,150,5,5,5.0,,MIN_EXPANDED_SIZE,SAT,13.761847703000058,PASSED,REUSED_E4,E4_REUSED,0,18147,1085263,3446953,,,58334,1,280e3f88348f1e4e74b88f2570f50b753b856e54f194f45915c5edc21f8de19e,,,,,5,,,,,,,0
b2,moreDetailedTest/0018.trace,moreDetailedTest,macro,523268829542b00ea917b0010d59cc92adc645e7bab4e373be1c95d98ed9fff8,0ef52dddff9ea1c4f1d65b34f23e7b528a2f8e9e,5,2,0,5,2,150,150,5,5,5.0,,MIN_EXPANDED_SIZE,SAT,18.88205065299917,PASSED,REUSED_E4,E4_REUSED,0,22638,1146841,2292221,,,92129,1,020a24fa4e3205365e005f99b10082360c5e78e9da33c82072f533991411c667,1,32,44,28,5,1,2.0,2,1,1,,0
b2,moreDetailedTest/0019.trace,moreDetailedTest,atlas-b,e2ad7c80907a13c20da1a3028903a76b6a23a304988e17b95a3616fcc6d24d71,0ef52dddff9ea1c4f1d65b34f23e7b528a2f8e9e,5,2,0,5,2,175,175,5,5,5.0,,MIN_EXPANDED_SIZE,SAT,12.780212994000067,PASSED,REUSED_E4,E4_REUSED,0,21147,1265760,4020373,,,67694,1,adadd9f70cdbe60fece5d3819ea90bdbd73e309234ad556b6c21e18488386a91,,,,,5,,,,,,,0
b2,moreDetailedTest/0019.trace,moreDetailedTest,macro,e2ad7c80907a13c20da1a3028903a76b6a23a304988e17b95a3616fcc6d24d71,0ef52dddff9ea1c4f1d65b34f23e7b528a2f8e9e,5,2,0,5,2,175,175,5,5,5.0,,MIN_EXPANDED_SIZE,SAT,15.52511177300039,PASSED,REUSED_E4,E4_REUSED,0,25809,1318280,2647471,,,96941,1,b0b88fd455a0fe9fa1156a08567b87f2cf2c151701ae67858dbdfe8c6444ab08,1,32,44,28,5,1,2.0,2,1,1,,0
b2,moreDetailedTest/0020.trace,moreDetailedTest,atlas-b,8811f52bcf5e3bb583c5630ac2d4623c8fb873c9d16cd7e000703be5ccfc3047,0ef52dddff9ea1c4f1d65b34f23e7b528a2f8e9e,5,2,0,5,2,200,200,5,5,5.0,,MIN_EXPANDED_SIZE,SAT,12.82200984300016,PASSED,REUSED_E4,E4_REUSED,0,24147,1446249,4593790,,,77014,1,2053f00926995ddf50aee0a005fabf7a7bd8ee822a4099002b6317c6c5f8bd6c,,,,,5,,,,,,,0
b2,moreDetailedTest/0020.trace,moreDetailedTest,macro,8811f52bcf5e3bb583c5630ac2d4623c8fb873c9d16cd7e000703be5ccfc3047,0ef52dddff9ea1c4f1d65b34f23e7b528a2f8e9e,5,2,0,5,2,200,200,5,5,5.0,,MIN_EXPANDED_SIZE,SAT,17.544668407000245,PASSED,REUSED_E4,E4_REUSED,0,28980,1478461,2958225,,,102237,1,550721f58ad7f23dfef0fa5e7bd1cdfa5a6a6e75f0cce3d8b0eb221f85d3c605,1,32,44,28,5,1,2.0,2,1,1,,0
b2,moreDetailedTest/0021.trace,moreDetailedTest,atlas-b,b29b7e68a35953845512bd1a4f94e053332c9d0878ea812822dcc32bacab180b,0ef52dddff9ea1c4f1d65b34f23e7b528a2f8e9e,5,2,0,5,2,250,250,5,5,5.0,,MIN_EXPANDED_SIZE,SAT,20.837580632000027,PASSED,REUSED_E4,E4_REUSED,0,30147,1807230,5740626,,,95694,1,f837e00f4e95902f2ccc94c99a6918f76ff55c70b4a9035e1e6778975d8e1387,,,,,5,,,,,,,0
b2,moreDetailedTest/0021.trace,moreDetailedTest,macro,b29b7e68a35953845512bd1a4f94e053332c9d0878ea812822dcc32bacab180b,0ef52dddff9ea1c4f1d65b34f23e7b528a2f8e9e,5,2,0,5,2,250,250,5,5,5.0,,MIN_EXPANDED_SIZE,SAT,27.87685731700003,PASSED,REUSED_E4,E4_REUSED,0,34167,1752510,3513641,,,110458,1,2e3826476fb5afc17faced1baf626c9ce81146e7667afa5dc8c3e06353c77b6d,1,32,44,28,5,1,2.0,2,1,1,,0
b2,moreDetailedTest/0022.trace,moreDetailedTest,atlas-b,d696a953169a9278cf363bf8840909b35df55421a08b41e5fb1c55161d6a136a,0ef52dddff9ea1c4f1d65b34f23e7b528a2f8e9e,5,2,0,5,2,300,300,5,5,5.0,,MIN_EXPANDED_SIZE,SAT,25.686519885999587,PASSED,REUSED_E4,E4_REUSED,0,36147,2168215,6887461,,,114394,1,31b291ce919ac01fdcc718b5ce38ed79b36fd448931776fc464b30c1b33c03df,,,,,5,,,,,,,0
b2,moreDetailedTest/0022.trace,moreDetailedTest,macro,d696a953169a9278cf363bf8840909b35df55421a08b41e5fb1c55161d6a136a,0ef52dddff9ea1c4f1d65b34f23e7b528a2f8e9e,5,2,0,5,2,300,300,5,5,5.0,,MIN_EXPANDED_SIZE,SAT,37.21475789700162,PASSED,REUSED_E4,E4_REUSED,0,39249,2021407,4058610,,,118742,1,458b2d0fb50e4ba2ae6b7a2e9f662d532a535f5e930a35d37e298e8ef437080c,1,32,44,28,5,1,2.0,2,1,1,,0
b2,moreDetailedTest/0023.trace,moreDetailedTest,atlas-b,827f02303fb89d1072cf0daf19010120dab463227146d39cce52a7813c5866de,0ef52dddff9ea1c4f1d65b34f23e7b528a2f8e9e,5,2,0,5,2,350,350,5,5,5.0,,MIN_EXPANDED_SIZE,SAT,25.483320310999943,PASSED,REUSED_E4,E4_REUSED,0,42147,2529219,8034321,,,133054,1,ac349b808ad450bac103b3f747c25f6dd024d81428020fb126017d7737970ccc,,,,,5,,,,,,,0
b2,moreDetailedTest/0023.trace,moreDetailedTest,macro,827f02303fb89d1072cf0daf19010120dab463227146d39cce52a7813c5866de,0ef52dddff9ea1c4f1d65b34f23e7b528a2f8e9e,5,2,0,5,2,350,350,5,5,5.0,,MIN_EXPANDED_SIZE,SAT,44.504434907999894,PASSED,REUSED_E4,E4_REUSED,0,44898,2327073,4693148,,,127521,1,46a6fb28cdbb7fdf43f8edb510abb8390ceb86a60d3e8d38ebb8b56cf5b6b4aa,1,32,44,28,5,1,2.0,2,1,1,,0
b2,moreDetailedTest/0024.trace,moreDetailedTest,atlas-b,90f0ab675c6886352cdf7d36d6f4a97abc24268abb54fdc1e021b512b76eaa3b,0ef52dddff9ea1c4f1d65b34f23e7b528a2f8e9e,5,2,0,5,2,400,400,5,5,5.0,,MIN_EXPANDED_SIZE,SAT,28.558582407998983,PASSED,REUSED_E4,E4_REUSED,0,48147,2890198,9181148,,,151754,1,07c492d23b55d0049e4aa4a02fa362e1fe498b554a511a8d13aa725897ccf897,,,,,5,,,,,,,0
b2,moreDetailedTest/0024.trace,moreDetailedTest,macro,90f0ab675c6886352cdf7d36d6f4a97abc24268abb54fdc1e021b512b76eaa3b,0ef52dddff9ea1c4f1d65b34f23e7b528a2f8e9e,5,2,0,5,2,400,400,5,5,5.0,,MIN_EXPANDED_SIZE,SAT,34.552828324000075,PASSED,REUSED_E4,E4_REUSED,0,48594,2505104,5019465,,,134161,1,11e2543278ce22073472e81f6731fa89bd23f7c96996ae6b1eb76106c85daec1,1,32,44,28,5,1,2.0,2,1,1,,0
b2,moreDetailedTest/0025.trace,moreDetailedTest,atlas-b,f8b781062bd36e16b70042ce1444814abb159610cbfc7d6684f9d8571f8cf8bd,0ef52dddff9ea1c4f1d65b34f23e7b528a2f8e9e,5,2,0,5,2,500,500,5,5,5.0,,MIN_EXPANDED_SIZE,SAT,44.94908376500007,PASSED,REUSED_E4,E4_REUSED,0,60147,3612187,11474839,,,189124,1,5912e53e7696a266cff93fcd31e37de86487eebbed79c118617c7bb917f03991,,,,,5,,,,,,,0
b2,moreDetailedTest/0025.trace,moreDetailedTest,macro,f8b781062bd36e16b70042ce1444814abb159610cbfc7d6684f9d8571f8cf8bd,0ef52dddff9ea1c4f1d65b34f23e7b528a2f8e9e,5,2,0,5,2,500,500,5,5,5.0,,MIN_EXPANDED_SIZE,SAT,57.47664858100143,PASSED,REUSED_E4,E4_REUSED,0,57855,3005678,6042378,,,149623,1,4a6e5658e33cb2eccc1f2e01d94d2653367fa1e91411aed075a15d606fbd07b9,1,32,44,28,5,1,2.0,2,1,1,,0
b2,moreDetailedTest/0026.trace,moreDetailedTest,atlas-b,81826a48eff38d46db6b2c56d8264aea34f9f587df0c1a5e491a1052b534312b,0ef52dddff9ea1c4f1d65b34f23e7b528a2f8e9e,5,2,0,5,2,50,50,5,5,5.0,,MIN_EXPANDED_SIZE,SAT,5.253998722000688,PASSED,REUSED_E4,E4_REUSED,0,6147,363285,1153272,,,21064,1,8d24ab32c05d292360d18cd2588298c445eae2b16fce2f44b60be19784d531b5,,,,,5,,,,,,,0
b2,moreDetailedTest/0026.trace,moreDetailedTest,macro,81826a48eff38d46db6b2c56d8264aea34f9f587df0c1a5e491a1052b534312b,0ef52dddff9ea1c4f1d65b34f23e7b528a2f8e9e,5,2,0,5,2,50,50,5,5,5.0,,MIN_EXPANDED_SIZE,SAT,8.718573786998604,PASSED,REUSED_E4,E4_REUSED,0,9282,451712,908761,,,70167,1,1b0a2dc4a019deb2e1a44435205119b26dcfd7faa464b517043aa13090fe057c,1,32,44,28,5,1,2.0,2,1,1,,0
b2,moreDetailedTest/0027.trace,moreDetailedTest,atlas-b,0c233b8f85a98d7588240e2c2060428d85cc1df8ef1157bae4b680254ad27e94,0ef52dddff9ea1c4f1d65b34f23e7b528a2f8e9e,5,2,0,5,2,5,5,5,5,5.0,,MIN_EXPANDED_SIZE,SAT,1.2676394190002611,PASSED,REUSED_E4,E4_REUSED,0,747,38396,121118,,,4354,1,f1cb696f8e766c3392f5b7bb877abb5b38efe0c38d5452f1f17dc0ea89125f51,,,,,5,,,,,,,0
b2,moreDetailedTest/0027.trace,moreDetailedTest,macro,0c233b8f85a98d7588240e2c2060428d85cc1df8ef1157bae4b680254ad27e94,0ef52dddff9ea1c4f1d65b34f23e7b528a2f8e9e,5,2,0,5,2,5,5,5,5,5.0,,MIN_EXPANDED_SIZE,SAT,2.0147119939997538,PASSED,REUSED_E4,E4_REUSED,0,1677,53941,110471,,,22749,1,9ddab7515944d2163ac028e36c1beeb9f76785798857ca7e6ebc22fe394a9653,1,24,44,22,5,1,2.0,2,1,1,,0
b2,moreDetailedTest/0028.trace,moreDetailedTest,atlas-b,64be41842cbbe8980ac16a48701daadda93906fe1e877a972b1765bd7de7a29a,0ef52dddff9ea1c4f1d65b34f23e7b528a2f8e9e,5,2,0,5,2,75,75,5,5,5.0,,MIN_EXPANDED_SIZE,SAT,6.458146205999583,PASSED,REUSED_E4,E4_REUSED,0,9147,543781,1726694,,,30364,1,18149c1d95d263ad2041fc69c768defa34d9b4cfb37f8595dd94e44885cbe660,,,,,5,,,,,,,0
b2,moreDetailedTest/0028.trace,moreDetailedTest,macro,64be41842cbbe8980ac16a48701daadda93906fe1e877a972b1765bd7de7a29a,0ef52dddff9ea1c4f1d65b34f23e7b528a2f8e9e,5,2,0,5,2,75,75,5,5,5.0,,MIN_EXPANDED_SIZE,SAT,8.853768736000347,PASSED,REUSED_E4,E4_REUSED,0,13230,655517,1313371,,,76616,1,03ee8235de659cae3be013f1ee70cd2edb45ef3c6e8839db9960038e0f1225c5,1,32,44,28,5,1,2.0,2,1,1,,0
b2,moreDetailedTest/0029.trace,moreDetailedTest,atlas-b,e5c13a63096d0f2db31d842eeaf9c022e3e3d1fc405b54f0275e9164e43ea702,0ef52dddff9ea1c4f1d65b34f23e7b528a2f8e9e,18,2,0,8,3,100,100,5,5,5.0,,MIN_EXPANDED_SIZE,SAT,82.93594271899929,PASSED,REUSED_E4,E4_REUSED,0,16320,1485955,4878344,,,48689,1,3df2c5e83c5988e6d974dac73d965d71cb4658658d21f7882b872a743933bcaa,,,,,8,,,,,,,0
b2,moreDetailedTest/0029.trace,moreDetailedTest,macro,e5c13a63096d0f2db31d842eeaf9c022e3e3d1fc405b54f0275e9164e43ea702,0ef52dddff9ea1c4f1d65b34f23e7b528a2f8e9e,18,2,0,8,3,100,100,5,5,5.0,,MIN_EXPANDED_SIZE,SAT,104.91195187999983,PASSED,REUSED_E4,E4_REUSED,0,33206,1827558,3882068,,,92253,1,73f0afabb808d331c7552014fdb49ec31a75866fdf4298c574fd033245fb9f10,1,58,174,36,8,3,1.0,2,3,3,,0
b2,moreDetailedTest/0030.trace,moreDetailedTest,atlas-b,cf737e8c06636d136d941968270a5c23f95e13bbbcbaa1b9270ca41af04c4eae,0ef52dddff9ea1c4f1d65b34f23e7b528a2f8e9e,18,2,0,8,3,10,10,5,5,5.0,,MIN_EXPANDED_SIZE,SAT,9.042855685999712,PASSED,REUSED_E4,E4_REUSED,0,1920,156117,512176,,,7109,1,48ba121d71bd3b37cee51df18bc77ec614d1d58ff57f8cbd6274cdc2cd9d2b03,,,,,8,,,,,,,0
b2,moreDetailedTest/0030.trace,moreDetailedTest,macro,cf737e8c06636d136d941968270a5c23f95e13bbbcbaa1b9270ca41af04c4eae,0ef52dddff9ea1c4f1d65b34f23e7b528a2f8e9e,18,2,0,8,3,10,10,5,5,5.0,,MIN_EXPANDED_SIZE,SAT,11.285360244999993,PASSED,REUSED_E4,E4_REUSED,0,4859,199687,430341,,,44809,1,10bbddfb4ce35bcfeb407e676a4c9d0f19b1cb36e73d748337ea7e78d11cb64d,1,58,174,36,8,3,1.0,2,3,3,,0
b2,moreDetailedTest/0031.trace,moreDetailedTest,atlas-b,d38e3d1b6f467074f9b04773d3163291ae8d89b2043a51471e2a17768386b632,0ef52dddff9ea1c4f1d65b34f23e7b528a2f8e9e,18,2,0,8,3,125,125,5,5,5.0,,MIN_EXPANDED_SIZE,TIMEOUT,180.18121272199994,IN_PROGRESS,TRANSLATED_ONLY,TRANSLATE_ONLY,1,20320,1855357,6091171,,,60289,1,af0a1ec35104010a3dfba485cce59560b8257460f28824c391a163c04d0a417f,,,,,,,,,,,,10.3291252300005
b2,moreDetailedTest/0031.trace,moreDetailedTest,macro,d38e3d1b6f467074f9b04773d3163291ae8d89b2043a51471e2a17768386b632,0ef52dddff9ea1c4f1d65b34f23e7b528a2f8e9e,18,2,0,8,3,125,125,5,5,5.0,,MIN_EXPANDED_SIZE,TIMEOUT,180.25295111999912,IN_PROGRESS,TRANSLATED_ONLY,TRANSLATE_ONLY,1,40928,2264572,4790258,,,108163,1,021b5d8615d033dae05903ae5748ea4e6f80e93525f1a349ce7e9a4a29fcb1e2,1,58,174,36,8,,,,,,,17.09059801999956
b2,moreDetailedTest/0032.trace,moreDetailedTest,atlas-b,19826b912c346d9be8589f7d2cc8a23c8d64aea7b33142f9073a2f47fa9a2a4b,0ef52dddff9ea1c4f1d65b34f23e7b528a2f8e9e,18,2,0,8,3,150,150,5,5,5.0,,MIN_EXPANDED_SIZE,TIMEOUT,180.2500733220004,IN_PROGRESS,TRANSLATED_ONLY,TRANSLATE_ONLY,1,24320,2224756,7303995,,,71889,1,0d5eb64940dba82c6f13fc91c0d41f3726966a858d4bf6c97694faa3ac423620,,,,,,,,,,,,8.826267651999842
b2,moreDetailedTest/0032.trace,moreDetailedTest,macro,19826b912c346d9be8589f7d2cc8a23c8d64aea7b33142f9073a2f47fa9a2a4b,0ef52dddff9ea1c4f1d65b34f23e7b528a2f8e9e,18,2,0,8,3,150,150,5,5,5.0,,MIN_EXPANDED_SIZE,SAT,173.2259892279999,PASSED,REUSED_E4,E4_REUSED,0,49145,2726874,5771404,,,112009,1,50e15ba205f3c44b2f68c028405b66b73cd0a7323577713a10a86c2eeee03bfe,1,58,174,36,8,3,1.0,2,3,3,,0
b2,moreDetailedTest/0033.trace,moreDetailedTest,atlas-b,0815ec2799a4f74dedffd398af389f910da5ad3cfb770eb16b6d893c9dd94d49,0ef52dddff9ea1c4f1d65b34f23e7b528a2f8e9e,18,2,0,8,3,175,175,5,5,5.0,,MIN_EXPANDED_SIZE,TIMEOUT,180.27616441300052,IN_PROGRESS,TRANSLATED_ONLY,TRANSLATE_ONLY,1,28320,2594156,8516820,,,83489,1,78c0b34323db7e40fb7cc5655496d523ed39d1abcda29562ebefee3b4659fb87,,,,,,,,,,,,14.385972518999552
b2,moreDetailedTest/0033.trace,moreDetailedTest,macro,0815ec2799a4f74dedffd398af389f910da5ad3cfb770eb16b6d893c9dd94d49,0ef52dddff9ea1c4f1d65b34f23e7b528a2f8e9e,18,2,0,8,3,175,175,5,5,5.0,,MIN_EXPANDED_SIZE,TIMEOUT,180.26797675099988,IN_PROGRESS,TRANSLATED_ONLY,TRANSLATE_ONLY,1,56834,3146520,6604358,,,124777,1,2e4fc0ee15cebdfa35a20dadf81f7bd0d4c61d342cc7adc1505d6db0770e7062,1,58,174,36,8,,,,,,,21.900276991999817
b2,moreDetailedTest/0034.trace,moreDetailedTest,atlas-b,7dc879b5257630eb8ebc8aaeaddf7f8e2c0f7717b4a4a784faa78f8d9de094f3,0ef52dddff9ea1c4f1d65b34f23e7b528a2f8e9e,18,2,0,8,3,200,200,5,5,5.0,,MIN_EXPANDED_SIZE,TIMEOUT,180.29879465900012,IN_PROGRESS,TRANSLATED_ONLY,TRANSLATE_ONLY,1,32320,2963555,9729644,,,95089,1,f8ef90d75e21d136a5d45fbc14fa006f791d97b111700ce5bb7662626ea844a5,,,,,,,,,,,,13.932788850000179
b2,moreDetailedTest/0034.trace,moreDetailedTest,macro,7dc879b5257630eb8ebc8aaeaddf7f8e2c0f7717b4a4a784faa78f8d9de094f3,0ef52dddff9ea1c4f1d65b34f23e7b528a2f8e9e,18,2,0,8,3,200,200,5,5,5.0,,MIN_EXPANDED_SIZE,TIMEOUT,180.21807510399958,IN_PROGRESS,TRANSLATED_ONLY,TRANSLATE_ONLY,1,64787,3614617,7618967,,,135193,1,5810c201178e9871171ec9424acf4069e968d8ee72ea2a02cfa19b580e0716fd,1,58,174,36,8,,,,,,,23.09771831299986
b2,moreDetailedTest/0035.trace,moreDetailedTest,atlas-b,e7b367f2efdc4cb7f31e41b8552d3e0ab91e2034d8bb584e61a7ae1750c774cc,0ef52dddff9ea1c4f1d65b34f23e7b528a2f8e9e,18,2,0,8,3,250,250,5,5,5.0,,MIN_EXPANDED_SIZE,TIMEOUT,180.35037363499998,IN_PROGRESS,TRANSLATED_ONLY,TRANSLATE_ONLY,1,40320,3702356,12155296,,,118289,1,82b09fab379e3c0186a14d53d1f61b0b8a232419f29a00f15da4266d38d2d257,,,,,,,,,,,,17.44261732799987
b2,moreDetailedTest/0035.trace,moreDetailedTest,macro,e7b367f2efdc4cb7f31e41b8552d3e0ab91e2034d8bb584e61a7ae1750c774cc,0ef52dddff9ea1c4f1d65b34f23e7b528a2f8e9e,18,2,0,8,3,250,250,5,5,5.0,,MIN_EXPANDED_SIZE,TIMEOUT,180.35428315799982,IN_PROGRESS,TRANSLATED_ONLY,TRANSLATE_ONLY,1,80297,4513119,9562038,,,156189,1,97c9097a0f1135f94062869f2ec721be18342cf042084f9eb7ad38d71b55f447,1,58,174,36,8,,,,,,,31.062502372999916
b2,moreDetailedTest/0036.trace,moreDetailedTest,atlas-b,c9ed4c4614dbfe90901388443af500c7e1a16c5b8fe35541ca5c2db254207741,0ef52dddff9ea1c4f1d65b34f23e7b528a2f8e9e,18,2,0,8,3,300,300,5,5,5.0,,MIN_EXPANDED_SIZE,TIMEOUT,180.35503591199995,IN_PROGRESS,TRANSLATED_ONLY,TRANSLATE_ONLY,1,48320,4441155,14580945,,,141489,1,bac836d555e4cc3b4f2cc4acbe8419aa85fd89b821d9a3fad08f1db6a95a566f,,,,,,,,,,,,22.397298665999188
b2,moreDetailedTest/0036.trace,moreDetailedTest,macro,c9ed4c4614dbfe90901388443af500c7e1a16c5b8fe35541ca5c2db254207741,0ef52dddff9ea1c4f1d65b34f23e7b528a2f8e9e,18,2,0,8,3,300,300,5,5,5.0,,MIN_EXPANDED_SIZE,TIMEOUT,180.29612662900036,IN_PROGRESS,TRANSLATED_ONLY,TRANSLATE_ONLY,1,95543,5389039,11409290,,,173688,1,9dde0a7cabeeb8adcbde0fd7148818686fb42d94244a3f1531cb80dd3d32d46f,1,58,174,36,8,,,,,,,37.61806020900076
b2,moreDetailedTest/0037.trace,moreDetailedTest,atlas-b,d89c703386899c97a310d27b206e8e145c91cf8a6939fcd525e0d0baede8f747,0ef52dddff9ea1c4f1d65b34f23e7b528a2f8e9e,18,2,0,8,3,350,350,5,5,5.0,,MIN_EXPANDED_SIZE,TIMEOUT,180.37366633999955,IN_PROGRESS,TRANSLATED_ONLY,TRANSLATE_ONLY,1,56320,5179955,17006594,,,164689,1,2932685a35214f4796dda5074de7bf0cd138baee061021a587f160a5f694d84f,,,,,,,,,,,,26.449616849999984
b2,moreDetailedTest/0037.trace,moreDetailedTest,macro,d89c703386899c97a310d27b206e8e145c91cf8a6939fcd525e0d0baede8f747,0ef52dddff9ea1c4f1d65b34f23e7b528a2f8e9e,18,2,0,8,3,350,350,5,5,5.0,,MIN_EXPANDED_SIZE,TIMEOUT,180.41299262899884,IN_PROGRESS,TRANSLATED_ONLY,TRANSLATE_ONLY,1,110492,6234610,13175053,,,193935,1,6e20e3946a944f8476fdacec6b27950945bbedc1c1dbc515a756430b7cc81993,1,58,174,36,8,,,,,,,42.5791484399997
b2,moreDetailedTest/0038.trace,moreDetailedTest,atlas-b,0d18e9f8d22d050ea0c4de80564a33c7c22b89896d67116dcfe4cb314451f2dc,0ef52dddff9ea1c4f1d65b34f23e7b528a2f8e9e,18,2,0,8,3,400,400,5,5,5.0,,MIN_EXPANDED_SIZE,TIMEOUT,180.40286536499934,IN_PROGRESS,TRANSLATED_ONLY,TRANSLATE_ONLY,1,64320,5918753,19432243,,,187879,1,ec835ee763ba32c2363643235e063f4001ed91b1885d37960d5bc56c203ce72e,,,,,,,,,,,,28.652273048999632
b2,moreDetailedTest/0038.trace,moreDetailedTest,macro,0d18e9f8d22d050ea0c4de80564a33c7c22b89896d67116dcfe4cb314451f2dc,0ef52dddff9ea1c4f1d65b34f23e7b528a2f8e9e,18,2,0,8,3,400,400,5,5,5.0,,MIN_EXPANDED_SIZE,TIMEOUT,180.415521257999,IN_PROGRESS,TRANSLATED_ONLY,TRANSLATE_ONLY,1,126299,7137605,15079277,,,216407,1,038c9533de5e6bf8ffcfd942fa5cb9b361181a8cd6eb656a756a992e269f4846,1,58,174,36,8,,,,,,,48.09090025899968
b2,moreDetailedTest/0039.trace,moreDetailedTest,atlas-b,0c180b00dda04beb7101c891aa8836486327261c97f53dc99681954fa42c5065,0ef52dddff9ea1c4f1d65b34f23e7b528a2f8e9e,18,2,0,8,3,500,500,5,5,5.0,,MIN_EXPANDED_SIZE,TIMEOUT,180.5253335389989,IN_PROGRESS,TRANSLATED_ONLY,TRANSLATE_ONLY,1,80320,7396354,24283544,,,234289,1,d3c455bf80d69b6f11ed37cd8bb1b2c73fa912d4dbaae10d09d42b67ee36d30a,,,,,,,,,,,,42.041110114999356
b2,moreDetailedTest/0039.trace,moreDetailedTest,macro,0c180b00dda04beb7101c891aa8836486327261c97f53dc99681954fa42c5065,0ef52dddff9ea1c4f1d65b34f23e7b528a2f8e9e,18,2,0,8,3,500,500,5,5,5.0,,MIN_EXPANDED_SIZE,TIMEOUT,180.4211528300002,IN_PROGRESS,TRANSLATED_ONLY,TRANSLATE_ONLY,1,158408,8961478,18932013,,,252983,1,57e8158cd3c2fa3297d694299de880ee4cbcff9d582041d70b423489c7dcd5b9,1,58,174,36,8,,,,,,,64.61737502199958
b2,moreDetailedTest/0040.trace,moreDetailedTest,atlas-b,548b527cb9bb92b42993458f5cddec76676b2b9e8dd25186bca955302c1d2f80,0ef52dddff9ea1c4f1d65b34f23e7b528a2f8e9e,18,2,0,8,3,50,50,5,5,5.0,,MIN_EXPANDED_SIZE,SAT,52.73929689900001,PASSED,REUSED_E4,E4_REUSED,0,8320,747157,2452696,,,25589,1,9b317971ea1791477740ac2c06ba648f744521bc69b4c74769443237b404307f,,,,,8,,,,,,,0
b2,moreDetailedTest/0040.trace,moreDetailedTest,macro,548b527cb9bb92b42993458f5cddec76676b2b9e8dd25186bca955302c1d2f80,0ef52dddff9ea1c4f1d65b34f23e7b528a2f8e9e,18,2,0,8,3,50,50,5,5,5.0,,MIN_EXPANDED_SIZE,SAT,73.01640160900024,PASSED,REUSED_E4,E4_REUSED,0,17432,926446,1976928,,,72900,1,df1ec858a1bed20f03affa269a15d315fc5079c4e62ccf6ec20f222470e5133b,1,58,174,36,8,3,1.0,1,3,3,,0
b2,moreDetailedTest/0041.trace,moreDetailedTest,atlas-b,31efac6c1c3ad02176d01d4737047da638bd07be31e32f796a6d6b5f81079de0,0ef52dddff9ea1c4f1d65b34f23e7b528a2f8e9e,18,2,0,8,3,5,5,5,5,5.0,,MIN_EXPANDED_SIZE,SAT,24.713502050000898,PASSED,REUSED_E4,E4_REUSED,0,1120,82237,269611,,,4809,1,61524874970a303157d9e1ecf13d42c4e11b95860d310cad2f55bcfb38688b63,,,,,8,,,,,,,0
b2,moreDetailedTest/0041.trace,moreDetailedTest,macro,31efac6c1c3ad02176d01d4737047da638bd07be31e32f796a6d6b5f81079de0,0ef52dddff9ea1c4f1d65b34f23e7b528a2f8e9e,18,2,0,8,3,5,5,5,5,5.0,,MIN_EXPANDED_SIZE,SAT,12.631613221999942,PASSED,REUSED_E4,E4_REUSED,0,3308,112696,250434,,,34916,1,440e58bc4b5de9c1ac1fe1a2973ace8bc80ce6f13d8ab1f4d8a653de7aa776b1,1,58,174,36,8,3,1.0,2,3,3,,0
b2,moreDetailedTest/0042.trace,moreDetailedTest,atlas-b,1d392a502c2156981d4bc674048d885acb36c2fee78efc8f06e72e2e098e6165,0ef52dddff9ea1c4f1d65b34f23e7b528a2f8e9e,18,2,0,8,3,75,75,5,5,5.0,,MIN_EXPANDED_SIZE,TIMEOUT,180.15739979699993,IN_PROGRESS,TRANSLATED_ONLY,TRANSLATE_ONLY,1,12320,1116557,3665521,,,37139,1,ac46e8acd4b05818a7160cf30400e9cc4215a01de75d620e61d30be0dfe361fa,,,,,,,,,,,,4.82176155200068
b2,moreDetailedTest/0042.trace,moreDetailedTest,macro,1d392a502c2156981d4bc674048d885acb36c2fee78efc8f06e72e2e098e6165,0ef52dddff9ea1c4f1d65b34f23e7b528a2f8e9e,18,2,0,8,3,75,75,5,5,5.0,,MIN_EXPANDED_SIZE,SAT,81.58899413699874,PASSED,REUSED_E4,E4_REUSED,0,25319,1361463,2881729,,,79337,1,39817e3ecc813ab1d9c4c81b15c166c751a60fac7ee7df44dcdd7e48cae0911f,1,58,174,36,8,3,1.0,2,3,3,,0
b2,moreDetailedTest/0043.trace,moreDetailedTest,atlas-b,637c502d139a4ebfa69ea51c03da9185ab0dcaf1f14830735a6467b26ab485c8,0ef52dddff9ea1c4f1d65b34f23e7b528a2f8e9e,3,2,0,3,2,100,100,5,5,5.0,,MIN_EXPANDED_SIZE,SAT,4.951352365000275,PASSED,REUSED_E4,E4_REUSED,0,10081,404249,1251607,,,39630,1,e56372c3f12ac3003b74c013a313af0a975cc9484dc8ec70ef2c186454d51736,,,,,3,,,,,,,0
b2,moreDetailedTest/0043.trace,moreDetailedTest,macro,637c502d139a4ebfa69ea51c03da9185ab0dcaf1f14830735a6467b26ab485c8,0ef52dddff9ea1c4f1d65b34f23e7b528a2f8e9e,3,2,0,3,2,100,100,5,5,5.0,,MIN_EXPANDED_SIZE,SAT,3.211758313998871,PASSED,REUSED_E4,E4_REUSED,0,6717,155873,296108,,,47719,1,b58ea3f4d956d5d8c9b88111bc8518c38c508d38149aa1d3a27bb15f0dc946a3,1,22,24,5,2,1,1.0,1,1,1,,0
b2,moreDetailedTest/0044.trace,moreDetailedTest,atlas-b,ee14ef8f70584eeb01a1dd257788ab1a9c013f6a633764758630e2ecf597ffdc,0ef52dddff9ea1c4f1d65b34f23e7b528a2f8e9e,3,2,0,3,2,10,9,5,5,5.0,,MIN_EXPANDED_SIZE,SAT,1.4248695520000183,PASSED,REUSED_E4,E4_REUSED,0,1031,39378,121372,,,6019,1,7ef8080bc2d7d0cb897429a2d975b7b7e6f32f9048fc914d556fbe77a8fae136,,,,,3,,,,,,,0
b2,moreDetailedTest/0044.trace,moreDetailedTest,macro,ee14ef8f70584eeb01a1dd257788ab1a9c013f6a633764758630e2ecf597ffdc,0ef52dddff9ea1c4f1d65b34f23e7b528a2f8e9e,3,2,0,3,2,10,9,5,5,5.0,,MIN_EXPANDED_SIZE,SAT,1.4176852679993317,PASSED,REUSED_E4,E4_REUSED,0,885,19133,36227,,,20663,1,57c235015a1c6285dd436d8d1b49d7c4f79206cdd52564fe56c5f1c2987601e1,1,22,24,5,2,1,1.0,1,1,1,,0
b2,moreDetailedTest/0045.trace,moreDetailedTest,atlas-b,807b5cb529c6e2495c8507c5c59d00de6a680cc6dc9d20079d1153aa43855ec2,0ef52dddff9ea1c4f1d65b34f23e7b528a2f8e9e,3,2,0,3,2,125,125,5,5,5.0,,MIN_EXPANDED_SIZE,SAT,5.737302951998572,PASSED,REUSED_E4,E4_REUSED,0,12581,505045,1563825,,,49004,1,de99ac215cdbeead685585b77c1e15a11319991f5e21a0bed929e84e4fc6fe8a,,,,,3,,,,,,,0
b2,moreDetailedTest/0045.trace,moreDetailedTest,macro,807b5cb529c6e2495c8507c5c59d00de6a680cc6dc9d20079d1153aa43855ec2,0ef52dddff9ea1c4f1d65b34f23e7b528a2f8e9e,3,2,0,3,2,125,125,5,5,5.0,,MIN_EXPANDED_SIZE,SAT,3.5932824639985483,PASSED,REUSED_E4,E4_REUSED,0,8301,194152,367626,,,55439,1,eec95383ac5d162de5068cc493d408dd6fe174b8c12046f400440a0c923cc35b,1,22,24,5,2,1,1.0,1,1,1,,0
b2,moreDetailedTest/0046.trace,moreDetailedTest,atlas-b,ddf2db14fbfd525d4ce4118c0e2a6e4904f485b233d123744df1f3ca70036612,0ef52dddff9ea1c4f1d65b34f23e7b528a2f8e9e,3,2,0,3,2,150,150,5,5,5.0,,MIN_EXPANDED_SIZE,SAT,7.686740773000565,PASSED,REUSED_E4,E4_REUSED,0,15081,605843,1876052,,,58344,1,69acbe8772ba5a57a2154fc3dde0b11f5bc1e2a9f65350881d17da60bbb9f770,,,,,3,,,,,,,0
b2,moreDetailedTest/0046.trace,moreDetailedTest,macro,ddf2db14fbfd525d4ce4118c0e2a6e4904f485b233d123744df1f3ca70036612,0ef52dddff9ea1c4f1d65b34f23e7b528a2f8e9e,3,2,0,3,2,150,150,5,5,5.0,,MIN_EXPANDED_SIZE,SAT,4.220537712000805,PASSED,REUSED_E4,E4_REUSED,0,9381,218245,414114,,,59053,1,75a2931436c2d303200c8164c5c821054ea3d7cce93ea7c2833375ab5e56bd7d,1,22,24,5,2,1,1.0,1,1,1,,0
b2,moreDetailedTest/0047.trace,moreDetailedTest,atlas-b,8e2578ac0439b973c4380b4126f953af5754b611da87c8270d5bb903298c5057,0ef52dddff9ea1c4f1d65b34f23e7b528a2f8e9e,3,2,0,3,2,175,175,5,5,5.0,,MIN_EXPANDED_SIZE,SAT,8.234623980999913,PASSED,REUSED_E4,E4_REUSED,0,17581,706632,2188268,,,67684,1,819873ec3051ded69cf34adc8ef10ee4c00b62f26b9094b30d3dad4a801c6977,,,,,3,,,,,,,0
b2,moreDetailedTest/0047.trace,moreDetailedTest,macro,8e2578ac0439b973c4380b4126f953af5754b611da87c8270d5bb903298c5057,0ef52dddff9ea1c4f1d65b34f23e7b528a2f8e9e,3,2,0,3,2,175,175,5,5,5.0,,MIN_EXPANDED_SIZE,SAT,4.5373048769997695,PASSED,REUSED_E4,E4_REUSED,0,10686,248843,471559,,,63932,1,d9be4bf56a3b26bee1752fc88cad42208f66c36468682b3a01fc06a136792a92,1,22,24,5,2,1,1.0,1,1,1,,0
b2,moreDetailedTest/0048.trace,moreDetailedTest,atlas-b,cfd0d131fbdca95c92c879d2b75d73d37ed370cbed4030d5c0c95135972e8f57,0ef52dddff9ea1c4f1d65b34f23e7b528a2f8e9e,3,2,0,3,2,200,200,5,5,5.0,,MIN_EXPANDED_SIZE,SAT,10.14980880200028,PASSED,REUSED_E4,E4_REUSED,0,20081,807434,2500494,,,76984,1,a56fe8e089cd144cf9d769491b71ef7426ae9e4ee8b073598192044eea14bf6d,,,,,3,,,,,,,0
b2,moreDetailedTest/0048.trace,moreDetailedTest,macro,cfd0d131fbdca95c92c879d2b75d73d37ed370cbed4030d5c0c95135972e8f57,0ef52dddff9ea1c4f1d65b34f23e7b528a2f8e9e,3,2,0,3,2,200,200,5,5,5.0,,MIN_EXPANDED_SIZE,SAT,5.156793860999642,PASSED,REUSED_E4,E4_REUSED,0,12297,286624,544492,,,69559,1,f9f384d218493f2daa9e77367c5616cdcff39c66313c47b0eecbdfebf62bc175,1,22,24,5,2,1,1.0,1,1,1,,0
b2,moreDetailedTest/0049.trace,moreDetailedTest,atlas-b,0f19f8e6afe758d1d90fc6e6d584016ab8f389b640d1d00d6ea607353905b82d,0ef52dddff9ea1c4f1d65b34f23e7b528a2f8e9e,3,2,0,3,2,250,250,5,5,5.0,,MIN_EXPANDED_SIZE,SAT,12.670713756000623,PASSED,REUSED_E4,E4_REUSED,0,25081,1009018,3124928,,,95714,1,045d27828c7bdb121892d52c643a61e5520532872bf132a4d741a6c53b92b0b0,,,,,3,,,,,,,0
b2,moreDetailedTest/0049.trace,moreDetailedTest,macro,0f19f8e6afe758d1d90fc6e6d584016ab8f389b640d1d00d6ea607353905b82d,0ef52dddff9ea1c4f1d65b34f23e7b528a2f8e9e,3,2,0,3,2,250,250,5,5,5.0,,MIN_EXPANDED_SIZE,SAT,5.603852098000061,PASSED,REUSED_E4,E4_REUSED,0,14358,335375,636405,,,77848,1,0b7b6bf345d8af659e87754818add248a73118fa5011f09f2f6b51b50d74fcd6,1,22,24,5,2,1,1.0,1,1,1,,0
b2,moreDetailedTest/0050.trace,moreDetailedTest,atlas-b,2c1c584bebe0b7766b0213e2f82c80bbf7b559e778ea130f01df92aefa0f259b,0ef52dddff9ea1c4f1d65b34f23e7b528a2f8e9e,3,2,0,3,2,300,300,5,5,5.0,,MIN_EXPANDED_SIZE,SAT,14.213867331000074,PASSED,REUSED_E4,E4_REUSED,0,30081,1210608,3749374,,,114404,1,0ebe6c80de2b48ae6c4e1e156319d9c1e6f6c164c6bcce9110c5b3da58871fdf,,,,,3,,,,,,,0
b2,moreDetailedTest/0050.trace,moreDetailedTest,macro,2c1c584bebe0b7766b0213e2f82c80bbf7b559e778ea130f01df92aefa0f259b,0ef52dddff9ea1c4f1d65b34f23e7b528a2f8e9e,3,2,0,3,2,300,300,5,5,5.0,,MIN_EXPANDED_SIZE,SAT,5.892293935999987,PASSED,REUSED_E4,E4_REUSED,0,16473,383944,729406,,,85625,1,df5dffc0977b900faa57c3d2338b0ea461590189899d9448828e78c63d1979ba,1,22,24,5,2,1,1.0,1,1,1,,0
b2,moreDetailedTest/0051.trace,moreDetailedTest,atlas-b,315d986329d6c83f00012cbb2c482f9f3bd4f431fd392a10a68febdd91ec5d65,0ef52dddff9ea1c4f1d65b34f23e7b528a2f8e9e,3,2,0,3,2,350,350,5,5,5.0,,MIN_EXPANDED_SIZE,SAT,16.030356436000147,PASSED,REUSED_E4,E4_REUSED,0,35081,1412199,4373810,,,133090,1,68cbff2657649a732d293d5f7cd8e9bcb48f8f77fd5b25ddd2c23b71dbb98e3a,,,,,3,,,,,,,0
b2,moreDetailedTest/0051.trace,moreDetailedTest,macro,315d986329d6c83f00012cbb2c482f9f3bd4f431fd392a10a68febdd91ec5d65,0ef52dddff9ea1c4f1d65b34f23e7b528a2f8e9e,3,2,0,3,2,350,350,5,5,5.0,,MIN_EXPANDED_SIZE,SAT,7.003900158000761,PASSED,REUSED_E4,E4_REUSED,0,18714,437132,831711,,,93891,1,392fc48f49c18b4f377db30f093a8c14b03c29ba18fbe2d9aeea7bbde285ba70,1,22,24,5,2,1,1.0,1,1,1,,0
b2,moreDetailedTest/0052.trace,moreDetailedTest,atlas-b,3785c9bbd405b9af8b6f8a11961c2797f9c1f04854c98e4acd4d1e69e0bc4d2c,0ef52dddff9ea1c4f1d65b34f23e7b528a2f8e9e,3,2,0,3,2,400,400,5,5,5.0,,MIN_EXPANDED_SIZE,SAT,18.574458581000727,PASSED,REUSED_E4,E4_REUSED,0,40081,1613785,4998255,,,151730,1,825288356a8a49bf522db27e4dca7251a496ed04d914a9c5269ffc7d5307f224,,,,,3,,,,,,,0
b2,moreDetailedTest/0052.trace,moreDetailedTest,macro,3785c9bbd405b9af8b6f8a11961c2797f9c1f04854c98e4acd4d1e69e0bc4d2c,0ef52dddff9ea1c4f1d65b34f23e7b528a2f8e9e,3,2,0,3,2,400,400,5,5,5.0,,MIN_EXPANDED_SIZE,SAT,7.3673960539999825,PASSED,REUSED_E4,E4_REUSED,0,20676,481408,914247,,,100585,1,946d1f8da2e81ed126c73ca1cb5f0728e4f8332922860c888aedf3b68b7464fd,1,22,24,5,2,1,1.0,1,1,1,,0
b2,moreDetailedTest/0053.trace,moreDetailedTest,atlas-b,b9457e9a12074ccc13a2761c726d6c5dfa3e9abc5722f4546c812490d7819015,0ef52dddff9ea1c4f1d65b34f23e7b528a2f8e9e,3,2,0,3,2,500,500,5,5,5.0,,MIN_EXPANDED_SIZE,SAT,23.340150916999846,PASSED,REUSED_E4,E4_REUSED,0,50081,2016959,6247127,,,189134,1,b56c094752bb3be5ee72332a4e828d8e9b02de37db353d0bc8b93f775469acd4,,,,,3,,,,,,,0
b2,moreDetailedTest/0053.trace,moreDetailedTest,macro,b9457e9a12074ccc13a2761c726d6c5dfa3e9abc5722f4546c812490d7819015,0ef52dddff9ea1c4f1d65b34f23e7b528a2f8e9e,3,2,0,3,2,500,500,5,5,5.0,,MIN_EXPANDED_SIZE,SAT,8.409911963999548,PASSED,REUSED_E4,E4_REUSED,0,24762,577883,1097327,,,116292,1,bb5be058069c3ae8568b7534e960197a01e50e82aa6b5f8473dedf7e569ce934,1,22,24,5,2,1,1.0,1,1,1,,0
b2,moreDetailedTest/0054.trace,moreDetailedTest,atlas-b,81bbc8bda62f2d9f673309142da00247859a9f96330fcf68503fb50460439d4c,0ef52dddff9ea1c4f1d65b34f23e7b528a2f8e9e,3,2,0,3,2,50,50,5,5,5.0,,MIN_EXPANDED_SIZE,SAT,3.265627112999937,PASSED,REUSED_E4,E4_REUSED,0,5081,202667,627171,,,21054,1,f81373a1805c0a3676874431120655b20c03253d6fb616a167fc936d8c4f1cc1,,,,,3,,,,,,,0
b2,moreDetailedTest/0054.trace,moreDetailedTest,macro,81bbc8bda62f2d9f673309142da00247859a9f96330fcf68503fb50460439d4c,0ef52dddff9ea1c4f1d65b34f23e7b528a2f8e9e,3,2,0,3,2,50,50,5,5,5.0,,MIN_EXPANDED_SIZE,SAT,4.739675524000631,PASSED,REUSED_E4,E4_REUSED,0,3738,86287,164017,,,38146,1,e991eba763cab0211bd76ea11391ac8ca8fc05042c5369307a4e34b4f84ce9fc,1,22,24,5,2,1,1.0,1,1,1,,0
b2,moreDetailedTest/0055.trace,moreDetailedTest,atlas-b,1183178c8767dd12f98917129108ec5fb88816c431a4f75b16d2dfa73c672b32,0ef52dddff9ea1c4f1d65b34f23e7b528a2f8e9e,3,2,0,3,2,5,5,5,5,5.0,,MIN_EXPANDED_SIZE,SAT,1.1857025900008011,PASSED,REUSED_E4,E4_REUSED,0,581,21234,65172,,,4354,1,ddb82d8397365658ff4bbeb09b4871d2633ba4062315b99a4a8d6e4e7680531a,,,,,3,,,,,,,0
b2,moreDetailedTest/0055.trace,moreDetailedTest,macro,1183178c8767dd12f98917129108ec5fb88816c431a4f75b16d2dfa73c672b32,0ef52dddff9ea1c4f1d65b34f23e7b528a2f8e9e,3,2,0,3,2,5,5,5,5,5.0,,MIN_EXPANDED_SIZE,SAT,1.1330823719999898,PASSED,REUSED_E4,E4_REUSED,0,498,10152,19224,,,16425,1,8685ef6d626dc64f6172fd994ae91ea3e1e8f43690c6b329d15e8aa4d5f0cd27,1,22,24,5,2,1,1.0,1,1,1,,0
b2,moreDetailedTest/0056.trace,moreDetailedTest,atlas-b,0c15179014d1264cc17c57ce654ef40ecea6200e6840f5a07e44ce4c86d30d03,0ef52dddff9ea1c4f1d65b34f23e7b528a2f8e9e,3,2,0,3,2,75,75,5,5,5.0,,MIN_EXPANDED_SIZE,SAT,3.8843446889995903,PASSED,REUSED_E4,E4_REUSED,0,7581,303458,939389,,,30334,1,7205a878ea494b408139a2d860e69b816adb958a3a412e5c980173bf238ec6d9,,,,,3,,,,,,,0
b2,moreDetailedTest/0056.trace,moreDetailedTest,macro,0c15179014d1264cc17c57ce654ef40ecea6200e6840f5a07e44ce4c86d30d03,0ef52dddff9ea1c4f1d65b34f23e7b528a2f8e9e,3,2,0,3,2,75,75,5,5,5.0,,MIN_EXPANDED_SIZE,SAT,2.7339784409996355,PASSED,REUSED_E4,E4_REUSED,0,5457,126464,239748,,,44347,1,7764121ef9e1d8cc59531ab5bd7492b5d70ac65c30eef4b9b51186c8ea5162c0,1,22,24,5,2,1,1.0,1,1,1,,0
b2,moreDetailedTest/0057.trace,moreDetailedTest,atlas-b,4f2909eebc3b222544bb7be16127794983b5e97d2605d7fca77341a1f4f3d6ca,0ef52dddff9ea1c4f1d65b34f23e7b528a2f8e9e,18,2,0,8,3,100,100,5,5,5.0,,MIN_EXPANDED_SIZE,TIMEOUT,180.19588065399876,IN_PROGRESS,TRANSLATED_ONLY,TRANSLATE_ONLY,1,16320,1485957,4878346,,,48689,1,ab9d04449f4b2a2538e329dc70f7e94247ff228c396a2c76dff4ce3233d89f97,,,,,,,,,,,,8.47713952200047
b2,moreDetailedTest/0057.trace,moreDetailedTest,macro,4f2909eebc3b222544bb7be16127794983b5e97d2605d7fca77341a1f4f3d6ca,0ef52dddff9ea1c4f1d65b34f23e7b528a2f8e9e,18,2,0,8,3,100,100,5,5,5.0,,MIN_EXPANDED_SIZE,TIMEOUT,180.1989959309999,IN_PROGRESS,TRANSLATED_ONLY,TRANSLATE_ONLY,1,33338,1839718,3914116,,,89726,1,2671ec1e689944c9201edf0574bc37ea76de28f3b39bce0763f9bea98ed671dd,1,58,174,36,8,,,,,,,13.884888591999697
b2,moreDetailedTest/0058.trace,moreDetailedTest,atlas-b,9b4d02810035bae80c5a0ea6d053c0211b3345dfb507f87879b5353bf9810e20,0ef52dddff9ea1c4f1d65b34f23e7b528a2f8e9e,18,2,0,8,3,10,10,5,5,5.0,,MIN_EXPANDED_SIZE,SAT,15.11368430100083,PASSED,REUSED_E4,E4_REUSED,0,1920,156117,512176,,,7109,1,a7920339309ea24a31e46eb4b585b8a54a13b9b9e8c816df37fe1d2d023a9b7f,,,,,8,,,,,,,0
b2,moreDetailedTest/0058.trace,moreDetailedTest,macro,9b4d02810035bae80c5a0ea6d053c0211b3345dfb507f87879b5353bf9810e20,0ef52dddff9ea1c4f1d65b34f23e7b528a2f8e9e,18,2,0,8,3,10,10,5,5,5.0,,MIN_EXPANDED_SIZE,SAT,8.371571551999978,PASSED,REUSED_E4,E4_REUSED,0,4925,206373,447847,,,36718,1,4e07f5cbc0ba32404506c525ad5d1a6ae66cc9424313029c5c6706a9aed414e9,1,58,174,36,8,2,0.16666666666666666,1,5,6,,0
b2,moreDetailedTest/0059.trace,moreDetailedTest,atlas-b,ac97087e8a8cb6861346d5692115d09083d18031456aedc00407096699c3993a,0ef52dddff9ea1c4f1d65b34f23e7b528a2f8e9e,18,2,0,8,3,125,125,5,5,5.0,,MIN_EXPANDED_SIZE,TIMEOUT,180.1949751320003,IN_PROGRESS,TRANSLATED_ONLY,TRANSLATE_ONLY,1,20320,1855357,6091171,,,60289,1,2bfdf111779c54b1e977d9477ef6b8a983661233df12a252d013ee4416ed1f93,,,,,,,,,,,,10.378999188999842
b2,moreDetailedTest/0059.trace,moreDetailedTest,macro,ac97087e8a8cb6861346d5692115d09083d18031456aedc00407096699c3993a,0ef52dddff9ea1c4f1d65b34f23e7b528a2f8e9e,18,2,0,8,3,125,125,5,5,5.0,,MIN_EXPANDED_SIZE,TIMEOUT,180.22319670699994,IN_PROGRESS,TRANSLATED_ONLY,TRANSLATE_ONLY,1,41192,2281681,4850323,,,105453,1,02e315622c0b54ecec5d414d744b97adbc1c7b0a4ad1d18ce09ec3a5165a0a6e,1,58,174,36,8,,,,,,,16.39222854699983
b2,moreDetailedTest/0060.trace,moreDetailedTest,atlas-b,099d374b4a79e557ce8625dbf70b7ef4051854a9f6f427ea06dfa804137155f0,0ef52dddff9ea1c4f1d65b34f23e7b528a2f8e9e,18,2,0,8,3,150,150,5,5,5.0,,MIN_EXPANDED_SIZE,TIMEOUT,180.24001207200035,IN_PROGRESS,TRANSLATED_ONLY,TRANSLATE_ONLY,1,24320,2224755,7303995,,,71875,1,a5b42490a395e20c680ec419f756ff3952dbe6f5282fa791101cb63234990783,,,,,,,,,,,,9.076586654000494
b2,moreDetailedTest/0060.trace,moreDetailedTest,macro,099d374b4a79e557ce8625dbf70b7ef4051854a9f6f427ea06dfa804137155f0,0ef52dddff9ea1c4f1d65b34f23e7b528a2f8e9e,18,2,0,8,3,150,150,5,5,5.0,,MIN_EXPANDED_SIZE,TIMEOUT,180.19027860699998,IN_PROGRESS,TRANSLATED_ONLY,TRANSLATE_ONLY,1,48848,2738802,5830090,,,119851,1,ec2b7775e115a079c72c23aad3eb960748bad283739f4e5c8c6f9ed9977a0f16,1,58,174,36,8,,,,,,,18.191357644000163
b2,moreDetailedTest/0061.trace,moreDetailedTest,atlas-b,39181bf238c368c6bf999b400b5dc580ed71990f1b8847bb509a88918425558d,0ef52dddff9ea1c4f1d65b34f23e7b528a2f8e9e,18,2,0,8,3,175,175,5,5,5.0,,MIN_EXPANDED_SIZE,TIMEOUT,180.23746587099959,IN_PROGRESS,TRANSLATED_ONLY,TRANSLATE_ONLY,1,28320,2594157,8516821,,,83489,1,a6b3cdbad934eadc2b908302b5e1fbee9a8e2147721aaadae9a7b5beaa50c196,,,,,,,,,,,,14.68618031599999
b2,moreDetailedTest/0061.trace,moreDetailedTest,macro,39181bf238c368c6bf999b400b5dc580ed71990f1b8847bb509a88918425558d,0ef52dddff9ea1c4f1d65b34f23e7b528a2f8e9e,18,2,0,8,3,175,175,5,5,5.0,,MIN_EXPANDED_SIZE,TIMEOUT,180.28214162699987,IN_PROGRESS,TRANSLATED_ONLY,TRANSLATE_ONLY,1,56504,3154175,6685261,,,118578,1,8dc299e228e8bd7029f78564b2a811c12da8909b02ddec217854c29d5b4cb01b,1,58,174,36,8,,,,,,,21.8474365080001
b2,moreDetailedTest/0062.trace,moreDetailedTest,atlas-b,8c05c01f1fa86672e622c5898300ef68087cab4fc917aefd4fa0eb99e0d31ce8,0ef52dddff9ea1c4f1d65b34f23e7b528a2f8e9e,18,2,0,8,3,200,200,5,5,5.0,,MIN_EXPANDED_SIZE,TIMEOUT,180.30743029699988,IN_PROGRESS,TRANSLATED_ONLY,TRANSLATE_ONLY,1,32320,2963555,9729644,,,95089,1,eee1256d6a4e03f44f5764d591fcb973fdfaf8ff18c42bff4fb08b4fa7df9a0d,,,,,,,,,,,,13.731739382999876
b2,moreDetailedTest/0062.trace,moreDetailedTest,macro,8c05c01f1fa86672e622c5898300ef68087cab4fc917aefd4fa0eb99e0d31ce8,0ef52dddff9ea1c4f1d65b34f23e7b528a2f8e9e,18,2,0,8,3,200,200,5,5,5.0,,MIN_EXPANDED_SIZE,TIMEOUT,180.27889752400006,IN_PROGRESS,TRANSLATED_ONLY,TRANSLATE_ONLY,1,64622,3629571,7705153,,,131002,1,c6fb847b2422318636e9bad20d9ab1e56a97aa618e0d82f1f6bb493d79cbba22,1,58,174,36,8,,,,,,,23.80092353300006
b2,moreDetailedTest/0063.trace,moreDetailedTest,atlas-b,71ee2e001d753ea974c5b2f5ad823ccc113a64daafa89dabcd113ec476fd9ca8,0ef52dddff9ea1c4f1d65b34f23e7b528a2f8e9e,18,2,0,8,3,250,250,5,5,5.0,,MIN_EXPANDED_SIZE,TIMEOUT,180.26077962,IN_PROGRESS,TRANSLATED_ONLY,TRANSLATE_ONLY,1,40320,3702357,12155296,,,118289,1,ebdc6669e3a544b6f19017317fb82f66d122144adf64674a2c1ef82c54917e45,,,,,,,,,,,,15.887216582000292
b2,moreDetailedTest/0063.trace,moreDetailedTest,macro,71ee2e001d753ea974c5b2f5ad823ccc113a64daafa89dabcd113ec476fd9ca8,0ef52dddff9ea1c4f1d65b34f23e7b528a2f8e9e,18,2,0,8,3,250,250,5,5,5.0,,MIN_EXPANDED_SIZE,TIMEOUT,180.28608195900006,IN_PROGRESS,TRANSLATED_ONLY,TRANSLATE_ONLY,1,80231,4520227,9592761,,,149781,1,8979a8bd74e80ecc8698f4bc9694d62dca14a4d4a019abd98f291ac0228a3a83,1,58,174,36,8,,,,,,,31.008094165999864
b2,moreDetailedTest/0064.trace,moreDetailedTest,atlas-b,9172e3fe9b33b37e7da8cdc2f455f4a54cb2a904a7da6128c606135935bdecee,0ef52dddff9ea1c4f1d65b34f23e7b528a2f8e9e,18,2,0,8,3,300,300,5,5,5.0,,MIN_EXPANDED_SIZE,TIMEOUT,180.2510896299973,IN_PROGRESS,TRANSLATED_ONLY,TRANSLATE_ONLY,1,48320,4441156,14580945,,,141489,1,e381f4a581b6efaecf3b6bf974b15192f65033ad222bc25d1a2950afdfbc0759,,,,,,,,,,,,21.499900146000073
b2,moreDetailedTest/0064.trace,moreDetailedTest,macro,9172e3fe9b33b37e7da8cdc2f455f4a54cb2a904a7da6128c606135935bdecee,0ef52dddff9ea1c4f1d65b34f23e7b528a2f8e9e,18,2,0,8,3,300,300,5,5,5.0,,MIN_EXPANDED_SIZE,TIMEOUT,180.32849894900028,IN_PROGRESS,TRANSLATED_ONLY,TRANSLATE_ONLY,1,95675,5382733,11369367,,,175070,1,96d48a1a7c2eb78eadcba6c004afb1245a3252102c1f6d64e0d08ac21dbc7305,1,58,174,36,8,,,,,,,41.02037325299989
b2,moreDetailedTest/0065.trace,moreDetailedTest,atlas-b,49de086b4b2deb5277c139bb937dd02cb7da0ec67d8e0413ed0599c3758ee5e4,0ef52dddff9ea1c4f1d65b34f23e7b528a2f8e9e,18,2,0,8,3,350,350,5,5,5.0,,MIN_EXPANDED_SIZE,TIMEOUT,180.41010811499928,IN_PROGRESS,TRANSLATED_ONLY,TRANSLATE_ONLY,1,56320,5179957,17006596,,,164689,1,053496a6e0877d4d5d7d572847fa5e40ca078241ec516ebd764e03ea463ad7cf,,,,,,,,,,,,25.653706236999824
b2,moreDetailedTest/0065.trace,moreDetailedTest,macro,49de086b4b2deb5277c139bb937dd02cb7da0ec67d8e0413ed0599c3758ee5e4,0ef52dddff9ea1c4f1d65b34f23e7b528a2f8e9e,18,2,0,8,3,350,350,5,5,5.0,,MIN_EXPANDED_SIZE,TIMEOUT,180.35976577100018,IN_PROGRESS,TRANSLATED_ONLY,TRANSLATE_ONLY,1,111383,6326625,13434403,,,194621,1,7040a3478178a49e21ea682882d230f935468bd1ffe668688203a23cef6b13c4,1,58,174,36,8,,,,,,,42.32586817900028
b2,moreDetailedTest/0066.trace,moreDetailedTest,atlas-b,cbfc471d055d6f53923782080bf95050aaed9d3165c0bc4c90e820b6576d5892,0ef52dddff9ea1c4f1d65b34f23e7b528a2f8e9e,18,2,0,8,3,400,400,5,5,5.0,,MIN_EXPANDED_SIZE,TIMEOUT,180.43932620800024,IN_PROGRESS,TRANSLATED_ONLY,TRANSLATE_ONLY,1,64320,5918752,19432242,,,187879,1,a33fc0f2a9fa1c1eb26893abad14211614dce8c70ef59f64576501949193a423,,,,,,,,,,,,36.273341795000306
b2,moreDetailedTest/0066.trace,moreDetailedTest,macro,cbfc471d055d6f53923782080bf95050aaed9d3165c0bc4c90e820b6576d5892,0ef52dddff9ea1c4f1d65b34f23e7b528a2f8e9e,18,2,0,8,3,400,400,5,5,5.0,,MIN_EXPANDED_SIZE,TIMEOUT,180.38880057699998,IN_PROGRESS,TRANSLATED_ONLY,TRANSLATE_ONLY,1,126662,7168711,15171319,,,213268,1,c6ec1c1160a14e42ab2f319eaf8a92f8c0c97ae5a12a5f5b5ed7c283306fd94c,1,58,174,36,8,,,,,,,46.68490866299999
b2,moreDetailedTest/0067.trace,moreDetailedTest,atlas-b,8bfdde9b0d67c345e53fdae02ca930b5a4ee38ecdf22abe9d65008bc14c87ade,0ef52dddff9ea1c4f1d65b34f23e7b528a2f8e9e,18,2,0,8,3,500,500,5,5,5.0,,MIN_EXPANDED_SIZE,TIMEOUT,180.44966765299978,IN_PROGRESS,TRANSLATED_ONLY,TRANSLATE_ONLY,1,80320,7396357,24283546,,,234289,1,9d5be64ede720c5a939cf8ee72bcde32a281ed6bd2309c318a18e2856952191e,,,,,,,,,,,,41.2290005269997
b2,moreDetailedTest/0067.trace,moreDetailedTest,macro,8bfdde9b0d67c345e53fdae02ca930b5a4ee38ecdf22abe9d65008bc14c87ade,0ef52dddff9ea1c4f1d65b34f23e7b528a2f8e9e,18,2,0,8,3,500,500,5,5,5.0,,MIN_EXPANDED_SIZE,TIMEOUT,180.44718480600022,IN_PROGRESS,TRANSLATED_ONLY,TRANSLATE_ONLY,1,157550,8939399,18923289,,,251856,1,53078a175fcd5b15da9697dc9e61f7d5ed1c98f93d279325ccfb577f7b5bef4c,1,58,174,36,8,,,,,,,66.90312368000014
b2,moreDetailedTest/0068.trace,moreDetailedTest,atlas-b,b655e71c689ae313860791906ac28e02bd55899f8ebc76e33057f1bab0d5f81f,0ef52dddff9ea1c4f1d65b34f23e7b528a2f8e9e,18,2,0,8,3,50,50,5,5,5.0,,MIN_EXPANDED_SIZE,TIMEOUT,180.10945765500037,IN_PROGRESS,TRANSLATED_ONLY,TRANSLATE_ONLY,1,8320,747157,2452696,,,25589,1,1947b80097860acea19113b4f9fd7829aa274bc3c11c0f0b68297f44fd4be7ef,,,,,,,,,,,,3.819815931999983
b2,moreDetailedTest/0068.trace,moreDetailedTest,macro,b655e71c689ae313860791906ac28e02bd55899f8ebc76e33057f1bab0d5f81f,0ef52dddff9ea1c4f1d65b34f23e7b528a2f8e9e,18,2,0,8,3,50,50,5,5,5.0,,MIN_EXPANDED_SIZE,TIMEOUT,180.1612011090001,IN_PROGRESS,TRANSLATED_ONLY,TRANSLATE_ONLY,1,17597,934875,2001225,,,69580,1,3ecbb5c8153ec8cedec11601943a8b6856667f01254f2a9214db9592c4677086,1,58,174,36,8,,,,,,,7.524051507000877
b2,moreDetailedTest/0069.trace,moreDetailedTest,atlas-b,a9ac77a0666a85534867d5c71ed179f19df02b2cdcbfb8d03371ef159e3795db,0ef52dddff9ea1c4f1d65b34f23e7b528a2f8e9e,18,2,0,8,3,5,5,5,5,5.0,,MIN_EXPANDED_SIZE,SAT,2.6265669229997,PASSED,REUSED_E4,E4_REUSED,0,1120,82237,269611,,,4809,1,d26fc98233f26281f39f06c8acb079cd7c6420fe5796ed3d08dc28751ae50414,,,,,8,,,,,,,0
b2,moreDetailedTest/0069.trace,moreDetailedTest,macro,a9ac77a0666a85534867d5c71ed179f19df02b2cdcbfb8d03371ef159e3795db,0ef52dddff9ea1c4f1d65b34f23e7b528a2f8e9e,18,2,0,8,3,5,5,5,5,5.0,,MIN_EXPANDED_SIZE,SAT,3.6709693829998287,PASSED,REUSED_E4,E4_REUSED,0,3275,108580,236866,,,29320,1,17a7e279635baf4cfb610cf288a4d8d3b5a2ee087ac28d9b7576c14b0c74a15c,1,58,174,36,8,1,2.0,2,1,1,,0
b2,moreDetailedTest/0070.trace,moreDetailedTest,atlas-b,4113d0f1c393d73a8d978b7e373ab3717e657abb7c698f906d252b6447dc785e,0ef52dddff9ea1c4f1d65b34f23e7b528a2f8e9e,18,2,0,8,3,75,75,5,5,5.0,,MIN_EXPANDED_SIZE,TIMEOUT,180.15921600799993,IN_PROGRESS,TRANSLATED_ONLY,TRANSLATE_ONLY,1,12320,1116557,3665521,,,37139,1,3632baf4826224a570c3438cc03d528f3e49b04075187cf1732a3371b4f96544,,,,,,,,,,,,4.620238170999983
b2,moreDetailedTest/0070.trace,moreDetailedTest,macro,4113d0f1c393d73a8d978b7e373ab3717e657abb7c698f906d252b6447dc785e,0ef52dddff9ea1c4f1d65b34f23e7b528a2f8e9e,18,2,0,8,3,75,75,5,5,5.0,,MIN_EXPANDED_SIZE,TIMEOUT,180.16495919800036,IN_PROGRESS,TRANSLATED_ONLY,TRANSLATE_ONLY,1,25649,1375767,2887737,,,82609,1,64b3dff4ee7abb5c9215aef8fa8af9029dc8f57953788f3b026f64caac735378,1,58,174,36,8,,,,,,,10.938161842999762
b2,moreDetailedTest/0071.trace,moreDetailedTest,atlas-b,57d13b17b326ec9ce16c93c3b3a3cd58a31d7fea0d319c9f63b4a363c220f75a,0ef52dddff9ea1c4f1d65b34f23e7b528a2f8e9e,67,2,0,8,4,70,100,5,5,5.0,,MIN_EXPANDED_SIZE,TIMEOUT,180.1588065650003,IN_PROGRESS,TRANSLATED_ONLY,TRANSLATE_ONLY,1,14818,1349041,4451274,,,49413,1,10e527b5c21c2d6561894cd9c4ba7d0a3e130e17cbef1ce5876c5f1b070dc331,,,,,,,,,,,,7.624772923000819
b2,moreDetailedTest/0071.trace,moreDetailedTest,macro,57d13b17b326ec9ce16c93c3b3a3cd58a31d7fea0d319c9f63b4a363c220f75a,0ef52dddff9ea1c4f1d65b34f23e7b528a2f8e9e,67,2,0,8,4,70,100,5,5,5.0,,MIN_EXPANDED_SIZE,TIMEOUT,180.2040046039997,IN_PROGRESS,TRANSLATED_ONLY,TRANSLATE_ONLY,1,29353,1614037,3436487,,,90152,1,b25adba2f46bda55eb95df47e223465d654e670008cd02efd219999d965fb464,1,149,664,36,8,,,,,,,10.77865940599986
b2,moreDetailedTest/0072.trace,moreDetailedTest,atlas-b,712a95f97a55148b893cab7e054060b15ca5368cc6eb72bbdff11635e77e8b38,0ef52dddff9ea1c4f1d65b34f23e7b528a2f8e9e,67,2,0,8,4,7,10,5,5,5.0,,MIN_EXPANDED_SIZE,SAT,2.1381346109999413,PASSED,REUSED_E4,E4_REUSED,0,1813,144166,475785,,,7188,1,4a7311dc12b485495fd31dd14c9adc2724da88d3c52bfa51e3da446b644a8c04,,,,,8,,,,,,,0
b2,moreDetailedTest/0072.trace,moreDetailedTest,macro,712a95f97a55148b893cab7e054060b15ca5368cc6eb72bbdff11635e77e8b38,0ef52dddff9ea1c4f1d65b34f23e7b528a2f8e9e,67,2,0,8,4,7,10,5,5,5.0,,MIN_EXPANDED_SIZE,SAT,1.425777953000079,PASSED,REUSED_E4,E4_REUSED,0,871,18657,35953,,,16604,1,8d0b829a7038b06a464e5910bc679cce48501da41667f94d1e4bad1aec8c5720,1,149,664,5,2,1,1.0,1,1,1,,0
b2,moreDetailedTest/0073.trace,moreDetailedTest,atlas-b,e742f6337ec6bd9e7bda1c2065502eee6341208300398b0c703fa2b0bb35defd,0ef52dddff9ea1c4f1d65b34f23e7b528a2f8e9e,67,2,0,8,4,80,125,5,5,5.0,,MIN_EXPANDED_SIZE,TIMEOUT,180.19864538299953,IN_PROGRESS,TRANSLATED_ONLY,TRANSLATE_ONLY,1,17793,1624666,5360704,,,59098,1,f39f9644f726216f141c1b519e60df85f3bd36e8133ec0789b8e371e45d0636d,,,,,,,,,,,,8.175141396999607
b2,moreDetailedTest/0073.trace,moreDetailedTest,macro,e742f6337ec6bd9e7bda1c2065502eee6341208300398b0c703fa2b0bb35defd,0ef52dddff9ea1c4f1d65b34f23e7b528a2f8e9e,67,2,0,8,4,80,125,5,5,5.0,,MIN_EXPANDED_SIZE,TIMEOUT,180.20900757599975,IN_PROGRESS,TRANSLATED_ONLY,TRANSLATE_ONLY,1,34798,1909208,4035138,,,98685,1,1c0c69069b2f4e7b796ac90d1db8708835035b2d180e82aff5bfcab9c0b5414e,1,149,664,36,8,,,,,,,13.785455666999951
b2,moreDetailedTest/0074.trace,moreDetailedTest,atlas-b,2e1fb6f79c6a1faa78f4871a322a26feeec4f3b6891910359cb1e871d607b1e2,0ef52dddff9ea1c4f1d65b34f23e7b528a2f8e9e,67,2,0,8,4,107,150,5,5,5.0,,MIN_EXPANDED_SIZE,TIMEOUT,180.27136699099992,IN_PROGRESS,TRANSLATED_ONLY,TRANSLATE_ONLY,1,22213,2034166,6711845,,,73482,1,0cad02ffcb7b25d4723dac279b17791285be5ab7f77bebc5d4f5662d06fd812d,,,,,,,,,,,,10.178525604000242
b2,moreDetailedTest/0074.trace,moreDetailedTest,macro,2e1fb6f79c6a1faa78f4871a322a26feeec4f3b6891910359cb1e871d607b1e2,0ef52dddff9ea1c4f1d65b34f23e7b528a2f8e9e,67,2,0,8,4,107,150,5,5,5.0,,MIN_EXPANDED_SIZE,TIMEOUT,180.25408992399935,IN_PROGRESS,TRANSLATED_ONLY,TRANSLATE_ONLY,1,43180,2393216,5064622,,,118063,1,2bd545839693340b643ce48416e8a0afb6d0ffe70545991e5be1152cfd5d759c,1,149,664,36,8,,,,,,,15.787280554000063
b2,moreDetailedTest/0075.trace,moreDetailedTest,atlas-b,7996d9940d778813e5fbcdafe6750a3b9a0af65c0477403f060535cc6e24d64f,0ef52dddff9ea1c4f1d65b34f23e7b528a2f8e9e,67,2,0,8,4,116,175,5,5,5.0,,MIN_EXPANDED_SIZE,TIMEOUT,180.18552200199997,IN_PROGRESS,TRANSLATED_ONLY,TRANSLATE_ONLY,1,25103,2301916,7595292,,,82900,1,072b5c50de6dcec8c650b3aa6e2350dc2e30c799f99230ddf455b51f168f9db7,,,,,,,,,,,,12.682823236999866
b2,moreDetailedTest/0075.trace,moreDetailedTest,macro,7996d9940d778813e5fbcdafe6750a3b9a0af65c0477403f060535cc6e24d64f,0ef52dddff9ea1c4f1d65b34f23e7b528a2f8e9e,67,2,0,8,4,116,175,5,5,5.0,,MIN_EXPANDED_SIZE,TIMEOUT,180.24252327499994,IN_PROGRESS,TRANSLATED_ONLY,TRANSLATE_ONLY,1,48823,2701829,5699259,,,127098,1,7ac92ef64d7980c9a9839347fe4d3d6a97f6928733f27da6999fd739877c08d9,1,149,664,36,8,,,,,,,17.690261607999673
b2,moreDetailedTest/0076.trace,moreDetailedTest,atlas-b,831e91124dcee39271a6aedcc45c8f5fe5958dd7ae0f3ff4ae212e0c32fe0667,0ef52dddff9ea1c4f1d65b34f23e7b528a2f8e9e,67,2,0,8,4,124,200,5,5,5.0,,MIN_EXPANDED_SIZE,TIMEOUT,180.21804515500003,IN_PROGRESS,TRANSLATED_ONLY,TRANSLATE_ONLY,1,27908,2561791,8452756,,,92041,1,6f09907599b8254bc9600748b2399f87dfb4ff087c44128b51023b00a2548e12,,,,,,,,,,,,14.538361781000276
b2,moreDetailedTest/0076.trace,moreDetailedTest,macro,831e91124dcee39271a6aedcc45c8f5fe5958dd7ae0f3ff4ae212e0c32fe0667,0ef52dddff9ea1c4f1d65b34f23e7b528a2f8e9e,67,2,0,8,4,124,200,5,5,5.0,,MIN_EXPANDED_SIZE,TIMEOUT,180.2140470639988,IN_PROGRESS,TRANSLATED_ONLY,TRANSLATE_ONLY,1,53443,2990627,6332889,,,134964,1,93b16e46ccfea7c230faa6e3dd96d12f1b9257396c9102cb925e9405958dd7c7,1,149,664,36,8,,,,,,,22.796486661000017
b2,moreDetailedTest/0077.trace,moreDetailedTest,atlas-b,b00e1c488a1ff227de8228fb648596ebfe829fd0352e1b171b29410e87917875,0ef52dddff9ea1c4f1d65b34f23e7b528a2f8e9e,67,2,0,8,4,155,250,5,5,5.0,,MIN_EXPANDED_SIZE,TIMEOUT,180.26913307500035,IN_PROGRESS,TRANSLATED_ONLY,TRANSLATE_ONLY,1,34793,3199666,10557429,,,114478,1,96d4475647797067221aba0ba5d8fb8bbf6a0a982004f42bf89924c78ec89086,,,,,,,,,,,,17.990126083000177
b2,moreDetailedTest/0077.trace,moreDetailedTest,macro,b00e1c488a1ff227de8228fb648596ebfe829fd0352e1b171b29410e87917875,0ef52dddff9ea1c4f1d65b34f23e7b528a2f8e9e,67,2,0,8,4,155,250,5,5,5.0,,MIN_EXPANDED_SIZE,TIMEOUT,180.22492062499987,IN_PROGRESS,TRANSLATED_ONLY,TRANSLATE_ONLY,1,67435,3786821,8038503,,,155391,1,136e4de793e4b553ba39997900cab28af431a34cc9258afb0013ad18457d9e44,1,149,664,36,8,,,,,,,28.202978373000406
b2,moreDetailedTest/0078.trace,moreDetailedTest,atlas-b,7b8192397809be8eb1f97061b084ca8b89710901cf2a3fff0f17b27f7f211ffa,0ef52dddff9ea1c4f1d65b34f23e7b528a2f8e9e,67,2,0,8,4,174,300,5,5,5.0,,MIN_EXPANDED_SIZE,TIMEOUT,180.27302674800012,IN_PROGRESS,TRANSLATED_ONLY,TRANSLATE_ONLY,1,40658,3743041,12350306,,,133591,1,420028716213f37a1b6ce1f90fe17f68d1c426e4664f708ff5b3fc26d8e1f5bc,,,,,,,,,,,,18.692506043999856
b2,moreDetailedTest/0078.trace,moreDetailedTest,macro,7b8192397809be8eb1f97061b084ca8b89710901cf2a3fff0f17b27f7f211ffa,0ef52dddff9ea1c4f1d65b34f23e7b528a2f8e9e,67,2,0,8,4,174,300,5,5,5.0,,MIN_EXPANDED_SIZE,TIMEOUT,180.27054933099998,IN_PROGRESS,TRANSLATED_ONLY,TRANSLATE_ONLY,1,78589,4428909,9392779,,,168992,1,1ff3163df8b4d9677892016ae997779df04716fd55dcf5d6245546b596b900fe,1,149,664,36,8,,,,,,,29.608951434999653
b2,moreDetailedTest/0079.trace,moreDetailedTest,atlas-b,73361930f2abc56658d9de6f4f3cf4ee57a4b1ba1f5dd96eaab48b01b811babb,0ef52dddff9ea1c4f1d65b34f23e7b528a2f8e9e,67,2,0,8,4,213,350,5,5,5.0,,MIN_EXPANDED_SIZE,TIMEOUT,180.36192018200018,IN_PROGRESS,TRANSLATED_ONLY,TRANSLATE_ONLY,1,48223,4443916,14662843,,,158244,1,699737b2e81d86ea47964a0fee2c9af54c7ed1813de031297b79860decc6a583,,,,,,,,,,,,21.54508993499985
b2,moreDetailedTest/0079.trace,moreDetailedTest,macro,73361930f2abc56658d9de6f4f3cf4ee57a4b1ba1f5dd96eaab48b01b811babb,0ef52dddff9ea1c4f1d65b34f23e7b528a2f8e9e,67,2,0,8,4,213,350,5,5,5.0,,MIN_EXPANDED_SIZE,TIMEOUT,180.29223410300028,IN_PROGRESS,TRANSLATED_ONLY,TRANSLATE_ONLY,1,92944,5231448,11065034,,,193897,1,5f1641ab3ad60a19edb5d6bbefe0b6929d81d6b1773fe48063880614ee96d25d,1,149,664,36,8,,,,,,,36.6700208000002
b2,moreDetailedTest/0080.trace,moreDetailedTest,atlas-b,f88b209c9f44897c74fcb5ea01127241b0ff75ad97d626894bb652e787c86ffc,0ef52dddff9ea1c4f1d65b34f23e7b528a2f8e9e,67,2,0,8,4,317,400,5,5,5.0,,MIN_EXPANDED_SIZE,TIMEOUT,180.4166019690001,IN_PROGRESS,TRANSLATED_ONLY,TRANSLATE_ONLY,1,61313,5656666,18664275,,,200902,1,8bb8141cad19969af605727128c4e6c598401ea157df46959685485a0c36ba6e,,,,,,,,,,,,30.509205235999616
b2,moreDetailedTest/0080.trace,moreDetailedTest,macro,f88b209c9f44897c74fcb5ea01127241b0ff75ad97d626894bb652e787c86ffc,0ef52dddff9ea1c4f1d65b34f23e7b528a2f8e9e,67,2,0,8,4,317,400,5,5,5.0,,MIN_EXPANDED_SIZE,TIMEOUT,180.3693410800006,IN_PROGRESS,TRANSLATED_ONLY,TRANSLATE_ONLY,1,117397,6641519,14057349,,,230479,1,740256774232b95d7865200616629b80e9afcdb1f94b789d3f4fbe75e4d28866,1,149,664,36,8,,,,,,,45.68587738399947
b2,moreDetailedTest/0081.trace,moreDetailedTest,atlas-b,e6daa1f5db8caa045d341a205eb90d0b19075f97e51295dda11e06a855c805fb,0ef52dddff9ea1c4f1d65b34f23e7b528a2f8e9e,67,2,0,8,4,331,500,5,5,5.0,,MIN_EXPANDED_SIZE,TIMEOUT,180.407286763,IN_PROGRESS,TRANSLATED_ONLY,TRANSLATE_ONLY,1,71003,6554416,21626437,,,232480,1,aa572b5da0450785e5da18329dc66d17b139195abad4ebf5d6cbcdafc9ecd2d9,,,,,,,,,,,,33.71372825600065
b2,moreDetailedTest/0081.trace,moreDetailedTest,macro,e6daa1f5db8caa045d341a205eb90d0b19075f97e51295dda11e06a855c805fb,0ef52dddff9ea1c4f1d65b34f23e7b528a2f8e9e,67,2,0,8,4,331,500,5,5,5.0,,MIN_EXPANDED_SIZE,TIMEOUT,180.33850320800002,IN_PROGRESS,TRANSLATED_ONLY,TRANSLATE_ONLY,1,136438,7714266,16316652,,,261426,1,0e93011899f2eba3d634f2b32ad619ffb2e1ad984106ba108950256955635361,1,149,664,36,8,,,,,,,51.383143461000145
b2,moreDetailedTest/0082.trace,moreDetailedTest,atlas-b,4d7260867536235c162fcf2d264141458d3eb621960070f11fa2838c3a3fd581,0ef52dddff9ea1c4f1d65b34f23e7b528a2f8e9e,67,2,0,8,4,36,50,5,5,5.0,,MIN_EXPANDED_SIZE,SAT,6.461148594999031,PASSED,REUSED_E4,E4_REUSED,0,7678,687541,2268652,,,26229,1,74554fdcae2cb525e7755e93e3df4db5c5a9e582ec0634c17a88d265dd52d1e6,,,,,8,,,,,,,0
b2,moreDetailedTest/0082.trace,moreDetailedTest,macro,4d7260867536235c162fcf2d264141458d3eb621960070f11fa2838c3a3fd581,0ef52dddff9ea1c4f1d65b34f23e7b528a2f8e9e,67,2,0,8,4,36,50,5,5,5.0,,MIN_EXPANDED_SIZE,SAT,2.7936398299998473,PASSED,REUSED_E4,E4_REUSED,0,3922,90714,175012,,,39045,1,b6f836bea37d1727f767f427a6fda361c454c54b05b0dd898d6bda494e6f16dc,1,149,664,5,2,1,1.0,1,1,1,,0
b2,moreDetailedTest/0083.trace,moreDetailedTest,atlas-b,a7c5f6d9bd25a1c35e7fd4fb1a8df4030ffa299d1970fee1c260c404b3fc1419,0ef52dddff9ea1c4f1d65b34f23e7b528a2f8e9e,67,2,0,8,4,1,5,5,5,5.0,,MIN_EXPANDED_SIZE,SAT,2.203022095000051,PASSED,REUSED_E4,E4_REUSED,0,878,57540,189966,,,4163,1,18b3ef446f8c5553b530d236e52e3c4daec5bdd2e53eee2fa7d5acb8e393665c,,,,,8,,,,,,,0
b2,moreDetailedTest/0083.trace,moreDetailedTest,macro,a7c5f6d9bd25a1c35e7fd4fb1a8df4030ffa299d1970fee1c260c404b3fc1419,0ef52dddff9ea1c4f1d65b34f23e7b528a2f8e9e,67,2,0,8,4,1,5,5,5,5.0,,MIN_EXPANDED_SIZE,SAT,1.8624068959998112,PASSED,REUSED_E4,E4_REUSED,0,385,7199,14047,,,9597,1,0631104248a152c3b615f81eda6ab88e578b37b617ac21d7c850d1703d686bf2,1,69,664,5,2,1,1.0,1,1,1,,0
b2,moreDetailedTest/0084.trace,moreDetailedTest,atlas-b,26248e3a236ebf1aa7a6c5bc31aafbc13134a9a5d9990871a12935b8737fc8a3,0ef52dddff9ea1c4f1d65b34f23e7b528a2f8e9e,67,2,0,8,4,52,75,5,5,5.0,,MIN_EXPANDED_SIZE,TIMEOUT,180.14800467199984,IN_PROGRESS,TRANSLATED_ONLY,TRANSLATE_ONLY,1,11163,1010416,3333980,,,37545,1,bc424a7cb42b904260fab6ebb5404f20e7a0d2f5a12257bf7ce79af83a7fcf4b,,,,,,,,,,,,5.371155105000071
b2,moreDetailedTest/0084.trace,moreDetailedTest,macro,26248e3a236ebf1aa7a6c5bc31aafbc13134a9a5d9990871a12935b8737fc8a3,0ef52dddff9ea1c4f1d65b34f23e7b528a2f8e9e,67,2,0,8,4,52,75,5,5,5.0,,MIN_EXPANDED_SIZE,TIMEOUT,180.1220906909998,IN_PROGRESS,TRANSLATED_ONLY,TRANSLATE_ONLY,1,21796,1158720,2434558,,,78789,1,3cba99fea6dfe861cd96006d142ad42cd0d9435e27422ce9c616db50da2e5111,1,149,664,36,8,,,,,,,8.57672363399979
b2,moreDetailedTest/0085.trace,moreDetailedTest,atlas-b,eaca5cc7c4d2367554b6877c124c9cce8f7af944d720d88f9783c9c8dc046f03,0ef52dddff9ea1c4f1d65b34f23e7b528a2f8e9e,6,2,0,6,3,100,100,5,5,5.0,,MIN_EXPANDED_SIZE,TIMEOUT,180.13136156899964,IN_PROGRESS,TRANSLATED_ONLY,TRANSLATE_ONLY,1,14222,995724,3219923,,,48688,1,17eee321bf7ee967b738ac5b65e4d155b4dae88daa635f15db6272225c7ca95a,,,,,,,,,,,,5.321291600999757
b2,moreDetailedTest/0085.trace,moreDetailedTest,macro,eaca5cc7c4d2367554b6877c124c9cce8f7af944d720d88f9783c9c8dc046f03,0ef52dddff9ea1c4f1d65b34f23e7b528a2f8e9e,6,2,0,6,3,100,100,5,5,5.0,,MIN_EXPANDED_SIZE,TIMEOUT,180.15220366500034,IN_PROGRESS,TRANSLATED_ONLY,TRANSLATE_ONLY,1,25241,1358772,2799851,,,91662,1,4eb5545a7e2f512369c98c96edc284f6094c92ac0f0f6d1bfa5854044b77c779,1,34,54,32,6,,,,,,,11.133509064999998
b2,moreDetailedTest/0086.trace,moreDetailedTest,atlas-b,7d1221f99a365f5cdd06e29192e26daaa82b7eeeaacd6120e653fedf3d837ebc,0ef52dddff9ea1c4f1d65b34f23e7b528a2f8e9e,6,2,0,6,3,10,10,5,5,5.0,,MIN_EXPANDED_SIZE,UNSAT,31.169175979999636,NOT_APPLICABLE_UNSAT,REUSED_E4,E4_REUSED,0,1622,104004,335873,,,7108,1,243d07c631fecc9833683253641803151c95ddde0308c8c06b72e3f777cdb993,,,,,6,,,,,,,0
b2,moreDetailedTest/0086.trace,moreDetailedTest,macro,7d1221f99a365f5cdd06e29192e26daaa82b7eeeaacd6120e653fedf3d837ebc,0ef52dddff9ea1c4f1d65b34f23e7b528a2f8e9e,6,2,0,6,3,10,10,5,5,5.0,,MIN_EXPANDED_SIZE,UNSAT,18.102251484999215,NOT_APPLICABLE_UNSAT,REUSED_E4,E4_REUSED,0,3541,146864,307813,,,43341,1,806a7f61c80a24f43a1b61d296ca836d7b879f2261e7bcc51a4b8db6ab6b2c26,1,34,54,32,6,,,,,,,0
b2,moreDetailedTest/0087.trace,moreDetailedTest,atlas-b,558efb63948013ff1a72713446f4c418cee07091d72c39f6c67a5e739476cc48,0ef52dddff9ea1c4f1d65b34f23e7b528a2f8e9e,6,2,0,6,3,125,125,5,5,5.0,,MIN_EXPANDED_SIZE,TIMEOUT,180.15482657899975,IN_PROGRESS,TRANSLATED_ONLY,TRANSLATE_ONLY,1,17722,1243424,4021048,,,60288,1,57c271e730389985f5577d0ebd3094bf60a4754a358d9f0dee99aadc4a5d3a8f,,,,,,,,,,,,7.2244926240000495
b2,moreDetailedTest/0087.trace,moreDetailedTest,macro,558efb63948013ff1a72713446f4c418cee07091d72c39f6c67a5e739476cc48,0ef52dddff9ea1c4f1d65b34f23e7b528a2f8e9e,6,2,0,6,3,125,125,5,5,5.0,,MIN_EXPANDED_SIZE,TIMEOUT,180.2280166649998,IN_PROGRESS,TRANSLATED_ONLY,TRANSLATE_ONLY,1,31316,1683486,3454871,,,101946,1,4252b07af20c028f6b5ebb735ecc2679acaa8137b9982a9fd31695175055b637,1,34,54,32,6,,,,,,,13.032170444000258
b2,moreDetailedTest/0088.trace,moreDetailedTest,atlas-b,f43cb075a600217404d8150609c59e79796ebce8b054f4583035ef7b4b9d6e7c,0ef52dddff9ea1c4f1d65b34f23e7b528a2f8e9e,6,2,0,6,3,150,150,5,5,5.0,,MIN_EXPANDED_SIZE,TIMEOUT,180.14748201200018,IN_PROGRESS,TRANSLATED_ONLY,TRANSLATE_ONLY,1,21222,1491124,4822173,,,71888,1,1c7ca10c5592e41e61621f8c6ae4e77ad33483edb8e2fe738739617c0c57ba1b,,,,,,,,,,,,9.226374398000189
b2,moreDetailedTest/0088.trace,moreDetailedTest,macro,f43cb075a600217404d8150609c59e79796ebce8b054f4583035ef7b4b9d6e7c,0ef52dddff9ea1c4f1d65b34f23e7b528a2f8e9e,6,2,0,6,3,150,150,5,5,5.0,,MIN_EXPANDED_SIZE,TIMEOUT,180.2412818970006,IN_PROGRESS,TRANSLATED_ONLY,TRANSLATE_ONLY,1,37266,2027135,4176352,,,107916,1,b10420189cf54175780c55dd152e8d16f98e6729033f20e3d79b1d44663f003b,1,34,54,32,6,,,,,,,14.585815293999985
b2,moreDetailedTest/0089.trace,moreDetailedTest,atlas-b,10eb82fc9b894566e2bdda7fbe063f53fb1f1ab040f98850aea7e910a9bcf07a,0ef52dddff9ea1c4f1d65b34f23e7b528a2f8e9e,6,2,0,6,3,175,175,5,5,5.0,,MIN_EXPANDED_SIZE,TIMEOUT,180.18836050500067,IN_PROGRESS,TRANSLATED_ONLY,TRANSLATE_ONLY,1,24722,1738824,5623298,,,83488,1,cf58417d303ec1d68b01806c698b61ce6d6521ed71adacd8c379e8c8dc28b2fc,,,,,,,,,,,,9.378872251999383
b2,moreDetailedTest/0089.trace,moreDetailedTest,macro,10eb82fc9b894566e2bdda7fbe063f53fb1f1ab040f98850aea7e910a9bcf07a,0ef52dddff9ea1c4f1d65b34f23e7b528a2f8e9e,6,2,0,6,3,175,175,5,5,5.0,,MIN_EXPANDED_SIZE,TIMEOUT,180.244282032,IN_PROGRESS,TRANSLATED_ONLY,TRANSLATE_ONLY,1,43541,2378644,4904599,,,115209,1,7ff94bb48c5cafb12e907ae0dad87e103aaf5c4e4f79690db39b8023402eac09,1,34,54,32,6,,,,,,,16.289652251000007
b2,moreDetailedTest/0090.trace,moreDetailedTest,atlas-b,ec4fab11813386fee859e75b27a799e8016ac7481d19106d22ea040bbdf7c32b,0ef52dddff9ea1c4f1d65b34f23e7b528a2f8e9e,6,2,0,6,3,200,200,5,5,5.0,,MIN_EXPANDED_SIZE,TIMEOUT,180.1767724680003,IN_PROGRESS,TRANSLATED_ONLY,TRANSLATE_ONLY,1,28222,1986524,6424423,,,95088,1,902c47030e378782e6f5b8f5d1a1f2f07752e0ca02b97244655d68ecadd5521e,,,,,,,,,,,,9.829166615000759
b2,moreDetailedTest/0090.trace,moreDetailedTest,macro,ec4fab11813386fee859e75b27a799e8016ac7481d19106d22ea040bbdf7c32b,0ef52dddff9ea1c4f1d65b34f23e7b528a2f8e9e,6,2,0,6,3,200,200,5,5,5.0,,MIN_EXPANDED_SIZE,TIMEOUT,180.22906533900004,IN_PROGRESS,TRANSLATED_ONLY,TRANSLATE_ONLY,1,49741,2732832,5647295,,,131364,1,17a5aa2fba84b7052723f5832a7869e3677b4b0681751811d4e136ff86a7ed8b,1,34,54,32,6,,,,,,,19.440969043000223
b2,moreDetailedTest/0091.trace,moreDetailedTest,atlas-b,5fd6f2cf1a0d0eeb256b4bdcb37d8224953e2cbb7d9ca333188168ce6ccdb57d,0ef52dddff9ea1c4f1d65b34f23e7b528a2f8e9e,6,2,0,6,3,250,250,5,5,5.0,,MIN_EXPANDED_SIZE,TIMEOUT,180.230808325,IN_PROGRESS,TRANSLATED_ONLY,TRANSLATE_ONLY,1,35222,2481921,8026670,,,118288,1,32beebca7356bccebac25044c08040a5e55aac5dbfed85e9e201b5f1bd8d4b24,,,,,,,,,,,,11.581009960999836
b2,moreDetailedTest/0091.trace,moreDetailedTest,macro,5fd6f2cf1a0d0eeb256b4bdcb37d8224953e2cbb7d9ca333188168ce6ccdb57d,0ef52dddff9ea1c4f1d65b34f23e7b528a2f8e9e,6,2,0,6,3,250,250,5,5,5.0,,MIN_EXPANDED_SIZE,TIMEOUT,180.28521741400073,IN_PROGRESS,TRANSLATED_ONLY,TRANSLATE_ONLY,1,61741,3388064,6977255,,,150833,1,cc7815212865eb67e56beaa43191e7ad10d4799880b038059d29232c293dad71,1,34,54,32,6,,,,,,,25.94962158599992
b2,moreDetailedTest/0092.trace,moreDetailedTest,atlas-b,5c5aa51423d0defa0ed2cc7df8cd3de4afaee02c847b7d08887824bd0de72351,0ef52dddff9ea1c4f1d65b34f23e7b528a2f8e9e,6,2,0,6,3,300,300,5,5,5.0,,MIN_EXPANDED_SIZE,TIMEOUT,180.28853497400087,IN_PROGRESS,TRANSLATED_ONLY,TRANSLATE_ONLY,1,42222,2977322,9628921,,,141488,1,1e1d47d4d5b74b44fcd48596ffecad2e0fb8fbc242e76b522b791556da708744,,,,,,,,,,,,16.18565570299961
b2,moreDetailedTest/0092.trace,moreDetailedTest,macro,5c5aa51423d0defa0ed2cc7df8cd3de4afaee02c847b7d08887824bd0de72351,0ef52dddff9ea1c4f1d65b34f23e7b528a2f8e9e,6,2,0,6,3,300,300,5,5,5.0,,MIN_EXPANDED_SIZE,TIMEOUT,180.3056962339997,IN_PROGRESS,TRANSLATED_ONLY,TRANSLATE_ONLY,1,74116,4091437,8445966,,,171349,1,8a93b4eaac1809f65a5cd8e22409869f960e4ed6a305e58fb44b9918183f2f01,1,34,54,32,6,,,,,,,29.063537697000356
b2,moreDetailedTest/0093.trace,moreDetailedTest,atlas-b,806ba714d81d3e8de22d2a83623ccbe9a8b2ae65952d868b09fae1a9c6591b06,0ef52dddff9ea1c4f1d65b34f23e7b528a2f8e9e,6,2,0,6,3,350,350,5,5,5.0,,MIN_EXPANDED_SIZE,TIMEOUT,180.34635460499885,IN_PROGRESS,TRANSLATED_ONLY,TRANSLATE_ONLY,1,49222,3472723,11231172,,,164688,1,1428042e81b99e79b3a6c048092a5af7ea3b973a5a17bc54a0ed4a23cfc17364,,,,,,,,,,,,16.83908729199993
b2,moreDetailedTest/0093.trace,moreDetailedTest,macro,806ba714d81d3e8de22d2a83623ccbe9a8b2ae65952d868b09fae1a9c6591b06,0ef52dddff9ea1c4f1d65b34f23e7b528a2f8e9e,6,2,0,6,3,350,350,5,5,5.0,,MIN_EXPANDED_SIZE,TIMEOUT,180.30362416999924,IN_PROGRESS,TRANSLATED_ONLY,TRANSLATE_ONLY,1,85991,4731404,9740985,,,190709,1,e0ff89cfe5f9d7de848aa4c3f902309a319f0a33c4d4780ff8c2417d6b5bbbe3,1,34,54,32,6,,,,,,,34.96492810500058
b2,moreDetailedTest/0094.trace,moreDetailedTest,atlas-b,d8a87b17ca65acd920f9826c0a9c8fdb588f555dc94081ffad59d1482b7c0427,0ef52dddff9ea1c4f1d65b34f23e7b528a2f8e9e,6,2,0,6,3,400,400,5,5,5.0,,MIN_EXPANDED_SIZE,TIMEOUT,180.36760474200128,IN_PROGRESS,TRANSLATED_ONLY,TRANSLATE_ONLY,1,56222,3968123,12833422,,,187888,1,979b9bae117e228a6dce13060c65d8d9b72dede0216f87984c53f5ddfedd3dc5,,,,,,,,,,,,24.70864896399962
b2,moreDetailedTest/0094.trace,moreDetailedTest,macro,d8a87b17ca65acd920f9826c0a9c8fdb588f555dc94081ffad59d1482b7c0427,0ef52dddff9ea1c4f1d65b34f23e7b528a2f8e9e,6,2,0,6,3,400,400,5,5,5.0,,MIN_EXPANDED_SIZE,TIMEOUT,180.36207605600066,IN_PROGRESS,TRANSLATED_ONLY,TRANSLATE_ONLY,1,97991,5415089,11174978,,,213203,1,c4747b551a958e1e088bfd8ae93b0a68b020dd2b94f92c4ab476e5d1b6e83cf3,1,34,54,32,6,,,,,,,38.768498684000406
b2,moreDetailedTest/0095.trace,moreDetailedTest,atlas-b,aacc5e739f98705704ae7b20d558c66a79cef79dd0a61648486cee28a2a04d11,0ef52dddff9ea1c4f1d65b34f23e7b528a2f8e9e,6,2,0,6,3,500,500,5,5,5.0,,MIN_EXPANDED_SIZE,TIMEOUT,180.36527339399981,IN_PROGRESS,TRANSLATED_ONLY,TRANSLATE_ONLY,1,70222,4958924,16037923,,,234288,1,efefb5a3d9765c231aae785cab692ed697fd8a8076afac58ca0fa606a16ee337,,,,,,,,,,,,31.163764660999732
b2,moreDetailedTest/0095.trace,moreDetailedTest,macro,aacc5e739f98705704ae7b20d558c66a79cef79dd0a61648486cee28a2a04d11,0ef52dddff9ea1c4f1d65b34f23e7b528a2f8e9e,6,2,0,6,3,500,500,5,5,5.0,,MIN_EXPANDED_SIZE,TIMEOUT,180.37333528099953,IN_PROGRESS,TRANSLATED_ONLY,TRANSLATE_ONLY,1,121766,6725501,13831430,,,252449,1,3c0c4b3729cbe4200e89883b30d0e45a8a9baccbe391c15a8465eaf3cd4c0ecf,1,34,54,32,6,,,,,,,44.07174649999979
b2,moreDetailedTest/0096.trace,moreDetailedTest,atlas-b,30aadc3d1d8c8b58f1586950ef713e9fbd8072dad3ff3ee523cf3195b4a8ef50,0ef52dddff9ea1c4f1d65b34f23e7b528a2f8e9e,6,2,0,6,3,50,50,5,5,5.0,,MIN_EXPANDED_SIZE,UNSAT,166.16978698799994,NOT_APPLICABLE_UNSAT,REUSED_E4,E4_REUSED,0,7222,500324,1617673,,,25588,1,da9554e5d424b89d416d331f303fe4e06dc15b1c5901916a8ed7f0d8864aaa9a,,,,,6,,,,,,,0
b2,moreDetailedTest/0096.trace,moreDetailedTest,macro,30aadc3d1d8c8b58f1586950ef713e9fbd8072dad3ff3ee523cf3195b4a8ef50,0ef52dddff9ea1c4f1d65b34f23e7b528a2f8e9e,6,2,0,6,3,50,50,5,5,5.0,,MIN_EXPANDED_SIZE,UNSAT,93.75025951800035,NOT_APPLICABLE_UNSAT,REUSED_E4,E4_REUSED,0,13166,693059,1440060,,,70349,1,0fc7e89a971e15b80928a13817cc378802583a579b7ff7d1884bbcc1bf22f5c5,1,34,54,32,6,,,,,,,0
b2,moreDetailedTest/0097.trace,moreDetailedTest,atlas-b,358203429a0dda968d2aae24d6eedc1bfbb07c72f2684977777992dc1d1b1fb6,0ef52dddff9ea1c4f1d65b34f23e7b528a2f8e9e,6,2,0,6,3,5,5,5,5,5.0,,MIN_EXPANDED_SIZE,SAT,3.1910954710001533,PASSED,REUSED_E4,E4_REUSED,0,922,54464,175648,,,4808,1,840712ddef995b50df6327c10b70697758a3deb19d1a5a3d44ef1e36484425a1,,,,,6,,,,,,,0
b2,moreDetailedTest/0097.trace,moreDetailedTest,macro,358203429a0dda968d2aae24d6eedc1bfbb07c72f2684977777992dc1d1b1fb6,0ef52dddff9ea1c4f1d65b34f23e7b528a2f8e9e,6,2,0,6,3,5,5,5,5,5.0,,MIN_EXPANDED_SIZE,SAT,4.406787644998985,PASSED,REUSED_E4,E4_REUSED,0,2316,77316,163621,,,33314,1,50c89ecee24494cd5cfffe81a4b2b01c48b7506e50fbf4de4f01e2869934e0f6,1,34,54,32,6,1,0.0,0,5,5,,0
b2,moreDetailedTest/0098.trace,moreDetailedTest,atlas-b,7a2f039f0a4fc70b214bebf4450a248f6f82dd8a098ff30196040b8140d2dc5f,0ef52dddff9ea1c4f1d65b34f23e7b528a2f8e9e,6,2,0,6,3,75,75,5,5,5.0,,MIN_EXPANDED_SIZE,TIMEOUT,180.07755687100007,IN_PROGRESS,TRANSLATED_ONLY,TRANSLATE_ONLY,1,10722,748024,2418798,,,37138,1,93be437df9b9e1e41c40c79481cd6b7d977b04ee578c08d440a34a6ca37616b8,,,,,,,,,,,,3.5187667600002897
b2,moreDetailedTest/0098.trace,moreDetailedTest,macro,7a2f039f0a4fc70b214bebf4450a248f6f82dd8a098ff30196040b8140d2dc5f,0ef52dddff9ea1c4f1d65b34f23e7b528a2f8e9e,6,2,0,6,3,75,75,5,5,5.0,,MIN_EXPANDED_SIZE,UNSAT,146.2663808010002,NOT_APPLICABLE_UNSAT,REUSED_E4,E4_REUSED,0,19416,1024109,2102942,,,79100,1,78906e97ddc9b30f7de6018a2192d792752cdfcb1b55f96e518548a59fa2e5e8,1,34,54,32,6,,,,,,,0
b2,moreDetailedTest/0099.trace,moreDetailedTest,atlas-b,6e3917cbf403a61f718ebeb7705c316036eaa834e856a417013f5c458aaecefa,0ef52dddff9ea1c4f1d65b34f23e7b528a2f8e9e,3,2,0,3,2,100,100,5,5,5.0,,MIN_EXPANDED_SIZE,SAT,6.929763037999692,PASSED,REUSED_E4,E4_REUSED,0,10081,404245,1251608,,,39590,1,8e651a26903b6defeed5bddba07f066daf3fd44e5133da08cfd25d0b6826f129,,,,,3,,,,,,,0
b2,moreDetailedTest/0099.trace,moreDetailedTest,macro,6e3917cbf403a61f718ebeb7705c316036eaa834e856a417013f5c458aaecefa,0ef52dddff9ea1c4f1d65b34f23e7b528a2f8e9e,3,2,0,3,2,100,100,5,5,5.0,,MIN_EXPANDED_SIZE,SAT,3.1329706470005476,PASSED,REUSED_E4,E4_REUSED,0,6393,148835,282354,,,49369,1,cd78325aaf4ef837e2a1158a5d863b7443a495e39237617d19a1a7a67cfcfe8b,1,22,24,5,2,1,1.0,1,1,1,,0
b2,moreDetailedTest/0100.trace,moreDetailedTest,atlas-b,ae943fed0f23fd01580a802978ac508e788b67e43b5932095fd40f4fd4d327e3,0ef52dddff9ea1c4f1d65b34f23e7b528a2f8e9e,3,2,0,3,2,10,10,5,5,5.0,,MIN_EXPANDED_SIZE,SAT,1.4104608640009246,PASSED,REUSED_E4,E4_REUSED,0,1081,41394,127617,,,6176,1,34b4cfac07c68b1fa0d0e584180b89163c36c5bcef96872cef4b85889baede6e,,,,,3,,,,,,,0
b2,moreDetailedTest/0100.trace,moreDetailedTest,macro,ae943fed0f23fd01580a802978ac508e788b67e43b5932095fd40f4fd4d327e3,0ef52dddff9ea1c4f1d65b34f23e7b528a2f8e9e,3,2,0,3,2,10,10,5,5,5.0,,MIN_EXPANDED_SIZE,SAT,1.4343860150002001,PASSED,REUSED_E4,E4_REUSED,0,867,18651,35694,,,19188,1,bf9efa391465ac51e16406f138a535b5c992331d74ba7d6c23523f546e35da02,1,22,24,5,2,1,1.0,1,1,1,,0
b2,moreDetailedTest/0101.trace,moreDetailedTest,atlas-b,aa7f4cc5cca9a51d20e12ae014c64ddd106ffa409541066a82cbe47e1fbca614,0ef52dddff9ea1c4f1d65b34f23e7b528a2f8e9e,3,2,0,3,2,125,125,5,5,5.0,,MIN_EXPANDED_SIZE,SAT,6.577734794999742,PASSED,REUSED_E4,E4_REUSED,0,12581,505056,1563836,,,48964,1,cdae9b77c0ce0d68186bcedd3b9853634e35f5131c39b0558cb09303340bc2e9,,,,,3,,,,,,,0
b2,moreDetailedTest/0101.trace,moreDetailedTest,macro,aa7f4cc5cca9a51d20e12ae014c64ddd106ffa409541066a82cbe47e1fbca614,0ef52dddff9ea1c4f1d65b34f23e7b528a2f8e9e,3,2,0,3,2,125,125,5,5,5.0,,MIN_EXPANDED_SIZE,SAT,3.6452425389998098,PASSED,REUSED_E4,E4_REUSED,0,7923,184544,349884,,,55382,1,7d7ac8bfe071327a444e9d9d128cf7a525abc49ebd9814f57c7152fac0929c44,1,22,24,5,2,1,1.0,1,1,1,,0
b2,moreDetailedTest/0102.trace,moreDetailedTest,atlas-b,5047d939004a1da7728da1452aa54dd90f35a5deec2b3f57c330c73c02127750,0ef52dddff9ea1c4f1d65b34f23e7b528a2f8e9e,3,2,0,3,2,150,150,5,5,5.0,,MIN_EXPANDED_SIZE,SAT,7.202557722001075,PASSED,REUSED_E4,E4_REUSED,0,15081,605839,1876049,,,58346,1,a44232c4dd6859978b01c35cd3cfceebe4993b4558e4b54425ea0bb388a3412b,,,,,3,,,,,,,0
b2,moreDetailedTest/0102.trace,moreDetailedTest,macro,5047d939004a1da7728da1452aa54dd90f35a5deec2b3f57c330c73c02127750,0ef52dddff9ea1c4f1d65b34f23e7b528a2f8e9e,3,2,0,3,2,150,150,5,5,5.0,,MIN_EXPANDED_SIZE,SAT,4.270160213998679,PASSED,REUSED_E4,E4_REUSED,0,9489,220745,418038,,,61696,1,d6c01fa558f788c757a7eb24a78596453b46cc9485226934a956677c772b2a8f,1,22,24,5,2,1,1.0,1,1,1,,0
b2,moreDetailedTest/0103.trace,moreDetailedTest,atlas-b,c0ec19547d2aac117a0661fe2efbaccd94e9ba457288dfa3976e98ff67283758,0ef52dddff9ea1c4f1d65b34f23e7b528a2f8e9e,3,2,0,3,2,175,175,5,5,5.0,,MIN_EXPANDED_SIZE,SAT,8.162402303999897,PASSED,REUSED_E4,E4_REUSED,0,17581,706638,2188275,,,67678,1,62224cc2b35fff973cea322b92c0d2001147578ceaf504266c4ea85428294eac,,,,,3,,,,,,,0
b2,moreDetailedTest/0103.trace,moreDetailedTest,macro,c0ec19547d2aac117a0661fe2efbaccd94e9ba457288dfa3976e98ff67283758,0ef52dddff9ea1c4f1d65b34f23e7b528a2f8e9e,3,2,0,3,2,175,175,5,5,5.0,,MIN_EXPANDED_SIZE,SAT,4.50767174000066,PASSED,REUSED_E4,E4_REUSED,0,10605,246886,467086,,,65755,1,9b9bdf5462c9ed86d09d5773f1c5bb2f60341a77c686db332304b469a141910b,1,22,24,5,2,1,1.0,1,1,1,,0
b2,moreDetailedTest/0104.trace,moreDetailedTest,atlas-b,b16faa5be0c69486a2719325664a35d45ddf9c63465f195aa0a0f1f5c204845d,0ef52dddff9ea1c4f1d65b34f23e7b528a2f8e9e,3,2,0,3,2,200,200,5,5,5.0,,MIN_EXPANDED_SIZE,SAT,8.911434549999285,PASSED,REUSED_E4,E4_REUSED,0,20081,807435,2500494,,,77042,1,c9122518b740e8eb681ca10ca2b90b3a393ec57fa53b75b9841af5446532c28f,,,,,3,,,,,,,0
b2,moreDetailedTest/0104.trace,moreDetailedTest,macro,b16faa5be0c69486a2719325664a35d45ddf9c63465f195aa0a0f1f5c204845d,0ef52dddff9ea1c4f1d65b34f23e7b528a2f8e9e,3,2,0,3,2,200,200,5,5,5.0,,MIN_EXPANDED_SIZE,SAT,4.727949147998515,PASSED,REUSED_E4,E4_REUSED,0,12045,279767,532884,,,71000,1,922b0ed747f12e37fd0143cab2d2179786e7eaff335569edd6daef0bb84d1de1,1,22,24,5,2,1,1.0,1,1,1,,0
b2,moreDetailedTest/0105.trace,moreDetailedTest,atlas-b,1e176ffed47363ead218228b48da77deaa7cf909a169be12c401fc90f179f8ec,0ef52dddff9ea1c4f1d65b34f23e7b528a2f8e9e,3,2,0,3,2,250,250,5,5,5.0,,MIN_EXPANDED_SIZE,SAT,10.578458604999469,PASSED,REUSED_E4,E4_REUSED,0,25081,1009020,3124932,,,95602,1,5b1141c9323f35c97b8142d4bac6692f2a6217e7cf36fbd6a622e4f9f7f9261c,,,,,3,,,,,,,0
b2,moreDetailedTest/0105.trace,moreDetailedTest,macro,1e176ffed47363ead218228b48da77deaa7cf909a169be12c401fc90f179f8ec,0ef52dddff9ea1c4f1d65b34f23e7b528a2f8e9e,3,2,0,3,2,250,250,5,5,5.0,,MIN_EXPANDED_SIZE,SAT,5.625441534000856,PASSED,REUSED_E4,E4_REUSED,0,14349,334115,632720,,,79913,1,afb658849b724f68d8dd25900d47fdcee15d29222a680eb9ab64f077213686fe,1,22,24,5,2,1,1.0,1,1,1,,0
b2,moreDetailedTest/0106.trace,moreDetailedTest,atlas-b,e1555ecd63ae937a15801024f37b1eb210c9fc84d618aabb487a4cfcd0ba9133,0ef52dddff9ea1c4f1d65b34f23e7b528a2f8e9e,3,2,0,3,2,300,300,5,5,5.0,,MIN_EXPANDED_SIZE,SAT,13.422147918998235,PASSED,REUSED_E4,E4_REUSED,0,30081,1210610,3749369,,,114400,1,d2c7ab55773146574b221c7726fe6a0eb86e31ff530073fadf8fb58e546f9c02,,,,,3,,,,,,,0
b2,moreDetailedTest/0106.trace,moreDetailedTest,macro,e1555ecd63ae937a15801024f37b1eb210c9fc84d618aabb487a4cfcd0ba9133,0ef52dddff9ea1c4f1d65b34f23e7b528a2f8e9e,3,2,0,3,2,300,300,5,5,5.0,,MIN_EXPANDED_SIZE,SAT,6.880458786999952,PASSED,REUSED_E4,E4_REUSED,0,16599,387006,735530,,,89022,1,ef1babb8153e10fdd6c8caa668aacba23daeebd8f29cdccdd67af5d1111288d1,1,22,24,5,2,1,1.0,1,1,1,,0
b2,moreDetailedTest/0107.trace,moreDetailedTest,atlas-b,ef09ec7e6af8ca6149d0c7352dff2376cf44c18911a71ff8173982dadbf716fd,0ef52dddff9ea1c4f1d65b34f23e7b528a2f8e9e,3,2,0,3,2,350,350,5,5,5.0,,MIN_EXPANDED_SIZE,SAT,15.323466912000185,PASSED,REUSED_E4,E4_REUSED,0,35081,1412202,4373815,,,133128,1,7fae9a8eb002304446fe41cdbec0d3e8501a84d54a0e7a2cefc193cc6c60416c,,,,,3,,,,,,,0
b2,moreDetailedTest/0107.trace,moreDetailedTest,macro,ef09ec7e6af8ca6149d0c7352dff2376cf44c18911a71ff8173982dadbf716fd,0ef52dddff9ea1c4f1d65b34f23e7b528a2f8e9e,3,2,0,3,2,350,350,5,5,5.0,,MIN_EXPANDED_SIZE,SAT,6.873669212000095,PASSED,REUSED_E4,E4_REUSED,0,18750,437429,831625,,,97014,1,c9084f86a357680ef9322cfb228bdf9b60d7353fcc53bbc1437e978612a50eca,1,22,24,5,2,1,1.0,1,1,1,,0
b2,moreDetailedTest/0108.trace,moreDetailedTest,atlas-b,f408a4d5a9b72d379c2ead78bf26000227db4f9f1dca830d9fee783633d3d8f8,0ef52dddff9ea1c4f1d65b34f23e7b528a2f8e9e,3,2,0,3,2,400,400,5,5,5.0,,MIN_EXPANDED_SIZE,SAT,18.943341460000738,PASSED,REUSED_E4,E4_REUSED,0,40081,1613781,4998245,,,151744,1,c47f5d06940139d2e13d979f23f7e044ee8a7df2d664c5a34878212a79f7f30a,,,,,3,,,,,,,0
b2,moreDetailedTest/0108.trace,moreDetailedTest,macro,f408a4d5a9b72d379c2ead78bf26000227db4f9f1dca830d9fee783633d3d8f8,0ef52dddff9ea1c4f1d65b34f23e7b528a2f8e9e,3,2,0,3,2,400,400,5,5,5.0,,MIN_EXPANDED_SIZE,SAT,7.319797037000171,PASSED,REUSED_E4,E4_REUSED,0,20550,480089,912515,,,103737,1,f583abc79396ce96f3c6b73a9899a8ea2f63d1a54d3873085303d25bff59c7d5,1,22,24,5,2,1,1.0,1,1,1,,0
b2,moreDetailedTest/0109.trace,moreDetailedTest,atlas-b,8ec12fb251529d587f9c7bfa85915698457040f5698347c15730a5b132e737e3,0ef52dddff9ea1c4f1d65b34f23e7b528a2f8e9e,3,2,0,3,2,500,500,5,5,5.0,,MIN_EXPANDED_SIZE,SAT,23.651618105000125,PASSED,REUSED_E4,E4_REUSED,0,50081,2016962,6247132,,,189064,1,76ff7dabc8668949ba87a3e2a5e449cf2db30ae6fb1001164f44f22172c315b5,,,,,3,,,,,,,0
b2,moreDetailedTest/0109.trace,moreDetailedTest,macro,8ec12fb251529d587f9c7bfa85915698457040f5698347c15730a5b132e737e3,0ef52dddff9ea1c4f1d65b34f23e7b528a2f8e9e,3,2,0,3,2,500,500,5,5,5.0,,MIN_EXPANDED_SIZE,SAT,10.46531372499885,PASSED,REUSED_E4,E4_REUSED,0,24771,577562,1099066,,,119677,1,7d574185285908d902e179ed1bbb09e925b51753bdd7530b1e9fa3b66877bb43,1,22,24,5,2,1,1.0,1,1,1,,0
b2,moreDetailedTest/0110.trace,moreDetailedTest,atlas-b,445da712e30b1b086a9e0e8f61293d61f4bda1d1077561e5a1b055e0af4c57ba,0ef52dddff9ea1c4f1d65b34f23e7b528a2f8e9e,3,2,0,3,2,50,50,5,5,5.0,,MIN_EXPANDED_SIZE,SAT,4.176469800000632,PASSED,REUSED_E4,E4_REUSED,0,5081,202669,627173,,,21084,1,bd0513c05460706aa1c024c658212cd08ee3128ab7f69da326dead9fdbd32fe3,,,,,3,,,,,,,0
b2,moreDetailedTest/0110.trace,moreDetailedTest,macro,445da712e30b1b086a9e0e8f61293d61f4bda1d1077561e5a1b055e0af4c57ba,0ef52dddff9ea1c4f1d65b34f23e7b528a2f8e9e,3,2,0,3,2,50,50,5,5,5.0,,MIN_EXPANDED_SIZE,SAT,2.431972821999807,PASSED,REUSED_E4,E4_REUSED,0,3747,86671,163536,,,38798,1,7fb3f13028bebbeba3820382d770b028f108bf21e15238a40cf52e39cffaba99,1,22,24,5,2,1,1.0,1,1,1,,0
b2,moreDetailedTest/0111.trace,moreDetailedTest,atlas-b,1d0e331fcf1deb12361318c6fb38c3547878fecafbe59c5294d6c9e17c80a342,0ef52dddff9ea1c4f1d65b34f23e7b528a2f8e9e,3,2,0,3,2,5,5,5,5,5.0,,MIN_EXPANDED_SIZE,SAT,1.0656561859996145,PASSED,REUSED_E4,E4_REUSED,0,581,21237,65175,,,4354,1,1d2285d3e21c84e28cf3a5cdc8ca57a130cc7bbf54529fcd310a558b58e29061,,,,,3,,,,,,,0
b2,moreDetailedTest/0111.trace,moreDetailedTest,macro,1d0e331fcf1deb12361318c6fb38c3547878fecafbe59c5294d6c9e17c80a342,0ef52dddff9ea1c4f1d65b34f23e7b528a2f8e9e,3,2,0,3,2,5,5,5,5,5.0,,MIN_EXPANDED_SIZE,SAT,1.194784436000191,PASSED,REUSED_E4,E4_REUSED,0,516,10460,20060,,,16693,1,dcbed0919e930dde188fdc11dd14bd30ecd56100ab398f03ae70d19d85cf023b,1,22,24,5,2,1,1.0,1,1,1,,0
b2,moreDetailedTest/0112.trace,moreDetailedTest,atlas-b,d5f475dff0a5ba731cfdcc6437dc537c89a5ed705b4afab0107a9a972afc16e3,0ef52dddff9ea1c4f1d65b34f23e7b528a2f8e9e,3,2,0,3,2,75,75,5,5,5.0,,MIN_EXPANDED_SIZE,SAT,4.104308404999983,PASSED,REUSED_E4,E4_REUSED,0,7581,303453,939384,,,30342,1,1593bb8f9b2e1289b2a99fe5c71a91ffbbaf61a8cae93093994a0d9605f02c62,,,,,3,,,,,,,0
b2,moreDetailedTest/0112.trace,moreDetailedTest,macro,d5f475dff0a5ba731cfdcc6437dc537c89a5ed705b4afab0107a9a972afc16e3,0ef52dddff9ea1c4f1d65b34f23e7b528a2f8e9e,3,2,0,3,2,75,75,5,5,5.0,,MIN_EXPANDED_SIZE,SAT,2.8974080339994543,PASSED,REUSED_E4,E4_REUSED,0,5295,123304,232050,,,45262,1,290585c8a8aaa78f47e657efb7db2cc42312b17336a87a3f55a9589fbc6a4e5c,1,22,24,5,2,1,1.0,1,1,1,,0
b2,moreDetailedTest/0113.trace,moreDetailedTest,atlas-b,6f6da48902bae6b3a98db814ddd95c545a8a3739feb97c0e73014d970977752b,0ef52dddff9ea1c4f1d65b34f23e7b528a2f8e9e,10,2,0,8,3,100,100,5,5,5.0,,MIN_EXPANDED_SIZE,SAT,17.58868791199893,PASSED,REUSED_E4,E4_REUSED,0,16320,1485956,4878346,,,48689,1,1e03607251619c1f7cf694c7cd345117843b27d439e37dab0f20a076a21d299a,,,,,8,,,,,,,0
b2,moreDetailedTest/0113.trace,moreDetailedTest,macro,6f6da48902bae6b3a98db814ddd95c545a8a3739feb97c0e73014d970977752b,0ef52dddff9ea1c4f1d65b34f23e7b528a2f8e9e,10,2,0,8,3,100,100,5,5,5.0,,MIN_EXPANDED_SIZE,SAT,76.39208212300036,PASSED,REUSED_E4,E4_REUSED,0,33239,1830067,3884694,,,89722,1,745bb8f162f9dca1246983416aff7ff5751a526c2e8cab37bb8e5073fbdbee11,1,42,94,36,8,2,0.6666666666666666,1,3,3,,0
b2,moreDetailedTest/0114.trace,moreDetailedTest,atlas-b,2ea1d82ac9204ab07a52af003d6040389a832af40666bd4d1e45f5418de3b9b3,0ef52dddff9ea1c4f1d65b34f23e7b528a2f8e9e,10,2,0,8,3,10,10,5,5,5.0,,MIN_EXPANDED_SIZE,SAT,2.941012008999678,PASSED,REUSED_E4,E4_REUSED,0,1920,156117,512176,,,7109,1,8b0304219b9d939b2d2b01cedafff06740b80806ba24cc42c60d80907d564a9c,,,,,8,,,,,,,0
b2,moreDetailedTest/0114.trace,moreDetailedTest,macro,2ea1d82ac9204ab07a52af003d6040389a832af40666bd4d1e45f5418de3b9b3,0ef52dddff9ea1c4f1d65b34f23e7b528a2f8e9e,10,2,0,8,3,10,10,5,5,5.0,,MIN_EXPANDED_SIZE,SAT,8.96951388799971,PASSED,REUSED_E4,E4_REUSED,0,4958,208190,456028,,,40883,1,c6020941cfc6c84592d00b7501a671d43b62add9c4167703bb597c42ce968c16,1,42,94,36,8,3,0.6666666666666666,1,3,3,,0
b2,moreDetailedTest/0115.trace,moreDetailedTest,atlas-b,e9149199ba7d5f11e45e9d104609445822fd849841dd12aa3244cd919ccef66b,0ef52dddff9ea1c4f1d65b34f23e7b528a2f8e9e,10,2,0,8,3,125,125,5,5,5.0,,MIN_EXPANDED_SIZE,SAT,22.3310127069999,PASSED,REUSED_E4,E4_REUSED,0,20320,1855354,6091169,,,60279,1,11e1a8e6ed2d51345851af407e4d3eb29fbbf3f3c2d6741625a5e4256c9778fb,,,,,8,,,,,,,0
b2,moreDetailedTest/0115.trace,moreDetailedTest,macro,e9149199ba7d5f11e45e9d104609445822fd849841dd12aa3244cd919ccef66b,0ef52dddff9ea1c4f1d65b34f23e7b528a2f8e9e,10,2,0,8,3,125,125,5,5,5.0,,MIN_EXPANDED_SIZE,SAT,92.88014847400063,PASSED,REUSED_E4,E4_REUSED,0,40829,2248017,4744401,,,108715,1,fa147d0cc6777a9fabce70fa76683cb43e902614ad608bb0693a3cc1ceef7c1d,1,42,94,36,8,2,0.6666666666666666,1,3,3,,0
b2,moreDetailedTest/0116.trace,moreDetailedTest,atlas-b,e1187e99a8450685280d8bb5351d9a66e1fa7730045226eccd52297cf601220e,0ef52dddff9ea1c4f1d65b34f23e7b528a2f8e9e,10,2,0,8,3,150,150,5,5,5.0,,MIN_EXPANDED_SIZE,SAT,25.906818114999624,PASSED,REUSED_E4,E4_REUSED,0,24320,2224755,7303995,,,71889,1,9ebd62fb4ce6aa8425a1c9c3b1373412ccb40ff3d59a845790c55b8e070158f3,,,,,8,,,,,,,0
b2,moreDetailedTest/0116.trace,moreDetailedTest,macro,e1187e99a8450685280d8bb5351d9a66e1fa7730045226eccd52297cf601220e,0ef52dddff9ea1c4f1d65b34f23e7b528a2f8e9e,10,2,0,8,3,150,150,5,5,5.0,,MIN_EXPANDED_SIZE,SAT,155.77434688799985,PASSED,REUSED_E4,E4_REUSED,0,48650,2700296,5708075,,,121584,1,a527b5be4e539886150a2dbc79c9c5a382fc198fa946087b7738663caa5c3ba9,1,42,94,36,8,2,0.6666666666666666,1,3,3,,0
b2,moreDetailedTest/0117.trace,moreDetailedTest,atlas-b,76dbc214d1874e8253f6d92364d66cd50d8b08ce9ea7d0ac3ce4a182d4fca717,0ef52dddff9ea1c4f1d65b34f23e7b528a2f8e9e,10,2,0,8,3,175,175,5,5,5.0,,MIN_EXPANDED_SIZE,TIMEOUT,180.28678578899962,IN_PROGRESS,TRANSLATED_ONLY,TRANSLATE_ONLY,1,28320,2594155,8516819,,,83489,1,5ff4d4aba909692e1cd2521cd72a033c22e770e20c1c101e6d836a2f10f990fe,,,,,,,,,,,,14.634940230000211
b2,moreDetailedTest/0117.trace,moreDetailedTest,macro,76dbc214d1874e8253f6d92364d66cd50d8b08ce9ea7d0ac3ce4a182d4fca717,0ef52dddff9ea1c4f1d65b34f23e7b528a2f8e9e,10,2,0,8,3,175,175,5,5,5.0,,MIN_EXPANDED_SIZE,SAT,134.84089168599894,PASSED,REUSED_E4,E4_REUSED,0,57197,3198858,6781152,,,123625,1,3f88766158200b3f3532933bc707b15a4547e5b8f8d204a5f0f0fbdc0357461d,1,42,94,36,8,2,0.6666666666666666,1,3,3,,0
b2,moreDetailedTest/0118.trace,moreDetailedTest,atlas-b,2f2d16c7941c8a7decb207e77669ae1b40bc38b5434af65a3938a09f561b7f14,0ef52dddff9ea1c4f1d65b34f23e7b528a2f8e9e,10,2,0,8,3,200,200,5,5,5.0,,MIN_EXPANDED_SIZE,SAT,41.90861274500094,PASSED,REUSED_E4,E4_REUSED,0,32320,2963555,9729644,,,95089,1,928d484fdb5b8740b0d7a10a4ffca57d61f9dcfdc007d50a67639867e0849548,,,,,8,,,,,,,0
b2,moreDetailedTest/0118.trace,moreDetailedTest,macro,2f2d16c7941c8a7decb207e77669ae1b40bc38b5434af65a3938a09f561b7f14,0ef52dddff9ea1c4f1d65b34f23e7b528a2f8e9e,10,2,0,8,3,200,200,5,5,5.0,,MIN_EXPANDED_SIZE,SAT,146.7992238349998,PASSED,REUSED_E4,E4_REUSED,0,64259,3608914,7651105,,,141151,1,4676af87ffa502da6148c9aa029367ea2b58a86399635b4c606a63d0d5651ba9,1,42,94,36,8,2,0.6666666666666666,1,3,3,,0
b2,moreDetailedTest/0119.trace,moreDetailedTest,atlas-b,49b137eb25ccdaaec4c110888d440b31e19e24a201ac87203126c16867fcd951,0ef52dddff9ea1c4f1d65b34f23e7b528a2f8e9e,10,2,0,8,3,250,250,5,5,5.0,,MIN_EXPANDED_SIZE,SAT,54.299860861000525,PASSED,REUSED_E4,E4_REUSED,0,40320,3702356,12155295,,,118289,1,d538271da0296002ac8cda968e3a57c257ebdfc4da033bac4dc93eeea9b21f99,,,,,8,,,,,,,0
b2,moreDetailedTest/0119.trace,moreDetailedTest,macro,49b137eb25ccdaaec4c110888d440b31e19e24a201ac87203126c16867fcd951,0ef52dddff9ea1c4f1d65b34f23e7b528a2f8e9e,10,2,0,8,3,250,250,5,5,5.0,,MIN_EXPANDED_SIZE,SAT,154.29147168800046,PASSED,REUSED_E4,E4_REUSED,0,80396,4532099,9603882,,,158855,1,91aaab5647d3f57f4044d2b2b0d1c684f41609582ef735f3a9e78f68a60a5805,1,42,94,36,8,2,0.6666666666666666,1,3,3,,0
b2,moreDetailedTest/0120.trace,moreDetailedTest,atlas-b,91a9f15cfde58c0bacff183f60b1971facc7a630ed4deb5443206b7ca390c4d3,0ef52dddff9ea1c4f1d65b34f23e7b528a2f8e9e,10,2,0,8,3,300,300,5,5,5.0,,MIN_EXPANDED_SIZE,SAT,54.05669712999952,PASSED,REUSED_E4,E4_REUSED,0,48320,4441154,14580944,,,141489,1,c0cb7339e68fa6437bb651292e167703013f08f912c823815298ac1cf176be35,,,,,8,,,,,,,0
b2,moreDetailedTest/0120.trace,moreDetailedTest,macro,91a9f15cfde58c0bacff183f60b1971facc7a630ed4deb5443206b7ca390c4d3,0ef52dddff9ea1c4f1d65b34f23e7b528a2f8e9e,10,2,0,8,3,300,300,5,5,5.0,,MIN_EXPANDED_SIZE,TIMEOUT,180.31455385200024,IN_PROGRESS,TRANSLATED_ONLY,TRANSLATE_ONLY,1,95114,5346252,11280500,,,180397,1,7f441c93a6a76937be60f3f492bf7828e3f0873aafab8ece1ee2ca0fd75a3acf,1,42,94,36,8,,,,,,,37.73296367100011
b2,moreDetailedTest/0121.trace,moreDetailedTest,atlas-b,0ea86f7bef51632ee46c979683db72c8f7c79fa406e09261e169821e11106e65,0ef52dddff9ea1c4f1d65b34f23e7b528a2f8e9e,10,2,0,8,3,350,350,5,5,5.0,,MIN_EXPANDED_SIZE,SAT,66.81539819200043,PASSED,REUSED_E4,E4_REUSED,0,56320,5179956,17006595,,,164689,1,097fe4426ac1a8e32c3d736b37de72a36c92e19e5ec8b7bc2dde8a6bb09f7ae9,,,,,8,,,,,,,0
b2,moreDetailedTest/0121.trace,moreDetailedTest,macro,0ea86f7bef51632ee46c979683db72c8f7c79fa406e09261e169821e11106e65,0ef52dddff9ea1c4f1d65b34f23e7b528a2f8e9e,10,2,0,8,3,350,350,5,5,5.0,,MIN_EXPANDED_SIZE,TIMEOUT,180.38247305299956,IN_PROGRESS,TRANSLATED_ONLY,TRANSLATE_ONLY,1,112571,6374953,13509919,,,199001,1,821b064d901a927751b2f576860e515ffc0cc6cbdc7a0463269863bce0562ebb,1,42,94,36,8,,,,,,,42.67347355899983
b2,moreDetailedTest/0122.trace,moreDetailedTest,atlas-b,33d0a3dd7e74e03f4b4a7aba4bb741234c3826128d8e470c39f807161b418e40,0ef52dddff9ea1c4f1d65b34f23e7b528a2f8e9e,10,2,0,8,3,400,400,5,5,5.0,,MIN_EXPANDED_SIZE,TIMEOUT,180.47865354500027,IN_PROGRESS,TRANSLATED_ONLY,TRANSLATE_ONLY,1,64320,5918755,19432244,,,187889,1,6860db951cedffad400a9ae46de5c7ea416bb128e4460c80c74572545297d9b5,,,,,,,,,,,,28.106653355000162
b2,moreDetailedTest/0122.trace,moreDetailedTest,macro,33d0a3dd7e74e03f4b4a7aba4bb741234c3826128d8e470c39f807161b418e40,0ef52dddff9ea1c4f1d65b34f23e7b528a2f8e9e,10,2,0,8,3,400,400,5,5,5.0,,MIN_EXPANDED_SIZE,TIMEOUT,180.35076538800058,IN_PROGRESS,TRANSLATED_ONLY,TRANSLATE_ONLY,1,127421,7211354,15245372,,,215609,1,cc1db02de538e9cb159319e066dfb936adb06314de4a787a333784e882388692,1,42,94,36,8,,,,,,,46.53240885899959
b2,moreDetailedTest/0123.trace,moreDetailedTest,atlas-b,799c541261dc3fd4e2fc4bb4fcd1dbbdb1575a6083b73e8f1f31e74d7dfac881,0ef52dddff9ea1c4f1d65b34f23e7b528a2f8e9e,10,2,0,8,3,500,500,5,5,5.0,,MIN_EXPANDED_SIZE,SAT,102.15460062700004,PASSED,REUSED_E4,E4_REUSED,0,80320,7396351,24283540,,,234289,1,fdb502d51277e6951c15c5a02518e85769dd643a7c6ef0669a354c252ab6e2d4,,,,,8,,,,,,,0
b2,moreDetailedTest/0123.trace,moreDetailedTest,macro,799c541261dc3fd4e2fc4bb4fcd1dbbdb1575a6083b73e8f1f31e74d7dfac881,0ef52dddff9ea1c4f1d65b34f23e7b528a2f8e9e,10,2,0,8,3,500,500,5,5,5.0,,MIN_EXPANDED_SIZE,TIMEOUT,180.49457339199944,IN_PROGRESS,TRANSLATED_ONLY,TRANSLATE_ONLY,1,158540,8985937,19017655,,,258648,1,5392e6501afc5e4bc96e14784562516be8800c19015ed3e4744845ef1dd30278,1,42,94,36,8,,,,,,,64.65490847099954
b2,moreDetailedTest/0124.trace,moreDetailedTest,atlas-b,e5d643710e9d85e0199f9b4e982504cbaa4a558eea405afca7c12f151949438a,0ef52dddff9ea1c4f1d65b34f23e7b528a2f8e9e,10,2,0,8,3,50,50,5,5,5.0,,MIN_EXPANDED_SIZE,SAT,10.363501521999751,PASSED,REUSED_E4,E4_REUSED,0,8320,747156,2452695,,,25589,1,65680aabae24b9b646cd06118b83f4728be57d486341940b4bd389c8021a2f5d,,,,,8,,,,,,,0
b2,moreDetailedTest/0124.trace,moreDetailedTest,macro,e5d643710e9d85e0199f9b4e982504cbaa4a558eea405afca7c12f151949438a,0ef52dddff9ea1c4f1d65b34f23e7b528a2f8e9e,10,2,0,8,3,50,50,5,5,5.0,,MIN_EXPANDED_SIZE,SAT,25.402287514000136,PASSED,REUSED_E4,E4_REUSED,0,17564,923498,1957440,,,66620,1,a146848a55346a567ee29e291c6803c1f66f4a8f020969ba51396187e1acda67,1,42,94,36,8,2,0.6666666666666666,1,3,3,,0
b2,moreDetailedTest/0125.trace,moreDetailedTest,atlas-b,233d80713b6f37f3184f268f010e9254c92461fc3c5d55263b2cb151b00853ff,0ef52dddff9ea1c4f1d65b34f23e7b528a2f8e9e,10,2,0,8,3,5,5,5,5,5.0,,MIN_EXPANDED_SIZE,SAT,1.6472085069999594,PASSED,REUSED_E4,E4_REUSED,0,1120,82237,269611,,,4809,1,13d4b7817ab0290f8952715de7936bcd27c5c59925e8d5f3544b6f4d415a8103,,,,,8,,,,,,,0
b2,moreDetailedTest/0125.trace,moreDetailedTest,macro,233d80713b6f37f3184f268f010e9254c92461fc3c5d55263b2cb151b00853ff,0ef52dddff9ea1c4f1d65b34f23e7b528a2f8e9e,10,2,0,8,3,5,5,5,5,5.0,,MIN_EXPANDED_SIZE,SAT,3.046796437000012,PASSED,REUSED_E4,E4_REUSED,0,3341,112682,247328,,,30858,1,3e86d6cbb4a29af9c12ac2d1507c5eb0ef50fc679cd73d9a2baea4a5b7006022,1,42,94,36,8,1,2.0,2,1,1,,0
b2,moreDetailedTest/0126.trace,moreDetailedTest,atlas-b,0bbb5a1764156a21048ba4a347f3b48e98a1bbca67575c7d137d9697c3cf677d,0ef52dddff9ea1c4f1d65b34f23e7b528a2f8e9e,10,2,0,8,3,75,75,5,5,5.0,,MIN_EXPANDED_SIZE,SAT,12.238651998000933,PASSED,REUSED_E4,E4_REUSED,0,12320,1116557,3665521,,,37139,1,e2f981de67e00c371801ba335bdbc20879b55b6d4d351a5b770f337c49adc013,,,,,8,,,,,,,0
b2,moreDetailedTest/0126.trace,moreDetailedTest,macro,0bbb5a1764156a21048ba4a347f3b48e98a1bbca67575c7d137d9697c3cf677d,0ef52dddff9ea1c4f1d65b34f23e7b528a2f8e9e,10,2,0,8,3,75,75,5,5,5.0,,MIN_EXPANDED_SIZE,SAT,55.87783817200034,PASSED,REUSED_E4,E4_REUSED,0,25418,1379693,2938171,,,84065,1,a7a70a27090d055f22393b3957d225deeae206df2f30633805de50ebd01dbce1,1,42,94,36,8,2,0.6666666666666666,1,3,3,,0
b2,peterson/base/liveness1.trace,peterson,atlas-b,9f74b90d31d8148ebcac789e298f8c583860eb7a588bc1597f72b024cf5d4964,0ef52dddff9ea1c4f1d65b34f23e7b528a2f8e9e,18,2,0,8,15,8,4,15,32,19.75,OfficialPeterson;NoSharedLiteralBranches;RequiredProposition(x6),MIN_EXPANDED_SIZE,SAT,25.709312563998537,PASSED,REUSED_E4,E4_REUSED,0,22257,2576539,9748732,,,39131,1,fb2a2fa239525511ab9112c6cba8aece2d61ec2814d21e375e28b5a4c4071e43,,,,,8,,,,,,,0
b2,peterson/base/liveness1.trace,peterson,macro,9f74b90d31d8148ebcac789e298f8c583860eb7a588bc1597f72b024cf5d4964,0ef52dddff9ea1c4f1d65b34f23e7b528a2f8e9e,18,2,0,8,15,8,4,15,32,19.75,OfficialPeterson;NoSharedLiteralBranches;RequiredProposition(x6),MIN_EXPANDED_SIZE,SAT,5.985699113999999,PASSED,REUSED_E4,E4_REUSED,0,12314,294727,991659,,,63239,1,10451c5c10344d1291f487087112fcd236ad287387ae0ad21698585ae773678c,6,103,103,103,8,4,0.25,1,4,4,,0
b2,peterson/base/liveness2.trace,peterson,atlas-b,b9921457015aeeaa65008dbf2e68f3d42fc57f078bdbf3369e1e9961cf5a0f12,0ef52dddff9ea1c4f1d65b34f23e7b528a2f8e9e,18,2,0,8,15,8,4,13,32,19.5,OfficialPeterson;NoSharedLiteralBranches;RequiredProposition(x6),MIN_EXPANDED_SIZE,SAT,26.15799219499968,PASSED,REUSED_E4,E4_REUSED,0,22257,2576539,9748687,,,38664,1,6d1fc26d839a8ee933b3611aba0e1a7c50ffbad5d62f218fb2a382fdd36b20e3,,,,,8,,,,,,,0
b2,peterson/base/liveness2.trace,peterson,macro,b9921457015aeeaa65008dbf2e68f3d42fc57f078bdbf3369e1e9961cf5a0f12,0ef52dddff9ea1c4f1d65b34f23e7b528a2f8e9e,18,2,0,8,15,8,4,13,32,19.5,OfficialPeterson;NoSharedLiteralBranches;RequiredProposition(x6),MIN_EXPANDED_SIZE,SAT,6.114912732000448,PASSED,REUSED_E4,E4_REUSED,0,12215,285366,951634,,,57058,1,fa21963246f9c9232aebf230380ce7cf39cadda6dd641c582ed87817e40a9b0a,6,103,103,103,8,4,0.25,1,4,4,,0
b2,peterson/base/liveness3.trace,peterson,atlas-b,935a5ccb740869d35968bd1a207b5b32ee3a0c8ca58febd7c49e0c8d8ae331fb,0ef52dddff9ea1c4f1d65b34f23e7b528a2f8e9e,18,2,0,8,15,8,4,15,32,19.75,OfficialPeterson;NoSharedLiteralBranches;RequiredProposition(x6),MIN_EXPANDED_SIZE,SAT,26.712349184999766,PASSED,REUSED_E4,E4_REUSED,0,22257,2576539,9748732,,,39130,1,04aa8ee2ba01d34a0b4aa76373ba47e95306f6a48cb68ebb34ceb3659e6b5ede,,,,,8,,,,,,,0
b2,peterson/base/liveness3.trace,peterson,macro,935a5ccb740869d35968bd1a207b5b32ee3a0c8ca58febd7c49e0c8d8ae331fb,0ef52dddff9ea1c4f1d65b34f23e7b528a2f8e9e,18,2,0,8,15,8,4,15,32,19.75,OfficialPeterson;NoSharedLiteralBranches;RequiredProposition(x6),MIN_EXPANDED_SIZE,SAT,6.123145049000414,PASSED,REUSED_E4,E4_REUSED,0,12347,291978,980366,,,60191,1,440be5521ae191d5f17bb9d52fd05de855a4a1db9e1b1aaaaf8c9058b970ac47,6,103,103,103,8,4,0.25,1,4,4,,0
b2,peterson/base/liveness4.trace,peterson,atlas-b,29ea766bb803188ab64ad1d8626561a8c07f17f53304bbfc91ab193a033eee82,0ef52dddff9ea1c4f1d65b34f23e7b528a2f8e9e,18,2,0,8,15,8,4,14,32,19.333333333333332,OfficialPeterson;NoSharedLiteralBranches;RequiredProposition(x6),MIN_EXPANDED_SIZE,SAT,24.95080243400116,PASSED,REUSED_E4,E4_REUSED,0,22257,2576539,9748657,,,38354,1,dbd478cd2811d05ccb994bccdf72a012446e49526e83280b0f7d1c29bac9cfb1,,,,,8,,,,,,,0
b2,peterson/base/liveness4.trace,peterson,macro,29ea766bb803188ab64ad1d8626561a8c07f17f53304bbfc91ab193a033eee82,0ef52dddff9ea1c4f1d65b34f23e7b528a2f8e9e,18,2,0,8,15,8,4,14,32,19.333333333333332,OfficialPeterson;NoSharedLiteralBranches;RequiredProposition(x6),MIN_EXPANDED_SIZE,SAT,5.784782738000104,PASSED,REUSED_E4,E4_REUSED,0,12281,288108,964256,,,57429,1,5a32f2575ecb0c84ecdf7fd7f871abea22f7745a534e3005f6e0ee5e09c088de,6,103,103,103,8,4,0.25,1,4,4,,0
b2,peterson/base/liveness5.trace,peterson,atlas-b,54276540f9728e2aa48738953ca9c762b12501349f13a14bee8f1f24746128f2,0ef52dddff9ea1c4f1d65b34f23e7b528a2f8e9e,18,2,0,8,15,8,4,13,32,19.083333333333332,OfficialPeterson;NoSharedLiteralBranches;RequiredProposition(x6),MIN_EXPANDED_SIZE,SAT,26.223560737000298,PASSED,REUSED_E4,E4_REUSED,0,22257,2576539,9748612,,,37889,1,456008260c91dd4d92d3f2ed499f52b846d0cdcb1a5d0f624a54bac1f3683a2f,,,,,8,,,,,,,0
b2,peterson/base/liveness5.trace,peterson,macro,54276540f9728e2aa48738953ca9c762b12501349f13a14bee8f1f24746128f2,0ef52dddff9ea1c4f1d65b34f23e7b528a2f8e9e,18,2,0,8,15,8,4,13,32,19.083333333333332,OfficialPeterson;NoSharedLiteralBranches;RequiredProposition(x6),MIN_EXPANDED_SIZE,SAT,6.570341929999813,PASSED,REUSED_E4,E4_REUSED,0,12017,279472,928952,,,62676,1,9fd36619937a6a5ec0aa6c9d0d879128a4978f66fd92ba4b3c8c9bda9deab8bb,6,103,103,103,8,4,0.25,1,4,4,,0
b2,peterson/base/safety1.trace,peterson,atlas-b,1709e7620f34798171d9c4be273f0b651842d258231413892bb38ff4073fcffe,0ef52dddff9ea1c4f1d65b34f23e7b528a2f8e9e,18,2,0,8,15,8,4,15,32,19.75,OfficialPeterson;NoSharedLiteralBranches;RequiredProposition(x2);RequiredProposition(x8),MIN_EXPANDED_SIZE,SAT,25.75319298500108,PASSED,REUSED_E4,E4_REUSED,0,22257,2575762,9747243,,,39116,1,180cf26202f97d73f2d0884bed1ddfbcc9c59130493249ebe22d59385544d3f0,,,,,8,,,,,,,0
b2,peterson/base/safety1.trace,peterson,macro,1709e7620f34798171d9c4be273f0b651842d258231413892bb38ff4073fcffe,0ef52dddff9ea1c4f1d65b34f23e7b528a2f8e9e,18,2,0,8,15,8,4,15,32,19.75,OfficialPeterson;NoSharedLiteralBranches;RequiredProposition(x2);RequiredProposition(x8),MIN_EXPANDED_SIZE,SAT,5.820612312999856,PASSED,REUSED_E4,E4_REUSED,0,10840,274770,922914,,,55395,1,70112f024da4d21119f7132da5c624cccfb477b44da2f1cc6ad5a19aff9eb3ab,5,67,67,67,8,4,0.25,1,4,4,,0
b2,peterson/base/safety2.trace,peterson,atlas-b,b21ce94b36972a5f84267a7d9097d947b602d808c00f3edd770cae2760b68477,0ef52dddff9ea1c4f1d65b34f23e7b528a2f8e9e,18,2,0,8,15,8,4,13,32,19.5,OfficialPeterson;NoSharedLiteralBranches;RequiredProposition(x2);RequiredProposition(x8),MIN_EXPANDED_SIZE,SAT,28.0919248969999,PASSED,REUSED_E4,E4_REUSED,0,22257,2575762,9747198,,,38649,1,79d51868297df0925c3454a02890ab1e4aac165c642f43a59223ffa4cd473790,,,,,8,,,,,,,0
b2,peterson/base/safety2.trace,peterson,macro,b21ce94b36972a5f84267a7d9097d947b602d808c00f3edd770cae2760b68477,0ef52dddff9ea1c4f1d65b34f23e7b528a2f8e9e,18,2,0,8,15,8,4,13,32,19.5,OfficialPeterson;NoSharedLiteralBranches;RequiredProposition(x2);RequiredProposition(x8),MIN_EXPANDED_SIZE,SAT,4.976538248998622,PASSED,REUSED_E4,E4_REUSED,0,10741,265409,882889,,,49796,1,bf4bcd5924fbcd67f88b2657deb60df63c64d5ab6d22df9120b03aa1b167aa68,5,67,67,67,8,4,0.25,1,4,4,,0
b2,peterson/base/safety3.trace,peterson,atlas-b,0db0441662ed7a1303e119dff62fef04069ef455d9900c5d7e04f9e707fee1d1,0ef52dddff9ea1c4f1d65b34f23e7b528a2f8e9e,18,2,0,8,15,8,4,15,32,19.75,OfficialPeterson;NoSharedLiteralBranches;RequiredProposition(x2);RequiredProposition(x8),MIN_EXPANDED_SIZE,SAT,24.709001135000108,PASSED,REUSED_E4,E4_REUSED,0,22257,2575762,9747243,,,39115,1,df9a3313aeac0eda958a3abdaf40a59cd109adcd5575211708ca4276b2746a9d,,,,,8,,,,,,,0
b2,peterson/base/safety3.trace,peterson,macro,0db0441662ed7a1303e119dff62fef04069ef455d9900c5d7e04f9e707fee1d1,0ef52dddff9ea1c4f1d65b34f23e7b528a2f8e9e,18,2,0,8,15,8,4,15,32,19.75,OfficialPeterson;NoSharedLiteralBranches;RequiredProposition(x2);RequiredProposition(x8),MIN_EXPANDED_SIZE,SAT,7.630517549000615,PASSED,REUSED_E4,E4_REUSED,0,10873,272021,911621,,,52638,1,4ddbddfc7d38f99afba4af2c8c9fcc3bc5fec8d156339c80a89450e4e96f2fe5,5,67,67,67,8,4,0.25,1,4,4,,0
b2,peterson/base/safety4.trace,peterson,atlas-b,76decb7b72704df66647a0ae76f100af83031927339299e129b9fa6fad9c4936,0ef52dddff9ea1c4f1d65b34f23e7b528a2f8e9e,18,2,0,8,15,8,4,14,32,19.333333333333332,OfficialPeterson;NoSharedLiteralBranches;RequiredProposition(x2);RequiredProposition(x8),MIN_EXPANDED_SIZE,SAT,26.607173331998638,PASSED,REUSED_E4,E4_REUSED,0,22257,2575762,9747168,,,38339,1,65701471a88d83749c22f17cc03ce542950fdb40f60e7ea246e07147ca5902e6,,,,,8,,,,,,,0
b2,peterson/base/safety4.trace,peterson,macro,76decb7b72704df66647a0ae76f100af83031927339299e129b9fa6fad9c4936,0ef52dddff9ea1c4f1d65b34f23e7b528a2f8e9e,18,2,0,8,15,8,4,14,32,19.333333333333332,OfficialPeterson;NoSharedLiteralBranches;RequiredProposition(x2);RequiredProposition(x8),MIN_EXPANDED_SIZE,SAT,5.321865072000037,PASSED,REUSED_E4,E4_REUSED,0,10807,268151,895511,,,50167,1,48bd73bc2b298a25057cc21d72bec339bdcb56d9979fae85e20c630f0a8b55f9,5,67,67,67,8,4,0.25,1,4,4,,0
b2,peterson/base/safety5.trace,peterson,atlas-b,f0fd62ae634b43e64719507714c320f5e55b27b6718123ac0ee00880ffe0e576,0ef52dddff9ea1c4f1d65b34f23e7b528a2f8e9e,18,2,0,8,15,8,4,13,32,19.083333333333332,OfficialPeterson;NoSharedLiteralBranches;RequiredProposition(x2);RequiredProposition(x8),MIN_EXPANDED_SIZE,SAT,25.717594960000497,PASSED,REUSED_E4,E4_REUSED,0,22257,2575762,9747123,,,37874,1,3355bd0b2ce8186b14d1c164fb1b816af9cc73e32069915e3c872296716a13d4,,,,,8,,,,,,,0
b2,peterson/base/safety5.trace,peterson,macro,f0fd62ae634b43e64719507714c320f5e55b27b6718123ac0ee00880ffe0e576,0ef52dddff9ea1c4f1d65b34f23e7b528a2f8e9e,18,2,0,8,15,8,4,13,32,19.083333333333332,OfficialPeterson;NoSharedLiteralBranches;RequiredProposition(x2);RequiredProposition(x8),MIN_EXPANDED_SIZE,SAT,5.541204862000086,PASSED,REUSED_E4,E4_REUSED,0,10543,259515,860207,,,54832,1,77c21c1aeaf5fddc4a87f8cfba6248c7b9ff9ff3cf0d29396e3d096674107ddf,5,67,67,67,8,4,0.25,1,4,4,,0
b2,peterson/constrained/liveness1.trace,peterson,atlas-b,436612e2a9da4c1e24b3c3861fe2635e817a733e1dada8a9af60e3ec8df0b39c,0ef52dddff9ea1c4f1d65b34f23e7b528a2f8e9e,18,2,0,8,15,8,4,15,32,19.75,OfficialPeterson;NoSharedLiteralBranches;RequiredProposition(x6);RequiredProposition(x2),MIN_EXPANDED_SIZE,SAT,25.64450266699896,PASSED,REUSED_E4,E4_REUSED,0,22257,2576539,9748733,,,39154,1,8cc13431371c3947fa015b22e3b52094bb3a9bc57e83428605283329df09bae9,,,,,8,,,,,,,0
b2,peterson/constrained/liveness1.trace,peterson,macro,436612e2a9da4c1e24b3c3861fe2635e817a733e1dada8a9af60e3ec8df0b39c,0ef52dddff9ea1c4f1d65b34f23e7b528a2f8e9e,18,2,0,8,15,8,4,15,32,19.75,OfficialPeterson;NoSharedLiteralBranches;RequiredProposition(x6);RequiredProposition(x2),MIN_EXPANDED_SIZE,SAT,12.030979913999545,PASSED,REUSED_E4,E4_REUSED,0,16230,368313,1245787,,,92623,1,23a99462eae51065ce8e4cb77803687d097722ed04a2ce08c40a5c03ec341911,10,171,171,171,8,4,0.25,1,4,4,,0
b2,peterson/constrained/liveness2.trace,peterson,atlas-b,bc6618ef2a01f1246eb8470a660798f236d837c2fb5ff3330399689744559cc4,0ef52dddff9ea1c4f1d65b34f23e7b528a2f8e9e,18,2,0,8,15,8,4,13,32,19.5,OfficialPeterson;NoSharedLiteralBranches;RequiredProposition(x6);RequiredProposition(x2),MIN_EXPANDED_SIZE,SAT,26.788586227999986,PASSED,REUSED_E4,E4_REUSED,0,22257,2576539,9748688,,,38687,1,9b8d684c27b2276e7707ec9ee3c7192e46e9a3f790a7106898cbe6c45747d011,,,,,8,,,,,,,0
b2,peterson/constrained/liveness2.trace,peterson,macro,bc6618ef2a01f1246eb8470a660798f236d837c2fb5ff3330399689744559cc4,0ef52dddff9ea1c4f1d65b34f23e7b528a2f8e9e,18,2,0,8,15,8,4,13,32,19.5,OfficialPeterson;NoSharedLiteralBranches;RequiredProposition(x6);RequiredProposition(x2),MIN_EXPANDED_SIZE,SAT,11.480493129000024,PASSED,REUSED_E4,E4_REUSED,0,16131,358952,1205762,,,85218,1,6f6063e846a1702e6dd746b8bb06dfb719f02c75c4c3c8573d0e5a9bbd8c4238,10,171,171,171,8,4,0.25,1,4,4,,0
b2,peterson/constrained/liveness3.trace,peterson,atlas-b,75f8132730e01d323fc521584e06a256d30e4aa81f5e601ca5443b3acabaf149,0ef52dddff9ea1c4f1d65b34f23e7b528a2f8e9e,18,2,0,8,15,8,4,15,32,19.75,OfficialPeterson;NoSharedLiteralBranches;RequiredProposition(x6);RequiredProposition(x2),MIN_EXPANDED_SIZE,SAT,26.845516776000295,PASSED,REUSED_E4,E4_REUSED,0,22257,2576539,9748733,,,39153,1,1deebae70dfe265a837735d994085f808be61c33adb393a867466f0561b900f8,,,,,8,,,,,,,0
b2,peterson/constrained/liveness3.trace,peterson,macro,75f8132730e01d323fc521584e06a256d30e4aa81f5e601ca5443b3acabaf149,0ef52dddff9ea1c4f1d65b34f23e7b528a2f8e9e,18,2,0,8,15,8,4,15,32,19.75,OfficialPeterson;NoSharedLiteralBranches;RequiredProposition(x6);RequiredProposition(x2),MIN_EXPANDED_SIZE,SAT,12.491784791999635,PASSED,REUSED_E4,E4_REUSED,0,16263,365564,1234494,,,88963,1,7fdd9fde45d8a4b91239ffc216fcdf346279a4794a62fe0a349adac95aefb47b,10,171,171,171,8,4,0.25,1,4,4,,0
b2,peterson/constrained/liveness4.trace,peterson,atlas-b,c90df4f57b91d92c7f4464050cd924aed3ab91b443d047f740db133d922f5830,0ef52dddff9ea1c4f1d65b34f23e7b528a2f8e9e,18,2,0,8,15,8,4,14,32,19.333333333333332,OfficialPeterson;NoSharedLiteralBranches;RequiredProposition(x6);RequiredProposition(x2),MIN_EXPANDED_SIZE,SAT,26.45402046399977,PASSED,REUSED_E4,E4_REUSED,0,22257,2576539,9748658,,,38377,1,e307a6a006ee247777fde1b185c74f78cbb4620ae03285339f5eb804f8e8fdda,,,,,8,,,,,,,0
b2,peterson/constrained/liveness4.trace,peterson,macro,c90df4f57b91d92c7f4464050cd924aed3ab91b443d047f740db133d922f5830,0ef52dddff9ea1c4f1d65b34f23e7b528a2f8e9e,18,2,0,8,15,8,4,14,32,19.333333333333332,OfficialPeterson;NoSharedLiteralBranches;RequiredProposition(x6);RequiredProposition(x2),MIN_EXPANDED_SIZE,SAT,11.2997273710007,PASSED,REUSED_E4,E4_REUSED,0,16197,361694,1218384,,,85589,1,162b917112c67ab755ad83f87e4dc6b9b25d593472288d03545df6e846f0ee0a,10,171,171,171,8,4,0.25,1,4,4,,0
b2,peterson/constrained/liveness5.trace,peterson,atlas-b,da3f05a0aa341b1d6a4c7b55e08647703fb1ebb4bf5bdb903f43f5b09960fb7d,0ef52dddff9ea1c4f1d65b34f23e7b528a2f8e9e,18,2,0,8,15,8,4,13,32,19.083333333333332,OfficialPeterson;NoSharedLiteralBranches;RequiredProposition(x6);RequiredProposition(x2),MIN_EXPANDED_SIZE,SAT,24.25184584999988,PASSED,REUSED_E4,E4_REUSED,0,22257,2576539,9748613,,,37912,1,21e05910b8b196b76a718731427ed5452832258b47fe71935c3239de6ca07dd2,,,,,8,,,,,,,0
b2,peterson/constrained/liveness5.trace,peterson,macro,da3f05a0aa341b1d6a4c7b55e08647703fb1ebb4bf5bdb903f43f5b09960fb7d,0ef52dddff9ea1c4f1d65b34f23e7b528a2f8e9e,18,2,0,8,15,8,4,13,32,19.083333333333332,OfficialPeterson;NoSharedLiteralBranches;RequiredProposition(x6);RequiredProposition(x2),MIN_EXPANDED_SIZE,SAT,12.068283254000562,PASSED,REUSED_E4,E4_REUSED,0,15933,353058,1183080,,,92060,1,20e479c894119c6c632ae7b39668aaafc04d81b3a47108ae051127796dafc420,10,171,171,171,8,4,0.25,1,4,4,,0
b2,peterson/constrained/safety1.trace,peterson,atlas-b,a7514721bec1a23c88ece9f6ccc4b2d10a6d40c27cd2e4e1539495b430dd5cac,0ef52dddff9ea1c4f1d65b34f23e7b528a2f8e9e,18,2,0,8,15,8,4,15,32,19.75,OfficialPeterson;NoSharedLiteralBranches;RequiredProposition(x2);RequiredProposition(x8),MIN_EXPANDED_SIZE,SAT,24.937815751000016,PASSED,REUSED_E4,E4_REUSED,0,22257,2575762,9747243,,,39116,1,180cf26202f97d73f2d0884bed1ddfbcc9c59130493249ebe22d59385544d3f0,,,,,8,,,,,,,0
b2,peterson/constrained/safety1.trace,peterson,macro,a7514721bec1a23c88ece9f6ccc4b2d10a6d40c27cd2e4e1539495b430dd5cac,0ef52dddff9ea1c4f1d65b34f23e7b528a2f8e9e,18,2,0,8,15,8,4,15,32,19.75,OfficialPeterson;NoSharedLiteralBranches;RequiredProposition(x2);RequiredProposition(x8),MIN_EXPANDED_SIZE,SAT,5.203213324000217,PASSED,REUSED_E4,E4_REUSED,0,10840,274770,922914,,,55395,1,70112f024da4d21119f7132da5c624cccfb477b44da2f1cc6ad5a19aff9eb3ab,5,67,67,67,8,4,0.25,1,4,4,,0
b2,peterson/constrained/safety2.trace,peterson,atlas-b,3f5bd67ef68b5ef5b325bb31ab60b8ac75627512bbf57c013f975c6e6fc98a67,0ef52dddff9ea1c4f1d65b34f23e7b528a2f8e9e,18,2,0,8,15,8,4,13,32,19.5,OfficialPeterson;NoSharedLiteralBranches;RequiredProposition(x2);RequiredProposition(x8),MIN_EXPANDED_SIZE,SAT,24.784963290000178,PASSED,REUSED_E4,E4_REUSED,0,22257,2575762,9747198,,,38649,1,79d51868297df0925c3454a02890ab1e4aac165c642f43a59223ffa4cd473790,,,,,8,,,,,,,0
b2,peterson/constrained/safety2.trace,peterson,macro,3f5bd67ef68b5ef5b325bb31ab60b8ac75627512bbf57c013f975c6e6fc98a67,0ef52dddff9ea1c4f1d65b34f23e7b528a2f8e9e,18,2,0,8,15,8,4,13,32,19.5,OfficialPeterson;NoSharedLiteralBranches;RequiredProposition(x2);RequiredProposition(x8),MIN_EXPANDED_SIZE,SAT,5.462294387998554,PASSED,REUSED_E4,E4_REUSED,0,10741,265409,882889,,,49796,1,bf4bcd5924fbcd67f88b2657deb60df63c64d5ab6d22df9120b03aa1b167aa68,5,67,67,67,8,4,0.25,1,4,4,,0
b2,peterson/constrained/safety3.trace,peterson,atlas-b,6a75feff237f05f0ca5439f9326de8aa1d0571145ffe0ce5d7ffe5379959d7d2,0ef52dddff9ea1c4f1d65b34f23e7b528a2f8e9e,18,2,0,8,15,8,4,15,32,19.75,OfficialPeterson;NoSharedLiteralBranches;RequiredProposition(x2);RequiredProposition(x8),MIN_EXPANDED_SIZE,SAT,23.725746297000114,PASSED,REUSED_E4,E4_REUSED,0,22257,2575762,9747243,,,39115,1,df9a3313aeac0eda958a3abdaf40a59cd109adcd5575211708ca4276b2746a9d,,,,,8,,,,,,,0
b2,peterson/constrained/safety3.trace,peterson,macro,6a75feff237f05f0ca5439f9326de8aa1d0571145ffe0ce5d7ffe5379959d7d2,0ef52dddff9ea1c4f1d65b34f23e7b528a2f8e9e,18,2,0,8,15,8,4,15,32,19.75,OfficialPeterson;NoSharedLiteralBranches;RequiredProposition(x2);RequiredProposition(x8),MIN_EXPANDED_SIZE,SAT,5.121773918999679,PASSED,REUSED_E4,E4_REUSED,0,10873,272021,911621,,,52638,1,4ddbddfc7d38f99afba4af2c8c9fcc3bc5fec8d156339c80a89450e4e96f2fe5,5,67,67,67,8,4,0.25,1,4,4,,0
b2,peterson/constrained/safety4.trace,peterson,atlas-b,4fefc8d74d8cf3e860693287ea83f2d494c62f417fdc2b40d64b00910affcad5,0ef52dddff9ea1c4f1d65b34f23e7b528a2f8e9e,18,2,0,8,15,8,4,14,32,19.333333333333332,OfficialPeterson;NoSharedLiteralBranches;RequiredProposition(x2);RequiredProposition(x8),MIN_EXPANDED_SIZE,SAT,26.31148721199952,PASSED,REUSED_E4,E4_REUSED,0,22257,2575762,9747168,,,38339,1,65701471a88d83749c22f17cc03ce542950fdb40f60e7ea246e07147ca5902e6,,,,,8,,,,,,,0
b2,peterson/constrained/safety4.trace,peterson,macro,4fefc8d74d8cf3e860693287ea83f2d494c62f417fdc2b40d64b00910affcad5,0ef52dddff9ea1c4f1d65b34f23e7b528a2f8e9e,18,2,0,8,15,8,4,14,32,19.333333333333332,OfficialPeterson;NoSharedLiteralBranches;RequiredProposition(x2);RequiredProposition(x8),MIN_EXPANDED_SIZE,SAT,5.182268814999588,PASSED,REUSED_E4,E4_REUSED,0,10807,268151,895511,,,50167,1,48bd73bc2b298a25057cc21d72bec339bdcb56d9979fae85e20c630f0a8b55f9,5,67,67,67,8,4,0.25,1,4,4,,0
b2,peterson/constrained/safety5.trace,peterson,atlas-b,07ab14efea161edf075647b43b10ed3094c1200b01e9afd2baa374ac8d13c72a,0ef52dddff9ea1c4f1d65b34f23e7b528a2f8e9e,18,2,0,8,15,8,4,13,32,19.083333333333332,OfficialPeterson;NoSharedLiteralBranches;RequiredProposition(x2);RequiredProposition(x8),MIN_EXPANDED_SIZE,SAT,24.873365465999996,PASSED,REUSED_E4,E4_REUSED,0,22257,2575762,9747123,,,37874,1,3355bd0b2ce8186b14d1c164fb1b816af9cc73e32069915e3c872296716a13d4,,,,,8,,,,,,,0
b2,peterson/constrained/safety5.trace,peterson,macro,07ab14efea161edf075647b43b10ed3094c1200b01e9afd2baa374ac8d13c72a,0ef52dddff9ea1c4f1d65b34f23e7b528a2f8e9e,18,2,0,8,15,8,4,13,32,19.083333333333332,OfficialPeterson;NoSharedLiteralBranches;RequiredProposition(x2);RequiredProposition(x8),MIN_EXPANDED_SIZE,SAT,5.103181526999833,PASSED,REUSED_E4,E4_REUSED,0,10543,259515,860207,,,54832,1,77c21c1aeaf5fddc4a87f8cfba6248c7b9ff9ff3cf0d29396e3d096674107ddf,5,67,67,67,8,4,0.25,1,4,4,,0
b2,peterson/extra_traces/liveness1.trace,peterson,atlas-b,7eed97d678e572df7daa99fbc1517f81e508f56beed6884b75714a9e28105de0,0ef52dddff9ea1c4f1d65b34f23e7b528a2f8e9e,18,2,0,8,15,12,4,15,32,19.125,OfficialPeterson;NoSharedLiteralBranches;RequiredProposition(x6),MIN_EXPANDED_SIZE,SAT,36.576665675000186,PASSED,REUSED_E4,E4_REUSED,0,29297,3403475,12907867,,,49610,1,bd92fe663c842e009038026c942c9493b633611c2719cb39f1bb2ab7d431ce63,,,,,8,,,,,,,0
b2,peterson/extra_traces/liveness1.trace,peterson,macro,7eed97d678e572df7daa99fbc1517f81e508f56beed6884b75714a9e28105de0,0ef52dddff9ea1c4f1d65b34f23e7b528a2f8e9e,18,2,0,8,15,12,4,15,32,19.125,OfficialPeterson;NoSharedLiteralBranches;RequiredProposition(x6),MIN_EXPANDED_SIZE,SAT,7.4237762520001525,PASSED,REUSED_E4,E4_REUSED,0,14492,350237,1155841,,,63747,1,70972e65c4a74261cfd5bbaa5fd09032a4488eedde69fd6cef1b0c6eca3e642a,6,103,103,103,8,4,0.25,1,4,4,,0
b2,peterson/extra_traces/liveness2.trace,peterson,atlas-b,e98338bab14ea5dea040b72c58025b914786076f578dbd0079e0cae84d36cfa1,0ef52dddff9ea1c4f1d65b34f23e7b528a2f8e9e,18,2,0,8,15,12,4,16,32,19.1875,OfficialPeterson;NoSharedLiteralBranches;RequiredProposition(x6),MIN_EXPANDED_SIZE,SAT,34.885065747000226,PASSED,REUSED_E4,E4_REUSED,0,29297,3403475,12907882,,,49766,1,92fcc00c340f3898b610d7c26bd0a4c56472728d88f4aa230786f7378e23a43e,,,,,8,,,,,,,0
b2,peterson/extra_traces/liveness2.trace,peterson,macro,e98338bab14ea5dea040b72c58025b914786076f578dbd0079e0cae84d36cfa1,0ef52dddff9ea1c4f1d65b34f23e7b528a2f8e9e,18,2,0,8,15,12,4,16,32,19.1875,OfficialPeterson;NoSharedLiteralBranches;RequiredProposition(x6),MIN_EXPANDED_SIZE,SAT,7.238057173000016,PASSED,REUSED_E4,E4_REUSED,0,14624,356177,1180693,,,66816,1,2259790f5e5111f3ba6ef7d52394b6915d5f77e49580fd8fc14c8c10bec35556,6,103,103,103,8,4,0.25,1,4,4,,0
b2,peterson/extra_traces/liveness3.trace,peterson,atlas-b,92c08cb6b10d0d9c517c8acfcba4193a92fd802382d721f79ade0f27a73d17d4,0ef52dddff9ea1c4f1d65b34f23e7b528a2f8e9e,18,2,0,8,15,12,4,15,32,19.4375,OfficialPeterson;NoSharedLiteralBranches;RequiredProposition(x6),MIN_EXPANDED_SIZE,SAT,49.09559055200043,PASSED,REUSED_E4,E4_REUSED,0,29297,3403475,12907942,,,50386,1,77ed47d179c0a03873e4eb12af986d2bcbf940a440be45010d5532497cc69076,,,,,8,,,,,,,0
b2,peterson/extra_traces/liveness3.trace,peterson,macro,92c08cb6b10d0d9c517c8acfcba4193a92fd802382d721f79ade0f27a73d17d4,0ef52dddff9ea1c4f1d65b34f23e7b528a2f8e9e,18,2,0,8,15,12,4,15,32,19.4375,OfficialPeterson;NoSharedLiteralBranches;RequiredProposition(x6),MIN_EXPANDED_SIZE,SAT,6.748677035000583,PASSED,REUSED_E4,E4_REUSED,0,14492,352093,1164309,,,69561,1,18881bb014447290bad1ee145c6eb4740b30dbdcfe4114242953685dad37ccc4,6,103,103,103,8,4,0.25,1,4,4,,0
b2,peterson/extra_traces/liveness4.trace,peterson,atlas-b,f8f138045b1f9a38d77dff03f46afe71da8fd69753a76d702b83fbc3d4ca9d1e,0ef52dddff9ea1c4f1d65b34f23e7b528a2f8e9e,18,2,0,8,15,12,4,13,32,19.25,OfficialPeterson;NoSharedLiteralBranches;RequiredProposition(x6),MIN_EXPANDED_SIZE,SAT,33.51510990499992,PASSED,REUSED_E4,E4_REUSED,0,29297,3403475,12907897,,,49922,1,3eea48842db999a1ff0e98ceab5fbcff1d3f494415793b7213a99219a670e088,,,,,8,,,,,,,0
b2,peterson/extra_traces/liveness4.trace,peterson,macro,f8f138045b1f9a38d77dff03f46afe71da8fd69753a76d702b83fbc3d4ca9d1e,0ef52dddff9ea1c4f1d65b34f23e7b528a2f8e9e,18,2,0,8,15,12,4,13,32,19.25,OfficialPeterson;NoSharedLiteralBranches;RequiredProposition(x6),MIN_EXPANDED_SIZE,SAT,7.56093718000011,PASSED,REUSED_E4,E4_REUSED,0,14558,356123,1180231,,,69604,1,e65b1974c148dfde3bc98a1b2df0bb239df68cc9286f2bf2f6e600d8fef4cacd,6,103,103,103,8,4,0.25,1,4,4,,0
b2,peterson/extra_traces/liveness5.trace,peterson,atlas-b,f8f138045b1f9a38d77dff03f46afe71da8fd69753a76d702b83fbc3d4ca9d1e,0ef52dddff9ea1c4f1d65b34f23e7b528a2f8e9e,18,2,0,8,15,12,4,13,32,19.25,OfficialPeterson;NoSharedLiteralBranches;RequiredProposition(x6),MIN_EXPANDED_SIZE,SAT,35.45602031499948,PASSED,REUSED_E4,E4_REUSED,0,29297,3403475,12907897,,,49922,1,3eea48842db999a1ff0e98ceab5fbcff1d3f494415793b7213a99219a670e088,,,,,8,,,,,,,0
b2,peterson/extra_traces/liveness5.trace,peterson,macro,f8f138045b1f9a38d77dff03f46afe71da8fd69753a76d702b83fbc3d4ca9d1e,0ef52dddff9ea1c4f1d65b34f23e7b528a2f8e9e,18,2,0,8,15,12,4,13,32,19.25,OfficialPeterson;NoSharedLiteralBranches;RequiredProposition(x6),MIN_EXPANDED_SIZE,SAT,6.4075061040002765,PASSED,REUSED_E4,E4_REUSED,0,14558,356123,1180231,,,69604,1,e65b1974c148dfde3bc98a1b2df0bb239df68cc9286f2bf2f6e600d8fef4cacd,6,103,103,103,8,4,0.25,1,4,4,,0
b2,peterson/extra_traces/safety1.trace,peterson,atlas-b,44374167637fffc7780883ea2ffadc6aa5a9d52993858c67804c85bd46dde8b0,0ef52dddff9ea1c4f1d65b34f23e7b528a2f8e9e,18,2,0,8,15,12,4,15,32,19.125,OfficialPeterson;NoSharedLiteralBranches;RequiredProposition(x2);RequiredProposition(x8),MIN_EXPANDED_SIZE,SAT,36.881664514001386,PASSED,REUSED_E4,E4_REUSED,0,29297,3402698,12906378,,,49595,1,4900f635947ad9bde4f0aae28dbbc34a521a42710dfe813899d22cea446dc640,,,,,8,,,,,,,0
b2,peterson/extra_traces/safety1.trace,peterson,macro,44374167637fffc7780883ea2ffadc6aa5a9d52993858c67804c85bd46dde8b0,0ef52dddff9ea1c4f1d65b34f23e7b528a2f8e9e,18,2,0,8,15,12,4,15,32,19.125,OfficialPeterson;NoSharedLiteralBranches;RequiredProposition(x2);RequiredProposition(x8),MIN_EXPANDED_SIZE,SAT,6.1449971150004785,PASSED,REUSED_E4,E4_REUSED,0,13018,330280,1087096,,,56194,1,0c3bfb9a5fb293237651152b59185f3f1be174a587c3f079b35672583e9e9044,5,67,67,67,8,4,0.25,1,4,4,,0
b2,peterson/extra_traces/safety2.trace,peterson,atlas-b,4f391b540bb696c3ae5e5ee890a1981f1ff2bb1e40d069f920a0204c55b962a7,0ef52dddff9ea1c4f1d65b34f23e7b528a2f8e9e,18,2,0,8,15,12,4,16,32,19.1875,OfficialPeterson;NoSharedLiteralBranches;RequiredProposition(x2);RequiredProposition(x8),MIN_EXPANDED_SIZE,SAT,39.92100168199977,PASSED,REUSED_E4,E4_REUSED,0,29297,3402698,12906393,,,49751,1,6636113953f8d8d48dece53a17fe18adb08992d54bcf1cdb1e6e415db7737a1b,,,,,8,,,,,,,0
b2,peterson/extra_traces/safety2.trace,peterson,macro,4f391b540bb696c3ae5e5ee890a1981f1ff2bb1e40d069f920a0204c55b962a7,0ef52dddff9ea1c4f1d65b34f23e7b528a2f8e9e,18,2,0,8,15,12,4,16,32,19.1875,OfficialPeterson;NoSharedLiteralBranches;RequiredProposition(x2);RequiredProposition(x8),MIN_EXPANDED_SIZE,SAT,5.3746500669985835,PASSED,REUSED_E4,E4_REUSED,0,13150,336220,1111948,,,58972,1,2684bc3576e6f26997b653259d5f0abee668a6ef6a86f6225cd3cb85e8b4c99d,5,67,67,67,8,4,0.25,1,4,4,,0
b2,peterson/extra_traces/safety3.trace,peterson,atlas-b,822bbdfec285344d5833e1b0df76f8bed0ca87ac6161f1a8b473902a809aa208,0ef52dddff9ea1c4f1d65b34f23e7b528a2f8e9e,18,2,0,8,15,12,4,15,32,19.4375,OfficialPeterson;NoSharedLiteralBranches;RequiredProposition(x2);RequiredProposition(x8),MIN_EXPANDED_SIZE,SAT,39.256193062999955,PASSED,REUSED_E4,E4_REUSED,0,29297,3402698,12906453,,,50371,1,fa7f7791f2a4485c7a39c8e97e3066cf5493e63fa3b652e2f563bc6584bb7497,,,,,8,,,,,,,0
b2,peterson/extra_traces/safety3.trace,peterson,macro,822bbdfec285344d5833e1b0df76f8bed0ca87ac6161f1a8b473902a809aa208,0ef52dddff9ea1c4f1d65b34f23e7b528a2f8e9e,18,2,0,8,15,12,4,15,32,19.4375,OfficialPeterson;NoSharedLiteralBranches;RequiredProposition(x2);RequiredProposition(x8),MIN_EXPANDED_SIZE,SAT,6.5183341090000795,PASSED,REUSED_E4,E4_REUSED,0,13018,332136,1095564,,,61426,1,c2c558780096981c7c9f4cb48c08369f142887ca545f3012e2a860a56c90fbad,5,67,67,67,8,4,0.25,1,4,4,,0
b2,peterson/extra_traces/safety4.trace,peterson,atlas-b,46ba74a4558a1e88f34b6db010bd7ef7d90143c2746a2ba88f6cf604915d9590,0ef52dddff9ea1c4f1d65b34f23e7b528a2f8e9e,18,2,0,8,15,12,4,13,32,19.25,OfficialPeterson;NoSharedLiteralBranches;RequiredProposition(x2);RequiredProposition(x8),MIN_EXPANDED_SIZE,SAT,35.326273703999505,PASSED,REUSED_E4,E4_REUSED,0,29297,3402698,12906408,,,49907,1,5887323bed9a483a3016bacfaeaaec594ed6efbbd88e329161cab74a8af3a5de,,,,,8,,,,,,,0
b2,peterson/extra_traces/safety4.trace,peterson,macro,46ba74a4558a1e88f34b6db010bd7ef7d90143c2746a2ba88f6cf604915d9590,0ef52dddff9ea1c4f1d65b34f23e7b528a2f8e9e,18,2,0,8,15,12,4,13,32,19.25,OfficialPeterson;NoSharedLiteralBranches;RequiredProposition(x2);RequiredProposition(x8),MIN_EXPANDED_SIZE,SAT,7.078585896999357,PASSED,REUSED_E4,E4_REUSED,0,13084,336166,1111486,,,61469,1,3360a049feb39ed407025a003306630df57b7fef0cc7568054434fe03c79f17a,5,67,67,67,8,4,0.25,1,4,4,,0
b2,peterson/extra_traces/safety5.trace,peterson,atlas-b,46ba74a4558a1e88f34b6db010bd7ef7d90143c2746a2ba88f6cf604915d9590,0ef52dddff9ea1c4f1d65b34f23e7b528a2f8e9e,18,2,0,8,15,12,4,13,32,19.25,OfficialPeterson;NoSharedLiteralBranches;RequiredProposition(x2);RequiredProposition(x8),MIN_EXPANDED_SIZE,SAT,37.655127537000226,PASSED,REUSED_E4,E4_REUSED,0,29297,3402698,12906408,,,49907,1,5887323bed9a483a3016bacfaeaaec594ed6efbbd88e329161cab74a8af3a5de,,,,,8,,,,,,,0
b2,peterson/extra_traces/safety5.trace,peterson,macro,46ba74a4558a1e88f34b6db010bd7ef7d90143c2746a2ba88f6cf604915d9590,0ef52dddff9ea1c4f1d65b34f23e7b528a2f8e9e,18,2,0,8,15,12,4,13,32,19.25,OfficialPeterson;NoSharedLiteralBranches;RequiredProposition(x2);RequiredProposition(x8),MIN_EXPANDED_SIZE,SAT,6.703059300998575,PASSED,REUSED_E4,E4_REUSED,0,13084,336166,1111486,,,61469,1,3360a049feb39ed407025a003306630df57b7fef0cc7568054434fe03c79f17a,5,67,67,67,8,4,0.25,1,4,4,,0
b2,robot/RAtrace/final21.trace,robot,atlas-b,af03be7fbc2397df523c58e05c2defaa7a4b05c8c6eb92cfb3f3ad1f82887619,0ef52dddff9ea1c4f1d65b34f23e7b528a2f8e9e,2050,2,6,14,3,4,3,12,33,20.428571428571427,OfficialRobotRA;Repair;NoDAGReuse;LeftNotEqualRight,REPAIR,SAT,39.878172465000716,PASSED,REUSED_E4,E4_REUSED,0,14098,2177315,8315351,,,7661,2,4f9b4af836670729731d8262edfe5c0f46756ac80715c0a7f654b8874a828f36;67bf1f5d7b96f9800598656bc3eb2373dc6d79895dcdff89221bb13dca638a01,,,,,16,,,,,,,0
b2,robot/RAtrace/final21.trace,robot,macro,af03be7fbc2397df523c58e05c2defaa7a4b05c8c6eb92cfb3f3ad1f82887619,0ef52dddff9ea1c4f1d65b34f23e7b528a2f8e9e,2050,2,6,14,3,4,3,12,33,20.428571428571427,OfficialRobotRA;Repair;NoDAGReuse;LeftNotEqualRight,REPAIR,SAT,5.541959116000044,PASSED,REUSED_E4,E4_REUSED,0,11051,308131,822337,,,19290,2,5c54ec78ca771c7e393b982b980082c99410a11d35c1ad618d1068ce2bc438cf;6e2e55271877c7b32d1bef44b53ef5c1f036457c0bc8d7fa729f4c248a2ebf16,2,14,22,14,16,3,0.125,1,8,8,,0
b2,robot/RAtrace/final22.trace,robot,atlas-b,0b9b256621c7879fdcbdecc7088b07bef8c4a9fac018b90a85c5dd4297609f1e,0ef52dddff9ea1c4f1d65b34f23e7b528a2f8e9e,2050,2,6,14,3,4,6,8,33,16.9,OfficialRobotRA;Repair;NoDAGReuse;LeftNotEqualRight,REPAIR,SAT,55.67867275699973,PASSED,REUSED_E4,E4_REUSED,0,19642,3078320,11769008,,,8648,2,eae67b78fb0fd2ece870e0679a754cf464bfe50997a6ec63cc01b505ddfce918;fb8c65b416c4afced5efb281cce54d14e084fc94844726de6c35ae6230072843,,,,,16,,,,,,,0
b2,robot/RAtrace/final22.trace,robot,macro,0b9b256621c7879fdcbdecc7088b07bef8c4a9fac018b90a85c5dd4297609f1e,0ef52dddff9ea1c4f1d65b34f23e7b528a2f8e9e,2050,2,6,14,3,4,6,8,33,16.9,OfficialRobotRA;Repair;NoDAGReuse;LeftNotEqualRight,REPAIR,SAT,5.486362595000173,PASSED,REUSED_E4,E4_REUSED,0,12533,350321,934383,,,22917,2,2184b154eb97491f991d6f9adf414a647653f9d1daaba8e6be8ef798f5373930;8766015ce93b631bacb36766c1eab6bb33f55256587363b88ec8c20216a92ed4,2,14,22,14,16,3,0.125,1,8,8,,0
b2,robot/RAtrace/final3.trace,robot,atlas-b,d52f92767d36f3d527df04121ba2a665867ed41657526819f79a5e614af31b52,0ef52dddff9ea1c4f1d65b34f23e7b528a2f8e9e,2050,2,6,14,3,2,3,12,33,24.6,OfficialRobotRA;Repair;NoDAGReuse;LeftNotEqualRight,REPAIR,SAT,25.113147836999815,PASSED,REUSED_E4,E4_REUSED,0,10402,1576645,6012907,,,6929,2,6861f8b4a4598b450d0351f86fec03f72ac7f9e883269ebf9704e47b06572fc7;e097d8addac1d8431157d713e938b6ffb91ae752d90330a4ac669056254dcf5a,,,,,16,,,,,,,0
b2,robot/RAtrace/final3.trace,robot,macro,d52f92767d36f3d527df04121ba2a665867ed41657526819f79a5e614af31b52,0ef52dddff9ea1c4f1d65b34f23e7b528a2f8e9e,2050,2,6,14,3,2,3,12,33,24.6,OfficialRobotRA;Repair;NoDAGReuse;LeftNotEqualRight,REPAIR,SAT,4.778029994000008,PASSED,REUSED_E4,E4_REUSED,0,9911,276175,736385,,,19336,2,36f90eea727ebb0efba685bf2a917aa07bf4ef5056b1d47b5717d1033cb638de;5777ca25359a4bdf5de080cfcecd2885720e24559a2db3bf65ce7a2f0239dbf5,2,14,22,14,16,3,0.125,1,8,8,,0
b2,robot/RAtrace/final4.trace,robot,atlas-b,a5ae4a200430e6b45dd22294c45e034aa637a3c5381915842e16f9e197ebf3d1,0ef52dddff9ea1c4f1d65b34f23e7b528a2f8e9e,2050,2,6,14,3,3,3,12,44,31.166666666666668,OfficialRobotRA;Repair;NoDAGReuse;LeftNotEqualRight,REPAIR,SAT,78.07115962399985,PASSED,REUSED_E4,E4_REUSED,0,18850,3944100,15263085,,,9091,2,d26786009cb41ceff6b0aaa4c59cf23665f9437c1e57604506536ab75a2cce4e;0459feb123fa8ceb2f8b4a4e50059191b035c9b0d03cd270b2ba480cfabafbbc,,,,,16,,,,,,,0
b2,robot/RAtrace/final4.trace,robot,macro,a5ae4a200430e6b45dd22294c45e034aa637a3c5381915842e16f9e197ebf3d1,0ef52dddff9ea1c4f1d65b34f23e7b528a2f8e9e,2050,2,6,14,3,3,3,12,44,31.166666666666668,OfficialRobotRA;Repair;NoDAGReuse;LeftNotEqualRight,REPAIR,SAT,6.296080126000106,PASSED,REUSED_E4,E4_REUSED,0,13559,367807,1001031,,,23086,2,a46a3f327de235c99d51367dc4e337a058c597dcf92852433faed51635cba269;705c3fce38f36d1753da5c21ebe3a189215cd1306f518bb98a81c614c47ba1a3,2,14,22,14,16,3,0.125,1,8,8,,0
b2,robot/RAtrace/final42.trace,robot,atlas-b,c410198587a4c3beccbc1659edff2c0ce31d5894807f59174864ec099f479918,0ef52dddff9ea1c4f1d65b34f23e7b528a2f8e9e,2050,2,6,14,3,3,3,12,33,25.5,OfficialRobotRA;Repair;NoDAGReuse;LeftNotEqualRight,REPAIR,SAT,29.82538874400052,PASSED,REUSED_E4,E4_REUSED,0,12250,1876980,7164189,,,7895,2,9cfa02cb33e7dd8033e3b91e38511d8bb9e69e55d4ee5a29d22378f0f67424ce;c67381b775c0aca328aa24850ce3a2bbbd8aae5a10ee9f5f4901ae82f86a665c,,,,,16,,,,,,,0
b2,robot/RAtrace/final42.trace,robot,macro,c410198587a4c3beccbc1659edff2c0ce31d5894807f59174864ec099f479918,0ef52dddff9ea1c4f1d65b34f23e7b528a2f8e9e,2050,2,6,14,3,3,3,12,33,25.5,OfficialRobotRA;Repair;NoDAGReuse;LeftNotEqualRight,REPAIR,SAT,5.843949721000172,PASSED,REUSED_E4,E4_REUSED,0,11621,320173,861461,,,19545,2,d2ef0cd2248b9b7305928b143da37d287ebf51ee1f1df674a31fad4d9e94873c;08f9f7ab5b4c6496881cb464907d7d7605a5bf853905dd2700cc5b0df61ea34e,2,14,22,14,16,3,0.125,1,8,8,,0
b2,robot/RAtrace/final43.trace,robot,atlas-b,f3abfe251eefe4d2d051eac82b6f9c20ccec52b03eca225b50d950cfc41f3c42,0ef52dddff9ea1c4f1d65b34f23e7b528a2f8e9e,2050,2,6,14,3,3,4,12,33,24.428571428571427,OfficialRobotRA;Repair;NoDAGReuse;LeftNotEqualRight,REPAIR,SAT,33.921658107999974,PASSED,REUSED_E4,E4_REUSED,0,14098,2177315,8315436,,,8501,2,4528a0f0e1ea3b42cf1363e1fa50ee913f491999700531942254fa6167b67fec;3c7fa7dbddb5281d934be4782a2fbba8965973fd3175f78f073e68978784ed7b,,,,,16,,,,,,,0
b2,robot/RAtrace/final43.trace,robot,macro,f3abfe251eefe4d2d051eac82b6f9c20ccec52b03eca225b50d950cfc41f3c42,0ef52dddff9ea1c4f1d65b34f23e7b528a2f8e9e,2050,2,6,14,3,3,4,12,33,24.428571428571427,OfficialRobotRA;Repair;NoDAGReuse;LeftNotEqualRight,REPAIR,SAT,6.007137181999951,PASSED,REUSED_E4,E4_REUSED,0,11621,320173,861461,,,19545,2,7d531dbabec5ca656cc147c0855e55d25645ddc80cf0e69461f4250d7e474488;20dffae2cd23a83802e2a6a32c42ab5a39ce09fe1f2bbd4ba3758f458c797cf3,2,14,22,14,16,3,0.125,1,8,8,,0
b2,robot/RAtrace/final44.trace,robot,atlas-b,1b07920e1c3da943d037e93424f5264ce49246d6f0dedbd0e16add04b1619b2e,0ef52dddff9ea1c4f1d65b34f23e7b528a2f8e9e,2050,2,6,14,3,4,3,12,33,26.142857142857142,OfficialRobotRA;Repair;NoDAGReuse;LeftNotEqualRight,REPAIR,SAT,38.99752154399994,PASSED,REUSED_E4,E4_REUSED,0,14098,2177315,8315471,,,8861,2,e503fb4d80a4a71e5d911fed10f7a62eae0f09aac3ec2533f0a165844657e23e;f548eda831d0e2b4131c0a144cc43d684383c2b07e716fa54c9f3481654b2fb1,,,,,16,,,,,,,0
b2,robot/RAtrace/final44.trace,robot,macro,1b07920e1c3da943d037e93424f5264ce49246d6f0dedbd0e16add04b1619b2e,0ef52dddff9ea1c4f1d65b34f23e7b528a2f8e9e,2050,2,6,14,3,4,3,12,33,26.142857142857142,OfficialRobotRA;Repair;NoDAGReuse;LeftNotEqualRight,REPAIR,SAT,6.133647850999978,PASSED,REUSED_E4,E4_REUSED,0,13331,364171,986537,,,19787,2,5d358904149a29dc1338ba607d8b3271b29b9450ae03ea237cb48509400eceee;8d2cbee5d2b056ad1bd260f98d6054b1c96e59eed5284aa2c2e4bf0ba4174d4a,2,14,22,14,16,3,0.125,1,8,8,,0
b2,robot/RAtrace/final45.trace,robot,atlas-b,1d2034a84262dfb83192aee474f05d2c625c98a90d17797a383715a63f78c1fe,0ef52dddff9ea1c4f1d65b34f23e7b528a2f8e9e,2050,2,6,14,3,4,6,12,33,22.2,OfficialRobotRA;Repair;NoDAGReuse;LeftNotEqualRight,REPAIR,SAT,58.58734307699979,PASSED,REUSED_E4,E4_REUSED,0,19642,3078320,11769167,,,10229,2,d0c514f5ad73fd374446fd6155c6dd256781a86e06a65f370b04536dcf694cbe;057dc8972fb16e848a68a77c2562a58471acb3c5825613cab4a3231f02716f19,,,,,16,,,,,,,0
b2,robot/RAtrace/final45.trace,robot,macro,1d2034a84262dfb83192aee474f05d2c625c98a90d17797a383715a63f78c1fe,0ef52dddff9ea1c4f1d65b34f23e7b528a2f8e9e,2050,2,6,14,3,4,6,12,33,22.2,OfficialRobotRA;Repair;NoDAGReuse;LeftNotEqualRight,REPAIR,SAT,7.497137417999966,PASSED,REUSED_E4,E4_REUSED,0,14870,405850,1100790,,,21971,2,c3ed75bef415310b118d470c36e2172ea17c07a1167594e477140d6d1df99b77;033fe82eb5b925569da11f1b3de22ac85c43fb2e60b254045e6a28fb49e177a1,2,14,22,14,16,3,0.125,1,8,8,,0
b2,robot/RAtrace/final46.trace,robot,atlas-b,207fa315da07ed9a18322159e205289fa4a931233fb2b6ad76b6094e97d812c9,0ef52dddff9ea1c4f1d65b34f23e7b528a2f8e9e,2050,2,6,14,3,4,9,12,33,20.53846153846154,OfficialRobotRA;Repair;NoDAGReuse;LeftNotEqualRight,REPAIR,SAT,68.68250772200008,PASSED,REUSED_E4,E4_REUSED,0,25186,3979325,15222881,,,11777,2,1e6b37c4107ad0f56f00f44dae801c468e5f62b86e164178a7d34ff7f2dbf32a;ce41afe152d98e680ce66746e547079d123255d23206dea0b4edc6fa9ce29139,,,,,16,,,,,,,0
b2,robot/RAtrace/final46.trace,robot,macro,207fa315da07ed9a18322159e205289fa4a931233fb2b6ad76b6094e97d812c9,0ef52dddff9ea1c4f1d65b34f23e7b528a2f8e9e,2050,2,6,14,3,4,9,12,33,20.53846153846154,OfficialRobotRA;Repair;NoDAGReuse;LeftNotEqualRight,REPAIR,SAT,6.910906102000354,PASSED,REUSED_E4,E4_REUSED,0,16409,447529,1215043,,,22384,2,878a6b437f1b6f2cf39837d732c44f277f8735b44a044cecd33f37545607934e;a120ebeb1c4234dde1b92f0c406615e9dc4eba9b98b4e59f36cbf8998967d63e,2,14,22,14,16,3,0.125,1,8,8,,0
b2,robot/RAtrace/final47.trace,robot,atlas-b,4ff6be8138b02f068b8dfdc6d6d6c11acc948cd5db92be07ca3bac992328485e,0ef52dddff9ea1c4f1d65b34f23e7b528a2f8e9e,2050,2,6,14,3,4,12,12,39,23.4375,OfficialRobotRA;Repair;NoDAGReuse;LeftNotEqualRight,REPAIR,SAT,129.72768607499893,PASSED,REUSED_E4,E4_REUSED,0,39850,7532330,29049488,,,15313,2,fa4b5e7ecd9ab05921b9c129cad00e2c7a7f1af78bc707d896b031a205264348;49dacb4deed61cb4297aae88123af1728d75899d98cdd948f1367427ca4e9d39,,,,,16,,,,,,,0
b2,robot/RAtrace/final47.trace,robot,macro,4ff6be8138b02f068b8dfdc6d6d6c11acc948cd5db92be07ca3bac992328485e,0ef52dddff9ea1c4f1d65b34f23e7b528a2f8e9e,2050,2,6,14,3,4,12,12,39,23.4375,OfficialRobotRA;Repair;NoDAGReuse;LeftNotEqualRight,REPAIR,SAT,9.106157325999902,PASSED,REUSED_E4,E4_REUSED,0,20684,556596,1526826,,,28414,2,ae6a04d95c624abfafb7259def539fcae104340ed3f320048c684cac9e5f60e8;f87cb13489bf9f4acd4e7e5ef0ff635cab11c70b73c70de49bd44ea06c086d70,2,14,22,14,16,3,0.125,1,8,8,,0
b2,robot/RRtrace/order.trace,robot,atlas-b,8d2432b2486743e83d897ec36aea2cc3fd34384dcb4fa6fba9fe4106670853a1,0ef52dddff9ea1c4f1d65b34f23e7b528a2f8e9e,1026,2,5,13,3,3,3,12,33,20.5,OfficialRobotRR;Repair;NoDAGReuse;LeftNotEqualRight,REPAIR,SAT,52.29708715800007,PASSED,REUSED_E4,E4_REUSED,0,11961,1855988,7087446,,,6976,2,0232ef68e16ed39ff16cef0154d0c457a331b5ac449ddb86ea4ea8ff17b02fbd;4e0926ba379d149880f7e76865875675100da5a0eeebcb25bdaefe96a8b8014d,,,,,16,,,,,,,0
b2,robot/RRtrace/order.trace,robot,macro,8d2432b2486743e83d897ec36aea2cc3fd34384dcb4fa6fba9fe4106670853a1,0ef52dddff9ea1c4f1d65b34f23e7b528a2f8e9e,1026,2,5,13,3,3,3,12,33,20.5,OfficialRobotRR;Repair;NoDAGReuse;LeftNotEqualRight,REPAIR,SAT,5.292707224999958,PASSED,REUSED_E4,E4_REUSED,0,10326,262640,703559,,,22158,2,f0fad6769ab2afb8cb2d7ab099814a81bd832705fbd38b42f55c08735f07de9e;c7098afddca3a5d8a375e4db7bb10b7d1e0a5b402950587b5eba45ed09735c0f,4,37,61,37,16,4,0.2857142857142857,2,7,7,,0
b2,robot/RRtrace/order1.trace,robot,atlas-b,a3abe8fbb73a4ecb60647b73556a968ea82771067cb68363c346c66c539cb423,0ef52dddff9ea1c4f1d65b34f23e7b528a2f8e9e,2050,2,5,13,3,1,3,12,33,23.25,OfficialRobotRR;Repair;NoDAGReuse;LeftNotEqualRight,REPAIR,SAT,28.05210994700019,PASSED,REUSED_E4,E4_REUSED,0,8331,1259477,4800943,,,5944,2,68f9363e5361de0a6f85921056f824e0d0bed8d14282f9aaf57eb1abfdb68b53;da9d1c376270ca3ba62b77a094f07e5f4e24a6b9f5a9d8d4b5a17bfeb97ea7b3,,,,,16,,,,,,,0
b2,robot/RRtrace/order1.trace,robot,macro,a3abe8fbb73a4ecb60647b73556a968ea82771067cb68363c346c66c539cb423,0ef52dddff9ea1c4f1d65b34f23e7b528a2f8e9e,2050,2,5,13,3,1,3,12,33,23.25,OfficialRobotRR;Repair;NoDAGReuse;LeftNotEqualRight,REPAIR,SAT,6.600154475999943,PASSED,REUSED_E4,E4_REUSED,0,8736,221088,590235,,,22182,2,9170d6c747736b28ef547c87eef15d367744028e6f7b2dd104d386744a18e99c;0d4fcdf2e9d010d6b14ce1f4aa688e2f8ae1ebce5aa85f476778557b273bec8d,4,37,61,37,16,4,0.2857142857142857,2,7,7,,0
b2,robot/RRtrace/order10.trace,robot,atlas-b,d3a64270a7ff1cee5aede758295552e7ce71372dfa5e44d2b2d059e5d381baef,0ef52dddff9ea1c4f1d65b34f23e7b528a2f8e9e,2050,2,5,13,3,5,7,12,40,25.833333333333332,OfficialRobotRR;Repair;NoDAGReuse;LeftNotEqualRight,REPAIR,SAT,121.56465527899991,PASSED,REUSED_E4,E4_REUSED,0,30831,6020786,23241259,,,13094,2,30505d4c2bf717adcdf62a8877567b6ab747f9c8b66c3eb6d059be29fdde041b;e9cf421aece8878217143239e16c06fcbfddf211a534563216b444488d7a601f,,,,,16,,,,,,,0
b2,robot/RRtrace/order10.trace,robot,macro,d3a64270a7ff1cee5aede758295552e7ce71372dfa5e44d2b2d059e5d381baef,0ef52dddff9ea1c4f1d65b34f23e7b528a2f8e9e,2050,2,5,13,3,5,7,12,40,25.833333333333332,OfficialRobotRR;Repair;NoDAGReuse;LeftNotEqualRight,REPAIR,SAT,8.144301840000026,PASSED,REUSED_E4,E4_REUSED,0,18806,471966,1295604,,,26001,2,9fef79006748b78a04bc6d164c74f7f91fc4633674f73c78284bef0571e217e3;a6864ab3538bfd4dc8be22b0a413617d6e5f6a9eb3ad39e3d378307ca365305d,4,37,61,37,16,4,0.2857142857142857,2,7,7,,0
b2,robot/RRtrace/order2.trace,robot,atlas-b,e15fb553ba3dbcd97ba8b963a288ed089576ea6dbe9e43da2e5211fbbdc3cb7b,0ef52dddff9ea1c4f1d65b34f23e7b528a2f8e9e,2050,2,5,13,3,3,3,12,44,31.166666666666668,OfficialRobotRR;Repair;NoDAGReuse;LeftNotEqualRight,REPAIR,SAT,74.3256637530003,PASSED,REUSED_E4,E4_REUSED,0,18495,3918950,15170460,,,9072,2,6a8280091be45491c45098ca2f9a7df353c98bea775daf9bb15a9e76f9f2a008;86bd8c730fe17e61324d73329dac0e469a311803e510d734141ec5d7dd04a8cb,,,,,16,,,,,,,0
b2,robot/RRtrace/order2.trace,robot,macro,e15fb553ba3dbcd97ba8b963a288ed089576ea6dbe9e43da2e5211fbbdc3cb7b,0ef52dddff9ea1c4f1d65b34f23e7b528a2f8e9e,2050,2,5,13,3,3,3,12,44,31.166666666666668,OfficialRobotRR;Repair;NoDAGReuse;LeftNotEqualRight,REPAIR,SAT,6.293498623999994,PASSED,REUSED_E4,E4_REUSED,0,13718,343472,937671,,,26358,2,7250f15dd37ad88da14d11eacc2a51abfe02cb0db73954b90b435fcef6e65dd2;a6ef3d7221176fbe7379c605d9bf9b95aa8b66e54b3c15c19475083cfa010c81,4,37,61,37,16,4,0.2857142857142857,2,7,7,,0
b2,robot/RRtrace/order4.trace,robot,atlas-b,ecdb87e848eb2d2b28ac368ff2d59d2674f234bc6bac47938879c4083870627c,0ef52dddff9ea1c4f1d65b34f23e7b528a2f8e9e,2050,2,5,13,3,4,3,12,33,20.428571428571427,OfficialRobotRR;Repair;NoDAGReuse;LeftNotEqualRight,REPAIR,SAT,37.477542833999905,PASSED,REUSED_E4,E4_REUSED,0,13776,2154243,8230712,,,7642,2,ef33132601ab6493156dbfba1798df2993b4f05c6bb9afc5750dc98956441ff0;7a44f192926271618a77c78d525bf5df187259ced603eee13c75fcb16f8cafab,,,,,16,,,,,,,0
b2,robot/RRtrace/order4.trace,robot,macro,ecdb87e848eb2d2b28ac368ff2d59d2674f234bc6bac47938879c4083870627c,0ef52dddff9ea1c4f1d65b34f23e7b528a2f8e9e,2050,2,5,13,3,4,3,12,33,20.428571428571427,OfficialRobotRR;Repair;NoDAGReuse;LeftNotEqualRight,REPAIR,SAT,5.366064696999956,PASSED,REUSED_E4,E4_REUSED,0,11386,289731,778511,,,22378,2,0c46e8cae84e4f9ac41c9b4207b2e8e3c6d13dd0dece98dd2e0e8764a462bf06;c84caf1799f16e51df3f1bdf6fcd28afa0df8227ec6e52229099060dbfffbc83,4,37,61,37,16,4,0.2857142857142857,2,7,7,,0
b2,robot/RRtrace/order5.trace,robot,atlas-b,6910c58345fa6ec2a989eacc9a6333c5f4ec9b1198d2398d9d4550b1196f6534,0ef52dddff9ea1c4f1d65b34f23e7b528a2f8e9e,2050,2,5,13,3,4,6,8,33,16.9,OfficialRobotRR;Repair;NoDAGReuse;LeftNotEqualRight,REPAIR,SAT,65.21437024100032,PASSED,REUSED_E4,E4_REUSED,0,19221,3049008,11660411,,,8629,2,61fda81b514dba4bcec41947e0b6bff9857dd836250653abeb120b83209acfb2;f0a7d9a3abddf9d4c1fe38fc34806c45d606ff27e031acd1ebddb8b070a13d30,,,,,16,,,,,,,0
b2,robot/RRtrace/order5.trace,robot,macro,6910c58345fa6ec2a989eacc9a6333c5f4ec9b1198d2398d9d4550b1196f6534,0ef52dddff9ea1c4f1d65b34f23e7b528a2f8e9e,2050,2,5,13,3,4,6,8,33,16.9,OfficialRobotRR;Repair;NoDAGReuse;LeftNotEqualRight,REPAIR,SAT,6.1977139979999265,PASSED,REUSED_E4,E4_REUSED,0,12764,327932,878566,,,26373,2,7896f415bba09006f86de4e6bbbc57a4329d5af09b03f0df62f4de084dffc0d3;3f0704383d673e09b56b79b710e53f1b80f8bfca6aa3e8db0c556518f8a4abfd,4,37,61,37,16,4,0.2857142857142857,2,7,7,,0
b2,robot/RRtrace/order6.trace,robot,atlas-b,6fa60cb707ea5016a8f17a93532f56a28194e5957c1b9ac3d6518ad16aea2bb5,0ef52dddff9ea1c4f1d65b34f23e7b528a2f8e9e,2050,2,5,13,3,4,3,12,40,31.857142857142858,OfficialRobotRR;Repair;NoDAGReuse;LeftNotEqualRight,REPAIR,SAT,146.02459813099995,PASSED,REUSED_E4,E4_REUSED,0,18431,3539816,13652459,,,10154,2,82543d8bd49eb5243fd42f90cb8d3c57c67161ebd6720417553849339a976ccf;2ab6905933c62c12f9c39711533eaade77498eb4377a44399d4c17ff04884328,,,,,16,,,,,,,0
b2,robot/RRtrace/order6.trace,robot,macro,6fa60cb707ea5016a8f17a93532f56a28194e5957c1b9ac3d6518ad16aea2bb5,0ef52dddff9ea1c4f1d65b34f23e7b528a2f8e9e,2050,2,5,13,3,4,3,12,40,31.857142857142858,OfficialRobotRR;Repair;NoDAGReuse;LeftNotEqualRight,REPAIR,SAT,6.9141399390000515,PASSED,REUSED_E4,E4_REUSED,0,15626,390771,1071151,,,23416,2,d9341f47f8d469ad3426c35e9c48cbf5c7833c594366b28d13e999069032a5c3;57a864a9a734454023284368a10422546008679bac967c046657da823b9af8f2,4,37,61,37,16,4,0.2857142857142857,2,7,7,,0
b2,robot/RRtrace/order7.trace,robot,atlas-b,302c3bc981a3d214adaaa21af2874eea620879b1c4318b2fd230347c8f2c02bf,0ef52dddff9ea1c4f1d65b34f23e7b528a2f8e9e,2050,2,5,13,3,4,4,12,40,29.75,OfficialRobotRR;Repair;NoDAGReuse;LeftNotEqualRight,REPAIR,SAT,71.53566681700022,PASSED,REUSED_E4,E4_REUSED,0,20911,4036010,15570212,,,10670,2,12c195f7c7f0a7ff652a02cd3396631a8a5645d2d23010c859c3b55dce9cec0b;1a0f23db124d8e43b59068be359fd944e749add86955032932ac853e32761729,,,,,16,,,,,,,0
b2,robot/RRtrace/order7.trace,robot,macro,302c3bc981a3d214adaaa21af2874eea620879b1c4318b2fd230347c8f2c02bf,0ef52dddff9ea1c4f1d65b34f23e7b528a2f8e9e,2050,2,5,13,3,4,4,12,40,29.75,OfficialRobotRR;Repair;NoDAGReuse;LeftNotEqualRight,REPAIR,SAT,7.20562554900016,PASSED,REUSED_E4,E4_REUSED,0,16421,411508,1127592,,,25569,2,b56a9cee1f111696b56909aabcb22a3ffffb3ce7d91c4bd9bf94cc051a853ccc;d8c8f33b508742cf0f4b9c2b3f1200319848653496788497771c1f5aad97b8e5,4,37,61,37,16,4,0.2857142857142857,2,7,7,,0
b2,robot/RRtrace/order8.trace,robot,atlas-b,f6af61f7ecc7792d6b397b019339d1e1ae21db5834d7641fbdfa69f2553aee1e,0ef52dddff9ea1c4f1d65b34f23e7b528a2f8e9e,2050,2,5,13,3,4,6,12,40,26.2,OfficialRobotRR;Repair;NoDAGReuse;LeftNotEqualRight,REPAIR,SAT,130.61425721399974,PASSED,REUSED_E4,E4_REUSED,0,25871,5028398,19405700,,,11522,2,0c7aac538cb40b59e55740ace51c5b9c34346b31a013668264fbabc2d877d0ae;9aec04ca3d4250503e0b52b06ea75d6f10b171078eb7d03bc83868e159d26379,,,,,16,,,,,,,0
b2,robot/RRtrace/order8.trace,robot,macro,f6af61f7ecc7792d6b397b019339d1e1ae21db5834d7641fbdfa69f2553aee1e,0ef52dddff9ea1c4f1d65b34f23e7b528a2f8e9e,2050,2,5,13,3,4,6,12,40,26.2,OfficialRobotRR;Repair;NoDAGReuse;LeftNotEqualRight,REPAIR,SAT,7.308927749999839,PASSED,REUSED_E4,E4_REUSED,0,17057,428456,1173098,,,25784,2,3a6d5d4afc865322f3d73583a2c8f1645f9822cd7f839c0d73d04ca155f80306;e67b863fadbeaa6f79eaf3fdb75395841273ab937f0d3c2474f57b0254a801e7,4,37,61,37,16,4,0.2857142857142857,2,7,7,,0
b2,robot/RRtrace/order9.trace,robot,atlas-b,16897599aa8b78ff3b95727250a7e104d28173d2048cb2096a96454eb1994c31,0ef52dddff9ea1c4f1d65b34f23e7b528a2f8e9e,2050,2,5,13,3,5,6,12,40,26.818181818181817,OfficialRobotRR;Repair;NoDAGReuse;LeftNotEqualRight,REPAIR,SAT,96.42840939400003,PASSED,REUSED_E4,E4_REUSED,0,28351,5524592,21323506,,,12578,2,c56eb88c5c2854d9e8bdb1a092c4f06140bad8314c30eb197dce135990e0fcff;4f288638101ebadf9e186f39bac3961985e42dbd49e949d15dcceef2f0a36909,,,,,16,,,,,,,0
b2,robot/RRtrace/order9.trace,robot,macro,16897599aa8b78ff3b95727250a7e104d28173d2048cb2096a96454eb1994c31,0ef52dddff9ea1c4f1d65b34f23e7b528a2f8e9e,2050,2,5,13,3,5,6,12,40,26.818181818181817,OfficialRobotRR;Repair;NoDAGReuse;LeftNotEqualRight,REPAIR,SAT,8.28927133499974,PASSED,REUSED_E4,E4_REUSED,0,18806,471966,1295604,,,26001,2,9fef79006748b78a04bc6d164c74f7f91fc4633674f73c78284bef0571e217e3;a6864ab3538bfd4dc8be22b0a413617d6e5f6a9eb3ad39e3d378307ca365305d,4,37,61,37,16,4,0.2857142857142857,2,7,7,,0
b2,voting_machine/voting10.trace,voting_machine,atlas-b,079adb71eea70013881ed60e6b31f588513a832d18cf5e8e758c3eaef1d1e6b2,0ef52dddff9ea1c4f1d65b34f23e7b528a2f8e9e,13,2,0,8,10,3,7,5,16,9.4,OfficialVoting;NNF,MIN_EXPANDED_SIZE,SAT,7.392080935000195,PASSED,REUSED_E4,E4_REUSED,0,6162,336309,1196825,,,12190,1,0a2fae06ca12d7aadf1993e29939d8454feeb02443da29c7e53327e20eb8aab8,,,,,8,,,,,,,0
b2,voting_machine/voting10.trace,voting_machine,macro,079adb71eea70013881ed60e6b31f588513a832d18cf5e8e758c3eaef1d1e6b2,0ef52dddff9ea1c4f1d65b34f23e7b528a2f8e9e,13,2,0,8,10,3,7,5,16,9.4,OfficialVoting;NNF,MIN_EXPANDED_SIZE,SAT,3.7085499009999694,PASSED,REUSED_E4,E4_REUSED,0,6203,128448,345520,,,44579,1,07a772b8b10b815f52aac18972d5ea899c4501fdc12b08489cb684ada9f6053b,4,69,69,69,8,3,0.0,0,4,4,,0
b2,voting_machine/voting13.trace,voting_machine,atlas-b,8d375b1aaaf8aad8347aa3febb6c753115efed45cd7b48c1d223ee2baf1d6e68,0ef52dddff9ea1c4f1d65b34f23e7b528a2f8e9e,13,2,0,8,10,11,8,5,16,8.789473684210526,OfficialVoting;NNF,MIN_EXPANDED_SIZE,SAT,6.852224071000819,PASSED,REUSED_E4,E4_REUSED,0,11058,607254,2170465,,,19638,1,fb6fd8e1ff39bc0d35145f1e3f8cebc16c1f48ad423d7bf3e15db7b3f7084539,,,,,8,,,,,,,0
b2,voting_machine/voting13.trace,voting_machine,macro,8d375b1aaaf8aad8347aa3febb6c753115efed45cd7b48c1d223ee2baf1d6e68,0ef52dddff9ea1c4f1d65b34f23e7b528a2f8e9e,13,2,0,8,10,11,8,5,16,8.789473684210526,OfficialVoting;NNF,MIN_EXPANDED_SIZE,SAT,4.894352988000037,PASSED,REUSED_E4,E4_REUSED,0,8579,201519,529111,,,61000,1,71f48c75f2fb3ef18171d6092ec8ad3cb615d0a5eb0922cb9fcbfb84a312ab05,4,69,69,69,8,3,0.0,0,4,4,,0
b2,voting_machine/voting14.trace,voting_machine,atlas-b,e75441430d5355f3357451f1532cd997d897a3e1ca480ce1eff14da891d99d35,0ef52dddff9ea1c4f1d65b34f23e7b528a2f8e9e,13,2,0,8,10,6,2,5,11,7.75,OfficialVoting;NNF,MIN_EXPANDED_SIZE,SAT,3.2004176059999736,PASSED,REUSED_E4,E4_REUSED,0,3274,143699,488658,,,8938,1,cf1957abf399fc133279d35e3fbfa826b487834b7520a786feee35fcb63c9e4a,,,,,8,,,,,,,0
b2,voting_machine/voting14.trace,voting_machine,macro,e75441430d5355f3357451f1532cd997d897a3e1ca480ce1eff14da891d99d35,0ef52dddff9ea1c4f1d65b34f23e7b528a2f8e9e,13,2,0,8,10,6,2,5,11,7.75,OfficialVoting;NNF,MIN_EXPANDED_SIZE,SAT,3.121300023999993,PASSED,REUSED_E4,E4_REUSED,0,5147,102962,276302,,,37777,1,728b79eea5223194b0da1abbf69e6d99aedfd1b8d443f120b141a41e965ccbe0,4,69,69,69,8,3,0.0,0,4,4,,0
b2,voting_machine/voting2.trace,voting_machine,atlas-b,9c56c57ce88a43702403585d2561076b6ec82d857cb441112ff537fd2a49149c,0ef52dddff9ea1c4f1d65b34f23e7b528a2f8e9e,13,2,0,8,10,8,2,5,11,7.6,OfficialVoting,MIN_EXPANDED_SIZE,SAT,3.315652612998747,PASSED,REUSED_E4,E4_REUSED,0,3912,170792,582009,,,10355,1,9462209ec36629df82c5827d2bc9f4f93ee191a431871921364249aa7ce00131,,,,,8,,,,,,,0
b2,voting_machine/voting2.trace,voting_machine,macro,9c56c57ce88a43702403585d2561076b6ec82d857cb441112ff537fd2a49149c,0ef52dddff9ea1c4f1d65b34f23e7b528a2f8e9e,13,2,0,8,10,8,2,5,11,7.6,OfficialVoting,MIN_EXPANDED_SIZE,SAT,2.6597095990000525,PASSED,REUSED_E4,E4_REUSED,0,4302,99682,252473,,,34916,1,e1db490789fb75674523ecd150514042b625ef2a8e9f430ec31c6487e83ec2ae,2,34,34,34,8,2,0.0,0,4,4,,0
b2,voting_machine/voting3.trace,voting_machine,atlas-b,f2fc24d8ecd656cd2276a9409f2feb061f97049411552f1e9f4e73e455ef246b,0ef52dddff9ea1c4f1d65b34f23e7b528a2f8e9e,13,2,0,8,10,10,2,5,11,8.166666666666666,OfficialVoting;NNF,MIN_EXPANDED_SIZE,SAT,14.770442516999537,PASSED,REUSED_E4,E4_REUSED,0,4550,197919,675602,,,12580,1,74dfa9d9e80c90e8322b2141b26865b98ecd16796738a29ff30c15ca42363f6b,,,,,8,,,,,,,0
b2,voting_machine/voting3.trace,voting_machine,macro,f2fc24d8ecd656cd2276a9409f2feb061f97049411552f1e9f4e73e455ef246b,0ef52dddff9ea1c4f1d65b34f23e7b528a2f8e9e,13,2,0,8,10,10,2,5,11,8.166666666666666,OfficialVoting;NNF,MIN_EXPANDED_SIZE,SAT,4.550019324000004,PASSED,REUSED_E4,E4_REUSED,0,6335,136858,361530,,,46991,1,c9066a9b77bcb826ff76515078efb0aa8ba31efe7ceed87940afb7581708d088,4,69,69,69,8,3,0.0,0,4,4,,0
b2,voting_machine/voting4.trace,voting_machine,atlas-b,556d787d7e05cb7675b4926bc6b9b5f6a3ac18cc80154776e3a9763a0044ab1b,0ef52dddff9ea1c4f1d65b34f23e7b528a2f8e9e,13,2,0,8,10,10,3,5,16,8.76923076923077,OfficialVoting;NNF,MIN_EXPANDED_SIZE,SAT,4.737305988001026,PASSED,REUSED_E4,E4_REUSED,0,7794,426624,1521324,,,14256,1,4ebadb964a16c30cd2770c270b1178a8219f17c15ad7909d4dbca9e118c5f5d6,,,,,8,,,,,,,0
b2,voting_machine/voting4.trace,voting_machine,macro,556d787d7e05cb7675b4926bc6b9b5f6a3ac18cc80154776e3a9763a0044ab1b,0ef52dddff9ea1c4f1d65b34f23e7b528a2f8e9e,13,2,0,8,10,10,3,5,16,8.76923076923077,OfficialVoting;NNF,MIN_EXPANDED_SIZE,SAT,4.337683045999256,PASSED,REUSED_E4,E4_REUSED,0,6863,152409,409841,,,50370,1,5b34662df5c80fa9c45c3b5d3a8ab03d7805656bd5046d6e54ad32bf7d0423a9,4,69,69,69,8,3,0.0,0,4,4,,0
b2,voting_machine/voting5.trace,voting_machine,atlas-b,aaa7c5f9eb05af40920404aac394187c62a6c0f9a833f1d632b7161d62146a5a,0ef52dddff9ea1c4f1d65b34f23e7b528a2f8e9e,13,2,0,8,10,11,2,5,11,8.307692307692308,OfficialVoting;NNF,MIN_EXPANDED_SIZE,SAT,3.719966689001012,PASSED,REUSED_E4,E4_REUSED,0,4869,211474,722348,,,13576,1,671d128e32eaad5fc13fbd33296e0cb24e3a7b0322c93f952a6b83f25af518ae,,,,,8,,,,,,,0
b2,voting_machine/voting5.trace,voting_machine,macro,aaa7c5f9eb05af40920404aac394187c62a6c0f9a833f1d632b7161d62146a5a,0ef52dddff9ea1c4f1d65b34f23e7b528a2f8e9e,13,2,0,8,10,11,2,5,11,8.307692307692308,OfficialVoting;NNF,MIN_EXPANDED_SIZE,SAT,3.5335910140001943,PASSED,REUSED_E4,E4_REUSED,0,6632,147368,388908,,,49913,1,9b633f0936e6a46eba90adc8ac58132ec0a6740b0031cf0e27bd47184d249921,4,69,69,69,8,3,0.0,0,4,4,,0
b2,voting_machine/voting7.trace,voting_machine,atlas-b,7888b9164013ee9e3bda61ed3f68d1215476addfb60c72275f26f45b5a9fd9de,0ef52dddff9ea1c4f1d65b34f23e7b528a2f8e9e,13,2,0,8,10,11,3,5,16,8.857142857142858,OfficialVoting;NNF,MIN_EXPANDED_SIZE,SAT,7.174812068999927,PASSED,REUSED_E4,E4_REUSED,0,8338,456729,1629525,,,15252,1,99f6d1cb2ba7505b194abd1b624e79e036de6e629593e57f7da0cc8f9ceb2b9b,,,,,8,,,,,,,0
b2,voting_machine/voting7.trace,voting_machine,macro,7888b9164013ee9e3bda61ed3f68d1215476addfb60c72275f26f45b5a9fd9de,0ef52dddff9ea1c4f1d65b34f23e7b528a2f8e9e,13,2,0,8,10,11,3,5,16,8.857142857142858,OfficialVoting;NNF,MIN_EXPANDED_SIZE,SAT,4.267874292999977,PASSED,REUSED_E4,E4_REUSED,0,7160,162919,437219,,,53292,1,e32b22a5e86e6ed11694351e4d8788c0d13123861b300612b197c3325dccb453,4,69,69,69,8,3,0.0,0,4,4,,0
b2,voting_machine/voting8.trace,voting_machine,atlas-b,0f40eb0be74a98d28e428327dd6a20b96b94e0173b39f5bd4707dcc871294515,0ef52dddff9ea1c4f1d65b34f23e7b528a2f8e9e,13,2,0,8,10,11,5,5,16,9.25,OfficialVoting;NNF,MIN_EXPANDED_SIZE,SAT,11.363450763999936,PASSED,REUSED_E4,E4_REUSED,0,9426,516939,1845969,,,17643,1,eabfa16522142ab2be7a257bfecc2ac4486dca40b3983da7e9fcb5a0c1c5bb39,,,,,8,,,,,,,0
b2,voting_machine/voting8.trace,voting_machine,macro,0f40eb0be74a98d28e428327dd6a20b96b94e0173b39f5bd4707dcc871294515,0ef52dddff9ea1c4f1d65b34f23e7b528a2f8e9e,13,2,0,8,10,11,5,5,16,9.25,OfficialVoting;NNF,MIN_EXPANDED_SIZE,SAT,5.092135138999993,PASSED,REUSED_E4,E4_REUSED,0,7952,183269,487409,,,59600,1,3d5a710456e22578fc538379ae368ceb0de7161e28a16ff926feaaec7dc8f18c,4,69,69,69,8,3,0.0,0,4,4,,0
b2,voting_machine/voting9.trace,voting_machine,atlas-b,761eea46d30389b096d8a253e3b8e75dc91b12368c64d27bf30bcba8785f4f11,0ef52dddff9ea1c4f1d65b34f23e7b528a2f8e9e,13,2,0,8,10,8,5,5,16,9.923076923076923,OfficialVoting;NNF,MIN_EXPANDED_SIZE,SAT,5.561248562999026,PASSED,REUSED_E4,E4_REUSED,0,7794,426624,1521476,,,15647,1,ebfaa4f9fda928490737cfd90f007ec24cc91f227372394d68d95b31c2b0c598,,,,,8,,,,,,,0
b2,voting_machine/voting9.trace,voting_machine,macro,761eea46d30389b096d8a253e3b8e75dc91b12368c64d27bf30bcba8785f4f11,0ef52dddff9ea1c4f1d65b34f23e7b528a2f8e9e,13,2,0,8,10,8,5,5,16,9.923076923076923,OfficialVoting;NNF,MIN_EXPANDED_SIZE,SAT,4.245404414999939,PASSED,REUSED_E4,E4_REUSED,0,7325,164129,442683,,,51081,1,85625dc473193301709cd3f40ec840c212112d3dfbcf3ea35774318646c36c42,4,69,69,69,8,3,0.0,0,4,4,,0
b2,weakening/weaken_antecedent/weaken_antecedent_100_10_10.trace,weakening,atlas-b,1f56e77af956ff172ba6e53ae010447277162d55ae172957c38fbe0cd21b921e,0ef52dddff9ea1c4f1d65b34f23e7b528a2f8e9e,10,2,0,8,3,10,10,100,100,100.0,OfficialWeakeningAntecedent,MIN_EXPANDED_SIZE,TIMEOUT,180.301469386,IN_PROGRESS,TIMEOUT,TRANSLATE_ONLY,1,,,,,,65663,1,6e8fdb0826e0eaf090faf32d3f9831d8c1e45e5a13675fcb135026e1317e2f7b,,,,,,,,,,,CNF translation timed out: baseline_scope_8_bound_0.als,180.28846352999972
b2,weakening/weaken_antecedent/weaken_antecedent_100_10_10.trace,weakening,macro,1f56e77af956ff172ba6e53ae010447277162d55ae172957c38fbe0cd21b921e,0ef52dddff9ea1c4f1d65b34f23e7b528a2f8e9e,10,2,0,8,3,10,10,100,100,100.0,OfficialWeakeningAntecedent,MIN_EXPANDED_SIZE,SAT,34.23740306699983,PASSED,REUSED_E4,E4_REUSED,0,72843,1552671,4177152,,,116390,1,f962c35d6d82fb0f65e7e3358049ba49fad08531f34573b12f327d65c38da46e,15,109,169,109,8,6,0.0,0,6,6,,0
b2,weakening/weaken_antecedent/weaken_antecedent_10_100_100.trace,weakening,atlas-b,47f99673f32c3451ee99bf19eff34e1a11996ede4e1a21dcae7155dbfd322499,0ef52dddff9ea1c4f1d65b34f23e7b528a2f8e9e,10,2,0,8,3,100,100,10,10,10.0,OfficialWeakeningAntecedent,MIN_EXPANDED_SIZE,SAT,16.371427246000167,PASSED,REUSED_E4,E4_REUSED,0,42283,1703600,5790175,,,76084,1,d0e9d79e90285ea5998f7b35b83d19ab0144cc50da79a2a43ea164b08e63960b,,,,,8,,,,,,,0
b2,weakening/weaken_antecedent/weaken_antecedent_10_100_100.trace,weakening,macro,47f99673f32c3451ee99bf19eff34e1a11996ede4e1a21dcae7155dbfd322499,0ef52dddff9ea1c4f1d65b34f23e7b528a2f8e9e,10,2,0,8,3,100,100,10,10,10.0,OfficialWeakeningAntecedent,MIN_EXPANDED_SIZE,SAT,32.556814698999915,PASSED,REUSED_E4,E4_REUSED,0,70236,1704088,4230786,,,135091,1,8c54e2c51dbc3900d53317075d865a9f838d81fbc23767002ea691b6314a1c31,15,109,169,109,8,6,0.0,0,6,6,,0
b2,weakening/weaken_antecedent/weaken_antecedent_10_10_10.trace,weakening,atlas-b,1d16ac8a55469f2c1f084b1a4f1f6ede012b08c6e25b9c2d5bcbc4b81e4301e2,0ef52dddff9ea1c4f1d65b34f23e7b528a2f8e9e,10,2,0,8,3,10,10,10,10,10.0,OfficialWeakeningAntecedent,MIN_EXPANDED_SIZE,SAT,2.719644610999694,PASSED,REUSED_E4,E4_REUSED,0,4483,179547,601675,,,10204,1,cfc7ea9448601a4ba55161961d6e8edde7a503bc719817a6dcda50504719e17d,,,,,8,,,,,,,0
b2,weakening/weaken_antecedent/weaken_antecedent_10_10_10.trace,weakening,macro,1d16ac8a55469f2c1f084b1a4f1f6ede012b08c6e25b9c2d5bcbc4b81e4301e2,0ef52dddff9ea1c4f1d65b34f23e7b528a2f8e9e,10,2,0,8,3,10,10,10,10,10.0,OfficialWeakeningAntecedent,MIN_EXPANDED_SIZE,SAT,15.879271882000467,PASSED,REUSED_E4,E4_REUSED,0,13146,294467,820261,,,90777,1,cdf3bad80d6cfd8b5c43c91fc4a77f9fe04f33373b5c8da4579ce3084e4f4df7,15,109,169,109,8,6,0.0,0,6,6,,0
b2,weakening/weaken_antecedent/weaken_antecedent_10_15_15.trace,weakening,atlas-b,ee3baf4b8a51686c03e077f3ab3e7a26cef02c3661579201bb0f6e1ba615e40d,0ef52dddff9ea1c4f1d65b34f23e7b528a2f8e9e,10,2,0,8,3,15,15,10,10,10.0,OfficialWeakeningAntecedent,MIN_EXPANDED_SIZE,SAT,3.3550831560005463,PASSED,REUSED_E4,E4_REUSED,0,6583,264216,889925,,,13864,1,bfe8515cf59faff304a25ea7fb1727c864ac9d518f6034797372eb702677122b,,,,,8,,,,,,,0
b2,weakening/weaken_antecedent/weaken_antecedent_10_15_15.trace,weakening,macro,ee3baf4b8a51686c03e077f3ab3e7a26cef02c3661579201bb0f6e1ba615e40d,0ef52dddff9ea1c4f1d65b34f23e7b528a2f8e9e,10,2,0,8,3,15,15,10,10,10.0,OfficialWeakeningAntecedent,MIN_EXPANDED_SIZE,SAT,15.989703569000994,PASSED,REUSED_E4,E4_REUSED,0,16116,367788,997694,,,92931,1,93a20f0f2a1a0f0685682f850da18b8f8009db79c6fe6352eebe3208da781484,15,109,169,109,8,6,0.0,0,6,6,,0
b2,weakening/weaken_antecedent/weaken_antecedent_10_20_20.trace,weakening,atlas-b,c0c3779981abb70483cb3427fd703a2fdabd36ef9955a8fc1bc68dcfbf6d71b7,0ef52dddff9ea1c4f1d65b34f23e7b528a2f8e9e,10,2,0,8,3,20,20,10,10,10.0,OfficialWeakeningAntecedent,MIN_EXPANDED_SIZE,SAT,3.9807487960006256,PASSED,REUSED_E4,E4_REUSED,0,8683,348886,1178175,,,17524,1,a1408c6c4b7509beb669bdaebc6092fc48f45545257d14e9e128dbc64bbe1ee9,,,,,8,,,,,,,0
b2,weakening/weaken_antecedent/weaken_antecedent_10_20_20.trace,weakening,macro,c0c3779981abb70483cb3427fd703a2fdabd36ef9955a8fc1bc68dcfbf6d71b7,0ef52dddff9ea1c4f1d65b34f23e7b528a2f8e9e,10,2,0,8,3,20,20,10,10,10.0,OfficialWeakeningAntecedent,MIN_EXPANDED_SIZE,SAT,16.50944164500106,PASSED,REUSED_E4,E4_REUSED,0,19416,449254,1194768,,,95661,1,4f507d62b4797d4504c4c07de255a8e17a4921b0fcf3d9c0c3d294da1a5aab2a,15,109,169,109,8,6,0.0,0,6,6,,0
b2,weakening/weaken_antecedent/weaken_antecedent_10_25_25.trace,weakening,atlas-b,ee34379ba72ceb1e1371b30d42f4abfc6d8ad7d350bdba4591240b363a3c9e41,0ef52dddff9ea1c4f1d65b34f23e7b528a2f8e9e,10,2,0,8,3,25,25,10,10,10.0,OfficialWeakeningAntecedent,MIN_EXPANDED_SIZE,SAT,4.720871747998899,PASSED,REUSED_E4,E4_REUSED,0,10783,433558,1466425,,,21184,1,b2b8d4c2de3bb0f7f2d9ad606a53a6f94bb9eb41381ef1188d839f975672d490,,,,,8,,,,,,,0
b2,weakening/weaken_antecedent/weaken_antecedent_10_25_25.trace,weakening,macro,ee34379ba72ceb1e1371b30d42f4abfc6d8ad7d350bdba4591240b363a3c9e41,0ef52dddff9ea1c4f1d65b34f23e7b528a2f8e9e,10,2,0,8,3,25,25,10,10,10.0,OfficialWeakeningAntecedent,MIN_EXPANDED_SIZE,SAT,17.385813893999966,PASSED,REUSED_E4,E4_REUSED,0,23343,545941,1429246,,,96358,1,9a3d3857233841dc5b0414f7d0811b1fdad48e131010b63ee5b19642eda8afb4,15,109,169,109,8,6,0.0,0,6,6,,0
b2,weakening/weaken_antecedent/weaken_antecedent_10_30_30.trace,weakening,atlas-b,3c8e932449f3e88f2a128f240b31e04b69aeea0335eb4da21b18fd713280a1eb,0ef52dddff9ea1c4f1d65b34f23e7b528a2f8e9e,10,2,0,8,3,30,30,10,10,10.0,OfficialWeakeningAntecedent,MIN_EXPANDED_SIZE,SAT,5.076371404000383,PASSED,REUSED_E4,E4_REUSED,0,12883,518223,1754675,,,24844,1,933f6a0cea6326e381bf360a2284b8e55b8efe8507ba1d2867e855e9e1b9db0d,,,,,8,,,,,,,0
b2,weakening/weaken_antecedent/weaken_antecedent_10_30_30.trace,weakening,macro,3c8e932449f3e88f2a128f240b31e04b69aeea0335eb4da21b18fd713280a1eb,0ef52dddff9ea1c4f1d65b34f23e7b528a2f8e9e,10,2,0,8,3,30,30,10,10,10.0,OfficialWeakeningAntecedent,MIN_EXPANDED_SIZE,SAT,18.051074465000056,PASSED,REUSED_E4,E4_REUSED,0,24696,579630,1510304,,,99439,1,7ab18d76d52bac0d2c32eee4c55d87042fe008ae4cfae87329dc1c91415819f6,15,109,169,109,8,6,0.0,0,6,6,,0
b2,weakening/weaken_antecedent/weaken_antecedent_10_35_35.trace,weakening,atlas-b,2fbb8c1ea23703d603ed84d6596880d307bc51683c556fd3a8ba35699dddeb63,0ef52dddff9ea1c4f1d65b34f23e7b528a2f8e9e,10,2,0,8,3,35,35,10,10,10.0,OfficialWeakeningAntecedent,MIN_EXPANDED_SIZE,SAT,5.7350830220002535,PASSED,REUSED_E4,E4_REUSED,0,14983,602896,2042925,,,28504,1,329ebc3eff079898382ba1a7d9a65c3737d972ac1219a2f20b9dd241b80130e5,,,,,8,,,,,,,0
b2,weakening/weaken_antecedent/weaken_antecedent_10_35_35.trace,weakening,macro,2fbb8c1ea23703d603ed84d6596880d307bc51683c556fd3a8ba35699dddeb63,0ef52dddff9ea1c4f1d65b34f23e7b528a2f8e9e,10,2,0,8,3,35,35,10,10,10.0,OfficialWeakeningAntecedent,MIN_EXPANDED_SIZE,SAT,18.094830247000118,PASSED,REUSED_E4,E4_REUSED,0,29316,693628,1786038,,,103199,1,f3d99411d9edf36c4b8db657983e34c1522d719f6b4179b7ff3faf871e690037,15,109,169,109,8,6,0.0,0,6,6,,0
b2,weakening/weaken_antecedent/weaken_antecedent_10_40_40.trace,weakening,atlas-b,da7403f27aa1f158185699577aa2ae3c4d8afc04a47d8b75c6cb34f76848b83a,0ef52dddff9ea1c4f1d65b34f23e7b528a2f8e9e,10,2,0,8,3,40,40,10,10,10.0,OfficialWeakeningAntecedent,MIN_EXPANDED_SIZE,SAT,8.12109303699981,PASSED,REUSED_E4,E4_REUSED,0,17083,687564,2331175,,,32164,1,4c1c6bd19c2fcb41895ef8b05cec796c0b26d1731ff02f6c4e59e1007e61e4b0,,,,,8,,,,,,,0
b2,weakening/weaken_antecedent/weaken_antecedent_10_40_40.trace,weakening,macro,da7403f27aa1f158185699577aa2ae3c4d8afc04a47d8b75c6cb34f76848b83a,0ef52dddff9ea1c4f1d65b34f23e7b528a2f8e9e,10,2,0,8,3,40,40,10,10,10.0,OfficialWeakeningAntecedent,MIN_EXPANDED_SIZE,SAT,19.459928906000187,PASSED,REUSED_E4,E4_REUSED,0,31956,758932,1944102,,,105078,1,c311c87170f7cf99a47ce3693a31667a6d8c4989322d990bc56c23cee1ee7e58,15,109,169,109,8,6,0.0,0,6,6,,0
b2,weakening/weaken_antecedent/weaken_antecedent_10_45_45.trace,weakening,atlas-b,c17f263404864717851c58796941e27a9ef40f021b727a7d93ff3dcff8e90773,0ef52dddff9ea1c4f1d65b34f23e7b528a2f8e9e,10,2,0,8,3,45,45,10,10,10.0,OfficialWeakeningAntecedent,MIN_EXPANDED_SIZE,SAT,8.253483679000055,PASSED,REUSED_E4,E4_REUSED,0,19183,772233,2619425,,,35824,1,4e4ee4a66ace714ec97b34687f1744089fc80587eb28cd40e0aae1031ccd328f,,,,,8,,,,,,,0
b2,weakening/weaken_antecedent/weaken_antecedent_10_45_45.trace,weakening,macro,c17f263404864717851c58796941e27a9ef40f021b727a7d93ff3dcff8e90773,0ef52dddff9ea1c4f1d65b34f23e7b528a2f8e9e,10,2,0,8,3,45,45,10,10,10.0,OfficialWeakeningAntecedent,MIN_EXPANDED_SIZE,SAT,21.096158111000477,PASSED,REUSED_E4,E4_REUSED,0,34926,832205,2121343,,,107400,1,afec1366a9e170b57c332b54d12bf30fef55464b1328b8dfc4a05815cd563bfd,15,109,169,109,8,6,0.0,0,6,6,,0
b2,weakening/weaken_antecedent/weaken_antecedent_10_50_50.trace,weakening,atlas-b,c432653b44c0a92c7d83fab8c1cbd28b66f0755a7e0883a7572a2a88fed5b337,0ef52dddff9ea1c4f1d65b34f23e7b528a2f8e9e,10,2,0,8,3,50,50,10,10,10.0,OfficialWeakeningAntecedent,MIN_EXPANDED_SIZE,SAT,8.547644147000028,PASSED,REUSED_E4,E4_REUSED,0,21283,856900,2907675,,,39484,1,400fa374dddf2a4dbd8f7689dc88428e1b2791bffd59c442df7c6e0d3e84ce0c,,,,,8,,,,,,,0
b2,weakening/weaken_antecedent/weaken_antecedent_10_50_50.trace,weakening,macro,c432653b44c0a92c7d83fab8c1cbd28b66f0755a7e0883a7572a2a88fed5b337,0ef52dddff9ea1c4f1d65b34f23e7b528a2f8e9e,10,2,0,8,3,50,50,10,10,10.0,OfficialWeakeningAntecedent,MIN_EXPANDED_SIZE,SAT,21.32698926700141,PASSED,REUSED_E4,E4_REUSED,0,36906,880947,2239277,,,108642,1,9fd9dfc4eb9f10a8cec4cc18ad42c2d85c93df6ab9aaada2af7817b46ad9689b,15,109,169,109,8,6,0.0,0,6,6,,0
b2,weakening/weaken_antecedent/weaken_antecedent_10_55_55.trace,weakening,atlas-b,a2e61bb3c3c23c964aa5ad90640457a10f48e02bba0d14da706c9be6d3055589,0ef52dddff9ea1c4f1d65b34f23e7b528a2f8e9e,10,2,0,8,3,55,55,10,10,10.0,OfficialWeakeningAntecedent,MIN_EXPANDED_SIZE,SAT,10.571955748999244,PASSED,REUSED_E4,E4_REUSED,0,23383,941572,3195925,,,43144,1,bdb8251b38298a275397c2deeefbca4d3875b3232877e88d3b9aa9a7e3c580a7,,,,,8,,,,,,,0
b2,weakening/weaken_antecedent/weaken_antecedent_10_55_55.trace,weakening,macro,a2e61bb3c3c23c964aa5ad90640457a10f48e02bba0d14da706c9be6d3055589,0ef52dddff9ea1c4f1d65b34f23e7b528a2f8e9e,10,2,0,8,3,55,55,10,10,10.0,OfficialWeakeningAntecedent,MIN_EXPANDED_SIZE,SAT,25.12661499599926,PASSED,REUSED_E4,E4_REUSED,0,40866,978839,2476057,,,111863,1,4a38330fe8a13674c3f84006bb21b7d8d202badc3b85bc6ba5714641a7614eee,15,109,169,109,8,6,0.0,0,6,6,,0
b2,weakening/weaken_antecedent/weaken_antecedent_10_5_5.trace,weakening,atlas-b,ab9aab936ac54d3de4d2d844ae6e20105dfae44bc22f740105077681303e11a0,0ef52dddff9ea1c4f1d65b34f23e7b528a2f8e9e,10,2,0,8,3,5,5,10,10,10.0,OfficialWeakeningAntecedent,MIN_EXPANDED_SIZE,SAT,1.9489615920001597,PASSED,REUSED_E4,E4_REUSED,0,2383,94878,313425,,,6554,1,d96be2d6e18cdac30f4f3649e32c7fb785ac3e19fd322389c71fe7855cbac4f6,,,,,8,,,,,,,0
b2,weakening/weaken_antecedent/weaken_antecedent_10_5_5.trace,weakening,macro,ab9aab936ac54d3de4d2d844ae6e20105dfae44bc22f740105077681303e11a0,0ef52dddff9ea1c4f1d65b34f23e7b528a2f8e9e,10,2,0,8,3,5,5,10,10,10.0,OfficialWeakeningAntecedent,MIN_EXPANDED_SIZE,SAT,14.230242771000121,PASSED,REUSED_E4,E4_REUSED,0,10143,220085,640886,,,86342,1,d6adb269850ecb93918723066cacb30afd2bc02d5624f29edfc14188d9d37c9c,15,109,169,109,8,6,0.0,0,6,6,,0
b2,weakening/weaken_antecedent/weaken_antecedent_10_60_60.trace,weakening,atlas-b,d5a68f897fbabe48af83bd0d5d9238e3b40984e471b5de303dac8061f0ffca2b,0ef52dddff9ea1c4f1d65b34f23e7b528a2f8e9e,10,2,0,8,3,60,60,10,10,10.0,OfficialWeakeningAntecedent,MIN_EXPANDED_SIZE,SAT,11.263276117000714,PASSED,REUSED_E4,E4_REUSED,0,25483,1026244,3484175,,,46804,1,16a4e453f7d9bbfff8abaed2599504f02c054be4c5c132fc974d96d3fa2cf918,,,,,8,,,,,,,0
b2,weakening/weaken_antecedent/weaken_antecedent_10_60_60.trace,weakening,macro,d5a68f897fbabe48af83bd0d5d9238e3b40984e471b5de303dac8061f0ffca2b,0ef52dddff9ea1c4f1d65b34f23e7b528a2f8e9e,10,2,0,8,3,60,60,10,10,10.0,OfficialWeakeningAntecedent,MIN_EXPANDED_SIZE,SAT,26.429943718999766,PASSED,REUSED_E4,E4_REUSED,0,45156,1084612,2731926,,,115207,1,e47de061a48e8f19d1b3c15875ecedd1ab623e0dc8923498eaba16a1256d1997,15,109,169,109,8,6,0.0,0,6,6,,0
b2,weakening/weaken_antecedent/weaken_antecedent_10_65_65.trace,weakening,atlas-b,57e83124523f8160a59ba2b9ca02c40028dad10d6d99663276024ca58d4ef99b,0ef52dddff9ea1c4f1d65b34f23e7b528a2f8e9e,10,2,0,8,3,65,65,10,10,10.0,OfficialWeakeningAntecedent,MIN_EXPANDED_SIZE,SAT,10.548537343000135,PASSED,REUSED_E4,E4_REUSED,0,27583,1110912,3772425,,,50464,1,34d9d6429556200ac98b380542b70012db4bfcdba12d16ba6fa4eaccc9993b35,,,,,8,,,,,,,0
b2,weakening/weaken_antecedent/weaken_antecedent_10_65_65.trace,weakening,macro,57e83124523f8160a59ba2b9ca02c40028dad10d6d99663276024ca58d4ef99b,0ef52dddff9ea1c4f1d65b34f23e7b528a2f8e9e,10,2,0,8,3,65,65,10,10,10.0,OfficialWeakeningAntecedent,MIN_EXPANDED_SIZE,SAT,23.15615208099996,PASSED,REUSED_E4,E4_REUSED,0,47796,1149900,2890118,,,117332,1,230e2383cb497fb2c392e85ada3b64a741228e8b34261e6a35c3b9650c817366,15,109,169,109,8,6,0.0,0,6,6,,0
b2,weakening/weaken_antecedent/weaken_antecedent_10_70_70.trace,weakening,atlas-b,1cb611222a93edfea7ba8779c12bc0944cf9f903952ddcce5c8337a029260877,0ef52dddff9ea1c4f1d65b34f23e7b528a2f8e9e,10,2,0,8,3,70,70,10,10,10.0,OfficialWeakeningAntecedent,MIN_EXPANDED_SIZE,SAT,11.200667438999517,PASSED,REUSED_E4,E4_REUSED,0,29683,1195583,4060675,,,54124,1,a6b98ec40cb8c3d55f0f8d93a57679d79019178eda53c27db55cc2b44fccc9b8,,,,,8,,,,,,,0
b2,weakening/weaken_antecedent/weaken_antecedent_10_70_70.trace,weakening,macro,1cb611222a93edfea7ba8779c12bc0944cf9f903952ddcce5c8337a029260877,0ef52dddff9ea1c4f1d65b34f23e7b528a2f8e9e,10,2,0,8,3,70,70,10,10,10.0,OfficialWeakeningAntecedent,MIN_EXPANDED_SIZE,SAT,27.55960789799974,PASSED,REUSED_E4,E4_REUSED,0,50766,1223301,3067415,,,119665,1,fdecff82bbd49077c628f712ad9051b6a970f87a3e5578ce42c8e9df69a7ab94,15,109,169,109,8,6,0.0,0,6,6,,0
b2,weakening/weaken_antecedent/weaken_antecedent_10_75_75.trace,weakening,atlas-b,9c86899e809b70b786263b9d3b13475131052f5b1b03d28a1183d7ab10a8996a,0ef52dddff9ea1c4f1d65b34f23e7b528a2f8e9e,10,2,0,8,3,75,75,10,10,10.0,OfficialWeakeningAntecedent,MIN_EXPANDED_SIZE,SAT,13.260784353000417,PASSED,REUSED_E4,E4_REUSED,0,31783,1280248,4348925,,,57784,1,43714dc95c77ecc36dd9cd1f9a30e7c3d8639b7f9164df7da67f4642da939f29,,,,,8,,,,,,,0
b2,weakening/weaken_antecedent/weaken_antecedent_10_75_75.trace,weakening,macro,9c86899e809b70b786263b9d3b13475131052f5b1b03d28a1183d7ab10a8996a,0ef52dddff9ea1c4f1d65b34f23e7b528a2f8e9e,10,2,0,8,3,75,75,10,10,10.0,OfficialWeakeningAntecedent,MIN_EXPANDED_SIZE,SAT,28.60165939000035,PASSED,REUSED_E4,E4_REUSED,0,53076,1280172,3205334,,,121467,1,d851891ca8dd8919f507524a8a7e8606167fcb849d5e7efbc593094c9850f1cf,15,109,169,109,8,6,0.0,0,6,6,,0
b2,weakening/weaken_antecedent/weaken_antecedent_10_80_80.trace,weakening,atlas-b,d56277d5d9f58443700f575e34a405a2d742f8795534a5f02eca45b37e187ea5,0ef52dddff9ea1c4f1d65b34f23e7b528a2f8e9e,10,2,0,8,3,80,80,10,10,10.0,OfficialWeakeningAntecedent,MIN_EXPANDED_SIZE,SAT,14.699843241000053,PASSED,REUSED_E4,E4_REUSED,0,33883,1364921,4637175,,,61444,1,9a55cd0616e7d5fb80d33f70131d3fd816d1c2435aa82079d0bc3dc69ab7e3a1,,,,,8,,,,,,,0
b2,weakening/weaken_antecedent/weaken_antecedent_10_80_80.trace,weakening,macro,d56277d5d9f58443700f575e34a405a2d742f8795534a5f02eca45b37e187ea5,0ef52dddff9ea1c4f1d65b34f23e7b528a2f8e9e,10,2,0,8,3,80,80,10,10,10.0,OfficialWeakeningAntecedent,MIN_EXPANDED_SIZE,SAT,29.61092330500105,PASSED,REUSED_E4,E4_REUSED,0,56706,1369927,3422121,,,124158,1,f7c0c86a5e2138110ec13c4e9721e48b1eb9c171cc708b6d4a4ae54ec9e6ee89,15,109,169,109,8,6,0.0,0,6,6,,0
b2,weakening/weaken_antecedent/weaken_antecedent_10_85_85.trace,weakening,atlas-b,785299481b8d629428e191daddf5b4a8d0ceb09d65f0fabcecf4d8d8a833d44f,0ef52dddff9ea1c4f1d65b34f23e7b528a2f8e9e,10,2,0,8,3,85,85,10,10,10.0,OfficialWeakeningAntecedent,MIN_EXPANDED_SIZE,SAT,13.518669988000056,PASSED,REUSED_E4,E4_REUSED,0,35983,1449587,4925425,,,65104,1,5a8ea0342a4c08c6a34886a6dbd7b8eccc232ed136cb39ecfdf2f4cd425deff8,,,,,8,,,,,,,0
b2,weakening/weaken_antecedent/weaken_antecedent_10_85_85.trace,weakening,macro,785299481b8d629428e191daddf5b4a8d0ceb09d65f0fabcecf4d8d8a833d44f,0ef52dddff9ea1c4f1d65b34f23e7b528a2f8e9e,10,2,0,8,3,85,85,10,10,10.0,OfficialWeakeningAntecedent,MIN_EXPANDED_SIZE,SAT,29.278010043999984,PASSED,REUSED_E4,E4_REUSED,0,59346,1435279,3580449,,,125873,1,0cb4e9b85f0c0544e2afecd86d87e2d520c00eed3f2e62b4b028d54c7c7f0751,15,109,169,109,8,6,0.0,0,6,6,,0
b2,weakening/weaken_antecedent/weaken_antecedent_10_90_90.trace,weakening,atlas-b,86a2b8a6d338775562ea51da4530d7d0b0b3c3758cc76176b626b30c568c33ba,0ef52dddff9ea1c4f1d65b34f23e7b528a2f8e9e,10,2,0,8,3,90,90,10,10,10.0,OfficialWeakeningAntecedent,MIN_EXPANDED_SIZE,SAT,15.364854763998665,PASSED,REUSED_E4,E4_REUSED,0,38083,1534253,5213675,,,68764,1,c3b2a4cd9f336eb4dec9c45ace9a7a08ee750374bf18027e6e3ab5cd3340cbf5,,,,,8,,,,,,,0
b2,weakening/weaken_antecedent/weaken_antecedent_10_90_90.trace,weakening,macro,86a2b8a6d338775562ea51da4530d7d0b0b3c3758cc76176b626b30c568c33ba,0ef52dddff9ea1c4f1d65b34f23e7b528a2f8e9e,10,2,0,8,3,90,90,10,10,10.0,OfficialWeakeningAntecedent,MIN_EXPANDED_SIZE,SAT,36.45235351200017,PASSED,REUSED_E4,E4_REUSED,0,61326,1483989,3698207,,,127576,1,3b092fc11ee9f5d1081c48e1698f54609994aa9db668c4a5e0c7468bf52d6ede,15,109,169,109,8,6,0.0,0,6,6,,0
b2,weakening/weaken_antecedent/weaken_antecedent_10_95_95.trace,weakening,atlas-b,59b952a79b8654e67cca91f7d517d1a44d5b1865ae3f918a1d8c1d7b84b5d6cd,0ef52dddff9ea1c4f1d65b34f23e7b528a2f8e9e,10,2,0,8,3,95,95,10,10,10.0,OfficialWeakeningAntecedent,MIN_EXPANDED_SIZE,SAT,16.551443792999635,PASSED,REUSED_E4,E4_REUSED,0,40183,1618926,5501925,,,72424,1,acf46cea134dedca8bf95e1c21a46696d3d9c3e6f42ac04ae4787529719160fb,,,,,8,,,,,,,0
b2,weakening/weaken_antecedent/weaken_antecedent_10_95_95.trace,weakening,macro,59b952a79b8654e67cca91f7d517d1a44d5b1865ae3f918a1d8c1d7b84b5d6cd,0ef52dddff9ea1c4f1d65b34f23e7b528a2f8e9e,10,2,0,8,3,95,95,10,10,10.0,OfficialWeakeningAntecedent,MIN_EXPANDED_SIZE,SAT,34.45983073399975,PASSED,REUSED_E4,E4_REUSED,0,65286,1581825,3934715,,,130581,1,a82f38ae938412b03f7110d72872f211914aa269752be5de8c1b83d878c80cf8,15,109,169,109,8,6,0.0,0,6,6,,0
b2,weakening/weaken_antecedent/weaken_antecedent_15_10_10.trace,weakening,atlas-b,b1e9611061952a32382f227b3c69ff666095bf79b19f7f14fa21c07adfa64fab,0ef52dddff9ea1c4f1d65b34f23e7b528a2f8e9e,10,2,0,8,3,10,10,15,15,15.0,OfficialWeakeningAntecedent,MIN_EXPANDED_SIZE,SAT,4.514358246000484,PASSED,REUSED_E4,E4_REUSED,0,8083,433648,1542875,,,13303,1,90fae04d4f6a7effb96b3e2793d3f59ba6e2204f6794c07e48f6416ca6507bb1,,,,,8,,,,,,,0
b2,weakening/weaken_antecedent/weaken_antecedent_15_10_10.trace,weakening,macro,b1e9611061952a32382f227b3c69ff666095bf79b19f7f14fa21c07adfa64fab,0ef52dddff9ea1c4f1d65b34f23e7b528a2f8e9e,10,2,0,8,3,10,10,15,15,15.0,OfficialWeakeningAntecedent,MIN_EXPANDED_SIZE,SAT,14.168721466000079,PASSED,REUSED_E4,E4_REUSED,0,16743,371139,1023620,,,90463,1,a06056d56112925cf33ea7585b9bf9c89216081f78369894e38df4edb3bff924,15,109,169,109,8,6,0.0,0,6,6,,0
b2,weakening/weaken_antecedent/weaken_antecedent_20_10_10.trace,weakening,atlas-b,8580a32f9224ec43808eaaefa9c05153e70adb7bed141bc7092a7e186f5f989c,0ef52dddff9ea1c4f1d65b34f23e7b528a2f8e9e,10,2,0,8,3,10,10,20,20,20.0,OfficialWeakeningAntecedent,MIN_EXPANDED_SIZE,SAT,11.357123625000895,PASSED,REUSED_E4,E4_REUSED,0,12683,1052148,3897275,,,16383,1,c9640c15c677cbd586e68651702d0eb376747a84b3461a0a5abe9ba139dd13ac,,,,,8,,,,,,,0
b2,weakening/weaken_antecedent/weaken_antecedent_20_10_10.trace,weakening,macro,8580a32f9224ec43808eaaefa9c05153e70adb7bed141bc7092a7e186f5f989c,0ef52dddff9ea1c4f1d65b34f23e7b528a2f8e9e,10,2,0,8,3,10,10,20,20,20.0,OfficialWeakeningAntecedent,MIN_EXPANDED_SIZE,SAT,15.609118058000604,PASSED,REUSED_E4,E4_REUSED,0,20043,440615,1209096,,,91772,1,2392fc546aeb95bb8ec0447861c5dba53999fb3e25355b533353bc0f830697ef,15,109,169,109,8,6,0.0,0,6,6,,0
b2,weakening/weaken_antecedent/weaken_antecedent_25_10_10.trace,weakening,atlas-b,dea8c60fd8d77602478a81c28f2bbc92c5c8ffade2e71b15fbf77c4a420dc29e,0ef52dddff9ea1c4f1d65b34f23e7b528a2f8e9e,10,2,0,8,3,10,10,25,25,25.0,OfficialWeakeningAntecedent,MIN_EXPANDED_SIZE,SAT,16.364828434999936,PASSED,REUSED_E4,E4_REUSED,0,18283,1911348,7209275,,,19463,1,5117c3b7239df885ce3312f9e6b48488fe0b4c1798f949d0244728e2a5ec7b1c,,,,,8,,,,,,,0
b2,weakening/weaken_antecedent/weaken_antecedent_25_10_10.trace,weakening,macro,dea8c60fd8d77602478a81c28f2bbc92c5c8ffade2e71b15fbf77c4a420dc29e,0ef52dddff9ea1c4f1d65b34f23e7b528a2f8e9e,10,2,0,8,3,10,10,25,25,25.0,OfficialWeakeningAntecedent,MIN_EXPANDED_SIZE,SAT,15.947598353999638,PASSED,REUSED_E4,E4_REUSED,0,23343,510171,1394652,,,93316,1,a7de9f217707e65045aa77a1ee4e0c6ad83277533b7aaf38674da0b83068bc66,15,109,169,109,8,6,0.0,0,6,6,,0
b2,weakening/weaken_antecedent/weaken_antecedent_30_10_10.trace,weakening,atlas-b,ad27f162bc6732725ddbc3ae2b54815743d00de636ebb6f139b30b2130007a9b,0ef52dddff9ea1c4f1d65b34f23e7b528a2f8e9e,10,2,0,8,3,10,10,30,30,30.0,OfficialWeakeningAntecedent,MIN_EXPANDED_SIZE,SAT,23.533438530999774,PASSED,REUSED_E4,E4_REUSED,0,24883,3160048,12058775,,,22543,1,c25b0cea7ea8ab8d850160f2d86cfed86e84e7ba13a51eed31825ffcf29877d0,,,,,8,,,,,,,0
b2,weakening/weaken_antecedent/weaken_antecedent_30_10_10.trace,weakening,macro,ad27f162bc6732725ddbc3ae2b54815743d00de636ebb6f139b30b2130007a9b,0ef52dddff9ea1c4f1d65b34f23e7b528a2f8e9e,10,2,0,8,3,10,10,30,30,30.0,OfficialWeakeningAntecedent,MIN_EXPANDED_SIZE,SAT,17.32823120500143,PASSED,REUSED_E4,E4_REUSED,0,26643,579655,1580136,,,94816,1,badb4b4545843225b4dccefcb1cd6ab6fcd0de85fcd4125b82a2b5ae6e7443ea,15,109,169,109,8,6,0.0,0,6,6,,0
b2,weakening/weaken_antecedent/weaken_antecedent_35_10_10.trace,weakening,atlas-b,a8a622304401fb505c5a4a63b350a2aa6b25b9a511831aa4e6fc2c8da34e4ccd,0ef52dddff9ea1c4f1d65b34f23e7b528a2f8e9e,10,2,0,8,3,10,10,35,35,35.0,OfficialWeakeningAntecedent,MIN_EXPANDED_SIZE,SAT,50.007542421000835,PASSED,REUSED_E4,E4_REUSED,0,32483,5766448,22233875,,,25623,1,1298a952a22f9c83975234d75e816a3ec2211b74d8785546e7e4ba13c53258b8,,,,,8,,,,,,,0
b2,weakening/weaken_antecedent/weaken_antecedent_35_10_10.trace,weakening,macro,a8a622304401fb505c5a4a63b350a2aa6b25b9a511831aa4e6fc2c8da34e4ccd,0ef52dddff9ea1c4f1d65b34f23e7b528a2f8e9e,10,2,0,8,3,10,10,35,35,35.0,OfficialWeakeningAntecedent,MIN_EXPANDED_SIZE,SAT,18.47035532400014,PASSED,REUSED_E4,E4_REUSED,0,29943,649171,1765652,,,96428,1,9a11e303d1eeba58fcbd9a7df33170e253e0fcd960952ceb5616c6c4d14308c7,15,109,169,109,8,6,0.0,0,6,6,,0
b2,weakening/weaken_antecedent/weaken_antecedent_40_10_10.trace,weakening,atlas-b,9e727caad453c3a3439cddc50261a08a0d061c3a9fb076f5fd855be6f030ff63,0ef52dddff9ea1c4f1d65b34f23e7b528a2f8e9e,10,2,0,8,3,10,10,40,40,40.0,OfficialWeakeningAntecedent,MIN_EXPANDED_SIZE,SAT,106.62908054199943,PASSED,REUSED_E4,E4_REUSED,0,41083,8452748,32766675,,,28703,1,02de8ca7811220babf62bb34dc82e2d6086a810f111f265bb1e86b6a4a14542c,,,,,8,,,,,,,0
b2,weakening/weaken_antecedent/weaken_antecedent_40_10_10.trace,weakening,macro,9e727caad453c3a3439cddc50261a08a0d061c3a9fb076f5fd855be6f030ff63,0ef52dddff9ea1c4f1d65b34f23e7b528a2f8e9e,10,2,0,8,3,10,10,40,40,40.0,OfficialWeakeningAntecedent,MIN_EXPANDED_SIZE,SAT,18.61480177200019,PASSED,REUSED_E4,E4_REUSED,0,33243,718631,1951112,,,98213,1,c6be095aac185b9ad49a48a7279065010cc68ee54d17a61e877de553dda86c1c,15,109,169,109,8,6,0.0,0,6,6,,0
b2,weakening/weaken_antecedent/weaken_antecedent_45_10_10.trace,weakening,atlas-b,21c2c4be284b6b6c1ed2cebfa96c725e462d4f0d48c166b86061bc522c2a7051,0ef52dddff9ea1c4f1d65b34f23e7b528a2f8e9e,10,2,0,8,3,10,10,45,45,45.0,OfficialWeakeningAntecedent,MIN_EXPANDED_SIZE,TIMEOUT,180.33353419500008,IN_PROGRESS,TIMEOUT,TRANSLATE_ONLY,1,,,,,,31783,1,a0781c52c524dd081aec2bcd8f137f7f366376a763d46d97de87ef979fe3c1b5,,,,,,,,,,,CNF translation timed out: baseline_scope_8_bound_0.als,180.27570456299964
b2,weakening/weaken_antecedent/weaken_antecedent_45_10_10.trace,weakening,macro,21c2c4be284b6b6c1ed2cebfa96c725e462d4f0d48c166b86061bc522c2a7051,0ef52dddff9ea1c4f1d65b34f23e7b528a2f8e9e,10,2,0,8,3,10,10,45,45,45.0,OfficialWeakeningAntecedent,MIN_EXPANDED_SIZE,SAT,18.80335640400017,PASSED,REUSED_E4,E4_REUSED,0,36543,788171,2136652,,,99258,1,5d4d34f5112757895883a63cab6d42daef65e4d491288c2490061b8ae9168712,15,109,169,109,8,6,0.0,0,6,6,,0
b2,weakening/weaken_antecedent/weaken_antecedent_50_10_10.trace,weakening,atlas-b,bdaad8f3733fc4b86751a8e7088e2cc93759052530ea4c33c1600a38a8ea8926,0ef52dddff9ea1c4f1d65b34f23e7b528a2f8e9e,10,2,0,8,3,10,10,50,50,50.0,OfficialWeakeningAntecedent,MIN_EXPANDED_SIZE,TIMEOUT,180.3854503040002,IN_PROGRESS,TIMEOUT,TRANSLATE_ONLY,1,,,,,,34863,1,a44e55fc6cd5f939787bcf7a3d784a206aaf0835d6438877f98226c75295dc3a,,,,,,,,,,,CNF translation timed out: baseline_scope_8_bound_0.als,180.28150390300016
b2,weakening/weaken_antecedent/weaken_antecedent_50_10_10.trace,weakening,macro,bdaad8f3733fc4b86751a8e7088e2cc93759052530ea4c33c1600a38a8ea8926,0ef52dddff9ea1c4f1d65b34f23e7b528a2f8e9e,10,2,0,8,3,10,10,50,50,50.0,OfficialWeakeningAntecedent,MIN_EXPANDED_SIZE,SAT,21.290356933999647,PASSED,REUSED_E4,E4_REUSED,0,38226,822723,2230189,,,101846,1,264ed75ef722f61260a202d3019d5c02db42dc25401acf65629beba50b72cea4,15,109,169,109,8,6,0.0,0,6,6,,0
b2,weakening/weaken_antecedent/weaken_antecedent_55_10_10.trace,weakening,atlas-b,698cb69169559bb00acd7151f73e2cf5e9889d328389deb34a8f0d3b114dcb4f,0ef52dddff9ea1c4f1d65b34f23e7b528a2f8e9e,10,2,0,8,3,10,10,55,55,55.0,OfficialWeakeningAntecedent,MIN_EXPANDED_SIZE,TIMEOUT,180.34706876299992,IN_PROGRESS,TIMEOUT,TRANSLATE_ONLY,1,,,,,,37943,1,2f834af3f3ed765cdde498c241c8e2a843f2fb246205c5fd1ca441f9fed98482,,,,,,,,,,,CNF translation timed out: baseline_scope_8_bound_0.als,180.27171222500056
b2,weakening/weaken_antecedent/weaken_antecedent_55_10_10.trace,weakening,macro,698cb69169559bb00acd7151f73e2cf5e9889d328389deb34a8f0d3b114dcb4f,0ef52dddff9ea1c4f1d65b34f23e7b528a2f8e9e,10,2,0,8,3,10,10,55,55,55.0,OfficialWeakeningAntecedent,MIN_EXPANDED_SIZE,SAT,21.28683468500094,PASSED,REUSED_E4,E4_REUSED,0,41361,888732,2406398,,,103321,1,12a38e84e9b7c8882425b99ef1595e845b18aed2402a3ae9266f9b266a349252,15,109,169,109,8,6,0.0,0,6,6,,0
b2,weakening/weaken_antecedent/weaken_antecedent_5_10_10.trace,weakening,atlas-b,81780aaba142b8d2ed797230affe87977dde7c5d37b44116e728a9a65c58055b,0ef52dddff9ea1c4f1d65b34f23e7b528a2f8e9e,10,2,0,8,3,10,10,5,5,5.0,OfficialWeakeningAntecedent,MIN_EXPANDED_SIZE,SAT,1.726107102998867,PASSED,REUSED_E4,E4_REUSED,0,1883,55046,163775,,,7439,1,74c7fc041ce89f30e11a9bc883d5469aa474b18cf82b5b51f873dc5b4f268ed8,,,,,8,,,,,,,0
b2,weakening/weaken_antecedent/weaken_antecedent_5_10_10.trace,weakening,macro,81780aaba142b8d2ed797230affe87977dde7c5d37b44116e728a9a65c58055b,0ef52dddff9ea1c4f1d65b34f23e7b528a2f8e9e,10,2,0,8,3,10,10,5,5,5.0,OfficialWeakeningAntecedent,MIN_EXPANDED_SIZE,SAT,16.207489499000076,PASSED,REUSED_E4,E4_REUSED,0,9846,223596,633462,,,89291,1,54ef5deed0c11939a4eea73ec7f13789ae728cc4d6f287ec9a2febfcc30785ad,15,109,169,109,8,6,0.0,0,6,6,,0
b2,weakening/weaken_antecedent/weaken_antecedent_60_10_10.trace,weakening,atlas-b,0053a915e901a06d6204b62b0a344d0f088c52e57a283f87963d02afa63b3416,0ef52dddff9ea1c4f1d65b34f23e7b528a2f8e9e,10,2,0,8,3,10,10,60,60,60.0,OfficialWeakeningAntecedent,MIN_EXPANDED_SIZE,TIMEOUT,180.4194912870007,IN_PROGRESS,TIMEOUT,TRANSLATE_ONLY,1,,,,,,41023,1,faccd852fe907a6f76a51eba0be269f91f6701361414408892ac8ff95dec6d4b,,,,,,,,,,,CNF translation timed out: baseline_scope_8_bound_0.als,180.32345774500027
b2,weakening/weaken_antecedent/weaken_antecedent_60_10_10.trace,weakening,macro,0053a915e901a06d6204b62b0a344d0f088c52e57a283f87963d02afa63b3416,0ef52dddff9ea1c4f1d65b34f23e7b528a2f8e9e,10,2,0,8,3,10,10,60,60,60.0,OfficialWeakeningAntecedent,MIN_EXPANDED_SIZE,SAT,23.77881305700066,PASSED,REUSED_E4,E4_REUSED,0,46443,996655,2693136,,,103797,1,aa6a8d7814e9d723261c52bfdeeb797ed74bcc9fec5c14b20359e0e74373ca61,15,109,169,109,8,6,0.0,0,6,6,,0
b2,weakening/weaken_antecedent/weaken_antecedent_65_10_10.trace,weakening,atlas-b,7486a64d3ca392c9fd953d4b3451811da34ee411cf528f8e4fe2f9e685977352,0ef52dddff9ea1c4f1d65b34f23e7b528a2f8e9e,10,2,0,8,3,10,10,65,65,65.0,OfficialWeakeningAntecedent,MIN_EXPANDED_SIZE,TIMEOUT,180.35894121600086,IN_PROGRESS,TIMEOUT,TRANSLATE_ONLY,1,,,,,,44103,1,9e83b92ca4c7b526f6f2cb12e416926d6273056940a9599c9c5fb1cc0201e473,,,,,,,,,,,CNF translation timed out: baseline_scope_8_bound_0.als,180.28580930799944
b2,weakening/weaken_antecedent/weaken_antecedent_65_10_10.trace,weakening,macro,7486a64d3ca392c9fd953d4b3451811da34ee411cf528f8e4fe2f9e685977352,0ef52dddff9ea1c4f1d65b34f23e7b528a2f8e9e,10,2,0,8,3,10,10,65,65,65.0,OfficialWeakeningAntecedent,MIN_EXPANDED_SIZE,SAT,23.03985698500003,PASSED,REUSED_E4,E4_REUSED,0,49743,1066171,2878652,,,104746,1,d2b401fe822117fa2a46d2d0a74c1d6752109ab772395e9f4e56c8493434c80d,15,109,169,109,8,6,0.0,0,6,6,,0
b2,weakening/weaken_antecedent/weaken_antecedent_70_10_10.trace,weakening,atlas-b,2ea2fc28033837d3537254dbec71c8357b18e14c5422673dede949b0b419f427,0ef52dddff9ea1c4f1d65b34f23e7b528a2f8e9e,10,2,0,8,3,10,10,70,70,70.0,OfficialWeakeningAntecedent,MIN_EXPANDED_SIZE,TIMEOUT,180.351310861,IN_PROGRESS,TIMEOUT,TRANSLATE_ONLY,1,,,,,,47183,1,e7b5dab4be2203cf83314f388befbf863d0b156cde80aaca05ba66b1907d7a9a,,,,,,,,,,,CNF translation timed out: baseline_scope_8_bound_0.als,180.27472168699933
b2,weakening/weaken_antecedent/weaken_antecedent_70_10_10.trace,weakening,macro,2ea2fc28033837d3537254dbec71c8357b18e14c5422673dede949b0b419f427,0ef52dddff9ea1c4f1d65b34f23e7b528a2f8e9e,10,2,0,8,3,10,10,70,70,70.0,OfficialWeakeningAntecedent,MIN_EXPANDED_SIZE,SAT,23.93666248799991,PASSED,REUSED_E4,E4_REUSED,0,53043,1135663,3064144,,,107352,1,51eacef641baf05c530b81b8813ae1623edcce6b1508dcebdb6dee64dcbed9df,15,109,169,109,8,6,0.0,0,6,6,,0
b2,weakening/weaken_antecedent/weaken_antecedent_75_10_10.trace,weakening,atlas-b,b06dd39bf194c16c54163d3f69bc559bc8a5f357c1cdd5a09b68198359807848,0ef52dddff9ea1c4f1d65b34f23e7b528a2f8e9e,10,2,0,8,3,10,10,75,75,75.0,OfficialWeakeningAntecedent,MIN_EXPANDED_SIZE,TIMEOUT,180.42407352499959,IN_PROGRESS,TIMEOUT,TRANSLATE_ONLY,1,,,,,,50263,1,8beed6bd065b4ed6f5294d9d250e1debee8f876944a824d6a2e8489311bdaf6a,,,,,,,,,,,CNF translation timed out: baseline_scope_8_bound_0.als,180.30132732699985
b2,weakening/weaken_antecedent/weaken_antecedent_75_10_10.trace,weakening,macro,b06dd39bf194c16c54163d3f69bc559bc8a5f357c1cdd5a09b68198359807848,0ef52dddff9ea1c4f1d65b34f23e7b528a2f8e9e,10,2,0,8,3,10,10,75,75,75.0,OfficialWeakeningAntecedent,MIN_EXPANDED_SIZE,SAT,26.76285187499991,PASSED,REUSED_E4,E4_REUSED,0,56343,1205163,3249644,,,108186,1,d98ac2288de6f8223377e94f7c30b26addc0a677ff5f9ea8753d2a68cc76576e,15,109,169,109,8,6,0.0,0,6,6,,0
b2,weakening/weaken_antecedent/weaken_antecedent_80_10_10.trace,weakening,atlas-b,2f04621e218c3ffaba3f032de908f41755c3333f4efe61ce94c95a8591922fdf,0ef52dddff9ea1c4f1d65b34f23e7b528a2f8e9e,10,2,0,8,3,10,10,80,80,80.0,OfficialWeakeningAntecedent,MIN_EXPANDED_SIZE,TIMEOUT,180.35507483100014,IN_PROGRESS,TIMEOUT,TRANSLATE_ONLY,1,,,,,,53343,1,2e1c7c1e81ee622d395644401922d01197504d6b0fac15b9c9f849849bfcbd6f,,,,,,,,,,,CNF translation timed out: baseline_scope_8_bound_0.als,180.30333493699982
b2,weakening/weaken_antecedent/weaken_antecedent_80_10_10.trace,weakening,macro,2f04621e218c3ffaba3f032de908f41755c3333f4efe61ce94c95a8591922fdf,0ef52dddff9ea1c4f1d65b34f23e7b528a2f8e9e,10,2,0,8,3,10,10,80,80,80.0,OfficialWeakeningAntecedent,MIN_EXPANDED_SIZE,SAT,27.713773544000105,PASSED,REUSED_E4,E4_REUSED,0,59643,1274671,3435152,,,109205,1,fcf34d3bb2d7a85ac7c1ec9d1903380b3e0558613f31cbe77bf8788ff368d77d,15,109,169,109,8,6,0.0,0,6,6,,0
b2,weakening/weaken_antecedent/weaken_antecedent_85_10_10.trace,weakening,atlas-b,36dcd944113412c8b40b0394575b117523e15fefa84a5b3b13ef98d273995fdd,0ef52dddff9ea1c4f1d65b34f23e7b528a2f8e9e,10,2,0,8,3,10,10,85,85,85.0,OfficialWeakeningAntecedent,MIN_EXPANDED_SIZE,TIMEOUT,180.32544989299822,IN_PROGRESS,TIMEOUT,TRANSLATE_ONLY,1,,,,,,56423,1,51d7c293d48b5c51f13c8114d164a5702120ec0d76478803da6a6cf35f1fce58,,,,,,,,,,,CNF translation timed out: baseline_scope_8_bound_0.als,180.28821512000013
b2,weakening/weaken_antecedent/weaken_antecedent_85_10_10.trace,weakening,macro,36dcd944113412c8b40b0394575b117523e15fefa84a5b3b13ef98d273995fdd,0ef52dddff9ea1c4f1d65b34f23e7b528a2f8e9e,10,2,0,8,3,10,10,85,85,85.0,OfficialWeakeningAntecedent,MIN_EXPANDED_SIZE,SAT,27.002120061000824,PASSED,REUSED_E4,E4_REUSED,0,62943,1344147,3620628,,,111476,1,e6101dc80fe87d83ca684b9507b46f77df75a9ddb8e909aa68ddbd41abe56dfd,15,109,169,109,8,6,0.0,0,6,6,,0
b2,weakening/weaken_antecedent/weaken_antecedent_90_10_10.trace,weakening,atlas-b,40fcfa5e7ff9b5b83efe744c483ebad50c3395f5c39c10c5b3eb9d016a9b9a04,0ef52dddff9ea1c4f1d65b34f23e7b528a2f8e9e,10,2,0,8,3,10,10,90,90,90.0,OfficialWeakeningAntecedent,MIN_EXPANDED_SIZE,TIMEOUT,180.37389061300019,IN_PROGRESS,TIMEOUT,TRANSLATE_ONLY,1,,,,,,59503,1,db89c559dc82a0304b539bd4ace723ede4a4dbad11e65e1ae80a64a97ca3aab6,,,,,,,,,,,CNF translation timed out: baseline_scope_8_bound_0.als,180.27306838000004
b2,weakening/weaken_antecedent/weaken_antecedent_90_10_10.trace,weakening,macro,40fcfa5e7ff9b5b83efe744c483ebad50c3395f5c39c10c5b3eb9d016a9b9a04,0ef52dddff9ea1c4f1d65b34f23e7b528a2f8e9e,10,2,0,8,3,10,10,90,90,90.0,OfficialWeakeningAntecedent,MIN_EXPANDED_SIZE,SAT,27.285001181999178,PASSED,REUSED_E4,E4_REUSED,0,66243,1413671,3806152,,,112882,1,685308051f5eb5b60830bae52db86f3394402b3d8baeb3a4716ca52c186a25f5,15,109,169,109,8,6,0.0,0,6,6,,0
b2,weakening/weaken_antecedent/weaken_antecedent_95_10_10.trace,weakening,atlas-b,f69a804f67257ab9f6de373cf77f923202aa836f8bc219703211a8ef7567682d,0ef52dddff9ea1c4f1d65b34f23e7b528a2f8e9e,10,2,0,8,3,10,10,95,95,95.0,OfficialWeakeningAntecedent,MIN_EXPANDED_SIZE,TIMEOUT,180.38753425899995,IN_PROGRESS,TIMEOUT,TRANSLATE_ONLY,1,,,,,,62583,1,93efeef3fbe950cdcca9f8acfb319c3b9d52f736af87054b030c6a7c395bb4f1,,,,,,,,,,,CNF translation timed out: baseline_scope_8_bound_0.als,180.33417085600013
b2,weakening/weaken_antecedent/weaken_antecedent_95_10_10.trace,weakening,macro,f69a804f67257ab9f6de373cf77f923202aa836f8bc219703211a8ef7567682d,0ef52dddff9ea1c4f1d65b34f23e7b528a2f8e9e,10,2,0,8,3,10,10,95,95,95.0,OfficialWeakeningAntecedent,MIN_EXPANDED_SIZE,SAT,27.772779019000154,PASSED,REUSED_E4,E4_REUSED,0,66441,1416948,3816214,,,115277,1,a169062b626840ba493b22def47662c1af2d70045b8e5f423bfc68be3b3359da,15,109,169,109,8,6,0.0,0,6,6,,0
b3,weakening/weaken_consequent/weaken_consequent_100_10_10.trace,weakening,atlas-b,a9161f65fc07d3f0e546a24f44292bdd7c943b3bd19fdd3621de69aa37541611,0ef52dddff9ea1c4f1d65b34f23e7b528a2f8e9e,18,3,0,11,3,10,10,100,100,100.0,OfficialWeakeningConsequent,MIN_EXPANDED_SIZE,TIMEOUT,180.33178534000035,IN_PROGRESS,TIMEOUT,TRANSLATE_ONLY,1,,,,,,65741,1,82eb226f6acbaf0713b16dd6f20eab77f9515d52676f6d6bf2a69e9996542b83,,,,,,,,,,,CNF translation timed out: baseline_scope_8_bound_0.als,180.2961044599997
b3,weakening/weaken_consequent/weaken_consequent_100_10_10.trace,weakening,macro,a9161f65fc07d3f0e546a24f44292bdd7c943b3bd19fdd3621de69aa37541611,0ef52dddff9ea1c4f1d65b34f23e7b528a2f8e9e,18,3,0,11,3,10,10,100,100,100.0,OfficialWeakeningConsequent,MIN_EXPANDED_SIZE,SAT,29.993868186997133,PASSED,REUSED_E4,E4_REUSED,0,72843,1552670,4177139,,,114585,1,8fe3c3e725c88b9fb8c0ded064d616204f19412344b5aa15b65e95a2806b696d,15,109,169,109,8,7,0.0,0,7,8,,0
b3,weakening/weaken_consequent/weaken_consequent_10_100_100.trace,weakening,atlas-b,d276a89c6608dbd30e6fb5b241728d1a2e23b71121d4ad65746269627435b746,0ef52dddff9ea1c4f1d65b34f23e7b528a2f8e9e,18,3,0,11,3,100,100,10,10,10.0,OfficialWeakeningConsequent,MIN_EXPANDED_SIZE,SAT,15.552829324002232,PASSED,REUSED_E4,E4_REUSED,0,42278,1651203,5647716,,,76162,1,c89b9774acc9593ea67912867a0e3df392c615cbdc76ff8bd1412f27235b934b,,,,,8,,,,,,,0
b3,weakening/weaken_consequent/weaken_consequent_10_100_100.trace,weakening,macro,d276a89c6608dbd30e6fb5b241728d1a2e23b71121d4ad65746269627435b746,0ef52dddff9ea1c4f1d65b34f23e7b528a2f8e9e,18,3,0,11,3,100,100,10,10,10.0,OfficialWeakeningConsequent,MIN_EXPANDED_SIZE,SAT,33.85401959199953,PASSED,REUSED_E4,E4_REUSED,0,72843,1768226,4386863,,,133892,1,4de9c21c9418663d3ca8a61814ab883147f83e131e641ee7c5ed406404e4f75a,15,109,169,109,8,7,0.0,0,7,8,,0
b3,weakening/weaken_consequent/weaken_consequent_10_10_10.trace,weakening,atlas-b,c565be745038a988786ff690a5a008e3ee068ee7eea790f7bbf0d4da7e87a052,0ef52dddff9ea1c4f1d65b34f23e7b528a2f8e9e,18,3,0,11,3,10,10,10,10,10.0,OfficialWeakeningConsequent,MIN_EXPANDED_SIZE,SAT,2.411696994000522,PASSED,REUSED_E4,E4_REUSED,0,4478,173943,587016,,,10282,1,204c467ad529e22549c97839afef2d1e114596fe035cf80866219b19a14571d5,,,,,8,,,,,,,0
b3,weakening/weaken_consequent/weaken_consequent_10_10_10.trace,weakening,macro,c565be745038a988786ff690a5a008e3ee068ee7eea790f7bbf0d4da7e87a052,0ef52dddff9ea1c4f1d65b34f23e7b528a2f8e9e,18,3,0,11,3,10,10,10,10,10.0,OfficialWeakeningConsequent,MIN_EXPANDED_SIZE,SAT,15.340122515997791,PASSED,REUSED_E4,E4_REUSED,0,13443,301526,837995,,,88785,1,5a6369a44e602b39ed165ead72b1419a956c4ace6c450c652fd2778dff16018f,15,109,169,109,8,7,0.0,0,7,8,,0
b3,weakening/weaken_consequent/weaken_consequent_10_15_15.trace,weakening,atlas-b,1e4062af74a13ec6fddd4cd9c1263fbc3ca115bd568beb465aa4e1685ccd0278,0ef52dddff9ea1c4f1d65b34f23e7b528a2f8e9e,18,3,0,11,3,15,15,10,10,10.0,OfficialWeakeningConsequent,MIN_EXPANDED_SIZE,SAT,3.1147086390010372,PASSED,REUSED_E4,E4_REUSED,0,6578,256013,868166,,,13942,1,73e4cf533620b68b2a18cfbc240b1d864482e9fd2c3a9e724dab0904e3a51fed,,,,,8,,,,,,,0
b3,weakening/weaken_consequent/weaken_consequent_10_15_15.trace,weakening,macro,1e4062af74a13ec6fddd4cd9c1263fbc3ca115bd568beb465aa4e1685ccd0278,0ef52dddff9ea1c4f1d65b34f23e7b528a2f8e9e,18,3,0,11,3,15,15,10,10,10.0,OfficialWeakeningConsequent,MIN_EXPANDED_SIZE,SAT,14.60671516399816,PASSED,REUSED_E4,E4_REUSED,0,16743,383072,1035149,,,91228,1,8bf4683d7b38d876d0082b02fc3de0103e300f416abc3a2fa91e3cd7a812f582,15,109,169,109,8,7,0.0,0,7,8,,0
b3,weakening/weaken_consequent/weaken_consequent_10_20_20.trace,weakening,atlas-b,05c37633a408b0a663047c20cb7d7b4c4bc7cf60fe7f58db41a18794a69c978b,0ef52dddff9ea1c4f1d65b34f23e7b528a2f8e9e,18,3,0,11,3,20,20,10,10,10.0,OfficialWeakeningConsequent,MIN_EXPANDED_SIZE,SAT,3.830651027001295,PASSED,REUSED_E4,E4_REUSED,0,8678,338083,1149316,,,17602,1,cd62a75e878b071bd9057039b12e10f7596407cf06625cf8caf346c41e62e894,,,,,8,,,,,,,0
b3,weakening/weaken_consequent/weaken_consequent_10_20_20.trace,weakening,macro,05c37633a408b0a663047c20cb7d7b4c4bc7cf60fe7f58db41a18794a69c978b,0ef52dddff9ea1c4f1d65b34f23e7b528a2f8e9e,18,3,0,11,3,20,20,10,10,10.0,OfficialWeakeningConsequent,MIN_EXPANDED_SIZE,SAT,19.116371871998126,PASSED,REUSED_E4,E4_REUSED,0,20043,464554,1232383,,,93514,1,f57be6c5298a0de9ca423f83b12ff70f9cfc613ac1c221f634eb67f35cb40f01,15,109,169,109,8,7,0.0,0,7,8,,0
b3,weakening/weaken_consequent/weaken_consequent_10_25_25.trace,weakening,atlas-b,cae4b190edc26e2bad260aedcad905f2010a597930f11ca875051ddf727937bf,0ef52dddff9ea1c4f1d65b34f23e7b528a2f8e9e,18,3,0,11,3,25,25,10,10,10.0,OfficialWeakeningConsequent,MIN_EXPANDED_SIZE,SAT,4.337916682998184,PASSED,REUSED_E4,E4_REUSED,0,10778,420153,1430466,,,21262,1,5446b1e826c26878cf0c8de3c3e1da8d200babf67672473e700357924e9fce8c,,,,,8,,,,,,,0
b3,weakening/weaken_consequent/weaken_consequent_10_25_25.trace,weakening,macro,cae4b190edc26e2bad260aedcad905f2010a597930f11ca875051ddf727937bf,0ef52dddff9ea1c4f1d65b34f23e7b528a2f8e9e,18,3,0,11,3,25,25,10,10,10.0,OfficialWeakeningConsequent,MIN_EXPANDED_SIZE,SAT,17.388805801998387,PASSED,REUSED_E4,E4_REUSED,0,23343,545916,1429281,,,96227,1,51ff9b6959e524e4e36c9a2591be86b9e03538e8942a57444c2b8188e56d3f1a,15,109,169,109,8,7,0.0,0,7,8,,0
b3,weakening/weaken_consequent/weaken_consequent_10_30_30.trace,weakening,atlas-b,4808b046eeb02bb1b7fd9be54e86b347206e24bf97e54133397b7226629fce6f,0ef52dddff9ea1c4f1d65b34f23e7b528a2f8e9e,18,3,0,11,3,30,30,10,10,10.0,OfficialWeakeningConsequent,MIN_EXPANDED_SIZE,SAT,5.037716767001257,PASSED,REUSED_E4,E4_REUSED,0,12878,502223,1711616,,,24922,1,cb2a1d1a4d3341af4af415b3c8cb01133d3913308270098bfbd7a8a20c4fa5d1,,,,,8,,,,,,,0
b3,weakening/weaken_consequent/weaken_consequent_10_30_30.trace,weakening,macro,4808b046eeb02bb1b7fd9be54e86b347206e24bf97e54133397b7226629fce6f,0ef52dddff9ea1c4f1d65b34f23e7b528a2f8e9e,18,3,0,11,3,30,30,10,10,10.0,OfficialWeakeningConsequent,MIN_EXPANDED_SIZE,SAT,19.93138154800181,PASSED,REUSED_E4,E4_REUSED,0,26643,627406,1626523,,,98768,1,eabc236a86b64605f904aa9387536ba04e4be8c2b0ad95ea535e823438609068,15,109,169,109,8,7,0.0,0,7,8,,0
b3,weakening/weaken_consequent/weaken_consequent_10_35_35.trace,weakening,atlas-b,52d26e1412eba83ddfdf227ad67da73e01d9d18d82b70dbbdc36e2f384ff384e,0ef52dddff9ea1c4f1d65b34f23e7b528a2f8e9e,18,3,0,11,3,35,35,10,10,10.0,OfficialWeakeningConsequent,MIN_EXPANDED_SIZE,SAT,5.600152306997188,PASSED,REUSED_E4,E4_REUSED,0,14978,584293,1992766,,,28582,1,b5bea0425b764ce56926e5b02cc6fc189b6d28d5e33490e7da3a68c2e182707d,,,,,8,,,,,,,0
b3,weakening/weaken_consequent/weaken_consequent_10_35_35.trace,weakening,macro,52d26e1412eba83ddfdf227ad67da73e01d9d18d82b70dbbdc36e2f384ff384e,0ef52dddff9ea1c4f1d65b34f23e7b528a2f8e9e,18,3,0,11,3,35,35,10,10,10.0,OfficialWeakeningConsequent,MIN_EXPANDED_SIZE,SAT,18.44727981399774,PASSED,REUSED_E4,E4_REUSED,0,29778,705437,1814506,,,103290,1,cad231fd8ded824b5c6eba1ca0c34fe014ed5d1d2ceda2dacc47c4b7663c6f90,15,109,169,109,8,7,0.0,0,7,8,,0
b3,weakening/weaken_consequent/weaken_consequent_10_40_40.trace,weakening,atlas-b,6a07d631793c4224cc96e090f2769ad87740f424509ca192252e8910835f199d,0ef52dddff9ea1c4f1d65b34f23e7b528a2f8e9e,18,3,0,11,3,40,40,10,10,10.0,OfficialWeakeningConsequent,MIN_EXPANDED_SIZE,SAT,5.861617135997221,PASSED,REUSED_E4,E4_REUSED,0,17078,666363,2273916,,,32242,1,cbbaefaa9451d9d2231ad9b28a838917eda506c6a84a61f1e2d1b3cf2d897ca6,,,,,8,,,,,,,0
b3,weakening/weaken_consequent/weaken_consequent_10_40_40.trace,weakening,macro,6a07d631793c4224cc96e090f2769ad87740f424509ca192252e8910835f199d,0ef52dddff9ea1c4f1d65b34f23e7b528a2f8e9e,18,3,0,11,3,40,40,10,10,10.0,OfficialWeakeningConsequent,MIN_EXPANDED_SIZE,SAT,18.961264286997903,PASSED,REUSED_E4,E4_REUSED,0,33243,790394,2020727,,,103457,1,6be0880335348be2ae6e2e54a86bad91bca549aaac236af03395fa4f43ee8e11,15,109,169,109,8,7,0.0,0,7,8,,0
b3,weakening/weaken_consequent/weaken_consequent_10_45_45.trace,weakening,atlas-b,3a7d0c05499cd67a8edc145a6d66d33cc7194a5b0170cc7d373b25fa0b593763,0ef52dddff9ea1c4f1d65b34f23e7b528a2f8e9e,18,3,0,11,3,45,45,10,10,10.0,OfficialWeakeningConsequent,MIN_EXPANDED_SIZE,SAT,6.33151445600015,PASSED,REUSED_E4,E4_REUSED,0,19178,748433,2555066,,,35902,1,99f775a7c67b657e369d046c68792937ff0f73717b5b17742d02a00b608aa8eb,,,,,8,,,,,,,0
b3,weakening/weaken_consequent/weaken_consequent_10_45_45.trace,weakening,macro,3a7d0c05499cd67a8edc145a6d66d33cc7194a5b0170cc7d373b25fa0b593763,0ef52dddff9ea1c4f1d65b34f23e7b528a2f8e9e,18,3,0,11,3,45,45,10,10,10.0,OfficialWeakeningConsequent,MIN_EXPANDED_SIZE,SAT,29.349039225002343,PASSED,REUSED_E4,E4_REUSED,0,36543,871860,2217945,,,106082,1,e68adb8101ea128ac38b0d364e0d65556e4cedf2cb2055c503a9fdfc033ff570,15,109,169,109,8,7,0.0,0,7,8,,0
b3,weakening/weaken_consequent/weaken_consequent_10_50_50.trace,weakening,atlas-b,afbf8784ce29f36c4e7dae808b5867c11864c6c4a051f10024413f436d244db0,0ef52dddff9ea1c4f1d65b34f23e7b528a2f8e9e,18,3,0,11,3,50,50,10,10,10.0,OfficialWeakeningConsequent,MIN_EXPANDED_SIZE,SAT,8.028488315998402,PASSED,REUSED_E4,E4_REUSED,0,21278,830503,2836216,,,39562,1,a1e5880d9dd6127a7b687fee0176369bd862a24781074840740a1e83ffa96c33,,,,,8,,,,,,,0
b3,weakening/weaken_consequent/weaken_consequent_10_50_50.trace,weakening,macro,afbf8784ce29f36c4e7dae808b5867c11864c6c4a051f10024413f436d244db0,0ef52dddff9ea1c4f1d65b34f23e7b528a2f8e9e,18,3,0,11,3,50,50,10,10,10.0,OfficialWeakeningConsequent,MIN_EXPANDED_SIZE,SAT,25.405182069000148,PASSED,REUSED_E4,E4_REUSED,0,39843,953358,2415123,,,108520,1,98afc69829261a60b34e6d39c39cc185b82ccb331887d0e12fb515624c72a1b2,15,109,169,109,8,7,0.0,0,7,8,,0
b3,weakening/weaken_consequent/weaken_consequent_10_55_55.trace,weakening,atlas-b,d88fd4b5ed2d82aaf60b31716077c1d0e271472606f1f6bcfb105b018d85f1b8,0ef52dddff9ea1c4f1d65b34f23e7b528a2f8e9e,18,3,0,11,3,55,55,10,10,10.0,OfficialWeakeningConsequent,MIN_EXPANDED_SIZE,SAT,9.302381593999598,PASSED,REUSED_E4,E4_REUSED,0,23378,912573,3117366,,,43222,1,a1132f7976e1d3e30af570d78798f91e1e0417b499d2b236163aa0f13ac9b0fe,,,,,8,,,,,,,0
b3,weakening/weaken_consequent/weaken_consequent_10_55_55.trace,weakening,macro,d88fd4b5ed2d82aaf60b31716077c1d0e271472606f1f6bcfb105b018d85f1b8,0ef52dddff9ea1c4f1d65b34f23e7b528a2f8e9e,18,3,0,11,3,55,55,10,10,10.0,OfficialWeakeningConsequent,MIN_EXPANDED_SIZE,SAT,24.37929872099994,PASSED,REUSED_E4,E4_REUSED,0,42978,1031365,2603010,,,113149,1,841431ff080f3f910a39493b654bc801de3d4d27adb0739ac6ec01ad5cba9f07,15,109,169,109,8,7,0.0,0,7,8,,0
b3,weakening/weaken_consequent/weaken_consequent_10_5_5.trace,weakening,atlas-b,648a67066d404d92c9eb11b63d458b078bfe009a0723e396377e306912622544,0ef52dddff9ea1c4f1d65b34f23e7b528a2f8e9e,18,3,0,11,3,5,5,10,10,10.0,OfficialWeakeningConsequent,MIN_EXPANDED_SIZE,SAT,2.0077438359985535,PASSED,REUSED_E4,E4_REUSED,0,2378,91873,305866,,,6632,1,50c88069326a35511a2dc6e50fe53bac61f68af13e67778eecde7e74d90faab8,,,,,8,,,,,,,0
b3,weakening/weaken_consequent/weaken_consequent_10_5_5.trace,weakening,macro,648a67066d404d92c9eb11b63d458b078bfe009a0723e396377e306912622544,0ef52dddff9ea1c4f1d65b34f23e7b528a2f8e9e,18,3,0,11,3,5,5,10,10,10.0,OfficialWeakeningConsequent,MIN_EXPANDED_SIZE,SAT,12.66125294900121,PASSED,REUSED_E4,E4_REUSED,0,10143,220108,640897,,,86214,1,d25f5158dc89ae9228e150af829e7aa4a1792747291bc7695b50d5921a92e18c,15,109,169,109,8,7,0.0,0,7,8,,0
b3,weakening/weaken_consequent/weaken_consequent_10_60_60.trace,weakening,atlas-b,f2cbe5aaae743b9dc6063338f8505b6545de5c0000d10ebabd273d843d973980,0ef52dddff9ea1c4f1d65b34f23e7b528a2f8e9e,18,3,0,11,3,60,60,10,10,10.0,OfficialWeakeningConsequent,MIN_EXPANDED_SIZE,SAT,9.414470356001402,PASSED,REUSED_E4,E4_REUSED,0,25478,994643,3398516,,,46882,1,643cd75ce6d9019b9717758679537ac57cd53f34e01bd22338e452d4ff6655c1,,,,,8,,,,,,,0
b3,weakening/weaken_consequent/weaken_consequent_10_60_60.trace,weakening,macro,f2cbe5aaae743b9dc6063338f8505b6545de5c0000d10ebabd273d843d973980,0ef52dddff9ea1c4f1d65b34f23e7b528a2f8e9e,18,3,0,11,3,60,60,10,10,10.0,OfficialWeakeningConsequent,MIN_EXPANDED_SIZE,SAT,32.03829590100213,PASSED,REUSED_E4,E4_REUSED,0,46443,1116554,2809751,,,113789,1,ad0ba0e6f59ebd8e9f4a2023b37328d08382ef80bdd8a6ea654f5f6a384ebf54,15,109,169,109,8,7,0.0,0,7,8,,0
b3,weakening/weaken_consequent/weaken_consequent_10_65_65.trace,weakening,atlas-b,4d96ec9dc3acce7d8f85ca0c3686ed222e2362b73020e3e8a8752aab50ba1772,0ef52dddff9ea1c4f1d65b34f23e7b528a2f8e9e,18,3,0,11,3,65,65,10,10,10.0,OfficialWeakeningConsequent,MIN_EXPANDED_SIZE,SAT,9.997467459998006,PASSED,REUSED_E4,E4_REUSED,0,27578,1076713,3679666,,,50542,1,033a79b10fdcf0437abaf868f2c9efbc372633d3868f5a870a5855bd1da70ca7,,,,,8,,,,,,,0
b3,weakening/weaken_consequent/weaken_consequent_10_65_65.trace,weakening,macro,4d96ec9dc3acce7d8f85ca0c3686ed222e2362b73020e3e8a8752aab50ba1772,0ef52dddff9ea1c4f1d65b34f23e7b528a2f8e9e,18,3,0,11,3,65,65,10,10,10.0,OfficialWeakeningConsequent,MIN_EXPANDED_SIZE,SAT,36.19429108899931,PASSED,REUSED_E4,E4_REUSED,0,49743,1197972,3006849,,,115919,1,f62d6760808c92baeed12a5a2e03aa67a691604bcc28773da80467ff45c89d96,15,109,169,109,8,7,0.0,0,7,8,,0
b3,weakening/weaken_consequent/weaken_consequent_10_70_70.trace,weakening,atlas-b,dd6e63ef5679bfd0de937eff3cb920c4fac41509f0693889f0eff39fe2b358ba,0ef52dddff9ea1c4f1d65b34f23e7b528a2f8e9e,18,3,0,11,3,70,70,10,10,10.0,OfficialWeakeningConsequent,MIN_EXPANDED_SIZE,SAT,11.506376061999617,PASSED,REUSED_E4,E4_REUSED,0,29678,1158783,3960816,,,54202,1,b23d226ca83df9fce628c2aa5e55fe5baf034f917290edb1e77db8903d6cf493,,,,,8,,,,,,,0
b3,weakening/weaken_consequent/weaken_consequent_10_70_70.trace,weakening,macro,dd6e63ef5679bfd0de937eff3cb920c4fac41509f0693889f0eff39fe2b358ba,0ef52dddff9ea1c4f1d65b34f23e7b528a2f8e9e,18,3,0,11,3,70,70,10,10,10.0,OfficialWeakeningConsequent,MIN_EXPANDED_SIZE,SAT,37.07797508499789,PASSED,REUSED_E4,E4_REUSED,0,53043,1279198,3203683,,,118128,1,82051aaa3611cf7cec7d6118fa86415557bb8157f746c3702901ea0b02f677d0,15,109,169,109,8,7,0.0,0,7,8,,0
b3,weakening/weaken_consequent/weaken_consequent_10_75_75.trace,weakening,atlas-b,a9264ba7a63670b26389af1d2d5346b75f955126e0f2a05351f4e6f17d6dd630,0ef52dddff9ea1c4f1d65b34f23e7b528a2f8e9e,18,3,0,11,3,75,75,10,10,10.0,OfficialWeakeningConsequent,MIN_EXPANDED_SIZE,SAT,11.234434382000472,PASSED,REUSED_E4,E4_REUSED,0,31778,1240853,4241966,,,57862,1,155b2bfbacb4141274f418d0e4ef01b88cb0cc9354a265fc80db65ebfaa199d2,,,,,8,,,,,,,0
b3,weakening/weaken_consequent/weaken_consequent_10_75_75.trace,weakening,macro,a9264ba7a63670b26389af1d2d5346b75f955126e0f2a05351f4e6f17d6dd630,0ef52dddff9ea1c4f1d65b34f23e7b528a2f8e9e,18,3,0,11,3,75,75,10,10,10.0,OfficialWeakeningConsequent,MIN_EXPANDED_SIZE,SAT,31.619816922997416,PASSED,REUSED_E4,E4_REUSED,0,56343,1360968,3401133,,,120853,1,8f426c67e825a51f49ee9b482be4bdb0222f6b8c4dba282cdd789ad78d2cfc28,15,109,169,109,8,7,0.0,0,7,8,,0
b3,weakening/weaken_consequent/weaken_consequent_10_80_80.trace,weakening,atlas-b,c4b165b1a621a8218ee3e297acebadafb3d4459ecf2e5640ae7664f32ded2a06,0ef52dddff9ea1c4f1d65b34f23e7b528a2f8e9e,18,3,0,11,3,80,80,10,10,10.0,OfficialWeakeningConsequent,MIN_EXPANDED_SIZE,SAT,11.568750859998545,PASSED,REUSED_E4,E4_REUSED,0,33878,1322923,4523116,,,61522,1,03ea96689b1b6b3e58a889ff621f6d9b2dfa999d5416f3e90d12b22180246147,,,,,8,,,,,,,0
b3,weakening/weaken_consequent/weaken_consequent_10_80_80.trace,weakening,macro,c4b165b1a621a8218ee3e297acebadafb3d4459ecf2e5640ae7664f32ded2a06,0ef52dddff9ea1c4f1d65b34f23e7b528a2f8e9e,18,3,0,11,3,80,80,10,10,10.0,OfficialWeakeningConsequent,MIN_EXPANDED_SIZE,SAT,34.092850206998264,PASSED,REUSED_E4,E4_REUSED,0,59478,1438767,3588668,,,126050,1,5fc683386710a8e8606f166364d073a4bf19eef556e3314bb00b2d224e634de5,15,109,169,109,8,7,0.0,0,7,8,,0
b3,weakening/weaken_consequent/weaken_consequent_10_85_85.trace,weakening,atlas-b,7aa55051300d2220c06e0b5b806ca04beff81417c670fa2ad42df15843f0bdc1,0ef52dddff9ea1c4f1d65b34f23e7b528a2f8e9e,18,3,0,11,3,85,85,10,10,10.0,OfficialWeakeningConsequent,MIN_EXPANDED_SIZE,SAT,12.96982724999907,PASSED,REUSED_E4,E4_REUSED,0,35978,1404993,4804266,,,65182,1,46804afbb04f2505ebd2f26b7f9cef4beb159467f5a8f8345a366d37c8c454aa,,,,,8,,,,,,,0
b3,weakening/weaken_consequent/weaken_consequent_10_85_85.trace,weakening,macro,7aa55051300d2220c06e0b5b806ca04beff81417c670fa2ad42df15843f0bdc1,0ef52dddff9ea1c4f1d65b34f23e7b528a2f8e9e,18,3,0,11,3,85,85,10,10,10.0,OfficialWeakeningConsequent,MIN_EXPANDED_SIZE,SAT,33.28207044100054,PASSED,REUSED_E4,E4_REUSED,0,62943,1523804,3795473,,,126073,1,5888e0980318532669dd72e487fae87d8ef0546ba81e56d9363fbb1fd2b44cd1,15,109,169,109,8,7,0.0,0,7,8,,0
b3,weakening/weaken_consequent/weaken_consequent_10_90_90.trace,weakening,atlas-b,b54e8d4aceb6c9279c42c8d005db04296075ab90203596024b08cb32fc2724ee,0ef52dddff9ea1c4f1d65b34f23e7b528a2f8e9e,18,3,0,11,3,90,90,10,10,10.0,OfficialWeakeningConsequent,MIN_EXPANDED_SIZE,SAT,13.243258322996553,PASSED,REUSED_E4,E4_REUSED,0,38078,1487063,5085416,,,68842,1,eb28682608bd265a5a8031705c9a555d987a386c74b6df3e58160b58d6fa061b,,,,,8,,,,,,,0
b3,weakening/weaken_consequent/weaken_consequent_10_90_90.trace,weakening,macro,b54e8d4aceb6c9279c42c8d005db04296075ab90203596024b08cb32fc2724ee,0ef52dddff9ea1c4f1d65b34f23e7b528a2f8e9e,18,3,0,11,3,90,90,10,10,10.0,OfficialWeakeningConsequent,MIN_EXPANDED_SIZE,SAT,40.642023761996825,PASSED,REUSED_E4,E4_REUSED,0,66243,1605262,3992539,,,128529,1,0bce4d539b69aa61a2b749df656793db6f228db7823e3d9239b47aedab6fe433,15,109,169,109,8,7,0.0,0,7,8,,0
b3,weakening/weaken_consequent/weaken_consequent_10_95_95.trace,weakening,atlas-b,cacc2bd3797939ea41759b9e20f7e0d8af2da0e2537c8f1b39e7f86a3b79f661,0ef52dddff9ea1c4f1d65b34f23e7b528a2f8e9e,18,3,0,11,3,95,95,10,10,10.0,OfficialWeakeningConsequent,MIN_EXPANDED_SIZE,SAT,15.221252987001208,PASSED,REUSED_E4,E4_REUSED,0,40178,1569133,5366566,,,72502,1,55647cbb71b9f9e27f1c8362c5dcdee377d6a38b3adc17d4dabc87d7db6ffeac,,,,,8,,,,,,,0
b3,weakening/weaken_consequent/weaken_consequent_10_95_95.trace,weakening,macro,cacc2bd3797939ea41759b9e20f7e0d8af2da0e2537c8f1b39e7f86a3b79f661,0ef52dddff9ea1c4f1d65b34f23e7b528a2f8e9e,18,3,0,11,3,95,95,10,10,10.0,OfficialWeakeningConsequent,MIN_EXPANDED_SIZE,SAT,42.591856613002165,PASSED,REUSED_E4,E4_REUSED,0,69543,1686736,4189621,,,131486,1,a7250bd4b8a000c98171485fea51b23efe574ef3bf1fa29499454018ce8b00a2,15,109,169,109,8,7,0.0,0,7,8,,0
b3,weakening/weaken_consequent/weaken_consequent_15_10_10.trace,weakening,atlas-b,527d1c79dca0a4dfc73bccd7b8a09eb27181ee9733827cfded8b0331bb0c5b73,0ef52dddff9ea1c4f1d65b34f23e7b528a2f8e9e,18,3,0,11,3,10,10,15,15,15.0,OfficialWeakeningConsequent,MIN_EXPANDED_SIZE,SAT,3.9329081989999395,PASSED,REUSED_E4,E4_REUSED,0,8078,423943,1515116,,,13381,1,54a3418a637261c4866c8057ba87b51e9424468de7a93e11df91c3fa399a7f4f,,,,,8,,,,,,,0
b3,weakening/weaken_consequent/weaken_consequent_15_10_10.trace,weakening,macro,527d1c79dca0a4dfc73bccd7b8a09eb27181ee9733827cfded8b0331bb0c5b73,0ef52dddff9ea1c4f1d65b34f23e7b528a2f8e9e,18,3,0,11,3,10,10,15,15,15.0,OfficialWeakeningConsequent,MIN_EXPANDED_SIZE,SAT,13.80560063500161,PASSED,REUSED_E4,E4_REUSED,0,16743,371170,1023639,,,90174,1,b3e2f284eaeca2c96b32c7f6f1954ba0eb14648d8aabb287a301ddc5369b08c3,15,109,169,109,8,7,0.0,0,7,8,,0
b3,weakening/weaken_consequent/weaken_consequent_20_10_10.trace,weakening,atlas-b,a6828e17467ccfba3c4892b13af14eae77c56764981c5c6fedae665fc99b4eb0,0ef52dddff9ea1c4f1d65b34f23e7b528a2f8e9e,18,3,0,11,3,10,10,20,20,20.0,OfficialWeakeningConsequent,MIN_EXPANDED_SIZE,SAT,10.312198651001381,PASSED,REUSED_E4,E4_REUSED,0,12678,1037343,3852416,,,16461,1,40afa3eb224a8394798199778e4eb7233ed84154388042a521e6b2d82fa9d44b,,,,,8,,,,,,,0
b3,weakening/weaken_consequent/weaken_consequent_20_10_10.trace,weakening,macro,a6828e17467ccfba3c4892b13af14eae77c56764981c5c6fedae665fc99b4eb0,0ef52dddff9ea1c4f1d65b34f23e7b528a2f8e9e,18,3,0,11,3,10,10,20,20,20.0,OfficialWeakeningConsequent,MIN_EXPANDED_SIZE,SAT,14.431103759001417,PASSED,REUSED_E4,E4_REUSED,0,20043,440662,1209131,,,91497,1,410fda8a5f07a426eb39780a69b3a49b352fa62bdb37f0b604961a5de4f461e0,15,109,169,109,8,7,0.0,0,7,8,,0
b3,weakening/weaken_consequent/weaken_consequent_25_10_10.trace,weakening,atlas-b,86f99f65fdbbca16ebbbae53d1d26468647cf5f845acb40fc6064f556896194e,0ef52dddff9ea1c4f1d65b34f23e7b528a2f8e9e,18,3,0,11,3,10,10,25,25,25.0,OfficialWeakeningConsequent,MIN_EXPANDED_SIZE,SAT,14.647690861002047,PASSED,REUSED_E4,E4_REUSED,0,18278,1890443,7143316,,,19541,1,adaf76a067217965689403714f69091099fff7c4aa561914f0fe8263e0a7bab1,,,,,8,,,,,,,0
b3,weakening/weaken_consequent/weaken_consequent_25_10_10.trace,weakening,macro,86f99f65fdbbca16ebbbae53d1d26468647cf5f845acb40fc6064f556896194e,0ef52dddff9ea1c4f1d65b34f23e7b528a2f8e9e,18,3,0,11,3,10,10,25,25,25.0,OfficialWeakeningConsequent,MIN_EXPANDED_SIZE,SAT,12.306705078997766,PASSED,REUSED_E4,E4_REUSED,0,23343,510170,1394639,,,93155,1,b82a6241b63632b5995b241ad033bdf140b284fd079f7deb2389eb2328ae71f8,15,109,169,109,8,7,0.0,0,7,8,,0
b3,weakening/weaken_consequent/weaken_consequent_30_10_10.trace,weakening,atlas-b,3d42d88c0941627c380e2af47f0038693423aaab6c4080fef168dee15df86405,0ef52dddff9ea1c4f1d65b34f23e7b528a2f8e9e,18,3,0,11,3,10,10,30,30,30.0,OfficialWeakeningConsequent,MIN_EXPANDED_SIZE,SAT,22.940960690000793,PASSED,REUSED_E4,E4_REUSED,0,24878,3132043,11967716,,,22621,1,783b90fd9446adda25e2a6898ce156ecaecac0fc81bd7d48a213c0933faa12f0,,,,,8,,,,,,,0
b3,weakening/weaken_consequent/weaken_consequent_30_10_10.trace,weakening,macro,3d42d88c0941627c380e2af47f0038693423aaab6c4080fef168dee15df86405,0ef52dddff9ea1c4f1d65b34f23e7b528a2f8e9e,18,3,0,11,3,10,10,30,30,30.0,OfficialWeakeningConsequent,MIN_EXPANDED_SIZE,SAT,14.485693530998105,PASSED,REUSED_E4,E4_REUSED,0,26643,579654,1580123,,,94806,1,290f2b9c1a8e047b50acc22db90ce3071c629bfcf21f1414f24a19c3cf774114,15,109,169,109,8,7,0.0,0,7,8,,0
b3,weakening/weaken_consequent/weaken_consequent_35_10_10.trace,weakening,atlas-b,c4c5301393e2f6cdc29a26b4b0d4191eda1928bc582fbecce0e36d5b5c5f8e97,0ef52dddff9ea1c4f1d65b34f23e7b528a2f8e9e,18,3,0,11,3,10,10,35,35,35.0,OfficialWeakeningConsequent,MIN_EXPANDED_SIZE,SAT,48.087307349000184,PASSED,REUSED_E4,E4_REUSED,0,32478,5730343,22113716,,,25701,1,bea67dee4661711e4724624c47489dd5fffe01e5a3761ba88a8636675d6fec26,,,,,8,,,,,,,0
b3,weakening/weaken_consequent/weaken_consequent_35_10_10.trace,weakening,macro,c4c5301393e2f6cdc29a26b4b0d4191eda1928bc582fbecce0e36d5b5c5f8e97,0ef52dddff9ea1c4f1d65b34f23e7b528a2f8e9e,18,3,0,11,3,10,10,35,35,35.0,OfficialWeakeningConsequent,MIN_EXPANDED_SIZE,SAT,17.134542951000185,PASSED,REUSED_E4,E4_REUSED,0,29943,649162,1765631,,,95970,1,d33ba62cdfd8af58787bbdd9f4e41a4d11843e8cca444621c680cbb307e059fe,15,109,169,109,8,7,0.0,0,7,8,,0
b3,weakening/weaken_consequent/weaken_consequent_40_10_10.trace,weakening,atlas-b,44afafa1a03d980f2c15c8d4c93f7621bf95406f52a9042ca772c34765f942c6,0ef52dddff9ea1c4f1d65b34f23e7b528a2f8e9e,18,3,0,11,3,10,10,40,40,40.0,OfficialWeakeningConsequent,MIN_EXPANDED_SIZE,SAT,95.71458356600124,PASSED,REUSED_E4,E4_REUSED,0,41078,8407543,32613416,,,28781,1,527cafb146e6b8a6c06f76c5a7f74b7c8c04708962b8c519ce518bbd1c15fc60,,,,,8,,,,,,,0
b3,weakening/weaken_consequent/weaken_consequent_40_10_10.trace,weakening,macro,44afafa1a03d980f2c15c8d4c93f7621bf95406f52a9042ca772c34765f942c6,0ef52dddff9ea1c4f1d65b34f23e7b528a2f8e9e,18,3,0,11,3,10,10,40,40,40.0,OfficialWeakeningConsequent,MIN_EXPANDED_SIZE,SAT,18.22464648299865,PASSED,REUSED_E4,E4_REUSED,0,33243,718670,1951139,,,97340,1,f93ed5f51379a1fa9c0835001fd7b24c2d0784e94987b2a7c673c4b2c7bdd073,15,109,169,109,8,7,0.0,0,7,8,,0
b3,weakening/weaken_consequent/weaken_consequent_45_10_10.trace,weakening,atlas-b,d737901d8f018a1c08e002e91886ae5698fca92b4b6bf0f269cdd7802de407da,0ef52dddff9ea1c4f1d65b34f23e7b528a2f8e9e,18,3,0,11,3,10,10,45,45,45.0,OfficialWeakeningConsequent,MIN_EXPANDED_SIZE,TIMEOUT,180.3267761060015,IN_PROGRESS,TIMEOUT,TRANSLATE_ONLY,1,,,,,,31861,1,404a0d6a2cb95c0486e6445a96b2d96353b83c9f2e53fccf5487cde6823ef6b4,,,,,,,,,,,CNF translation timed out: baseline_scope_8_bound_0.als,180.312218381001
b3,weakening/weaken_consequent/weaken_consequent_45_10_10.trace,weakening,macro,d737901d8f018a1c08e002e91886ae5698fca92b4b6bf0f269cdd7802de407da,0ef52dddff9ea1c4f1d65b34f23e7b528a2f8e9e,18,3,0,11,3,10,10,45,45,45.0,OfficialWeakeningConsequent,MIN_EXPANDED_SIZE,SAT,14.875297883001622,PASSED,REUSED_E4,E4_REUSED,0,36543,788090,2136559,,,98362,1,ef63eebef8efe8c3b6369d58ab74a22ebf00afa8bd966b80d8547d1217396b9f,15,109,169,109,8,7,0.0,0,7,8,,0
b3,weakening/weaken_consequent/weaken_consequent_50_10_10.trace,weakening,atlas-b,2e2c6fc839f779bbb264f7bada7c1af649e566c9ddbd4489e955b4bd8e844bc1,0ef52dddff9ea1c4f1d65b34f23e7b528a2f8e9e,18,3,0,11,3,10,10,50,50,50.0,OfficialWeakeningConsequent,MIN_EXPANDED_SIZE,TIMEOUT,180.3076199829993,IN_PROGRESS,TIMEOUT,TRANSLATE_ONLY,1,,,,,,34941,1,25c6b667220463c2150fef51754a7a0d18782a0d8bba747f47642c0074764007,,,,,,,,,,,CNF translation timed out: baseline_scope_8_bound_0.als,180.27966470400042
b3,weakening/weaken_consequent/weaken_consequent_50_10_10.trace,weakening,macro,2e2c6fc839f779bbb264f7bada7c1af649e566c9ddbd4489e955b4bd8e844bc1,0ef52dddff9ea1c4f1d65b34f23e7b528a2f8e9e,18,3,0,11,3,10,10,50,50,50.0,OfficialWeakeningConsequent,MIN_EXPANDED_SIZE,SAT,20.36887817400202,PASSED,REUSED_E4,E4_REUSED,0,39843,857638,2322107,,,100217,1,f9a35883f682805041bb5a79226f256d72be12d5dd8d5ca4334981b0f5a90ffe,15,109,169,109,8,7,0.0,0,7,8,,0
b3,weakening/weaken_consequent/weaken_consequent_55_10_10.trace,weakening,atlas-b,ba34617e41e5dbf54dc15ae33f459d5f700fd252488ef59b16ec6f0bd85702b2,0ef52dddff9ea1c4f1d65b34f23e7b528a2f8e9e,18,3,0,11,3,10,10,55,55,55.0,OfficialWeakeningConsequent,MIN_EXPANDED_SIZE,TIMEOUT,180.3373252320016,IN_PROGRESS,TIMEOUT,TRANSLATE_ONLY,1,,,,,,38021,1,3f6ca53512ad0e60109e53748702fd6b5e0fd6a5f4a633e5b1b6e41976454578,,,,,,,,,,,CNF translation timed out: baseline_scope_8_bound_0.als,180.31418000299982
b3,weakening/weaken_consequent/weaken_consequent_55_10_10.trace,weakening,macro,ba34617e41e5dbf54dc15ae33f459d5f700fd252488ef59b16ec6f0bd85702b2,0ef52dddff9ea1c4f1d65b34f23e7b528a2f8e9e,18,3,0,11,3,10,10,55,55,55.0,OfficialWeakeningConsequent,MIN_EXPANDED_SIZE,SAT,21.96443696999995,PASSED,REUSED_E4,E4_REUSED,0,43143,927162,2507631,,,101819,1,b685746adba9baabd34adc3afb04ef83cd747fc8af86f39c72a18492fba039ab,15,109,169,109,8,7,0.0,0,7,8,,0
b3,weakening/weaken_consequent/weaken_consequent_5_10_10.trace,weakening,atlas-b,1c2fdebb5c282beeda362b1dd2f771fcbade6cef47e011bc64f3934df3065609,0ef52dddff9ea1c4f1d65b34f23e7b528a2f8e9e,18,3,0,11,3,10,10,5,5,5.0,OfficialWeakeningConsequent,MIN_EXPANDED_SIZE,SAT,1.6651200119995337,PASSED,REUSED_E4,E4_REUSED,0,1878,52543,158216,,,7517,1,0747031b5c6caf0283f6a3c9675e1b03c3f11f9c778ed327ec6e2032622dfaf8,,,,,8,,,,,,,0
b3,weakening/weaken_consequent/weaken_consequent_5_10_10.trace,weakening,macro,1c2fdebb5c282beeda362b1dd2f771fcbade6cef47e011bc64f3934df3065609,0ef52dddff9ea1c4f1d65b34f23e7b528a2f8e9e,18,3,0,11,3,10,10,5,5,5.0,OfficialWeakeningConsequent,MIN_EXPANDED_SIZE,SAT,12.356426943002589,PASSED,REUSED_E4,E4_REUSED,0,10143,231786,652159,,,87562,1,15dfd3e10975f5ec0ce3042100725b3ff3e2a9f3260387e98733b86c0e9cd9d0,15,109,169,109,8,7,0.0,0,7,8,,0
b3,weakening/weaken_consequent/weaken_consequent_60_10_10.trace,weakening,atlas-b,d6fabd3c8467e4a7e0e8ab65f1917f172c44f6874abdc1425a5eaca124d2fada,0ef52dddff9ea1c4f1d65b34f23e7b528a2f8e9e,18,3,0,11,3,10,10,60,60,60.0,OfficialWeakeningConsequent,MIN_EXPANDED_SIZE,TIMEOUT,180.3355646209966,IN_PROGRESS,TIMEOUT,TRANSLATE_ONLY,1,,,,,,41101,1,bfeb470f56254974b36bf187e8778fd3aea9870549ac96cdf943b49eea6a7184,,,,,,,,,,,CNF translation timed out: baseline_scope_8_bound_0.als,180.29882693800027
b3,weakening/weaken_consequent/weaken_consequent_60_10_10.trace,weakening,macro,d6fabd3c8467e4a7e0e8ab65f1917f172c44f6874abdc1425a5eaca124d2fada,0ef52dddff9ea1c4f1d65b34f23e7b528a2f8e9e,18,3,0,11,3,10,10,60,60,60.0,OfficialWeakeningConsequent,MIN_EXPANDED_SIZE,SAT,23.208218838000903,PASSED,REUSED_E4,E4_REUSED,0,46443,996670,2693139,,,102972,1,b610d555c191be812298c4cc18cfc6d117d29f7e2c4f2b37fe80c7b689933a69,15,109,169,109,8,7,0.0,0,7,8,,0
b3,weakening/weaken_consequent/weaken_consequent_65_10_10.trace,weakening,atlas-b,8682219a1e88107e3a694a1aef6111f979939a7ffd7c513d7d6b151d0c746d23,0ef52dddff9ea1c4f1d65b34f23e7b528a2f8e9e,18,3,0,11,3,10,10,65,65,65.0,OfficialWeakeningConsequent,MIN_EXPANDED_SIZE,TIMEOUT,180.35754821199953,IN_PROGRESS,TIMEOUT,TRANSLATE_ONLY,1,,,,,,44181,1,243b8c167f3f2dd1c23c0d3167f2b1b74d00cf1d87cda99011d0606a38ec19a8,,,,,,,,,,,CNF translation timed out: baseline_scope_8_bound_0.als,180.29945716299972
b3,weakening/weaken_consequent/weaken_consequent_65_10_10.trace,weakening,macro,8682219a1e88107e3a694a1aef6111f979939a7ffd7c513d7d6b151d0c746d23,0ef52dddff9ea1c4f1d65b34f23e7b528a2f8e9e,18,3,0,11,3,10,10,65,65,65.0,OfficialWeakeningConsequent,MIN_EXPANDED_SIZE,SAT,23.675560509000206,PASSED,REUSED_E4,E4_REUSED,0,49743,1066130,2878599,,,104532,1,30f3348ef74260f74496f09f3fdf238c16dd74f6e4fe68700a9d91565163ab2d,15,109,169,109,8,7,0.0,0,7,8,,0
b3,weakening/weaken_consequent/weaken_consequent_70_10_10.trace,weakening,atlas-b,536daeb88c0f01df49ee57825ce8c3b7f7ece712e80bb47e2afb76944bee6e2a,0ef52dddff9ea1c4f1d65b34f23e7b528a2f8e9e,18,3,0,11,3,10,10,70,70,70.0,OfficialWeakeningConsequent,MIN_EXPANDED_SIZE,TIMEOUT,180.33184978899953,IN_PROGRESS,TIMEOUT,TRANSLATE_ONLY,1,,,,,,47261,1,bc5497d1045cccb9587d142b06bafc595f87052fdae530567d6f294a51ffcb6b,,,,,,,,,,,CNF translation timed out: baseline_scope_8_bound_0.als,180.28886998100097
b3,weakening/weaken_consequent/weaken_consequent_70_10_10.trace,weakening,macro,536daeb88c0f01df49ee57825ce8c3b7f7ece712e80bb47e2afb76944bee6e2a,0ef52dddff9ea1c4f1d65b34f23e7b528a2f8e9e,18,3,0,11,3,10,10,70,70,70.0,OfficialWeakeningConsequent,MIN_EXPANDED_SIZE,SAT,24.96581481999965,PASSED,REUSED_E4,E4_REUSED,0,53043,1135654,3064123,,,105858,1,69cf8eadbbe713124e94523da60840e60d560181ac502f7ebb72edc95bf147f5,15,109,169,109,8,7,0.0,0,7,8,,0
b3,weakening/weaken_consequent/weaken_consequent_75_10_10.trace,weakening,atlas-b,b23d468c7148ff8f9bf206a19980408f5ee2e7afb5fd4f3aa68f01919400cd1e,0ef52dddff9ea1c4f1d65b34f23e7b528a2f8e9e,18,3,0,11,3,10,10,75,75,75.0,OfficialWeakeningConsequent,MIN_EXPANDED_SIZE,TIMEOUT,180.31782156699774,IN_PROGRESS,TIMEOUT,TRANSLATE_ONLY,1,,,,,,50341,1,508859e92a4934f6b32322e9676a02b474be529042e1f41c81da3310afc7e9dc,,,,,,,,,,,CNF translation timed out: baseline_scope_8_bound_0.als,180.31749341700015
b3,weakening/weaken_consequent/weaken_consequent_75_10_10.trace,weakening,macro,b23d468c7148ff8f9bf206a19980408f5ee2e7afb5fd4f3aa68f01919400cd1e,0ef52dddff9ea1c4f1d65b34f23e7b528a2f8e9e,18,3,0,11,3,10,10,75,75,75.0,OfficialWeakeningConsequent,MIN_EXPANDED_SIZE,SAT,26.629851174999203,PASSED,REUSED_E4,E4_REUSED,0,56343,1205170,3249639,,,107600,1,b0a33ac1a70b4fcc9f921c16a3fd6f2c4cd7a429214fef4ad8e761151004cdcc,15,109,169,109,8,7,0.0,0,7,8,,0
b3,weakening/weaken_consequent/weaken_consequent_80_10_10.trace,weakening,atlas-b,4e6d871d660393a5167cb3095b33b23d36e45370bbad1a6c79c058438aa312e5,0ef52dddff9ea1c4f1d65b34f23e7b528a2f8e9e,18,3,0,11,3,10,10,80,80,80.0,OfficialWeakeningConsequent,MIN_EXPANDED_SIZE,TIMEOUT,180.38913865599898,IN_PROGRESS,TIMEOUT,TRANSLATE_ONLY,1,,,,,,53421,1,a7a3c91a5dbe2b6e6eda3f9dfbd8359b036bb2134d7521a9bb3995c5028923c9,,,,,,,,,,,CNF translation timed out: baseline_scope_8_bound_0.als,180.2867698179998
b3,weakening/weaken_consequent/weaken_consequent_80_10_10.trace,weakening,macro,4e6d871d660393a5167cb3095b33b23d36e45370bbad1a6c79c058438aa312e5,0ef52dddff9ea1c4f1d65b34f23e7b528a2f8e9e,18,3,0,11,3,10,10,80,80,80.0,OfficialWeakeningConsequent,MIN_EXPANDED_SIZE,SAT,21.179419317002612,PASSED,REUSED_E4,E4_REUSED,0,59643,1274662,3435131,,,108477,1,5b27a87cf5c143090f7f89d61db49c98a2e6a01aa3f7bdb0ecdf5210bcc8e003,15,109,169,109,8,7,0.0,0,7,8,,0
b3,weakening/weaken_consequent/weaken_consequent_85_10_10.trace,weakening,atlas-b,33aead5ade5e6fd9fb39f43dfedbce107e7ffbbac3937df21110b74ca96ff57a,0ef52dddff9ea1c4f1d65b34f23e7b528a2f8e9e,18,3,0,11,3,10,10,85,85,85.0,OfficialWeakeningConsequent,MIN_EXPANDED_SIZE,TIMEOUT,180.30281442399792,IN_PROGRESS,TIMEOUT,TRANSLATE_ONLY,1,,,,,,56501,1,5e708b7d1d175b6631f1d821b3a9b068b4b3aa75b4b3e061b3cf79a29ebe886e,,,,,,,,,,,CNF translation timed out: baseline_scope_8_bound_0.als,180.29666326000006
b3,weakening/weaken_consequent/weaken_consequent_85_10_10.trace,weakening,macro,33aead5ade5e6fd9fb39f43dfedbce107e7ffbbac3937df21110b74ca96ff57a,0ef52dddff9ea1c4f1d65b34f23e7b528a2f8e9e,18,3,0,11,3,10,10,85,85,85.0,OfficialWeakeningConsequent,MIN_EXPANDED_SIZE,SAT,28.335403971999767,PASSED,REUSED_E4,E4_REUSED,0,62943,1344162,3620631,,,110384,1,f59965724b55904c877f445ed38e78d954105f14b3b0536da02c17b18971cda5,15,109,169,109,8,7,0.0,0,7,8,,0
b3,weakening/weaken_consequent/weaken_consequent_90_10_10.trace,weakening,atlas-b,65b09948e3207b84c13eb53712052464e9bf28e5593098ccbeb8c87af0b12ea2,0ef52dddff9ea1c4f1d65b34f23e7b528a2f8e9e,18,3,0,11,3,10,10,90,90,90.0,OfficialWeakeningConsequent,MIN_EXPANDED_SIZE,TIMEOUT,180.32280593999894,IN_PROGRESS,TIMEOUT,TRANSLATE_ONLY,1,,,,,,59581,1,62225ece9ba04f92b4a2a79f669cf40f67fb31cebb4af72f7f21e6de339bb0fd,,,,,,,,,,,CNF translation timed out: baseline_scope_8_bound_0.als,180.29057217900026
b3,weakening/weaken_consequent/weaken_consequent_90_10_10.trace,weakening,macro,65b09948e3207b84c13eb53712052464e9bf28e5593098ccbeb8c87af0b12ea2,0ef52dddff9ea1c4f1d65b34f23e7b528a2f8e9e,18,3,0,11,3,10,10,90,90,90.0,OfficialWeakeningConsequent,MIN_EXPANDED_SIZE,SAT,27.313279420999606,PASSED,REUSED_E4,E4_REUSED,0,66243,1413638,3806107,,,110895,1,f4dccf02b2357b2a1d0b4095ae4ff3c8ef7dd8ee96d429cf53221ca0b94ea16a,15,109,169,109,8,7,0.0,0,7,8,,0
b3,weakening/weaken_consequent/weaken_consequent_95_10_10.trace,weakening,atlas-b,026c828bf9d504c33bdbd1d72ccbba0d1e2201c795082e0db1ba8ec94684d9bc,0ef52dddff9ea1c4f1d65b34f23e7b528a2f8e9e,18,3,0,11,3,10,10,95,95,95.0,OfficialWeakeningConsequent,MIN_EXPANDED_SIZE,TIMEOUT,180.27846299000157,IN_PROGRESS,TIMEOUT,TRANSLATE_ONLY,1,,,,,,62661,1,b6e74ebb78d62744415ae95684355ef6dd62c57af3fa0483de9775931d27d3dd,,,,,,,,,,,CNF translation timed out: baseline_scope_8_bound_0.als,180.329180103
b3,weakening/weaken_consequent/weaken_consequent_95_10_10.trace,weakening,macro,026c828bf9d504c33bdbd1d72ccbba0d1e2201c795082e0db1ba8ec94684d9bc,0ef52dddff9ea1c4f1d65b34f23e7b528a2f8e9e,18,3,0,11,3,10,10,95,95,95.0,OfficialWeakeningConsequent,MIN_EXPANDED_SIZE,SAT,32.63042926200069,PASSED,REUSED_E4,E4_REUSED,0,69543,1483170,3991639,,,112805,1,f5ca8bf2571689f9c452509148abb35eecb1f0209f772a64fe2ca8fb864b16a2,15,109,169,109,8,7,0.0,0,7,8,,0
