campaign,task,caseId,family,category,B,b,inputSha256,status,reason,objectivePrimary,objectiveSecondary,formula,wallSec,startedUtc,finishedUtc,checkedSizes,inheritedUnsatSizes
rq1-exact-623-20260926,5to10Traces/0000.trace,861c0302bc8adcc6ba93,5to10Traces,plain,5,2,77fb428a069a6f5b21aeed975b428548a2642a5226f0e4c2e2ac284777a8614b,OPTIMAL,,0,3,!(F(x0)),0.3263976040000216,2026-09-26T17:49:34.411059+00:00,2026-09-26T17:49:34.798770+00:00,3,
rq1-exact-623-20260926,5to10Traces/0002.trace,59bc874fd556534d47c7,5to10Traces,plain,5,2,eb40501cc06da1eccd73b8b511a5d40674abeffa8794fa8e717e0fabc662a9eb,OPTIMAL,,0,3,!(F(x0)),1.5037171859999034,2026-09-26T17:50:19.267004+00:00,2026-09-26T17:50:20.828397+00:00,3,
rq1-exact-623-20260926,5to10Traces/0003.trace,d89ac7120e198974538a,5to10Traces,plain,5,2,6f39abe0295506c074ecc2d2ca624dbabd9e790cd4e32e2376c334e22c74ed0b,OPTIMAL,,0,3,!(F(x0)),1.5785808860000543,2026-09-26T17:50:08.806778+00:00,2026-09-26T17:50:10.442937+00:00,3,
rq1-exact-623-20260926,5to10Traces/0004.trace,d7e67511a93472d1bcfa,5to10Traces,plain,5,2,05629bb4f6035f93350157aa5f7d9a45ae7afd501c1d9cfe01c1c67a1b471a14,OPTIMAL,,0,3,G(!(x0)),3.036919726999713,2026-09-26T17:50:43.212814+00:00,2026-09-26T17:50:46.307700+00:00,3,
rq1-exact-623-20260926,5to10Traces/0005.trace,d3d599eeba94db579d17,5to10Traces,plain,5,2,660a589b506704d37a8541151f8c604018739a7d81f670e47eb3eaa1c1d4d439,OPTIMAL,,0,3,G(!(x0)),3.2242522480000844,2026-09-26T17:51:05.406778+00:00,2026-09-26T17:51:08.689185+00:00,3,
rq1-exact-623-20260926,5to10Traces/0006.trace,9ce041c0c0e89d34c785,5to10Traces,plain,5,2,7d3075244c5bbbe213fc317b55abec9af8071310f9d4db6cd3ae780bfd8366dd,OPTIMAL,,0,3,!(F(x0)),4.6381952659999115,2026-09-26T17:51:25.659894+00:00,2026-09-26T17:51:30.356167+00:00,3,
rq1-exact-623-20260926,5to10Traces/0007.trace,97e377ef1559bcdf26ac,5to10Traces,plain,5,2,18f49d7822132d05f1d4bb6e2811d77950778ba815b21d52c8366d09efeb63b2,OPTIMAL,,0,3,!(F(x0)),5.079322915000375,2026-09-26T17:50:17.357304+00:00,2026-09-26T17:50:22.494201+00:00,3,
rq1-exact-623-20260926,5to10Traces/0008.trace,d6b20935f1214c4cac01,5to10Traces,plain,5,2,41fc8b607a7d2187795688c08a2796236044c4aecfef14332076b60f8e493d1b,OPTIMAL,,0,3,G(!(x0)),6.187051456000063,2026-09-26T17:50:20.671283+00:00,2026-09-26T17:50:26.916632+00:00,3,
rq1-exact-623-20260926,5to10Traces/0009.trace,3d63aa5adf1ec4c2ebba,5to10Traces,plain,5,2,1fa2c89971eb9bf85ddb1903d4936d8b6807ddd6862da4db6a33713d919f22f9,OPTIMAL,,0,3,!(F(x0)),6.40898805300003,2026-09-26T17:50:20.883876+00:00,2026-09-26T17:50:27.350629+00:00,3,
rq1-exact-623-20260926,5to10Traces/0010.trace,8c9e67cedc0fceb521be,5to10Traces,plain,5,2,2c8d5f6b675827a4d0fc5a57c97b8c99adfd9886e1aee9ccba5b50f656dad98c,OPTIMAL,,0,3,!(F(x0)),7.677857568000036,2026-09-26T17:50:10.474119+00:00,2026-09-26T17:50:18.210079+00:00,3,
rq1-exact-623-20260926,5to10Traces/0011.trace,05271159b766d4536581,5to10Traces,plain,5,2,e38bf3e3c82d45a788e109824513c902af600af42cf5fa633e528c6fba782796,OPTIMAL,,0,3,G(!(x0)),8.262245723999968,2026-09-26T17:50:46.332251+00:00,2026-09-26T17:50:54.653230+00:00,3,
rq1-exact-623-20260926,5to10Traces/0012.trace,7ea45400096bddeb6096,5to10Traces,plain,5,2,b0ba16143354c8bf8a49bc68a909bda16cdb8008d6a8f5dc909add5fee906128,OPTIMAL,,0,3,!(F(x0)),9.36879589299997,2026-09-26T17:51:08.727483+00:00,2026-09-26T17:51:18.157029+00:00,3,
rq1-exact-623-20260926,5to10Traces/0013.trace,a486a3dc387534358b77,5to10Traces,plain,5,2,0a8539b9676e0142c7a3d8adc1f088dd222e222568f6c4c0e638bd9d2d1c0025,OPTIMAL,,0,3,!(F(x0)),10.166891785000189,2026-09-26T17:51:30.380305+00:00,2026-09-26T17:51:40.606721+00:00,3,
rq1-exact-623-20260926,5to10Traces/0014.trace,8c5b9b0515e2ad14e6c8,5to10Traces,plain,5,2,327d8396cc8c1a82e18d32f56a21117f218ebf6b88c17672b7bc0d39fff6f5bc,OPTIMAL,,0,3,!(F(x0)),10.905108444999769,2026-09-26T17:50:22.528561+00:00,2026-09-26T17:50:33.493102+00:00,3,
rq1-exact-623-20260926,5to10Traces/0015.trace,8fd1b1b6e5b297a719c8,5to10Traces,plain,5,2,0f0ec3bcc17fbab360cf629aca37f0d9e5415b296cb77f0082b1ee7567b46347,OPTIMAL,,0,3,G(!(x0)),11.765048857000238,2026-09-26T17:50:26.946280+00:00,2026-09-26T17:50:38.770675+00:00,3,
rq1-exact-623-20260926,5to10Traces/0016.trace,da554c68b32b9016733b,5to10Traces,plain,5,2,fbf3dac0c3575546823f9684f2862c2e7dd41a4bf51dc7a1cc1208b93e939e0d,OPTIMAL,,0,3,G(!(x0)),12.412207518999821,2026-09-26T17:50:27.407062+00:00,2026-09-26T17:50:39.878539+00:00,3,
rq1-exact-623-20260926,5to10Traces/0017.trace,fc4f42980be3b3d61fd3,5to10Traces,plain,5,2,45486e7c1a54c0d1b69c7fc4e6221d12e666904407bd082fcfdc0f69768ad5c2,OPTIMAL,,0,3,!(F(x0)),13.005650558999605,2026-09-26T17:50:18.251555+00:00,2026-09-26T17:50:31.315713+00:00,3,
rq1-exact-623-20260926,5to10Traces/0018.trace,e79e933b3389b22bf629,5to10Traces,plain,5,2,2a201848a120d6627cd6a3129527070df72cfba676dee4fc4872104f9611e1e6,OPTIMAL,,0,3,!(F(x0)),14.169768928999929,2026-09-26T17:50:54.711579+00:00,2026-09-26T17:51:08.941734+00:00,3,
rq1-exact-623-20260926,5to10Traces/0019.trace,b9128692243b9d77b2ab,5to10Traces,plain,5,2,d2ec63cb54f0d08edb08846e8e8cb304c4b44efa96bb5a3f755504a22f94a765,OPTIMAL,,0,3,!(F(x0)),15.27893744999983,2026-09-26T17:51:18.208910+00:00,2026-09-26T17:51:33.548810+00:00,3,
rq1-exact-623-20260926,5to10Traces/0020.trace,150338740ebfa78a6d27,5to10Traces,plain,5,2,fa994ea3d9fc4247e0618daf953b8dc940ca28b3068aba53d565728d72de4500,OPTIMAL,,0,3,!(F(x0)),16.190463874000216,2026-09-26T17:51:40.662727+00:00,2026-09-26T17:51:56.914732+00:00,3,
rq1-exact-623-20260926,5to10Traces/0021.trace,c240104f2d1c10377750,5to10Traces,plain,5,2,762208528583c652bfc45a65086137c0dbc2552587d032bd3d98e729c206c156,OPTIMAL,,0,3,!(F(x0)),16.70027233100018,2026-09-26T17:50:33.560947+00:00,2026-09-26T17:50:50.320037+00:00,3,
rq1-exact-623-20260926,5to10Traces/0088.trace,d1f3841b8987a2838401,5to10Traces,plain,3,2,7a07ac4d8b0c8cb38deb1004b65846c157259ffb4f5548d7963544aac1cca8d2,OPTIMAL,,0,2,F(x0),0.12886199700005818,2026-09-26T17:49:34.828655+00:00,2026-09-26T17:49:35.013397+00:00,2,
rq1-exact-623-20260926,5to10Traces/0090.trace,c04def4b066f97f3b331,5to10Traces,plain,3,2,aae4d3cc849f2b5a7e0584e99d69fb211c2f31bb4dc3fd6e19b24b8d24d723e7,OPTIMAL,,0,2,F(x0),0.5449607649998143,2026-09-26T17:49:36.181313+00:00,2026-09-26T17:49:36.782774+00:00,2,
rq1-exact-623-20260926,5to10Traces/0091.trace,606ac866fc5b11ae61d2,5to10Traces,plain,3,2,631f0c457dbe50cec8cf550316abcb72b4d5a50890fa3ebffe13f433ccc4b5cb,OPTIMAL,,0,2,F(x0),0.5940795569999864,2026-09-26T17:49:43.140642+00:00,2026-09-26T17:49:43.792419+00:00,2,
rq1-exact-623-20260926,5to10Traces/0092.trace,8607646d8f3d4ec6f273,5to10Traces,plain,3,2,62ea86f634cfac925dd12ebd7ea482b5fb3baeee8d14c5660c3a9644a3fa5912,OPTIMAL,,0,2,F(x0),1.1359374109999862,2026-09-26T17:49:51.056334+00:00,2026-09-26T17:49:52.251258+00:00,2,
rq1-exact-623-20260926,5to10Traces/0093.trace,3ea769d6a5d30301b209,5to10Traces,plain,3,2,1f7a3bfe898eeb704830223ce1a03d66aa0a1819d554c73d9249e9e11f5f6416,OPTIMAL,,0,2,F(x0),1.1241280250001182,2026-09-26T17:49:46.544669+00:00,2026-09-26T17:49:47.728261+00:00,2,
rq1-exact-623-20260926,5to10Traces/0094.trace,afedb5a164649ddb0969,5to10Traces,plain,3,2,cf035066127ad327132c81cc964e05ab03813f8cd80476dd27099088393ab63a,OPTIMAL,,0,2,F(x0),1.5979772279999906,2026-09-26T17:49:39.686017+00:00,2026-09-26T17:49:41.342273+00:00,2,
rq1-exact-623-20260926,5to10Traces/0095.trace,8611b44313877d4eee92,5to10Traces,plain,3,2,969646a38bc6bc704a38a19c2bc089befbedff76da85252b4f0454cf7ca53f0e,OPTIMAL,,0,2,F(x0),1.7477309869998408,2026-09-26T17:49:42.191794+00:00,2026-09-26T17:49:43.996626+00:00,2,
rq1-exact-623-20260926,5to10Traces/0096.trace,21aab346f5e499208eba,5to10Traces,plain,3,2,9e8986cbce62921405456d7978fa1091f428c3cedf59d10e01cb987e4c6c4ee6,OPTIMAL,,0,2,F(x0),2.1512483179999435,2026-09-26T17:49:35.043244+00:00,2026-09-26T17:49:37.254637+00:00,2,
rq1-exact-623-20260926,5to10Traces/0097.trace,7bb59f8193f85b46d241,5to10Traces,plain,3,2,36c74123004bf554286ebf3fbf6e0f9b4505302bf15f0fdee14eef2158b9c364,OPTIMAL,,0,2,F(x0),2.2145115860000715,2026-09-26T17:49:36.846423+00:00,2026-09-26T17:49:39.118246+00:00,2,
rq1-exact-623-20260926,5to10Traces/0098.trace,ee39761a6f02ecd35acf,5to10Traces,plain,3,2,ce337958f9cb1506bf6ebe597c8c3e73ec58f29c61a50599552376d2a26a0dec,OPTIMAL,,0,2,F(x0),2.7205263920000107,2026-09-26T17:49:43.806218+00:00,2026-09-26T17:49:46.584730+00:00,2,
rq1-exact-623-20260926,5to10Traces/0099.trace,ceff28633009f60032cf,5to10Traces,plain,3,2,c152a3542a2cfa8f0a9b44f8c2b462f744c64c750d256d066eec5363f634e9e4,OPTIMAL,,0,2,F(x0),2.846428353000192,2026-09-26T17:49:52.272962+00:00,2026-09-26T17:49:55.177580+00:00,2,
rq1-exact-623-20260926,5to10Traces/0100.trace,18cea1e32a15e52b3369,5to10Traces,plain,3,2,b385b1b83e1ba702a7e5529e05d998e662379fac0cb8e524ec316b8c70f44830,OPTIMAL,,0,2,F(x0),3.311852297999849,2026-09-26T17:49:47.760560+00:00,2026-09-26T17:49:51.132696+00:00,2,
rq1-exact-623-20260926,5to10Traces/0101.trace,857d588df2050ec0b704,5to10Traces,plain,3,2,372b9838d8266f416e41aa875ecca19abe8623178268fe6bc729bd22a9fc7775,OPTIMAL,,0,2,F(x0),3.465959739000027,2026-09-26T17:49:41.402508+00:00,2026-09-26T17:49:44.926265+00:00,2,
rq1-exact-623-20260926,5to10Traces/0102.trace,949cc403c3b03a69ca70,5to10Traces,plain,3,2,b780914745d7bbc088f58293ac0eb364e8086bfbccba6fd53d071b9a4fdadc02,OPTIMAL,,0,2,F(x0),3.729400152000153,2026-09-26T17:49:44.059484+00:00,2026-09-26T17:49:47.847561+00:00,2,
rq1-exact-623-20260926,5to10Traces/0103.trace,0da9deadefde9a6ef73d,5to10Traces,plain,3,2,e1a3034eb29a3ce2cdc0011b004fc8cfe908ae000a29283ae55944c0b36bcd9b,OPTIMAL,,0,2,F(x0),3.891155361999836,2026-09-26T17:49:37.310673+00:00,2026-09-26T17:49:41.259954+00:00,2,
rq1-exact-623-20260926,5to10Traces/0104.trace,6958110de129ff82ead4,5to10Traces,plain,3,2,3ee39a99cc109097f05b7991cc51b4e4a6db2c271cb9d6598152d17238349cb1,OPTIMAL,,0,2,F(x0),4.291395427999987,2026-09-26T17:49:39.164180+00:00,2026-09-26T17:49:43.514345+00:00,2,
rq1-exact-623-20260926,5to10Traces/0105.trace,d3c3e51e943ef06be72d,5to10Traces,plain,3,2,abb42f8c7226c387421d21d7148df6ff92155bea62f30a15fd0dd6e191c5b81b,OPTIMAL,,0,2,F(x0),4.574535941000022,2026-09-26T17:49:46.624733+00:00,2026-09-26T17:49:51.258154+00:00,2,
rq1-exact-623-20260926,5to10Traces/0106.trace,f3bef946e934300600b8,5to10Traces,plain,3,2,9593852e462db7fcb6ebe1f947471ac2acb167a391edb99c28d7ea92ee701ef3,OPTIMAL,,0,2,F(x0),4.794363894999833,2026-09-26T17:49:55.242742+00:00,2026-09-26T17:50:00.096375+00:00,2,
rq1-exact-623-20260926,5to10Traces/0107.trace,951d944d17eb0a254502,5to10Traces,plain,3,2,178d6d3d64ff35e0e1ff913cca0c8d0a07ce0195a3712dfbfad369cdd25dcdec,OPTIMAL,,0,2,F(x0),5.180273859999943,2026-09-26T17:49:51.179496+00:00,2026-09-26T17:49:56.419038+00:00,2,
rq1-exact-623-20260926,5to10Traces/0108.trace,aa5e995da6d68d58ee21,5to10Traces,plain,3,2,f696ac90e9140a1845d027e5579384548ee806f1e2495d49bdfd806b44ea86e3,OPTIMAL,,0,2,F(x0),5.457509120000168,2026-09-26T17:49:44.971372+00:00,2026-09-26T17:49:50.488363+00:00,2,
rq1-exact-623-20260926,5to10Traces/0109.trace,badd7ac3390b235db9b4,5to10Traces,plain,3,2,aeb5a317c4e0a898dcbeb6bed86b860c48c88f68e233287d49df9e3de9c62e3e,OPTIMAL,,0,2,F(x0),5.835647854999934,2026-09-26T17:49:47.880351+00:00,2026-09-26T17:49:53.775193+00:00,2,
rq1-exact-623-20260926,5to10Traces/0132.trace,ef542e494ed39f2fb219,5to10Traces,plain,3,2,b8f04080b403b525d4739677abc2261552d7e90a544a4b029ca6c415ea2d8b4f,OPTIMAL,,0,2,G(x0),0.13221172499993372,2026-09-26T17:49:41.281091+00:00,2026-09-26T17:49:41.470599+00:00,2,
rq1-exact-623-20260926,5to10Traces/0134.trace,78228e3dceb51c3d0689,5to10Traces,plain,3,2,b9a86b47eaf5db55f3666241002af9f574c3f021a944ea482f846dbf92122d19,OPTIMAL,,0,2,G(x0),0.5420953100001498,2026-09-26T17:49:43.534304+00:00,2026-09-26T17:49:44.133615+00:00,2,
rq1-exact-623-20260926,5to10Traces/0135.trace,ecf124953b4c8976ea48,5to10Traces,plain,3,2,1b6cceba381c9c55c8430ee1ee6b4571c1253381b79984b3214b0df3c84af5ae,OPTIMAL,,0,2,G(x0),0.5960634679997838,2026-09-26T17:49:51.295520+00:00,2026-09-26T17:49:51.948972+00:00,2,
rq1-exact-623-20260926,5to10Traces/0136.trace,b5e9b15e45c76280abb3,5to10Traces,plain,3,2,4862d0411c76482cbd08f868d034567e7f25612117230e55a8f33bc967d0257d,OPTIMAL,,0,2,G(x0),1.0660102100000586,2026-09-26T17:50:00.115894+00:00,2026-09-26T17:50:01.241906+00:00,2,
rq1-exact-623-20260926,5to10Traces/0137.trace,af27e66eea8d8635c698,5to10Traces,plain,3,2,06a4f0323c3063b2759ca99fa5e10bf8f6fc5fff6b9cf7ec7fcd745abafd1f3a,OPTIMAL,,0,2,G(x0),1.1150542800000949,2026-09-26T17:49:56.450743+00:00,2026-09-26T17:49:57.623491+00:00,2,
rq1-exact-623-20260926,5to10Traces/0138.trace,646974e5d14a391b5060,5to10Traces,plain,3,2,09f0d6edaa326743df4626e398323c88e54ccc3996da89c4ac50e088a460f418,OPTIMAL,,0,2,G(x0),1.6013700860000881,2026-09-26T17:49:50.542933+00:00,2026-09-26T17:49:52.202935+00:00,2,
rq1-exact-623-20260926,5to10Traces/0139.trace,ef959f1502429b2f6bf8,5to10Traces,plain,3,2,bf7944e4c8fc98df28f2164a293c37173fe918ab58c61018526a048088c84fc7,OPTIMAL,,0,2,G(x0),1.6947302229998513,2026-09-26T17:49:53.802297+00:00,2026-09-26T17:49:55.554699+00:00,2,
rq1-exact-623-20260926,5to10Traces/0140.trace,658db9220c38a5b59bf4,5to10Traces,plain,3,2,799116c644e6dcce5d5f7359b49af06ac7f6a7597b28ebc0af2447732535679d,OPTIMAL,,0,2,G(x0),2.12584167,2026-09-26T17:49:41.495674+00:00,2026-09-26T17:49:43.679284+00:00,2,
rq1-exact-623-20260926,5to10Traces/0141.trace,5146f3fcc47abd7418ff,5to10Traces,plain,3,2,eaaa14beeeee68786188f6926149a68b31cafde21a0dee43ee6800922b11834f,OPTIMAL,,0,2,G(x0),2.310010200000079,2026-09-26T17:49:44.149318+00:00,2026-09-26T17:49:46.516530+00:00,2,
rq1-exact-623-20260926,5to10Traces/0142.trace,8f7fa5954a8f501f7ade,5to10Traces,plain,3,2,436b64ca4da5bdacfc8950be816246e2cc610f8ec153de76d6de51765295127d,OPTIMAL,,0,2,G(x0),2.685345761999997,2026-09-26T17:49:52.011048+00:00,2026-09-26T17:49:54.754777+00:00,2,
rq1-exact-623-20260926,5to10Traces/0143.trace,3714602eb691ed72aefb,5to10Traces,plain,3,2,23f66a69bf200e03b6a5fe7fe0c81ab0b5dded3605a6a4f86290dba127b209a0,OPTIMAL,,0,2,G(x0),2.800693128000148,2026-09-26T17:50:01.282445+00:00,2026-09-26T17:50:04.142336+00:00,2,
rq1-exact-623-20260926,5to10Traces/0144.trace,cb3a03145ef0806d17f1,5to10Traces,plain,3,2,604fd17a18204fd9bec122e669ecccc314f471b58a39ccb29b6af9a238ff456e,OPTIMAL,,0,2,G(x0),3.2560318710000047,2026-09-26T17:49:57.666516+00:00,2026-09-26T17:50:00.981680+00:00,2,
rq1-exact-623-20260926,5to10Traces/0145.trace,16f0fa684fb788448d84,5to10Traces,plain,3,2,f0e2bde72ac3567604f09ae166019f0a2ce10cece29e4ed24dad2092598bc0f6,OPTIMAL,,0,2,G(x0),3.4021600769999623,2026-09-26T17:49:52.259449+00:00,2026-09-26T17:49:55.721297+00:00,2,
rq1-exact-623-20260926,5to10Traces/0146.trace,6aea39392c02537ea7cb,5to10Traces,plain,3,2,93a3bb585734055b11004058e88a658f78a400e8ea2036c5ddff5db42549bd0f,OPTIMAL,,0,2,G(x0),3.772810497000137,2026-09-26T17:49:55.619031+00:00,2026-09-26T17:49:59.451970+00:00,2,
rq1-exact-623-20260926,5to10Traces/0147.trace,56f6359c5f2de5fbf63d,5to10Traces,plain,3,2,d01635d37957b69b76d355d254efc5f4394e536dfecdfe9d75264b441c802a5d,OPTIMAL,,0,2,G(x0),4.112827812999967,2026-09-26T17:49:43.713275+00:00,2026-09-26T17:49:47.884693+00:00,2,
rq1-exact-623-20260926,5to10Traces/0148.trace,2c7a940b94783307f909,5to10Traces,plain,3,2,c7d77813a74ca26f649eb0561259f3a5cad1014bd795b1fa361c58c242ab03fb,OPTIMAL,,0,2,G(x0),4.471430111000018,2026-09-26T17:49:46.566959+00:00,2026-09-26T17:49:51.098585+00:00,2,
rq1-exact-623-20260926,5to10Traces/0149.trace,aa04d1169534447fe945,5to10Traces,plain,3,2,dc750485e1b246b59418d8b42c562354e1f671c984191df12f963494e8079044,OPTIMAL,,0,2,G(x0),4.640832848000173,2026-09-26T17:49:54.780205+00:00,2026-09-26T17:49:59.479803+00:00,2,
rq1-exact-623-20260926,5to10Traces/0150.trace,05f529cf937f50f5b6cf,5to10Traces,plain,3,2,8e09912a622de8882f0f7db7d6babe6c3bb7c6ba055a3a40a1665e45b82599ed,OPTIMAL,,0,2,G(x0),4.786545733000139,2026-09-26T17:50:04.201994+00:00,2026-09-26T17:50:09.047116+00:00,2,
rq1-exact-623-20260926,5to10Traces/0151.trace,6fbe3a89ac40dee84128,5to10Traces,plain,3,2,e98a99d67e1970c2d431177825de7a20ffb2543cbaf9ddff8358954141101c52,OPTIMAL,,0,2,G(x0),5.1952368070001285,2026-09-26T17:50:01.035307+00:00,2026-09-26T17:50:06.288937+00:00,2,
rq1-exact-623-20260926,5to10Traces/0152.trace,fcee03ea6ff3dd7dae81,5to10Traces,plain,3,2,48bc0b6afc1d05a106c6a545b028f53d2841adbaf2761ee1d25653821ac6020d,OPTIMAL,,0,2,G(x0),5.469863499999974,2026-09-26T17:49:55.778421+00:00,2026-09-26T17:50:01.309244+00:00,2,
rq1-exact-623-20260926,5to10Traces/0153.trace,04a6ce1698aeb6d34e5f,5to10Traces,plain,3,2,9f4bd41aab16e2e41288202c56344218a42573d8ee800a22c6623b29e76448e1,OPTIMAL,,0,2,G(x0),5.6649103120000746,2026-09-26T17:49:59.488325+00:00,2026-09-26T17:50:05.213070+00:00,2,
rq1-exact-623-20260926,5to10Traces/0154.trace,d12450dc50adbf46dc0c,5to10Traces,plain,6,2,86ea5d1e67f32593afcf9ca718f0f15de0bdeb895fea6b059c15320ab4bf0ee9,OPTIMAL,,0,5,"|(x1,&(x0,X(x1)))",1.4114738750004108,2026-09-26T17:51:43.151846+00:00,2026-09-26T17:51:44.622496+00:00,5,
rq1-exact-623-20260926,5to10Traces/0155.trace,2dc9737c783ee432c97b,5to10Traces,plain,6,2,cac4f35d45dd50acfc42000fba2cc7c8316cd1b38aba1dacf04663c1fffed8cb,OPTIMAL,,0,1,x1,0.05008646999976918,2026-09-26T17:51:06.539940+00:00,2026-09-26T17:51:06.648108+00:00,1,
rq1-exact-623-20260926,5to10Traces/0156.trace,3bc6025bef7a25138806,5to10Traces,plain,6,2,22793e02187ed3410cdf3eab2afe065fe084e6adab1ab091856f7d442b6526d8,UNSAT,,,,,51.857719889000236,2026-09-26T17:52:01.700154+00:00,2026-09-26T17:52:53.617280+00:00,6,
rq1-exact-623-20260926,5to10Traces/0157.trace,4f3e31ce1c666716160f,5to10Traces,plain,6,2,588f3e17285d00e0ef25a984d20cb2c7311b5f83e1a7b7cfd03f0d91845196cb,TIMEOUT,SMT_timeout,,,,153.18699271000014,2026-09-26T17:53:10.921964+00:00,2026-09-26T17:55:44.171863+00:00,6,
rq1-exact-623-20260926,5to10Traces/0158.trace,97e58a756d50a83dcb34,5to10Traces,plain,6,2,5366c4744106435515ba36ff3a0abe3eab73b21822dacf475bab1e42886251a5,UNSAT,,,,,137.60095870199984,2026-09-26T17:55:13.054809+00:00,2026-09-26T17:57:30.716814+00:00,6,
rq1-exact-623-20260926,5to10Traces/0159.trace,6f9d225d515a415fccad,5to10Traces,plain,6,2,7a8b91d4cd781948c46b32f1afefe696c01a426fdc32358e7dd94a5c0277a1a4,TIMEOUT,SMT_timeout,,,,189.063786617,2026-09-26T17:52:29.864051+00:00,2026-09-26T17:55:38.990351+00:00,6,
rq1-exact-623-20260926,5to10Traces/0160.trace,333052a9e3728ad72951,5to10Traces,plain,6,2,67e4917bdac48ce1d41bc9df055dd50a4f2e832f346c348b0da8c5dc6550231e,TIMEOUT,SMT_timeout,,,,161.1571652599996,2026-09-26T17:51:12.696189+00:00,2026-09-26T17:53:53.912005+00:00,6,
rq1-exact-623-20260926,5to10Traces/0161.trace,7a054e54f331c3da29bc,5to10Traces,plain,6,2,09abb388cb5185e890e0474dda93ee7673d3d8d7117e591fb747af2c191ff37b,TIMEOUT,SMT_timeout,,,,238.15964792799969,2026-09-26T17:51:44.668719+00:00,2026-09-26T17:55:42.890591+00:00,6,
rq1-exact-623-20260926,5to10Traces/0162.trace,c0bfa82c72edacf5f916,5to10Traces,plain,6,2,febccb0ca50074ae0455fb54efe74868059da61ae079aabc0f6d6ac2d519167b,TIMEOUT,SMT_timeout,,,,173.41242864700007,2026-09-26T17:51:06.704409+00:00,2026-09-26T17:54:00.176171+00:00,6,
rq1-exact-623-20260926,5to10Traces/0163.trace,a10d7b4788a823ccc6e0,5to10Traces,plain,6,2,698048cb05237bb76881248a194dfd4222f786aff27053424c01cd4df973fcb3,TIMEOUT,SMT_timeout,,,,282.826649182,2026-09-26T17:52:53.662394+00:00,2026-09-26T17:57:36.550743+00:00,6,
rq1-exact-623-20260926,5to10Traces/0164.trace,d06723254c0a289485c5,5to10Traces,plain,6,2,6df83574ea926131b131832dcccba0c5588a338ea681d59b1706dc1a127a37d4,TIMEOUT,SMT_timeout,,,,203.36471620600014,2026-09-26T17:55:44.197482+00:00,2026-09-26T17:59:07.625683+00:00,6,
rq1-exact-623-20260926,5to10Traces/0165.trace,b43fefd70429cd8ee843,5to10Traces,plain,6,2,43f2142433c9b3046e39e2cecba2ab6f12de2f060be5a409edc2d34939e9cbd4,TIMEOUT,SMT_timeout,,,,300.495152386,2026-09-26T17:57:30.743704+00:00,2026-09-26T18:02:31.302921+00:00,6,
rq1-exact-623-20260926,5to10Traces/0166.trace,dcbf9ce1b947e089239b,5to10Traces,plain,6,2,6a37e5470656768f553fc77683f563d89952ded7e1fcecbd6e8c6031e1d59e87,TIMEOUT,SMT_timeout,,,,226.05134891299986,2026-09-26T17:55:39.037131+00:00,2026-09-26T17:59:25.151995+00:00,6,
rq1-exact-623-20260926,5to10Traces/0167.trace,e3c60773d1caa1476d4d,5to10Traces,plain,6,2,de9222b66cb05b730d04d9402205c708cb7a392a3663ddec8dcc12ce7051f8b2,TIMEOUT,EXTERNAL_WALL_TIMEOUT,,,,305.05160350899996,2026-09-26T17:53:53.942844+00:00,2026-09-26T17:58:58.994646+00:00,,
rq1-exact-623-20260926,5to10Traces/0168.trace,32ebb28acc2add3761e7,5to10Traces,plain,6,2,a7f8d4ada64dafe6ccc1158f17b1987d24509f77c20e994e0be3de8e82d2254a,TIMEOUT,SMT_timeout,,,,243.77197166400038,2026-09-26T17:55:42.944984+00:00,2026-09-26T17:59:46.781211+00:00,6,
rq1-exact-623-20260926,5to10Traces/0169.trace,de65a0e45e536c5f9c37,5to10Traces,plain,6,2,604c64f4fe5c15293a02c7a950a094fe7237524676db62bb33b8ebcf96274598,TIMEOUT,EXTERNAL_WALL_TIMEOUT,,,,305.06992615599984,2026-09-26T17:54:00.239577+00:00,2026-09-26T17:59:05.309681+00:00,,
rq1-exact-623-20260926,5to10Traces/0170.trace,c2c96411b6de5053a5e7,5to10Traces,plain,6,2,e714e7763d0985a9f60e3f51e93026b7c9a055fac5e1fee366ac90f541b78e17,TIMEOUT,SMT_timeout,,,,252.38113962499983,2026-09-26T17:57:36.627073+00:00,2026-09-26T18:01:49.069714+00:00,6,
rq1-exact-623-20260926,5to10Traces/0171.trace,73ce1c5352c9e637238f,5to10Traces,plain,6,2,b20ab982fceffe4adbbfb37241ddd8dbd85b26501d8b13f20e9fb892232c88c6,TIMEOUT,SMT_timeout,,,,248.12357327400014,2026-09-26T17:59:07.691220+00:00,2026-09-26T18:03:15.880614+00:00,5,
rq1-exact-623-20260926,5to10Traces/0172.trace,20f801a22a35e39cf4a5,5to10Traces,plain,6,2,688cf40d1b7d992482dc722d710b7aeabe69223403907db7c6e4b1095513cfaa,INTERRUPTED,,,,,,2026-09-26T18:02:31.378924+00:00,,,
rq1-exact-623-20260926,5to10Traces/0173.trace,92089866b061e71f419d,5to10Traces,plain,6,2,027b9d21049f56e1d569a406b650b8449dffbfbe65a47d8da69ec7d0a0bfaa23,INTERRUPTED,,,,,,2026-09-26T17:59:25.203531+00:00,,,
rq1-exact-623-20260926,5to10Traces/0174.trace,411d7687e65cd4f14474,5to10Traces,plain,6,2,fe41503b69e91d4a017b84083fcd427a964966e8836a156bb0e7c99b89d4ed30,INTERRUPTED,,,,,,2026-09-26T17:58:58.995352+00:00,,,
rq1-exact-623-20260926,5to10Traces/0175.trace,94df50dfcf59ff04a823,5to10Traces,plain,6,2,28732aebd9a32ac10df5fde6e83c5c5b69a775b314df1fd64c6db1ea9f1cd116,INTERRUPTED,,,,,,2026-09-26T17:59:46.858451+00:00,,,
rq1-exact-623-20260926,baseTest/0008.trace,15addf1e13ff54f6619d,baseTest,plain,5,2,ec69e9f99c51c86e5de82428f8153433abde0918392eb32df689b20e2533b30e,OPTIMAL,,0,3,!(F(x0)),32.04942018299971,2026-09-26T17:50:38.830926+00:00,2026-09-26T17:51:10.943884+00:00,3,
rq1-exact-623-20260926,baseTest/0009.trace,fa980bf2364f9f993cc9,baseTest,plain,5,2,654e6c0caf520ddc287bc85bc4ecc4a8a114c520ebe18f105adb3e3161790123,OPTIMAL,,0,3,!(F(x0)),3.0490447900001527,2026-09-26T17:50:39.942148+00:00,2026-09-26T17:50:43.049160+00:00,3,
rq1-exact-623-20260926,baseTest/0010.trace,c2a109013f73221a7343,baseTest,plain,5,2,287f09d1ad3dd55a010036216c1436e98f7e5a60101f60da5d0708936b208576,OPTIMAL,,0,3,G(!(x0)),47.44361216000016,2026-09-26T17:50:31.385719+00:00,2026-09-26T17:51:18.896141+00:00,3,
rq1-exact-623-20260926,baseTest/0011.trace,4a2256a5667513ee1ef5,baseTest,plain,5,2,07511e9d3b5c516d46998d9c9d61a64f53aa0f89f48be8fd2b63532ec0f02cf8,OPTIMAL,,0,3,!(F(x0)),65.630996417,2026-09-26T17:51:09.000202+00:00,2026-09-26T17:52:14.700733+00:00,3,
rq1-exact-623-20260926,baseTest/0012.trace,a96c951cedd7d7760540,baseTest,plain,5,2,735b7b931a99b69cedbbcd331855f5c86d90516529a3d67640aa10f8daf3e688,OPTIMAL,,0,3,!(F(x0)),170.927128583,2026-09-26T17:51:33.595147+00:00,2026-09-26T17:54:24.611324+00:00,3,
rq1-exact-623-20260926,baseTest/0013.trace,06da637198b81347bc9d,baseTest,plain,5,2,64a9fe0afb1011acaf62a9439d020d9a3e8e758a16c239f582d6ece5389263f3,OPTIMAL,,0,3,G(!(x0)),16.235796072000085,2026-09-26T17:51:56.954389+00:00,2026-09-26T17:52:13.250552+00:00,3,
rq1-exact-623-20260926,baseTest/0014.trace,ca31ad2857745c0d6156,baseTest,plain,5,2,eae019e9a301ed433d0d98ed55a659e6f4b7e91af1f2365dcf8a5028fc1ba84c,OPTIMAL,,0,3,!(F(x0)),1.515248695000082,2026-09-26T17:50:50.351821+00:00,2026-09-26T17:50:51.925482+00:00,3,
rq1-exact-623-20260926,baseTest/0022.trace,ab953d3396fb384b2605,baseTest,plain,6,2,143633c7de1d7e7a0576364eb602323960a8ebfb03194da1c0991ab456cfd847,TIMEOUT,SMT_timeout,,,,242.6490091249998,2026-09-26T17:59:05.310308+00:00,2026-09-26T18:03:08.023865+00:00,6,
rq1-exact-623-20260926,baseTest/0023.trace,fe5de6f7a0aa69ed1126,baseTest,plain,6,2,c9b19521e3bc05732496d76fe72ff0fc49fa5e4cee3011bbaba6fcc5ad539eae,OPTIMAL,,0,6,"|(x1,&(x0,X(F(x0))))",19.711311670000214,2026-09-26T18:01:49.167252+00:00,2026-09-26T18:02:08.940872+00:00,6,
rq1-exact-623-20260926,baseTest/0024.trace,e15ace6861bf745c5b87,baseTest,plain,6,2,d723312aa8c1976041cad7d58e58659979ac2d32409b27ffe5efaf859fb9e221,INTERRUPTED,,,,,,2026-09-26T18:03:15.976748+00:00,,,
rq1-exact-623-20260926,baseTest/0029.trace,69ef41bb0efe87d8461d,baseTest,plain,3,2,896504bb5809cff6d7043900fa043e659ad4cd31efc4976c9761960ac36b5964,OPTIMAL,,0,2,G(x0),11.057323876000055,2026-09-26T17:49:47.933479+00:00,2026-09-26T17:49:59.052708+00:00,2,
rq1-exact-623-20260926,baseTest/0030.trace,53c0d4f242a9cb65135a,baseTest,plain,3,2,82699e230f5e24a3e0a282f7fba0ba60976a55cf5416a352a652d38a956e2029,OPTIMAL,,0,2,G(x0),1.0587932029998228,2026-09-26T17:49:51.139159+00:00,2026-09-26T17:49:52.257058+00:00,2,
rq1-exact-623-20260926,baseTest/0031.trace,860128a1c1cabadc2212,baseTest,plain,3,2,62761da60c0251c9234fe017d63810efe7707690c494ee27278655c72a566025,OPTIMAL,,0,2,G(x0),16.575577431000056,2026-09-26T17:49:59.502430+00:00,2026-09-26T17:50:16.143219+00:00,2,
rq1-exact-623-20260926,baseTest/0032.trace,a66d02a457c9c29926ea,baseTest,plain,3,2,c929b0daecc15eeecff69fad25b681ccbd79a6670e44111a0f47c89afa75a016,OPTIMAL,,0,2,G(x0),22.740859903,2026-09-26T17:50:09.075136+00:00,2026-09-26T17:50:31.883032+00:00,2,
rq1-exact-623-20260926,baseTest/0033.trace,3794e4ec1e6963e67c43,baseTest,plain,3,2,6ea284eaba3d6f2ca110a3c0bda24a177149d3f4549c2712d2e4a56139f05a82,OPTIMAL,,0,2,G(x0),57.731350053999904,2026-09-26T17:50:06.356702+00:00,2026-09-26T17:51:04.174383+00:00,2,
rq1-exact-623-20260926,baseTest/0034.trace,3c4c3897fb399e873845,baseTest,plain,3,2,d761999ab52cdf91d792c391c3260cb916db123c409b13bdd15b22f0c7536dda,OPTIMAL,,0,2,G(x0),5.5099262190001355,2026-09-26T17:50:01.350395+00:00,2026-09-26T17:50:06.921412+00:00,2,
rq1-exact-623-20260926,baseTest/0035.trace,8319863c580b4e100f32,baseTest,plain,3,2,b31846ba7ebe249081f7c4b9ee042285ed1d3194b4d893efc9a56086808774a9,OPTIMAL,,0,2,G(x0),0.5470403689998875,2026-09-26T17:50:05.262047+00:00,2026-09-26T17:50:05.866495+00:00,2,
rq1-exact-623-20260926,equal/0008.trace,7e30d680f55a7459c961,equal,plain,5,2,68b9dbffdba5a8716cc749e502c78caaa27f683a9a081ec0950c20632e3b7341,OPTIMAL,,0,3,!(F(x0)),6.318699872000252,2026-09-26T17:51:10.999476+00:00,2026-09-26T17:51:17.376629+00:00,3,
rq1-exact-623-20260926,equal/0009.trace,50e9feb9503c2776b52d,equal,plain,5,2,cecb682b73e3226b62a99ac3addf63d43d618e3b9e585fb4806cb9656ef7825f,OPTIMAL,,0,3,!(F(x0)),0.6294258920001994,2026-09-26T17:50:43.111658+00:00,2026-09-26T17:50:43.799241+00:00,3,
rq1-exact-623-20260926,equal/0010.trace,636a77cae076759265e0,equal,plain,5,2,326b6a2c71e37fa4698ac9877ad12e365e9f3169daceb9ed57a6151c7545c6d1,OPTIMAL,,0,3,G(!(x0)),9.176413437000065,2026-09-26T17:51:18.980219+00:00,2026-09-26T17:51:28.219451+00:00,3,
rq1-exact-623-20260926,equal/0011.trace,b5fd41110e5b258136bf,equal,plain,5,2,6a25bb440bd73b9db02ef82026418621ff2db1d014d247ffb4cb080dd44eaa80,OPTIMAL,,0,3,G(!(x0)),12.858658924999872,2026-09-26T17:52:14.773487+00:00,2026-09-26T17:52:27.694604+00:00,3,
rq1-exact-623-20260926,equal/0012.trace,0e912515376ee375cad0,equal,plain,5,2,402ed177efa0f193824d67aea4e5b6574cd2d2ff2f653f025cac8a94543a8a51,OPTIMAL,,0,3,G(!(x0)),33.50463713099998,2026-09-26T17:54:24.764779+00:00,2026-09-26T17:54:58.336799+00:00,3,
rq1-exact-623-20260926,equal/0013.trace,30384ce1d28f59f79cf8,equal,plain,5,2,8cebc4f8416d5be2c6a204cd769627cf8e59eb27115e3a87f20a6d366fcc26e9,OPTIMAL,,0,3,G(!(x0)),3.11111109400008,2026-09-26T17:52:13.295733+00:00,2026-09-26T17:52:16.467452+00:00,3,
rq1-exact-623-20260926,equal/0014.trace,abfbead8106728f8138c,equal,plain,5,2,6bebe7d6a616c309c24c8503f0245c9ddfca89df3734c741eb461ba94ab2c090,OPTIMAL,,0,3,G(!(x0)),0.3304556190000767,2026-09-26T17:50:51.968226+00:00,2026-09-26T17:50:52.355754+00:00,3,
rq1-exact-623-20260926,equal/0022.trace,c4d183c3a6c7d3d5615d,equal,plain,6,2,54aac81ee3b36bf4c2e56ccc89676b262fda5407f52f4b8283d6e29db86a8181,INTERRUPTED,,,,,,2026-09-26T18:03:08.078370+00:00,,,
rq1-exact-623-20260926,equal/0023.trace,211af39d25eacebe4cc3,equal,plain,6,2,f963d51b04b474bbc92efce90577bf4747d5beb8e0bf538f00ddc3b7d4fbaf98,OPTIMAL,,0,5,"|(x1,&(x0,X(x0)))",2.6984068049996495,2026-09-26T18:02:08.972541+00:00,2026-09-26T18:02:11.733359+00:00,5,
rq1-exact-623-20260926,equal/0029.trace,f3b0418662513d949d6b,equal,plain,3,2,b0b757df1984fbb189cd104036ada718f9ab017a51aae6d602b363378f4b397b,OPTIMAL,,0,2,G(x0),2.175624720000087,2026-09-26T17:49:59.112563+00:00,2026-09-26T17:50:01.346126+00:00,2,
rq1-exact-623-20260926,equal/0030.trace,aec1283d04931703bc27,equal,plain,3,2,711ddd89f791ef8ab17f11b2a19baa627aeac6e0d21f0570a5d9fe2fbc7edc13,OPTIMAL,,0,2,G(x0),0.23645414400016307,2026-09-26T17:49:52.305480+00:00,2026-09-26T17:49:52.599100+00:00,2,
rq1-exact-623-20260926,equal/0031.trace,5f4a08ff655599d1bab1,equal,plain,3,2,07d9495d2d7df44ccf12e6c70a0471d48176e442f29c2986e9730e35f9ec0057,OPTIMAL,,0,2,G(x0),3.2462985900001513,2026-09-26T17:50:16.195589+00:00,2026-09-26T17:50:19.501175+00:00,2,
rq1-exact-623-20260926,equal/0032.trace,391a98a73bcabb6fa637,equal,plain,3,2,22f8f30c38f86e2961b6487ba7ec8102440b1da43a7633778cf607c34dc4bfe2,OPTIMAL,,0,2,G(x0),4.319005342999844,2026-09-26T17:50:31.930601+00:00,2026-09-26T17:50:36.309905+00:00,2,
rq1-exact-623-20260926,equal/0033.trace,5f8123db29b13c940d0b,equal,plain,3,2,42ae15afdc2e72af93dec4c095ef937630ddcb39ac7c44d122e402f86296ccfd,OPTIMAL,,0,2,G(x0),11.217748549000135,2026-09-26T17:51:04.257583+00:00,2026-09-26T17:51:15.538747+00:00,2,
rq1-exact-623-20260926,equal/0034.trace,5a3f10028f1866e865e8,equal,plain,3,2,2b22e3672cf346ef8bceba6aa27fbb5bd388ea8ad69c40e7e97d187ea0c7a395,OPTIMAL,,0,2,G(x0),1.0814163979998739,2026-09-26T17:50:06.971974+00:00,2026-09-26T17:50:08.112862+00:00,2,
rq1-exact-623-20260926,equal/0035.trace,35d5b1bb91c2e0260ecc,equal,plain,3,2,efa12ce81efae335dc2fc0910a4b88d841f0936b905544dacaf74b02f6ce95b9,OPTIMAL,,0,2,G(x0),0.13057152200008204,2026-09-26T17:50:05.927509+00:00,2026-09-26T17:50:06.115014+00:00,2,
rq1-exact-623-20260926,moreDetailedTest/0015.trace,ad0f2fd062512df5acd8,moreDetailedTest,plain,5,2,e57d48c9d5b14f420009dd9a2f0f6f5fe2c5574ab0e986b6dc651e8c1a39cac2,OPTIMAL,,0,3,!(F(x0)),6.160252000000128,2026-09-26T17:51:17.424417+00:00,2026-09-26T17:51:23.643762+00:00,3,
rq1-exact-623-20260926,moreDetailedTest/0016.trace,343d90b19e62095b2e97,moreDetailedTest,plain,5,2,2ff055971e33f6ba7e13d9758ec3b09a2a992c3c429bbedff5e0d8aec8cf4ac9,OPTIMAL,,0,3,!(F(x0)),0.6165182180002375,2026-09-26T17:50:43.827021+00:00,2026-09-26T17:50:44.500825+00:00,3,
rq1-exact-623-20260926,moreDetailedTest/0017.trace,8ed27035df40a6c24f00,moreDetailedTest,plain,5,2,52e36d53331ecd0548f794488523f8257be45cb2e1b84a9743be1f4474e4440c,OPTIMAL,,0,3,!(F(x0)),7.825037300000076,2026-09-26T17:51:28.260443+00:00,2026-09-26T17:51:36.144340+00:00,3,
rq1-exact-623-20260926,moreDetailedTest/0018.trace,e1be32f37e6eadbd6303,moreDetailedTest,plain,5,2,523268829542b00ea917b0010d59cc92adc645e7bab4e373be1c95d98ed9fff8,OPTIMAL,,0,3,G(!(x0)),9.81604072600021,2026-09-26T17:52:27.761241+00:00,2026-09-26T17:52:37.641312+00:00,3,
rq1-exact-623-20260926,moreDetailedTest/0019.trace,04cd2d4d3bd5313c31e1,moreDetailedTest,plain,5,2,e2ad7c80907a13c20da1a3028903a76b6a23a304988e17b95a3616fcc6d24d71,OPTIMAL,,0,3,!(F(x0)),11.315293610000026,2026-09-26T17:54:58.398431+00:00,2026-09-26T17:55:09.778405+00:00,3,
rq1-exact-623-20260926,moreDetailedTest/0020.trace,869702f5eff39033c002,moreDetailedTest,plain,5,2,8811f52bcf5e3bb583c5630ac2d4623c8fb873c9d16cd7e000703be5ccfc3047,OPTIMAL,,0,3,!(F(x0)),12.83072659499976,2026-09-26T17:52:16.514976+00:00,2026-09-26T17:52:29.407805+00:00,3,
rq1-exact-623-20260926,moreDetailedTest/0021.trace,ba69fc2aac53b337f017,moreDetailedTest,plain,5,2,b29b7e68a35953845512bd1a4f94e053332c9d0878ea812822dcc32bacab180b,OPTIMAL,,0,3,!(F(x0)),15.514072151999699,2026-09-26T17:50:52.382978+00:00,2026-09-26T17:51:07.957006+00:00,3,
rq1-exact-623-20260926,moreDetailedTest/0022.trace,910985afa92558794194,moreDetailedTest,plain,5,2,d696a953169a9278cf363bf8840909b35df55421a08b41e5fb1c55161d6a136a,OPTIMAL,,0,3,!(F(x0)),19.352622112000063,2026-09-26T17:51:23.699319+00:00,2026-09-26T17:51:43.113562+00:00,3,
rq1-exact-623-20260926,moreDetailedTest/0023.trace,7d390971f886c1372a73,moreDetailedTest,plain,5,2,827f02303fb89d1072cf0daf19010120dab463227146d39cce52a7813c5866de,OPTIMAL,,0,3,G(!(x0)),21.888640045000102,2026-09-26T17:50:44.542309+00:00,2026-09-26T17:51:06.491868+00:00,3,
rq1-exact-623-20260926,moreDetailedTest/0024.trace,659a7bae2eb5130faae7,moreDetailedTest,plain,5,2,90f0ab675c6886352cdf7d36d6f4a97abc24268abb54fdc1e021b512b76eaa3b,OPTIMAL,,0,3,!(F(x0)),25.378867508999974,2026-09-26T17:51:36.189929+00:00,2026-09-26T17:52:01.631984+00:00,3,
rq1-exact-623-20260926,moreDetailedTest/0025.trace,e6165384a567f58494c2,moreDetailedTest,plain,5,2,f8b781062bd36e16b70042ce1444814abb159610cbfc7d6684f9d8571f8cf8bd,OPTIMAL,,0,3,!(F(x0)),33.09603018200005,2026-09-26T17:52:37.695269+00:00,2026-09-26T17:53:10.858492+00:00,3,
rq1-exact-623-20260926,moreDetailedTest/0026.trace,d178bffac9e08a40b2a3,moreDetailedTest,plain,5,2,81826a48eff38d46db6b2c56d8264aea34f9f587df0c1a5e491a1052b534312b,OPTIMAL,,0,3,!(F(x0)),3.0955185510001684,2026-09-26T17:55:09.833831+00:00,2026-09-26T17:55:12.991606+00:00,3,
rq1-exact-623-20260926,moreDetailedTest/0027.trace,1014deeb6087e9737f04,moreDetailedTest,plain,5,2,0c233b8f85a98d7588240e2c2060428d85cc1df8ef1157bae4b680254ad27e94,OPTIMAL,,0,3,!(F(x0)),0.33096783700011656,2026-09-26T17:52:29.449129+00:00,2026-09-26T17:52:29.841270+00:00,3,
rq1-exact-623-20260926,moreDetailedTest/0028.trace,cbde687230edc800cf91,moreDetailedTest,plain,5,2,64be41842cbbe8980ac16a48701daadda93906fe1e877a972b1765bd7de7a29a,OPTIMAL,,0,3,!(F(x0)),4.556255075000081,2026-09-26T17:51:08.023849+00:00,2026-09-26T17:51:12.639158+00:00,3,
rq1-exact-623-20260926,moreDetailedTest/0043.trace,912eaf548b5996e4df12,moreDetailedTest,plain,3,2,637c502d139a4ebfa69ea51c03da9185ab0dcaf1f14830735a6467b26ab485c8,OPTIMAL,,0,2,F(x0),2.13452263399995,2026-09-26T17:50:01.380452+00:00,2026-09-26T17:50:03.572592+00:00,2,
rq1-exact-623-20260926,moreDetailedTest/0044.trace,04b9344a241d6b3da748,moreDetailedTest,plain,3,2,ee14ef8f70584eeb01a1dd257788ab1a9c013f6a633764758630e2ecf597ffdc,OPTIMAL,,0,2,F(x0),0.21854545099995448,2026-09-26T17:49:52.620440+00:00,2026-09-26T17:49:52.896347+00:00,2,
rq1-exact-623-20260926,moreDetailedTest/0045.trace,a5f7e4d89ccdaacc1cf8,moreDetailedTest,plain,3,2,807b5cb529c6e2495c8507c5c59d00de6a680cc6dc9d20079d1153aa43855ec2,OPTIMAL,,0,2,F(x0),2.701582560999668,2026-09-26T17:50:19.565785+00:00,2026-09-26T17:50:22.326646+00:00,2,
rq1-exact-623-20260926,moreDetailedTest/0046.trace,057a8b316b0d9183539b,moreDetailedTest,plain,3,2,ddf2db14fbfd525d4ce4118c0e2a6e4904f485b233d123744df1f3ca70036612,OPTIMAL,,0,2,F(x0),3.2489246579998508,2026-09-26T17:50:36.353006+00:00,2026-09-26T17:50:39.660787+00:00,2,
rq1-exact-623-20260926,moreDetailedTest/0047.trace,35e9c7103f9db92fd595,moreDetailedTest,plain,3,2,8e2578ac0439b973c4380b4126f953af5754b611da87c8270d5bb903298c5057,OPTIMAL,,0,2,F(x0),3.7688044980000086,2026-09-26T17:51:15.589033+00:00,2026-09-26T17:51:19.417571+00:00,2,
rq1-exact-623-20260926,moreDetailedTest/0048.trace,869b7c00e245ae22864c,moreDetailedTest,plain,3,2,cfd0d131fbdca95c92c879d2b75d73d37ed370cbed4030d5c0c95135972e8f57,OPTIMAL,,0,2,F(x0),4.2889663949999886,2026-09-26T17:50:08.137717+00:00,2026-09-26T17:50:12.486426+00:00,2,
rq1-exact-623-20260926,moreDetailedTest/0049.trace,59cfae47338aca3fa9e3,moreDetailedTest,plain,3,2,0f19f8e6afe758d1d90fc6e6d584016ab8f389b640d1d00d6ea607353905b82d,OPTIMAL,,0,2,F(x0),5.417750800999784,2026-09-26T17:50:06.142048+00:00,2026-09-26T17:50:11.620121+00:00,2,
rq1-exact-623-20260926,moreDetailedTest/0050.trace,467dc0d33d0f389f8e38,moreDetailedTest,plain,3,2,2c1c584bebe0b7766b0213e2f82c80bbf7b559e778ea130f01df92aefa0f259b,OPTIMAL,,0,2,F(x0),6.597659001000011,2026-09-26T17:50:03.598390+00:00,2026-09-26T17:50:10.255408+00:00,2,
rq1-exact-623-20260926,moreDetailedTest/0051.trace,c44034219f76b7a51c64,moreDetailedTest,plain,3,2,315d986329d6c83f00012cbb2c482f9f3bd4f431fd392a10a68febdd91ec5d65,OPTIMAL,,0,2,F(x0),7.675848955999982,2026-09-26T17:49:52.935406+00:00,2026-09-26T17:50:00.671883+00:00,2,
rq1-exact-623-20260926,moreDetailedTest/0052.trace,24061b632268c1ec2d9b,moreDetailedTest,plain,3,2,3785c9bbd405b9af8b6f8a11961c2797f9c1f04854c98e4acd4d1e69e0bc4d2c,OPTIMAL,,0,2,F(x0),8.981027240000003,2026-09-26T17:50:22.384969+00:00,2026-09-26T17:50:31.429806+00:00,2,
rq1-exact-623-20260926,moreDetailedTest/0053.trace,937cf83456a4a6c30524,moreDetailedTest,plain,3,2,b9457e9a12074ccc13a2761c726d6c5dfa3e9abc5722f4546c812490d7819015,OPTIMAL,,0,2,F(x0),11.010972365999805,2026-09-26T17:50:39.723466+00:00,2026-09-26T17:50:50.798622+00:00,2,
rq1-exact-623-20260926,moreDetailedTest/0054.trace,8adc282fe4b298cbf0c2,moreDetailedTest,plain,3,2,81bbc8bda62f2d9f673309142da00247859a9f96330fcf68503fb50460439d4c,OPTIMAL,,0,2,F(x0),1.0804757669998253,2026-09-26T17:51:19.458739+00:00,2026-09-26T17:51:20.597553+00:00,2,
rq1-exact-623-20260926,moreDetailedTest/0055.trace,164e891ab56cc010e6b6,moreDetailedTest,plain,3,2,1183178c8767dd12f98917129108ec5fb88816c431a4f75b16d2dfa73c672b32,OPTIMAL,,0,2,F(x0),0.13155339700006152,2026-09-26T17:50:12.508071+00:00,2026-09-26T17:50:12.697005+00:00,2,
rq1-exact-623-20260926,moreDetailedTest/0056.trace,38867a153d9de7d80255,moreDetailedTest,plain,3,2,0c15179014d1264cc17c57ce654ef40ecea6200e6840f5a07e44ce4c86d30d03,OPTIMAL,,0,2,F(x0),1.583710597999925,2026-09-26T17:50:11.665098+00:00,2026-09-26T17:50:13.306476+00:00,2,
rq1-exact-623-20260926,moreDetailedTest/0086.trace,cd6a351bd2b8c33f3a3f,moreDetailedTest,plain,6,2,7d1221f99a365f5cdd06e29192e26daaa82b7eeeaacd6120e653fedf3d837ebc,UNSAT,,,,,18.78353811399984,2026-09-26T18:02:11.792593+00:00,2026-09-26T18:02:30.638739+00:00,6,
rq1-exact-623-20260926,moreDetailedTest/0093.trace,ae76e98082b702a3aa03,moreDetailedTest,plain,6,2,806ba714d81d3e8de22d2a83623ccbe9a8b2ae65952d868b09fae1a9c6591b06,INTERRUPTED,,,,,,2026-09-26T18:02:30.688264+00:00,,,
rq1-exact-623-20260926,moreDetailedTest/0099.trace,f2875ac6787e500882f6,moreDetailedTest,plain,3,2,6e3917cbf403a61f718ebeb7705c316036eaa834e856a417013f5c458aaecefa,OPTIMAL,,0,2,G(x0),2.1832767979999517,2026-09-26T17:50:10.324285+00:00,2026-09-26T17:50:12.565025+00:00,2,
rq1-exact-623-20260926,moreDetailedTest/0100.trace,0591ced12ad27cdbb648,moreDetailedTest,plain,3,2,ae943fed0f23fd01580a802978ac508e788b67e43b5932095fd40f4fd4d327e3,OPTIMAL,,0,2,G(x0),0.236641168999995,2026-09-26T17:50:00.713564+00:00,2026-09-26T17:50:01.008368+00:00,2,
rq1-exact-623-20260926,moreDetailedTest/0101.trace,e60e6e2dde256c668bbc,moreDetailedTest,plain,3,2,aa7f4cc5cca9a51d20e12ae014c64ddd106ffa409541066a82cbe47e1fbca614,OPTIMAL,,0,2,G(x0),2.679244682999979,2026-09-26T17:50:31.464844+00:00,2026-09-26T17:50:34.203376+00:00,2,
rq1-exact-623-20260926,moreDetailedTest/0102.trace,e0f613dd820256de7134,moreDetailedTest,plain,3,2,5047d939004a1da7728da1452aa54dd90f35a5deec2b3f57c330c73c02127750,OPTIMAL,,0,2,G(x0),3.2182939940003052,2026-09-26T17:50:50.854071+00:00,2026-09-26T17:50:54.130863+00:00,2,
rq1-exact-623-20260926,moreDetailedTest/0103.trace,cb2e8aa2e8afbf3da3d4,moreDetailedTest,plain,3,2,c0ec19547d2aac117a0661fe2efbaccd94e9ba457288dfa3976e98ff67283758,OPTIMAL,,0,2,G(x0),3.767901213999721,2026-09-26T17:51:20.624628+00:00,2026-09-26T17:51:24.452623+00:00,2,
rq1-exact-623-20260926,moreDetailedTest/0104.trace,664d3e2067cee2770e7a,moreDetailedTest,plain,3,2,b16faa5be0c69486a2719325664a35d45ddf9c63465f195aa0a0f1f5c204845d,OPTIMAL,,0,2,G(x0),4.320172143000036,2026-09-26T17:50:12.722569+00:00,2026-09-26T17:50:17.102249+00:00,2,
rq1-exact-623-20260926,moreDetailedTest/0105.trace,275fb26fd00456f18f75,moreDetailedTest,plain,3,2,1e176ffed47363ead218228b48da77deaa7cf909a169be12c401fc90f179f8ec,OPTIMAL,,0,2,G(x0),5.496074969999881,2026-09-26T17:50:13.331554+00:00,2026-09-26T17:50:18.886813+00:00,2,
rq1-exact-623-20260926,moreDetailedTest/0106.trace,f707e5cb87f766e1e0be,moreDetailedTest,plain,3,2,e1555ecd63ae937a15801024f37b1eb210c9fc84d618aabb487a4cfcd0ba9133,OPTIMAL,,0,2,G(x0),6.5859277170002315,2026-09-26T17:50:12.591568+00:00,2026-09-26T17:50:19.237117+00:00,2,
rq1-exact-623-20260926,moreDetailedTest/0107.trace,cd1fe2524940dbfbccc7,moreDetailedTest,plain,3,2,ef09ec7e6af8ca6149d0c7352dff2376cf44c18911a71ff8173982dadbf716fd,OPTIMAL,,0,2,G(x0),7.648635001999992,2026-09-26T17:50:01.028608+00:00,2026-09-26T17:50:08.738805+00:00,2,
rq1-exact-623-20260926,moreDetailedTest/0108.trace,37683c79ab28e3131bb5,moreDetailedTest,plain,3,2,f408a4d5a9b72d379c2ead78bf26000227db4f9f1dca830d9fee783633d3d8f8,OPTIMAL,,0,2,G(x0),8.861625007999919,2026-09-26T17:50:34.233723+00:00,2026-09-26T17:50:43.156670+00:00,2,
rq1-exact-623-20260926,moreDetailedTest/0109.trace,0085a9ea6c48240aaab1,moreDetailedTest,plain,3,2,8ec12fb251529d587f9c7bfa85915698457040f5698347c15730a5b132e737e3,OPTIMAL,,0,2,G(x0),11.099315138000293,2026-09-26T17:50:54.173197+00:00,2026-09-26T17:51:05.334976+00:00,2,
rq1-exact-623-20260926,moreDetailedTest/0110.trace,17e0ef27f6c23a6347c5,moreDetailedTest,plain,3,2,445da712e30b1b086a9e0e8f61293d61f4bda1d1077561e5a1b055e0af4c57ba,OPTIMAL,,0,2,G(x0),1.058008007999888,2026-09-26T17:51:24.494164+00:00,2026-09-26T17:51:25.609962+00:00,2,
rq1-exact-623-20260926,moreDetailedTest/0111.trace,44ccbe06e3ac6a3cf2ce,moreDetailedTest,plain,3,2,1d0e331fcf1deb12361318c6fb38c3547878fecafbe59c5294d6c9e17c80a342,OPTIMAL,,0,2,G(x0),0.1324205000000802,2026-09-26T17:50:17.142690+00:00,2026-09-26T17:50:17.331582+00:00,2,
rq1-exact-623-20260926,moreDetailedTest/0112.trace,9d3f48e0b859234415cb,moreDetailedTest,plain,3,2,d5f475dff0a5ba731cfdcc6437dc537c89a5ed705b4afab0107a9a972afc16e3,OPTIMAL,,0,2,G(x0),1.602386762000151,2026-09-26T17:50:18.954035+00:00,2026-09-26T17:50:20.615777+00:00,2,
rq1-exact-623-20260926,peterson/base/liveness1.trace,a63c39fc3e1adff5eb98,peterson,required,18,2,9f74b90d31d8148ebcac789e298f8c583860eb7a588bc1597f72b024cf5d4964,OPTIMAL,,0,5,"G(->(x6,F(x2)))",8.648844526999937,2026-09-26T17:49:34.411682+00:00,2026-09-26T17:49:43.122218+00:00,5,
rq1-exact-623-20260926,robot/RAtrace/final21.trace,3ffb9939f106bdcb7990,robot,repair,2050,2,af03be7fbc2397df523c58e05c2defaa7a4b05c8c6eb92cfb3f3ad1f82887619,OPTIMAL,,5,9,"&(&(F(x0),G(!(x2))),F(x1))",12.004609712000047,2026-09-26T17:49:34.411997+00:00,2026-09-26T17:49:46.478543+00:00,9,
rq1-exact-623-20260926,robot/RRtrace/order2.trace,438bed87f564cb022474,robot,repair,2050,2,e15fb553ba3dbcd97ba8b963a288ed089576ea6dbe9e43da2e5211fbbdc3cb7b,OPTIMAL,,4,9,"&(G(!(x2)),&(F(x0),F(x1)))",16.522245709000117,2026-09-26T17:49:34.411874+00:00,2026-09-26T17:49:50.996345+00:00,9,
rq1-exact-623-20260926,voting_machine/voting10.trace,12c9f0b8ee00e13027c9,voting_machine,nnf_template,13,2,079adb71eea70013881ed60e6b31f588513a832d18cf5e8e758c3eaef1d1e6b2,OPTIMAL,,0,4,"G(->(x5,x8))",1.6855990770000062,2026-09-26T17:49:34.411380+00:00,2026-09-26T17:49:36.158077+00:00,4,
rq1-exact-623-20260926,weakening/weaken_antecedent/weaken_antecedent_10_10_10.trace,bb72cbb333bdefa33749,weakening,weakening_b2,10,2,1d16ac8a55469f2c1f084b1a4f1f6ede012b08c6e25b9c2d5bcbc4b81e4301e2,OPTIMAL,,0,6,"G(->(&(x0,x2),x1))",5.190208138000116,2026-09-26T17:49:34.412649+00:00,2026-09-26T17:49:39.664883+00:00,6,
rq1-exact-623-20260926,weakening/weaken_consequent/weaken_consequent_10_10_10.trace,3c4cfbe0a51a781d6cef,weakening,weakening_b3,18,3,c565be745038a988786ff690a5a008e3ee068ee7eea790f7bbf0d4da7e87a052,OPTIMAL,,0,7,"G(->(x0,|(&(x2,x1),x1)))",7.694232852000141,2026-09-26T17:49:34.414574+00:00,2026-09-26T17:49:42.168433+00:00,7,
rq1-exact-623-20260926-long,5to10Traces/0022.trace,09c57d5867ac07b92ed9,5to10Traces,plain,10,2,6c80b75187a5ed478cf842bff2085bc613efa684acf8c148e6eaa8f09b40d5c5,OPTIMAL,,0,3,"|(x1,X(x1))",0.3668841339995197,2026-09-26T18:45:15.138331+00:00,2026-09-26T18:45:15.567638+00:00,3,
rq1-exact-623-20260926-long,5to10Traces/0023.trace,ee2baae00b06e6ae01ab,5to10Traces,plain,10,2,1f43e054972e60ab5774a73ec981357b10aa7add71b038501ae6ccb7299587c8,OPTIMAL,,0,5,"|(x1,X(&(x1,x2)))",2.6229116099993917,2026-09-26T18:30:55.902631+00:00,2026-09-26T18:30:58.587409+00:00,5,
rq1-exact-623-20260926-long,5to10Traces/0024.trace,425c3740a42702250ec9,5to10Traces,plain,10,2,0d57abc1154e4fe68d03e0823d739a52f7893a122f72f3fde9028f3a8ae33c3b,TIMEOUT,SMT_timeout,,,,350.7294434780006,2026-09-26T18:58:59.628236+00:00,2026-09-26T19:04:50.418801+00:00,7,
rq1-exact-623-20260926-long,5to10Traces/0025.trace,7bed5c9b85e434c7744e,5to10Traces,plain,10,2,38507a0ac6501a233719bcf5b5b67c29c1621684a3e1a855dc0d13a7e773e48f,TIMEOUT,SMT_timeout,,,,438.0994043139999,2026-09-26T18:57:32.157871+00:00,2026-09-26T19:04:50.321781+00:00,7,
rq1-exact-623-20260926-long,5to10Traces/0026.trace,acf0474c349a687cabdf,5to10Traces,plain,10,2,fc3f69ae20507e848cc21ca73eda7dd7bccf867f9de674721df7526c2f6463a1,TIMEOUT,SMT_timeout,,,,433.4576302860005,2026-09-26T19:01:26.951667+00:00,2026-09-26T19:08:40.472412+00:00,7,
rq1-exact-623-20260926-long,5to10Traces/0027.trace,b4c12816284e431368db,5to10Traces,plain,10,2,ebc6ebfd17f860ed1799aaa5836ba235cb0bda9d86eab7bd16a584195748e4ed,TIMEOUT,SMT_timeout,,,,651.9596184749998,2026-09-26T18:41:04.376342+00:00,2026-09-26T18:51:56.398978+00:00,7,
rq1-exact-623-20260926-long,5to10Traces/0028.trace,989d6ebd9cc3c2d86f98,5to10Traces,plain,10,2,ff529adeae7753e8593aa98359266dfe653752c9f93b02843e2b714d5969b8e9,TIMEOUT,SMT_timeout,,,,517.1801086639998,2026-09-26T18:44:25.729174+00:00,2026-09-26T18:53:02.974325+00:00,7,
rq1-exact-623-20260926-long,5to10Traces/0029.trace,197399f6380e37827dd0,5to10Traces,plain,10,2,07a00ad7c82e28b5155dcaa566e300eeff50745de409392212cf2b4fd2399ea7,TIMEOUT,SMT_timeout,,,,395.5022316659997,2026-09-26T18:45:15.603739+00:00,2026-09-26T18:51:51.168513+00:00,6,
rq1-exact-623-20260926-long,5to10Traces/0030.trace,367eb7a8fe42178b329a,5to10Traces,plain,10,2,35f848aca47ffdc2abe20fea5611e3d02f2a02a9a64ad107ce1af81e048c4b11,TIMEOUT,SMT_timeout,,,,365.3660787559993,2026-09-26T18:30:58.622500+00:00,2026-09-26T18:37:04.052896+00:00,6,
rq1-exact-623-20260926-long,5to10Traces/0031.trace,aeb8390cd26b98245669,5to10Traces,plain,10,2,0e62190a102c28fd19abe1f19ac42dcbc0d81046ffc5d271154d27288c3b7d3b,TIMEOUT,SMT_timeout,,,,446.0456088560004,2026-09-26T19:04:50.454288+00:00,2026-09-26T19:12:16.562765+00:00,6,
rq1-exact-623-20260926-long,5to10Traces/0032.trace,16158fd11cf2e8a92717,5to10Traces,plain,10,2,57dd97edf5cc3c106dcad445c7ae0dbdcaa578bc4fc72302ed1652e13a51bc64,TIMEOUT,SMT_timeout,,,,680.6328857790004,2026-09-26T19:04:50.353969+00:00,2026-09-26T19:16:11.050354+00:00,7,
rq1-exact-623-20260926-long,5to10Traces/0033.trace,a3d82e325dbd07a12087,5to10Traces,plain,10,2,ee7ed51fee44ba93cdbb31b9b14ad02bb32f3de11c0469756dc702c50db80225,TIMEOUT,SMT_timeout,,,,502.927259131,2026-09-26T19:08:40.539520+00:00,2026-09-26T19:17:03.532781+00:00,6,
rq1-exact-623-20260926-long,5to10Traces/0034.trace,a966f1229194d6e6ccb9,5to10Traces,plain,10,2,5359af3606015c7bc80e09ecb994c0944124012d2a334ddb061df8ee7e0ee7e9,TIMEOUT,SMT_timeout,,,,401.97608103899984,2026-09-26T18:51:56.448733+00:00,2026-09-26T18:58:38.488262+00:00,6,
rq1-exact-623-20260926-long,5to10Traces/0035.trace,98359dad407d6e583d2c,5to10Traces,plain,10,2,c426873f1d6100da2ac5121d8557a0015b1beb10f5c91e225ec81118451b884b,TIMEOUT,SMT_timeout,,,,553.9439454519998,2026-09-26T18:53:03.037591+00:00,2026-09-26T19:02:17.047936+00:00,6,
rq1-exact-623-20260926-long,5to10Traces/0036.trace,53d997f3c98be7a69aec,5to10Traces,plain,10,2,b1e2aae2986a43365166a93f9337049f72a8d732496765ee22e195921efbf547,TIMEOUT,SMT_timeout,,,,425.3938119050008,2026-09-26T18:51:51.250879+00:00,2026-09-26T18:58:56.707271+00:00,6,
rq1-exact-623-20260926-long,5to10Traces/0037.trace,67941091c1c8cd3753c0,5to10Traces,plain,10,2,706cc48d00f6e56c776cb6c6f15b2e4616903816e710c5c243f51d0099d07091,TIMEOUT,SMT_timeout,,,,571.5888779450006,2026-09-26T18:37:04.092067+00:00,2026-09-26T18:46:35.746477+00:00,6,
rq1-exact-623-20260926-long,5to10Traces/0038.trace,3007e67cf87893d40cab,5to10Traces,plain,10,2,d411a5a489be3c4f9746e0d02df6458494aa8173562852ada225c09ea49dfee5,TIMEOUT,SMT_timeout,,,,462.03599647600004,2026-09-26T19:12:16.638512+00:00,2026-09-26T19:19:58.739943+00:00,6,
rq1-exact-623-20260926-long,5to10Traces/0039.trace,bdb305f4151580fb431d,5to10Traces,plain,10,2,aa9847bdb52c00f1c8ddb561e4735990d45a46974fadc08b61b61d3bbf22efa1,TIMEOUT,SMT_timeout,,,,597.6840965259998,2026-09-26T19:16:11.129943+00:00,2026-09-26T19:26:08.881341+00:00,6,
rq1-exact-623-20260926-long,5to10Traces/0040.trace,52dee0a2e5fb905d65de,5to10Traces,plain,10,2,44f5cbcc1bfb3c796d7ca0e658ddf54d832f3fe4be5a9cdddcbb1e5e8eddf61d,TIMEOUT,SMT_timeout,,,,445.6685144899993,2026-09-26T19:17:03.624567+00:00,2026-09-26T19:24:29.357051+00:00,6,
rq1-exact-623-20260926-long,5to10Traces/0041.trace,aac023994ecfdbc55dae,5to10Traces,plain,10,2,19adba18fde82da20adba26fd41cc7576324db55d448cd26ee2f06aab0e4e69a,TIMEOUT,SMT_timeout,,,,624.7080005990001,2026-09-26T18:58:38.533135+00:00,2026-09-26T19:09:03.307541+00:00,6,
rq1-exact-623-20260926-long,5to10Traces/0042.trace,510f56ed4ed167a3b251,5to10Traces,plain,10,2,5cfb6e0dfec7365f0e68ecb0ad2f4f9871e8800b3c557179eff7b723e201b857,TIMEOUT,SMT_timeout,,,,479.2352296879999,2026-09-26T19:02:17.149402+00:00,2026-09-26T19:10:16.449431+00:00,6,
rq1-exact-623-20260926-long,5to10Traces/0043.trace,e49bdb45a6a8febcdba1,5to10Traces,plain,10,2,0ba767b4a1ffc90b215690664a295541a24c200c57666378d08384c8d5bc52db,TIMEOUT,SMT_timeout,,,,723.9710650380002,2026-09-26T18:58:56.772833+00:00,2026-09-26T19:11:00.810303+00:00,6,
rq1-exact-623-20260926-long,5to10Traces/0044.trace,ff15b0770ab4e1f710fc,5to10Traces,plain,18,2,14c046169a257cc5c4e9a2085440c69639c5a2f6631e6aca6d1b14a58a103b8b,OPTIMAL,,0,5,"!(|(x1,X(x0)))",1.3229935050003405,2026-09-26T19:52:14.846760+00:00,2026-09-26T19:52:16.232810+00:00,5,
rq1-exact-623-20260926-long,5to10Traces/0045.trace,731fa42c7c58c2c0a755,5to10Traces,plain,18,2,6be0adea98eb9f7f8aa3bc1d94d8fab75c02fea48f2f56dd13cc3e0b4c5951f9,OPTIMAL,,0,5,"&(x0,X(->(F(x0),x0)))",1.887174760000562,2026-09-26T19:05:12.012259+00:00,2026-09-26T19:05:13.959600+00:00,5,
rq1-exact-623-20260926-long,5to10Traces/0046.trace,b30b1f539d80e15afa69,5to10Traces,plain,18,2,5015ab49b8416d7fd346e98aa2c1d6056f2a5e41522ce67ca9331ba5cb7ef5aa,OPTIMAL,,0,6,"G(->(F(x0),!(x1)))",14.7857233550003,2026-09-26T20:09:19.966223+00:00,2026-09-26T20:09:34.813169+00:00,6,
rq1-exact-623-20260926-long,5to10Traces/0047.trace,2ffb45e212f13d9a4d00,5to10Traces,plain,18,2,8fce70ae980e6764f2a896a63e52a23cd45fd9c602acf346d208674a041a7ba8,OPTIMAL,,0,6,"G(->(F(x0),->(x1,x0)))",37.51980644499963,2026-09-26T20:05:30.122568+00:00,2026-09-26T20:06:07.705435+00:00,6,
rq1-exact-623-20260926-long,5to10Traces/0048.trace,dd2a8a5f37e79bd10b76,5to10Traces,plain,18,2,014bbe82bb5bd12969eeb2dc31d08d7fae63765cdc8ced993133d22211c15d66,OPTIMAL,,0,6,"G(->(x1,G(!(x0))))",41.510132507999515,2026-09-26T20:16:25.528374+00:00,2026-09-26T20:17:07.102459+00:00,6,
rq1-exact-623-20260926-long,5to10Traces/0049.trace,a9596c7fb50c40c4aa02,5to10Traces,plain,18,2,30438c7936428af7ad72cc1315ea699c8be91d6b2fd954c32d5ece0bc742772d,OPTIMAL,,0,6,"G(->(x1,!(F(x0))))",48.69175484999869,2026-09-26T20:09:34.022551+00:00,2026-09-26T20:10:22.776413+00:00,6,
rq1-exact-623-20260926-long,5to10Traces/0050.trace,673b0aa31331b5bc51cd,5to10Traces,plain,18,2,e8a823e3c3a7b888a9cbb620f2002d454a22f181ad3c3d6bad1204fb0f76904b,OPTIMAL,,0,6,"G(->(x1,!(F(x0))))",63.203739966000285,2026-09-26T20:16:57.419390+00:00,2026-09-26T20:18:00.686314+00:00,6,
rq1-exact-623-20260926-long,5to10Traces/0051.trace,c3be721976dc8cb5a379,5to10Traces,plain,18,2,73f4ee93b2ae99232e726fb217d7d554449a94a0e373248232b5425de7aed882,OPTIMAL,,0,6,"!(F(&(x1,F(x0))))",109.44706777700048,2026-09-26T19:52:16.264306+00:00,2026-09-26T19:54:05.774338+00:00,6,
rq1-exact-623-20260926-long,5to10Traces/0052.trace,d0d469fb2907c8ee21f8,5to10Traces,plain,18,2,91ff15f195ca072afe71e536812bb9f6c402c6f3e2f227a1c1997ddd407c5988,OPTIMAL,,0,6,"G(->(F(x0),!(x1)))",104.97779949300002,2026-09-26T19:05:13.980868+00:00,2026-09-26T19:06:59.019893+00:00,6,
rq1-exact-623-20260926-long,5to10Traces/0053.trace,5c40af3644c2b258d1ea,5to10Traces,plain,18,2,e7248279f2a15a5de11d23fd419dd208c9e4f00722658331d9ffea70eb2a14f3,OPTIMAL,,0,6,"G(->(F(x0),!(x1)))",83.93237494499954,2026-09-26T20:09:34.853071+00:00,2026-09-26T20:10:58.847921+00:00,6,
rq1-exact-623-20260926-long,5to10Traces/0054.trace,f16f76ff32f2b45844a7,5to10Traces,plain,18,2,cdef96667f3e06b99fe679140c3e1979c0841dfc1c39b27629fcb3bb58e25741,OPTIMAL,,0,6,"G(->(x1,!(F(x0))))",99.00843534199885,2026-09-26T20:06:07.757908+00:00,2026-09-26T20:07:46.828538+00:00,6,
rq1-exact-623-20260926-long,5to10Traces/0055.trace,142931611f38b33836e2,5to10Traces,plain,18,2,6ac3094d3b73be048f62252ce02bec18ad576cacbd3f2032dd829ad3d37a8888,OPTIMAL,,0,6,"G(->(x1,G(!(x0))))",183.0320373579998,2026-09-26T20:17:07.168579+00:00,2026-09-26T20:20:10.263364+00:00,6,
rq1-exact-623-20260926-long,5to10Traces/0056.trace,ee61466889a59ae85d87,5to10Traces,plain,18,2,20f4e14ed1677bec1373dcd944e30d8cfc45c5fa4e2a9e72082654e3c7c07d55,OPTIMAL,,0,6,"G(!(&(x1,F(x0))))",120.80279281900039,2026-09-26T20:10:22.830787+00:00,2026-09-26T20:12:23.696120+00:00,6,
rq1-exact-623-20260926-long,5to10Traces/0057.trace,09a8e13fc25434622e01,5to10Traces,plain,18,2,23eef4fd79d5c9dca6054fb5076ba2e9ca74f1c58562f751761a687cb97c8225,OPTIMAL,,0,6,"G(!(&(F(x0),x1)))",188.91804382999908,2026-09-26T20:18:00.736887+00:00,2026-09-26T20:21:09.720792+00:00,6,
rq1-exact-623-20260926-long,5to10Traces/0058.trace,f5cbd546c58ea6033ff7,5to10Traces,plain,18,2,ca7e3124f44c2b26b59839f88d1effc0bb59258816a64d1e31a04caed2a3c093,OPTIMAL,,0,6,"G(->(x1,G(!(x0))))",151.00083526199887,2026-09-26T19:54:05.839109+00:00,2026-09-26T19:56:36.906060+00:00,6,
rq1-exact-623-20260926-long,5to10Traces/0059.trace,08e6c14f26ed50e38304,5to10Traces,plain,18,2,1a57e62a9cd8a4b5a550a414264c541abedfaf0ecb8a6cc02a6fec1bd623c0b0,OPTIMAL,,0,6,"G(!(&(F(x0),x1)))",187.95216732900008,2026-09-26T19:06:59.095377+00:00,2026-09-26T19:10:07.111461+00:00,6,
rq1-exact-623-20260926-long,5to10Traces/0060.trace,69719365a9d9ffc0952a,5to10Traces,plain,18,2,89c502bda45cb21889bc87970c566b7ec35390aff17b424c7cec9d21e656c633,OPTIMAL,,0,6,"G(->(x1,G(!(x0))))",181.16455680900071,2026-09-26T20:10:58.924322+00:00,2026-09-26T20:14:00.153202+00:00,6,
rq1-exact-623-20260926-long,5to10Traces/0061.trace,2b17ff8896c5872ade1f,5to10Traces,plain,18,2,b0f1a823becc45ec700901a4d17a8fb4a2747ae6558a0a7ee75914e2a8bf19c2,OPTIMAL,,0,6,"G(->(F(x0),!(x1)))",245.9896756369999,2026-09-26T20:07:46.874823+00:00,2026-09-26T20:11:52.928130+00:00,6,
rq1-exact-623-20260926-long,5to10Traces/0062.trace,980178c1dd5647d8a792,5to10Traces,plain,18,2,659578e22d18330e18c4bd6eac4e1e2a4cc66cc0b6764d215dba3d25570d0d4e,OPTIMAL,,0,6,"!(F(&(F(x0),x1)))",176.11566259900064,2026-09-26T20:20:10.320169+00:00,2026-09-26T20:23:06.500725+00:00,6,
rq1-exact-623-20260926-long,5to10Traces/0063.trace,8a5ef82d0038a6aab994,5to10Traces,plain,18,2,2ce63ff5e34cef24daee6a38e21f61b2a9b228d75356b8ec857a53c0be00c773,OPTIMAL,,0,6,"G(->(x1,!(F(x0))))",248.8761034629988,2026-09-26T20:12:23.790519+00:00,2026-09-26T20:16:32.734316+00:00,6,
rq1-exact-623-20260926-long,5to10Traces/0064.trace,8e0e6925c57e3e7d8243,5to10Traces,plain,18,2,4739f9e06f3c05ec3596ff9831d461a251a6384e5b72166a6596b77e3f6fe6b3,OPTIMAL,,0,6,"G(->(x1,!(F(x0))))",231.6607573479996,2026-09-26T20:21:09.793108+00:00,2026-09-26T20:25:01.519806+00:00,6,
rq1-exact-623-20260926-long,5to10Traces/0065.trace,f4b463246e4362150961,5to10Traces,plain,18,2,2f6f12b0ce96437e99643656a191987fe3e29e5ea11200883df97544dbeaa31f,OPTIMAL,,0,6,"!(F(&(x1,F(x0))))",286.2193288140006,2026-09-26T19:56:36.965932+00:00,2026-09-26T20:01:23.247473+00:00,6,
rq1-exact-623-20260926-long,5to10Traces/0066.trace,93468839643e45c76ed0,5to10Traces,plain,18,2,be366ea181bd705203673a02f3beb9307e2b7f2428e44e84f12e6d02991f1a4e,OPTIMAL,,0,2,F(x1),0.1477448669993464,2026-09-26T19:10:07.189212+00:00,2026-09-26T19:10:07.399655+00:00,2,
rq1-exact-623-20260926-long,5to10Traces/0068.trace,c07fecbb303c52e75c14,5to10Traces,plain,18,2,b8c4141464e79c6eaaed0c2f296370039049719c1228e7e6b019fc381050f8a2,OPTIMAL,,0,7,"&(|(G(F(x1)),X(x0)),F(x1))",90.36438985899986,2026-09-26T20:14:00.235737+00:00,2026-09-26T20:15:30.665064+00:00,7,
rq1-exact-623-20260926-long,5to10Traces/0069.trace,435711cff0306bc46c94,5to10Traces,plain,18,2,69f6ca91822c321e18396ab634066518e44a44b6f64bdfeb4c83956d8a4095f6,OPTIMAL,,0,2,F(x1),0.6712172240004293,2026-09-26T20:11:53.038775+00:00,2026-09-26T20:11:53.772313+00:00,2,
rq1-exact-623-20260926-long,5to10Traces/0070.trace,2c8bc0e38bfa10cf76b2,5to10Traces,plain,18,2,a5e13ab1eb3be7dc2415e0c02ec5362d6e303166b8c91d28a3670fa657d6279d,OPTIMAL,,0,7,"->(F(x0),F(&(x0,F(x1))))",178.9268235110012,2026-09-26T20:23:06.598374+00:00,2026-09-26T20:26:05.589451+00:00,7,
rq1-exact-623-20260926-long,5to10Traces/0071.trace,313682e126b8b521f5dc,5to10Traces,plain,18,2,46b83e7e6b53a7da44fc411f1088825e0272c13e8143b4c9eeeb2ef3d110cb26,OPTIMAL,,0,5,"F(&(x0,X(x1)))",19.860293705000004,2026-09-26T20:16:32.834828+00:00,2026-09-26T20:16:52.758333+00:00,5,
rq1-exact-623-20260926-long,5to10Traces/0072.trace,015a9b80a8e28e0b2b57,5to10Traces,plain,18,2,5a765703a495b808f153726282d69d93ac2f988c6a385bfc19d5234ff374d7f4,OPTIMAL,,0,7,"->(F(x0),F(&(F(x1),x0)))",222.67402383599983,2026-09-26T20:25:01.588687+00:00,2026-09-26T20:28:44.326653+00:00,7,
rq1-exact-623-20260926-long,5to10Traces/0073.trace,bec22b131ef73935ee7b,5to10Traces,plain,18,2,796cc73a47026adb51fe9c60fc5a6bf2fab504caa9bf10868738968b723c7858,OPTIMAL,,0,5,"F(&(x0,F(x1)))",34.25165555199965,2026-09-26T20:01:23.336251+00:00,2026-09-26T20:01:57.650977+00:00,5,
rq1-exact-623-20260926-long,5to10Traces/0074.trace,c1a80dda9337eb03aea7,5to10Traces,plain,18,2,17a8172a264c432b22b6195f94909869d4a7b32b69d4fe159beebda0c06d060c,OPTIMAL,,0,7,"F(&(F(x1),->(F(x0),x0)))",485.1240702339992,2026-09-26T19:10:07.454392+00:00,2026-09-26T19:18:12.643697+00:00,7,
rq1-exact-623-20260926-long,5to10Traces/0075.trace,0cd897e584b64a6f18f1,5to10Traces,plain,18,2,839c7f703e8cdbddd265b823b571ea03e2daca58a23f1493feff60c796373619,OPTIMAL,,0,5,"F(&(F(x1),x0))",42.51987273699888,2026-09-26T20:15:30.691565+00:00,2026-09-26T20:16:13.276223+00:00,5,
rq1-exact-623-20260926-long,5to10Traces/0076.trace,f8c89767dfcc85d1a502,5to10Traces,plain,18,2,4a481963aaa32652946def7cfc9f5619c28a3cdab2e2e295fa79bcd026e61c82,OPTIMAL,,0,7,"F(&(->(F(x0),x0),F(x1)))",509.32832421400053,2026-09-26T20:11:53.804834+00:00,2026-09-26T20:20:23.195004+00:00,7,
rq1-exact-623-20260926-long,5to10Traces/0077.trace,dcc7d0bb677c2a5924ba,5to10Traces,plain,18,2,37be0b9dadbe653282583062331b1d0b8c75f19c11d87996a10a06629585968b,OPTIMAL,,0,5,"F(&(F(x1),x0))",48.64658526599851,2026-09-26T20:26:05.668158+00:00,2026-09-26T20:26:54.379685+00:00,5,
rq1-exact-623-20260926-long,5to10Traces/0078.trace,14911b77eef8ab088a4d,5to10Traces,plain,18,2,38647e132ee55de9993f8c59a208e35d4c2ce6487de2fac015c6509a0f9e6b3c,TIMEOUT,SMT_timeout,,,,397.87003749700125,2026-09-26T20:16:52.836393+00:00,2026-09-26T20:23:30.772295+00:00,6,
rq1-exact-623-20260926-long,5to10Traces/0079.trace,dab3233cb2438a12d495,5to10Traces,plain,18,2,6b1f34756a919d6f363f39c71ab2178ce9a2b7c6a15cb0d3988ef8e04e59e7d3,TIMEOUT,SMT_timeout,,,,446.8659298189996,2026-09-26T20:28:44.374902+00:00,2026-09-26T20:36:11.308959+00:00,6,
rq1-exact-623-20260926-long,5to10Traces/0080.trace,af0d6cb1d39b1ccbb1bd,5to10Traces,plain,18,2,f2434042464636c57e3f95690a219a0e946ad0f386c0b30fe37d6445d6301399,TIMEOUT,SMT_timeout,,,,428.33618169299916,2026-09-26T20:01:57.719296+00:00,2026-09-26T20:09:06.118745+00:00,6,
rq1-exact-623-20260926-long,5to10Traces/0081.trace,509222e956922b677584,5to10Traces,plain,18,2,708450a78b236ce7eaba4691c29adff08e77676f2cb2a2cda38d5b44d96f876a,OPTIMAL,,0,5,"F(&(F(x1),x0))",70.53634483400037,2026-09-26T19:18:12.700167+00:00,2026-09-26T19:19:23.302254+00:00,5,
rq1-exact-623-20260926-long,5to10Traces/0082.trace,01fe863d09d83f5fd862,5to10Traces,plain,18,2,4cd2b5c3744207c1bb88b4c6530198d66a9b5f692ade912133a82a8b55436b94,TIMEOUT,SMT_timeout,,,,434.3446302020002,2026-09-26T20:16:13.343351+00:00,2026-09-26T20:23:27.753876+00:00,6,
rq1-exact-623-20260926-long,5to10Traces/0083.trace,50bf60505b25ad89fc89,5to10Traces,plain,18,2,0092a507c55a5a4282a41def1ce2999d755b8d97fb91d2fe0eded9a1fa81ffd8,OPTIMAL,,0,5,"F(&(F(x1),x0))",95.72027275400069,2026-09-26T20:20:23.244367+00:00,2026-09-26T20:21:59.029708+00:00,5,
rq1-exact-623-20260926-long,5to10Traces/0084.trace,4cf0451487ef633e1d35,5to10Traces,plain,18,2,90b35332457b1de8f31e323bc011ba287b72e2f64855510dfd38861206238f9e,TIMEOUT,SMT_timeout,,,,444.49176832600097,2026-09-26T20:26:54.435712+00:00,2026-09-26T20:34:18.992609+00:00,6,
rq1-exact-623-20260926-long,5to10Traces/0085.trace,7820fd0095ba424169e5,5to10Traces,plain,18,2,962abce4353536cc3b40909494550e87ae35ec3d917b025b9727780e9074c2ac,OPTIMAL,,0,5,"F(&(F(x1),x0))",109.39628652099964,2026-09-26T20:23:30.865204+00:00,2026-09-26T20:25:20.327705+00:00,5,
rq1-exact-623-20260926-long,5to10Traces/0086.trace,df298dcc2e3ef24e7249,5to10Traces,plain,18,2,929b50c651ec3b1e85ea1b9db831d7236326feb88b6dbd8e7feaa83ad80291f1,TIMEOUT,SMT_timeout,,,,523.6156934490009,2026-09-26T20:36:11.397501+00:00,2026-09-26T20:44:55.078157+00:00,6,
rq1-exact-623-20260926-long,5to10Traces/0087.trace,fa591f0019bdf0ba72a2,5to10Traces,plain,18,2,ba2473e07d4ef1cc752c3df0883e089989827b9dac948df541f3be6543952417,OPTIMAL,,0,5,"F(&(F(x1),x0))",92.04901671900006,2026-09-26T20:09:06.179166+00:00,2026-09-26T20:10:38.295531+00:00,5,
rq1-exact-623-20260926-long,5to10Traces/0110.trace,db9e8526602a9dc63389,5to10Traces,plain,67,2,e1f66e56770e41f59288cd527b24b9791a8b7cf4ccfdd90634bdb644cdaa5f38,OPTIMAL,,0,2,G(x0),0.14842132599915203,2026-09-26T21:06:40.962515+00:00,2026-09-26T21:06:41.173729+00:00,2,
rq1-exact-623-20260926-long,5to10Traces/0112.trace,c463673727b6ef4460b4,5to10Traces,plain,67,2,091a04c7c5936ecbfa22c19ce53f1f45fe5914a8b4c437064960db8fdbc56c7d,OPTIMAL,,0,2,G(x0),0.5364932230004342,2026-09-26T21:23:43.540605+00:00,2026-09-26T21:23:44.140879+00:00,2,
rq1-exact-623-20260926-long,5to10Traces/0114.trace,284fa4f76815844a918e,5to10Traces,plain,67,2,5be77e06b023af1250463756bf06f6c5db3c04a372a3f491f29ab97e931bf38a,TIMEOUT,SMT_timeout,,,,421.21909670199966,2026-09-26T21:45:04.014483+00:00,2026-09-26T21:52:05.297721+00:00,7,
rq1-exact-623-20260926-long,5to10Traces/0116.trace,5baceb0da562e46724a5,5to10Traces,plain,67,2,04648b1607ab764a7a9a2bd046edfeacf74a58b108d36b72db4e30d627a9c954,OPTIMAL,,0,7,"G(&(x0,|(F(x2),x1)))",328.9542258299989,2026-09-26T21:26:59.999568+00:00,2026-09-26T21:32:29.017726+00:00,7,
rq1-exact-623-20260926-long,5to10Traces/0117.trace,005af8af24c523788c62,5to10Traces,plain,67,2,d3c2fe8052ecf8528a9b8d2977e9aa4d2c511d320c9111e21202eb2dbf3a9567,OPTIMAL,,0,4,"&(x1,G(x0))",12.902542384999833,2026-09-26T21:30:56.286441+00:00,2026-09-26T21:31:09.253138+00:00,4,
rq1-exact-623-20260926-long,5to10Traces/0118.trace,bb8b1b2c26661b7268d8,5to10Traces,plain,67,2,7a61766dc359d3151e0d4e1ee04e9405401715c35b35d6cf874a6f7e3a076354,TIMEOUT,SMT_timeout,,,,603.7745338289988,2026-09-26T21:08:48.053998+00:00,2026-09-26T21:18:51.893535+00:00,7,
rq1-exact-623-20260926-long,5to10Traces/0119.trace,c4025e52f2b77d358eaa,5to10Traces,plain,67,2,ef685ef6eb2164beed9d2227784f11e537a9265388d76c9bed067e1b32573d25,OPTIMAL,,0,2,G(x0),2.756771096999728,2026-09-26T20:27:52.780312+00:00,2026-09-26T20:27:55.599532+00:00,2,
rq1-exact-623-20260926-long,5to10Traces/0120.trace,d7f330b1209004d82fcf,5to10Traces,plain,67,2,e8f11d243d801f3d266cdee6419fd70266e2f09691110c367022d4a00a6198cb,OPTIMAL,,0,2,G(x0),2.636310402998788,2026-09-26T21:06:41.227578+00:00,2026-09-26T21:06:43.928345+00:00,2,
rq1-exact-623-20260926-long,5to10Traces/0121.trace,19a93c73f63338a0d444,5to10Traces,plain,67,2,e45333bddeaa1e9ab771c42877b7697ed4fdd5374692a194e80178ce15b63daf,OPTIMAL,,0,2,G(x0),3.5332526879992656,2026-09-26T21:23:44.205999+00:00,2026-09-26T21:23:47.803957+00:00,2,
rq1-exact-623-20260926-long,5to10Traces/0122.trace,e3200b3320441c50b4aa,5to10Traces,plain,67,2,897a5ba441da1c6902f1cdc93cee4464c6082662af684976e07981c9a6b917d3,TIMEOUT,SMT_timeout,,,,399.624963672999,2026-09-26T21:52:05.360855+00:00,2026-09-26T21:58:45.052559+00:00,6,
rq1-exact-623-20260926-long,5to10Traces/0124.trace,84be0f222006cf0a33c1,5to10Traces,plain,67,2,55ab5b41efbf8296ff4d2cbe513f62334719832cba180ff0c7ad5be330854371,TIMEOUT,SMT_timeout,,,,418.52756033199876,2026-09-26T21:32:29.082090+00:00,2026-09-26T21:39:27.674277+00:00,6,
rq1-exact-623-20260926-long,5to10Traces/0125.trace,4519b24804f7fe4d7c37,5to10Traces,plain,67,2,43c3aa17eb255777403ee0c951142e46a4b2758997d2e1254ffeb9ce010ae2c1,OPTIMAL,,0,2,G(x0),5.0528477230000135,2026-09-26T21:31:09.325388+00:00,2026-09-26T21:31:14.444241+00:00,2,
rq1-exact-623-20260926-long,5to10Traces/0126.trace,f7049eeaae035bd1af62,5to10Traces,plain,67,2,06b8f145441a4c53b4a1f07f068961f9d977fdc8ca1bae46737002179a95f00e,TIMEOUT,SMT_timeout,,,,452.416042928,2026-09-26T21:18:51.969648+00:00,2026-09-26T21:26:24.451107+00:00,6,
rq1-exact-623-20260926-long,5to10Traces/0127.trace,f1461e9fb06f2aeb64a6,5to10Traces,plain,67,2,38b148e43e53e0ba5fb58e99548c5349a8584426d82a0641034aee72f07c14dc,OPTIMAL,,0,2,G(x0),5.50700041699929,2026-09-26T20:27:55.648674+00:00,2026-09-26T20:28:01.219974+00:00,2,
rq1-exact-623-20260926-long,5to10Traces/0128.trace,dc960399681cbacef18f,5to10Traces,plain,67,2,b5d6342146db3553a3dcf5758ec58215536115c1632db0303a0b7e62d038592a,TIMEOUT,SMT_timeout,,,,463.9629633839995,2026-09-26T21:06:43.997709+00:00,2026-09-26T21:14:28.030077+00:00,6,
rq1-exact-623-20260926-long,5to10Traces/0129.trace,5525def873ec568b32c5,5to10Traces,plain,67,2,c5e3de677a29cdb03406f7da996e01021bb5366f8583362622373c7513d2f3ca,OPTIMAL,,0,2,G(x0),6.297455637999519,2026-09-26T21:23:47.827458+00:00,2026-09-26T21:23:54.190836+00:00,2,
rq1-exact-623-20260926-long,5to10Traces/0130.trace,782cbd1133a506750df4,5to10Traces,plain,67,2,7eeea4da9600647b4ca3c724512372bbb595ada3823a84b02f170fa928a4c6bf,TIMEOUT,SMT_timeout,,,,471.558200948999,2026-09-26T21:58:45.104971+00:00,2026-09-26T22:06:36.730434+00:00,6,
rq1-exact-623-20260926-long,5to10Traces/0131.trace,f31806d203e0e269c648,5to10Traces,plain,67,2,c5c4a92ab8c6b7948f51749b2d9e2562d7f73ff62a72766c117bab32d44c8618,OPTIMAL,,0,6,"&(G(x0),->(x3,x2))",393.9924217030002,2026-09-26T21:39:27.722083+00:00,2026-09-26T21:46:01.778790+00:00,6,
rq1-exact-623-20260926-long,5to10Traces/0157.trace,4f3e31ce1c666716160f,5to10Traces,plain,6,2,588f3e17285d00e0ef25a984d20cb2c7311b5f83e1a7b7cfd03f0d91845196cb,UNSAT,,,,,220.60550673600028,2026-09-26T18:06:09.907923+00:00,2026-09-26T18:09:50.573269+00:00,6,
rq1-exact-623-20260926-long,5to10Traces/0159.trace,6f9d225d515a415fccad,5to10Traces,plain,6,2,7a8b91d4cd781948c46b32f1afefe696c01a426fdc32358e7dd94a5c0277a1a4,UNSAT,,,,,361.44226881600025,2026-09-26T18:06:09.910111+00:00,2026-09-26T18:12:11.414493+00:00,6,
rq1-exact-623-20260926-long,5to10Traces/0160.trace,333052a9e3728ad72951,5to10Traces,plain,6,2,67e4917bdac48ce1d41bc9df055dd50a4f2e832f346c348b0da8c5dc6550231e,UNSAT,,,,,253.8763489099997,2026-09-26T18:06:09.909494+00:00,2026-09-26T18:10:23.848030+00:00,6,
rq1-exact-623-20260926-long,5to10Traces/0161.trace,7a054e54f331c3da29bc,5to10Traces,plain,6,2,09abb388cb5185e890e0474dda93ee7673d3d8d7117e591fb747af2c191ff37b,TIMEOUT,SMT_timeout,,,,421.572653703,2026-09-26T18:06:09.912633+00:00,2026-09-26T18:13:11.545983+00:00,6,
rq1-exact-623-20260926-long,5to10Traces/0162.trace,c0bfa82c72edacf5f916,5to10Traces,plain,6,2,febccb0ca50074ae0455fb54efe74868059da61ae079aabc0f6d6ac2d519167b,UNSAT,,,,,280.52448567400006,2026-09-26T18:06:09.905712+00:00,2026-09-26T18:10:50.491838+00:00,6,
rq1-exact-623-20260926-long,5to10Traces/0163.trace,a10d7b4788a823ccc6e0,5to10Traces,plain,6,2,698048cb05237bb76881248a194dfd4222f786aff27053424c01cd4df973fcb3,TIMEOUT,SMT_timeout,,,,467.7043974620001,2026-09-26T18:06:09.907262+00:00,2026-09-26T18:13:57.673510+00:00,6,
rq1-exact-623-20260926-long,5to10Traces/0164.trace,d06723254c0a289485c5,5to10Traces,plain,6,2,6df83574ea926131b131832dcccba0c5588a338ea681d59b1706dc1a127a37d4,UNSAT,,,,,379.27966435300004,2026-09-26T18:09:50.609994+00:00,2026-09-26T18:16:09.954046+00:00,6,
rq1-exact-623-20260926-long,5to10Traces/0165.trace,b43fefd70429cd8ee843,5to10Traces,plain,6,2,43f2142433c9b3046e39e2cecba2ab6f12de2f060be5a409edc2d34939e9cbd4,TIMEOUT,SMT_timeout,,,,485.1529237079999,2026-09-26T18:06:09.910618+00:00,2026-09-26T18:14:15.125418+00:00,6,
rq1-exact-623-20260926-long,5to10Traces/0166.trace,dcbf9ce1b947e089239b,5to10Traces,plain,6,2,6a37e5470656768f553fc77683f563d89952ded7e1fcecbd6e8c6031e1d59e87,UNSAT,,,,,405.6372559229999,2026-09-26T18:12:11.490444+00:00,2026-09-26T18:18:57.192469+00:00,6,
rq1-exact-623-20260926-long,5to10Traces/0167.trace,e3c60773d1caa1476d4d,5to10Traces,plain,6,2,de9222b66cb05b730d04d9402205c708cb7a392a3663ddec8dcc12ce7051f8b2,TIMEOUT,SMT_timeout,,,,535.7864646050002,2026-09-26T18:10:23.905870+00:00,2026-09-26T18:19:19.757713+00:00,6,
rq1-exact-623-20260926-long,5to10Traces/0168.trace,32ebb28acc2add3761e7,5to10Traces,plain,6,2,a7f8d4ada64dafe6ccc1158f17b1987d24509f77c20e994e0be3de8e82d2254a,TIMEOUT,SMT_timeout,,,,422.89434283499986,2026-09-26T18:13:11.605285+00:00,2026-09-26T18:20:14.564722+00:00,6,
rq1-exact-623-20260926-long,5to10Traces/0169.trace,de65a0e45e536c5f9c37,5to10Traces,plain,6,2,604c64f4fe5c15293a02c7a950a094fe7237524676db62bb33b8ebcf96274598,TIMEOUT,SMT_timeout,,,,556.7305630440001,2026-09-26T18:10:50.547585+00:00,2026-09-26T18:20:07.342980+00:00,6,
rq1-exact-623-20260926-long,5to10Traces/0170.trace,c2c96411b6de5053a5e7,5to10Traces,plain,6,2,e714e7763d0985a9f60e3f51e93026b7c9a055fac5e1fee366ac90f541b78e17,TIMEOUT,SMT_timeout,,,,437.5051620989998,2026-09-26T18:13:57.736576+00:00,2026-09-26T18:21:15.304659+00:00,6,
rq1-exact-623-20260926-long,5to10Traces/0171.trace,73ce1c5352c9e637238f,5to10Traces,plain,6,2,b20ab982fceffe4adbbfb37241ddd8dbd85b26501d8b13f20e9fb892232c88c6,TIMEOUT,SMT_timeout,,,,635.6189425639996,2026-09-26T18:16:10.030677+00:00,2026-09-26T18:26:45.715601+00:00,6,
rq1-exact-623-20260926-long,5to10Traces/0172.trace,20f801a22a35e39cf4a5,5to10Traces,plain,6,2,688cf40d1b7d992482dc722d710b7aeabe69223403907db7c6e4b1095513cfaa,TIMEOUT,SMT_timeout,,,,464.28153009499965,2026-09-26T18:14:15.215214+00:00,2026-09-26T18:21:59.560477+00:00,6,
rq1-exact-623-20260926-long,5to10Traces/0173.trace,92089866b061e71f419d,5to10Traces,plain,6,2,027b9d21049f56e1d569a406b650b8449dffbfbe65a47d8da69ec7d0a0bfaa23,TIMEOUT,SMT_timeout,,,,660.813578277,2026-09-26T18:18:57.247121+00:00,2026-09-26T18:29:58.127588+00:00,6,
rq1-exact-623-20260926-long,5to10Traces/0174.trace,411d7687e65cd4f14474,5to10Traces,plain,6,2,fe41503b69e91d4a017b84083fcd427a964966e8836a156bb0e7c99b89d4ed30,TIMEOUT,SMT_timeout,,,,491.36160857600044,2026-09-26T18:19:19.851581+00:00,2026-09-26T18:27:31.278905+00:00,6,
rq1-exact-623-20260926-long,5to10Traces/0175.trace,94df50dfcf59ff04a823,5to10Traces,plain,6,2,28732aebd9a32ac10df5fde6e83c5c5b69a775b314df1fd64c6db1ea9f1cd116,TIMEOUT,SMT_timeout,,,,727.0536069339996,2026-09-26T18:20:14.651629+00:00,2026-09-26T18:32:21.770785+00:00,6,
rq1-exact-623-20260926-long,5to10Traces/0176.trace,034d0c674621ca360b6f,5to10Traces,plain,10,2,d5a043284aa0a5c5774276dd80654700e024333355a5976fb375e5983586f01e,OPTIMAL,,0,3,"&(x0,X(x0))",0.3633712379996723,2026-09-26T18:46:35.870241+00:00,2026-09-26T18:46:36.296093+00:00,3,
rq1-exact-623-20260926-long,5to10Traces/0177.trace,b59806f0f5e4c49e3902,5to10Traces,plain,10,2,00e0be481f0685337ad14fe5edf3c6111e7905f4ebc18e2e634915cd78faf8af,OPTIMAL,,0,4,"!(|(x0,x1))",1.1687653019998834,2026-09-26T19:19:58.807656+00:00,2026-09-26T19:20:00.039621+00:00,4,
rq1-exact-623-20260926-long,5to10Traces/0178.trace,3602f73738e4144b25b4,5to10Traces,plain,10,2,4430fdb2aab411bdcb015e7f6c8b460ba74aa0805e1ed6617219a2c9b842e93b,OPTIMAL,,0,5,"G(->(x1,G(x0)))",7.30652212699988,2026-09-26T19:26:09.009560+00:00,2026-09-26T19:26:16.378846+00:00,5,
rq1-exact-623-20260926-long,5to10Traces/0179.trace,5b837541f1c88006b123,5to10Traces,plain,10,2,d43534cc1cc93480ed9d9fde9dcc9c1e9c8800ee23f104ea4d255189972fc382,OPTIMAL,,0,5,"G(->(x1,G(x0)))",10.168196202000217,2026-09-26T19:24:29.458904+00:00,2026-09-26T19:24:39.687803+00:00,5,
rq1-exact-623-20260926-long,5to10Traces/0180.trace,4a7e2e49684b1c6c7f91,5to10Traces,plain,10,2,f488a5779e94138197c49413e19aa6c9098792854143982992b07496bc724119,OPTIMAL,,0,5,"G(->(x1,G(x0)))",16.711285906999365,2026-09-26T19:09:03.407126+00:00,2026-09-26T19:09:20.181769+00:00,5,
rq1-exact-623-20260926-long,5to10Traces/0181.trace,ca8d192d630978c1358a,5to10Traces,plain,10,2,99ffce474947f4398b531039a7e48fe137a4ec84e569eef662591ccf7027bafa,OPTIMAL,,0,5,"G(->(x1,G(x0)))",22.707939314000214,2026-09-26T19:10:16.508580+00:00,2026-09-26T19:10:39.279218+00:00,5,
rq1-exact-623-20260926-long,5to10Traces/0182.trace,18a1601b38ee085ad0c0,5to10Traces,plain,10,2,dab7b013d1e8d416aa3521ff6cafc90dab9a343235d0ba0b27df0e39cec0522b,OPTIMAL,,0,5,"G(->(x1,G(x0)))",23.445031965999988,2026-09-26T19:11:00.951049+00:00,2026-09-26T19:11:24.458896+00:00,5,
rq1-exact-623-20260926-long,5to10Traces/0183.trace,66c3f6fae74a9d059304,5to10Traces,plain,10,2,7916c59cbc42af906d83b5c9a37a794076f41f998650a4c86e92bddaba18da25,OPTIMAL,,0,5,"G(->(x1,G(x0)))",29.44498724300047,2026-09-26T18:46:36.335910+00:00,2026-09-26T18:47:05.845705+00:00,5,
rq1-exact-623-20260926-long,5to10Traces/0184.trace,d8f6b31f7c3baddc8448,5to10Traces,plain,10,2,e1a0abb63f0d0574ec055c7c1399f95ad47b000cd6a4944a8ea8bfb895a0a5d3,OPTIMAL,,0,5,"G(->(x1,G(x0)))",33.59530582300067,2026-09-26T19:20:00.074945+00:00,2026-09-26T19:20:33.735523+00:00,5,
rq1-exact-623-20260926-long,5to10Traces/0185.trace,646e885182265b3799e8,5to10Traces,plain,10,2,fcf466c6def80e828dda76534ea43b918b98537b4aa82fc1256f149e8cfde24f,OPTIMAL,,0,5,"G(->(x1,G(x0)))",38.45117740600017,2026-09-26T19:26:16.436943+00:00,2026-09-26T19:26:54.951404+00:00,5,
rq1-exact-623-20260926-long,5to10Traces/0186.trace,e896f42bb88af714433c,5to10Traces,plain,10,2,6c35d83292b8c3ba57c1ff70f542e719141299b437277834cfe7be3de30c77e5,OPTIMAL,,0,5,"G(->(x1,G(x0)))",43.6544121930001,2026-09-26T19:24:39.744772+00:00,2026-09-26T19:25:23.460928+00:00,5,
rq1-exact-623-20260926-long,5to10Traces/0187.trace,4365df6f5a98cc271bc8,5to10Traces,plain,10,2,b6dfee7d418c289bbd1e34d3c8f1d0d60e1c4f69ecaace4c58cfe595b2138de0,OPTIMAL,,0,5,"G(->(x1,G(x0)))",56.059624438000355,2026-09-26T19:09:20.255174+00:00,2026-09-26T19:10:16.381436+00:00,5,
rq1-exact-623-20260926-long,5to10Traces/0188.trace,e96cd997734bfa32bd27,5to10Traces,plain,10,2,34ecee67cee4bbe34e57a29d6c0d8119f2c9e9761cb28f18932a041c91443219,OPTIMAL,,0,5,"G(->(x1,G(x0)))",54.171840376000546,2026-09-26T19:10:39.319499+00:00,2026-09-26T19:11:33.555708+00:00,5,
rq1-exact-623-20260926-long,5to10Traces/0189.trace,d94cb3a981fef5f14221,5to10Traces,plain,10,2,0fe6622716b9cea1f2d8283991a34c46b7095f11c1cd07d16e97a9e72256fd88,OPTIMAL,,0,5,"G(->(x1,G(x0)))",65.06388306100052,2026-09-26T19:11:24.513121+00:00,2026-09-26T19:12:29.641814+00:00,5,
rq1-exact-623-20260926-long,5to10Traces/0190.trace,b003da5668c564379cd1,5to10Traces,plain,10,2,5bdc71268d6664f33dc62ac1e1065fd8312e52f0c4b7f21caa591950d454d04f,OPTIMAL,,0,5,"G(->(x1,G(x0)))",74.94852017300036,2026-09-26T18:47:05.897568+00:00,2026-09-26T18:48:20.911736+00:00,5,
rq1-exact-623-20260926-long,5to10Traces/0191.trace,5a495888dcfe908fc987,5to10Traces,plain,10,2,45737bd8f6964ba07b5df630ad9ef4844163cd64ae95e879c7c1b8e891dd4b99,OPTIMAL,,0,5,"G(->(x1,G(x0)))",92.68754619100037,2026-09-26T19:20:33.806821+00:00,2026-09-26T19:22:06.557534+00:00,5,
rq1-exact-623-20260926-long,5to10Traces/0192.trace,5184d587f4c5d5b33769,5to10Traces,plain,10,2,d327ecb59370e7f354a49762e1340a8d988054ec2dd62e634ebaf3dbc7ae7294,OPTIMAL,,0,5,"G(->(x1,G(x0)))",71.03860764599995,2026-09-26T19:26:55.027561+00:00,2026-09-26T19:28:06.131683+00:00,5,
rq1-exact-623-20260926-long,5to10Traces/0193.trace,a75ab6147b40113fdc62,5to10Traces,plain,10,2,ec540ad4faf34d19b8c26dffb374dbd65ab41efbc701e91149a9529aa8a6d61a,OPTIMAL,,0,5,"G(->(x1,G(x0)))",95.95951512899956,2026-09-26T19:25:23.537145+00:00,2026-09-26T19:26:59.560041+00:00,5,
rq1-exact-623-20260926-long,5to10Traces/0194.trace,6ab21fbfafbbdc92723d,5to10Traces,plain,10,2,a69d162010b7ff747dfa303ad27f320627acaacf2f088d9cd54cd43e48d33c95,OPTIMAL,,0,5,"G(->(x1,G(x0)))",72.55376071699993,2026-09-26T19:10:16.443346+00:00,2026-09-26T19:11:29.062642+00:00,5,
rq1-exact-623-20260926-long,5to10Traces/0195.trace,adfe909828803252f12b,5to10Traces,plain,10,2,a7c00f50034dbd7a62bdbbd60a084419a657f6c52fdb5217a05261b11c1b7565,OPTIMAL,,0,5,"G(->(x1,G(x0)))",119.00998410600005,2026-09-26T19:11:33.595439+00:00,2026-09-26T19:13:32.668992+00:00,5,
rq1-exact-623-20260926-long,5to10Traces/0196.trace,99085fbe65132647489b,5to10Traces,plain,10,2,438aa7e3144068c90b4e85af4ebb46ddf8cdd2bc007660cf47c4294248d78baf,OPTIMAL,,0,5,"G(->(x1,G(x0)))",95.38192077400072,2026-09-26T19:12:29.687173+00:00,2026-09-26T19:14:05.133799+00:00,5,
rq1-exact-623-20260926-long,5to10Traces/0197.trace,bea12c7e49e9bb9a394c,5to10Traces,plain,10,2,9562ac3a2879a4b49b5609d75f0a5e8bd0127f9043ce178798c78d75444be3c3,OPTIMAL,,0,5,"G(->(x1,G(x0)))",153.6215957889999,2026-09-26T18:48:20.953808+00:00,2026-09-26T18:50:54.640238+00:00,5,
rq1-exact-623-20260926-long,baseTest/0001.trace,8796024d9677ae4de12a,baseTest,plain,10,2,9547ffb5a3f76c5b4a41be156b2d786934fb0a67853456691c927aafbe7cc350,TIMEOUT,SMT_timeout,,,,440.9978818009995,2026-09-26T19:22:06.647543+00:00,2026-09-26T19:29:27.710097+00:00,6,
rq1-exact-623-20260926-long,baseTest/0002.trace,7d7862330c40d9ed18e4,baseTest,plain,10,2,ec3b613c79867a372347b5c3e20ecf655b6b26e0936663eac81b7d8e862aeeff,OPTIMAL,,0,5,"->(|(X(x0),x0),x1)",3.016280029999507,2026-09-26T19:28:06.174230+00:00,2026-09-26T19:28:09.251998+00:00,5,
rq1-exact-623-20260926-long,baseTest/0003.trace,f1488757391174b7661b,baseTest,plain,10,2,9d0781db353a283bf3632c6789a888d5ec911aebae55319d22c203997ded5dd6,TIMEOUT,SMT_timeout,,,,485.6654673309995,2026-09-26T19:26:59.638033+00:00,2026-09-26T19:35:05.368125+00:00,6,
rq1-exact-623-20260926-long,baseTest/0004.trace,b1c4dec829d43740b115,baseTest,plain,10,2,7aa00584c4ad2de7006e587b72dcde92c0e7845ed79c9f95bf570bb9cbfdc063,TIMEOUT,SMT_timeout,,,,536.5886194550003,2026-09-26T19:11:29.162938+00:00,2026-09-26T19:20:25.818562+00:00,6,
rq1-exact-623-20260926-long,baseTest/0005.trace,040b9fb96e2322abf986,baseTest,plain,10,2,20c6c43cc7f2f8eb85ba9b564b1e146ecb731d0d44d4a16139452fb0713522a6,TIMEOUT,SMT_timeout,,,,583.7917956029996,2026-09-26T19:13:32.729044+00:00,2026-09-26T19:23:16.592605+00:00,5,
rq1-exact-623-20260926-long,baseTest/0006.trace,dca9f4c1fedcaf690068,baseTest,plain,10,2,a4875e300f2efbc8da4907b662fde75274e8e6d78dce4a030d2fecd0d5b6bb40,TIMEOUT,SMT_timeout,,,,476.6641746079995,2026-09-26T19:14:05.209910+00:00,2026-09-26T19:22:01.937530+00:00,7,
rq1-exact-623-20260926-long,baseTest/0007.trace,2639781c143e0e3aee53,baseTest,plain,10,2,1afe526db22540339194bce20eb8c5a402e11a7dfd0852830fd6e17afd7e22cf,OPTIMAL,,0,6,"->(&(X(x0),F(x1)),x1)",4.8642166059999,2026-09-26T18:50:54.712067+00:00,2026-09-26T18:50:59.639357+00:00,6,
rq1-exact-623-20260926-long,baseTest/0015.trace,3a8087cc1efbeb18556e,baseTest,plain,18,2,70287e746b0fd29f573bf71c771be740d7fb07aed69694f32274ed8f6bbbe2e4,OPTIMAL,,0,6,"G(->(x1,G(!(x0))))",658.2984995090001,2026-09-26T19:19:23.390161+00:00,2026-09-26T19:30:21.757327+00:00,6,
rq1-exact-623-20260926-long,baseTest/0016.trace,091bd9c0be43758227f3,baseTest,plain,18,2,fa50e2911675719d95d055e6cd91cf981e06cbaef02d9e0626d2c09b3cd0707f,OPTIMAL,,0,6,"G(->(F(x0),!(x1)))",33.14118565799981,2026-09-26T20:23:27.842484+00:00,2026-09-26T20:24:01.051766+00:00,6,
rq1-exact-623-20260926-long,baseTest/0017.trace,53ab76bf302a5796b097,baseTest,plain,18,2,9318a97d8cbc2695eddcd727e99f571d64603e79a45c38d72462a798bdddc12f,TIMEOUT,SMT_timeout,,,,532.6984065969991,2026-09-26T20:21:59.086346+00:00,2026-09-26T20:30:51.856358+00:00,5,
rq1-exact-623-20260926-long,baseTest/0018.trace,b3339b3557b7c60bacd6,baseTest,plain,18,2,ea1b54c7e0c5cef5e8e11b4e5819c775b2cf77f09161f77412617d706fbc9bd1,TIMEOUT,SMT_timeout,,,,584.1424220790013,2026-09-26T20:34:19.052798+00:00,2026-09-26T20:44:03.269075+00:00,5,
rq1-exact-623-20260926-long,baseTest/0019.trace,cf9ed83597e24957fa66,baseTest,plain,18,2,27f4306dca1eb9c7167d1d78927b29ebea54f66d6ac703d1e64f727b7ce375c1,TIMEOUT,SMT_timeout,,,,655.4161311530006,2026-09-26T20:25:20.418043+00:00,2026-09-26T20:36:15.925951+00:00,4,
rq1-exact-623-20260926-long,baseTest/0020.trace,6b5d7d212aa304273f2b,baseTest,plain,18,2,a4c43f7b49a0903c436b07c0e10b397b87316fe078f8f3929ede0fb8f4a60e01,OPTIMAL,,0,6,"!(F(&(x1,F(x0))))",221.1918707040004,2026-09-26T20:44:55.140474+00:00,2026-09-26T20:48:36.396052+00:00,6,
rq1-exact-623-20260926-long,baseTest/0021.trace,8f56f4f437fa5a33d6e1,baseTest,plain,18,2,5589e1cf5fde72aa059271e32c8257148d45c86f9ba4cc0e82335409f974ac19,OPTIMAL,,0,6,"G(->(F(x0),!(x1)))",12.833453833000021,2026-09-26T20:10:38.374081+00:00,2026-09-26T20:10:51.268484+00:00,6,
rq1-exact-623-20260926-long,baseTest/0022.trace,ab953d3396fb384b2605,baseTest,plain,6,2,143633c7de1d7e7a0576364eb602323960a8ebfb03194da1c0991ab456cfd847,TIMEOUT,SMT_timeout,,,,426.1425529889998,2026-09-26T18:20:07.439450+00:00,2026-09-26T18:27:13.646819+00:00,6,
rq1-exact-623-20260926-long,baseTest/0024.trace,e15ace6861bf745c5b87,baseTest,plain,6,2,d723312aa8c1976041cad7d58e58659979ac2d32409b27ffe5efaf859fb9e221,TIMEOUT,SMT_timeout,,,,507.07645438500003,2026-09-26T18:26:45.820565+00:00,2026-09-26T18:35:12.962629+00:00,6,
rq1-exact-623-20260926-long,baseTest/0025.trace,c71dbdd138294fa1f80f,baseTest,plain,6,2,76c4a7293fcbc391e510c9fdec6cda107581fedf9a878e65a3a67d7e897419f0,TIMEOUT,SMT_timeout,,,,543.777609748,2026-09-26T18:21:59.619523+00:00,2026-09-26T18:31:03.460931+00:00,6,
rq1-exact-623-20260926-long,baseTest/0026.trace,a574b1eb02ee1fdb3a5f,baseTest,plain,6,2,c1fae1fcd3b0bb0f99c0e135639da132714f971a145d59f958b456cfd73c08c3,TIMEOUT,SMT_timeout,,,,567.3402448749994,2026-09-26T18:29:58.256250+00:00,2026-09-26T18:39:25.667879+00:00,5,
rq1-exact-623-20260926-long,baseTest/0027.trace,5fdd74e7609cb97bd7f6,baseTest,plain,6,2,ff9cd0854fe0341214f869d776aac38a0e6677ee17710838c61310e981057546,UNSAT,,,,,238.43847241000003,2026-09-26T18:27:31.339496+00:00,2026-09-26T18:31:29.843120+00:00,6,
rq1-exact-623-20260926-long,baseTest/0028.trace,178338609af7e2599f1f,baseTest,plain,6,2,b8f882bacbebe284185916f6223600b429c1d4be629d4815681951c6ffd7a893,OPTIMAL,,0,5,"|(x1,&(X(x1),x0))",2.8201312649998727,2026-09-26T18:32:21.890915+00:00,2026-09-26T18:32:24.774109+00:00,5,
rq1-exact-623-20260926-long,baseTest/0036.trace,511fd03378905917d065,baseTest,plain,10,2,f83114b007ed8486aaa1359b784e1629b9112cb40f68776f201b9cb07a0041a5,OPTIMAL,,0,5,"G(->(x1,G(x0)))",235.04504719899978,2026-09-26T19:29:27.776011+00:00,2026-09-26T19:33:22.888274+00:00,5,
rq1-exact-623-20260926-long,baseTest/0037.trace,41202202841bb4cb9ec0,baseTest,plain,10,2,9301814cf200bba9d564cb24bc8469de48c0569a670583499ce8aa45ad6484e5,OPTIMAL,,0,5,"->(F(x1),G(x0))",15.578074672000184,2026-09-26T19:28:09.295051+00:00,2026-09-26T19:28:24.936292+00:00,5,
rq1-exact-623-20260926-long,baseTest/0038.trace,eb4a8115576634679f73,baseTest,plain,10,2,94cdd623cd55fefdeeb586e239ed93fab3d98e9036dafbf683549d087bd92602,OPTIMAL,,0,5,"G(->(x1,G(x0)))",309.81623738800045,2026-09-26T19:35:05.429299+00:00,2026-09-26T19:40:15.316797+00:00,5,
rq1-exact-623-20260926-long,baseTest/0039.trace,f16a81ad91d58c5bdcd5,baseTest,plain,10,2,1c50818c58b20fc2560a5acf9983ab0d276e8a042adba320ee183606d1d502f1,OPTIMAL,,0,5,"G(->(x1,G(x0)))",582.2558072929996,2026-09-26T19:20:25.947942+00:00,2026-09-26T19:30:08.276238+00:00,5,
rq1-exact-623-20260926-long,baseTest/0040.trace,0d70c12e22205f66796a,baseTest,plain,10,2,2d01c4a45631c22085feb6cdf4ca13217795df8db1af8aadca86e2d48e488276,TIMEOUT,SMT_timeout,,,,660.2009329149996,2026-09-26T19:23:16.719868+00:00,2026-09-26T19:34:17.015924+00:00,4,
rq1-exact-623-20260926-long,baseTest/0041.trace,8231932f1d2016d00f88,baseTest,plain,10,2,c3386b7fed1390e9dbbdadbbe614bf374aa59ce6cfa6e0242f58554e530e34e2,OPTIMAL,,0,5,"G(->(x1,G(x0)))",84.72667159400044,2026-09-26T19:22:01.988592+00:00,2026-09-26T19:23:26.780156+00:00,5,
rq1-exact-623-20260926-long,baseTest/0042.trace,6db962bef857ff2d4aa9,baseTest,plain,10,2,2244b83a855d75871bb864ca4fbfbc316c76e290d7554bd7a76747980d449e08,OPTIMAL,,0,5,"G(->(x1,G(x0)))",7.133926800000154,2026-09-26T18:50:59.686076+00:00,2026-09-26T18:51:06.883866+00:00,5,
rq1-exact-623-20260926-long,disjunctedExistence/0000.trace,3dbb14279081bc192717,disjunctedExistence,plain,36,2,9aa52b88a4b6321d15ceac2fa1866a38bfa4b34e19bb5f98e058b22455bf54c1,OPTIMAL,,0,7,"|(x2,F(&(F(x1),x0)))",128.22730433499964,2026-09-26T21:10:47.369783+00:00,2026-09-26T21:12:55.659941+00:00,7,
rq1-exact-623-20260926-long,disjunctedExistence/0003.trace,7ae009d75340a5a366eb,disjunctedExistence,plain,36,2,424507b2de8960903fda914ede4da873c9ed6d3925a5e02f18cb3b19d0ece32e,TIMEOUT,SMT_timeout,,,,619.7931119509994,2026-09-26T20:39:46.622038+00:00,2026-09-26T20:50:06.477993+00:00,7,
rq1-exact-623-20260926-long,disjunctedExistence/0006.trace,a9036e444f2ddbd01e4d,disjunctedExistence,plain,36,2,0e0f0f8358471184615f2f0433167538d8968d843bc7bcd9a977a2151225d8a2,TIMEOUT,SMT_timeout,,,,378.9527852200008,2026-09-26T20:04:56.238072+00:00,2026-09-26T20:11:15.254221+00:00,6,
rq1-exact-623-20260926-long,disjunctedExistence/0009.trace,3817d2078205938adf62,disjunctedExistence,plain,36,2,1808d3ef3a9d5d8bb99423643f556bcbc170897950dc5f771dc89b5d3ea4e21d,TIMEOUT,SMT_timeout,,,,415.0015986790004,2026-09-26T20:53:03.435340+00:00,2026-09-26T20:59:58.501757+00:00,6,
rq1-exact-623-20260926-long,disjunctedExistence/0010.trace,c927d8f451df9ce616f8,disjunctedExistence,plain,36,2,69186f916c3d5e967441fba75b4722708863cae8cf14ee673ff76673cefb1b0c,OPTIMAL,,0,5,"F(&(x0,F(x1)))",98.8502671569986,2026-09-26T21:15:08.451269+00:00,2026-09-26T21:16:47.366230+00:00,5,
rq1-exact-623-20260926-long,disjunctedExistence/0012.trace,ebe4c498c82bb0200228,disjunctedExistence,plain,36,2,ca651d108be883ce1902f3503e423288abb4ccb7c55aa057ad7ac2a8dbb3c293,TIMEOUT,SMT_timeout,,,,429.6931480359999,2026-09-26T21:30:08.587952+00:00,2026-09-26T21:37:18.345529+00:00,6,
rq1-exact-623-20260926-long,disjunctedExistence/0015.trace,a7269a90e48718f3ec74,disjunctedExistence,plain,36,2,1bfdce4b3f7d8319b507423f0276b9623575e0c9bd3e72db79a089df5b0b4f6b,TIMEOUT,SMT_timeout,,,,469.5842210840001,2026-09-26T21:11:30.897549+00:00,2026-09-26T21:19:20.547570+00:00,6,
rq1-exact-623-20260926-long,disjunctedExistence/0018.trace,2581a52086dc6b8708af,disjunctedExistence,plain,36,2,2786837aa8a2b43607b5445f018ad5814e357ff5849f7ef8b11bb649c131a26b,TIMEOUT,SMT_timeout,,,,537.1822919179995,2026-09-26T21:12:55.734848+00:00,2026-09-26T21:21:52.983112+00:00,6,
rq1-exact-623-20260926-long,disjunctedExistence/0021.trace,61849b96652f201daa91,disjunctedExistence,plain,36,2,7c153275999711b89ac7dfe3272080e06f4dfd9607e4c22582b295b2e6a11951,TIMEOUT,SMT_timeout,,,,642.7555999509987,2026-09-26T20:50:06.559634+00:00,2026-09-26T21:00:49.381535+00:00,6,
rq1-exact-623-20260926-long,disjunctedExistence/0030.trace,e96be185828d458104a8,disjunctedExistence,plain,11,2,7a1d604605f878c29bb0e1f081fe5a726c71f72c25561513fbfd9911cf196c55,OPTIMAL,,0,4,"F(|(x2,x0))",12.38794922499983,2026-09-26T20:15:13.679235+00:00,2026-09-26T20:15:26.131704+00:00,4,
rq1-exact-623-20260926-long,disjunctedExistence/0033.trace,2fca850db2ef55635fc9,disjunctedExistence,plain,11,2,95c06178b9635bd4227fa1fa0f326005487fab0b66adb0640602f7a9493351ca,OPTIMAL,,0,4,"|(F(x0),x2)",17.915482702999725,2026-09-26T19:49:53.795403+00:00,2026-09-26T19:50:11.774509+00:00,4,
rq1-exact-623-20260926-long,disjunctedExistence/0036.trace,ed241738fd0229810b69,disjunctedExistence,plain,11,2,42bd2fd48168a346de5a4a580a801bd6fa28548f4a7dfc831b33916167f8b112,OPTIMAL,,0,4,"|(F(x1),x3)",20.818544333000318,2026-09-26T19:02:57.098678+00:00,2026-09-26T19:03:17.980640+00:00,4,
rq1-exact-623-20260926-long,disjunctedExistence/0042.trace,495809ce64d460d90984,disjunctedExistence,plain,11,2,9ee4956bd881e7a72108246ac4fc1142fe4988a926d88d267b8cea0f358f6732,OPTIMAL,,0,4,"F(|(x0,x2))",35.29660953699931,2026-09-26T20:06:04.768127+00:00,2026-09-26T20:06:40.128108+00:00,4,
rq1-exact-623-20260926-long,disjunctedExistence/0045.trace,efd389d5a0dd2bf94ad8,disjunctedExistence,plain,11,2,fbf7c42f8d1e5dd6310dd6068d655e08723527693bff2083f7ff09be97c3299e,OPTIMAL,,0,4,"F(|(x1,x0))",46.71039333200133,2026-09-26T20:01:32.183252+00:00,2026-09-26T20:02:18.957787+00:00,4,
rq1-exact-623-20260926-long,disjunctedExistence/0048.trace,a8e1e8f18a3ec6e7563b,disjunctedExistence,plain,134,2,f40572e52f00c672d689de94400867426882c00278f9ad24fc73f6c37a203d3c,TIMEOUT,SMT_timeout,,,,605.0336080299985,2026-09-26T21:42:44.337774+00:00,2026-09-26T21:52:49.436189+00:00,7,
rq1-exact-623-20260926-long,disjunctedExistence/0049.trace,573ab33f15e80c3e6c30,disjunctedExistence,plain,134,2,2f22c240859e2b9d49a99537712e8ad7f7de4cca881491e6a5f51d9d9739dc34,OPTIMAL,,0,5,"|(G(x0),G(x3))",24.70184372499898,2026-09-26T20:57:24.179256+00:00,2026-09-26T20:57:48.943868+00:00,5,
rq1-exact-623-20260926-long,disjunctedExistence/0051.trace,bd82d722f9be4d871ac8,disjunctedExistence,plain,134,2,aa52387a1981bbc65e2191e92595db67c0d9ea3192605a3b1c6cb022ebccd084,TIMEOUT,SMT_timeout,,,,392.37217890699867,2026-09-26T21:40:45.019851+00:00,2026-09-26T21:47:17.456068+00:00,6,
rq1-exact-623-20260926-long,disjunctedExistence/0054.trace,6e6af6f9101502e48a78,disjunctedExistence,plain,134,2,092edbe817520f3dea1c1708f793a024f854f6785c11b969e7cc80168bfe7282,TIMEOUT,SMT_timeout,,,,464.45306667600016,2026-09-26T21:39:09.167439+00:00,2026-09-26T21:46:53.684768+00:00,6,
rq1-exact-623-20260926-long,disjunctedExistence/0055.trace,b5f5bfefe25ce609af09,disjunctedExistence,plain,134,2,c94e259027212905fc24057176069edd3844cda7b23707d016f228c9db37693c,TIMEOUT,SMT_timeout,,,,510.2840715959974,2026-09-26T22:22:56.572078+00:00,2026-09-26T22:31:26.918865+00:00,6,
rq1-exact-623-20260926-long,disjunctedExistence/0057.trace,564d632676a2c8d3c020,disjunctedExistence,plain,134,2,6e6462f56f7be1474c46e342cd9b52c0e2b197772fd4f9243e9ad16e47672048,TIMEOUT,SMT_timeout,,,,515.7505531869974,2026-09-26T22:12:21.381643+00:00,2026-09-26T22:20:57.197133+00:00,6,
rq1-exact-623-20260926-long,disjunctedExistence/0058.trace,4de4e6e8fff5937a2ca4,disjunctedExistence,plain,134,2,536d0e502da77b68bdba3a5dfb2a835e378bb339a49182a1519300259a4e8af8,OPTIMAL,,0,2,G(x0),7.255413177001174,2026-09-26T22:07:44.809316+00:00,2026-09-26T22:07:52.129773+00:00,2,
rq1-exact-623-20260926-long,disjunctedExistence/0060.trace,6ce3640a3f6bdc2a9ead,disjunctedExistence,plain,134,2,ae8c721ccca0c09bb1caaa404fe38187b88082487b2dd912873a54f1110e35d3,TIMEOUT,SMT_timeout,,,,560.4774098599992,2026-09-26T21:52:49.478065+00:00,2026-09-26T22:02:10.020121+00:00,6,
rq1-exact-623-20260926-long,disjunctedExistence/0061.trace,27aa18330c6933482c04,disjunctedExistence,plain,134,2,05796686e3c55d78c6963abdea7159548834606d6e6ce6ea7e70e2122c847d73,TIMEOUT,SMT_timeout,,,,655.6141985429986,2026-09-26T20:57:48.994551+00:00,2026-09-26T21:08:44.674071+00:00,6,
rq1-exact-623-20260926-long,disjunctedExistence/0063.trace,f68d03d30f8f5a3b4cf0,disjunctedExistence,plain,134,2,626d67f59fe04a454da0de7737bf2ad85b99392a408360b738091701b07475ab,TIMEOUT,SMT_timeout,,,,647.7894086190008,2026-09-26T21:47:17.515290+00:00,2026-09-26T21:58:05.370397+00:00,6,
rq1-exact-623-20260926-long,disjunctedExistence/0064.trace,b3255a70593f8b89bf03,disjunctedExistence,plain,134,2,fc617b191fd4d845769d17e2dd10f4af437581f59ee25a7839c6dec061cc113e,TIMEOUT,SMT_timeout,,,,682.3983848910011,2026-09-26T21:46:53.763239+00:00,2026-09-26T21:58:16.227137+00:00,6,
rq1-exact-623-20260926-long,disjunctedExistence/0066.trace,d60d35b900aad921c0b3,disjunctedExistence,plain,134,2,43d4cd6a258fce14a544ddfc107ce97e4591d36af4a6b020ee012f67194b5a6f,TIMEOUT,SMT_timeout,,,,725.0605776240009,2026-09-26T22:31:26.995652+00:00,2026-09-26T22:43:32.124761+00:00,6,
rq1-exact-623-20260926-long,disjunctedExistence/0067.trace,169677c4678b9eb857b4,disjunctedExistence,plain,134,2,91d865176d70910e5658d0568f6799c7fd07c31c47b1eea93804f38bf3e5376c,OPTIMAL,,0,5,"|(G(x3),G(x0))",230.5739186819992,2026-09-26T22:20:57.306063+00:00,2026-09-26T22:24:47.947821+00:00,5,
rq1-exact-623-20260926-long,disjunctedExistence/0069.trace,d8c299fa4defe07f41bc,disjunctedExistence,plain,134,2,622819d40ba94df8d8abeb6b955778f2a23b50fbe826af1277da478a3864b519,TIMEOUT,SMT_timeout,,,,533.8609347019992,2026-09-26T22:07:52.183566+00:00,2026-09-26T22:16:46.118202+00:00,5,
rq1-exact-623-20260926-long,disjunctedExistence/0070.trace,eb6384aca7bb71503784,disjunctedExistence,plain,134,2,0cfd956822f9adddc5db2a29649255f2a901633e32f3a021d3575c9899d300fe,TIMEOUT,SMT_timeout,,,,587.8099608730008,2026-09-26T22:02:10.100741+00:00,2026-09-26T22:11:57.982137+00:00,5,
rq1-exact-623-20260926-long,equal/0001.trace,03458c2a64614f2f246d,equal,plain,10,2,d49246fb746c17e1586e2867db0b38c03500efb47fb5651cf4883b43a0b95c1e,TIMEOUT,SMT_timeout,,,,620.3632094879995,2026-09-26T19:33:23.020935+00:00,2026-09-26T19:43:43.447611+00:00,7,
rq1-exact-623-20260926-long,equal/0002.trace,f7c7eb3495a4fd4e9ac2,equal,plain,10,2,c4c504b73ecfe3051e9f57b0451084de14d0e5758787b689f5de361e371bbb0f,TIMEOUT,SMT_timeout,,,,481.17535223100003,2026-09-26T19:28:24.993088+00:00,2026-09-26T19:36:26.230456+00:00,8,
rq1-exact-623-20260926-long,equal/0003.trace,47165ee0bff2704724a0,equal,plain,10,2,a54af567df01635ac7e9ab2c69fccc5dfbe7036e61a5ece6e8b14f34a75d81f1,TIMEOUT,SMT_timeout,,,,402.88733168899853,2026-09-26T19:40:15.420119+00:00,2026-09-26T19:46:58.371193+00:00,6,
rq1-exact-623-20260926-long,equal/0004.trace,e46a5f755c6ef207c866,equal,plain,10,2,332954efe6beae93332a9411a11e213582f0e3d5fca888d0efe93f8cb778dcdd,TIMEOUT,SMT_timeout,,,,438.1788292400006,2026-09-26T19:30:08.461113+00:00,2026-09-26T19:37:26.703788+00:00,6,
rq1-exact-623-20260926-long,equal/0005.trace,13353d855b8144270cd9,equal,plain,10,2,86453d0b027578128918dd8e6850374eed8381f32b6ec05b52993568e47b4517,TIMEOUT,SMT_timeout,,,,696.3993707419995,2026-09-26T19:34:17.287461+00:00,2026-09-26T19:45:53.755120+00:00,6,
rq1-exact-623-20260926-long,equal/0006.trace,d37ea97cd95b97aee11c,equal,plain,10,2,32a25bd96a241f1fd10f4bf5f991f6898b65b0e7799fc6e658adc867dfe067f8,TIMEOUT,SMT_timeout,,,,495.6078333109999,2026-09-26T19:23:26.874123+00:00,2026-09-26T19:31:42.545619+00:00,7,
rq1-exact-623-20260926-long,equal/0007.trace,8d3be8dd445a1eb201b4,equal,plain,10,2,4cf75674988206dfe295cc17eb52615507e429ed7c80ed604edc779cb7eb2ca0,OPTIMAL,,0,5,"|(x1,&(X(x1),x2))",1.3724338910005827,2026-09-26T18:51:06.914261+00:00,2026-09-26T18:51:08.349848+00:00,5,
rq1-exact-623-20260926-long,equal/0015.trace,122086d65fc999b2c78a,equal,plain,18,2,6a33b18c2367b297b6d09d9e44c594eb9d376ae81f2c1def6e1e3f6b14dd33eb,OPTIMAL,,0,6,"G(->(x1,!(F(x0))))",86.86341135600014,2026-09-26T19:30:21.889711+00:00,2026-09-26T19:31:48.816035+00:00,6,
rq1-exact-623-20260926-long,equal/0016.trace,db6be6019823b8b1b9a7,equal,plain,18,2,8b761ca9f997be17658c978560d3f885344a9358ad321796a7e719bfe6ce0a65,OPTIMAL,,0,5,"G(->(x0,!(x1)))",2.582096209998781,2026-09-26T20:24:01.121394+00:00,2026-09-26T20:24:03.766216+00:00,5,
rq1-exact-623-20260926-long,equal/0017.trace,12ac4e2d4a1f44bce2fa,equal,plain,18,2,415e06b8e00b1e8d4fe33da97c84cc3f295b257fedb8b3b7d229ef248830565b,OPTIMAL,,0,6,"G(->(x1,!(F(x0))))",133.12745022300078,2026-09-26T20:30:51.974645+00:00,2026-09-26T20:33:05.165472+00:00,6,
rq1-exact-623-20260926-long,equal/0018.trace,05a3f055c141c640b553,equal,plain,18,2,38dbdb0155ed1902ee1ecfcc93fe20dfdb107c03d20deb11e4e6de2a806eb736,OPTIMAL,,0,6,"G(->(x1,G(!(x0))))",196.91124577299888,2026-09-26T20:44:03.405646+00:00,2026-09-26T20:47:20.381188+00:00,6,
rq1-exact-623-20260926-long,equal/0019.trace,30c227d02fb7ea2fb04a,equal,plain,18,2,18cc01c619b4357e619182899a50849090d84dce2cd2f99cabcf420d4f23bf10,OPTIMAL,,0,6,"G(->(x1,!(F(x0))))",539.7359248299999,2026-09-26T20:36:16.177297+00:00,2026-09-26T20:45:15.980809+00:00,6,
rq1-exact-623-20260926-long,equal/0020.trace,da1e1c27dc3eeabe5b81,equal,plain,18,2,e5b5f71aaa4f83bfb89a82fcc9a1d9b77f761080bbe91790b43f8c80250f807d,OPTIMAL,,0,6,"G(->(x1,G(!(x0))))",35.865897751000375,2026-09-26T20:48:36.493486+00:00,2026-09-26T20:49:12.423100+00:00,6,
rq1-exact-623-20260926-long,equal/0021.trace,6282a07dbfc51d7fda5c,equal,plain,18,2,b1e3c019e26ccc9ae26b50e4aa559c39fb6fdca6d7807a00026c13cd4d3c4c3b,OPTIMAL,,0,5,"!(F(&(x1,x0)))",1.3036754710010428,2026-09-26T20:10:51.310779+00:00,2026-09-26T20:10:52.673785+00:00,5,
rq1-exact-623-20260926-long,equal/0022.trace,c4d183c3a6c7d3d5615d,equal,plain,6,2,54aac81ee3b36bf4c2e56ccc89676b262fda5407f52f4b8283d6e29db86a8181,UNSAT,,,,,293.7468170860002,2026-09-26T18:27:13.719785+00:00,2026-09-26T18:32:07.529810+00:00,6,
rq1-exact-623-20260926-long,equal/0024.trace,31cd1aa4b62e6afb9a73,equal,plain,6,2,591191500853d381ffc261d6fc8335d26e1dd1db3e401462025d499293c452c7,TIMEOUT,SMT_timeout,,,,404.20957804700083,2026-09-26T18:35:13.035800+00:00,2026-09-26T18:41:57.309738+00:00,6,
rq1-exact-623-20260926-long,equal/0025.trace,42e8757cedd11f4eebc3,equal,plain,6,2,edb9330d0129cc0be80bf467b4cbef6358640874afff7c1a9fe9e6c3571001bc,TIMEOUT,SMT_timeout,,,,427.5111909590005,2026-09-26T18:31:03.541849+00:00,2026-09-26T18:38:11.117557+00:00,6,
rq1-exact-623-20260926-long,equal/0026.trace,56b5ff6534122a34437f,equal,plain,6,2,88e940e86be14702db987816ee958a630575c2bd110e6bb025fa8a60b3e90740,TIMEOUT,SMT_timeout,,,,733.9546728149999,2026-09-26T18:39:25.807247+00:00,2026-09-26T18:51:39.831555+00:00,6,
rq1-exact-623-20260926-long,equal/0027.trace,480202dabe604e43340d,equal,plain,6,2,2060b406c622d13080c08aafed54ff741a77a75ea2c0424b337ed9562ffcd122,UNSAT,,,,,117.30981547400006,2026-09-26T18:31:29.919217+00:00,2026-09-26T18:33:27.291739+00:00,6,
rq1-exact-623-20260926-long,equal/0028.trace,8493bbb1776742b31cb5,equal,plain,6,2,7f4d66bc49002a76dc3538d28842230ce9547b4ff15f23b217fac65a62f021ec,OPTIMAL,,0,3,"|(x0,x1)",0.3703029010002865,2026-09-26T18:32:24.811449+00:00,2026-09-26T18:32:25.244547+00:00,3,
rq1-exact-623-20260926-long,equal/0036.trace,44dc35c36c11c6abf3ba,equal,plain,10,2,353e8b045848d454806ff176d7d39d1f870de1ac30bee6cc65bdbe1fd2f87dfe,OPTIMAL,,0,5,"G(->(x1,G(x0)))",36.50789045199963,2026-09-26T19:43:43.514508+00:00,2026-09-26T19:44:20.087139+00:00,5,
rq1-exact-623-20260926-long,equal/0037.trace,ceff3dc012a971096af6,equal,plain,10,2,8e23125d1a97f16b9aa603e0f88af1d097eac1636d15d041a3b233ac7df17b50,OPTIMAL,,0,5,"G(->(x1,G(x0)))",2.786578480001481,2026-09-26T19:36:26.265662+00:00,2026-09-26T19:36:29.114023+00:00,5,
rq1-exact-623-20260926-long,equal/0038.trace,fa2af2beac67a8d6d3e9,equal,plain,10,2,4d24fb57818be344b2dc7cc7e11f0284590551691d78845da16fa441585533f5,OPTIMAL,,0,5,"G(->(x1,G(x0)))",48.950504688000365,2026-09-26T19:46:58.425427+00:00,2026-09-26T19:47:47.439087+00:00,5,
rq1-exact-623-20260926-long,equal/0039.trace,add597a6cf2a84637bd7,equal,plain,10,2,0d5ade36218701a3ad9bb7a45cdc9fd97f1e71a2ac121ffdaec5ac6268e17437,OPTIMAL,,0,5,"G(->(x1,G(x0)))",70.73796814999878,2026-09-26T19:37:26.794220+00:00,2026-09-26T19:38:37.599304+00:00,5,
rq1-exact-623-20260926-long,equal/0040.trace,4731f0fe07c5b760039a,equal,plain,10,2,87a399fb051ea4bdb2cf7ff71b23af3577838a2c90898c341fa665bca6a8ba38,OPTIMAL,,0,5,"G(->(x1,G(x0)))",178.53469462199973,2026-09-26T19:45:53.900193+00:00,2026-09-26T19:48:52.503141+00:00,5,
rq1-exact-623-20260926-long,equal/0041.trace,283e8d07dc600069b338,equal,plain,10,2,039db8452a2b4e828889363c84368109bf7adcced910749d0a98c7dfb219a90a,OPTIMAL,,0,5,"G(->(x1,G(x0)))",16.9441217829999,2026-09-26T19:31:42.602652+00:00,2026-09-26T19:31:59.609234+00:00,5,
rq1-exact-623-20260926-long,equal/0042.trace,3fad60be09aaa2f7a135,equal,plain,10,2,428b7280c06cd1c4a3dfee817f27bd54186bddd87680459d4e5d202f6b9ee9bd,OPTIMAL,,0,4,"G(->(x1,x0))",0.7633100539997031,2026-09-26T18:51:08.381835+00:00,2026-09-26T18:51:09.211997+00:00,4,
rq1-exact-623-20260926-long,increasingNumVariables/0000.trace,5896dadc8077cba9a0d2,increasingNumVariables,plain,10,2,2a830f2df3356171c4f0fbb2ee06b60cc05a085713ab083d9c190429af24221d,OPTIMAL,,0,5,"G(->(x1,G(x0)))",5.252007533001233,2026-09-26T19:44:20.157268+00:00,2026-09-26T19:44:25.474989+00:00,5,
rq1-exact-623-20260926-long,increasingNumVariables/0001.trace,6aba1b3216f7e5ef39f5,increasingNumVariables,plain,10,2,b36c289e04b6261695173c7e059f424c953ab6dd4e58c9e071501c7acc64c31d,OPTIMAL,,0,5,"G(->(x1,G(x0)))",5.338921937000123,2026-09-26T19:36:29.135771+00:00,2026-09-26T19:36:34.535835+00:00,5,
rq1-exact-623-20260926-long,increasingNumVariables/0002.trace,ef8c17c5c57b86efe329,increasingNumVariables,plain,10,2,a9a5b3b328f419ed605aab700da4cfd7fd98178115d7b84ae68a26e0cd89df04,OPTIMAL,,0,5,"G(->(x1,G(x0)))",6.443430415998591,2026-09-26T19:47:47.492976+00:00,2026-09-26T19:47:53.995474+00:00,5,
rq1-exact-623-20260926-long,increasingNumVariables/0003.trace,636a80a58c2e6c31188b,increasingNumVariables,plain,10,2,554d1db6d50e510609a8c1e3ffd7d556385f38ffb0b5bdc160657ceb008146ba,OPTIMAL,,0,5,"G(->(x1,G(x0)))",10.426882800000385,2026-09-26T19:38:37.655445+00:00,2026-09-26T19:38:48.144652+00:00,5,
rq1-exact-623-20260926-long,increasingNumVariables/0004.trace,bcffad2de85368372813,increasingNumVariables,plain,10,2,0ab5b815ca087c0ea6b2d5eeef146081cb9011ec8bd9f597a695d4a23df493c4,OPTIMAL,,0,5,"G(->(x1,G(x0)))",9.610567010999148,2026-09-26T19:48:52.606932+00:00,2026-09-26T19:49:02.282323+00:00,5,
rq1-exact-623-20260926-long,increasingNumVariables/0005.trace,d6a98febd624daeb5edc,increasingNumVariables,plain,10,2,dbdd627746860fa9b0e155e7eb7bb5b002787d7d0438d288ce8784b5c9a467e8,OPTIMAL,,0,5,"G(->(x1,G(x0)))",12.767224021999937,2026-09-26T19:31:59.652536+00:00,2026-09-26T19:32:12.482913+00:00,5,
rq1-exact-623-20260926-long,increasingNumVariables/0006.trace,52d19a4df2d823bdd995,increasingNumVariables,plain,10,2,a032eec421c1e7a369a80d20704c289cca03b525420d89c4af8c374bd834215f,OPTIMAL,,0,5,"G(->(x1,G(x0)))",14.369882062000215,2026-09-26T18:51:09.248150+00:00,2026-09-26T18:51:23.681944+00:00,5,
rq1-exact-623-20260926-long,increasingNumVariables/0007.trace,b0fc01672c508978db12,increasingNumVariables,plain,10,2,ad8b69cca65b23e3aa0252f99d9c19a337e1bd035c5ca9bd532bebc35f387bcb,OPTIMAL,,0,5,"G(->(x1,G(x0)))",14.771244485000352,2026-09-26T19:44:25.533257+00:00,2026-09-26T19:44:40.368745+00:00,5,
rq1-exact-623-20260926-long,increasingNumVariables/0008.trace,0082993d989909e8588d,increasingNumVariables,plain,11,2,3490642575d80a5a874820816271c5464aae14f576b0aad111d8eb63e5c462d3,OPTIMAL,,0,7,"G(->(&(x2,x1),G(x0)))",47.5785846029994,2026-09-26T20:12:12.666591+00:00,2026-09-26T20:13:00.308811+00:00,7,
rq1-exact-623-20260926-long,increasingNumVariables/0009.trace,e92caf9318c85add2f42,increasingNumVariables,plain,11,2,d58daa4fbf06f40b12f0a79766289a658995837b04cbbd5ad57386ac6a1aed9b,OPTIMAL,,0,7,"G(->(x1,->(x2,G(x0))))",76.11914686100135,2026-09-26T20:08:11.930919+00:00,2026-09-26T20:09:28.113481+00:00,7,
rq1-exact-623-20260926-long,increasingNumVariables/0010.trace,01f1e8c947ddcf55767b,increasingNumVariables,plain,11,2,be9d539eb333b64bd4386b76053c5ef1fbd95a8b36c9b3403944f38f5b4241ff,OPTIMAL,,0,7,"G(->(x1,->(x2,G(x0))))",87.43498937500044,2026-09-26T20:15:26.162509+00:00,2026-09-26T20:16:53.666405+00:00,7,
rq1-exact-623-20260926-long,increasingNumVariables/0011.trace,67313600d5f11108def0,increasingNumVariables,plain,11,2,39cf098d2ef0dd162a82dc3e34366a8e93706c6e131558d9356a4ffc5cef3fb7,OPTIMAL,,0,7,"G(->(x1,->(x2,G(x0))))",121.36708128399914,2026-09-26T19:50:11.845489+00:00,2026-09-26T19:52:13.275467+00:00,7,
rq1-exact-623-20260926-long,increasingNumVariables/0012.trace,c8094bba09cd2abab475,increasingNumVariables,plain,11,2,c859293cb922db9a7147c373543002c252240451f6c91630c075fc58f4c884ba,OPTIMAL,,0,7,"G(->(&(x2,x1),G(x0)))",111.97272475499994,2026-09-26T19:03:18.057979+00:00,2026-09-26T19:05:10.092672+00:00,7,
rq1-exact-623-20260926-long,increasingNumVariables/0013.trace,9d33f57ad962dbf252ff,increasingNumVariables,plain,11,2,0a011e572c33dfcc58a4322a5a335d5939e820b9064a678a28e992cd8382c25c,OPTIMAL,,0,7,"G(->(x1,->(x2,G(x0))))",157.45887233400026,2026-09-26T20:06:40.199076+00:00,2026-09-26T20:09:17.721058+00:00,7,
rq1-exact-623-20260926-long,increasingNumVariables/0014.trace,2d3d37dd7fbb2fe6d21e,increasingNumVariables,plain,11,2,13122ab372812a8693f6f0a4829643eed4ab6bb1126660338787e6d9fc15b715,OPTIMAL,,0,7,"G(->(&(x1,x2),G(x0)))",188.89638837599887,2026-09-26T20:02:19.043343+00:00,2026-09-26T20:05:28.000239+00:00,7,
rq1-exact-623-20260926-long,increasingNumVariables/0015.trace,e5f3e7ad63f77c0ff084,increasingNumVariables,plain,11,2,b4f9ef826a6c9e044262856ba196bc2748476bb88307df8b7e5a80aea8bffddc,OPTIMAL,,0,7,"G(->(x2,->(x1,G(x0))))",202.66500201499912,2026-09-26T20:13:00.369536+00:00,2026-09-26T20:16:23.097074+00:00,7,
rq1-exact-623-20260926-long,increasingNumVariables/0016.trace,8b76a491dbe9958edf48,increasingNumVariables,plain,20,2,b8d2ada4fbe977db8b1b84190b6240d55964bf4b7a3e91a818b44004dff855ef,OPTIMAL,,0,7,"!(F(&(x3,&(x2,x1))))",53.747963670999525,2026-09-26T21:02:38.619245+00:00,2026-09-26T21:03:32.430170+00:00,7,
rq1-exact-623-20260926-long,increasingNumVariables/0017.trace,fe2f228675639aee1b90,increasingNumVariables,plain,20,2,259f511901444c8d8fdcc15939dc7c2cbcc4ef75a52afbc2fca95b757b67dfdc,TIMEOUT,SMT_timeout,,,,376.06732445800117,2026-09-26T21:04:31.214814+00:00,2026-09-26T21:10:47.344171+00:00,7,
rq1-exact-623-20260926-long,increasingNumVariables/0018.trace,ee1dbbc04bc6f0651127,increasingNumVariables,plain,20,2,95dfed9bcdbf631ea398e2743fa8ed7c48bf8428fbd0951f70a91f28a335a8de,TIMEOUT,SMT_timeout,,,,393.6928071080001,2026-09-26T20:33:12.822838+00:00,2026-09-26T20:39:46.580020+00:00,7,
rq1-exact-623-20260926-long,increasingNumVariables/0019.trace,59b31b26676c47f2fe79,increasingNumVariables,plain,20,2,6f005d78edc710d2c62fa5cbbde82652ac3302eed6133dca5eed9c797e70f493,TIMEOUT,SMT_timeout,,,,440.8803951940008,2026-09-26T19:57:35.247115+00:00,2026-09-26T20:04:56.188554+00:00,7,
rq1-exact-623-20260926-long,increasingNumVariables/0020.trace,764497a2fb6d824504fa,increasingNumVariables,plain,20,2,311b784809d3a10949bdcc74d37655d9d9670a6d5ac7dd710e9af302bba16b28,TIMEOUT,SMT_timeout,,,,421.91847922299894,2026-09-26T20:46:01.379506+00:00,2026-09-26T20:53:03.360917+00:00,7,
rq1-exact-623-20260926-long,increasingNumVariables/0021.trace,621a87dd84376a016abb,increasingNumVariables,plain,20,2,989fc91e6a7271d67957e6d27849d4bdd0bfb1ce56ac4f7b512f6d178148f375,TIMEOUT,SMT_timeout,,,,427.6420383040004,2026-09-26T21:08:00.710375+00:00,2026-09-26T21:15:08.416468+00:00,7,
rq1-exact-623-20260926-long,increasingNumVariables/0022.trace,17e40c2e0869a1a15116,increasingNumVariables,plain,20,2,00d8d266dc5992c7363d439f814f2dae3511df0998a2c8d137a715baf7fa41a9,TIMEOUT,SMT_timeout,,,,539.180664304,2026-09-26T21:21:09.308932+00:00,2026-09-26T21:30:08.550997+00:00,7,
rq1-exact-623-20260926-long,increasingNumVariables/0023.trace,1ba5d4903ec780fc280b,increasingNumVariables,plain,20,2,4f6b09f5963f91fc0cf5f929f73982cbc23193e0effa97207488206d56b9e47a,TIMEOUT,SMT_timeout,,,,478.27826051400007,2026-09-26T21:03:32.478891+00:00,2026-09-26T21:11:30.818852+00:00,7,
rq1-exact-623-20260926-long,increasingNumVariables/0024.trace,9f9377e39b9d74f005d1,increasingNumVariables,plain,37,2,a6cb32342ce9879b98c0c7fc6e3c5ea45ab53a2b78d83e2adbb07a8fca75e9a7,TIMEOUT,SMT_timeout,,,,352.1196711960001,2026-09-26T20:11:15.306770+00:00,2026-09-26T20:17:07.489034+00:00,7,
rq1-exact-623-20260926-long,increasingNumVariables/0025.trace,62d5bbe26f6abfb6cbfc,increasingNumVariables,plain,37,2,38a441c409dc2b144fe14941b02a00a5998292fb1b1082fa897059c9cb05d284,TIMEOUT,SMT_timeout,,,,402.3131644410005,2026-09-26T20:59:58.540983+00:00,2026-09-26T21:06:40.917463+00:00,7,
rq1-exact-623-20260926-long,increasingNumVariables/0026.trace,1363b1896c3263928b3b,increasingNumVariables,plain,37,2,b20ab2030cacd00b675a176bb62d9a1c86f7b093e187cce6caa442da9506b75c,TIMEOUT,SMT_timeout,,,,416.0077438549997,2026-09-26T21:16:47.421137+00:00,2026-09-26T21:23:43.491052+00:00,7,
rq1-exact-623-20260926-long,increasingNumVariables/0027.trace,ba026efecbda84894bb4,increasingNumVariables,plain,37,2,eef1369c346b66bd1122b82261ff2687558f5613d70c776b649a1aacabd58a8d,TIMEOUT,SMT_timeout,,,,465.5149795569996,2026-09-26T21:37:18.398001+00:00,2026-09-26T21:45:03.976980+00:00,7,
rq1-exact-623-20260926-long,increasingNumVariables/0028.trace,8bcddab97136a801a319,increasingNumVariables,plain,37,2,1b1c0b48abca612269a0a5beb3e2df127dfb1f148f79e2f87cef4d6657e029bb,TIMEOUT,SMT_timeout,,,,459.2918924349997,2026-09-26T21:19:20.606920+00:00,2026-09-26T21:26:59.962068+00:00,7,
rq1-exact-623-20260926-long,increasingNumVariables/0029.trace,0d12b271ddcde03353eb,increasingNumVariables,plain,37,2,8a7057275ae0b67e48e560de6a18e860f8fc1cb61de272ff2366964b469ba2c9,TIMEOUT,SMT_timeout,,,,543.1129071270007,2026-09-26T21:21:53.072908+00:00,2026-09-26T21:30:56.249928+00:00,7,
rq1-exact-623-20260926-long,increasingNumVariables/0030.trace,7b07e289b414ec8ea285,increasingNumVariables,plain,37,2,8b5c385f728795afd3076a4ed38bf4d5c720f5e5896238927136d77c436417a8,TIMEOUT,SMT_timeout,,,,478.4420338130003,2026-09-26T21:00:49.472657+00:00,2026-09-26T21:08:47.978444+00:00,7,
rq1-exact-623-20260926-long,increasingNumVariables/0031.trace,3af3d5d9697d286789a6,increasingNumVariables,plain,37,2,b9d9c6a6bf77197e2bd0a86c6f3ffb489ac0728893e34ce2b3455f63bc22a619,TIMEOUT,SMT_timeout,,,,645.0885628919987,2026-09-26T20:17:07.555948+00:00,2026-09-26T20:27:52.705452+00:00,7,
rq1-exact-623-20260926-long,increasingNumVariables/0032.trace,d20c54976a01453362b9,increasingNumVariables,plain,70,2,b7cf7580413326dac839559fdca50aaec97939547f69aa0a041b6d9bb0412465,TIMEOUT,SMT_timeout,,,,386.50052391899953,2026-09-26T21:50:44.926470+00:00,2026-09-26T21:57:11.494442+00:00,7,
rq1-exact-623-20260926-long,increasingNumVariables/0033.trace,a6292bb8fc17bcbcedf7,increasingNumVariables,plain,70,2,80d7b99994d4daf5e9963e4a57213517ce3e29bfda521ef5a4a9bc44fcaf6fab,TIMEOUT,SMT_timeout,,,,420.52816613400137,2026-09-26T21:35:43.709800+00:00,2026-09-26T21:42:44.300662+00:00,7,
rq1-exact-623-20260926-long,increasingNumVariables/0034.trace,e630a8ac8154589e692b,increasingNumVariables,plain,70,2,7a65cd0145bf776eaf9661ae0e685ed7839a92690fa84acf04626812be97bbd3,TIMEOUT,SMT_timeout,,,,431.7201110799997,2026-09-26T20:50:12.335567+00:00,2026-09-26T20:57:24.118427+00:00,7,
rq1-exact-623-20260926-long,increasingNumVariables/0035.trace,1190f115131247a7bb7c,increasingNumVariables,plain,70,2,15ebecdc452d631fb7707f95523a5ecc78bd0f2bff49d35ee200f63e7c5c6b2f,TIMEOUT,SMT_timeout,,,,510.51666525200017,2026-09-26T21:32:14.398187+00:00,2026-09-26T21:40:44.980560+00:00,7,
rq1-exact-623-20260926-long,increasingNumVariables/0036.trace,930f9ca7fca84a567f96,increasingNumVariables,plain,70,2,e1bd7a45a448d9c2b57fbfba8920bbc7876d3d9118b370924aae2a1290865042,TIMEOUT,SMT_timeout,,,,488.23919847899924,2026-09-26T21:31:00.799575+00:00,2026-09-26T21:39:09.102538+00:00,7,
rq1-exact-623-20260926-long,increasingNumVariables/0037.trace,3c2e0fd80cb1af60e50e,increasingNumVariables,plain,70,2,f7f3d0810bad48df9101e5126be866be791a9f80c7449afd5126b996deaeda0b,TIMEOUT,SMT_timeout,,,,549.7119913569986,2026-09-26T22:13:46.719330+00:00,2026-09-26T22:22:56.493430+00:00,7,
rq1-exact-623-20260926-long,increasingNumVariables/0038.trace,46dd6c3c6fba7baab5e7,increasingNumVariables,plain,70,2,f16cbe0b14ef8b33915104913a6a856768a9bfac70fb44cecf9831cf7984ace7,TIMEOUT,SMT_timeout,,,,568.3010971930016,2026-09-26T22:02:52.965642+00:00,2026-09-26T22:12:21.331493+00:00,7,
rq1-exact-623-20260926-long,increasingNumVariables/0039.trace,40155888108d5dd9689e,increasingNumVariables,plain,70,2,6870050c02c17f3d644ae520f295e016a6d1711d908c6205f2f7b3a43dc05e8a,TIMEOUT,SMT_timeout,,,,633.1372645129995,2026-09-26T21:57:11.552671+00:00,2026-09-26T22:07:44.753472+00:00,7,
rq1-exact-623-20260926-long,increasingNumVariables/0040.trace,94e91d48897b1b371d6e,increasingNumVariables,plain,135,2,921304a33cc412881d129ebc4b89f7d14cb98cbacb837b96b0d52f7480b96388,TIMEOUT,SMT_timeout,,,,377.5661704180002,2026-09-26T21:08:44.749278+00:00,2026-09-26T21:15:02.379258+00:00,7,
rq1-exact-623-20260926-long,increasingNumVariables/0041.trace,d945850f52a268bc40b5,increasingNumVariables,plain,135,2,bcdfd5e3a50997933d37a3c35bdcfe4532a2a6f2c2944afca3bc396dbc775e81,TIMEOUT,SMT_timeout,,,,439.7708313969997,2026-09-26T21:58:05.462250+00:00,2026-09-26T22:05:25.296156+00:00,7,
rq1-exact-623-20260926-long,increasingNumVariables/0042.trace,ff220d694b012508e4c4,increasingNumVariables,plain,135,2,6fb57c460326b18a306bcbac89f5dd24e4638385447c38cf39c934ad658135f3,TIMEOUT,SMT_timeout,,,,463.90292804099954,2026-09-26T21:58:16.357520+00:00,2026-09-26T22:06:00.323985+00:00,7,
rq1-exact-623-20260926-long,increasingNumVariables/0043.trace,ab1fa8adb1d4937d2e78,increasingNumVariables,plain,135,2,e3c1b84a1d5289ce903b49dc1172b72bd22a43e0a7b8320078e4b49fa2c56a74,TIMEOUT,SMT_timeout,,,,382.9692977650011,2026-09-26T22:43:32.258625+00:00,2026-09-26T22:49:55.286189+00:00,7,
rq1-exact-623-20260926-long,increasingNumVariables/0044.trace,5691c25a7be1ee4099df,increasingNumVariables,plain,135,2,c9802ea70fc2803345a2dcdd124d7ba6278f5d6c9e712933544a8ee2676a66a4,TIMEOUT,SMT_timeout,,,,490.06798236300165,2026-09-26T22:24:48.063367+00:00,2026-09-26T22:32:58.195529+00:00,7,
rq1-exact-623-20260926-long,increasingNumVariables/0045.trace,00c506d5c65df9149f8f,increasingNumVariables,plain,135,2,6032579f6defb002bb46a059d3c5de3598e3390aa67e72422d157126b8156c03,TIMEOUT,SMT_timeout,,,,545.8743440849976,2026-09-26T22:16:46.205459+00:00,2026-09-26T22:25:52.142562+00:00,7,
rq1-exact-623-20260926-long,increasingNumVariables/0046.trace,b96dbb6dc3e4d021d34c,increasingNumVariables,plain,135,2,8fef935035582b3dde4e6bb202410be827fe5d53228fb24cd3d34a3e55070a04,TIMEOUT,SMT_timeout,,,,581.0867074009984,2026-09-26T22:11:58.118658+00:00,2026-09-26T22:21:39.271250+00:00,7,
rq1-exact-623-20260926-long,increasingNumVariables/0047.trace,6fbac21be3130b9a0018,increasingNumVariables,plain,135,2,d83e3e0d444e396bd86ddd61765b6e891130500f803ad83b5af12213228a973a,TIMEOUT,SMT_timeout,,,,355.1137469869991,2026-09-26T21:15:02.439979+00:00,2026-09-26T21:20:57.617467+00:00,6,
rq1-exact-623-20260926-long,increasingNumVariables/0048.trace,da1caf66f0b1fabdacbc,increasingNumVariables,plain,264,2,d4aed58d55a4dd87c058e28a7fc96aad2ca4e792a98ea7b77176a065bc08327a,TIMEOUT,SMT_timeout,,,,394.55822721099685,2026-09-26T22:05:25.330260+00:00,2026-09-26T22:11:59.951468+00:00,7,
rq1-exact-623-20260926-long,increasingNumVariables/0049.trace,4436b1af4cf5e7366412,increasingNumVariables,plain,264,2,888c878df35bb95348487ec57bff7a3354f32ccc2a9f41ac35851a4eadfe2afc,TIMEOUT,SMT_timeout,,,,436.8277874339983,2026-09-26T22:06:00.358514+00:00,2026-09-26T22:13:17.249856+00:00,7,
rq1-exact-623-20260926-long,increasingNumVariables/0050.trace,ef809c43b07d94c7df02,increasingNumVariables,plain,264,2,10fc0669200495687049d1e77843d7dc13d096e88b0771a03def8e260f50dbbb,TIMEOUT,SMT_timeout,,,,389.42362149199835,2026-09-26T22:49:55.359028+00:00,2026-09-26T22:56:24.840796+00:00,7,
rq1-exact-623-20260926-long,increasingNumVariables/0051.trace,66918c75e5f3e7570e85,increasingNumVariables,plain,264,2,6672bdeac2b4622012f73f35569222cb61266182f5219bbd6e46b4af8cb2da19,TIMEOUT,SMT_timeout,,,,440.57886502199835,2026-09-26T22:32:58.269186+00:00,2026-09-26T22:40:18.912398+00:00,7,
rq1-exact-623-20260926-long,increasingNumVariables/0052.trace,af2fc924a79816aa4530,increasingNumVariables,plain,264,2,2a19bc3133fc529e868e3edd14b0b7f45a305e34c253078a07b7b224493dbf1b,TIMEOUT,SMT_timeout,,,,518.4707022399998,2026-09-26T22:25:52.214158+00:00,2026-09-26T22:34:30.747689+00:00,7,
rq1-exact-623-20260926-long,increasingNumVariables/0053.trace,81da28060b04a2a59a19,increasingNumVariables,plain,264,2,d70cff45984c889f671bc720917824f84e7363cb11be2e73086593ea4d075b6c,TIMEOUT,SMT_timeout,,,,636.5876005879982,2026-09-26T22:21:39.320139+00:00,2026-09-26T22:32:15.969946+00:00,7,
rq1-exact-623-20260926-long,increasingNumVariables/0054.trace,0d98e2af129900595cc6,increasingNumVariables,plain,264,2,ee356efe02576d0c3b952575033ba350d4966db4ff0addd2363e3e069310b2b5,TIMEOUT,SMT_timeout,,,,592.262975394,2026-09-26T21:20:57.678699+00:00,2026-09-26T21:30:50.004792+00:00,7,
rq1-exact-623-20260926-long,increasingNumVariables/0055.trace,02ab94ed395b3814f1d5,increasingNumVariables,plain,264,2,b849ed540620164df9234045e83c5dad83662531ec99376f60641f18d283a6e5,TIMEOUT,SMT_timeout,,,,362.32252148000043,2026-09-26T22:11:59.994752+00:00,2026-09-26T22:18:02.383778+00:00,6,
rq1-exact-623-20260926-long,moreDetailedTest/0001.trace,9113779f08d78d970274,moreDetailedTest,plain,10,2,4cf4d87b6dcf64d2fe396c8941ee439eef2c07ee0bb76745f986cfca6ad38387,TIMEOUT,SMT_timeout,,,,604.2972531980013,2026-09-26T19:36:34.559274+00:00,2026-09-26T19:46:38.919339+00:00,7,
rq1-exact-623-20260926-long,moreDetailedTest/0002.trace,c6152dddaafc013c98f8,moreDetailedTest,plain,10,2,5084c81afcaf06b16b6902315076bf6112f989b054fa18b89b040908463c4d2a,TIMEOUT,SMT_timeout,,,,508.70942979499887,2026-09-26T19:47:54.019715+00:00,2026-09-26T19:56:22.790032+00:00,8,
rq1-exact-623-20260926-long,moreDetailedTest/0003.trace,ec0a8b536e75f06ea5c9,moreDetailedTest,plain,10,2,f9f5d3d029d409c5305aa6b97040981e8b92e9d8395100b7b255f1b519919b40,TIMEOUT,SMT_timeout,,,,678.5961929389996,2026-09-26T19:38:48.192415+00:00,2026-09-26T19:50:06.852881+00:00,7,
rq1-exact-623-20260926-long,moreDetailedTest/0004.trace,2f57ce79dc18adeb9f59,moreDetailedTest,plain,10,2,e136448c7c701e599a0b3efdcad78036bb9e505fbf0def50d71a99f2f147e298,TIMEOUT,SMT_timeout,,,,404.5928187289992,2026-09-26T19:49:02.340326+00:00,2026-09-26T19:55:46.998857+00:00,6,
rq1-exact-623-20260926-long,moreDetailedTest/0005.trace,bc95b96377bc16546c5d,moreDetailedTest,plain,10,2,de22b10e381746d23576b1b6da56d8fb96336abaa7a8fcf3af83451d90b053dc,TIMEOUT,SMT_timeout,,,,417.95178786200086,2026-09-26T19:32:12.544776+00:00,2026-09-26T19:39:10.559989+00:00,6,
rq1-exact-623-20260926-long,moreDetailedTest/0006.trace,9bb4071d621c2001ce96,moreDetailedTest,plain,10,2,43b61c5334fb0f3169a01dbea98283428ad2fd75d05a745550f085f3e521d13e,TIMEOUT,SMT_timeout,,,,454.02974652600005,2026-09-26T18:51:23.733722+00:00,2026-09-26T18:58:57.829423+00:00,6,
rq1-exact-623-20260926-long,moreDetailedTest/0007.trace,4d07cb81a9f83c38f78f,moreDetailedTest,plain,10,2,7a0a09d61e11823dea8fbf76baf9035e3e954de856ccb0f15a0ad3ecfe085e64,TIMEOUT,SMT_timeout,,,,517.4592112509999,2026-09-26T19:44:40.426867+00:00,2026-09-26T19:53:17.953081+00:00,6,
rq1-exact-623-20260926-long,moreDetailedTest/0008.trace,c0e59cdbea5060266e33,moreDetailedTest,plain,10,2,81fcf02a9c3188214421026ae6f166dd3b5ccadc1ba4fa7e068e9ba3f4817ce9,TIMEOUT,SMT_timeout,,,,530.1814515509996,2026-09-26T19:46:38.974632+00:00,2026-09-26T19:55:29.221822+00:00,6,
rq1-exact-623-20260926-long,moreDetailedTest/0009.trace,ad3e1859ed6e562ae92a,moreDetailedTest,plain,10,2,56790fbff4317f35615723262cdac2582549afa62898ba3f81853102ff753346,TIMEOUT,SMT_timeout,,,,567.1907915009997,2026-09-26T19:56:22.845063+00:00,2026-09-26T20:05:50.101288+00:00,6,
rq1-exact-623-20260926-long,moreDetailedTest/0010.trace,bea2ffbda637f43cfd23,moreDetailedTest,plain,10,2,5e3e0c2c5d3bd4c91cd27e1e8b1cfea9ac7a38750743a778544f7df88c109936,TIMEOUT,SMT_timeout,,,,672.9141105660001,2026-09-26T19:50:06.899852+00:00,2026-09-26T20:01:19.880572+00:00,6,
rq1-exact-623-20260926-long,moreDetailedTest/0011.trace,ea03148b307915270f1f,moreDetailedTest,plain,10,2,e38a5917378b9df7d12d300f9eb69929ec77ddb6206f1394ba703e78f7785083,TIMEOUT,SMT_timeout,,,,699.5701072519987,2026-09-26T19:55:47.084986+00:00,2026-09-26T20:07:26.723030+00:00,6,
rq1-exact-623-20260926-long,moreDetailedTest/0012.trace,1a0175785b656aa6a1fe,moreDetailedTest,plain,10,2,20038ffb35a9422faf3a508b108755482e87fe9c437e1e9a725582cd1d97d490,TIMEOUT,SMT_timeout,,,,426.92561405800006,2026-09-26T19:39:10.641578+00:00,2026-09-26T19:46:17.629780+00:00,7,
rq1-exact-623-20260926-long,moreDetailedTest/0013.trace,c1f248f6fd129f79365d,moreDetailedTest,plain,10,2,4880f6359b196b71ec8d7d3876a1de65b2cb1d331add5ead63fe22ec98cb9ba3,OPTIMAL,,0,4,"->(G(F(x1)),x1)",0.761388488999728,2026-09-26T18:58:57.924854+00:00,2026-09-26T18:58:58.747311+00:00,4,
rq1-exact-623-20260926-long,moreDetailedTest/0014.trace,a68a8593243d1de1e50b,moreDetailedTest,plain,10,2,ba75fbfc0ad01cc18fc4806b36dde4b7b6f65bfc9dd04659b0fc087e4c2ae893,TIMEOUT,SMT_timeout,,,,528.0401932040004,2026-09-26T19:53:18.046449+00:00,2026-09-26T20:02:06.150899+00:00,7,
rq1-exact-623-20260926-long,moreDetailedTest/0029.trace,9331454c33a3bdf68194,moreDetailedTest,plain,18,2,e5c13a63096d0f2db31d842eeaf9c022e3e3d1fc405b54f0275e9164e43ea702,OPTIMAL,,0,6,"!(F(&(x1,F(x0))))",87.65709656199942,2026-09-26T19:31:48.871656+00:00,2026-09-26T19:33:16.593460+00:00,6,
rq1-exact-623-20260926-long,moreDetailedTest/0030.trace,b1a8e88fb4a16f6eea14,moreDetailedTest,plain,18,2,cf737e8c06636d136d941968270a5c23f95e13bbbcbaa1b9270ca41af04c4eae,OPTIMAL,,0,6,"G(->(X(x0),!(x1)))",5.158620230000452,2026-09-26T20:24:03.791512+00:00,2026-09-26T20:24:09.010974+00:00,6,
rq1-exact-623-20260926-long,moreDetailedTest/0031.trace,c7863ea54c066b064345,moreDetailedTest,plain,18,2,d38e3d1b6f467074f9b04773d3163291ae8d89b2043a51471e2a17768386b632,OPTIMAL,,0,6,"G(->(x1,G(!(x0))))",152.74034140200092,2026-09-26T20:33:05.228643+00:00,2026-09-26T20:35:38.033423+00:00,6,
rq1-exact-623-20260926-long,moreDetailedTest/0032.trace,afbc41abeaafc980e19d,moreDetailedTest,plain,18,2,19826b912c346d9be8589f7d2cc8a23c8d64aea7b33142f9073a2f47fa9a2a4b,OPTIMAL,,0,6,"G(!(&(F(x0),x1)))",142.9188202509995,2026-09-26T20:47:20.476679+00:00,2026-09-26T20:49:43.465331+00:00,6,
rq1-exact-623-20260926-long,moreDetailedTest/0033.trace,264ec564c3316c0bb0f4,moreDetailedTest,plain,18,2,0815ec2799a4f74dedffd398af389f910da5ad3cfb770eb16b6d893c9dd94d49,OPTIMAL,,0,6,"G(!(&(x1,F(x0))))",177.29365312000118,2026-09-26T20:45:16.084513+00:00,2026-09-26T20:48:13.442744+00:00,6,
rq1-exact-623-20260926-long,moreDetailedTest/0034.trace,9b1869d9c99aa11d6a5a,moreDetailedTest,plain,18,2,7dc879b5257630eb8ebc8aaeaddf7f8e2c0f7717b4a4a784faa78f8d9de094f3,OPTIMAL,,0,6,"G(!(&(x1,F(x0))))",244.66353586700097,2026-09-26T20:49:12.485053+00:00,2026-09-26T20:53:17.213546+00:00,6,
rq1-exact-623-20260926-long,moreDetailedTest/0035.trace,b69ff8a3d8b62c1cb419,moreDetailedTest,plain,18,2,e7b367f2efdc4cb7f31e41b8552d3e0ab91e2034d8bb584e61a7ae1750c774cc,OPTIMAL,,0,6,"G(->(x1,G(!(x0))))",230.05596560899903,2026-09-26T20:10:52.728002+00:00,2026-09-26T20:14:42.847282+00:00,6,
rq1-exact-623-20260926-long,moreDetailedTest/0036.trace,75c6a5a4098ac3c025f4,moreDetailedTest,plain,18,2,c9ed4c4614dbfe90901388443af500c7e1a16c5b8fe35541ca5c2db254207741,OPTIMAL,,0,6,"G(!(&(F(x0),x1)))",312.5832314849995,2026-09-26T19:33:16.659296+00:00,2026-09-26T19:38:29.309620+00:00,6,
rq1-exact-623-20260926-long,moreDetailedTest/0037.trace,cce3912ea88c2a1dc20a,moreDetailedTest,plain,18,2,d89c703386899c97a310d27b206e8e145c91cf8a6939fcd525e0d0baede8f747,OPTIMAL,,0,6,"G(->(x1,G(!(x0))))",372.4689110449999,2026-09-26T20:24:09.065512+00:00,2026-09-26T20:30:21.601259+00:00,6,
rq1-exact-623-20260926-long,moreDetailedTest/0038.trace,c158e33058cc9193998b,moreDetailedTest,plain,18,2,0d18e9f8d22d050ea0c4de80564a33c7c22b89896d67116dcfe4cb314451f2dc,OPTIMAL,,0,6,"G(!(&(x1,F(x0))))",453.78330638100124,2026-09-26T20:35:38.088774+00:00,2026-09-26T20:43:11.939965+00:00,6,
rq1-exact-623-20260926-long,moreDetailedTest/0039.trace,3a0c91c628f464247fcc,moreDetailedTest,plain,18,2,0c180b00dda04beb7101c891aa8836486327261c97f53dc99681954fa42c5065,OPTIMAL,,0,6,"G(!(&(x1,F(x0))))",433.8629006230003,2026-09-26T20:49:43.549711+00:00,2026-09-26T20:56:57.484744+00:00,6,
rq1-exact-623-20260926-long,moreDetailedTest/0040.trace,a86434fd5f31771b9bf8,moreDetailedTest,plain,18,2,548b527cb9bb92b42993458f5cddec76676b2b9e8dd25186bca955302c1d2f80,OPTIMAL,,0,6,"G(!(&(F(x0),x1)))",36.36675250799999,2026-09-26T20:48:13.526064+00:00,2026-09-26T20:48:49.956779+00:00,6,
rq1-exact-623-20260926-long,moreDetailedTest/0041.trace,ad7f846726a675e5d82c,moreDetailedTest,plain,18,2,31efac6c1c3ad02176d01d4737047da638bd07be31e32f796a6d6b5f81079de0,OPTIMAL,,0,6,"!(F(&(F(x0),x1)))",2.6785185059998184,2026-09-26T20:53:17.282634+00:00,2026-09-26T20:53:20.023558+00:00,6,
rq1-exact-623-20260926-long,moreDetailedTest/0042.trace,98d71d42b134dd9cfdd1,moreDetailedTest,plain,18,2,1d392a502c2156981d4bc674048d885acb36c2fee78efc8f06e72e2e098e6165,OPTIMAL,,0,6,"G(->(x1,G(!(x0))))",51.17410559000018,2026-09-26T20:14:42.925005+00:00,2026-09-26T20:15:34.162406+00:00,6,
rq1-exact-623-20260926-long,moreDetailedTest/0057.trace,ec26203c41665975ef5e,moreDetailedTest,plain,18,2,4f2909eebc3b222544bb7be16127794983b5e97d2605d7fca77341a1f4f3d6ca,OPTIMAL,,0,7,"F(&(->(F(x0),x0),F(x1)))",373.697902848,2026-09-26T19:38:29.397043+00:00,2026-09-26T19:44:43.157460+00:00,7,
rq1-exact-623-20260926-long,moreDetailedTest/0058.trace,d017845ba588e27a4ed9,moreDetailedTest,plain,18,2,9b4d02810035bae80c5a0ea6d053c0211b3345dfb507f87879b5353bf9810e20,OPTIMAL,,0,6,"F(&(X(F(x1)),x2))",5.6453909640003985,2026-09-26T20:30:21.715945+00:00,2026-09-26T20:30:27.424237+00:00,6,
rq1-exact-623-20260926-long,moreDetailedTest/0059.trace,80225365eff8385a047c,moreDetailedTest,plain,18,2,ac97087e8a8cb6861346d5692115d09083d18031456aedc00407096699c3993a,OPTIMAL,,0,7,"F(&(->(F(x0),x0),F(x1)))",577.880511841,2026-09-26T20:43:12.039064+00:00,2026-09-26T20:52:49.983081+00:00,7,
rq1-exact-623-20260926-long,moreDetailedTest/0060.trace,8c7806ac0dd277c67e28,moreDetailedTest,plain,18,2,099d374b4a79e557ce8625dbf70b7ef4051854a9f6f427ea06dfa804137155f0,TIMEOUT,SMT_timeout,,,,394.4038788710004,2026-09-26T20:56:57.631804+00:00,2026-09-26T21:03:32.100230+00:00,6,
rq1-exact-623-20260926-long,moreDetailedTest/0061.trace,c050aac0240d1a753a13,moreDetailedTest,plain,18,2,39181bf238c368c6bf999b400b5dc580ed71990f1b8847bb509a88918425558d,TIMEOUT,SMT_timeout,,,,437.14522150599987,2026-09-26T20:48:50.019159+00:00,2026-09-26T20:56:07.230286+00:00,6,
rq1-exact-623-20260926-long,moreDetailedTest/0062.trace,ab480f0ce11630028cbc,moreDetailedTest,plain,18,2,8c05c01f1fa86672e622c5898300ef68087cab4fc917aefd4fa0eb99e0d31ce8,TIMEOUT,SMT_timeout,,,,439.66528232400015,2026-09-26T20:53:20.052290+00:00,2026-09-26T21:00:39.782659+00:00,6,
rq1-exact-623-20260926-long,moreDetailedTest/0063.trace,41e12737886684b6110a,moreDetailedTest,plain,18,2,71ee2e001d753ea974c5b2f5ad823ccc113a64daafa89dabcd113ec476fd9ca8,TIMEOUT,SMT_timeout,,,,495.86037266399944,2026-09-26T20:15:34.198703+00:00,2026-09-26T20:23:50.126673+00:00,6,
rq1-exact-623-20260926-long,moreDetailedTest/0064.trace,bc32d642fa8290ccdc3e,moreDetailedTest,plain,18,2,9172e3fe9b33b37e7da8cdc2f455f4a54cb2a904a7da6128c606135935bdecee,TIMEOUT,SMT_timeout,,,,520.0498154429988,2026-09-26T19:44:43.223648+00:00,2026-09-26T19:53:23.339617+00:00,6,
rq1-exact-623-20260926-long,moreDetailedTest/0065.trace,0b41545393c3fe19d4e9,moreDetailedTest,plain,18,2,49de086b4b2deb5277c139bb937dd02cb7da0ec67d8e0413ed0599c3758ee5e4,TIMEOUT,SMT_timeout,,,,586.5427823560003,2026-09-26T20:30:27.490504+00:00,2026-09-26T20:40:14.099761+00:00,6,
rq1-exact-623-20260926-long,moreDetailedTest/0066.trace,73a522a7830f19e9ba4e,moreDetailedTest,plain,18,2,cbfc471d055d6f53923782080bf95050aaed9d3165c0bc4c90e820b6576d5892,TIMEOUT,SMT_timeout,,,,589.7866155459997,2026-09-26T20:52:50.071377+00:00,2026-09-26T21:02:39.925559+00:00,6,
rq1-exact-623-20260926-long,moreDetailedTest/0067.trace,697c60c3afa130838b37,moreDetailedTest,plain,18,2,8bfdde9b0d67c345e53fdae02ca930b5a4ee38ecdf22abe9d65008bc14c87ade,TIMEOUT,SMT_timeout,,,,749.127118684999,2026-09-26T21:03:32.185489+00:00,2026-09-26T21:16:01.379455+00:00,6,
rq1-exact-623-20260926-long,moreDetailedTest/0068.trace,1406d08a61f293e5f14a,moreDetailedTest,plain,18,2,b655e71c689ae313860791906ac28e02bd55899f8ebc76e33057f1bab0d5f81f,OPTIMAL,,0,7,"->(F(x0),F(&(x0,F(x1))))",135.64399778199913,2026-09-26T20:56:07.305496+00:00,2026-09-26T20:58:23.015532+00:00,7,
rq1-exact-623-20260926-long,moreDetailedTest/0069.trace,ef127c9e947efc2a1007,moreDetailedTest,plain,18,2,a9ac77a0666a85534867d5c71ed179f19df02b2cdcbfb8d03371ef159e3795db,OPTIMAL,,0,3,G(F(x1)),0.36240284199993766,2026-09-26T21:00:39.849684+00:00,2026-09-26T21:00:40.274632+00:00,3,
rq1-exact-623-20260926-long,moreDetailedTest/0070.trace,d2462a41121ba33de67e,moreDetailedTest,plain,18,2,4113d0f1c393d73a8d978b7e373ab3717e657abb7c698f906d252b6447dc785e,OPTIMAL,,0,7,"->(F(x0),F(&(x0,F(x1))))",269.49840581600074,2026-09-26T20:23:50.223505+00:00,2026-09-26T20:28:19.783170+00:00,7,
rq1-exact-623-20260926-long,moreDetailedTest/0071.trace,cca318a7985234e2c1b5,moreDetailedTest,plain,67,2,57d13b17b326ec9ce16c93c3b3a3cd58a31d7fea0d319c9f63b4a363c220f75a,TIMEOUT,SMT_timeout,,,,646.0314670690004,2026-09-26T21:31:14.500428+00:00,2026-09-26T21:42:00.596284+00:00,7,
rq1-exact-623-20260926-long,moreDetailedTest/0072.trace,9b247afc59861424cece,moreDetailedTest,plain,67,2,712a95f97a55148b893cab7e054060b15ca5368cc6eb72bbdff11635e77e8b38,OPTIMAL,,0,2,G(x0),0.2536769620000996,2026-09-26T21:26:24.539042+00:00,2026-09-26T21:26:24.856735+00:00,2,
rq1-exact-623-20260926-long,moreDetailedTest/0073.trace,4f8c3e333485aafa9f1f,moreDetailedTest,plain,67,2,e742f6337ec6bd9e7bda1c2065502eee6341208300398b0c703fa2b0bb35defd,TIMEOUT,SMT_timeout,,,,685.0469300530003,2026-09-26T20:28:01.274594+00:00,2026-09-26T20:39:26.385138+00:00,7,
rq1-exact-623-20260926-long,moreDetailedTest/0074.trace,fd0f205a7cabdf1542c3,moreDetailedTest,plain,67,2,2e1fb6f79c6a1faa78f4871a322a26feeec4f3b6891910359cb1e871d607b1e2,TIMEOUT,SMT_timeout,,,,387.5993612760012,2026-09-26T21:14:28.127614+00:00,2026-09-26T21:20:55.791918+00:00,6,
rq1-exact-623-20260926-long,moreDetailedTest/0075.trace,27332588d6ff2e5e177e,moreDetailedTest,plain,67,2,7996d9940d778813e5fbcdafe6750a3b9a0af65c0477403f060535cc6e24d64f,TIMEOUT,SMT_timeout,,,,425.13304424499984,2026-09-26T21:23:54.255662+00:00,2026-09-26T21:30:59.453932+00:00,6,
rq1-exact-623-20260926-long,moreDetailedTest/0076.trace,ad5490d0208a8af107ae,moreDetailedTest,plain,67,2,831e91124dcee39271a6aedcc45c8f5fe5958dd7ae0f3ff4ae212e0c32fe0667,TIMEOUT,SMT_timeout,,,,429.5178317769969,2026-09-26T22:06:36.836060+00:00,2026-09-26T22:13:46.419598+00:00,6,
rq1-exact-623-20260926-long,moreDetailedTest/0077.trace,2cd97894418df120b043,moreDetailedTest,plain,67,2,b00e1c488a1ff227de8228fb648596ebfe829fd0352e1b171b29410e87917875,TIMEOUT,SMT_timeout,,,,462.6301028049984,2026-09-26T21:46:01.881941+00:00,2026-09-26T21:53:44.577589+00:00,6,
rq1-exact-623-20260926-long,moreDetailedTest/0078.trace,de683b3fca448924021a,moreDetailedTest,plain,67,2,7b8192397809be8eb1f97061b084ca8b89710901cf2a3fff0f17b27f7f211ffa,TIMEOUT,SMT_timeout,,,,524.1315938260013,2026-09-26T21:42:00.643656+00:00,2026-09-26T21:50:44.840997+00:00,6,
rq1-exact-623-20260926-long,moreDetailedTest/0079.trace,cc7f497f4fcf57fb22f4,moreDetailedTest,plain,67,2,73361930f2abc56658d9de6f4f3cf4ee57a4b1ba1f5dd96eaab48b01b811babb,TIMEOUT,SMT_timeout,,,,558.6532713139986,2026-09-26T21:26:24.904166+00:00,2026-09-26T21:35:43.623462+00:00,6,
rq1-exact-623-20260926-long,moreDetailedTest/0080.trace,cac71131d3f3d1ccf9c0,moreDetailedTest,plain,67,2,f88b209c9f44897c74fcb5ea01127241b0ff75ad97d626894bb652e787c86ffc,TIMEOUT,SMT_timeout,,,,645.7389697029994,2026-09-26T20:39:26.434648+00:00,2026-09-26T20:50:12.240026+00:00,6,
rq1-exact-623-20260926-long,moreDetailedTest/0081.trace,98eedcec895812c7375e,moreDetailedTest,plain,67,2,e6daa1f5db8caa045d341a205eb90d0b19075f97e51295dda11e06a855c805fb,TIMEOUT,SMT_timeout,,,,678.3338594500001,2026-09-26T21:20:55.875019+00:00,2026-09-26T21:32:14.276795+00:00,6,
rq1-exact-623-20260926-long,moreDetailedTest/0082.trace,03616bd80d527c019edf,moreDetailedTest,plain,67,2,4d7260867536235c162fcf2d264141458d3eb621960070f11fa2838c3a3fd581,OPTIMAL,,0,2,G(x0),1.1608119279990206,2026-09-26T21:30:59.532977+00:00,2026-09-26T21:31:00.757385+00:00,2,
rq1-exact-623-20260926-long,moreDetailedTest/0083.trace,fa39b8d3956cf5f41b71,moreDetailedTest,plain,67,2,a7c5f6d9bd25a1c35e7fd4fb1a8df4030ffa299d1970fee1c260c404b3fc1419,OPTIMAL,,0,2,G(x0),0.10339087000102154,2026-09-26T22:13:46.504530+00:00,2026-09-26T22:13:46.669300+00:00,2,
rq1-exact-623-20260926-long,moreDetailedTest/0084.trace,b6a64a178fa289e22da0,moreDetailedTest,plain,67,2,26248e3a236ebf1aa7a6c5bc31aafbc13134a9a5d9990871a12935b8737fc8a3,TIMEOUT,SMT_timeout,,,,548.1503456449973,2026-09-26T21:53:44.677504+00:00,2026-09-26T22:02:52.891348+00:00,7,
rq1-exact-623-20260926-long,moreDetailedTest/0085.trace,8e8d4a225faa8eb7d2c1,moreDetailedTest,plain,6,2,eaca5cc7c4d2367554b6877c124c9cce8f7af944d720d88f9783c9c8dc046f03,UNSAT,,,,,263.7224120820001,2026-09-26T18:32:07.600083+00:00,2026-09-26T18:36:31.386375+00:00,6,
rq1-exact-623-20260926-long,moreDetailedTest/0087.trace,ddccb2973191229f0629,moreDetailedTest,plain,6,2,558efb63948013ff1a72713446f4c418cee07091d72c39f6c67a5e739476cc48,UNSAT,,,,,364.59710245600036,2026-09-26T18:41:57.374931+00:00,2026-09-26T18:48:02.037885+00:00,6,
rq1-exact-623-20260926-long,moreDetailedTest/0088.trace,76316d7a3e764f7ecf3a,moreDetailedTest,plain,6,2,f43cb075a600217404d8150609c59e79796ebce8b054f4583035ef7b4b9d6e7c,TIMEOUT,SMT_timeout,,,,411.15188616199976,2026-09-26T18:38:11.200075+00:00,2026-09-26T18:45:02.417207+00:00,6,
rq1-exact-623-20260926-long,moreDetailedTest/0089.trace,0a0da6d3ccd18b414141,moreDetailedTest,plain,6,2,10eb82fc9b894566e2bdda7fbe063f53fb1f1ab040f98850aea7e910a9bcf07a,TIMEOUT,SMT_timeout,,,,417.71562705699944,2026-09-26T18:51:39.969709+00:00,2026-09-26T18:58:37.749296+00:00,6,
rq1-exact-623-20260926-long,moreDetailedTest/0090.trace,29beb468a1c38447a74d,moreDetailedTest,plain,6,2,ec4fab11813386fee859e75b27a799e8016ac7481d19106d22ea040bbdf7c32b,TIMEOUT,SMT_timeout,,,,455.45665233900036,2026-09-26T18:33:27.357636+00:00,2026-09-26T18:41:02.878202+00:00,6,
rq1-exact-623-20260926-long,moreDetailedTest/0091.trace,6b07a04478839def6bba,moreDetailedTest,plain,6,2,5fd6f2cf1a0d0eeb256b4bdcb37d8224953e2cbb7d9ca333188168ce6ccdb57d,TIMEOUT,SMT_timeout,,,,475.64059979600006,2026-09-26T18:32:25.277016+00:00,2026-09-26T18:40:20.983909+00:00,6,
rq1-exact-623-20260926-long,moreDetailedTest/0092.trace,d4f5e83ecf71878393df,moreDetailedTest,plain,6,2,5c5aa51423d0defa0ed2cc7df8cd3de4afaee02c847b7d08887824bd0de72351,TIMEOUT,SMT_timeout,,,,523.5286029000008,2026-09-26T18:36:31.431614+00:00,2026-09-26T18:45:15.026447+00:00,6,
rq1-exact-623-20260926-long,moreDetailedTest/0093.trace,ae76e98082b702a3aa03,moreDetailedTest,plain,6,2,806ba714d81d3e8de22d2a83623ccbe9a8b2ae65952d868b09fae1a9c6591b06,TIMEOUT,SMT_timeout,,,,580.3483300849998,2026-09-26T18:21:15.391703+00:00,2026-09-26T18:30:55.805821+00:00,6,
rq1-exact-623-20260926-long,moreDetailedTest/0094.trace,5241eb946294e4f61ea7,moreDetailedTest,plain,6,2,d8a87b17ca65acd920f9826c0a9c8fdb588f555dc94081ffad59d1482b7c0427,TIMEOUT,SMT_timeout,,,,657.3791192000008,2026-09-26T18:48:02.093238+00:00,2026-09-26T18:58:59.540659+00:00,6,
rq1-exact-623-20260926-long,moreDetailedTest/0095.trace,6ab2017833d10d182c77,moreDetailedTest,plain,6,2,aacc5e739f98705704ae7b20d558c66a79cef79dd0a61648486cee28a2a04d11,TIMEOUT,SMT_timeout,,,,749.4708964170004,2026-09-26T18:45:02.496662+00:00,2026-09-26T18:57:32.036901+00:00,6,
rq1-exact-623-20260926-long,moreDetailedTest/0096.trace,af2f370326c6f6a3e3a6,moreDetailedTest,plain,6,2,30aadc3d1d8c8b58f1586950ef713e9fbd8072dad3ff3ee523cf3195b4a8ef50,UNSAT,,,,,169.00997895699948,2026-09-26T18:58:37.833380+00:00,2026-09-26T19:01:26.908344+00:00,6,
rq1-exact-623-20260926-long,moreDetailedTest/0097.trace,f93be01319fbf248fb1c,moreDetailedTest,plain,6,2,358203429a0dda968d2aae24d6eedc1bfbb07c72f2684977777992dc1d1b1fb6,OPTIMAL,,0,5,"|(x1,&(x2,x0))",1.3307799900003374,2026-09-26T18:41:02.959193+00:00,2026-09-26T18:41:04.352739+00:00,5,
rq1-exact-623-20260926-long,moreDetailedTest/0098.trace,93aa739cfc44a49c987d,moreDetailedTest,plain,6,2,7a2f039f0a4fc70b214bebf4450a248f6f82dd8a098ff30196040b8140d2dc5f,UNSAT,,,,,244.5594123310002,2026-09-26T18:40:21.043503+00:00,2026-09-26T18:44:25.666932+00:00,6,
rq1-exact-623-20260926-long,moreDetailedTest/0113.trace,89f90aca89ce46fada60,moreDetailedTest,plain,10,2,6f6da48902bae6b3a98db814ddd95c545a8a3739feb97c0e73014d970977752b,OPTIMAL,,0,5,"G(->(x1,G(x0)))",32.131317375000435,2026-09-26T19:55:29.286342+00:00,2026-09-26T19:56:01.481229+00:00,5,
rq1-exact-623-20260926-long,moreDetailedTest/0114.trace,cf506f689ba7dbe47466,moreDetailedTest,plain,10,2,2ea1d82ac9204ab07a52af003d6040389a832af40666bd4d1e45f5418de3b9b3,OPTIMAL,,0,5,"G(->(x1,G(x0)))",2.706929293999565,2026-09-26T20:05:50.202292+00:00,2026-09-26T20:05:52.971139+00:00,5,
rq1-exact-623-20260926-long,moreDetailedTest/0115.trace,4e5b8c5bf5d9ab5d8de0,moreDetailedTest,plain,10,2,e9149199ba7d5f11e45e9d104609445822fd849841dd12aa3244cd919ccef66b,OPTIMAL,,0,5,"G(->(x1,G(x0)))",41.45630885900027,2026-09-26T20:01:19.978654+00:00,2026-09-26T20:02:01.502534+00:00,5,
rq1-exact-623-20260926-long,moreDetailedTest/0116.trace,ed07dcbf455f3c49ab95,moreDetailedTest,plain,10,2,e1187e99a8450685280d8bb5351d9a66e1fa7730045226eccd52297cf601220e,OPTIMAL,,0,5,"G(->(x1,G(x0)))",53.6429142270008,2026-09-26T20:07:26.835861+00:00,2026-09-26T20:08:20.541431+00:00,5,
rq1-exact-623-20260926-long,moreDetailedTest/0117.trace,78547ca6e4c8571867bd,moreDetailedTest,plain,10,2,76dbc214d1874e8253f6d92364d66cd50d8b08ce9ea7d0ac3ce4a182d4fca717,OPTIMAL,,0,5,"G(->(x1,G(x0)))",73.79310425800031,2026-09-26T19:46:17.683517+00:00,2026-09-26T19:47:31.541484+00:00,5,
rq1-exact-623-20260926-long,moreDetailedTest/0118.trace,06ece7520a754859230b,moreDetailedTest,plain,10,2,2f2d16c7941c8a7decb207e77669ae1b40bc38b5434af65a3938a09f561b7f14,OPTIMAL,,0,5,"G(->(x1,G(x0)))",70.119794878,2026-09-26T18:58:58.791047+00:00,2026-09-26T19:00:08.974476+00:00,5,
rq1-exact-623-20260926-long,moreDetailedTest/0119.trace,f501b31851e1457a51b1,moreDetailedTest,plain,10,2,49b137eb25ccdaaec4c110888d440b31e19e24a201ac87203126c16867fcd951,OPTIMAL,,0,5,"G(->(x1,G(x0)))",78.84255633000066,2026-09-26T20:02:06.213756+00:00,2026-09-26T20:03:25.120727+00:00,5,
rq1-exact-623-20260926-long,moreDetailedTest/0120.trace,f79d1ac7ec5a40fc45e9,moreDetailedTest,plain,10,2,91a9f15cfde58c0bacff183f60b1971facc7a630ed4deb5443206b7ca390c4d3,OPTIMAL,,0,5,"G(->(x1,G(x0)))",126.10867563700049,2026-09-26T19:56:01.552661+00:00,2026-09-26T19:58:07.724861+00:00,5,
rq1-exact-623-20260926-long,moreDetailedTest/0121.trace,5421e0dfeab0c2c39b9c,moreDetailedTest,plain,10,2,0ea86f7bef51632ee46c979683db72c8f7c79fa406e09261e169821e11106e65,OPTIMAL,,0,5,"G(->(x1,G(x0)))",191.84942151999894,2026-09-26T20:05:53.021934+00:00,2026-09-26T20:09:04.936457+00:00,5,
rq1-exact-623-20260926-long,moreDetailedTest/0122.trace,39f7312fa9aa3fd038ab,moreDetailedTest,plain,10,2,33d0a3dd7e74e03f4b4a7aba4bb741234c3826128d8e470c39f807161b418e40,OPTIMAL,,0,5,"G(->(x1,G(x0)))",186.8023526979996,2026-09-26T20:02:01.577511+00:00,2026-09-26T20:05:08.445868+00:00,5,
rq1-exact-623-20260926-long,moreDetailedTest/0123.trace,672d263691c969825894,moreDetailedTest,plain,10,2,799c541261dc3fd4e2fc4bb4fcd1dbbdb1575a6083b73e8f1f31e74d7dfac881,OPTIMAL,,0,5,"G(->(x1,G(x0)))",269.21689407899976,2026-09-26T20:08:20.595184+00:00,2026-09-26T20:12:49.886192+00:00,5,
rq1-exact-623-20260926-long,moreDetailedTest/0124.trace,7fcf69ad8e859d3300d2,moreDetailedTest,plain,10,2,e5d643710e9d85e0199f9b4e982504cbaa4a558eea405afca7c12f151949438a,OPTIMAL,,0,5,"G(->(x1,G(x0)))",15.670644297000763,2026-09-26T19:47:31.622169+00:00,2026-09-26T19:47:47.356027+00:00,5,
rq1-exact-623-20260926-long,moreDetailedTest/0125.trace,afe0c9fae97be1fc6574,moreDetailedTest,plain,10,2,233d80713b6f37f3184f268f010e9254c92461fc3c5d55263b2cb151b00853ff,OPTIMAL,,0,3,G(X(x0)),0.3563308060001873,2026-09-26T19:00:09.055266+00:00,2026-09-26T19:00:09.472651+00:00,3,
rq1-exact-623-20260926-long,moreDetailedTest/0126.trace,5c327d32ac994641f028,moreDetailedTest,plain,10,2,0bbb5a1764156a21048ba4a347f3b48e98a1bbca67575c7d137d9697c3cf677d,OPTIMAL,,0,5,"G(->(x1,G(x0)))",23.911800195999604,2026-09-26T20:03:25.216306+00:00,2026-09-26T20:03:49.191302+00:00,5,
rq1-exact-623-20260926-long,peterson/base/liveness2.trace,31dcf524545766e45c22,peterson,required,18,2,b9921457015aeeaa65008dbf2e68f3d42fc57f078bdbf3369e1e9961cf5a0f12,OPTIMAL,,0,5,"G(->(x6,F(x7)))",8.793853490999027,2026-09-26T19:53:23.419723+00:00,2026-09-26T19:53:32.276948+00:00,5,
rq1-exact-623-20260926-long,peterson/base/liveness3.trace,030d8818bd14abc85f03,peterson,required,18,2,935a5ccb740869d35968bd1a207b5b32ee3a0c8ca58febd7c49e0c8d8ae331fb,OPTIMAL,,0,5,"G(->(x6,F(x2)))",9.168552589000683,2026-09-26T20:40:14.230554+00:00,2026-09-26T20:40:23.461539+00:00,5,
rq1-exact-623-20260926-long,peterson/base/liveness4.trace,8221071a3237812623b7,peterson,required,18,2,29ea766bb803188ab64ad1d8626561a8c07f17f53304bbfc91ab193a033eee82,OPTIMAL,,0,5,"G(->(x6,F(x2)))",8.708495291000872,2026-09-26T21:02:40.064545+00:00,2026-09-26T21:02:48.837972+00:00,5,
rq1-exact-623-20260926-long,peterson/base/liveness5.trace,df25a30799c46be6061b,peterson,required,18,2,54276540f9728e2aa48738953ca9c762b12501349f13a14bee8f1f24746128f2,OPTIMAL,,0,5,"G(->(x6,F(x2)))",8.937223355000242,2026-09-26T21:16:01.497566+00:00,2026-09-26T21:16:10.498566+00:00,5,
rq1-exact-623-20260926-long,peterson/base/safety1.trace,9c6672e8811b0165369a,peterson,required,18,2,1709e7620f34798171d9c4be273f0b651842d258231413892bb38ff4073fcffe,OPTIMAL,,0,5,"G(->(x2,!(x8)))",9.34087532400008,2026-09-26T20:58:23.066004+00:00,2026-09-26T20:58:32.470143+00:00,5,
rq1-exact-623-20260926-long,peterson/base/safety2.trace,062ac14612499f1586d1,peterson,required,18,2,b21ce94b36972a5f84267a7d9097d947b602d808c00f3edd770cae2760b68477,OPTIMAL,,0,5,"G(->(x2,!(x8)))",9.142541523000546,2026-09-26T21:00:40.315143+00:00,2026-09-26T21:00:49.521556+00:00,5,
rq1-exact-623-20260926-long,peterson/base/safety3.trace,b189263367e0ea986989,peterson,required,18,2,0db0441662ed7a1303e119dff62fef04069ef455d9900c5d7e04f9e707fee1d1,OPTIMAL,,0,5,"G(->(x2,!(x8)))",8.945069727000373,2026-09-26T20:28:19.844878+00:00,2026-09-26T20:28:28.853663+00:00,5,
rq1-exact-623-20260926-long,peterson/base/safety4.trace,d46883438be2d1c89d36,peterson,required,18,2,76decb7b72704df66647a0ae76f100af83031927339299e129b9fa6fad9c4936,OPTIMAL,,0,5,"G(->(x8,!(x2)))",8.83194599700073,2026-09-26T19:53:32.302380+00:00,2026-09-26T19:53:41.197485+00:00,5,
rq1-exact-623-20260926-long,peterson/base/safety5.trace,35d760183fdbb009f050,peterson,required,18,2,f0fd62ae634b43e64719507714c320f5e55b27b6718123ac0ee00880ffe0e576,OPTIMAL,,0,5,"G(!(&(x2,x8)))",8.823248238000815,2026-09-26T20:40:23.511387+00:00,2026-09-26T20:40:32.397597+00:00,5,
rq1-exact-623-20260926-long,peterson/constrained/liveness1.trace,1e562c263b0ea638b85f,peterson,required,18,2,436612e2a9da4c1e24b3c3861fe2635e817a733e1dada8a9af60e3ec8df0b39c,OPTIMAL,,0,5,"G(->(x6,F(x2)))",8.698668319999342,2026-09-26T21:02:48.898500+00:00,2026-09-26T21:02:57.660387+00:00,5,
rq1-exact-623-20260926-long,peterson/constrained/liveness2.trace,2ea61bf5aa156a44e922,peterson,required,18,2,bc6618ef2a01f1246eb8470a660798f236d837c2fb5ff3330399689744559cc4,OPTIMAL,,0,5,"G(->(x6,F(x2)))",8.788596424999923,2026-09-26T21:16:10.530994+00:00,2026-09-26T21:16:19.383400+00:00,5,
rq1-exact-623-20260926-long,peterson/constrained/liveness3.trace,185ac245fe2aa9809d5f,peterson,required,18,2,75f8132730e01d323fc521584e06a256d30e4aa81f5e601ca5443b3acabaf149,OPTIMAL,,0,5,"G(->(x6,F(x2)))",8.912000603000706,2026-09-26T20:58:32.542912+00:00,2026-09-26T20:58:41.517971+00:00,5,
rq1-exact-623-20260926-long,peterson/constrained/liveness4.trace,c2b974c479bce70e26d4,peterson,required,18,2,c90df4f57b91d92c7f4464050cd924aed3ab91b443d047f740db133d922f5830,OPTIMAL,,0,5,"G(->(x6,F(x2)))",8.699591570999473,2026-09-26T21:00:49.547325+00:00,2026-09-26T21:00:58.309662+00:00,5,
rq1-exact-623-20260926-long,peterson/constrained/liveness5.trace,52e46b84b30322585353,peterson,required,18,2,da3f05a0aa341b1d6a4c7b55e08647703fb1ebb4bf5bdb903f43f5b09960fb7d,OPTIMAL,,0,5,"G(->(x6,F(x2)))",8.621890877999249,2026-09-26T20:28:28.877991+00:00,2026-09-26T20:28:37.562024+00:00,5,
rq1-exact-623-20260926-long,peterson/constrained/safety1.trace,33d068e59828a15b8698,peterson,required,18,2,a7514721bec1a23c88ece9f6ccc4b2d10a6d40c27cd2e4e1539495b430dd5cac,OPTIMAL,,0,5,"G(->(x2,!(x8)))",9.233513703000426,2026-09-26T19:53:41.236622+00:00,2026-09-26T19:53:50.533851+00:00,5,
rq1-exact-623-20260926-long,peterson/constrained/safety2.trace,b0e4f9a20b668fc055c5,peterson,required,18,2,3f5bd67ef68b5ef5b325bb31ab60b8ac75627512bbf57c013f975c6e6fc98a67,OPTIMAL,,0,5,"G(->(x2,!(x8)))",9.030713983000169,2026-09-26T20:40:32.445199+00:00,2026-09-26T20:40:41.538957+00:00,5,
rq1-exact-623-20260926-long,peterson/constrained/safety3.trace,aecc3323e63adc79c2e9,peterson,required,18,2,6a75feff237f05f0ca5439f9326de8aa1d0571145ffe0ce5d7ffe5379959d7d2,OPTIMAL,,0,5,"G(->(x2,!(x8)))",9.032455266000397,2026-09-26T21:02:57.731292+00:00,2026-09-26T21:03:06.827314+00:00,5,
rq1-exact-623-20260926-long,peterson/constrained/safety4.trace,7126c463df8e3493c784,peterson,required,18,2,4fefc8d74d8cf3e860693287ea83f2d494c62f417fdc2b40d64b00910affcad5,OPTIMAL,,0,5,"G(->(x8,!(x2)))",8.891492765000294,2026-09-26T21:16:19.414773+00:00,2026-09-26T21:16:28.370198+00:00,5,
rq1-exact-623-20260926-long,peterson/constrained/safety5.trace,737f1c685f8c68d646fb,peterson,required,18,2,07ab14efea161edf075647b43b10ed3094c1200b01e9afd2baa374ac8d13c72a,OPTIMAL,,0,5,"G(!(&(x2,x8)))",8.841763919001096,2026-09-26T20:58:41.571463+00:00,2026-09-26T20:58:50.477422+00:00,5,
rq1-exact-623-20260926-long,peterson/extra_traces/liveness1.trace,d632cec3ee39cbf92b31,peterson,required,18,2,7eed97d678e572df7daa99fbc1517f81e508f56beed6884b75714a9e28105de0,OPTIMAL,,0,5,"G(->(x6,F(x7)))",11.425161681001555,2026-09-26T21:00:58.379229+00:00,2026-09-26T21:01:09.866937+00:00,5,
rq1-exact-623-20260926-long,peterson/extra_traces/liveness2.trace,8fe71c6f9f74b31bd64d,peterson,required,18,2,e98338bab14ea5dea040b72c58025b914786076f578dbd0079e0cae84d36cfa1,OPTIMAL,,0,5,"G(->(x6,F(x2)))",11.421198589001506,2026-09-26T20:28:37.609516+00:00,2026-09-26T20:28:49.095023+00:00,5,
rq1-exact-623-20260926-long,peterson/extra_traces/liveness3.trace,9e5cc7483eb166800552,peterson,required,18,2,92c08cb6b10d0d9c517c8acfcba4193a92fd802382d721f79ade0f27a73d17d4,OPTIMAL,,0,5,"G(->(x6,F(x2)))",11.541592788000344,2026-09-26T19:53:50.570226+00:00,2026-09-26T19:54:02.176307+00:00,5,
rq1-exact-623-20260926-long,peterson/extra_traces/liveness4.trace,76fe95162dce52e49b57,peterson,required,18,2,f8f138045b1f9a38d77dff03f46afe71da8fd69753a76d702b83fbc3d4ca9d1e,OPTIMAL,,0,5,"G(->(x6,F(x2)))",11.399833628000124,2026-09-26T20:40:41.579086+00:00,2026-09-26T20:40:53.043051+00:00,5,
rq1-exact-623-20260926-long,peterson/extra_traces/liveness5.trace,f1b4986a7263db78b46c,peterson,required,18,2,f8f138045b1f9a38d77dff03f46afe71da8fd69753a76d702b83fbc3d4ca9d1e,OPTIMAL,,0,5,"G(->(x6,F(x2)))",11.367649223000626,2026-09-26T21:03:06.863840+00:00,2026-09-26T21:03:18.294430+00:00,5,
rq1-exact-623-20260926-long,peterson/extra_traces/safety1.trace,bb5a7babc59ad95167c0,peterson,required,18,2,44374167637fffc7780883ea2ffadc6aa5a9d52993858c67804c85bd46dde8b0,OPTIMAL,,0,5,"G(->(x2,!(x8)))",11.589977572000862,2026-09-26T21:16:28.396629+00:00,2026-09-26T21:16:40.049634+00:00,5,
rq1-exact-623-20260926-long,peterson/extra_traces/safety2.trace,5ec7cf5ab45aebf23432,peterson,required,18,2,4f391b540bb696c3ae5e5ee890a1981f1ff2bb1e40d069f920a0204c55b962a7,OPTIMAL,,0,5,"G(->(x8,!(x2)))",11.566566061999765,2026-09-26T20:58:50.499291+00:00,2026-09-26T20:59:02.129501+00:00,5,
rq1-exact-623-20260926-long,peterson/extra_traces/safety3.trace,3a19b01cc3a433f0f33b,peterson,required,18,2,822bbdfec285344d5833e1b0df76f8bed0ca87ac6161f1a8b473902a809aa208,OPTIMAL,,0,5,"G(->(x8,F(x2)))",11.773299021999264,2026-09-26T21:01:09.914025+00:00,2026-09-26T21:01:21.751000+00:00,5,
rq1-exact-623-20260926-long,peterson/extra_traces/safety4.trace,ca8f9fd932ce6a1734f4,peterson,required,18,2,46ba74a4558a1e88f34b6db010bd7ef7d90143c2746a2ba88f6cf604915d9590,OPTIMAL,,0,5,"G(->(x8,!(x2)))",11.758564195999497,2026-09-26T20:28:49.148336+00:00,2026-09-26T20:29:00.969955+00:00,5,
rq1-exact-623-20260926-long,peterson/extra_traces/safety5.trace,789b515b651b46c94266,peterson,required,18,2,46ba74a4558a1e88f34b6db010bd7ef7d90143c2746a2ba88f6cf604915d9590,OPTIMAL,,0,5,"G(->(x8,!(x2)))",12.069087838000996,2026-09-26T19:54:02.208116+00:00,2026-09-26T19:54:14.340679+00:00,5,
rq1-exact-623-20260926-long,robot/RAtrace/final22.trace,38bfcd4b828d2a989b03,robot,repair,2050,2,0b9b256621c7879fdcbdecc7088b07bef8c4a9fac018b90a85c5dd4297609f1e,OPTIMAL,,5,9,"&(F(x1),&(G(!(x2)),F(x0)))",14.011405172997911,2026-09-26T22:56:24.914142+00:00,2026-09-26T22:56:38.983732+00:00,9,
rq1-exact-623-20260926-long,robot/RAtrace/final3.trace,f222f931632022e55c8f,robot,repair,2050,2,d52f92767d36f3d527df04121ba2a665867ed41657526819f79a5e614af31b52,OPTIMAL,,5,9,"&(F(x1),&(G(!(x2)),F(x0)))",10.678805706000276,2026-09-26T22:40:18.981772+00:00,2026-09-26T22:40:29.721096+00:00,9,
rq1-exact-623-20260926-long,robot/RAtrace/final4.trace,9d1a01c3fac0f7ecb545,robot,repair,2050,2,a5ae4a200430e6b45dd22294c45e034aa637a3c5381915842e16f9e197ebf3d1,OPTIMAL,,5,9,"&(F(x1),&(G(!(x2)),F(x0)))",16.21003725799892,2026-09-26T22:34:30.825409+00:00,2026-09-26T22:34:47.098093+00:00,9,
rq1-exact-623-20260926-long,robot/RAtrace/final42.trace,2aeee502621873343295,robot,repair,2050,2,c410198587a4c3beccbc1659edff2c0ce31d5894807f59174864ec099f479918,OPTIMAL,,5,9,"&(F(x1),&(G(!(x2)),F(x0)))",13.74045870199916,2026-09-26T22:32:16.020825+00:00,2026-09-26T22:32:29.822203+00:00,9,
rq1-exact-623-20260926-long,robot/RAtrace/final43.trace,f50acc9cc66c6bce4788,robot,repair,2050,2,f3abfe251eefe4d2d051eac82b6f9c20ccec52b03eca225b50d950cfc41f3c42,OPTIMAL,,5,9,"&(F(x1),&(F(x0),G(!(x2))))",15.603627958998914,2026-09-26T21:30:50.076733+00:00,2026-09-26T21:31:05.744306+00:00,9,
rq1-exact-623-20260926-long,robot/RAtrace/final44.trace,c3d56c54651500fd80d4,robot,repair,2050,2,1b07920e1c3da943d037e93424f5264ce49246d6f0dedbd0e16add04b1619b2e,OPTIMAL,,5,9,"&(&(F(x0),G(!(x2))),F(x1))",16.586235923998174,2026-09-26T22:18:02.431644+00:00,2026-09-26T22:18:19.084014+00:00,9,
rq1-exact-623-20260926-long,robot/RAtrace/final45.trace,f113a759461b5dd25510,robot,repair,2050,2,1d2034a84262dfb83192aee474f05d2c625c98a90d17797a383715a63f78c1fe,OPTIMAL,,5,9,"&(F(x1),&(F(x0),G(!(x2))))",20.573803989002045,2026-09-26T22:13:29.158226+00:00,2026-09-26T22:13:49.793898+00:00,9,
rq1-exact-623-20260926-long,robot/RAtrace/final46.trace,3432f38a459e0914d0f0,robot,repair,2050,2,207fa315da07ed9a18322159e205289fa4a931233fb2b6ad76b6094e97d812c9,OPTIMAL,,5,9,"&(F(x1),&(F(x0),G(!(x2))))",22.06399488200259,2026-09-26T22:56:39.049398+00:00,2026-09-26T22:57:01.170978+00:00,9,
rq1-exact-623-20260926-long,robot/RAtrace/final47.trace,bbd334a4709742b90d65,robot,repair,2050,2,4ff6be8138b02f068b8dfdc6d6d6c11acc948cd5db92be07ca3bac992328485e,OPTIMAL,,5,9,"&(&(G(!(x2)),F(x0)),F(x1))",32.697994829999516,2026-09-26T22:40:29.762314+00:00,2026-09-26T22:41:02.519848+00:00,9,
rq1-exact-623-20260926-long,robot/RRtrace/order.trace,cc207e348afe23a7065c,robot,repair,1026,2,8d2432b2486743e83d897ec36aea2cc3fd34384dcb4fa6fba9fe4106670853a1,OPTIMAL,,4,9,"&(&(F(x0),F(x1)),G(!(x2)))",11.757718176999333,2026-09-26T22:13:17.277524+00:00,2026-09-26T22:13:29.097111+00:00,9,
rq1-exact-623-20260926-long,robot/RRtrace/order1.trace,4508d3d3bc0474c0740e,robot,repair,2050,2,a3abe8fbb73a4ecb60647b73556a968ea82771067cb68363c346c66c539cb423,OPTIMAL,,4,9,"&(&(F(x0),F(x1)),G(!(x2)))",8.47758554200118,2026-09-26T22:34:47.163665+00:00,2026-09-26T22:34:55.701331+00:00,9,
rq1-exact-623-20260926-long,robot/RRtrace/order10.trace,235e11ee7d1460264e48,robot,repair,2050,2,d3a64270a7ff1cee5aede758295552e7ce71372dfa5e44d2b2d059e5d381baef,OPTIMAL,,4,9,"&(G(!(x2)),&(F(x1),F(x0)))",29.388752455997746,2026-09-26T22:32:29.855090+00:00,2026-09-26T22:32:59.303925+00:00,9,
rq1-exact-623-20260926-long,robot/RRtrace/order4.trace,3ce0fe212a336c7da20f,robot,repair,2050,2,ecdb87e848eb2d2b28ac368ff2d59d2674f234bc6bac47938879c4083870627c,OPTIMAL,,4,9,"&(&(F(x0),F(x1)),G(!(x2)))",13.360286474000532,2026-09-26T21:31:05.768892+00:00,2026-09-26T21:31:19.192251+00:00,9,
rq1-exact-623-20260926-long,robot/RRtrace/order5.trace,86250e7045c98dd92667,robot,repair,2050,2,6910c58345fa6ec2a989eacc9a6333c5f4ec9b1198d2398d9d4550b1196f6534,OPTIMAL,,4,9,"&(&(F(x0),F(x1)),G(!(x2)))",15.982679292003013,2026-09-26T22:18:19.130846+00:00,2026-09-26T22:18:35.176280+00:00,9,
rq1-exact-623-20260926-long,robot/RRtrace/order6.trace,2c1d66d5560acdeccd5a,robot,repair,2050,2,6fa60cb707ea5016a8f17a93532f56a28194e5957c1b9ac3d6518ad16aea2bb5,OPTIMAL,,4,9,"&(G(!(x2)),&(F(x0),F(x1)))",21.110808182002074,2026-09-26T22:13:49.851268+00:00,2026-09-26T22:14:11.024443+00:00,9,
rq1-exact-623-20260926-long,robot/RRtrace/order7.trace,bc8e49b9864f5083b2f3,robot,repair,2050,2,302c3bc981a3d214adaaa21af2874eea620879b1c4318b2fd230347c8f2c02bf,OPTIMAL,,4,9,"&(&(F(x0),F(x1)),G(!(x2)))",20.444259827996575,2026-09-26T22:57:01.197290+00:00,2026-09-26T22:57:21.699240+00:00,9,
rq1-exact-623-20260926-long,robot/RRtrace/order8.trace,d0b7e260465503cb2fec,robot,repair,2050,2,f6af61f7ecc7792d6b397b019339d1e1ae21db5834d7641fbdfa69f2553aee1e,OPTIMAL,,4,9,"&(&(F(x0),F(x1)),G(!(x2)))",22.718566469000507,2026-09-26T22:41:02.576285+00:00,2026-09-26T22:41:25.356233+00:00,9,
rq1-exact-623-20260926-long,robot/RRtrace/order9.trace,cfa1bd4dac2755a3e196,robot,repair,2050,2,16897599aa8b78ff3b95727250a7e104d28173d2048cb2096a96454eb1994c31,OPTIMAL,,4,9,"&(&(F(x1),F(x0)),G(!(x2)))",26.07827466099843,2026-09-26T22:34:55.741010+00:00,2026-09-26T22:35:21.879142+00:00,9,
rq1-exact-623-20260926-long,voting_machine/voting13.trace,7014cc912d5a3039b90f,voting_machine,nnf_template,13,2,8d375b1aaaf8aad8347aa3febb6c753115efed45cd7b48c1d223ee2baf1d6e68,OPTIMAL,,0,4,"G(->(x5,x8))",2.9972760660002677,2026-09-26T20:09:28.182445+00:00,2026-09-26T20:09:31.241119+00:00,4,
rq1-exact-623-20260926-long,voting_machine/voting14.trace,865d1c03c33c6d3fcc95,voting_machine,nnf_template,13,2,e75441430d5355f3357451f1532cd997d897a3e1ca480ce1eff14da891d99d35,OPTIMAL,,0,4,"G(->(x9,x4))",1.1496786629995768,2026-09-26T20:16:53.733284+00:00,2026-09-26T20:16:54.943445+00:00,4,
rq1-exact-623-20260926-long,voting_machine/voting2.trace,6baaf710704a9700a3b2,voting_machine,nnf_template,13,2,9c56c57ce88a43702403585d2561076b6ec82d857cb441112ff537fd2a49149c,OPTIMAL,,0,4,"G(->(x9,x4))",1.4017446939997171,2026-09-26T19:52:13.329188+00:00,2026-09-26T19:52:14.794057+00:00,4,
rq1-exact-623-20260926-long,voting_machine/voting3.trace,2c7bf427b7b648c43f98,voting_machine,nnf_template,13,2,f2fc24d8ecd656cd2276a9409f2feb061f97049411552f1e9f4e73e455ef246b,OPTIMAL,,0,4,"G(->(x5,x8))",1.7651822819998415,2026-09-26T19:05:10.144417+00:00,2026-09-26T19:05:11.971088+00:00,4,
rq1-exact-623-20260926-long,voting_machine/voting4.trace,b22831e331f533294ef3,voting_machine,nnf_template,13,2,556d787d7e05cb7675b4926bc6b9b5f6a3ac18cc80154776e3a9763a0044ab1b,OPTIMAL,,0,4,"G(->(x5,x8))",2.058328295001047,2026-09-26T20:09:17.798534+00:00,2026-09-26T20:09:19.919040+00:00,4,
rq1-exact-623-20260926-long,voting_machine/voting5.trace,1402d79f5ef590ae98c5,voting_machine,nnf_template,13,2,aaa7c5f9eb05af40920404aac394187c62a6c0f9a833f1d632b7161d62146a5a,OPTIMAL,,0,4,"G(->(x5,x8))",1.9573578630006523,2026-09-26T20:05:28.053181+00:00,2026-09-26T20:05:30.072840+00:00,4,
rq1-exact-623-20260926-long,voting_machine/voting7.trace,f69191aac2a47484fa19,voting_machine,nnf_template,13,2,7888b9164013ee9e3bda61ed3f68d1215476addfb60c72275f26f45b5a9fd9de,OPTIMAL,,0,4,"G(->(x5,x8))",2.249936322001304,2026-09-26T20:16:23.158521+00:00,2026-09-26T20:16:25.472021+00:00,4,
rq1-exact-623-20260926-long,voting_machine/voting8.trace,7f0928c51bbbfe8c9076,voting_machine,nnf_template,13,2,0f40eb0be74a98d28e428327dd6a20b96b94e0173b39f5bd4707dcc871294515,OPTIMAL,,0,4,"G(->(x5,x8))",2.633408031999352,2026-09-26T20:09:31.302627+00:00,2026-09-26T20:09:33.996638+00:00,4,
rq1-exact-623-20260926-long,voting_machine/voting9.trace,4a9a09db14154c7f683d,voting_machine,nnf_template,13,2,761eea46d30389b096d8a253e3b8e75dc91b12368c64d27bf30bcba8785f4f11,OPTIMAL,,0,4,"G(->(x5,x8))",2.323803171999316,2026-09-26T20:16:55.000223+00:00,2026-09-26T20:16:57.386195+00:00,4,
rq1-exact-623-20260926-long,weakening/weaken_antecedent/weaken_antecedent_100_10_10.trace,f5454ea1bf73726a15f4,weakening,weakening_b2,10,2,1f56e77af956ff172ba6e53ae010447277162d55ae172957c38fbe0cd21b921e,OPTIMAL,,0,6,"G(->(&(x0,x2),x1))",56.67437970500032,2026-09-26T19:58:07.792962+00:00,2026-09-26T19:59:04.531271+00:00,6,
rq1-exact-623-20260926-long,weakening/weaken_antecedent/weaken_antecedent_10_100_100.trace,fd8aa4ce9838b08220c7,weakening,weakening_b2,10,2,47f99673f32c3451ee99bf19eff34e1a11996ede4e1a21dcae7155dbfd322499,OPTIMAL,,0,6,"G(->(&(x0,x2),x1))",55.49044365200098,2026-09-26T20:09:05.027063+00:00,2026-09-26T20:10:00.586308+00:00,6,
rq1-exact-623-20260926-long,weakening/weaken_antecedent/weaken_antecedent_10_15_15.trace,451412990dd1f0e22fa7,weakening,weakening_b2,10,2,ee3baf4b8a51686c03e077f3ab3e7a26cef02c3661579201bb0f6e1ba615e40d,OPTIMAL,,0,6,"G(->(&(x0,x2),x1))",7.989456920000521,2026-09-26T20:05:08.511487+00:00,2026-09-26T20:05:16.563438+00:00,6,
rq1-exact-623-20260926-long,weakening/weaken_antecedent/weaken_antecedent_10_20_20.trace,fecfc3a8b55bf72b01ba,weakening,weakening_b2,10,2,c0c3779981abb70483cb3427fd703a2fdabd36ef9955a8fc1bc68dcfbf6d71b7,OPTIMAL,,0,6,"G(->(&(x0,x2),x1))",10.867868306000673,2026-09-26T20:12:49.989346+00:00,2026-09-26T20:13:00.919851+00:00,6,
rq1-exact-623-20260926-long,weakening/weaken_antecedent/weaken_antecedent_10_25_25.trace,e77c3193677b9a99e55e,weakening,weakening_b2,10,2,ee34379ba72ceb1e1371b30d42f4abfc6d8ad7d350bdba4591240b363a3c9e41,OPTIMAL,,0,6,"G(->(&(x0,x2),x1))",13.420894568000222,2026-09-26T19:47:47.409793+00:00,2026-09-26T19:48:00.890756+00:00,6,
rq1-exact-623-20260926-long,weakening/weaken_antecedent/weaken_antecedent_10_30_30.trace,e34dfadd98fff0afca4f,weakening,weakening_b2,10,2,3c8e932449f3e88f2a128f240b31e04b69aeea0335eb4da21b18fd713280a1eb,OPTIMAL,,0,6,"G(->(&(x0,x2),x1))",16.00551322299998,2026-09-26T19:00:09.520788+00:00,2026-09-26T19:00:25.588360+00:00,6,
rq1-exact-623-20260926-long,weakening/weaken_antecedent/weaken_antecedent_10_35_35.trace,9e026bb3cd6c0def732b,weakening,weakening_b2,10,2,2fbb8c1ea23703d603ed84d6596880d307bc51683c556fd3a8ba35699dddeb63,OPTIMAL,,0,6,"G(->(&(x0,x2),x1))",18.923245359999783,2026-09-26T20:03:49.234018+00:00,2026-09-26T20:04:08.219822+00:00,6,
rq1-exact-623-20260926-long,weakening/weaken_antecedent/weaken_antecedent_10_40_40.trace,79534239429b93cc2f46,weakening,weakening_b2,10,2,da7403f27aa1f158185699577aa2ae3c4d8afc04a47d8b75c6cb34f76848b83a,OPTIMAL,,0,6,"G(->(&(x0,x2),x1))",21.923222106999674,2026-09-26T19:59:04.578351+00:00,2026-09-26T19:59:26.565882+00:00,6,
rq1-exact-623-20260926-long,weakening/weaken_antecedent/weaken_antecedent_10_45_45.trace,78aaca1d0dbddbe016a6,weakening,weakening_b2,10,2,c17f263404864717851c58796941e27a9ef40f021b727a7d93ff3dcff8e90773,OPTIMAL,,0,6,"G(->(&(x0,x2),x1))",25.103055072000643,2026-09-26T20:10:00.648531+00:00,2026-09-26T20:10:25.816662+00:00,6,
rq1-exact-623-20260926-long,weakening/weaken_antecedent/weaken_antecedent_10_50_50.trace,6647e3534ca7a3803f98,weakening,weakening_b2,10,2,c432653b44c0a92c7d83fab8c1cbd28b66f0755a7e0883a7572a2a88fed5b337,OPTIMAL,,0,6,"G(->(&(x0,x2),x1))",27.77402713599986,2026-09-26T20:05:16.593932+00:00,2026-09-26T20:05:44.431685+00:00,6,
rq1-exact-623-20260926-long,weakening/weaken_antecedent/weaken_antecedent_10_55_55.trace,bb10f2465cd5320093b6,weakening,weakening_b2,10,2,a2e61bb3c3c23c964aa5ad90640457a10f48e02bba0d14da706c9be6d3055589,OPTIMAL,,0,6,"G(->(&(x0,x2),x1))",30.039807258999645,2026-09-26T20:13:00.970216+00:00,2026-09-26T20:13:31.072839+00:00,6,
rq1-exact-623-20260926-long,weakening/weaken_antecedent/weaken_antecedent_10_5_5.trace,57cfdb895280cec1f973,weakening,weakening_b2,10,2,ab9aab936ac54d3de4d2d844ae6e20105dfae44bc22f740105077681303e11a0,OPTIMAL,,0,6,"G(->(&(x0,x2),x1))",2.65295933500056,2026-09-26T19:48:00.944306+00:00,2026-09-26T19:48:03.656262+00:00,6,
rq1-exact-623-20260926-long,weakening/weaken_antecedent/weaken_antecedent_10_60_60.trace,50947d4aeb6a0af208a7,weakening,weakening_b2,10,2,d5a68f897fbabe48af83bd0d5d9238e3b40984e471b5de303dac8061f0ffca2b,OPTIMAL,,0,6,"G(->(&(x0,x2),x1))",33.55642209100006,2026-09-26T19:00:25.619926+00:00,2026-09-26T19:00:59.238989+00:00,6,
rq1-exact-623-20260926-long,weakening/weaken_antecedent/weaken_antecedent_10_65_65.trace,61612fb7e2ae4d2b81d5,weakening,weakening_b2,10,2,57e83124523f8160a59ba2b9ca02c40028dad10d6d99663276024ca58d4ef99b,OPTIMAL,,0,6,"G(->(&(x0,x2),x1))",35.55197256300016,2026-09-26T20:04:08.283660+00:00,2026-09-26T20:04:43.900081+00:00,6,
rq1-exact-623-20260926-long,weakening/weaken_antecedent/weaken_antecedent_10_70_70.trace,e63a70abe0f251729484,weakening,weakening_b2,10,2,1cb611222a93edfea7ba8779c12bc0944cf9f903952ddcce5c8337a029260877,OPTIMAL,,0,6,"G(->(&(x0,x2),x1))",38.129739457999676,2026-09-26T19:59:26.631202+00:00,2026-09-26T20:00:04.825782+00:00,6,
rq1-exact-623-20260926-long,weakening/weaken_antecedent/weaken_antecedent_10_75_75.trace,2718f54d9882d74790c7,weakening,weakening_b2,10,2,9c86899e809b70b786263b9d3b13475131052f5b1b03d28a1183d7ab10a8996a,OPTIMAL,,0,6,"G(->(&(x0,x2),x1))",40.72948788999929,2026-09-26T20:10:25.865728+00:00,2026-09-26T20:11:06.658114+00:00,6,
rq1-exact-623-20260926-long,weakening/weaken_antecedent/weaken_antecedent_10_80_80.trace,ad6f0e498f917f8cdc0a,weakening,weakening_b2,10,2,d56277d5d9f58443700f575e34a405a2d742f8795534a5f02eca45b37e187ea5,OPTIMAL,,0,6,"G(->(&(x0,x2),x1))",44.35179479699946,2026-09-26T20:05:44.462764+00:00,2026-09-26T20:06:28.879202+00:00,6,
rq1-exact-623-20260926-long,weakening/weaken_antecedent/weaken_antecedent_10_85_85.trace,bfc76f8bc09c5a408da0,weakening,weakening_b2,10,2,785299481b8d629428e191daddf5b4a8d0ceb09d65f0fabcecf4d8d8a833d44f,OPTIMAL,,0,6,"G(->(&(x0,x2),x1))",47.35520002300109,2026-09-26T20:13:31.130104+00:00,2026-09-26T20:14:18.549887+00:00,6,
rq1-exact-623-20260926-long,weakening/weaken_antecedent/weaken_antecedent_10_90_90.trace,30a46ff0334b550bbaf8,weakening,weakening_b2,10,2,86a2b8a6d338775562ea51da4530d7d0b0b3c3758cc76176b626b30c568c33ba,OPTIMAL,,0,6,"G(->(&(x0,x2),x1))",49.29836691499986,2026-09-26T19:48:03.712638+00:00,2026-09-26T19:48:53.072082+00:00,6,
rq1-exact-623-20260926-long,weakening/weaken_antecedent/weaken_antecedent_10_95_95.trace,cc25f10c49139840dbf9,weakening,weakening_b2,10,2,59b952a79b8654e67cca91f7d517d1a44d5b1865ae3f918a1d8c1d7b84b5d6cd,OPTIMAL,,0,6,"G(->(&(x0,x2),x1))",52.00262614500025,2026-09-26T19:00:59.303550+00:00,2026-09-26T19:01:51.369175+00:00,6,
rq1-exact-623-20260926-long,weakening/weaken_antecedent/weaken_antecedent_15_10_10.trace,90e98865fc7fc1ebc9ac,weakening,weakening_b2,10,2,b1e9611061952a32382f227b3c69ff666095bf79b19f7f14fa21c07adfa64fab,OPTIMAL,,0,6,"G(->(&(x0,x2),x1))",8.420897346999482,2026-09-26T20:04:43.966868+00:00,2026-09-26T20:04:52.451976+00:00,6,
rq1-exact-623-20260926-long,weakening/weaken_antecedent/weaken_antecedent_20_10_10.trace,526fdbc4663984158625,weakening,weakening_b2,10,2,8580a32f9224ec43808eaaefa9c05153e70adb7bed141bc7092a7e186f5f989c,OPTIMAL,,0,6,"G(->(&(x0,x2),x1))",10.649583148999227,2026-09-26T20:00:04.872021+00:00,2026-09-26T20:00:15.584920+00:00,6,
rq1-exact-623-20260926-long,weakening/weaken_antecedent/weaken_antecedent_25_10_10.trace,6fc698254d3ae6b826b0,weakening,weakening_b2,10,2,dea8c60fd8d77602478a81c28f2bbc92c5c8ffade2e71b15fbf77c4a420dc29e,OPTIMAL,,0,6,"G(->(&(x0,x2),x1))",13.75173851800173,2026-09-26T20:11:06.704056+00:00,2026-09-26T20:11:20.517294+00:00,6,
rq1-exact-623-20260926-long,weakening/weaken_antecedent/weaken_antecedent_30_10_10.trace,58cb4485935e36ebb776,weakening,weakening_b2,10,2,ad27f162bc6732725ddbc3ae2b54815743d00de636ebb6f139b30b2130007a9b,OPTIMAL,,0,6,"G(->(&(x0,x2),x1))",16.24451129800036,2026-09-26T20:06:28.964071+00:00,2026-09-26T20:06:45.271836+00:00,6,
rq1-exact-623-20260926-long,weakening/weaken_antecedent/weaken_antecedent_35_10_10.trace,87f751a13660ef227768,weakening,weakening_b2,10,2,a8a622304401fb505c5a4a63b350a2aa6b25b9a511831aa4e6fc2c8da34e4ccd,OPTIMAL,,0,6,"G(->(&(x0,x2),x1))",19.51153185899966,2026-09-26T20:14:18.590074+00:00,2026-09-26T20:14:38.169429+00:00,6,
rq1-exact-623-20260926-long,weakening/weaken_antecedent/weaken_antecedent_40_10_10.trace,e28a9510bbd4bbdff60c,weakening,weakening_b2,10,2,9e727caad453c3a3439cddc50261a08a0d061c3a9fb076f5fd855be6f030ff63,OPTIMAL,,0,6,"G(->(&(x0,x2),x1))",21.85121951399924,2026-09-26T19:48:53.157968+00:00,2026-09-26T19:49:15.073156+00:00,6,
rq1-exact-623-20260926-long,weakening/weaken_antecedent/weaken_antecedent_45_10_10.trace,2dc4662797c90160d2fa,weakening,weakening_b2,10,2,21c2c4be284b6b6c1ed2cebfa96c725e462d4f0d48c166b86061bc522c2a7051,OPTIMAL,,0,6,"G(->(&(x0,x2),x1))",24.819303324999964,2026-09-26T19:01:51.427746+00:00,2026-09-26T19:02:16.310742+00:00,6,
rq1-exact-623-20260926-long,weakening/weaken_antecedent/weaken_antecedent_50_10_10.trace,7c81d26efd471539bded,weakening,weakening_b2,10,2,bdaad8f3733fc4b86751a8e7088e2cc93759052530ea4c33c1600a38a8ea8926,OPTIMAL,,0,6,"G(->(&(x0,x2),x1))",27.389251796999815,2026-09-26T20:04:52.498749+00:00,2026-09-26T20:05:19.951831+00:00,6,
rq1-exact-623-20260926-long,weakening/weaken_antecedent/weaken_antecedent_55_10_10.trace,8386211f1cab26a291a6,weakening,weakening_b2,10,2,698cb69169559bb00acd7151f73e2cf5e9889d328389deb34a8f0d3b114dcb4f,OPTIMAL,,0,6,"G(->(&(x0,x2),x1))",30.261541969000973,2026-09-26T20:00:15.609003+00:00,2026-09-26T20:00:45.933321+00:00,6,
rq1-exact-623-20260926-long,weakening/weaken_antecedent/weaken_antecedent_5_10_10.trace,13b14a3461d6ce770109,weakening,weakening_b2,10,2,81780aaba142b8d2ed797230affe87977dde7c5d37b44116e728a9a65c58055b,OPTIMAL,,0,6,"G(->(&(x0,x2),x1))",2.6982108570009586,2026-09-26T20:11:20.589190+00:00,2026-09-26T20:11:23.349651+00:00,6,
rq1-exact-623-20260926-long,weakening/weaken_antecedent/weaken_antecedent_60_10_10.trace,33a9059cfafdc618f0ea,weakening,weakening_b2,10,2,0053a915e901a06d6204b62b0a344d0f088c52e57a283f87963d02afa63b3416,OPTIMAL,,0,6,"G(->(&(x0,x2),x1))",33.23356300299929,2026-09-26T20:06:45.310514+00:00,2026-09-26T20:07:18.607949+00:00,6,
rq1-exact-623-20260926-long,weakening/weaken_antecedent/weaken_antecedent_65_10_10.trace,7445a7c7ae1b3a417fff,weakening,weakening_b2,10,2,7486a64d3ca392c9fd953d4b3451811da34ee411cf528f8e4fe2f9e685977352,OPTIMAL,,0,6,"G(->(&(x0,x2),x1))",35.3039854790004,2026-09-26T20:14:38.247465+00:00,2026-09-26T20:15:13.620368+00:00,6,
rq1-exact-623-20260926-long,weakening/weaken_antecedent/weaken_antecedent_70_10_10.trace,eba9b3aa816199a8d9df,weakening,weakening_b2,10,2,2ea2fc28033837d3537254dbec71c8357b18e14c5422673dede949b0b419f427,OPTIMAL,,0,6,"G(->(&(x0,x2),x1))",38.55517737000082,2026-09-26T19:49:15.118777+00:00,2026-09-26T19:49:53.738083+00:00,6,
rq1-exact-623-20260926-long,weakening/weaken_antecedent/weaken_antecedent_75_10_10.trace,61ebee9fc33b10dba7b9,weakening,weakening_b2,10,2,b06dd39bf194c16c54163d3f69bc559bc8a5f357c1cdd5a09b68198359807848,OPTIMAL,,0,6,"G(->(&(x0,x2),x1))",40.616832987000635,2026-09-26T19:02:16.347620+00:00,2026-09-26T19:02:57.029312+00:00,6,
rq1-exact-623-20260926-long,weakening/weaken_antecedent/weaken_antecedent_80_10_10.trace,36b6e6b35275776982c2,weakening,weakening_b2,10,2,2f04621e218c3ffaba3f032de908f41755c3333f4efe61ce94c95a8591922fdf,OPTIMAL,,0,6,"G(->(&(x0,x2),x1))",44.61956579800062,2026-09-26T20:05:20.015599+00:00,2026-09-26T20:06:04.698210+00:00,6,
rq1-exact-623-20260926-long,weakening/weaken_antecedent/weaken_antecedent_85_10_10.trace,8339e8a77c71d6020391,weakening,weakening_b2,10,2,36dcd944113412c8b40b0394575b117523e15fefa84a5b3b13ef98d273995fdd,OPTIMAL,,0,6,"G(->(&(x0,x2),x1))",46.07292715899894,2026-09-26T20:00:45.974695+00:00,2026-09-26T20:01:32.111251+00:00,6,
rq1-exact-623-20260926-long,weakening/weaken_antecedent/weaken_antecedent_90_10_10.trace,5a5b46a8543856de8a27,weakening,weakening_b2,10,2,40fcfa5e7ff9b5b83efe744c483ebad50c3395f5c39c10c5b3eb9d016a9b9a04,OPTIMAL,,0,6,"G(->(&(x0,x2),x1))",49.123247870998966,2026-09-26T20:11:23.407912+00:00,2026-09-26T20:12:12.594484+00:00,6,
rq1-exact-623-20260926-long,weakening/weaken_antecedent/weaken_antecedent_95_10_10.trace,7ada8647c2fabdb500b3,weakening,weakening_b2,10,2,f69a804f67257ab9f6de373cf77f923202aa836f8bc219703211a8ef7567682d,OPTIMAL,,0,6,"G(->(&(x0,x2),x1))",53.143866868998884,2026-09-26T20:07:18.679746+00:00,2026-09-26T20:08:11.886937+00:00,6,
rq1-exact-623-20260926-long,weakening/weaken_consequent/weaken_consequent_100_10_10.trace,c65ff10cc78114950a3b,weakening,weakening_b3,18,3,a9161f65fc07d3f0e546a24f44292bdd7c943b3bd19fdd3621de69aa37541611,OPTIMAL,,0,7,"G(->(&(x0,x2),&(x1,x2)))",82.85223468100048,2026-09-26T20:40:53.114551+00:00,2026-09-26T20:42:16.031314+00:00,7,
rq1-exact-623-20260926-long,weakening/weaken_consequent/weaken_consequent_10_100_100.trace,43c637fbc350d2bb8b92,weakening,weakening_b3,18,3,d276a89c6608dbd30e6fb5b241728d1a2e23b71121d4ad65746269627435b746,OPTIMAL,,0,7,"G(->(x0,|(&(x1,x2),x1)))",82.9913680009995,2026-09-26T21:03:18.352682+00:00,2026-09-26T21:04:41.410229+00:00,7,
rq1-exact-623-20260926-long,weakening/weaken_consequent/weaken_consequent_10_15_15.trace,5766f526a30f17ff70f4,weakening,weakening_b3,18,3,1e4062af74a13ec6fddd4cd9c1263fbc3ca115bd568beb465aa4e1685ccd0278,OPTIMAL,,0,7,"G(->(x0,|(&(x2,x1),x1)))",12.145459974000914,2026-09-26T21:16:40.085360+00:00,2026-09-26T21:16:52.295527+00:00,7,
rq1-exact-623-20260926-long,weakening/weaken_consequent/weaken_consequent_10_20_20.trace,2856116df8f035204a75,weakening,weakening_b3,18,3,05c37633a408b0a663047c20cb7d7b4c4bc7cf60fe7f58db41a18794a69c978b,OPTIMAL,,0,7,"G(->(x0,|(&(x1,x2),x1)))",16.228037835999203,2026-09-26T20:59:02.185420+00:00,2026-09-26T20:59:18.477670+00:00,7,
rq1-exact-623-20260926-long,weakening/weaken_consequent/weaken_consequent_10_25_25.trace,1026f7672af1b63c292c,weakening,weakening_b3,18,3,cae4b190edc26e2bad260aedcad905f2010a597930f11ca875051ddf727937bf,OPTIMAL,,0,7,"G(->(x0,|(&(x1,x2),x1)))",20.408767668999644,2026-09-26T21:01:21.801063+00:00,2026-09-26T21:01:42.273167+00:00,7,
rq1-exact-623-20260926-long,weakening/weaken_consequent/weaken_consequent_10_30_30.trace,1c05638b707195e863fb,weakening,weakening_b3,18,3,4808b046eeb02bb1b7fd9be54e86b347206e24bf97e54133397b7226629fce6f,OPTIMAL,,0,7,"G(->(x0,|(&(x2,x1),x1)))",24.648821590000807,2026-09-26T20:29:01.038114+00:00,2026-09-26T20:29:25.749513+00:00,7,
rq1-exact-623-20260926-long,weakening/weaken_consequent/weaken_consequent_10_35_35.trace,cb42365e4721e700b982,weakening,weakening_b3,18,3,52d26e1412eba83ddfdf227ad67da73e01d9d18d82b70dbbdc36e2f384ff384e,OPTIMAL,,0,7,"G(->(x0,|(&(x1,x2),x1)))",28.690272551999442,2026-09-26T19:54:14.398767+00:00,2026-09-26T19:54:43.152532+00:00,7,
rq1-exact-623-20260926-long,weakening/weaken_consequent/weaken_consequent_10_40_40.trace,d028c7e9d9a93f6df2c8,weakening,weakening_b3,18,3,6a07d631793c4224cc96e090f2769ad87740f424509ca192252e8910835f199d,OPTIMAL,,0,7,"G(->(x0,|(&(x1,x2),x1)))",34.19681885600039,2026-09-26T20:42:16.103466+00:00,2026-09-26T20:42:50.364588+00:00,7,
rq1-exact-623-20260926-long,weakening/weaken_consequent/weaken_consequent_10_45_45.trace,a10c1c6944dfa7462fb4,weakening,weakening_b3,18,3,3a7d0c05499cd67a8edc145a6d66d33cc7194a5b0170cc7d373b25fa0b593763,OPTIMAL,,0,7,"G(->(x0,|(&(x1,x2),x1)))",37.258748992999244,2026-09-26T21:04:41.474680+00:00,2026-09-26T21:05:18.797504+00:00,7,
rq1-exact-623-20260926-long,weakening/weaken_consequent/weaken_consequent_10_50_50.trace,cd60845c3169c4d329d8,weakening,weakening_b3,18,3,afbf8784ce29f36c4e7dae808b5867c11864c6c4a051f10024413f436d244db0,OPTIMAL,,0,7,"G(->(x0,|(&(x1,x2),x1)))",40.74297236200073,2026-09-26T21:16:52.326232+00:00,2026-09-26T21:17:33.132101+00:00,7,
rq1-exact-623-20260926-long,weakening/weaken_consequent/weaken_consequent_10_55_55.trace,a10f3949abe87114ffc1,weakening,weakening_b3,18,3,d88fd4b5ed2d82aaf60b31716077c1d0e271472606f1f6bcfb105b018d85f1b8,OPTIMAL,,0,7,"G(->(x0,|(&(x1,x2),x1)))",44.74424520699904,2026-09-26T20:59:18.526065+00:00,2026-09-26T21:00:03.334366+00:00,7,
rq1-exact-623-20260926-long,weakening/weaken_consequent/weaken_consequent_10_5_5.trace,08848ba23570916e193a,weakening,weakening_b3,18,3,648a67066d404d92c9eb11b63d458b078bfe009a0723e396377e306912622544,OPTIMAL,,0,7,"G(->(&(x0,x2),&(x1,x2)))",4.251224013998581,2026-09-26T21:01:42.301181+00:00,2026-09-26T21:01:46.616135+00:00,7,
rq1-exact-623-20260926-long,weakening/weaken_consequent/weaken_consequent_10_60_60.trace,b1a17eb4c883bc098d19,weakening,weakening_b3,18,3,f2cbe5aaae743b9dc6063338f8505b6545de5c0000d10ebabd273d843d973980,OPTIMAL,,0,7,"G(->(x0,|(&(x2,x1),x1)))",49.714881530999264,2026-09-26T20:29:25.800296+00:00,2026-09-26T20:30:15.579156+00:00,7,
rq1-exact-623-20260926-long,weakening/weaken_consequent/weaken_consequent_10_65_65.trace,498c5398ec0ad3966cdc,weakening,weakening_b3,18,3,4d96ec9dc3acce7d8f85ca0c3686ed222e2362b73020e3e8a8752aab50ba1772,OPTIMAL,,0,7,"G(->(x0,|(&(x2,x1),x1)))",53.921780034999756,2026-09-26T19:54:43.218992+00:00,2026-09-26T19:55:37.205254+00:00,7,
rq1-exact-623-20260926-long,weakening/weaken_consequent/weaken_consequent_10_70_70.trace,4f16f3afa5edeeea7b20,weakening,weakening_b3,18,3,dd6e63ef5679bfd0de937eff3cb920c4fac41509f0693889f0eff39fe2b358ba,OPTIMAL,,0,7,"G(->(x0,|(&(x1,x2),x1)))",58.93316539400075,2026-09-26T20:42:50.436216+00:00,2026-09-26T20:43:49.433738+00:00,7,
rq1-exact-623-20260926-long,weakening/weaken_consequent/weaken_consequent_10_75_75.trace,dc075dd3eac981e15980,weakening,weakening_b3,18,3,a9264ba7a63670b26389af1d2d5346b75f955126e0f2a05351f4e6f17d6dd630,OPTIMAL,,0,7,"G(->(x0,|(&(x2,x1),x1)))",61.93282504799936,2026-09-26T21:05:18.859302+00:00,2026-09-26T21:06:20.856705+00:00,7,
rq1-exact-623-20260926-long,weakening/weaken_consequent/weaken_consequent_10_80_80.trace,235a6e2b977868d48da2,weakening,weakening_b3,18,3,c4b165b1a621a8218ee3e297acebadafb3d4459ecf2e5640ae7664f32ded2a06,OPTIMAL,,0,7,"G(->(x0,|(&(x2,x1),x1)))",64.4695735410005,2026-09-26T21:17:33.175092+00:00,2026-09-26T21:18:37.708894+00:00,7,
rq1-exact-623-20260926-long,weakening/weaken_consequent/weaken_consequent_10_85_85.trace,eb75ee9db7d287368115,weakening,weakening_b3,18,3,7aa55051300d2220c06e0b5b806ca04beff81417c670fa2ad42df15843f0bdc1,OPTIMAL,,0,7,"G(->(x0,|(&(x2,x1),x1)))",70.03656303499884,2026-09-26T21:00:03.420392+00:00,2026-09-26T21:01:13.522050+00:00,7,
rq1-exact-623-20260926-long,weakening/weaken_consequent/weaken_consequent_10_90_90.trace,20c194c77791e38503e9,weakening,weakening_b3,18,3,b54e8d4aceb6c9279c42c8d005db04296075ab90203596024b08cb32fc2724ee,OPTIMAL,,0,7,"G(->(x0,|(&(x2,x1),x1)))",74.56192976300008,2026-09-26T21:01:46.671976+00:00,2026-09-26T21:03:01.297808+00:00,7,
rq1-exact-623-20260926-long,weakening/weaken_consequent/weaken_consequent_10_95_95.trace,31605c67b8b773bdee9c,weakening,weakening_b3,18,3,cacc2bd3797939ea41759b9e20f7e0d8af2da0e2537c8f1b39e7f86a3b79f661,OPTIMAL,,0,7,"G(->(x0,|(&(x1,x2),x1)))",79.00272426099946,2026-09-26T20:30:15.652761+00:00,2026-09-26T20:31:34.719769+00:00,7,
rq1-exact-623-20260926-long,weakening/weaken_consequent/weaken_consequent_15_10_10.trace,17d1c0adb5f7045c9c1d,weakening,weakening_b3,18,3,527d1c79dca0a4dfc73bccd7b8a09eb27181ee9733827cfded8b0331bb0c5b73,OPTIMAL,,0,7,"G(->(&(x0,x2),&(x2,x1)))",11.932679972000187,2026-09-26T19:55:37.245834+00:00,2026-09-26T19:55:49.240599+00:00,7,
rq1-exact-623-20260926-long,weakening/weaken_consequent/weaken_consequent_20_10_10.trace,ca81946c43ffa15817b4,weakening,weakening_b3,18,3,a6828e17467ccfba3c4892b13af14eae77c56764981c5c6fedae665fc99b4eb0,OPTIMAL,,0,7,"G(->(x0,|(&(x1,x2),x1)))",16.303846188000534,2026-09-26T20:43:49.476274+00:00,2026-09-26T20:44:05.843496+00:00,7,
rq1-exact-623-20260926-long,weakening/weaken_consequent/weaken_consequent_25_10_10.trace,73c9d4d45278fd4857f3,weakening,weakening_b3,18,3,86f99f65fdbbca16ebbbae53d1d26468647cf5f845acb40fc6064f556896194e,OPTIMAL,,0,7,"G(->(x0,|(&(x2,x1),x1)))",20.164590885999132,2026-09-26T21:06:20.917110+00:00,2026-09-26T21:06:41.144944+00:00,7,
rq1-exact-623-20260926-long,weakening/weaken_consequent/weaken_consequent_30_10_10.trace,d3bc10f770ca4db366af,weakening,weakening_b3,18,3,3d42d88c0941627c380e2af47f0038693423aaab6c4080fef168dee15df86405,OPTIMAL,,0,7,"G(->(x0,|(&(x1,x2),x1)))",24.319715951000035,2026-09-26T21:18:37.763770+00:00,2026-09-26T21:19:02.148031+00:00,7,
rq1-exact-623-20260926-long,weakening/weaken_consequent/weaken_consequent_35_10_10.trace,30fe5093e6fe9ff1d2fe,weakening,weakening_b3,18,3,c4c5301393e2f6cdc29a26b4b0d4191eda1928bc582fbecce0e36d5b5c5f8e97,OPTIMAL,,0,7,"G(->(x0,|(&(x1,x2),x1)))",29.153694619999442,2026-09-26T21:01:13.571387+00:00,2026-09-26T21:01:42.792921+00:00,7,
rq1-exact-623-20260926-long,weakening/weaken_consequent/weaken_consequent_40_10_10.trace,c81099111a2c614af03b,weakening,weakening_b3,18,3,44afafa1a03d980f2c15c8d4c93f7621bf95406f52a9042ca772c34765f942c6,OPTIMAL,,0,7,"G(->(x0,|(&(x1,x2),x1)))",32.09520445099952,2026-09-26T21:03:01.376864+00:00,2026-09-26T21:03:33.536433+00:00,7,
rq1-exact-623-20260926-long,weakening/weaken_consequent/weaken_consequent_45_10_10.trace,7d10755d217afdb66feb,weakening,weakening_b3,18,3,d737901d8f018a1c08e002e91886ae5698fca92b4b6bf0f269cdd7802de407da,OPTIMAL,,0,7,"G(->(x0,|(&(x2,x1),x1)))",36.48022799899991,2026-09-26T20:31:34.804295+00:00,2026-09-26T20:32:11.349544+00:00,7,
rq1-exact-623-20260926-long,weakening/weaken_consequent/weaken_consequent_50_10_10.trace,047fb6e917b544904ae0,weakening,weakening_b3,18,3,2e2c6fc839f779bbb264f7bada7c1af649e566c9ddbd4489e955b4bd8e844bc1,OPTIMAL,,0,7,"G(->(&(x0,x2),&(x2,x1)))",39.504269367000234,2026-09-26T19:55:49.282965+00:00,2026-09-26T19:56:28.848282+00:00,7,
rq1-exact-623-20260926-long,weakening/weaken_consequent/weaken_consequent_55_10_10.trace,77b4dec37f96314ff448,weakening,weakening_b3,18,3,ba34617e41e5dbf54dc15ae33f459d5f700fd252488ef59b16ec6f0bd85702b2,OPTIMAL,,0,7,"G(->(x0,|(&(x1,x2),x1)))",44.93339999700038,2026-09-26T20:44:05.875215+00:00,2026-09-26T20:44:50.875845+00:00,7,
rq1-exact-623-20260926-long,weakening/weaken_consequent/weaken_consequent_5_10_10.trace,ad14754b4eec23e233c0,weakening,weakening_b3,18,3,1c2fdebb5c282beeda362b1dd2f771fcbade6cef47e011bc64f3934df3065609,OPTIMAL,,0,7,"G(->(x0,|(&(x2,x1),x1)))",4.072403606998705,2026-09-26T21:06:41.212864+00:00,2026-09-26T21:06:45.348152+00:00,7,
rq1-exact-623-20260926-long,weakening/weaken_consequent/weaken_consequent_60_10_10.trace,ec862a306449e47c8783,weakening,weakening_b3,18,3,d6fabd3c8467e4a7e0e8ab65f1917f172c44f6874abdc1425a5eaca124d2fada,OPTIMAL,,0,7,"G(->(&(x0,x2),&(x1,x2)))",49.2941206029991,2026-09-26T21:19:02.179943+00:00,2026-09-26T21:19:51.537710+00:00,7,
rq1-exact-623-20260926-long,weakening/weaken_consequent/weaken_consequent_65_10_10.trace,636e9443b846f9fff265,weakening,weakening_b3,18,3,8682219a1e88107e3a694a1aef6111f979939a7ffd7c513d7d6b151d0c746d23,OPTIMAL,,0,7,"G(->(x0,|(&(x1,x2),x1)))",55.647690387000694,2026-09-26T21:01:42.844612+00:00,2026-09-26T21:02:38.556916+00:00,7,
rq1-exact-623-20260926-long,weakening/weaken_consequent/weaken_consequent_70_10_10.trace,d7ed52aa45e7937eca81,weakening,weakening_b3,18,3,536daeb88c0f01df49ee57825ce8c3b7f7ece712e80bb47e2afb76944bee6e2a,OPTIMAL,,0,7,"G(->(&(x0,x2),&(x2,x1)))",57.50531446500099,2026-09-26T21:03:33.599333+00:00,2026-09-26T21:04:31.166299+00:00,7,
rq1-exact-623-20260926-long,weakening/weaken_consequent/weaken_consequent_75_10_10.trace,eb1fcfbfefa398e68e73,weakening,weakening_b3,18,3,b23d468c7148ff8f9bf206a19980408f5ee2e7afb5fd4f3aa68f01919400cd1e,OPTIMAL,,0,7,"G(->(x0,|(&(x2,x1),x1)))",61.31373452600019,2026-09-26T20:32:11.383501+00:00,2026-09-26T20:33:12.762253+00:00,7,
rq1-exact-623-20260926-long,weakening/weaken_consequent/weaken_consequent_80_10_10.trace,e0b31320f5f545121cfd,weakening,weakening_b3,18,3,4e6d871d660393a5167cb3095b33b23d36e45370bbad1a6c79c058438aa312e5,OPTIMAL,,0,7,"G(->(x0,|(&(x2,x1),x1)))",66.1855378119999,2026-09-26T19:56:28.920270+00:00,2026-09-26T19:57:35.168477+00:00,7,
rq1-exact-623-20260926-long,weakening/weaken_consequent/weaken_consequent_85_10_10.trace,8c6c7e14cab153c30425,weakening,weakening_b3,18,3,33aead5ade5e6fd9fb39f43dfedbce107e7ffbbac3937df21110b74ca96ff57a,OPTIMAL,,0,7,"G(->(x0,|(&(x1,x2),x1)))",70.32425997000064,2026-09-26T20:44:50.934596+00:00,2026-09-26T20:46:01.321893+00:00,7,
rq1-exact-623-20260926-long,weakening/weaken_consequent/weaken_consequent_90_10_10.trace,0d995223325c7bac77c9,weakening,weakening_b3,18,3,65b09948e3207b84c13eb53712052464e9bf28e5593098ccbeb8c87af0b12ea2,OPTIMAL,,0,7,"G(->(x0,|(&(x1,x2),x1)))",75.1913477449998,2026-09-26T21:06:45.383351+00:00,2026-09-26T21:08:00.638956+00:00,7,
rq1-exact-623-20260926-long,weakening/weaken_consequent/weaken_consequent_95_10_10.trace,4bc8c15d2e31f7367f1b,weakening,weakening_b3,18,3,026c828bf9d504c33bdbd1d72ccbba0d1e2201c795082e0db1ba8ec94684d9bc,OPTIMAL,,0,7,"G(->(x0,|(&(x2,x1),x1)))",77.58559505299854,2026-09-26T21:19:51.595650+00:00,2026-09-26T21:21:09.245899+00:00,7,
rq1-exact-623-20260926-3x,5to10Traces/0030.trace,367eb7a8fe42178b329a,5to10Traces,plain,10,2,35f848aca47ffdc2abe20fea5611e3d02f2a02a9a64ad107ce1af81e048c4b11,INTERRUPTED,,,,,,2026-09-26T23:38:05.165495+00:00,,,
rq1-exact-623-20260926-3x,5to10Traces/0161.trace,7a054e54f331c3da29bc,5to10Traces,plain,6,2,09abb388cb5185e890e0474dda93ee7673d3d8d7117e591fb747af2c191ff37b,TIMEOUT,SMT_timeout,,,,1083.8940743319981,2026-09-26T23:22:00.476431+00:00,2026-09-26T23:40:04.457603+00:00,6,
rq1-exact-623-20260926-3x,5to10Traces/0163.trace,a10d7b4788a823ccc6e0,5to10Traces,plain,6,2,698048cb05237bb76881248a194dfd4222f786aff27053424c01cd4df973fcb3,TIMEOUT,SMT_timeout,,,,1155.2462931910013,2026-09-26T23:22:00.481942+00:00,2026-09-26T23:41:15.813822+00:00,6,
rq1-exact-623-20260926-3x,5to10Traces/0165.trace,b43fefd70429cd8ee843,5to10Traces,plain,6,2,43f2142433c9b3046e39e2cecba2ab6f12de2f060be5a409edc2d34939e9cbd4,TIMEOUT,SMT_timeout,,,,1182.090340832001,2026-09-26T23:22:00.476040+00:00,2026-09-26T23:41:42.654984+00:00,6,
rq1-exact-623-20260926-3x,5to10Traces/0167.trace,e3c60773d1caa1476d4d,5to10Traces,plain,6,2,de9222b66cb05b730d04d9402205c708cb7a392a3663ddec8dcc12ce7051f8b2,TIMEOUT,SMT_timeout,,,,1250.8730536719995,2026-09-26T23:22:00.477515+00:00,2026-09-26T23:42:51.441187+00:00,6,
rq1-exact-623-20260926-3x,5to10Traces/0168.trace,32ebb28acc2add3761e7,5to10Traces,plain,6,2,a7f8d4ada64dafe6ccc1158f17b1987d24509f77c20e994e0be3de8e82d2254a,UNSAT,,,,,828.1072479440008,2026-09-26T23:22:00.477291+00:00,2026-09-26T23:35:48.673640+00:00,6,
rq1-exact-623-20260926-3x,5to10Traces/0169.trace,de65a0e45e536c5f9c37,5to10Traces,plain,6,2,604c64f4fe5c15293a02c7a950a094fe7237524676db62bb33b8ebcf96274598,TIMEOUT,SMT_timeout,,,,1289.7242544830005,2026-09-26T23:22:00.475609+00:00,2026-09-26T23:43:30.291416+00:00,6,
rq1-exact-623-20260926-3x,5to10Traces/0170.trace,c2c96411b6de5053a5e7,5to10Traces,plain,6,2,e714e7763d0985a9f60e3f51e93026b7c9a055fac5e1fee366ac90f541b78e17,UNSAT,,,,,937.4646335729994,2026-09-26T23:22:00.481577+00:00,2026-09-26T23:37:38.034762+00:00,6,
rq1-exact-623-20260926-3x,5to10Traces/0171.trace,73ce1c5352c9e637238f,5to10Traces,plain,6,2,b20ab982fceffe4adbbfb37241ddd8dbd85b26501d8b13f20e9fb892232c88c6,INTERRUPTED,,,,,,2026-09-26T23:40:04.511570+00:00,,,
rq1-exact-623-20260926-3x,5to10Traces/0172.trace,20f801a22a35e39cf4a5,5to10Traces,plain,6,2,688cf40d1b7d992482dc722d710b7aeabe69223403907db7c6e4b1095513cfaa,UNSAT,,,,,964.4904491340021,2026-09-26T23:22:00.476865+00:00,2026-09-26T23:38:05.055479+00:00,6,
rq1-exact-623-20260926-3x,5to10Traces/0173.trace,92089866b061e71f419d,5to10Traces,plain,6,2,027b9d21049f56e1d569a406b650b8449dffbfbe65a47d8da69ec7d0a0bfaa23,INTERRUPTED,,,,,,2026-09-26T23:41:15.923911+00:00,,,
rq1-exact-623-20260926-3x,5to10Traces/0174.trace,411d7687e65cd4f14474,5to10Traces,plain,6,2,fe41503b69e91d4a017b84083fcd427a964966e8836a156bb0e7c99b89d4ed30,UNSAT,,,,,1080.0449289539974,2026-09-26T23:22:00.481495+00:00,2026-09-26T23:40:00.613911+00:00,6,
rq1-exact-623-20260926-3x,5to10Traces/0175.trace,94df50dfcf59ff04a823,5to10Traces,plain,6,2,28732aebd9a32ac10df5fde6e83c5c5b69a775b314df1fd64c6db1ea9f1cd116,INTERRUPTED,,,,,,2026-09-26T23:41:42.765868+00:00,,,
rq1-exact-623-20260926-3x,baseTest/0022.trace,ab953d3396fb384b2605,baseTest,plain,6,2,143633c7de1d7e7a0576364eb602323960a8ebfb03194da1c0991ab456cfd847,UNSAT,,,,,742.0811756319999,2026-09-26T23:22:00.481977+00:00,2026-09-26T23:34:22.649745+00:00,6,
rq1-exact-623-20260926-3x,baseTest/0024.trace,e15ace6861bf745c5b87,baseTest,plain,6,2,d723312aa8c1976041cad7d58e58659979ac2d32409b27ffe5efaf859fb9e221,INTERRUPTED,,,,,,2026-09-26T23:35:48.747559+00:00,,,
rq1-exact-623-20260926-3x,baseTest/0025.trace,c71dbdd138294fa1f80f,baseTest,plain,6,2,76c4a7293fcbc391e510c9fdec6cda107581fedf9a878e65a3a67d7e897419f0,INTERRUPTED,,,,,,2026-09-26T23:43:30.434554+00:00,,,
rq1-exact-623-20260926-3x,baseTest/0026.trace,a574b1eb02ee1fdb3a5f,baseTest,plain,6,2,c1fae1fcd3b0bb0f99c0e135639da132714f971a145d59f958b456cfd73c08c3,INTERRUPTED,,,,,,2026-09-26T23:37:38.122735+00:00,,,
rq1-exact-623-20260926-3x,equal/0025.trace,42e8757cedd11f4eebc3,equal,plain,6,2,edb9330d0129cc0be80bf467b4cbef6358640874afff7c1a9fe9e6c3571001bc,INTERRUPTED,,,,,,2026-09-26T23:34:22.760132+00:00,,,
rq1-exact-623-20260926-3x,equal/0026.trace,56b5ff6534122a34437f,equal,plain,6,2,88e940e86be14702db987816ee958a630575c2bd110e6bb025fa8a60b3e90740,INTERRUPTED,,,,,,2026-09-26T23:42:51.524466+00:00,,,
rq1-exact-623-20260926-3x,moreDetailedTest/0089.trace,0a0da6d3ccd18b414141,moreDetailedTest,plain,6,2,10eb82fc9b894566e2bdda7fbe063f53fb1f1ab040f98850aea7e910a9bcf07a,INTERRUPTED,,,,,,2026-09-26T23:40:00.705785+00:00,,,
rq1-exact-623-20260926-5x,5to10Traces/0024.trace,425c3740a42702250ec9,5to10Traces,plain,10,2,0d57abc1154e4fe68d03e0823d739a52f7893a122f72f3fde9028f3a8ae33c3b,TIMEOUT,SMT_timeout,,,,2229.9069608690006,2026-09-27T00:25:53.733801+00:00,2026-09-27T01:03:03.719351+00:00,8,
rq1-exact-623-20260926-5x,5to10Traces/0025.trace,7bed5c9b85e434c7744e,5to10Traces,plain,10,2,38507a0ac6501a233719bcf5b5b67c29c1621684a3e1a855dc0d13a7e773e48f,TIMEOUT,SMT_timeout,,,,1721.6068050940012,2026-09-27T01:20:19.665092+00:00,2026-09-27T01:49:01.353053+00:00,7,
rq1-exact-623-20260926-5x,5to10Traces/0026.trace,acf0474c349a687cabdf,5to10Traces,plain,10,2,fc3f69ae20507e848cc21ca73eda7dd7bccf867f9de674721df7526c2f6463a1,TIMEOUT,SMT_timeout,,,,3176.2320616510005,2026-09-27T00:47:36.968147+00:00,2026-09-27T01:40:33.279506+00:00,8,
rq1-exact-623-20260926-5x,5to10Traces/0027.trace,b4c12816284e431368db,5to10Traces,plain,10,2,ebc6ebfd17f860ed1799aaa5836ba235cb0bda9d86eab7bd16a584195748e4ed,TIMEOUT,SMT_timeout,,,,2054.1855273229994,2026-09-27T01:26:13.002909+00:00,2026-09-27T02:00:27.270932+00:00,7,
rq1-exact-623-20260926-5x,5to10Traces/0028.trace,989d6ebd9cc3c2d86f98,5to10Traces,plain,10,2,ff529adeae7753e8593aa98359266dfe653752c9f93b02843e2b714d5969b8e9,TIMEOUT,SMT_timeout,,,,1849.7013104279977,2026-09-27T01:08:32.724509+00:00,2026-09-27T01:39:22.507679+00:00,7,
rq1-exact-623-20260926-5x,5to10Traces/0029.trace,197399f6380e37827dd0,5to10Traces,plain,10,2,07a00ad7c82e28b5155dcaa566e300eeff50745de409392212cf2b4fd2399ea7,TIMEOUT,SMT_timeout,,,,2296.6244114340006,2026-09-27T00:42:31.762943+00:00,2026-09-27T01:20:48.467246+00:00,7,
rq1-exact-623-20260926-5x,5to10Traces/0030.trace,367eb7a8fe42178b329a,5to10Traces,plain,10,2,35f848aca47ffdc2abe20fea5611e3d02f2a02a9a64ad107ce1af81e048c4b11,TIMEOUT,SMT_timeout,,,,2098.6739552440013,2026-09-26T23:49:48.476275+00:00,2026-09-27T00:24:47.235165+00:00,7,
rq1-exact-623-20260926-5x,5to10Traces/0031.trace,aeb8390cd26b98245669,5to10Traces,plain,10,2,0e62190a102c28fd19abe1f19ac42dcbc0d81046ffc5d271154d27288c3b7d3b,TIMEOUT,SMT_timeout,,,,3013.237744494003,2026-09-27T01:00:04.268707+00:00,2026-09-27T01:50:17.587901+00:00,7,
rq1-exact-623-20260926-5x,5to10Traces/0032.trace,16158fd11cf2e8a92717,5to10Traces,plain,10,2,57dd97edf5cc3c106dcad445c7ae0dbdcaa578bc4fc72302ed1652e13a51bc64,TIMEOUT,SMT_timeout,,,,2116.1849837220034,2026-09-27T00:06:46.328877+00:00,2026-09-27T00:42:02.594047+00:00,7,
rq1-exact-623-20260926-5x,5to10Traces/0033.trace,a3d82e325dbd07a12087,5to10Traces,plain,10,2,ee7ed51fee44ba93cdbb31b9b14ad02bb32f3de11c0469756dc702c50db80225,TIMEOUT,SMT_timeout,,,,3152.4562733890016,2026-09-27T01:28:31.632421+00:00,2026-09-27T02:21:04.169147+00:00,7,
rq1-exact-623-20260926-5x,5to10Traces/0034.trace,a966f1229194d6e6ccb9,5to10Traces,plain,10,2,5359af3606015c7bc80e09ecb994c0944124012d2a334ddb061df8ee7e0ee7e9,TIMEOUT,SMT_timeout,,,,2336.618769708999,2026-09-27T01:03:03.768460+00:00,2026-09-27T01:42:00.469387+00:00,7,
rq1-exact-623-20260926-5x,5to10Traces/0035.trace,98359dad407d6e583d2c,5to10Traces,plain,10,2,c426873f1d6100da2ac5121d8557a0015b1beb10f5c91e225ec81118451b884b,TIMEOUT,SMT_timeout,,,,1875.745247562998,2026-09-27T01:49:01.403460+00:00,2026-09-27T02:20:17.231454+00:00,6,
rq1-exact-623-20260926-5x,5to10Traces/0036.trace,53d997f3c98be7a69aec,5to10Traces,plain,10,2,b1e2aae2986a43365166a93f9337049f72a8d732496765ee22e195921efbf547,TIMEOUT,SMT_timeout,,,,2488.8004411660004,2026-09-27T01:40:33.350104+00:00,2026-09-27T02:22:02.233536+00:00,7,
rq1-exact-623-20260926-5x,5to10Traces/0037.trace,67941091c1c8cd3753c0,5to10Traces,plain,10,2,706cc48d00f6e56c776cb6c6f15b2e4616903816e710c5c243f51d0099d07091,TIMEOUT,SMT_timeout,,,,1916.1380217799997,2026-09-27T02:00:27.341159+00:00,2026-09-27T02:32:23.566693+00:00,6,
rq1-exact-623-20260926-5x,5to10Traces/0038.trace,3007e67cf87893d40cab,5to10Traces,plain,10,2,d411a5a489be3c4f9746e0d02df6458494aa8173562852ada225c09ea49dfee5,TIMEOUT,SMT_timeout,,,,2644.4357083589966,2026-09-27T01:39:22.583540+00:00,2026-09-27T02:23:27.109075+00:00,7,
rq1-exact-623-20260926-5x,5to10Traces/0039.trace,bdb305f4151580fb431d,5to10Traces,plain,10,2,aa9847bdb52c00f1c8ddb561e4735990d45a46974fadc08b61b61d3bbf22efa1,TIMEOUT,SMT_timeout,,,,1954.9934309820019,2026-09-27T01:20:48.562102+00:00,2026-09-27T01:53:23.638615+00:00,6,
rq1-exact-623-20260926-5x,5to10Traces/0040.trace,52dee0a2e5fb905d65de,5to10Traces,plain,10,2,44f5cbcc1bfb3c796d7ca0e658ddf54d832f3fe4be5a9cdddcbb1e5e8eddf61d,TIMEOUT,SMT_timeout,,,,2776.8316257570004,2026-09-27T00:24:47.324368+00:00,2026-09-27T01:11:04.239149+00:00,7,
rq1-exact-623-20260926-5x,5to10Traces/0041.trace,aac023994ecfdbc55dae,5to10Traces,plain,10,2,19adba18fde82da20adba26fd41cc7576324db55d448cd26ee2f06aab0e4e69a,TIMEOUT,SMT_timeout,,,,1996.440791856996,2026-09-27T01:50:17.678767+00:00,2026-09-27T02:23:34.205386+00:00,6,
rq1-exact-623-20260926-5x,5to10Traces/0042.trace,510f56ed4ed167a3b251,5to10Traces,plain,10,2,5cfb6e0dfec7365f0e68ecb0ad2f4f9871e8800b3c557179eff7b723e201b857,TIMEOUT,SMT_timeout,,,,2902.1747883729986,2026-09-27T00:42:02.666586+00:00,2026-09-27T01:30:24.924999+00:00,7,
rq1-exact-623-20260926-5x,5to10Traces/0043.trace,e49bdb45a6a8febcdba1,5to10Traces,plain,10,2,0ba767b4a1ffc90b215690664a295541a24c200c57666378d08384c8d5bc52db,TIMEOUT,SMT_timeout,,,,2161.1337113699956,2026-09-27T02:21:04.254685+00:00,2026-09-27T02:57:05.477308+00:00,6,
rq1-exact-623-20260926-5x,5to10Traces/0078.trace,14911b77eef8ab088a4d,5to10Traces,plain,18,2,38647e132ee55de9993f8c59a208e35d4c2ce6487de2fac015c6509a0f9e6b3c,OPTIMAL,,0,7,"F(&(x1,|(G(F(x1)),x0)))",743.4979109199994,2026-09-27T05:04:09.306124+00:00,2026-09-27T05:16:32.885924+00:00,7,
rq1-exact-623-20260926-5x,5to10Traces/0079.trace,dab3233cb2438a12d495,5to10Traces,plain,18,2,6b1f34756a919d6f363f39c71ab2178ce9a2b7c6a15cb0d3988ef8e04e59e7d3,OPTIMAL,,0,7,"F(|(G(F(x1)),&(x0,F(x1))))",1862.9075575509996,2026-09-27T02:51:53.385732+00:00,2026-09-27T03:22:56.375710+00:00,7,
rq1-exact-623-20260926-5x,5to10Traces/0080.trace,af0d6cb1d39b1ccbb1bd,5to10Traces,plain,18,2,f2434042464636c57e3f95690a219a0e946ad0f386c0b30fe37d6445d6301399,OPTIMAL,,0,7,"->(F(x0),F(&(F(x1),x0)))",1003.2840878500065,2026-09-27T04:21:15.141230+00:00,2026-09-27T04:37:58.506951+00:00,7,
rq1-exact-623-20260926-5x,5to10Traces/0082.trace,01fe863d09d83f5fd862,5to10Traces,plain,18,2,4cd2b5c3744207c1bb88b4c6530198d66a9b5f692ade912133a82a8b55436b94,OPTIMAL,,0,7,"->(F(x0),F(&(x0,F(x1))))",1349.4040347699993,2026-09-27T03:39:06.305709+00:00,2026-09-27T04:01:35.795000+00:00,7,
rq1-exact-623-20260926-5x,5to10Traces/0084.trace,4cf0451487ef633e1d35,5to10Traces,plain,18,2,90b35332457b1de8f31e323bc011ba287b72e2f64855510dfd38861206238f9e,OPTIMAL,,0,7,"F(&(->(F(x0),x0),F(x1)))",2165.3814855090022,2026-09-27T03:21:13.606266+00:00,2026-09-27T03:57:19.070833+00:00,7,
rq1-exact-623-20260926-5x,5to10Traces/0086.trace,df298dcc2e3ef24e7249,5to10Traces,plain,18,2,929b50c651ec3b1e85ea1b9db831d7236326feb88b6dbd8e7feaa83ad80291f1,OPTIMAL,,0,7,"->(F(x0),F(&(x0,F(x1))))",1517.9044763570055,2026-09-27T04:23:38.026263+00:00,2026-09-27T04:48:56.017952+00:00,7,
rq1-exact-623-20260926-5x,5to10Traces/0114.trace,284fa4f76815844a918e,5to10Traces,plain,67,2,5be77e06b023af1250463756bf06f6c5db3c04a372a3f491f29ab97e931bf38a,TIMEOUT,SMT_timeout,,,,2498.208084447004,2026-09-27T05:49:05.734590+00:00,2026-09-27T06:30:44.026487+00:00,8,
rq1-exact-623-20260926-5x,5to10Traces/0118.trace,bb8b1b2c26661b7268d8,5to10Traces,plain,67,2,7a61766dc359d3151e0d4e1ee04e9405401715c35b35d6cf874a6f7e3a076354,TIMEOUT,SMT_timeout,,,,2009.1638966559985,2026-09-27T04:27:54.301820+00:00,2026-09-27T05:01:23.546173+00:00,7,
rq1-exact-623-20260926-5x,5to10Traces/0122.trace,e3200b3320441c50b4aa,5to10Traces,plain,67,2,897a5ba441da1c6902f1cdc93cee4464c6082662af684976e07981c9a6b917d3,TIMEOUT,SMT_timeout,,,,2438.121009100003,2026-09-27T06:56:00.332388+00:00,2026-09-27T07:36:38.535521+00:00,7,
rq1-exact-623-20260926-5x,5to10Traces/0124.trace,84be0f222006cf0a33c1,5to10Traces,plain,67,2,55ab5b41efbf8296ff4d2cbe513f62334719832cba180ff0c7ad5be330854371,TIMEOUT,SMT_timeout,,,,2543.160632125,2026-09-27T06:01:09.517022+00:00,2026-09-27T06:43:32.760925+00:00,7,
rq1-exact-623-20260926-5x,5to10Traces/0126.trace,f7049eeaae035bd1af62,5to10Traces,plain,67,2,06b8f145441a4c53b4a1f07f068961f9d977fdc8ca1bae46737002179a95f00e,TIMEOUT,SMT_timeout,,,,2658.782632718998,2026-09-27T06:30:44.079300+00:00,2026-09-27T07:15:02.945991+00:00,7,
rq1-exact-623-20260926-5x,5to10Traces/0128.trace,dc960399681cbacef18f,5to10Traces,plain,67,2,b5d6342146db3553a3dcf5758ec58215536115c1632db0303a0b7e62d038592a,TIMEOUT,SMT_timeout,,,,2759.2608628559974,2026-09-27T06:48:59.480526+00:00,2026-09-27T07:34:58.833515+00:00,7,
rq1-exact-623-20260926-5x,5to10Traces/0130.trace,782cbd1133a506750df4,5to10Traces,plain,67,2,7eeea4da9600647b4ca3c724512372bbb595ada3823a84b02f170fa928a4c6bf,TIMEOUT,SMT_timeout,,,,2942.180702866004,2026-09-27T07:19:33.015685+00:00,2026-09-27T08:08:35.280617+00:00,7,
rq1-exact-623-20260926-5x,5to10Traces/0161.trace,7a054e54f331c3da29bc,5to10Traces,plain,6,2,09abb388cb5185e890e0474dda93ee7673d3d8d7117e591fb747af2c191ff37b,UNSAT,,,,,1151.5033928150006,2026-09-26T23:49:48.468383+00:00,2026-09-27T00:09:00.060525+00:00,6,
rq1-exact-623-20260926-5x,5to10Traces/0163.trace,a10d7b4788a823ccc6e0,5to10Traces,plain,6,2,698048cb05237bb76881248a194dfd4222f786aff27053424c01cd4df973fcb3,UNSAT,,,,,1317.4191401149983,2026-09-26T23:49:48.466903+00:00,2026-09-27T00:11:45.976715+00:00,6,
rq1-exact-623-20260926-5x,5to10Traces/0165.trace,b43fefd70429cd8ee843,5to10Traces,plain,6,2,43f2142433c9b3046e39e2cecba2ab6f12de2f060be5a409edc2d34939e9cbd4,TIMEOUT,SMT_timeout,,,,1788.353424175999,2026-09-26T23:49:48.467904+00:00,2026-09-27T00:19:36.913690+00:00,6,
rq1-exact-623-20260926-5x,5to10Traces/0167.trace,e3c60773d1caa1476d4d,5to10Traces,plain,6,2,de9222b66cb05b730d04d9402205c708cb7a392a3663ddec8dcc12ce7051f8b2,TIMEOUT,SMT_timeout,,,,1862.0631418429984,2026-09-26T23:49:48.469927+00:00,2026-09-27T00:20:50.621542+00:00,6,
rq1-exact-623-20260926-5x,5to10Traces/0169.trace,de65a0e45e536c5f9c37,5to10Traces,plain,6,2,604c64f4fe5c15293a02c7a950a094fe7237524676db62bb33b8ebcf96274598,TIMEOUT,SMT_timeout,,,,1914.6523287199998,2026-09-26T23:49:48.474230+00:00,2026-09-27T00:21:43.215158+00:00,6,
rq1-exact-623-20260926-5x,5to10Traces/0171.trace,73ce1c5352c9e637238f,5to10Traces,plain,6,2,b20ab982fceffe4adbbfb37241ddd8dbd85b26501d8b13f20e9fb892232c88c6,TIMEOUT,SMT_timeout,,,,2011.4037408229997,2026-09-27T00:09:00.151576+00:00,2026-09-27T00:42:31.639925+00:00,6,
rq1-exact-623-20260926-5x,5to10Traces/0173.trace,92089866b061e71f419d,5to10Traces,plain,6,2,027b9d21049f56e1d569a406b650b8449dffbfbe65a47d8da69ec7d0a0bfaa23,TIMEOUT,SMT_timeout,,,,2059.4395709710006,2026-09-27T00:11:46.076728+00:00,2026-09-27T00:46:05.600880+00:00,6,
rq1-exact-623-20260926-5x,5to10Traces/0175.trace,94df50dfcf59ff04a823,5to10Traces,plain,6,2,28732aebd9a32ac10df5fde6e83c5c5b69a775b314df1fd64c6db1ea9f1cd116,TIMEOUT,SMT_timeout,,,,2151.565208621003,2026-09-27T00:19:37.013557+00:00,2026-09-27T00:55:28.664493+00:00,6,
rq1-exact-623-20260926-5x,baseTest/0001.trace,8796024d9677ae4de12a,baseTest,plain,10,2,9547ffb5a3f76c5b4a41be156b2d786934fb0a67853456691c927aafbe7cc350,TIMEOUT,SMT_timeout,,,,2577.299189068999,2026-09-27T02:22:02.350801+00:00,2026-09-27T03:04:59.734089+00:00,7,
rq1-exact-623-20260926-5x,baseTest/0003.trace,f1488757391174b7661b,baseTest,plain,10,2,9d0781db353a283bf3632c6789a888d5ec911aebae55319d22c203997ded5dd6,TIMEOUT,SMT_timeout,,,,2927.042288798002,2026-09-27T02:23:27.189955+00:00,2026-09-27T03:12:14.314213+00:00,7,
rq1-exact-623-20260926-5x,baseTest/0004.trace,b1c4dec829d43740b115,baseTest,plain,10,2,7aa00584c4ad2de7006e587b72dcde92c0e7845ed79c9f95bf570bb9cbfdc063,TIMEOUT,SMT_timeout,,,,1860.5286047440022,2026-09-27T01:53:23.787709+00:00,2026-09-27T02:24:24.399428+00:00,6,
rq1-exact-623-20260926-5x,baseTest/0005.trace,040b9fb96e2322abf986,baseTest,plain,10,2,20c6c43cc7f2f8eb85ba9b564b1e146ecb731d0d44d4a16139452fb0713522a6,TIMEOUT,SMT_timeout,,,,2646.655894773001,2026-09-27T01:11:04.329875+00:00,2026-09-27T01:55:11.079482+00:00,6,
rq1-exact-623-20260926-5x,baseTest/0006.trace,dca9f4c1fedcaf690068,baseTest,plain,10,2,a4875e300f2efbc8da4907b662fde75274e8e6d78dce4a030d2fecd0d5b6bb40,TIMEOUT,SMT_timeout,,,,3286.654459600999,2026-09-27T02:23:34.351052+00:00,2026-09-27T03:18:21.087722+00:00,8,
rq1-exact-623-20260926-5x,baseTest/0017.trace,53ab76bf302a5796b097,baseTest,plain,18,2,9318a97d8cbc2695eddcd727e99f571d64603e79a45c38d72462a798bdddc12f,OPTIMAL,,0,6,"G(->(x1,!(F(x0))))",1566.9285469809984,2026-09-27T04:37:58.628464+00:00,2026-09-27T05:04:05.671487+00:00,6,
rq1-exact-623-20260926-5x,baseTest/0018.trace,b3339b3557b7c60bacd6,baseTest,plain,18,2,ea1b54c7e0c5cef5e8e11b4e5819c775b2cf77f09161f77412617d706fbc9bd1,OPTIMAL,,0,6,"G(->(x1,!(F(x0))))",1780.3284471109946,2026-09-27T03:47:25.744839+00:00,2026-09-27T04:17:06.170860+00:00,6,
rq1-exact-623-20260926-5x,baseTest/0019.trace,cf9ed83597e24957fa66,baseTest,plain,18,2,27f4306dca1eb9c7167d1d78927b29ebea54f66d6ac703d1e64f727b7ce375c1,UNKNOWN,SMT_out of memory,,,,1402.4490330390036,2026-09-27T04:01:35.909055+00:00,2026-09-27T04:24:58.484051+00:00,5,
rq1-exact-623-20260926-5x,baseTest/0024.trace,e15ace6861bf745c5b87,baseTest,plain,6,2,d723312aa8c1976041cad7d58e58659979ac2d32409b27ffe5efaf859fb9e221,UNSAT,,,,,1536.3089517240005,2026-09-26T23:49:48.475098+00:00,2026-09-27T00:15:24.872804+00:00,6,
rq1-exact-623-20260926-5x,baseTest/0025.trace,c71dbdd138294fa1f80f,baseTest,plain,6,2,76c4a7293fcbc391e510c9fdec6cda107581fedf9a878e65a3a67d7e897419f0,TIMEOUT,SMT_timeout,,,,1868.4127180100004,2026-09-27T00:21:43.316424+00:00,2026-09-27T00:52:51.815524+00:00,6,
rq1-exact-623-20260926-5x,baseTest/0026.trace,a574b1eb02ee1fdb3a5f,baseTest,plain,6,2,c1fae1fcd3b0bb0f99c0e135639da132714f971a145d59f958b456cfd73c08c3,TIMEOUT,SMT_timeout,,,,2545.684984448999,2026-09-26T23:49:48.471710+00:00,2026-09-27T00:32:14.255255+00:00,6,
rq1-exact-623-20260926-5x,baseTest/0040.trace,0d70c12e22205f66796a,baseTest,plain,10,2,2d01c4a45631c22085feb6cdf4ca13217795df8db1af8aadca86e2d48e488276,UNKNOWN,SMT_out of memory,,,,1379.9374321439973,2026-09-27T02:32:23.679519+00:00,2026-09-27T02:55:23.746626+00:00,5,
rq1-exact-623-20260926-5x,disjunctedExistence/0003.trace,7ae009d75340a5a366eb,disjunctedExistence,plain,36,2,424507b2de8960903fda914ede4da873c9ed6d3925a5e02f18cb3b19d0ece32e,TIMEOUT,SMT_timeout,,,,1995.8004649819995,2026-09-27T05:25:30.635204+00:00,2026-09-27T05:58:46.521202+00:00,7,
rq1-exact-623-20260926-5x,disjunctedExistence/0006.trace,a9036e444f2ddbd01e4d,disjunctedExistence,plain,36,2,0e0f0f8358471184615f2f0433167538d8968d843bc7bcd9a977a2151225d8a2,TIMEOUT,SMT_timeout,,,,2378.6506181789955,2026-09-27T03:18:43.452236+00:00,2026-09-27T03:58:22.191393+00:00,7,
rq1-exact-623-20260926-5x,disjunctedExistence/0009.trace,3817d2078205938adf62,disjunctedExistence,plain,36,2,1808d3ef3a9d5d8bb99423643f556bcbc170897950dc5f771dc89b5d3ea4e21d,TIMEOUT,SMT_timeout,,,,2852.380159706001,2026-09-27T06:02:38.315496+00:00,2026-09-27T06:50:10.780680+00:00,7,
rq1-exact-623-20260926-5x,disjunctedExistence/0012.trace,ebe4c498c82bb0200228,disjunctedExistence,plain,36,2,ca651d108be883ce1902f3503e423288abb4ccb7c55aa057ad7ac2a8dbb3c293,TIMEOUT,SMT_timeout,,,,2771.5127466279955,2026-09-27T06:21:50.221638+00:00,2026-09-27T07:08:01.816731+00:00,7,
rq1-exact-623-20260926-5x,disjunctedExistence/0015.trace,a7269a90e48718f3ec74,disjunctedExistence,plain,36,2,1bfdce4b3f7d8319b507423f0276b9623575e0c9bd3e72db79a089df5b0b4f6b,TIMEOUT,SMT_timeout,,,,3056.690741829996,2026-09-27T05:31:04.097441+00:00,2026-09-27T06:22:00.879765+00:00,7,
rq1-exact-623-20260926-5x,disjunctedExistence/0018.trace,2581a52086dc6b8708af,disjunctedExistence,plain,36,2,2786837aa8a2b43607b5445f018ad5814e357ff5849f7ef8b11bb649c131a26b,TIMEOUT,SMT_timeout,,,,1866.877720864999,2026-09-27T05:30:02.444725+00:00,2026-09-27T06:01:09.407993+00:00,6,
rq1-exact-623-20260926-5x,disjunctedExistence/0021.trace,61849b96652f201daa91,disjunctedExistence,plain,36,2,7c153275999711b89ac7dfe3272080e06f4dfd9607e4c22582b295b2e6a11951,TIMEOUT,SMT_timeout,,,,2037.4130505759967,2026-09-27T05:05:59.438982+00:00,2026-09-27T05:39:56.937528+00:00,6,
rq1-exact-623-20260926-5x,disjunctedExistence/0048.trace,a8e1e8f18a3ec6e7563b,disjunctedExistence,plain,134,2,f40572e52f00c672d689de94400867426882c00278f9ad24fc73f6c37a203d3c,TIMEOUT,SMT_timeout,,,,1984.1600174240011,2026-09-27T07:19:08.225989+00:00,2026-09-27T07:52:12.467930+00:00,7,
rq1-exact-623-20260926-5x,disjunctedExistence/0051.trace,bd82d722f9be4d871ac8,disjunctedExistence,plain,134,2,aa52387a1981bbc65e2191e92595db67c0d9ea3192605a3b1c6cb022ebccd084,TIMEOUT,SMT_timeout,,,,2027.0955812600005,2026-09-27T08:32:39.532411+00:00,2026-09-27T09:06:26.695446+00:00,7,
rq1-exact-623-20260926-5x,disjunctedExistence/0054.trace,6e6af6f9101502e48a78,disjunctedExistence,plain,134,2,092edbe817520f3dea1c1708f793a024f854f6785c11b969e7cc80168bfe7282,TIMEOUT,SMT_timeout,,,,2947.6865246190064,2026-09-27T05:56:46.823812+00:00,2026-09-27T06:45:54.591531+00:00,7,
rq1-exact-623-20260926-5x,disjunctedExistence/0055.trace,b5f5bfefe25ce609af09,disjunctedExistence,plain,134,2,c94e259027212905fc24057176069edd3844cda7b23707d016f228c9db37693c,TIMEOUT,SMT_timeout,,,,1724.8416919709998,2026-09-27T09:00:06.791916+00:00,2026-09-27T09:28:51.701493+00:00,6,
rq1-exact-623-20260926-5x,disjunctedExistence/0057.trace,564d632676a2c8d3c020,disjunctedExistence,plain,134,2,6e6462f56f7be1474c46e342cd9b52c0e2b197772fd4f9243e9ad16e47672048,TIMEOUT,SMT_timeout,,,,1842.9007235919998,2026-09-27T06:02:42.522541+00:00,2026-09-27T06:33:25.510566+00:00,6,
rq1-exact-623-20260926-5x,disjunctedExistence/0060.trace,6ce3640a3f6bdc2a9ead,disjunctedExistence,plain,134,2,ae8c721ccca0c09bb1caaa404fe38187b88082487b2dd912873a54f1110e35d3,TIMEOUT,SMT_timeout,,,,1904.0052503540064,2026-09-27T06:04:45.525355+00:00,2026-09-27T06:36:29.620059+00:00,6,
rq1-exact-623-20260926-5x,disjunctedExistence/0061.trace,27aa18330c6933482c04,disjunctedExistence,plain,134,2,05796686e3c55d78c6963abdea7159548834606d6e6ce6ea7e70e2122c847d73,TIMEOUT,SMT_timeout,,,,2034.716737912997,2026-09-27T09:18:06.820528+00:00,2026-09-27T09:52:01.624542+00:00,6,
rq1-exact-623-20260926-5x,disjunctedExistence/0063.trace,f68d03d30f8f5a3b4cf0,disjunctedExistence,plain,134,2,626d67f59fe04a454da0de7737bf2ad85b99392a408360b738091701b07475ab,TIMEOUT,SMT_timeout,,,,2019.1409864550005,2026-09-27T08:10:06.943484+00:00,2026-09-27T08:43:46.168259+00:00,6,
rq1-exact-623-20260926-5x,disjunctedExistence/0064.trace,b3255a70593f8b89bf03,disjunctedExistence,plain,134,2,fc617b191fd4d845769d17e2dd10f4af437581f59ee25a7839c6dec061cc113e,TIMEOUT,SMT_timeout,,,,1984.1960858380044,2026-09-27T07:52:12.552077+00:00,2026-09-27T08:25:16.833732+00:00,6,
rq1-exact-623-20260926-5x,disjunctedExistence/0066.trace,d60d35b900aad921c0b3,disjunctedExistence,plain,134,2,43d4cd6a258fce14a544ddfc107ce97e4591d36af4a6b020ee012f67194b5a6f,TIMEOUT,SMT_timeout,,,,2230.0167942500048,2026-09-27T06:47:30.336347+00:00,2026-09-27T07:24:40.441433+00:00,6,
rq1-exact-623-20260926-5x,disjunctedExistence/0069.trace,d8c299fa4defe07f41bc,disjunctedExistence,plain,134,2,622819d40ba94df8d8abeb6b955778f2a23b50fbe826af1277da478a3864b519,TIMEOUT,SMT_timeout,,,,2573.670769384,2026-09-27T06:45:54.675962+00:00,2026-09-27T07:28:48.442231+00:00,6,
rq1-exact-623-20260926-5x,disjunctedExistence/0070.trace,eb6384aca7bb71503784,disjunctedExistence,plain,134,2,0cfd956822f9adddc5db2a29649255f2a901633e32f3a021d3575c9899d300fe,TIMEOUT,SMT_timeout,,,,2343.9751505230015,2026-09-27T09:28:51.755358+00:00,2026-09-27T10:07:55.800526+00:00,6,
rq1-exact-623-20260926-5x,equal/0001.trace,03458c2a64614f2f246d,equal,plain,10,2,d49246fb746c17e1586e2867db0b38c03500efb47fb5651cf4883b43a0b95c1e,TIMEOUT,SMT_timeout,,,,2022.0697502529983,2026-09-27T01:55:11.314223+00:00,2026-09-27T02:28:53.484411+00:00,7,
rq1-exact-623-20260926-5x,equal/0002.trace,f7c7eb3495a4fd4e9ac2,equal,plain,10,2,c4c504b73ecfe3051e9f57b0451084de14d0e5758787b689f5de361e371bbb0f,TIMEOUT,SMT_timeout,,,,1849.5299231120007,2026-09-27T03:18:21.163692+00:00,2026-09-27T03:49:10.775025+00:00,8,
rq1-exact-623-20260926-5x,equal/0003.trace,47165ee0bff2704724a0,equal,plain,10,2,a54af567df01635ac7e9ab2c69fccc5dfbe7036e61a5ece6e8b14f34a75d81f1,TIMEOUT,SMT_timeout,,,,2385.204344801001,2026-09-27T01:30:25.018071+00:00,2026-09-27T02:10:10.303117+00:00,7,
rq1-exact-623-20260926-5x,equal/0004.trace,e46a5f755c6ef207c866,equal,plain,10,2,332954efe6beae93332a9411a11e213582f0e3d5fca888d0efe93f8cb778dcdd,TIMEOUT,SMT_timeout,,,,2758.8855661609996,2026-09-27T02:57:05.604066+00:00,2026-09-27T03:43:04.574170+00:00,7,
rq1-exact-623-20260926-5x,equal/0005.trace,13353d855b8144270cd9,equal,plain,10,2,86453d0b027578128918dd8e6850374eed8381f32b6ec05b52993568e47b4517,TIMEOUT,SMT_timeout,,,,2100.425482622002,2026-09-27T01:42:00.547262+00:00,2026-09-27T02:17:01.059696+00:00,6,
rq1-exact-623-20260926-5x,equal/0006.trace,d37ea97cd95b97aee11c,equal,plain,10,2,32a25bd96a241f1fd10f4bf5f991f6898b65b0e7799fc6e658adc867dfe067f8,TIMEOUT,SMT_timeout,,,,3077.4491983630032,2026-09-27T02:20:17.327284+00:00,2026-09-27T03:11:34.859102+00:00,8,
rq1-exact-623-20260926-5x,equal/0024.trace,31cd1aa4b62e6afb9a73,equal,plain,6,2,591191500853d381ffc261d6fc8335d26e1dd1db3e401462025d499293c452c7,UNSAT,,,,,788.3745406220005,2026-09-27T00:55:28.810918+00:00,2026-09-27T01:08:37.269424+00:00,6,
rq1-exact-623-20260926-5x,equal/0025.trace,42e8757cedd11f4eebc3,equal,plain,6,2,edb9330d0129cc0be80bf467b4cbef6358640874afff7c1a9fe9e6c3571001bc,UNSAT,,,,,848.9525825400015,2026-09-26T23:49:48.475529+00:00,2026-09-27T00:03:57.516939+00:00,6,
rq1-exact-623-20260926-5x,equal/0026.trace,56b5ff6534122a34437f,equal,plain,6,2,88e940e86be14702db987816ee958a630575c2bd110e6bb025fa8a60b3e90740,TIMEOUT,SMT_timeout,,,,2151.761672775003,2026-09-27T00:20:50.732650+00:00,2026-09-27T00:56:42.579711+00:00,6,
rq1-exact-623-20260926-5x,increasingNumVariables/0017.trace,fe2f228675639aee1b90,increasingNumVariables,plain,20,2,259f511901444c8d8fdcc15939dc7c2cbcc4ef75a52afbc2fca95b757b67dfdc,TIMEOUT,SMT_timeout,,,,2765.149585842002,2026-09-27T05:16:33.012729+00:00,2026-09-27T06:02:38.244218+00:00,8,
rq1-exact-623-20260926-5x,increasingNumVariables/0018.trace,ee1dbbc04bc6f0651127,increasingNumVariables,plain,20,2,95dfed9bcdbf631ea398e2743fa8ed7c48bf8428fbd0951f70a91f28a335a8de,TIMEOUT,SMT_timeout,,,,2928.926012113996,2026-09-27T03:38:37.258377+00:00,2026-09-27T04:27:26.263798+00:00,8,
rq1-exact-623-20260926-5x,increasingNumVariables/0019.trace,59b31b26676c47f2fe79,increasingNumVariables,plain,20,2,6f005d78edc710d2c62fa5cbbde82652ac3302eed6133dca5eed9c797e70f493,TIMEOUT,SMT_timeout,,,,3247.4700991459977,2026-09-27T05:27:42.608832+00:00,2026-09-27T06:21:50.163205+00:00,8,
rq1-exact-623-20260926-5x,increasingNumVariables/0020.trace,764497a2fb6d824504fa,increasingNumVariables,plain,20,2,311b784809d3a10949bdcc74d37655d9d9670a6d5ac7dd710e9af302bba16b28,TIMEOUT,SMT_timeout,,,,3047.5950510300027,2026-09-27T04:40:16.355989+00:00,2026-09-27T05:31:04.047221+00:00,8,
rq1-exact-623-20260926-5x,increasingNumVariables/0021.trace,621a87dd84376a016abb,increasingNumVariables,plain,20,2,989fc91e6a7271d67957e6d27849d4bdd0bfb1ce56ac4f7b512f6d178148f375,TIMEOUT,SMT_timeout,,,,1715.8726214370035,2026-09-27T05:01:26.435620+00:00,2026-09-27T05:30:02.392490+00:00,7,
rq1-exact-623-20260926-5x,increasingNumVariables/0022.trace,17e40c2e0869a1a15116,increasingNumVariables,plain,20,2,00d8d266dc5992c7363d439f814f2dae3511df0998a2c8d137a715baf7fa41a9,TIMEOUT,SMT_timeout,,,,1867.996189407997,2026-09-27T04:34:51.312045+00:00,2026-09-27T05:05:59.391982+00:00,7,
rq1-exact-623-20260926-5x,increasingNumVariables/0023.trace,1ba5d4903ec780fc280b,increasingNumVariables,plain,20,2,4f6b09f5963f91fc0cf5f929f73982cbc23193e0effa97207488206d56b9e47a,TIMEOUT,SMT_timeout,,,,1820.5904653160032,2026-09-27T04:29:30.113040+00:00,2026-09-27T04:59:50.792083+00:00,7,
rq1-exact-623-20260926-5x,increasingNumVariables/0024.trace,9f9377e39b9d74f005d1,increasingNumVariables,plain,37,2,a6cb32342ce9879b98c0c7fc6e3c5ea45ab53a2b78d83e2adbb07a8fca75e9a7,TIMEOUT,SMT_timeout,,,,2954.7123801889975,2026-09-27T04:59:50.875274+00:00,2026-09-27T05:49:05.670334+00:00,8,
rq1-exact-623-20260926-5x,increasingNumVariables/0025.trace,62d5bbe26f6abfb6cbfc,increasingNumVariables,plain,37,2,38a441c409dc2b144fe14941b02a00a5998292fb1b1082fa897059c9cb05d284,TIMEOUT,SMT_timeout,,,,3072.490163331,2026-09-27T03:50:36.106189+00:00,2026-09-27T04:41:48.674420+00:00,8,
rq1-exact-623-20260926-5x,increasingNumVariables/0026.trace,1363b1896c3263928b3b,increasingNumVariables,plain,37,2,b20ab2030cacd00b675a176bb62d9a1c86f7b093e187cce6caa442da9506b75c,TIMEOUT,SMT_timeout,,,,3012.7261387239996,2026-09-27T05:58:46.574835+00:00,2026-09-27T06:48:59.382740+00:00,8,
rq1-exact-623-20260926-5x,increasingNumVariables/0027.trace,ba026efecbda84894bb4,increasingNumVariables,plain,37,2,eef1369c346b66bd1122b82261ff2687558f5613d70c776b649a1aacabd58a8d,TIMEOUT,SMT_timeout,,,,1771.848356954004,2026-09-27T03:58:22.283747+00:00,2026-09-27T04:27:54.229196+00:00,7,
rq1-exact-623-20260926-5x,increasingNumVariables/0028.trace,8bcddab97136a801a319,increasingNumVariables,plain,37,2,1b1c0b48abca612269a0a5beb3e2df127dfb1f148f79e2f87cef4d6657e029bb,TIMEOUT,SMT_timeout,,,,1762.0238382099997,2026-09-27T06:50:10.847388+00:00,2026-09-27T07:19:32.956329+00:00,7,
rq1-exact-623-20260926-5x,increasingNumVariables/0029.trace,0d12b271ddcde03353eb,increasingNumVariables,plain,37,2,8a7057275ae0b67e48e560de6a18e860f8fc1cb61de272ff2366964b469ba2c9,TIMEOUT,SMT_timeout,,,,1857.0369393039946,2026-09-27T04:27:26.305452+00:00,2026-09-27T04:58:23.423566+00:00,7,
rq1-exact-623-20260926-5x,increasingNumVariables/0030.trace,7b07e289b414ec8ea285,increasingNumVariables,plain,37,2,8b5c385f728795afd3076a4ed38bf4d5c720f5e5896238927136d77c436417a8,TIMEOUT,SMT_timeout,,,,1801.8290856150052,2026-09-27T07:08:01.897550+00:00,2026-09-27T07:38:03.807880+00:00,7,
rq1-exact-623-20260926-5x,increasingNumVariables/0031.trace,3af3d5d9697d286789a6,increasingNumVariables,plain,37,2,b9d9c6a6bf77197e2bd0a86c6f3ffb489ac0728893e34ce2b3455f63bc22a619,TIMEOUT,SMT_timeout,,,,2039.1794302740018,2026-09-27T06:22:00.989433+00:00,2026-09-27T06:56:00.269947+00:00,7,
rq1-exact-623-20260926-5x,increasingNumVariables/0032.trace,d20c54976a01453362b9,increasingNumVariables,plain,70,2,b7cf7580413326dac839559fdca50aaec97939547f69aa0a041b6d9bb0412465,TIMEOUT,SMT_timeout,,,,2207.852154427994,2026-09-27T07:55:51.552684+00:00,2026-09-27T08:32:39.490097+00:00,8,
rq1-exact-623-20260926-5x,increasingNumVariables/0033.trace,a6292bb8fc17bcbcedf7,increasingNumVariables,plain,70,2,80d7b99994d4daf5e9963e4a57213517ce3e29bfda521ef5a4a9bc44fcaf6fab,TIMEOUT,SMT_timeout,,,,1715.0236952469932,2026-09-27T05:28:11.657122+00:00,2026-09-27T05:56:46.768727+00:00,7,
rq1-exact-623-20260926-5x,increasingNumVariables/0034.trace,e630a8ac8154589e692b,increasingNumVariables,plain,70,2,7a65cd0145bf776eaf9661ae0e685ed7839a92690fa84acf04626812be97bbd3,TIMEOUT,SMT_timeout,,,,2640.0699747100007,2026-09-27T08:16:06.612485+00:00,2026-09-27T09:00:06.749217+00:00,8,
rq1-exact-623-20260926-5x,increasingNumVariables/0035.trace,1190f115131247a7bb7c,increasingNumVariables,plain,70,2,15ebecdc452d631fb7707f95523a5ecc78bd0f2bff49d35ee200f63e7c5c6b2f,TIMEOUT,SMT_timeout,,,,1840.5321663159993,2026-09-27T05:32:01.841556+00:00,2026-09-27T06:02:42.454927+00:00,7,
rq1-exact-623-20260926-5x,increasingNumVariables/0036.trace,930f9ca7fca84a567f96,increasingNumVariables,plain,70,2,e1bd7a45a448d9c2b57fbfba8920bbc7876d3d9118b370924aae2a1290865042,TIMEOUT,SMT_timeout,,,,3124.3361648909995,2026-09-27T08:51:37.329354+00:00,2026-09-27T09:43:41.732788+00:00,8,
rq1-exact-623-20260926-5x,increasingNumVariables/0037.trace,3c2e0fd80cb1af60e50e,increasingNumVariables,plain,70,2,f7f3d0810bad48df9101e5126be866be791a9f80c7449afd5126b996deaeda0b,TIMEOUT,SMT_timeout,,,,1949.7395482499996,2026-09-27T05:32:15.613971+00:00,2026-09-27T06:04:45.435689+00:00,7,
rq1-exact-623-20260926-5x,increasingNumVariables/0038.trace,46dd6c3c6fba7baab5e7,increasingNumVariables,plain,70,2,f16cbe0b14ef8b33915104913a6a856768a9bfac70fb44cecf9831cf7984ace7,TIMEOUT,SMT_timeout,,,,1919.108630695002,2026-09-27T08:46:07.545361+00:00,2026-09-27T09:18:06.734496+00:00,7,
rq1-exact-623-20260926-5x,increasingNumVariables/0039.trace,40155888108d5dd9689e,increasingNumVariables,plain,70,2,6870050c02c17f3d644ae520f295e016a6d1711d908c6205f2f7b3a43dc05e8a,TIMEOUT,SMT_timeout,,,,2008.1517005050046,2026-09-27T07:36:38.639582+00:00,2026-09-27T08:10:06.872426+00:00,7,
rq1-exact-623-20260926-5x,increasingNumVariables/0040.trace,94e91d48897b1b371d6e,increasingNumVariables,plain,135,2,921304a33cc412881d129ebc4b89f7d14cb98cbacb837b96b0d52f7480b96388,TIMEOUT,SMT_timeout,,,,2645.5176299990053,2026-09-27T06:33:25.600542+00:00,2026-09-27T07:17:31.207075+00:00,8,
rq1-exact-623-20260926-5x,increasingNumVariables/0041.trace,d945850f52a268bc40b5,increasingNumVariables,plain,135,2,bcdfd5e3a50997933d37a3c35bdcfe4532a2a6f2c2944afca3bc396dbc775e81,TIMEOUT,SMT_timeout,,,,2390.6822163899997,2026-09-27T09:43:41.769160+00:00,2026-09-27T10:23:32.514639+00:00,8,
rq1-exact-623-20260926-5x,increasingNumVariables/0042.trace,ff220d694b012508e4c4,increasingNumVariables,plain,135,2,6fb57c460326b18a306bcbac89f5dd24e4638385447c38cf39c934ad658135f3,TIMEOUT,SMT_timeout,,,,1790.7555237289998,2026-09-27T06:36:29.715053+00:00,2026-09-27T07:06:20.550645+00:00,7,
rq1-exact-623-20260926-5x,increasingNumVariables/0043.trace,ab1fa8adb1d4937d2e78,increasingNumVariables,plain,135,2,e3c1b84a1d5289ce903b49dc1172b72bd22a43e0a7b8320078e4b49fa2c56a74,TIMEOUT,SMT_timeout,,,,2999.099881410002,2026-09-27T09:52:01.725581+00:00,2026-09-27T10:42:00.887279+00:00,8,
rq1-exact-623-20260926-5x,increasingNumVariables/0044.trace,5691c25a7be1ee4099df,increasingNumVariables,plain,135,2,c9802ea70fc2803345a2dcdd124d7ba6278f5d6c9e712933544a8ee2676a66a4,TIMEOUT,SMT_timeout,,,,1822.7600178150024,2026-09-27T08:43:46.278959+00:00,2026-09-27T09:14:09.115494+00:00,7,
rq1-exact-623-20260926-5x,increasingNumVariables/0045.trace,00c506d5c65df9149f8f,increasingNumVariables,plain,135,2,6032579f6defb002bb46a059d3c5de3598e3390aa67e72422d157126b8156c03,TIMEOUT,SMT_timeout,,,,1759.4184597740023,2026-09-27T08:25:16.968715+00:00,2026-09-27T08:54:36.453888+00:00,7,
rq1-exact-623-20260926-5x,increasingNumVariables/0046.trace,b96dbb6dc3e4d021d34c,increasingNumVariables,plain,135,2,8fef935035582b3dde4e6bb202410be827fe5d53228fb24cd3d34a3e55070a04,TIMEOUT,SMT_timeout,,,,1959.6041126700002,2026-09-27T07:24:40.580069+00:00,2026-09-27T07:57:20.271149+00:00,7,
rq1-exact-623-20260926-5x,increasingNumVariables/0047.trace,6fbac21be3130b9a0018,increasingNumVariables,plain,135,2,d83e3e0d444e396bd86ddd61765b6e891130500f803ad83b5af12213228a973a,TIMEOUT,SMT_timeout,,,,1918.7452045070022,2026-09-27T09:06:26.750432+00:00,2026-09-27T09:38:25.562724+00:00,7,
rq1-exact-623-20260926-5x,increasingNumVariables/0048.trace,da1caf66f0b1fabdacbc,increasingNumVariables,plain,264,2,d4aed58d55a4dd87c058e28a7fc96aad2ca4e792a98ea7b77176a065bc08327a,TIMEOUT,SMT_timeout,,,,1670.5403798939951,2026-09-27T07:28:48.599376+00:00,2026-09-27T07:56:39.218761+00:00,7,
rq1-exact-623-20260926-5x,increasingNumVariables/0049.trace,4436b1af4cf5e7366412,increasingNumVariables,plain,264,2,888c878df35bb95348487ec57bff7a3354f32ccc2a9f41ac35851a4eadfe2afc,TIMEOUT,SMT_timeout,,,,2490.036982546997,2026-09-27T10:07:55.933499+00:00,2026-09-27T10:49:26.032748+00:00,8,
rq1-exact-623-20260926-5x,increasingNumVariables/0050.trace,ef809c43b07d94c7df02,increasingNumVariables,plain,264,2,10fc0669200495687049d1e77843d7dc13d096e88b0771a03def8e260f50dbbb,TIMEOUT,SMT_timeout,,,,1798.8834491509988,2026-09-27T07:17:31.264218+00:00,2026-09-27T07:47:30.227642+00:00,7,
rq1-exact-623-20260926-5x,increasingNumVariables/0051.trace,66918c75e5f3e7570e85,increasingNumVariables,plain,264,2,6672bdeac2b4622012f73f35569222cb61266182f5219bbd6e46b4af8cb2da19,TIMEOUT,SMT_timeout,,,,3000.462753369,2026-09-27T10:23:32.570414+00:00,2026-09-27T11:13:33.095640+00:00,8,
rq1-exact-623-20260926-5x,increasingNumVariables/0052.trace,af2fc924a79816aa4530,increasingNumVariables,plain,264,2,2a19bc3133fc529e868e3edd14b0b7f45a305e34c253078a07b7b224493dbf1b,TIMEOUT,SMT_timeout,,,,1925.6256294970008,2026-09-27T07:06:20.626865+00:00,2026-09-27T07:38:26.335522+00:00,7,
rq1-exact-623-20260926-5x,increasingNumVariables/0053.trace,81da28060b04a2a59a19,increasingNumVariables,plain,264,2,d70cff45984c889f671bc720917824f84e7363cb11be2e73086593ea4d075b6c,TIMEOUT,SMT_timeout,,,,3186.505912056993,2026-09-27T10:42:00.920413+00:00,2026-09-27T11:35:07.488019+00:00,8,
rq1-exact-623-20260926-5x,increasingNumVariables/0054.trace,0d98e2af129900595cc6,increasingNumVariables,plain,264,2,ee356efe02576d0c3b952575033ba350d4966db4ff0addd2363e3e069310b2b5,TIMEOUT,SMT_timeout,,,,1964.0603906940014,2026-09-27T09:14:09.191062+00:00,2026-09-27T09:46:53.331021+00:00,7,
rq1-exact-623-20260926-5x,increasingNumVariables/0055.trace,02ab94ed395b3814f1d5,increasingNumVariables,plain,264,2,b849ed540620164df9234045e83c5dad83662531ec99376f60641f18d283a6e5,TIMEOUT,SMT_timeout,,,,1872.1123524620052,2026-09-27T08:54:36.523113+00:00,2026-09-27T09:25:48.702094+00:00,7,
rq1-exact-623-20260926-5x,moreDetailedTest/0001.trace,9113779f08d78d970274,moreDetailedTest,plain,10,2,4cf4d87b6dcf64d2fe396c8941ee439eef2c07ee0bb76745f986cfca6ad38387,TIMEOUT,SMT_timeout,,,,1991.1953642490043,2026-09-27T02:10:10.382908+00:00,2026-09-27T02:43:21.659472+00:00,7,
rq1-exact-623-20260926-5x,moreDetailedTest/0002.trace,c6152dddaafc013c98f8,moreDetailedTest,plain,10,2,5084c81afcaf06b16b6902315076bf6112f989b054fa18b89b040908463c4d2a,TIMEOUT,SMT_timeout,,,,1950.0810775779973,2026-09-27T03:43:04.707031+00:00,2026-09-27T04:15:34.870014+00:00,8,
rq1-exact-623-20260926-5x,moreDetailedTest/0003.trace,ec0a8b536e75f06ea5c9,moreDetailedTest,plain,10,2,f9f5d3d029d409c5305aa6b97040981e8b92e9d8395100b7b255f1b519919b40,TIMEOUT,SMT_timeout,,,,2092.0341512119994,2026-09-27T02:17:01.191936+00:00,2026-09-27T02:51:53.307350+00:00,7,
rq1-exact-623-20260926-5x,moreDetailedTest/0004.trace,2f57ce79dc18adeb9f59,moreDetailedTest,plain,10,2,e136448c7c701e599a0b3efdcad78036bb9e505fbf0def50d71a99f2f147e298,TIMEOUT,SMT_timeout,,,,2274.258993233998,2026-09-27T03:11:34.933833+00:00,2026-09-27T03:49:29.273480+00:00,7,
rq1-exact-623-20260926-5x,moreDetailedTest/0005.trace,bc95b96377bc16546c5d,moreDetailedTest,plain,10,2,de22b10e381746d23576b1b6da56d8fb96336abaa7a8fcf3af83451d90b053dc,TIMEOUT,SMT_timeout,,,,2545.7686761290024,2026-09-27T03:04:59.808338+00:00,2026-09-27T03:47:25.660526+00:00,7,
rq1-exact-623-20260926-5x,moreDetailedTest/0006.trace,9bb4071d621c2001ce96,moreDetailedTest,plain,10,2,43b61c5334fb0f3169a01dbea98283428ad2fd75d05a745550f085f3e521d13e,TIMEOUT,SMT_timeout,,,,2622.033282764998,2026-09-27T02:55:24.085389+00:00,2026-09-27T03:39:06.201908+00:00,7,
rq1-exact-623-20260926-5x,moreDetailedTest/0007.trace,4d07cb81a9f83c38f78f,moreDetailedTest,plain,10,2,7a0a09d61e11823dea8fbf76baf9035e3e954de856ccb0f15a0ad3ecfe085e64,TIMEOUT,SMT_timeout,,,,3085.9222442440005,2026-09-27T03:12:14.399098+00:00,2026-09-27T04:03:40.407998+00:00,7,
rq1-exact-623-20260926-5x,moreDetailedTest/0008.trace,c0e59cdbea5060266e33,moreDetailedTest,plain,10,2,81fcf02a9c3188214421026ae6f166dd3b5ccadc1ba4fa7e068e9ba3f4817ce9,TIMEOUT,SMT_timeout,,,,3408.858345389999,2026-09-27T02:24:24.532840+00:00,2026-09-27T03:21:13.476782+00:00,7,
rq1-exact-623-20260926-5x,moreDetailedTest/0009.trace,ad3e1859ed6e562ae92a,moreDetailedTest,plain,10,2,56790fbff4317f35615723262cdac2582549afa62898ba3f81853102ff753346,TIMEOUT,SMT_timeout,,,,3364.5577987289944,2026-09-27T02:28:53.579881+00:00,2026-09-27T03:24:58.223693+00:00,7,
rq1-exact-623-20260926-5x,moreDetailedTest/0010.trace,bea2ffbda637f43cfd23,moreDetailedTest,plain,10,2,5e3e0c2c5d3bd4c91cd27e1e8b1cfea9ac7a38750743a778544f7df88c109936,TIMEOUT,SMT_timeout,,,,2066.9801403199963,2026-09-27T03:49:10.816571+00:00,2026-09-27T04:23:37.883411+00:00,6,
rq1-exact-623-20260926-5x,moreDetailedTest/0011.trace,ea03148b307915270f1f,moreDetailedTest,plain,10,2,e38a5917378b9df7d12d300f9eb69929ec77ddb6206f1394ba703e78f7785083,TIMEOUT,SMT_timeout,,,,2121.4598373379995,2026-09-27T02:43:21.731661+00:00,2026-09-27T03:18:43.280873+00:00,6,
rq1-exact-623-20260926-5x,moreDetailedTest/0012.trace,1a0175785b656aa6a1fe,moreDetailedTest,plain,10,2,20038ffb35a9422faf3a508b108755482e87fe9c437e1e9a725582cd1d97d490,TIMEOUT,SMT_timeout,,,,2914.2051998450042,2026-09-27T04:15:34.927035+00:00,2026-09-27T05:04:09.218107+00:00,8,
rq1-exact-623-20260926-5x,moreDetailedTest/0014.trace,a68a8593243d1de1e50b,moreDetailedTest,plain,10,2,ba75fbfc0ad01cc18fc4806b36dde4b7b6f65bfc9dd04659b0fc087e4c2ae893,TIMEOUT,SMT_timeout,,,,1905.594469319003,2026-09-27T03:49:29.396237+00:00,2026-09-27T04:21:15.085413+00:00,7,
rq1-exact-623-20260926-5x,moreDetailedTest/0060.trace,8c7806ac0dd277c67e28,moreDetailedTest,plain,18,2,099d374b4a79e557ce8625dbf70b7ef4051854a9f6f427ea06dfa804137155f0,OPTIMAL,,0,7,"F(&(F(x1),->(F(x0),x0)))",940.6017368359971,2026-09-27T03:22:56.475278+00:00,2026-09-27T03:38:37.158843+00:00,7,
rq1-exact-623-20260926-5x,moreDetailedTest/0061.trace,c050aac0240d1a753a13,moreDetailedTest,plain,18,2,39181bf238c368c6bf999b400b5dc580ed71990f1b8847bb509a88918425558d,OPTIMAL,,0,7,"->(F(x0),F(&(x0,F(x1))))",1416.5298403879933,2026-09-27T05:04:05.900024+00:00,2026-09-27T05:27:42.516773+00:00,7,
rq1-exact-623-20260926-5x,moreDetailedTest/0062.trace,ab480f0ce11630028cbc,moreDetailedTest,plain,18,2,8c05c01f1fa86672e622c5898300ef68087cab4fc917aefd4fa0eb99e0d31ce8,OPTIMAL,,0,7,"F(&(F(x1),->(F(x0),x0)))",1389.7081836049983,2026-09-27T04:17:06.431503+00:00,2026-09-27T04:40:16.223621+00:00,7,
rq1-exact-623-20260926-5x,moreDetailedTest/0063.trace,41e12737886684b6110a,moreDetailedTest,plain,18,2,71ee2e001d753ea974c5b2f5ad823ccc113a64daafa89dabcd113ec476fd9ca8,OPTIMAL,,0,7,"->(F(x0),F(&(F(x1),x0)))",2187.389785620995,2026-09-27T04:24:58.809140+00:00,2026-09-27T05:01:26.282368+00:00,7,
rq1-exact-623-20260926-5x,moreDetailedTest/0064.trace,bc32d642fa8290ccdc3e,moreDetailedTest,plain,18,2,9172e3fe9b33b37e7da8cdc2f455f4a54cb2a904a7da6128c606135935bdecee,TIMEOUT,SMT_timeout,,,,1870.5992449260011,2026-09-27T04:03:40.517192+00:00,2026-09-27T04:34:51.216746+00:00,6,
rq1-exact-623-20260926-5x,moreDetailedTest/0065.trace,0b41545393c3fe19d4e9,moreDetailedTest,plain,18,2,49de086b4b2deb5277c139bb937dd02cb7da0ec67d8e0413ed0599c3758ee5e4,TIMEOUT,SMT_timeout,,,,1930.667790435,2026-09-27T03:57:19.181633+00:00,2026-09-27T04:29:29.944511+00:00,6,
rq1-exact-623-20260926-5x,moreDetailedTest/0066.trace,73a522a7830f19e9ba4e,moreDetailedTest,plain,18,2,cbfc471d055d6f53923782080bf95050aaed9d3165c0bc4c90e820b6576d5892,OPTIMAL,,0,7,"->(F(x0),F(&(F(x1),x0)))",1537.4731188649966,2026-09-27T03:24:58.377477+00:00,2026-09-27T03:50:35.943921+00:00,7,
rq1-exact-623-20260926-5x,moreDetailedTest/0067.trace,697c60c3afa130838b37,moreDetailedTest,plain,18,2,8bfdde9b0d67c345e53fdae02ca930b5a4ee38ecdf22abe9d65008bc14c87ade,TIMEOUT,SMT_timeout,,,,2194.26897895,2026-09-27T04:48:56.128676+00:00,2026-09-27T05:25:30.484736+00:00,6,
rq1-exact-623-20260926-5x,moreDetailedTest/0071.trace,cca318a7985234e2c1b5,moreDetailedTest,plain,67,2,57d13b17b326ec9ce16c93c3b3a3cd58a31d7fea0d319c9f63b4a363c220f75a,TIMEOUT,SMT_timeout,,,,2025.3083605869979,2026-09-27T07:38:03.881670+00:00,2026-09-27T08:11:49.271187+00:00,7,
rq1-exact-623-20260926-5x,moreDetailedTest/0073.trace,4f8c3e333485aafa9f1f,moreDetailedTest,plain,67,2,e742f6337ec6bd9e7bda1c2065502eee6341208300398b0c703fa2b0bb35defd,TIMEOUT,SMT_timeout,,,,2135.160014478999,2026-09-27T06:43:32.887667+00:00,2026-09-27T07:19:08.134028+00:00,7,
rq1-exact-623-20260926-5x,moreDetailedTest/0074.trace,fd0f205a7cabdf1542c3,moreDetailedTest,plain,67,2,2e1fb6f79c6a1faa78f4871a322a26feeec4f3b6891910359cb1e871d607b1e2,TIMEOUT,SMT_timeout,,,,2181.326881324996,2026-09-27T05:39:57.045640+00:00,2026-09-27T06:16:18.455584+00:00,7,
rq1-exact-623-20260926-5x,moreDetailedTest/0075.trace,27332588d6ff2e5e177e,moreDetailedTest,plain,67,2,7996d9940d778813e5fbcdafe6750a3b9a0af65c0477403f060535cc6e24d64f,TIMEOUT,SMT_timeout,,,,2448.3104421499957,2026-09-27T07:15:03.064819+00:00,2026-09-27T07:55:51.455575+00:00,7,
rq1-exact-623-20260926-5x,moreDetailedTest/0076.trace,ad5490d0208a8af107ae,moreDetailedTest,plain,67,2,831e91124dcee39271a6aedcc45c8f5fe5958dd7ae0f3ff4ae212e0c32fe0667,TIMEOUT,SMT_timeout,,,,2782.682495590001,2026-09-27T04:41:48.759692+00:00,2026-09-27T05:28:11.525618+00:00,7,
rq1-exact-623-20260926-5x,moreDetailedTest/0077.trace,2cd97894418df120b043,moreDetailedTest,plain,67,2,b00e1c488a1ff227de8228fb648596ebfe829fd0352e1b171b29410e87917875,TIMEOUT,SMT_timeout,,,,2467.5030293989985,2026-09-27T07:34:58.927383+00:00,2026-09-27T08:16:06.516341+00:00,7,
rq1-exact-623-20260926-5x,moreDetailedTest/0078.trace,de683b3fca448924021a,moreDetailedTest,plain,67,2,7b8192397809be8eb1f97061b084ca8b89710901cf2a3fff0f17b27f7f211ffa,TIMEOUT,SMT_timeout,,,,1838.0109875909984,2026-09-27T05:01:23.629998+00:00,2026-09-27T05:32:01.730541+00:00,6,
rq1-exact-623-20260926-5x,moreDetailedTest/0079.trace,cc7f497f4fcf57fb22f4,moreDetailedTest,plain,67,2,73361930f2abc56658d9de6f4f3cf4ee57a4b1ba1f5dd96eaab48b01b811babb,TIMEOUT,SMT_timeout,,,,2581.7618102989945,2026-09-27T08:08:35.350192+00:00,2026-09-27T08:51:37.182145+00:00,7,
rq1-exact-623-20260926-5x,moreDetailedTest/0080.trace,cac71131d3f3d1ccf9c0,moreDetailedTest,plain,67,2,f88b209c9f44897c74fcb5ea01127241b0ff75ad97d626894bb652e787c86ffc,TIMEOUT,SMT_timeout,,,,2031.893449973999,2026-09-27T04:58:23.482841+00:00,2026-09-27T05:32:15.461652+00:00,6,
rq1-exact-623-20260926-5x,moreDetailedTest/0081.trace,98eedcec895812c7375e,moreDetailedTest,plain,67,2,e6daa1f5db8caa045d341a205eb90d0b19075f97e51295dda11e06a855c805fb,TIMEOUT,SMT_timeout,,,,2057.9590021999975,2026-09-27T08:11:49.361855+00:00,2026-09-27T08:46:07.405395+00:00,6,
rq1-exact-623-20260926-5x,moreDetailedTest/0084.trace,b6a64a178fa289e22da0,moreDetailedTest,plain,67,2,26248e3a236ebf1aa7a6c5bc31aafbc13134a9a5d9990871a12935b8737fc8a3,TIMEOUT,SMT_timeout,,,,1871.624759793005,2026-09-27T06:16:18.556649+00:00,2026-09-27T06:47:30.262172+00:00,7,
rq1-exact-623-20260926-5x,moreDetailedTest/0088.trace,76316d7a3e764f7ecf3a,moreDetailedTest,plain,6,2,f43cb075a600217404d8150609c59e79796ebce8b054f4583035ef7b4b9d6e7c,UNSAT,,,,,838.3098544920031,2026-09-27T00:46:05.767909+00:00,2026-09-27T01:00:04.176571+00:00,6,
rq1-exact-623-20260926-5x,moreDetailedTest/0089.trace,0a0da6d3ccd18b414141,moreDetailedTest,plain,6,2,10eb82fc9b894566e2bdda7fbe063f53fb1f1ab040f98850aea7e910a9bcf07a,UNSAT,,,,,1017.6673326169985,2026-09-26T23:49:48.478136+00:00,2026-09-27T00:06:46.232441+00:00,6,
rq1-exact-623-20260926-5x,moreDetailedTest/0090.trace,29beb468a1c38447a74d,moreDetailedTest,plain,6,2,ec4fab11813386fee859e75b27a799e8016ac7481d19106d22ea040bbdf7c32b,UNSAT,,,,,1194.113135959,2026-09-27T01:08:37.332191+00:00,2026-09-27T01:28:31.528384+00:00,6,
rq1-exact-623-20260926-5x,moreDetailedTest/0091.trace,6b07a04478839def6bba,moreDetailedTest,plain,6,2,5fd6f2cf1a0d0eeb256b4bdcb37d8224953e2cbb7d9ca333188168ce6ccdb57d,UNSAT,,,,,1315.9563930119984,2026-09-27T00:03:57.598749+00:00,2026-09-27T00:25:53.639094+00:00,6,
rq1-exact-623-20260926-5x,moreDetailedTest/0092.trace,d4f5e83ecf71878393df,moreDetailedTest,plain,6,2,5c5aa51423d0defa0ed2cc7df8cd3de4afaee02c847b7d08887824bd0de72351,UNSAT,,,,,1416.7270473149983,2026-09-27T00:56:42.732546+00:00,2026-09-27T01:20:19.544465+00:00,6,
rq1-exact-623-20260926-5x,moreDetailedTest/0093.trace,ae76e98082b702a3aa03,moreDetailedTest,plain,6,2,806ba714d81d3e8de22d2a83623ccbe9a8b2ae65952d868b09fae1a9c6591b06,TIMEOUT,SMT_timeout,,,,1931.795760134999,2026-09-27T00:15:24.992816+00:00,2026-09-27T00:47:36.872535+00:00,6,
rq1-exact-623-20260926-5x,moreDetailedTest/0094.trace,5241eb946294e4f61ea7,moreDetailedTest,plain,6,2,d8a87b17ca65acd920f9826c0a9c8fdb588f555dc94081ffad59d1482b7c0427,UNSAT,,,,,2000.8728899109992,2026-09-27T00:52:51.901816+00:00,2026-09-27T01:26:12.861414+00:00,6,
rq1-exact-623-20260926-5x,moreDetailedTest/0095.trace,6ab2017833d10d182c77,moreDetailedTest,plain,6,2,aacc5e739f98705704ae7b20d558c66a79cef79dd0a61648486cee28a2a04d11,TIMEOUT,SMT_timeout,,,,2178.0493023240015,2026-09-27T00:32:14.468450+00:00,2026-09-27T01:08:32.605645+00:00,6,
rq1-exact-623-20260927-oom-20g,baseTest/0019.trace,cf9ed83597e24957fa66,baseTest,plain,18,2,27f4306dca1eb9c7167d1d78927b29ebea54f66d6ac703d1e64f727b7ce375c1,OPTIMAL,,0,6,"G(->(F(x0),!(x1)))",2508.1472700049926,2026-09-27T12:12:24.757310+00:00,2026-09-27T12:54:15.290201+00:00,6,1-4
rq1-exact-623-20260927-oom-20g,baseTest/0040.trace,0d70c12e22205f66796a,baseTest,plain,10,2,2d01c4a45631c22085feb6cdf4ca13217795df8db1af8aadca86e2d48e488276,OPTIMAL,,0,5,"G(->(x1,G(x0)))",1070.8986713430058,2026-09-27T12:12:24.757561+00:00,2026-09-27T12:30:18.039450+00:00,5,1-4
