task,family,category,B,b,inputSha256,objectiveKind,oracleStatus,optimalRetainedEdges,optimalSize,oracleFormula,oracleReason,oracleCheckedSizes,oracleResultAttemptWallSec,oracleAttemptCount,oracleInterruptedAttemptCount,oracleKnownAttemptsWallSec,ATLAS-BStatus,ATLAS-BObjectivePrimary,ATLAS-BObjectiveSecondary,ATLAS-BWallSec,ATLAS-BVerification,ATLAS-BComparison,MacroATLASStatus,MacroATLASObjectivePrimary,MacroATLASObjectiveSecondary,MacroATLASWallSec,MacroATLASVerification,MacroATLASComparison,evidenceCampaign,evidencePath
5to10Traces/0000.trace,5to10Traces,plain,5,2,77fb428a069a6f5b21aeed975b428548a2642a5226f0e4c2e2ac284777a8614b,MIN_EXPANDED_SIZE,OPTIMAL,,3,!(F(x0)),,3,0.3263976040000216,1,0,0.3263976040000216,SAT,0,3,1.3727129569997487,PASSED,AGREE,SAT,0,3,2.01962475099981,PASSED,AGREE,/srv/macroatlas-rq1-exact/rq1-exact-623-20260926-5x,jobs/861c0302bc8adcc6ba93/result.json
5to10Traces/0002.trace,5to10Traces,plain,5,2,eb40501cc06da1eccd73b8b511a5d40674abeffa8794fa8e717e0fabc662a9eb,MIN_EXPANDED_SIZE,OPTIMAL,,3,!(F(x0)),,3,1.5037171859999034,1,0,1.5037171859999034,SAT,0,3,2.681924471000457,PASSED,AGREE,SAT,0,3,4.9471814619998895,PASSED,AGREE,/srv/macroatlas-rq1-exact/rq1-exact-623-20260926-5x,jobs/59bc874fd556534d47c7/result.json
5to10Traces/0003.trace,5to10Traces,plain,5,2,6f39abe0295506c074ecc2d2ca624dbabd9e790cd4e32e2376c334e22c74ed0b,MIN_EXPANDED_SIZE,OPTIMAL,,3,!(F(x0)),,3,1.5785808860000543,1,0,1.5785808860000543,SAT,0,3,4.130317978000676,PASSED,AGREE,SAT,0,3,4.533624872000473,PASSED,AGREE,/srv/macroatlas-rq1-exact/rq1-exact-623-20260926-5x,jobs/d89ac7120e198974538a/result.json
5to10Traces/0004.trace,5to10Traces,plain,5,2,05629bb4f6035f93350157aa5f7d9a45ae7afd501c1d9cfe01c1c67a1b471a14,MIN_EXPANDED_SIZE,OPTIMAL,,3,G(!(x0)),,3,3.036919726999713,1,0,3.036919726999713,SAT,0,3,4.515630896000403,PASSED,AGREE,SAT,0,3,8.081105343000218,PASSED,AGREE,/srv/macroatlas-rq1-exact/rq1-exact-623-20260926-5x,jobs/d7e67511a93472d1bcfa/result.json
5to10Traces/0005.trace,5to10Traces,plain,5,2,660a589b506704d37a8541151f8c604018739a7d81f670e47eb3eaa1c1d4d439,MIN_EXPANDED_SIZE,OPTIMAL,,3,G(!(x0)),,3,3.2242522480000844,1,0,3.2242522480000844,SAT,0,3,6.6359818910000286,PASSED,AGREE,SAT,0,3,10.412136991000125,PASSED,AGREE,/srv/macroatlas-rq1-exact/rq1-exact-623-20260926-5x,jobs/d3d599eeba94db579d17/result.json
5to10Traces/0006.trace,5to10Traces,plain,5,2,7d3075244c5bbbe213fc317b55abec9af8071310f9d4db6cd3ae780bfd8366dd,MIN_EXPANDED_SIZE,OPTIMAL,,3,!(F(x0)),,3,4.6381952659999115,1,0,4.6381952659999115,SAT,0,3,5.670750630000839,PASSED,AGREE,SAT,0,3,10.76428891500018,PASSED,AGREE,/srv/macroatlas-rq1-exact/rq1-exact-623-20260926-5x,jobs/9ce041c0c0e89d34c785/result.json
5to10Traces/0007.trace,5to10Traces,plain,5,2,18f49d7822132d05f1d4bb6e2811d77950778ba815b21d52c8366d09efeb63b2,MIN_EXPANDED_SIZE,OPTIMAL,,3,!(F(x0)),,3,5.079322915000375,1,0,5.079322915000375,SAT,0,3,10.914950995999789,PASSED,AGREE,SAT,0,3,10.661449472000186,PASSED,AGREE,/srv/macroatlas-rq1-exact/rq1-exact-623-20260926-5x,jobs/97e377ef1559bcdf26ac/result.json
5to10Traces/0008.trace,5to10Traces,plain,5,2,41fc8b607a7d2187795688c08a2796236044c4aecfef14332076b60f8e493d1b,MIN_EXPANDED_SIZE,OPTIMAL,,3,G(!(x0)),,3,6.187051456000063,1,0,6.187051456000063,SAT,0,3,7.987452383000345,PASSED,AGREE,SAT,0,3,17.782749059999333,PASSED,AGREE,/srv/macroatlas-rq1-exact/rq1-exact-623-20260926-5x,jobs/d6b20935f1214c4cac01/result.json
5to10Traces/0009.trace,5to10Traces,plain,5,2,1fa2c89971eb9bf85ddb1903d4936d8b6807ddd6862da4db6a33713d919f22f9,MIN_EXPANDED_SIZE,OPTIMAL,,3,!(F(x0)),,3,6.40898805300003,1,0,6.40898805300003,SAT,0,3,12.560354598999993,PASSED,AGREE,SAT,0,3,16.636009619000106,PASSED,AGREE,/srv/macroatlas-rq1-exact/rq1-exact-623-20260926-5x,jobs/3d63aa5adf1ec4c2ebba/result.json
5to10Traces/0010.trace,5to10Traces,plain,5,2,2c8d5f6b675827a4d0fc5a57c97b8c99adfd9886e1aee9ccba5b50f656dad98c,MIN_EXPANDED_SIZE,OPTIMAL,,3,!(F(x0)),,3,7.677857568000036,1,0,7.677857568000036,SAT,0,3,10.823322652999991,PASSED,AGREE,SAT,0,3,18.472751777999974,PASSED,AGREE,/srv/macroatlas-rq1-exact/rq1-exact-623-20260926-5x,jobs/8c9e67cedc0fceb521be/result.json
5to10Traces/0011.trace,5to10Traces,plain,5,2,e38bf3e3c82d45a788e109824513c902af600af42cf5fa633e528c6fba782796,MIN_EXPANDED_SIZE,OPTIMAL,,3,G(!(x0)),,3,8.262245723999968,1,0,8.262245723999968,SAT,0,3,22.443718737999916,PASSED,AGREE,SAT,0,3,13.36316738000005,PASSED,AGREE,/srv/macroatlas-rq1-exact/rq1-exact-623-20260926-5x,jobs/05271159b766d4536581/result.json
5to10Traces/0012.trace,5to10Traces,plain,5,2,b0ba16143354c8bf8a49bc68a909bda16cdb8008d6a8f5dc909add5fee906128,MIN_EXPANDED_SIZE,OPTIMAL,,3,!(F(x0)),,3,9.36879589299997,1,0,9.36879589299997,SAT,0,3,10.035336608000762,PASSED,AGREE,SAT,0,3,20.086835930999996,PASSED,AGREE,/srv/macroatlas-rq1-exact/rq1-exact-623-20260926-5x,jobs/7ea45400096bddeb6096/result.json
5to10Traces/0013.trace,5to10Traces,plain,5,2,0a8539b9676e0142c7a3d8adc1f088dd222e222568f6c4c0e638bd9d2d1c0025,MIN_EXPANDED_SIZE,OPTIMAL,,3,!(F(x0)),,3,10.166891785000189,1,0,10.166891785000189,SAT,0,3,20.77529031299855,PASSED,AGREE,SAT,0,3,19.623934948998794,PASSED,AGREE,/srv/macroatlas-rq1-exact/rq1-exact-623-20260926-5x,jobs/a486a3dc387534358b77/result.json
5to10Traces/0014.trace,5to10Traces,plain,5,2,327d8396cc8c1a82e18d32f56a21117f218ebf6b88c17672b7bc0d39fff6f5bc,MIN_EXPANDED_SIZE,OPTIMAL,,3,!(F(x0)),,3,10.905108444999769,1,0,10.905108444999769,SAT,0,3,13.081229458999587,PASSED,AGREE,SAT,0,3,16.707587052000235,PASSED,AGREE,/srv/macroatlas-rq1-exact/rq1-exact-623-20260926-5x,jobs/8c5b9b0515e2ad14e6c8/result.json
5to10Traces/0015.trace,5to10Traces,plain,5,2,0f0ec3bcc17fbab360cf629aca37f0d9e5415b296cb77f0082b1ee7567b46347,MIN_EXPANDED_SIZE,OPTIMAL,,3,G(!(x0)),,3,11.765048857000238,1,0,11.765048857000238,SAT,0,3,24.196251706999647,PASSED,AGREE,SAT,0,3,28.15070994600137,PASSED,AGREE,/srv/macroatlas-rq1-exact/rq1-exact-623-20260926-5x,jobs/8fd1b1b6e5b297a719c8/result.json
5to10Traces/0016.trace,5to10Traces,plain,5,2,fbf3dac0c3575546823f9684f2862c2e7dd41a4bf51dc7a1cc1208b93e939e0d,MIN_EXPANDED_SIZE,OPTIMAL,,3,G(!(x0)),,3,12.412207518999821,1,0,12.412207518999821,SAT,0,3,17.120992011,PASSED,AGREE,SAT,0,3,20.123747234999428,PASSED,AGREE,/srv/macroatlas-rq1-exact/rq1-exact-623-20260926-5x,jobs/da554c68b32b9016733b/result.json
5to10Traces/0017.trace,5to10Traces,plain,5,2,45486e7c1a54c0d1b69c7fc4e6221d12e666904407bd082fcfdc0f69768ad5c2,MIN_EXPANDED_SIZE,OPTIMAL,,3,!(F(x0)),,3,13.005650558999605,1,0,13.005650558999605,SAT,0,3,28.869363826999916,PASSED,AGREE,SAT,0,3,23.751465603999918,PASSED,AGREE,/srv/macroatlas-rq1-exact/rq1-exact-623-20260926-5x,jobs/fc4f42980be3b3d61fd3/result.json
5to10Traces/0018.trace,5to10Traces,plain,5,2,2a201848a120d6627cd6a3129527070df72cfba676dee4fc4872104f9611e1e6,MIN_EXPANDED_SIZE,OPTIMAL,,3,!(F(x0)),,3,14.169768928999929,1,0,14.169768928999929,SAT,0,3,19.76913699099896,PASSED,AGREE,SAT,0,3,28.809953281999697,PASSED,AGREE,/srv/macroatlas-rq1-exact/rq1-exact-623-20260926-5x,jobs/e79e933b3389b22bf629/result.json
5to10Traces/0019.trace,5to10Traces,plain,5,2,d2ec63cb54f0d08edb08846e8e8cb304c4b44efa96bb5a3f755504a22f94a765,MIN_EXPANDED_SIZE,OPTIMAL,,3,!(F(x0)),,3,15.27893744999983,1,0,15.27893744999983,SAT,0,3,33.39325099400048,PASSED,AGREE,SAT,0,3,24.430970430999878,PASSED,AGREE,/srv/macroatlas-rq1-exact/rq1-exact-623-20260926-5x,jobs/b9128692243b9d77b2ab/result.json
5to10Traces/0020.trace,5to10Traces,plain,5,2,fa994ea3d9fc4247e0618daf953b8dc940ca28b3068aba53d565728d72de4500,MIN_EXPANDED_SIZE,OPTIMAL,,3,!(F(x0)),,3,16.190463874000216,1,0,16.190463874000216,SAT,0,3,17.90925212600007,PASSED,AGREE,SAT,0,3,35.82780501800005,PASSED,AGREE,/srv/macroatlas-rq1-exact/rq1-exact-623-20260926-5x,jobs/150338740ebfa78a6d27/result.json
5to10Traces/0021.trace,5to10Traces,plain,5,2,762208528583c652bfc45a65086137c0dbc2552587d032bd3d98e729c206c156,MIN_EXPANDED_SIZE,OPTIMAL,,3,!(F(x0)),,3,16.70027233100018,1,0,16.70027233100018,SAT,0,3,37.7047411679996,PASSED,AGREE,SAT,0,3,40.11937716099965,PASSED,AGREE,/srv/macroatlas-rq1-exact/rq1-exact-623-20260926-5x,jobs/c240104f2d1c10377750/result.json
5to10Traces/0022.trace,5to10Traces,plain,10,2,6c80b75187a5ed478cf842bff2085bc613efa684acf8c148e6eaa8f09b40d5c5,MIN_EXPANDED_SIZE,OPTIMAL,,3,"|(x1,X(x1))",,3,0.3668841339995197,1,0,0.3668841339995197,SAT,0,3,1.7231571869997424,PASSED,AGREE,SAT,0,3,3.2575171730004513,PASSED,AGREE,/srv/macroatlas-rq1-exact/rq1-exact-623-20260926-5x,jobs/09c57d5867ac07b92ed9/result.json
5to10Traces/0023.trace,5to10Traces,plain,10,2,1f43e054972e60ab5774a73ec981357b10aa7add71b038501ae6ccb7299587c8,MIN_EXPANDED_SIZE,OPTIMAL,,5,"|(x1,X(&(x1,x2)))",,5,2.6229116099993917,1,0,2.6229116099993917,SAT,0,5,17.95575235599972,PASSED,AGREE,SAT,0,5,6.9591881619999185,PASSED,AGREE,/srv/macroatlas-rq1-exact/rq1-exact-623-20260926-5x,jobs/ee2baae00b06e6ae01ab/result.json
5to10Traces/0024.trace,5to10Traces,plain,10,2,0d57abc1154e4fe68d03e0823d739a52f7893a122f72f3fde9028f3a8ae33c3b,MIN_EXPANDED_SIZE,TIMEOUT,,,,SMT_timeout,8,2229.9069608690006,2,0,2580.636404347001,TIMEOUT,,,180.09462376699958,IN_PROGRESS,UNRESOLVED,TIMEOUT,,,180.06350541499978,IN_PROGRESS,UNRESOLVED,/srv/macroatlas-rq1-exact/rq1-exact-623-20260926-5x,jobs/425c3740a42702250ec9/result.json
5to10Traces/0025.trace,5to10Traces,plain,10,2,38507a0ac6501a233719bcf5b5b67c29c1621684a3e1a855dc0d13a7e773e48f,MIN_EXPANDED_SIZE,TIMEOUT,,,,SMT_timeout,7,1721.6068050940012,2,0,2159.706209408001,TIMEOUT,,,180.13866602999997,IN_PROGRESS,UNRESOLVED,TIMEOUT,,,180.16497409600015,IN_PROGRESS,UNRESOLVED,/srv/macroatlas-rq1-exact/rq1-exact-623-20260926-5x,jobs/7bed5c9b85e434c7744e/result.json
5to10Traces/0026.trace,5to10Traces,plain,10,2,fc3f69ae20507e848cc21ca73eda7dd7bccf867f9de674721df7526c2f6463a1,MIN_EXPANDED_SIZE,TIMEOUT,,,,SMT_timeout,8,3176.2320616510005,2,0,3609.689691937001,TIMEOUT,,,180.1105673940001,IN_PROGRESS,UNRESOLVED,TIMEOUT,,,180.16771608700037,IN_PROGRESS,UNRESOLVED,/srv/macroatlas-rq1-exact/rq1-exact-623-20260926-5x,jobs/acf0474c349a687cabdf/result.json
5to10Traces/0027.trace,5to10Traces,plain,10,2,ebc6ebfd17f860ed1799aaa5836ba235cb0bda9d86eab7bd16a584195748e4ed,MIN_EXPANDED_SIZE,TIMEOUT,,,,SMT_timeout,7,2054.1855273229994,2,0,2706.1451457979992,TIMEOUT,,,180.25112239400005,IN_PROGRESS,UNRESOLVED,TIMEOUT,,,180.22367661099997,IN_PROGRESS,UNRESOLVED,/srv/macroatlas-rq1-exact/rq1-exact-623-20260926-5x,jobs/b4c12816284e431368db/result.json
5to10Traces/0028.trace,5to10Traces,plain,10,2,ff529adeae7753e8593aa98359266dfe653752c9f93b02843e2b714d5969b8e9,MIN_EXPANDED_SIZE,TIMEOUT,,,,SMT_timeout,7,1849.7013104279977,2,0,2366.8814190919975,TIMEOUT,,,180.1657151899999,IN_PROGRESS,UNRESOLVED,TIMEOUT,,,180.13169388000006,IN_PROGRESS,UNRESOLVED,/srv/macroatlas-rq1-exact/rq1-exact-623-20260926-5x,jobs/989d6ebd9cc3c2d86f98/result.json
5to10Traces/0029.trace,5to10Traces,plain,10,2,07a00ad7c82e28b5155dcaa566e300eeff50745de409392212cf2b4fd2399ea7,MIN_EXPANDED_SIZE,TIMEOUT,,,,SMT_timeout,7,2296.6244114340006,2,0,2692.1266431000004,TIMEOUT,,,180.40257828500035,IN_PROGRESS,UNRESOLVED,TIMEOUT,,,180.28053759900104,IN_PROGRESS,UNRESOLVED,/srv/macroatlas-rq1-exact/rq1-exact-623-20260926-5x,jobs/197399f6380e37827dd0/result.json
5to10Traces/0030.trace,5to10Traces,plain,10,2,35f848aca47ffdc2abe20fea5611e3d02f2a02a9a64ad107ce1af81e048c4b11,MIN_EXPANDED_SIZE,TIMEOUT,,,,SMT_timeout,7,2098.6739552440013,3,1,2464.0400340000006,TIMEOUT,,,180.16811998199955,IN_PROGRESS,UNRESOLVED,TIMEOUT,,,180.2267212530005,IN_PROGRESS,UNRESOLVED,/srv/macroatlas-rq1-exact/rq1-exact-623-20260926-5x,jobs/367eb7a8fe42178b329a/result.json
5to10Traces/0031.trace,5to10Traces,plain,10,2,0e62190a102c28fd19abe1f19ac42dcbc0d81046ffc5d271154d27288c3b7d3b,MIN_EXPANDED_SIZE,TIMEOUT,,,,SMT_timeout,7,3013.237744494003,2,0,3459.2833533500034,TIMEOUT,,,180.38295318999917,IN_PROGRESS,UNRESOLVED,TIMEOUT,,,180.31607652899947,IN_PROGRESS,UNRESOLVED,/srv/macroatlas-rq1-exact/rq1-exact-623-20260926-5x,jobs/aeb8390cd26b98245669/result.json
5to10Traces/0032.trace,5to10Traces,plain,10,2,57dd97edf5cc3c106dcad445c7ae0dbdcaa578bc4fc72302ed1652e13a51bc64,MIN_EXPANDED_SIZE,TIMEOUT,,,,SMT_timeout,7,2116.1849837220034,2,0,2796.8178695010038,TIMEOUT,,,180.174753487001,IN_PROGRESS,UNRESOLVED,TIMEOUT,,,180.2186060189997,IN_PROGRESS,UNRESOLVED,/srv/macroatlas-rq1-exact/rq1-exact-623-20260926-5x,jobs/16158fd11cf2e8a92717/result.json
5to10Traces/0033.trace,5to10Traces,plain,10,2,ee7ed51fee44ba93cdbb31b9b14ad02bb32f3de11c0469756dc702c50db80225,MIN_EXPANDED_SIZE,TIMEOUT,,,,SMT_timeout,7,3152.4562733890016,2,0,3655.3835325200016,TIMEOUT,,,180.4347068689999,IN_PROGRESS,UNRESOLVED,TIMEOUT,,,180.44210334000127,IN_PROGRESS,UNRESOLVED,/srv/macroatlas-rq1-exact/rq1-exact-623-20260926-5x,jobs/a3d82e325dbd07a12087/result.json
5to10Traces/0034.trace,5to10Traces,plain,10,2,5359af3606015c7bc80e09ecb994c0944124012d2a334ddb061df8ee7e0ee7e9,MIN_EXPANDED_SIZE,TIMEOUT,,,,SMT_timeout,7,2336.618769708999,2,0,2738.594850747999,TIMEOUT,,,180.1969066540005,IN_PROGRESS,UNRESOLVED,TIMEOUT,,,180.2574698239987,IN_PROGRESS,UNRESOLVED,/srv/macroatlas-rq1-exact/rq1-exact-623-20260926-5x,jobs/a966f1229194d6e6ccb9/result.json
5to10Traces/0035.trace,5to10Traces,plain,10,2,c426873f1d6100da2ac5121d8557a0015b1beb10f5c91e225ec81118451b884b,MIN_EXPANDED_SIZE,TIMEOUT,,,,SMT_timeout,6,1875.745247562998,2,0,2429.6891930149977,TIMEOUT,,,180.43664863100093,IN_PROGRESS,UNRESOLVED,TIMEOUT,,,180.30757711500019,IN_PROGRESS,UNRESOLVED,/srv/macroatlas-rq1-exact/rq1-exact-623-20260926-5x,jobs/98359dad407d6e583d2c/result.json
5to10Traces/0036.trace,5to10Traces,plain,10,2,b1e2aae2986a43365166a93f9337049f72a8d732496765ee22e195921efbf547,MIN_EXPANDED_SIZE,TIMEOUT,,,,SMT_timeout,7,2488.8004411660004,2,0,2914.194253071001,TIMEOUT,,,180.22672139899987,IN_PROGRESS,UNRESOLVED,TIMEOUT,,,180.20730142899993,IN_PROGRESS,UNRESOLVED,/srv/macroatlas-rq1-exact/rq1-exact-623-20260926-5x,jobs/53d997f3c98be7a69aec/result.json
5to10Traces/0037.trace,5to10Traces,plain,10,2,706cc48d00f6e56c776cb6c6f15b2e4616903816e710c5c243f51d0099d07091,MIN_EXPANDED_SIZE,TIMEOUT,,,,SMT_timeout,6,1916.1380217799997,2,0,2487.7268997250003,TIMEOUT,,,180.3771681019998,IN_PROGRESS,UNRESOLVED,TIMEOUT,,,180.33879543800003,IN_PROGRESS,UNRESOLVED,/srv/macroatlas-rq1-exact/rq1-exact-623-20260926-5x,jobs/67941091c1c8cd3753c0/result.json
5to10Traces/0038.trace,5to10Traces,plain,10,2,d411a5a489be3c4f9746e0d02df6458494aa8173562852ada225c09ea49dfee5,MIN_EXPANDED_SIZE,TIMEOUT,,,,SMT_timeout,7,2644.4357083589966,2,0,3106.4717048349967,TIMEOUT,,,180.25630393499978,IN_PROGRESS,UNRESOLVED,TIMEOUT,,,180.2423243910016,IN_PROGRESS,UNRESOLVED,/srv/macroatlas-rq1-exact/rq1-exact-623-20260926-5x,jobs/3007e67cf87893d40cab/result.json
5to10Traces/0039.trace,5to10Traces,plain,10,2,aa9847bdb52c00f1c8ddb561e4735990d45a46974fadc08b61b61d3bbf22efa1,MIN_EXPANDED_SIZE,TIMEOUT,,,,SMT_timeout,6,1954.9934309820019,2,0,2552.6775275080017,TIMEOUT,,,180.35227841899996,IN_PROGRESS,UNRESOLVED,TIMEOUT,,,180.39278693599954,IN_PROGRESS,UNRESOLVED,/srv/macroatlas-rq1-exact/rq1-exact-623-20260926-5x,jobs/bdb305f4151580fb431d/result.json
5to10Traces/0040.trace,5to10Traces,plain,10,2,44f5cbcc1bfb3c796d7ca0e658ddf54d832f3fe4be5a9cdddcbb1e5e8eddf61d,MIN_EXPANDED_SIZE,TIMEOUT,,,,SMT_timeout,7,2776.8316257570004,2,0,3222.5001402469998,TIMEOUT,,,180.31616292099898,IN_PROGRESS,UNRESOLVED,TIMEOUT,,,180.31076510600042,IN_PROGRESS,UNRESOLVED,/srv/macroatlas-rq1-exact/rq1-exact-623-20260926-5x,jobs/52dee0a2e5fb905d65de/result.json
5to10Traces/0041.trace,5to10Traces,plain,10,2,19adba18fde82da20adba26fd41cc7576324db55d448cd26ee2f06aab0e4e69a,MIN_EXPANDED_SIZE,TIMEOUT,,,,SMT_timeout,6,1996.440791856996,2,0,2621.148792455996,TIMEOUT,,,180.27322184500008,IN_PROGRESS,UNRESOLVED,TIMEOUT,,,180.55730849800057,IN_PROGRESS,UNRESOLVED,/srv/macroatlas-rq1-exact/rq1-exact-623-20260926-5x,jobs/aac023994ecfdbc55dae/result.json
5to10Traces/0042.trace,5to10Traces,plain,10,2,5cfb6e0dfec7365f0e68ecb0ad2f4f9871e8800b3c557179eff7b723e201b857,MIN_EXPANDED_SIZE,TIMEOUT,,,,SMT_timeout,7,2902.1747883729986,2,0,3381.4100180609985,TIMEOUT,,,180.2941398440007,IN_PROGRESS,UNRESOLVED,TIMEOUT,,,180.30428219999976,IN_PROGRESS,UNRESOLVED,/srv/macroatlas-rq1-exact/rq1-exact-623-20260926-5x,jobs/510f56ed4ed167a3b251/result.json
5to10Traces/0043.trace,5to10Traces,plain,10,2,0ba767b4a1ffc90b215690664a295541a24c200c57666378d08384c8d5bc52db,MIN_EXPANDED_SIZE,TIMEOUT,,,,SMT_timeout,6,2161.1337113699956,2,0,2885.104776407996,TIMEOUT,,,180.34128805,IN_PROGRESS,UNRESOLVED,TIMEOUT,,,180.6013669240001,IN_PROGRESS,UNRESOLVED,/srv/macroatlas-rq1-exact/rq1-exact-623-20260926-5x,jobs/e49bdb45a6a8febcdba1/result.json
5to10Traces/0044.trace,5to10Traces,plain,18,2,14c046169a257cc5c4e9a2085440c69639c5a2f6631e6aca6d1b14a58a103b8b,MIN_EXPANDED_SIZE,OPTIMAL,,5,"!(|(x1,X(x0)))",,5,1.3229935050003405,1,0,1.3229935050003405,SAT,0,5,1.878731410999535,PASSED,AGREE,SAT,0,5,4.718314739000107,PASSED,AGREE,/srv/macroatlas-rq1-exact/rq1-exact-623-20260926-5x,jobs/ff15b0770ab4e1f710fc/result.json
5to10Traces/0045.trace,5to10Traces,plain,18,2,6be0adea98eb9f7f8aa3bc1d94d8fab75c02fea48f2f56dd13cc3e0b4c5951f9,MIN_EXPANDED_SIZE,OPTIMAL,,5,"&(x0,X(->(F(x0),x0)))",,5,1.887174760000562,1,0,1.887174760000562,SAT,0,5,2.614602012999967,PASSED,AGREE,SAT,0,5,4.528202383000462,PASSED,AGREE,/srv/macroatlas-rq1-exact/rq1-exact-623-20260926-5x,jobs/731fa42c7c58c2c0a755/result.json
5to10Traces/0046.trace,5to10Traces,plain,18,2,5015ab49b8416d7fd346e98aa2c1d6056f2a5e41522ce67ca9331ba5cb7ef5aa,MIN_EXPANDED_SIZE,OPTIMAL,,6,"G(->(F(x0),!(x1)))",,6,14.7857233550003,1,0,14.7857233550003,SAT,0,6,171.8841874109985,PASSED,AGREE,SAT,0,6,19.397464044000117,PASSED,AGREE,/srv/macroatlas-rq1-exact/rq1-exact-623-20260926-5x,jobs/b30b1f539d80e15afa69/result.json
5to10Traces/0047.trace,5to10Traces,plain,18,2,8fce70ae980e6764f2a896a63e52a23cd45fd9c602acf346d208674a041a7ba8,MIN_EXPANDED_SIZE,OPTIMAL,,6,"G(->(F(x0),->(x1,x0)))",,6,37.51980644499963,1,0,37.51980644499963,SAT,0,6,54.131524105999915,PASSED,AGREE,SAT,0,6,30.09781281800042,PASSED,AGREE,/srv/macroatlas-rq1-exact/rq1-exact-623-20260926-5x,jobs/2ffb45e212f13d9a4d00/result.json
5to10Traces/0048.trace,5to10Traces,plain,18,2,014bbe82bb5bd12969eeb2dc31d08d7fae63765cdc8ced993133d22211c15d66,MIN_EXPANDED_SIZE,OPTIMAL,,6,"G(->(x1,G(!(x0))))",,6,41.510132507999515,1,0,41.510132507999515,SAT,0,6,146.14778496600047,PASSED,AGREE,SAT,0,6,66.52492866900002,PASSED,AGREE,/srv/macroatlas-rq1-exact/rq1-exact-623-20260926-5x,jobs/dd2a8a5f37e79bd10b76/result.json
5to10Traces/0049.trace,5to10Traces,plain,18,2,30438c7936428af7ad72cc1315ea699c8be91d6b2fd954c32d5ece0bc742772d,MIN_EXPANDED_SIZE,OPTIMAL,,6,"G(->(x1,!(F(x0))))",,6,48.69175484999869,1,0,48.69175484999869,SAT,0,6,112.33268870200004,PASSED,AGREE,SAT,0,6,66.11670541500098,PASSED,AGREE,/srv/macroatlas-rq1-exact/rq1-exact-623-20260926-5x,jobs/a9596c7fb50c40c4aa02/result.json
5to10Traces/0050.trace,5to10Traces,plain,18,2,e8a823e3c3a7b888a9cbb620f2002d454a22f181ad3c3d6bad1204fb0f76904b,MIN_EXPANDED_SIZE,OPTIMAL,,6,"G(->(x1,!(F(x0))))",,6,63.203739966000285,1,0,63.203739966000285,TIMEOUT,,,180.15658324000015,IN_PROGRESS,UNRESOLVED,SAT,0,6,80.69513191800002,PASSED,AGREE,/srv/macroatlas-rq1-exact/rq1-exact-623-20260926-5x,jobs/673b0aa31331b5bc51cd/result.json
5to10Traces/0051.trace,5to10Traces,plain,18,2,73f4ee93b2ae99232e726fb217d7d554449a94a0e373248232b5425de7aed882,MIN_EXPANDED_SIZE,OPTIMAL,,6,"!(F(&(x1,F(x0))))",,6,109.44706777700048,1,0,109.44706777700048,TIMEOUT,,,180.24438588699923,IN_PROGRESS,UNRESOLVED,SAT,0,6,160.59481774899996,PASSED,AGREE,/srv/macroatlas-rq1-exact/rq1-exact-623-20260926-5x,jobs/c3be721976dc8cb5a379/result.json
5to10Traces/0052.trace,5to10Traces,plain,18,2,91ff15f195ca072afe71e536812bb9f6c402c6f3e2f227a1c1997ddd407c5988,MIN_EXPANDED_SIZE,OPTIMAL,,6,"G(->(F(x0),!(x1)))",,6,104.97779949300002,1,0,104.97779949300002,TIMEOUT,,,180.1733771069994,IN_PROGRESS,UNRESOLVED,SAT,0,6,101.94759540199993,PASSED,AGREE,/srv/macroatlas-rq1-exact/rq1-exact-623-20260926-5x,jobs/d0d469fb2907c8ee21f8/result.json
5to10Traces/0053.trace,5to10Traces,plain,18,2,e7248279f2a15a5de11d23fd419dd208c9e4f00722658331d9ffea70eb2a14f3,MIN_EXPANDED_SIZE,OPTIMAL,,6,"G(->(F(x0),!(x1)))",,6,83.93237494499954,1,0,83.93237494499954,TIMEOUT,,,180.32882913899994,IN_PROGRESS,UNRESOLVED,TIMEOUT,,,180.2247242859994,IN_PROGRESS,UNRESOLVED,/srv/macroatlas-rq1-exact/rq1-exact-623-20260926-5x,jobs/5c40af3644c2b258d1ea/result.json
5to10Traces/0054.trace,5to10Traces,plain,18,2,cdef96667f3e06b99fe679140c3e1979c0841dfc1c39b27629fcb3bb58e25741,MIN_EXPANDED_SIZE,OPTIMAL,,6,"G(->(x1,!(F(x0))))",,6,99.00843534199885,1,0,99.00843534199885,TIMEOUT,,,180.19045383900084,IN_PROGRESS,UNRESOLVED,SAT,0,6,138.37059616399983,PASSED,AGREE,/srv/macroatlas-rq1-exact/rq1-exact-623-20260926-5x,jobs/f16f76ff32f2b45844a7/result.json
5to10Traces/0055.trace,5to10Traces,plain,18,2,6ac3094d3b73be048f62252ce02bec18ad576cacbd3f2032dd829ad3d37a8888,MIN_EXPANDED_SIZE,OPTIMAL,,6,"G(->(x1,G(!(x0))))",,6,183.0320373579998,1,0,183.0320373579998,TIMEOUT,,,180.3187483820002,IN_PROGRESS,UNRESOLVED,TIMEOUT,,,180.2931578810003,IN_PROGRESS,UNRESOLVED,/srv/macroatlas-rq1-exact/rq1-exact-623-20260926-5x,jobs/142931611f38b33836e2/result.json
5to10Traces/0056.trace,5to10Traces,plain,18,2,20f4e14ed1677bec1373dcd944e30d8cfc45c5fa4e2a9e72082654e3c7c07d55,MIN_EXPANDED_SIZE,OPTIMAL,,6,"G(!(&(x1,F(x0))))",,6,120.80279281900039,1,0,120.80279281900039,TIMEOUT,,,180.27425986700018,IN_PROGRESS,UNRESOLVED,TIMEOUT,,,180.2408226059997,IN_PROGRESS,UNRESOLVED,/srv/macroatlas-rq1-exact/rq1-exact-623-20260926-5x,jobs/ee61466889a59ae85d87/result.json
5to10Traces/0057.trace,5to10Traces,plain,18,2,23eef4fd79d5c9dca6054fb5076ba2e9ca74f1c58562f751761a687cb97c8225,MIN_EXPANDED_SIZE,OPTIMAL,,6,"G(!(&(F(x0),x1)))",,6,188.91804382999908,1,0,188.91804382999908,TIMEOUT,,,180.2867300050002,IN_PROGRESS,UNRESOLVED,TIMEOUT,,,180.24763009400021,IN_PROGRESS,UNRESOLVED,/srv/macroatlas-rq1-exact/rq1-exact-623-20260926-5x,jobs/09a8e13fc25434622e01/result.json
5to10Traces/0058.trace,5to10Traces,plain,18,2,ca7e3124f44c2b26b59839f88d1effc0bb59258816a64d1e31a04caed2a3c093,MIN_EXPANDED_SIZE,OPTIMAL,,6,"G(->(x1,G(!(x0))))",,6,151.00083526199887,1,0,151.00083526199887,TIMEOUT,,,180.22138904599979,IN_PROGRESS,UNRESOLVED,TIMEOUT,,,180.28668728799857,IN_PROGRESS,UNRESOLVED,/srv/macroatlas-rq1-exact/rq1-exact-623-20260926-5x,jobs/f5cbd546c58ea6033ff7/result.json
5to10Traces/0059.trace,5to10Traces,plain,18,2,1a57e62a9cd8a4b5a550a414264c541abedfaf0ecb8a6cc02a6fec1bd623c0b0,MIN_EXPANDED_SIZE,OPTIMAL,,6,"G(!(&(F(x0),x1)))",,6,187.95216732900008,1,0,187.95216732900008,TIMEOUT,,,180.36873480400027,IN_PROGRESS,UNRESOLVED,TIMEOUT,,,180.2562994789987,IN_PROGRESS,UNRESOLVED,/srv/macroatlas-rq1-exact/rq1-exact-623-20260926-5x,jobs/08e6c14f26ed50e38304/result.json
5to10Traces/0060.trace,5to10Traces,plain,18,2,89c502bda45cb21889bc87970c566b7ec35390aff17b424c7cec9d21e656c633,MIN_EXPANDED_SIZE,OPTIMAL,,6,"G(->(x1,G(!(x0))))",,6,181.16455680900071,1,0,181.16455680900071,TIMEOUT,,,180.30173458100035,IN_PROGRESS,UNRESOLVED,TIMEOUT,,,180.30036989399923,IN_PROGRESS,UNRESOLVED,/srv/macroatlas-rq1-exact/rq1-exact-623-20260926-5x,jobs/69719365a9d9ffc0952a/result.json
5to10Traces/0061.trace,5to10Traces,plain,18,2,b0f1a823becc45ec700901a4d17a8fb4a2747ae6558a0a7ee75914e2a8bf19c2,MIN_EXPANDED_SIZE,OPTIMAL,,6,"G(->(F(x0),!(x1)))",,6,245.9896756369999,1,0,245.9896756369999,TIMEOUT,,,180.46781865699995,IN_PROGRESS,UNRESOLVED,TIMEOUT,,,180.37977592300012,IN_PROGRESS,UNRESOLVED,/srv/macroatlas-rq1-exact/rq1-exact-623-20260926-5x,jobs/2b17ff8896c5872ade1f/result.json
5to10Traces/0062.trace,5to10Traces,plain,18,2,659578e22d18330e18c4bd6eac4e1e2a4cc66cc0b6764d215dba3d25570d0d4e,MIN_EXPANDED_SIZE,OPTIMAL,,6,"!(F(&(F(x0),x1)))",,6,176.11566259900064,1,0,176.11566259900064,TIMEOUT,,,180.3149293890001,IN_PROGRESS,UNRESOLVED,TIMEOUT,,,180.2597190900001,IN_PROGRESS,UNRESOLVED,/srv/macroatlas-rq1-exact/rq1-exact-623-20260926-5x,jobs/980178c1dd5647d8a792/result.json
5to10Traces/0063.trace,5to10Traces,plain,18,2,2ce63ff5e34cef24daee6a38e21f61b2a9b228d75356b8ec857a53c0be00c773,MIN_EXPANDED_SIZE,OPTIMAL,,6,"G(->(x1,!(F(x0))))",,6,248.8761034629988,1,0,248.8761034629988,TIMEOUT,,,180.5750721689983,IN_PROGRESS,UNRESOLVED,TIMEOUT,,,180.31694080599982,IN_PROGRESS,UNRESOLVED,/srv/macroatlas-rq1-exact/rq1-exact-623-20260926-5x,jobs/8a5ef82d0038a6aab994/result.json
5to10Traces/0064.trace,5to10Traces,plain,18,2,4739f9e06f3c05ec3596ff9831d461a251a6384e5b72166a6596b77e3f6fe6b3,MIN_EXPANDED_SIZE,OPTIMAL,,6,"G(->(x1,!(F(x0))))",,6,231.6607573479996,1,0,231.6607573479996,TIMEOUT,,,180.30701945200053,IN_PROGRESS,UNRESOLVED,TIMEOUT,,,180.27381448300002,IN_PROGRESS,UNRESOLVED,/srv/macroatlas-rq1-exact/rq1-exact-623-20260926-5x,jobs/8e0e6925c57e3e7d8243/result.json
5to10Traces/0065.trace,5to10Traces,plain,18,2,2f6f12b0ce96437e99643656a191987fe3e29e5ea11200883df97544dbeaa31f,MIN_EXPANDED_SIZE,OPTIMAL,,6,"!(F(&(x1,F(x0))))",,6,286.2193288140006,1,0,286.2193288140006,TIMEOUT,,,180.5250343429998,IN_PROGRESS,UNRESOLVED,TIMEOUT,,,180.35552543499944,IN_PROGRESS,UNRESOLVED,/srv/macroatlas-rq1-exact/rq1-exact-623-20260926-5x,jobs/f4b463246e4362150961/result.json
5to10Traces/0066.trace,5to10Traces,plain,18,2,be366ea181bd705203673a02f3beb9307e2b7f2428e44e84f12e6d02991f1a4e,MIN_EXPANDED_SIZE,OPTIMAL,,2,F(x1),,2,0.1477448669993464,1,0,0.1477448669993464,SAT,0,2,1.6545555960001366,PASSED,AGREE,SAT,0,2,1.2506315919999906,PASSED,AGREE,/srv/macroatlas-rq1-exact/rq1-exact-623-20260926-5x,jobs/93468839643e45c76ed0/result.json
5to10Traces/0068.trace,5to10Traces,plain,18,2,b8c4141464e79c6eaaed0c2f296370039049719c1228e7e6b019fc381050f8a2,MIN_EXPANDED_SIZE,OPTIMAL,,7,"&(|(G(F(x1)),X(x0)),F(x1))",,7,90.36438985899986,1,0,90.36438985899986,TIMEOUT,,,180.08142386100008,IN_PROGRESS,UNRESOLVED,SAT,0,7,53.55928005800024,PASSED,AGREE,/srv/macroatlas-rq1-exact/rq1-exact-623-20260926-5x,jobs/c07fecbb303c52e75c14/result.json
5to10Traces/0069.trace,5to10Traces,plain,18,2,69f6ca91822c321e18396ab634066518e44a44b6f64bdfeb4c83956d8a4095f6,MIN_EXPANDED_SIZE,OPTIMAL,,2,F(x1),,2,0.6712172240004293,1,0,0.6712172240004293,SAT,0,2,6.490260601000045,PASSED,AGREE,SAT,0,2,1.8504339350000691,PASSED,AGREE,/srv/macroatlas-rq1-exact/rq1-exact-623-20260926-5x,jobs/435711cff0306bc46c94/result.json
5to10Traces/0070.trace,5to10Traces,plain,18,2,a5e13ab1eb3be7dc2415e0c02ec5362d6e303166b8c91d28a3670fa657d6279d,MIN_EXPANDED_SIZE,OPTIMAL,,7,"->(F(x0),F(&(x0,F(x1))))",,7,178.9268235110012,1,0,178.9268235110012,TIMEOUT,,,180.11717449000025,IN_PROGRESS,UNRESOLVED,SAT,0,7,117.24768112600032,PASSED,AGREE,/srv/macroatlas-rq1-exact/rq1-exact-623-20260926-5x,jobs/2c8bc0e38bfa10cf76b2/result.json
5to10Traces/0071.trace,5to10Traces,plain,18,2,46b83e7e6b53a7da44fc411f1088825e0272c13e8143b4c9eeeb2ef3d110cb26,MIN_EXPANDED_SIZE,OPTIMAL,,5,"F(&(x0,X(x1)))",,5,19.860293705000004,1,0,19.860293705000004,SAT,0,5,81.19796074199985,PASSED,AGREE,SAT,0,5,35.976796984999964,PASSED,AGREE,/srv/macroatlas-rq1-exact/rq1-exact-623-20260926-5x,jobs/313682e126b8b521f5dc/result.json
5to10Traces/0072.trace,5to10Traces,plain,18,2,5a765703a495b808f153726282d69d93ac2f988c6a385bfc19d5234ff374d7f4,MIN_EXPANDED_SIZE,OPTIMAL,,7,"->(F(x0),F(&(F(x1),x0)))",,7,222.67402383599983,1,0,222.67402383599983,TIMEOUT,,,180.1350613069999,IN_PROGRESS,UNRESOLVED,TIMEOUT,0,7,180.08732566599974,PASSED,UNRESOLVED,/srv/macroatlas-rq1-exact/rq1-exact-623-20260926-5x,jobs/015a9b80a8e28e0b2b57/result.json
5to10Traces/0073.trace,5to10Traces,plain,18,2,796cc73a47026adb51fe9c60fc5a6bf2fab504caa9bf10868738968b723c7858,MIN_EXPANDED_SIZE,OPTIMAL,,5,"F(&(x0,F(x1)))",,5,34.25165555199965,1,0,34.25165555199965,SAT,0,5,106.26332112799992,PASSED,AGREE,SAT,0,5,88.3137777070001,PASSED,AGREE,/srv/macroatlas-rq1-exact/rq1-exact-623-20260926-5x,jobs/bec22b131ef73935ee7b/result.json
5to10Traces/0074.trace,5to10Traces,plain,18,2,17a8172a264c432b22b6195f94909869d4a7b32b69d4fe159beebda0c06d060c,MIN_EXPANDED_SIZE,OPTIMAL,,7,"F(&(F(x1),->(F(x0),x0)))",,7,485.1240702339992,1,0,485.1240702339992,TIMEOUT,,,180.18140305999987,IN_PROGRESS,UNRESOLVED,TIMEOUT,,,180.19580395899993,IN_PROGRESS,UNRESOLVED,/srv/macroatlas-rq1-exact/rq1-exact-623-20260926-5x,jobs/c1a80dda9337eb03aea7/result.json
5to10Traces/0075.trace,5to10Traces,plain,18,2,839c7f703e8cdbddd265b823b571ea03e2daca58a23f1493feff60c796373619,MIN_EXPANDED_SIZE,OPTIMAL,,5,"F(&(F(x1),x0))",,5,42.51987273699888,1,0,42.51987273699888,SAT,0,5,67.80401813599929,PASSED,AGREE,SAT,0,5,111.57244979900133,PASSED,AGREE,/srv/macroatlas-rq1-exact/rq1-exact-623-20260926-5x,jobs/0cd897e584b64a6f18f1/result.json
5to10Traces/0076.trace,5to10Traces,plain,18,2,4a481963aaa32652946def7cfc9f5619c28a3cdab2e2e295fa79bcd026e61c82,MIN_EXPANDED_SIZE,OPTIMAL,,7,"F(&(->(F(x0),x0),F(x1)))",,7,509.32832421400053,1,0,509.32832421400053,TIMEOUT,,,180.23439923200021,IN_PROGRESS,UNRESOLVED,TIMEOUT,,,180.22833939299971,IN_PROGRESS,UNRESOLVED,/srv/macroatlas-rq1-exact/rq1-exact-623-20260926-5x,jobs/f8c89767dfcc85d1a502/result.json
5to10Traces/0077.trace,5to10Traces,plain,18,2,37be0b9dadbe653282583062331b1d0b8c75f19c11d87996a10a06629585968b,MIN_EXPANDED_SIZE,OPTIMAL,,5,"F(&(F(x1),x0))",,5,48.64658526599851,1,0,48.64658526599851,TIMEOUT,,,180.29908704299987,IN_PROGRESS,UNRESOLVED,SAT,0,5,170.30190697500075,PASSED,AGREE,/srv/macroatlas-rq1-exact/rq1-exact-623-20260926-5x,jobs/dcc7d0bb677c2a5924ba/result.json
5to10Traces/0078.trace,5to10Traces,plain,18,2,38647e132ee55de9993f8c59a208e35d4c2ce6487de2fac015c6509a0f9e6b3c,MIN_EXPANDED_SIZE,OPTIMAL,,7,"F(&(x1,|(G(F(x1)),x0)))",,7,743.4979109199994,2,0,1141.3679484170007,TIMEOUT,,,180.25830147800116,IN_PROGRESS,UNRESOLVED,TIMEOUT,,,180.219513494,IN_PROGRESS,UNRESOLVED,/srv/macroatlas-rq1-exact/rq1-exact-623-20260926-5x,jobs/14911b77eef8ab088a4d/result.json
5to10Traces/0079.trace,5to10Traces,plain,18,2,6b1f34756a919d6f363f39c71ab2178ce9a2b7c6a15cb0d3988ef8e04e59e7d3,MIN_EXPANDED_SIZE,OPTIMAL,,7,"F(|(G(F(x1)),&(x0,F(x1))))",,7,1862.9075575509996,2,0,2309.773487369999,TIMEOUT,,,180.3816780800007,IN_PROGRESS,UNRESOLVED,TIMEOUT,,,180.28903073500078,IN_PROGRESS,UNRESOLVED,/srv/macroatlas-rq1-exact/rq1-exact-623-20260926-5x,jobs/dab3233cb2438a12d495/result.json
5to10Traces/0080.trace,5to10Traces,plain,18,2,f2434042464636c57e3f95690a219a0e946ad0f386c0b30fe37d6445d6301399,MIN_EXPANDED_SIZE,OPTIMAL,,7,"->(F(x0),F(&(F(x1),x0)))",,7,1003.2840878500065,2,0,1431.6202695430056,TIMEOUT,,,180.29924556200058,IN_PROGRESS,UNRESOLVED,TIMEOUT,,,180.30543912400026,IN_PROGRESS,UNRESOLVED,/srv/macroatlas-rq1-exact/rq1-exact-623-20260926-5x,jobs/af0d6cb1d39b1ccbb1bd/result.json
5to10Traces/0081.trace,5to10Traces,plain,18,2,708450a78b236ce7eaba4691c29adff08e77676f2cb2a2cda38d5b44d96f876a,MIN_EXPANDED_SIZE,OPTIMAL,,5,"F(&(F(x1),x0))",,5,70.53634483400037,1,0,70.53634483400037,SAT,0,5,171.713683304999,PASSED,AGREE,TIMEOUT,,,180.3565002080004,IN_PROGRESS,UNRESOLVED,/srv/macroatlas-rq1-exact/rq1-exact-623-20260926-5x,jobs/509222e956922b677584/result.json
5to10Traces/0082.trace,5to10Traces,plain,18,2,4cd2b5c3744207c1bb88b4c6530198d66a9b5f692ade912133a82a8b55436b94,MIN_EXPANDED_SIZE,OPTIMAL,,7,"->(F(x0),F(&(x0,F(x1))))",,7,1349.4040347699993,2,0,1783.7486649719995,TIMEOUT,,,180.27809523299948,IN_PROGRESS,UNRESOLVED,TIMEOUT,,,180.26860892500008,IN_PROGRESS,UNRESOLVED,/srv/macroatlas-rq1-exact/rq1-exact-623-20260926-5x,jobs/01fe863d09d83f5fd862/result.json
5to10Traces/0083.trace,5to10Traces,plain,18,2,0092a507c55a5a4282a41def1ce2999d755b8d97fb91d2fe0eded9a1fa81ffd8,MIN_EXPANDED_SIZE,OPTIMAL,,5,"F(&(F(x1),x0))",,5,95.72027275400069,1,0,95.72027275400069,TIMEOUT,,,180.38079707700035,IN_PROGRESS,UNRESOLVED,TIMEOUT,,,180.36494387699895,IN_PROGRESS,UNRESOLVED,/srv/macroatlas-rq1-exact/rq1-exact-623-20260926-5x,jobs/50bf60505b25ad89fc89/result.json
5to10Traces/0084.trace,5to10Traces,plain,18,2,90b35332457b1de8f31e323bc011ba287b72e2f64855510dfd38861206238f9e,MIN_EXPANDED_SIZE,OPTIMAL,,7,"F(&(->(F(x0),x0),F(x1)))",,7,2165.3814855090022,2,0,2609.873253835003,TIMEOUT,,,180.29360266599906,IN_PROGRESS,UNRESOLVED,TIMEOUT,,,180.26188067900148,IN_PROGRESS,UNRESOLVED,/srv/macroatlas-rq1-exact/rq1-exact-623-20260926-5x,jobs/4cf0451487ef633e1d35/result.json
5to10Traces/0085.trace,5to10Traces,plain,18,2,962abce4353536cc3b40909494550e87ae35ec3d917b025b9727780e9074c2ac,MIN_EXPANDED_SIZE,OPTIMAL,,5,"F(&(F(x1),x0))",,5,109.39628652099964,1,0,109.39628652099964,TIMEOUT,,,180.45334799500006,IN_PROGRESS,UNRESOLVED,SAT,0,5,151.081310182999,PASSED,AGREE,/srv/macroatlas-rq1-exact/rq1-exact-623-20260926-5x,jobs/7820fd0095ba424169e5/result.json
5to10Traces/0086.trace,5to10Traces,plain,18,2,929b50c651ec3b1e85ea1b9db831d7236326feb88b6dbd8e7feaa83ad80291f1,MIN_EXPANDED_SIZE,OPTIMAL,,7,"->(F(x0),F(&(x0,F(x1))))",,7,1517.9044763570055,2,0,2041.5201698060064,TIMEOUT,,,180.28545304900013,IN_PROGRESS,UNRESOLVED,TIMEOUT,,,180.33835083300073,IN_PROGRESS,UNRESOLVED,/srv/macroatlas-rq1-exact/rq1-exact-623-20260926-5x,jobs/df298dcc2e3ef24e7249/result.json
5to10Traces/0087.trace,5to10Traces,plain,18,2,ba2473e07d4ef1cc752c3df0883e089989827b9dac948df541f3be6543952417,MIN_EXPANDED_SIZE,OPTIMAL,,5,"F(&(F(x1),x0))",,5,92.04901671900006,1,0,92.04901671900006,TIMEOUT,,,180.55027384099958,IN_PROGRESS,UNRESOLVED,TIMEOUT,,,180.37871248599913,IN_PROGRESS,UNRESOLVED,/srv/macroatlas-rq1-exact/rq1-exact-623-20260926-5x,jobs/fa591f0019bdf0ba72a2/result.json
5to10Traces/0088.trace,5to10Traces,plain,3,2,7a07ac4d8b0c8cb38deb1004b65846c157259ffb4f5548d7963544aac1cca8d2,MIN_EXPANDED_SIZE,OPTIMAL,,2,F(x0),,2,0.12886199700005818,1,0,0.12886199700005818,SAT,0,2,1.1428172060004727,PASSED,AGREE,SAT,0,2,1.140705945000036,PASSED,AGREE,/srv/macroatlas-rq1-exact/rq1-exact-623-20260926-5x,jobs/d1f3841b8987a2838401/result.json
5to10Traces/0090.trace,5to10Traces,plain,3,2,aae4d3cc849f2b5a7e0584e99d69fb211c2f31bb4dc3fd6e19b24b8d24d723e7,MIN_EXPANDED_SIZE,OPTIMAL,,2,F(x0),,2,0.5449607649998143,1,0,0.5449607649998143,SAT,0,2,2.135918590000074,PASSED,AGREE,SAT,0,2,1.763678195000466,PASSED,AGREE,/srv/macroatlas-rq1-exact/rq1-exact-623-20260926-5x,jobs/c04def4b066f97f3b331/result.json
5to10Traces/0091.trace,5to10Traces,plain,3,2,631f0c457dbe50cec8cf550316abcb72b4d5a50890fa3ebffe13f433ccc4b5cb,MIN_EXPANDED_SIZE,OPTIMAL,,2,F(x0),,2,0.5940795569999864,1,0,0.5940795569999864,SAT,0,2,3.0647630370003753,PASSED,AGREE,SAT,0,2,2.0097695920012484,PASSED,AGREE,/srv/macroatlas-rq1-exact/rq1-exact-623-20260926-5x,jobs/606ac866fc5b11ae61d2/result.json
5to10Traces/0092.trace,5to10Traces,plain,3,2,62ea86f634cfac925dd12ebd7ea482b5fb3baeee8d14c5660c3a9644a3fa5912,MIN_EXPANDED_SIZE,OPTIMAL,,2,F(x0),,2,1.1359374109999862,1,0,1.1359374109999862,SAT,0,2,3.0695874859998185,PASSED,AGREE,SAT,0,2,2.3647131670004455,PASSED,AGREE,/srv/macroatlas-rq1-exact/rq1-exact-623-20260926-5x,jobs/8607646d8f3d4ec6f273/result.json
5to10Traces/0093.trace,5to10Traces,plain,3,2,1f7a3bfe898eeb704830223ce1a03d66aa0a1819d554c73d9249e9e11f5f6416,MIN_EXPANDED_SIZE,OPTIMAL,,2,F(x0),,2,1.1241280250001182,1,0,1.1241280250001182,SAT,0,2,4.733798696999656,PASSED,AGREE,SAT,0,2,2.401995338999768,PASSED,AGREE,/srv/macroatlas-rq1-exact/rq1-exact-623-20260926-5x,jobs/3ea769d6a5d30301b209/result.json
5to10Traces/0094.trace,5to10Traces,plain,3,2,cf035066127ad327132c81cc964e05ab03813f8cd80476dd27099088393ab63a,MIN_EXPANDED_SIZE,OPTIMAL,,2,F(x0),,2,1.5979772279999906,1,0,1.5979772279999906,SAT,0,2,3.7817514330000677,PASSED,AGREE,SAT,0,2,2.960348018001241,PASSED,AGREE,/srv/macroatlas-rq1-exact/rq1-exact-623-20260926-5x,jobs/afedb5a164649ddb0969/result.json
5to10Traces/0095.trace,5to10Traces,plain,3,2,969646a38bc6bc704a38a19c2bc089befbedff76da85252b4f0454cf7ca53f0e,MIN_EXPANDED_SIZE,OPTIMAL,,2,F(x0),,2,1.7477309869998408,1,0,1.7477309869998408,SAT,0,2,9.335372106999785,PASSED,AGREE,SAT,0,2,3.1797265680002056,PASSED,AGREE,/srv/macroatlas-rq1-exact/rq1-exact-623-20260926-5x,jobs/8611b44313877d4eee92/result.json
5to10Traces/0096.trace,5to10Traces,plain,3,2,9e8986cbce62921405456d7978fa1091f428c3cedf59d10e01cb987e4c6c4ee6,MIN_EXPANDED_SIZE,OPTIMAL,,2,F(x0),,2,2.1512483179999435,1,0,2.1512483179999435,SAT,0,2,4.504125219000343,PASSED,AGREE,SAT,0,2,3.609374875999947,PASSED,AGREE,/srv/macroatlas-rq1-exact/rq1-exact-623-20260926-5x,jobs/21aab346f5e499208eba/result.json
5to10Traces/0097.trace,5to10Traces,plain,3,2,36c74123004bf554286ebf3fbf6e0f9b4505302bf15f0fdee14eef2158b9c364,MIN_EXPANDED_SIZE,OPTIMAL,,2,F(x0),,2,2.2145115860000715,1,0,2.2145115860000715,SAT,0,2,9.566422734998923,PASSED,AGREE,SAT,0,2,3.570265490001475,PASSED,AGREE,/srv/macroatlas-rq1-exact/rq1-exact-623-20260926-5x,jobs/7bb59f8193f85b46d241/result.json
5to10Traces/0098.trace,5to10Traces,plain,3,2,ce337958f9cb1506bf6ebe597c8c3e73ec58f29c61a50599552376d2a26a0dec,MIN_EXPANDED_SIZE,OPTIMAL,,2,F(x0),,2,2.7205263920000107,1,0,2.7205263920000107,SAT,0,2,6.208065143000113,PASSED,AGREE,SAT,0,2,3.768558715000836,PASSED,AGREE,/srv/macroatlas-rq1-exact/rq1-exact-623-20260926-5x,jobs/ee39761a6f02ecd35acf/result.json
5to10Traces/0099.trace,5to10Traces,plain,3,2,c152a3542a2cfa8f0a9b44f8c2b462f744c64c750d256d066eec5363f634e9e4,MIN_EXPANDED_SIZE,OPTIMAL,,2,F(x0),,2,2.846428353000192,1,0,2.846428353000192,SAT,0,2,11.661113596999712,PASSED,AGREE,SAT,0,2,4.266004777000489,PASSED,AGREE,/srv/macroatlas-rq1-exact/rq1-exact-623-20260926-5x,jobs/ceff28633009f60032cf/result.json
5to10Traces/0100.trace,5to10Traces,plain,3,2,b385b1b83e1ba702a7e5529e05d998e662379fac0cb8e524ec316b8c70f44830,MIN_EXPANDED_SIZE,OPTIMAL,,2,F(x0),,2,3.311852297999849,1,0,3.311852297999849,SAT,0,2,6.808529966000151,PASSED,AGREE,SAT,0,2,4.119439955000416,PASSED,AGREE,/srv/macroatlas-rq1-exact/rq1-exact-623-20260926-5x,jobs/18cea1e32a15e52b3369/result.json
5to10Traces/0101.trace,5to10Traces,plain,3,2,372b9838d8266f416e41aa875ecca19abe8623178268fe6bc729bd22a9fc7775,MIN_EXPANDED_SIZE,OPTIMAL,,2,F(x0),,2,3.465959739000027,1,0,3.465959739000027,SAT,0,2,12.438389658999768,PASSED,AGREE,SAT,0,2,4.766937372998655,PASSED,AGREE,/srv/macroatlas-rq1-exact/rq1-exact-623-20260926-5x,jobs/857d588df2050ec0b704/result.json
5to10Traces/0102.trace,5to10Traces,plain,3,2,b780914745d7bbc088f58293ac0eb364e8086bfbccba6fd53d071b9a4fdadc02,MIN_EXPANDED_SIZE,OPTIMAL,,2,F(x0),,2,3.729400152000153,1,0,3.729400152000153,SAT,0,2,8.810729520000677,PASSED,AGREE,SAT,0,2,6.428128903000015,PASSED,AGREE,/srv/macroatlas-rq1-exact/rq1-exact-623-20260926-5x,jobs/949cc403c3b03a69ca70/result.json
5to10Traces/0103.trace,5to10Traces,plain,3,2,e1a3034eb29a3ce2cdc0011b004fc8cfe908ae000a29283ae55944c0b36bcd9b,MIN_EXPANDED_SIZE,OPTIMAL,,2,F(x0),,2,3.891155361999836,1,0,3.891155361999836,SAT,0,2,16.90764774499985,PASSED,AGREE,SAT,0,2,5.366930524999589,PASSED,AGREE,/srv/macroatlas-rq1-exact/rq1-exact-623-20260926-5x,jobs/0da9deadefde9a6ef73d/result.json
5to10Traces/0104.trace,5to10Traces,plain,3,2,3ee39a99cc109097f05b7991cc51b4e4a6db2c271cb9d6598152d17238349cb1,MIN_EXPANDED_SIZE,OPTIMAL,,2,F(x0),,2,4.291395427999987,1,0,4.291395427999987,SAT,0,2,9.707048043999748,PASSED,AGREE,SAT,0,2,4.828492632999996,PASSED,AGREE,/srv/macroatlas-rq1-exact/rq1-exact-623-20260926-5x,jobs/6958110de129ff82ead4/result.json
5to10Traces/0105.trace,5to10Traces,plain,3,2,abb42f8c7226c387421d21d7148df6ff92155bea62f30a15fd0dd6e191c5b81b,MIN_EXPANDED_SIZE,OPTIMAL,,2,F(x0),,2,4.574535941000022,1,0,4.574535941000022,SAT,0,2,16.519396342999244,PASSED,AGREE,SAT,0,2,5.200390908001282,PASSED,AGREE,/srv/macroatlas-rq1-exact/rq1-exact-623-20260926-5x,jobs/d3c3e51e943ef06be72d/result.json
5to10Traces/0106.trace,5to10Traces,plain,3,2,9593852e462db7fcb6ebe1f947471ac2acb167a391edb99c28d7ea92ee701ef3,MIN_EXPANDED_SIZE,OPTIMAL,,2,F(x0),,2,4.794363894999833,1,0,4.794363894999833,SAT,0,2,10.254189063000013,PASSED,AGREE,SAT,0,2,5.3251882450003905,PASSED,AGREE,/srv/macroatlas-rq1-exact/rq1-exact-623-20260926-5x,jobs/f3bef946e934300600b8/result.json
5to10Traces/0107.trace,5to10Traces,plain,3,2,178d6d3d64ff35e0e1ff913cca0c8d0a07ce0195a3712dfbfad369cdd25dcdec,MIN_EXPANDED_SIZE,OPTIMAL,,2,F(x0),,2,5.180273859999943,1,0,5.180273859999943,SAT,0,2,20.72822625500021,PASSED,AGREE,SAT,0,2,5.442185600999437,PASSED,AGREE,/srv/macroatlas-rq1-exact/rq1-exact-623-20260926-5x,jobs/951d944d17eb0a254502/result.json
5to10Traces/0108.trace,5to10Traces,plain,3,2,f696ac90e9140a1845d027e5579384548ee806f1e2495d49bdfd806b44ea86e3,MIN_EXPANDED_SIZE,OPTIMAL,,2,F(x0),,2,5.457509120000168,1,0,5.457509120000168,SAT,0,2,10.828915084999608,PASSED,AGREE,SAT,0,2,5.569829545000175,PASSED,AGREE,/srv/macroatlas-rq1-exact/rq1-exact-623-20260926-5x,jobs/aa5e995da6d68d58ee21/result.json
5to10Traces/0109.trace,5to10Traces,plain,3,2,aeb5a317c4e0a898dcbeb6bed86b860c48c88f68e233287d49df9e3de9c62e3e,MIN_EXPANDED_SIZE,OPTIMAL,,2,F(x0),,2,5.835647854999934,1,0,5.835647854999934,SAT,0,2,23.372286902999804,PASSED,AGREE,SAT,0,2,7.111776201000794,PASSED,AGREE,/srv/macroatlas-rq1-exact/rq1-exact-623-20260926-5x,jobs/badd7ac3390b235db9b4/result.json
5to10Traces/0110.trace,5to10Traces,plain,67,2,e1f66e56770e41f59288cd527b24b9791a8b7cf4ccfdd90634bdb644cdaa5f38,MIN_EXPANDED_SIZE,OPTIMAL,,2,G(x0),,2,0.14842132599915203,1,0,0.14842132599915203,SAT,0,2,1.7049760659997446,PASSED,AGREE,SAT,0,2,1.1354238660005649,PASSED,AGREE,/srv/macroatlas-rq1-exact/rq1-exact-623-20260926-5x,jobs/db9e8526602a9dc63389/result.json
5to10Traces/0112.trace,5to10Traces,plain,67,2,091a04c7c5936ecbfa22c19ce53f1f45fe5914a8b4c437064960db8fdbc56c7d,MIN_EXPANDED_SIZE,OPTIMAL,,2,G(x0),,2,0.5364932230004342,1,0,0.5364932230004342,SAT,0,2,3.8069317689987656,PASSED,AGREE,SAT,0,2,2.080859159001193,PASSED,AGREE,/srv/macroatlas-rq1-exact/rq1-exact-623-20260926-5x,jobs/c463673727b6ef4460b4/result.json
5to10Traces/0114.trace,5to10Traces,plain,67,2,5be77e06b023af1250463756bf06f6c5db3c04a372a3f491f29ab97e931bf38a,MIN_EXPANDED_SIZE,TIMEOUT,,,,SMT_timeout,8,2498.208084447004,2,0,2919.4271811490034,TIMEOUT,,,180.12923738100017,IN_PROGRESS,UNRESOLVED,TIMEOUT,,,180.14163433700014,IN_PROGRESS,UNRESOLVED,/srv/macroatlas-rq1-exact/rq1-exact-623-20260926-5x,jobs/284fa4f76815844a918e/result.json
5to10Traces/0116.trace,5to10Traces,plain,67,2,04648b1607ab764a7a9a2bd046edfeacf74a58b108d36b72db4e30d627a9c954,MIN_EXPANDED_SIZE,OPTIMAL,,7,"G(&(x0,|(F(x2),x1)))",,7,328.9542258299989,1,0,328.9542258299989,TIMEOUT,,,180.15287411200006,IN_PROGRESS,UNRESOLVED,TIMEOUT,,,180.13897709499997,IN_PROGRESS,UNRESOLVED,/srv/macroatlas-rq1-exact/rq1-exact-623-20260926-5x,jobs/5baceb0da562e46724a5/result.json
5to10Traces/0117.trace,5to10Traces,plain,67,2,d3c2fe8052ecf8528a9b8d2977e9aa4d2c511d320c9111e21202eb2dbf3a9567,MIN_EXPANDED_SIZE,OPTIMAL,,4,"&(x1,G(x0))",,4,12.902542384999833,1,0,12.902542384999833,TIMEOUT,,,180.21010490699882,IN_PROGRESS,UNRESOLVED,SAT,0,4,42.27589666200015,PASSED,AGREE,/srv/macroatlas-rq1-exact/rq1-exact-623-20260926-5x,jobs/005af8af24c523788c62/result.json
5to10Traces/0118.trace,5to10Traces,plain,67,2,7a61766dc359d3151e0d4e1ee04e9405401715c35b35d6cf874a6f7e3a076354,MIN_EXPANDED_SIZE,TIMEOUT,,,,SMT_timeout,7,2009.1638966559985,2,0,2612.9384304849973,TIMEOUT,,,180.1413509949998,IN_PROGRESS,UNRESOLVED,TIMEOUT,,,180.15703423600007,IN_PROGRESS,UNRESOLVED,/srv/macroatlas-rq1-exact/rq1-exact-623-20260926-5x,jobs/bb8b1b2c26661b7268d8/result.json
5to10Traces/0119.trace,5to10Traces,plain,67,2,ef685ef6eb2164beed9d2227784f11e537a9265388d76c9bed067e1b32573d25,MIN_EXPANDED_SIZE,OPTIMAL,,2,G(x0),,2,2.756771096999728,1,0,2.756771096999728,SAT,0,2,21.343372348999765,PASSED,AGREE,SAT,0,2,3.6436876200004917,PASSED,AGREE,/srv/macroatlas-rq1-exact/rq1-exact-623-20260926-5x,jobs/c4025e52f2b77d358eaa/result.json
5to10Traces/0120.trace,5to10Traces,plain,67,2,e8f11d243d801f3d266cdee6419fd70266e2f09691110c367022d4a00a6198cb,MIN_EXPANDED_SIZE,OPTIMAL,,2,G(x0),,2,2.636310402998788,1,0,2.636310402998788,SAT,0,2,12.88123758799884,PASSED,AGREE,SAT,0,2,4.128732900000614,PASSED,AGREE,/srv/macroatlas-rq1-exact/rq1-exact-623-20260926-5x,jobs/d7f330b1209004d82fcf/result.json
5to10Traces/0121.trace,5to10Traces,plain,67,2,e45333bddeaa1e9ab771c42877b7697ed4fdd5374692a194e80178ce15b63daf,MIN_EXPANDED_SIZE,OPTIMAL,,2,G(x0),,2,3.5332526879992656,1,0,3.5332526879992656,SAT,0,2,32.14558755300095,PASSED,AGREE,SAT,0,2,4.606575863999751,PASSED,AGREE,/srv/macroatlas-rq1-exact/rq1-exact-623-20260926-5x,jobs/19a93c73f63338a0d444/result.json
5to10Traces/0122.trace,5to10Traces,plain,67,2,897a5ba441da1c6902f1cdc93cee4464c6082662af684976e07981c9a6b917d3,MIN_EXPANDED_SIZE,TIMEOUT,,,,SMT_timeout,7,2438.121009100003,2,0,2837.745972773002,TIMEOUT,,,180.1765166210007,IN_PROGRESS,UNRESOLVED,TIMEOUT,,,180.2351314080006,IN_PROGRESS,UNRESOLVED,/srv/macroatlas-rq1-exact/rq1-exact-623-20260926-5x,jobs/e3200b3320441c50b4aa/result.json
5to10Traces/0124.trace,5to10Traces,plain,67,2,55ab5b41efbf8296ff4d2cbe513f62334719832cba180ff0c7ad5be330854371,MIN_EXPANDED_SIZE,TIMEOUT,,,,SMT_timeout,7,2543.160632125,2,0,2961.688192456999,TIMEOUT,,,180.19189928700007,IN_PROGRESS,UNRESOLVED,TIMEOUT,,,180.2164103260002,IN_PROGRESS,UNRESOLVED,/srv/macroatlas-rq1-exact/rq1-exact-623-20260926-5x,jobs/84be0f222006cf0a33c1/result.json
5to10Traces/0125.trace,5to10Traces,plain,67,2,43c3aa17eb255777403ee0c951142e46a4b2758997d2e1254ffeb9ce010ae2c1,MIN_EXPANDED_SIZE,OPTIMAL,,2,G(x0),,2,5.0528477230000135,1,0,5.0528477230000135,SAT,0,2,44.88109988399992,PASSED,AGREE,SAT,0,2,5.556245570000101,PASSED,AGREE,/srv/macroatlas-rq1-exact/rq1-exact-623-20260926-5x,jobs/4519b24804f7fe4d7c37/result.json
5to10Traces/0126.trace,5to10Traces,plain,67,2,06b8f145441a4c53b4a1f07f068961f9d977fdc8ca1bae46737002179a95f00e,MIN_EXPANDED_SIZE,TIMEOUT,,,,SMT_timeout,7,2658.782632718998,2,0,3111.198675646998,TIMEOUT,,,180.230481778,IN_PROGRESS,UNRESOLVED,TIMEOUT,,,180.28455729300003,IN_PROGRESS,UNRESOLVED,/srv/macroatlas-rq1-exact/rq1-exact-623-20260926-5x,jobs/f7049eeaae035bd1af62/result.json
5to10Traces/0127.trace,5to10Traces,plain,67,2,38b148e43e53e0ba5fb58e99548c5349a8584426d82a0641034aee72f07c14dc,MIN_EXPANDED_SIZE,OPTIMAL,,2,G(x0),,2,5.50700041699929,1,0,5.50700041699929,SAT,0,2,51.82910946499942,PASSED,AGREE,SAT,0,2,5.510879740000746,PASSED,AGREE,/srv/macroatlas-rq1-exact/rq1-exact-623-20260926-5x,jobs/f1461e9fb06f2aeb64a6/result.json
5to10Traces/0128.trace,5to10Traces,plain,67,2,b5d6342146db3553a3dcf5758ec58215536115c1632db0303a0b7e62d038592a,MIN_EXPANDED_SIZE,TIMEOUT,,,,SMT_timeout,7,2759.2608628559974,2,0,3223.223826239997,TIMEOUT,,,180.31734446500013,IN_PROGRESS,UNRESOLVED,TIMEOUT,,,180.2520503070009,IN_PROGRESS,UNRESOLVED,/srv/macroatlas-rq1-exact/rq1-exact-623-20260926-5x,jobs/dc960399681cbacef18f/result.json
5to10Traces/0129.trace,5to10Traces,plain,67,2,c5e3de677a29cdb03406f7da996e01021bb5366f8583362622373c7513d2f3ca,MIN_EXPANDED_SIZE,OPTIMAL,,2,G(x0),,2,6.297455637999519,1,0,6.297455637999519,SAT,0,2,57.336564741000075,PASSED,AGREE,SAT,0,2,6.868176370000583,PASSED,AGREE,/srv/macroatlas-rq1-exact/rq1-exact-623-20260926-5x,jobs/5525def873ec568b32c5/result.json
5to10Traces/0130.trace,5to10Traces,plain,67,2,7eeea4da9600647b4ca3c724512372bbb595ada3823a84b02f170fa928a4c6bf,MIN_EXPANDED_SIZE,TIMEOUT,,,,SMT_timeout,7,2942.180702866004,2,0,3413.738903815003,TIMEOUT,,,180.26771116999953,IN_PROGRESS,UNRESOLVED,TIMEOUT,,,180.2880737079995,IN_PROGRESS,UNRESOLVED,/srv/macroatlas-rq1-exact/rq1-exact-623-20260926-5x,jobs/782cbd1133a506750df4/result.json
5to10Traces/0131.trace,5to10Traces,plain,67,2,c5c4a92ab8c6b7948f51749b2d9e2562d7f73ff62a72766c117bab32d44c8618,MIN_EXPANDED_SIZE,OPTIMAL,,6,"&(G(x0),->(x3,x2))",,6,393.9924217030002,1,0,393.9924217030002,TIMEOUT,,,180.40516678400127,IN_PROGRESS,UNRESOLVED,TIMEOUT,,,180.35000267600117,IN_PROGRESS,UNRESOLVED,/srv/macroatlas-rq1-exact/rq1-exact-623-20260926-5x,jobs/f31806d203e0e269c648/result.json
5to10Traces/0132.trace,5to10Traces,plain,3,2,b8f04080b403b525d4739677abc2261552d7e90a544a4b029ca6c415ea2d8b4f,MIN_EXPANDED_SIZE,OPTIMAL,,2,G(x0),,2,0.13221172499993372,1,0,0.13221172499993372,SAT,0,2,1.0612291450001976,PASSED,AGREE,SAT,0,2,1.1900107049987128,PASSED,AGREE,/srv/macroatlas-rq1-exact/rq1-exact-623-20260926-5x,jobs/ef542e494ed39f2fb219/result.json
5to10Traces/0134.trace,5to10Traces,plain,3,2,b9a86b47eaf5db55f3666241002af9f574c3f021a944ea482f846dbf92122d19,MIN_EXPANDED_SIZE,OPTIMAL,,2,G(x0),,2,0.5420953100001498,1,0,0.5420953100001498,SAT,0,2,2.003905071999725,PASSED,AGREE,SAT,0,2,1.650785806001295,PASSED,AGREE,/srv/macroatlas-rq1-exact/rq1-exact-623-20260926-5x,jobs/78228e3dceb51c3d0689/result.json
5to10Traces/0135.trace,5to10Traces,plain,3,2,1b6cceba381c9c55c8430ee1ee6b4571c1253381b79984b3214b0df3c84af5ae,MIN_EXPANDED_SIZE,OPTIMAL,,2,G(x0),,2,0.5960634679997838,1,0,0.5960634679997838,SAT,0,2,3.1216785479991813,PASSED,AGREE,SAT,0,2,1.9375355089996447,PASSED,AGREE,/srv/macroatlas-rq1-exact/rq1-exact-623-20260926-5x,jobs/ecf124953b4c8976ea48/result.json
5to10Traces/0136.trace,5to10Traces,plain,3,2,4862d0411c76482cbd08f868d034567e7f25612117230e55a8f33bc967d0257d,MIN_EXPANDED_SIZE,OPTIMAL,,2,G(x0),,2,1.0660102100000586,1,0,1.0660102100000586,SAT,0,2,3.0050308470003984,PASSED,AGREE,SAT,0,2,2.3691491359986685,PASSED,AGREE,/srv/macroatlas-rq1-exact/rq1-exact-623-20260926-5x,jobs/b5e9b15e45c76280abb3/result.json
5to10Traces/0137.trace,5to10Traces,plain,3,2,06a4f0323c3063b2759ca99fa5e10bf8f6fc5fff6b9cf7ec7fcd745abafd1f3a,MIN_EXPANDED_SIZE,OPTIMAL,,2,G(x0),,2,1.1150542800000949,1,0,1.1150542800000949,SAT,0,2,4.549852105001264,PASSED,AGREE,SAT,0,2,2.551739601999998,PASSED,AGREE,/srv/macroatlas-rq1-exact/rq1-exact-623-20260926-5x,jobs/af27e66eea8d8635c698/result.json
5to10Traces/0138.trace,5to10Traces,plain,3,2,09f0d6edaa326743df4626e398323c88e54ccc3996da89c4ac50e088a460f418,MIN_EXPANDED_SIZE,OPTIMAL,,2,G(x0),,2,1.6013700860000881,1,0,1.6013700860000881,SAT,0,2,3.8983792799990624,PASSED,AGREE,SAT,0,2,2.853238505999798,PASSED,AGREE,/srv/macroatlas-rq1-exact/rq1-exact-623-20260926-5x,jobs/646974e5d14a391b5060/result.json
5to10Traces/0139.trace,5to10Traces,plain,3,2,bf7944e4c8fc98df28f2164a293c37173fe918ab58c61018526a048088c84fc7,MIN_EXPANDED_SIZE,OPTIMAL,,2,G(x0),,2,1.6947302229998513,1,0,1.6947302229998513,SAT,0,2,7.419548834000125,PASSED,AGREE,SAT,0,2,2.909048628999699,PASSED,AGREE,/srv/macroatlas-rq1-exact/rq1-exact-623-20260926-5x,jobs/ef959f1502429b2f6bf8/result.json
5to10Traces/0140.trace,5to10Traces,plain,3,2,799116c644e6dcce5d5f7359b49af06ac7f6a7597b28ebc0af2447732535679d,MIN_EXPANDED_SIZE,OPTIMAL,,2,G(x0),,2,2.12584167,1,0,2.12584167,SAT,0,2,4.524965206999923,PASSED,AGREE,SAT,0,2,3.244038041999943,PASSED,AGREE,/srv/macroatlas-rq1-exact/rq1-exact-623-20260926-5x,jobs/658db9220c38a5b59bf4/result.json
5to10Traces/0141.trace,5to10Traces,plain,3,2,eaaa14beeeee68786188f6926149a68b31cafde21a0dee43ee6800922b11834f,MIN_EXPANDED_SIZE,OPTIMAL,,2,G(x0),,2,2.310010200000079,1,0,2.310010200000079,SAT,0,2,9.520881766000457,PASSED,AGREE,SAT,0,2,3.451768611999796,PASSED,AGREE,/srv/macroatlas-rq1-exact/rq1-exact-623-20260926-5x,jobs/5146f3fcc47abd7418ff/result.json
5to10Traces/0142.trace,5to10Traces,plain,3,2,436b64ca4da5bdacfc8950be816246e2cc610f8ec153de76d6de51765295127d,MIN_EXPANDED_SIZE,OPTIMAL,,2,G(x0),,2,2.685345761999997,1,0,2.685345761999997,SAT,0,2,6.260428157000206,PASSED,AGREE,SAT,0,2,3.987030684000274,PASSED,AGREE,/srv/macroatlas-rq1-exact/rq1-exact-623-20260926-5x,jobs/8f7fa5954a8f501f7ade/result.json
5to10Traces/0143.trace,5to10Traces,plain,3,2,23f66a69bf200e03b6a5fe7fe0c81ab0b5dded3605a6a4f86290dba127b209a0,MIN_EXPANDED_SIZE,OPTIMAL,,2,G(x0),,2,2.800693128000148,1,0,2.800693128000148,SAT,0,2,11.682977258000392,PASSED,AGREE,SAT,0,2,3.6546119790000375,PASSED,AGREE,/srv/macroatlas-rq1-exact/rq1-exact-623-20260926-5x,jobs/3714602eb691ed72aefb/result.json
5to10Traces/0144.trace,5to10Traces,plain,3,2,604fd17a18204fd9bec122e669ecccc314f471b58a39ccb29b6af9a238ff456e,MIN_EXPANDED_SIZE,OPTIMAL,,2,G(x0),,2,3.2560318710000047,1,0,3.2560318710000047,SAT,0,2,6.962311246000354,PASSED,AGREE,SAT,0,2,4.176121589999639,PASSED,AGREE,/srv/macroatlas-rq1-exact/rq1-exact-623-20260926-5x,jobs/cb3a03145ef0806d17f1/result.json
5to10Traces/0145.trace,5to10Traces,plain,3,2,f0e2bde72ac3567604f09ae166019f0a2ce10cece29e4ed24dad2092598bc0f6,MIN_EXPANDED_SIZE,OPTIMAL,,2,G(x0),,2,3.4021600769999623,1,0,3.4021600769999623,SAT,0,2,12.892798422999476,PASSED,AGREE,SAT,0,2,4.6136178799999925,PASSED,AGREE,/srv/macroatlas-rq1-exact/rq1-exact-623-20260926-5x,jobs/16f0fa684fb788448d84/result.json
5to10Traces/0146.trace,5to10Traces,plain,3,2,93a3bb585734055b11004058e88a658f78a400e8ea2036c5ddff5db42549bd0f,MIN_EXPANDED_SIZE,OPTIMAL,,2,G(x0),,2,3.772810497000137,1,0,3.772810497000137,SAT,0,2,8.425265822000256,PASSED,AGREE,SAT,0,2,4.731959508999353,PASSED,AGREE,/srv/macroatlas-rq1-exact/rq1-exact-623-20260926-5x,jobs/6aea39392c02537ea7cb/result.json
5to10Traces/0147.trace,5to10Traces,plain,3,2,d01635d37957b69b76d355d254efc5f4394e536dfecdfe9d75264b441c802a5d,MIN_EXPANDED_SIZE,OPTIMAL,,2,G(x0),,2,4.112827812999967,1,0,4.112827812999967,SAT,0,2,16.697963845999766,PASSED,AGREE,SAT,0,2,5.1577223819999745,PASSED,AGREE,/srv/macroatlas-rq1-exact/rq1-exact-623-20260926-5x,jobs/56f6359c5f2de5fbf63d/result.json
5to10Traces/0148.trace,5to10Traces,plain,3,2,c7d77813a74ca26f649eb0561259f3a5cad1014bd795b1fa361c58c242ab03fb,MIN_EXPANDED_SIZE,OPTIMAL,,2,G(x0),,2,4.471430111000018,1,0,4.471430111000018,SAT,0,2,8.227672092998546,PASSED,AGREE,SAT,0,2,5.1544856450000225,PASSED,AGREE,/srv/macroatlas-rq1-exact/rq1-exact-623-20260926-5x,jobs/2c7a940b94783307f909/result.json
5to10Traces/0149.trace,5to10Traces,plain,3,2,dc750485e1b246b59418d8b42c562354e1f671c984191df12f963494e8079044,MIN_EXPANDED_SIZE,OPTIMAL,,2,G(x0),,2,4.640832848000173,1,0,4.640832848000173,SAT,0,2,17.86525746999996,PASSED,AGREE,SAT,0,2,5.45984167000006,PASSED,AGREE,/srv/macroatlas-rq1-exact/rq1-exact-623-20260926-5x,jobs/aa04d1169534447fe945/result.json
5to10Traces/0150.trace,5to10Traces,plain,3,2,8e09912a622de8882f0f7db7d6babe6c3bb7c6ba055a3a40a1665e45b82599ed,MIN_EXPANDED_SIZE,OPTIMAL,,2,G(x0),,2,4.786545733000139,1,0,4.786545733000139,SAT,0,2,10.947991059999822,PASSED,AGREE,SAT,0,2,5.500062448998506,PASSED,AGREE,/srv/macroatlas-rq1-exact/rq1-exact-623-20260926-5x,jobs/05f529cf937f50f5b6cf/result.json
5to10Traces/0151.trace,5to10Traces,plain,3,2,e98a99d67e1970c2d431177825de7a20ffb2543cbaf9ddff8358954141101c52,MIN_EXPANDED_SIZE,OPTIMAL,,2,G(x0),,2,5.1952368070001285,1,0,5.1952368070001285,SAT,0,2,20.370973459001107,PASSED,AGREE,SAT,0,2,6.15967376899971,PASSED,AGREE,/srv/macroatlas-rq1-exact/rq1-exact-623-20260926-5x,jobs/6fbe3a89ac40dee84128/result.json
5to10Traces/0152.trace,5to10Traces,plain,3,2,48bc0b6afc1d05a106c6a545b028f53d2841adbaf2761ee1d25653821ac6020d,MIN_EXPANDED_SIZE,OPTIMAL,,2,G(x0),,2,5.469863499999974,1,0,5.469863499999974,SAT,0,2,10.78423658499969,PASSED,AGREE,SAT,0,2,5.78916190199925,PASSED,AGREE,/srv/macroatlas-rq1-exact/rq1-exact-623-20260926-5x,jobs/fcee03ea6ff3dd7dae81/result.json
5to10Traces/0153.trace,5to10Traces,plain,3,2,9f4bd41aab16e2e41288202c56344218a42573d8ee800a22c6623b29e76448e1,MIN_EXPANDED_SIZE,OPTIMAL,,2,G(x0),,2,5.6649103120000746,1,0,5.6649103120000746,SAT,0,2,21.746545224999863,PASSED,AGREE,SAT,0,2,6.270731666999836,PASSED,AGREE,/srv/macroatlas-rq1-exact/rq1-exact-623-20260926-5x,jobs/04a6ce1698aeb6d34e5f/result.json
5to10Traces/0154.trace,5to10Traces,plain,6,2,86ea5d1e67f32593afcf9ca718f0f15de0bdeb895fea6b059c15320ab4bf0ee9,MIN_EXPANDED_SIZE,OPTIMAL,,5,"|(x1,&(x0,X(x1)))",,5,1.4114738750004108,1,0,1.4114738750004108,SAT,0,5,4.67567143999986,PASSED,AGREE,SAT,0,5,3.415711606000059,PASSED,AGREE,/srv/macroatlas-rq1-exact/rq1-exact-623-20260926-5x,jobs/d12450dc50adbf46dc0c/result.json
5to10Traces/0155.trace,5to10Traces,plain,6,2,cac4f35d45dd50acfc42000fba2cc7c8316cd1b38aba1dacf04663c1fffed8cb,MIN_EXPANDED_SIZE,OPTIMAL,,1,x1,,1,0.05008646999976918,1,0,0.05008646999976918,SAT,0,1,2.4309707599986723,PASSED,AGREE,SAT,0,1,1.13763160399958,PASSED,AGREE,/srv/macroatlas-rq1-exact/rq1-exact-623-20260926-5x,jobs/2dc9737c783ee432c97b/result.json
5to10Traces/0156.trace,5to10Traces,plain,6,2,22793e02187ed3410cdf3eab2afe065fe084e6adab1ab091856f7d442b6526d8,MIN_EXPANDED_SIZE,UNSAT,,,,,6,51.857719889000236,1,0,51.857719889000236,UNSAT,0,0,101.93009254400022,NOT_APPLICABLE_UNSAT,AGREE,UNSAT,0,0,61.39779574299973,NOT_APPLICABLE_UNSAT,AGREE,/srv/macroatlas-rq1-exact/rq1-exact-623-20260926-5x,jobs/3bc6025bef7a25138806/result.json
5to10Traces/0157.trace,5to10Traces,plain,6,2,588f3e17285d00e0ef25a984d20cb2c7311b5f83e1a7b7cfd03f0d91845196cb,MIN_EXPANDED_SIZE,UNSAT,,,,,6,220.60550673600028,2,0,373.7924994460004,TIMEOUT,,,180.13342658299962,IN_PROGRESS,UNRESOLVED,UNSAT,0,0,132.88383080400126,NOT_APPLICABLE_UNSAT,AGREE,/srv/macroatlas-rq1-exact/rq1-exact-623-20260926-5x,jobs/4f3e31ce1c666716160f/result.json
5to10Traces/0158.trace,5to10Traces,plain,6,2,5366c4744106435515ba36ff3a0abe3eab73b21822dacf475bab1e42886251a5,MIN_EXPANDED_SIZE,UNSAT,,,,,6,137.60095870199984,1,0,137.60095870199984,TIMEOUT,,,180.07157677400005,IN_PROGRESS,UNRESOLVED,UNSAT,0,0,70.79849687099886,NOT_APPLICABLE_UNSAT,AGREE,/srv/macroatlas-rq1-exact/rq1-exact-623-20260926-5x,jobs/97e58a756d50a83dcb34/result.json
5to10Traces/0159.trace,5to10Traces,plain,6,2,7a8b91d4cd781948c46b32f1afefe696c01a426fdc32358e7dd94a5c0277a1a4,MIN_EXPANDED_SIZE,UNSAT,,,,,6,361.44226881600025,2,0,550.5060554330003,TIMEOUT,,,180.19396182499986,IN_PROGRESS,UNRESOLVED,TIMEOUT,,,180.24279080400083,IN_PROGRESS,UNRESOLVED,/srv/macroatlas-rq1-exact/rq1-exact-623-20260926-5x,jobs/6f9d225d515a415fccad/result.json
5to10Traces/0160.trace,5to10Traces,plain,6,2,67e4917bdac48ce1d41bc9df055dd50a4f2e832f346c348b0da8c5dc6550231e,MIN_EXPANDED_SIZE,UNSAT,,,,,6,253.8763489099997,2,0,415.0335141699993,TIMEOUT,,,180.10432443699938,IN_PROGRESS,UNRESOLVED,UNSAT,0,0,152.7974630510007,NOT_APPLICABLE_UNSAT,AGREE,/srv/macroatlas-rq1-exact/rq1-exact-623-20260926-5x,jobs/333052a9e3728ad72951/result.json
5to10Traces/0161.trace,5to10Traces,plain,6,2,09abb388cb5185e890e0474dda93ee7673d3d8d7117e591fb747af2c191ff37b,MIN_EXPANDED_SIZE,UNSAT,,,,,6,1151.5033928150006,4,0,2895.1297687779984,TIMEOUT,,,180.2670269780001,IN_PROGRESS,UNRESOLVED,TIMEOUT,,,180.1994194509998,IN_PROGRESS,UNRESOLVED,/srv/macroatlas-rq1-exact/rq1-exact-623-20260926-5x,jobs/7a054e54f331c3da29bc/result.json
5to10Traces/0162.trace,5to10Traces,plain,6,2,febccb0ca50074ae0455fb54efe74868059da61ae079aabc0f6d6ac2d519167b,MIN_EXPANDED_SIZE,UNSAT,,,,,6,280.52448567400006,2,0,453.93691432100013,TIMEOUT,,,180.12177017399972,IN_PROGRESS,UNRESOLVED,TIMEOUT,,,180.17458963199988,IN_PROGRESS,UNRESOLVED,/srv/macroatlas-rq1-exact/rq1-exact-623-20260926-5x,jobs/c0bfa82c72edacf5f916/result.json
5to10Traces/0163.trace,5to10Traces,plain,6,2,698048cb05237bb76881248a194dfd4222f786aff27053424c01cd4df973fcb3,MIN_EXPANDED_SIZE,UNSAT,,,,,6,1317.4191401149983,4,0,3223.1964799499997,TIMEOUT,,,180.29765429000054,IN_PROGRESS,UNRESOLVED,TIMEOUT,,,180.17557545499994,IN_PROGRESS,UNRESOLVED,/srv/macroatlas-rq1-exact/rq1-exact-623-20260926-5x,jobs/a10d7b4788a823ccc6e0/result.json
5to10Traces/0164.trace,5to10Traces,plain,6,2,6df83574ea926131b131832dcccba0c5588a338ea681d59b1706dc1a127a37d4,MIN_EXPANDED_SIZE,UNSAT,,,,,6,379.27966435300004,2,0,582.6443805590002,TIMEOUT,,,180.14574586300023,IN_PROGRESS,UNRESOLVED,TIMEOUT,,,180.17410134700003,IN_PROGRESS,UNRESOLVED,/srv/macroatlas-rq1-exact/rq1-exact-623-20260926-5x,jobs/d06723254c0a289485c5/result.json
5to10Traces/0165.trace,5to10Traces,plain,6,2,43f2142433c9b3046e39e2cecba2ab6f12de2f060be5a409edc2d34939e9cbd4,MIN_EXPANDED_SIZE,TIMEOUT,,,,SMT_timeout,6,1788.353424175999,4,0,3756.0918411019998,TIMEOUT,,,180.30161914500013,IN_PROGRESS,UNRESOLVED,TIMEOUT,,,180.27202427199882,IN_PROGRESS,UNRESOLVED,/srv/macroatlas-rq1-exact/rq1-exact-623-20260926-5x,jobs/b43fefd70429cd8ee843/result.json
5to10Traces/0166.trace,5to10Traces,plain,6,2,6a37e5470656768f553fc77683f563d89952ded7e1fcecbd6e8c6031e1d59e87,MIN_EXPANDED_SIZE,UNSAT,,,,,6,405.6372559229999,2,0,631.6886048359997,TIMEOUT,,,180.16726047500015,IN_PROGRESS,UNRESOLVED,TIMEOUT,,,180.22726639600114,IN_PROGRESS,UNRESOLVED,/srv/macroatlas-rq1-exact/rq1-exact-623-20260926-5x,jobs/dcbf9ce1b947e089239b/result.json
5to10Traces/0167.trace,5to10Traces,plain,6,2,de9222b66cb05b730d04d9402205c708cb7a392a3663ddec8dcc12ce7051f8b2,MIN_EXPANDED_SIZE,TIMEOUT,,,,SMT_timeout,6,1862.0631418429984,4,0,3953.774263628998,TIMEOUT,,,180.35837330599998,IN_PROGRESS,UNRESOLVED,TIMEOUT,,,180.26005740300025,IN_PROGRESS,UNRESOLVED,/srv/macroatlas-rq1-exact/rq1-exact-623-20260926-5x,jobs/e3c60773d1caa1476d4d/result.json
5to10Traces/0168.trace,5to10Traces,plain,6,2,a7f8d4ada64dafe6ccc1158f17b1987d24509f77c20e994e0be3de8e82d2254a,MIN_EXPANDED_SIZE,UNSAT,,,,,6,828.1072479440008,3,0,1494.773562443001,TIMEOUT,,,180.22499889500068,IN_PROGRESS,UNRESOLVED,TIMEOUT,,,180.24418100500043,IN_PROGRESS,UNRESOLVED,/srv/macroatlas-rq1-exact/rq1-exact-623-20260926-5x,jobs/32ebb28acc2add3761e7/result.json
5to10Traces/0169.trace,5to10Traces,plain,6,2,604c64f4fe5c15293a02c7a950a094fe7237524676db62bb33b8ebcf96274598,MIN_EXPANDED_SIZE,TIMEOUT,,,,SMT_timeout,6,1914.6523287199998,4,0,4066.1770724030002,TIMEOUT,,,180.44822213000043,IN_PROGRESS,UNRESOLVED,TIMEOUT,,,180.2944616929999,IN_PROGRESS,UNRESOLVED,/srv/macroatlas-rq1-exact/rq1-exact-623-20260926-5x,jobs/de65a0e45e536c5f9c37/result.json
5to10Traces/0170.trace,5to10Traces,plain,6,2,e714e7763d0985a9f60e3f51e93026b7c9a055fac5e1fee366ac90f541b78e17,MIN_EXPANDED_SIZE,UNSAT,,,,,6,937.4646335729994,3,0,1627.350935296999,TIMEOUT,,,180.21098314899973,IN_PROGRESS,UNRESOLVED,TIMEOUT,,,180.24324898799932,IN_PROGRESS,UNRESOLVED,/srv/macroatlas-rq1-exact/rq1-exact-623-20260926-5x,jobs/c2c96411b6de5053a5e7/result.json
5to10Traces/0171.trace,5to10Traces,plain,6,2,b20ab982fceffe4adbbfb37241ddd8dbd85b26501d8b13f20e9fb892232c88c6,MIN_EXPANDED_SIZE,TIMEOUT,,,,SMT_timeout,6,2011.4037408229997,4,1,2895.1462566609994,TIMEOUT,,,180.46551641599945,IN_PROGRESS,UNRESOLVED,TIMEOUT,,,180.298257121,IN_PROGRESS,UNRESOLVED,/srv/macroatlas-rq1-exact/rq1-exact-623-20260926-5x,jobs/73ce1c5352c9e637238f/result.json
5to10Traces/0172.trace,5to10Traces,plain,6,2,688cf40d1b7d992482dc722d710b7aeabe69223403907db7c6e4b1095513cfaa,MIN_EXPANDED_SIZE,UNSAT,,,,,6,964.4904491340021,3,1,1428.7719792290018,TIMEOUT,,,180.22652078700003,IN_PROGRESS,UNRESOLVED,TIMEOUT,,,180.18845746600164,IN_PROGRESS,UNRESOLVED,/srv/macroatlas-rq1-exact/rq1-exact-623-20260926-5x,jobs/20f801a22a35e39cf4a5/result.json
5to10Traces/0173.trace,5to10Traces,plain,6,2,027b9d21049f56e1d569a406b650b8449dffbfbe65a47d8da69ec7d0a0bfaa23,MIN_EXPANDED_SIZE,TIMEOUT,,,,SMT_timeout,6,2059.4395709710006,4,2,2720.2531492480007,TIMEOUT,,,180.44549977400004,IN_PROGRESS,UNRESOLVED,TIMEOUT,,,180.34838625200007,IN_PROGRESS,UNRESOLVED,/srv/macroatlas-rq1-exact/rq1-exact-623-20260926-5x,jobs/92089866b061e71f419d/result.json
5to10Traces/0174.trace,5to10Traces,plain,6,2,fe41503b69e91d4a017b84083fcd427a964966e8836a156bb0e7c99b89d4ed30,MIN_EXPANDED_SIZE,UNSAT,,,,,6,1080.0449289539974,3,1,1571.4065375299979,TIMEOUT,,,180.21573488000013,IN_PROGRESS,UNRESOLVED,TIMEOUT,,,180.24724972900003,IN_PROGRESS,UNRESOLVED,/srv/macroatlas-rq1-exact/rq1-exact-623-20260926-5x,jobs/411d7687e65cd4f14474/result.json
5to10Traces/0175.trace,5to10Traces,plain,6,2,28732aebd9a32ac10df5fde6e83c5c5b69a775b314df1fd64c6db1ea9f1cd116,MIN_EXPANDED_SIZE,TIMEOUT,,,,SMT_timeout,6,2151.565208621003,4,2,2878.6188155550026,TIMEOUT,,,180.33218828999998,IN_PROGRESS,UNRESOLVED,TIMEOUT,,,180.42047948299842,IN_PROGRESS,UNRESOLVED,/srv/macroatlas-rq1-exact/rq1-exact-623-20260926-5x,jobs/94df50dfcf59ff04a823/result.json
5to10Traces/0176.trace,5to10Traces,plain,10,2,d5a043284aa0a5c5774276dd80654700e024333355a5976fb375e5983586f01e,MIN_EXPANDED_SIZE,OPTIMAL,,3,"&(x0,X(x0))",,3,0.3633712379996723,1,0,0.3633712379996723,SAT,0,3,1.7852569719998428,PASSED,AGREE,SAT,0,3,3.906132144998992,PASSED,AGREE,/srv/macroatlas-rq1-exact/rq1-exact-623-20260926-5x,jobs/034d0c674621ca360b6f/result.json
5to10Traces/0177.trace,5to10Traces,plain,10,2,00e0be481f0685337ad14fe5edf3c6111e7905f4ebc18e2e634915cd78faf8af,MIN_EXPANDED_SIZE,OPTIMAL,,4,"!(|(x0,x1))",,4,1.1687653019998834,1,0,1.1687653019998834,SAT,0,4,9.138284927001223,PASSED,AGREE,SAT,0,4,5.58431558600023,PASSED,AGREE,/srv/macroatlas-rq1-exact/rq1-exact-623-20260926-5x,jobs/b59806f0f5e4c49e3902/result.json
5to10Traces/0178.trace,5to10Traces,plain,10,2,4430fdb2aab411bdcb015e7f6c8b460ba74aa0805e1ed6617219a2c9b842e93b,MIN_EXPANDED_SIZE,OPTIMAL,,5,"G(->(x1,G(x0)))",,5,7.30652212699988,1,0,7.30652212699988,SAT,0,5,26.026244733999192,PASSED,AGREE,SAT,0,5,18.25601275500003,PASSED,AGREE,/srv/macroatlas-rq1-exact/rq1-exact-623-20260926-5x,jobs/3602f73738e4144b25b4/result.json
5to10Traces/0179.trace,5to10Traces,plain,10,2,d43534cc1cc93480ed9d9fde9dcc9c1e9c8800ee23f104ea4d255189972fc382,MIN_EXPANDED_SIZE,OPTIMAL,,5,"G(->(x1,G(x0)))",,5,10.168196202000217,1,0,10.168196202000217,SAT,0,5,9.655795253000178,PASSED,AGREE,SAT,0,5,17.079455030000645,PASSED,AGREE,/srv/macroatlas-rq1-exact/rq1-exact-623-20260926-5x,jobs/5b837541f1c88006b123/result.json
5to10Traces/0180.trace,5to10Traces,plain,10,2,f488a5779e94138197c49413e19aa6c9098792854143982992b07496bc724119,MIN_EXPANDED_SIZE,OPTIMAL,,5,"G(->(x1,G(x0)))",,5,16.711285906999365,1,0,16.711285906999365,SAT,0,5,9.457079285000873,PASSED,AGREE,SAT,0,5,28.554930305999733,PASSED,AGREE,/srv/macroatlas-rq1-exact/rq1-exact-623-20260926-5x,jobs/4a7e2e49684b1c6c7f91/result.json
5to10Traces/0181.trace,5to10Traces,plain,10,2,99ffce474947f4398b531039a7e48fe137a4ec84e569eef662591ccf7027bafa,MIN_EXPANDED_SIZE,OPTIMAL,,5,"G(->(x1,G(x0)))",,5,22.707939314000214,1,0,22.707939314000214,SAT,0,5,15.844921132000309,PASSED,AGREE,SAT,0,5,50.48024228699978,PASSED,AGREE,/srv/macroatlas-rq1-exact/rq1-exact-623-20260926-5x,jobs/ca8d192d630978c1358a/result.json
5to10Traces/0182.trace,5to10Traces,plain,10,2,dab7b013d1e8d416aa3521ff6cafc90dab9a343235d0ba0b27df0e39cec0522b,MIN_EXPANDED_SIZE,OPTIMAL,,5,"G(->(x1,G(x0)))",,5,23.445031965999988,1,0,23.445031965999988,SAT,0,5,13.504563516999042,PASSED,AGREE,SAT,0,5,46.23746487099993,PASSED,AGREE,/srv/macroatlas-rq1-exact/rq1-exact-623-20260926-5x,jobs/18a1601b38ee085ad0c0/result.json
5to10Traces/0183.trace,5to10Traces,plain,10,2,7916c59cbc42af906d83b5c9a37a794076f41f998650a4c86e92bddaba18da25,MIN_EXPANDED_SIZE,OPTIMAL,,5,"G(->(x1,G(x0)))",,5,29.44498724300047,1,0,29.44498724300047,TIMEOUT,,,180.194450877,IN_PROGRESS,UNRESOLVED,SAT,0,5,71.141183737,PASSED,AGREE,/srv/macroatlas-rq1-exact/rq1-exact-623-20260926-5x,jobs/66c3f6fae74a9d059304/result.json
5to10Traces/0184.trace,5to10Traces,plain,10,2,e1a0abb63f0d0574ec055c7c1399f95ad47b000cd6a4944a8ea8bfb895a0a5d3,MIN_EXPANDED_SIZE,OPTIMAL,,5,"G(->(x1,G(x0)))",,5,33.59530582300067,1,0,33.59530582300067,SAT,0,5,18.877784395999697,PASSED,AGREE,SAT,0,5,53.63412320700081,PASSED,AGREE,/srv/macroatlas-rq1-exact/rq1-exact-623-20260926-5x,jobs/d8f6b31f7c3baddc8448/result.json
5to10Traces/0185.trace,5to10Traces,plain,10,2,fcf466c6def80e828dda76534ea43b918b98537b4aa82fc1256f149e8cfde24f,MIN_EXPANDED_SIZE,OPTIMAL,,5,"G(->(x1,G(x0)))",,5,38.45117740600017,1,0,38.45117740600017,SAT,0,5,34.80570547200114,PASSED,AGREE,SAT,0,5,85.18811370099866,PASSED,AGREE,/srv/macroatlas-rq1-exact/rq1-exact-623-20260926-5x,jobs/646e885182265b3799e8/result.json
5to10Traces/0186.trace,5to10Traces,plain,10,2,6c35d83292b8c3ba57c1ff70f542e719141299b437277834cfe7be3de30c77e5,MIN_EXPANDED_SIZE,OPTIMAL,,5,"G(->(x1,G(x0)))",,5,43.6544121930001,1,0,43.6544121930001,SAT,0,5,22.86155363600028,PASSED,AGREE,SAT,0,5,122.1339199740014,PASSED,AGREE,/srv/macroatlas-rq1-exact/rq1-exact-623-20260926-5x,jobs/e896f42bb88af714433c/result.json
5to10Traces/0187.trace,5to10Traces,plain,10,2,b6dfee7d418c289bbd1e34d3c8f1d0d60e1c4f69ecaace4c58cfe595b2138de0,MIN_EXPANDED_SIZE,OPTIMAL,,5,"G(->(x1,G(x0)))",,5,56.059624438000355,1,0,56.059624438000355,SAT,0,5,45.3593117190012,PASSED,AGREE,TIMEOUT,,,180.24660842899993,IN_PROGRESS,UNRESOLVED,/srv/macroatlas-rq1-exact/rq1-exact-623-20260926-5x,jobs/4365df6f5a98cc271bc8/result.json
5to10Traces/0188.trace,5to10Traces,plain,10,2,34ecee67cee4bbe34e57a29d6c0d8119f2c9e9761cb28f18932a041c91443219,MIN_EXPANDED_SIZE,OPTIMAL,,5,"G(->(x1,G(x0)))",,5,54.171840376000546,1,0,54.171840376000546,SAT,0,5,26.19176287799928,PASSED,AGREE,SAT,0,5,107.473221663,PASSED,AGREE,/srv/macroatlas-rq1-exact/rq1-exact-623-20260926-5x,jobs/e96cd997734bfa32bd27/result.json
5to10Traces/0189.trace,5to10Traces,plain,10,2,0fe6622716b9cea1f2d8283991a34c46b7095f11c1cd07d16e97a9e72256fd88,MIN_EXPANDED_SIZE,OPTIMAL,,5,"G(->(x1,G(x0)))",,5,65.06388306100052,1,0,65.06388306100052,SAT,0,5,56.65053021400013,PASSED,AGREE,TIMEOUT,,,180.23950435000006,IN_PROGRESS,UNRESOLVED,/srv/macroatlas-rq1-exact/rq1-exact-623-20260926-5x,jobs/d94cb3a981fef5f14221/result.json
5to10Traces/0190.trace,5to10Traces,plain,10,2,5bdc71268d6664f33dc62ac1e1065fd8312e52f0c4b7f21caa591950d454d04f,MIN_EXPANDED_SIZE,OPTIMAL,,5,"G(->(x1,G(x0)))",,5,74.94852017300036,1,0,74.94852017300036,SAT,0,5,33.64548102800018,PASSED,AGREE,SAT,0,5,81.23228502799975,PASSED,AGREE,/srv/macroatlas-rq1-exact/rq1-exact-623-20260926-5x,jobs/b003da5668c564379cd1/result.json
5to10Traces/0191.trace,5to10Traces,plain,10,2,45737bd8f6964ba07b5df630ad9ef4844163cd64ae95e879c7c1b8e891dd4b99,MIN_EXPANDED_SIZE,OPTIMAL,,5,"G(->(x1,G(x0)))",,5,92.68754619100037,1,0,92.68754619100037,SAT,0,5,65.33518578400026,PASSED,AGREE,TIMEOUT,,,180.3411994370017,IN_PROGRESS,UNRESOLVED,/srv/macroatlas-rq1-exact/rq1-exact-623-20260926-5x,jobs/5a495888dcfe908fc987/result.json
5to10Traces/0192.trace,5to10Traces,plain,10,2,d327ecb59370e7f354a49762e1340a8d988054ec2dd62e634ebaf3dbc7ae7294,MIN_EXPANDED_SIZE,OPTIMAL,,5,"G(->(x1,G(x0)))",,5,71.03860764599995,1,0,71.03860764599995,SAT,0,5,37.149569672000325,PASSED,AGREE,SAT,0,5,143.77568969800086,PASSED,AGREE,/srv/macroatlas-rq1-exact/rq1-exact-623-20260926-5x,jobs/5184d587f4c5d5b33769/result.json
5to10Traces/0193.trace,5to10Traces,plain,10,2,ec540ad4faf34d19b8c26dffb374dbd65ab41efbc701e91149a9529aa8a6d61a,MIN_EXPANDED_SIZE,OPTIMAL,,5,"G(->(x1,G(x0)))",,5,95.95951512899956,1,0,95.95951512899956,SAT,0,5,78.22544059500069,PASSED,AGREE,TIMEOUT,,,180.32624814799965,IN_PROGRESS,UNRESOLVED,/srv/macroatlas-rq1-exact/rq1-exact-623-20260926-5x,jobs/a75ab6147b40113fdc62/result.json
5to10Traces/0194.trace,5to10Traces,plain,10,2,a69d162010b7ff747dfa303ad27f320627acaacf2f088d9cd54cd43e48d33c95,MIN_EXPANDED_SIZE,OPTIMAL,,5,"G(->(x1,G(x0)))",,5,72.55376071699993,1,0,72.55376071699993,SAT,0,5,41.49241983799948,PASSED,AGREE,TIMEOUT,,,180.330446855,IN_PROGRESS,UNRESOLVED,/srv/macroatlas-rq1-exact/rq1-exact-623-20260926-5x,jobs/6ab21fbfafbbdc92723d/result.json
5to10Traces/0195.trace,5to10Traces,plain,10,2,a7c00f50034dbd7a62bdbbd60a084419a657f6c52fdb5217a05261b11c1b7565,MIN_EXPANDED_SIZE,OPTIMAL,,5,"G(->(x1,G(x0)))",,5,119.00998410600005,1,0,119.00998410600005,SAT,0,5,86.62579595899933,PASSED,AGREE,TIMEOUT,,,180.33855503199993,IN_PROGRESS,UNRESOLVED,/srv/macroatlas-rq1-exact/rq1-exact-623-20260926-5x,jobs/adfe909828803252f12b/result.json
5to10Traces/0196.trace,5to10Traces,plain,10,2,438aa7e3144068c90b4e85af4ebb46ddf8cdd2bc007660cf47c4294248d78baf,MIN_EXPANDED_SIZE,OPTIMAL,,5,"G(->(x1,G(x0)))",,5,95.38192077400072,1,0,95.38192077400072,SAT,0,5,45.81117411000014,PASSED,AGREE,TIMEOUT,,,180.2191674500009,IN_PROGRESS,UNRESOLVED,/srv/macroatlas-rq1-exact/rq1-exact-623-20260926-5x,jobs/99085fbe65132647489b/result.json
5to10Traces/0197.trace,5to10Traces,plain,10,2,9562ac3a2879a4b49b5609d75f0a5e8bd0127f9043ce178798c78d75444be3c3,MIN_EXPANDED_SIZE,OPTIMAL,,5,"G(->(x1,G(x0)))",,5,153.6215957889999,1,0,153.6215957889999,SAT,0,5,83.15772479800034,PASSED,AGREE,TIMEOUT,,,180.45561023299888,IN_PROGRESS,UNRESOLVED,/srv/macroatlas-rq1-exact/rq1-exact-623-20260926-5x,jobs/bea12c7e49e9bb9a394c/result.json
baseTest/0001.trace,baseTest,plain,10,2,9547ffb5a3f76c5b4a41be156b2d786934fb0a67853456691c927aafbe7cc350,MIN_EXPANDED_SIZE,TIMEOUT,,,,SMT_timeout,7,2577.299189068999,2,0,3018.2970708699986,TIMEOUT,,,180.23143733799952,IN_PROGRESS,UNRESOLVED,TIMEOUT,,,180.30208109500018,IN_PROGRESS,UNRESOLVED,/srv/macroatlas-rq1-exact/rq1-exact-623-20260926-5x,jobs/8796024d9677ae4de12a/result.json
baseTest/0002.trace,baseTest,plain,10,2,ec3b613c79867a372347b5c3e20ecf655b6b26e0936663eac81b7d8e862aeeff,MIN_EXPANDED_SIZE,OPTIMAL,,5,"->(|(X(x0),x0),x1)",,5,3.016280029999507,1,0,3.016280029999507,SAT,0,5,155.44461625700023,PASSED,AGREE,SAT,0,5,8.03708336300042,PASSED,AGREE,/srv/macroatlas-rq1-exact/rq1-exact-623-20260926-5x,jobs/7d7862330c40d9ed18e4/result.json
baseTest/0003.trace,baseTest,plain,10,2,9d0781db353a283bf3632c6789a888d5ec911aebae55319d22c203997ded5dd6,MIN_EXPANDED_SIZE,TIMEOUT,,,,SMT_timeout,7,2927.042288798002,2,0,3412.7077561290016,TIMEOUT,,,180.31648847399993,IN_PROGRESS,UNRESOLVED,TIMEOUT,,,180.3528585210006,IN_PROGRESS,UNRESOLVED,/srv/macroatlas-rq1-exact/rq1-exact-623-20260926-5x,jobs/f1488757391174b7661b/result.json
baseTest/0004.trace,baseTest,plain,10,2,7aa00584c4ad2de7006e587b72dcde92c0e7845ed79c9f95bf570bb9cbfdc063,MIN_EXPANDED_SIZE,TIMEOUT,,,,SMT_timeout,6,1860.5286047440022,2,0,2397.1172241990025,TIMEOUT,,,180.38543344500067,IN_PROGRESS,UNRESOLVED,TIMEOUT,,,180.39226185200005,IN_PROGRESS,UNRESOLVED,/srv/macroatlas-rq1-exact/rq1-exact-623-20260926-5x,jobs/b1c4dec829d43740b115/result.json
baseTest/0005.trace,baseTest,plain,10,2,20c6c43cc7f2f8eb85ba9b564b1e146ecb731d0d44d4a16139452fb0713522a6,MIN_EXPANDED_SIZE,TIMEOUT,,,,SMT_timeout,6,2646.655894773001,2,0,3230.4476903760005,ERROR,,,7.339136352999958,FAILED,UNRESOLVED,TIMEOUT,,,180.37502264800014,IN_PROGRESS,UNRESOLVED,/srv/macroatlas-rq1-exact/rq1-exact-623-20260926-5x,jobs/040b9fb96e2322abf986/result.json
baseTest/0006.trace,baseTest,plain,10,2,a4875e300f2efbc8da4907b662fde75274e8e6d78dce4a030d2fecd0d5b6bb40,MIN_EXPANDED_SIZE,TIMEOUT,,,,SMT_timeout,8,3286.654459600999,2,0,3763.3186342089984,TIMEOUT,,,180.15872377400046,IN_PROGRESS,UNRESOLVED,TIMEOUT,,,180.20377772099982,IN_PROGRESS,UNRESOLVED,/srv/macroatlas-rq1-exact/rq1-exact-623-20260926-5x,jobs/dca9f4c1fedcaf690068/result.json
baseTest/0007.trace,baseTest,plain,10,2,1afe526db22540339194bce20eb8c5a402e11a7dfd0852830fd6e17afd7e22cf,MIN_EXPANDED_SIZE,OPTIMAL,,6,"->(&(X(x0),F(x1)),x1)",,6,4.8642166059999,1,0,4.8642166059999,SAT,0,6,123.87004690700087,PASSED,AGREE,SAT,0,6,11.508753573000831,PASSED,AGREE,/srv/macroatlas-rq1-exact/rq1-exact-623-20260926-5x,jobs/2639781c143e0e3aee53/result.json
baseTest/0008.trace,baseTest,plain,5,2,ec69e9f99c51c86e5de82428f8153433abde0918392eb32df689b20e2533b30e,MIN_EXPANDED_SIZE,OPTIMAL,,3,!(F(x0)),,3,32.04942018299971,1,0,32.04942018299971,SAT,0,3,52.33663204499999,PASSED,AGREE,SAT,0,3,135.36514258700004,PASSED,AGREE,/srv/macroatlas-rq1-exact/rq1-exact-623-20260926-5x,jobs/15addf1e13ff54f6619d/result.json
baseTest/0009.trace,baseTest,plain,5,2,654e6c0caf520ddc287bc85bc4ecc4a8a114c520ebe18f105adb3e3161790123,MIN_EXPANDED_SIZE,OPTIMAL,,3,!(F(x0)),,3,3.0490447900001527,1,0,3.0490447900001527,SAT,0,3,4.544985471000018,PASSED,AGREE,SAT,0,3,8.172383403000026,PASSED,AGREE,/srv/macroatlas-rq1-exact/rq1-exact-623-20260926-5x,jobs/fa980bf2364f9f993cc9/result.json
baseTest/0010.trace,baseTest,plain,5,2,287f09d1ad3dd55a010036216c1436e98f7e5a60101f60da5d0708936b208576,MIN_EXPANDED_SIZE,OPTIMAL,,3,G(!(x0)),,3,47.44361216000016,1,0,47.44361216000016,ERROR,,,5.948653029001434,FAILED,UNRESOLVED,SAT,0,3,125.35477007500003,PASSED,AGREE,/srv/macroatlas-rq1-exact/rq1-exact-623-20260926-5x,jobs/c2a109013f73221a7343/result.json
baseTest/0011.trace,baseTest,plain,5,2,07511e9d3b5c516d46998d9c9d61a64f53aa0f89f48be8fd2b63532ec0f02cf8,MIN_EXPANDED_SIZE,OPTIMAL,,3,!(F(x0)),,3,65.630996417,1,0,65.630996417,ERROR,,,7.951127841000016,FAILED,UNRESOLVED,SAT,0,3,102.70889709400001,PASSED,AGREE,/srv/macroatlas-rq1-exact/rq1-exact-623-20260926-5x,jobs/4a2256a5667513ee1ef5/result.json
baseTest/0012.trace,baseTest,plain,5,2,735b7b931a99b69cedbbcd331855f5c86d90516529a3d67640aa10f8daf3e688,MIN_EXPANDED_SIZE,OPTIMAL,,3,!(F(x0)),,3,170.927128583,1,0,170.927128583,ERROR,,,24.444143579999945,FAILED,UNRESOLVED,TIMEOUT,,,180.35839948199987,IN_PROGRESS,UNRESOLVED,/srv/macroatlas-rq1-exact/rq1-exact-623-20260926-5x,jobs/a96c951cedd7d7760540/result.json
baseTest/0013.trace,baseTest,plain,5,2,64a9fe0afb1011acaf62a9439d020d9a3e8e758a16c239f582d6ece5389263f3,MIN_EXPANDED_SIZE,OPTIMAL,,3,G(!(x0)),,3,16.235796072000085,1,0,16.235796072000085,SAT,0,3,21.701416289999543,PASSED,AGREE,SAT,0,3,26.826902607999727,PASSED,AGREE,/srv/macroatlas-rq1-exact/rq1-exact-623-20260926-5x,jobs/06da637198b81347bc9d/result.json
baseTest/0014.trace,baseTest,plain,5,2,eae019e9a301ed433d0d98ed55a659e6f4b7e91af1f2365dcf8a5028fc1ba84c,MIN_EXPANDED_SIZE,OPTIMAL,,3,!(F(x0)),,3,1.515248695000082,1,0,1.515248695000082,SAT,0,3,2.814593822999086,PASSED,AGREE,SAT,0,3,5.417197913000109,PASSED,AGREE,/srv/macroatlas-rq1-exact/rq1-exact-623-20260926-5x,jobs/ca31ad2857745c0d6156/result.json
baseTest/0015.trace,baseTest,plain,18,2,70287e746b0fd29f573bf71c771be740d7fb07aed69694f32274ed8f6bbbe2e4,MIN_EXPANDED_SIZE,OPTIMAL,,6,"G(->(x1,G(!(x0))))",,6,658.2984995090001,1,0,658.2984995090001,TIMEOUT,,,180.53474650099997,IN_PROGRESS,UNRESOLVED,TIMEOUT,,,180.45482575799997,IN_PROGRESS,UNRESOLVED,/srv/macroatlas-rq1-exact/rq1-exact-623-20260926-5x,jobs/3a8087cc1efbeb18556e/result.json
baseTest/0016.trace,baseTest,plain,18,2,fa50e2911675719d95d055e6cd91cf981e06cbaef02d9e0626d2c09b3cd0707f,MIN_EXPANDED_SIZE,OPTIMAL,,6,"G(->(F(x0),!(x1)))",,6,33.14118565799981,1,0,33.14118565799981,SAT,0,6,41.47447440100041,PASSED,AGREE,SAT,0,6,56.54509853899981,PASSED,AGREE,/srv/macroatlas-rq1-exact/rq1-exact-623-20260926-5x,jobs/091bd9c0be43758227f3/result.json
baseTest/0017.trace,baseTest,plain,18,2,9318a97d8cbc2695eddcd727e99f571d64603e79a45c38d72462a798bdddc12f,MIN_EXPANDED_SIZE,OPTIMAL,,6,"G(->(x1,!(F(x0))))",,6,1566.9285469809984,2,0,2099.6269535779975,ERROR,,,5.9728626380001515,FAILED,UNRESOLVED,TIMEOUT,,,180.31160435099991,IN_PROGRESS,UNRESOLVED,/srv/macroatlas-rq1-exact/rq1-exact-623-20260926-5x,jobs/53ab76bf302a5796b097/result.json
baseTest/0018.trace,baseTest,plain,18,2,ea1b54c7e0c5cef5e8e11b4e5819c775b2cf77f09161f77412617d706fbc9bd1,MIN_EXPANDED_SIZE,OPTIMAL,,6,"G(->(x1,!(F(x0))))",,6,1780.3284471109946,2,0,2364.470869189996,ERROR,,,8.340483336000034,FAILED,UNRESOLVED,TIMEOUT,,,180.32783952399996,IN_PROGRESS,UNRESOLVED,/srv/macroatlas-rq1-exact/rq1-exact-623-20260926-5x,jobs/b3339b3557b7c60bacd6/result.json
baseTest/0019.trace,baseTest,plain,18,2,27f4306dca1eb9c7167d1d78927b29ebea54f66d6ac703d1e64f727b7ce375c1,MIN_EXPANDED_SIZE,OPTIMAL,,6,"G(->(F(x0),!(x1)))",,6,2508.1472700049926,3,0,4566.012434196997,ERROR,,,29.85357863900026,FAILED,UNRESOLVED,TIMEOUT,,,180.313066833,IN_PROGRESS,UNRESOLVED,/srv/macroatlas-rq1-exact/rq1-exact-623-20260927-oom-20g,jobs/cf9ed83597e24957fa66/result.json
baseTest/0020.trace,baseTest,plain,18,2,a4c43f7b49a0903c436b07c0e10b397b87316fe078f8f3929ede0fb8f4a60e01,MIN_EXPANDED_SIZE,OPTIMAL,,6,"!(F(&(x1,F(x0))))",,6,221.1918707040004,1,0,221.1918707040004,TIMEOUT,,,180.2750493049998,IN_PROGRESS,UNRESOLVED,TIMEOUT,,,180.25863354399917,IN_PROGRESS,UNRESOLVED,/srv/macroatlas-rq1-exact/rq1-exact-623-20260926-5x,jobs/6b5d7d212aa304273f2b/result.json
baseTest/0021.trace,baseTest,plain,18,2,5589e1cf5fde72aa059271e32c8257148d45c86f9ba4cc0e82335409f974ac19,MIN_EXPANDED_SIZE,OPTIMAL,,6,"G(->(F(x0),!(x1)))",,6,12.833453833000021,1,0,12.833453833000021,SAT,0,6,32.91298538299998,PASSED,AGREE,SAT,0,6,37.532910043000356,PASSED,AGREE,/srv/macroatlas-rq1-exact/rq1-exact-623-20260926-5x,jobs/8f56f4f437fa5a33d6e1/result.json
baseTest/0022.trace,baseTest,plain,6,2,143633c7de1d7e7a0576364eb602323960a8ebfb03194da1c0991ab456cfd847,MIN_EXPANDED_SIZE,UNSAT,,,,,6,742.0811756319999,3,0,1410.8727377459995,TIMEOUT,,,180.1972749229999,IN_PROGRESS,UNRESOLVED,TIMEOUT,,,180.1860677069999,IN_PROGRESS,UNRESOLVED,/srv/macroatlas-rq1-exact/rq1-exact-623-20260926-5x,jobs/ab953d3396fb384b2605/result.json
baseTest/0023.trace,baseTest,plain,6,2,c9b19521e3bc05732496d76fe72ff0fc49fa5e4cee3011bbaba6fcc5ad539eae,MIN_EXPANDED_SIZE,OPTIMAL,,6,"|(x1,&(x0,X(F(x0))))",,6,19.711311670000214,1,0,19.711311670000214,SAT,0,6,46.63955853100015,PASSED,AGREE,SAT,0,6,18.07301510799971,PASSED,AGREE,/srv/macroatlas-rq1-exact/rq1-exact-623-20260926-5x,jobs/fe5de6f7a0aa69ed1126/result.json
baseTest/0024.trace,baseTest,plain,6,2,d723312aa8c1976041cad7d58e58659979ac2d32409b27ffe5efaf859fb9e221,MIN_EXPANDED_SIZE,UNSAT,,,,,6,1536.3089517240005,4,2,2043.3854061090005,TIMEOUT,,,180.26445470699946,IN_PROGRESS,UNRESOLVED,TIMEOUT,,,180.27500587400027,IN_PROGRESS,UNRESOLVED,/srv/macroatlas-rq1-exact/rq1-exact-623-20260926-5x,jobs/e15ace6861bf745c5b87/result.json
baseTest/0025.trace,baseTest,plain,6,2,76c4a7293fcbc391e510c9fdec6cda107581fedf9a878e65a3a67d7e897419f0,MIN_EXPANDED_SIZE,TIMEOUT,,,,SMT_timeout,6,1868.4127180100004,3,1,2412.1903277580004,TIMEOUT,,,180.27171520199954,IN_PROGRESS,UNRESOLVED,TIMEOUT,,,180.24241883299965,IN_PROGRESS,UNRESOLVED,/srv/macroatlas-rq1-exact/rq1-exact-623-20260926-5x,jobs/c71dbdd138294fa1f80f/result.json
baseTest/0026.trace,baseTest,plain,6,2,c1fae1fcd3b0bb0f99c0e135639da132714f971a145d59f958b456cfd73c08c3,MIN_EXPANDED_SIZE,TIMEOUT,,,,SMT_timeout,6,2545.684984448999,3,1,3113.0252293239982,ERROR,,,6.852685704000123,FAILED,UNRESOLVED,TIMEOUT,,,180.43991156700008,IN_PROGRESS,UNRESOLVED,/srv/macroatlas-rq1-exact/rq1-exact-623-20260926-5x,jobs/a574b1eb02ee1fdb3a5f/result.json
baseTest/0027.trace,baseTest,plain,6,2,ff9cd0854fe0341214f869d776aac38a0e6677ee17710838c61310e981057546,MIN_EXPANDED_SIZE,UNSAT,,,,,6,238.43847241000003,1,0,238.43847241000003,TIMEOUT,,,180.08356230899972,IN_PROGRESS,UNRESOLVED,UNSAT,0,0,153.84924343600142,NOT_APPLICABLE_UNSAT,AGREE,/srv/macroatlas-rq1-exact/rq1-exact-623-20260926-5x,jobs/5fdd74e7609cb97bd7f6/result.json
baseTest/0028.trace,baseTest,plain,6,2,b8f882bacbebe284185916f6223600b429c1d4be629d4815681951c6ffd7a893,MIN_EXPANDED_SIZE,OPTIMAL,,5,"|(x1,&(X(x1),x0))",,5,2.8201312649998727,1,0,2.8201312649998727,SAT,0,5,5.571453873999872,PASSED,AGREE,SAT,0,5,5.421993201999612,PASSED,AGREE,/srv/macroatlas-rq1-exact/rq1-exact-623-20260926-5x,jobs/178338609af7e2599f1f/result.json
baseTest/0029.trace,baseTest,plain,3,2,896504bb5809cff6d7043900fa043e659ad4cd31efc4976c9761960ac36b5964,MIN_EXPANDED_SIZE,OPTIMAL,,2,G(x0),,2,11.057323876000055,1,0,11.057323876000055,SAT,0,2,25.74093040600019,PASSED,AGREE,SAT,0,2,13.201817336999738,PASSED,AGREE,/srv/macroatlas-rq1-exact/rq1-exact-623-20260926-5x,jobs/69ef41bb0efe87d8461d/result.json
baseTest/0030.trace,baseTest,plain,3,2,82699e230f5e24a3e0a282f7fba0ba60976a55cf5416a352a652d38a956e2029,MIN_EXPANDED_SIZE,OPTIMAL,,2,G(x0),,2,1.0587932029998228,1,0,1.0587932029998228,SAT,0,2,3.0161936549993698,PASSED,AGREE,SAT,0,2,2.4843776850011636,PASSED,AGREE,/srv/macroatlas-rq1-exact/rq1-exact-623-20260926-5x,jobs/53c0d4f242a9cb65135a/result.json
baseTest/0031.trace,baseTest,plain,3,2,62761da60c0251c9234fe017d63810efe7707690c494ee27278655c72a566025,MIN_EXPANDED_SIZE,OPTIMAL,,2,G(x0),,2,16.575577431000056,1,0,16.575577431000056,ERROR,,,5.156491986001129,FAILED,UNRESOLVED,SAT,0,2,18.133836156000143,PASSED,AGREE,/srv/macroatlas-rq1-exact/rq1-exact-623-20260926-5x,jobs/860128a1c1cabadc2212/result.json
baseTest/0032.trace,baseTest,plain,3,2,c929b0daecc15eeecff69fad25b681ccbd79a6670e44111a0f47c89afa75a016,MIN_EXPANDED_SIZE,OPTIMAL,,2,G(x0),,2,22.740859903,1,0,22.740859903,ERROR,,,6.676560551999501,FAILED,UNRESOLVED,SAT,0,2,24.176968986000247,PASSED,AGREE,/srv/macroatlas-rq1-exact/rq1-exact-623-20260926-5x,jobs/a66d02a457c9c29926ea/result.json
baseTest/0033.trace,baseTest,plain,3,2,6ea284eaba3d6f2ca110a3c0bda24a177149d3f4549c2712d2e4a56139f05a82,MIN_EXPANDED_SIZE,OPTIMAL,,2,G(x0),,2,57.731350053999904,1,0,57.731350053999904,ERROR,,,24.115190125000026,FAILED,UNRESOLVED,SAT,0,2,51.624411336000776,PASSED,AGREE,/srv/macroatlas-rq1-exact/rq1-exact-623-20260926-5x,jobs/3794e4ec1e6963e67c43/result.json
baseTest/0034.trace,baseTest,plain,3,2,d761999ab52cdf91d792c391c3260cb916db123c409b13bdd15b22f0c7536dda,MIN_EXPANDED_SIZE,OPTIMAL,,2,G(x0),,2,5.5099262190001355,1,0,5.5099262190001355,SAT,0,2,10.375896402999842,PASSED,AGREE,SAT,0,2,7.345467156999803,PASSED,AGREE,/srv/macroatlas-rq1-exact/rq1-exact-623-20260926-5x,jobs/3c4c3897fb399e873845/result.json
baseTest/0035.trace,baseTest,plain,3,2,b31846ba7ebe249081f7c4b9ee042285ed1d3194b4d893efc9a56086808774a9,MIN_EXPANDED_SIZE,OPTIMAL,,2,G(x0),,2,0.5470403689998875,1,0,0.5470403689998875,SAT,0,2,2.2201134500010085,PASSED,AGREE,SAT,0,2,1.9661451829999805,PASSED,AGREE,/srv/macroatlas-rq1-exact/rq1-exact-623-20260926-5x,jobs/8319863c580b4e100f32/result.json
baseTest/0036.trace,baseTest,plain,10,2,f83114b007ed8486aaa1359b784e1629b9112cb40f68776f201b9cb07a0041a5,MIN_EXPANDED_SIZE,OPTIMAL,,5,"G(->(x1,G(x0)))",,5,235.04504719899978,1,0,235.04504719899978,SAT,0,5,100.43494674900012,PASSED,AGREE,TIMEOUT,,,180.5027942939996,IN_PROGRESS,UNRESOLVED,/srv/macroatlas-rq1-exact/rq1-exact-623-20260926-5x,jobs/511fd03378905917d065/result.json
baseTest/0037.trace,baseTest,plain,10,2,9301814cf200bba9d564cb24bc8469de48c0569a670583499ce8aa45ad6484e5,MIN_EXPANDED_SIZE,OPTIMAL,,5,"->(F(x1),G(x0))",,5,15.578074672000184,1,0,15.578074672000184,SAT,0,5,8.211659951000001,PASSED,AGREE,SAT,0,5,39.67565300299998,PASSED,AGREE,/srv/macroatlas-rq1-exact/rq1-exact-623-20260926-5x,jobs/41202202841bb4cb9ec0/result.json
baseTest/0038.trace,baseTest,plain,10,2,94cdd623cd55fefdeeb586e239ed93fab3d98e9036dafbf683549d087bd92602,MIN_EXPANDED_SIZE,OPTIMAL,,5,"G(->(x1,G(x0)))",,5,309.81623738800045,1,0,309.81623738800045,ERROR,,,5.973171970999829,FAILED,UNRESOLVED,TIMEOUT,,,180.35585252600004,IN_PROGRESS,UNRESOLVED,/srv/macroatlas-rq1-exact/rq1-exact-623-20260926-5x,jobs/eb4a8115576634679f73/result.json
baseTest/0039.trace,baseTest,plain,10,2,1c50818c58b20fc2560a5acf9983ab0d276e8a042adba320ee183606d1d502f1,MIN_EXPANDED_SIZE,OPTIMAL,,5,"G(->(x1,G(x0)))",,5,582.2558072929996,1,0,582.2558072929996,ERROR,,,8.211708161999923,FAILED,UNRESOLVED,TIMEOUT,,,180.32765951099964,IN_PROGRESS,UNRESOLVED,/srv/macroatlas-rq1-exact/rq1-exact-623-20260926-5x,jobs/f16a81ad91d58c5bdcd5/result.json
baseTest/0040.trace,baseTest,plain,10,2,2d01c4a45631c22085feb6cdf4ca13217795df8db1af8aadca86e2d48e488276,MIN_EXPANDED_SIZE,OPTIMAL,,5,"G(->(x1,G(x0)))",,5,1070.8986713430058,3,0,3111.0370364020027,ERROR,,,32.37757355600024,FAILED,UNRESOLVED,TIMEOUT,,,180.32791185600036,IN_PROGRESS,UNRESOLVED,/srv/macroatlas-rq1-exact/rq1-exact-623-20260927-oom-20g,jobs/0d70c12e22205f66796a/result.json
baseTest/0041.trace,baseTest,plain,10,2,c3386b7fed1390e9dbbdadbbe614bf374aa59ce6cfa6e0242f58554e530e34e2,MIN_EXPANDED_SIZE,OPTIMAL,,5,"G(->(x1,G(x0)))",,5,84.72667159400044,1,0,84.72667159400044,SAT,0,5,49.06370679799875,PASSED,AGREE,TIMEOUT,,,180.3267446539994,IN_PROGRESS,UNRESOLVED,/srv/macroatlas-rq1-exact/rq1-exact-623-20260926-5x,jobs/8231932f1d2016d00f88/result.json
baseTest/0042.trace,baseTest,plain,10,2,2244b83a855d75871bb864ca4fbfbc316c76e290d7554bd7a76747980d449e08,MIN_EXPANDED_SIZE,OPTIMAL,,5,"G(->(x1,G(x0)))",,5,7.133926800000154,1,0,7.133926800000154,TIMEOUT,,,180.08985986199968,IN_PROGRESS,UNRESOLVED,SAT,0,5,15.799807604000307,PASSED,AGREE,/srv/macroatlas-rq1-exact/rq1-exact-623-20260926-5x,jobs/6db962bef857ff2d4aa9/result.json
disjunctedExistence/0000.trace,disjunctedExistence,plain,36,2,9aa52b88a4b6321d15ceac2fa1866a38bfa4b34e19bb5f98e058b22455bf54c1,MIN_EXPANDED_SIZE,OPTIMAL,,7,"|(x2,F(&(F(x1),x0)))",,7,128.22730433499964,1,0,128.22730433499964,TIMEOUT,,,180.06820087300002,IN_PROGRESS,UNRESOLVED,TIMEOUT,,,180.0941121470005,IN_PROGRESS,UNRESOLVED,/srv/macroatlas-rq1-exact/rq1-exact-623-20260926-5x,jobs/3dbb14279081bc192717/result.json
disjunctedExistence/0003.trace,disjunctedExistence,plain,36,2,424507b2de8960903fda914ede4da873c9ed6d3925a5e02f18cb3b19d0ece32e,MIN_EXPANDED_SIZE,TIMEOUT,,,,SMT_timeout,7,1995.8004649819995,2,0,2615.593576932999,TIMEOUT,,,180.1114608759999,IN_PROGRESS,UNRESOLVED,TIMEOUT,,,180.11097228800008,IN_PROGRESS,UNRESOLVED,/srv/macroatlas-rq1-exact/rq1-exact-623-20260926-5x,jobs/7ae009d75340a5a366eb/result.json
disjunctedExistence/0006.trace,disjunctedExistence,plain,36,2,0e0f0f8358471184615f2f0433167538d8968d843bc7bcd9a977a2151225d8a2,MIN_EXPANDED_SIZE,TIMEOUT,,,,SMT_timeout,7,2378.6506181789955,2,0,2757.6034033989963,TIMEOUT,,,180.141457669999,IN_PROGRESS,UNRESOLVED,TIMEOUT,,,180.230367441,IN_PROGRESS,UNRESOLVED,/srv/macroatlas-rq1-exact/rq1-exact-623-20260926-5x,jobs/a9036e444f2ddbd01e4d/result.json
disjunctedExistence/0009.trace,disjunctedExistence,plain,36,2,1808d3ef3a9d5d8bb99423643f556bcbc170897950dc5f771dc89b5d3ea4e21d,MIN_EXPANDED_SIZE,TIMEOUT,,,,SMT_timeout,7,2852.380159706001,2,0,3267.3817583850014,TIMEOUT,,,180.17175412800134,IN_PROGRESS,UNRESOLVED,TIMEOUT,,,180.1721984379983,IN_PROGRESS,UNRESOLVED,/srv/macroatlas-rq1-exact/rq1-exact-623-20260926-5x,jobs/3817d2078205938adf62/result.json
disjunctedExistence/0010.trace,disjunctedExistence,plain,36,2,69186f916c3d5e967441fba75b4722708863cae8cf14ee673ff76673cefb1b0c,MIN_EXPANDED_SIZE,OPTIMAL,,5,"F(&(x0,F(x1)))",,5,98.8502671569986,1,0,98.8502671569986,TIMEOUT,,,180.44254399800047,IN_PROGRESS,UNRESOLVED,TIMEOUT,,,180.32990092300042,IN_PROGRESS,UNRESOLVED,/srv/macroatlas-rq1-exact/rq1-exact-623-20260926-5x,jobs/c927d8f451df9ce616f8/result.json
disjunctedExistence/0012.trace,disjunctedExistence,plain,36,2,ca651d108be883ce1902f3503e423288abb4ccb7c55aa057ad7ac2a8dbb3c293,MIN_EXPANDED_SIZE,TIMEOUT,,,,SMT_timeout,7,2771.5127466279955,2,0,3201.2058946639954,TIMEOUT,,,180.2284462109992,IN_PROGRESS,UNRESOLVED,TIMEOUT,,,180.26061073900019,IN_PROGRESS,UNRESOLVED,/srv/macroatlas-rq1-exact/rq1-exact-623-20260926-5x,jobs/ebe4c498c82bb0200228/result.json
disjunctedExistence/0015.trace,disjunctedExistence,plain,36,2,1bfdce4b3f7d8319b507423f0276b9623575e0c9bd3e72db79a089df5b0b4f6b,MIN_EXPANDED_SIZE,TIMEOUT,,,,SMT_timeout,7,3056.690741829996,2,0,3526.274962913996,TIMEOUT,,,180.31931841500045,IN_PROGRESS,UNRESOLVED,TIMEOUT,,,180.24049000000014,IN_PROGRESS,UNRESOLVED,/srv/macroatlas-rq1-exact/rq1-exact-623-20260926-5x,jobs/a7269a90e48718f3ec74/result.json
disjunctedExistence/0018.trace,disjunctedExistence,plain,36,2,2786837aa8a2b43607b5445f018ad5814e357ff5849f7ef8b11bb649c131a26b,MIN_EXPANDED_SIZE,TIMEOUT,,,,SMT_timeout,6,1866.877720864999,2,0,2404.0600127829985,TIMEOUT,,,180.31192247500076,IN_PROGRESS,UNRESOLVED,TIMEOUT,,,180.2763105439999,IN_PROGRESS,UNRESOLVED,/srv/macroatlas-rq1-exact/rq1-exact-623-20260926-5x,jobs/2581a52086dc6b8708af/result.json
disjunctedExistence/0021.trace,disjunctedExistence,plain,36,2,7c153275999711b89ac7dfe3272080e06f4dfd9607e4c22582b295b2e6a11951,MIN_EXPANDED_SIZE,TIMEOUT,,,,SMT_timeout,6,2037.4130505759967,2,0,2680.1686505269954,TIMEOUT,,,180.4078343910005,IN_PROGRESS,UNRESOLVED,TIMEOUT,,,180.3103649059999,IN_PROGRESS,UNRESOLVED,/srv/macroatlas-rq1-exact/rq1-exact-623-20260926-5x,jobs/61849b96652f201daa91/result.json
disjunctedExistence/0030.trace,disjunctedExistence,plain,11,2,7a1d604605f878c29bb0e1f081fe5a726c71f72c25561513fbfd9911cf196c55,MIN_EXPANDED_SIZE,OPTIMAL,,4,"F(|(x2,x0))",,4,12.38794922499983,1,0,12.38794922499983,SAT,0,4,12.581755659999544,PASSED,AGREE,SAT,0,4,29.843372293000357,PASSED,AGREE,/srv/macroatlas-rq1-exact/rq1-exact-623-20260926-5x,jobs/e96be185828d458104a8/result.json
disjunctedExistence/0033.trace,disjunctedExistence,plain,11,2,95c06178b9635bd4227fa1fa0f326005487fab0b66adb0640602f7a9493351ca,MIN_EXPANDED_SIZE,OPTIMAL,,4,"|(F(x0),x2)",,4,17.915482702999725,1,0,17.915482702999725,SAT,0,4,15.41298906999998,PASSED,AGREE,SAT,0,4,74.58280682199984,PASSED,AGREE,/srv/macroatlas-rq1-exact/rq1-exact-623-20260926-5x,jobs/2fca850db2ef55635fc9/result.json
disjunctedExistence/0036.trace,disjunctedExistence,plain,11,2,42bd2fd48168a346de5a4a580a801bd6fa28548f4a7dfc831b33916167f8b112,MIN_EXPANDED_SIZE,OPTIMAL,,4,"|(F(x1),x3)",,4,20.818544333000318,1,0,20.818544333000318,SAT,0,4,21.068251608001447,PASSED,AGREE,SAT,0,4,82.7674137009999,PASSED,AGREE,/srv/macroatlas-rq1-exact/rq1-exact-623-20260926-5x,jobs/ed241738fd0229810b69/result.json
disjunctedExistence/0042.trace,disjunctedExistence,plain,11,2,9ee4956bd881e7a72108246ac4fc1142fe4988a926d88d267b8cea0f358f6732,MIN_EXPANDED_SIZE,OPTIMAL,,4,"F(|(x0,x2))",,4,35.29660953699931,1,0,35.29660953699931,TIMEOUT,,,180.30030724500102,IN_PROGRESS,UNRESOLVED,SAT,0,4,90.76548282499971,PASSED,AGREE,/srv/macroatlas-rq1-exact/rq1-exact-623-20260926-5x,jobs/495809ce64d460d90984/result.json
disjunctedExistence/0045.trace,disjunctedExistence,plain,11,2,fbf7c42f8d1e5dd6310dd6068d655e08723527693bff2083f7ff09be97c3299e,MIN_EXPANDED_SIZE,OPTIMAL,,4,"F(|(x1,x0))",,4,46.71039333200133,1,0,46.71039333200133,SAT,0,4,44.69952285200088,PASSED,AGREE,SAT,0,4,167.74269750699978,PASSED,AGREE,/srv/macroatlas-rq1-exact/rq1-exact-623-20260926-5x,jobs/efd389d5a0dd2bf94ad8/result.json
disjunctedExistence/0048.trace,disjunctedExistence,plain,134,2,f40572e52f00c672d689de94400867426882c00278f9ad24fc73f6c37a203d3c,MIN_EXPANDED_SIZE,TIMEOUT,,,,SMT_timeout,7,1984.1600174240011,2,0,2589.1936254539996,TIMEOUT,,,180.12098705300014,IN_PROGRESS,UNRESOLVED,TIMEOUT,,,180.1285541139987,IN_PROGRESS,UNRESOLVED,/srv/macroatlas-rq1-exact/rq1-exact-623-20260926-5x,jobs/a8e1e8f18a3ec6e7563b/result.json
disjunctedExistence/0049.trace,disjunctedExistence,plain,134,2,2f22c240859e2b9d49a99537712e8ad7f7de4cca881491e6a5f51d9d9739dc34,MIN_EXPANDED_SIZE,OPTIMAL,,5,"|(G(x0),G(x3))",,5,24.70184372499898,1,0,24.70184372499898,SAT,0,5,20.604393842000036,PASSED,AGREE,SAT,0,5,89.08586513599948,PASSED,AGREE,/srv/macroatlas-rq1-exact/rq1-exact-623-20260926-5x,jobs/573ab33f15e80c3e6c30/result.json
disjunctedExistence/0051.trace,disjunctedExistence,plain,134,2,aa52387a1981bbc65e2191e92595db67c0d9ea3192605a3b1c6cb022ebccd084,MIN_EXPANDED_SIZE,TIMEOUT,,,,SMT_timeout,7,2027.0955812600005,2,0,2419.467760166999,TIMEOUT,,,180.1900143419989,IN_PROGRESS,UNRESOLVED,TIMEOUT,,,180.21742906999953,IN_PROGRESS,UNRESOLVED,/srv/macroatlas-rq1-exact/rq1-exact-623-20260926-5x,jobs/bd82d722f9be4d871ac8/result.json
disjunctedExistence/0054.trace,disjunctedExistence,plain,134,2,092edbe817520f3dea1c1708f793a024f854f6785c11b969e7cc80168bfe7282,MIN_EXPANDED_SIZE,TIMEOUT,,,,SMT_timeout,7,2947.6865246190064,2,0,3412.1395912950065,TIMEOUT,,,180.22036415499952,IN_PROGRESS,UNRESOLVED,TIMEOUT,,,180.21212921799997,IN_PROGRESS,UNRESOLVED,/srv/macroatlas-rq1-exact/rq1-exact-623-20260926-5x,jobs/6e6af6f9101502e48a78/result.json
disjunctedExistence/0055.trace,disjunctedExistence,plain,134,2,c94e259027212905fc24057176069edd3844cda7b23707d016f228c9db37693c,MIN_EXPANDED_SIZE,TIMEOUT,,,,SMT_timeout,6,1724.8416919709998,2,0,2235.125763566997,TIMEOUT,,,180.38369627499992,IN_PROGRESS,UNRESOLVED,TIMEOUT,,,180.27245468799993,IN_PROGRESS,UNRESOLVED,/srv/macroatlas-rq1-exact/rq1-exact-623-20260926-5x,jobs/b5f5bfefe25ce609af09/result.json
disjunctedExistence/0057.trace,disjunctedExistence,plain,134,2,6e6462f56f7be1474c46e342cd9b52c0e2b197772fd4f9243e9ad16e47672048,MIN_EXPANDED_SIZE,TIMEOUT,,,,SMT_timeout,6,1842.9007235919998,2,0,2358.6512767789973,TIMEOUT,,,180.32147379900016,IN_PROGRESS,UNRESOLVED,TIMEOUT,,,180.20309165800018,IN_PROGRESS,UNRESOLVED,/srv/macroatlas-rq1-exact/rq1-exact-623-20260926-5x,jobs/564d632676a2c8d3c020/result.json
disjunctedExistence/0058.trace,disjunctedExistence,plain,134,2,536d0e502da77b68bdba3a5dfb2a835e378bb339a49182a1519300259a4e8af8,MIN_EXPANDED_SIZE,OPTIMAL,,2,G(x0),,2,7.255413177001174,1,0,7.255413177001174,SAT,0,2,65.34249659299985,PASSED,AGREE,SAT,0,2,6.409592591000546,PASSED,AGREE,/srv/macroatlas-rq1-exact/rq1-exact-623-20260926-5x,jobs/4de4e6e8fff5937a2ca4/result.json
disjunctedExistence/0060.trace,disjunctedExistence,plain,134,2,ae8c721ccca0c09bb1caaa404fe38187b88082487b2dd912873a54f1110e35d3,MIN_EXPANDED_SIZE,TIMEOUT,,,,SMT_timeout,6,1904.0052503540064,2,0,2464.4826602140056,TIMEOUT,,,180.29093181999997,IN_PROGRESS,UNRESOLVED,TIMEOUT,,,180.2531725989993,IN_PROGRESS,UNRESOLVED,/srv/macroatlas-rq1-exact/rq1-exact-623-20260926-5x,jobs/6ce3640a3f6bdc2a9ead/result.json
disjunctedExistence/0061.trace,disjunctedExistence,plain,134,2,05796686e3c55d78c6963abdea7159548834606d6e6ce6ea7e70e2122c847d73,MIN_EXPANDED_SIZE,TIMEOUT,,,,SMT_timeout,6,2034.716737912997,2,0,2690.3309364559955,TIMEOUT,,,180.60232817799988,IN_PROGRESS,UNRESOLVED,TIMEOUT,,,180.38157655400028,IN_PROGRESS,UNRESOLVED,/srv/macroatlas-rq1-exact/rq1-exact-623-20260926-5x,jobs/27aa18330c6933482c04/result.json
disjunctedExistence/0063.trace,disjunctedExistence,plain,134,2,626d67f59fe04a454da0de7737bf2ad85b99392a408360b738091701b07475ab,MIN_EXPANDED_SIZE,TIMEOUT,,,,SMT_timeout,6,2019.1409864550005,2,0,2666.9303950740014,TIMEOUT,,,180.45793356099966,IN_PROGRESS,UNRESOLVED,TIMEOUT,,,180.35328835700057,IN_PROGRESS,UNRESOLVED,/srv/macroatlas-rq1-exact/rq1-exact-623-20260926-5x,jobs/f68d03d30f8f5a3b4cf0/result.json
disjunctedExistence/0064.trace,disjunctedExistence,plain,134,2,fc617b191fd4d845769d17e2dd10f4af437581f59ee25a7839c6dec061cc113e,MIN_EXPANDED_SIZE,TIMEOUT,,,,SMT_timeout,6,1984.1960858380044,2,0,2666.5944707290055,TIMEOUT,,,180.3026005900001,IN_PROGRESS,UNRESOLVED,TIMEOUT,,,180.4265580629999,IN_PROGRESS,UNRESOLVED,/srv/macroatlas-rq1-exact/rq1-exact-623-20260926-5x,jobs/b3255a70593f8b89bf03/result.json
disjunctedExistence/0066.trace,disjunctedExistence,plain,134,2,43d4cd6a258fce14a544ddfc107ce97e4591d36af4a6b020ee012f67194b5a6f,MIN_EXPANDED_SIZE,TIMEOUT,,,,SMT_timeout,6,2230.0167942500048,2,0,2955.0773718740056,TIMEOUT,,,180.4903877149991,IN_PROGRESS,UNRESOLVED,TIMEOUT,,,180.4006281410002,IN_PROGRESS,UNRESOLVED,/srv/macroatlas-rq1-exact/rq1-exact-623-20260926-5x,jobs/d60d35b900aad921c0b3/result.json
disjunctedExistence/0067.trace,disjunctedExistence,plain,134,2,91d865176d70910e5658d0568f6799c7fd07c31c47b1eea93804f38bf3e5376c,MIN_EXPANDED_SIZE,OPTIMAL,,5,"|(G(x3),G(x0))",,5,230.5739186819992,1,0,230.5739186819992,TIMEOUT,,,180.3308744749993,IN_PROGRESS,UNRESOLVED,TIMEOUT,,,180.45799596299912,IN_PROGRESS,UNRESOLVED,/srv/macroatlas-rq1-exact/rq1-exact-623-20260926-5x,jobs/169677c4678b9eb857b4/result.json
disjunctedExistence/0069.trace,disjunctedExistence,plain,134,2,622819d40ba94df8d8abeb6b955778f2a23b50fbe826af1277da478a3864b519,MIN_EXPANDED_SIZE,TIMEOUT,,,,SMT_timeout,6,2573.670769384,2,0,3107.531704085999,TIMEOUT,,,180.3755558969999,IN_PROGRESS,UNRESOLVED,TIMEOUT,,,180.54882674200053,IN_PROGRESS,UNRESOLVED,/srv/macroatlas-rq1-exact/rq1-exact-623-20260926-5x,jobs/d8c299fa4defe07f41bc/result.json
disjunctedExistence/0070.trace,disjunctedExistence,plain,134,2,0cfd956822f9adddc5db2a29649255f2a901633e32f3a021d3575c9899d300fe,MIN_EXPANDED_SIZE,TIMEOUT,,,,SMT_timeout,6,2343.9751505230015,2,0,2931.7851113960023,TIMEOUT,,,180.4395075020002,IN_PROGRESS,UNRESOLVED,TIMEOUT,,,180.49940114699984,IN_PROGRESS,UNRESOLVED,/srv/macroatlas-rq1-exact/rq1-exact-623-20260926-5x,jobs/eb6384aca7bb71503784/result.json
equal/0001.trace,equal,plain,10,2,d49246fb746c17e1586e2867db0b38c03500efb47fb5651cf4883b43a0b95c1e,MIN_EXPANDED_SIZE,TIMEOUT,,,,SMT_timeout,7,2022.0697502529983,2,0,2642.432959740998,TIMEOUT,,,180.1490040940007,IN_PROGRESS,UNRESOLVED,TIMEOUT,,,180.16416968399972,IN_PROGRESS,UNRESOLVED,/srv/macroatlas-rq1-exact/rq1-exact-623-20260926-5x,jobs/03458c2a64614f2f246d/result.json
equal/0002.trace,equal,plain,10,2,c4c504b73ecfe3051e9f57b0451084de14d0e5758787b689f5de361e371bbb0f,MIN_EXPANDED_SIZE,TIMEOUT,,,,SMT_timeout,8,1849.5299231120007,2,0,2330.7052753430007,TIMEOUT,,,180.0595046020003,IN_PROGRESS,UNRESOLVED,TIMEOUT,,,180.06128597499992,IN_PROGRESS,UNRESOLVED,/srv/macroatlas-rq1-exact/rq1-exact-623-20260926-5x,jobs/f7c7eb3495a4fd4e9ac2/result.json
equal/0003.trace,equal,plain,10,2,a54af567df01635ac7e9ab2c69fccc5dfbe7036e61a5ece6e8b14f34a75d81f1,MIN_EXPANDED_SIZE,TIMEOUT,,,,SMT_timeout,7,2385.204344801001,2,0,2788.0916764899994,TIMEOUT,,,180.24308133999875,IN_PROGRESS,UNRESOLVED,TIMEOUT,,,180.2732904429995,IN_PROGRESS,UNRESOLVED,/srv/macroatlas-rq1-exact/rq1-exact-623-20260926-5x,jobs/47165ee0bff2704724a0/result.json
equal/0004.trace,equal,plain,10,2,332954efe6beae93332a9411a11e213582f0e3d5fca888d0efe93f8cb778dcdd,MIN_EXPANDED_SIZE,TIMEOUT,,,,SMT_timeout,7,2758.8855661609996,2,0,3197.064395401,TIMEOUT,,,180.25215527799992,IN_PROGRESS,UNRESOLVED,TIMEOUT,,,180.310413789,IN_PROGRESS,UNRESOLVED,/srv/macroatlas-rq1-exact/rq1-exact-623-20260926-5x,jobs/e46a5f755c6ef207c866/result.json
equal/0005.trace,equal,plain,10,2,86453d0b027578128918dd8e6850374eed8381f32b6ec05b52993568e47b4517,MIN_EXPANDED_SIZE,TIMEOUT,,,,SMT_timeout,6,2100.425482622002,2,0,2796.8248533640017,TIMEOUT,,,180.4603380260014,IN_PROGRESS,UNRESOLVED,TIMEOUT,,,180.4672987920003,IN_PROGRESS,UNRESOLVED,/srv/macroatlas-rq1-exact/rq1-exact-623-20260926-5x,jobs/13353d855b8144270cd9/result.json
equal/0006.trace,equal,plain,10,2,32a25bd96a241f1fd10f4bf5f991f6898b65b0e7799fc6e658adc867dfe067f8,MIN_EXPANDED_SIZE,TIMEOUT,,,,SMT_timeout,8,3077.4491983630032,2,0,3573.057031674003,TIMEOUT,,,180.10905697400085,IN_PROGRESS,UNRESOLVED,TIMEOUT,,,180.17258744399987,IN_PROGRESS,UNRESOLVED,/srv/macroatlas-rq1-exact/rq1-exact-623-20260926-5x,jobs/d37ea97cd95b97aee11c/result.json
equal/0007.trace,equal,plain,10,2,4cf75674988206dfe295cc17eb52615507e429ed7c80ed604edc779cb7eb2ca0,MIN_EXPANDED_SIZE,OPTIMAL,,5,"|(x1,&(X(x1),x2))",,5,1.3724338910005827,1,0,1.3724338910005827,SAT,0,5,1.9884335639999335,PASSED,AGREE,SAT,0,5,4.258121433999804,PASSED,AGREE,/srv/macroatlas-rq1-exact/rq1-exact-623-20260926-5x,jobs/8d3be8dd445a1eb201b4/result.json
equal/0008.trace,equal,plain,5,2,68b9dbffdba5a8716cc749e502c78caaa27f683a9a081ec0950c20632e3b7341,MIN_EXPANDED_SIZE,OPTIMAL,,3,!(F(x0)),,3,6.318699872000252,1,0,6.318699872000252,SAT,0,3,8.4774160270008,PASSED,AGREE,SAT,0,3,12.368174240000371,PASSED,AGREE,/srv/macroatlas-rq1-exact/rq1-exact-623-20260926-5x,jobs/7e30d680f55a7459c961/result.json
equal/0009.trace,equal,plain,5,2,cecb682b73e3226b62a99ac3addf63d43d618e3b9e585fb4806cb9656ef7825f,MIN_EXPANDED_SIZE,OPTIMAL,,3,!(F(x0)),,3,0.6294258920001994,1,0,0.6294258920001994,SAT,0,3,1.9011509400006616,PASSED,AGREE,SAT,0,3,2.903463255999668,PASSED,AGREE,/srv/macroatlas-rq1-exact/rq1-exact-623-20260926-5x,jobs/50e9feb9503c2776b52d/result.json
equal/0010.trace,equal,plain,5,2,326b6a2c71e37fa4698ac9877ad12e365e9f3169daceb9ed57a6151c7545c6d1,MIN_EXPANDED_SIZE,OPTIMAL,,3,G(!(x0)),,3,9.176413437000065,1,0,9.176413437000065,SAT,0,3,13.418801818000247,PASSED,AGREE,SAT,0,3,14.13922082099998,PASSED,AGREE,/srv/macroatlas-rq1-exact/rq1-exact-623-20260926-5x,jobs/636a77cae076759265e0/result.json
equal/0011.trace,equal,plain,5,2,6a25bb440bd73b9db02ef82026418621ff2db1d014d247ffb4cb080dd44eaa80,MIN_EXPANDED_SIZE,OPTIMAL,,3,G(!(x0)),,3,12.858658924999872,1,0,12.858658924999872,SAT,0,3,13.524365386998397,PASSED,AGREE,SAT,0,3,21.088095518000046,PASSED,AGREE,/srv/macroatlas-rq1-exact/rq1-exact-623-20260926-5x,jobs/b5fd41110e5b258136bf/result.json
equal/0012.trace,equal,plain,5,2,402ed177efa0f193824d67aea4e5b6574cd2d2ff2f653f025cac8a94543a8a51,MIN_EXPANDED_SIZE,OPTIMAL,,3,G(!(x0)),,3,33.50463713099998,1,0,33.50463713099998,SAT,0,3,42.03858944000058,PASSED,AGREE,SAT,0,3,35.583476784000595,PASSED,AGREE,/srv/macroatlas-rq1-exact/rq1-exact-623-20260926-5x,jobs/0e912515376ee375cad0/result.json
equal/0013.trace,equal,plain,5,2,8cebc4f8416d5be2c6a204cd769627cf8e59eb27115e3a87f20a6d366fcc26e9,MIN_EXPANDED_SIZE,OPTIMAL,,3,G(!(x0)),,3,3.11111109400008,1,0,3.11111109400008,SAT,0,3,6.986564155999076,PASSED,AGREE,SAT,0,3,7.246274834999895,PASSED,AGREE,/srv/macroatlas-rq1-exact/rq1-exact-623-20260926-5x,jobs/30384ce1d28f59f79cf8/result.json
equal/0014.trace,equal,plain,5,2,6bebe7d6a616c309c24c8503f0245c9ddfca89df3734c741eb461ba94ab2c090,MIN_EXPANDED_SIZE,OPTIMAL,,3,G(!(x0)),,3,0.3304556190000767,1,0,0.3304556190000767,SAT,0,3,1.29416017100084,PASSED,AGREE,SAT,0,3,2.4183961620001355,PASSED,AGREE,/srv/macroatlas-rq1-exact/rq1-exact-623-20260926-5x,jobs/abfbead8106728f8138c/result.json
equal/0015.trace,equal,plain,18,2,6a33b18c2367b297b6d09d9e44c594eb9d376ae81f2c1def6e1e3f6b14dd33eb,MIN_EXPANDED_SIZE,OPTIMAL,,6,"G(->(x1,!(F(x0))))",,6,86.86341135600014,1,0,86.86341135600014,TIMEOUT,,,180.19397432700134,IN_PROGRESS,UNRESOLVED,SAT,0,6,94.07383759899858,PASSED,AGREE,/srv/macroatlas-rq1-exact/rq1-exact-623-20260926-5x,jobs/122086d65fc999b2c78a/result.json
equal/0016.trace,equal,plain,18,2,8b761ca9f997be17658c978560d3f885344a9358ad321796a7e719bfe6ce0a65,MIN_EXPANDED_SIZE,OPTIMAL,,5,"G(->(x0,!(x1)))",,5,2.582096209998781,1,0,2.582096209998781,SAT,0,5,2.7642156250001335,PASSED,AGREE,SAT,0,5,5.7715972619998865,PASSED,AGREE,/srv/macroatlas-rq1-exact/rq1-exact-623-20260926-5x,jobs/db6be6019823b8b1b9a7/result.json
equal/0017.trace,equal,plain,18,2,415e06b8e00b1e8d4fe33da97c84cc3f295b257fedb8b3b7d229ef248830565b,MIN_EXPANDED_SIZE,OPTIMAL,,6,"G(->(x1,!(F(x0))))",,6,133.12745022300078,1,0,133.12745022300078,SAT,0,6,89.00178762900032,PASSED,AGREE,SAT,0,6,166.7267344339998,PASSED,AGREE,/srv/macroatlas-rq1-exact/rq1-exact-623-20260926-5x,jobs/12ac4e2d4a1f44bce2fa/result.json
equal/0018.trace,equal,plain,18,2,38dbdb0155ed1902ee1ecfcc93fe20dfdb107c03d20deb11e4e6de2a806eb736,MIN_EXPANDED_SIZE,OPTIMAL,,6,"G(->(x1,G(!(x0))))",,6,196.91124577299888,1,0,196.91124577299888,TIMEOUT,,,180.23740303600061,IN_PROGRESS,UNRESOLVED,TIMEOUT,,,180.23073152399957,IN_PROGRESS,UNRESOLVED,/srv/macroatlas-rq1-exact/rq1-exact-623-20260926-5x,jobs/05a3f055c141c640b553/result.json
equal/0019.trace,equal,plain,18,2,18cc01c619b4357e619182899a50849090d84dce2cd2f99cabcf420d4f23bf10,MIN_EXPANDED_SIZE,OPTIMAL,,6,"G(->(x1,!(F(x0))))",,6,539.7359248299999,1,0,539.7359248299999,TIMEOUT,,,180.4616492140001,IN_PROGRESS,UNRESOLVED,TIMEOUT,,,180.50400916499984,IN_PROGRESS,UNRESOLVED,/srv/macroatlas-rq1-exact/rq1-exact-623-20260926-5x,jobs/30c227d02fb7ea2fb04a/result.json
equal/0020.trace,equal,plain,18,2,e5b5f71aaa4f83bfb89a82fcc9a1d9b77f761080bbe91790b43f8c80250f807d,MIN_EXPANDED_SIZE,OPTIMAL,,6,"G(->(x1,G(!(x0))))",,6,35.865897751000375,1,0,35.865897751000375,TIMEOUT,,,180.13248956000007,IN_PROGRESS,UNRESOLVED,SAT,0,6,64.58260168400011,PASSED,AGREE,/srv/macroatlas-rq1-exact/rq1-exact-623-20260926-5x,jobs/da1e1c27dc3eeabe5b81/result.json
equal/0021.trace,equal,plain,18,2,b1e3c019e26ccc9ae26b50e4aa559c39fb6fdca6d7807a00026c13cd4d3c4c3b,MIN_EXPANDED_SIZE,OPTIMAL,,5,"!(F(&(x1,x0)))",,5,1.3036754710010428,1,0,1.3036754710010428,SAT,0,5,2.233806573000038,PASSED,AGREE,SAT,0,5,4.4344039699999485,PASSED,AGREE,/srv/macroatlas-rq1-exact/rq1-exact-623-20260926-5x,jobs/6282a07dbfc51d7fda5c/result.json
equal/0022.trace,equal,plain,6,2,54aac81ee3b36bf4c2e56ccc89676b262fda5407f52f4b8283d6e29db86a8181,MIN_EXPANDED_SIZE,UNSAT,,,,,6,293.7468170860002,2,1,293.7468170860002,TIMEOUT,,,180.14855665199957,IN_PROGRESS,UNRESOLVED,TIMEOUT,,,180.1292729299994,IN_PROGRESS,UNRESOLVED,/srv/macroatlas-rq1-exact/rq1-exact-623-20260926-5x,jobs/c4d183c3a6c7d3d5615d/result.json
equal/0023.trace,equal,plain,6,2,f963d51b04b474bbc92efce90577bf4747d5beb8e0bf538f00ddc3b7d4fbaf98,MIN_EXPANDED_SIZE,OPTIMAL,,5,"|(x1,&(x0,X(x0)))",,5,2.6984068049996495,1,0,2.6984068049996495,SAT,0,5,6.376182462000088,PASSED,AGREE,SAT,0,5,4.546784564000063,PASSED,AGREE,/srv/macroatlas-rq1-exact/rq1-exact-623-20260926-5x,jobs/211af39d25eacebe4cc3/result.json
equal/0024.trace,equal,plain,6,2,591191500853d381ffc261d6fc8335d26e1dd1db3e401462025d499293c452c7,MIN_EXPANDED_SIZE,UNSAT,,,,,6,788.3745406220005,2,0,1192.5841186690013,TIMEOUT,,,180.18350550800096,IN_PROGRESS,UNRESOLVED,TIMEOUT,,,180.22791566599972,IN_PROGRESS,UNRESOLVED,/srv/macroatlas-rq1-exact/rq1-exact-623-20260926-5x,jobs/31cd1aa4b62e6afb9a73/result.json
equal/0025.trace,equal,plain,6,2,edb9330d0129cc0be80bf467b4cbef6358640874afff7c1a9fe9e6c3571001bc,MIN_EXPANDED_SIZE,UNSAT,,,,,6,848.9525825400015,3,1,1276.463773499002,TIMEOUT,,,180.22411196000007,IN_PROGRESS,UNRESOLVED,TIMEOUT,,,180.214522837,IN_PROGRESS,UNRESOLVED,/srv/macroatlas-rq1-exact/rq1-exact-623-20260926-5x,jobs/42e8757cedd11f4eebc3/result.json
equal/0026.trace,equal,plain,6,2,88e940e86be14702db987816ee958a630575c2bd110e6bb025fa8a60b3e90740,MIN_EXPANDED_SIZE,TIMEOUT,,,,SMT_timeout,6,2151.761672775003,3,1,2885.7163455900027,TIMEOUT,,,180.40487819300006,IN_PROGRESS,UNRESOLVED,TIMEOUT,,,180.42386394000005,IN_PROGRESS,UNRESOLVED,/srv/macroatlas-rq1-exact/rq1-exact-623-20260926-5x,jobs/56b5ff6534122a34437f/result.json
equal/0027.trace,equal,plain,6,2,2060b406c622d13080c08aafed54ff741a77a75ea2c0424b337ed9562ffcd122,MIN_EXPANDED_SIZE,UNSAT,,,,,6,117.30981547400006,1,0,117.30981547400006,TIMEOUT,,,180.11293242000102,IN_PROGRESS,UNRESOLVED,UNSAT,0,0,94.44924523200007,NOT_APPLICABLE_UNSAT,AGREE,/srv/macroatlas-rq1-exact/rq1-exact-623-20260926-5x,jobs/480202dabe604e43340d/result.json
equal/0028.trace,equal,plain,6,2,7f4d66bc49002a76dc3538d28842230ce9547b4ff15f23b217fac65a62f021ec,MIN_EXPANDED_SIZE,OPTIMAL,,3,"|(x0,x1)",,3,0.3703029010002865,1,0,0.3703029010002865,SAT,0,3,2.318177557999661,PASSED,AGREE,SAT,0,3,2.6638900880006986,PASSED,AGREE,/srv/macroatlas-rq1-exact/rq1-exact-623-20260926-5x,jobs/8493bbb1776742b31cb5/result.json
equal/0029.trace,equal,plain,3,2,b0b757df1984fbb189cd104036ada718f9ab017a51aae6d602b363378f4b397b,MIN_EXPANDED_SIZE,OPTIMAL,,2,G(x0),,2,2.175624720000087,1,0,2.175624720000087,SAT,0,2,4.745066059999772,PASSED,AGREE,SAT,0,2,3.6518153119995986,PASSED,AGREE,/srv/macroatlas-rq1-exact/rq1-exact-623-20260926-5x,jobs/f3b0418662513d949d6b/result.json
equal/0030.trace,equal,plain,3,2,711ddd89f791ef8ab17f11b2a19baa627aeac6e0d21f0570a5d9fe2fbc7edc13,MIN_EXPANDED_SIZE,OPTIMAL,,2,G(x0),,2,0.23645414400016307,1,0,0.23645414400016307,SAT,0,2,1.4170015689999218,PASSED,AGREE,SAT,0,2,1.28192071400008,PASSED,AGREE,/srv/macroatlas-rq1-exact/rq1-exact-623-20260926-5x,jobs/aec1283d04931703bc27/result.json
equal/0031.trace,equal,plain,3,2,07d9495d2d7df44ccf12e6c70a0471d48176e442f29c2986e9730e35f9ec0057,MIN_EXPANDED_SIZE,OPTIMAL,,2,G(x0),,2,3.2462985900001513,1,0,3.2462985900001513,SAT,0,2,7.049328763000176,PASSED,AGREE,SAT,0,2,4.043039731000135,PASSED,AGREE,/srv/macroatlas-rq1-exact/rq1-exact-623-20260926-5x,jobs/5f4a08ff655599d1bab1/result.json
equal/0032.trace,equal,plain,3,2,22f8f30c38f86e2961b6487ba7ec8102440b1da43a7633778cf607c34dc4bfe2,MIN_EXPANDED_SIZE,OPTIMAL,,2,G(x0),,2,4.319005342999844,1,0,4.319005342999844,SAT,0,2,8.767690153999865,PASSED,AGREE,SAT,0,2,5.207640493001236,PASSED,AGREE,/srv/macroatlas-rq1-exact/rq1-exact-623-20260926-5x,jobs/391a98a73bcabb6fa637/result.json
equal/0033.trace,equal,plain,3,2,42ae15afdc2e72af93dec4c095ef937630ddcb39ac7c44d122e402f86296ccfd,MIN_EXPANDED_SIZE,OPTIMAL,,2,G(x0),,2,11.217748549000135,1,0,11.217748549000135,SAT,0,2,23.950930899000014,PASSED,AGREE,SAT,0,2,9.010383955999714,PASSED,AGREE,/srv/macroatlas-rq1-exact/rq1-exact-623-20260926-5x,jobs/5f8123db29b13c940d0b/result.json
equal/0034.trace,equal,plain,3,2,2b22e3672cf346ef8bceba6aa27fbb5bd388ea8ad69c40e7e97d187ea0c7a395,MIN_EXPANDED_SIZE,OPTIMAL,,2,G(x0),,2,1.0814163979998739,1,0,1.0814163979998739,SAT,0,2,3.0236460240003,PASSED,AGREE,SAT,0,2,2.186812152000016,PASSED,AGREE,/srv/macroatlas-rq1-exact/rq1-exact-623-20260926-5x,jobs/5a3f10028f1866e865e8/result.json
equal/0035.trace,equal,plain,3,2,efa12ce81efae335dc2fc0910a4b88d841f0936b905544dacaf74b02f6ce95b9,MIN_EXPANDED_SIZE,OPTIMAL,,2,G(x0),,2,0.13057152200008204,1,0,0.13057152200008204,SAT,0,2,1.062132302000009,PASSED,AGREE,SAT,0,2,1.1958551500001704,PASSED,AGREE,/srv/macroatlas-rq1-exact/rq1-exact-623-20260926-5x,jobs/35d5b1bb91c2e0260ecc/result.json
equal/0036.trace,equal,plain,10,2,353e8b045848d454806ff176d7d39d1f870de1ac30bee6cc65bdbe1fd2f87dfe,MIN_EXPANDED_SIZE,OPTIMAL,,5,"G(->(x1,G(x0)))",,5,36.50789045199963,1,0,36.50789045199963,SAT,0,5,19.03266172199983,PASSED,AGREE,SAT,0,5,53.953413901000204,PASSED,AGREE,/srv/macroatlas-rq1-exact/rq1-exact-623-20260926-5x,jobs/44dc35c36c11c6abf3ba/result.json
equal/0037.trace,equal,plain,10,2,8e23125d1a97f16b9aa603e0f88af1d097eac1636d15d041a3b233ac7df17b50,MIN_EXPANDED_SIZE,OPTIMAL,,5,"G(->(x1,G(x0)))",,5,2.786578480001481,1,0,2.786578480001481,SAT,0,5,2.6584974209999928,PASSED,AGREE,SAT,0,5,8.321281647000433,PASSED,AGREE,/srv/macroatlas-rq1-exact/rq1-exact-623-20260926-5x,jobs/ceff3dc012a971096af6/result.json
equal/0038.trace,equal,plain,10,2,4d24fb57818be344b2dc7cc7e11f0284590551691d78845da16fa441585533f5,MIN_EXPANDED_SIZE,OPTIMAL,,5,"G(->(x1,G(x0)))",,5,48.950504688000365,1,0,48.950504688000365,SAT,0,5,25.073049814000115,PASSED,AGREE,SAT,0,5,125.87195136900027,PASSED,AGREE,/srv/macroatlas-rq1-exact/rq1-exact-623-20260926-5x,jobs/fa2af2beac67a8d6d3e9/result.json
equal/0039.trace,equal,plain,10,2,0d5ade36218701a3ad9bb7a45cdc9fd97f1e71a2ac121ffdaec5ac6268e17437,MIN_EXPANDED_SIZE,OPTIMAL,,5,"G(->(x1,G(x0)))",,5,70.73796814999878,1,0,70.73796814999878,SAT,0,5,47.06588772000032,PASSED,AGREE,SAT,0,5,127.60729120699989,PASSED,AGREE,/srv/macroatlas-rq1-exact/rq1-exact-623-20260926-5x,jobs/add597a6cf2a84637bd7/result.json
equal/0040.trace,equal,plain,10,2,87a399fb051ea4bdb2cf7ff71b23af3577838a2c90898c341fa665bca6a8ba38,MIN_EXPANDED_SIZE,OPTIMAL,,5,"G(->(x1,G(x0)))",,5,178.53469462199973,1,0,178.53469462199973,SAT,0,5,107.10868512299999,PASSED,AGREE,TIMEOUT,,,180.46445477700036,IN_PROGRESS,UNRESOLVED,/srv/macroatlas-rq1-exact/rq1-exact-623-20260926-5x,jobs/4731f0fe07c5b760039a/result.json
equal/0041.trace,equal,plain,10,2,039db8452a2b4e828889363c84368109bf7adcced910749d0a98c7dfb219a90a,MIN_EXPANDED_SIZE,OPTIMAL,,5,"G(->(x1,G(x0)))",,5,16.9441217829999,1,0,16.9441217829999,SAT,0,5,9.63123199599977,PASSED,AGREE,SAT,0,5,39.656574159998854,PASSED,AGREE,/srv/macroatlas-rq1-exact/rq1-exact-623-20260926-5x,jobs/283e8d07dc600069b338/result.json
equal/0042.trace,equal,plain,10,2,428b7280c06cd1c4a3dfee817f27bd54186bddd87680459d4e5d202f6b9ee9bd,MIN_EXPANDED_SIZE,OPTIMAL,,4,"G(->(x1,x0))",,4,0.7633100539997031,1,0,0.7633100539997031,SAT,0,4,1.8436511310001151,PASSED,AGREE,SAT,0,4,3.893795735999447,PASSED,AGREE,/srv/macroatlas-rq1-exact/rq1-exact-623-20260926-5x,jobs/3fad60be09aaa2f7a135/result.json
increasingNumVariables/0000.trace,increasingNumVariables,plain,10,2,2a830f2df3356171c4f0fbb2ee06b60cc05a085713ab083d9c190429af24221d,MIN_EXPANDED_SIZE,OPTIMAL,,5,"G(->(x1,G(x0)))",,5,5.252007533001233,1,0,5.252007533001233,TIMEOUT,,,180.0716614590001,IN_PROGRESS,UNRESOLVED,SAT,0,5,9.20549054900016,PASSED,AGREE,/srv/macroatlas-rq1-exact/rq1-exact-623-20260926-5x,jobs/5896dadc8077cba9a0d2/result.json
increasingNumVariables/0001.trace,increasingNumVariables,plain,10,2,b36c289e04b6261695173c7e059f424c953ab6dd4e58c9e071501c7acc64c31d,MIN_EXPANDED_SIZE,OPTIMAL,,5,"G(->(x1,G(x0)))",,5,5.338921937000123,1,0,5.338921937000123,SAT,0,5,120.44809399199949,PASSED,AGREE,SAT,0,5,13.63315124699966,PASSED,AGREE,/srv/macroatlas-rq1-exact/rq1-exact-623-20260926-5x,jobs/6aba1b3216f7e5ef39f5/result.json
increasingNumVariables/0002.trace,increasingNumVariables,plain,10,2,a9a5b3b328f419ed605aab700da4cfd7fd98178115d7b84ae68a26e0cd89df04,MIN_EXPANDED_SIZE,OPTIMAL,,5,"G(->(x1,G(x0)))",,5,6.443430415998591,1,0,6.443430415998591,TIMEOUT,,,180.06578451800124,IN_PROGRESS,UNRESOLVED,SAT,0,5,17.67376081600014,PASSED,AGREE,/srv/macroatlas-rq1-exact/rq1-exact-623-20260926-5x,jobs/ef8c17c5c57b86efe329/result.json
increasingNumVariables/0003.trace,increasingNumVariables,plain,10,2,554d1db6d50e510609a8c1e3ffd7d556385f38ffb0b5bdc160657ceb008146ba,MIN_EXPANDED_SIZE,OPTIMAL,,5,"G(->(x1,G(x0)))",,5,10.426882800000385,1,0,10.426882800000385,SAT,0,5,10.702148871001555,PASSED,AGREE,SAT,0,5,18.02657930299938,PASSED,AGREE,/srv/macroatlas-rq1-exact/rq1-exact-623-20260926-5x,jobs/636a80a58c2e6c31188b/result.json
increasingNumVariables/0004.trace,increasingNumVariables,plain,10,2,0ab5b815ca087c0ea6b2d5eeef146081cb9011ec8bd9f597a695d4a23df493c4,MIN_EXPANDED_SIZE,OPTIMAL,,5,"G(->(x1,G(x0)))",,5,9.610567010999148,1,0,9.610567010999148,SAT,0,5,58.78637675699974,PASSED,AGREE,SAT,0,5,13.074897183999838,PASSED,AGREE,/srv/macroatlas-rq1-exact/rq1-exact-623-20260926-5x,jobs/bcffad2de85368372813/result.json
increasingNumVariables/0005.trace,increasingNumVariables,plain,10,2,dbdd627746860fa9b0e155e7eb7bb5b002787d7d0438d288ce8784b5c9a467e8,MIN_EXPANDED_SIZE,OPTIMAL,,5,"G(->(x1,G(x0)))",,5,12.767224021999937,1,0,12.767224021999937,SAT,0,5,7.272882860001118,PASSED,AGREE,SAT,0,5,24.42959717099984,PASSED,AGREE,/srv/macroatlas-rq1-exact/rq1-exact-623-20260926-5x,jobs/d6a98febd624daeb5edc/result.json
increasingNumVariables/0006.trace,increasingNumVariables,plain,10,2,a032eec421c1e7a369a80d20704c289cca03b525420d89c4af8c374bd834215f,MIN_EXPANDED_SIZE,OPTIMAL,,5,"G(->(x1,G(x0)))",,5,14.369882062000215,1,0,14.369882062000215,SAT,0,5,8.830051633999574,PASSED,AGREE,SAT,0,5,41.52453561499988,PASSED,AGREE,/srv/macroatlas-rq1-exact/rq1-exact-623-20260926-5x,jobs/52d19a4df2d823bdd995/result.json
increasingNumVariables/0007.trace,increasingNumVariables,plain,10,2,ad8b69cca65b23e3aa0252f99d9c19a337e1bd035c5ca9bd532bebc35f387bcb,MIN_EXPANDED_SIZE,OPTIMAL,,5,"G(->(x1,G(x0)))",,5,14.771244485000352,1,0,14.771244485000352,SAT,0,5,9.85507365400008,PASSED,AGREE,SAT,0,5,32.94534576899969,PASSED,AGREE,/srv/macroatlas-rq1-exact/rq1-exact-623-20260926-5x,jobs/b0fc01672c508978db12/result.json
increasingNumVariables/0008.trace,increasingNumVariables,plain,11,2,3490642575d80a5a874820816271c5464aae14f576b0aad111d8eb63e5c462d3,MIN_EXPANDED_SIZE,OPTIMAL,,7,"G(->(&(x2,x1),G(x0)))",,7,47.5785846029994,1,0,47.5785846029994,TIMEOUT,,,180.08039770899995,IN_PROGRESS,UNRESOLVED,SAT,0,7,53.03625099300007,PASSED,AGREE,/srv/macroatlas-rq1-exact/rq1-exact-623-20260926-5x,jobs/0082993d989909e8588d/result.json
increasingNumVariables/0009.trace,increasingNumVariables,plain,11,2,d58daa4fbf06f40b12f0a79766289a658995837b04cbbd5ad57386ac6a1aed9b,MIN_EXPANDED_SIZE,OPTIMAL,,7,"G(->(x1,->(x2,G(x0))))",,7,76.11914686100135,1,0,76.11914686100135,TIMEOUT,,,180.06902834299945,IN_PROGRESS,UNRESOLVED,SAT,0,7,79.26868582499992,PASSED,AGREE,/srv/macroatlas-rq1-exact/rq1-exact-623-20260926-5x,jobs/e92caf9318c85add2f42/result.json
increasingNumVariables/0010.trace,increasingNumVariables,plain,11,2,be9d539eb333b64bd4386b76053c5ef1fbd95a8b36c9b3403944f38f5b4241ff,MIN_EXPANDED_SIZE,OPTIMAL,,7,"G(->(x1,->(x2,G(x0))))",,7,87.43498937500044,1,0,87.43498937500044,TIMEOUT,,,180.08233560699955,IN_PROGRESS,UNRESOLVED,SAT,0,7,102.23466055500103,PASSED,AGREE,/srv/macroatlas-rq1-exact/rq1-exact-623-20260926-5x,jobs/01f1e8c947ddcf55767b/result.json
increasingNumVariables/0011.trace,increasingNumVariables,plain,11,2,39cf098d2ef0dd162a82dc3e34366a8e93706c6e131558d9356a4ffc5cef3fb7,MIN_EXPANDED_SIZE,OPTIMAL,,7,"G(->(x1,->(x2,G(x0))))",,7,121.36708128399914,1,0,121.36708128399914,TIMEOUT,,,180.0966477400034,IN_PROGRESS,UNRESOLVED,SAT,0,7,108.90230067800076,PASSED,AGREE,/srv/macroatlas-rq1-exact/rq1-exact-623-20260926-5x,jobs/67313600d5f11108def0/result.json
increasingNumVariables/0012.trace,increasingNumVariables,plain,11,2,c859293cb922db9a7147c373543002c252240451f6c91630c075fc58f4c884ba,MIN_EXPANDED_SIZE,OPTIMAL,,7,"G(->(&(x2,x1),G(x0)))",,7,111.97272475499994,1,0,111.97272475499994,TIMEOUT,,,180.0898575070005,IN_PROGRESS,UNRESOLVED,SAT,0,7,144.68383019500016,PASSED,AGREE,/srv/macroatlas-rq1-exact/rq1-exact-623-20260926-5x,jobs/c8094bba09cd2abab475/result.json
increasingNumVariables/0013.trace,increasingNumVariables,plain,11,2,0a011e572c33dfcc58a4322a5a335d5939e820b9064a678a28e992cd8382c25c,MIN_EXPANDED_SIZE,OPTIMAL,,7,"G(->(x1,->(x2,G(x0))))",,7,157.45887233400026,1,0,157.45887233400026,TIMEOUT,,,180.104312208,IN_PROGRESS,UNRESOLVED,SAT,0,7,92.91486252100003,PASSED,AGREE,/srv/macroatlas-rq1-exact/rq1-exact-623-20260926-5x,jobs/9d33f57ad962dbf252ff/result.json
increasingNumVariables/0014.trace,increasingNumVariables,plain,11,2,13122ab372812a8693f6f0a4829643eed4ab6bb1126660338787e6d9fc15b715,MIN_EXPANDED_SIZE,OPTIMAL,,7,"G(->(&(x1,x2),G(x0)))",,7,188.89638837599887,1,0,188.89638837599887,TIMEOUT,,,180.10071356499975,IN_PROGRESS,UNRESOLVED,SAT,0,7,112.38207150599919,PASSED,AGREE,/srv/macroatlas-rq1-exact/rq1-exact-623-20260926-5x,jobs/2d3d37dd7fbb2fe6d21e/result.json
increasingNumVariables/0015.trace,increasingNumVariables,plain,11,2,b4f9ef826a6c9e044262856ba196bc2748476bb88307df8b7e5a80aea8bffddc,MIN_EXPANDED_SIZE,OPTIMAL,,7,"G(->(x2,->(x1,G(x0))))",,7,202.66500201499912,1,0,202.66500201499912,TIMEOUT,,,180.10224494100112,IN_PROGRESS,UNRESOLVED,TIMEOUT,,,180.14104994599984,IN_PROGRESS,UNRESOLVED,/srv/macroatlas-rq1-exact/rq1-exact-623-20260926-5x,jobs/e5f3e7ad63f77c0ff084/result.json
increasingNumVariables/0016.trace,increasingNumVariables,plain,20,2,b8d2ada4fbe977db8b1b84190b6240d55964bf4b7a3e91a818b44004dff855ef,MIN_EXPANDED_SIZE,OPTIMAL,,7,"!(F(&(x3,&(x2,x1))))",,7,53.747963670999525,1,0,53.747963670999525,TIMEOUT,,,180.0765319989987,IN_PROGRESS,UNRESOLVED,SAT,0,7,52.59977777200038,PASSED,AGREE,/srv/macroatlas-rq1-exact/rq1-exact-623-20260926-5x,jobs/8b76a491dbe9958edf48/result.json
increasingNumVariables/0017.trace,increasingNumVariables,plain,20,2,259f511901444c8d8fdcc15939dc7c2cbcc4ef75a52afbc2fca95b757b67dfdc,MIN_EXPANDED_SIZE,TIMEOUT,,,,SMT_timeout,8,2765.149585842002,2,0,3141.2169103000033,TIMEOUT,,,180.04158285199992,IN_PROGRESS,UNRESOLVED,TIMEOUT,,,180.0935489830008,IN_PROGRESS,UNRESOLVED,/srv/macroatlas-rq1-exact/rq1-exact-623-20260926-5x,jobs/fe2f228675639aee1b90/result.json
increasingNumVariables/0018.trace,increasingNumVariables,plain,20,2,95dfed9bcdbf631ea398e2743fa8ed7c48bf8428fbd0951f70a91f28a335a8de,MIN_EXPANDED_SIZE,TIMEOUT,,,,SMT_timeout,8,2928.926012113996,2,0,3322.618819221996,TIMEOUT,,,180.07473583000137,IN_PROGRESS,UNRESOLVED,TIMEOUT,,,180.1180073630003,IN_PROGRESS,UNRESOLVED,/srv/macroatlas-rq1-exact/rq1-exact-623-20260926-5x,jobs/ee1dbbc04bc6f0651127/result.json
increasingNumVariables/0019.trace,increasingNumVariables,plain,20,2,6f005d78edc710d2c62fa5cbbde82652ac3302eed6133dca5eed9c797e70f493,MIN_EXPANDED_SIZE,TIMEOUT,,,,SMT_timeout,8,3247.4700991459977,2,0,3688.3504943399985,TIMEOUT,,,180.10033486300017,IN_PROGRESS,UNRESOLVED,TIMEOUT,,,180.08505459200023,IN_PROGRESS,UNRESOLVED,/srv/macroatlas-rq1-exact/rq1-exact-623-20260926-5x,jobs/59b31b26676c47f2fe79/result.json
increasingNumVariables/0020.trace,increasingNumVariables,plain,20,2,311b784809d3a10949bdcc74d37655d9d9670a6d5ac7dd710e9af302bba16b28,MIN_EXPANDED_SIZE,TIMEOUT,,,,SMT_timeout,8,3047.5950510300027,2,0,3469.5135302530016,TIMEOUT,,,180.10967579200042,IN_PROGRESS,UNRESOLVED,TIMEOUT,,,180.08904297400022,IN_PROGRESS,UNRESOLVED,/srv/macroatlas-rq1-exact/rq1-exact-623-20260926-5x,jobs/764497a2fb6d824504fa/result.json
increasingNumVariables/0021.trace,increasingNumVariables,plain,20,2,989fc91e6a7271d67957e6d27849d4bdd0bfb1ce56ac4f7b512f6d178148f375,MIN_EXPANDED_SIZE,TIMEOUT,,,,SMT_timeout,7,1715.8726214370035,2,0,2143.514659741004,TIMEOUT,,,180.10578040699966,IN_PROGRESS,UNRESOLVED,TIMEOUT,,,180.14054553499955,IN_PROGRESS,UNRESOLVED,/srv/macroatlas-rq1-exact/rq1-exact-623-20260926-5x,jobs/621a87dd84376a016abb/result.json
increasingNumVariables/0022.trace,increasingNumVariables,plain,20,2,00d8d266dc5992c7363d439f814f2dae3511df0998a2c8d137a715baf7fa41a9,MIN_EXPANDED_SIZE,TIMEOUT,,,,SMT_timeout,7,1867.996189407997,2,0,2407.176853711997,TIMEOUT,,,180.1266031719997,IN_PROGRESS,UNRESOLVED,TIMEOUT,,,180.18837969000015,IN_PROGRESS,UNRESOLVED,/srv/macroatlas-rq1-exact/rq1-exact-623-20260926-5x,jobs/17e40c2e0869a1a15116/result.json
increasingNumVariables/0023.trace,increasingNumVariables,plain,20,2,4f6b09f5963f91fc0cf5f929f73982cbc23193e0effa97207488206d56b9e47a,MIN_EXPANDED_SIZE,TIMEOUT,,,,SMT_timeout,7,1820.5904653160032,2,0,2298.8687258300033,TIMEOUT,,,180.11807107800087,IN_PROGRESS,UNRESOLVED,TIMEOUT,,,180.15906842200002,IN_PROGRESS,UNRESOLVED,/srv/macroatlas-rq1-exact/rq1-exact-623-20260926-5x,jobs/1ba5d4903ec780fc280b/result.json
increasingNumVariables/0024.trace,increasingNumVariables,plain,37,2,a6cb32342ce9879b98c0c7fc6e3c5ea45ab53a2b78d83e2adbb07a8fca75e9a7,MIN_EXPANDED_SIZE,TIMEOUT,,,,SMT_timeout,8,2954.7123801889975,2,0,3306.8320513849976,TIMEOUT,,,180.0579037589996,IN_PROGRESS,UNRESOLVED,TIMEOUT,,,180.09014240800025,IN_PROGRESS,UNRESOLVED,/srv/macroatlas-rq1-exact/rq1-exact-623-20260926-5x,jobs/9f9377e39b9d74f005d1/result.json
increasingNumVariables/0025.trace,increasingNumVariables,plain,37,2,38a441c409dc2b144fe14941b02a00a5998292fb1b1082fa897059c9cb05d284,MIN_EXPANDED_SIZE,TIMEOUT,,,,SMT_timeout,8,3072.490163331,2,0,3474.8033277720006,TIMEOUT,,,180.08936442999948,IN_PROGRESS,UNRESOLVED,TIMEOUT,,,180.12052863600002,IN_PROGRESS,UNRESOLVED,/srv/macroatlas-rq1-exact/rq1-exact-623-20260926-5x,jobs/62d5bbe26f6abfb6cbfc/result.json
increasingNumVariables/0026.trace,increasingNumVariables,plain,37,2,b20ab2030cacd00b675a176bb62d9a1c86f7b093e187cce6caa442da9506b75c,MIN_EXPANDED_SIZE,TIMEOUT,,,,SMT_timeout,8,3012.7261387239996,2,0,3428.7338825789993,TIMEOUT,,,180.06991468600063,IN_PROGRESS,UNRESOLVED,TIMEOUT,,,180.08196922600018,IN_PROGRESS,UNRESOLVED,/srv/macroatlas-rq1-exact/rq1-exact-623-20260926-5x,jobs/1363b1896c3263928b3b/result.json
increasingNumVariables/0027.trace,increasingNumVariables,plain,37,2,eef1369c346b66bd1122b82261ff2687558f5613d70c776b649a1aacabd58a8d,MIN_EXPANDED_SIZE,TIMEOUT,,,,SMT_timeout,7,1771.848356954004,2,0,2237.3633365110036,TIMEOUT,,,180.09028802799912,IN_PROGRESS,UNRESOLVED,TIMEOUT,,,180.09981134200007,IN_PROGRESS,UNRESOLVED,/srv/macroatlas-rq1-exact/rq1-exact-623-20260926-5x,jobs/ba026efecbda84894bb4/result.json
increasingNumVariables/0028.trace,increasingNumVariables,plain,37,2,1b1c0b48abca612269a0a5beb3e2df127dfb1f148f79e2f87cef4d6657e029bb,MIN_EXPANDED_SIZE,TIMEOUT,,,,SMT_timeout,7,1762.0238382099997,2,0,2221.3157306449993,TIMEOUT,,,180.06964792899998,IN_PROGRESS,UNRESOLVED,TIMEOUT,,,180.10121412800072,IN_PROGRESS,UNRESOLVED,/srv/macroatlas-rq1-exact/rq1-exact-623-20260926-5x,jobs/8bcddab97136a801a319/result.json
increasingNumVariables/0029.trace,increasingNumVariables,plain,37,2,8a7057275ae0b67e48e560de6a18e860f8fc1cb61de272ff2366964b469ba2c9,MIN_EXPANDED_SIZE,TIMEOUT,,,,SMT_timeout,7,1857.0369393039946,2,0,2400.1498464309952,TIMEOUT,,,180.06754941200052,IN_PROGRESS,UNRESOLVED,TIMEOUT,,,180.09947358499994,IN_PROGRESS,UNRESOLVED,/srv/macroatlas-rq1-exact/rq1-exact-623-20260926-5x,jobs/0d12b271ddcde03353eb/result.json
increasingNumVariables/0030.trace,increasingNumVariables,plain,37,2,8b5c385f728795afd3076a4ed38bf4d5c720f5e5896238927136d77c436417a8,MIN_EXPANDED_SIZE,TIMEOUT,,,,SMT_timeout,7,1801.8290856150052,2,0,2280.2711194280055,TIMEOUT,,,180.12651161199938,IN_PROGRESS,UNRESOLVED,TIMEOUT,,,180.11659280000003,IN_PROGRESS,UNRESOLVED,/srv/macroatlas-rq1-exact/rq1-exact-623-20260926-5x,jobs/7b07e289b414ec8ea285/result.json
increasingNumVariables/0031.trace,increasingNumVariables,plain,37,2,b9d9c6a6bf77197e2bd0a86c6f3ffb489ac0728893e34ce2b3455f63bc22a619,MIN_EXPANDED_SIZE,TIMEOUT,,,,SMT_timeout,7,2039.1794302740018,2,0,2684.2679931660005,TIMEOUT,,,180.09743184299987,IN_PROGRESS,UNRESOLVED,TIMEOUT,,,180.1390929320005,IN_PROGRESS,UNRESOLVED,/srv/macroatlas-rq1-exact/rq1-exact-623-20260926-5x,jobs/3af3d5d9697d286789a6/result.json
increasingNumVariables/0032.trace,increasingNumVariables,plain,70,2,b7cf7580413326dac839559fdca50aaec97939547f69aa0a041b6d9bb0412465,MIN_EXPANDED_SIZE,TIMEOUT,,,,SMT_timeout,8,2207.852154427994,2,0,2594.3526783469933,TIMEOUT,,,180.08384242600005,IN_PROGRESS,UNRESOLVED,TIMEOUT,,,180.07834592499967,IN_PROGRESS,UNRESOLVED,/srv/macroatlas-rq1-exact/rq1-exact-623-20260926-5x,jobs/d20c54976a01453362b9/result.json
increasingNumVariables/0033.trace,increasingNumVariables,plain,70,2,80d7b99994d4daf5e9963e4a57213517ce3e29bfda521ef5a4a9bc44fcaf6fab,MIN_EXPANDED_SIZE,TIMEOUT,,,,SMT_timeout,7,1715.0236952469932,2,0,2135.5518613809945,TIMEOUT,,,180.06309196000075,IN_PROGRESS,UNRESOLVED,TIMEOUT,,,180.1055086209999,IN_PROGRESS,UNRESOLVED,/srv/macroatlas-rq1-exact/rq1-exact-623-20260926-5x,jobs/a6292bb8fc17bcbcedf7/result.json
increasingNumVariables/0034.trace,increasingNumVariables,plain,70,2,7a65cd0145bf776eaf9661ae0e685ed7839a92690fa84acf04626812be97bbd3,MIN_EXPANDED_SIZE,TIMEOUT,,,,SMT_timeout,8,2640.0699747100007,2,0,3071.7900857900004,TIMEOUT,,,180.09026162100054,IN_PROGRESS,UNRESOLVED,TIMEOUT,,,180.0778236699989,IN_PROGRESS,UNRESOLVED,/srv/macroatlas-rq1-exact/rq1-exact-623-20260926-5x,jobs/e630a8ac8154589e692b/result.json
increasingNumVariables/0035.trace,increasingNumVariables,plain,70,2,15ebecdc452d631fb7707f95523a5ecc78bd0f2bff49d35ee200f63e7c5c6b2f,MIN_EXPANDED_SIZE,TIMEOUT,,,,SMT_timeout,7,1840.5321663159993,2,0,2351.0488315679995,TIMEOUT,,,180.08162873699985,IN_PROGRESS,UNRESOLVED,TIMEOUT,,,180.0920025059986,IN_PROGRESS,UNRESOLVED,/srv/macroatlas-rq1-exact/rq1-exact-623-20260926-5x,jobs/1190f115131247a7bb7c/result.json
increasingNumVariables/0036.trace,increasingNumVariables,plain,70,2,e1bd7a45a448d9c2b57fbfba8920bbc7876d3d9118b370924aae2a1290865042,MIN_EXPANDED_SIZE,TIMEOUT,,,,SMT_timeout,8,3124.3361648909995,2,0,3612.5753633699987,TIMEOUT,,,180.09813135600052,IN_PROGRESS,UNRESOLVED,TIMEOUT,,,180.1066988849998,IN_PROGRESS,UNRESOLVED,/srv/macroatlas-rq1-exact/rq1-exact-623-20260926-5x,jobs/930f9ca7fca84a567f96/result.json
increasingNumVariables/0037.trace,increasingNumVariables,plain,70,2,f7f3d0810bad48df9101e5126be866be791a9f80c7449afd5126b996deaeda0b,MIN_EXPANDED_SIZE,TIMEOUT,,,,SMT_timeout,7,1949.7395482499996,2,0,2499.4515396069983,TIMEOUT,,,180.08871018399986,IN_PROGRESS,UNRESOLVED,TIMEOUT,,,180.11480010100058,IN_PROGRESS,UNRESOLVED,/srv/macroatlas-rq1-exact/rq1-exact-623-20260926-5x,jobs/3c2e0fd80cb1af60e50e/result.json
increasingNumVariables/0038.trace,increasingNumVariables,plain,70,2,f16cbe0b14ef8b33915104913a6a856768a9bfac70fb44cecf9831cf7984ace7,MIN_EXPANDED_SIZE,TIMEOUT,,,,SMT_timeout,7,1919.108630695002,2,0,2487.4097278880035,TIMEOUT,,,180.12965679300032,IN_PROGRESS,UNRESOLVED,TIMEOUT,,,180.16239775099893,IN_PROGRESS,UNRESOLVED,/srv/macroatlas-rq1-exact/rq1-exact-623-20260926-5x,jobs/46dd6c3c6fba7baab5e7/result.json
increasingNumVariables/0039.trace,increasingNumVariables,plain,70,2,6870050c02c17f3d644ae520f295e016a6d1711d908c6205f2f7b3a43dc05e8a,MIN_EXPANDED_SIZE,TIMEOUT,,,,SMT_timeout,7,2008.1517005050046,2,0,2641.288965018004,TIMEOUT,,,180.13646043900007,IN_PROGRESS,UNRESOLVED,TIMEOUT,,,180.1291377180005,IN_PROGRESS,UNRESOLVED,/srv/macroatlas-rq1-exact/rq1-exact-623-20260926-5x,jobs/40155888108d5dd9689e/result.json
increasingNumVariables/0040.trace,increasingNumVariables,plain,135,2,921304a33cc412881d129ebc4b89f7d14cb98cbacb837b96b0d52f7480b96388,MIN_EXPANDED_SIZE,TIMEOUT,,,,SMT_timeout,8,2645.5176299990053,2,0,3023.0838004170055,TIMEOUT,,,180.0617280360002,IN_PROGRESS,UNRESOLVED,TIMEOUT,,,180.08824175500013,IN_PROGRESS,UNRESOLVED,/srv/macroatlas-rq1-exact/rq1-exact-623-20260926-5x,jobs/94e91d48897b1b371d6e/result.json
increasingNumVariables/0041.trace,increasingNumVariables,plain,135,2,bcdfd5e3a50997933d37a3c35bdcfe4532a2a6f2c2944afca3bc396dbc775e81,MIN_EXPANDED_SIZE,TIMEOUT,,,,SMT_timeout,8,2390.6822163899997,2,0,2830.4530477869994,TIMEOUT,,,180.06349364999915,IN_PROGRESS,UNRESOLVED,TIMEOUT,,,180.12834448799913,IN_PROGRESS,UNRESOLVED,/srv/macroatlas-rq1-exact/rq1-exact-623-20260926-5x,jobs/d945850f52a268bc40b5/result.json
increasingNumVariables/0042.trace,increasingNumVariables,plain,135,2,6fb57c460326b18a306bcbac89f5dd24e4638385447c38cf39c934ad658135f3,MIN_EXPANDED_SIZE,TIMEOUT,,,,SMT_timeout,7,1790.7555237289998,2,0,2254.6584517699994,TIMEOUT,,,180.07250636400022,IN_PROGRESS,UNRESOLVED,TIMEOUT,,,180.12501376100045,IN_PROGRESS,UNRESOLVED,/srv/macroatlas-rq1-exact/rq1-exact-623-20260926-5x,jobs/ff220d694b012508e4c4/result.json
increasingNumVariables/0043.trace,increasingNumVariables,plain,135,2,e3c1b84a1d5289ce903b49dc1172b72bd22a43e0a7b8320078e4b49fa2c56a74,MIN_EXPANDED_SIZE,TIMEOUT,,,,SMT_timeout,8,2999.099881410002,2,0,3382.0691791750032,TIMEOUT,,,180.06198021099954,IN_PROGRESS,UNRESOLVED,TIMEOUT,,,180.11021763200006,IN_PROGRESS,UNRESOLVED,/srv/macroatlas-rq1-exact/rq1-exact-623-20260926-5x,jobs/ab1fa8adb1d4937d2e78/result.json
increasingNumVariables/0044.trace,increasingNumVariables,plain,135,2,c9802ea70fc2803345a2dcdd124d7ba6278f5d6c9e712933544a8ee2676a66a4,MIN_EXPANDED_SIZE,TIMEOUT,,,,SMT_timeout,7,1822.7600178150024,2,0,2312.828000178004,TIMEOUT,,,180.0838283030007,IN_PROGRESS,UNRESOLVED,TIMEOUT,,,180.08854163900014,IN_PROGRESS,UNRESOLVED,/srv/macroatlas-rq1-exact/rq1-exact-623-20260926-5x,jobs/5691c25a7be1ee4099df/result.json
increasingNumVariables/0045.trace,increasingNumVariables,plain,135,2,6032579f6defb002bb46a059d3c5de3598e3390aa67e72422d157126b8156c03,MIN_EXPANDED_SIZE,TIMEOUT,,,,SMT_timeout,7,1759.4184597740023,2,0,2305.292803859,TIMEOUT,,,180.10063313300088,IN_PROGRESS,UNRESOLVED,TIMEOUT,,,180.1174968739997,IN_PROGRESS,UNRESOLVED,/srv/macroatlas-rq1-exact/rq1-exact-623-20260926-5x,jobs/00c506d5c65df9149f8f/result.json
increasingNumVariables/0046.trace,increasingNumVariables,plain,135,2,8fef935035582b3dde4e6bb202410be827fe5d53228fb24cd3d34a3e55070a04,MIN_EXPANDED_SIZE,TIMEOUT,,,,SMT_timeout,7,1959.6041126700002,2,0,2540.6908200709986,TIMEOUT,,,180.13339377500006,IN_PROGRESS,UNRESOLVED,TIMEOUT,,,180.18162949699945,IN_PROGRESS,UNRESOLVED,/srv/macroatlas-rq1-exact/rq1-exact-623-20260926-5x,jobs/b96dbb6dc3e4d021d34c/result.json
increasingNumVariables/0047.trace,increasingNumVariables,plain,135,2,d83e3e0d444e396bd86ddd61765b6e891130500f803ad83b5af12213228a973a,MIN_EXPANDED_SIZE,TIMEOUT,,,,SMT_timeout,7,1918.7452045070022,2,0,2273.8589514940013,TIMEOUT,,,180.13097544100128,IN_PROGRESS,UNRESOLVED,TIMEOUT,,,180.1240822929999,IN_PROGRESS,UNRESOLVED,/srv/macroatlas-rq1-exact/rq1-exact-623-20260926-5x,jobs/6fbac21be3130b9a0018/result.json
increasingNumVariables/0048.trace,increasingNumVariables,plain,264,2,d4aed58d55a4dd87c058e28a7fc96aad2ca4e792a98ea7b77176a065bc08327a,MIN_EXPANDED_SIZE,TIMEOUT,,,,SMT_timeout,7,1670.5403798939951,2,0,2065.098607104992,TIMEOUT,,,180.08007356500002,IN_PROGRESS,UNRESOLVED,TIMEOUT,,,180.0970106649993,IN_PROGRESS,UNRESOLVED,/srv/macroatlas-rq1-exact/rq1-exact-623-20260926-5x,jobs/da1caf66f0b1fabdacbc/result.json
increasingNumVariables/0049.trace,increasingNumVariables,plain,264,2,888c878df35bb95348487ec57bff7a3354f32ccc2a9f41ac35851a4eadfe2afc,MIN_EXPANDED_SIZE,TIMEOUT,,,,SMT_timeout,8,2490.036982546997,2,0,2926.8647699809953,TIMEOUT,,,180.0755749079999,IN_PROGRESS,UNRESOLVED,TIMEOUT,,,180.08706743900075,IN_PROGRESS,UNRESOLVED,/srv/macroatlas-rq1-exact/rq1-exact-623-20260926-5x,jobs/4436b1af4cf5e7366412/result.json
increasingNumVariables/0050.trace,increasingNumVariables,plain,264,2,10fc0669200495687049d1e77843d7dc13d096e88b0771a03def8e260f50dbbb,MIN_EXPANDED_SIZE,TIMEOUT,,,,SMT_timeout,7,1798.8834491509988,2,0,2188.307070642997,TIMEOUT,,,180.10284622899962,IN_PROGRESS,UNRESOLVED,TIMEOUT,,,180.09645048200036,IN_PROGRESS,UNRESOLVED,/srv/macroatlas-rq1-exact/rq1-exact-623-20260926-5x,jobs/ef809c43b07d94c7df02/result.json
increasingNumVariables/0051.trace,increasingNumVariables,plain,264,2,6672bdeac2b4622012f73f35569222cb61266182f5219bbd6e46b4af8cb2da19,MIN_EXPANDED_SIZE,TIMEOUT,,,,SMT_timeout,8,3000.462753369,2,0,3441.0416183909983,TIMEOUT,,,180.0898221490006,IN_PROGRESS,UNRESOLVED,TIMEOUT,,,180.1426112500003,IN_PROGRESS,UNRESOLVED,/srv/macroatlas-rq1-exact/rq1-exact-623-20260926-5x,jobs/66918c75e5f3e7570e85/result.json
increasingNumVariables/0052.trace,increasingNumVariables,plain,264,2,2a19bc3133fc529e868e3edd14b0b7f45a305e34c253078a07b7b224493dbf1b,MIN_EXPANDED_SIZE,TIMEOUT,,,,SMT_timeout,7,1925.6256294970008,2,0,2444.0963317370006,TIMEOUT,,,180.0974152609997,IN_PROGRESS,UNRESOLVED,TIMEOUT,,,180.11614700800055,IN_PROGRESS,UNRESOLVED,/srv/macroatlas-rq1-exact/rq1-exact-623-20260926-5x,jobs/af2fc924a79816aa4530/result.json
increasingNumVariables/0053.trace,increasingNumVariables,plain,264,2,d70cff45984c889f671bc720917824f84e7363cb11be2e73086593ea4d075b6c,MIN_EXPANDED_SIZE,TIMEOUT,,,,SMT_timeout,8,3186.505912056993,2,0,3823.0935126449913,TIMEOUT,,,180.11048244300036,IN_PROGRESS,UNRESOLVED,TIMEOUT,,,180.15516360900074,IN_PROGRESS,UNRESOLVED,/srv/macroatlas-rq1-exact/rq1-exact-623-20260926-5x,jobs/81da28060b04a2a59a19/result.json
increasingNumVariables/0054.trace,increasingNumVariables,plain,264,2,ee356efe02576d0c3b952575033ba350d4966db4ff0addd2363e3e069310b2b5,MIN_EXPANDED_SIZE,TIMEOUT,,,,SMT_timeout,7,1964.0603906940014,2,0,2556.3233660880014,TIMEOUT,,,180.13284862699948,IN_PROGRESS,UNRESOLVED,TIMEOUT,,,180.15411515899905,IN_PROGRESS,UNRESOLVED,/srv/macroatlas-rq1-exact/rq1-exact-623-20260926-5x,jobs/0d98e2af129900595cc6/result.json
increasingNumVariables/0055.trace,increasingNumVariables,plain,264,2,b849ed540620164df9234045e83c5dad83662531ec99376f60641f18d283a6e5,MIN_EXPANDED_SIZE,TIMEOUT,,,,SMT_timeout,7,1872.1123524620052,2,0,2234.4348739420057,TIMEOUT,,,180.13017352600036,IN_PROGRESS,UNRESOLVED,TIMEOUT,,,180.12321696399977,IN_PROGRESS,UNRESOLVED,/srv/macroatlas-rq1-exact/rq1-exact-623-20260926-5x,jobs/02ab94ed395b3814f1d5/result.json
moreDetailedTest/0001.trace,moreDetailedTest,plain,10,2,4cf4d87b6dcf64d2fe396c8941ee439eef2c07ee0bb76745f986cfca6ad38387,MIN_EXPANDED_SIZE,TIMEOUT,,,,SMT_timeout,7,1991.1953642490043,2,0,2595.4926174470056,TIMEOUT,,,180.11604498400084,IN_PROGRESS,UNRESOLVED,TIMEOUT,,,180.16673564400025,IN_PROGRESS,UNRESOLVED,/srv/macroatlas-rq1-exact/rq1-exact-623-20260926-5x,jobs/9113779f08d78d970274/result.json
moreDetailedTest/0002.trace,moreDetailedTest,plain,10,2,5084c81afcaf06b16b6902315076bf6112f989b054fa18b89b040908463c4d2a,MIN_EXPANDED_SIZE,TIMEOUT,,,,SMT_timeout,8,1950.0810775779973,2,0,2458.790507372996,TIMEOUT,,,180.0357277080002,IN_PROGRESS,UNRESOLVED,TIMEOUT,,,180.0739845979988,IN_PROGRESS,UNRESOLVED,/srv/macroatlas-rq1-exact/rq1-exact-623-20260926-5x,jobs/c6152dddaafc013c98f8/result.json
moreDetailedTest/0003.trace,moreDetailedTest,plain,10,2,f9f5d3d029d409c5305aa6b97040981e8b92e9d8395100b7b255f1b519919b40,MIN_EXPANDED_SIZE,TIMEOUT,,,,SMT_timeout,7,2092.0341512119994,2,0,2770.630344150999,TIMEOUT,,,180.216526876,IN_PROGRESS,UNRESOLVED,TIMEOUT,,,180.28974954099976,IN_PROGRESS,UNRESOLVED,/srv/macroatlas-rq1-exact/rq1-exact-623-20260926-5x,jobs/ec0a8b536e75f06ea5c9/result.json
moreDetailedTest/0004.trace,moreDetailedTest,plain,10,2,e136448c7c701e599a0b3efdcad78036bb9e505fbf0def50d71a99f2f147e298,MIN_EXPANDED_SIZE,TIMEOUT,,,,SMT_timeout,7,2274.258993233998,2,0,2678.851811962997,TIMEOUT,,,180.23995317599974,IN_PROGRESS,UNRESOLVED,TIMEOUT,,,180.24052157100004,IN_PROGRESS,UNRESOLVED,/srv/macroatlas-rq1-exact/rq1-exact-623-20260926-5x,jobs/2f57ce79dc18adeb9f59/result.json
moreDetailedTest/0005.trace,moreDetailedTest,plain,10,2,de22b10e381746d23576b1b6da56d8fb96336abaa7a8fcf3af83451d90b053dc,MIN_EXPANDED_SIZE,TIMEOUT,,,,SMT_timeout,7,2545.7686761290024,2,0,2963.7204639910033,TIMEOUT,,,180.59841464799956,IN_PROGRESS,UNRESOLVED,TIMEOUT,,,180.2228399809992,IN_PROGRESS,UNRESOLVED,/srv/macroatlas-rq1-exact/rq1-exact-623-20260926-5x,jobs/bc95b96377bc16546c5d/result.json
moreDetailedTest/0006.trace,moreDetailedTest,plain,10,2,43b61c5334fb0f3169a01dbea98283428ad2fd75d05a745550f085f3e521d13e,MIN_EXPANDED_SIZE,TIMEOUT,,,,SMT_timeout,7,2622.033282764998,2,0,3076.063029290998,TIMEOUT,,,180.26709924399984,IN_PROGRESS,UNRESOLVED,TIMEOUT,,,180.28545597099946,IN_PROGRESS,UNRESOLVED,/srv/macroatlas-rq1-exact/rq1-exact-623-20260926-5x,jobs/9bb4071d621c2001ce96/result.json
moreDetailedTest/0007.trace,moreDetailedTest,plain,10,2,7a0a09d61e11823dea8fbf76baf9035e3e954de856ccb0f15a0ad3ecfe085e64,MIN_EXPANDED_SIZE,TIMEOUT,,,,SMT_timeout,7,3085.9222442440005,2,0,3603.3814554950004,TIMEOUT,,,180.31428206200007,IN_PROGRESS,UNRESOLVED,TIMEOUT,,,180.300566281001,IN_PROGRESS,UNRESOLVED,/srv/macroatlas-rq1-exact/rq1-exact-623-20260926-5x,jobs/4d07cb81a9f83c38f78f/result.json
moreDetailedTest/0008.trace,moreDetailedTest,plain,10,2,81fcf02a9c3188214421026ae6f166dd3b5ccadc1ba4fa7e068e9ba3f4817ce9,MIN_EXPANDED_SIZE,TIMEOUT,,,,SMT_timeout,7,3408.858345389999,2,0,3939.0397969409987,TIMEOUT,,,180.3499746839998,IN_PROGRESS,UNRESOLVED,TIMEOUT,,,180.3678641510005,IN_PROGRESS,UNRESOLVED,/srv/macroatlas-rq1-exact/rq1-exact-623-20260926-5x,jobs/c0e59cdbea5060266e33/result.json
moreDetailedTest/0009.trace,moreDetailedTest,plain,10,2,56790fbff4317f35615723262cdac2582549afa62898ba3f81853102ff753346,MIN_EXPANDED_SIZE,TIMEOUT,,,,SMT_timeout,7,3364.5577987289944,2,0,3931.748590229994,TIMEOUT,,,180.35913045300003,IN_PROGRESS,UNRESOLVED,TIMEOUT,,,180.40139984899997,IN_PROGRESS,UNRESOLVED,/srv/macroatlas-rq1-exact/rq1-exact-623-20260926-5x,jobs/ad3e1859ed6e562ae92a/result.json
moreDetailedTest/0010.trace,moreDetailedTest,plain,10,2,5e3e0c2c5d3bd4c91cd27e1e8b1cfea9ac7a38750743a778544f7df88c109936,MIN_EXPANDED_SIZE,TIMEOUT,,,,SMT_timeout,6,2066.9801403199963,2,0,2739.8942508859964,TIMEOUT,,,180.37242407099984,IN_PROGRESS,UNRESOLVED,TIMEOUT,,,180.4008420099999,IN_PROGRESS,UNRESOLVED,/srv/macroatlas-rq1-exact/rq1-exact-623-20260926-5x,jobs/bea2ffbda637f43cfd23/result.json
moreDetailedTest/0011.trace,moreDetailedTest,plain,10,2,e38a5917378b9df7d12d300f9eb69929ec77ddb6206f1394ba703e78f7785083,MIN_EXPANDED_SIZE,TIMEOUT,,,,SMT_timeout,6,2121.4598373379995,2,0,2821.029944589998,TIMEOUT,,,180.4241974100005,IN_PROGRESS,UNRESOLVED,TIMEOUT,,,180.40659889999915,IN_PROGRESS,UNRESOLVED,/srv/macroatlas-rq1-exact/rq1-exact-623-20260926-5x,jobs/ea03148b307915270f1f/result.json
moreDetailedTest/0012.trace,moreDetailedTest,plain,10,2,20038ffb35a9422faf3a508b108755482e87fe9c437e1e9a725582cd1d97d490,MIN_EXPANDED_SIZE,TIMEOUT,,,,SMT_timeout,8,2914.2051998450042,2,0,3341.1308139030043,TIMEOUT,,,180.1128176150005,IN_PROGRESS,UNRESOLVED,TIMEOUT,,,180.15616659900115,IN_PROGRESS,UNRESOLVED,/srv/macroatlas-rq1-exact/rq1-exact-623-20260926-5x,jobs/1a0175785b656aa6a1fe/result.json
moreDetailedTest/0013.trace,moreDetailedTest,plain,10,2,4880f6359b196b71ec8d7d3876a1de65b2cb1d331add5ead63fe22ec98cb9ba3,MIN_EXPANDED_SIZE,OPTIMAL,,4,"->(G(F(x1)),x1)",,4,0.761388488999728,1,0,0.761388488999728,SAT,0,4,2.555403505999493,PASSED,AGREE,SAT,0,4,3.3824437910000142,PASSED,AGREE,/srv/macroatlas-rq1-exact/rq1-exact-623-20260926-5x,jobs/c1f248f6fd129f79365d/result.json
moreDetailedTest/0014.trace,moreDetailedTest,plain,10,2,ba75fbfc0ad01cc18fc4806b36dde4b7b6f65bfc9dd04659b0fc087e4c2ae893,MIN_EXPANDED_SIZE,TIMEOUT,,,,SMT_timeout,7,1905.594469319003,2,0,2433.6346625230035,TIMEOUT,,,180.13640610100083,IN_PROGRESS,UNRESOLVED,TIMEOUT,,,180.17909190399996,IN_PROGRESS,UNRESOLVED,/srv/macroatlas-rq1-exact/rq1-exact-623-20260926-5x,jobs/a68a8593243d1de1e50b/result.json
moreDetailedTest/0015.trace,moreDetailedTest,plain,5,2,e57d48c9d5b14f420009dd9a2f0f6f5fe2c5574ab0e986b6dc651e8c1a39cac2,MIN_EXPANDED_SIZE,OPTIMAL,,3,!(F(x0)),,3,6.160252000000128,1,0,6.160252000000128,SAT,0,3,8.02686828800006,PASSED,AGREE,SAT,0,3,11.165604310999697,PASSED,AGREE,/srv/macroatlas-rq1-exact/rq1-exact-623-20260926-5x,jobs/ad0f2fd062512df5acd8/result.json
moreDetailedTest/0016.trace,moreDetailedTest,plain,5,2,2ff055971e33f6ba7e13d9758ec3b09a2a992c3c429bbedff5e0d8aec8cf4ac9,MIN_EXPANDED_SIZE,OPTIMAL,,3,!(F(x0)),,3,0.6165182180002375,1,0,0.6165182180002375,SAT,0,3,1.7706915689996094,PASSED,AGREE,SAT,0,3,2.846562583999912,PASSED,AGREE,/srv/macroatlas-rq1-exact/rq1-exact-623-20260926-5x,jobs/343d90b19e62095b2e97/result.json
moreDetailedTest/0017.trace,moreDetailedTest,plain,5,2,52e36d53331ecd0548f794488523f8257be45cb2e1b84a9743be1f4474e4440c,MIN_EXPANDED_SIZE,OPTIMAL,,3,!(F(x0)),,3,7.825037300000076,1,0,7.825037300000076,SAT,0,3,9.758045423999647,PASSED,AGREE,SAT,0,3,19.555878981000205,PASSED,AGREE,/srv/macroatlas-rq1-exact/rq1-exact-623-20260926-5x,jobs/8ed27035df40a6c24f00/result.json
moreDetailedTest/0018.trace,moreDetailedTest,plain,5,2,523268829542b00ea917b0010d59cc92adc645e7bab4e373be1c95d98ed9fff8,MIN_EXPANDED_SIZE,OPTIMAL,,3,G(!(x0)),,3,9.81604072600021,1,0,9.81604072600021,SAT,0,3,13.761847703000058,PASSED,AGREE,SAT,0,3,18.88205065299917,PASSED,AGREE,/srv/macroatlas-rq1-exact/rq1-exact-623-20260926-5x,jobs/e1be32f37e6eadbd6303/result.json
moreDetailedTest/0019.trace,moreDetailedTest,plain,5,2,e2ad7c80907a13c20da1a3028903a76b6a23a304988e17b95a3616fcc6d24d71,MIN_EXPANDED_SIZE,OPTIMAL,,3,!(F(x0)),,3,11.315293610000026,1,0,11.315293610000026,SAT,0,3,12.780212994000067,PASSED,AGREE,SAT,0,3,15.52511177300039,PASSED,AGREE,/srv/macroatlas-rq1-exact/rq1-exact-623-20260926-5x,jobs/04cd2d4d3bd5313c31e1/result.json
moreDetailedTest/0020.trace,moreDetailedTest,plain,5,2,8811f52bcf5e3bb583c5630ac2d4623c8fb873c9d16cd7e000703be5ccfc3047,MIN_EXPANDED_SIZE,OPTIMAL,,3,!(F(x0)),,3,12.83072659499976,1,0,12.83072659499976,SAT,0,3,12.82200984300016,PASSED,AGREE,SAT,0,3,17.544668407000245,PASSED,AGREE,/srv/macroatlas-rq1-exact/rq1-exact-623-20260926-5x,jobs/869702f5eff39033c002/result.json
moreDetailedTest/0021.trace,moreDetailedTest,plain,5,2,b29b7e68a35953845512bd1a4f94e053332c9d0878ea812822dcc32bacab180b,MIN_EXPANDED_SIZE,OPTIMAL,,3,!(F(x0)),,3,15.514072151999699,1,0,15.514072151999699,SAT,0,3,20.837580632000027,PASSED,AGREE,SAT,0,3,27.87685731700003,PASSED,AGREE,/srv/macroatlas-rq1-exact/rq1-exact-623-20260926-5x,jobs/ba69fc2aac53b337f017/result.json
moreDetailedTest/0022.trace,moreDetailedTest,plain,5,2,d696a953169a9278cf363bf8840909b35df55421a08b41e5fb1c55161d6a136a,MIN_EXPANDED_SIZE,OPTIMAL,,3,!(F(x0)),,3,19.352622112000063,1,0,19.352622112000063,SAT,0,3,25.686519885999587,PASSED,AGREE,SAT,0,3,37.21475789700162,PASSED,AGREE,/srv/macroatlas-rq1-exact/rq1-exact-623-20260926-5x,jobs/910985afa92558794194/result.json
moreDetailedTest/0023.trace,moreDetailedTest,plain,5,2,827f02303fb89d1072cf0daf19010120dab463227146d39cce52a7813c5866de,MIN_EXPANDED_SIZE,OPTIMAL,,3,G(!(x0)),,3,21.888640045000102,1,0,21.888640045000102,SAT,0,3,25.483320310999943,PASSED,AGREE,SAT,0,3,44.504434907999894,PASSED,AGREE,/srv/macroatlas-rq1-exact/rq1-exact-623-20260926-5x,jobs/7d390971f886c1372a73/result.json
moreDetailedTest/0024.trace,moreDetailedTest,plain,5,2,90f0ab675c6886352cdf7d36d6f4a97abc24268abb54fdc1e021b512b76eaa3b,MIN_EXPANDED_SIZE,OPTIMAL,,3,!(F(x0)),,3,25.378867508999974,1,0,25.378867508999974,SAT,0,3,28.558582407998983,PASSED,AGREE,SAT,0,3,34.552828324000075,PASSED,AGREE,/srv/macroatlas-rq1-exact/rq1-exact-623-20260926-5x,jobs/659a7bae2eb5130faae7/result.json
moreDetailedTest/0025.trace,moreDetailedTest,plain,5,2,f8b781062bd36e16b70042ce1444814abb159610cbfc7d6684f9d8571f8cf8bd,MIN_EXPANDED_SIZE,OPTIMAL,,3,!(F(x0)),,3,33.09603018200005,1,0,33.09603018200005,SAT,0,3,44.94908376500007,PASSED,AGREE,SAT,0,3,57.47664858100143,PASSED,AGREE,/srv/macroatlas-rq1-exact/rq1-exact-623-20260926-5x,jobs/e6165384a567f58494c2/result.json
moreDetailedTest/0026.trace,moreDetailedTest,plain,5,2,81826a48eff38d46db6b2c56d8264aea34f9f587df0c1a5e491a1052b534312b,MIN_EXPANDED_SIZE,OPTIMAL,,3,!(F(x0)),,3,3.0955185510001684,1,0,3.0955185510001684,SAT,0,3,5.253998722000688,PASSED,AGREE,SAT,0,3,8.718573786998604,PASSED,AGREE,/srv/macroatlas-rq1-exact/rq1-exact-623-20260926-5x,jobs/d178bffac9e08a40b2a3/result.json
moreDetailedTest/0027.trace,moreDetailedTest,plain,5,2,0c233b8f85a98d7588240e2c2060428d85cc1df8ef1157bae4b680254ad27e94,MIN_EXPANDED_SIZE,OPTIMAL,,3,!(F(x0)),,3,0.33096783700011656,1,0,0.33096783700011656,SAT,0,3,1.2676394190002611,PASSED,AGREE,SAT,0,3,2.0147119939997538,PASSED,AGREE,/srv/macroatlas-rq1-exact/rq1-exact-623-20260926-5x,jobs/1014deeb6087e9737f04/result.json
moreDetailedTest/0028.trace,moreDetailedTest,plain,5,2,64be41842cbbe8980ac16a48701daadda93906fe1e877a972b1765bd7de7a29a,MIN_EXPANDED_SIZE,OPTIMAL,,3,!(F(x0)),,3,4.556255075000081,1,0,4.556255075000081,SAT,0,3,6.458146205999583,PASSED,AGREE,SAT,0,3,8.853768736000347,PASSED,AGREE,/srv/macroatlas-rq1-exact/rq1-exact-623-20260926-5x,jobs/cbde687230edc800cf91/result.json
moreDetailedTest/0029.trace,moreDetailedTest,plain,18,2,e5c13a63096d0f2db31d842eeaf9c022e3e3d1fc405b54f0275e9164e43ea702,MIN_EXPANDED_SIZE,OPTIMAL,,6,"!(F(&(x1,F(x0))))",,6,87.65709656199942,1,0,87.65709656199942,SAT,0,6,82.93594271899929,PASSED,AGREE,SAT,0,6,104.91195187999983,PASSED,AGREE,/srv/macroatlas-rq1-exact/rq1-exact-623-20260926-5x,jobs/9331454c33a3bdf68194/result.json
moreDetailedTest/0030.trace,moreDetailedTest,plain,18,2,cf737e8c06636d136d941968270a5c23f95e13bbbcbaa1b9270ca41af04c4eae,MIN_EXPANDED_SIZE,OPTIMAL,,6,"G(->(X(x0),!(x1)))",,6,5.158620230000452,1,0,5.158620230000452,SAT,0,6,9.042855685999712,PASSED,AGREE,SAT,0,6,11.285360244999993,PASSED,AGREE,/srv/macroatlas-rq1-exact/rq1-exact-623-20260926-5x,jobs/b1a8e88fb4a16f6eea14/result.json
moreDetailedTest/0031.trace,moreDetailedTest,plain,18,2,d38e3d1b6f467074f9b04773d3163291ae8d89b2043a51471e2a17768386b632,MIN_EXPANDED_SIZE,OPTIMAL,,6,"G(->(x1,G(!(x0))))",,6,152.74034140200092,1,0,152.74034140200092,TIMEOUT,,,180.18121272199994,IN_PROGRESS,UNRESOLVED,TIMEOUT,,,180.25295111999912,IN_PROGRESS,UNRESOLVED,/srv/macroatlas-rq1-exact/rq1-exact-623-20260926-5x,jobs/c7863ea54c066b064345/result.json
moreDetailedTest/0032.trace,moreDetailedTest,plain,18,2,19826b912c346d9be8589f7d2cc8a23c8d64aea7b33142f9073a2f47fa9a2a4b,MIN_EXPANDED_SIZE,OPTIMAL,,6,"G(!(&(F(x0),x1)))",,6,142.9188202509995,1,0,142.9188202509995,TIMEOUT,,,180.2500733220004,IN_PROGRESS,UNRESOLVED,SAT,0,6,173.2259892279999,PASSED,AGREE,/srv/macroatlas-rq1-exact/rq1-exact-623-20260926-5x,jobs/afbc41abeaafc980e19d/result.json
moreDetailedTest/0033.trace,moreDetailedTest,plain,18,2,0815ec2799a4f74dedffd398af389f910da5ad3cfb770eb16b6d893c9dd94d49,MIN_EXPANDED_SIZE,OPTIMAL,,6,"G(!(&(x1,F(x0))))",,6,177.29365312000118,1,0,177.29365312000118,TIMEOUT,,,180.27616441300052,IN_PROGRESS,UNRESOLVED,TIMEOUT,,,180.26797675099988,IN_PROGRESS,UNRESOLVED,/srv/macroatlas-rq1-exact/rq1-exact-623-20260926-5x,jobs/264ec564c3316c0bb0f4/result.json
moreDetailedTest/0034.trace,moreDetailedTest,plain,18,2,7dc879b5257630eb8ebc8aaeaddf7f8e2c0f7717b4a4a784faa78f8d9de094f3,MIN_EXPANDED_SIZE,OPTIMAL,,6,"G(!(&(x1,F(x0))))",,6,244.66353586700097,1,0,244.66353586700097,TIMEOUT,,,180.29879465900012,IN_PROGRESS,UNRESOLVED,TIMEOUT,,,180.21807510399958,IN_PROGRESS,UNRESOLVED,/srv/macroatlas-rq1-exact/rq1-exact-623-20260926-5x,jobs/9b1869d9c99aa11d6a5a/result.json
moreDetailedTest/0035.trace,moreDetailedTest,plain,18,2,e7b367f2efdc4cb7f31e41b8552d3e0ab91e2034d8bb584e61a7ae1750c774cc,MIN_EXPANDED_SIZE,OPTIMAL,,6,"G(->(x1,G(!(x0))))",,6,230.05596560899903,1,0,230.05596560899903,TIMEOUT,,,180.35037363499998,IN_PROGRESS,UNRESOLVED,TIMEOUT,,,180.35428315799982,IN_PROGRESS,UNRESOLVED,/srv/macroatlas-rq1-exact/rq1-exact-623-20260926-5x,jobs/b69ff8a3d8b62c1cb419/result.json
moreDetailedTest/0036.trace,moreDetailedTest,plain,18,2,c9ed4c4614dbfe90901388443af500c7e1a16c5b8fe35541ca5c2db254207741,MIN_EXPANDED_SIZE,OPTIMAL,,6,"G(!(&(F(x0),x1)))",,6,312.5832314849995,1,0,312.5832314849995,TIMEOUT,,,180.35503591199995,IN_PROGRESS,UNRESOLVED,TIMEOUT,,,180.29612662900036,IN_PROGRESS,UNRESOLVED,/srv/macroatlas-rq1-exact/rq1-exact-623-20260926-5x,jobs/75c6a5a4098ac3c025f4/result.json
moreDetailedTest/0037.trace,moreDetailedTest,plain,18,2,d89c703386899c97a310d27b206e8e145c91cf8a6939fcd525e0d0baede8f747,MIN_EXPANDED_SIZE,OPTIMAL,,6,"G(->(x1,G(!(x0))))",,6,372.4689110449999,1,0,372.4689110449999,TIMEOUT,,,180.37366633999955,IN_PROGRESS,UNRESOLVED,TIMEOUT,,,180.41299262899884,IN_PROGRESS,UNRESOLVED,/srv/macroatlas-rq1-exact/rq1-exact-623-20260926-5x,jobs/cce3912ea88c2a1dc20a/result.json
moreDetailedTest/0038.trace,moreDetailedTest,plain,18,2,0d18e9f8d22d050ea0c4de80564a33c7c22b89896d67116dcfe4cb314451f2dc,MIN_EXPANDED_SIZE,OPTIMAL,,6,"G(!(&(x1,F(x0))))",,6,453.78330638100124,1,0,453.78330638100124,TIMEOUT,,,180.40286536499934,IN_PROGRESS,UNRESOLVED,TIMEOUT,,,180.415521257999,IN_PROGRESS,UNRESOLVED,/srv/macroatlas-rq1-exact/rq1-exact-623-20260926-5x,jobs/c158e33058cc9193998b/result.json
moreDetailedTest/0039.trace,moreDetailedTest,plain,18,2,0c180b00dda04beb7101c891aa8836486327261c97f53dc99681954fa42c5065,MIN_EXPANDED_SIZE,OPTIMAL,,6,"G(!(&(x1,F(x0))))",,6,433.8629006230003,1,0,433.8629006230003,TIMEOUT,,,180.5253335389989,IN_PROGRESS,UNRESOLVED,TIMEOUT,,,180.4211528300002,IN_PROGRESS,UNRESOLVED,/srv/macroatlas-rq1-exact/rq1-exact-623-20260926-5x,jobs/3a0c91c628f464247fcc/result.json
moreDetailedTest/0040.trace,moreDetailedTest,plain,18,2,548b527cb9bb92b42993458f5cddec76676b2b9e8dd25186bca955302c1d2f80,MIN_EXPANDED_SIZE,OPTIMAL,,6,"G(!(&(F(x0),x1)))",,6,36.36675250799999,1,0,36.36675250799999,SAT,0,6,52.73929689900001,PASSED,AGREE,SAT,0,6,73.01640160900024,PASSED,AGREE,/srv/macroatlas-rq1-exact/rq1-exact-623-20260926-5x,jobs/a86434fd5f31771b9bf8/result.json
moreDetailedTest/0041.trace,moreDetailedTest,plain,18,2,31efac6c1c3ad02176d01d4737047da638bd07be31e32f796a6d6b5f81079de0,MIN_EXPANDED_SIZE,OPTIMAL,,6,"!(F(&(F(x0),x1)))",,6,2.6785185059998184,1,0,2.6785185059998184,SAT,0,6,24.713502050000898,PASSED,AGREE,SAT,0,6,12.631613221999942,PASSED,AGREE,/srv/macroatlas-rq1-exact/rq1-exact-623-20260926-5x,jobs/ad7f846726a675e5d82c/result.json
moreDetailedTest/0042.trace,moreDetailedTest,plain,18,2,1d392a502c2156981d4bc674048d885acb36c2fee78efc8f06e72e2e098e6165,MIN_EXPANDED_SIZE,OPTIMAL,,6,"G(->(x1,G(!(x0))))",,6,51.17410559000018,1,0,51.17410559000018,TIMEOUT,,,180.15739979699993,IN_PROGRESS,UNRESOLVED,SAT,0,6,81.58899413699874,PASSED,AGREE,/srv/macroatlas-rq1-exact/rq1-exact-623-20260926-5x,jobs/98d71d42b134dd9cfdd1/result.json
moreDetailedTest/0043.trace,moreDetailedTest,plain,3,2,637c502d139a4ebfa69ea51c03da9185ab0dcaf1f14830735a6467b26ab485c8,MIN_EXPANDED_SIZE,OPTIMAL,,2,F(x0),,2,2.13452263399995,1,0,2.13452263399995,SAT,0,2,4.951352365000275,PASSED,AGREE,SAT,0,2,3.211758313998871,PASSED,AGREE,/srv/macroatlas-rq1-exact/rq1-exact-623-20260926-5x,jobs/912eaf548b5996e4df12/result.json
moreDetailedTest/0044.trace,moreDetailedTest,plain,3,2,ee14ef8f70584eeb01a1dd257788ab1a9c013f6a633764758630e2ecf597ffdc,MIN_EXPANDED_SIZE,OPTIMAL,,2,F(x0),,2,0.21854545099995448,1,0,0.21854545099995448,SAT,0,2,1.4248695520000183,PASSED,AGREE,SAT,0,2,1.4176852679993317,PASSED,AGREE,/srv/macroatlas-rq1-exact/rq1-exact-623-20260926-5x,jobs/04b9344a241d6b3da748/result.json
moreDetailedTest/0045.trace,moreDetailedTest,plain,3,2,807b5cb529c6e2495c8507c5c59d00de6a680cc6dc9d20079d1153aa43855ec2,MIN_EXPANDED_SIZE,OPTIMAL,,2,F(x0),,2,2.701582560999668,1,0,2.701582560999668,SAT,0,2,5.737302951998572,PASSED,AGREE,SAT,0,2,3.5932824639985483,PASSED,AGREE,/srv/macroatlas-rq1-exact/rq1-exact-623-20260926-5x,jobs/a5f7e4d89ccdaacc1cf8/result.json
moreDetailedTest/0046.trace,moreDetailedTest,plain,3,2,ddf2db14fbfd525d4ce4118c0e2a6e4904f485b233d123744df1f3ca70036612,MIN_EXPANDED_SIZE,OPTIMAL,,2,F(x0),,2,3.2489246579998508,1,0,3.2489246579998508,SAT,0,2,7.686740773000565,PASSED,AGREE,SAT,0,2,4.220537712000805,PASSED,AGREE,/srv/macroatlas-rq1-exact/rq1-exact-623-20260926-5x,jobs/057a8b316b0d9183539b/result.json
moreDetailedTest/0047.trace,moreDetailedTest,plain,3,2,8e2578ac0439b973c4380b4126f953af5754b611da87c8270d5bb903298c5057,MIN_EXPANDED_SIZE,OPTIMAL,,2,F(x0),,2,3.7688044980000086,1,0,3.7688044980000086,SAT,0,2,8.234623980999913,PASSED,AGREE,SAT,0,2,4.5373048769997695,PASSED,AGREE,/srv/macroatlas-rq1-exact/rq1-exact-623-20260926-5x,jobs/35e9c7103f9db92fd595/result.json
moreDetailedTest/0048.trace,moreDetailedTest,plain,3,2,cfd0d131fbdca95c92c879d2b75d73d37ed370cbed4030d5c0c95135972e8f57,MIN_EXPANDED_SIZE,OPTIMAL,,2,F(x0),,2,4.2889663949999886,1,0,4.2889663949999886,SAT,0,2,10.14980880200028,PASSED,AGREE,SAT,0,2,5.156793860999642,PASSED,AGREE,/srv/macroatlas-rq1-exact/rq1-exact-623-20260926-5x,jobs/869b7c00e245ae22864c/result.json
moreDetailedTest/0049.trace,moreDetailedTest,plain,3,2,0f19f8e6afe758d1d90fc6e6d584016ab8f389b640d1d00d6ea607353905b82d,MIN_EXPANDED_SIZE,OPTIMAL,,2,F(x0),,2,5.417750800999784,1,0,5.417750800999784,SAT,0,2,12.670713756000623,PASSED,AGREE,SAT,0,2,5.603852098000061,PASSED,AGREE,/srv/macroatlas-rq1-exact/rq1-exact-623-20260926-5x,jobs/59cfae47338aca3fa9e3/result.json
moreDetailedTest/0050.trace,moreDetailedTest,plain,3,2,2c1c584bebe0b7766b0213e2f82c80bbf7b559e778ea130f01df92aefa0f259b,MIN_EXPANDED_SIZE,OPTIMAL,,2,F(x0),,2,6.597659001000011,1,0,6.597659001000011,SAT,0,2,14.213867331000074,PASSED,AGREE,SAT,0,2,5.892293935999987,PASSED,AGREE,/srv/macroatlas-rq1-exact/rq1-exact-623-20260926-5x,jobs/467dc0d33d0f389f8e38/result.json
moreDetailedTest/0051.trace,moreDetailedTest,plain,3,2,315d986329d6c83f00012cbb2c482f9f3bd4f431fd392a10a68febdd91ec5d65,MIN_EXPANDED_SIZE,OPTIMAL,,2,F(x0),,2,7.675848955999982,1,0,7.675848955999982,SAT,0,2,16.030356436000147,PASSED,AGREE,SAT,0,2,7.003900158000761,PASSED,AGREE,/srv/macroatlas-rq1-exact/rq1-exact-623-20260926-5x,jobs/c44034219f76b7a51c64/result.json
moreDetailedTest/0052.trace,moreDetailedTest,plain,3,2,3785c9bbd405b9af8b6f8a11961c2797f9c1f04854c98e4acd4d1e69e0bc4d2c,MIN_EXPANDED_SIZE,OPTIMAL,,2,F(x0),,2,8.981027240000003,1,0,8.981027240000003,SAT,0,2,18.574458581000727,PASSED,AGREE,SAT,0,2,7.3673960539999825,PASSED,AGREE,/srv/macroatlas-rq1-exact/rq1-exact-623-20260926-5x,jobs/24061b632268c1ec2d9b/result.json
moreDetailedTest/0053.trace,moreDetailedTest,plain,3,2,b9457e9a12074ccc13a2761c726d6c5dfa3e9abc5722f4546c812490d7819015,MIN_EXPANDED_SIZE,OPTIMAL,,2,F(x0),,2,11.010972365999805,1,0,11.010972365999805,SAT,0,2,23.340150916999846,PASSED,AGREE,SAT,0,2,8.409911963999548,PASSED,AGREE,/srv/macroatlas-rq1-exact/rq1-exact-623-20260926-5x,jobs/937cf83456a4a6c30524/result.json
moreDetailedTest/0054.trace,moreDetailedTest,plain,3,2,81bbc8bda62f2d9f673309142da00247859a9f96330fcf68503fb50460439d4c,MIN_EXPANDED_SIZE,OPTIMAL,,2,F(x0),,2,1.0804757669998253,1,0,1.0804757669998253,SAT,0,2,3.265627112999937,PASSED,AGREE,SAT,0,2,4.739675524000631,PASSED,AGREE,/srv/macroatlas-rq1-exact/rq1-exact-623-20260926-5x,jobs/8adc282fe4b298cbf0c2/result.json
moreDetailedTest/0055.trace,moreDetailedTest,plain,3,2,1183178c8767dd12f98917129108ec5fb88816c431a4f75b16d2dfa73c672b32,MIN_EXPANDED_SIZE,OPTIMAL,,2,F(x0),,2,0.13155339700006152,1,0,0.13155339700006152,SAT,0,2,1.1857025900008011,PASSED,AGREE,SAT,0,2,1.1330823719999898,PASSED,AGREE,/srv/macroatlas-rq1-exact/rq1-exact-623-20260926-5x,jobs/164e891ab56cc010e6b6/result.json
moreDetailedTest/0056.trace,moreDetailedTest,plain,3,2,0c15179014d1264cc17c57ce654ef40ecea6200e6840f5a07e44ce4c86d30d03,MIN_EXPANDED_SIZE,OPTIMAL,,2,F(x0),,2,1.583710597999925,1,0,1.583710597999925,SAT,0,2,3.8843446889995903,PASSED,AGREE,SAT,0,2,2.7339784409996355,PASSED,AGREE,/srv/macroatlas-rq1-exact/rq1-exact-623-20260926-5x,jobs/38867a153d9de7d80255/result.json
moreDetailedTest/0057.trace,moreDetailedTest,plain,18,2,4f2909eebc3b222544bb7be16127794983b5e97d2605d7fca77341a1f4f3d6ca,MIN_EXPANDED_SIZE,OPTIMAL,,7,"F(&(->(F(x0),x0),F(x1)))",,7,373.697902848,1,0,373.697902848,TIMEOUT,,,180.19588065399876,IN_PROGRESS,UNRESOLVED,TIMEOUT,,,180.1989959309999,IN_PROGRESS,UNRESOLVED,/srv/macroatlas-rq1-exact/rq1-exact-623-20260926-5x,jobs/ec26203c41665975ef5e/result.json
moreDetailedTest/0058.trace,moreDetailedTest,plain,18,2,9b4d02810035bae80c5a0ea6d053c0211b3345dfb507f87879b5353bf9810e20,MIN_EXPANDED_SIZE,OPTIMAL,,6,"F(&(X(F(x1)),x2))",,6,5.6453909640003985,1,0,5.6453909640003985,SAT,0,6,15.11368430100083,PASSED,AGREE,SAT,0,6,8.371571551999978,PASSED,AGREE,/srv/macroatlas-rq1-exact/rq1-exact-623-20260926-5x,jobs/d017845ba588e27a4ed9/result.json
moreDetailedTest/0059.trace,moreDetailedTest,plain,18,2,ac97087e8a8cb6861346d5692115d09083d18031456aedc00407096699c3993a,MIN_EXPANDED_SIZE,OPTIMAL,,7,"F(&(->(F(x0),x0),F(x1)))",,7,577.880511841,1,0,577.880511841,TIMEOUT,,,180.1949751320003,IN_PROGRESS,UNRESOLVED,TIMEOUT,,,180.22319670699994,IN_PROGRESS,UNRESOLVED,/srv/macroatlas-rq1-exact/rq1-exact-623-20260926-5x,jobs/80225365eff8385a047c/result.json
moreDetailedTest/0060.trace,moreDetailedTest,plain,18,2,099d374b4a79e557ce8625dbf70b7ef4051854a9f6f427ea06dfa804137155f0,MIN_EXPANDED_SIZE,OPTIMAL,,7,"F(&(F(x1),->(F(x0),x0)))",,7,940.6017368359971,2,0,1335.0056157069976,TIMEOUT,,,180.24001207200035,IN_PROGRESS,UNRESOLVED,TIMEOUT,,,180.19027860699998,IN_PROGRESS,UNRESOLVED,/srv/macroatlas-rq1-exact/rq1-exact-623-20260926-5x,jobs/8c7806ac0dd277c67e28/result.json
moreDetailedTest/0061.trace,moreDetailedTest,plain,18,2,39181bf238c368c6bf999b400b5dc580ed71990f1b8847bb509a88918425558d,MIN_EXPANDED_SIZE,OPTIMAL,,7,"->(F(x0),F(&(x0,F(x1))))",,7,1416.5298403879933,2,0,1853.6750618939932,TIMEOUT,,,180.23746587099959,IN_PROGRESS,UNRESOLVED,TIMEOUT,,,180.28214162699987,IN_PROGRESS,UNRESOLVED,/srv/macroatlas-rq1-exact/rq1-exact-623-20260926-5x,jobs/c050aac0240d1a753a13/result.json
moreDetailedTest/0062.trace,moreDetailedTest,plain,18,2,8c05c01f1fa86672e622c5898300ef68087cab4fc917aefd4fa0eb99e0d31ce8,MIN_EXPANDED_SIZE,OPTIMAL,,7,"F(&(F(x1),->(F(x0),x0)))",,7,1389.7081836049983,2,0,1829.3734659289985,TIMEOUT,,,180.30743029699988,IN_PROGRESS,UNRESOLVED,TIMEOUT,,,180.27889752400006,IN_PROGRESS,UNRESOLVED,/srv/macroatlas-rq1-exact/rq1-exact-623-20260926-5x,jobs/ab480f0ce11630028cbc/result.json
moreDetailedTest/0063.trace,moreDetailedTest,plain,18,2,71ee2e001d753ea974c5b2f5ad823ccc113a64daafa89dabcd113ec476fd9ca8,MIN_EXPANDED_SIZE,OPTIMAL,,7,"->(F(x0),F(&(F(x1),x0)))",,7,2187.389785620995,2,0,2683.2501582849945,TIMEOUT,,,180.26077962,IN_PROGRESS,UNRESOLVED,TIMEOUT,,,180.28608195900006,IN_PROGRESS,UNRESOLVED,/srv/macroatlas-rq1-exact/rq1-exact-623-20260926-5x,jobs/41e12737886684b6110a/result.json
moreDetailedTest/0064.trace,moreDetailedTest,plain,18,2,9172e3fe9b33b37e7da8cdc2f455f4a54cb2a904a7da6128c606135935bdecee,MIN_EXPANDED_SIZE,TIMEOUT,,,,SMT_timeout,6,1870.5992449260011,2,0,2390.649060369,TIMEOUT,,,180.2510896299973,IN_PROGRESS,UNRESOLVED,TIMEOUT,,,180.32849894900028,IN_PROGRESS,UNRESOLVED,/srv/macroatlas-rq1-exact/rq1-exact-623-20260926-5x,jobs/bc32d642fa8290ccdc3e/result.json
moreDetailedTest/0065.trace,moreDetailedTest,plain,18,2,49de086b4b2deb5277c139bb937dd02cb7da0ec67d8e0413ed0599c3758ee5e4,MIN_EXPANDED_SIZE,TIMEOUT,,,,SMT_timeout,6,1930.667790435,2,0,2517.2105727910002,TIMEOUT,,,180.41010811499928,IN_PROGRESS,UNRESOLVED,TIMEOUT,,,180.35976577100018,IN_PROGRESS,UNRESOLVED,/srv/macroatlas-rq1-exact/rq1-exact-623-20260926-5x,jobs/0b41545393c3fe19d4e9/result.json
moreDetailedTest/0066.trace,moreDetailedTest,plain,18,2,cbfc471d055d6f53923782080bf95050aaed9d3165c0bc4c90e820b6576d5892,MIN_EXPANDED_SIZE,OPTIMAL,,7,"->(F(x0),F(&(F(x1),x0)))",,7,1537.4731188649966,2,0,2127.2597344109963,TIMEOUT,,,180.43932620800024,IN_PROGRESS,UNRESOLVED,TIMEOUT,,,180.38880057699998,IN_PROGRESS,UNRESOLVED,/srv/macroatlas-rq1-exact/rq1-exact-623-20260926-5x,jobs/73a522a7830f19e9ba4e/result.json
moreDetailedTest/0067.trace,moreDetailedTest,plain,18,2,8bfdde9b0d67c345e53fdae02ca930b5a4ee38ecdf22abe9d65008bc14c87ade,MIN_EXPANDED_SIZE,TIMEOUT,,,,SMT_timeout,6,2194.26897895,2,0,2943.396097634999,TIMEOUT,,,180.44966765299978,IN_PROGRESS,UNRESOLVED,TIMEOUT,,,180.44718480600022,IN_PROGRESS,UNRESOLVED,/srv/macroatlas-rq1-exact/rq1-exact-623-20260926-5x,jobs/697c60c3afa130838b37/result.json
moreDetailedTest/0068.trace,moreDetailedTest,plain,18,2,b655e71c689ae313860791906ac28e02bd55899f8ebc76e33057f1bab0d5f81f,MIN_EXPANDED_SIZE,OPTIMAL,,7,"->(F(x0),F(&(x0,F(x1))))",,7,135.64399778199913,1,0,135.64399778199913,TIMEOUT,,,180.10945765500037,IN_PROGRESS,UNRESOLVED,TIMEOUT,,,180.1612011090001,IN_PROGRESS,UNRESOLVED,/srv/macroatlas-rq1-exact/rq1-exact-623-20260926-5x,jobs/1406d08a61f293e5f14a/result.json
moreDetailedTest/0069.trace,moreDetailedTest,plain,18,2,a9ac77a0666a85534867d5c71ed179f19df02b2cdcbfb8d03371ef159e3795db,MIN_EXPANDED_SIZE,OPTIMAL,,3,G(F(x1)),,3,0.36240284199993766,1,0,0.36240284199993766,SAT,0,3,2.6265669229997,PASSED,AGREE,SAT,0,3,3.6709693829998287,PASSED,AGREE,/srv/macroatlas-rq1-exact/rq1-exact-623-20260926-5x,jobs/ef127c9e947efc2a1007/result.json
moreDetailedTest/0070.trace,moreDetailedTest,plain,18,2,4113d0f1c393d73a8d978b7e373ab3717e657abb7c698f906d252b6447dc785e,MIN_EXPANDED_SIZE,OPTIMAL,,7,"->(F(x0),F(&(x0,F(x1))))",,7,269.49840581600074,1,0,269.49840581600074,TIMEOUT,,,180.15921600799993,IN_PROGRESS,UNRESOLVED,TIMEOUT,,,180.16495919800036,IN_PROGRESS,UNRESOLVED,/srv/macroatlas-rq1-exact/rq1-exact-623-20260926-5x,jobs/d2462a41121ba33de67e/result.json
moreDetailedTest/0071.trace,moreDetailedTest,plain,67,2,57d13b17b326ec9ce16c93c3b3a3cd58a31d7fea0d319c9f63b4a363c220f75a,MIN_EXPANDED_SIZE,TIMEOUT,,,,SMT_timeout,7,2025.3083605869979,2,0,2671.3398276559983,TIMEOUT,,,180.1588065650003,IN_PROGRESS,UNRESOLVED,TIMEOUT,,,180.2040046039997,IN_PROGRESS,UNRESOLVED,/srv/macroatlas-rq1-exact/rq1-exact-623-20260926-5x,jobs/cca318a7985234e2c1b5/result.json
moreDetailedTest/0072.trace,moreDetailedTest,plain,67,2,712a95f97a55148b893cab7e054060b15ca5368cc6eb72bbdff11635e77e8b38,MIN_EXPANDED_SIZE,OPTIMAL,,2,G(x0),,2,0.2536769620000996,1,0,0.2536769620000996,SAT,0,2,2.1381346109999413,PASSED,AGREE,SAT,0,2,1.425777953000079,PASSED,AGREE,/srv/macroatlas-rq1-exact/rq1-exact-623-20260926-5x,jobs/9b247afc59861424cece/result.json
moreDetailedTest/0073.trace,moreDetailedTest,plain,67,2,e742f6337ec6bd9e7bda1c2065502eee6341208300398b0c703fa2b0bb35defd,MIN_EXPANDED_SIZE,TIMEOUT,,,,SMT_timeout,7,2135.160014478999,2,0,2820.2069445319994,TIMEOUT,,,180.19864538299953,IN_PROGRESS,UNRESOLVED,TIMEOUT,,,180.20900757599975,IN_PROGRESS,UNRESOLVED,/srv/macroatlas-rq1-exact/rq1-exact-623-20260926-5x,jobs/4f8c3e333485aafa9f1f/result.json
moreDetailedTest/0074.trace,moreDetailedTest,plain,67,2,2e1fb6f79c6a1faa78f4871a322a26feeec4f3b6891910359cb1e871d607b1e2,MIN_EXPANDED_SIZE,TIMEOUT,,,,SMT_timeout,7,2181.326881324996,2,0,2568.9262426009973,TIMEOUT,,,180.27136699099992,IN_PROGRESS,UNRESOLVED,TIMEOUT,,,180.25408992399935,IN_PROGRESS,UNRESOLVED,/srv/macroatlas-rq1-exact/rq1-exact-623-20260926-5x,jobs/fd0f205a7cabdf1542c3/result.json
moreDetailedTest/0075.trace,moreDetailedTest,plain,67,2,7996d9940d778813e5fbcdafe6750a3b9a0af65c0477403f060535cc6e24d64f,MIN_EXPANDED_SIZE,TIMEOUT,,,,SMT_timeout,7,2448.3104421499957,2,0,2873.4434863949955,TIMEOUT,,,180.18552200199997,IN_PROGRESS,UNRESOLVED,TIMEOUT,,,180.24252327499994,IN_PROGRESS,UNRESOLVED,/srv/macroatlas-rq1-exact/rq1-exact-623-20260926-5x,jobs/27332588d6ff2e5e177e/result.json
moreDetailedTest/0076.trace,moreDetailedTest,plain,67,2,831e91124dcee39271a6aedcc45c8f5fe5958dd7ae0f3ff4ae212e0c32fe0667,MIN_EXPANDED_SIZE,TIMEOUT,,,,SMT_timeout,7,2782.682495590001,2,0,3212.200327366998,TIMEOUT,,,180.21804515500003,IN_PROGRESS,UNRESOLVED,TIMEOUT,,,180.2140470639988,IN_PROGRESS,UNRESOLVED,/srv/macroatlas-rq1-exact/rq1-exact-623-20260926-5x,jobs/ad5490d0208a8af107ae/result.json
moreDetailedTest/0077.trace,moreDetailedTest,plain,67,2,b00e1c488a1ff227de8228fb648596ebfe829fd0352e1b171b29410e87917875,MIN_EXPANDED_SIZE,TIMEOUT,,,,SMT_timeout,7,2467.5030293989985,2,0,2930.133132203997,TIMEOUT,,,180.26913307500035,IN_PROGRESS,UNRESOLVED,TIMEOUT,,,180.22492062499987,IN_PROGRESS,UNRESOLVED,/srv/macroatlas-rq1-exact/rq1-exact-623-20260926-5x,jobs/2cd97894418df120b043/result.json
moreDetailedTest/0078.trace,moreDetailedTest,plain,67,2,7b8192397809be8eb1f97061b084ca8b89710901cf2a3fff0f17b27f7f211ffa,MIN_EXPANDED_SIZE,TIMEOUT,,,,SMT_timeout,6,1838.0109875909984,2,0,2362.1425814169997,TIMEOUT,,,180.27302674800012,IN_PROGRESS,UNRESOLVED,TIMEOUT,,,180.27054933099998,IN_PROGRESS,UNRESOLVED,/srv/macroatlas-rq1-exact/rq1-exact-623-20260926-5x,jobs/de683b3fca448924021a/result.json
moreDetailedTest/0079.trace,moreDetailedTest,plain,67,2,73361930f2abc56658d9de6f4f3cf4ee57a4b1ba1f5dd96eaab48b01b811babb,MIN_EXPANDED_SIZE,TIMEOUT,,,,SMT_timeout,7,2581.7618102989945,2,0,3140.415081612993,TIMEOUT,,,180.36192018200018,IN_PROGRESS,UNRESOLVED,TIMEOUT,,,180.29223410300028,IN_PROGRESS,UNRESOLVED,/srv/macroatlas-rq1-exact/rq1-exact-623-20260926-5x,jobs/cc7f497f4fcf57fb22f4/result.json
moreDetailedTest/0080.trace,moreDetailedTest,plain,67,2,f88b209c9f44897c74fcb5ea01127241b0ff75ad97d626894bb652e787c86ffc,MIN_EXPANDED_SIZE,TIMEOUT,,,,SMT_timeout,6,2031.893449973999,2,0,2677.6324196769983,TIMEOUT,,,180.4166019690001,IN_PROGRESS,UNRESOLVED,TIMEOUT,,,180.3693410800006,IN_PROGRESS,UNRESOLVED,/srv/macroatlas-rq1-exact/rq1-exact-623-20260926-5x,jobs/cac71131d3f3d1ccf9c0/result.json
moreDetailedTest/0081.trace,moreDetailedTest,plain,67,2,e6daa1f5db8caa045d341a205eb90d0b19075f97e51295dda11e06a855c805fb,MIN_EXPANDED_SIZE,TIMEOUT,,,,SMT_timeout,6,2057.9590021999975,2,0,2736.2928616499976,TIMEOUT,,,180.407286763,IN_PROGRESS,UNRESOLVED,TIMEOUT,,,180.33850320800002,IN_PROGRESS,UNRESOLVED,/srv/macroatlas-rq1-exact/rq1-exact-623-20260926-5x,jobs/98eedcec895812c7375e/result.json
moreDetailedTest/0082.trace,moreDetailedTest,plain,67,2,4d7260867536235c162fcf2d264141458d3eb621960070f11fa2838c3a3fd581,MIN_EXPANDED_SIZE,OPTIMAL,,2,G(x0),,2,1.1608119279990206,1,0,1.1608119279990206,SAT,0,2,6.461148594999031,PASSED,AGREE,SAT,0,2,2.7936398299998473,PASSED,AGREE,/srv/macroatlas-rq1-exact/rq1-exact-623-20260926-5x,jobs/03616bd80d527c019edf/result.json
moreDetailedTest/0083.trace,moreDetailedTest,plain,67,2,a7c5f6d9bd25a1c35e7fd4fb1a8df4030ffa299d1970fee1c260c404b3fc1419,MIN_EXPANDED_SIZE,OPTIMAL,,2,G(x0),,2,0.10339087000102154,1,0,0.10339087000102154,SAT,0,2,2.203022095000051,PASSED,AGREE,SAT,0,2,1.8624068959998112,PASSED,AGREE,/srv/macroatlas-rq1-exact/rq1-exact-623-20260926-5x,jobs/fa39b8d3956cf5f41b71/result.json
moreDetailedTest/0084.trace,moreDetailedTest,plain,67,2,26248e3a236ebf1aa7a6c5bc31aafbc13134a9a5d9990871a12935b8737fc8a3,MIN_EXPANDED_SIZE,TIMEOUT,,,,SMT_timeout,7,1871.624759793005,2,0,2419.7751054380024,TIMEOUT,,,180.14800467199984,IN_PROGRESS,UNRESOLVED,TIMEOUT,,,180.1220906909998,IN_PROGRESS,UNRESOLVED,/srv/macroatlas-rq1-exact/rq1-exact-623-20260926-5x,jobs/b6a64a178fa289e22da0/result.json
moreDetailedTest/0085.trace,moreDetailedTest,plain,6,2,eaca5cc7c4d2367554b6877c124c9cce8f7af944d720d88f9783c9c8dc046f03,MIN_EXPANDED_SIZE,UNSAT,,,,,6,263.7224120820001,1,0,263.7224120820001,TIMEOUT,,,180.13136156899964,IN_PROGRESS,UNRESOLVED,TIMEOUT,,,180.15220366500034,IN_PROGRESS,UNRESOLVED,/srv/macroatlas-rq1-exact/rq1-exact-623-20260926-5x,jobs/8e8d4a225faa8eb7d2c1/result.json
moreDetailedTest/0086.trace,moreDetailedTest,plain,6,2,7d1221f99a365f5cdd06e29192e26daaa82b7eeeaacd6120e653fedf3d837ebc,MIN_EXPANDED_SIZE,UNSAT,,,,,6,18.78353811399984,1,0,18.78353811399984,UNSAT,0,0,31.169175979999636,NOT_APPLICABLE_UNSAT,AGREE,UNSAT,0,0,18.102251484999215,NOT_APPLICABLE_UNSAT,AGREE,/srv/macroatlas-rq1-exact/rq1-exact-623-20260926-5x,jobs/cd6a351bd2b8c33f3a3f/result.json
moreDetailedTest/0087.trace,moreDetailedTest,plain,6,2,558efb63948013ff1a72713446f4c418cee07091d72c39f6c67a5e739476cc48,MIN_EXPANDED_SIZE,UNSAT,,,,,6,364.59710245600036,1,0,364.59710245600036,TIMEOUT,,,180.15482657899975,IN_PROGRESS,UNRESOLVED,TIMEOUT,,,180.2280166649998,IN_PROGRESS,UNRESOLVED,/srv/macroatlas-rq1-exact/rq1-exact-623-20260926-5x,jobs/ddccb2973191229f0629/result.json
moreDetailedTest/0088.trace,moreDetailedTest,plain,6,2,f43cb075a600217404d8150609c59e79796ebce8b054f4583035ef7b4b9d6e7c,MIN_EXPANDED_SIZE,UNSAT,,,,,6,838.3098544920031,2,0,1249.4617406540028,TIMEOUT,,,180.14748201200018,IN_PROGRESS,UNRESOLVED,TIMEOUT,,,180.2412818970006,IN_PROGRESS,UNRESOLVED,/srv/macroatlas-rq1-exact/rq1-exact-623-20260926-5x,jobs/76316d7a3e764f7ecf3a/result.json
moreDetailedTest/0089.trace,moreDetailedTest,plain,6,2,10eb82fc9b894566e2bdda7fbe063f53fb1f1ab040f98850aea7e910a9bcf07a,MIN_EXPANDED_SIZE,UNSAT,,,,,6,1017.6673326169985,3,1,1435.382959673998,TIMEOUT,,,180.18836050500067,IN_PROGRESS,UNRESOLVED,TIMEOUT,,,180.244282032,IN_PROGRESS,UNRESOLVED,/srv/macroatlas-rq1-exact/rq1-exact-623-20260926-5x,jobs/0a0da6d3ccd18b414141/result.json
moreDetailedTest/0090.trace,moreDetailedTest,plain,6,2,ec4fab11813386fee859e75b27a799e8016ac7481d19106d22ea040bbdf7c32b,MIN_EXPANDED_SIZE,UNSAT,,,,,6,1194.113135959,2,0,1649.5697882980003,TIMEOUT,,,180.1767724680003,IN_PROGRESS,UNRESOLVED,TIMEOUT,,,180.22906533900004,IN_PROGRESS,UNRESOLVED,/srv/macroatlas-rq1-exact/rq1-exact-623-20260926-5x,jobs/29beb468a1c38447a74d/result.json
moreDetailedTest/0091.trace,moreDetailedTest,plain,6,2,5fd6f2cf1a0d0eeb256b4bdcb37d8224953e2cbb7d9ca333188168ce6ccdb57d,MIN_EXPANDED_SIZE,UNSAT,,,,,6,1315.9563930119984,2,0,1791.5969928079985,TIMEOUT,,,180.230808325,IN_PROGRESS,UNRESOLVED,TIMEOUT,,,180.28521741400073,IN_PROGRESS,UNRESOLVED,/srv/macroatlas-rq1-exact/rq1-exact-623-20260926-5x,jobs/6b07a04478839def6bba/result.json
moreDetailedTest/0092.trace,moreDetailedTest,plain,6,2,5c5aa51423d0defa0ed2cc7df8cd3de4afaee02c847b7d08887824bd0de72351,MIN_EXPANDED_SIZE,UNSAT,,,,,6,1416.7270473149983,2,0,1940.2556502149992,TIMEOUT,,,180.28853497400087,IN_PROGRESS,UNRESOLVED,TIMEOUT,,,180.3056962339997,IN_PROGRESS,UNRESOLVED,/srv/macroatlas-rq1-exact/rq1-exact-623-20260926-5x,jobs/d4f5e83ecf71878393df/result.json
moreDetailedTest/0093.trace,moreDetailedTest,plain,6,2,806ba714d81d3e8de22d2a83623ccbe9a8b2ae65952d868b09fae1a9c6591b06,MIN_EXPANDED_SIZE,TIMEOUT,,,,SMT_timeout,6,1931.795760134999,3,1,2512.144090219999,TIMEOUT,,,180.34635460499885,IN_PROGRESS,UNRESOLVED,TIMEOUT,,,180.30362416999924,IN_PROGRESS,UNRESOLVED,/srv/macroatlas-rq1-exact/rq1-exact-623-20260926-5x,jobs/ae76e98082b702a3aa03/result.json
moreDetailedTest/0094.trace,moreDetailedTest,plain,6,2,d8a87b17ca65acd920f9826c0a9c8fdb588f555dc94081ffad59d1482b7c0427,MIN_EXPANDED_SIZE,UNSAT,,,,,6,2000.8728899109992,2,0,2658.252009111,TIMEOUT,,,180.36760474200128,IN_PROGRESS,UNRESOLVED,TIMEOUT,,,180.36207605600066,IN_PROGRESS,UNRESOLVED,/srv/macroatlas-rq1-exact/rq1-exact-623-20260926-5x,jobs/5241eb946294e4f61ea7/result.json
moreDetailedTest/0095.trace,moreDetailedTest,plain,6,2,aacc5e739f98705704ae7b20d558c66a79cef79dd0a61648486cee28a2a04d11,MIN_EXPANDED_SIZE,TIMEOUT,,,,SMT_timeout,6,2178.0493023240015,2,0,2927.520198741002,TIMEOUT,,,180.36527339399981,IN_PROGRESS,UNRESOLVED,TIMEOUT,,,180.37333528099953,IN_PROGRESS,UNRESOLVED,/srv/macroatlas-rq1-exact/rq1-exact-623-20260926-5x,jobs/6ab2017833d10d182c77/result.json
moreDetailedTest/0096.trace,moreDetailedTest,plain,6,2,30aadc3d1d8c8b58f1586950ef713e9fbd8072dad3ff3ee523cf3195b4a8ef50,MIN_EXPANDED_SIZE,UNSAT,,,,,6,169.00997895699948,1,0,169.00997895699948,UNSAT,0,0,166.16978698799994,NOT_APPLICABLE_UNSAT,AGREE,UNSAT,0,0,93.75025951800035,NOT_APPLICABLE_UNSAT,AGREE,/srv/macroatlas-rq1-exact/rq1-exact-623-20260926-5x,jobs/af2f370326c6f6a3e3a6/result.json
moreDetailedTest/0097.trace,moreDetailedTest,plain,6,2,358203429a0dda968d2aae24d6eedc1bfbb07c72f2684977777992dc1d1b1fb6,MIN_EXPANDED_SIZE,OPTIMAL,,5,"|(x1,&(x2,x0))",,5,1.3307799900003374,1,0,1.3307799900003374,SAT,0,5,3.1910954710001533,PASSED,AGREE,SAT,0,5,4.406787644998985,PASSED,AGREE,/srv/macroatlas-rq1-exact/rq1-exact-623-20260926-5x,jobs/f93be01319fbf248fb1c/result.json
moreDetailedTest/0098.trace,moreDetailedTest,plain,6,2,7a2f039f0a4fc70b214bebf4450a248f6f82dd8a098ff30196040b8140d2dc5f,MIN_EXPANDED_SIZE,UNSAT,,,,,6,244.5594123310002,1,0,244.5594123310002,TIMEOUT,,,180.07755687100007,IN_PROGRESS,UNRESOLVED,UNSAT,0,0,146.2663808010002,NOT_APPLICABLE_UNSAT,AGREE,/srv/macroatlas-rq1-exact/rq1-exact-623-20260926-5x,jobs/93aa739cfc44a49c987d/result.json
moreDetailedTest/0099.trace,moreDetailedTest,plain,3,2,6e3917cbf403a61f718ebeb7705c316036eaa834e856a417013f5c458aaecefa,MIN_EXPANDED_SIZE,OPTIMAL,,2,G(x0),,2,2.1832767979999517,1,0,2.1832767979999517,SAT,0,2,6.929763037999692,PASSED,AGREE,SAT,0,2,3.1329706470005476,PASSED,AGREE,/srv/macroatlas-rq1-exact/rq1-exact-623-20260926-5x,jobs/f2875ac6787e500882f6/result.json
moreDetailedTest/0100.trace,moreDetailedTest,plain,3,2,ae943fed0f23fd01580a802978ac508e788b67e43b5932095fd40f4fd4d327e3,MIN_EXPANDED_SIZE,OPTIMAL,,2,G(x0),,2,0.236641168999995,1,0,0.236641168999995,SAT,0,2,1.4104608640009246,PASSED,AGREE,SAT,0,2,1.4343860150002001,PASSED,AGREE,/srv/macroatlas-rq1-exact/rq1-exact-623-20260926-5x,jobs/0591ced12ad27cdbb648/result.json
moreDetailedTest/0101.trace,moreDetailedTest,plain,3,2,aa7f4cc5cca9a51d20e12ae014c64ddd106ffa409541066a82cbe47e1fbca614,MIN_EXPANDED_SIZE,OPTIMAL,,2,G(x0),,2,2.679244682999979,1,0,2.679244682999979,SAT,0,2,6.577734794999742,PASSED,AGREE,SAT,0,2,3.6452425389998098,PASSED,AGREE,/srv/macroatlas-rq1-exact/rq1-exact-623-20260926-5x,jobs/e60e6e2dde256c668bbc/result.json
moreDetailedTest/0102.trace,moreDetailedTest,plain,3,2,5047d939004a1da7728da1452aa54dd90f35a5deec2b3f57c330c73c02127750,MIN_EXPANDED_SIZE,OPTIMAL,,2,G(x0),,2,3.2182939940003052,1,0,3.2182939940003052,SAT,0,2,7.202557722001075,PASSED,AGREE,SAT,0,2,4.270160213998679,PASSED,AGREE,/srv/macroatlas-rq1-exact/rq1-exact-623-20260926-5x,jobs/e0f613dd820256de7134/result.json
moreDetailedTest/0103.trace,moreDetailedTest,plain,3,2,c0ec19547d2aac117a0661fe2efbaccd94e9ba457288dfa3976e98ff67283758,MIN_EXPANDED_SIZE,OPTIMAL,,2,G(x0),,2,3.767901213999721,1,0,3.767901213999721,SAT,0,2,8.162402303999897,PASSED,AGREE,SAT,0,2,4.50767174000066,PASSED,AGREE,/srv/macroatlas-rq1-exact/rq1-exact-623-20260926-5x,jobs/cb2e8aa2e8afbf3da3d4/result.json
moreDetailedTest/0104.trace,moreDetailedTest,plain,3,2,b16faa5be0c69486a2719325664a35d45ddf9c63465f195aa0a0f1f5c204845d,MIN_EXPANDED_SIZE,OPTIMAL,,2,G(x0),,2,4.320172143000036,1,0,4.320172143000036,SAT,0,2,8.911434549999285,PASSED,AGREE,SAT,0,2,4.727949147998515,PASSED,AGREE,/srv/macroatlas-rq1-exact/rq1-exact-623-20260926-5x,jobs/664d3e2067cee2770e7a/result.json
moreDetailedTest/0105.trace,moreDetailedTest,plain,3,2,1e176ffed47363ead218228b48da77deaa7cf909a169be12c401fc90f179f8ec,MIN_EXPANDED_SIZE,OPTIMAL,,2,G(x0),,2,5.496074969999881,1,0,5.496074969999881,SAT,0,2,10.578458604999469,PASSED,AGREE,SAT,0,2,5.625441534000856,PASSED,AGREE,/srv/macroatlas-rq1-exact/rq1-exact-623-20260926-5x,jobs/275fb26fd00456f18f75/result.json
moreDetailedTest/0106.trace,moreDetailedTest,plain,3,2,e1555ecd63ae937a15801024f37b1eb210c9fc84d618aabb487a4cfcd0ba9133,MIN_EXPANDED_SIZE,OPTIMAL,,2,G(x0),,2,6.5859277170002315,1,0,6.5859277170002315,SAT,0,2,13.422147918998235,PASSED,AGREE,SAT,0,2,6.880458786999952,PASSED,AGREE,/srv/macroatlas-rq1-exact/rq1-exact-623-20260926-5x,jobs/f707e5cb87f766e1e0be/result.json
moreDetailedTest/0107.trace,moreDetailedTest,plain,3,2,ef09ec7e6af8ca6149d0c7352dff2376cf44c18911a71ff8173982dadbf716fd,MIN_EXPANDED_SIZE,OPTIMAL,,2,G(x0),,2,7.648635001999992,1,0,7.648635001999992,SAT,0,2,15.323466912000185,PASSED,AGREE,SAT,0,2,6.873669212000095,PASSED,AGREE,/srv/macroatlas-rq1-exact/rq1-exact-623-20260926-5x,jobs/cd1fe2524940dbfbccc7/result.json
moreDetailedTest/0108.trace,moreDetailedTest,plain,3,2,f408a4d5a9b72d379c2ead78bf26000227db4f9f1dca830d9fee783633d3d8f8,MIN_EXPANDED_SIZE,OPTIMAL,,2,G(x0),,2,8.861625007999919,1,0,8.861625007999919,SAT,0,2,18.943341460000738,PASSED,AGREE,SAT,0,2,7.319797037000171,PASSED,AGREE,/srv/macroatlas-rq1-exact/rq1-exact-623-20260926-5x,jobs/37683c79ab28e3131bb5/result.json
moreDetailedTest/0109.trace,moreDetailedTest,plain,3,2,8ec12fb251529d587f9c7bfa85915698457040f5698347c15730a5b132e737e3,MIN_EXPANDED_SIZE,OPTIMAL,,2,G(x0),,2,11.099315138000293,1,0,11.099315138000293,SAT,0,2,23.651618105000125,PASSED,AGREE,SAT,0,2,10.46531372499885,PASSED,AGREE,/srv/macroatlas-rq1-exact/rq1-exact-623-20260926-5x,jobs/0085a9ea6c48240aaab1/result.json
moreDetailedTest/0110.trace,moreDetailedTest,plain,3,2,445da712e30b1b086a9e0e8f61293d61f4bda1d1077561e5a1b055e0af4c57ba,MIN_EXPANDED_SIZE,OPTIMAL,,2,G(x0),,2,1.058008007999888,1,0,1.058008007999888,SAT,0,2,4.176469800000632,PASSED,AGREE,SAT,0,2,2.431972821999807,PASSED,AGREE,/srv/macroatlas-rq1-exact/rq1-exact-623-20260926-5x,jobs/17e0ef27f6c23a6347c5/result.json
moreDetailedTest/0111.trace,moreDetailedTest,plain,3,2,1d0e331fcf1deb12361318c6fb38c3547878fecafbe59c5294d6c9e17c80a342,MIN_EXPANDED_SIZE,OPTIMAL,,2,G(x0),,2,0.1324205000000802,1,0,0.1324205000000802,SAT,0,2,1.0656561859996145,PASSED,AGREE,SAT,0,2,1.194784436000191,PASSED,AGREE,/srv/macroatlas-rq1-exact/rq1-exact-623-20260926-5x,jobs/44ccbe06e3ac6a3cf2ce/result.json
moreDetailedTest/0112.trace,moreDetailedTest,plain,3,2,d5f475dff0a5ba731cfdcc6437dc537c89a5ed705b4afab0107a9a972afc16e3,MIN_EXPANDED_SIZE,OPTIMAL,,2,G(x0),,2,1.602386762000151,1,0,1.602386762000151,SAT,0,2,4.104308404999983,PASSED,AGREE,SAT,0,2,2.8974080339994543,PASSED,AGREE,/srv/macroatlas-rq1-exact/rq1-exact-623-20260926-5x,jobs/9d3f48e0b859234415cb/result.json
moreDetailedTest/0113.trace,moreDetailedTest,plain,10,2,6f6da48902bae6b3a98db814ddd95c545a8a3739feb97c0e73014d970977752b,MIN_EXPANDED_SIZE,OPTIMAL,,5,"G(->(x1,G(x0)))",,5,32.131317375000435,1,0,32.131317375000435,SAT,0,5,17.58868791199893,PASSED,AGREE,SAT,0,5,76.39208212300036,PASSED,AGREE,/srv/macroatlas-rq1-exact/rq1-exact-623-20260926-5x,jobs/89f90aca89ce46fada60/result.json
moreDetailedTest/0114.trace,moreDetailedTest,plain,10,2,2ea1d82ac9204ab07a52af003d6040389a832af40666bd4d1e45f5418de3b9b3,MIN_EXPANDED_SIZE,OPTIMAL,,5,"G(->(x1,G(x0)))",,5,2.706929293999565,1,0,2.706929293999565,SAT,0,5,2.941012008999678,PASSED,AGREE,SAT,0,5,8.96951388799971,PASSED,AGREE,/srv/macroatlas-rq1-exact/rq1-exact-623-20260926-5x,jobs/cf506f689ba7dbe47466/result.json
moreDetailedTest/0115.trace,moreDetailedTest,plain,10,2,e9149199ba7d5f11e45e9d104609445822fd849841dd12aa3244cd919ccef66b,MIN_EXPANDED_SIZE,OPTIMAL,,5,"G(->(x1,G(x0)))",,5,41.45630885900027,1,0,41.45630885900027,SAT,0,5,22.3310127069999,PASSED,AGREE,SAT,0,5,92.88014847400063,PASSED,AGREE,/srv/macroatlas-rq1-exact/rq1-exact-623-20260926-5x,jobs/4e5b8c5bf5d9ab5d8de0/result.json
moreDetailedTest/0116.trace,moreDetailedTest,plain,10,2,e1187e99a8450685280d8bb5351d9a66e1fa7730045226eccd52297cf601220e,MIN_EXPANDED_SIZE,OPTIMAL,,5,"G(->(x1,G(x0)))",,5,53.6429142270008,1,0,53.6429142270008,SAT,0,5,25.906818114999624,PASSED,AGREE,SAT,0,5,155.77434688799985,PASSED,AGREE,/srv/macroatlas-rq1-exact/rq1-exact-623-20260926-5x,jobs/ed07dcbf455f3c49ab95/result.json
moreDetailedTest/0117.trace,moreDetailedTest,plain,10,2,76dbc214d1874e8253f6d92364d66cd50d8b08ce9ea7d0ac3ce4a182d4fca717,MIN_EXPANDED_SIZE,OPTIMAL,,5,"G(->(x1,G(x0)))",,5,73.79310425800031,1,0,73.79310425800031,TIMEOUT,,,180.28678578899962,IN_PROGRESS,UNRESOLVED,SAT,0,5,134.84089168599894,PASSED,AGREE,/srv/macroatlas-rq1-exact/rq1-exact-623-20260926-5x,jobs/78547ca6e4c8571867bd/result.json
moreDetailedTest/0118.trace,moreDetailedTest,plain,10,2,2f2d16c7941c8a7decb207e77669ae1b40bc38b5434af65a3938a09f561b7f14,MIN_EXPANDED_SIZE,OPTIMAL,,5,"G(->(x1,G(x0)))",,5,70.119794878,1,0,70.119794878,SAT,0,5,41.90861274500094,PASSED,AGREE,SAT,0,5,146.7992238349998,PASSED,AGREE,/srv/macroatlas-rq1-exact/rq1-exact-623-20260926-5x,jobs/06ece7520a754859230b/result.json
moreDetailedTest/0119.trace,moreDetailedTest,plain,10,2,49b137eb25ccdaaec4c110888d440b31e19e24a201ac87203126c16867fcd951,MIN_EXPANDED_SIZE,OPTIMAL,,5,"G(->(x1,G(x0)))",,5,78.84255633000066,1,0,78.84255633000066,SAT,0,5,54.299860861000525,PASSED,AGREE,SAT,0,5,154.29147168800046,PASSED,AGREE,/srv/macroatlas-rq1-exact/rq1-exact-623-20260926-5x,jobs/f501b31851e1457a51b1/result.json
moreDetailedTest/0120.trace,moreDetailedTest,plain,10,2,91a9f15cfde58c0bacff183f60b1971facc7a630ed4deb5443206b7ca390c4d3,MIN_EXPANDED_SIZE,OPTIMAL,,5,"G(->(x1,G(x0)))",,5,126.10867563700049,1,0,126.10867563700049,SAT,0,5,54.05669712999952,PASSED,AGREE,TIMEOUT,,,180.31455385200024,IN_PROGRESS,UNRESOLVED,/srv/macroatlas-rq1-exact/rq1-exact-623-20260926-5x,jobs/f79d1ac7ec5a40fc45e9/result.json
moreDetailedTest/0121.trace,moreDetailedTest,plain,10,2,0ea86f7bef51632ee46c979683db72c8f7c79fa406e09261e169821e11106e65,MIN_EXPANDED_SIZE,OPTIMAL,,5,"G(->(x1,G(x0)))",,5,191.84942151999894,1,0,191.84942151999894,SAT,0,5,66.81539819200043,PASSED,AGREE,TIMEOUT,,,180.38247305299956,IN_PROGRESS,UNRESOLVED,/srv/macroatlas-rq1-exact/rq1-exact-623-20260926-5x,jobs/5421e0dfeab0c2c39b9c/result.json
moreDetailedTest/0122.trace,moreDetailedTest,plain,10,2,33d0a3dd7e74e03f4b4a7aba4bb741234c3826128d8e470c39f807161b418e40,MIN_EXPANDED_SIZE,OPTIMAL,,5,"G(->(x1,G(x0)))",,5,186.8023526979996,1,0,186.8023526979996,TIMEOUT,,,180.47865354500027,IN_PROGRESS,UNRESOLVED,TIMEOUT,,,180.35076538800058,IN_PROGRESS,UNRESOLVED,/srv/macroatlas-rq1-exact/rq1-exact-623-20260926-5x,jobs/39f7312fa9aa3fd038ab/result.json
moreDetailedTest/0123.trace,moreDetailedTest,plain,10,2,799c541261dc3fd4e2fc4bb4fcd1dbbdb1575a6083b73e8f1f31e74d7dfac881,MIN_EXPANDED_SIZE,OPTIMAL,,5,"G(->(x1,G(x0)))",,5,269.21689407899976,1,0,269.21689407899976,SAT,0,5,102.15460062700004,PASSED,AGREE,TIMEOUT,,,180.49457339199944,IN_PROGRESS,UNRESOLVED,/srv/macroatlas-rq1-exact/rq1-exact-623-20260926-5x,jobs/672d263691c969825894/result.json
moreDetailedTest/0124.trace,moreDetailedTest,plain,10,2,e5d643710e9d85e0199f9b4e982504cbaa4a558eea405afca7c12f151949438a,MIN_EXPANDED_SIZE,OPTIMAL,,5,"G(->(x1,G(x0)))",,5,15.670644297000763,1,0,15.670644297000763,SAT,0,5,10.363501521999751,PASSED,AGREE,SAT,0,5,25.402287514000136,PASSED,AGREE,/srv/macroatlas-rq1-exact/rq1-exact-623-20260926-5x,jobs/7fcf69ad8e859d3300d2/result.json
moreDetailedTest/0125.trace,moreDetailedTest,plain,10,2,233d80713b6f37f3184f268f010e9254c92461fc3c5d55263b2cb151b00853ff,MIN_EXPANDED_SIZE,OPTIMAL,,3,G(X(x0)),,3,0.3563308060001873,1,0,0.3563308060001873,SAT,0,3,1.6472085069999594,PASSED,AGREE,SAT,0,3,3.046796437000012,PASSED,AGREE,/srv/macroatlas-rq1-exact/rq1-exact-623-20260926-5x,jobs/afe0c9fae97be1fc6574/result.json
moreDetailedTest/0126.trace,moreDetailedTest,plain,10,2,0bbb5a1764156a21048ba4a347f3b48e98a1bbca67575c7d137d9697c3cf677d,MIN_EXPANDED_SIZE,OPTIMAL,,5,"G(->(x1,G(x0)))",,5,23.911800195999604,1,0,23.911800195999604,SAT,0,5,12.238651998000933,PASSED,AGREE,SAT,0,5,55.87783817200034,PASSED,AGREE,/srv/macroatlas-rq1-exact/rq1-exact-623-20260926-5x,jobs/5c327d32ac994641f028/result.json
peterson/base/liveness1.trace,peterson,required,18,2,9f74b90d31d8148ebcac789e298f8c583860eb7a588bc1597f72b024cf5d4964,MIN_EXPANDED_SIZE,OPTIMAL,,5,"G(->(x6,F(x2)))",,5,8.648844526999937,1,0,8.648844526999937,SAT,0,5,25.709312563998537,PASSED,AGREE,SAT,0,5,5.985699113999999,PASSED,AGREE,/srv/macroatlas-rq1-exact/rq1-exact-623-20260926-5x,jobs/a63c39fc3e1adff5eb98/result.json
peterson/base/liveness2.trace,peterson,required,18,2,b9921457015aeeaa65008dbf2e68f3d42fc57f078bdbf3369e1e9961cf5a0f12,MIN_EXPANDED_SIZE,OPTIMAL,,5,"G(->(x6,F(x7)))",,5,8.793853490999027,1,0,8.793853490999027,SAT,0,5,26.15799219499968,PASSED,AGREE,SAT,0,5,6.114912732000448,PASSED,AGREE,/srv/macroatlas-rq1-exact/rq1-exact-623-20260926-5x,jobs/31dcf524545766e45c22/result.json
peterson/base/liveness3.trace,peterson,required,18,2,935a5ccb740869d35968bd1a207b5b32ee3a0c8ca58febd7c49e0c8d8ae331fb,MIN_EXPANDED_SIZE,OPTIMAL,,5,"G(->(x6,F(x2)))",,5,9.168552589000683,1,0,9.168552589000683,SAT,0,5,26.712349184999766,PASSED,AGREE,SAT,0,5,6.123145049000414,PASSED,AGREE,/srv/macroatlas-rq1-exact/rq1-exact-623-20260926-5x,jobs/030d8818bd14abc85f03/result.json
peterson/base/liveness4.trace,peterson,required,18,2,29ea766bb803188ab64ad1d8626561a8c07f17f53304bbfc91ab193a033eee82,MIN_EXPANDED_SIZE,OPTIMAL,,5,"G(->(x6,F(x2)))",,5,8.708495291000872,1,0,8.708495291000872,SAT,0,5,24.95080243400116,PASSED,AGREE,SAT,0,5,5.784782738000104,PASSED,AGREE,/srv/macroatlas-rq1-exact/rq1-exact-623-20260926-5x,jobs/8221071a3237812623b7/result.json
peterson/base/liveness5.trace,peterson,required,18,2,54276540f9728e2aa48738953ca9c762b12501349f13a14bee8f1f24746128f2,MIN_EXPANDED_SIZE,OPTIMAL,,5,"G(->(x6,F(x2)))",,5,8.937223355000242,1,0,8.937223355000242,SAT,0,5,26.223560737000298,PASSED,AGREE,SAT,0,5,6.570341929999813,PASSED,AGREE,/srv/macroatlas-rq1-exact/rq1-exact-623-20260926-5x,jobs/df25a30799c46be6061b/result.json
peterson/base/safety1.trace,peterson,required,18,2,1709e7620f34798171d9c4be273f0b651842d258231413892bb38ff4073fcffe,MIN_EXPANDED_SIZE,OPTIMAL,,5,"G(->(x2,!(x8)))",,5,9.34087532400008,1,0,9.34087532400008,SAT,0,5,25.75319298500108,PASSED,AGREE,SAT,0,5,5.820612312999856,PASSED,AGREE,/srv/macroatlas-rq1-exact/rq1-exact-623-20260926-5x,jobs/9c6672e8811b0165369a/result.json
peterson/base/safety2.trace,peterson,required,18,2,b21ce94b36972a5f84267a7d9097d947b602d808c00f3edd770cae2760b68477,MIN_EXPANDED_SIZE,OPTIMAL,,5,"G(->(x2,!(x8)))",,5,9.142541523000546,1,0,9.142541523000546,SAT,0,5,28.0919248969999,PASSED,AGREE,SAT,0,5,4.976538248998622,PASSED,AGREE,/srv/macroatlas-rq1-exact/rq1-exact-623-20260926-5x,jobs/062ac14612499f1586d1/result.json
peterson/base/safety3.trace,peterson,required,18,2,0db0441662ed7a1303e119dff62fef04069ef455d9900c5d7e04f9e707fee1d1,MIN_EXPANDED_SIZE,OPTIMAL,,5,"G(->(x2,!(x8)))",,5,8.945069727000373,1,0,8.945069727000373,SAT,0,5,24.709001135000108,PASSED,AGREE,SAT,0,5,7.630517549000615,PASSED,AGREE,/srv/macroatlas-rq1-exact/rq1-exact-623-20260926-5x,jobs/b189263367e0ea986989/result.json
peterson/base/safety4.trace,peterson,required,18,2,76decb7b72704df66647a0ae76f100af83031927339299e129b9fa6fad9c4936,MIN_EXPANDED_SIZE,OPTIMAL,,5,"G(->(x8,!(x2)))",,5,8.83194599700073,1,0,8.83194599700073,SAT,0,5,26.607173331998638,PASSED,AGREE,SAT,0,5,5.321865072000037,PASSED,AGREE,/srv/macroatlas-rq1-exact/rq1-exact-623-20260926-5x,jobs/d46883438be2d1c89d36/result.json
peterson/base/safety5.trace,peterson,required,18,2,f0fd62ae634b43e64719507714c320f5e55b27b6718123ac0ee00880ffe0e576,MIN_EXPANDED_SIZE,OPTIMAL,,5,"G(!(&(x2,x8)))",,5,8.823248238000815,1,0,8.823248238000815,SAT,0,5,25.717594960000497,PASSED,AGREE,SAT,0,5,5.541204862000086,PASSED,AGREE,/srv/macroatlas-rq1-exact/rq1-exact-623-20260926-5x,jobs/35d760183fdbb009f050/result.json
peterson/constrained/liveness1.trace,peterson,required,18,2,436612e2a9da4c1e24b3c3861fe2635e817a733e1dada8a9af60e3ec8df0b39c,MIN_EXPANDED_SIZE,OPTIMAL,,5,"G(->(x6,F(x2)))",,5,8.698668319999342,1,0,8.698668319999342,SAT,0,5,25.64450266699896,PASSED,AGREE,SAT,0,5,12.030979913999545,PASSED,AGREE,/srv/macroatlas-rq1-exact/rq1-exact-623-20260926-5x,jobs/1e562c263b0ea638b85f/result.json
peterson/constrained/liveness2.trace,peterson,required,18,2,bc6618ef2a01f1246eb8470a660798f236d837c2fb5ff3330399689744559cc4,MIN_EXPANDED_SIZE,OPTIMAL,,5,"G(->(x6,F(x2)))",,5,8.788596424999923,1,0,8.788596424999923,SAT,0,5,26.788586227999986,PASSED,AGREE,SAT,0,5,11.480493129000024,PASSED,AGREE,/srv/macroatlas-rq1-exact/rq1-exact-623-20260926-5x,jobs/2ea61bf5aa156a44e922/result.json
peterson/constrained/liveness3.trace,peterson,required,18,2,75f8132730e01d323fc521584e06a256d30e4aa81f5e601ca5443b3acabaf149,MIN_EXPANDED_SIZE,OPTIMAL,,5,"G(->(x6,F(x2)))",,5,8.912000603000706,1,0,8.912000603000706,SAT,0,5,26.845516776000295,PASSED,AGREE,SAT,0,5,12.491784791999635,PASSED,AGREE,/srv/macroatlas-rq1-exact/rq1-exact-623-20260926-5x,jobs/185ac245fe2aa9809d5f/result.json
peterson/constrained/liveness4.trace,peterson,required,18,2,c90df4f57b91d92c7f4464050cd924aed3ab91b443d047f740db133d922f5830,MIN_EXPANDED_SIZE,OPTIMAL,,5,"G(->(x6,F(x2)))",,5,8.699591570999473,1,0,8.699591570999473,SAT,0,5,26.45402046399977,PASSED,AGREE,SAT,0,5,11.2997273710007,PASSED,AGREE,/srv/macroatlas-rq1-exact/rq1-exact-623-20260926-5x,jobs/c2b974c479bce70e26d4/result.json
peterson/constrained/liveness5.trace,peterson,required,18,2,da3f05a0aa341b1d6a4c7b55e08647703fb1ebb4bf5bdb903f43f5b09960fb7d,MIN_EXPANDED_SIZE,OPTIMAL,,5,"G(->(x6,F(x2)))",,5,8.621890877999249,1,0,8.621890877999249,SAT,0,5,24.25184584999988,PASSED,AGREE,SAT,0,5,12.068283254000562,PASSED,AGREE,/srv/macroatlas-rq1-exact/rq1-exact-623-20260926-5x,jobs/52e46b84b30322585353/result.json
peterson/constrained/safety1.trace,peterson,required,18,2,a7514721bec1a23c88ece9f6ccc4b2d10a6d40c27cd2e4e1539495b430dd5cac,MIN_EXPANDED_SIZE,OPTIMAL,,5,"G(->(x2,!(x8)))",,5,9.233513703000426,1,0,9.233513703000426,SAT,0,5,24.937815751000016,PASSED,AGREE,SAT,0,5,5.203213324000217,PASSED,AGREE,/srv/macroatlas-rq1-exact/rq1-exact-623-20260926-5x,jobs/33d068e59828a15b8698/result.json
peterson/constrained/safety2.trace,peterson,required,18,2,3f5bd67ef68b5ef5b325bb31ab60b8ac75627512bbf57c013f975c6e6fc98a67,MIN_EXPANDED_SIZE,OPTIMAL,,5,"G(->(x2,!(x8)))",,5,9.030713983000169,1,0,9.030713983000169,SAT,0,5,24.784963290000178,PASSED,AGREE,SAT,0,5,5.462294387998554,PASSED,AGREE,/srv/macroatlas-rq1-exact/rq1-exact-623-20260926-5x,jobs/b0e4f9a20b668fc055c5/result.json
peterson/constrained/safety3.trace,peterson,required,18,2,6a75feff237f05f0ca5439f9326de8aa1d0571145ffe0ce5d7ffe5379959d7d2,MIN_EXPANDED_SIZE,OPTIMAL,,5,"G(->(x2,!(x8)))",,5,9.032455266000397,1,0,9.032455266000397,SAT,0,5,23.725746297000114,PASSED,AGREE,SAT,0,5,5.121773918999679,PASSED,AGREE,/srv/macroatlas-rq1-exact/rq1-exact-623-20260926-5x,jobs/aecc3323e63adc79c2e9/result.json
peterson/constrained/safety4.trace,peterson,required,18,2,4fefc8d74d8cf3e860693287ea83f2d494c62f417fdc2b40d64b00910affcad5,MIN_EXPANDED_SIZE,OPTIMAL,,5,"G(->(x8,!(x2)))",,5,8.891492765000294,1,0,8.891492765000294,SAT,0,5,26.31148721199952,PASSED,AGREE,SAT,0,5,5.182268814999588,PASSED,AGREE,/srv/macroatlas-rq1-exact/rq1-exact-623-20260926-5x,jobs/7126c463df8e3493c784/result.json
peterson/constrained/safety5.trace,peterson,required,18,2,07ab14efea161edf075647b43b10ed3094c1200b01e9afd2baa374ac8d13c72a,MIN_EXPANDED_SIZE,OPTIMAL,,5,"G(!(&(x2,x8)))",,5,8.841763919001096,1,0,8.841763919001096,SAT,0,5,24.873365465999996,PASSED,AGREE,SAT,0,5,5.103181526999833,PASSED,AGREE,/srv/macroatlas-rq1-exact/rq1-exact-623-20260926-5x,jobs/737f1c685f8c68d646fb/result.json
peterson/extra_traces/liveness1.trace,peterson,required,18,2,7eed97d678e572df7daa99fbc1517f81e508f56beed6884b75714a9e28105de0,MIN_EXPANDED_SIZE,OPTIMAL,,5,"G(->(x6,F(x7)))",,5,11.425161681001555,1,0,11.425161681001555,SAT,0,5,36.576665675000186,PASSED,AGREE,SAT,0,5,7.4237762520001525,PASSED,AGREE,/srv/macroatlas-rq1-exact/rq1-exact-623-20260926-5x,jobs/d632cec3ee39cbf92b31/result.json
peterson/extra_traces/liveness2.trace,peterson,required,18,2,e98338bab14ea5dea040b72c58025b914786076f578dbd0079e0cae84d36cfa1,MIN_EXPANDED_SIZE,OPTIMAL,,5,"G(->(x6,F(x2)))",,5,11.421198589001506,1,0,11.421198589001506,SAT,0,5,34.885065747000226,PASSED,AGREE,SAT,0,5,7.238057173000016,PASSED,AGREE,/srv/macroatlas-rq1-exact/rq1-exact-623-20260926-5x,jobs/8fe71c6f9f74b31bd64d/result.json
peterson/extra_traces/liveness3.trace,peterson,required,18,2,92c08cb6b10d0d9c517c8acfcba4193a92fd802382d721f79ade0f27a73d17d4,MIN_EXPANDED_SIZE,OPTIMAL,,5,"G(->(x6,F(x2)))",,5,11.541592788000344,1,0,11.541592788000344,SAT,0,5,49.09559055200043,PASSED,AGREE,SAT,0,5,6.748677035000583,PASSED,AGREE,/srv/macroatlas-rq1-exact/rq1-exact-623-20260926-5x,jobs/9e5cc7483eb166800552/result.json
peterson/extra_traces/liveness4.trace,peterson,required,18,2,f8f138045b1f9a38d77dff03f46afe71da8fd69753a76d702b83fbc3d4ca9d1e,MIN_EXPANDED_SIZE,OPTIMAL,,5,"G(->(x6,F(x2)))",,5,11.399833628000124,1,0,11.399833628000124,SAT,0,5,33.51510990499992,PASSED,AGREE,SAT,0,5,7.56093718000011,PASSED,AGREE,/srv/macroatlas-rq1-exact/rq1-exact-623-20260926-5x,jobs/76fe95162dce52e49b57/result.json
peterson/extra_traces/liveness5.trace,peterson,required,18,2,f8f138045b1f9a38d77dff03f46afe71da8fd69753a76d702b83fbc3d4ca9d1e,MIN_EXPANDED_SIZE,OPTIMAL,,5,"G(->(x6,F(x2)))",,5,11.367649223000626,1,0,11.367649223000626,SAT,0,5,35.45602031499948,PASSED,AGREE,SAT,0,5,6.4075061040002765,PASSED,AGREE,/srv/macroatlas-rq1-exact/rq1-exact-623-20260926-5x,jobs/f1b4986a7263db78b46c/result.json
peterson/extra_traces/safety1.trace,peterson,required,18,2,44374167637fffc7780883ea2ffadc6aa5a9d52993858c67804c85bd46dde8b0,MIN_EXPANDED_SIZE,OPTIMAL,,5,"G(->(x2,!(x8)))",,5,11.589977572000862,1,0,11.589977572000862,SAT,0,5,36.881664514001386,PASSED,AGREE,SAT,0,5,6.1449971150004785,PASSED,AGREE,/srv/macroatlas-rq1-exact/rq1-exact-623-20260926-5x,jobs/bb5a7babc59ad95167c0/result.json
peterson/extra_traces/safety2.trace,peterson,required,18,2,4f391b540bb696c3ae5e5ee890a1981f1ff2bb1e40d069f920a0204c55b962a7,MIN_EXPANDED_SIZE,OPTIMAL,,5,"G(->(x8,!(x2)))",,5,11.566566061999765,1,0,11.566566061999765,SAT,0,5,39.92100168199977,PASSED,AGREE,SAT,0,5,5.3746500669985835,PASSED,AGREE,/srv/macroatlas-rq1-exact/rq1-exact-623-20260926-5x,jobs/5ec7cf5ab45aebf23432/result.json
peterson/extra_traces/safety3.trace,peterson,required,18,2,822bbdfec285344d5833e1b0df76f8bed0ca87ac6161f1a8b473902a809aa208,MIN_EXPANDED_SIZE,OPTIMAL,,5,"G(->(x8,F(x2)))",,5,11.773299021999264,1,0,11.773299021999264,SAT,0,5,39.256193062999955,PASSED,AGREE,SAT,0,5,6.5183341090000795,PASSED,AGREE,/srv/macroatlas-rq1-exact/rq1-exact-623-20260926-5x,jobs/3a19b01cc3a433f0f33b/result.json
peterson/extra_traces/safety4.trace,peterson,required,18,2,46ba74a4558a1e88f34b6db010bd7ef7d90143c2746a2ba88f6cf604915d9590,MIN_EXPANDED_SIZE,OPTIMAL,,5,"G(->(x8,!(x2)))",,5,11.758564195999497,1,0,11.758564195999497,SAT,0,5,35.326273703999505,PASSED,AGREE,SAT,0,5,7.078585896999357,PASSED,AGREE,/srv/macroatlas-rq1-exact/rq1-exact-623-20260926-5x,jobs/ca8f9fd932ce6a1734f4/result.json
peterson/extra_traces/safety5.trace,peterson,required,18,2,46ba74a4558a1e88f34b6db010bd7ef7d90143c2746a2ba88f6cf604915d9590,MIN_EXPANDED_SIZE,OPTIMAL,,5,"G(->(x8,!(x2)))",,5,12.069087838000996,1,0,12.069087838000996,SAT,0,5,37.655127537000226,PASSED,AGREE,SAT,0,5,6.703059300998575,PASSED,AGREE,/srv/macroatlas-rq1-exact/rq1-exact-623-20260926-5x,jobs/789b515b651b46c94266/result.json
robot/RAtrace/final21.trace,robot,repair,2050,2,af03be7fbc2397df523c58e05c2defaa7a4b05c8c6eb92cfb3f3ad1f82887619,REPAIR,OPTIMAL,5,9,"&(&(F(x0),G(!(x2))),F(x1))",,9,12.004609712000047,1,0,12.004609712000047,SAT,5,9,39.878172465000716,PASSED,AGREE,SAT,5,9,5.541959116000044,PASSED,AGREE,/srv/macroatlas-rq1-exact/rq1-exact-623-20260926-5x,jobs/3ffb9939f106bdcb7990/result.json
robot/RAtrace/final22.trace,robot,repair,2050,2,0b9b256621c7879fdcbdecc7088b07bef8c4a9fac018b90a85c5dd4297609f1e,REPAIR,OPTIMAL,5,9,"&(F(x1),&(G(!(x2)),F(x0)))",,9,14.011405172997911,1,0,14.011405172997911,SAT,5,9,55.67867275699973,PASSED,AGREE,SAT,5,9,5.486362595000173,PASSED,AGREE,/srv/macroatlas-rq1-exact/rq1-exact-623-20260926-5x,jobs/38bfcd4b828d2a989b03/result.json
robot/RAtrace/final3.trace,robot,repair,2050,2,d52f92767d36f3d527df04121ba2a665867ed41657526819f79a5e614af31b52,REPAIR,OPTIMAL,5,9,"&(F(x1),&(G(!(x2)),F(x0)))",,9,10.678805706000276,1,0,10.678805706000276,SAT,5,9,25.113147836999815,PASSED,AGREE,SAT,5,9,4.778029994000008,PASSED,AGREE,/srv/macroatlas-rq1-exact/rq1-exact-623-20260926-5x,jobs/f222f931632022e55c8f/result.json
robot/RAtrace/final4.trace,robot,repair,2050,2,a5ae4a200430e6b45dd22294c45e034aa637a3c5381915842e16f9e197ebf3d1,REPAIR,OPTIMAL,5,9,"&(F(x1),&(G(!(x2)),F(x0)))",,9,16.21003725799892,1,0,16.21003725799892,SAT,5,9,78.07115962399985,PASSED,AGREE,SAT,5,9,6.296080126000106,PASSED,AGREE,/srv/macroatlas-rq1-exact/rq1-exact-623-20260926-5x,jobs/9d1a01c3fac0f7ecb545/result.json
robot/RAtrace/final42.trace,robot,repair,2050,2,c410198587a4c3beccbc1659edff2c0ce31d5894807f59174864ec099f479918,REPAIR,OPTIMAL,5,9,"&(F(x1),&(G(!(x2)),F(x0)))",,9,13.74045870199916,1,0,13.74045870199916,SAT,5,9,29.82538874400052,PASSED,AGREE,SAT,5,9,5.843949721000172,PASSED,AGREE,/srv/macroatlas-rq1-exact/rq1-exact-623-20260926-5x,jobs/2aeee502621873343295/result.json
robot/RAtrace/final43.trace,robot,repair,2050,2,f3abfe251eefe4d2d051eac82b6f9c20ccec52b03eca225b50d950cfc41f3c42,REPAIR,OPTIMAL,5,9,"&(F(x1),&(F(x0),G(!(x2))))",,9,15.603627958998914,1,0,15.603627958998914,SAT,5,9,33.921658107999974,PASSED,AGREE,SAT,5,9,6.007137181999951,PASSED,AGREE,/srv/macroatlas-rq1-exact/rq1-exact-623-20260926-5x,jobs/f50acc9cc66c6bce4788/result.json
robot/RAtrace/final44.trace,robot,repair,2050,2,1b07920e1c3da943d037e93424f5264ce49246d6f0dedbd0e16add04b1619b2e,REPAIR,OPTIMAL,5,9,"&(&(F(x0),G(!(x2))),F(x1))",,9,16.586235923998174,1,0,16.586235923998174,SAT,5,9,38.99752154399994,PASSED,AGREE,SAT,5,9,6.133647850999978,PASSED,AGREE,/srv/macroatlas-rq1-exact/rq1-exact-623-20260926-5x,jobs/c3d56c54651500fd80d4/result.json
robot/RAtrace/final45.trace,robot,repair,2050,2,1d2034a84262dfb83192aee474f05d2c625c98a90d17797a383715a63f78c1fe,REPAIR,OPTIMAL,5,9,"&(F(x1),&(F(x0),G(!(x2))))",,9,20.573803989002045,1,0,20.573803989002045,SAT,5,9,58.58734307699979,PASSED,AGREE,SAT,5,9,7.497137417999966,PASSED,AGREE,/srv/macroatlas-rq1-exact/rq1-exact-623-20260926-5x,jobs/f113a759461b5dd25510/result.json
robot/RAtrace/final46.trace,robot,repair,2050,2,207fa315da07ed9a18322159e205289fa4a931233fb2b6ad76b6094e97d812c9,REPAIR,OPTIMAL,5,9,"&(F(x1),&(F(x0),G(!(x2))))",,9,22.06399488200259,1,0,22.06399488200259,SAT,5,9,68.68250772200008,PASSED,AGREE,SAT,5,9,6.910906102000354,PASSED,AGREE,/srv/macroatlas-rq1-exact/rq1-exact-623-20260926-5x,jobs/3432f38a459e0914d0f0/result.json
robot/RAtrace/final47.trace,robot,repair,2050,2,4ff6be8138b02f068b8dfdc6d6d6c11acc948cd5db92be07ca3bac992328485e,REPAIR,OPTIMAL,5,9,"&(&(G(!(x2)),F(x0)),F(x1))",,9,32.697994829999516,1,0,32.697994829999516,SAT,5,9,129.72768607499893,PASSED,AGREE,SAT,5,9,9.106157325999902,PASSED,AGREE,/srv/macroatlas-rq1-exact/rq1-exact-623-20260926-5x,jobs/bbd334a4709742b90d65/result.json
robot/RRtrace/order.trace,robot,repair,1026,2,8d2432b2486743e83d897ec36aea2cc3fd34384dcb4fa6fba9fe4106670853a1,REPAIR,OPTIMAL,4,9,"&(&(F(x0),F(x1)),G(!(x2)))",,9,11.757718176999333,1,0,11.757718176999333,SAT,4,9,52.29708715800007,PASSED,AGREE,SAT,4,9,5.292707224999958,PASSED,AGREE,/srv/macroatlas-rq1-exact/rq1-exact-623-20260926-5x,jobs/cc207e348afe23a7065c/result.json
robot/RRtrace/order1.trace,robot,repair,2050,2,a3abe8fbb73a4ecb60647b73556a968ea82771067cb68363c346c66c539cb423,REPAIR,OPTIMAL,4,9,"&(&(F(x0),F(x1)),G(!(x2)))",,9,8.47758554200118,1,0,8.47758554200118,SAT,4,9,28.05210994700019,PASSED,AGREE,SAT,4,9,6.600154475999943,PASSED,AGREE,/srv/macroatlas-rq1-exact/rq1-exact-623-20260926-5x,jobs/4508d3d3bc0474c0740e/result.json
robot/RRtrace/order10.trace,robot,repair,2050,2,d3a64270a7ff1cee5aede758295552e7ce71372dfa5e44d2b2d059e5d381baef,REPAIR,OPTIMAL,4,9,"&(G(!(x2)),&(F(x1),F(x0)))",,9,29.388752455997746,1,0,29.388752455997746,SAT,4,9,121.56465527899991,PASSED,AGREE,SAT,4,9,8.144301840000026,PASSED,AGREE,/srv/macroatlas-rq1-exact/rq1-exact-623-20260926-5x,jobs/235e11ee7d1460264e48/result.json
robot/RRtrace/order2.trace,robot,repair,2050,2,e15fb553ba3dbcd97ba8b963a288ed089576ea6dbe9e43da2e5211fbbdc3cb7b,REPAIR,OPTIMAL,4,9,"&(G(!(x2)),&(F(x0),F(x1)))",,9,16.522245709000117,1,0,16.522245709000117,SAT,4,9,74.3256637530003,PASSED,AGREE,SAT,4,9,6.293498623999994,PASSED,AGREE,/srv/macroatlas-rq1-exact/rq1-exact-623-20260926-5x,jobs/438bed87f564cb022474/result.json
robot/RRtrace/order4.trace,robot,repair,2050,2,ecdb87e848eb2d2b28ac368ff2d59d2674f234bc6bac47938879c4083870627c,REPAIR,OPTIMAL,4,9,"&(&(F(x0),F(x1)),G(!(x2)))",,9,13.360286474000532,1,0,13.360286474000532,SAT,4,9,37.477542833999905,PASSED,AGREE,SAT,4,9,5.366064696999956,PASSED,AGREE,/srv/macroatlas-rq1-exact/rq1-exact-623-20260926-5x,jobs/3ce0fe212a336c7da20f/result.json
robot/RRtrace/order5.trace,robot,repair,2050,2,6910c58345fa6ec2a989eacc9a6333c5f4ec9b1198d2398d9d4550b1196f6534,REPAIR,OPTIMAL,4,9,"&(&(F(x0),F(x1)),G(!(x2)))",,9,15.982679292003013,1,0,15.982679292003013,SAT,4,9,65.21437024100032,PASSED,AGREE,SAT,4,9,6.1977139979999265,PASSED,AGREE,/srv/macroatlas-rq1-exact/rq1-exact-623-20260926-5x,jobs/86250e7045c98dd92667/result.json
robot/RRtrace/order6.trace,robot,repair,2050,2,6fa60cb707ea5016a8f17a93532f56a28194e5957c1b9ac3d6518ad16aea2bb5,REPAIR,OPTIMAL,4,9,"&(G(!(x2)),&(F(x0),F(x1)))",,9,21.110808182002074,1,0,21.110808182002074,SAT,4,9,146.02459813099995,PASSED,AGREE,SAT,4,9,6.9141399390000515,PASSED,AGREE,/srv/macroatlas-rq1-exact/rq1-exact-623-20260926-5x,jobs/2c1d66d5560acdeccd5a/result.json
robot/RRtrace/order7.trace,robot,repair,2050,2,302c3bc981a3d214adaaa21af2874eea620879b1c4318b2fd230347c8f2c02bf,REPAIR,OPTIMAL,4,9,"&(&(F(x0),F(x1)),G(!(x2)))",,9,20.444259827996575,1,0,20.444259827996575,SAT,4,9,71.53566681700022,PASSED,AGREE,SAT,4,9,7.20562554900016,PASSED,AGREE,/srv/macroatlas-rq1-exact/rq1-exact-623-20260926-5x,jobs/bc8e49b9864f5083b2f3/result.json
robot/RRtrace/order8.trace,robot,repair,2050,2,f6af61f7ecc7792d6b397b019339d1e1ae21db5834d7641fbdfa69f2553aee1e,REPAIR,OPTIMAL,4,9,"&(&(F(x0),F(x1)),G(!(x2)))",,9,22.718566469000507,1,0,22.718566469000507,SAT,4,9,130.61425721399974,PASSED,AGREE,SAT,4,9,7.308927749999839,PASSED,AGREE,/srv/macroatlas-rq1-exact/rq1-exact-623-20260926-5x,jobs/d0b7e260465503cb2fec/result.json
robot/RRtrace/order9.trace,robot,repair,2050,2,16897599aa8b78ff3b95727250a7e104d28173d2048cb2096a96454eb1994c31,REPAIR,OPTIMAL,4,9,"&(&(F(x1),F(x0)),G(!(x2)))",,9,26.07827466099843,1,0,26.07827466099843,SAT,4,9,96.42840939400003,PASSED,AGREE,SAT,4,9,8.28927133499974,PASSED,AGREE,/srv/macroatlas-rq1-exact/rq1-exact-623-20260926-5x,jobs/cfa1bd4dac2755a3e196/result.json
voting_machine/voting10.trace,voting_machine,nnf_template,13,2,079adb71eea70013881ed60e6b31f588513a832d18cf5e8e758c3eaef1d1e6b2,MIN_EXPANDED_SIZE,OPTIMAL,,4,"G(->(x5,x8))",,4,1.6855990770000062,1,0,1.6855990770000062,SAT,0,4,7.392080935000195,PASSED,AGREE,SAT,0,4,3.7085499009999694,PASSED,AGREE,/srv/macroatlas-rq1-exact/rq1-exact-623-20260926-5x,jobs/12c9f0b8ee00e13027c9/result.json
voting_machine/voting13.trace,voting_machine,nnf_template,13,2,8d375b1aaaf8aad8347aa3febb6c753115efed45cd7b48c1d223ee2baf1d6e68,MIN_EXPANDED_SIZE,OPTIMAL,,4,"G(->(x5,x8))",,4,2.9972760660002677,1,0,2.9972760660002677,SAT,0,4,6.852224071000819,PASSED,AGREE,SAT,0,4,4.894352988000037,PASSED,AGREE,/srv/macroatlas-rq1-exact/rq1-exact-623-20260926-5x,jobs/7014cc912d5a3039b90f/result.json
voting_machine/voting14.trace,voting_machine,nnf_template,13,2,e75441430d5355f3357451f1532cd997d897a3e1ca480ce1eff14da891d99d35,MIN_EXPANDED_SIZE,OPTIMAL,,4,"G(->(x9,x4))",,4,1.1496786629995768,1,0,1.1496786629995768,SAT,0,4,3.2004176059999736,PASSED,AGREE,SAT,0,4,3.121300023999993,PASSED,AGREE,/srv/macroatlas-rq1-exact/rq1-exact-623-20260926-5x,jobs/865d1c03c33c6d3fcc95/result.json
voting_machine/voting2.trace,voting_machine,nnf_template,13,2,9c56c57ce88a43702403585d2561076b6ec82d857cb441112ff537fd2a49149c,MIN_EXPANDED_SIZE,OPTIMAL,,4,"G(->(x9,x4))",,4,1.4017446939997171,1,0,1.4017446939997171,SAT,0,4,3.315652612998747,PASSED,AGREE,SAT,0,4,2.6597095990000525,PASSED,AGREE,/srv/macroatlas-rq1-exact/rq1-exact-623-20260926-5x,jobs/6baaf710704a9700a3b2/result.json
voting_machine/voting3.trace,voting_machine,nnf_template,13,2,f2fc24d8ecd656cd2276a9409f2feb061f97049411552f1e9f4e73e455ef246b,MIN_EXPANDED_SIZE,OPTIMAL,,4,"G(->(x5,x8))",,4,1.7651822819998415,1,0,1.7651822819998415,SAT,0,4,14.770442516999537,PASSED,AGREE,SAT,0,4,4.550019324000004,PASSED,AGREE,/srv/macroatlas-rq1-exact/rq1-exact-623-20260926-5x,jobs/2c7bf427b7b648c43f98/result.json
voting_machine/voting4.trace,voting_machine,nnf_template,13,2,556d787d7e05cb7675b4926bc6b9b5f6a3ac18cc80154776e3a9763a0044ab1b,MIN_EXPANDED_SIZE,OPTIMAL,,4,"G(->(x5,x8))",,4,2.058328295001047,1,0,2.058328295001047,SAT,0,4,4.737305988001026,PASSED,AGREE,SAT,0,4,4.337683045999256,PASSED,AGREE,/srv/macroatlas-rq1-exact/rq1-exact-623-20260926-5x,jobs/b22831e331f533294ef3/result.json
voting_machine/voting5.trace,voting_machine,nnf_template,13,2,aaa7c5f9eb05af40920404aac394187c62a6c0f9a833f1d632b7161d62146a5a,MIN_EXPANDED_SIZE,OPTIMAL,,4,"G(->(x5,x8))",,4,1.9573578630006523,1,0,1.9573578630006523,SAT,0,4,3.719966689001012,PASSED,AGREE,SAT,0,4,3.5335910140001943,PASSED,AGREE,/srv/macroatlas-rq1-exact/rq1-exact-623-20260926-5x,jobs/1402d79f5ef590ae98c5/result.json
voting_machine/voting7.trace,voting_machine,nnf_template,13,2,7888b9164013ee9e3bda61ed3f68d1215476addfb60c72275f26f45b5a9fd9de,MIN_EXPANDED_SIZE,OPTIMAL,,4,"G(->(x5,x8))",,4,2.249936322001304,1,0,2.249936322001304,SAT,0,4,7.174812068999927,PASSED,AGREE,SAT,0,4,4.267874292999977,PASSED,AGREE,/srv/macroatlas-rq1-exact/rq1-exact-623-20260926-5x,jobs/f69191aac2a47484fa19/result.json
voting_machine/voting8.trace,voting_machine,nnf_template,13,2,0f40eb0be74a98d28e428327dd6a20b96b94e0173b39f5bd4707dcc871294515,MIN_EXPANDED_SIZE,OPTIMAL,,4,"G(->(x5,x8))",,4,2.633408031999352,1,0,2.633408031999352,SAT,0,4,11.363450763999936,PASSED,AGREE,SAT,0,4,5.092135138999993,PASSED,AGREE,/srv/macroatlas-rq1-exact/rq1-exact-623-20260926-5x,jobs/7f0928c51bbbfe8c9076/result.json
voting_machine/voting9.trace,voting_machine,nnf_template,13,2,761eea46d30389b096d8a253e3b8e75dc91b12368c64d27bf30bcba8785f4f11,MIN_EXPANDED_SIZE,OPTIMAL,,4,"G(->(x5,x8))",,4,2.323803171999316,1,0,2.323803171999316,SAT,0,4,5.561248562999026,PASSED,AGREE,SAT,0,4,4.245404414999939,PASSED,AGREE,/srv/macroatlas-rq1-exact/rq1-exact-623-20260926-5x,jobs/4a9a09db14154c7f683d/result.json
weakening/weaken_antecedent/weaken_antecedent_100_10_10.trace,weakening,weakening_b2,10,2,1f56e77af956ff172ba6e53ae010447277162d55ae172957c38fbe0cd21b921e,MIN_EXPANDED_SIZE,OPTIMAL,,6,"G(->(&(x0,x2),x1))",,6,56.67437970500032,1,0,56.67437970500032,TIMEOUT,,,180.301469386,IN_PROGRESS,UNRESOLVED,SAT,0,6,34.23740306699983,PASSED,AGREE,/srv/macroatlas-rq1-exact/rq1-exact-623-20260926-5x,jobs/f5454ea1bf73726a15f4/result.json
weakening/weaken_antecedent/weaken_antecedent_10_100_100.trace,weakening,weakening_b2,10,2,47f99673f32c3451ee99bf19eff34e1a11996ede4e1a21dcae7155dbfd322499,MIN_EXPANDED_SIZE,OPTIMAL,,6,"G(->(&(x0,x2),x1))",,6,55.49044365200098,1,0,55.49044365200098,SAT,0,6,16.371427246000167,PASSED,AGREE,SAT,0,6,32.556814698999915,PASSED,AGREE,/srv/macroatlas-rq1-exact/rq1-exact-623-20260926-5x,jobs/fd8aa4ce9838b08220c7/result.json
weakening/weaken_antecedent/weaken_antecedent_10_10_10.trace,weakening,weakening_b2,10,2,1d16ac8a55469f2c1f084b1a4f1f6ede012b08c6e25b9c2d5bcbc4b81e4301e2,MIN_EXPANDED_SIZE,OPTIMAL,,6,"G(->(&(x0,x2),x1))",,6,5.190208138000116,1,0,5.190208138000116,SAT,0,6,2.719644610999694,PASSED,AGREE,SAT,0,6,15.879271882000467,PASSED,AGREE,/srv/macroatlas-rq1-exact/rq1-exact-623-20260926-5x,jobs/bb72cbb333bdefa33749/result.json
weakening/weaken_antecedent/weaken_antecedent_10_15_15.trace,weakening,weakening_b2,10,2,ee3baf4b8a51686c03e077f3ab3e7a26cef02c3661579201bb0f6e1ba615e40d,MIN_EXPANDED_SIZE,OPTIMAL,,6,"G(->(&(x0,x2),x1))",,6,7.989456920000521,1,0,7.989456920000521,SAT,0,6,3.3550831560005463,PASSED,AGREE,SAT,0,6,15.989703569000994,PASSED,AGREE,/srv/macroatlas-rq1-exact/rq1-exact-623-20260926-5x,jobs/451412990dd1f0e22fa7/result.json
weakening/weaken_antecedent/weaken_antecedent_10_20_20.trace,weakening,weakening_b2,10,2,c0c3779981abb70483cb3427fd703a2fdabd36ef9955a8fc1bc68dcfbf6d71b7,MIN_EXPANDED_SIZE,OPTIMAL,,6,"G(->(&(x0,x2),x1))",,6,10.867868306000673,1,0,10.867868306000673,SAT,0,6,3.9807487960006256,PASSED,AGREE,SAT,0,6,16.50944164500106,PASSED,AGREE,/srv/macroatlas-rq1-exact/rq1-exact-623-20260926-5x,jobs/fecfc3a8b55bf72b01ba/result.json
weakening/weaken_antecedent/weaken_antecedent_10_25_25.trace,weakening,weakening_b2,10,2,ee34379ba72ceb1e1371b30d42f4abfc6d8ad7d350bdba4591240b363a3c9e41,MIN_EXPANDED_SIZE,OPTIMAL,,6,"G(->(&(x0,x2),x1))",,6,13.420894568000222,1,0,13.420894568000222,SAT,0,6,4.720871747998899,PASSED,AGREE,SAT,0,6,17.385813893999966,PASSED,AGREE,/srv/macroatlas-rq1-exact/rq1-exact-623-20260926-5x,jobs/e77c3193677b9a99e55e/result.json
weakening/weaken_antecedent/weaken_antecedent_10_30_30.trace,weakening,weakening_b2,10,2,3c8e932449f3e88f2a128f240b31e04b69aeea0335eb4da21b18fd713280a1eb,MIN_EXPANDED_SIZE,OPTIMAL,,6,"G(->(&(x0,x2),x1))",,6,16.00551322299998,1,0,16.00551322299998,SAT,0,6,5.076371404000383,PASSED,AGREE,SAT,0,6,18.051074465000056,PASSED,AGREE,/srv/macroatlas-rq1-exact/rq1-exact-623-20260926-5x,jobs/e34dfadd98fff0afca4f/result.json
weakening/weaken_antecedent/weaken_antecedent_10_35_35.trace,weakening,weakening_b2,10,2,2fbb8c1ea23703d603ed84d6596880d307bc51683c556fd3a8ba35699dddeb63,MIN_EXPANDED_SIZE,OPTIMAL,,6,"G(->(&(x0,x2),x1))",,6,18.923245359999783,1,0,18.923245359999783,SAT,0,6,5.7350830220002535,PASSED,AGREE,SAT,0,6,18.094830247000118,PASSED,AGREE,/srv/macroatlas-rq1-exact/rq1-exact-623-20260926-5x,jobs/9e026bb3cd6c0def732b/result.json
weakening/weaken_antecedent/weaken_antecedent_10_40_40.trace,weakening,weakening_b2,10,2,da7403f27aa1f158185699577aa2ae3c4d8afc04a47d8b75c6cb34f76848b83a,MIN_EXPANDED_SIZE,OPTIMAL,,6,"G(->(&(x0,x2),x1))",,6,21.923222106999674,1,0,21.923222106999674,SAT,0,6,8.12109303699981,PASSED,AGREE,SAT,0,6,19.459928906000187,PASSED,AGREE,/srv/macroatlas-rq1-exact/rq1-exact-623-20260926-5x,jobs/79534239429b93cc2f46/result.json
weakening/weaken_antecedent/weaken_antecedent_10_45_45.trace,weakening,weakening_b2,10,2,c17f263404864717851c58796941e27a9ef40f021b727a7d93ff3dcff8e90773,MIN_EXPANDED_SIZE,OPTIMAL,,6,"G(->(&(x0,x2),x1))",,6,25.103055072000643,1,0,25.103055072000643,SAT,0,6,8.253483679000055,PASSED,AGREE,SAT,0,6,21.096158111000477,PASSED,AGREE,/srv/macroatlas-rq1-exact/rq1-exact-623-20260926-5x,jobs/78aaca1d0dbddbe016a6/result.json
weakening/weaken_antecedent/weaken_antecedent_10_50_50.trace,weakening,weakening_b2,10,2,c432653b44c0a92c7d83fab8c1cbd28b66f0755a7e0883a7572a2a88fed5b337,MIN_EXPANDED_SIZE,OPTIMAL,,6,"G(->(&(x0,x2),x1))",,6,27.77402713599986,1,0,27.77402713599986,SAT,0,6,8.547644147000028,PASSED,AGREE,SAT,0,6,21.32698926700141,PASSED,AGREE,/srv/macroatlas-rq1-exact/rq1-exact-623-20260926-5x,jobs/6647e3534ca7a3803f98/result.json
weakening/weaken_antecedent/weaken_antecedent_10_55_55.trace,weakening,weakening_b2,10,2,a2e61bb3c3c23c964aa5ad90640457a10f48e02bba0d14da706c9be6d3055589,MIN_EXPANDED_SIZE,OPTIMAL,,6,"G(->(&(x0,x2),x1))",,6,30.039807258999645,1,0,30.039807258999645,SAT,0,6,10.571955748999244,PASSED,AGREE,SAT,0,6,25.12661499599926,PASSED,AGREE,/srv/macroatlas-rq1-exact/rq1-exact-623-20260926-5x,jobs/bb10f2465cd5320093b6/result.json
weakening/weaken_antecedent/weaken_antecedent_10_5_5.trace,weakening,weakening_b2,10,2,ab9aab936ac54d3de4d2d844ae6e20105dfae44bc22f740105077681303e11a0,MIN_EXPANDED_SIZE,OPTIMAL,,6,"G(->(&(x0,x2),x1))",,6,2.65295933500056,1,0,2.65295933500056,SAT,0,6,1.9489615920001597,PASSED,AGREE,SAT,0,6,14.230242771000121,PASSED,AGREE,/srv/macroatlas-rq1-exact/rq1-exact-623-20260926-5x,jobs/57cfdb895280cec1f973/result.json
weakening/weaken_antecedent/weaken_antecedent_10_60_60.trace,weakening,weakening_b2,10,2,d5a68f897fbabe48af83bd0d5d9238e3b40984e471b5de303dac8061f0ffca2b,MIN_EXPANDED_SIZE,OPTIMAL,,6,"G(->(&(x0,x2),x1))",,6,33.55642209100006,1,0,33.55642209100006,SAT,0,6,11.263276117000714,PASSED,AGREE,SAT,0,6,26.429943718999766,PASSED,AGREE,/srv/macroatlas-rq1-exact/rq1-exact-623-20260926-5x,jobs/50947d4aeb6a0af208a7/result.json
weakening/weaken_antecedent/weaken_antecedent_10_65_65.trace,weakening,weakening_b2,10,2,57e83124523f8160a59ba2b9ca02c40028dad10d6d99663276024ca58d4ef99b,MIN_EXPANDED_SIZE,OPTIMAL,,6,"G(->(&(x0,x2),x1))",,6,35.55197256300016,1,0,35.55197256300016,SAT,0,6,10.548537343000135,PASSED,AGREE,SAT,0,6,23.15615208099996,PASSED,AGREE,/srv/macroatlas-rq1-exact/rq1-exact-623-20260926-5x,jobs/61612fb7e2ae4d2b81d5/result.json
weakening/weaken_antecedent/weaken_antecedent_10_70_70.trace,weakening,weakening_b2,10,2,1cb611222a93edfea7ba8779c12bc0944cf9f903952ddcce5c8337a029260877,MIN_EXPANDED_SIZE,OPTIMAL,,6,"G(->(&(x0,x2),x1))",,6,38.129739457999676,1,0,38.129739457999676,SAT,0,6,11.200667438999517,PASSED,AGREE,SAT,0,6,27.55960789799974,PASSED,AGREE,/srv/macroatlas-rq1-exact/rq1-exact-623-20260926-5x,jobs/e63a70abe0f251729484/result.json
weakening/weaken_antecedent/weaken_antecedent_10_75_75.trace,weakening,weakening_b2,10,2,9c86899e809b70b786263b9d3b13475131052f5b1b03d28a1183d7ab10a8996a,MIN_EXPANDED_SIZE,OPTIMAL,,6,"G(->(&(x0,x2),x1))",,6,40.72948788999929,1,0,40.72948788999929,SAT,0,6,13.260784353000417,PASSED,AGREE,SAT,0,6,28.60165939000035,PASSED,AGREE,/srv/macroatlas-rq1-exact/rq1-exact-623-20260926-5x,jobs/2718f54d9882d74790c7/result.json
weakening/weaken_antecedent/weaken_antecedent_10_80_80.trace,weakening,weakening_b2,10,2,d56277d5d9f58443700f575e34a405a2d742f8795534a5f02eca45b37e187ea5,MIN_EXPANDED_SIZE,OPTIMAL,,6,"G(->(&(x0,x2),x1))",,6,44.35179479699946,1,0,44.35179479699946,SAT,0,6,14.699843241000053,PASSED,AGREE,SAT,0,6,29.61092330500105,PASSED,AGREE,/srv/macroatlas-rq1-exact/rq1-exact-623-20260926-5x,jobs/ad6f0e498f917f8cdc0a/result.json
weakening/weaken_antecedent/weaken_antecedent_10_85_85.trace,weakening,weakening_b2,10,2,785299481b8d629428e191daddf5b4a8d0ceb09d65f0fabcecf4d8d8a833d44f,MIN_EXPANDED_SIZE,OPTIMAL,,6,"G(->(&(x0,x2),x1))",,6,47.35520002300109,1,0,47.35520002300109,SAT,0,6,13.518669988000056,PASSED,AGREE,SAT,0,6,29.278010043999984,PASSED,AGREE,/srv/macroatlas-rq1-exact/rq1-exact-623-20260926-5x,jobs/bfc76f8bc09c5a408da0/result.json
weakening/weaken_antecedent/weaken_antecedent_10_90_90.trace,weakening,weakening_b2,10,2,86a2b8a6d338775562ea51da4530d7d0b0b3c3758cc76176b626b30c568c33ba,MIN_EXPANDED_SIZE,OPTIMAL,,6,"G(->(&(x0,x2),x1))",,6,49.29836691499986,1,0,49.29836691499986,SAT,0,6,15.364854763998665,PASSED,AGREE,SAT,0,6,36.45235351200017,PASSED,AGREE,/srv/macroatlas-rq1-exact/rq1-exact-623-20260926-5x,jobs/30a46ff0334b550bbaf8/result.json
weakening/weaken_antecedent/weaken_antecedent_10_95_95.trace,weakening,weakening_b2,10,2,59b952a79b8654e67cca91f7d517d1a44d5b1865ae3f918a1d8c1d7b84b5d6cd,MIN_EXPANDED_SIZE,OPTIMAL,,6,"G(->(&(x0,x2),x1))",,6,52.00262614500025,1,0,52.00262614500025,SAT,0,6,16.551443792999635,PASSED,AGREE,SAT,0,6,34.45983073399975,PASSED,AGREE,/srv/macroatlas-rq1-exact/rq1-exact-623-20260926-5x,jobs/cc25f10c49139840dbf9/result.json
weakening/weaken_antecedent/weaken_antecedent_15_10_10.trace,weakening,weakening_b2,10,2,b1e9611061952a32382f227b3c69ff666095bf79b19f7f14fa21c07adfa64fab,MIN_EXPANDED_SIZE,OPTIMAL,,6,"G(->(&(x0,x2),x1))",,6,8.420897346999482,1,0,8.420897346999482,SAT,0,6,4.514358246000484,PASSED,AGREE,SAT,0,6,14.168721466000079,PASSED,AGREE,/srv/macroatlas-rq1-exact/rq1-exact-623-20260926-5x,jobs/90e98865fc7fc1ebc9ac/result.json
weakening/weaken_antecedent/weaken_antecedent_20_10_10.trace,weakening,weakening_b2,10,2,8580a32f9224ec43808eaaefa9c05153e70adb7bed141bc7092a7e186f5f989c,MIN_EXPANDED_SIZE,OPTIMAL,,6,"G(->(&(x0,x2),x1))",,6,10.649583148999227,1,0,10.649583148999227,SAT,0,6,11.357123625000895,PASSED,AGREE,SAT,0,6,15.609118058000604,PASSED,AGREE,/srv/macroatlas-rq1-exact/rq1-exact-623-20260926-5x,jobs/526fdbc4663984158625/result.json
weakening/weaken_antecedent/weaken_antecedent_25_10_10.trace,weakening,weakening_b2,10,2,dea8c60fd8d77602478a81c28f2bbc92c5c8ffade2e71b15fbf77c4a420dc29e,MIN_EXPANDED_SIZE,OPTIMAL,,6,"G(->(&(x0,x2),x1))",,6,13.75173851800173,1,0,13.75173851800173,SAT,0,6,16.364828434999936,PASSED,AGREE,SAT,0,6,15.947598353999638,PASSED,AGREE,/srv/macroatlas-rq1-exact/rq1-exact-623-20260926-5x,jobs/6fc698254d3ae6b826b0/result.json
weakening/weaken_antecedent/weaken_antecedent_30_10_10.trace,weakening,weakening_b2,10,2,ad27f162bc6732725ddbc3ae2b54815743d00de636ebb6f139b30b2130007a9b,MIN_EXPANDED_SIZE,OPTIMAL,,6,"G(->(&(x0,x2),x1))",,6,16.24451129800036,1,0,16.24451129800036,SAT,0,6,23.533438530999774,PASSED,AGREE,SAT,0,6,17.32823120500143,PASSED,AGREE,/srv/macroatlas-rq1-exact/rq1-exact-623-20260926-5x,jobs/58cb4485935e36ebb776/result.json
weakening/weaken_antecedent/weaken_antecedent_35_10_10.trace,weakening,weakening_b2,10,2,a8a622304401fb505c5a4a63b350a2aa6b25b9a511831aa4e6fc2c8da34e4ccd,MIN_EXPANDED_SIZE,OPTIMAL,,6,"G(->(&(x0,x2),x1))",,6,19.51153185899966,1,0,19.51153185899966,SAT,0,6,50.007542421000835,PASSED,AGREE,SAT,0,6,18.47035532400014,PASSED,AGREE,/srv/macroatlas-rq1-exact/rq1-exact-623-20260926-5x,jobs/87f751a13660ef227768/result.json
weakening/weaken_antecedent/weaken_antecedent_40_10_10.trace,weakening,weakening_b2,10,2,9e727caad453c3a3439cddc50261a08a0d061c3a9fb076f5fd855be6f030ff63,MIN_EXPANDED_SIZE,OPTIMAL,,6,"G(->(&(x0,x2),x1))",,6,21.85121951399924,1,0,21.85121951399924,SAT,0,6,106.62908054199943,PASSED,AGREE,SAT,0,6,18.61480177200019,PASSED,AGREE,/srv/macroatlas-rq1-exact/rq1-exact-623-20260926-5x,jobs/e28a9510bbd4bbdff60c/result.json
weakening/weaken_antecedent/weaken_antecedent_45_10_10.trace,weakening,weakening_b2,10,2,21c2c4be284b6b6c1ed2cebfa96c725e462d4f0d48c166b86061bc522c2a7051,MIN_EXPANDED_SIZE,OPTIMAL,,6,"G(->(&(x0,x2),x1))",,6,24.819303324999964,1,0,24.819303324999964,TIMEOUT,,,180.33353419500008,IN_PROGRESS,UNRESOLVED,SAT,0,6,18.80335640400017,PASSED,AGREE,/srv/macroatlas-rq1-exact/rq1-exact-623-20260926-5x,jobs/2dc4662797c90160d2fa/result.json
weakening/weaken_antecedent/weaken_antecedent_50_10_10.trace,weakening,weakening_b2,10,2,bdaad8f3733fc4b86751a8e7088e2cc93759052530ea4c33c1600a38a8ea8926,MIN_EXPANDED_SIZE,OPTIMAL,,6,"G(->(&(x0,x2),x1))",,6,27.389251796999815,1,0,27.389251796999815,TIMEOUT,,,180.3854503040002,IN_PROGRESS,UNRESOLVED,SAT,0,6,21.290356933999647,PASSED,AGREE,/srv/macroatlas-rq1-exact/rq1-exact-623-20260926-5x,jobs/7c81d26efd471539bded/result.json
weakening/weaken_antecedent/weaken_antecedent_55_10_10.trace,weakening,weakening_b2,10,2,698cb69169559bb00acd7151f73e2cf5e9889d328389deb34a8f0d3b114dcb4f,MIN_EXPANDED_SIZE,OPTIMAL,,6,"G(->(&(x0,x2),x1))",,6,30.261541969000973,1,0,30.261541969000973,TIMEOUT,,,180.34706876299992,IN_PROGRESS,UNRESOLVED,SAT,0,6,21.28683468500094,PASSED,AGREE,/srv/macroatlas-rq1-exact/rq1-exact-623-20260926-5x,jobs/8386211f1cab26a291a6/result.json
weakening/weaken_antecedent/weaken_antecedent_5_10_10.trace,weakening,weakening_b2,10,2,81780aaba142b8d2ed797230affe87977dde7c5d37b44116e728a9a65c58055b,MIN_EXPANDED_SIZE,OPTIMAL,,6,"G(->(&(x0,x2),x1))",,6,2.6982108570009586,1,0,2.6982108570009586,SAT,0,6,1.726107102998867,PASSED,AGREE,SAT,0,6,16.207489499000076,PASSED,AGREE,/srv/macroatlas-rq1-exact/rq1-exact-623-20260926-5x,jobs/13b14a3461d6ce770109/result.json
weakening/weaken_antecedent/weaken_antecedent_60_10_10.trace,weakening,weakening_b2,10,2,0053a915e901a06d6204b62b0a344d0f088c52e57a283f87963d02afa63b3416,MIN_EXPANDED_SIZE,OPTIMAL,,6,"G(->(&(x0,x2),x1))",,6,33.23356300299929,1,0,33.23356300299929,TIMEOUT,,,180.4194912870007,IN_PROGRESS,UNRESOLVED,SAT,0,6,23.77881305700066,PASSED,AGREE,/srv/macroatlas-rq1-exact/rq1-exact-623-20260926-5x,jobs/33a9059cfafdc618f0ea/result.json
weakening/weaken_antecedent/weaken_antecedent_65_10_10.trace,weakening,weakening_b2,10,2,7486a64d3ca392c9fd953d4b3451811da34ee411cf528f8e4fe2f9e685977352,MIN_EXPANDED_SIZE,OPTIMAL,,6,"G(->(&(x0,x2),x1))",,6,35.3039854790004,1,0,35.3039854790004,TIMEOUT,,,180.35894121600086,IN_PROGRESS,UNRESOLVED,SAT,0,6,23.03985698500003,PASSED,AGREE,/srv/macroatlas-rq1-exact/rq1-exact-623-20260926-5x,jobs/7445a7c7ae1b3a417fff/result.json
weakening/weaken_antecedent/weaken_antecedent_70_10_10.trace,weakening,weakening_b2,10,2,2ea2fc28033837d3537254dbec71c8357b18e14c5422673dede949b0b419f427,MIN_EXPANDED_SIZE,OPTIMAL,,6,"G(->(&(x0,x2),x1))",,6,38.55517737000082,1,0,38.55517737000082,TIMEOUT,,,180.351310861,IN_PROGRESS,UNRESOLVED,SAT,0,6,23.93666248799991,PASSED,AGREE,/srv/macroatlas-rq1-exact/rq1-exact-623-20260926-5x,jobs/eba9b3aa816199a8d9df/result.json
weakening/weaken_antecedent/weaken_antecedent_75_10_10.trace,weakening,weakening_b2,10,2,b06dd39bf194c16c54163d3f69bc559bc8a5f357c1cdd5a09b68198359807848,MIN_EXPANDED_SIZE,OPTIMAL,,6,"G(->(&(x0,x2),x1))",,6,40.616832987000635,1,0,40.616832987000635,TIMEOUT,,,180.42407352499959,IN_PROGRESS,UNRESOLVED,SAT,0,6,26.76285187499991,PASSED,AGREE,/srv/macroatlas-rq1-exact/rq1-exact-623-20260926-5x,jobs/61ebee9fc33b10dba7b9/result.json
weakening/weaken_antecedent/weaken_antecedent_80_10_10.trace,weakening,weakening_b2,10,2,2f04621e218c3ffaba3f032de908f41755c3333f4efe61ce94c95a8591922fdf,MIN_EXPANDED_SIZE,OPTIMAL,,6,"G(->(&(x0,x2),x1))",,6,44.61956579800062,1,0,44.61956579800062,TIMEOUT,,,180.35507483100014,IN_PROGRESS,UNRESOLVED,SAT,0,6,27.713773544000105,PASSED,AGREE,/srv/macroatlas-rq1-exact/rq1-exact-623-20260926-5x,jobs/36b6e6b35275776982c2/result.json
weakening/weaken_antecedent/weaken_antecedent_85_10_10.trace,weakening,weakening_b2,10,2,36dcd944113412c8b40b0394575b117523e15fefa84a5b3b13ef98d273995fdd,MIN_EXPANDED_SIZE,OPTIMAL,,6,"G(->(&(x0,x2),x1))",,6,46.07292715899894,1,0,46.07292715899894,TIMEOUT,,,180.32544989299822,IN_PROGRESS,UNRESOLVED,SAT,0,6,27.002120061000824,PASSED,AGREE,/srv/macroatlas-rq1-exact/rq1-exact-623-20260926-5x,jobs/8339e8a77c71d6020391/result.json
weakening/weaken_antecedent/weaken_antecedent_90_10_10.trace,weakening,weakening_b2,10,2,40fcfa5e7ff9b5b83efe744c483ebad50c3395f5c39c10c5b3eb9d016a9b9a04,MIN_EXPANDED_SIZE,OPTIMAL,,6,"G(->(&(x0,x2),x1))",,6,49.123247870998966,1,0,49.123247870998966,TIMEOUT,,,180.37389061300019,IN_PROGRESS,UNRESOLVED,SAT,0,6,27.285001181999178,PASSED,AGREE,/srv/macroatlas-rq1-exact/rq1-exact-623-20260926-5x,jobs/5a5b46a8543856de8a27/result.json
weakening/weaken_antecedent/weaken_antecedent_95_10_10.trace,weakening,weakening_b2,10,2,f69a804f67257ab9f6de373cf77f923202aa836f8bc219703211a8ef7567682d,MIN_EXPANDED_SIZE,OPTIMAL,,6,"G(->(&(x0,x2),x1))",,6,53.143866868998884,1,0,53.143866868998884,TIMEOUT,,,180.38753425899995,IN_PROGRESS,UNRESOLVED,SAT,0,6,27.772779019000154,PASSED,AGREE,/srv/macroatlas-rq1-exact/rq1-exact-623-20260926-5x,jobs/7ada8647c2fabdb500b3/result.json
weakening/weaken_consequent/weaken_consequent_100_10_10.trace,weakening,weakening_b3,18,3,a9161f65fc07d3f0e546a24f44292bdd7c943b3bd19fdd3621de69aa37541611,MIN_EXPANDED_SIZE,OPTIMAL,,7,"G(->(&(x0,x2),&(x1,x2)))",,7,82.85223468100048,1,0,82.85223468100048,TIMEOUT,,,180.33178534000035,IN_PROGRESS,UNRESOLVED,SAT,0,7,29.993868186997133,PASSED,AGREE,/srv/macroatlas-rq1-exact/rq1-exact-623-20260926-5x,jobs/c65ff10cc78114950a3b/result.json
weakening/weaken_consequent/weaken_consequent_10_100_100.trace,weakening,weakening_b3,18,3,d276a89c6608dbd30e6fb5b241728d1a2e23b71121d4ad65746269627435b746,MIN_EXPANDED_SIZE,OPTIMAL,,7,"G(->(x0,|(&(x1,x2),x1)))",,7,82.9913680009995,1,0,82.9913680009995,SAT,0,7,15.552829324002232,PASSED,AGREE,SAT,0,7,33.85401959199953,PASSED,AGREE,/srv/macroatlas-rq1-exact/rq1-exact-623-20260926-5x,jobs/43c637fbc350d2bb8b92/result.json
weakening/weaken_consequent/weaken_consequent_10_10_10.trace,weakening,weakening_b3,18,3,c565be745038a988786ff690a5a008e3ee068ee7eea790f7bbf0d4da7e87a052,MIN_EXPANDED_SIZE,OPTIMAL,,7,"G(->(x0,|(&(x2,x1),x1)))",,7,7.694232852000141,1,0,7.694232852000141,SAT,0,7,2.411696994000522,PASSED,AGREE,SAT,0,7,15.340122515997791,PASSED,AGREE,/srv/macroatlas-rq1-exact/rq1-exact-623-20260926-5x,jobs/3c4cfbe0a51a781d6cef/result.json
weakening/weaken_consequent/weaken_consequent_10_15_15.trace,weakening,weakening_b3,18,3,1e4062af74a13ec6fddd4cd9c1263fbc3ca115bd568beb465aa4e1685ccd0278,MIN_EXPANDED_SIZE,OPTIMAL,,7,"G(->(x0,|(&(x2,x1),x1)))",,7,12.145459974000914,1,0,12.145459974000914,SAT,0,7,3.1147086390010372,PASSED,AGREE,SAT,0,7,14.60671516399816,PASSED,AGREE,/srv/macroatlas-rq1-exact/rq1-exact-623-20260926-5x,jobs/5766f526a30f17ff70f4/result.json
weakening/weaken_consequent/weaken_consequent_10_20_20.trace,weakening,weakening_b3,18,3,05c37633a408b0a663047c20cb7d7b4c4bc7cf60fe7f58db41a18794a69c978b,MIN_EXPANDED_SIZE,OPTIMAL,,7,"G(->(x0,|(&(x1,x2),x1)))",,7,16.228037835999203,1,0,16.228037835999203,SAT,0,7,3.830651027001295,PASSED,AGREE,SAT,0,7,19.116371871998126,PASSED,AGREE,/srv/macroatlas-rq1-exact/rq1-exact-623-20260926-5x,jobs/2856116df8f035204a75/result.json
weakening/weaken_consequent/weaken_consequent_10_25_25.trace,weakening,weakening_b3,18,3,cae4b190edc26e2bad260aedcad905f2010a597930f11ca875051ddf727937bf,MIN_EXPANDED_SIZE,OPTIMAL,,7,"G(->(x0,|(&(x1,x2),x1)))",,7,20.408767668999644,1,0,20.408767668999644,SAT,0,7,4.337916682998184,PASSED,AGREE,SAT,0,7,17.388805801998387,PASSED,AGREE,/srv/macroatlas-rq1-exact/rq1-exact-623-20260926-5x,jobs/1026f7672af1b63c292c/result.json
weakening/weaken_consequent/weaken_consequent_10_30_30.trace,weakening,weakening_b3,18,3,4808b046eeb02bb1b7fd9be54e86b347206e24bf97e54133397b7226629fce6f,MIN_EXPANDED_SIZE,OPTIMAL,,7,"G(->(x0,|(&(x2,x1),x1)))",,7,24.648821590000807,1,0,24.648821590000807,SAT,0,7,5.037716767001257,PASSED,AGREE,SAT,0,7,19.93138154800181,PASSED,AGREE,/srv/macroatlas-rq1-exact/rq1-exact-623-20260926-5x,jobs/1c05638b707195e863fb/result.json
weakening/weaken_consequent/weaken_consequent_10_35_35.trace,weakening,weakening_b3,18,3,52d26e1412eba83ddfdf227ad67da73e01d9d18d82b70dbbdc36e2f384ff384e,MIN_EXPANDED_SIZE,OPTIMAL,,7,"G(->(x0,|(&(x1,x2),x1)))",,7,28.690272551999442,1,0,28.690272551999442,SAT,0,7,5.600152306997188,PASSED,AGREE,SAT,0,7,18.44727981399774,PASSED,AGREE,/srv/macroatlas-rq1-exact/rq1-exact-623-20260926-5x,jobs/cb42365e4721e700b982/result.json
weakening/weaken_consequent/weaken_consequent_10_40_40.trace,weakening,weakening_b3,18,3,6a07d631793c4224cc96e090f2769ad87740f424509ca192252e8910835f199d,MIN_EXPANDED_SIZE,OPTIMAL,,7,"G(->(x0,|(&(x1,x2),x1)))",,7,34.19681885600039,1,0,34.19681885600039,SAT,0,7,5.861617135997221,PASSED,AGREE,SAT,0,7,18.961264286997903,PASSED,AGREE,/srv/macroatlas-rq1-exact/rq1-exact-623-20260926-5x,jobs/d028c7e9d9a93f6df2c8/result.json
weakening/weaken_consequent/weaken_consequent_10_45_45.trace,weakening,weakening_b3,18,3,3a7d0c05499cd67a8edc145a6d66d33cc7194a5b0170cc7d373b25fa0b593763,MIN_EXPANDED_SIZE,OPTIMAL,,7,"G(->(x0,|(&(x1,x2),x1)))",,7,37.258748992999244,1,0,37.258748992999244,SAT,0,7,6.33151445600015,PASSED,AGREE,SAT,0,7,29.349039225002343,PASSED,AGREE,/srv/macroatlas-rq1-exact/rq1-exact-623-20260926-5x,jobs/a10c1c6944dfa7462fb4/result.json
weakening/weaken_consequent/weaken_consequent_10_50_50.trace,weakening,weakening_b3,18,3,afbf8784ce29f36c4e7dae808b5867c11864c6c4a051f10024413f436d244db0,MIN_EXPANDED_SIZE,OPTIMAL,,7,"G(->(x0,|(&(x1,x2),x1)))",,7,40.74297236200073,1,0,40.74297236200073,SAT,0,7,8.028488315998402,PASSED,AGREE,SAT,0,7,25.405182069000148,PASSED,AGREE,/srv/macroatlas-rq1-exact/rq1-exact-623-20260926-5x,jobs/cd60845c3169c4d329d8/result.json
weakening/weaken_consequent/weaken_consequent_10_55_55.trace,weakening,weakening_b3,18,3,d88fd4b5ed2d82aaf60b31716077c1d0e271472606f1f6bcfb105b018d85f1b8,MIN_EXPANDED_SIZE,OPTIMAL,,7,"G(->(x0,|(&(x1,x2),x1)))",,7,44.74424520699904,1,0,44.74424520699904,SAT,0,7,9.302381593999598,PASSED,AGREE,SAT,0,7,24.37929872099994,PASSED,AGREE,/srv/macroatlas-rq1-exact/rq1-exact-623-20260926-5x,jobs/a10f3949abe87114ffc1/result.json
weakening/weaken_consequent/weaken_consequent_10_5_5.trace,weakening,weakening_b3,18,3,648a67066d404d92c9eb11b63d458b078bfe009a0723e396377e306912622544,MIN_EXPANDED_SIZE,OPTIMAL,,7,"G(->(&(x0,x2),&(x1,x2)))",,7,4.251224013998581,1,0,4.251224013998581,SAT,0,7,2.0077438359985535,PASSED,AGREE,SAT,0,7,12.66125294900121,PASSED,AGREE,/srv/macroatlas-rq1-exact/rq1-exact-623-20260926-5x,jobs/08848ba23570916e193a/result.json
weakening/weaken_consequent/weaken_consequent_10_60_60.trace,weakening,weakening_b3,18,3,f2cbe5aaae743b9dc6063338f8505b6545de5c0000d10ebabd273d843d973980,MIN_EXPANDED_SIZE,OPTIMAL,,7,"G(->(x0,|(&(x2,x1),x1)))",,7,49.714881530999264,1,0,49.714881530999264,SAT,0,7,9.414470356001402,PASSED,AGREE,SAT,0,7,32.03829590100213,PASSED,AGREE,/srv/macroatlas-rq1-exact/rq1-exact-623-20260926-5x,jobs/b1a17eb4c883bc098d19/result.json
weakening/weaken_consequent/weaken_consequent_10_65_65.trace,weakening,weakening_b3,18,3,4d96ec9dc3acce7d8f85ca0c3686ed222e2362b73020e3e8a8752aab50ba1772,MIN_EXPANDED_SIZE,OPTIMAL,,7,"G(->(x0,|(&(x2,x1),x1)))",,7,53.921780034999756,1,0,53.921780034999756,SAT,0,7,9.997467459998006,PASSED,AGREE,SAT,0,7,36.19429108899931,PASSED,AGREE,/srv/macroatlas-rq1-exact/rq1-exact-623-20260926-5x,jobs/498c5398ec0ad3966cdc/result.json
weakening/weaken_consequent/weaken_consequent_10_70_70.trace,weakening,weakening_b3,18,3,dd6e63ef5679bfd0de937eff3cb920c4fac41509f0693889f0eff39fe2b358ba,MIN_EXPANDED_SIZE,OPTIMAL,,7,"G(->(x0,|(&(x1,x2),x1)))",,7,58.93316539400075,1,0,58.93316539400075,SAT,0,7,11.506376061999617,PASSED,AGREE,SAT,0,7,37.07797508499789,PASSED,AGREE,/srv/macroatlas-rq1-exact/rq1-exact-623-20260926-5x,jobs/4f16f3afa5edeeea7b20/result.json
weakening/weaken_consequent/weaken_consequent_10_75_75.trace,weakening,weakening_b3,18,3,a9264ba7a63670b26389af1d2d5346b75f955126e0f2a05351f4e6f17d6dd630,MIN_EXPANDED_SIZE,OPTIMAL,,7,"G(->(x0,|(&(x2,x1),x1)))",,7,61.93282504799936,1,0,61.93282504799936,SAT,0,7,11.234434382000472,PASSED,AGREE,SAT,0,7,31.619816922997416,PASSED,AGREE,/srv/macroatlas-rq1-exact/rq1-exact-623-20260926-5x,jobs/dc075dd3eac981e15980/result.json
weakening/weaken_consequent/weaken_consequent_10_80_80.trace,weakening,weakening_b3,18,3,c4b165b1a621a8218ee3e297acebadafb3d4459ecf2e5640ae7664f32ded2a06,MIN_EXPANDED_SIZE,OPTIMAL,,7,"G(->(x0,|(&(x2,x1),x1)))",,7,64.4695735410005,1,0,64.4695735410005,SAT,0,7,11.568750859998545,PASSED,AGREE,SAT,0,7,34.092850206998264,PASSED,AGREE,/srv/macroatlas-rq1-exact/rq1-exact-623-20260926-5x,jobs/235a6e2b977868d48da2/result.json
weakening/weaken_consequent/weaken_consequent_10_85_85.trace,weakening,weakening_b3,18,3,7aa55051300d2220c06e0b5b806ca04beff81417c670fa2ad42df15843f0bdc1,MIN_EXPANDED_SIZE,OPTIMAL,,7,"G(->(x0,|(&(x2,x1),x1)))",,7,70.03656303499884,1,0,70.03656303499884,SAT,0,7,12.96982724999907,PASSED,AGREE,SAT,0,7,33.28207044100054,PASSED,AGREE,/srv/macroatlas-rq1-exact/rq1-exact-623-20260926-5x,jobs/eb75ee9db7d287368115/result.json
weakening/weaken_consequent/weaken_consequent_10_90_90.trace,weakening,weakening_b3,18,3,b54e8d4aceb6c9279c42c8d005db04296075ab90203596024b08cb32fc2724ee,MIN_EXPANDED_SIZE,OPTIMAL,,7,"G(->(x0,|(&(x2,x1),x1)))",,7,74.56192976300008,1,0,74.56192976300008,SAT,0,7,13.243258322996553,PASSED,AGREE,SAT,0,7,40.642023761996825,PASSED,AGREE,/srv/macroatlas-rq1-exact/rq1-exact-623-20260926-5x,jobs/20c194c77791e38503e9/result.json
weakening/weaken_consequent/weaken_consequent_10_95_95.trace,weakening,weakening_b3,18,3,cacc2bd3797939ea41759b9e20f7e0d8af2da0e2537c8f1b39e7f86a3b79f661,MIN_EXPANDED_SIZE,OPTIMAL,,7,"G(->(x0,|(&(x1,x2),x1)))",,7,79.00272426099946,1,0,79.00272426099946,SAT,0,7,15.221252987001208,PASSED,AGREE,SAT,0,7,42.591856613002165,PASSED,AGREE,/srv/macroatlas-rq1-exact/rq1-exact-623-20260926-5x,jobs/31605c67b8b773bdee9c/result.json
weakening/weaken_consequent/weaken_consequent_15_10_10.trace,weakening,weakening_b3,18,3,527d1c79dca0a4dfc73bccd7b8a09eb27181ee9733827cfded8b0331bb0c5b73,MIN_EXPANDED_SIZE,OPTIMAL,,7,"G(->(&(x0,x2),&(x2,x1)))",,7,11.932679972000187,1,0,11.932679972000187,SAT,0,7,3.9329081989999395,PASSED,AGREE,SAT,0,7,13.80560063500161,PASSED,AGREE,/srv/macroatlas-rq1-exact/rq1-exact-623-20260926-5x,jobs/17d1c0adb5f7045c9c1d/result.json
weakening/weaken_consequent/weaken_consequent_20_10_10.trace,weakening,weakening_b3,18,3,a6828e17467ccfba3c4892b13af14eae77c56764981c5c6fedae665fc99b4eb0,MIN_EXPANDED_SIZE,OPTIMAL,,7,"G(->(x0,|(&(x1,x2),x1)))",,7,16.303846188000534,1,0,16.303846188000534,SAT,0,7,10.312198651001381,PASSED,AGREE,SAT,0,7,14.431103759001417,PASSED,AGREE,/srv/macroatlas-rq1-exact/rq1-exact-623-20260926-5x,jobs/ca81946c43ffa15817b4/result.json
weakening/weaken_consequent/weaken_consequent_25_10_10.trace,weakening,weakening_b3,18,3,86f99f65fdbbca16ebbbae53d1d26468647cf5f845acb40fc6064f556896194e,MIN_EXPANDED_SIZE,OPTIMAL,,7,"G(->(x0,|(&(x2,x1),x1)))",,7,20.164590885999132,1,0,20.164590885999132,SAT,0,7,14.647690861002047,PASSED,AGREE,SAT,0,7,12.306705078997766,PASSED,AGREE,/srv/macroatlas-rq1-exact/rq1-exact-623-20260926-5x,jobs/73c9d4d45278fd4857f3/result.json
weakening/weaken_consequent/weaken_consequent_30_10_10.trace,weakening,weakening_b3,18,3,3d42d88c0941627c380e2af47f0038693423aaab6c4080fef168dee15df86405,MIN_EXPANDED_SIZE,OPTIMAL,,7,"G(->(x0,|(&(x1,x2),x1)))",,7,24.319715951000035,1,0,24.319715951000035,SAT,0,7,22.940960690000793,PASSED,AGREE,SAT,0,7,14.485693530998105,PASSED,AGREE,/srv/macroatlas-rq1-exact/rq1-exact-623-20260926-5x,jobs/d3bc10f770ca4db366af/result.json
weakening/weaken_consequent/weaken_consequent_35_10_10.trace,weakening,weakening_b3,18,3,c4c5301393e2f6cdc29a26b4b0d4191eda1928bc582fbecce0e36d5b5c5f8e97,MIN_EXPANDED_SIZE,OPTIMAL,,7,"G(->(x0,|(&(x1,x2),x1)))",,7,29.153694619999442,1,0,29.153694619999442,SAT,0,7,48.087307349000184,PASSED,AGREE,SAT,0,7,17.134542951000185,PASSED,AGREE,/srv/macroatlas-rq1-exact/rq1-exact-623-20260926-5x,jobs/30fe5093e6fe9ff1d2fe/result.json
weakening/weaken_consequent/weaken_consequent_40_10_10.trace,weakening,weakening_b3,18,3,44afafa1a03d980f2c15c8d4c93f7621bf95406f52a9042ca772c34765f942c6,MIN_EXPANDED_SIZE,OPTIMAL,,7,"G(->(x0,|(&(x1,x2),x1)))",,7,32.09520445099952,1,0,32.09520445099952,SAT,0,7,95.71458356600124,PASSED,AGREE,SAT,0,7,18.22464648299865,PASSED,AGREE,/srv/macroatlas-rq1-exact/rq1-exact-623-20260926-5x,jobs/c81099111a2c614af03b/result.json
weakening/weaken_consequent/weaken_consequent_45_10_10.trace,weakening,weakening_b3,18,3,d737901d8f018a1c08e002e91886ae5698fca92b4b6bf0f269cdd7802de407da,MIN_EXPANDED_SIZE,OPTIMAL,,7,"G(->(x0,|(&(x2,x1),x1)))",,7,36.48022799899991,1,0,36.48022799899991,TIMEOUT,,,180.3267761060015,IN_PROGRESS,UNRESOLVED,SAT,0,7,14.875297883001622,PASSED,AGREE,/srv/macroatlas-rq1-exact/rq1-exact-623-20260926-5x,jobs/7d10755d217afdb66feb/result.json
weakening/weaken_consequent/weaken_consequent_50_10_10.trace,weakening,weakening_b3,18,3,2e2c6fc839f779bbb264f7bada7c1af649e566c9ddbd4489e955b4bd8e844bc1,MIN_EXPANDED_SIZE,OPTIMAL,,7,"G(->(&(x0,x2),&(x2,x1)))",,7,39.504269367000234,1,0,39.504269367000234,TIMEOUT,,,180.3076199829993,IN_PROGRESS,UNRESOLVED,SAT,0,7,20.36887817400202,PASSED,AGREE,/srv/macroatlas-rq1-exact/rq1-exact-623-20260926-5x,jobs/047fb6e917b544904ae0/result.json
weakening/weaken_consequent/weaken_consequent_55_10_10.trace,weakening,weakening_b3,18,3,ba34617e41e5dbf54dc15ae33f459d5f700fd252488ef59b16ec6f0bd85702b2,MIN_EXPANDED_SIZE,OPTIMAL,,7,"G(->(x0,|(&(x1,x2),x1)))",,7,44.93339999700038,1,0,44.93339999700038,TIMEOUT,,,180.3373252320016,IN_PROGRESS,UNRESOLVED,SAT,0,7,21.96443696999995,PASSED,AGREE,/srv/macroatlas-rq1-exact/rq1-exact-623-20260926-5x,jobs/77b4dec37f96314ff448/result.json
weakening/weaken_consequent/weaken_consequent_5_10_10.trace,weakening,weakening_b3,18,3,1c2fdebb5c282beeda362b1dd2f771fcbade6cef47e011bc64f3934df3065609,MIN_EXPANDED_SIZE,OPTIMAL,,7,"G(->(x0,|(&(x2,x1),x1)))",,7,4.072403606998705,1,0,4.072403606998705,SAT,0,7,1.6651200119995337,PASSED,AGREE,SAT,0,7,12.356426943002589,PASSED,AGREE,/srv/macroatlas-rq1-exact/rq1-exact-623-20260926-5x,jobs/ad14754b4eec23e233c0/result.json
weakening/weaken_consequent/weaken_consequent_60_10_10.trace,weakening,weakening_b3,18,3,d6fabd3c8467e4a7e0e8ab65f1917f172c44f6874abdc1425a5eaca124d2fada,MIN_EXPANDED_SIZE,OPTIMAL,,7,"G(->(&(x0,x2),&(x1,x2)))",,7,49.2941206029991,1,0,49.2941206029991,TIMEOUT,,,180.3355646209966,IN_PROGRESS,UNRESOLVED,SAT,0,7,23.208218838000903,PASSED,AGREE,/srv/macroatlas-rq1-exact/rq1-exact-623-20260926-5x,jobs/ec862a306449e47c8783/result.json
weakening/weaken_consequent/weaken_consequent_65_10_10.trace,weakening,weakening_b3,18,3,8682219a1e88107e3a694a1aef6111f979939a7ffd7c513d7d6b151d0c746d23,MIN_EXPANDED_SIZE,OPTIMAL,,7,"G(->(x0,|(&(x1,x2),x1)))",,7,55.647690387000694,1,0,55.647690387000694,TIMEOUT,,,180.35754821199953,IN_PROGRESS,UNRESOLVED,SAT,0,7,23.675560509000206,PASSED,AGREE,/srv/macroatlas-rq1-exact/rq1-exact-623-20260926-5x,jobs/636e9443b846f9fff265/result.json
weakening/weaken_consequent/weaken_consequent_70_10_10.trace,weakening,weakening_b3,18,3,536daeb88c0f01df49ee57825ce8c3b7f7ece712e80bb47e2afb76944bee6e2a,MIN_EXPANDED_SIZE,OPTIMAL,,7,"G(->(&(x0,x2),&(x2,x1)))",,7,57.50531446500099,1,0,57.50531446500099,TIMEOUT,,,180.33184978899953,IN_PROGRESS,UNRESOLVED,SAT,0,7,24.96581481999965,PASSED,AGREE,/srv/macroatlas-rq1-exact/rq1-exact-623-20260926-5x,jobs/d7ed52aa45e7937eca81/result.json
weakening/weaken_consequent/weaken_consequent_75_10_10.trace,weakening,weakening_b3,18,3,b23d468c7148ff8f9bf206a19980408f5ee2e7afb5fd4f3aa68f01919400cd1e,MIN_EXPANDED_SIZE,OPTIMAL,,7,"G(->(x0,|(&(x2,x1),x1)))",,7,61.31373452600019,1,0,61.31373452600019,TIMEOUT,,,180.31782156699774,IN_PROGRESS,UNRESOLVED,SAT,0,7,26.629851174999203,PASSED,AGREE,/srv/macroatlas-rq1-exact/rq1-exact-623-20260926-5x,jobs/eb1fcfbfefa398e68e73/result.json
weakening/weaken_consequent/weaken_consequent_80_10_10.trace,weakening,weakening_b3,18,3,4e6d871d660393a5167cb3095b33b23d36e45370bbad1a6c79c058438aa312e5,MIN_EXPANDED_SIZE,OPTIMAL,,7,"G(->(x0,|(&(x2,x1),x1)))",,7,66.1855378119999,1,0,66.1855378119999,TIMEOUT,,,180.38913865599898,IN_PROGRESS,UNRESOLVED,SAT,0,7,21.179419317002612,PASSED,AGREE,/srv/macroatlas-rq1-exact/rq1-exact-623-20260926-5x,jobs/e0b31320f5f545121cfd/result.json
weakening/weaken_consequent/weaken_consequent_85_10_10.trace,weakening,weakening_b3,18,3,33aead5ade5e6fd9fb39f43dfedbce107e7ffbbac3937df21110b74ca96ff57a,MIN_EXPANDED_SIZE,OPTIMAL,,7,"G(->(x0,|(&(x1,x2),x1)))",,7,70.32425997000064,1,0,70.32425997000064,TIMEOUT,,,180.30281442399792,IN_PROGRESS,UNRESOLVED,SAT,0,7,28.335403971999767,PASSED,AGREE,/srv/macroatlas-rq1-exact/rq1-exact-623-20260926-5x,jobs/8c6c7e14cab153c30425/result.json
weakening/weaken_consequent/weaken_consequent_90_10_10.trace,weakening,weakening_b3,18,3,65b09948e3207b84c13eb53712052464e9bf28e5593098ccbeb8c87af0b12ea2,MIN_EXPANDED_SIZE,OPTIMAL,,7,"G(->(x0,|(&(x1,x2),x1)))",,7,75.1913477449998,1,0,75.1913477449998,TIMEOUT,,,180.32280593999894,IN_PROGRESS,UNRESOLVED,SAT,0,7,27.313279420999606,PASSED,AGREE,/srv/macroatlas-rq1-exact/rq1-exact-623-20260926-5x,jobs/0d995223325c7bac77c9/result.json
weakening/weaken_consequent/weaken_consequent_95_10_10.trace,weakening,weakening_b3,18,3,026c828bf9d504c33bdbd1d72ccbba0d1e2201c795082e0db1ba8ec94684d9bc,MIN_EXPANDED_SIZE,OPTIMAL,,7,"G(->(x0,|(&(x2,x1),x1)))",,7,77.58559505299854,1,0,77.58559505299854,TIMEOUT,,,180.27846299000157,IN_PROGRESS,UNRESOLVED,SAT,0,7,32.63042926200069,PASSED,AGREE,/srv/macroatlas-rq1-exact/rq1-exact-623-20260926-5x,jobs/4bc8c15d2e31f7367f1b/result.json
