task,caseId,family,category,B,b,oracleStatus,oraclePrimary,oracleSecondary,size,checkStatus,checkWallSec,reasonUnknown,querySha256,witnessSha256,keptAtLeast,evidenceCampaign,inheritedUnsatProof
5to10Traces/0000.trace,861c0302bc8adcc6ba93,5to10Traces,plain,5,2,OPTIMAL,0,3,1,unsat,0.029332408999835025,,7963295030fa2bcb7477c71f0f9659884ef7ae648735cf0dca2bf85a8216ee49,,0,rq1-exact-623-20260926-5x,0
5to10Traces/0000.trace,861c0302bc8adcc6ba93,5to10Traces,plain,5,2,OPTIMAL,0,3,2,unsat,0.0991038770000614,,cff96c98e5a94f85d8fc2386fc1468f985347d65beed968ee7f3d571fe93c170,,0,rq1-exact-623-20260926-5x,0
5to10Traces/0000.trace,861c0302bc8adcc6ba93,5to10Traces,plain,5,2,OPTIMAL,0,3,3,sat,0.19508570300013162,,99b473fc14d0cae6427e092d478fae54e02d095dcbb3bd7697cc7798f9c22ece,e0eb6ec82871f9e380d3e434610aed1f914faed2bcc1393ab8cb3d9cb04b242f,0,rq1-exact-623-20260926-5x,0
5to10Traces/0002.trace,59bc874fd556534d47c7,5to10Traces,plain,5,2,OPTIMAL,0,3,1,unsat,0.07428425400030392,,4eecb03fb0c892d98a2d1a800701231f2a15a43ed77e325d5d55d89eed48576d,,0,rq1-exact-623-20260926-5x,0
5to10Traces/0002.trace,59bc874fd556534d47c7,5to10Traces,plain,5,2,OPTIMAL,0,3,2,unsat,0.46120597500021177,,cc6c56b31dd55e00bd6eae738188f9a0682d321e5e172362042e1d4e159283f5,,0,rq1-exact-623-20260926-5x,0
5to10Traces/0002.trace,59bc874fd556534d47c7,5to10Traces,plain,5,2,OPTIMAL,0,3,3,sat,0.9596818270001677,,00de8211fe97de9e74e1965717abb0b542143c71dc796708505d3403b164f48d,e0eb6ec82871f9e380d3e434610aed1f914faed2bcc1393ab8cb3d9cb04b242f,0,rq1-exact-623-20260926-5x,0
5to10Traces/0003.trace,d89ac7120e198974538a,5to10Traces,plain,5,2,OPTIMAL,0,3,1,unsat,0.07616890300005252,,40cf382901b10bb657c1fc9a6c7a169f1e125842b6e7ef1bec967582ca662f0b,,0,rq1-exact-623-20260926-5x,0
5to10Traces/0003.trace,d89ac7120e198974538a,5to10Traces,plain,5,2,OPTIMAL,0,3,2,unsat,0.4853450900000098,,a0cad311ace612cf06794e05edb95dfb2a204ff0c485ff5bd0cd0e0b7f46bb45,,0,rq1-exact-623-20260926-5x,0
5to10Traces/0003.trace,d89ac7120e198974538a,5to10Traces,plain,5,2,OPTIMAL,0,3,3,sat,1.0065204490001634,,6f9faa148f0364b5f1bc0c55c438130a3d0dd292e36fba516da539fe192c3b3b,e0eb6ec82871f9e380d3e434610aed1f914faed2bcc1393ab8cb3d9cb04b242f,0,rq1-exact-623-20260926-5x,0
5to10Traces/0004.trace,d7e67511a93472d1bcfa,5to10Traces,plain,5,2,OPTIMAL,0,3,1,unsat,0.13420966600006068,,335abbcfc43a1dc1dabe3dd333a5d0f53edaa615fc8784c6082eeec363c5743f,,0,rq1-exact-623-20260926-5x,0
5to10Traces/0004.trace,d7e67511a93472d1bcfa,5to10Traces,plain,5,2,OPTIMAL,0,3,2,unsat,0.9245316760002424,,a41b6efb9719c9857d00456bc23849d0dfac42a851ceaa8a4cc9fe5ebe407338,,0,rq1-exact-623-20260926-5x,0
5to10Traces/0004.trace,d7e67511a93472d1bcfa,5to10Traces,plain,5,2,OPTIMAL,0,3,3,sat,1.9604663370000708,,d992e9ea066eb21895ff42abfd479f977b3f34657b3b15e9ed07a43d3041072f,fde27f343dd55dfb1968f1cba85fd89c2f46620b2a3dd38e4c286b3887a820f9,0,rq1-exact-623-20260926-5x,0
5to10Traces/0005.trace,d3d599eeba94db579d17,5to10Traces,plain,5,2,OPTIMAL,0,3,1,unsat,0.13751471299974583,,680e12a41c8008b7f55f61fe0d11e0ee9c9d20407ce814626f1b8ac19f4df18b,,0,rq1-exact-623-20260926-5x,0
5to10Traces/0005.trace,d3d599eeba94db579d17,5to10Traces,plain,5,2,OPTIMAL,0,3,2,unsat,0.9801786230000289,,650831e0a662e377ae923c8266d17e80b5d845d5fe1262364d498b05c515010e,,0,rq1-exact-623-20260926-5x,0
5to10Traces/0005.trace,d3d599eeba94db579d17,5to10Traces,plain,5,2,OPTIMAL,0,3,3,sat,2.0853843869999764,,bd55002d84f2f98344c05e021cb560d43a59f024505f2696fefd6a68604ee929,fde27f343dd55dfb1968f1cba85fd89c2f46620b2a3dd38e4c286b3887a820f9,0,rq1-exact-623-20260926-5x,0
5to10Traces/0006.trace,9ce041c0c0e89d34c785,5to10Traces,plain,5,2,OPTIMAL,0,3,1,unsat,0.190113508000195,,c7f21e9aad2ced4826e9956a3b5dc1f71f4921b8f1e4b0786b4b58c51e05b4ee,,0,rq1-exact-623-20260926-5x,0
5to10Traces/0006.trace,9ce041c0c0e89d34c785,5to10Traces,plain,5,2,OPTIMAL,0,3,2,unsat,1.4128429100001085,,ae2ae9e748ac14b5e7573d553dfbd8f62b880eced5f1cc1cc093ee04d29d9974,,0,rq1-exact-623-20260926-5x,0
5to10Traces/0006.trace,9ce041c0c0e89d34c785,5to10Traces,plain,5,2,OPTIMAL,0,3,3,sat,3.003954901999805,,f15531478bed09ea6f5d809cac655891fd606e5108bd82294cedad3aa47c1272,e0eb6ec82871f9e380d3e434610aed1f914faed2bcc1393ab8cb3d9cb04b242f,0,rq1-exact-623-20260926-5x,0
5to10Traces/0007.trace,97e377ef1559bcdf26ac,5to10Traces,plain,5,2,OPTIMAL,0,3,1,unsat,0.20398125300016545,,392ee9a2a1fa39206354bd441ce1065aedf883a1ec900c51b2837ab0bb70832c,,0,rq1-exact-623-20260926-5x,0
5to10Traces/0007.trace,97e377ef1559bcdf26ac,5to10Traces,plain,5,2,OPTIMAL,0,3,2,unsat,1.5568958539997766,,a6a0cd8d2a27b260e2a6df47795ffae922e2b526128378ceaa29c3b2c2f0de3f,,0,rq1-exact-623-20260926-5x,0
5to10Traces/0007.trace,97e377ef1559bcdf26ac,5to10Traces,plain,5,2,OPTIMAL,0,3,3,sat,3.283615406000081,,d7916645ca3ed37f63dc8f4b2e540ec2bcc97c8bf0f7e0fda00baa84fc6a0214,e0eb6ec82871f9e380d3e434610aed1f914faed2bcc1393ab8cb3d9cb04b242f,0,rq1-exact-623-20260926-5x,0
5to10Traces/0008.trace,d6b20935f1214c4cac01,5to10Traces,plain,5,2,OPTIMAL,0,3,1,unsat,0.2527722069999072,,be453538f3130fb89f5ef8edc7c64afc5a2c656518c54bfe995a3525704d0710,,0,rq1-exact-623-20260926-5x,0
5to10Traces/0008.trace,d6b20935f1214c4cac01,5to10Traces,plain,5,2,OPTIMAL,0,3,2,unsat,1.8992850720001115,,bf5de9594f8e807860e31071fbf4c0bf4ebc038c880b1857c4a7b30f2a79adfd,,0,rq1-exact-623-20260926-5x,0
5to10Traces/0008.trace,d6b20935f1214c4cac01,5to10Traces,plain,5,2,OPTIMAL,0,3,3,sat,3.9907334109998374,,4e5eafafd4538a89c84e3742f83c2e2b813443871b712cf930e808b1e9a08a2e,fde27f343dd55dfb1968f1cba85fd89c2f46620b2a3dd38e4c286b3887a820f9,0,rq1-exact-623-20260926-5x,0
5to10Traces/0009.trace,3d63aa5adf1ec4c2ebba,5to10Traces,plain,5,2,OPTIMAL,0,3,1,unsat,0.2550546959996609,,ae4cd3fb636f60677cae15840a6a4d7de174ab7c9e04fde16352517c160f5d16,,0,rq1-exact-623-20260926-5x,0
5to10Traces/0009.trace,3d63aa5adf1ec4c2ebba,5to10Traces,plain,5,2,OPTIMAL,0,3,2,unsat,1.9708267450000676,,67f3d25aa9b33e1128c922593cbf79d4f0935666b05bc2941de220df8a328fa4,,0,rq1-exact-623-20260926-5x,0
5to10Traces/0009.trace,3d63aa5adf1ec4c2ebba,5to10Traces,plain,5,2,OPTIMAL,0,3,3,sat,4.141682109999692,,d58c5099322f24f5f3ee2a923cfe6ac2b6c6eb85218d9c78f85065798c9aa207,e0eb6ec82871f9e380d3e434610aed1f914faed2bcc1393ab8cb3d9cb04b242f,0,rq1-exact-623-20260926-5x,0
5to10Traces/0010.trace,8c9e67cedc0fceb521be,5to10Traces,plain,5,2,OPTIMAL,0,3,1,unsat,0.3045237480000651,,c3d5c43ed8d013422ce52f9b7241f2a21a8186fbe2126fddfc95464a693b7893,,0,rq1-exact-623-20260926-5x,0
5to10Traces/0010.trace,8c9e67cedc0fceb521be,5to10Traces,plain,5,2,OPTIMAL,0,3,2,unsat,2.3660154300000613,,e5cee33ba6821c41f82c8b79722e7f7b6dc45c7361c85587bb1f06f9825d2310,,0,rq1-exact-623-20260926-5x,0
5to10Traces/0010.trace,8c9e67cedc0fceb521be,5to10Traces,plain,5,2,OPTIMAL,0,3,3,sat,4.956802912000057,,adcd3bcbe30640c6269d311ad9c1fa0e6c9ecb07abf5544912220566c2a256d2,e0eb6ec82871f9e380d3e434610aed1f914faed2bcc1393ab8cb3d9cb04b242f,0,rq1-exact-623-20260926-5x,0
5to10Traces/0011.trace,05271159b766d4536581,5to10Traces,plain,5,2,OPTIMAL,0,3,1,unsat,0.31838431700043657,,4f6d50bcdf3170e0aeadd0953bd2bb24d7d6401e98a98f9dc94087d2d8fa5404,,0,rq1-exact-623-20260926-5x,0
5to10Traces/0011.trace,05271159b766d4536581,5to10Traces,plain,5,2,OPTIMAL,0,3,2,unsat,2.565825405999931,,f365a3e1dcd23addf2bbe5cbf207cadd211ca79553d79f49e66db11acb4cd323,,0,rq1-exact-623-20260926-5x,0
5to10Traces/0011.trace,05271159b766d4536581,5to10Traces,plain,5,2,OPTIMAL,0,3,3,sat,5.320145541999864,,226b0876d2c33b18915c5d6efa3edc0b4008c1145a1b7084eec632dfc9f65bce,fde27f343dd55dfb1968f1cba85fd89c2f46620b2a3dd38e4c286b3887a820f9,0,rq1-exact-623-20260926-5x,0
5to10Traces/0012.trace,7ea45400096bddeb6096,5to10Traces,plain,5,2,OPTIMAL,0,3,1,unsat,0.36019340900020325,,5cc795a007c6eec8f12c923c88bc30cceeb789aa2faf8c66d0fdb0a28296cc47,,0,rq1-exact-623-20260926-5x,0
5to10Traces/0012.trace,7ea45400096bddeb6096,5to10Traces,plain,5,2,OPTIMAL,0,3,2,unsat,2.8176654230001077,,1699993e55b521e898c11f7d26f042b62b1188b57ceca8426c8fab9c5ea05a2b,,0,rq1-exact-623-20260926-5x,0
5to10Traces/0012.trace,7ea45400096bddeb6096,5to10Traces,plain,5,2,OPTIMAL,0,3,3,sat,6.123500763000266,,846f31edd313b24a2e42d7869c996b8c7347731e52f6348c48864b29ab779637,e0eb6ec82871f9e380d3e434610aed1f914faed2bcc1393ab8cb3d9cb04b242f,0,rq1-exact-623-20260926-5x,0
5to10Traces/0013.trace,a486a3dc387534358b77,5to10Traces,plain,5,2,OPTIMAL,0,3,1,unsat,0.38208286400004,,dc7730b668236132c8dfc884082d9dde9f11c351e48cf71e75c6e03f64e79bdd,,0,rq1-exact-623-20260926-5x,0
5to10Traces/0013.trace,a486a3dc387534358b77,5to10Traces,plain,5,2,OPTIMAL,0,3,2,unsat,3.1100430659998892,,88ce2c5ed8664f10f04e945aaffd9013f3f28308a04e60517ff002853495fe96,,0,rq1-exact-623-20260926-5x,0
5to10Traces/0013.trace,a486a3dc387534358b77,5to10Traces,plain,5,2,OPTIMAL,0,3,3,sat,6.6006459159998485,,088a2282a45f5251b65850243e19f066e48722fa022ee3b264a79cab9adcd105,e0eb6ec82871f9e380d3e434610aed1f914faed2bcc1393ab8cb3d9cb04b242f,0,rq1-exact-623-20260926-5x,0
5to10Traces/0014.trace,8c5b9b0515e2ad14e6c8,5to10Traces,plain,5,2,OPTIMAL,0,3,1,unsat,0.42156807899982596,,7a4263d9a956b0c3054c4823924b8ad49d45d4d19722de555c20ec5515c7d8fe,,0,rq1-exact-623-20260926-5x,0
5to10Traces/0014.trace,8c5b9b0515e2ad14e6c8,5to10Traces,plain,5,2,OPTIMAL,0,3,2,unsat,3.3412900200000877,,e762d90fead9bc46508ce61a7c3f32cec19996c1abe93c733d445eb2ff863789,,0,rq1-exact-623-20260926-5x,0
5to10Traces/0014.trace,8c5b9b0515e2ad14e6c8,5to10Traces,plain,5,2,OPTIMAL,0,3,3,sat,7.066913834999923,,89fbcca606086d245f9fdbfe80468756b276d398b543f474fc9528368ecde64b,e0eb6ec82871f9e380d3e434610aed1f914faed2bcc1393ab8cb3d9cb04b242f,0,rq1-exact-623-20260926-5x,0
5to10Traces/0015.trace,8fd1b1b6e5b297a719c8,5to10Traces,plain,5,2,OPTIMAL,0,3,1,unsat,0.4479893030002131,,a7a31ea0ee3665be5e5afbfb115e7dbf78ade237d11bff2169342a4310ff6532,,0,rq1-exact-623-20260926-5x,0
5to10Traces/0015.trace,8fd1b1b6e5b297a719c8,5to10Traces,plain,5,2,OPTIMAL,0,3,2,unsat,3.6791503910003485,,f1cb0f6ed3c9bd6b2b250f34088d6d11c1d259f6ebd9fbb09b9581e590eacf92,,0,rq1-exact-623-20260926-5x,0
5to10Traces/0015.trace,8fd1b1b6e5b297a719c8,5to10Traces,plain,5,2,OPTIMAL,0,3,3,sat,7.548759104000055,,3a474fc8361a45b3635b4e864456bc66185d999edbf605d3c206cff1fe2d342a,fde27f343dd55dfb1968f1cba85fd89c2f46620b2a3dd38e4c286b3887a820f9,0,rq1-exact-623-20260926-5x,0
5to10Traces/0016.trace,da554c68b32b9016733b,5to10Traces,plain,5,2,OPTIMAL,0,3,1,unsat,0.4705615870002475,,78bb82374236982a13cd50b62db7891a091d2c00334c9afecb4adc467262fc8e,,0,rq1-exact-623-20260926-5x,0
5to10Traces/0016.trace,da554c68b32b9016733b,5to10Traces,plain,5,2,OPTIMAL,0,3,2,unsat,3.8114109559996905,,fddfc77a29d6d2fc204e859a7b767cc7a47d62e3d1bb99e8c521dfa7a28bd928,,0,rq1-exact-623-20260926-5x,0
5to10Traces/0016.trace,da554c68b32b9016733b,5to10Traces,plain,5,2,OPTIMAL,0,3,3,sat,8.045345376000114,,ccc049749cb500835b28ab03c50ebc71d7b4338bae3d38c8f263610be3088792,fde27f343dd55dfb1968f1cba85fd89c2f46620b2a3dd38e4c286b3887a820f9,0,rq1-exact-623-20260926-5x,0
5to10Traces/0017.trace,fc4f42980be3b3d61fd3,5to10Traces,plain,5,2,OPTIMAL,0,3,1,unsat,0.4844011159998445,,3264245c9846e8ae4e60c69584ba9877ac7cc455e42e12ef3acb240a922fc2ae,,0,rq1-exact-623-20260926-5x,0
5to10Traces/0017.trace,fc4f42980be3b3d61fd3,5to10Traces,plain,5,2,OPTIMAL,0,3,2,unsat,3.9592868460003956,,0ec93bca8dcdb92629d39689e4c06f6a8edbe68fcd3c47cd7be24e361c8c1203,,0,rq1-exact-623-20260926-5x,0
5to10Traces/0017.trace,fc4f42980be3b3d61fd3,5to10Traces,plain,5,2,OPTIMAL,0,3,3,sat,8.46448256099984,,52a5d5483554ae90eea76c821aa7a19b1a21e124d3fbe6078ace831072b1b1af,e0eb6ec82871f9e380d3e434610aed1f914faed2bcc1393ab8cb3d9cb04b242f,0,rq1-exact-623-20260926-5x,0
5to10Traces/0018.trace,e79e933b3389b22bf629,5to10Traces,plain,5,2,OPTIMAL,0,3,1,unsat,0.5328352999999879,,82e632cce300f2935eb5a2b36050ef5c00204561dfa911c72657fa52d9a85581,,0,rq1-exact-623-20260926-5x,0
5to10Traces/0018.trace,e79e933b3389b22bf629,5to10Traces,plain,5,2,OPTIMAL,0,3,2,unsat,4.2962918049997825,,6331ebaddc9f4cbb3c441c05774896014bf314342c0fe377dceda01bc672a8c3,,0,rq1-exact-623-20260926-5x,0
5to10Traces/0018.trace,e79e933b3389b22bf629,5to10Traces,plain,5,2,OPTIMAL,0,3,3,sat,9.23661188999995,,939d8596c96ea26b7b3ad59571da7610bc957a8e7552875595b2777851e2ec1d,e0eb6ec82871f9e380d3e434610aed1f914faed2bcc1393ab8cb3d9cb04b242f,0,rq1-exact-623-20260926-5x,0
5to10Traces/0019.trace,b9128692243b9d77b2ab,5to10Traces,plain,5,2,OPTIMAL,0,3,1,unsat,0.5720597089998591,,e850c9e786426c7237fb895de6ed68ffe87bcf4f5d718367a9539c46e8dbd678,,0,rq1-exact-623-20260926-5x,0
5to10Traces/0019.trace,b9128692243b9d77b2ab,5to10Traces,plain,5,2,OPTIMAL,0,3,2,unsat,4.727756682999825,,5acedef8ba78f71f4bbc9cbf3fc105795144855a43818008c1c2deb00c983c1d,,0,rq1-exact-623-20260926-5x,0
5to10Traces/0019.trace,b9128692243b9d77b2ab,5to10Traces,plain,5,2,OPTIMAL,0,3,3,sat,9.861314792999565,,206661aa3a98183035a5e42d83511b41f4ec7c939d04f258c4c45e47ae6a3f73,e0eb6ec82871f9e380d3e434610aed1f914faed2bcc1393ab8cb3d9cb04b242f,0,rq1-exact-623-20260926-5x,0
5to10Traces/0020.trace,150338740ebfa78a6d27,5to10Traces,plain,5,2,OPTIMAL,0,3,1,unsat,0.6099045839996506,,7c70f159d7cc068fbf0b55300d1d2aaa531d5ee7539f0860c160d1174596e686,,0,rq1-exact-623-20260926-5x,0
5to10Traces/0020.trace,150338740ebfa78a6d27,5to10Traces,plain,5,2,OPTIMAL,0,3,2,unsat,4.9099110970000766,,943c46ec8703752201ea88844a70a2f60d2ee84e3dd125a72618c3773844a213,,0,rq1-exact-623-20260926-5x,0
5to10Traces/0020.trace,150338740ebfa78a6d27,5to10Traces,plain,5,2,OPTIMAL,0,3,3,sat,10.556071920999784,,936f0aa8098b26b356f141352ad7d918621d55e51aaf9e861a67bf05f1b87d9b,e0eb6ec82871f9e380d3e434610aed1f914faed2bcc1393ab8cb3d9cb04b242f,0,rq1-exact-623-20260926-5x,0
5to10Traces/0021.trace,c240104f2d1c10377750,5to10Traces,plain,5,2,OPTIMAL,0,3,1,unsat,0.6225783149998279,,8c28dd64c5c72e787746f32dc39d93018d481e5aa239cda95074d121b535227e,,0,rq1-exact-623-20260926-5x,0
5to10Traces/0021.trace,c240104f2d1c10377750,5to10Traces,plain,5,2,OPTIMAL,0,3,2,unsat,5.162168661000123,,e1d55b0a358356f0b08f0a71a2941d520f415a0a247023184bf20abf845e6fce,,0,rq1-exact-623-20260926-5x,0
5to10Traces/0021.trace,c240104f2d1c10377750,5to10Traces,plain,5,2,OPTIMAL,0,3,3,sat,10.79300965199991,,10128e9ccf535e8d1a719e9fd05b7aa0d8fd6a3c8ab87179557941e9fe29be92,e0eb6ec82871f9e380d3e434610aed1f914faed2bcc1393ab8cb3d9cb04b242f,0,rq1-exact-623-20260926-5x,0
5to10Traces/0022.trace,09c57d5867ac07b92ed9,5to10Traces,plain,10,2,OPTIMAL,0,3,1,unsat,0.03526309700009733,,b501c42dfa701bfccb09f091b8a6631b119dd492cef4a56a0b1fccc4832bf736,,0,rq1-exact-623-20260926-5x,0
5to10Traces/0022.trace,09c57d5867ac07b92ed9,5to10Traces,plain,10,2,OPTIMAL,0,3,2,unsat,0.11137533000055555,,283c452ff9c56b5b5ab5a38b24a3a9d83e943dd816ae604a9245d616204be654,,0,rq1-exact-623-20260926-5x,0
5to10Traces/0022.trace,09c57d5867ac07b92ed9,5to10Traces,plain,10,2,OPTIMAL,0,3,3,sat,0.21570249799970043,,ef828cbc0ae3c2cfc6a5dffed1cb451fa4699948c77bf301e0323971715c2745,c34a76d063d3aa727bd22db0e7ecb47fa78db85d3cc1d51727b94a76ace291d8,0,rq1-exact-623-20260926-5x,0
5to10Traces/0023.trace,ee2baae00b06e6ae01ab,5to10Traces,plain,10,2,OPTIMAL,0,5,1,unsat,0.050578132999362424,,7baeb8d9d8e0276aa3052816cbac3fd96d8f4256049055edc450a59e4eabdd32,,0,rq1-exact-623-20260926-5x,0
5to10Traces/0023.trace,ee2baae00b06e6ae01ab,5to10Traces,plain,10,2,OPTIMAL,0,5,2,unsat,0.210373681999954,,1c8afe299131199851a9d08bae68e18d051ee16b149813cc141fdfb5155071a3,,0,rq1-exact-623-20260926-5x,0
5to10Traces/0023.trace,ee2baae00b06e6ae01ab,5to10Traces,plain,10,2,OPTIMAL,0,5,3,unsat,0.4430153219991553,,d65f76da1772d7f95a8eb8a5d87031a0f173c56ab5b847e2e1993c7a2fd82f52,,0,rq1-exact-623-20260926-5x,0
5to10Traces/0023.trace,ee2baae00b06e6ae01ab,5to10Traces,plain,10,2,OPTIMAL,0,5,4,unsat,0.794040930999472,,49a0ebad1438a29218b71f756ed364283fc5508b15e8ea7303d6356499f3dc43,,0,rq1-exact-623-20260926-5x,0
5to10Traces/0023.trace,ee2baae00b06e6ae01ab,5to10Traces,plain,10,2,OPTIMAL,0,5,5,sat,1.1062630879996505,,ef9c835e6d74c43fe57f7cd56598f6b7f805b1bbff7aced8bf9e44b2fc26c4ad,b0d20fb1cb11009f032163e53bf8a3c7f29c5495df19b62c73e4dcde641fee7e,0,rq1-exact-623-20260926-5x,0
5to10Traces/0024.trace,425c3740a42702250ec9,5to10Traces,plain,10,2,TIMEOUT,,,1,unsat,0.13520816700111027,,911bb676b65d8d1e5204151350d74e3b2c588f60d9644b685b08e99dc26d0207,,0,rq1-exact-623-20260926-5x,0
5to10Traces/0024.trace,425c3740a42702250ec9,5to10Traces,plain,10,2,TIMEOUT,,,2,unsat,0.7169864299976325,,f804e6168f42cd8f4225bcdc5e0b4737ce5836aa9c353bad07af74b642aad829,,0,rq1-exact-623-20260926-5x,0
5to10Traces/0024.trace,425c3740a42702250ec9,5to10Traces,plain,10,2,TIMEOUT,,,3,unsat,1.5658960950022447,,b90dec5a6289478cfc06e0c85eb489f70cc3e85ea4ac37b099003b836b319256,,0,rq1-exact-623-20260926-5x,0
5to10Traces/0024.trace,425c3740a42702250ec9,5to10Traces,plain,10,2,TIMEOUT,,,4,unsat,3.162928343997919,,f860f3f50efc34e694a7dae13584016c9c6f8b7d45ba4b90ed3a718dd413c452,,0,rq1-exact-623-20260926-5x,0
5to10Traces/0024.trace,425c3740a42702250ec9,5to10Traces,plain,10,2,TIMEOUT,,,5,unsat,12.596494597000856,,c7fb419282ac716fbe937ecb2cdeb142bdeb93d6ee0abeb1f7b991c5467ed297,,0,rq1-exact-623-20260926-5x,0
5to10Traces/0024.trace,425c3740a42702250ec9,5to10Traces,plain,10,2,TIMEOUT,,,6,unsat,64.86011921799945,,b39887880bfa24e60b6cfb9a85a0f8ae2e74ae0917a7da210944a838dfddb08b,,0,rq1-exact-623-20260926-5x,0
5to10Traces/0024.trace,425c3740a42702250ec9,5to10Traces,plain,10,2,TIMEOUT,,,7,unsat,639.8691453469983,,ccbfd3f29d7acc91039b293734f07f66844930fac32f3ffc2c0f10442fe8d8ea,,0,rq1-exact-623-20260926-5x,0
5to10Traces/0024.trace,425c3740a42702250ec9,5to10Traces,plain,10,2,TIMEOUT,,,8,unknown,1506.8092345389996,timeout,99129b675ac0a5f42466e298625c98c5d21866996ec4693c900dd53dae373d9e,,0,rq1-exact-623-20260926-5x,0
5to10Traces/0025.trace,7bed5c9b85e434c7744e,5to10Traces,plain,10,2,TIMEOUT,,,1,unsat,0.25181684700146434,,cbfcb419dbb3bf8e87f0299305016ef8c27f5fd7426c57e2386e62299ee6bdb2,,0,rq1-exact-623-20260926-5x,0
5to10Traces/0025.trace,7bed5c9b85e434c7744e,5to10Traces,plain,10,2,TIMEOUT,,,2,unsat,1.4952336509995803,,7df0d1e1051e10228133f2ca7a7c16d1a676f525eecb28b21e5df6f035405499,,0,rq1-exact-623-20260926-5x,0
5to10Traces/0025.trace,7bed5c9b85e434c7744e,5to10Traces,plain,10,2,TIMEOUT,,,3,unsat,3.6349575860003824,,60877681873687da4d2dbdd7aa2b0b580db89fc86572b52eda4ea35a0c166f13,,0,rq1-exact-623-20260926-5x,0
5to10Traces/0025.trace,7bed5c9b85e434c7744e,5to10Traces,plain,10,2,TIMEOUT,,,4,unsat,7.186859720997745,,c9e8023769ee96e3e7db9f3f9934710b576414218e0dfc3f38842050148c9815,,0,rq1-exact-623-20260926-5x,0
5to10Traces/0025.trace,7bed5c9b85e434c7744e,5to10Traces,plain,10,2,TIMEOUT,,,5,unsat,29.20836473700183,,7eef1b329db6943c046b8320077f51533c4e65941ef70a9df93861a7f85eb637,,0,rq1-exact-623-20260926-5x,0
5to10Traces/0025.trace,7bed5c9b85e434c7744e,5to10Traces,plain,10,2,TIMEOUT,,,6,unsat,168.43704607300242,,fd47f045bca079fb57e0baa9e479c4d795274e109075b271ab094d7386d40f8c,,0,rq1-exact-623-20260926-5x,0
5to10Traces/0025.trace,7bed5c9b85e434c7744e,5to10Traces,plain,10,2,TIMEOUT,,,7,unknown,1511.1003250870017,timeout,84127a8f8747d9894bdf55b41351d0aca41fbd8200a9f9cc4fc45fdeca5c9dab,,0,rq1-exact-623-20260926-5x,0
5to10Traces/0026.trace,acf0474c349a687cabdf,5to10Traces,plain,10,2,TIMEOUT,,,1,unsat,0.24799843700020574,,71954d4468216d216639ea8ef3376badfaacbab6cf7afe3e9a005a1713cebf61,,0,rq1-exact-623-20260926-5x,0
5to10Traces/0026.trace,acf0474c349a687cabdf,5to10Traces,plain,10,2,TIMEOUT,,,2,unsat,1.4542445830011275,,2dfba0853f7ccbbd64f0af8bd12921aea593a4113c397a2896decea296ac2a47,,0,rq1-exact-623-20260926-5x,0
5to10Traces/0026.trace,acf0474c349a687cabdf,5to10Traces,plain,10,2,TIMEOUT,,,3,unsat,3.2414154569996754,,c23fa76000a88fcfd7d4c93881db498b36eb842bb813c0f9690fdce421ecd65d,,0,rq1-exact-623-20260926-5x,0
5to10Traces/0026.trace,acf0474c349a687cabdf,5to10Traces,plain,10,2,TIMEOUT,,,4,unsat,7.10319961100322,,80067bc67abf21f33cd7919dfa403bba27a46d6ccd6d9312b7108ddc88c99577,,0,rq1-exact-623-20260926-5x,0
5to10Traces/0026.trace,acf0474c349a687cabdf,5to10Traces,plain,10,2,TIMEOUT,,,5,unsat,25.57977198200024,,96cd7f561f51835587d5278aa83b449170459a949fc69715fda01d118ccc4ff9,,0,rq1-exact-623-20260926-5x,0
5to10Traces/0026.trace,acf0474c349a687cabdf,5to10Traces,plain,10,2,TIMEOUT,,,6,unsat,156.92784595799822,,b07a9b3561b6058af556794a33530aeacacc2ffeae3cd56d18ed4643e13f4fe0,,0,rq1-exact-623-20260926-5x,0
5to10Traces/0026.trace,acf0474c349a687cabdf,5to10Traces,plain,10,2,TIMEOUT,,,7,unsat,1467.5499169239993,,8f3e4b828362affeba259ab7c8760fbe5eeef51b96145ebc86af5a34f2ed3838,,0,rq1-exact-623-20260926-5x,0
5to10Traces/0026.trace,acf0474c349a687cabdf,5to10Traces,plain,10,2,TIMEOUT,,,8,unknown,1513.7337827619995,timeout,0d80abd426f606c492193db983dcbdcf0eca0a7be20f650a78c5c31a3a2056a9,,0,rq1-exact-623-20260926-5x,0
5to10Traces/0027.trace,b4c12816284e431368db,5to10Traces,plain,10,2,TIMEOUT,,,1,unsat,0.4817476880016329,,e46ccf038c03bf1484f6eea00021ac0fac2191c7107e9533db893ab4ba62ef62,,0,rq1-exact-623-20260926-5x,0
5to10Traces/0027.trace,b4c12816284e431368db,5to10Traces,plain,10,2,TIMEOUT,,,2,unsat,3.023775116998877,,be169bf65c574c84f88fbf9d9bd7a2656d5112135df621bde01be99bf4606059,,0,rq1-exact-623-20260926-5x,0
5to10Traces/0027.trace,b4c12816284e431368db,5to10Traces,plain,10,2,TIMEOUT,,,3,unsat,6.843329196002742,,a9bb0e379b66de8b372bd8ba06b2185d9dbf628f2dd2d5699db8844b1b5987b7,,0,rq1-exact-623-20260926-5x,0
5to10Traces/0027.trace,b4c12816284e431368db,5to10Traces,plain,10,2,TIMEOUT,,,4,unsat,15.250403073998314,,cc8e161c20e27890eb9f0700a5b052bddf4769c2e9d31a3d8ca9d20447d2ef87,,0,rq1-exact-623-20260926-5x,0
5to10Traces/0027.trace,b4c12816284e431368db,5to10Traces,plain,10,2,TIMEOUT,,,5,unsat,59.912290483000106,,d624b79b0d53d7fb962d18d69a46e9256abd6f4855b68fdbaf0fdf261f9f05fa,,0,rq1-exact-623-20260926-5x,0
5to10Traces/0027.trace,b4c12816284e431368db,5to10Traces,plain,10,2,TIMEOUT,,,6,unsat,445.75642802100265,,bbe80e7aa85e9b34ce9124ebecd9156ba4d467079e683121a89389b41cae4763,,0,rq1-exact-623-20260926-5x,0
5to10Traces/0027.trace,b4c12816284e431368db,5to10Traces,plain,10,2,TIMEOUT,,,7,unknown,1522.3292448189968,timeout,6fda42d57d4d4c90d5441fabfe7a3439dab70da6a1064de5c7f8c213ca9b61d1,,0,rq1-exact-623-20260926-5x,0
5to10Traces/0028.trace,989d6ebd9cc3c2d86f98,5to10Traces,plain,10,2,TIMEOUT,,,1,unsat,0.3616195009999501,,7537c17fde59ee48e74e3c62ca65cd343b817be89bccfad02385837a355724be,,0,rq1-exact-623-20260926-5x,0
5to10Traces/0028.trace,989d6ebd9cc3c2d86f98,5to10Traces,plain,10,2,TIMEOUT,,,2,unsat,2.234538811000675,,5cd1d26ff8d4daab41fbabd3c2efb696945dbab94612700cc6e9ecaefdcb5965,,0,rq1-exact-623-20260926-5x,0
5to10Traces/0028.trace,989d6ebd9cc3c2d86f98,5to10Traces,plain,10,2,TIMEOUT,,,3,unsat,5.040522385999793,,b942c674c819e9de4dc94b2156208852326ae1a956b45477b8ee386da21a3370,,0,rq1-exact-623-20260926-5x,0
5to10Traces/0028.trace,989d6ebd9cc3c2d86f98,5to10Traces,plain,10,2,TIMEOUT,,,4,unsat,11.143335481003305,,44ac8ae32e9a4c346c92fa01db7161dca1fe16e874416b21984ba5f321db5c14,,0,rq1-exact-623-20260926-5x,0
5to10Traces/0028.trace,989d6ebd9cc3c2d86f98,5to10Traces,plain,10,2,TIMEOUT,,,5,unsat,44.33018421599991,,090632e426e6f617fd50d811849856927a12a201bb312d68bb27be0bc85b8a85,,0,rq1-exact-623-20260926-5x,0
5to10Traces/0028.trace,989d6ebd9cc3c2d86f98,5to10Traces,plain,10,2,TIMEOUT,,,6,unsat,269.68784681300167,,85ff078234560a092349de41075633357cc012865d34dd3c35552a00effa5db2,,0,rq1-exact-623-20260926-5x,0
5to10Traces/0028.trace,989d6ebd9cc3c2d86f98,5to10Traces,plain,10,2,TIMEOUT,,,7,unknown,1516.4603944439987,timeout,5da80a822b168e3a379873e47ccf8f1964df76cbbc817ec96604fc546dff0f3d,,0,rq1-exact-623-20260926-5x,0
5to10Traces/0029.trace,197399f6380e37827dd0,5to10Traces,plain,10,2,TIMEOUT,,,1,unsat,0.7140648710010282,,fe6597731c0b77658677e5561f37ffc7827fae9b6062b30f1416e875e9a427aa,,0,rq1-exact-623-20260926-5x,0
5to10Traces/0029.trace,197399f6380e37827dd0,5to10Traces,plain,10,2,TIMEOUT,,,2,unsat,4.588226736999786,,82cf9609e62606f61f30d33109d002bbbb4379ddf5bcbe2c34bdd1d5fa1f653b,,0,rq1-exact-623-20260926-5x,0
5to10Traces/0029.trace,197399f6380e37827dd0,5to10Traces,plain,10,2,TIMEOUT,,,3,unsat,10.441068038002413,,6148f23dc9db648bd48add6a937c0a4a7d49338a9624a78cea27aa08821e7366,,0,rq1-exact-623-20260926-5x,0
5to10Traces/0029.trace,197399f6380e37827dd0,5to10Traces,plain,10,2,TIMEOUT,,,4,unsat,24.416483117001917,,d9ddc47caef861c7556ab3fe6c5ed68556b1143995a8cb7b1e8f265ef0130750,,0,rq1-exact-623-20260926-5x,0
5to10Traces/0029.trace,197399f6380e37827dd0,5to10Traces,plain,10,2,TIMEOUT,,,5,unsat,78.5681079720016,,01138026ee1aed9685cc12e0f8570b451f57889030298c985afea8575421e2db,,0,rq1-exact-623-20260926-5x,0
5to10Traces/0029.trace,197399f6380e37827dd0,5to10Traces,plain,10,2,TIMEOUT,,,6,unsat,643.6265894169992,,1b982ebc2396c19157bedfdf750d7cc292903224a09b213a44cb673d2620d6f9,,0,rq1-exact-623-20260926-5x,0
5to10Traces/0029.trace,197399f6380e37827dd0,5to10Traces,plain,10,2,TIMEOUT,,,7,unknown,1533.3724366339993,timeout,3663de139b8f5c132299beb7c58dc696ec80f70bcca2730810899e7664dba8ea,,0,rq1-exact-623-20260926-5x,0
5to10Traces/0030.trace,367eb7a8fe42178b329a,5to10Traces,plain,10,2,TIMEOUT,,,1,unsat,0.5697086580003088,,f0a418cf9d6ed5393a6ce68cbad480f45494f2b6b11b96333823ee804d67c4b6,,0,rq1-exact-623-20260926-5x,0
5to10Traces/0030.trace,367eb7a8fe42178b329a,5to10Traces,plain,10,2,TIMEOUT,,,2,unsat,3.4398487569997087,,d823af90ed232eb7511c3c5eeab9b60b4733ccfa638158c77a9a05c232242dc0,,0,rq1-exact-623-20260926-5x,0
5to10Traces/0030.trace,367eb7a8fe42178b329a,5to10Traces,plain,10,2,TIMEOUT,,,3,unsat,7.309914325000136,,1eb8ea5b5100afb35afc9e19a315256261de03607b8b33244cf99d6c78ffb787,,0,rq1-exact-623-20260926-5x,0
5to10Traces/0030.trace,367eb7a8fe42178b329a,5to10Traces,plain,10,2,TIMEOUT,,,4,unsat,14.51267781900242,,e7f830ffbd80e072bf80652089e7d70f68984e8f0069bfdbe40d346a1ddea906,,0,rq1-exact-623-20260926-5x,0
5to10Traces/0030.trace,367eb7a8fe42178b329a,5to10Traces,plain,10,2,TIMEOUT,,,5,unsat,49.92389655000079,,b111159190eda16905ed16f85854e6c9155a982e981fe95a084fee6351ed9485,,0,rq1-exact-623-20260926-5x,0
5to10Traces/0030.trace,367eb7a8fe42178b329a,5to10Traces,plain,10,2,TIMEOUT,,,6,unsat,500.2512475259973,,35fb0f24c53a6d372a00b2155395dfc1d0449c6e97b0db556fda0f314da821e5,,0,rq1-exact-623-20260926-5x,0
5to10Traces/0030.trace,367eb7a8fe42178b329a,5to10Traces,plain,10,2,TIMEOUT,,,7,unknown,1522.1028479649976,timeout,87066efb9e5940cc8d839ba8f7ade1c10521f1e44f5d4523285abe0c95e30494,,0,rq1-exact-623-20260926-5x,0
5to10Traces/0031.trace,aeb8390cd26b98245669,5to10Traces,plain,10,2,TIMEOUT,,,1,unsat,0.9448050270002568,,392f19e51b982db710ed11382136cc600ff345c88a6765ba7b607433ed804e1c,,0,rq1-exact-623-20260926-5x,0
5to10Traces/0031.trace,aeb8390cd26b98245669,5to10Traces,plain,10,2,TIMEOUT,,,2,unsat,6.122449794998829,,4efddf463f8c83cf384986f4ec8c3b3e25d3722ed100eb8fa7475a8457d59242,,0,rq1-exact-623-20260926-5x,0
5to10Traces/0031.trace,aeb8390cd26b98245669,5to10Traces,plain,10,2,TIMEOUT,,,3,unsat,13.527790289001132,,3f95d9c8d8c75b5fd561939931cb74c8e7f3d289d9643546b1732e0b91865a6d,,0,rq1-exact-623-20260926-5x,0
5to10Traces/0031.trace,aeb8390cd26b98245669,5to10Traces,plain,10,2,TIMEOUT,,,4,unsat,42.57834570100022,,8a6f76b816e10e8793e9bad1400a2ffd2907b0028834697594b061b379632437,,0,rq1-exact-623-20260926-5x,0
5to10Traces/0031.trace,aeb8390cd26b98245669,5to10Traces,plain,10,2,TIMEOUT,,,5,unsat,123.05678950900256,,50796b5322980c4baa86d9af2c7d6d40b59dc1598e7a080c64ec8ce735625517,,0,rq1-exact-623-20260926-5x,0
5to10Traces/0031.trace,aeb8390cd26b98245669,5to10Traces,plain,10,2,TIMEOUT,,,6,unsat,1281.3492283970008,,ff71ff8a8f0be874e50130b985a25ceb4c3624495abcae27c222a8477a40ea8b,,0,rq1-exact-623-20260926-5x,0
5to10Traces/0031.trace,aeb8390cd26b98245669,5to10Traces,plain,10,2,TIMEOUT,,,7,unknown,1544.4151723369978,timeout,4a12fb6cfe6c8768a6e694b2835c34b5e22d76fe986fe76e99eb44ace8d07390,,0,rq1-exact-623-20260926-5x,0
5to10Traces/0032.trace,16158fd11cf2e8a92717,5to10Traces,plain,10,2,TIMEOUT,,,1,unsat,0.6050089139971533,,97af1e36eec6d06a6c891f001e89a88a67b6bbd7d02fc176bdb039acd2f1e22f,,0,rq1-exact-623-20260926-5x,0
5to10Traces/0032.trace,16158fd11cf2e8a92717,5to10Traces,plain,10,2,TIMEOUT,,,2,unsat,3.817273460001161,,199a5e27bf414d891f399cb25f018b70bdcab2247b2dd9ad812bdaa2989e53f5,,0,rq1-exact-623-20260926-5x,0
5to10Traces/0032.trace,16158fd11cf2e8a92717,5to10Traces,plain,10,2,TIMEOUT,,,3,unsat,8.591006788999948,,d5eebfe96dba9d7c67743d2e39419db800d182b54d3f49f0fcb93a29fd49b1ee,,0,rq1-exact-623-20260926-5x,0
5to10Traces/0032.trace,16158fd11cf2e8a92717,5to10Traces,plain,10,2,TIMEOUT,,,4,unsat,19.12220146999971,,77903e61f6d59cac151cd99631aa5849f264d6472d5d5d3cb8548d9a87dd4347,,0,rq1-exact-623-20260926-5x,0
5to10Traces/0032.trace,16158fd11cf2e8a92717,5to10Traces,plain,10,2,TIMEOUT,,,5,unsat,76.36106629599817,,64e80bcf0d5e666f7e22b646d151eaa25121873f7fc8d1bada410cc38088baec,,0,rq1-exact-623-20260926-5x,0
5to10Traces/0032.trace,16158fd11cf2e8a92717,5to10Traces,plain,10,2,TIMEOUT,,,6,unsat,479.33279499499986,,4fb4b16516d0562bbd4fa058259c6de250d365742a352894113e8abf7cab1aa6,,0,rq1-exact-623-20260926-5x,0
5to10Traces/0032.trace,16158fd11cf2e8a92717,5to10Traces,plain,10,2,TIMEOUT,,,7,unknown,1527.6366652330034,timeout,ef94bfe0a79a0ef0775d7fa5736e6e2ecdf0244c77929d885dcd82567fc4389b,,0,rq1-exact-623-20260926-5x,0
5to10Traces/0033.trace,a3d82e325dbd07a12087,5to10Traces,plain,10,2,TIMEOUT,,,1,unsat,1.1626787660025002,,2fed83bd6ded570fffe576f88c567f3eae7920198596b55cd1f9d0ce67dcb5ca,,0,rq1-exact-623-20260926-5x,0
5to10Traces/0033.trace,a3d82e325dbd07a12087,5to10Traces,plain,10,2,TIMEOUT,,,2,unsat,7.6457546159981575,,861de6b285ac9c13c8d822a23256cf15b3b9a831f15e275da29371d8fc10d34c,,0,rq1-exact-623-20260926-5x,0
5to10Traces/0033.trace,a3d82e325dbd07a12087,5to10Traces,plain,10,2,TIMEOUT,,,3,unsat,17.00213927799996,,b26fa19bb5e4adf41592fcf8dd83af98a32ad9a934c5d6bdfcc4a789bad7105f,,0,rq1-exact-623-20260926-5x,0
5to10Traces/0033.trace,a3d82e325dbd07a12087,5to10Traces,plain,10,2,TIMEOUT,,,4,unsat,39.43150295400119,,60a33fa668352d96f59d6c06d0e6fb20b8dd82446e26ba25b9e02bff574a4982,,0,rq1-exact-623-20260926-5x,0
5to10Traces/0033.trace,a3d82e325dbd07a12087,5to10Traces,plain,10,2,TIMEOUT,,,5,unsat,195.92844813600095,,6fd6ba69746e0484c81d30ee2b0b0f526ec0e49fb61eb1a5c11112843b1164e9,,0,rq1-exact-623-20260926-5x,0
5to10Traces/0033.trace,a3d82e325dbd07a12087,5to10Traces,plain,10,2,TIMEOUT,,,6,unsat,1333.502245972999,,13dc75d48d8dc962a7fb67c19e7863e92878015f9d9915c93de2bd235a3a533f,,0,rq1-exact-623-20260926-5x,0
5to10Traces/0033.trace,a3d82e325dbd07a12087,5to10Traces,plain,10,2,TIMEOUT,,,7,unknown,1556.2328256940018,timeout,455006792490b8568743d9f1c587d6c1464c23d48ffa3996c709a49603fe6b67,,0,rq1-exact-623-20260926-5x,0
5to10Traces/0034.trace,a966f1229194d6e6ccb9,5to10Traces,plain,10,2,TIMEOUT,,,1,unsat,0.718646802000876,,9f41e7e12d13d04f87bfbaaf42255b9b025883787dd70f1991164aca9942e08b,,0,rq1-exact-623-20260926-5x,0
5to10Traces/0034.trace,a966f1229194d6e6ccb9,5to10Traces,plain,10,2,TIMEOUT,,,2,unsat,4.556673266000871,,fb4be0763d604612a82685d72d74726e0335755cfd47e3bf54595796bd566825,,0,rq1-exact-623-20260926-5x,0
5to10Traces/0034.trace,a966f1229194d6e6ccb9,5to10Traces,plain,10,2,TIMEOUT,,,3,unsat,10.300955628001248,,3d6b3a7fd1d6e50c9d6461b65cabd2f4404f929ba9f540f91530d8af165c1dc6,,0,rq1-exact-623-20260926-5x,0
5to10Traces/0034.trace,a966f1229194d6e6ccb9,5to10Traces,plain,10,2,TIMEOUT,,,4,unsat,24.265604980999342,,8cf80553c1b1a0ce45d5d644107136c6ead6205ca435a21634de7760d9401670,,0,rq1-exact-623-20260926-5x,0
5to10Traces/0034.trace,a966f1229194d6e6ccb9,5to10Traces,plain,10,2,TIMEOUT,,,5,unsat,86.35524124899894,,003c6b263185d8fa8006b28e64d7d7c6f6991a4a57ca470041879275600dce5f,,0,rq1-exact-623-20260926-5x,0
5to10Traces/0034.trace,a966f1229194d6e6ccb9,5to10Traces,plain,10,2,TIMEOUT,,,6,unsat,676.2627170980013,,36826b96e36be423c402a70663904ea62a83d107ccbbedf59b140072cccb3a74,,0,rq1-exact-623-20260926-5x,0
5to10Traces/0034.trace,a966f1229194d6e6ccb9,5to10Traces,plain,10,2,TIMEOUT,,,7,unknown,1533.266230983998,timeout,31939bf5f6e44d825f337ccdcdcdf81239cfccdfd19d7a012d927e4b3a1bb987,,0,rq1-exact-623-20260926-5x,0
5to10Traces/0035.trace,98359dad407d6e583d2c,5to10Traces,plain,10,2,TIMEOUT,,,1,unsat,1.437313473001268,,b923edc9d091bf3e96df5f10cc7c819d7a5dbb3198145039b3442c291e6a31a5,,0,rq1-exact-623-20260926-5x,0
5to10Traces/0035.trace,98359dad407d6e583d2c,5to10Traces,plain,10,2,TIMEOUT,,,2,unsat,9.397774392000429,,a08490d9d3bf26115c4a8057f9c86e1f057a5da49d0a324cd51f81355110bff7,,0,rq1-exact-623-20260926-5x,0
5to10Traces/0035.trace,98359dad407d6e583d2c,5to10Traces,plain,10,2,TIMEOUT,,,3,unsat,21.9114686110006,,1eb8653ec31ca8d12cbe4b93e376593ddaa47120ec1becdb2c56132b6db587e2,,0,rq1-exact-623-20260926-5x,0
5to10Traces/0035.trace,98359dad407d6e583d2c,5to10Traces,plain,10,2,TIMEOUT,,,4,unsat,53.067455234999215,,47d4fc712596b0728c2157159cfd562ade4e7cd6bdadf183beb1ae17b2dd2690,,0,rq1-exact-623-20260926-5x,0
5to10Traces/0035.trace,98359dad407d6e583d2c,5to10Traces,plain,10,2,TIMEOUT,,,5,unsat,235.30131664999863,,be69bb80e3be401b18a3cf8606f19bd2a882d64267ae6b8caf6627a7b2045cd3,,0,rq1-exact-623-20260926-5x,0
5to10Traces/0035.trace,98359dad407d6e583d2c,5to10Traces,plain,10,2,TIMEOUT,,,6,unknown,1553.325300089,timeout,c6d5cb28f9c088a9fae4fbad464070fa2f21db0fb4fe06cff2922933ed964106,,0,rq1-exact-623-20260926-5x,0
5to10Traces/0036.trace,53d997f3c98be7a69aec,5to10Traces,plain,10,2,TIMEOUT,,,1,unsat,0.844648269998288,,a48070e7e9a32341a32d57ceeb1158df6d27d46bc378d3de75383e3c5d870e45,,0,rq1-exact-623-20260926-5x,0
5to10Traces/0036.trace,53d997f3c98be7a69aec,5to10Traces,plain,10,2,TIMEOUT,,,2,unsat,5.409792313002981,,7d43c37a02952549b2e68744b2ffd08312657eb26e849cab1b87838b9fc6a4c4,,0,rq1-exact-623-20260926-5x,0
5to10Traces/0036.trace,53d997f3c98be7a69aec,5to10Traces,plain,10,2,TIMEOUT,,,3,unsat,12.267851748001704,,788777ed05266a2c527b2bef65b3ee9f1e7db039c5514e7a593e251714599d3e,,0,rq1-exact-623-20260926-5x,0
5to10Traces/0036.trace,53d997f3c98be7a69aec,5to10Traces,plain,10,2,TIMEOUT,,,4,unsat,28.881323712001176,,f1d13827a016e27e1d3eed36e12b8067e294295d42323f58ff6caa056f2af4ef,,0,rq1-exact-623-20260926-5x,0
5to10Traces/0036.trace,53d997f3c98be7a69aec,5to10Traces,plain,10,2,TIMEOUT,,,5,unsat,118.09993980599756,,13f1f814bfdfd7a57b772188a384e85c069da4049541c2fcefc8d8f383bd9590,,0,rq1-exact-623-20260926-5x,0
5to10Traces/0036.trace,53d997f3c98be7a69aec,5to10Traces,plain,10,2,TIMEOUT,,,6,unsat,782.9177557410003,,f5f38010d51bb613067922439a41958568d5dfb459cd7824fd20803c6a038aff,,0,rq1-exact-623-20260926-5x,0
5to10Traces/0036.trace,53d997f3c98be7a69aec,5to10Traces,plain,10,2,TIMEOUT,,,7,unknown,1539.2892928500005,timeout,38e8b30de78b685f5e339eaa756253e7c9c1550e732ab296b2ecba4e80d95e5e,,0,rq1-exact-623-20260926-5x,0
5to10Traces/0037.trace,67941091c1c8cd3753c0,5to10Traces,plain,10,2,TIMEOUT,,,1,unsat,1.6519960680016084,,e9e7eeb87ebfaa22fb296af168a5a9999b9e450e55bbaf8788160af71299c722,,0,rq1-exact-623-20260926-5x,0
5to10Traces/0037.trace,67941091c1c8cd3753c0,5to10Traces,plain,10,2,TIMEOUT,,,2,unsat,10.920989943999302,,d8f54ace180ed44c20cf95d2b582e15cd980683ceb5ed05d89528b6d6450bd08,,0,rq1-exact-623-20260926-5x,0
5to10Traces/0037.trace,67941091c1c8cd3753c0,5to10Traces,plain,10,2,TIMEOUT,,,3,unsat,24.692812825000146,,8fa0af02c64114fab30270e9af7866e8ef25e042e84b38db6209309e11029e1c,,0,rq1-exact-623-20260926-5x,0
5to10Traces/0037.trace,67941091c1c8cd3753c0,5to10Traces,plain,10,2,TIMEOUT,,,4,unsat,59.300775613999576,,3714bb01960e8dabb3f8552e9ae56a2c05b7823414abdcf8d75e9457c2d95b72,,0,rq1-exact-623-20260926-5x,0
5to10Traces/0037.trace,67941091c1c8cd3753c0,5to10Traces,plain,10,2,TIMEOUT,,,5,unsat,256.38112982000166,,7e6d9cbfd90464ae09f0165e19d13ca8df2d99f160e5478cdda69239868873ba,,0,rq1-exact-623-20260926-5x,0
5to10Traces/0037.trace,67941091c1c8cd3753c0,5to10Traces,plain,10,2,TIMEOUT,,,6,unknown,1561.549899421003,timeout,1deda9698a7979dba2742a9d0c1e24cc6b20f192ae4befe096ecb3163dc6933a,,0,rq1-exact-623-20260926-5x,0
5to10Traces/0038.trace,3007e67cf87893d40cab,5to10Traces,plain,10,2,TIMEOUT,,,1,unsat,0.9592848770007549,,c8f31cf4c6afe34116dcc44b4014ffa47102b58156c7e1c875bf1f85808c4cb1,,0,rq1-exact-623-20260926-5x,0
5to10Traces/0038.trace,3007e67cf87893d40cab,5to10Traces,plain,10,2,TIMEOUT,,,2,unsat,6.156551091000438,,b036baa5d4a62589acda8f9adb3f4f35e6ce29aa42fb4810615a456490bd48f5,,0,rq1-exact-623-20260926-5x,0
5to10Traces/0038.trace,3007e67cf87893d40cab,5to10Traces,plain,10,2,TIMEOUT,,,3,unsat,13.82546835500034,,10e4d9b540810cdf0e87490552d24226a235b50cb7b100f97d268a5a75975840,,0,rq1-exact-623-20260926-5x,0
5to10Traces/0038.trace,3007e67cf87893d40cab,5to10Traces,plain,10,2,TIMEOUT,,,4,unsat,33.56028199899811,,793b8051fdad1a5a643e48c036160fc88f8c2f881f7663c753c9966fbf5f9fc5,,0,rq1-exact-623-20260926-5x,0
5to10Traces/0038.trace,3007e67cf87893d40cab,5to10Traces,plain,10,2,TIMEOUT,,,5,unsat,157.7262797939984,,4799b5ffd1d7fe7670943c547e10587e798ca7d420eb9aca3104f7b5d57c753b,,0,rq1-exact-623-20260926-5x,0
5to10Traces/0038.trace,3007e67cf87893d40cab,5to10Traces,plain,10,2,TIMEOUT,,,6,unsat,885.7106668099987,,0ee776fcc27b0d43b9ce8eb4989c6fb7af9faa00f89da5289de4f2f97283d745,,0,rq1-exact-623-20260926-5x,0
5to10Traces/0038.trace,3007e67cf87893d40cab,5to10Traces,plain,10,2,TIMEOUT,,,7,unknown,1545.2728705619993,timeout,ce5a00c5a001abc3ec9712ca14f214891fdaf970f5f07b5fffb6c6654a625e8f,,0,rq1-exact-623-20260926-5x,0
5to10Traces/0039.trace,bdb305f4151580fb431d,5to10Traces,plain,10,2,TIMEOUT,,,1,unsat,1.8602716790010163,,1cb34f6f55f7ff6d7ba0fff72ec97deae762e6261eb0a4be4f19632544ce233e,,0,rq1-exact-623-20260926-5x,0
5to10Traces/0039.trace,bdb305f4151580fb431d,5to10Traces,plain,10,2,TIMEOUT,,,2,unsat,12.329557053999451,,50d2d5584c822afcaecbe63f78b7c22853208181372cccbce233c5305b060ff5,,0,rq1-exact-623-20260926-5x,0
5to10Traces/0039.trace,bdb305f4151580fb431d,5to10Traces,plain,10,2,TIMEOUT,,,3,unsat,28.10170785399896,,f16db8278b8d4d7c4d8feb0e897a867dff331ef9660f7728055d030a054cfad7,,0,rq1-exact-623-20260926-5x,0
5to10Traces/0039.trace,bdb305f4151580fb431d,5to10Traces,plain,10,2,TIMEOUT,,,4,unsat,66.90104761099792,,b5368f63038fa39e98e009d77ee66d6e5f2b73b8613dcce2f3d3c970dc3e23e1,,0,rq1-exact-623-20260926-5x,0
5to10Traces/0039.trace,bdb305f4151580fb431d,5to10Traces,plain,10,2,TIMEOUT,,,5,unsat,266.50635640399923,,19114a264b25f7dcd3ae20f4b09c758ad38b5d49dc27fb5449a67e8df3f898e9,,0,rq1-exact-623-20260926-5x,0
5to10Traces/0039.trace,bdb305f4151580fb431d,5to10Traces,plain,10,2,TIMEOUT,,,6,unknown,1577.4112303449983,timeout,02cbed7a312e6298e65ae2d4cb1fae663cd548956ffd0d697b28341439aae55c,,0,rq1-exact-623-20260926-5x,0
5to10Traces/0040.trace,52dee0a2e5fb905d65de,5to10Traces,plain,10,2,TIMEOUT,,,1,unsat,1.0601271339983214,,d3f7305cdf79ee08c67e2ad58a5d9f428e27915886c389d1ba2693fe74886bec,,0,rq1-exact-623-20260926-5x,0
5to10Traces/0040.trace,52dee0a2e5fb905d65de,5to10Traces,plain,10,2,TIMEOUT,,,2,unsat,6.79688356999759,,2470314ed34e3376b14051f895153f43d4f5e4ac6c5a33e7b834dfb3bf8d895b,,0,rq1-exact-623-20260926-5x,0
5to10Traces/0040.trace,52dee0a2e5fb905d65de,5to10Traces,plain,10,2,TIMEOUT,,,3,unsat,15.02400527699865,,cfdf2493dfece5b12cde10f029ab33e25d1f4122cb57064d9b6925adfe9c6a71,,0,rq1-exact-623-20260926-5x,0
5to10Traces/0040.trace,52dee0a2e5fb905d65de,5to10Traces,plain,10,2,TIMEOUT,,,4,unsat,37.52051411700086,,a9ca33c916690b5e5564fe22b7e8d6596d4fb234d827e902a866741d9e9c0145,,0,rq1-exact-623-20260926-5x,0
5to10Traces/0040.trace,52dee0a2e5fb905d65de,5to10Traces,plain,10,2,TIMEOUT,,,5,unsat,116.65029190800124,,2da1dd576132c3c7a787d4177533adc119920004150f6cdc722295f598f2176b,,0,rq1-exact-623-20260926-5x,0
5to10Traces/0040.trace,52dee0a2e5fb905d65de,5to10Traces,plain,10,2,TIMEOUT,,,6,unsat,1047.7571129019998,,7ba7ff9ecdea73e54429e16da5d6008528e4745f274d885b4f0732405aefceb9,,0,rq1-exact-623-20260926-5x,0
5to10Traces/0040.trace,52dee0a2e5fb905d65de,5to10Traces,plain,10,2,TIMEOUT,,,7,unknown,1550.6364660450017,timeout,fbde5fe63c8e1619c9893e4b8fe9d9ea449c620451bc9f5f275a729505b1db59,,0,rq1-exact-623-20260926-5x,0
5to10Traces/0041.trace,aac023994ecfdbc55dae,5to10Traces,plain,10,2,TIMEOUT,,,1,unsat,2.1166819219979516,,970da8f3dd8073fe8e82e6e0d3448dee93222918b67f981f7bf14a3430a0f070,,0,rq1-exact-623-20260926-5x,0
5to10Traces/0041.trace,aac023994ecfdbc55dae,5to10Traces,plain,10,2,TIMEOUT,,,2,unsat,13.89998532699974,,26fd8646f26b1534638e82a1c3ed73a9ceefd97bf0c0211781fbade0810c0d47,,0,rq1-exact-623-20260926-5x,0
5to10Traces/0041.trace,aac023994ecfdbc55dae,5to10Traces,plain,10,2,TIMEOUT,,,3,unsat,31.40753488900009,,e3025e2e3ceb3a66ee1b41de9874c1a19465f67bff645556ddca213c05217355,,0,rq1-exact-623-20260926-5x,0
5to10Traces/0041.trace,aac023994ecfdbc55dae,5to10Traces,plain,10,2,TIMEOUT,,,4,unsat,75.96683549099907,,0e1943a98b5649b16c0b3cc4abf66ab3afff045051c828ff7f6b76423464c131,,0,rq1-exact-623-20260926-5x,0
5to10Traces/0041.trace,aac023994ecfdbc55dae,5to10Traces,plain,10,2,TIMEOUT,,,5,unsat,291.6164481480009,,5bba5808fc8a52962a4f7f6722dbacd77db7570bc263a4e8d1207aa7fd93b959,,0,rq1-exact-623-20260926-5x,0
5to10Traces/0041.trace,aac023994ecfdbc55dae,5to10Traces,plain,10,2,TIMEOUT,,,6,unknown,1579.3054669229969,timeout,e9e432766f8f544b99628eb690c21277a1099ceafc60f43686d6ea30bb10c261,,0,rq1-exact-623-20260926-5x,0
5to10Traces/0042.trace,510f56ed4ed167a3b251,5to10Traces,plain,10,2,TIMEOUT,,,1,unsat,1.1815872660008608,,61098ee7239d662e8e36b383c67e70c3e6dec38bc5906dcef86fe65f47c6e276,,0,rq1-exact-623-20260926-5x,0
5to10Traces/0042.trace,510f56ed4ed167a3b251,5to10Traces,plain,10,2,TIMEOUT,,,2,unsat,7.647242120001465,,7b8ab9a5d9e0fa9a9157b4624b5e7b0ce8773681dd22be394d87688e0a4e6065,,0,rq1-exact-623-20260926-5x,0
5to10Traces/0042.trace,510f56ed4ed167a3b251,5to10Traces,plain,10,2,TIMEOUT,,,3,unsat,20.12253808300011,,b6e3ecf3746a1ce997e2d69248c7da2971426f2ab06103af48e9049563ee67c2,,0,rq1-exact-623-20260926-5x,0
5to10Traces/0042.trace,510f56ed4ed167a3b251,5to10Traces,plain,10,2,TIMEOUT,,,4,unsat,50.404897690001235,,34d473d94943245cf099c5d4e7cb656c96038c84d7eb3a45e668608586ff2f7c,,0,rq1-exact-623-20260926-5x,0
5to10Traces/0042.trace,510f56ed4ed167a3b251,5to10Traces,plain,10,2,TIMEOUT,,,5,unsat,151.04041358700124,,dc94e49bff8363cd71922282e3697c265ae67362566135a3df3727e244115480,,0,rq1-exact-623-20260926-5x,0
5to10Traces/0042.trace,510f56ed4ed167a3b251,5to10Traces,plain,10,2,TIMEOUT,,,6,unsat,1114.4272539400008,,70ebdbf91add2385304f27ff893bc37930599611e6ffb6c205016c952176bcb9,,0,rq1-exact-623-20260926-5x,0
5to10Traces/0042.trace,510f56ed4ed167a3b251,5to10Traces,plain,10,2,TIMEOUT,,,7,unknown,1555.8169185250008,timeout,31d76c2bca0014306c188e54e437c96e6952785cc8127d76678eaeabe9c936ea,,0,rq1-exact-623-20260926-5x,0
5to10Traces/0043.trace,e49bdb45a6a8febcdba1,5to10Traces,plain,10,2,TIMEOUT,,,1,unsat,2.4000295370024105,,2358aa5736fdf6a42bd7ea403d858d5401b4ff7d4850fc42db15d69d8cd1216a,,0,rq1-exact-623-20260926-5x,0
5to10Traces/0043.trace,e49bdb45a6a8febcdba1,5to10Traces,plain,10,2,TIMEOUT,,,2,unsat,15.882175742000982,,abad6cc52728aecb51cfad6ec6fcb1e4f81886d4b637e624f90bcf3c97e3f60a,,0,rq1-exact-623-20260926-5x,0
5to10Traces/0043.trace,e49bdb45a6a8febcdba1,5to10Traces,plain,10,2,TIMEOUT,,,3,unsat,63.71310798799823,,a07f99fb5636a36ac5a2bc1a37503320c8f827b882fe87317c02476efd1f88db,,0,rq1-exact-623-20260926-5x,0
5to10Traces/0043.trace,e49bdb45a6a8febcdba1,5to10Traces,plain,10,2,TIMEOUT,,,4,unsat,93.46794488199521,,248e0105cd3f18c740700d099ead1d60777c5ab466fd0fe453f3d2c50a893146,,0,rq1-exact-623-20260926-5x,0
5to10Traces/0043.trace,e49bdb45a6a8febcdba1,5to10Traces,plain,10,2,TIMEOUT,,,5,unsat,393.86513797200314,,43a4519b656fc331bd1f3cdc7f94df5f6c0a7a623b82db241349d858febfeeee,,0,rq1-exact-623-20260926-5x,0
5to10Traces/0043.trace,e49bdb45a6a8febcdba1,5to10Traces,plain,10,2,TIMEOUT,,,6,unknown,1589.3780651289999,timeout,77e57adb3dbd3614c4a8b5da37618230802c599c13ef8833052257bfa2d2d0e2,,0,rq1-exact-623-20260926-5x,0
5to10Traces/0044.trace,ff15b0770ab4e1f710fc,5to10Traces,plain,18,2,OPTIMAL,0,5,1,unsat,0.03533162399980938,,9a97a8633c1e5340437114936d379fdbb0655a2d2cb61d55133b54f2508d65e2,,0,rq1-exact-623-20260926-5x,0
5to10Traces/0044.trace,ff15b0770ab4e1f710fc,5to10Traces,plain,18,2,OPTIMAL,0,5,2,unsat,0.10676103299920214,,f4767fac995dc468b3007ba9c9ad41766923480d562b885087d7aad83688ef4c,,0,rq1-exact-623-20260926-5x,0
5to10Traces/0044.trace,ff15b0770ab4e1f710fc,5to10Traces,plain,18,2,OPTIMAL,0,5,3,unsat,0.22002371400049014,,1a6d4e56ee5417ad4061db01d41a33220fb13c8d99d74a6147b608b0a89292bf,,0,rq1-exact-623-20260926-5x,0
5to10Traces/0044.trace,ff15b0770ab4e1f710fc,5to10Traces,plain,18,2,OPTIMAL,0,5,4,unsat,0.3985524470008386,,7db27b3850d85c0b93d9847737f16ee1812a80146e411ac623257d9610a305b8,,0,rq1-exact-623-20260926-5x,0
5to10Traces/0044.trace,ff15b0770ab4e1f710fc,5to10Traces,plain,18,2,OPTIMAL,0,5,5,sat,0.5511515149992192,,f67b8d792e9926d4fb3ee533fa56730b29bc614238d79a240ce2961903222e0a,1e2b1cc65f16509b69bfc5bc1b9b7b9f1a577b740c151a0c8730023fcda43866,0,rq1-exact-623-20260926-5x,0
5to10Traces/0045.trace,731fa42c7c58c2c0a755,5to10Traces,plain,18,2,OPTIMAL,0,5,1,unsat,0.04062264799995319,,35c0914819540bb348cde2d08c80166b4d39f911c41feedf4aeda91e2b493ffb,,0,rq1-exact-623-20260926-5x,0
5to10Traces/0045.trace,731fa42c7c58c2c0a755,5to10Traces,plain,18,2,OPTIMAL,0,5,2,unsat,0.14842427599978691,,65e9c4b4bc035cec1dead7dda5ec450a50970fe447f341b6778d65d40f52e541,,0,rq1-exact-623-20260926-5x,0
5to10Traces/0045.trace,731fa42c7c58c2c0a755,5to10Traces,plain,18,2,OPTIMAL,0,5,3,unsat,0.3027639049996651,,ca5af7edaef64b3d236a23768a3eb7c0b979c64bee54c61eaa2849ff0b3fa67f,,0,rq1-exact-623-20260926-5x,0
5to10Traces/0045.trace,731fa42c7c58c2c0a755,5to10Traces,plain,18,2,OPTIMAL,0,5,4,unsat,0.5614922079994358,,0dd50936784d5bd1b9f66af91973f5866e1b31e49af1149bceb7e7e8a61fe937,,0,rq1-exact-623-20260926-5x,0
5to10Traces/0045.trace,731fa42c7c58c2c0a755,5to10Traces,plain,18,2,OPTIMAL,0,5,5,sat,0.8206235030002063,,290bea0d2474825e081e9f65f6d8c8fbd3c50d9d2a42d80c0ed81c87e5c64b14,418fd2ccd9aba6d75ff9604ab26ee9dd4349397fc4f82fa6be7622443b20ddb5,0,rq1-exact-623-20260926-5x,0
5to10Traces/0046.trace,b30b1f539d80e15afa69,5to10Traces,plain,18,2,OPTIMAL,0,6,1,unsat,0.09946882300027937,,bd633e40f278026c86699135b851815908c537c470b3ab8811e16471fed450bb,,0,rq1-exact-623-20260926-5x,0
5to10Traces/0046.trace,b30b1f539d80e15afa69,5to10Traces,plain,18,2,OPTIMAL,0,6,2,unsat,0.5137014880001516,,e2441269b93c2e28ed136bc58e926fd23bd4183a25e84509103be43f4ae7ff8e,,0,rq1-exact-623-20260926-5x,0
5to10Traces/0046.trace,b30b1f539d80e15afa69,5to10Traces,plain,18,2,OPTIMAL,0,6,3,unsat,1.0822221750004246,,fde8babe2be84472f55e2b1419a7e722e18e8d1609476483e4cbde96a25ce2fe,,0,rq1-exact-623-20260926-5x,0
5to10Traces/0046.trace,b30b1f539d80e15afa69,5to10Traces,plain,18,2,OPTIMAL,0,6,4,unsat,2.0267688469994027,,a30c51b4f4a0bd3c14be1f2b13ca0c9f6afce750fe53c75e2ed07c4b1e2c427e,,0,rq1-exact-623-20260926-5x,0
5to10Traces/0046.trace,b30b1f539d80e15afa69,5to10Traces,plain,18,2,OPTIMAL,0,6,5,unsat,6.1986474779987475,,57f16b39ddd16b5c6f82e738c1fb3776e824d8e7f19fcd609952623241582f67,,0,rq1-exact-623-20260926-5x,0
5to10Traces/0046.trace,b30b1f539d80e15afa69,5to10Traces,plain,18,2,OPTIMAL,0,6,6,sat,4.799077517000114,,72f2eb7eb136e01f818a70615a9e27fe27e4eeeebf02852be3b485298ab657b8,a2a31e08e2efca1def358d93af339ffa85d08ba7a7b7b6b134e879544cb7a44b,0,rq1-exact-623-20260926-5x,0
5to10Traces/0047.trace,2ffb45e212f13d9a4d00,5to10Traces,plain,18,2,OPTIMAL,0,6,1,unsat,0.12873228600074071,,332236691ba1eb4fbbdd4c1374c2a5c16906af59aaaed34341b86729e7583394,,0,rq1-exact-623-20260926-5x,0
5to10Traces/0047.trace,2ffb45e212f13d9a4d00,5to10Traces,plain,18,2,OPTIMAL,0,6,2,unsat,0.7065820299994812,,d20045d846780acde5764da9c51b1c08a4dcc1eba0cee6acb0c98d85a37e6e12,,0,rq1-exact-623-20260926-5x,0
5to10Traces/0047.trace,2ffb45e212f13d9a4d00,5to10Traces,plain,18,2,OPTIMAL,0,6,3,unsat,1.5095560230001865,,eef76347a4a17288a21dd0c40b0b0b8439d5fb48001d0c53ad451b6d8624a4c6,,0,rq1-exact-623-20260926-5x,0
5to10Traces/0047.trace,2ffb45e212f13d9a4d00,5to10Traces,plain,18,2,OPTIMAL,0,6,4,unsat,3.1078348489991185,,9241cac49b1c31a04697bf64563482938a9e88c402208724fb26f2879c9787f5,,0,rq1-exact-623-20260926-5x,0
5to10Traces/0047.trace,2ffb45e212f13d9a4d00,5to10Traces,plain,18,2,OPTIMAL,0,6,5,unsat,12.322791980999682,,2d53096ad57d3c14a92cf85e844e44da0bb6a14e8af417a598120d0cd1b0f77b,,0,rq1-exact-623-20260926-5x,0
5to10Traces/0047.trace,2ffb45e212f13d9a4d00,5to10Traces,plain,18,2,OPTIMAL,0,6,6,sat,19.64802069400139,,352e120c4ca1756c62c9a6527bbda9938073a725a4451534fc9395d7d1e4a49a,611b117274d2904c06bf0c235ba12d484b7cae1cc0fc64de2672ec3c2a0c046a,0,rq1-exact-623-20260926-5x,0
5to10Traces/0048.trace,dd2a8a5f37e79bd10b76,5to10Traces,plain,18,2,OPTIMAL,0,6,1,unsat,0.18336468699999386,,5cd9021eec410e99ae4d0578a5a35726da8e9402afe2e830eae7a7f6e8b3699f,,0,rq1-exact-623-20260926-5x,0
5to10Traces/0048.trace,dd2a8a5f37e79bd10b76,5to10Traces,plain,18,2,OPTIMAL,0,6,2,unsat,1.047389874000146,,fecdccc6df41cf022685750a495ef5dd92432f83dc93201b6125c05d1b1f58c8,,0,rq1-exact-623-20260926-5x,0
5to10Traces/0048.trace,dd2a8a5f37e79bd10b76,5to10Traces,plain,18,2,OPTIMAL,0,6,3,unsat,2.243731853001009,,dae62846fb8a081fdf0c1a915fa4444c5746e9a2096e5aee7221bace4513d000,,0,rq1-exact-623-20260926-5x,0
5to10Traces/0048.trace,dd2a8a5f37e79bd10b76,5to10Traces,plain,18,2,OPTIMAL,0,6,4,unsat,4.845358587001101,,c0cf69c310d2b9492ba310f5c273a5a26b67453e0774c00386c303f5d256740d,,0,rq1-exact-623-20260926-5x,0
5to10Traces/0048.trace,dd2a8a5f37e79bd10b76,5to10Traces,plain,18,2,OPTIMAL,0,6,5,unsat,16.102139471000555,,50d1dcaa29ef73d823dc5f20077927a8ae733f153d50a6031700244a9d4e8b7c,,0,rq1-exact-623-20260926-5x,0
5to10Traces/0048.trace,dd2a8a5f37e79bd10b76,5to10Traces,plain,18,2,OPTIMAL,0,6,6,sat,16.947298493001654,,6acd05f53d82a287a1182977c43c42eadae6d46995035666d1852de2b6fc1a7c,241ad2fd690fcdf8f785b4ae243581f0d982d52f38ae76a68e002528a0b52af6,0,rq1-exact-623-20260926-5x,0
5to10Traces/0049.trace,a9596c7fb50c40c4aa02,5to10Traces,plain,18,2,OPTIMAL,0,6,1,unsat,0.21357966899995517,,3faab3e69c99ce41ef028fa6d926f3894596ae113d0fa6e2d23e9d328d5a9a59,,0,rq1-exact-623-20260926-5x,0
5to10Traces/0049.trace,a9596c7fb50c40c4aa02,5to10Traces,plain,18,2,OPTIMAL,0,6,2,unsat,1.2674514679983986,,c520352f5ac8a26d6aa2624c8bb683482d06145d291535203fdbe75b706a8d69,,0,rq1-exact-623-20260926-5x,0
5to10Traces/0049.trace,a9596c7fb50c40c4aa02,5to10Traces,plain,18,2,OPTIMAL,0,6,3,unsat,2.765892076000455,,e9838f8180d2138aaa5d50e5cde15c76a8545f45bc21b32ba39920ba849c26ed,,0,rq1-exact-623-20260926-5x,0
5to10Traces/0049.trace,a9596c7fb50c40c4aa02,5to10Traces,plain,18,2,OPTIMAL,0,6,4,unsat,5.747363086000405,,5e3b3b7ba49a9c8f9150cdca1ceaec92cd7375e57dc49f5666a891834dbfe048,,0,rq1-exact-623-20260926-5x,0
5to10Traces/0049.trace,a9596c7fb50c40c4aa02,5to10Traces,plain,18,2,OPTIMAL,0,6,5,unsat,25.27505955400011,,efa1c781304c3e8e830294aa7b28e9edcdbf24c43acae06303d79321729cf45e,,0,rq1-exact-623-20260926-5x,0
5to10Traces/0049.trace,a9596c7fb50c40c4aa02,5to10Traces,plain,18,2,OPTIMAL,0,6,6,sat,13.246807952000381,,79c4358aa390e234ad7be314c099f51b3c6ea1a73f137dab3fa4c718a408f300,fbb75cfafdf8eae24e2774199e295e227c1ab3f3f2846a82fb928cf0eae16b42,0,rq1-exact-623-20260926-5x,0
5to10Traces/0050.trace,673b0aa31331b5bc51cd,5to10Traces,plain,18,2,OPTIMAL,0,6,1,unsat,0.2574216129996785,,77a686ae48ce01d7e0bbff6684a5549aec195f4f2725fab99e1d04ecebd2c57a,,0,rq1-exact-623-20260926-5x,0
5to10Traces/0050.trace,673b0aa31331b5bc51cd,5to10Traces,plain,18,2,OPTIMAL,0,6,2,unsat,1.5375444080000307,,89a2d7357d42374d37f21849d5b9509968977ccb95761594d0feb18bdd7a6d50,,0,rq1-exact-623-20260926-5x,0
5to10Traces/0050.trace,673b0aa31331b5bc51cd,5to10Traces,plain,18,2,OPTIMAL,0,6,3,unsat,3.3532083070003864,,744a95bf7f5220f4229d11b5171dfa77a583a9c12c433dd11c1ee1b9822df6d9,,0,rq1-exact-623-20260926-5x,0
5to10Traces/0050.trace,673b0aa31331b5bc51cd,5to10Traces,plain,18,2,OPTIMAL,0,6,4,unsat,6.968643416999839,,5e74dbfc5e4eaca991a5fb8f24652a806f2458048ee2a60466a28623889e06bc,,0,rq1-exact-623-20260926-5x,0
5to10Traces/0050.trace,673b0aa31331b5bc51cd,5to10Traces,plain,18,2,OPTIMAL,0,6,5,unsat,24.28134888599925,,d22963067260e48eec33bcb7d32e9d54051c2de3757a0c240175b874cee8e08f,,0,rq1-exact-623-20260926-5x,0
5to10Traces/0050.trace,673b0aa31331b5bc51cd,5to10Traces,plain,18,2,OPTIMAL,0,6,6,sat,26.599399052998706,,32ea602f7fc9c6cb53cba1fb25bf2af5f6fbbe5a61190afa2c46408450e78f37,92d002eb70401143d1ef859b035c8f307b52b2f543f0816e3e21392f8d756eb6,0,rq1-exact-623-20260926-5x,0
5to10Traces/0051.trace,c3be721976dc8cb5a379,5to10Traces,plain,18,2,OPTIMAL,0,6,1,unsat,0.2890336649998062,,1613abeabb0b983369968a725a397bc8586c52935d2600d172c563adf801abe1,,0,rq1-exact-623-20260926-5x,0
5to10Traces/0051.trace,c3be721976dc8cb5a379,5to10Traces,plain,18,2,OPTIMAL,0,6,2,unsat,1.7826132739992318,,b35c1172ad63078debe3dacb883e4d796384d2a84341453918418f91b4bc65ef,,0,rq1-exact-623-20260926-5x,0
5to10Traces/0051.trace,c3be721976dc8cb5a379,5to10Traces,plain,18,2,OPTIMAL,0,6,3,unsat,3.904558915999587,,81bbbd26d1f50e469d158f8b4bc2190db735391c18e91b4b4d5fd06482c04845,,0,rq1-exact-623-20260926-5x,0
5to10Traces/0051.trace,c3be721976dc8cb5a379,5to10Traces,plain,18,2,OPTIMAL,0,6,4,unsat,9.33115153900144,,87bfd497fad80d7c648f1fb4c0db7e29dd53ed0e2298e79029579d258cf78d05,,0,rq1-exact-623-20260926-5x,0
5to10Traces/0051.trace,c3be721976dc8cb5a379,5to10Traces,plain,18,2,OPTIMAL,0,6,5,unsat,36.45799759500005,,4447a617ccdd0cf5d6de46d3367ea6e7ad736aedd006d3585ca66ef2ed721754,,0,rq1-exact-623-20260926-5x,0
5to10Traces/0051.trace,c3be721976dc8cb5a379,5to10Traces,plain,18,2,OPTIMAL,0,6,6,sat,57.43744971099841,,4711a8db187ffd782b97fde8c835fe26f24175eceeb53f7f6e0732174a7eb123,211cd9252b7595e6a50c524262fa4c1e6cebca9b6afd1c3d46c83d9a5cb59031,0,rq1-exact-623-20260926-5x,0
5to10Traces/0052.trace,d0d469fb2907c8ee21f8,5to10Traces,plain,18,2,OPTIMAL,0,6,1,unsat,0.3368404310003825,,82cf2e48917ef5539a5fcbd0b7f35c227ebb92a6f39b7fab666d07ef9cdee939,,0,rq1-exact-623-20260926-5x,0
5to10Traces/0052.trace,d0d469fb2907c8ee21f8,5to10Traces,plain,18,2,OPTIMAL,0,6,2,unsat,2.0510719049998443,,505323e5d3e18caaffe88d2d77eacc696e8c7a64cd8b934196ea444fb20ff288,,0,rq1-exact-623-20260926-5x,0
5to10Traces/0052.trace,d0d469fb2907c8ee21f8,5to10Traces,plain,18,2,OPTIMAL,0,6,3,unsat,4.475136311999449,,91f1eb065d065b398ed1022af843c933969ad19101625ddb2327d2642cb9fdbb,,0,rq1-exact-623-20260926-5x,0
5to10Traces/0052.trace,d0d469fb2907c8ee21f8,5to10Traces,plain,18,2,OPTIMAL,0,6,4,unsat,10.1765022769996,,8624e3d832f42ca0d1bb57b07c8858d468c8caa1f2294d7b7f77dca066d21846,,0,rq1-exact-623-20260926-5x,0
5to10Traces/0052.trace,d0d469fb2907c8ee21f8,5to10Traces,plain,18,2,OPTIMAL,0,6,5,unsat,35.885247229000015,,e144084ccc35aa06c88f56320f742ee1b51d4ab4c65861f4c76a219fed692cba,,0,rq1-exact-623-20260926-5x,0
5to10Traces/0052.trace,d0d469fb2907c8ee21f8,5to10Traces,plain,18,2,OPTIMAL,0,6,6,sat,51.76686242799951,,11f091f6129d44e2cae06d9f462ea5953fff471e218557b601d0b4f78b16aeaa,dd7af690c282ddb977e493f065bdc1e664381cdd81ac83f97340749454fa63e8,0,rq1-exact-623-20260926-5x,0
5to10Traces/0053.trace,5c40af3644c2b258d1ea,5to10Traces,plain,18,2,OPTIMAL,0,6,1,unsat,0.38114772199878644,,af5ff27dffae23d6ca4910c311f5ed57c6f8905c946805aa570cb88ab51df109,,0,rq1-exact-623-20260926-5x,0
5to10Traces/0053.trace,5c40af3644c2b258d1ea,5to10Traces,plain,18,2,OPTIMAL,0,6,2,unsat,2.402181773999473,,0724be376efadbe046a360113bed4fea9e24d6a9c98f4c78359d6e4757202229,,0,rq1-exact-623-20260926-5x,0
5to10Traces/0053.trace,5c40af3644c2b258d1ea,5to10Traces,plain,18,2,OPTIMAL,0,6,3,unsat,5.600534058999983,,b5546f0d2d18a0323c61a1a400fe5d78877a6e662deb409271bbbba14b9ea4bd,,0,rq1-exact-623-20260926-5x,0
5to10Traces/0053.trace,5c40af3644c2b258d1ea,5to10Traces,plain,18,2,OPTIMAL,0,6,4,unsat,12.235197438998512,,4ed01a5a54d9e7356a007ae74487a675cf0f0a89e5081651ff430f9d5d662f16,,0,rq1-exact-623-20260926-5x,0
5to10Traces/0053.trace,5c40af3644c2b258d1ea,5to10Traces,plain,18,2,OPTIMAL,0,6,5,unsat,41.3850397719998,,1a15ff14c437f0ced6c9830192df4c8d1ae8a4af3f7e70d687dc24715a8fca2c,,0,rq1-exact-623-20260926-5x,0
5to10Traces/0053.trace,5c40af3644c2b258d1ea,5to10Traces,plain,18,2,OPTIMAL,0,6,6,sat,21.59468290299992,,9da72b65bfad807e84c7752ba02bfc2de48f130d6c8e8764392acc03f3539317,dd7af690c282ddb977e493f065bdc1e664381cdd81ac83f97340749454fa63e8,0,rq1-exact-623-20260926-5x,0
5to10Traces/0054.trace,f16f76ff32f2b45844a7,5to10Traces,plain,18,2,OPTIMAL,0,6,1,unsat,0.41674565200082725,,1bc54393dd383a08c2d4210d8ee59559d99b08b5c6729eca3f8fdf7eaac4545f,,0,rq1-exact-623-20260926-5x,0
5to10Traces/0054.trace,f16f76ff32f2b45844a7,5to10Traces,plain,18,2,OPTIMAL,0,6,2,unsat,2.5911540420001984,,0be9911d25d3605b2de3e4d61fc4c0d512fe4a77cd5cbbc71f663177a6663ef0,,0,rq1-exact-623-20260926-5x,0
5to10Traces/0054.trace,f16f76ff32f2b45844a7,5to10Traces,plain,18,2,OPTIMAL,0,6,3,unsat,5.874881617999563,,a3626c2e625b4c67b5bfc645348da4857c284d69806da0dccd03794c0e306619,,0,rq1-exact-623-20260926-5x,0
5to10Traces/0054.trace,f16f76ff32f2b45844a7,5to10Traces,plain,18,2,OPTIMAL,0,6,4,unsat,12.88157281399981,,e5482eec41456244a033eeb82e6c9067d62a34ab0cbc87cb8afa301369b9f5bc,,0,rq1-exact-623-20260926-5x,0
5to10Traces/0054.trace,f16f76ff32f2b45844a7,5to10Traces,plain,18,2,OPTIMAL,0,6,5,unsat,41.58787438700165,,d1b2c5044ed50aa9e0552f0a137f47049345ebcb0430b313e183605791f655e9,,0,rq1-exact-623-20260926-5x,0
5to10Traces/0054.trace,f16f76ff32f2b45844a7,5to10Traces,plain,18,2,OPTIMAL,0,6,6,sat,35.30115993800064,,9813594315c3f04567c5b695d703803ee9c81c9d24fff64075fb92178c104aa5,92d002eb70401143d1ef859b035c8f307b52b2f543f0816e3e21392f8d756eb6,0,rq1-exact-623-20260926-5x,0
5to10Traces/0055.trace,142931611f38b33836e2,5to10Traces,plain,18,2,OPTIMAL,0,6,1,unsat,0.48677595800108975,,16b624b9d76f671dd0d189509915fabbcdb05b33afdd05fa2fa2068e7f7c5742,,0,rq1-exact-623-20260926-5x,0
5to10Traces/0055.trace,142931611f38b33836e2,5to10Traces,plain,18,2,OPTIMAL,0,6,2,unsat,3.1169291229998635,,e2182c5eeca6b31cd4bf5ec060e9ed2480aadabf418174abd9fc75cf7aa86fd1,,0,rq1-exact-623-20260926-5x,0
5to10Traces/0055.trace,142931611f38b33836e2,5to10Traces,plain,18,2,OPTIMAL,0,6,3,unsat,6.994163571998797,,9596e48d1d125b80cf49dd92e32f7be37af3a0b9317dc1d5ebc9b13a4d27232f,,0,rq1-exact-623-20260926-5x,0
5to10Traces/0055.trace,142931611f38b33836e2,5to10Traces,plain,18,2,OPTIMAL,0,6,4,unsat,17.65824666499975,,79a1cd7adabd3fe75cd70ee231780675906c5f457d50b21720f453c7a7afc7c1,,0,rq1-exact-623-20260926-5x,0
5to10Traces/0055.trace,142931611f38b33836e2,5to10Traces,plain,18,2,OPTIMAL,0,6,5,unsat,67.68429289300002,,0e3a470ce8ad8161d9536b66ca1bbf9c65ac544349e20dfc4c172be56f69451a,,0,rq1-exact-623-20260926-5x,0
5to10Traces/0055.trace,142931611f38b33836e2,5to10Traces,plain,18,2,OPTIMAL,0,6,6,sat,86.63864593200014,,6efd317c435de415e1e8265b7f481e9a65ccb2abad08dc0f82d416850c86997a,9963c6a1ef7dfce68c7a305c8833496b2eb8cd746a3fab590a85592738b56e3f,0,rq1-exact-623-20260926-5x,0
5to10Traces/0056.trace,ee61466889a59ae85d87,5to10Traces,plain,18,2,OPTIMAL,0,6,1,unsat,0.4973584880008275,,25769049074487583f59ad6cf833d372f1b016ef7c4c8d5ac91c77c57c10de0b,,0,rq1-exact-623-20260926-5x,0
5to10Traces/0056.trace,ee61466889a59ae85d87,5to10Traces,plain,18,2,OPTIMAL,0,6,2,unsat,3.13098026499938,,41e3e752ff3080bf66a6524ba21f972108672b850676f923725f4dbcfc5167a5,,0,rq1-exact-623-20260926-5x,0
5to10Traces/0056.trace,ee61466889a59ae85d87,5to10Traces,plain,18,2,OPTIMAL,0,6,3,unsat,6.936816728999474,,cda69621a619f106ca2d1ac7a3fa9b9856fd0d1e517094091c3f9b47a9993d2c,,0,rq1-exact-623-20260926-5x,0
5to10Traces/0056.trace,ee61466889a59ae85d87,5to10Traces,plain,18,2,OPTIMAL,0,6,4,unsat,13.746177289000116,,56d4f6e48500396742ec5d49ea26de7da45c26b29510960c7d6bedfd92916e5a,,0,rq1-exact-623-20260926-5x,0
5to10Traces/0056.trace,ee61466889a59ae85d87,5to10Traces,plain,18,2,OPTIMAL,0,6,5,unsat,51.744248076000076,,356845345fb6b494f1072f606d41b5d85dd9d46b5f30030969cd8d68f55e697d,,0,rq1-exact-623-20260926-5x,0
5to10Traces/0056.trace,ee61466889a59ae85d87,5to10Traces,plain,18,2,OPTIMAL,0,6,6,sat,44.30079544200089,,4faec77a19bdb9540705b2692adc4750b8d192cd76494d2c8b86fa2c49ece76a,14fd07855188cd9678ee3816ec053148cdc36cbea28340ab2162bb7a05e7b1a1,0,rq1-exact-623-20260926-5x,0
5to10Traces/0057.trace,09a8e13fc25434622e01,5to10Traces,plain,18,2,OPTIMAL,0,6,1,unsat,0.5618579750007484,,11761d8e3266b5081727dd5ff13b0925f33335a525a12b928e4e42c3654bbde6,,0,rq1-exact-623-20260926-5x,0
5to10Traces/0057.trace,09a8e13fc25434622e01,5to10Traces,plain,18,2,OPTIMAL,0,6,2,unsat,3.6447274040001503,,49b9333000c22804fdb4a4f075f3dce40242bc0882e64e64acfc40d4a2ab4ee2,,0,rq1-exact-623-20260926-5x,0
5to10Traces/0057.trace,09a8e13fc25434622e01,5to10Traces,plain,18,2,OPTIMAL,0,6,3,unsat,8.036491131999355,,fa9933af9a187ca22e47ab792f8d09f77ee03edb302a769195a0aae989fb22c4,,0,rq1-exact-623-20260926-5x,0
5to10Traces/0057.trace,09a8e13fc25434622e01,5to10Traces,plain,18,2,OPTIMAL,0,6,4,unsat,22.284984838999662,,a0f9a82fad43beaa21ae2731f29ce0c12dbad7611104f8f9b861d8220c329d10,,0,rq1-exact-623-20260926-5x,0
5to10Traces/0057.trace,09a8e13fc25434622e01,5to10Traces,plain,18,2,OPTIMAL,0,6,5,unsat,84.69509842499974,,965f4de579d023bedde9c0d819150ad0c2f6c33dd55266b9bbdf183b503c2517,,0,rq1-exact-623-20260926-5x,0
5to10Traces/0057.trace,09a8e13fc25434622e01,5to10Traces,plain,18,2,OPTIMAL,0,6,6,sat,69.19106416199975,,fbffd2738c94e73afe7c3e3deaf1cf7c512c8233fa0446e52f80e0717b5d5fe4,d39dd06bd88b830f6e70574839d7f65bf5d94a1e3adef8bc5a2cb99d45362644,0,rq1-exact-623-20260926-5x,0
5to10Traces/0058.trace,f5cbd546c58ea6033ff7,5to10Traces,plain,18,2,OPTIMAL,0,6,1,unsat,0.5820999099996698,,525530a807e056d9a447ed08bb0a42db50340d57cb6fa2ac2a30d34562491b90,,0,rq1-exact-623-20260926-5x,0
5to10Traces/0058.trace,f5cbd546c58ea6033ff7,5to10Traces,plain,18,2,OPTIMAL,0,6,2,unsat,3.706071439999505,,ec29dd6ae06c45a6f2fff6192f1adc39ac630afb6b12bb39ac55f61b95428317,,0,rq1-exact-623-20260926-5x,0
5to10Traces/0058.trace,f5cbd546c58ea6033ff7,5to10Traces,plain,18,2,OPTIMAL,0,6,3,unsat,8.182960562999142,,6324e2fced2bd1693ae38dfe1d00f3733040be64607f9337c179354707198957,,0,rq1-exact-623-20260926-5x,0
5to10Traces/0058.trace,f5cbd546c58ea6033ff7,5to10Traces,plain,18,2,OPTIMAL,0,6,4,unsat,21.4007029280001,,69cfddb5d47ba48cfc5e5ba29b19d1649c4c9722860f80f56682fc4c838bc57a,,0,rq1-exact-623-20260926-5x,0
5to10Traces/0058.trace,f5cbd546c58ea6033ff7,5to10Traces,plain,18,2,OPTIMAL,0,6,5,unsat,69.81381783299912,,9aa0c57be42e8a3ef5bb2bbf468f84774d96af1c17bc2dd4932eb2011c2d5f11,,0,rq1-exact-623-20260926-5x,0
5to10Traces/0058.trace,f5cbd546c58ea6033ff7,5to10Traces,plain,18,2,OPTIMAL,0,6,6,sat,46.83696208100082,,fe3b768afd2295b65e760bc5d7fd8b64779748ee736d7ac3d36ba939cdba80ce,c0d8a876c9b01bc4bf716df2c35857cb8b2c85e86b9d066a4e0588d8e164d528,0,rq1-exact-623-20260926-5x,0
5to10Traces/0059.trace,08e6c14f26ed50e38304,5to10Traces,plain,18,2,OPTIMAL,0,6,1,unsat,0.7004867060004472,,60c355a821d78d84cf1ed57ce627a5d7fb5aac2aa6b279f2a021dc9377fcad5c,,0,rq1-exact-623-20260926-5x,0
5to10Traces/0059.trace,08e6c14f26ed50e38304,5to10Traces,plain,18,2,OPTIMAL,0,6,2,unsat,4.543339004999325,,b2c2d24ee7e402de064b4c99b10e1ab93c895c788d775df0365662b1f3c6bb01,,0,rq1-exact-623-20260926-5x,0
5to10Traces/0059.trace,08e6c14f26ed50e38304,5to10Traces,plain,18,2,OPTIMAL,0,6,3,unsat,10.219112868999218,,a75131e27a0ae0fba112630a56d83b38a9272eb061827facd303c6321333cf61,,0,rq1-exact-623-20260926-5x,0
5to10Traces/0059.trace,08e6c14f26ed50e38304,5to10Traces,plain,18,2,OPTIMAL,0,6,4,unsat,22.383382707000237,,c8ff1aa20d26b2180e19685d398bdf821305c28b2422eb695426b0a369e37039,,0,rq1-exact-623-20260926-5x,0
5to10Traces/0059.trace,08e6c14f26ed50e38304,5to10Traces,plain,18,2,OPTIMAL,0,6,5,unsat,96.04888565000056,,2f34365d4fb8057a9a72d7006921acfac6a3eca5bbb8822811486e826d543443,,0,rq1-exact-623-20260926-5x,0
5to10Traces/0059.trace,08e6c14f26ed50e38304,5to10Traces,plain,18,2,OPTIMAL,0,6,6,sat,53.41250728999967,,831d2739028c0e5e46639809d6938844a583355764a09285788380bb726fcfa7,390432d7de3010925de95381693b149de99d2c955cbf6eab902a0477cc9968ac,0,rq1-exact-623-20260926-5x,0
5to10Traces/0060.trace,69719365a9d9ffc0952a,5to10Traces,plain,18,2,OPTIMAL,0,6,1,unsat,0.6578071769999951,,7a64cd0247fa47385f908b827db2cde33066183f9810dc7baedb03a4d33c010a,,0,rq1-exact-623-20260926-5x,0
5to10Traces/0060.trace,69719365a9d9ffc0952a,5to10Traces,plain,18,2,OPTIMAL,0,6,2,unsat,4.195553801999267,,c5449e42cc3875bbb9b4362d938c180cdbfbf8eee5d50831471ab53f6194ef39,,0,rq1-exact-623-20260926-5x,0
5to10Traces/0060.trace,69719365a9d9ffc0952a,5to10Traces,plain,18,2,OPTIMAL,0,6,3,unsat,9.246582781999678,,0118fd5bd14ed7365952fccea53eb36b28b65b87cb13629c77b98bd8215b7f93,,0,rq1-exact-623-20260926-5x,0
5to10Traces/0060.trace,69719365a9d9ffc0952a,5to10Traces,plain,18,2,OPTIMAL,0,6,4,unsat,20.11153248499977,,47d27baf212ce7c7e78259592344df4da76b8b67f325ddbf1c01dacb77eff8f0,,0,rq1-exact-623-20260926-5x,0
5to10Traces/0060.trace,69719365a9d9ffc0952a,5to10Traces,plain,18,2,OPTIMAL,0,6,5,unsat,74.9788921899999,,c21829f7f5f1aa8146e0294129079f01bcabf250daa9e38dafd640fa2e7211d5,,0,rq1-exact-623-20260926-5x,0
5to10Traces/0060.trace,69719365a9d9ffc0952a,5to10Traces,plain,18,2,OPTIMAL,0,6,6,sat,71.39396418599972,,694d23ba63da5084b59d777ae3494c23598a3a7479349a7ced027aff5242932e,0cf2a916cbb54e6f19a56ef15dae3911899c34231a9bda46a02a5523ecbce3cc,0,rq1-exact-623-20260926-5x,0
5to10Traces/0061.trace,2b17ff8896c5872ade1f,5to10Traces,plain,18,2,OPTIMAL,0,6,1,unsat,0.8047909260003507,,7a1932ee57b5840932af2bbfbda787f42302697bd339cc8eeb427f9b7c26f11d,,0,rq1-exact-623-20260926-5x,0
5to10Traces/0061.trace,2b17ff8896c5872ade1f,5to10Traces,plain,18,2,OPTIMAL,0,6,2,unsat,5.253913489999832,,3c9a85663903a29fcaeda4335225b3d6c510439892212766c23357556b33f1c5,,0,rq1-exact-623-20260926-5x,0
5to10Traces/0061.trace,2b17ff8896c5872ade1f,5to10Traces,plain,18,2,OPTIMAL,0,6,3,unsat,11.520065414999408,,36bcab4f8271de0ccbe7c829d12b33357ed1244ece96f711c68b21bc1d474ee7,,0,rq1-exact-623-20260926-5x,0
5to10Traces/0061.trace,2b17ff8896c5872ade1f,5to10Traces,plain,18,2,OPTIMAL,0,6,4,unsat,28.009923577001246,,bdb1c700ff8d5252675794db2de9f4269aabf02e1db3e33f9872a94d2330edf2,,0,rq1-exact-623-20260926-5x,0
5to10Traces/0061.trace,2b17ff8896c5872ade1f,5to10Traces,plain,18,2,OPTIMAL,0,6,5,unsat,109.28930246299933,,5696cb16175ee0185a98b26d6c7c4852d8befc5134e778a213c3b443be480e42,,0,rq1-exact-623-20260926-5x,0
5to10Traces/0061.trace,2b17ff8896c5872ade1f,5to10Traces,plain,18,2,OPTIMAL,0,6,6,sat,90.39084885299962,,0cfc7517ada853f797f98c1b1271bb2743c0dc0dadb992f2e1d3c98ef86d4bc3,a2a31e08e2efca1def358d93af339ffa85d08ba7a7b7b6b134e879544cb7a44b,0,rq1-exact-623-20260926-5x,0
5to10Traces/0062.trace,980178c1dd5647d8a792,5to10Traces,plain,18,2,OPTIMAL,0,6,1,unsat,0.7468450479991589,,88c2fdd732c3b08db60e442249c46814ae9b3390ad81968849dacfca9ef92b59,,0,rq1-exact-623-20260926-5x,0
5to10Traces/0062.trace,980178c1dd5647d8a792,5to10Traces,plain,18,2,OPTIMAL,0,6,2,unsat,4.779267926000102,,0547577cc9217906ace54caa0c28f9b5fc851316351dcc79cf44073d5b67623a,,0,rq1-exact-623-20260926-5x,0
5to10Traces/0062.trace,980178c1dd5647d8a792,5to10Traces,plain,18,2,OPTIMAL,0,6,3,unsat,11.256205646001035,,44fc56b56eab8343bbbaa5b88aad6e531b1fb154661bcdbbaac6a84b20cb455a,,0,rq1-exact-623-20260926-5x,0
5to10Traces/0062.trace,980178c1dd5647d8a792,5to10Traces,plain,18,2,OPTIMAL,0,6,4,unsat,25.54803235200052,,ce97bb802537f193f47606a95bbb493fd8fdf8324dcb1ed457d27364bfbe4797,,0,rq1-exact-623-20260926-5x,0
5to10Traces/0062.trace,980178c1dd5647d8a792,5to10Traces,plain,18,2,OPTIMAL,0,6,5,unsat,88.61250620399915,,2b7e1a52b59e86a706b82447336fb4d716d1c1b32756fc26ab6b8eb32fb9d4ae,,0,rq1-exact-623-20260926-5x,0
5to10Traces/0062.trace,980178c1dd5647d8a792,5to10Traces,plain,18,2,OPTIMAL,0,6,6,sat,44.497788503000265,,6ab70eb314c39cd9dceb1982724e1ca2500bce5e61b5595be08428218b649b9d,8e693e367343594cede363aba3dacc1d86d18358e369bba5c5a0f87a12b3b228,0,rq1-exact-623-20260926-5x,0
5to10Traces/0063.trace,8a5ef82d0038a6aab994,5to10Traces,plain,18,2,OPTIMAL,0,6,1,unsat,0.932648900001368,,1c1889deef561ea5df59cd0653a114a9b4edf62c91b34a758ad71282e3ff9e2e,,0,rq1-exact-623-20260926-5x,0
5to10Traces/0063.trace,8a5ef82d0038a6aab994,5to10Traces,plain,18,2,OPTIMAL,0,6,2,unsat,6.161177759000566,,49ef5fda5efcc31b75d643bf82737550d1d5af197aba5f65973384a47069eaa9,,0,rq1-exact-623-20260926-5x,0
5to10Traces/0063.trace,8a5ef82d0038a6aab994,5to10Traces,plain,18,2,OPTIMAL,0,6,3,unsat,13.356783687999268,,ef680440e8f8089e81e4e4953e034c9428c6389d48d41c5b110a17671fac9d50,,0,rq1-exact-623-20260926-5x,0
5to10Traces/0063.trace,8a5ef82d0038a6aab994,5to10Traces,plain,18,2,OPTIMAL,0,6,4,unsat,30.99193761300012,,bc63488cba11fed9afbb0e9c700e283c42fe91e15a1d20f81933649ba2475a44,,0,rq1-exact-623-20260926-5x,0
5to10Traces/0063.trace,8a5ef82d0038a6aab994,5to10Traces,plain,18,2,OPTIMAL,0,6,5,unsat,139.23328907199902,,4ca332770e5df4bd988b7f73f3adc7b6f9f31408c43160db9d28a5db8aaa18aa,,0,rq1-exact-623-20260926-5x,0
5to10Traces/0063.trace,8a5ef82d0038a6aab994,5to10Traces,plain,18,2,OPTIMAL,0,6,6,sat,57.366307627000424,,d5368159d1261b70b0f723e19536bffe6b5207661a08e1516c9d8c87b5444bc9,fbb75cfafdf8eae24e2774199e295e227c1ab3f3f2846a82fb928cf0eae16b42,0,rq1-exact-623-20260926-5x,0
5to10Traces/0064.trace,8e0e6925c57e3e7d8243,5to10Traces,plain,18,2,OPTIMAL,0,6,1,unsat,0.8284989069998119,,5558950057300f16c5da3da4d7d91f908f557354ec878dcfc3662a039bb772ae,,0,rq1-exact-623-20260926-5x,0
5to10Traces/0064.trace,8e0e6925c57e3e7d8243,5to10Traces,plain,18,2,OPTIMAL,0,6,2,unsat,5.324576234999768,,db74859f1ce60382380188d47bbd00092ac055bf2d4bfd61bbc0c888a33191c0,,0,rq1-exact-623-20260926-5x,0
5to10Traces/0064.trace,8e0e6925c57e3e7d8243,5to10Traces,plain,18,2,OPTIMAL,0,6,3,unsat,12.112456962000579,,cfd53776139986838b553a0250143e86e3a97d1e56fa4e23ee5f8e4e67e0a3e0,,0,rq1-exact-623-20260926-5x,0
5to10Traces/0064.trace,8e0e6925c57e3e7d8243,5to10Traces,plain,18,2,OPTIMAL,0,6,4,unsat,30.25566552700002,,8857d329d1377d752a1a57dfc859dcd219af639db567d3a3143076b928e3afdf,,0,rq1-exact-623-20260926-5x,0
5to10Traces/0064.trace,8e0e6925c57e3e7d8243,5to10Traces,plain,18,2,OPTIMAL,0,6,5,unsat,105.44636432600055,,4b971ae616e2712140d6ea64a4da0297a7845cc7506de40026d220e6feec6728,,0,rq1-exact-623-20260926-5x,0
5to10Traces/0064.trace,8e0e6925c57e3e7d8243,5to10Traces,plain,18,2,OPTIMAL,0,6,6,sat,76.92150438700082,,8acd0102b1e33921c3913671a12b9db12a6bec4ef5f0f6b4b9365abb9fd88a65,6837c1b92224c10cd137da27a5b13c3acf0812a0b8b5b0361b59657bc58c91b0,0,rq1-exact-623-20260926-5x,0
5to10Traces/0065.trace,f4b463246e4362150961,5to10Traces,plain,18,2,OPTIMAL,0,6,1,unsat,0.9616670630002773,,22ec67bf5bfafcb502fd50bd4e7cea66cf42f1a15424e0b032618f79904248b2,,0,rq1-exact-623-20260926-5x,0
5to10Traces/0065.trace,f4b463246e4362150961,5to10Traces,plain,18,2,OPTIMAL,0,6,2,unsat,6.3208404859997245,,750e9bef1a847fcbd637500db4c32de8e70958eb1b90e92269571315844afbca,,0,rq1-exact-623-20260926-5x,0
5to10Traces/0065.trace,f4b463246e4362150961,5to10Traces,plain,18,2,OPTIMAL,0,6,3,unsat,13.60249678999935,,1fa9034609dfd498a10d09fe7f458dd2f899a91681c523d82215c727d2c28860,,0,rq1-exact-623-20260926-5x,0
5to10Traces/0065.trace,f4b463246e4362150961,5to10Traces,plain,18,2,OPTIMAL,0,6,4,unsat,33.30552173800061,,7fc4763e5934080df59811291e37b4edad8afd8e9dcb4d3c9c90c83f05f88d1d,,0,rq1-exact-623-20260926-5x,0
5to10Traces/0065.trace,f4b463246e4362150961,5to10Traces,plain,18,2,OPTIMAL,0,6,5,unsat,120.76261820199943,,331f2029faef4a9cad420738b9137aa0c662915446994e64bff89a23a189b8b4,,0,rq1-exact-623-20260926-5x,0
5to10Traces/0065.trace,f4b463246e4362150961,5to10Traces,plain,18,2,OPTIMAL,0,6,6,sat,110.40722343900052,,9677a76b9476897b3ffc0520877ab65b36b5907d7bab6b120179040d0a7c81f6,211cd9252b7595e6a50c524262fa4c1e6cebca9b6afd1c3d46c83d9a5cb59031,0,rq1-exact-623-20260926-5x,0
5to10Traces/0066.trace,93468839643e45c76ed0,5to10Traces,plain,18,2,OPTIMAL,0,2,1,unsat,0.0348495019998154,,3f10e7e8b2850454029c56c5dff1a22db38fa8dcc63571b039eba656bc30ecc1,,0,rq1-exact-623-20260926-5x,0
5to10Traces/0066.trace,93468839643e45c76ed0,5to10Traces,plain,18,2,OPTIMAL,0,2,2,sat,0.11029587099983473,,b854d3add5cb69f979227958cb3419edbe6797da2c985af5a335aa04efba5c38,a4f737e8d26d397e5aa0183b0f17e7c43124ce5c9fb0c70e40c6da2488aff9e1,0,rq1-exact-623-20260926-5x,0
5to10Traces/0068.trace,c07fecbb303c52e75c14,5to10Traces,plain,18,2,OPTIMAL,0,7,1,unsat,0.10125472999970953,,8a0098c13b846a9f4cf63bb4d2e91422fd737494e4e21e782871cd930b0d1339,,0,rq1-exact-623-20260926-5x,0
5to10Traces/0068.trace,c07fecbb303c52e75c14,5to10Traces,plain,18,2,OPTIMAL,0,7,2,unsat,0.5196026440007699,,2883bc8f6fe72791a9df869b108309df09c13896a4dd557df070c5024dfc1656,,0,rq1-exact-623-20260926-5x,0
5to10Traces/0068.trace,c07fecbb303c52e75c14,5to10Traces,plain,18,2,OPTIMAL,0,7,3,unsat,1.087406168000598,,b9734965859b507045a3b1b98a490e09e3afe228b32bfee65318836295d177b9,,0,rq1-exact-623-20260926-5x,0
5to10Traces/0068.trace,c07fecbb303c52e75c14,5to10Traces,plain,18,2,OPTIMAL,0,7,4,unsat,2.313210437001544,,3b048101a3e669738f3385d1ae52f6c17d98eb621457c59f76f1869626815a44,,0,rq1-exact-623-20260926-5x,0
5to10Traces/0068.trace,c07fecbb303c52e75c14,5to10Traces,plain,18,2,OPTIMAL,0,7,5,unsat,8.014304390000689,,fa0d852c14306bbd8c37d5d5b4f7897cb2b814a7391828d657623761612d455c,,0,rq1-exact-623-20260926-5x,0
5to10Traces/0068.trace,c07fecbb303c52e75c14,5to10Traces,plain,18,2,OPTIMAL,0,7,6,unsat,66.0500582120003,,0f26c37c6ff9ebc8f13bfe725029d3a0512efd7fe6d262d957148c98b289da72,,0,rq1-exact-623-20260926-5x,0
5to10Traces/0068.trace,c07fecbb303c52e75c14,5to10Traces,plain,18,2,OPTIMAL,0,7,7,sat,12.176401483999143,,5fe629655eb9cb0f9b3d78bbd35492c421585550f448ad644872690219323e19,3e3b99a02d40edd2228624653a4e140d42c7c79580a0be6eb2f7901040b34f75,0,rq1-exact-623-20260926-5x,0
5to10Traces/0069.trace,435711cff0306bc46c94,5to10Traces,plain,18,2,OPTIMAL,0,2,1,unsat,0.1055512290004117,,2fd717bb82205fa0c9660e9f7e9780e51751727f4f7a8b3c77bd09743ece9ff9,,0,rq1-exact-623-20260926-5x,0
5to10Traces/0069.trace,435711cff0306bc46c94,5to10Traces,plain,18,2,OPTIMAL,0,2,2,sat,0.5588699990003079,,08cbb05eaf138b0c4838da40c2bcf6330719e56d08d0e2fc0028dcd8bfb0a264,a4f737e8d26d397e5aa0183b0f17e7c43124ce5c9fb0c70e40c6da2488aff9e1,0,rq1-exact-623-20260926-5x,0
5to10Traces/0070.trace,2c8bc0e38bfa10cf76b2,5to10Traces,plain,18,2,OPTIMAL,0,7,1,unsat,0.1859224190011446,,f3eab6c6e85c98484cc505d11062ea85233102f7ce6563cf3a8f95960cc9500e,,0,rq1-exact-623-20260926-5x,0
5to10Traces/0070.trace,2c8bc0e38bfa10cf76b2,5to10Traces,plain,18,2,OPTIMAL,0,7,2,unsat,1.0635928909996437,,4aea237aeffe71e0dd19a29d7baa07eed4530c4f32bb0152d8e9c3d17d32ab06,,0,rq1-exact-623-20260926-5x,0
5to10Traces/0070.trace,2c8bc0e38bfa10cf76b2,5to10Traces,plain,18,2,OPTIMAL,0,7,3,unsat,2.3559403429990198,,66f374971d0f52d7ae3306f955103af8d99450687fa716551320967ee54e3f59,,0,rq1-exact-623-20260926-5x,0
5to10Traces/0070.trace,2c8bc0e38bfa10cf76b2,5to10Traces,plain,18,2,OPTIMAL,0,7,4,unsat,5.0743911569988995,,c4b47d6443417ec61c223318cf07d8604db22809b218329fb379ad9edea05faa,,0,rq1-exact-623-20260926-5x,0
5to10Traces/0070.trace,2c8bc0e38bfa10cf76b2,5to10Traces,plain,18,2,OPTIMAL,0,7,5,unsat,18.57459632700011,,ded2f2250f06988d918f263970771a5eece33b9c0a781fe8f81f32330bff9177,,0,rq1-exact-623-20260926-5x,0
5to10Traces/0070.trace,2c8bc0e38bfa10cf76b2,5to10Traces,plain,18,2,OPTIMAL,0,7,6,unsat,101.27130501400097,,9a82328fd8d507f76f2e0ebd37f6cd2614dff05449f515f4b372b48ff67d8635,,0,rq1-exact-623-20260926-5x,0
5to10Traces/0070.trace,2c8bc0e38bfa10cf76b2,5to10Traces,plain,18,2,OPTIMAL,0,7,7,sat,50.193697082000654,,d75283a6b4444bf8e1d6e54356b5de8f5bbf2e87a9390bdab5cdd316ef6e5dea,01b9edd00e7e03aafaa64a78f86490609afe87d1d103a43c9c3b2fc8ee223f6e,0,rq1-exact-623-20260926-5x,0
5to10Traces/0071.trace,313682e126b8b521f5dc,5to10Traces,plain,18,2,OPTIMAL,0,5,1,unsat,0.2002723950008658,,b142ad8dac501efd9adaee69026e6ce40ea157096264a468d2e8d0ee437a8e44,,0,rq1-exact-623-20260926-5x,0
5to10Traces/0071.trace,313682e126b8b521f5dc,5to10Traces,plain,18,2,OPTIMAL,0,5,2,unsat,1.190898302000278,,88777dbf21929690fe11ae748c0efd332ffb7a315df75e305fe44926346937ca,,0,rq1-exact-623-20260926-5x,0
5to10Traces/0071.trace,313682e126b8b521f5dc,5to10Traces,plain,18,2,OPTIMAL,0,5,3,unsat,2.560508257998663,,4152cc7366a20889a9dd6b09298659debcedaf0ef2b77e7814788eef8f2a477b,,0,rq1-exact-623-20260926-5x,0
5to10Traces/0071.trace,313682e126b8b521f5dc,5to10Traces,plain,18,2,OPTIMAL,0,5,4,unsat,5.626949495999725,,09cbc919c8a5205a8238cf498359f270c4a40365d7d03f579cf2359fc5451771,,0,rq1-exact-623-20260926-5x,0
5to10Traces/0071.trace,313682e126b8b521f5dc,5to10Traces,plain,18,2,OPTIMAL,0,5,5,sat,10.177093339998464,,c5d97ee1761e4ae0b6806d07104f1d7f196de6726d14f9c6ce17204a59bee221,4ad549dce6dea85c3143208623c6cc5fca9212f519810f29a5cfe7aac791de93,0,rq1-exact-623-20260926-5x,0
5to10Traces/0072.trace,015a9b80a8e28e0b2b57,5to10Traces,plain,18,2,OPTIMAL,0,7,1,unsat,0.2547802999997657,,7afddfdd48caeef715b62206ad5f8b21cd987e0d68e090197ae2ff2677878ad7,,0,rq1-exact-623-20260926-5x,0
5to10Traces/0072.trace,015a9b80a8e28e0b2b57,5to10Traces,plain,18,2,OPTIMAL,0,7,2,unsat,1.5305426160011848,,dbbec9be4c0e22cca2eaf979f1b5d2a44cfc85ed8ee5a4a519845caab023a84a,,0,rq1-exact-623-20260926-5x,0
5to10Traces/0072.trace,015a9b80a8e28e0b2b57,5to10Traces,plain,18,2,OPTIMAL,0,7,3,unsat,3.3634030190005433,,81dbf1538d13b009c04d38c087d455e9362bac1d0321ff0443df9c66e682960d,,0,rq1-exact-623-20260926-5x,0
5to10Traces/0072.trace,015a9b80a8e28e0b2b57,5to10Traces,plain,18,2,OPTIMAL,0,7,4,unsat,7.720933692000472,,c0b89f66727160972b4b664dd738fead1494516748848e9d5e74ae98d5df3910,,0,rq1-exact-623-20260926-5x,0
5to10Traces/0072.trace,015a9b80a8e28e0b2b57,5to10Traces,plain,18,2,OPTIMAL,0,7,5,unsat,29.381976900000154,,19a8cb039df6a9a200009895761e87ae26442be422ae090b081e6cccad3f0036,,0,rq1-exact-623-20260926-5x,0
5to10Traces/0072.trace,015a9b80a8e28e0b2b57,5to10Traces,plain,18,2,OPTIMAL,0,7,6,unsat,156.43603590699968,,74b4197ab93c4dd83b5e8292cb9b3f90c7f879683fda39b8b312d2c93bac871f,,0,rq1-exact-623-20260926-5x,0
5to10Traces/0072.trace,015a9b80a8e28e0b2b57,5to10Traces,plain,18,2,OPTIMAL,0,7,7,sat,23.67312754500017,,1196ee21c5ad4fdee44d6ff96992f2077220101d35b3557eeb9abe25eb06b211,6713dff48da78ac9af27cd70d943a689f7e2a5e436957f7cfd1aa8fcd100e5d8,0,rq1-exact-623-20260926-5x,0
5to10Traces/0073.trace,bec22b131ef73935ee7b,5to10Traces,plain,18,2,OPTIMAL,0,5,1,unsat,0.29749779700068757,,c2d087233d16ec387e4d778f9c5aa4207eac622e11321cb2b46092345b1e2508,,0,rq1-exact-623-20260926-5x,0
5to10Traces/0073.trace,bec22b131ef73935ee7b,5to10Traces,plain,18,2,OPTIMAL,0,5,2,unsat,1.836010791001172,,94ec9f3dab0324ef5395cb6af3e84cde27c5d0eb0d356fbdcb87889b8c49b5e5,,0,rq1-exact-623-20260926-5x,0
5to10Traces/0073.trace,bec22b131ef73935ee7b,5to10Traces,plain,18,2,OPTIMAL,0,5,3,unsat,4.008847678000166,,d84985d76903fc1d63775f4b79d694d9f83dd47e59994c3fc92ce8412d5e7330,,0,rq1-exact-623-20260926-5x,0
5to10Traces/0073.trace,bec22b131ef73935ee7b,5to10Traces,plain,18,2,OPTIMAL,0,5,4,unsat,9.035999572999572,,61f60d5271eb8d909cb25eddfc77a4e6ca4fd5cf4a6b8295733a01afae275585,,0,rq1-exact-623-20260926-5x,0
5to10Traces/0073.trace,bec22b131ef73935ee7b,5to10Traces,plain,18,2,OPTIMAL,0,5,5,sat,18.9082223610003,,a0876cc82b3820fbe889707818126d0bf92a801eb2903c078277ad5d005f176d,f4306b1c11157aa670e66d8f859b8b17819bb4a946bc77a55f0f47a1894c08de,0,rq1-exact-623-20260926-5x,0
5to10Traces/0074.trace,c1a80dda9337eb03aea7,5to10Traces,plain,18,2,OPTIMAL,0,7,1,unsat,0.35077088299931347,,a667a1f3fcaa0e9b4edac8efb76ed5ca9167022c173ea29e102302bba9251317,,0,rq1-exact-623-20260926-5x,0
5to10Traces/0074.trace,c1a80dda9337eb03aea7,5to10Traces,plain,18,2,OPTIMAL,0,7,2,unsat,2.1791404309997233,,26cdd7e1bf0684abca5cb92dd52b0f336c75ffad88d8d700ccb010ab089aa698,,0,rq1-exact-623-20260926-5x,0
5to10Traces/0074.trace,c1a80dda9337eb03aea7,5to10Traces,plain,18,2,OPTIMAL,0,7,3,unsat,4.770010665999507,,e5767466e09e08a2cd0fd7dc25dd04e62f7c5fbae36b2ec1919c30ecf1ffe215,,0,rq1-exact-623-20260926-5x,0
5to10Traces/0074.trace,c1a80dda9337eb03aea7,5to10Traces,plain,18,2,OPTIMAL,0,7,4,unsat,10.719668534999983,,86bfee7b027c4bda9a2cb1e453e98702bbcdc628375ac78745ee4a2c5198a69e,,0,rq1-exact-623-20260926-5x,0
5to10Traces/0074.trace,c1a80dda9337eb03aea7,5to10Traces,plain,18,2,OPTIMAL,0,7,5,unsat,37.62316221800029,,183386f09ccc697fe41795ada0579d8d7f23dcbd538426a19b4a0f93dee06bc2,,0,rq1-exact-623-20260926-5x,0
5to10Traces/0074.trace,c1a80dda9337eb03aea7,5to10Traces,plain,18,2,OPTIMAL,0,7,6,unsat,279.3461776240001,,3e4fdfb1d5f31fd175c6188bc0c67b2e8d01401d67aefcc2bd364889fdce7e15,,0,rq1-exact-623-20260926-5x,0
5to10Traces/0074.trace,c1a80dda9337eb03aea7,5to10Traces,plain,18,2,OPTIMAL,0,7,7,sat,149.72019460699994,,5b5858ffb5091fb0244d5ba963243088b3d0a14330fea17eb523222500a89571,38ec368c76d43e43f1f2ce7011726b224a3804c7ef3f58069e4723af32c81ba7,0,rq1-exact-623-20260926-5x,0
5to10Traces/0075.trace,0cd897e584b64a6f18f1,5to10Traces,plain,18,2,OPTIMAL,0,5,1,unsat,0.39941961800104764,,059bca9c8879dae25a4b6b59ac1dee355a8cf0e275be11df6d9255c6db8edbf7,,0,rq1-exact-623-20260926-5x,0
5to10Traces/0075.trace,0cd897e584b64a6f18f1,5to10Traces,plain,18,2,OPTIMAL,0,5,2,unsat,2.575514109999858,,971397187e3b79bf8a7b7750c3f1a6362f081b077e8d661548d3a65382f6e20c,,0,rq1-exact-623-20260926-5x,0
5to10Traces/0075.trace,0cd897e584b64a6f18f1,5to10Traces,plain,18,2,OPTIMAL,0,5,3,unsat,5.5932394139999815,,72ba51449bffe7d59075c8667a5f1d51e86455985f946d15682e5c6318c7ec12,,0,rq1-exact-623-20260926-5x,0
5to10Traces/0075.trace,0cd897e584b64a6f18f1,5to10Traces,plain,18,2,OPTIMAL,0,5,4,unsat,12.2448158469997,,12796cc1f743de3e5a5e716b52ef80484d4bfc1ba2bf1643a094b957481d9a5f,,0,rq1-exact-623-20260926-5x,0
5to10Traces/0075.trace,0cd897e584b64a6f18f1,5to10Traces,plain,18,2,OPTIMAL,0,5,5,sat,21.476894725999955,,e6269be5fb789ed339398da2482c76657bfcc2bf493ecf7e8079ca9780c43ef1,10d0c177614ec306e5cb6909458952a8e7b69338d99d51f723f8b0216919ee7d,0,rq1-exact-623-20260926-5x,0
5to10Traces/0076.trace,f8c89767dfcc85d1a502,5to10Traces,plain,18,2,OPTIMAL,0,7,1,unsat,0.41943684500074596,,6ecc95687cc64aedee247bbdc707ec4161a977d6b53e19dc8514efff96c334d9,,0,rq1-exact-623-20260926-5x,0
5to10Traces/0076.trace,f8c89767dfcc85d1a502,5to10Traces,plain,18,2,OPTIMAL,0,7,2,unsat,2.6118027590000565,,fabea154b30e3ebcd7bd2aa75b07abe41eb62ae6c854b4948ba02a935b1a0f61,,0,rq1-exact-623-20260926-5x,0
5to10Traces/0076.trace,f8c89767dfcc85d1a502,5to10Traces,plain,18,2,OPTIMAL,0,7,3,unsat,5.765541550001217,,38edba8d602d6e17871216a7ed046edd733c1e06670f91f09fe03482e593a9ef,,0,rq1-exact-623-20260926-5x,0
5to10Traces/0076.trace,f8c89767dfcc85d1a502,5to10Traces,plain,18,2,OPTIMAL,0,7,4,unsat,16.173838706001334,,1f7ed4fa3232ba5ee949f1626be1a51cbb5d3f4c7e080aedcde2afe37e7048b7,,0,rq1-exact-623-20260926-5x,0
5to10Traces/0076.trace,f8c89767dfcc85d1a502,5to10Traces,plain,18,2,OPTIMAL,0,7,5,unsat,52.92282099499971,,44c918f35b5fb23e98e504381e6c07befaaef607713f2b91f5052bf2b327a7de,,0,rq1-exact-623-20260926-5x,0
5to10Traces/0076.trace,f8c89767dfcc85d1a502,5to10Traces,plain,18,2,OPTIMAL,0,7,6,unsat,311.18120739299957,,c05f8bf0516c70c7e0a4bb6691ccd660d379df7796d3fa6196b5de56f97a0a3e,,0,rq1-exact-623-20260926-5x,0
5to10Traces/0076.trace,f8c89767dfcc85d1a502,5to10Traces,plain,18,2,OPTIMAL,0,7,7,sat,119.74398429700159,,42f06adf848c16076c55992d10061c72a7ee3ca0748c2218e278ba328c8a76fb,1e87461b46cae339e7fb64d89aa87b07b2c5ef5165aae6caca578c642880956c,0,rq1-exact-623-20260926-5x,0
5to10Traces/0077.trace,dcc7d0bb677c2a5924ba,5to10Traces,plain,18,2,OPTIMAL,0,5,1,unsat,0.4718060639988835,,46a12c2f181e2f158fd86c8b57ebd21c6e75bec37e78ec5d7b5b2553e927090b,,0,rq1-exact-623-20260926-5x,0
5to10Traces/0077.trace,dcc7d0bb677c2a5924ba,5to10Traces,plain,18,2,OPTIMAL,0,5,2,unsat,3.019251138000982,,3241bf348abd1ac6d33b1269cb6caac9b367432d4a2711651bd553419bb2c9c0,,0,rq1-exact-623-20260926-5x,0
5to10Traces/0077.trace,dcc7d0bb677c2a5924ba,5to10Traces,plain,18,2,OPTIMAL,0,5,3,unsat,6.61551002700071,,0d985e802590cb92942eb7e35ee1a9a99f47abda40df3bd5d8e96023ceb9ffb9,,0,rq1-exact-623-20260926-5x,0
5to10Traces/0077.trace,dcc7d0bb677c2a5924ba,5to10Traces,plain,18,2,OPTIMAL,0,5,4,unsat,15.259139362999122,,5088dd72712894ae1493938bccd7729c423c063d34f2402c92eeb105471855b2,,0,rq1-exact-623-20260926-5x,0
5to10Traces/0077.trace,dcc7d0bb677c2a5924ba,5to10Traces,plain,18,2,OPTIMAL,0,5,5,sat,22.997720441999263,,0045794f77167a42905f69e68b46a8b857fec67fab92d3dd96ee7be3d2ae9565,10d0c177614ec306e5cb6909458952a8e7b69338d99d51f723f8b0216919ee7d,0,rq1-exact-623-20260926-5x,0
5to10Traces/0078.trace,14911b77eef8ab088a4d,5to10Traces,plain,18,2,OPTIMAL,0,7,1,unsat,0.7339447999984259,,fbe3504b3e762e71a0dc2485a23a0f32eef9162d14ff509d610d862b7fe0991c,,0,rq1-exact-623-20260926-5x,0
5to10Traces/0078.trace,14911b77eef8ab088a4d,5to10Traces,plain,18,2,OPTIMAL,0,7,2,unsat,4.62262878799811,,0f9af70063a9ff931649c758957e5f7bd312568c4eb2906f09c9bf261cd96ff6,,0,rq1-exact-623-20260926-5x,0
5to10Traces/0078.trace,14911b77eef8ab088a4d,5to10Traces,plain,18,2,OPTIMAL,0,7,3,unsat,10.725251370000478,,1deb62190dcbbe66ce62b8ce6160ef7f4c0d9e4c4683b3b4fbe02865865eb49b,,0,rq1-exact-623-20260926-5x,0
5to10Traces/0078.trace,14911b77eef8ab088a4d,5to10Traces,plain,18,2,OPTIMAL,0,7,4,unsat,23.251796721000574,,acff381c7509b00312e6a3f50b2a75ddbeaa920efafa215842d61abb5ad042ee,,0,rq1-exact-623-20260926-5x,0
5to10Traces/0078.trace,14911b77eef8ab088a4d,5to10Traces,plain,18,2,OPTIMAL,0,7,5,unsat,80.28909764899436,,956d70546180761ce4bf6b98ae257fdd1ef3318d39f32d0c7ae4b9bf344f255c,,0,rq1-exact-623-20260926-5x,0
5to10Traces/0078.trace,14911b77eef8ab088a4d,5to10Traces,plain,18,2,OPTIMAL,0,7,6,unsat,548.685063715995,,3cc938cff78ae8c7fa868940251bbce1d36398d4ba7ed0ae0040f7abf94193be,,0,rq1-exact-623-20260926-5x,0
5to10Traces/0078.trace,14911b77eef8ab088a4d,5to10Traces,plain,18,2,OPTIMAL,0,7,7,sat,74.2924428999977,,8d57276b729ef477ca14a6186fd4d36e310705b40822455c89e417dbb41d26b6,cc53b8b01f3298504026ff5d16977e290b52e7968c158ca43381dc53e89a0459,0,rq1-exact-623-20260926-5x,0
5to10Traces/0079.trace,dab3233cb2438a12d495,5to10Traces,plain,18,2,OPTIMAL,0,7,1,unsat,0.876052701001754,,5cbfce8ead7741f12894182930cac8484c7143f35a7533bc886e6bcffe684f42,,0,rq1-exact-623-20260926-5x,0
5to10Traces/0079.trace,dab3233cb2438a12d495,5to10Traces,plain,18,2,OPTIMAL,0,7,2,unsat,5.627680881996639,,262c43f396beddea214b0afe0ce34aeb566e16f948340255473aafc4c82cc510,,0,rq1-exact-623-20260926-5x,0
5to10Traces/0079.trace,dab3233cb2438a12d495,5to10Traces,plain,18,2,OPTIMAL,0,7,3,unsat,12.766936333006015,,ec20cb41ec878470cd06c64dcb10bf28e1946d216784d3fa082c8eef693a4e9b,,0,rq1-exact-623-20260926-5x,0
5to10Traces/0079.trace,dab3233cb2438a12d495,5to10Traces,plain,18,2,OPTIMAL,0,7,4,unsat,29.40096733500104,,60746c8e2f343372a7782c563ff3ecd53eb5f621e32bda574cf52c696e31776a,,0,rq1-exact-623-20260926-5x,0
5to10Traces/0079.trace,dab3233cb2438a12d495,5to10Traces,plain,18,2,OPTIMAL,0,7,5,unsat,144.98386062600184,,4cba6c12608d4a62debd6bca3100df2ce386630f98fd7b20ae617781ff51b632,,0,rq1-exact-623-20260926-5x,0
5to10Traces/0079.trace,dab3233cb2438a12d495,5to10Traces,plain,18,2,OPTIMAL,0,7,6,unsat,1305.976329953999,,d48531a8e951475fc18f25bff827f354ac3525f5d0fb19f9d051c21f0489b341,,0,rq1-exact-623-20260926-5x,0
5to10Traces/0079.trace,dab3233cb2438a12d495,5to10Traces,plain,18,2,OPTIMAL,0,7,7,sat,362.1946160330044,,5d91403e215a2bf6c667f6b13d699fc8172da61c87452ec893a9d2c856ffea99,296c0e5e3d55c468ed32170beb82efd064fe70c8c82f369f887ef74b9ac5c458,0,rq1-exact-623-20260926-5x,0
5to10Traces/0080.trace,af0d6cb1d39b1ccbb1bd,5to10Traces,plain,18,2,OPTIMAL,0,7,1,unsat,0.8452800109953387,,4df15a457b29a96c9df9504bb9624ff5167af0d891e6b52ea67adced8413966a,,0,rq1-exact-623-20260926-5x,0
5to10Traces/0080.trace,af0d6cb1d39b1ccbb1bd,5to10Traces,plain,18,2,OPTIMAL,0,7,2,unsat,5.347023492999142,,19dd1c8b95f7cb4cc46301f494da6044a44d36c5abab1e77d9b40022a73a9cc8,,0,rq1-exact-623-20260926-5x,0
5to10Traces/0080.trace,af0d6cb1d39b1ccbb1bd,5to10Traces,plain,18,2,OPTIMAL,0,7,3,unsat,12.048827414000698,,9b04856be96f723c76c5495d8a5b549f724d58bf0013b89ef9f5c41c1b1db950,,0,rq1-exact-623-20260926-5x,0
5to10Traces/0080.trace,af0d6cb1d39b1ccbb1bd,5to10Traces,plain,18,2,OPTIMAL,0,7,4,unsat,27.649120604997734,,6b0c778d2afedd8aaadf27c39ea87cf2552cff6d1764a1b2121f246ad99fa4bc,,0,rq1-exact-623-20260926-5x,0
5to10Traces/0080.trace,af0d6cb1d39b1ccbb1bd,5to10Traces,plain,18,2,OPTIMAL,0,7,5,unsat,118.01700425799936,,722fa13b0b96673f89949e7a89949ec67839aefb7d8e49bd284292dc9d88c4f1,,0,rq1-exact-623-20260926-5x,0
5to10Traces/0080.trace,af0d6cb1d39b1ccbb1bd,5to10Traces,plain,18,2,OPTIMAL,0,7,6,unsat,718.3739698749996,,8bbb5b85b80380b10e3bfcfa870ed1dee7559947ed78bd68ddc0c440304c639d,,0,rq1-exact-623-20260926-5x,0
5to10Traces/0080.trace,af0d6cb1d39b1ccbb1bd,5to10Traces,plain,18,2,OPTIMAL,0,7,7,sat,119.92082813500019,,033d3943ab4db0dd6e5cf7e07df039022b6ee6bcf63109c21a9dfc59b359f100,c9b9fc8cc5da7236198634b3321eb8ee49483ee43ce4dcbcabe270fe7df55582,0,rq1-exact-623-20260926-5x,0
5to10Traces/0081.trace,509222e956922b677584,5to10Traces,plain,18,2,OPTIMAL,0,5,1,unsat,0.6687006069996642,,c0a44264321aa6ef30f482994ef3f992218a5ea32bdb492755fa4019a2b8d32c,,0,rq1-exact-623-20260926-5x,0
5to10Traces/0081.trace,509222e956922b677584,5to10Traces,plain,18,2,OPTIMAL,0,5,2,unsat,4.34995730799983,,d4ea687f6202d767a84f16cc6ca3fe251d4297a7713952a978c998fc5e927f0d,,0,rq1-exact-623-20260926-5x,0
5to10Traces/0081.trace,509222e956922b677584,5to10Traces,plain,18,2,OPTIMAL,0,5,3,unsat,9.579972186000305,,3688cbec3e4ba0f993a9b2e5adf8e4d9fc6c9492f870226a5018cf272065788f,,0,rq1-exact-623-20260926-5x,0
5to10Traces/0081.trace,509222e956922b677584,5to10Traces,plain,18,2,OPTIMAL,0,5,4,unsat,22.000456388000202,,3f161d46aa5fa514f366b0d6c35bb4bd4a4b19cdd39a7d94821bde0541a1d70a,,0,rq1-exact-623-20260926-5x,0
5to10Traces/0081.trace,509222e956922b677584,5to10Traces,plain,18,2,OPTIMAL,0,5,5,sat,33.546897835999516,,cbe6e4027c7364244124d46a46dfe77ae2f1989e6438d11c37f82914150a0018,38365be8ae47d07d60aa13fe887375d6c8310d14fbd69a79c0b2858bcfdd1b17,0,rq1-exact-623-20260926-5x,0
5to10Traces/0082.trace,01fe863d09d83f5fd862,5to10Traces,plain,18,2,OPTIMAL,0,7,1,unsat,0.9725536770056351,,c531d123268cdc31bc6af24fe720dbd29e9e36999810549b4c245bb503a7fef6,,0,rq1-exact-623-20260926-5x,0
5to10Traces/0082.trace,01fe863d09d83f5fd862,5to10Traces,plain,18,2,OPTIMAL,0,7,2,unsat,6.085797991996515,,416cec57bf1519a9652b852bf0d6bb1f0196d81baff946a4a55dfa1033388461,,0,rq1-exact-623-20260926-5x,0
5to10Traces/0082.trace,01fe863d09d83f5fd862,5to10Traces,plain,18,2,OPTIMAL,0,7,3,unsat,13.408840843003418,,85e0b6913951a8035bbc4049090367795c2e4bb91508b081f9c94ac8b89bb711,,0,rq1-exact-623-20260926-5x,0
5to10Traces/0082.trace,01fe863d09d83f5fd862,5to10Traces,plain,18,2,OPTIMAL,0,7,4,unsat,37.87352860799729,,3520ed8cde53ab2840e84ad6f03ff31c20eedca1ba24393195bdfcd4531b64c7,,0,rq1-exact-623-20260926-5x,0
5to10Traces/0082.trace,01fe863d09d83f5fd862,5to10Traces,plain,18,2,OPTIMAL,0,7,5,unsat,114.07420167799864,,56d18845efa50fa1d3aa748ca9e5aeb7a7249e6c2334471092e6fd2c5fe96d57,,0,rq1-exact-623-20260926-5x,0
5to10Traces/0082.trace,01fe863d09d83f5fd862,5to10Traces,plain,18,2,OPTIMAL,0,7,6,unsat,704.6692872459971,,66a1cdde72eb762341a4cb257d0fb88d059748e1ce8cee71fb6a1b903f739f5e,,0,rq1-exact-623-20260926-5x,0
5to10Traces/0082.trace,01fe863d09d83f5fd862,5to10Traces,plain,18,2,OPTIMAL,0,7,7,sat,471.12826731999667,,136e4ab1f2eb8b7a4d2eab700c7f1b4b5d90cce7cd074e4a0081805b63c84daa,0ffa4f58eabf18027008655df163d25cd8dfe8a68adab9ad2f1972e9f1590e8c,0,rq1-exact-623-20260926-5x,0
5to10Traces/0083.trace,50bf60505b25ad89fc89,5to10Traces,plain,18,2,OPTIMAL,0,5,1,unsat,0.7612405119998584,,5fc8a5fe7e90fe46990ab560395280083c8ecded231c176107c6efe5c6eb0369,,0,rq1-exact-623-20260926-5x,0
5to10Traces/0083.trace,50bf60505b25ad89fc89,5to10Traces,plain,18,2,OPTIMAL,0,5,2,unsat,5.027275741000267,,fc2e4abe952ffd28fb34f427c58c814485787a93aceca631dbae02aacce798a1,,0,rq1-exact-623-20260926-5x,0
5to10Traces/0083.trace,50bf60505b25ad89fc89,5to10Traces,plain,18,2,OPTIMAL,0,5,3,unsat,10.75944043400159,,b2aa67ebdbbc7e0b815bc6567257c4fb571c4fb982025352543309966a893f6d,,0,rq1-exact-623-20260926-5x,0
5to10Traces/0083.trace,50bf60505b25ad89fc89,5to10Traces,plain,18,2,OPTIMAL,0,5,4,unsat,30.555298617999142,,06f4f9c1282d479e10573d7ab9e849793415dd7f68ccf3b43b2b780dfd6b7bcc,,0,rq1-exact-623-20260926-5x,0
5to10Traces/0083.trace,50bf60505b25ad89fc89,5to10Traces,plain,18,2,OPTIMAL,0,5,5,sat,48.16520655900058,,fcf091d27f1717dd683c48f0d8bc3847f31f598097444c673dd919591e1284da,b48b08ac0ab488f9bf440f1d92e8701a63370d8a9913817738cba163448f5451,0,rq1-exact-623-20260926-5x,0
5to10Traces/0084.trace,4cf0451487ef633e1d35,5to10Traces,plain,18,2,OPTIMAL,0,7,1,unsat,1.0747725410037674,,80eaff76dba6d3f295b6e7d2e4f28a8e5bd290152c9db9ce5a1f335f5d623051,,0,rq1-exact-623-20260926-5x,0
5to10Traces/0084.trace,4cf0451487ef633e1d35,5to10Traces,plain,18,2,OPTIMAL,0,7,2,unsat,6.8374655220031855,,2501266cb673425060e9016773db3667e6feb5f1b54ce826959d192d7028a1b9,,0,rq1-exact-623-20260926-5x,0
5to10Traces/0084.trace,4cf0451487ef633e1d35,5to10Traces,plain,18,2,OPTIMAL,0,7,3,unsat,15.217526849002752,,637bc255992fe910f9d77cb36997df27bdbdd89a5fac4773b8f607e9c0dd8d4b,,0,rq1-exact-623-20260926-5x,0
5to10Traces/0084.trace,4cf0451487ef633e1d35,5to10Traces,plain,18,2,OPTIMAL,0,7,4,unsat,35.496811586999684,,e1736f6bd68c1597a43c4ce64d7198219674f0fb98d804a8a42765425c103839,,0,rq1-exact-623-20260926-5x,0
5to10Traces/0084.trace,4cf0451487ef633e1d35,5to10Traces,plain,18,2,OPTIMAL,0,7,5,unsat,125.28592526399734,,cc0623781781c740c9e15a4b1e966a7597a45d3adce2877274b22995321c5023,,0,rq1-exact-623-20260926-5x,0
5to10Traces/0084.trace,4cf0451487ef633e1d35,5to10Traces,plain,18,2,OPTIMAL,0,7,6,unsat,1131.0025413389958,,9aad417374086b54ceb2a9cf11207b31c45fb0fafc548be055e2f70fe52438f4,,0,rq1-exact-623-20260926-5x,0
5to10Traces/0084.trace,4cf0451487ef633e1d35,5to10Traces,plain,18,2,OPTIMAL,0,7,7,sat,849.0917360080057,,b7f0c2a82029c65e6e3d1ff6aed8c36fcbf99d1a2b9ea32b45e92e6fffd80843,a406e1ae54823a50b6b2616ad17f3374473a7caaf9ea2074baa312e3a567b621,0,rq1-exact-623-20260926-5x,0
5to10Traces/0085.trace,7820fd0095ba424169e5,5to10Traces,plain,18,2,OPTIMAL,0,5,1,unsat,0.8480956409985083,,89218933c4c39646be164f36514dcaaf202e8a33135cf21433b651d6dda263cb,,0,rq1-exact-623-20260926-5x,0
5to10Traces/0085.trace,7820fd0095ba424169e5,5to10Traces,plain,18,2,OPTIMAL,0,5,2,unsat,5.549458095998489,,4c3f88471a6c362d5b32fce1272979ec7e5dbbd325062ee59ed265bb29d3ff37,,0,rq1-exact-623-20260926-5x,0
5to10Traces/0085.trace,7820fd0095ba424169e5,5to10Traces,plain,18,2,OPTIMAL,0,5,3,unsat,12.090629583999544,,51ec06f8c3fca7774e146b05896f784f59a9434907665d027f0b81598e27dc39,,0,rq1-exact-623-20260926-5x,0
5to10Traces/0085.trace,7820fd0095ba424169e5,5to10Traces,plain,18,2,OPTIMAL,0,5,4,unsat,35.07906193300005,,eaf026b57376b7b538ce31a608a928e96dd51f04f17c95e09023d8ad0688eb9e,,0,rq1-exact-623-20260926-5x,0
5to10Traces/0085.trace,7820fd0095ba424169e5,5to10Traces,plain,18,2,OPTIMAL,0,5,5,sat,55.33729379000033,,fd5d423d6f607fb845351f3121437540a77798f1ab17a896b69c80dded6aca64,b48b08ac0ab488f9bf440f1d92e8701a63370d8a9913817738cba163448f5451,0,rq1-exact-623-20260926-5x,0
5to10Traces/0086.trace,df298dcc2e3ef24e7249,5to10Traces,plain,18,2,OPTIMAL,0,7,1,unsat,1.213567304002936,,18d764ec4bd9b048b4569aba9283181ee7c4b92f127b62c871c1aeec3c6d5535,,0,rq1-exact-623-20260926-5x,0
5to10Traces/0086.trace,df298dcc2e3ef24e7249,5to10Traces,plain,18,2,OPTIMAL,0,7,2,unsat,7.815373807003198,,771a693066b8a890cced1a3e1a2983128507f64f0a20bfd45c9057ad6af23499,,0,rq1-exact-623-20260926-5x,0
5to10Traces/0086.trace,df298dcc2e3ef24e7249,5to10Traces,plain,18,2,OPTIMAL,0,7,3,unsat,17.178730963001726,,a0a6bd7f832f859c07905957269a53aebe5cd29278d7af9610c7d0c6c1a4c501,,0,rq1-exact-623-20260926-5x,0
5to10Traces/0086.trace,df298dcc2e3ef24e7249,5to10Traces,plain,18,2,OPTIMAL,0,7,4,unsat,47.74240508799994,,cba456d10fb3d028818e21075480b471633dbf2bad3a96b72dc565455923e1c8,,0,rq1-exact-623-20260926-5x,0
5to10Traces/0086.trace,df298dcc2e3ef24e7249,5to10Traces,plain,18,2,OPTIMAL,0,7,5,unsat,228.85865572700277,,24d5bd16b615caab9d458c221e508e22c1a453d7d02a33d624126c9aa6606b16,,0,rq1-exact-623-20260926-5x,0
5to10Traces/0086.trace,df298dcc2e3ef24e7249,5to10Traces,plain,18,2,OPTIMAL,0,7,6,unsat,1046.3351832370026,,3dd30a5908c773fe676231a91e81d43804389debae81bc2ffb3864be731e8815,,0,rq1-exact-623-20260926-5x,0
5to10Traces/0086.trace,df298dcc2e3ef24e7249,5to10Traces,plain,18,2,OPTIMAL,0,7,7,sat,167.20450633900327,,aa2bf9b89361c403fc9d3d180ec0d94df048ee12b9a77e99d0e5b730b939235b,a4925290797e521b71937ecf6d5db0cef77a982873b4599d158a9a886cb66b6a,0,rq1-exact-623-20260926-5x,0
5to10Traces/0087.trace,fa591f0019bdf0ba72a2,5to10Traces,plain,18,2,OPTIMAL,0,5,1,unsat,0.9306681230009417,,4c7e4957433315a24300a29f7e985565d75c9e2688f0ab232aa734b7cf26ea4d,,0,rq1-exact-623-20260926-5x,0
5to10Traces/0087.trace,fa591f0019bdf0ba72a2,5to10Traces,plain,18,2,OPTIMAL,0,5,2,unsat,6.1678781819991855,,e95d529ba4bf69c35cf936e293fd678cc73e82994178dbef9bfefa8c960f0148,,0,rq1-exact-623-20260926-5x,0
5to10Traces/0087.trace,fa591f0019bdf0ba72a2,5to10Traces,plain,18,2,OPTIMAL,0,5,3,unsat,13.202175737000289,,743409b6577cdd80da0298e88b19373e997df818243c89e3b62e4ed77e639f1a,,0,rq1-exact-623-20260926-5x,0
5to10Traces/0087.trace,fa591f0019bdf0ba72a2,5to10Traces,plain,18,2,OPTIMAL,0,5,4,unsat,32.89775569899939,,218f6d9715fa8e87c75e2ac74c11d249d0392e9be0f0d6c9cee6c373c3360d19,,0,rq1-exact-623-20260926-5x,0
5to10Traces/0087.trace,fa591f0019bdf0ba72a2,5to10Traces,plain,18,2,OPTIMAL,0,5,5,sat,38.327574151999215,,70cea025a48c51579545c7f50ae2374e51baf829a3ee69d398999f73ba5363dc,38365be8ae47d07d60aa13fe887375d6c8310d14fbd69a79c0b2858bcfdd1b17,0,rq1-exact-623-20260926-5x,0
5to10Traces/0088.trace,d1f3841b8987a2838401,5to10Traces,plain,3,2,OPTIMAL,0,2,1,unsat,0.02840314600007332,,628a53f8a9ffe451e906b1af2b5955a9d468ea7e201621508d30e70d295c4707,,0,rq1-exact-623-20260926-5x,0
5to10Traces/0088.trace,d1f3841b8987a2838401,5to10Traces,plain,3,2,OPTIMAL,0,2,2,sat,0.09886768000001211,,fc876bf1b136e7bbb1e893f26e63f32960d95772cead3067b1b56b3937ab413a,b1f5e101b593c60918517e6397ce9e31d4fbaaa443c21f9e47f963d02ed9c3b1,0,rq1-exact-623-20260926-5x,0
5to10Traces/0090.trace,c04def4b066f97f3b331,5to10Traces,plain,3,2,OPTIMAL,0,2,1,unsat,0.07484135899994726,,b93fd58436842903d9b784e11f8065f4a272b78fe16670f2c7c6abacc274a595,,0,rq1-exact-623-20260926-5x,0
5to10Traces/0090.trace,c04def4b066f97f3b331,5to10Traces,plain,3,2,OPTIMAL,0,2,2,sat,0.4659929489998831,,aa0230afcf293467f8b9bb4ba3b5e6b537ca1bf619a4564d1e89011e434beaaa,b1f5e101b593c60918517e6397ce9e31d4fbaaa443c21f9e47f963d02ed9c3b1,0,rq1-exact-623-20260926-5x,0
5to10Traces/0091.trace,606ac866fc5b11ae61d2,5to10Traces,plain,3,2,OPTIMAL,0,2,1,unsat,0.07926457300004586,,fd5ddeb3a0bb109ecc6b5ff0c479e7004d9b62ecf053ed02967698ad5fcc9cbf,,0,rq1-exact-623-20260926-5x,0
5to10Traces/0091.trace,606ac866fc5b11ae61d2,5to10Traces,plain,3,2,OPTIMAL,0,2,2,sat,0.5102163940000537,,90667ab8a2a6a24066e5685aa1ddfab8ee31d3db9982fdfafdf43fca3ffc986c,b1f5e101b593c60918517e6397ce9e31d4fbaaa443c21f9e47f963d02ed9c3b1,0,rq1-exact-623-20260926-5x,0
5to10Traces/0092.trace,8607646d8f3d4ec6f273,5to10Traces,plain,3,2,OPTIMAL,0,2,1,unsat,0.1426106639999034,,4373a34f660bf27b06300d5cf240131c5ebfa8f1fd2b9b9327a5118de46f34f0,,0,rq1-exact-623-20260926-5x,0
5to10Traces/0092.trace,8607646d8f3d4ec6f273,5to10Traces,plain,3,2,OPTIMAL,0,2,2,sat,0.9847988070000611,,fc3d7a7cdc2d25841bbe5ce00e2af32abaf141beebf5f9f15b98bc50d5b9d36e,b1f5e101b593c60918517e6397ce9e31d4fbaaa443c21f9e47f963d02ed9c3b1,0,rq1-exact-623-20260926-5x,0
5to10Traces/0093.trace,3ea769d6a5d30301b209,5to10Traces,plain,3,2,OPTIMAL,0,2,1,unsat,0.13679427299985036,,6131b4d7d526749040e3aafb631dcb6bdba4b4b8bbbc5b873055718db5ffc892,,0,rq1-exact-623-20260926-5x,0
5to10Traces/0093.trace,3ea769d6a5d30301b209,5to10Traces,plain,3,2,OPTIMAL,0,2,2,sat,0.9775233269999717,,326ab569b267a849ace69ca7123aeff6f48afbe1b835591586e4c23b7a5adb22,b1f5e101b593c60918517e6397ce9e31d4fbaaa443c21f9e47f963d02ed9c3b1,0,rq1-exact-623-20260926-5x,0
5to10Traces/0094.trace,afedb5a164649ddb0969,5to10Traces,plain,3,2,OPTIMAL,0,2,1,unsat,0.18789545700019517,,ace53dab684768c0a72f498b2a4efc265af7804084a2df395b1c1c23a0259a87,,0,rq1-exact-623-20260926-5x,0
5to10Traces/0094.trace,afedb5a164649ddb0969,5to10Traces,plain,3,2,OPTIMAL,0,2,2,sat,1.398382447999893,,56372b41667643fd3a73a4d6cc8f858ca05372870db527ad46a1b239c2d8e533,b1f5e101b593c60918517e6397ce9e31d4fbaaa443c21f9e47f963d02ed9c3b1,0,rq1-exact-623-20260926-5x,0
5to10Traces/0095.trace,8611b44313877d4eee92,5to10Traces,plain,3,2,OPTIMAL,0,2,1,unsat,0.20182660800014673,,794437f1ba38eff839490f01ac3b19388ecc7767449a382fb1cbeb001ed3391c,,0,rq1-exact-623-20260926-5x,0
5to10Traces/0095.trace,8611b44313877d4eee92,5to10Traces,plain,3,2,OPTIMAL,0,2,2,sat,1.532156483000108,,9e1abb23f46d8ca4bc571fc3e654a5f4e42473da5a44ae538cd96820e2538d02,b1f5e101b593c60918517e6397ce9e31d4fbaaa443c21f9e47f963d02ed9c3b1,0,rq1-exact-623-20260926-5x,0
5to10Traces/0096.trace,21aab346f5e499208eba,5to10Traces,plain,3,2,OPTIMAL,0,2,1,unsat,0.249902142999872,,047045003817fcf8de2622e48b642a6d9afb977f875ee84dbf97a82b8e7b4e3f,,0,rq1-exact-623-20260926-5x,0
5to10Traces/0096.trace,21aab346f5e499208eba,5to10Traces,plain,3,2,OPTIMAL,0,2,2,sat,1.8864181379999536,,9789ebbe6481e440b19932745fb6fb7ae694a37c6d1475af591c02a849e5f36d,b1f5e101b593c60918517e6397ce9e31d4fbaaa443c21f9e47f963d02ed9c3b1,0,rq1-exact-623-20260926-5x,0
5to10Traces/0097.trace,7bb59f8193f85b46d241,5to10Traces,plain,3,2,OPTIMAL,0,2,1,unsat,0.2538031240001146,,fa175c290493b28232c34bd11792592f6540af04870584f636d92084ec654369,,0,rq1-exact-623-20260926-5x,0
5to10Traces/0097.trace,7bb59f8193f85b46d241,5to10Traces,plain,3,2,OPTIMAL,0,2,2,sat,1.9427915680000751,,be74cdb1e7eff82ffaf909cfbaaac12a758b9d8eaf84fd4ed16f3dab4f237953,b1f5e101b593c60918517e6397ce9e31d4fbaaa443c21f9e47f963d02ed9c3b1,0,rq1-exact-623-20260926-5x,0
5to10Traces/0098.trace,ee39761a6f02ecd35acf,5to10Traces,plain,3,2,OPTIMAL,0,2,1,unsat,0.3034549999999854,,eca2a2768e344b19f3ba043c9ef158de17c2d21f9f8c7913ca809bad7b13f495,,0,rq1-exact-623-20260926-5x,0
5to10Traces/0098.trace,ee39761a6f02ecd35acf,5to10Traces,plain,3,2,OPTIMAL,0,2,2,sat,2.3944303069999933,,8c7c9054de0d161b3412c0f2970b092e811ede87cd606af5c0c5203d3680f2cf,b1f5e101b593c60918517e6397ce9e31d4fbaaa443c21f9e47f963d02ed9c3b1,0,rq1-exact-623-20260926-5x,0
5to10Traces/0099.trace,ceff28633009f60032cf,5to10Traces,plain,3,2,OPTIMAL,0,2,1,unsat,0.3177516190000915,,1f565283c70c5df75d688419a824a642960e6d0534e7950128ff77a83894a891,,0,rq1-exact-623-20260926-5x,0
5to10Traces/0099.trace,ceff28633009f60032cf,5to10Traces,plain,3,2,OPTIMAL,0,2,2,sat,2.5083616670001447,,8f18ff0dbe2eebd7bc6e3f4ce6e129f622539181232241391acedaccc145193c,b1f5e101b593c60918517e6397ce9e31d4fbaaa443c21f9e47f963d02ed9c3b1,0,rq1-exact-623-20260926-5x,0
5to10Traces/0100.trace,18cea1e32a15e52b3369,5to10Traces,plain,3,2,OPTIMAL,0,2,1,unsat,0.3677423149999868,,9eafdcff6076c631d3074e4b46b2bc790f079a234c506f1b3890d73e0b24657c,,0,rq1-exact-623-20260926-5x,0
5to10Traces/0100.trace,18cea1e32a15e52b3369,5to10Traces,plain,3,2,OPTIMAL,0,2,2,sat,2.9158046299999114,,6068971b7c9ac7505f77c7df6a96e5cce83f05d5609a7e3b29a72efb58178892,b1f5e101b593c60918517e6397ce9e31d4fbaaa443c21f9e47f963d02ed9c3b1,0,rq1-exact-623-20260926-5x,0
5to10Traces/0101.trace,857d588df2050ec0b704,5to10Traces,plain,3,2,OPTIMAL,0,2,1,unsat,0.38013441599991893,,53bcca97a39edf71cbb1870f0c1b4980bd524fffb792cd03734bbaca547c1d3a,,0,rq1-exact-623-20260926-5x,0
5to10Traces/0101.trace,857d588df2050ec0b704,5to10Traces,plain,3,2,OPTIMAL,0,2,2,sat,3.0578182480001033,,dba31fd8a516ec7a14a7100374cc21b6a103acbc17c2f10ea24f065f0e1c8a68,b1f5e101b593c60918517e6397ce9e31d4fbaaa443c21f9e47f963d02ed9c3b1,0,rq1-exact-623-20260926-5x,0
5to10Traces/0102.trace,949cc403c3b03a69ca70,5to10Traces,plain,3,2,OPTIMAL,0,2,1,unsat,0.4123379689999638,,5265f5993dbadac8f9cb7ba0266179a67044d9565c2d469f817507297b2581e3,,0,rq1-exact-623-20260926-5x,0
5to10Traces/0102.trace,949cc403c3b03a69ca70,5to10Traces,plain,3,2,OPTIMAL,0,2,2,sat,3.2845860209999955,,6e0930b392519237ec4cb2c19a966d47277c859639b6c87583e243eff7c8cc26,b1f5e101b593c60918517e6397ce9e31d4fbaaa443c21f9e47f963d02ed9c3b1,0,rq1-exact-623-20260926-5x,0
5to10Traces/0103.trace,0da9deadefde9a6ef73d,5to10Traces,plain,3,2,OPTIMAL,0,2,1,unsat,0.42583207899997433,,3e81fa6b9851536160927a4794e9d8cb98b8f004e6e585487ed0f4aad9adb90f,,0,rq1-exact-623-20260926-5x,0
5to10Traces/0103.trace,0da9deadefde9a6ef73d,5to10Traces,plain,3,2,OPTIMAL,0,2,2,sat,3.432353918999979,,b460a115526ccc440e0a46e9e86e96d77e67af2996b7e9d9603da5784e2462c5,b1f5e101b593c60918517e6397ce9e31d4fbaaa443c21f9e47f963d02ed9c3b1,0,rq1-exact-623-20260926-5x,0
5to10Traces/0104.trace,6958110de129ff82ead4,5to10Traces,plain,3,2,OPTIMAL,0,2,1,unsat,0.4835798840001644,,4eb2ef0dce4317f984b9d9dd7ec04eef4257c10e88701c6db438882bdf96d411,,0,rq1-exact-623-20260926-5x,0
5to10Traces/0104.trace,6958110de129ff82ead4,5to10Traces,plain,3,2,OPTIMAL,0,2,2,sat,3.7741313999999875,,8558c5cbcda8f44e170a94a77fddbbbded12954beb762bb4f94424e69a323480,b1f5e101b593c60918517e6397ce9e31d4fbaaa443c21f9e47f963d02ed9c3b1,0,rq1-exact-623-20260926-5x,0
5to10Traces/0105.trace,d3c3e51e943ef06be72d,5to10Traces,plain,3,2,OPTIMAL,0,2,1,unsat,0.4889164830001391,,d0a6da7ff9ad322e0c03cd24a7161df2b839275b0ffd8e161fd63adeb306864c,,0,rq1-exact-623-20260926-5x,0
5to10Traces/0105.trace,d3c3e51e943ef06be72d,5to10Traces,plain,3,2,OPTIMAL,0,2,2,sat,4.04756214300005,,450d8ba9712563f507f11a0a471603f6d04e5a749e3c08745fbfd7c06f0c286d,b1f5e101b593c60918517e6397ce9e31d4fbaaa443c21f9e47f963d02ed9c3b1,0,rq1-exact-623-20260926-5x,0
5to10Traces/0106.trace,f3bef946e934300600b8,5to10Traces,plain,3,2,OPTIMAL,0,2,1,unsat,0.5296637179999379,,370f3645b976f830ebe2ff5836d1199efc3c8e0a06ee688ab722e1464a64062e,,0,rq1-exact-623-20260926-5x,0
5to10Traces/0106.trace,f3bef946e934300600b8,5to10Traces,plain,3,2,OPTIMAL,0,2,2,sat,4.225378747999912,,af9c85becf97cf6cf062be54407be39be6c330f77a22fb959ec4a4b1e6265f45,b1f5e101b593c60918517e6397ce9e31d4fbaaa443c21f9e47f963d02ed9c3b1,0,rq1-exact-623-20260926-5x,0
5to10Traces/0107.trace,951d944d17eb0a254502,5to10Traces,plain,3,2,OPTIMAL,0,2,1,unsat,0.559232953999981,,8bd7e5f7bd642aa84eaa8d5664045baf1ef4c3453045d25130cccf5cf02e8494,,0,rq1-exact-623-20260926-5x,0
5to10Traces/0107.trace,951d944d17eb0a254502,5to10Traces,plain,3,2,OPTIMAL,0,2,2,sat,4.577657272000124,,be5aa0a642d395f3ffa07b75903308679a90668ad64da9c4e9398281fe589a53,b1f5e101b593c60918517e6397ce9e31d4fbaaa443c21f9e47f963d02ed9c3b1,0,rq1-exact-623-20260926-5x,0
5to10Traces/0108.trace,aa5e995da6d68d58ee21,5to10Traces,plain,3,2,OPTIMAL,0,2,1,unsat,0.5926983310000651,,53a8e4a69712a77a79e83b2ea5f5d4d0d36bf8726396b8a7e4c92f6bc73b16f7,,0,rq1-exact-623-20260926-5x,0
5to10Traces/0108.trace,aa5e995da6d68d58ee21,5to10Traces,plain,3,2,OPTIMAL,0,2,2,sat,4.8197824740000215,,5ab2d9146f816bb473a26c9d3cf9432e910a3b3008f17c21bb9835107a8f49aa,b1f5e101b593c60918517e6397ce9e31d4fbaaa443c21f9e47f963d02ed9c3b1,0,rq1-exact-623-20260926-5x,0
5to10Traces/0109.trace,badd7ac3390b235db9b4,5to10Traces,plain,3,2,OPTIMAL,0,2,1,unsat,0.6299344149999797,,0ef6ce0237bb634605972b833bd325180dfa65a543d485352ef71b1d0cba0947,,0,rq1-exact-623-20260926-5x,0
5to10Traces/0109.trace,badd7ac3390b235db9b4,5to10Traces,plain,3,2,OPTIMAL,0,2,2,sat,5.158468125999889,,2bbcc4f47fc1322e3659c98e7e42a9986d547da630022947628330455b973b40,b1f5e101b593c60918517e6397ce9e31d4fbaaa443c21f9e47f963d02ed9c3b1,0,rq1-exact-623-20260926-5x,0
5to10Traces/0110.trace,db9e8526602a9dc63389,5to10Traces,plain,67,2,OPTIMAL,0,2,1,unsat,0.03746468399913283,,0f30ee43e76b8a93d5d115cd7ab7726495118f8222ae2367ea3ee7eb1bbb422b,,0,rq1-exact-623-20260926-5x,0
5to10Traces/0110.trace,db9e8526602a9dc63389,5to10Traces,plain,67,2,OPTIMAL,0,2,2,sat,0.1084103220000543,,f856c89018470f28ef3d35d04b0457f33a61fa768cf9a75183f7a1b9fef925a2,a62907710eed84b61d7d22988cf9ac12b1a0fdb9643f9dd9efae878fcbdca8fb,0,rq1-exact-623-20260926-5x,0
5to10Traces/0112.trace,c463673727b6ef4460b4,5to10Traces,plain,67,2,OPTIMAL,0,2,1,unsat,0.09701216500070586,,eb606e94f631228b5b599fc30271888ffce6a09fe004c630b1969b75cc6b5a74,,0,rq1-exact-623-20260926-5x,0
5to10Traces/0112.trace,c463673727b6ef4460b4,5to10Traces,plain,67,2,OPTIMAL,0,2,2,sat,0.43361633799941046,,0f9303f54ae0cca91673be07d6d844c98a30841f182f9b8ade4012d3e087bb02,a62907710eed84b61d7d22988cf9ac12b1a0fdb9643f9dd9efae878fcbdca8fb,0,rq1-exact-623-20260926-5x,0
5to10Traces/0114.trace,284fa4f76815844a918e,5to10Traces,plain,67,2,TIMEOUT,,,1,unsat,0.2874876479982049,,a539bd248414e4896f354de4140194445ea63fed919f42ae0c248cf5b66893ae,,0,rq1-exact-623-20260926-5x,0
5to10Traces/0114.trace,284fa4f76815844a918e,5to10Traces,plain,67,2,TIMEOUT,,,2,unsat,1.4444859890063526,,ca04b0cf02951ccdcc4e8097d213e9ef027384e96d3db2f3c4d05ba8c1b323aa,,0,rq1-exact-623-20260926-5x,0
5to10Traces/0114.trace,284fa4f76815844a918e,5to10Traces,plain,67,2,TIMEOUT,,,3,unsat,3.1785485849977704,,496321c0aa02aaef9d3d3296e208d35fef247a0189437714475c09b746dc7eff,,0,rq1-exact-623-20260926-5x,0
5to10Traces/0114.trace,284fa4f76815844a918e,5to10Traces,plain,67,2,TIMEOUT,,,4,unsat,6.914706401003059,,941652240d670887cf2b88f2724d4361708059b1902dec4b338aa4c9f1b8aa33,,0,rq1-exact-623-20260926-5x,0
5to10Traces/0114.trace,284fa4f76815844a918e,5to10Traces,plain,67,2,TIMEOUT,,,5,unsat,27.307166476995917,,b31ca1efc8ac409fc8c66d47f681be345811907a9ebf39b46d2cc0884a7e6eb2,,0,rq1-exact-623-20260926-5x,0
5to10Traces/0114.trace,284fa4f76815844a918e,5to10Traces,plain,67,2,TIMEOUT,,,6,unsat,158.78468748599698,,8b9e6f356c0865f047d1a3220e4aef73b973e4d3ca30b2108b0fb928b2f58a4b,,0,rq1-exact-623-20260926-5x,0
5to10Traces/0114.trace,284fa4f76815844a918e,5to10Traces,plain,67,2,TIMEOUT,,,7,unsat,787.4705842309995,,ed45425ab654e7338d8fe88c9a2bb7775f64703bcbdb7b254a1447fe39f8e529,,0,rq1-exact-623-20260926-5x,0
5to10Traces/0114.trace,284fa4f76815844a918e,5to10Traces,plain,67,2,TIMEOUT,,,8,unknown,1512.4593484529978,timeout,8481513410a72366da228770c4438b6b8349484e35e2bdd364524fd20fc2c3b2,,0,rq1-exact-623-20260926-5x,0
5to10Traces/0116.trace,5baceb0da562e46724a5,5to10Traces,plain,67,2,OPTIMAL,0,7,1,unsat,0.29161991000000853,,096a4f78b3a5069ccbbcce0c033083ddfeff83b7be90c7e88ce193289220e6d0,,0,rq1-exact-623-20260926-5x,0
5to10Traces/0116.trace,5baceb0da562e46724a5,5to10Traces,plain,67,2,OPTIMAL,0,7,2,unsat,1.519779591999395,,19d216e8b4a508802b5e03c7467d50667c60e3fb70b58cb90b8324ceb241caf3,,0,rq1-exact-623-20260926-5x,0
5to10Traces/0116.trace,5baceb0da562e46724a5,5to10Traces,plain,67,2,OPTIMAL,0,7,3,unsat,3.299332435000906,,b9644fb647b5c641d000aa18c4a8d8145d5b5a37a9026d6b7d76837264e107ab,,0,rq1-exact-623-20260926-5x,0
5to10Traces/0116.trace,5baceb0da562e46724a5,5to10Traces,plain,67,2,OPTIMAL,0,7,4,unsat,7.19188261599993,,74fdbc8f194bc89b46014701de5e57b9de77f4e08378040dad32c7df0d864383,,0,rq1-exact-623-20260926-5x,0
5to10Traces/0116.trace,5baceb0da562e46724a5,5to10Traces,plain,67,2,OPTIMAL,0,7,5,unsat,31.40713753199998,,c9bbe9be0302fc3e6fc2eba5d3b508ea9c9e9816764940b4ef86edf39cb0fabe,,0,rq1-exact-623-20260926-5x,0
5to10Traces/0116.trace,5baceb0da562e46724a5,5to10Traces,plain,67,2,OPTIMAL,0,7,6,unsat,203.4422077170002,,5dd8a78e924654208d64c706482053303a9680b3974f84460ec75590287f0456,,0,rq1-exact-623-20260926-5x,0
5to10Traces/0116.trace,5baceb0da562e46724a5,5to10Traces,plain,67,2,OPTIMAL,0,7,7,sat,81.51472898900101,,1a7bc33a763d6f1fb9090a6decd426d551debda869160eb664b7995080c060d7,60f196225b645f482773f0d948a0a98fd26b8923eba61520e12e9cf10fe22447,0,rq1-exact-623-20260926-5x,0
5to10Traces/0117.trace,005af8af24c523788c62,5to10Traces,plain,67,2,OPTIMAL,0,4,1,unsat,0.3345580580007663,,0878b7a705903bf0c7d1ddae534d1f8a25074ea2bf3906429223177c387cd7ae,,0,rq1-exact-623-20260926-5x,0
5to10Traces/0117.trace,005af8af24c523788c62,5to10Traces,plain,67,2,OPTIMAL,0,4,2,unsat,1.7504216180004732,,a242bbec2bb68461648379d4c81e0f5f4bb1b634756c39b2c11c79cb4a36d595,,0,rq1-exact-623-20260926-5x,0
5to10Traces/0117.trace,005af8af24c523788c62,5to10Traces,plain,67,2,OPTIMAL,0,4,3,unsat,3.8208012809991487,,04db8a935dc79d1dcf4379253acec4f1fd72dc0f769fdae6c9b6f409b6be3bea,,0,rq1-exact-623-20260926-5x,0
5to10Traces/0117.trace,005af8af24c523788c62,5to10Traces,plain,67,2,OPTIMAL,0,4,4,sat,6.910681143999682,,d9429d2340e7b40a85977a751bfd23624d10fc2f9883fcd63233e628add75490,45f9d58c4d3ce78a396e54cb4f1e695ac78a16269d51f1eb194749440ac06c81,0,rq1-exact-623-20260926-5x,0
5to10Traces/0118.trace,bb8b1b2c26661b7268d8,5to10Traces,plain,67,2,TIMEOUT,,,1,unsat,0.5056699560009292,,2072b6408aae55318768a41fb6f324db438a0a8cf651a775400fd1ae2bd6a7ea,,0,rq1-exact-623-20260926-5x,0
5to10Traces/0118.trace,bb8b1b2c26661b7268d8,5to10Traces,plain,67,2,TIMEOUT,,,2,unsat,2.6819555049951305,,0c610a8ab8df9e6995fc8df1cd2cd6c17f6b79e5fe4b927c4c3a4ee8da74155a,,0,rq1-exact-623-20260926-5x,0
5to10Traces/0118.trace,bb8b1b2c26661b7268d8,5to10Traces,plain,67,2,TIMEOUT,,,3,unsat,5.94814732499799,,e27c4a213dd8946db9cf538ae646bc613daf5b6effd07e4638c26b4019131729,,0,rq1-exact-623-20260926-5x,0
5to10Traces/0118.trace,bb8b1b2c26661b7268d8,5to10Traces,plain,67,2,TIMEOUT,,,4,unsat,13.158216178999282,,6c7ad74a2fc09ec7402699525dbc0bdaf2251da5c37864154bbd6f5ffbee467a,,0,rq1-exact-623-20260926-5x,0
5to10Traces/0118.trace,bb8b1b2c26661b7268d8,5to10Traces,plain,67,2,TIMEOUT,,,5,unsat,51.24698625400197,,3f15822be8d88fde9440cb13b171b416ca978ace1018b2d99cf2627bae068264,,0,rq1-exact-623-20260926-5x,0
5to10Traces/0118.trace,bb8b1b2c26661b7268d8,5to10Traces,plain,67,2,TIMEOUT,,,6,unsat,416.0962616720062,,487763bd91c706dc905d69ea97d9bbecb6aff41ccdf9ee003c8b438a264d67e0,,0,rq1-exact-623-20260926-5x,0
5to10Traces/0118.trace,bb8b1b2c26661b7268d8,5to10Traces,plain,67,2,TIMEOUT,,,7,unknown,1519.0162184029978,timeout,dd9f7789781fcaea2896b3b5d6eb57d7bbe6b06725b3ab0dee803cc780fe4520,,0,rq1-exact-623-20260926-5x,0
5to10Traces/0119.trace,c4025e52f2b77d358eaa,5to10Traces,plain,67,2,OPTIMAL,0,2,1,unsat,0.42436590700162924,,b036bb25748538e8b54e256e382faf9ac6be37c7df121100c0a4c6d0fbcaed27,,0,rq1-exact-623-20260926-5x,0
5to10Traces/0119.trace,c4025e52f2b77d358eaa,5to10Traces,plain,67,2,OPTIMAL,0,2,2,sat,2.3090550289998646,,aa1772c3634d0a17bbc457b33205180d39632dba5a06f89edcc788669994e4d4,a62907710eed84b61d7d22988cf9ac12b1a0fdb9643f9dd9efae878fcbdca8fb,0,rq1-exact-623-20260926-5x,0
5to10Traces/0120.trace,d7f330b1209004d82fcf,5to10Traces,plain,67,2,OPTIMAL,0,2,1,unsat,0.41348307299995213,,d503d7416db32718535800a47b6c24859e4a7bdd20d7c5ac1ac267b42fbedeb5,,0,rq1-exact-623-20260926-5x,0
5to10Traces/0120.trace,d7f330b1209004d82fcf,5to10Traces,plain,67,2,OPTIMAL,0,2,2,sat,2.198993275000248,,030d795758e2b214754c291642d999df008434cb4c6a75d6c55d9846a0f76dbc,a62907710eed84b61d7d22988cf9ac12b1a0fdb9643f9dd9efae878fcbdca8fb,0,rq1-exact-623-20260926-5x,0
5to10Traces/0121.trace,19a93c73f63338a0d444,5to10Traces,plain,67,2,OPTIMAL,0,2,1,unsat,0.5298562410007435,,0ac216a0fcc733fa62afd40a6c9d4f886d5a9d15c8246b93aead6b1d6a6ca72c,,0,rq1-exact-623-20260926-5x,0
5to10Traces/0121.trace,19a93c73f63338a0d444,5to10Traces,plain,67,2,OPTIMAL,0,2,2,sat,2.9725400440001977,,c71b4a20eef9b0f8d5c87de4df2554dca57611c830f53546221eda8c2ffe3eb7,a62907710eed84b61d7d22988cf9ac12b1a0fdb9643f9dd9efae878fcbdca8fb,0,rq1-exact-623-20260926-5x,0
5to10Traces/0122.trace,e3200b3320441c50b4aa,5to10Traces,plain,67,2,TIMEOUT,,,1,unsat,0.7936273300001631,,0cfbf4246ee07b241be1973ae923cfe7bf2d303ce9912f305c2b351225d3df87,,0,rq1-exact-623-20260926-5x,0
5to10Traces/0122.trace,e3200b3320441c50b4aa,5to10Traces,plain,67,2,TIMEOUT,,,2,unsat,4.343695341995044,,3d881e3cf24e39f8ada8b97fcdc4803e8e6ea01fdf9076d565104614c6239137,,0,rq1-exact-623-20260926-5x,0
5to10Traces/0122.trace,e3200b3320441c50b4aa,5to10Traces,plain,67,2,TIMEOUT,,,3,unsat,9.498170918996038,,c30aea0216fbcd6f352ea3d9bf9bbda341842c3b0f61ec75677a7e0849c39bcb,,0,rq1-exact-623-20260926-5x,0
5to10Traces/0122.trace,e3200b3320441c50b4aa,5to10Traces,plain,67,2,TIMEOUT,,,4,unsat,25.088498080003774,,88bec1d1809267478a16a0e611c8616067e40da9fe563831b30f9b6e7b78a93d,,0,rq1-exact-623-20260926-5x,0
5to10Traces/0122.trace,e3200b3320441c50b4aa,5to10Traces,plain,67,2,TIMEOUT,,,5,unsat,95.32545228700474,,5704fb0905de14cf614b77e09b9f5047a4001b26decc102ca4456b87ef3316d2,,0,rq1-exact-623-20260926-5x,0
5to10Traces/0122.trace,e3200b3320441c50b4aa,5to10Traces,plain,67,2,TIMEOUT,,,6,unsat,771.620994082994,,2f67d1a96c275b50b2c43c74ff729f952a7d95eaaca5b4a5508c658f967fd88c,,0,rq1-exact-623-20260926-5x,0
5to10Traces/0122.trace,e3200b3320441c50b4aa,5to10Traces,plain,67,2,TIMEOUT,,,7,unknown,1530.6654428600013,timeout,d1e78ab9083f73d928aea01ee25ffc31b771e22fb981c8dfd2a57ba87e88bf34,,0,rq1-exact-623-20260926-5x,0
5to10Traces/0124.trace,84be0f222006cf0a33c1,5to10Traces,plain,67,2,TIMEOUT,,,1,unsat,0.847247771002003,,9a99e1b4aba5807370929931af325d3e9b92d584348f93ca3af2f359b4e2556f,,0,rq1-exact-623-20260926-5x,0
5to10Traces/0124.trace,84be0f222006cf0a33c1,5to10Traces,plain,67,2,TIMEOUT,,,2,unsat,4.6599223380035255,,5787530953d733dcea51d8426fcc6ab7cecff7acf826f32b66a5321e668f4eb1,,0,rq1-exact-623-20260926-5x,0
5to10Traces/0124.trace,84be0f222006cf0a33c1,5to10Traces,plain,67,2,TIMEOUT,,,3,unsat,10.50924351499998,,6de741354737251707384bfba38fa71f0acd635deb9675144e82f606d6280f4c,,0,rq1-exact-623-20260926-5x,0
5to10Traces/0124.trace,84be0f222006cf0a33c1,5to10Traces,plain,67,2,TIMEOUT,,,4,unsat,24.543985735006572,,cf3200c202cc099ce79e1f1f490f8cae0383ce8248c242a9b316f5fb2136ffd0,,0,rq1-exact-623-20260926-5x,0
5to10Traces/0124.trace,84be0f222006cf0a33c1,5to10Traces,plain,67,2,TIMEOUT,,,5,unsat,113.96287021999888,,2860a22745647bba3c369b21d3e48a92260cb0b4a0c0ba6c05d2b0dcbebc3393,,0,rq1-exact-623-20260926-5x,0
5to10Traces/0124.trace,84be0f222006cf0a33c1,5to10Traces,plain,67,2,TIMEOUT,,,6,unsat,854.7521479670031,,b6b32601c3c44a72a709d3e1e0faaccfa5066d828b1b163b1759786c8a5ab20e,,0,rq1-exact-623-20260926-5x,0
5to10Traces/0124.trace,84be0f222006cf0a33c1,5to10Traces,plain,67,2,TIMEOUT,,,7,unknown,1533.0145042039949,timeout,cba401fe2d40853f2ee3619c2053ce2cca18df5fd77b091eb0b1256ee9ed4706,,0,rq1-exact-623-20260926-5x,0
5to10Traces/0125.trace,4519b24804f7fe4d7c37,5to10Traces,plain,67,2,OPTIMAL,0,2,1,unsat,0.7650334350000776,,2680c27cea3068c9d6b1e675be0e50d7faa5079ea6db8613fd30fc2f5c13b552,,0,rq1-exact-623-20260926-5x,0
5to10Traces/0125.trace,4519b24804f7fe4d7c37,5to10Traces,plain,67,2,OPTIMAL,0,2,2,sat,4.244722019000619,,5e5d4d9381944fa2ce7961c599199489f3337c87ef47ff4a07de585a2b7b36d1,a62907710eed84b61d7d22988cf9ac12b1a0fdb9643f9dd9efae878fcbdca8fb,0,rq1-exact-623-20260926-5x,0
5to10Traces/0126.trace,f7049eeaae035bd1af62,5to10Traces,plain,67,2,TIMEOUT,,,1,unsat,1.0162258470008965,,34fac05c4f3fc912c4eea51297f1acaf6499cd02057bdcf8d53937bccf85d174,,0,rq1-exact-623-20260926-5x,0
5to10Traces/0126.trace,f7049eeaae035bd1af62,5to10Traces,plain,67,2,TIMEOUT,,,2,unsat,5.599139118996391,,7479125988e07c0c9597391d87d3f820035957fd9f2a987b406cd38ff566edc6,,0,rq1-exact-623-20260926-5x,0
5to10Traces/0126.trace,f7049eeaae035bd1af62,5to10Traces,plain,67,2,TIMEOUT,,,3,unsat,16.023981544996786,,45f5088777cc7710daf4029d3ec3778ce49657c0d180587a08efe985f675213b,,0,rq1-exact-623-20260926-5x,0
5to10Traces/0126.trace,f7049eeaae035bd1af62,5to10Traces,plain,67,2,TIMEOUT,,,4,unsat,30.382484538000426,,e81c2cbf8944c4ea4a5601350648be92ee735393cff633ca8a5e4076e1ed9308,,0,rq1-exact-623-20260926-5x,0
5to10Traces/0126.trace,f7049eeaae035bd1af62,5to10Traces,plain,67,2,TIMEOUT,,,5,unsat,150.08677946300304,,a42360f6ff41332dcb3fb68e18bf9314c831968f8d7c9d160491cc5165920b34,,0,rq1-exact-623-20260926-5x,0
5to10Traces/0126.trace,f7049eeaae035bd1af62,5to10Traces,plain,67,2,TIMEOUT,,,6,unsat,915.1102677939998,,3408f3dc438a5c656167842d731bec64b3ca9ad4deef25613ce7f352a471d750,,0,rq1-exact-623-20260926-5x,0
5to10Traces/0126.trace,f7049eeaae035bd1af62,5to10Traces,plain,67,2,TIMEOUT,,,7,unknown,1539.4560273009993,timeout,855c83a01c12e6f64973892ee105ff32e9612ac0aff5a669c1fb9f0df305cf2b,,0,rq1-exact-623-20260926-5x,0
5to10Traces/0127.trace,f1461e9fb06f2aeb64a6,5to10Traces,plain,67,2,OPTIMAL,0,2,1,unsat,0.8424263229990174,,1b279c6e85a0ece38df2b5d8f9505fdc6c61fc11e93ba1b15c5beaaa1a6297e5,,0,rq1-exact-623-20260926-5x,0
5to10Traces/0127.trace,f1461e9fb06f2aeb64a6,5to10Traces,plain,67,2,OPTIMAL,0,2,2,sat,4.61608514999898,,78d6682cc389379feb1f947c6073a1d023ff5b2b56001852e8704ff70a82edb0,a62907710eed84b61d7d22988cf9ac12b1a0fdb9643f9dd9efae878fcbdca8fb,0,rq1-exact-623-20260926-5x,0
5to10Traces/0128.trace,dc960399681cbacef18f,5to10Traces,plain,67,2,TIMEOUT,,,1,unsat,1.203004962997511,,76501472b14f8b5ed183cacabb1e3682fcde7fbe8e55648be3d62e151f7ebe9e,,0,rq1-exact-623-20260926-5x,0
5to10Traces/0128.trace,dc960399681cbacef18f,5to10Traces,plain,67,2,TIMEOUT,,,2,unsat,6.663930840004468,,3ba1e516ca0249d8e695d8adbd2523a9d171f3ee568e128f909e3d0ceef93ffd,,0,rq1-exact-623-20260926-5x,0
5to10Traces/0128.trace,dc960399681cbacef18f,5to10Traces,plain,67,2,TIMEOUT,,,3,unsat,15.851458831995842,,7f04176e3a2bebfe858254e6f09cad7b155c8a720da4e0b94831e17eb8ad63aa,,0,rq1-exact-623-20260926-5x,0
5to10Traces/0128.trace,dc960399681cbacef18f,5to10Traces,plain,67,2,TIMEOUT,,,4,unsat,42.93753340800322,,11a4affe770be2b36d39e09b0e77ea54a6b863e352de71fbedb7c7af8a990830,,0,rq1-exact-623-20260926-5x,0
5to10Traces/0128.trace,dc960399681cbacef18f,5to10Traces,plain,67,2,TIMEOUT,,,5,unsat,155.23426235299848,,6395a8c7faa281bbad4b7d0bc851ecef5a54f8bf80400abcbcdd9dc6cf7d4f82,,0,rq1-exact-623-20260926-5x,0
5to10Traces/0128.trace,dc960399681cbacef18f,5to10Traces,plain,67,2,TIMEOUT,,,6,unsat,989.9222935819998,,a91f5a025ee4307972e340eabc2963dec7149e2276e7fe892ab911b59d7d7946,,0,rq1-exact-623-20260926-5x,0
5to10Traces/0128.trace,dc960399681cbacef18f,5to10Traces,plain,67,2,TIMEOUT,,,7,unknown,1546.181144809998,timeout,4926911eb7fc71f85dd150e5e9ad3b5cc338d2e10dd8e424f50d000ee527af84,,0,rq1-exact-623-20260926-5x,0
5to10Traces/0129.trace,5525def873ec568b32c5,5to10Traces,plain,67,2,OPTIMAL,0,2,1,unsat,0.9378732400000445,,4e51561d70316bfa0026a88a00b48c1ed755af9d890c986c5199a7682af8d3fb,,0,rq1-exact-623-20260926-5x,0
5to10Traces/0129.trace,5525def873ec568b32c5,5to10Traces,plain,67,2,OPTIMAL,0,2,2,sat,5.306034618999547,,6494a7a6ee688c4a0a318689329c78350ca568f6f08bda11734704845b271aab,a62907710eed84b61d7d22988cf9ac12b1a0fdb9643f9dd9efae878fcbdca8fb,0,rq1-exact-623-20260926-5x,0
5to10Traces/0130.trace,782cbd1133a506750df4,5to10Traces,plain,67,2,TIMEOUT,,,1,unsat,1.292922628002998,,03e3259999a6ef3187861744516194770c5f3c2c6c2a2e16b1ed422daf91fc5a,,0,rq1-exact-623-20260926-5x,0
5to10Traces/0130.trace,782cbd1133a506750df4,5to10Traces,plain,67,2,TIMEOUT,,,2,unsat,7.125221625996346,,20bb9dffab40a26c302522b8df9b7637c631192bd81d4780abd1b003599143e5,,0,rq1-exact-623-20260926-5x,0
5to10Traces/0130.trace,782cbd1133a506750df4,5to10Traces,plain,67,2,TIMEOUT,,,3,unsat,15.982985870003176,,a9ff3a2daf69047e5af0f68bd5fa122981058d8d87aef908a992d68f5536eb32,,0,rq1-exact-623-20260926-5x,0
5to10Traces/0130.trace,782cbd1133a506750df4,5to10Traces,plain,67,2,TIMEOUT,,,4,unsat,43.75350623000122,,4a1f8404b2146da480d5322747dc328544c0efca7086a8a74f773564ecbc7f1b,,0,rq1-exact-623-20260926-5x,0
5to10Traces/0130.trace,782cbd1133a506750df4,5to10Traces,plain,67,2,TIMEOUT,,,5,unsat,158.47638337100216,,37575ab254ebe1175100d9f0f5b7b8edfd74cffe18fa369ede3f0dea3e8ddefa,,0,rq1-exact-623-20260926-5x,0
5to10Traces/0130.trace,782cbd1133a506750df4,5to10Traces,plain,67,2,TIMEOUT,,,6,unsat,1179.5899929340012,,d2fdc1b847b374d51101a1fb70d8ee50dcebbeb4410bc6dd83cdce87a31ff07d,,0,rq1-exact-623-20260926-5x,0
5to10Traces/0130.trace,782cbd1133a506750df4,5to10Traces,plain,67,2,TIMEOUT,,,7,unknown,1534.836895579996,timeout,ec1e6fa1c393fbd8630e431b022beb8902a73b14f44cf39ce898c4cf6429990d,,0,rq1-exact-623-20260926-5x,0
5to10Traces/0131.trace,f31806d203e0e269c648,5to10Traces,plain,67,2,OPTIMAL,0,6,1,unsat,1.043391575998612,,523dbfc24d4b0f9eaa969e6f3cc9716d9b8f464e60e45b53f3a27eb75b317253,,0,rq1-exact-623-20260926-5x,0
5to10Traces/0131.trace,f31806d203e0e269c648,5to10Traces,plain,67,2,OPTIMAL,0,6,2,unsat,6.028612014999453,,cf5cb621a3e551ee6ea7440ce421a1f042aadff3c9174820f975da2e07bb3f62,,0,rq1-exact-623-20260926-5x,0
5to10Traces/0131.trace,f31806d203e0e269c648,5to10Traces,plain,67,2,OPTIMAL,0,6,3,unsat,13.208375235000858,,85122c56d52775bfdd56846fec5ce74c6614611ec0f4ff71a4a3ea2b9c0233ce,,0,rq1-exact-623-20260926-5x,0
5to10Traces/0131.trace,f31806d203e0e269c648,5to10Traces,plain,67,2,OPTIMAL,0,6,4,unsat,44.975013099001444,,f9dd6d4e2a3aa067fdf4ec0fa814ba6541259397f765fa62262862633dba2d8e,,0,rq1-exact-623-20260926-5x,0
5to10Traces/0131.trace,f31806d203e0e269c648,5to10Traces,plain,67,2,OPTIMAL,0,6,5,unsat,176.44266125099966,,9b52754c0953007e79e0b8fce5f1d7cc7411a3fbe77b863d2c5e8b95b3c59468,,0,rq1-exact-623-20260926-5x,0
5to10Traces/0131.trace,f31806d203e0e269c648,5to10Traces,plain,67,2,OPTIMAL,0,6,6,sat,151.49787294700036,,5f8d94918e50064b3bdd784485f5b008dd13be0b31e25b588353296787f0974d,f4bf5c7a6993a3fb6db84c0c6e8a0193af4be1d31b98f406eac5e51afca842d1,0,rq1-exact-623-20260926-5x,0
5to10Traces/0132.trace,ef542e494ed39f2fb219,5to10Traces,plain,3,2,OPTIMAL,0,2,1,unsat,0.029007490999902075,,4daf84d775a3bef2906d6afe8fb14af17ebb0209f90cc2d053cc1ff0d9051ed8,,0,rq1-exact-623-20260926-5x,0
5to10Traces/0132.trace,ef542e494ed39f2fb219,5to10Traces,plain,3,2,OPTIMAL,0,2,2,sat,0.10151742999983071,,a86536698bdd2defefc99876362f431d0f6a2dde7758100fc285741c681f1134,a62907710eed84b61d7d22988cf9ac12b1a0fdb9643f9dd9efae878fcbdca8fb,0,rq1-exact-623-20260926-5x,0
5to10Traces/0134.trace,78228e3dceb51c3d0689,5to10Traces,plain,3,2,OPTIMAL,0,2,1,unsat,0.07526237899992338,,cc339a8c7ee82f3892b26aa1bbb3e3868dc92348070414f7628d1b2b7f65b337,,0,rq1-exact-623-20260926-5x,0
5to10Traces/0134.trace,78228e3dceb51c3d0689,5to10Traces,plain,3,2,OPTIMAL,0,2,2,sat,0.46265453299997716,,bbb589a76249f603f2d097e32f66a0c38119f11bdc8745ba6a7a6ddaee137526,a62907710eed84b61d7d22988cf9ac12b1a0fdb9643f9dd9efae878fcbdca8fb,0,rq1-exact-623-20260926-5x,0
5to10Traces/0135.trace,ecf124953b4c8976ea48,5to10Traces,plain,3,2,OPTIMAL,0,2,1,unsat,0.08005208300005506,,576b05c4cca2427bd5e6e0a7d7707beabbab16d8f495a0e78c0b6fee881f52de,,0,rq1-exact-623-20260926-5x,0
5to10Traces/0135.trace,ecf124953b4c8976ea48,5to10Traces,plain,3,2,OPTIMAL,0,2,2,sat,0.5118418869999459,,e98076f809d7fa74c9a3d22601b66a07a807aa10cb28075ae1e66fa4d3288e48,a62907710eed84b61d7d22988cf9ac12b1a0fdb9643f9dd9efae878fcbdca8fb,0,rq1-exact-623-20260926-5x,0
5to10Traces/0136.trace,b5e9b15e45c76280abb3,5to10Traces,plain,3,2,OPTIMAL,0,2,1,unsat,0.13373631300009947,,b46950328ee5fc5713c1566f12733ebe402fc468b2b474431b9e70541ff00401,,0,rq1-exact-623-20260926-5x,0
5to10Traces/0136.trace,b5e9b15e45c76280abb3,5to10Traces,plain,3,2,OPTIMAL,0,2,2,sat,0.9229950860001281,,7b4d1c8de2b0add168ffc0579512d4d8e459171fde9055e04d7426f47ac74cf6,a62907710eed84b61d7d22988cf9ac12b1a0fdb9643f9dd9efae878fcbdca8fb,0,rq1-exact-623-20260926-5x,0
5to10Traces/0137.trace,af27e66eea8d8635c698,5to10Traces,plain,3,2,OPTIMAL,0,2,1,unsat,0.13545695899983912,,7fc80664d73ae48411ded187cf4c481135e17d97e9485804bc2f229c82455760,,0,rq1-exact-623-20260926-5x,0
5to10Traces/0137.trace,af27e66eea8d8635c698,5to10Traces,plain,3,2,OPTIMAL,0,2,2,sat,0.9704647549999663,,f2620526e7f33277f0c2bdfa7441e64fbcb510565a97581ae040116cfb21f441,a62907710eed84b61d7d22988cf9ac12b1a0fdb9643f9dd9efae878fcbdca8fb,0,rq1-exact-623-20260926-5x,0
5to10Traces/0138.trace,646974e5d14a391b5060,5to10Traces,plain,3,2,OPTIMAL,0,2,1,unsat,0.18841304000011405,,ae57f8649b4d34bb9b4571557841b1c4ffdf60e01502f8add0d85b8d1d163fb7,,0,rq1-exact-623-20260926-5x,0
5to10Traces/0138.trace,646974e5d14a391b5060,5to10Traces,plain,3,2,OPTIMAL,0,2,2,sat,1.4008757330000208,,1d103a971596b59a699c13cb5fe8fd988055fc9db3cd33c7259f3943c9e12964,a62907710eed84b61d7d22988cf9ac12b1a0fdb9643f9dd9efae878fcbdca8fb,0,rq1-exact-623-20260926-5x,0
5to10Traces/0139.trace,ef959f1502429b2f6bf8,5to10Traces,plain,3,2,OPTIMAL,0,2,1,unsat,0.19495042899984583,,53e44d4efc7bf3bf2c1ed109687bff21a06d18c58460ca0bb63cf153bbf73abc,,0,rq1-exact-623-20260926-5x,0
5to10Traces/0139.trace,ef959f1502429b2f6bf8,5to10Traces,plain,3,2,OPTIMAL,0,2,2,sat,1.4867778679999901,,f10228ab6c1df860986f573f507653fc30ed97a3b90796a62a19ff3d7358f65a,a62907710eed84b61d7d22988cf9ac12b1a0fdb9643f9dd9efae878fcbdca8fb,0,rq1-exact-623-20260926-5x,0
5to10Traces/0140.trace,658db9220c38a5b59bf4,5to10Traces,plain,3,2,OPTIMAL,0,2,1,unsat,0.24560260099997322,,dd9a2d1252720c7fc0765404fbee7477b8c46ed3bdbafd9962aaa9ed35c2a5dd,,0,rq1-exact-623-20260926-5x,0
5to10Traces/0140.trace,658db9220c38a5b59bf4,5to10Traces,plain,3,2,OPTIMAL,0,2,2,sat,1.8647525680000854,,9e0468e3d10212888f9b77b93d29b85b1d1a0229695be97c666c50d97a6980d0,a62907710eed84b61d7d22988cf9ac12b1a0fdb9643f9dd9efae878fcbdca8fb,0,rq1-exact-623-20260926-5x,0
5to10Traces/0141.trace,5146f3fcc47abd7418ff,5to10Traces,plain,3,2,OPTIMAL,0,2,1,unsat,0.25855412600003547,,36591826a625c0af2e7215df266b81a9b244554bbc100e9befec3f6a01afe53c,,0,rq1-exact-623-20260926-5x,0
5to10Traces/0141.trace,5146f3fcc47abd7418ff,5to10Traces,plain,3,2,OPTIMAL,0,2,2,sat,2.0316703399998914,,b5e4bc585a84a622999e26070b91fb6934938a0f9096cd71366538f08a8efbec,a62907710eed84b61d7d22988cf9ac12b1a0fdb9643f9dd9efae878fcbdca8fb,0,rq1-exact-623-20260926-5x,0
5to10Traces/0142.trace,8f7fa5954a8f501f7ade,5to10Traces,plain,3,2,OPTIMAL,0,2,1,unsat,0.3050677410001299,,615f7961d3360f7a37c36c1f8dba37fdb708991448e8ddd8e4b05655f340c5f7,,0,rq1-exact-623-20260926-5x,0
5to10Traces/0142.trace,8f7fa5954a8f501f7ade,5to10Traces,plain,3,2,OPTIMAL,0,2,2,sat,2.3604778069998247,,f7027d9bd7967413ce846be003045dfc9dadd86f91518db2ff75068332350bb1,a62907710eed84b61d7d22988cf9ac12b1a0fdb9643f9dd9efae878fcbdca8fb,0,rq1-exact-623-20260926-5x,0
5to10Traces/0143.trace,3714602eb691ed72aefb,5to10Traces,plain,3,2,OPTIMAL,0,2,1,unsat,0.31483795500003,,4bc59504e5027df45fdbe24d6583dfb2bebca75f42f882d44ebea1ec1d86cdf0,,0,rq1-exact-623-20260926-5x,0
5to10Traces/0143.trace,3714602eb691ed72aefb,5to10Traces,plain,3,2,OPTIMAL,0,2,2,sat,2.464804268999842,,46cfa871088d29f39ec550d8dc55dbcaea96c26a84c816dbcea543957e35cf62,a62907710eed84b61d7d22988cf9ac12b1a0fdb9643f9dd9efae878fcbdca8fb,0,rq1-exact-623-20260926-5x,0
5to10Traces/0144.trace,cb3a03145ef0806d17f1,5to10Traces,plain,3,2,OPTIMAL,0,2,1,unsat,0.36115042400001585,,c61dd425c13439968923d17424d273307784ca27341b502f37b2773a54f7c30a,,0,rq1-exact-623-20260926-5x,0
5to10Traces/0144.trace,cb3a03145ef0806d17f1,5to10Traces,plain,3,2,OPTIMAL,0,2,2,sat,2.8675346400000308,,0e96b372a65568195003c25ea51c0a3e11ddd17a26fa6d5768b3194b0a6e5bf1,a62907710eed84b61d7d22988cf9ac12b1a0fdb9643f9dd9efae878fcbdca8fb,0,rq1-exact-623-20260926-5x,0
5to10Traces/0145.trace,16f0fa684fb788448d84,5to10Traces,plain,3,2,OPTIMAL,0,2,1,unsat,0.37414041099987116,,aba3c6e224dcd1c91f32ffd42042183401fda6c83df491607067f7fdf0690c0a,,0,rq1-exact-623-20260926-5x,0
5to10Traces/0145.trace,16f0fa684fb788448d84,5to10Traces,plain,3,2,OPTIMAL,0,2,2,sat,3.000569994999978,,60ff33602c4e39ab1d0e43d90a75524eb6a3f04e873da90b4401439834156f8f,a62907710eed84b61d7d22988cf9ac12b1a0fdb9643f9dd9efae878fcbdca8fb,0,rq1-exact-623-20260926-5x,0
5to10Traces/0146.trace,6aea39392c02537ea7cb,5to10Traces,plain,3,2,OPTIMAL,0,2,1,unsat,0.41749860300001274,,5f9a9268e51ba32e74f2ad46bbb0f52da620d8df372e3f04a8f7c2baee9785e4,,0,rq1-exact-623-20260926-5x,0
5to10Traces/0146.trace,6aea39392c02537ea7cb,5to10Traces,plain,3,2,OPTIMAL,0,2,2,sat,3.3241837670000223,,f92066caa54df67f5c59f008e321568d64be6c0f875b4350f6a8b0201d9bab27,a62907710eed84b61d7d22988cf9ac12b1a0fdb9643f9dd9efae878fcbdca8fb,0,rq1-exact-623-20260926-5x,0
5to10Traces/0147.trace,56f6359c5f2de5fbf63d,5to10Traces,plain,3,2,OPTIMAL,0,2,1,unsat,0.44184157299991966,,3585bad82aa82663aee382cfd4a0dbacb482bb6ae33f3ae3f94875d5b2e95625,,0,rq1-exact-623-20260926-5x,0
5to10Traces/0147.trace,56f6359c5f2de5fbf63d,5to10Traces,plain,3,2,OPTIMAL,0,2,2,sat,3.637334497999973,,4d989c3a26065ca5c9edc204532f2e5d47059564dad5007a20557a46677ee68c,a62907710eed84b61d7d22988cf9ac12b1a0fdb9643f9dd9efae878fcbdca8fb,0,rq1-exact-623-20260926-5x,0
5to10Traces/0148.trace,2c7a940b94783307f909,5to10Traces,plain,3,2,OPTIMAL,0,2,1,unsat,0.4905803859999196,,657a8da2de868ec5cb45dde9f09f4c12379236a2bb17cfb25cb71987fc9f395e,,0,rq1-exact-623-20260926-5x,0
5to10Traces/0148.trace,2c7a940b94783307f909,5to10Traces,plain,3,2,OPTIMAL,0,2,2,sat,3.943409044999953,,587086d893d0d68a4c145ccc6b0eb021d56c63baabac900a1f2759bc7c3bc765,a62907710eed84b61d7d22988cf9ac12b1a0fdb9643f9dd9efae878fcbdca8fb,0,rq1-exact-623-20260926-5x,0
5to10Traces/0149.trace,aa04d1169534447fe945,5to10Traces,plain,3,2,OPTIMAL,0,2,1,unsat,0.5026136380001844,,4775e9af126af9cca8cecc9b46cb7d50cb474bc4285323eb04ba108fde58aa97,,0,rq1-exact-623-20260926-5x,0
5to10Traces/0149.trace,aa04d1169534447fe945,5to10Traces,plain,3,2,OPTIMAL,0,2,2,sat,4.098667376999856,,a928a99d8915892c9f07aab1cc1674aa24e9b0bbd5c07e731b8e694baafcc864,a62907710eed84b61d7d22988cf9ac12b1a0fdb9643f9dd9efae878fcbdca8fb,0,rq1-exact-623-20260926-5x,0
5to10Traces/0150.trace,05f529cf937f50f5b6cf,5to10Traces,plain,3,2,OPTIMAL,0,2,1,unsat,0.5283618249998199,,a8742d7398cf49762838bdd7d042c26923123041228b7ff88be64ac0fc568e47,,0,rq1-exact-623-20260926-5x,0
5to10Traces/0150.trace,05f529cf937f50f5b6cf,5to10Traces,plain,3,2,OPTIMAL,0,2,2,sat,4.220581583999774,,a6fd3bc19afb1cdfa83b538efc6634075ff781da90c2178b88ab7f2cf0a3e24b,a62907710eed84b61d7d22988cf9ac12b1a0fdb9643f9dd9efae878fcbdca8fb,0,rq1-exact-623-20260926-5x,0
5to10Traces/0151.trace,6fbe3a89ac40dee84128,5to10Traces,plain,3,2,OPTIMAL,0,2,1,unsat,0.551822742000013,,bfe87a2a46eabdcf60ceaea60c2a03f613eba2916313f42a40825a94e6571f13,,0,rq1-exact-623-20260926-5x,0
5to10Traces/0151.trace,6fbe3a89ac40dee84128,5to10Traces,plain,3,2,OPTIMAL,0,2,2,sat,4.600607746999913,,065f2f2d0b399a2b61a75f8127c1b551213244c08a73646df6fedc988eb1d8cc,a62907710eed84b61d7d22988cf9ac12b1a0fdb9643f9dd9efae878fcbdca8fb,0,rq1-exact-623-20260926-5x,0
5to10Traces/0152.trace,fcee03ea6ff3dd7dae81,5to10Traces,plain,3,2,OPTIMAL,0,2,1,unsat,0.5944930680000198,,8faa7fcf22a4baeb5fb4c7a344cc5b54534a7ad1cb45a1a056ccaed43b315dd3,,0,rq1-exact-623-20260926-5x,0
5to10Traces/0152.trace,fcee03ea6ff3dd7dae81,5to10Traces,plain,3,2,OPTIMAL,0,2,2,sat,4.82856700100001,,f831c460d5c7ab7976d42a6bef711118d0b3db783ee5d760a55094ae7211890d,a62907710eed84b61d7d22988cf9ac12b1a0fdb9643f9dd9efae878fcbdca8fb,0,rq1-exact-623-20260926-5x,0
5to10Traces/0153.trace,04a6ce1698aeb6d34e5f,5to10Traces,plain,3,2,OPTIMAL,0,2,1,unsat,0.6108221800000138,,2249ccb4e6db4e253a470ab8f214d66e01de71d05d73692626896e042736c3c5,,0,rq1-exact-623-20260926-5x,0
5to10Traces/0153.trace,04a6ce1698aeb6d34e5f,5to10Traces,plain,3,2,OPTIMAL,0,2,2,sat,5.0068080470000496,,bcd5b0ed32ff652c31334c7af65761aa74c110b263e6347b959260fc3e486c02,a62907710eed84b61d7d22988cf9ac12b1a0fdb9643f9dd9efae878fcbdca8fb,0,rq1-exact-623-20260926-5x,0
5to10Traces/0154.trace,d12450dc50adbf46dc0c,5to10Traces,plain,6,2,OPTIMAL,0,5,1,unsat,0.03388727299989114,,66734a08e1c02c5a4f97c8ee8c3985fc657e7d1f70bd68114a51da52ed24269c,,0,rq1-exact-623-20260926-5x,0
5to10Traces/0154.trace,d12450dc50adbf46dc0c,5to10Traces,plain,6,2,OPTIMAL,0,5,2,unsat,0.10979238900017663,,ca574aa13179fb028f3fae70543b9151cbc9e96d9acee52b77f8d9139e2ef534,,0,rq1-exact-623-20260926-5x,0
5to10Traces/0154.trace,d12450dc50adbf46dc0c,5to10Traces,plain,6,2,OPTIMAL,0,5,3,unsat,0.21518809400004102,,14f442a1a6957cd037001e2291b8bba755acbccb0014986d6ea8d12461536223,,0,rq1-exact-623-20260926-5x,0
5to10Traces/0154.trace,d12450dc50adbf46dc0c,5to10Traces,plain,6,2,OPTIMAL,0,5,4,unsat,0.39380239499996605,,704d8a0fd48ea3fad1b9310e03d5c97bb2a99c33b3fd0346eef8fd8b4ef55025,,0,rq1-exact-623-20260926-5x,0
5to10Traces/0154.trace,d12450dc50adbf46dc0c,5to10Traces,plain,6,2,OPTIMAL,0,5,5,sat,0.6482871120001619,,4665c66e1f61389aedf12adb0a82fe752a05c107e22417e67aa4f7deabaf89b6,1e84dadf2b808ddcc3b0c9ced0150e823c05a24a3117dce4505d6e94f421135b,0,rq1-exact-623-20260926-5x,0
5to10Traces/0155.trace,2dc9737c783ee432c97b,5to10Traces,plain,6,2,OPTIMAL,0,1,1,sat,0.04903687300020465,,6a89351130f596e14781224027445cada727db714a7a2da334b4eb6a5c5c063d,ae83d0f9f095bcfa158016e4deac8faed9161f0e9a04e6e9cd10127986ecd589,0,rq1-exact-623-20260926-5x,0
5to10Traces/0156.trace,3bc6025bef7a25138806,5to10Traces,plain,6,2,UNSAT,,,1,unsat,0.09785220200001277,,ca09149e90c4a051284cfecb438ead6eaced7a36061601fc47a99a7279a1e951,,0,rq1-exact-623-20260926-5x,0
5to10Traces/0156.trace,3bc6025bef7a25138806,5to10Traces,plain,6,2,UNSAT,,,2,unsat,0.5130461280000418,,9c85a4883a081f3d5c81768e01ebedeb53b484e3111abeb9e88c97ed7ef67c2f,,0,rq1-exact-623-20260926-5x,0
5to10Traces/0156.trace,3bc6025bef7a25138806,5to10Traces,plain,6,2,UNSAT,,,3,unsat,1.084423828999661,,d51e24ae48de266c57e6c18740e9abf724572c855db158478346095f368aa438,,0,rq1-exact-623-20260926-5x,0
5to10Traces/0156.trace,3bc6025bef7a25138806,5to10Traces,plain,6,2,UNSAT,,,4,unsat,2.004888662000212,,d93d1beb4625c8f96f7778a118ebb1d79c2249d890f00adc72b19940f546825f,,0,rq1-exact-623-20260926-5x,0
5to10Traces/0156.trace,3bc6025bef7a25138806,5to10Traces,plain,6,2,UNSAT,,,5,unsat,6.042436534999979,,829270248dd35ec9b72e86839f92ca81a096fd6a08ad41a326f80a25f0810703,,0,rq1-exact-623-20260926-5x,0
5to10Traces/0156.trace,3bc6025bef7a25138806,5to10Traces,plain,6,2,UNSAT,,,6,unsat,42.05145400399988,,6de87c10773a261e8afea09bd6261c77ec3affe44ec6432c39ea193454679b05,,0,rq1-exact-623-20260926-5x,0
5to10Traces/0157.trace,4f3e31ce1c666716160f,5to10Traces,plain,6,2,UNSAT,,,1,unsat,0.17436298199982048,,03f88af90658ddc0ceaeafcf5bcd5b5da31525abe3de56eb67fdc1c38a251131,,0,rq1-exact-623-20260926-5x,0
5to10Traces/0157.trace,4f3e31ce1c666716160f,5to10Traces,plain,6,2,UNSAT,,,2,unsat,1.0042689689998952,,9d40c4cf3dd3a699e5d480b569fe9306a31cd9f129808497acf758eea85ac638,,0,rq1-exact-623-20260926-5x,0
5to10Traces/0157.trace,4f3e31ce1c666716160f,5to10Traces,plain,6,2,UNSAT,,,3,unsat,2.1375392199997805,,09512de27d223f1e59ed2e664be5a57f8885f6cd1c6277d303f276a57f0c17ed,,0,rq1-exact-623-20260926-5x,0
5to10Traces/0157.trace,4f3e31ce1c666716160f,5to10Traces,plain,6,2,UNSAT,,,4,unsat,4.060253792999902,,7f8c1748c31746715ff98402c406cc5e19f61d3019a3540e47d211bcc35057d3,,0,rq1-exact-623-20260926-5x,0
5to10Traces/0157.trace,4f3e31ce1c666716160f,5to10Traces,plain,6,2,UNSAT,,,5,unsat,16.70194636899987,,cefed486be8101d67ed546b0e87c7ea82e57490b375a189af9a26086cddb13b2,,0,rq1-exact-623-20260926-5x,0
5to10Traces/0157.trace,4f3e31ce1c666716160f,5to10Traces,plain,6,2,UNSAT,,,6,unsat,196.41397882399997,,6d79481934e244c11c3a2a89f3bb4876a4481b664a113a579738217b5c84ce30,,0,rq1-exact-623-20260926-5x,0
5to10Traces/0158.trace,97e58a756d50a83dcb34,5to10Traces,plain,6,2,UNSAT,,,1,unsat,0.17651914899988697,,6a206332acf9fdd67ea230d659113fd2c9f0ca60b6dda8f51a10578b17be1ba4,,0,rq1-exact-623-20260926-5x,0
5to10Traces/0158.trace,97e58a756d50a83dcb34,5to10Traces,plain,6,2,UNSAT,,,2,unsat,1.0050661279997257,,a9be41c19630dceb18fce5707680c54e58bd193d12e579ba6ebd248cdcfbcd6f,,0,rq1-exact-623-20260926-5x,0
5to10Traces/0158.trace,97e58a756d50a83dcb34,5to10Traces,plain,6,2,UNSAT,,,3,unsat,2.2008447389998764,,5d43dc818a2afba22798bbec289a182c7cb230ab6cfe9cb6f52cbe9ecdc334aa,,0,rq1-exact-623-20260926-5x,0
5to10Traces/0158.trace,97e58a756d50a83dcb34,5to10Traces,plain,6,2,UNSAT,,,4,unsat,4.576292247999845,,ed3956f2ae370cb40feb18c38d946874b9b9dbff2f5cf1ba2ad6147fd122fba9,,0,rq1-exact-623-20260926-5x,0
5to10Traces/0158.trace,97e58a756d50a83dcb34,5to10Traces,plain,6,2,UNSAT,,,5,unsat,14.35378799199998,,2b1840f9b69282e8eadb8c43fd03f23e5c427ec0fa1ec0383a07c6eab336e098,,0,rq1-exact-623-20260926-5x,0
5to10Traces/0158.trace,97e58a756d50a83dcb34,5to10Traces,plain,6,2,UNSAT,,,6,unsat,115.15838642499966,,b6fb211228d3a52a1a198a21de28622c746ff6a3a562657cee89a86d64ff62d7,,0,rq1-exact-623-20260926-5x,0
5to10Traces/0159.trace,6f9d225d515a415fccad,5to10Traces,plain,6,2,UNSAT,,,1,unsat,0.3269279609999103,,11c5e009bbb3b5e623edb059458371db11321f2cac43ddb1cf030071d01d8cc9,,0,rq1-exact-623-20260926-5x,0
5to10Traces/0159.trace,6f9d225d515a415fccad,5to10Traces,plain,6,2,UNSAT,,,2,unsat,2.0057488279999234,,0f28516eb5d214981b0c548158d391729115c1172484c3e16e662b1e3f9226c2,,0,rq1-exact-623-20260926-5x,0
5to10Traces/0159.trace,6f9d225d515a415fccad,5to10Traces,plain,6,2,UNSAT,,,3,unsat,4.365692319000118,,91a276acef34b98bc08c80bc6cd176b4602d6532f9daca612ff0aedaf5e8a6bf,,0,rq1-exact-623-20260926-5x,0
5to10Traces/0159.trace,6f9d225d515a415fccad,5to10Traces,plain,6,2,UNSAT,,,4,unsat,9.903983364999931,,d64a4573fb5665c9653715468183b2e1b1ebcb3f3624b0c36452d85388e87178,,0,rq1-exact-623-20260926-5x,0
5to10Traces/0159.trace,6f9d225d515a415fccad,5to10Traces,plain,6,2,UNSAT,,,5,unsat,38.530147444999784,,a108475d93bb7c50827309cf505efaf388f283bdbc7abf0519f88931b6d29544,,0,rq1-exact-623-20260926-5x,0
5to10Traces/0159.trace,6f9d225d515a415fccad,5to10Traces,plain,6,2,UNSAT,,,6,unsat,306.0399812339997,,bed44896801e2b466ffa643c507073238cee36ccfed91b1058ddb61f61e0e5af,,0,rq1-exact-623-20260926-5x,0
5to10Traces/0160.trace,333052a9e3728ad72951,5to10Traces,plain,6,2,UNSAT,,,1,unsat,0.25374608499987517,,53d9b11bb343a968c973fbe1874cae7f4ef7f333f7346a0ecf3db3390ffdc06d,,0,rq1-exact-623-20260926-5x,0
5to10Traces/0160.trace,333052a9e3728ad72951,5to10Traces,plain,6,2,UNSAT,,,2,unsat,1.4939608690001478,,c1a968b417a2d72be58cc07b4ea41f05b894d28b05f406ad6c6e773e93c2c2fe,,0,rq1-exact-623-20260926-5x,0
5to10Traces/0160.trace,333052a9e3728ad72951,5to10Traces,plain,6,2,UNSAT,,,3,unsat,3.2015988759999345,,92934237d44d8e0ef38912874b724f367340013b54d9796a2a2454b452984d0d,,0,rq1-exact-623-20260926-5x,0
5to10Traces/0160.trace,333052a9e3728ad72951,5to10Traces,plain,6,2,UNSAT,,,4,unsat,5.980190153999956,,8cecb11c761cd9931715746cb3a62a01b2fede7b026fc4f57dd4c864b89423c2,,0,rq1-exact-623-20260926-5x,0
5to10Traces/0160.trace,333052a9e3728ad72951,5to10Traces,plain,6,2,UNSAT,,,5,unsat,22.835858791999726,,d979d63f31dd4240509fea50870012b20adc665eba89ac08b391278dc88b14e9,,0,rq1-exact-623-20260926-5x,0
5to10Traces/0160.trace,333052a9e3728ad72951,5to10Traces,plain,6,2,UNSAT,,,6,unsat,219.92448746399987,,86a1b2569a1c9df9520917f995c083bb60479556cb6dd84144b26a8ce1ffe068,,0,rq1-exact-623-20260926-5x,0
5to10Traces/0161.trace,7a054e54f331c3da29bc,5to10Traces,plain,6,2,UNSAT,,,1,unsat,0.8292192399967462,,c9e373bb0d87d8d4aefa66525425217a20cda6a676fb9637e36f1f6d1c9a7e5f,,0,rq1-exact-623-20260926-5x,0
5to10Traces/0161.trace,7a054e54f331c3da29bc,5to10Traces,plain,6,2,UNSAT,,,2,unsat,5.157942352001555,,6c25dc4c54edd7783c1f5fc5e7552f7178bb002e1ef925c2bb22ad6665edf75c,,0,rq1-exact-623-20260926-5x,0
5to10Traces/0161.trace,7a054e54f331c3da29bc,5to10Traces,plain,6,2,UNSAT,,,3,unsat,11.098489358999359,,5be298e6bb66822f747a4d6e435ca8d16045d29349359c0887937c645d73fe1f,,0,rq1-exact-623-20260926-5x,0
5to10Traces/0161.trace,7a054e54f331c3da29bc,5to10Traces,plain,6,2,UNSAT,,,4,unsat,25.19874269900174,,69a1b74a54a4bee888de5832760b8cbdce3e404b408a504a7cbc69d0a734afb1,,0,rq1-exact-623-20260926-5x,0
5to10Traces/0161.trace,7a054e54f331c3da29bc,5to10Traces,plain,6,2,UNSAT,,,5,unsat,115.49741433800227,,e088ccdee980c9bbc95469eca415ae4f5cd6434ed883c1fc63aa21c2055b630b,,0,rq1-exact-623-20260926-5x,0
5to10Traces/0161.trace,7a054e54f331c3da29bc,5to10Traces,plain,6,2,UNSAT,,,6,unsat,993.1593776730006,,a46fdde8123e73759eb401caf2d815d49e42aab718dcfa210dacac7a8dc3b784,,0,rq1-exact-623-20260926-5x,0
5to10Traces/0162.trace,c0bfa82c72edacf5f916,5to10Traces,plain,6,2,UNSAT,,,1,unsat,0.32967705099963496,,24f3b0c2f414e4a58b9547c721232f703b6af78f2232f155cc9a011a9648ae81,,0,rq1-exact-623-20260926-5x,0
5to10Traces/0162.trace,c0bfa82c72edacf5f916,5to10Traces,plain,6,2,UNSAT,,,2,unsat,1.9949270540000725,,3ce079ff402cc7ba53a87c13aeba2306e3b7f7b882a0ceb9dd1f80cd9dfe5126,,0,rq1-exact-623-20260926-5x,0
5to10Traces/0162.trace,c0bfa82c72edacf5f916,5to10Traces,plain,6,2,UNSAT,,,3,unsat,4.383359826999822,,9189e0a8450f9c3dad608c2fafa71b1867aec7e3bb58697001d0d6cd64ecc12b,,0,rq1-exact-623-20260926-5x,0
5to10Traces/0162.trace,c0bfa82c72edacf5f916,5to10Traces,plain,6,2,UNSAT,,,4,unsat,9.379008210999928,,74be8b943a80a846355a2b66d59ff9380e0ba28a7883521d16ef7d910dd1a347,,0,rq1-exact-623-20260926-5x,0
5to10Traces/0162.trace,c0bfa82c72edacf5f916,5to10Traces,plain,6,2,UNSAT,,,5,unsat,32.260562352000306,,d18c32f292ca031903be2fc5f32707ffe7642e5b78da981d98416a8c9976a983,,0,rq1-exact-623-20260926-5x,0
5to10Traces/0162.trace,c0bfa82c72edacf5f916,5to10Traces,plain,6,2,UNSAT,,,6,unsat,231.920193939,,ac4d7ef2b610b3ac3f2feaa4678c7c02339206f46bb59bb9df30640b711ccaae,,0,rq1-exact-623-20260926-5x,0
5to10Traces/0163.trace,a10d7b4788a823ccc6e0,5to10Traces,plain,6,2,UNSAT,,,1,unsat,1.0925472240014642,,c13e86cae112e67ab5b4c4847de76afc1d8527dff9eb3e57efad0da406f1b207,,0,rq1-exact-623-20260926-5x,0
5to10Traces/0163.trace,a10d7b4788a823ccc6e0,5to10Traces,plain,6,2,UNSAT,,,2,unsat,6.899297938998643,,4ebc25dfb72abab808020624a2723503847d78f52d12efa6fbce9f40379024f1,,0,rq1-exact-623-20260926-5x,0
5to10Traces/0163.trace,a10d7b4788a823ccc6e0,5to10Traces,plain,6,2,UNSAT,,,3,unsat,14.988720313998783,,0adbeb7facb46d8fb9806407a860c8f82a8d8eee9f0510a345e2e28d007bbabf,,0,rq1-exact-623-20260926-5x,0
5to10Traces/0163.trace,a10d7b4788a823ccc6e0,5to10Traces,plain,6,2,UNSAT,,,4,unsat,33.672873586001515,,540645cc4d081fd90440dbda02d8f03b233c2d8f2711394c0ba412ccbebaf853,,0,rq1-exact-623-20260926-5x,0
5to10Traces/0163.trace,a10d7b4788a823ccc6e0,5to10Traces,plain,6,2,UNSAT,,,5,unsat,165.54052497000157,,a54bc0d68ca979a80e0df6d5a91eb3a30261250118bf966038bc9c2ef2c410fc,,0,rq1-exact-623-20260926-5x,0
5to10Traces/0163.trace,a10d7b4788a823ccc6e0,5to10Traces,plain,6,2,UNSAT,,,6,unsat,1094.4511671520013,,44b8dafac9719612d3a1f8b5958ae2b5ed97f2a5ead3c05330f11de0dd3bcd68,,0,rq1-exact-623-20260926-5x,0
5to10Traces/0164.trace,d06723254c0a289485c5,5to10Traces,plain,6,2,UNSAT,,,1,unsat,0.4103750370004491,,5d95968dc2649c385a7a17b88ff00a0ff2a562293349abc63faf34fb691567b0,,0,rq1-exact-623-20260926-5x,0
5to10Traces/0164.trace,d06723254c0a289485c5,5to10Traces,plain,6,2,UNSAT,,,2,unsat,2.6110741900001813,,f18c708401f87258a34d0da532ecb631fb5dedfc84e6989b3e97da14e0c53a97,,0,rq1-exact-623-20260926-5x,0
5to10Traces/0164.trace,d06723254c0a289485c5,5to10Traces,plain,6,2,UNSAT,,,3,unsat,5.849849028000335,,bb4fc37d64d65b5e0bbc128ef8ea38d9816286c7d0fd4040987544a41cb3d6e0,,0,rq1-exact-623-20260926-5x,0
5to10Traces/0164.trace,d06723254c0a289485c5,5to10Traces,plain,6,2,UNSAT,,,4,unsat,15.331475521999891,,37c53bd2f0269b0bce16d27e04305c940885ed605ccdb8235e2feef6ae521e06,,0,rq1-exact-623-20260926-5x,0
5to10Traces/0164.trace,d06723254c0a289485c5,5to10Traces,plain,6,2,UNSAT,,,5,unsat,43.601873479000005,,61a852f23ac5f5531f38e79f02f0ae643b1c51583631ca15005c877c4f3e97b8,,0,rq1-exact-623-20260926-5x,0
5to10Traces/0164.trace,d06723254c0a289485c5,5to10Traces,plain,6,2,UNSAT,,,6,unsat,311.13963008400015,,bc2a65eb5c6396c41a4397b671be2e44988af5708c3b147676704476fc744421,,0,rq1-exact-623-20260926-5x,0
5to10Traces/0165.trace,b43fefd70429cd8ee843,5to10Traces,plain,6,2,TIMEOUT,,,1,unsat,1.4001229069981491,,d9212e8bc1277f312144a7cfcbcb8581418bb4c5f2b89adedec7a581f93abc84,,0,rq1-exact-623-20260926-5x,0
5to10Traces/0165.trace,b43fefd70429cd8ee843,5to10Traces,plain,6,2,TIMEOUT,,,2,unsat,8.844311243999982,,637b5dfce2af9cadffb273484ae41cc07676f65057cee0a780c0acd8585f8ddd,,0,rq1-exact-623-20260926-5x,0
5to10Traces/0165.trace,b43fefd70429cd8ee843,5to10Traces,plain,6,2,TIMEOUT,,,3,unsat,18.75800675299979,,b8eb0c67eebd3d01a9d0d3faad276b15f4f5f5c695b7ab7db91b43b674e236b0,,0,rq1-exact-623-20260926-5x,0
5to10Traces/0165.trace,b43fefd70429cd8ee843,5to10Traces,plain,6,2,TIMEOUT,,,4,unsat,45.41525234299843,,177ce67b6da4a8988f75e84fe535c3ad77679687b47517f21843c8f377b68012,,0,rq1-exact-623-20260926-5x,0
5to10Traces/0165.trace,b43fefd70429cd8ee843,5to10Traces,plain,6,2,TIMEOUT,,,5,unsat,169.56781872099964,,b76aa0b8e9411ff39310d05ece2c82d4e7498e4272b92b0eab0a5dcd046f4e10,,0,rq1-exact-623-20260926-5x,0
5to10Traces/0165.trace,b43fefd70429cd8ee843,5to10Traces,plain,6,2,TIMEOUT,,,6,unknown,1543.296291879,timeout,af610a695e418b405f319a99ded324ace6d89fdada3f1f02c46adb3c835faa04,,0,rq1-exact-623-20260926-5x,0
5to10Traces/0166.trace,dcbf9ce1b947e089239b,5to10Traces,plain,6,2,UNSAT,,,1,unsat,0.49288027000011425,,9d6d2872ffe6cdc336b4516affefda108659397549c1d5ec521337bce991629e,,0,rq1-exact-623-20260926-5x,0
5to10Traces/0166.trace,dcbf9ce1b947e089239b,5to10Traces,plain,6,2,UNSAT,,,2,unsat,3.1490836829998443,,067101dbdd191f47bf3bcd3877b5fee10f791d728bad4acb90237f6412b1e432,,0,rq1-exact-623-20260926-5x,0
5to10Traces/0166.trace,dcbf9ce1b947e089239b,5to10Traces,plain,6,2,UNSAT,,,3,unsat,7.105803868000294,,1ee69fcfa3e62a2bcaea4acc627cbb58f5221fc385cb6483c215dc6519e5f969,,0,rq1-exact-623-20260926-5x,0
5to10Traces/0166.trace,dcbf9ce1b947e089239b,5to10Traces,plain,6,2,UNSAT,,,4,unsat,16.04670624299979,,1c113b6910ce6baf752bd105c86781f99d019c7a5bf06879d0fb0e3ee919b9af,,0,rq1-exact-623-20260926-5x,0
5to10Traces/0166.trace,dcbf9ce1b947e089239b,5to10Traces,plain,6,2,UNSAT,,,5,unsat,61.94615885999974,,07538e1ff84ee55ca7e19d641d5ae13fe75d15d7a58ada13c77919b395d64b62,,0,rq1-exact-623-20260926-5x,0
5to10Traces/0166.trace,dcbf9ce1b947e089239b,5to10Traces,plain,6,2,UNSAT,,,6,unsat,316.4820410850002,,214949c89b8bb4ed5e444898b812361cf6af8b1ea39e0256b661c8ec510b9749,,0,rq1-exact-623-20260926-5x,0
5to10Traces/0167.trace,e3c60773d1caa1476d4d,5to10Traces,plain,6,2,TIMEOUT,,,1,unsat,1.6416749429990887,,b1d9aa6ba9b4085ca0734530357cc500b8010211366cbf877fb89289a2a8c21e,,0,rq1-exact-623-20260926-5x,0
5to10Traces/0167.trace,e3c60773d1caa1476d4d,5to10Traces,plain,6,2,TIMEOUT,,,2,unsat,10.376638065001316,,c7f3b9f1db73219d05a9b54e0e9149c5f66cb6b97d1991897d7b98add592272b,,0,rq1-exact-623-20260926-5x,0
5to10Traces/0167.trace,e3c60773d1caa1476d4d,5to10Traces,plain,6,2,TIMEOUT,,,3,unsat,22.693865260000166,,30f1c3afbc9b7f0a0150c63c14c8efb38543d859b53fcd06c80ff3a8668bb911,,0,rq1-exact-623-20260926-5x,0
5to10Traces/0167.trace,e3c60773d1caa1476d4d,5to10Traces,plain,6,2,TIMEOUT,,,4,unsat,55.11453746299958,,7f1ada045bdc72f18312b97edb09533026af0439b84133ac7b64ebc0b3108b13,,0,rq1-exact-623-20260926-5x,0
5to10Traces/0167.trace,e3c60773d1caa1476d4d,5to10Traces,plain,6,2,TIMEOUT,,,5,unsat,217.329668503,,1095e7a318b53a668e6134fd14bd692101f229d59ebf6a024ee12e409573cc2e,,0,rq1-exact-623-20260926-5x,0
5to10Traces/0167.trace,e3c60773d1caa1476d4d,5to10Traces,plain,6,2,TIMEOUT,,,6,unknown,1553.6424180569993,timeout,f13cb68f9c92f547f81d0a838fa528598f13b097bdd2e675568850fc340f7f11,,0,rq1-exact-623-20260926-5x,0
5to10Traces/0168.trace,32ebb28acc2add3761e7,5to10Traces,plain,6,2,UNSAT,,,1,unsat,0.9825390680016426,,06d6c153a6824cd691ed0bc4bb2605739c2769d8aaef1950d088d8f8ec842232,,0,rq1-exact-623-20260926-5x,0
5to10Traces/0168.trace,32ebb28acc2add3761e7,5to10Traces,plain,6,2,UNSAT,,,2,unsat,6.020552783000312,,9a74e7f8b849ff9612bb45c2b88e99c9fe8f297c5b591ee87336b26c18844751,,0,rq1-exact-623-20260926-5x,0
5to10Traces/0168.trace,32ebb28acc2add3761e7,5to10Traces,plain,6,2,UNSAT,,,3,unsat,12.895769089998794,,947e683df81ebb4b6c8692a515c3f764ce7acd7f13131922e68ab32cef8f01e6,,0,rq1-exact-623-20260926-5x,0
5to10Traces/0168.trace,32ebb28acc2add3761e7,5to10Traces,plain,6,2,UNSAT,,,4,unsat,27.324304915997345,,b521530b64bb77bc6ba45b40acea8c9d0fb9e1a725a38ac51b76a7dd7026101f,,0,rq1-exact-623-20260926-5x,0
5to10Traces/0168.trace,32ebb28acc2add3761e7,5to10Traces,plain,6,2,UNSAT,,,5,unsat,109.0168464069975,,654cc30bb012ed1b8fd2d3d7801d36a402c659ebf6913a3835e5b0d38f8d35a2,,0,rq1-exact-623-20260926-5x,0
5to10Traces/0168.trace,32ebb28acc2add3761e7,5to10Traces,plain,6,2,UNSAT,,,6,unsat,671.2227574389981,,92975d4e15ea52659b84939e602678a3bdfcde22c0992519ec2b208991e7719a,,0,rq1-exact-623-20260926-5x,0
5to10Traces/0169.trace,de65a0e45e536c5f9c37,5to10Traces,plain,6,2,TIMEOUT,,,1,unsat,1.937080525996862,,f2d972a372bc793f04b4b2a2f18c8bd4f87a9976e9bc72abf567621142d5f958,,0,rq1-exact-623-20260926-5x,0
5to10Traces/0169.trace,de65a0e45e536c5f9c37,5to10Traces,plain,6,2,TIMEOUT,,,2,unsat,12.32868866699937,,f795659e2480f7f387a5cfac37afaf9ee9e675980c66b1863a21f24434575ec9,,0,rq1-exact-623-20260926-5x,0
5to10Traces/0169.trace,de65a0e45e536c5f9c37,5to10Traces,plain,6,2,TIMEOUT,,,3,unsat,27.397721045999788,,46a57c425c381a380cc4c732569dcd6e6d7d856b73881812b45027042a121026,,0,rq1-exact-623-20260926-5x,0
5to10Traces/0169.trace,de65a0e45e536c5f9c37,5to10Traces,plain,6,2,TIMEOUT,,,4,unsat,60.38709774699964,,c313e9311323b73d55e3f356874696ce55b1217abfd6f3c8b2947ab326f3afb3,,0,rq1-exact-623-20260926-5x,0
5to10Traces/0169.trace,de65a0e45e536c5f9c37,5to10Traces,plain,6,2,TIMEOUT,,,5,unsat,238.71256320999964,,521bc2b3d509e1b1fc45626e79f6f45ad7b3d163bab376cefc747c151bd70ca5,,0,rq1-exact-623-20260926-5x,0
5to10Traces/0169.trace,de65a0e45e536c5f9c37,5to10Traces,plain,6,2,TIMEOUT,,,6,unknown,1572.3002641649982,timeout,98886c5f95580a26c4fe9c129e1394315d6889347d639a983863ec7663a78d9b,,0,rq1-exact-623-20260926-5x,0
5to10Traces/0170.trace,c2c96411b6de5053a5e7,5to10Traces,plain,6,2,UNSAT,,,1,unsat,1.1210730019993207,,f4f27eea3aa5986a905b2f55cabfd529133526ccfc56a58ee75c7577a3fc9bbd,,0,rq1-exact-623-20260926-5x,0
5to10Traces/0170.trace,c2c96411b6de5053a5e7,5to10Traces,plain,6,2,UNSAT,,,2,unsat,6.935536143999343,,0e78d8778d1d23db731e72e4e505ed59e699c85195c21e74b1b2dc1d4d2b1329,,0,rq1-exact-623-20260926-5x,0
5to10Traces/0170.trace,c2c96411b6de5053a5e7,5to10Traces,plain,6,2,UNSAT,,,3,unsat,15.68214724200152,,1ee8bb0ef421020f1c1eea10450c11701e887090e3eae3f294924b67ac1394e2,,0,rq1-exact-623-20260926-5x,0
5to10Traces/0170.trace,c2c96411b6de5053a5e7,5to10Traces,plain,6,2,UNSAT,,,4,unsat,32.5683812089992,,32bb1a68b81462bd50bddc8fa51cc4f3e55fcf43c77a2a95e70c2e35f67771bc,,0,rq1-exact-623-20260926-5x,0
5to10Traces/0170.trace,c2c96411b6de5053a5e7,5to10Traces,plain,6,2,UNSAT,,,5,unsat,113.67468303499845,,22d3e8c996911f9418b64ddfb084829df1b87c0684cdbcb505423e986f69781d,,0,rq1-exact-623-20260926-5x,0
5to10Traces/0170.trace,c2c96411b6de5053a5e7,5to10Traces,plain,6,2,UNSAT,,,6,unsat,766.7377042730004,,4e4cf61253804203f103f67cc948bca8a4f5fef2dee0fd2f10aa0fb83bf76ed8,,0,rq1-exact-623-20260926-5x,0
5to10Traces/0171.trace,73ce1c5352c9e637238f,5to10Traces,plain,6,2,TIMEOUT,,,1,unsat,1.8911723669989442,,a91ef1e8c19c634abb46978130a43172e671605db11e7a83f8303cbf010ed0c6,,0,rq1-exact-623-20260926-5x,0
5to10Traces/0171.trace,73ce1c5352c9e637238f,5to10Traces,plain,6,2,TIMEOUT,,,2,unsat,12.541793988999416,,9d75659e40e4cd6a6286a9f3eab219c77518d52dfe6392b2f3ae1abf30b020c8,,0,rq1-exact-623-20260926-5x,0
5to10Traces/0171.trace,73ce1c5352c9e637238f,5to10Traces,plain,6,2,TIMEOUT,,,3,unsat,28.45004188999883,,21de786645bf52db0513b7fa3ea45ad7c6f3993643348cac1d7fdee9ef07ab49,,0,rq1-exact-623-20260926-5x,0
5to10Traces/0171.trace,73ce1c5352c9e637238f,5to10Traces,plain,6,2,TIMEOUT,,,4,unsat,98.59372838199852,,406de0046931e91470929537ba79e591f223a3340d8fab176fc7823b25b694fd,,0,rq1-exact-623-20260926-5x,0
5to10Traces/0171.trace,73ce1c5352c9e637238f,5to10Traces,plain,6,2,TIMEOUT,,,5,unsat,297.5153225920003,,f7ab270dac4803933330b9ca2a70545e5ef7b2fdcdd2395737de441a62bf7406,,0,rq1-exact-623-20260926-5x,0
5to10Traces/0171.trace,73ce1c5352c9e637238f,5to10Traces,plain,6,2,TIMEOUT,,,6,unknown,1570.5879415320014,timeout,89fd938ce846d2df7af4114e81b2521156663b1b68b5d83a30a56cab555152f7,,0,rq1-exact-623-20260926-5x,0
5to10Traces/0172.trace,20f801a22a35e39cf4a5,5to10Traces,plain,6,2,UNSAT,,,1,unsat,1.2588724870001897,,726bfb27fdd3c00ec7d9cf18737515c78f631edc866a685fb80fe3815d5ca191,,0,rq1-exact-623-20260926-5x,0
5to10Traces/0172.trace,20f801a22a35e39cf4a5,5to10Traces,plain,6,2,UNSAT,,,2,unsat,7.7402314330029185,,05b0ff5865cdb750066f0e97d71e33474d8f472ace5e770343b70e6f1aa3b1a4,,0,rq1-exact-623-20260926-5x,0
5to10Traces/0172.trace,20f801a22a35e39cf4a5,5to10Traces,plain,6,2,UNSAT,,,3,unsat,16.756266689000768,,00683398e07f10eb11f990531e7181129c33208a55b1ed54650d38ce3df65527,,0,rq1-exact-623-20260926-5x,0
5to10Traces/0172.trace,20f801a22a35e39cf4a5,5to10Traces,plain,6,2,UNSAT,,,4,unsat,45.29082601200207,,1351ca5e4fa6b7e6d6d45e11486fcd7d5f906b3a5f2b24e0dc58f78b6e97db21,,0,rq1-exact-623-20260926-5x,0
5to10Traces/0172.trace,20f801a22a35e39cf4a5,5to10Traces,plain,6,2,UNSAT,,,5,unsat,134.60907069099994,,9270ee5888b33656f8c23447237a4d12eb97c8759f9edae43751131928cb4011,,0,rq1-exact-623-20260926-5x,0
5to10Traces/0172.trace,20f801a22a35e39cf4a5,5to10Traces,plain,6,2,UNSAT,,,6,unsat,757.9687456039974,,c721bab6b42e5635e0aedc45a75f30fdff8af6d919307c6984468f0575ef6499,,0,rq1-exact-623-20260926-5x,0
5to10Traces/0173.trace,92089866b061e71f419d,5to10Traces,plain,6,2,TIMEOUT,,,1,unsat,2.1114643690016237,,fa5a9bfee38ef11756b989f6d4a7e0d5a9b22e79470a9f2e58c58f4897885c5c,,0,rq1-exact-623-20260926-5x,0
5to10Traces/0173.trace,92089866b061e71f419d,5to10Traces,plain,6,2,TIMEOUT,,,2,unsat,13.906296993998694,,9db60ed67531fcd0f04d26062abac8f608f0ddf8be6482b1d9d980e05628861d,,0,rq1-exact-623-20260926-5x,0
5to10Traces/0173.trace,92089866b061e71f419d,5to10Traces,plain,6,2,TIMEOUT,,,3,unsat,31.061637745002372,,776e0964342e216bf9419688879c0e57216067141878225f61b1ff00dae8cebb,,0,rq1-exact-623-20260926-5x,0
5to10Traces/0173.trace,92089866b061e71f419d,5to10Traces,plain,6,2,TIMEOUT,,,4,unsat,78.11602549899908,,f8d291fd2dd1ad6df6dbeadcc90bb7ddae6ee08a27d56a8745793f081837795e,,0,rq1-exact-623-20260926-5x,0
5to10Traces/0173.trace,92089866b061e71f419d,5to10Traces,plain,6,2,TIMEOUT,,,5,unsat,353.2501815430005,,5a79e3a358c2d78ad61d07c62514e42e2aa3242ecadcc1f8b7964107deae0772,,0,rq1-exact-623-20260926-5x,0
5to10Traces/0173.trace,92089866b061e71f419d,5to10Traces,plain,6,2,TIMEOUT,,,6,unknown,1578.8561738800017,timeout,fc318400fd6fc2c1240d1b75907a01d1a28a252d6300ea95ca2f2112aa0eb92b,,0,rq1-exact-623-20260926-5x,0
5to10Traces/0174.trace,411d7687e65cd4f14474,5to10Traces,plain,6,2,UNSAT,,,1,unsat,1.4053929219990096,,cda2cfb287bcbe99bb679c1bf97d75def59ddf03b8a2c450c811ba844a136dba,,0,rq1-exact-623-20260926-5x,0
5to10Traces/0174.trace,411d7687e65cd4f14474,5to10Traces,plain,6,2,UNSAT,,,2,unsat,8.734140649998153,,fa0fcd31075bec5c656669be3a4c6cad65f8def9c4f40e035083b0025a68d094,,0,rq1-exact-623-20260926-5x,0
5to10Traces/0174.trace,411d7687e65cd4f14474,5to10Traces,plain,6,2,UNSAT,,,3,unsat,18.69741292499748,,9e4c6f5804984aa603cf4222ff98c50982f1f483dde23d60e3b2f600578bdeed,,0,rq1-exact-623-20260926-5x,0
5to10Traces/0174.trace,411d7687e65cd4f14474,5to10Traces,plain,6,2,UNSAT,,,4,unsat,44.7921682390006,,44526fb4d22a29934769d03b48288b1ee804f1f88f5a392b99a1e9b281307028,,0,rq1-exact-623-20260926-5x,0
5to10Traces/0174.trace,411d7687e65cd4f14474,5to10Traces,plain,6,2,UNSAT,,,5,unsat,172.97690724700078,,04142a9359da20811940c87d8861102d5f292850087a34abe686d93cf583ec6d,,0,rq1-exact-623-20260926-5x,0
5to10Traces/0174.trace,411d7687e65cd4f14474,5to10Traces,plain,6,2,UNSAT,,,6,unsat,832.4383670489988,,8358991f1eed3b07ceff5d33200619905d425a3cd9889e915696011ad50d5c15,,0,rq1-exact-623-20260926-5x,0
5to10Traces/0175.trace,94df50dfcf59ff04a823,5to10Traces,plain,6,2,TIMEOUT,,,1,unsat,2.3613200479994703,,8e14347c5cec1d5d1a87ea17c7e88f7ae10c19415099927488d9ce877908c1da,,0,rq1-exact-623-20260926-5x,0
5to10Traces/0175.trace,94df50dfcf59ff04a823,5to10Traces,plain,6,2,TIMEOUT,,,2,unsat,15.624950293000438,,30503177cec719f176aa7cb1e0f12227e98efc953865dc1b9f415c8cbac6c60f,,0,rq1-exact-623-20260926-5x,0
5to10Traces/0175.trace,94df50dfcf59ff04a823,5to10Traces,plain,6,2,TIMEOUT,,,3,unsat,34.62296404100198,,5c5d090ecc8f2228fec04eba0dfd6124b556c3fc42bb94dcd7ec4b0ae1b6aff3,,0,rq1-exact-623-20260926-5x,0
5to10Traces/0175.trace,94df50dfcf59ff04a823,5to10Traces,plain,6,2,TIMEOUT,,,4,unsat,81.23198114000115,,da28e502964d4aa3f43674314a74103ae39d04e5b0c15321e035461289287b3e,,0,rq1-exact-623-20260926-5x,0
5to10Traces/0175.trace,94df50dfcf59ff04a823,5to10Traces,plain,6,2,TIMEOUT,,,5,unsat,424.3402634810009,,ef4ed2b900c861de27e550bef811f41760d038b8371df80aecd3912a121c598c,,0,rq1-exact-623-20260926-5x,0
5to10Traces/0175.trace,94df50dfcf59ff04a823,5to10Traces,plain,6,2,TIMEOUT,,,6,unknown,1591.0020185309986,timeout,f24eeff419cfc70aabaf77a5be222978b9823bb5743868d1fbb03bb8f1d05ead,,0,rq1-exact-623-20260926-5x,0
5to10Traces/0176.trace,034d0c674621ca360b6f,5to10Traces,plain,10,2,OPTIMAL,0,3,1,unsat,0.03460066900061065,,32a8fa93301c409fdb404468a9e560d48b8a3fedeb17234044588f9e7775c877,,0,rq1-exact-623-20260926-5x,0
5to10Traces/0176.trace,034d0c674621ca360b6f,5to10Traces,plain,10,2,OPTIMAL,0,3,2,unsat,0.1063304560002507,,f8dffe1a811ea32471045a91d4de1ef99ed378e1cb6d13f08fb696d911a38c4b,,0,rq1-exact-623-20260926-5x,0
5to10Traces/0176.trace,034d0c674621ca360b6f,5to10Traces,plain,10,2,OPTIMAL,0,3,3,sat,0.217956693000815,,43ce9a3fa7a3e03490741972169378634555edec745aa0da51a9f3db72600b4d,ced7524c9442e4221f43a9937165ad4a5a09445cc71a370e0421b272af717dd4,0,rq1-exact-623-20260926-5x,0
5to10Traces/0177.trace,b59806f0f5e4c49e3902,5to10Traces,plain,10,2,OPTIMAL,0,4,1,unsat,0.044574319000275864,,8404809dd87e22d61ae8fba099176e8ee2bfa1bbb8f88b02a099b4d7a521cc49,,0,rq1-exact-623-20260926-5x,0
5to10Traces/0177.trace,b59806f0f5e4c49e3902,5to10Traces,plain,10,2,OPTIMAL,0,4,2,unsat,0.16458992200023204,,debc7fe7b6c932ca9232651f84fa0d558bddf07ed4ead0b28bdd0f42269f2be2,,0,rq1-exact-623-20260926-5x,0
5to10Traces/0177.trace,b59806f0f5e4c49e3902,5to10Traces,plain,10,2,OPTIMAL,0,4,3,unsat,0.34183557699998346,,988226432d33f9e531e8790fcc275f23f6acad36afb24d526457d9247df93434,,0,rq1-exact-623-20260926-5x,0
5to10Traces/0177.trace,b59806f0f5e4c49e3902,5to10Traces,plain,10,2,OPTIMAL,0,4,4,sat,0.6079798929995377,,529f95c12657b4c714b82d1b7990cb9bec785f958b24b451737949711cf69be6,6b8ee82b7b267f591f51f1730bf78fb769d84243d82aa9909bfec0b0ad45fd54,0,rq1-exact-623-20260926-5x,0
5to10Traces/0178.trace,3602f73738e4144b25b4,5to10Traces,plain,10,2,OPTIMAL,0,5,1,unsat,0.09860439599924575,,18a2f8de709e9dc6147463cce87888dc363868bacae89a08a28c92c4a6d413a5,,0,rq1-exact-623-20260926-5x,0
5to10Traces/0178.trace,3602f73738e4144b25b4,5to10Traces,plain,10,2,OPTIMAL,0,5,2,unsat,0.5072299619996556,,6613cc2eafec2ca723cf8bcccba5b07edc4a58d54218f61284406c459f1e6569,,0,rq1-exact-623-20260926-5x,0
5to10Traces/0178.trace,3602f73738e4144b25b4,5to10Traces,plain,10,2,OPTIMAL,0,5,3,unsat,1.0855521009998483,,62a1e34ef70b2ff6811d084ffc45bb77e277e55c48e9b9972afd9093b9740ce7,,0,rq1-exact-623-20260926-5x,0
5to10Traces/0178.trace,3602f73738e4144b25b4,5to10Traces,plain,10,2,OPTIMAL,0,5,4,unsat,2.060031633000108,,63173cc07ddb29ca91db8d930c696692f1dd9818b85ecedd0d5eb9f8eb82310b,,0,rq1-exact-623-20260926-5x,0
5to10Traces/0178.trace,3602f73738e4144b25b4,5to10Traces,plain,10,2,OPTIMAL,0,5,5,sat,3.5115583410006366,,08bb085e1c780155151fd7b940063201c090ae80e55c797cad91a0765b2d5ece,e074ac6acb728800922658aa08c14722436ce8a44a835494628a497c06fec6e3,0,rq1-exact-623-20260926-5x,0
5to10Traces/0179.trace,5b837541f1c88006b123,5to10Traces,plain,10,2,OPTIMAL,0,5,1,unsat,0.11772564599959878,,53cc4418bb761e4bd3705ebd70b28b84d03a424aa6a898a00721ab64660361b6,,0,rq1-exact-623-20260926-5x,0
5to10Traces/0179.trace,5b837541f1c88006b123,5to10Traces,plain,10,2,OPTIMAL,0,5,2,unsat,0.6357478589998209,,4ce542d9b5dbc819b712c39ab14a2a4f325b285f0e94a8138c144d53ccbe0929,,0,rq1-exact-623-20260926-5x,0
5to10Traces/0179.trace,5b837541f1c88006b123,5to10Traces,plain,10,2,OPTIMAL,0,5,3,unsat,1.3784714049998001,,1866768aa19ab01dd6c3d1d147678d7179d70398dc73fccfcfd41e43472fce14,,0,rq1-exact-623-20260926-5x,0
5to10Traces/0179.trace,5b837541f1c88006b123,5to10Traces,plain,10,2,OPTIMAL,0,5,4,unsat,2.672567583000273,,910ac1cd494303c72c80fdf0189541e6e3dc9fd2b47ee96cdfc7e239e32de284,,0,rq1-exact-623-20260926-5x,0
5to10Traces/0179.trace,5b837541f1c88006b123,5to10Traces,plain,10,2,OPTIMAL,0,5,5,sat,5.309257653999339,,849438dfac2f446835335c0273a468a7f3de86d686ff3201af05c576acdac59f,e074ac6acb728800922658aa08c14722436ce8a44a835494628a497c06fec6e3,0,rq1-exact-623-20260926-5x,0
5to10Traces/0180.trace,4a7e2e49684b1c6c7f91,5to10Traces,plain,10,2,OPTIMAL,0,5,1,unsat,0.17986614599976747,,3fb79e8f1eaf217b2cc4831a26b8877832335d6585eee0c03ecc81bdee4738c0,,0,rq1-exact-623-20260926-5x,0
5to10Traces/0180.trace,4a7e2e49684b1c6c7f91,5to10Traces,plain,10,2,OPTIMAL,0,5,2,unsat,1.0294661879997875,,16d144a1683becb2f3498b4091c03cea678728a7e0fbf8a091b277dab8b1849c,,0,rq1-exact-623-20260926-5x,0
5to10Traces/0180.trace,4a7e2e49684b1c6c7f91,5to10Traces,plain,10,2,OPTIMAL,0,5,3,unsat,2.2340405539998756,,55e0308ea10458e73957bf27ac825db0d3c863c222c69dac0b23764c8ff14bdb,,0,rq1-exact-623-20260926-5x,0
5to10Traces/0180.trace,4a7e2e49684b1c6c7f91,5to10Traces,plain,10,2,OPTIMAL,0,5,4,unsat,4.829774296999858,,6fa82c5f2a24c62520c746b13f0cb8376f0c09fb658585389c003a1fad68ded1,,0,rq1-exact-623-20260926-5x,0
5to10Traces/0180.trace,4a7e2e49684b1c6c7f91,5to10Traces,plain,10,2,OPTIMAL,0,5,5,sat,8.347815279000315,,7a3f0880a68c4a18a82ed0e63ecbec5fd5cecd83aab18b92100085d6fafbcf85,cbc2ff0ffe3ae167d13787a5daaffca6627d41453877750f3e281ebd98233b48,0,rq1-exact-623-20260926-5x,0
5to10Traces/0181.trace,ca8d192d630978c1358a,5to10Traces,plain,10,2,OPTIMAL,0,5,1,unsat,0.21792755400019814,,e15cbe8fc7217f4312cf0efae5d9d7ae2915064d49bb16ca1d2538fb810502f7,,0,rq1-exact-623-20260926-5x,0
5to10Traces/0181.trace,ca8d192d630978c1358a,5to10Traces,plain,10,2,OPTIMAL,0,5,2,unsat,1.316874624000775,,b25d9cb9aca25b629de73465e53476c9ae8bc99093b78c6c08c538f1ccf87f2d,,0,rq1-exact-623-20260926-5x,0
5to10Traces/0181.trace,ca8d192d630978c1358a,5to10Traces,plain,10,2,OPTIMAL,0,5,3,unsat,3.0499154210001507,,fda7531ef1d2453229d7fe17586a2191087f18797427dd13b31f7100d5e45a06,,0,rq1-exact-623-20260926-5x,0
5to10Traces/0181.trace,ca8d192d630978c1358a,5to10Traces,plain,10,2,OPTIMAL,0,5,4,unsat,6.13004345400077,,e05aa1d1ecd3f04170afe40c9b45463f25eaf548cefbe0e924df68c3879e1a8d,,0,rq1-exact-623-20260926-5x,0
5to10Traces/0181.trace,ca8d192d630978c1358a,5to10Traces,plain,10,2,OPTIMAL,0,5,5,sat,11.87589387099979,,845e8290c7686f2d68b5294b10b6ef600e020f75ae2ca99076ae85e745423e15,c3293aaeccddc458589e8ce16ad2e76ce80c1767a247afbbefbcb03c290cdb9a,0,rq1-exact-623-20260926-5x,0
5to10Traces/0182.trace,18a1601b38ee085ad0c0,5to10Traces,plain,10,2,OPTIMAL,0,5,1,unsat,0.26028237199989235,,c7356395ba730a938ee71184cdb758822a00ff1a3318ecc70600603151413629,,0,rq1-exact-623-20260926-5x,0
5to10Traces/0182.trace,18a1601b38ee085ad0c0,5to10Traces,plain,10,2,OPTIMAL,0,5,2,unsat,1.5585561550005878,,67dc6e60d2c0d7fdea4b792e0fd998abc2f354f495719309bcec68cb67d02706,,0,rq1-exact-623-20260926-5x,0
5to10Traces/0182.trace,18a1601b38ee085ad0c0,5to10Traces,plain,10,2,OPTIMAL,0,5,3,unsat,3.3346070219995454,,64e5d001379fcca7d15cf99d1457c0b3d9a0e6e0dc6519efa187b473f1415cd1,,0,rq1-exact-623-20260926-5x,0
5to10Traces/0182.trace,18a1601b38ee085ad0c0,5to10Traces,plain,10,2,OPTIMAL,0,5,4,unsat,6.912881881999965,,3cdcd13475b10b64f2303b76f44d810c333c8f69d615cc5b1aa6b129cea2e768,,0,rq1-exact-623-20260926-5x,0
5to10Traces/0182.trace,18a1601b38ee085ad0c0,5to10Traces,plain,10,2,OPTIMAL,0,5,5,sat,11.243370747999506,,55856a6fe5a8a36549e274919408f77c3839d2e948aba8671c08710dabedc0e6,c3293aaeccddc458589e8ce16ad2e76ce80c1767a247afbbefbcb03c290cdb9a,0,rq1-exact-623-20260926-5x,0
5to10Traces/0183.trace,66c3f6fae74a9d059304,5to10Traces,plain,10,2,OPTIMAL,0,5,1,unsat,0.3165217429996119,,5c188b20b4eb2b88a44b2329ea2460d7895ccbdc5c452e5cbb0616ade7625f91,,0,rq1-exact-623-20260926-5x,0
5to10Traces/0183.trace,66c3f6fae74a9d059304,5to10Traces,plain,10,2,OPTIMAL,0,5,2,unsat,1.9534637449996808,,0ff8dfaaa0f706bc37515a293dcc6ff4dae1fb8ff7be693c14d290c5abd29dbe,,0,rq1-exact-623-20260926-5x,0
5to10Traces/0183.trace,66c3f6fae74a9d059304,5to10Traces,plain,10,2,OPTIMAL,0,5,3,unsat,4.293329969000297,,e0c25431c2b69549b8a46d784c5c1c1199e1f422d8c521e848e09b997c147b72,,0,rq1-exact-623-20260926-5x,0
5to10Traces/0183.trace,66c3f6fae74a9d059304,5to10Traces,plain,10,2,OPTIMAL,0,5,4,unsat,8.718777134000447,,fc5e9f6292f953f71b952ff8bf5af49ed9e65f9321dde6f1f9904c65112ef013,,0,rq1-exact-623-20260926-5x,0
5to10Traces/0183.trace,66c3f6fae74a9d059304,5to10Traces,plain,10,2,OPTIMAL,0,5,5,sat,13.988688722999541,,aea2fd948268efe18198e39b9ec3219244da6fbb66090c6fd2f1576772ecb578,c3293aaeccddc458589e8ce16ad2e76ce80c1767a247afbbefbcb03c290cdb9a,0,rq1-exact-623-20260926-5x,0
5to10Traces/0184.trace,d8f6b31f7c3baddc8448,5to10Traces,plain,10,2,OPTIMAL,0,5,1,unsat,0.3379724960004751,,38c993f3c5f307905bc74676e7d18bd26c8c2d2b383a924998708dbdce2cead4,,0,rq1-exact-623-20260926-5x,0
5to10Traces/0184.trace,d8f6b31f7c3baddc8448,5to10Traces,plain,10,2,OPTIMAL,0,5,2,unsat,2.082644930999777,,6a178040b8ac8c4815bc847606821398fc17b298cb973592c33ac0d44f034f54,,0,rq1-exact-623-20260926-5x,0
5to10Traces/0184.trace,d8f6b31f7c3baddc8448,5to10Traces,plain,10,2,OPTIMAL,0,5,3,unsat,4.6052001919997565,,a21f114e95977b0f76c89efb55b62df2ae97b097b6c60023ad4d33a443839980,,0,rq1-exact-623-20260926-5x,0
5to10Traces/0184.trace,d8f6b31f7c3baddc8448,5to10Traces,plain,10,2,OPTIMAL,0,5,4,unsat,10.381342144999508,,41124f866c92df60a6413c956388b642b40623181af3071244498bff413c0592,,0,rq1-exact-623-20260926-5x,0
5to10Traces/0184.trace,d8f6b31f7c3baddc8448,5to10Traces,plain,10,2,OPTIMAL,0,5,5,sat,16.001360045000183,,24672900bce375817c33d0cffc4b975fcfbc8dc60b76173479d3c2fcc129b392,c3293aaeccddc458589e8ce16ad2e76ce80c1767a247afbbefbcb03c290cdb9a,0,rq1-exact-623-20260926-5x,0
5to10Traces/0185.trace,646e885182265b3799e8,5to10Traces,plain,10,2,OPTIMAL,0,5,1,unsat,0.39984789099980844,,54553797a6e8f4ca059f2dcd4a8df253fa7f2fa773493d4b615e64abbe260015,,0,rq1-exact-623-20260926-5x,0
5to10Traces/0185.trace,646e885182265b3799e8,5to10Traces,plain,10,2,OPTIMAL,0,5,2,unsat,2.5560220179995667,,06381c163e18c6b8b87e3c7a109e3a2eb9536e669f0d2de8d32973f5400309ac,,0,rq1-exact-623-20260926-5x,0
5to10Traces/0185.trace,646e885182265b3799e8,5to10Traces,plain,10,2,OPTIMAL,0,5,3,unsat,5.582893611000145,,f6b8adad539efdb3c51614db0f7ae892585a7852af7d3c29c1be4e46c32b83ff,,0,rq1-exact-623-20260926-5x,0
5to10Traces/0185.trace,646e885182265b3799e8,5to10Traces,plain,10,2,OPTIMAL,0,5,4,unsat,12.022508371000185,,483c1acf4b1adfacaf0a2808702e7ba533c58f24ce0660dd1599cf509d29479b,,0,rq1-exact-623-20260926-5x,0
5to10Traces/0185.trace,646e885182265b3799e8,5to10Traces,plain,10,2,OPTIMAL,0,5,5,sat,17.663029188999644,,fb2b6282d902f9adeb2ef7bd02472336d83f87aa9ddc1483436b1a5447c9bd4c,cbc2ff0ffe3ae167d13787a5daaffca6627d41453877750f3e281ebd98233b48,0,rq1-exact-623-20260926-5x,0
5to10Traces/0186.trace,e896f42bb88af714433c,5to10Traces,plain,10,2,OPTIMAL,0,5,1,unsat,0.41264132000014797,,39aa4cb3ac0e35394984860c7b02b2462f0781c997a38f60f7774791c60b0d7c,,0,rq1-exact-623-20260926-5x,0
5to10Traces/0186.trace,e896f42bb88af714433c,5to10Traces,plain,10,2,OPTIMAL,0,5,2,unsat,2.571852996000416,,c2eadd51df3c115ce51705f17125b3ad91f8eec31867c2d5f44e725027b43c8a,,0,rq1-exact-623-20260926-5x,0
5to10Traces/0186.trace,e896f42bb88af714433c,5to10Traces,plain,10,2,OPTIMAL,0,5,3,unsat,5.791254259000198,,9306c44036f11b20bf2d81cf54357b7de94c484cb41457fa6685cda907cbb70d,,0,rq1-exact-623-20260926-5x,0
5to10Traces/0186.trace,e896f42bb88af714433c,5to10Traces,plain,10,2,OPTIMAL,0,5,4,unsat,12.333661546999792,,30ee5fc5dc275456e17fc4c267e099beed9d8829af2e95b47a60303c77d810f2,,0,rq1-exact-623-20260926-5x,0
5to10Traces/0186.trace,e896f42bb88af714433c,5to10Traces,plain,10,2,OPTIMAL,0,5,5,sat,22.316089595999983,,76b85e7ab69d4abefc53eaed42e2c803700021874b64a371d0e8661233eee360,e074ac6acb728800922658aa08c14722436ce8a44a835494628a497c06fec6e3,0,rq1-exact-623-20260926-5x,0
5to10Traces/0187.trace,4365df6f5a98cc271bc8,5to10Traces,plain,10,2,OPTIMAL,0,5,1,unsat,0.48045647100025235,,e1a7f0bdcf66f983de37fe45a7a59ef7cc1f703c8bd1fe6273514a363c9673d1,,0,rq1-exact-623-20260926-5x,0
5to10Traces/0187.trace,4365df6f5a98cc271bc8,5to10Traces,plain,10,2,OPTIMAL,0,5,2,unsat,3.0557339080005477,,d711e7a7e6b7dba75ef02413b8414f693198892f736e3054dc562515d5366fc6,,0,rq1-exact-623-20260926-5x,0
5to10Traces/0187.trace,4365df6f5a98cc271bc8,5to10Traces,plain,10,2,OPTIMAL,0,5,3,unsat,6.909074084999702,,12820c9b4f1c40ab0e80ae9cb380fe3a4a3ce4d981d49f4f92d3c87df37c727d,,0,rq1-exact-623-20260926-5x,0
5to10Traces/0187.trace,4365df6f5a98cc271bc8,5to10Traces,plain,10,2,OPTIMAL,0,5,4,unsat,14.741002826000113,,30676f482573571e6b8eb9807916ea174d46daf16881d7d50d45dd569a941d81,,0,rq1-exact-623-20260926-5x,0
5to10Traces/0187.trace,4365df6f5a98cc271bc8,5to10Traces,plain,10,2,OPTIMAL,0,5,5,sat,30.59696249300032,,6f64206de3debd1abbdc91ec3acb2cc87ea4e1ba61e4a43680d29a8665693da4,cbc2ff0ffe3ae167d13787a5daaffca6627d41453877750f3e281ebd98233b48,0,rq1-exact-623-20260926-5x,0
5to10Traces/0188.trace,e96cd997734bfa32bd27,5to10Traces,plain,10,2,OPTIMAL,0,5,1,unsat,0.49885704799999075,,e26f600ef12d64633484099fb68a49c0cae2533ec531bfbadd04c329e4c552db,,0,rq1-exact-623-20260926-5x,0
5to10Traces/0188.trace,e96cd997734bfa32bd27,5to10Traces,plain,10,2,OPTIMAL,0,5,2,unsat,3.177039846000298,,5641c497b55fa859d514d1f22638f507f5bae9b1a9a9b13b535f29f69a5ffd18,,0,rq1-exact-623-20260926-5x,0
5to10Traces/0188.trace,e96cd997734bfa32bd27,5to10Traces,plain,10,2,OPTIMAL,0,5,3,unsat,6.930131763000645,,92519a93dfa02eb51f0743102429b7b7e566867d8821df2c20a363d5f512a663,,0,rq1-exact-623-20260926-5x,0
5to10Traces/0188.trace,e96cd997734bfa32bd27,5to10Traces,plain,10,2,OPTIMAL,0,5,4,unsat,15.583611711999765,,ababe21e16fb0a16d1d6f624e51822474b0d9fa81666cb19ccf9c3f4318aa428,,0,rq1-exact-623-20260926-5x,0
5to10Traces/0188.trace,e96cd997734bfa32bd27,5to10Traces,plain,10,2,OPTIMAL,0,5,5,sat,27.702934809,,0a530c2cacca38b08ea154ba77ef4c97b3fb2f0e1b32a65f55105b5fbc49fd71,c3293aaeccddc458589e8ce16ad2e76ce80c1767a247afbbefbcb03c290cdb9a,0,rq1-exact-623-20260926-5x,0
5to10Traces/0189.trace,d94cb3a981fef5f14221,5to10Traces,plain,10,2,OPTIMAL,0,5,1,unsat,0.5666079009997702,,d30a3f8c8f9c291e6b0497b699cf20646b6eb87d380f064762820d6ffe8f710f,,0,rq1-exact-623-20260926-5x,0
5to10Traces/0189.trace,d94cb3a981fef5f14221,5to10Traces,plain,10,2,OPTIMAL,0,5,2,unsat,3.689275245999852,,bcecea92a7f34a41fd86077c57e206d6101b9c4a0502ba4eeccd383a370f0f01,,0,rq1-exact-623-20260926-5x,0
5to10Traces/0189.trace,d94cb3a981fef5f14221,5to10Traces,plain,10,2,OPTIMAL,0,5,3,unsat,7.946616232000451,,8945c3f614f022da1c19e54cc20586a53193e054f8c470f94b1a1a37571cfd54,,0,rq1-exact-623-20260926-5x,0
5to10Traces/0189.trace,d94cb3a981fef5f14221,5to10Traces,plain,10,2,OPTIMAL,0,5,4,unsat,18.092930523000177,,83481e6ca4c403e563d454cb45a373fd1a4b43c412d2ef1825a39aaa10af4c4b,,0,rq1-exact-623-20260926-5x,0
5to10Traces/0189.trace,d94cb3a981fef5f14221,5to10Traces,plain,10,2,OPTIMAL,0,5,5,sat,34.448264564000056,,105ae7c163ac84f6f338557fb1060a1f148e9949c4ccbad9ee63a17d2fe24f43,c3293aaeccddc458589e8ce16ad2e76ce80c1767a247afbbefbcb03c290cdb9a,0,rq1-exact-623-20260926-5x,0
5to10Traces/0190.trace,b003da5668c564379cd1,5to10Traces,plain,10,2,OPTIMAL,0,5,1,unsat,0.5780626680007117,,4b216a2a0409c7408c51078e3aefbe57d707a22a285c4664aadc778e47cd2442,,0,rq1-exact-623-20260926-5x,0
5to10Traces/0190.trace,b003da5668c564379cd1,5to10Traces,plain,10,2,OPTIMAL,0,5,2,unsat,3.655651735999527,,472e832737b51d853a5565bd4a4772f59c67f44e00445f8d08dfd7eacddc5d97,,0,rq1-exact-623-20260926-5x,0
5to10Traces/0190.trace,b003da5668c564379cd1,5to10Traces,plain,10,2,OPTIMAL,0,5,3,unsat,8.15955398999995,,97a0678d2cc80a84815f702c041fa2714562e0b56cc0ef2678448c7f478812c7,,0,rq1-exact-623-20260926-5x,0
5to10Traces/0190.trace,b003da5668c564379cd1,5to10Traces,plain,10,2,OPTIMAL,0,5,4,unsat,18.359458092999375,,f61c2114a3906ddbe658ab1a058dfc151c93c595fa95f5808532b9592f0abc67,,0,rq1-exact-623-20260926-5x,0
5to10Traces/0190.trace,b003da5668c564379cd1,5to10Traces,plain,10,2,OPTIMAL,0,5,5,sat,43.87637384900063,,f8f9963bf52ed39f4a4316c6f6a3900bc0dc5e42ee1f50de25c911b0dd97d946,e074ac6acb728800922658aa08c14722436ce8a44a835494628a497c06fec6e3,0,rq1-exact-623-20260926-5x,0
5to10Traces/0191.trace,5a495888dcfe908fc987,5to10Traces,plain,10,2,OPTIMAL,0,5,1,unsat,0.7163482129999466,,d2a1712e1e1776a9279ccbcbcb0e8178f96d0a89f18bc7d2c3d77a93f76b7d78,,0,rq1-exact-623-20260926-5x,0
5to10Traces/0191.trace,5a495888dcfe908fc987,5to10Traces,plain,10,2,OPTIMAL,0,5,2,unsat,4.6070268799994665,,df3cc5bf2cec5b30c028df6a178611041b35efd584cb9ff00b57450e3cefbffa,,0,rq1-exact-623-20260926-5x,0
5to10Traces/0191.trace,5a495888dcfe908fc987,5to10Traces,plain,10,2,OPTIMAL,0,5,3,unsat,10.08836558799976,,3d4f75d8e0daffa4e21559de56f29d5c9added85459af613c7bde708935e08fd,,0,rq1-exact-623-20260926-5x,0
5to10Traces/0191.trace,5a495888dcfe908fc987,5to10Traces,plain,10,2,OPTIMAL,0,5,4,unsat,31.20436052599962,,389df60bfad4d809f922b412fb4433957d57ec95276d26e3c485b8018aba0edd,,0,rq1-exact-623-20260926-5x,0
5to10Traces/0191.trace,5a495888dcfe908fc987,5to10Traces,plain,10,2,OPTIMAL,0,5,5,sat,45.659884476000116,,09023848aef07ff467860e99874ee2aa48836431cdea4b397940f929202ab221,e074ac6acb728800922658aa08c14722436ce8a44a835494628a497c06fec6e3,0,rq1-exact-623-20260926-5x,0
5to10Traces/0192.trace,5184d587f4c5d5b33769,5to10Traces,plain,10,2,OPTIMAL,0,5,1,unsat,0.6573307970002134,,9217fbbb108eef6c6545f4695a70a388e0469ecc39746f24264118e1593a6d2c,,0,rq1-exact-623-20260926-5x,0
5to10Traces/0192.trace,5184d587f4c5d5b33769,5to10Traces,plain,10,2,OPTIMAL,0,5,2,unsat,4.187457271000312,,ccdde9a4b6194394c158f700dc3c8ebb4b4f86add603769c42678b2f47a23db8,,0,rq1-exact-623-20260926-5x,0
5to10Traces/0192.trace,5184d587f4c5d5b33769,5to10Traces,plain,10,2,OPTIMAL,0,5,3,unsat,9.163240903999395,,1a3e12ea4ace87868121923b288decc912f678c75d1b489b6faef4995d1f38d3,,0,rq1-exact-623-20260926-5x,0
5to10Traces/0192.trace,5184d587f4c5d5b33769,5to10Traces,plain,10,2,OPTIMAL,0,5,4,unsat,20.42559454900038,,062e3c39b482d1df9c0d2884a9600700da5e60102c1666dad8e7692f66fd5ba7,,0,rq1-exact-623-20260926-5x,0
5to10Traces/0192.trace,5184d587f4c5d5b33769,5to10Traces,plain,10,2,OPTIMAL,0,5,5,sat,36.23996296099995,,336da2841c5ff9c2b184eb6d39ac88a73295d4fa29721ac7cbe1764dd598c593,cbc2ff0ffe3ae167d13787a5daaffca6627d41453877750f3e281ebd98233b48,0,rq1-exact-623-20260926-5x,0
5to10Traces/0193.trace,a75ab6147b40113fdc62,5to10Traces,plain,10,2,OPTIMAL,0,5,1,unsat,0.7715905260001819,,e2fc58b04d2a812e6cd0ae995faba801a6d09379f78d8837a411873354f29097,,0,rq1-exact-623-20260926-5x,0
5to10Traces/0193.trace,a75ab6147b40113fdc62,5to10Traces,plain,10,2,OPTIMAL,0,5,2,unsat,5.059850548000213,,0aa8a08d2b5f074ab127b26bb970c5143df5ae60bce127cd11a93484f11a09d1,,0,rq1-exact-623-20260926-5x,0
5to10Traces/0193.trace,a75ab6147b40113fdc62,5to10Traces,plain,10,2,OPTIMAL,0,5,3,unsat,12.19185259400001,,35ee8977b74e6c5a327eea6acc4b95403c1e56734a866cded9f64121152bfac0,,0,rq1-exact-623-20260926-5x,0
5to10Traces/0193.trace,a75ab6147b40113fdc62,5to10Traces,plain,10,2,OPTIMAL,0,5,4,unsat,23.734436587000346,,89c6fecd1e50cc20b4c73b7f962d9b2b0b52183e67eb709c53e4e348c4565c16,,0,rq1-exact-623-20260926-5x,0
5to10Traces/0193.trace,a75ab6147b40113fdc62,5to10Traces,plain,10,2,OPTIMAL,0,5,5,sat,53.75829279000027,,819c3ef29bc4b34a19f9795af62530a50d924b206b5e5412d24dadf38131e29d,e074ac6acb728800922658aa08c14722436ce8a44a835494628a497c06fec6e3,0,rq1-exact-623-20260926-5x,0
5to10Traces/0194.trace,6ab21fbfafbbdc92723d,5to10Traces,plain,10,2,OPTIMAL,0,5,1,unsat,0.7402590289993896,,c6d618ebafaa73131feb56d212fe4e07f6be3080653a383158f1b6d00624afa9,,0,rq1-exact-623-20260926-5x,0
5to10Traces/0194.trace,6ab21fbfafbbdc92723d,5to10Traces,plain,10,2,OPTIMAL,0,5,2,unsat,4.723081626000749,,5f695f375a70e044d0269640b3e3de7db71c6c1594e6fd2cc77522f59b6f5ec0,,0,rq1-exact-623-20260926-5x,0
5to10Traces/0194.trace,6ab21fbfafbbdc92723d,5to10Traces,plain,10,2,OPTIMAL,0,5,3,unsat,11.16671919700002,,c0133916f3ae3c12a0a1a7c7101920d60c39f34237ed718fd977228629d37cde,,0,rq1-exact-623-20260926-5x,0
5to10Traces/0194.trace,6ab21fbfafbbdc92723d,5to10Traces,plain,10,2,OPTIMAL,0,5,4,unsat,24.75330586400014,,4277dcf84599af574e195f88b3a697e1591c03c9a9146456a5593255d107c491,,0,rq1-exact-623-20260926-5x,0
5to10Traces/0194.trace,6ab21fbfafbbdc92723d,5to10Traces,plain,10,2,OPTIMAL,0,5,5,sat,30.74638214100014,,6e3eb271c856292a6166bddf5d35252c8b7c76790451983bb49a2f054ee4f717,cbc2ff0ffe3ae167d13787a5daaffca6627d41453877750f3e281ebd98233b48,0,rq1-exact-623-20260926-5x,0
5to10Traces/0195.trace,adfe909828803252f12b,5to10Traces,plain,10,2,OPTIMAL,0,5,1,unsat,0.8658350309997331,,b752b8c3f901a2fb2fe86212a847e17f3d34790cecb774b57ba964e4f3acea45,,0,rq1-exact-623-20260926-5x,0
5to10Traces/0195.trace,adfe909828803252f12b,5to10Traces,plain,10,2,OPTIMAL,0,5,2,unsat,5.698265191000246,,3f580eb7867e52e0507fd5e5077c3a2fdff6457830d68b3201f120f3a3a27b12,,0,rq1-exact-623-20260926-5x,0
5to10Traces/0195.trace,adfe909828803252f12b,5to10Traces,plain,10,2,OPTIMAL,0,5,3,unsat,12.376691757999652,,47f63c364c9b286d1edec2a488400d0659f6313db2542e9b9e0bc139929aef98,,0,rq1-exact-623-20260926-5x,0
5to10Traces/0195.trace,adfe909828803252f12b,5to10Traces,plain,10,2,OPTIMAL,0,5,4,unsat,26.749979756000357,,4e48302054276e16fe64868b88ecdbd7ba33398e2ff3bee97ce237c46fb7e97e,,0,rq1-exact-623-20260926-5x,0
5to10Traces/0195.trace,adfe909828803252f12b,5to10Traces,plain,10,2,OPTIMAL,0,5,5,sat,72.79177071000049,,2e48d702888fda9e645ba7421e11eca8a662f1dfd7ff3ca9d454996e7ed4c8a1,cbc2ff0ffe3ae167d13787a5daaffca6627d41453877750f3e281ebd98233b48,0,rq1-exact-623-20260926-5x,0
5to10Traces/0196.trace,99085fbe65132647489b,5to10Traces,plain,10,2,OPTIMAL,0,5,1,unsat,0.8317414870007269,,939df0d56ddaaadc6a5c6c5cb8c062be1a1bede4acb45f1d028452cf5bb21614,,0,rq1-exact-623-20260926-5x,0
5to10Traces/0196.trace,99085fbe65132647489b,5to10Traces,plain,10,2,OPTIMAL,0,5,2,unsat,5.364711462999367,,c5bcfd9073131dc7f60d0c4e37fd2d25f6d89fc987ff47390fe0c22405ae5990,,0,rq1-exact-623-20260926-5x,0
5to10Traces/0196.trace,99085fbe65132647489b,5to10Traces,plain,10,2,OPTIMAL,0,5,3,unsat,11.921626586000457,,50c93b3c23315a5e7655bbb7bb0016a268ade24b28281ff9254ef0cb448d81d6,,0,rq1-exact-623-20260926-5x,0
5to10Traces/0196.trace,99085fbe65132647489b,5to10Traces,plain,10,2,OPTIMAL,0,5,4,unsat,26.215663348999442,,5dfe41eaff2c0c4949eb38ab21af90d0f9e59bad65b7ee111bbfa30b68167f5f,,0,rq1-exact-623-20260926-5x,0
5to10Traces/0196.trace,99085fbe65132647489b,5to10Traces,plain,10,2,OPTIMAL,0,5,5,sat,50.56078116200024,,9e469547d38c66a80e2446e452dd463418966acc4fbc40803b2605f8ff93d87f,c3293aaeccddc458589e8ce16ad2e76ce80c1767a247afbbefbcb03c290cdb9a,0,rq1-exact-623-20260926-5x,0
5to10Traces/0197.trace,bea12c7e49e9bb9a394c,5to10Traces,plain,10,2,OPTIMAL,0,5,1,unsat,0.9798449030004122,,313f406c542d82992b40c8e290f52b25fcb6748b03b5196469032ef89345d938,,0,rq1-exact-623-20260926-5x,0
5to10Traces/0197.trace,bea12c7e49e9bb9a394c,5to10Traces,plain,10,2,OPTIMAL,0,5,2,unsat,6.527336051999555,,fcd1730a570982b15082e5cbeba2021806a90a09e8d5f1b65cba3e02bf7c3117,,0,rq1-exact-623-20260926-5x,0
5to10Traces/0197.trace,bea12c7e49e9bb9a394c,5to10Traces,plain,10,2,OPTIMAL,0,5,3,unsat,14.12979276599981,,c079bd167c430c159311079f3092d3060eee82ec6b99ad1bedd84c8565057f6e,,0,rq1-exact-623-20260926-5x,0
5to10Traces/0197.trace,bea12c7e49e9bb9a394c,5to10Traces,plain,10,2,OPTIMAL,0,5,4,unsat,31.548880092000218,,7825a44c272f2ad0e80dcbdf205be1cb4fcdb369372fb03d664e290f78d5ff18,,0,rq1-exact-623-20260926-5x,0
5to10Traces/0197.trace,bea12c7e49e9bb9a394c,5to10Traces,plain,10,2,OPTIMAL,0,5,5,sat,99.8442983290006,,51f3e4f7a077efa383dc2e19960487982c603013615f6a7682c39e0d8ea785ed,cbc2ff0ffe3ae167d13787a5daaffca6627d41453877750f3e281ebd98233b48,0,rq1-exact-623-20260926-5x,0
baseTest/0001.trace,8796024d9677ae4de12a,baseTest,plain,10,2,TIMEOUT,,,1,unsat,0.8539928009995492,,c1b572f3bc5a7a58d077ec253ba455efdc27baf977a5505d70566806f80c529e,,0,rq1-exact-623-20260926-5x,0
baseTest/0001.trace,8796024d9677ae4de12a,baseTest,plain,10,2,TIMEOUT,,,2,unsat,5.462662427999021,,096d36d4643be656aaee7d850275ec7277dd0388300c2dcd0f666b2ce4d0bca0,,0,rq1-exact-623-20260926-5x,0
baseTest/0001.trace,8796024d9677ae4de12a,baseTest,plain,10,2,TIMEOUT,,,3,unsat,12.40381510899897,,24c2998d270f10edf90eaac38ea624e1568057e488f8da81c5a442f647bfd053,,0,rq1-exact-623-20260926-5x,0
baseTest/0001.trace,8796024d9677ae4de12a,baseTest,plain,10,2,TIMEOUT,,,4,unsat,29.591549491000478,,642e7f9c219b4e33f05ad808d610b86bad6acfc29bf6f9a59ecf14bb04806c7e,,0,rq1-exact-623-20260926-5x,0
baseTest/0001.trace,8796024d9677ae4de12a,baseTest,plain,10,2,TIMEOUT,,,5,unsat,134.6435979050002,,93d97f42bfcbbcd894ae984575b765bbd4aa525feeaab60c12bb4483198199c3,,0,rq1-exact-623-20260926-5x,0
baseTest/0001.trace,8796024d9677ae4de12a,baseTest,plain,10,2,TIMEOUT,,,6,unsat,853.6579987689984,,9c19b4c9b2aa24d3c98c194b99b269c8d1d049d43a6ca2ff7d1a5be0845b22ca,,0,rq1-exact-623-20260926-5x,0
baseTest/0001.trace,8796024d9677ae4de12a,baseTest,plain,10,2,TIMEOUT,,,7,unknown,1539.5934900520006,timeout,b9c3825a8e659602817c01fb6b561d525a4bea6841491e432aec6b4731f615d6,,0,rq1-exact-623-20260926-5x,0
baseTest/0002.trace,7d7862330c40d9ed18e4,baseTest,plain,10,2,OPTIMAL,0,5,1,unsat,0.05328379799993854,,b9f52a68b15ce079f642f0094c80a6fc25af0c3e9f54e9cf83624c754cc8a83d,,0,rq1-exact-623-20260926-5x,0
baseTest/0002.trace,7d7862330c40d9ed18e4,baseTest,plain,10,2,OPTIMAL,0,5,2,unsat,0.2285215910005718,,8bbf2bfb336bbd982720f6ee1c1bccab10f3af1c050b09c6562f4f169abdfcb0,,0,rq1-exact-623-20260926-5x,0
baseTest/0002.trace,7d7862330c40d9ed18e4,baseTest,plain,10,2,OPTIMAL,0,5,3,unsat,0.47092032599994127,,0383e3f2ba5a12b2ff1205f1035ac51079f7bda6885a63801b1d5134cd5adeac,,0,rq1-exact-623-20260926-5x,0
baseTest/0002.trace,7d7862330c40d9ed18e4,baseTest,plain,10,2,OPTIMAL,0,5,4,unsat,0.8728482269998494,,7ed4086e0e227d6be3748bd7350c0cbc17574af91e683435dd702f2d4ab4a11b,,0,rq1-exact-623-20260926-5x,0
baseTest/0002.trace,7d7862330c40d9ed18e4,baseTest,plain,10,2,OPTIMAL,0,5,5,sat,1.3707555469991348,,cbe3b5b26777b5d45379a3acaec79d4ba236755660ebfa6ae73aecd3e46829b2,f199b295c5d58d8fb5173cb8b7a3eb24c67e33cce4321a2bad396dbd279fc81e,0,rq1-exact-623-20260926-5x,0
baseTest/0003.trace,f1488757391174b7661b,baseTest,plain,10,2,TIMEOUT,,,1,unsat,1.0970829790021526,,a4da8e1ae68cfef00df75414bbaa2ebfefce9715bc9b0140452d6c58b3109d3f,,0,rq1-exact-623-20260926-5x,0
baseTest/0003.trace,f1488757391174b7661b,baseTest,plain,10,2,TIMEOUT,,,2,unsat,7.15589563800313,,7a1a4d50896c23e2fc073fdd8b2c15459eba052d7cec01d9405b2a9e26bd1007,,0,rq1-exact-623-20260926-5x,0
baseTest/0003.trace,f1488757391174b7661b,baseTest,plain,10,2,TIMEOUT,,,3,unsat,16.400184384001477,,4562ecb2d13651a072e7a63363de94a83d8f7970cb6912a46f42617218b4e3f6,,0,rq1-exact-623-20260926-5x,0
baseTest/0003.trace,f1488757391174b7661b,baseTest,plain,10,2,TIMEOUT,,,4,unsat,44.02399527200032,,76264449ecefa1df77038f656ec856ea2481467c3dd0633d48a5741db28ca208,,0,rq1-exact-623-20260926-5x,0
baseTest/0003.trace,f1488757391174b7661b,baseTest,plain,10,2,TIMEOUT,,,5,unsat,173.322474436005,,95e22a303904e7237bbdbd9b9889d5a210dd404a4a44620c3a6b8d9229209df2,,0,rq1-exact-623-20260926-5x,0
baseTest/0003.trace,f1488757391174b7661b,baseTest,plain,10,2,TIMEOUT,,,6,unsat,1131.3955572269988,,00c24a60500b2174b957902b015f337ce55cfd997d2f8cdba03448b0186849e8,,0,rq1-exact-623-20260926-5x,0
baseTest/0003.trace,f1488757391174b7661b,baseTest,plain,10,2,TIMEOUT,,,7,unknown,1552.161759775001,timeout,a6edb485f65da60d4e0e6a3749b38d3bb2905b599fc9cb12101f42efad88d354,,0,rq1-exact-623-20260926-5x,0
baseTest/0004.trace,b1c4dec829d43740b115,baseTest,plain,10,2,TIMEOUT,,,1,unsat,1.7040254690000438,,f2d7a178b8eda107a06a9a90e4720de78d71a6319b43a418292f2c40c4aecce0,,0,rq1-exact-623-20260926-5x,0
baseTest/0004.trace,b1c4dec829d43740b115,baseTest,plain,10,2,TIMEOUT,,,2,unsat,11.15249790999951,,7394aa30bada219f29d9fbe6f1af212452707faf2b5b39688632d516c0bc1c54,,0,rq1-exact-623-20260926-5x,0
baseTest/0004.trace,b1c4dec829d43740b115,baseTest,plain,10,2,TIMEOUT,,,3,unsat,24.741810438001266,,e194d7de95f30c273079ca94419a8502d41635da1d928ab4ebef54d04c09c539,,0,rq1-exact-623-20260926-5x,0
baseTest/0004.trace,b1c4dec829d43740b115,baseTest,plain,10,2,TIMEOUT,,,4,unsat,61.616111109000485,,d54602b0df3f895a6d571b34768d719b6a729663ca874413f6bbb778a8150a8f,,0,rq1-exact-623-20260926-5x,0
baseTest/0004.trace,b1c4dec829d43740b115,baseTest,plain,10,2,TIMEOUT,,,5,unsat,195.476579047001,,467fdba4ac4cb7f8baff27f68c1553a90d97f245ac0dbd49d0e6ecb07fcefe4f,,0,rq1-exact-623-20260926-5x,0
baseTest/0004.trace,b1c4dec829d43740b115,baseTest,plain,10,2,TIMEOUT,,,6,unknown,1564.1886848959984,timeout,ddbb84e2e5588a8f337e9b7b3c44187dc55517b9daa653f62fa6bd51353678bc,,0,rq1-exact-623-20260926-5x,0
baseTest/0005.trace,040b9fb96e2322abf986,baseTest,plain,10,2,TIMEOUT,,,1,unsat,3.857174368997221,,7efc246a06d2373e751ad9d6b683f1e1ba21ae34f91bf45312684931ca945df3,,0,rq1-exact-623-20260926-5x,0
baseTest/0005.trace,040b9fb96e2322abf986,baseTest,plain,10,2,TIMEOUT,,,2,unsat,25.240140944002633,,2a54e321c2907b04526de3550d2e918dd78bd773c87cf1edafb5911622fe5bd4,,0,rq1-exact-623-20260926-5x,0
baseTest/0005.trace,040b9fb96e2322abf986,baseTest,plain,10,2,TIMEOUT,,,3,unsat,57.821893820000696,,8ecde1f0b713c0f1ea3bb91a922956d8b1728ee72b80c2c80ea0f556022e3c72,,0,rq1-exact-623-20260926-5x,0
baseTest/0005.trace,040b9fb96e2322abf986,baseTest,plain,10,2,TIMEOUT,,,4,unsat,216.64825375600049,,3880251e6865919532fbe16e89d13b1efd7cf7b80ba0784375eb253b1322635d,,0,rq1-exact-623-20260926-5x,0
baseTest/0005.trace,040b9fb96e2322abf986,baseTest,plain,10,2,TIMEOUT,,,5,unsat,688.1818016649995,,8068f5cb900940b3a0e3fa5367265eeba1edc5e3fa2287be5a6b804abd852b6f,,0,rq1-exact-623-20260926-5x,0
baseTest/0005.trace,040b9fb96e2322abf986,baseTest,plain,10,2,TIMEOUT,,,6,unknown,1650.699887068,timeout,3f110c1a40ff58176e8db6e8b911384b296c0cd9470ecd19576d223b48a179db,,0,rq1-exact-623-20260926-5x,0
baseTest/0006.trace,dca9f4c1fedcaf690068,baseTest,plain,10,2,TIMEOUT,,,1,unsat,0.3507338490016991,,49d0638906ed53f4bd1c981a957f08edb2e84b61152ee25cbb2e9d11d2397829,,0,rq1-exact-623-20260926-5x,0
baseTest/0006.trace,dca9f4c1fedcaf690068,baseTest,plain,10,2,TIMEOUT,,,2,unsat,2.109866717000841,,946b29d6ccc54d7854e9668c2f515288c03d821e786b1636de0352331330fb1b,,0,rq1-exact-623-20260926-5x,0
baseTest/0006.trace,dca9f4c1fedcaf690068,baseTest,plain,10,2,TIMEOUT,,,3,unsat,4.791182386004948,,2b582778f54ccd7b107aa15a4258228c70b13f913e7ef3395bdaf962cd198824,,0,rq1-exact-623-20260926-5x,0
baseTest/0006.trace,dca9f4c1fedcaf690068,baseTest,plain,10,2,TIMEOUT,,,4,unsat,10.413557747000596,,3fc3449f7678783337b8a6cf68f4acf73d4b9bf763774c8625c44d43edd263e2,,0,rq1-exact-623-20260926-5x,0
baseTest/0006.trace,dca9f4c1fedcaf690068,baseTest,plain,10,2,TIMEOUT,,,5,unsat,35.142646476000664,,bdabbfd394325327127e1b871ff5cc6c2699d52c51b0a0b969dd51308f6e031d,,0,rq1-exact-623-20260926-5x,0
baseTest/0006.trace,dca9f4c1fedcaf690068,baseTest,plain,10,2,TIMEOUT,,,6,unsat,205.5255682920033,,88004e3ad34703cc8d42c197d2db235fbf33bbbbe3cd20bd0b1b529456da91ff,,0,rq1-exact-623-20260926-5x,0
baseTest/0006.trace,dca9f4c1fedcaf690068,baseTest,plain,10,2,TIMEOUT,,,7,unsat,1504.305066383,,20d2b11123542816b81a9f5c6791a4c5599e1ece9b3cd38c16b56ab13f2a6830,,0,rq1-exact-623-20260926-5x,0
baseTest/0006.trace,dca9f4c1fedcaf690068,baseTest,plain,10,2,TIMEOUT,,,8,unknown,1523.4271542790011,timeout,5eda87994c3cbf7aec16cd8a11811d697392d24bc093dd8c8237d946a2a8d1e3,,0,rq1-exact-623-20260926-5x,0
baseTest/0007.trace,2639781c143e0e3aee53,baseTest,plain,10,2,OPTIMAL,0,6,1,unsat,0.043591676000687585,,a96bb2ff5e3d65ee208e00a5bbc916d46328553d84000846d714d7b0467eeaa3,,0,rq1-exact-623-20260926-5x,0
baseTest/0007.trace,2639781c143e0e3aee53,baseTest,plain,10,2,OPTIMAL,0,6,2,unsat,0.17282496499956324,,ac50f531cdc15f492b07d514ce0a851c0001e085e1a25648e5099a73855bf6c9,,0,rq1-exact-623-20260926-5x,0
baseTest/0007.trace,2639781c143e0e3aee53,baseTest,plain,10,2,OPTIMAL,0,6,3,unsat,0.34884149600020464,,3252d7ddc875de91d0c30f712b1a132a990624bff2597ab91247ff6df92f7639,,0,rq1-exact-623-20260926-5x,0
baseTest/0007.trace,2639781c143e0e3aee53,baseTest,plain,10,2,OPTIMAL,0,6,4,unsat,0.6294007559999955,,95d635d174a44e90e5d6cdd9b3ccfae2dc2208daa6eaa843065dc07583decf2a,,0,rq1-exact-623-20260926-5x,0
baseTest/0007.trace,2639781c143e0e3aee53,baseTest,plain,10,2,OPTIMAL,0,6,5,unsat,1.5906950030002918,,e540bb080d638a6dc98ff054ab2429fe37fbf977d86607c2ad457e88bdf54918,,0,rq1-exact-623-20260926-5x,0
baseTest/0007.trace,2639781c143e0e3aee53,baseTest,plain,10,2,OPTIMAL,0,6,6,sat,2.054568005000874,,699011de9222675279b2a5ecfbd757d423fa2be1f661cd0c9b6ed568dcaa9033,d05d76a7c5e389292966c6d723711615121703b6ea9be06918b744137b8294b8,0,rq1-exact-623-20260926-5x,0
baseTest/0008.trace,15addf1e13ff54f6619d,baseTest,plain,5,2,OPTIMAL,0,3,1,unsat,1.1934478410003067,,b662b910a21a7db1272840e9ec96d41b3287cb1d4832ab775b360207ba572bca,,0,rq1-exact-623-20260926-5x,0
baseTest/0008.trace,15addf1e13ff54f6619d,baseTest,plain,5,2,OPTIMAL,0,3,2,unsat,9.923076130000027,,31abbeea306bf866116c1b7113391030ba21e09a2e8c3d99163d6171a466ad30,,0,rq1-exact-623-20260926-5x,0
baseTest/0008.trace,15addf1e13ff54f6619d,baseTest,plain,5,2,OPTIMAL,0,3,3,sat,20.690130966000197,,b78c03d7d39c16b3e6099bc3f48e15d46b058fe591cebd6eebd24248c33e2680,e0eb6ec82871f9e380d3e434610aed1f914faed2bcc1393ab8cb3d9cb04b242f,0,rq1-exact-623-20260926-5x,0
baseTest/0009.trace,fa980bf2364f9f993cc9,baseTest,plain,5,2,OPTIMAL,0,3,1,unsat,0.13321524000002682,,a8f1fa4b7eccccf87100d9ddccfe3182d9b224b8e9ac64b3464d629ce99385dc,,0,rq1-exact-623-20260926-5x,0
baseTest/0009.trace,fa980bf2364f9f993cc9,baseTest,plain,5,2,OPTIMAL,0,3,2,unsat,0.9271924149998085,,d64182975e8552eb7ebcbedc3e874841db694906e87ec905497184279e84b98a,,0,rq1-exact-623-20260926-5x,0
baseTest/0009.trace,fa980bf2364f9f993cc9,baseTest,plain,5,2,OPTIMAL,0,3,3,sat,1.9702946809998139,,991a7877cd9eb2e44da3955d7d8c00e2e0496c395d68e46d7e0dd04551ad78e5,e0eb6ec82871f9e380d3e434610aed1f914faed2bcc1393ab8cb3d9cb04b242f,0,rq1-exact-623-20260926-5x,0
baseTest/0010.trace,c2a109013f73221a7343,baseTest,plain,5,2,OPTIMAL,0,3,1,unsat,1.7509703199998512,,3f937a71ccb13240c448d2b02c5cf4daf338b8a169caccf201fbcafbccca6717,,0,rq1-exact-623-20260926-5x,0
baseTest/0010.trace,c2a109013f73221a7343,baseTest,plain,5,2,OPTIMAL,0,3,2,unsat,14.557863051999902,,2b74cae39934e4d45366af4d49a6c5d197488ede556c1521ce9397ceecdc2377,,0,rq1-exact-623-20260926-5x,0
baseTest/0010.trace,c2a109013f73221a7343,baseTest,plain,5,2,OPTIMAL,0,3,3,sat,30.76706336699999,,26821c6b51e6b15708252ee758cf907c1fe011da2b916e0feea39dc8d6ade071,fde27f343dd55dfb1968f1cba85fd89c2f46620b2a3dd38e4c286b3887a820f9,0,rq1-exact-623-20260926-5x,0
baseTest/0011.trace,4a2256a5667513ee1ef5,baseTest,plain,5,2,OPTIMAL,0,3,1,unsat,2.3582118260001153,,66e896bd676e7090dcfdbcbdaf499743b2f510c8863dfb8ad3b75ea90a41ea7f,,0,rq1-exact-623-20260926-5x,0
baseTest/0011.trace,4a2256a5667513ee1ef5,baseTest,plain,5,2,OPTIMAL,0,3,2,unsat,19.79115476099969,,14606341651c6068ea0c7932a46e1816bae5561465f8306b8abc62d4fd18e6b4,,0,rq1-exact-623-20260926-5x,0
baseTest/0011.trace,4a2256a5667513ee1ef5,baseTest,plain,5,2,OPTIMAL,0,3,3,sat,42.962177608000275,,7220a72d26b0b07089162eb1c0063731af6b857b2c05c81e6b0dfb4429d57171,e0eb6ec82871f9e380d3e434610aed1f914faed2bcc1393ab8cb3d9cb04b242f,0,rq1-exact-623-20260926-5x,0
baseTest/0012.trace,a96c951cedd7d7760540,baseTest,plain,5,2,OPTIMAL,0,3,1,unsat,6.042564867999772,,8043ef3a4c902511e0483d0ab9176f7fa0eddb2478d2be84dddbb99f45b1ed41,,0,rq1-exact-623-20260926-5x,0
baseTest/0012.trace,a96c951cedd7d7760540,baseTest,plain,5,2,OPTIMAL,0,3,2,unsat,52.07707502999983,,c649bcd1777f16a541e27fc643030370d8ceab112be534a94fc3b757d01dbfad,,0,rq1-exact-623-20260926-5x,0
baseTest/0012.trace,a96c951cedd7d7760540,baseTest,plain,5,2,OPTIMAL,0,3,3,sat,111.17550674799986,,ce735fe2ae9ef2481e0d5fe6a57acfbde8e58b36b27f236ee9720e1b821b6fb3,e0eb6ec82871f9e380d3e434610aed1f914faed2bcc1393ab8cb3d9cb04b242f,0,rq1-exact-623-20260926-5x,0
baseTest/0013.trace,06da637198b81347bc9d,baseTest,plain,5,2,OPTIMAL,0,3,1,unsat,0.5942618399999446,,ec82b79aaf2a38e1a5cc28626d6cbbee207c62489309ae61e13a571f5cc884e5,,0,rq1-exact-623-20260926-5x,0
baseTest/0013.trace,06da637198b81347bc9d,baseTest,plain,5,2,OPTIMAL,0,3,2,unsat,4.957166513999709,,213500390221d5227a2ebb9811d6a785511c17f7b3fe645d7f4da6a88b9a71b1,,0,rq1-exact-623-20260926-5x,0
baseTest/0013.trace,06da637198b81347bc9d,baseTest,plain,5,2,OPTIMAL,0,3,3,sat,10.562611559999823,,ebe66b20f1a6291130ac1cbd3162fa3e328db3011532089b15f7e65494744e73,fde27f343dd55dfb1968f1cba85fd89c2f46620b2a3dd38e4c286b3887a820f9,0,rq1-exact-623-20260926-5x,0
baseTest/0014.trace,ca31ad2857745c0d6156,baseTest,plain,5,2,OPTIMAL,0,3,1,unsat,0.07451779999973951,,62d2176061a09321e1dc6b3cbd2d8e90998e25bdff4c6d9784d8946f7f6b9175,,0,rq1-exact-623-20260926-5x,0
baseTest/0014.trace,ca31ad2857745c0d6156,baseTest,plain,5,2,OPTIMAL,0,3,2,unsat,0.46461990399984643,,8843e2bd2a2c285ef970189af5081897c5182c5cfde3b57b3222707bbc458e4c,,0,rq1-exact-623-20260926-5x,0
baseTest/0014.trace,ca31ad2857745c0d6156,baseTest,plain,5,2,OPTIMAL,0,3,3,sat,0.965703731999838,,e4fcda39b4dec5ac2ff681ae78682cb9d5610cc30724086a29253bcd54aebe88,e0eb6ec82871f9e380d3e434610aed1f914faed2bcc1393ab8cb3d9cb04b242f,0,rq1-exact-623-20260926-5x,0
baseTest/0015.trace,3a8087cc1efbeb18556e,baseTest,plain,18,2,OPTIMAL,0,6,1,unsat,1.7084214950000387,,b1fbd74acad43543b711bad74a1af1879670ffc6fa02db076946f82b8085875b,,0,rq1-exact-623-20260926-5x,0
baseTest/0015.trace,3a8087cc1efbeb18556e,baseTest,plain,18,2,OPTIMAL,0,6,2,unsat,11.219115785999747,,adcc4cf93d0c02ecef5d9b7c2fd083f206d23837d775e5233ef391949f395251,,0,rq1-exact-623-20260926-5x,0
baseTest/0015.trace,3a8087cc1efbeb18556e,baseTest,plain,18,2,OPTIMAL,0,6,3,unsat,26.978797758999463,,614dd344b5baec8aff76a9969538c736e6ced69ac519bd61d478cb1f6365be19,,0,rq1-exact-623-20260926-5x,0
baseTest/0015.trace,3a8087cc1efbeb18556e,baseTest,plain,18,2,OPTIMAL,0,6,4,unsat,57.10325957799978,,7276ad424c0fa6a8db76f62a1b778d024c8fdc406caee1f177f6e25e17efbc88,,0,rq1-exact-623-20260926-5x,0
baseTest/0015.trace,3a8087cc1efbeb18556e,baseTest,plain,18,2,OPTIMAL,0,6,5,unsat,217.93087601699972,,e0be5c0e71dc3525141aedd2c17e18f68b31efc4519d9e229cc616165b803d4c,,0,rq1-exact-623-20260926-5x,0
baseTest/0015.trace,3a8087cc1efbeb18556e,baseTest,plain,18,2,OPTIMAL,0,6,6,sat,341.84974177999993,,c56bbad0d1b370e6be486e369326fc09d91ea31540a022b181e4b40f39242f83,241ad2fd690fcdf8f785b4ae243581f0d982d52f38ae76a68e002528a0b52af6,0,rq1-exact-623-20260926-5x,0
baseTest/0016.trace,091bd9c0be43758227f3,baseTest,plain,18,2,OPTIMAL,0,6,1,unsat,0.15908969699921727,,afd9052501b2712197e62c8947102392225601b07b69187822a4c786f7786853,,0,rq1-exact-623-20260926-5x,0
baseTest/0016.trace,091bd9c0be43758227f3,baseTest,plain,18,2,OPTIMAL,0,6,2,unsat,0.890900992000752,,984b43a087dda6f547aabf367c9fad065d6932e6110f611880d9db82667a98e1,,0,rq1-exact-623-20260926-5x,0
baseTest/0016.trace,091bd9c0be43758227f3,baseTest,plain,18,2,OPTIMAL,0,6,3,unsat,1.9605107870011125,,090be192c79bf10f7f84a2ff53f334cb89019c111ed5feefa8fd1b4d708dfc85,,0,rq1-exact-623-20260926-5x,0
baseTest/0016.trace,091bd9c0be43758227f3,baseTest,plain,18,2,OPTIMAL,0,6,4,unsat,3.755689175999578,,2cf15e7b6e185ab128cf8dd74600ceadd18d178e9f3c995067de93d86887d305,,0,rq1-exact-623-20260926-5x,0
baseTest/0016.trace,091bd9c0be43758227f3,baseTest,plain,18,2,OPTIMAL,0,6,5,unsat,12.772178052999152,,72f6988dd4dc2c2a3bb08dc0bff5acbf3fe42f7a57277f75be22ef276c103862,,0,rq1-exact-623-20260926-5x,0
baseTest/0016.trace,091bd9c0be43758227f3,baseTest,plain,18,2,OPTIMAL,0,6,6,sat,13.482865361000222,,6c487910efedaa7bfe26ca99e933381e0dca9e942e6a39e2672f61143ea1e4ad,c04f45ecdfeb7dafd0131c3512b89ba60d39f3dfc4f14a4add49c836b764eb39,0,rq1-exact-623-20260926-5x,0
baseTest/0017.trace,53ab76bf302a5796b097,baseTest,plain,18,2,OPTIMAL,0,6,1,unsat,4.2991108689966495,,84ccf95affbed9124effd409c1dee65265bfcd21b43b46fcc3fda9de912e3bbf,,0,rq1-exact-623-20260926-5x,0
baseTest/0017.trace,53ab76bf302a5796b097,baseTest,plain,18,2,OPTIMAL,0,6,2,unsat,27.65644368300127,,1beeaaeebb0edd5c8c65c2af5aa711ab7f7612b8f82ec75ca08153804a0a9afa,,0,rq1-exact-623-20260926-5x,0
baseTest/0017.trace,53ab76bf302a5796b097,baseTest,plain,18,2,OPTIMAL,0,6,3,unsat,80.6752695949981,,1f9423a8e11cf8ff0a8a53df3e1869594ca15c82002de80bdcf866cdebf39fab,,0,rq1-exact-623-20260926-5x,0
baseTest/0017.trace,53ab76bf302a5796b097,baseTest,plain,18,2,OPTIMAL,0,6,4,unsat,141.5713015479996,,2c42a7c4b0bae779aa3a78cbe53a87cb0161ad1a8ba215a5582c4e952300be9d,,0,rq1-exact-623-20260926-5x,0
baseTest/0017.trace,53ab76bf302a5796b097,baseTest,plain,18,2,OPTIMAL,0,6,5,unsat,646.6775850330014,,65274078af260e7b8ca9a087cd1368331d551ea46fe05baab150b17894bbf68b,,0,rq1-exact-623-20260926-5x,0
baseTest/0017.trace,53ab76bf302a5796b097,baseTest,plain,18,2,OPTIMAL,0,6,6,sat,662.3050468599977,,d29a17b3499c3a21c8443d35db0f971a9f509a777810f656b897384852cc7d5d,6837c1b92224c10cd137da27a5b13c3acf0812a0b8b5b0361b59657bc58c91b0,0,rq1-exact-623-20260926-5x,0
baseTest/0018.trace,b3339b3557b7c60bacd6,baseTest,plain,18,2,OPTIMAL,0,6,1,unsat,4.843402246995538,,aa06935a0447d497c976c385b518ab96c78f47d222139d15e6b112482b0bd9b0,,0,rq1-exact-623-20260926-5x,0
baseTest/0018.trace,b3339b3557b7c60bacd6,baseTest,plain,18,2,OPTIMAL,0,6,2,unsat,31.789261179997993,,a8dc59d8cc0ff5213aa92f4092bb3ac797eb9dc017c82f5ac1c5e63ff1403d25,,0,rq1-exact-623-20260926-5x,0
baseTest/0018.trace,b3339b3557b7c60bacd6,baseTest,plain,18,2,OPTIMAL,0,6,3,unsat,69.774616925999,,fa0628913014059df3c9dce1aceb9a6034cae4499d2b65d3d788a433b274ced2,,0,rq1-exact-623-20260926-5x,0
baseTest/0018.trace,b3339b3557b7c60bacd6,baseTest,plain,18,2,OPTIMAL,0,6,4,unsat,166.06574179200106,,4ea33dc1373ca5dc5d00dc1e0df23608c025785bb66c4729c6023850ba20f64b,,0,rq1-exact-623-20260926-5x,0
baseTest/0018.trace,b3339b3557b7c60bacd6,baseTest,plain,18,2,OPTIMAL,0,6,5,unsat,945.0532140980067,,c95f994ad4ea2dbf7660bd18643595fd70a9dcd7cb8189281aaf1aadffa05055,,0,rq1-exact-623-20260926-5x,0
baseTest/0018.trace,b3339b3557b7c60bacd6,baseTest,plain,18,2,OPTIMAL,0,6,6,sat,557.7890682590005,,9c961d924a022879b7e59a05096a64829c676fa0d4c65bbfb8d9aabf9959daf4,92d002eb70401143d1ef859b035c8f307b52b2f543f0816e3e21392f8d756eb6,0,rq1-exact-623-20260926-5x,0
baseTest/0019.trace,cf9ed83597e24957fa66,baseTest,plain,18,2,OPTIMAL,0,6,1,unsat,12.057614454999566,,22d30b2e4f42c181ffc8f3e4749753c47e452078b1d37a74bd7d8d10d28a4c82,,0,rq1-exact-623-20260927-oom-20g,1
baseTest/0019.trace,cf9ed83597e24957fa66,baseTest,plain,18,2,OPTIMAL,0,6,2,unsat,80.22537366599863,,f7156b894793b080a13884ed3cb77bbc7a399c857675e8322dbc304fff44f6aa,,0,rq1-exact-623-20260927-oom-20g,1
baseTest/0019.trace,cf9ed83597e24957fa66,baseTest,plain,18,2,OPTIMAL,0,6,3,unsat,196.49050207500113,,b1e7c354113596b5cc2f8692d8d754982271ead7d8c4d0f75df2351fcadf93e6,,0,rq1-exact-623-20260927-oom-20g,1
baseTest/0019.trace,cf9ed83597e24957fa66,baseTest,plain,18,2,OPTIMAL,0,6,4,unsat,689.4781034230036,,69cf08fc572fcd3333e0336ae35186f2dbfed69dbbb944efa53b925f6625f675,,0,rq1-exact-623-20260927-oom-20g,1
baseTest/0019.trace,cf9ed83597e24957fa66,baseTest,plain,18,2,OPTIMAL,0,6,5,unsat,1582.5686830689956,,efd54bac685681b61ecb543947446a2af50af8151b0b73f07b3b21fdd5e9284b,,0,rq1-exact-623-20260927-oom-20g,0
baseTest/0019.trace,cf9ed83597e24957fa66,baseTest,plain,18,2,OPTIMAL,0,6,6,sat,921.1122065200034,,09ee717c8b8e7b9acb9f506d9c6f9363415c91b63a23625b3653b275f1d2d325,dd7af690c282ddb977e493f065bdc1e664381cdd81ac83f97340749454fa63e8,0,rq1-exact-623-20260927-oom-20g,0
baseTest/0020.trace,6b5d7d212aa304273f2b,baseTest,plain,18,2,OPTIMAL,0,6,1,unsat,0.8103735880013119,,d52d18e5684977f2ea4ba89d33946915af7a35afe41d84496584cdee4952bebd,,0,rq1-exact-623-20260926-5x,0
baseTest/0020.trace,6b5d7d212aa304273f2b,baseTest,plain,18,2,OPTIMAL,0,6,2,unsat,5.279843213000277,,b02cf3f5dbf0ce191ba5327ff8f0d0dc529bd10c21b78b52aeced469bf7f4de5,,0,rq1-exact-623-20260926-5x,0
baseTest/0020.trace,6b5d7d212aa304273f2b,baseTest,plain,18,2,OPTIMAL,0,6,3,unsat,14.87976889499987,,e1edb9b93a2630c96bd25d27d88db2f1191812d745c9d8ed18f93fc296611624,,0,rq1-exact-623-20260926-5x,0
baseTest/0020.trace,6b5d7d212aa304273f2b,baseTest,plain,18,2,OPTIMAL,0,6,4,unsat,28.504224127998896,,ffa0bd9c34925d70b4673743e0d92d75f7f86dca231d630d17293c5ad2b544fa,,0,rq1-exact-623-20260926-5x,0
baseTest/0020.trace,6b5d7d212aa304273f2b,baseTest,plain,18,2,OPTIMAL,0,6,5,unsat,103.36012261699943,,914629929043387e8102b933ade959e02165716f462a2e021cd9066ab4b3e4ac,,0,rq1-exact-623-20260926-5x,0
baseTest/0020.trace,6b5d7d212aa304273f2b,baseTest,plain,18,2,OPTIMAL,0,6,6,sat,67.60502701299993,,389914d024218c207fe29c1ed0137c283b32ab16469721b4b53e004cfcaded9d,7d8a30f8339d712fd2c4189b6b9b30f53690200141ce05c518d38f42a33ca8a3,0,rq1-exact-623-20260926-5x,0
baseTest/0021.trace,8f56f4f437fa5a33d6e1,baseTest,plain,18,2,OPTIMAL,0,6,1,unsat,0.09388477299944498,,ec9ba5e69cd42b4f940b5d4bcf2e359a42583a6a0938285770d3b9e8f359d11d,,0,rq1-exact-623-20260926-5x,0
baseTest/0021.trace,8f56f4f437fa5a33d6e1,baseTest,plain,18,2,OPTIMAL,0,6,2,unsat,0.47612922600092134,,0b49921d98f02f6dcff770a7133fd56f5a9a4e115a856d19b95b54ee17a0fa8f,,0,rq1-exact-623-20260926-5x,0
baseTest/0021.trace,8f56f4f437fa5a33d6e1,baseTest,plain,18,2,OPTIMAL,0,6,3,unsat,0.9992247659993154,,3e25bba82323d2fc083dad4f5bc1ab5e448bd35613efb2dac09967a39480c031,,0,rq1-exact-623-20260926-5x,0
baseTest/0021.trace,8f56f4f437fa5a33d6e1,baseTest,plain,18,2,OPTIMAL,0,6,4,unsat,1.7809878310017666,,7f35a401ddd5e6abe5826122d381560c2cb2c215006cdfd5015aaffe0f71bf50,,0,rq1-exact-623-20260926-5x,0
baseTest/0021.trace,8f56f4f437fa5a33d6e1,baseTest,plain,18,2,OPTIMAL,0,6,5,unsat,4.26822616499885,,55e9895bab2efc31a1d06e0af25c16dfaa7b5b30983fbfab697ecc83d8469b19,,0,rq1-exact-623-20260926-5x,0
baseTest/0021.trace,8f56f4f437fa5a33d6e1,baseTest,plain,18,2,OPTIMAL,0,6,6,sat,5.153933333000168,,fa3371a57f739b70d970c5f10feef1b1c0db5dfe2332da52a2ddcbff23748354,dd7af690c282ddb977e493f065bdc1e664381cdd81ac83f97340749454fa63e8,0,rq1-exact-623-20260926-5x,0
baseTest/0022.trace,ab953d3396fb384b2605,baseTest,plain,6,2,UNSAT,,,1,unsat,1.016630844998872,,589e7178f01100ffd9c23ffb7282fbf35448bce108f5a9b04d02e1dbe3febd4e,,0,rq1-exact-623-20260926-5x,0
baseTest/0022.trace,ab953d3396fb384b2605,baseTest,plain,6,2,UNSAT,,,2,unsat,6.286870430001727,,367589cf5476239177076ae0f194009a66caf0557a4d65fce4fc625a3143b312,,0,rq1-exact-623-20260926-5x,0
baseTest/0022.trace,ab953d3396fb384b2605,baseTest,plain,6,2,UNSAT,,,3,unsat,13.462092977999419,,3221c0b982d1cbdf6d8f40dd53a1170f058a7b7708177822e1a8e1fa7f63d3ff,,0,rq1-exact-623-20260926-5x,0
baseTest/0022.trace,ab953d3396fb384b2605,baseTest,plain,6,2,UNSAT,,,4,unsat,28.40387802499754,,81ae298e9a13736e1a64d1f6175baf902814f67706274865e0a35c1c82548a8d,,0,rq1-exact-623-20260926-5x,0
baseTest/0022.trace,ab953d3396fb384b2605,baseTest,plain,6,2,UNSAT,,,5,unsat,113.27949261600224,,6579a93c97704fd87d6684f5ad4f8cade657d7a44bbf90462833ad37fc2ac9ce,,0,rq1-exact-623-20260926-5x,0
baseTest/0022.trace,ab953d3396fb384b2605,baseTest,plain,6,2,UNSAT,,,6,unsat,578.9585657120006,,bbc3695a13c5be6fba1ceb9e8d93207d92072e84dd8707164529b81bb3ef41f9,,0,rq1-exact-623-20260926-5x,0
baseTest/0023.trace,fe5de6f7a0aa69ed1126,baseTest,plain,6,2,OPTIMAL,0,6,1,unsat,0.10495171699994899,,b58bdec87e43d6b86186d247050cea56a074e8af4054f25cc2360d14cc9d5e0d,,0,rq1-exact-623-20260926-5x,0
baseTest/0023.trace,fe5de6f7a0aa69ed1126,baseTest,plain,6,2,OPTIMAL,0,6,2,unsat,0.5526200700001027,,30a446c15a2745edb14960ff9b687a146564e48ca417f932f3d3994950286e9e,,0,rq1-exact-623-20260926-5x,0
baseTest/0023.trace,fe5de6f7a0aa69ed1126,baseTest,plain,6,2,OPTIMAL,0,6,3,unsat,1.178767262999827,,ee6c9063a43129a0bfaf2c6abbca1d2009a13cc469ddab3f2e6a53358ea4ce69,,0,rq1-exact-623-20260926-5x,0
baseTest/0023.trace,fe5de6f7a0aa69ed1126,baseTest,plain,6,2,OPTIMAL,0,6,4,unsat,2.268028263999895,,ec19c8010ea10f29d219ee74e8a8506c1fb9518d9d6b378486297d552d78e034,,0,rq1-exact-623-20260926-5x,0
baseTest/0023.trace,fe5de6f7a0aa69ed1126,baseTest,plain,6,2,OPTIMAL,0,6,5,unsat,8.232704474000002,,3f38e1394b1a64c7ba106592bffabb91af3fb44b1abb895f00d39c2fd3df169c,,0,rq1-exact-623-20260926-5x,0
baseTest/0023.trace,fe5de6f7a0aa69ed1126,baseTest,plain,6,2,OPTIMAL,0,6,6,sat,7.302675719000035,,d878606a0cb0d483a7d64b2b26986f3ce94c47a10c7f87585110a5f682440d3e,1f0dc0e399d1ab95b4b26420e40c2a2322e2116528c0be77b7927d5e56392ea3,0,rq1-exact-623-20260926-5x,0
baseTest/0024.trace,e15ace6861bf745c5b87,baseTest,plain,6,2,UNSAT,,,1,unsat,1.4887216659990372,,a19dc5e0aee72132c6c6b951afe27e37328a1b94784cbd27a778f8a153e7d628,,0,rq1-exact-623-20260926-5x,0
baseTest/0024.trace,e15ace6861bf745c5b87,baseTest,plain,6,2,UNSAT,,,2,unsat,9.285684878999746,,751dd2d09d5d1a3c505f2eec07d74aa526b9e083aa896afe04572a692c19fd8e,,0,rq1-exact-623-20260926-5x,0
baseTest/0024.trace,e15ace6861bf745c5b87,baseTest,plain,6,2,UNSAT,,,3,unsat,19.95931936499983,,5b7406da586cae766a312ae07c25f14f8c495ecddf2766daf4ff0cb35e140cff,,0,rq1-exact-623-20260926-5x,0
baseTest/0024.trace,e15ace6861bf745c5b87,baseTest,plain,6,2,UNSAT,,,4,unsat,50.90127466299964,,b7d24dc8f9e332ab287dc32dc5b3ac0a99175d035a5361f8b8d2da683076e229,,0,rq1-exact-623-20260926-5x,0
baseTest/0024.trace,e15ace6861bf745c5b87,baseTest,plain,6,2,UNSAT,,,5,unsat,188.83744834400204,,26fb5ffd745740397148c58033e5c0c478a6e9161797bde5514a6d937baa0834,,0,rq1-exact-623-20260926-5x,0
baseTest/0024.trace,e15ace6861bf745c5b87,baseTest,plain,6,2,UNSAT,,,6,unsat,1264.8027043429975,,97ec68c2273fc1e6362c4352fb0341c5bec0c586f5468d03541952affc05efd6,,0,rq1-exact-623-20260926-5x,0
baseTest/0025.trace,c71dbdd138294fa1f80f,baseTest,plain,6,2,TIMEOUT,,,1,unsat,1.5047808449999138,,90b4bd84f0768328ec31c8821f29ccd5e09bea7b0f8aebcd342e6c31eb567771,,0,rq1-exact-623-20260926-5x,0
baseTest/0025.trace,c71dbdd138294fa1f80f,baseTest,plain,6,2,TIMEOUT,,,2,unsat,9.809337444999983,,41464f06d32d1f48dd22ea1e6f1dec0bd5edf9b42e55753de2c5f146d62edcca,,0,rq1-exact-623-20260926-5x,0
baseTest/0025.trace,c71dbdd138294fa1f80f,baseTest,plain,6,2,TIMEOUT,,,3,unsat,21.557500591999997,,8d02582a988fbda490185f7f45d808e2a3a860fc25a5d62bbe04969fcadc5bea,,0,rq1-exact-623-20260926-5x,0
baseTest/0025.trace,c71dbdd138294fa1f80f,baseTest,plain,6,2,TIMEOUT,,,4,unsat,51.794151561000035,,0f588b43b81c9c4e4509add92c33b11c673248075be61ecfef7557a3edc9e20b,,0,rq1-exact-623-20260926-5x,0
baseTest/0025.trace,c71dbdd138294fa1f80f,baseTest,plain,6,2,TIMEOUT,,,5,unsat,226.21054952900158,,179508bd58b4aa28a79a8c90d362dcd8b13bcddd7ff9d77b087ca2b0fd5e7dec,,0,rq1-exact-623-20260926-5x,0
baseTest/0025.trace,c71dbdd138294fa1f80f,baseTest,plain,6,2,TIMEOUT,,,6,unknown,1556.1454445240015,timeout,9f3d27bc3e58746680f363f2bb8043287776797092ee050d23f72c227e644412,,0,rq1-exact-623-20260926-5x,0
baseTest/0026.trace,a574b1eb02ee1fdb3a5f,baseTest,plain,6,2,TIMEOUT,,,1,unsat,4.7757579809986055,,fa355488d9d87940b0a67b7aa150667e859fe2615e75dbbf11ce314647bf15fb,,0,rq1-exact-623-20260926-5x,0
baseTest/0026.trace,a574b1eb02ee1fdb3a5f,baseTest,plain,6,2,TIMEOUT,,,2,unsat,30.38346255599754,,6bb0d14fbb7b01de677f4bb7ca76dc419e1dfdd4f4be4a6d898dccd80dbeb779,,0,rq1-exact-623-20260926-5x,0
baseTest/0026.trace,a574b1eb02ee1fdb3a5f,baseTest,plain,6,2,TIMEOUT,,,3,unsat,114.42487924499801,,041818ab6c23d7e1fc6e7dd80fe3b51fab2bc0b3f3313d0937babf03c1c12b62,,0,rq1-exact-623-20260926-5x,0
baseTest/0026.trace,a574b1eb02ee1fdb3a5f,baseTest,plain,6,2,TIMEOUT,,,4,unsat,137.3823944350006,,bdad507f3a01dbd9ce824e5c86d2f2bacb03791a542b03a50c0191e327bc9cfb,,0,rq1-exact-623-20260926-5x,0
baseTest/0026.trace,a574b1eb02ee1fdb3a5f,baseTest,plain,6,2,TIMEOUT,,,5,unsat,600.6649416670007,,d40ed5366f3db64f741d7e8f42cd0b2cc15fa62a0bf61b211187d68a4bdf108b,,0,rq1-exact-623-20260926-5x,0
baseTest/0026.trace,a574b1eb02ee1fdb3a5f,baseTest,plain,6,2,TIMEOUT,,,6,unknown,1653.7635934129976,timeout,831d3f5675b4f81d8cd0d25e793ca19d531864195157873e15802dc5e71f492c,,0,rq1-exact-623-20260926-5x,0
baseTest/0027.trace,5fdd74e7609cb97bd7f6,baseTest,plain,6,2,UNSAT,,,1,unsat,0.2735022260003461,,89f0833936a05a1df581756cc2878e6697ea6134552430fae50af159adaf3bc2,,0,rq1-exact-623-20260926-5x,0
baseTest/0027.trace,5fdd74e7609cb97bd7f6,baseTest,plain,6,2,UNSAT,,,2,unsat,1.6632068529997923,,236a6da190a912a69c105be6e5aa800360c59b7855bc60ed490b78ef7f4157c6,,0,rq1-exact-623-20260926-5x,0
baseTest/0027.trace,5fdd74e7609cb97bd7f6,baseTest,plain,6,2,UNSAT,,,3,unsat,3.7547998829995777,,69ef244d0930988a75da34d07304a17bd06a919ac8f6a7c38475fe532b1f86cb,,0,rq1-exact-623-20260926-5x,0
baseTest/0027.trace,5fdd74e7609cb97bd7f6,baseTest,plain,6,2,UNSAT,,,4,unsat,7.948016500000449,,21c63628bbbfa2664f7d8f7b1aa6fc8363b8dfa800118c79ed58337f9a4cdbfa,,0,rq1-exact-623-20260926-5x,0
baseTest/0027.trace,5fdd74e7609cb97bd7f6,baseTest,plain,6,2,UNSAT,,,5,unsat,29.503871390999848,,970fbcaf3fc38947140aba7aebc83dadcce91876d64a0336a67b04d5dabf5f06,,0,rq1-exact-623-20260926-5x,0
baseTest/0027.trace,5fdd74e7609cb97bd7f6,baseTest,plain,6,2,UNSAT,,,6,unsat,195.087887357,,0e5b9e53ca74790424088ca37f4888d69f99cab0f8b2655fd15db4f2335fc0c8,,0,rq1-exact-623-20260926-5x,0
baseTest/0028.trace,178338609af7e2599f1f,baseTest,plain,6,2,OPTIMAL,0,5,1,unsat,0.052966215000196826,,9f9dbfeaa4d448e0238c318372537523b6339acb3e0dbd5e5bbd7d4da986344e,,0,rq1-exact-623-20260926-5x,0
baseTest/0028.trace,178338609af7e2599f1f,baseTest,plain,6,2,OPTIMAL,0,5,2,unsat,0.22615744400081894,,47d978e16bd988a3ab58b45dbdad303c4dfa271aa7dd4d33cbd0fca3d30dfd0b,,0,rq1-exact-623-20260926-5x,0
baseTest/0028.trace,178338609af7e2599f1f,baseTest,plain,6,2,OPTIMAL,0,5,3,unsat,0.46923492299993086,,2ebea76816d805047c6d8612410598bcbad314a893bfa3b8b3f8f5458c8a357f,,0,rq1-exact-623-20260926-5x,0
baseTest/0028.trace,178338609af7e2599f1f,baseTest,plain,6,2,OPTIMAL,0,5,4,unsat,0.8610720950000541,,181935e57aa9f85763f06c2b757bb909d212749a98e4733bb9088a96d3c33e2a,,0,rq1-exact-623-20260926-5x,0
baseTest/0028.trace,178338609af7e2599f1f,baseTest,plain,6,2,OPTIMAL,0,5,5,sat,1.189982758000042,,232b8bb21a23e8dad47ad259a620544eba4ed7811f31e70e00113a0852e5cb42,289e9c8f967322f3685ac591e47e635a99b0011335f2da4e488a343c7b2acb69,0,rq1-exact-623-20260926-5x,0
baseTest/0029.trace,69ef41bb0efe87d8461d,baseTest,plain,3,2,OPTIMAL,0,2,1,unsat,1.179881780000187,,ba9c9158e42d59a57af3fbe5bdac68b74d8578814d66ab515d9edb77e5d6d271,,0,rq1-exact-623-20260926-5x,0
baseTest/0029.trace,69ef41bb0efe87d8461d,baseTest,plain,3,2,OPTIMAL,0,2,2,sat,9.785517246999916,,d5adbc5468a177be6b428b4c763e8b38ccc4ed16b0e75d08878da11ec663db67,a62907710eed84b61d7d22988cf9ac12b1a0fdb9643f9dd9efae878fcbdca8fb,0,rq1-exact-623-20260926-5x,0
baseTest/0030.trace,53c0d4f242a9cb65135a,baseTest,plain,3,2,OPTIMAL,0,2,1,unsat,0.13152371600017432,,604bb999ee5bb1fa13cf758efe8f09320ee86b99a1b2903128659199576f2431,,0,rq1-exact-623-20260926-5x,0
baseTest/0030.trace,53c0d4f242a9cb65135a,baseTest,plain,3,2,OPTIMAL,0,2,2,sat,0.9194063929999174,,b61b8e00538903e4af10ebdbb06d25d58b88b02102631b5ea90bc6ad89e4cae3,a62907710eed84b61d7d22988cf9ac12b1a0fdb9643f9dd9efae878fcbdca8fb,0,rq1-exact-623-20260926-5x,0
baseTest/0031.trace,860128a1c1cabadc2212,baseTest,plain,3,2,OPTIMAL,0,2,1,unsat,1.7740902900000037,,8484964b0f7413aa092d3de46e374431217bb0007472ae866af39cdcbc9c591a,,0,rq1-exact-623-20260926-5x,0
baseTest/0031.trace,860128a1c1cabadc2212,baseTest,plain,3,2,OPTIMAL,0,2,2,sat,14.661104814999817,,ff18057ef19db9389fff602ccbed62296f4b407a750f674bb9bb866b72dddd5c,a62907710eed84b61d7d22988cf9ac12b1a0fdb9643f9dd9efae878fcbdca8fb,0,rq1-exact-623-20260926-5x,0
baseTest/0032.trace,a66d02a457c9c29926ea,baseTest,plain,3,2,OPTIMAL,0,2,1,unsat,2.407806312000048,,59d30f557b634996a6c3a6f141605bc80d167e906b8319ff4f7799898ef400b3,,0,rq1-exact-623-20260926-5x,0
baseTest/0032.trace,a66d02a457c9c29926ea,baseTest,plain,3,2,OPTIMAL,0,2,2,sat,20.127561358000094,,9a2fd371609663f81b00201a3b464a5438b3c062b589bf276681dca497cccf2f,a62907710eed84b61d7d22988cf9ac12b1a0fdb9643f9dd9efae878fcbdca8fb,0,rq1-exact-623-20260926-5x,0
baseTest/0033.trace,3794e4ec1e6963e67c43,baseTest,plain,3,2,OPTIMAL,0,2,1,unsat,6.021178940000027,,fe973212c3f1c89f82a5a731ea7b1d627ac8b743ddfe34b4fa343585532a0085,,0,rq1-exact-623-20260926-5x,0
baseTest/0033.trace,3794e4ec1e6963e67c43,baseTest,plain,3,2,OPTIMAL,0,2,2,sat,51.15588247799997,,c24971ce3e27460ea8ebff8f7de534769454a4797e4cb9b9f8214fa9c0043103,a62907710eed84b61d7d22988cf9ac12b1a0fdb9643f9dd9efae878fcbdca8fb,0,rq1-exact-623-20260926-5x,0
baseTest/0034.trace,3c4c3897fb399e873845,baseTest,plain,3,2,OPTIMAL,0,2,1,unsat,0.6035023209999508,,6a886503e1e3ea4a9f8261399cb4e09d5d027b1cda6247cc09093d49289eb8ae,,0,rq1-exact-623-20260926-5x,0
baseTest/0034.trace,3c4c3897fb399e873845,baseTest,plain,3,2,OPTIMAL,0,2,2,sat,4.864386239000169,,191e10fd1bd9e6b6d2df6f424dd12e7d76f304a123909ee16e601b123d221009,a62907710eed84b61d7d22988cf9ac12b1a0fdb9643f9dd9efae878fcbdca8fb,0,rq1-exact-623-20260926-5x,0
baseTest/0035.trace,8319863c580b4e100f32,baseTest,plain,3,2,OPTIMAL,0,2,1,unsat,0.07485445899988008,,c59dee94fb0519cdce10c46299c2c31b699d5f36a0a73a87cff74e6f7fbe7db9,,0,rq1-exact-623-20260926-5x,0
baseTest/0035.trace,8319863c580b4e100f32,baseTest,plain,3,2,OPTIMAL,0,2,2,sat,0.46730910299970674,,0115d239eb350205e0d6412fbb6540d945941c285d8d2dd5d61ec0e6eb1811e6,a62907710eed84b61d7d22988cf9ac12b1a0fdb9643f9dd9efae878fcbdca8fb,0,rq1-exact-623-20260926-5x,0
baseTest/0036.trace,511fd03378905917d065,baseTest,plain,10,2,OPTIMAL,0,5,1,unsat,1.636829840000246,,5ff1c5093b6e5cf9cd971b604b515fe52c925913a97a697d744b28a91dd44854,,0,rq1-exact-623-20260926-5x,0
baseTest/0036.trace,511fd03378905917d065,baseTest,plain,10,2,OPTIMAL,0,5,2,unsat,10.783764134000194,,2cb7d915f63b3bcaf84ef42d3cd63ce9cfc5e7b83ea4e43ecbc4b8fcb35b7660,,0,rq1-exact-623-20260926-5x,0
baseTest/0036.trace,511fd03378905917d065,baseTest,plain,10,2,OPTIMAL,0,5,3,unsat,23.107213573999616,,f799b21f5d0093e2aec3fdef7780eac034d7852cb5b0f7d206103d02f875822b,,0,rq1-exact-623-20260926-5x,0
baseTest/0036.trace,511fd03378905917d065,baseTest,plain,10,2,OPTIMAL,0,5,4,unsat,61.331741214999965,,c6b8b4f126f43b51311155335dbc7cd5d67ede6d7fafc5fbff239cf15a257c34,,0,rq1-exact-623-20260926-5x,0
baseTest/0036.trace,511fd03378905917d065,baseTest,plain,10,2,OPTIMAL,0,5,5,sat,137.21229432600103,,130da953474ca44f572272f9c564c7e386fa3579b824b12c3c704acd867a4a5c,cbc2ff0ffe3ae167d13787a5daaffca6627d41453877750f3e281ebd98233b48,0,rq1-exact-623-20260926-5x,0
baseTest/0037.trace,41202202841bb4cb9ec0,baseTest,plain,10,2,OPTIMAL,0,5,1,unsat,0.17638944699956483,,ec118f5fbf5fa9956fa3f03ca691812dcced8ed8805049aff6e1ccacdf4d37f0,,0,rq1-exact-623-20260926-5x,0
baseTest/0037.trace,41202202841bb4cb9ec0,baseTest,plain,10,2,OPTIMAL,0,5,2,unsat,1.0064836799992918,,d3d06d5b1fc11ad9c1d902fa4224eb840f68169c5999fca8b6165b0cdfb48506,,0,rq1-exact-623-20260926-5x,0
baseTest/0037.trace,41202202841bb4cb9ec0,baseTest,plain,10,2,OPTIMAL,0,5,3,unsat,2.214743825000369,,92aafa82df0b51c23a048c45ca20dedb99980c1d04177cf120cbd8c50a67ef08,,0,rq1-exact-623-20260926-5x,0
baseTest/0037.trace,41202202841bb4cb9ec0,baseTest,plain,10,2,OPTIMAL,0,5,4,unsat,4.878756125999644,,ff01c29fc92ee1d540c980c189c4e7042c81811c4cb0f4faf1c1c6b0d3a01aa0,,0,rq1-exact-623-20260926-5x,0
baseTest/0037.trace,41202202841bb4cb9ec0,baseTest,plain,10,2,OPTIMAL,0,5,5,sat,7.2139564429999155,,5b1f3b2b00ff975601e6afad48b66a8633ecd216a6646c3d3443a2b6ca323f3b,c74c2f9c7c6202c48bbf70c9dbaa42c26a09f47b40687ecfe13c585138349b7e,0,rq1-exact-623-20260926-5x,0
baseTest/0038.trace,eb4a8115576634679f73,baseTest,plain,10,2,OPTIMAL,0,5,1,unsat,2.462425894000262,,2bf54885b50ca5a9b814c549cc01241305e1905fcb9b52c91bc3b17281a0b795,,0,rq1-exact-623-20260926-5x,0
baseTest/0038.trace,eb4a8115576634679f73,baseTest,plain,10,2,OPTIMAL,0,5,2,unsat,16.322625406000952,,78bdc899e3c1c8dd9bd45005888a50ccb1a276db6bfbf3f626bdb96d18582635,,0,rq1-exact-623-20260926-5x,0
baseTest/0038.trace,eb4a8115576634679f73,baseTest,plain,10,2,OPTIMAL,0,5,3,unsat,36.02470004699899,,89e3f75021df34ec1a9dbb70c73486643f6851ce2b46641284436ebecc82e8af,,0,rq1-exact-623-20260926-5x,0
baseTest/0038.trace,eb4a8115576634679f73,baseTest,plain,10,2,OPTIMAL,0,5,4,unsat,119.0972458010001,,479356e5c3c4776f2c6f39ac3929f22f87e62f11898633cfbd60d3d376f2f8a0,,0,rq1-exact-623-20260926-5x,0
baseTest/0038.trace,eb4a8115576634679f73,baseTest,plain,10,2,OPTIMAL,0,5,5,sat,134.31534611100142,,9382ca6b2fc2de59b482e36060431abfe1065b4ef103e239beadc87ef5dbb6ba,cbc2ff0ffe3ae167d13787a5daaffca6627d41453877750f3e281ebd98233b48,0,rq1-exact-623-20260926-5x,0
baseTest/0039.trace,f16a81ad91d58c5bdcd5,baseTest,plain,10,2,OPTIMAL,0,5,1,unsat,3.3300327349998042,,f6f7e471fcfa73eafa3e637e428648cf6dec56cd5e21752c6107bac67d54ecdc,,0,rq1-exact-623-20260926-5x,0
baseTest/0039.trace,f16a81ad91d58c5bdcd5,baseTest,plain,10,2,OPTIMAL,0,5,2,unsat,21.946071317999667,,adde532e40112075cc87ff9eceac6eb91e36005928be9275bd461f8bd47f9195,,0,rq1-exact-623-20260926-5x,0
baseTest/0039.trace,f16a81ad91d58c5bdcd5,baseTest,plain,10,2,OPTIMAL,0,5,3,unsat,47.72191760900023,,8f7e5aaeb8c089c3a88b84e7c7edd9de5c9e80186190c08237cd8be2f658b7e4,,0,rq1-exact-623-20260926-5x,0
baseTest/0039.trace,f16a81ad91d58c5bdcd5,baseTest,plain,10,2,OPTIMAL,0,5,4,unsat,126.02587425000002,,a95dc1514fd48ddae81565480b730fd579af054493c32c673ed4cc7b3e8efe9f,,0,rq1-exact-623-20260926-5x,0
baseTest/0039.trace,f16a81ad91d58c5bdcd5,baseTest,plain,10,2,OPTIMAL,0,5,5,sat,381.0362027860001,,e62fb9ec56dffa823cf207042f5883872be7ab8e58391fe6a6134609c7d5763b,e074ac6acb728800922658aa08c14722436ce8a44a835494628a497c06fec6e3,0,rq1-exact-623-20260926-5x,0
baseTest/0040.trace,0d70c12e22205f66796a,baseTest,plain,10,2,OPTIMAL,0,5,1,unsat,12.1438641929999,,ff126d37885c2d4177790b4129574e5a38bb9746ee469ad8fcc92880036ecb67,,0,rq1-exact-623-20260927-oom-20g,1
baseTest/0040.trace,0d70c12e22205f66796a,baseTest,plain,10,2,OPTIMAL,0,5,2,unsat,80.59916638799768,,648f5f02b48c9a8bf5242ce2782633b65ba9d7b25335af15dac924d6c19dfd11,,0,rq1-exact-623-20260927-oom-20g,1
baseTest/0040.trace,0d70c12e22205f66796a,baseTest,plain,10,2,OPTIMAL,0,5,3,unsat,178.14281375100109,,2c40a3b2434676f08d1b62876fbf39266799c45542e69224660ff504152b17ae,,0,rq1-exact-623-20260927-oom-20g,1
baseTest/0040.trace,0d70c12e22205f66796a,baseTest,plain,10,2,OPTIMAL,0,5,4,unsat,680.904175679003,,4d1c8aec1a6eb117bbec8f02c09265ef3f48fff02beb393bad00947a4856a3e2,,0,rq1-exact-623-20260927-oom-20g,1
baseTest/0040.trace,0d70c12e22205f66796a,baseTest,plain,10,2,OPTIMAL,0,5,5,sat,1068.2990655180038,,a82fcf41d16b6de586227235668842de6699994cc5953027d39aed285b17dc87,cbc2ff0ffe3ae167d13787a5daaffca6627d41453877750f3e281ebd98233b48,0,rq1-exact-623-20260927-oom-20g,0
baseTest/0041.trace,8231932f1d2016d00f88,baseTest,plain,10,2,OPTIMAL,0,5,1,unsat,0.8194642919997932,,f49a911131489b43431ab8fe52fb5a5773995021ec00faca23643014e0936ca3,,0,rq1-exact-623-20260926-5x,0
baseTest/0041.trace,8231932f1d2016d00f88,baseTest,plain,10,2,OPTIMAL,0,5,2,unsat,5.270606664999832,,d2e371bfac123abb4268ab1b5eec965adb8c177001f2a1db0939002320a037fa,,0,rq1-exact-623-20260926-5x,0
baseTest/0041.trace,8231932f1d2016d00f88,baseTest,plain,10,2,OPTIMAL,0,5,3,unsat,11.455029342999296,,d37686a644d1d840a7a586eb63a87e160189f900d57107a9f4110cf3c644f1fd,,0,rq1-exact-623-20260926-5x,0
baseTest/0041.trace,8231932f1d2016d00f88,baseTest,plain,10,2,OPTIMAL,0,5,4,unsat,30.51355843300007,,e936985c4bb82659f7913e0cd150b692c9ce3a86ad6f50036fe3726f95a124fc,,0,rq1-exact-623-20260926-5x,0
baseTest/0041.trace,8231932f1d2016d00f88,baseTest,plain,10,2,OPTIMAL,0,5,5,sat,36.18465891300002,,2e4ad370dc519db3541638964df9c7821c354e61156e11c4cedde9397bfd270c,cbc2ff0ffe3ae167d13787a5daaffca6627d41453877750f3e281ebd98233b48,0,rq1-exact-623-20260926-5x,0
baseTest/0042.trace,6db962bef857ff2d4aa9,baseTest,plain,10,2,OPTIMAL,0,5,1,unsat,0.09759821200077567,,c104d8b3c0a6db7c2a0639d84970cfdf03810156b0b358fa8821f7553dac02b9,,0,rq1-exact-623-20260926-5x,0
baseTest/0042.trace,6db962bef857ff2d4aa9,baseTest,plain,10,2,OPTIMAL,0,5,2,unsat,0.5077909139999974,,3491a1efe74a2eceee17edaae32f5f0e1d5e19cefcd5b6ea7fec39c55ade9510,,0,rq1-exact-623-20260926-5x,0
baseTest/0042.trace,6db962bef857ff2d4aa9,baseTest,plain,10,2,OPTIMAL,0,5,3,unsat,1.0852770969995618,,63444365829a8be1ee638f46afed141898a3bee61c329089422c489b8d69f836,,0,rq1-exact-623-20260926-5x,0
baseTest/0042.trace,6db962bef857ff2d4aa9,baseTest,plain,10,2,OPTIMAL,0,5,4,unsat,2.1674279290000413,,c19bf917b10d0423afcf3b37e496e7b21c13f596e4058eb2d61a6fe1dfe7170b,,0,rq1-exact-623-20260926-5x,0
baseTest/0042.trace,6db962bef857ff2d4aa9,baseTest,plain,10,2,OPTIMAL,0,5,5,sat,3.229439808999814,,a10e7ba8b8f151fb351ae0439c453c1e18ae00a7baa479c1060b9d23401945bd,cbc2ff0ffe3ae167d13787a5daaffca6627d41453877750f3e281ebd98233b48,0,rq1-exact-623-20260926-5x,0
disjunctedExistence/0000.trace,3dbb14279081bc192717,disjunctedExistence,plain,36,2,OPTIMAL,0,7,1,unsat,0.15405377699971723,,53b111d4ef636529aa31974068eb7c37516efa5ee9708d92bb631ce18e55aab6,,0,rq1-exact-623-20260926-5x,0
disjunctedExistence/0000.trace,3dbb14279081bc192717,disjunctedExistence,plain,36,2,OPTIMAL,0,7,2,unsat,0.6636601320005866,,fbf630826e1f607297695fb49a9587736b929e987931c272e7e7941edaca1041,,0,rq1-exact-623-20260926-5x,0
disjunctedExistence/0000.trace,3dbb14279081bc192717,disjunctedExistence,plain,36,2,OPTIMAL,0,7,3,unsat,1.4238496889993257,,6bfba515e35ab72bf91700d8db442b559c82dd72fe3edee8841df6635272e8cd,,0,rq1-exact-623-20260926-5x,0
disjunctedExistence/0000.trace,3dbb14279081bc192717,disjunctedExistence,plain,36,2,OPTIMAL,0,7,4,unsat,2.744012899998779,,e1f082cf0b727dd595fc1bc47afbb34a68c2839e5e0f6c3f5625582312391f98,,0,rq1-exact-623-20260926-5x,0
disjunctedExistence/0000.trace,3dbb14279081bc192717,disjunctedExistence,plain,36,2,OPTIMAL,0,7,5,unsat,12.097728276001362,,5b0660e0b09ea156f8b38757492bc549fc0c5c2a7d0e31c486f91dc477394751,,0,rq1-exact-623-20260926-5x,0
disjunctedExistence/0000.trace,3dbb14279081bc192717,disjunctedExistence,plain,36,2,OPTIMAL,0,7,6,unsat,98.33016189500086,,f2bd49c711269b3e97712a114bb7e8e6bac9d77e31c6b38774fce2d57a305229,,0,rq1-exact-623-20260926-5x,0
disjunctedExistence/0000.trace,3dbb14279081bc192717,disjunctedExistence,plain,36,2,OPTIMAL,0,7,7,sat,12.698785267000858,,a30d95cedd14fe1c220c1233b6a8197ddaf1b9cd2b33e16e18181ef98ccd3bb4,65fcf40f431fe718cc68f238f74c33703c5f7c17001baf977a677c4737bc0277,0,rq1-exact-623-20260926-5x,0
disjunctedExistence/0003.trace,7ae009d75340a5a366eb,disjunctedExistence,plain,36,2,TIMEOUT,,,1,unsat,0.4365306789986789,,de2cf1818b156705c276e581a753ce2bbd5599c9e22202b20c316eb58630332f,,0,rq1-exact-623-20260926-5x,0
disjunctedExistence/0003.trace,7ae009d75340a5a366eb,disjunctedExistence,plain,36,2,TIMEOUT,,,2,unsat,2.032149215003301,,54e04f5e49c2d25503c22253c6a9bd21d8ad444f02dc60f2751aed158b578b48,,0,rq1-exact-623-20260926-5x,0
disjunctedExistence/0003.trace,7ae009d75340a5a366eb,disjunctedExistence,plain,36,2,TIMEOUT,,,3,unsat,4.513896358002967,,c6468ca8d5d6ee0217a9ba91313034730bc0259eff01c3af34d4663acab73696,,0,rq1-exact-623-20260926-5x,0
disjunctedExistence/0003.trace,7ae009d75340a5a366eb,disjunctedExistence,plain,36,2,TIMEOUT,,,4,unsat,10.539105388997996,,889c8b8c69a753eb4fa925c44fe6ab28c9d571182eb65ef6404af6f57a1162ab,,0,rq1-exact-623-20260926-5x,0
disjunctedExistence/0003.trace,7ae009d75340a5a366eb,disjunctedExistence,plain,36,2,TIMEOUT,,,5,unsat,52.56018715399841,,54ca8587a928c47d5e10407f4e1916f65b3298ea195f3b642e691cbe043a30e4,,0,rq1-exact-623-20260926-5x,0
disjunctedExistence/0003.trace,7ae009d75340a5a366eb,disjunctedExistence,plain,36,2,TIMEOUT,,,6,unsat,411.1858718099975,,b39495f5d9e2da93470393f70d521f30d7dddd75c7fd9f7a2edbb169fbe9dd2b,,0,rq1-exact-623-20260926-5x,0
disjunctedExistence/0003.trace,7ae009d75340a5a366eb,disjunctedExistence,plain,36,2,TIMEOUT,,,7,unknown,1514.1631529900042,timeout,d09af3139065871803bd6c3262bc104e9f370a70306929229fe845984d4dd9d3,,0,rq1-exact-623-20260926-5x,0
disjunctedExistence/0006.trace,a9036e444f2ddbd01e4d,disjunctedExistence,plain,36,2,TIMEOUT,,,1,unsat,0.68898294599785,,931f119c38d1cb682a655f90fe12d2af686b5c5f9100ce73bb458c3b581c6f92,,0,rq1-exact-623-20260926-5x,0
disjunctedExistence/0006.trace,a9036e444f2ddbd01e4d,disjunctedExistence,plain,36,2,TIMEOUT,,,2,unsat,3.3048644800001057,,8ab739e9967e7a94277d384edb1eab90ee77d74ef3418009e3d3357e5a56befd,,0,rq1-exact-623-20260926-5x,0
disjunctedExistence/0006.trace,a9036e444f2ddbd01e4d,disjunctedExistence,plain,36,2,TIMEOUT,,,3,unsat,7.428709088999312,,0bd8ec29ebadea6b4d7f161e648f0eb70e2bf5210265aa3a3a0de1a675ba305e,,0,rq1-exact-623-20260926-5x,0
disjunctedExistence/0006.trace,a9036e444f2ddbd01e4d,disjunctedExistence,plain,36,2,TIMEOUT,,,4,unsat,17.038179515002412,,1d7fe7240ff8bf61ebee07fa6792ed60506a68c62460b4b4e3f805571f09b271,,0,rq1-exact-623-20260926-5x,0
disjunctedExistence/0006.trace,a9036e444f2ddbd01e4d,disjunctedExistence,plain,36,2,TIMEOUT,,,5,unsat,90.76310568700137,,e54e1b7701de41f89e9083ee6691737e636b120dddddf368d8312d4c89d6dea4,,0,rq1-exact-623-20260926-5x,0
disjunctedExistence/0006.trace,a9036e444f2ddbd01e4d,disjunctedExistence,plain,36,2,TIMEOUT,,,6,unsat,736.8944238840049,,974988a14f50533f3cb9861bfc75c145f64aa26e6bdf6979aa07f051e2e486b5,,0,rq1-exact-623-20260926-5x,0
disjunctedExistence/0006.trace,a9036e444f2ddbd01e4d,disjunctedExistence,plain,36,2,TIMEOUT,,,7,unknown,1521.9525810830019,timeout,d01cabb8610a5d6a0c79b48209bfdc28d4f74a14c81b84e23d06f8a74ff09790,,0,rq1-exact-623-20260926-5x,0
disjunctedExistence/0009.trace,3817d2078205938adf62,disjunctedExistence,plain,36,2,TIMEOUT,,,1,unsat,0.8780534320030711,,f7d267109a12e7a4a48beaed0f07353b77852089715a3f989cab3e6ac1a3bd53,,0,rq1-exact-623-20260926-5x,0
disjunctedExistence/0009.trace,3817d2078205938adf62,disjunctedExistence,plain,36,2,TIMEOUT,,,2,unsat,4.255643531003443,,a58f5ffddee554f929ca6ab34d987b2f7a8ededa8fee26daa299c5a54502839b,,0,rq1-exact-623-20260926-5x,0
disjunctedExistence/0009.trace,3817d2078205938adf62,disjunctedExistence,plain,36,2,TIMEOUT,,,3,unsat,9.252286848997755,,acad3c2c807a30d76030975f42eae3e896846f2f6eb7d79467f69a2d58a64b84,,0,rq1-exact-623-20260926-5x,0
disjunctedExistence/0009.trace,3817d2078205938adf62,disjunctedExistence,plain,36,2,TIMEOUT,,,4,unsat,22.334315772997797,,90e205de86216b01a7556e4b1af91e608f02a90429ff39d157e9c1a639e2c18b,,0,rq1-exact-623-20260926-5x,0
disjunctedExistence/0009.trace,3817d2078205938adf62,disjunctedExistence,plain,36,2,TIMEOUT,,,5,unsat,122.5627665389984,,00ae3ac7ee4d14f961874423005e4f3314f8a8130a47bfb96388c5f8445063f0,,0,rq1-exact-623-20260926-5x,0
disjunctedExistence/0009.trace,3817d2078205938adf62,disjunctedExistence,plain,36,2,TIMEOUT,,,6,unsat,1164.0557171309993,,248b5d6c269876c28f3d573b15f2adb76f99affcfee3a8b4d9c72a38768ad02e,,0,rq1-exact-623-20260926-5x,0
disjunctedExistence/0009.trace,3817d2078205938adf62,disjunctedExistence,plain,36,2,TIMEOUT,,,7,unknown,1528.292398634003,timeout,e05ef68414acbd5d7bf2823190f29f0ce0609b6b4ea5c3c664219c5a454e9c47,,0,rq1-exact-623-20260926-5x,0
disjunctedExistence/0010.trace,c927d8f451df9ce616f8,disjunctedExistence,plain,36,2,OPTIMAL,0,5,1,unsat,1.0175749019999785,,bad0ab7a38cfef8942bd3b30811a97369b0b7b12245943a3e511a0cf61a9262a,,0,rq1-exact-623-20260926-5x,0
disjunctedExistence/0010.trace,c927d8f451df9ce616f8,disjunctedExistence,plain,36,2,OPTIMAL,0,5,2,unsat,5.094159742000556,,83556885b2a51b9494d46051f8c1e031ab9f78228062cfdd5de4fea51332c5de,,0,rq1-exact-623-20260926-5x,0
disjunctedExistence/0010.trace,c927d8f451df9ce616f8,disjunctedExistence,plain,36,2,OPTIMAL,0,5,3,unsat,11.297372844001075,,6b0b8a18524a6545d347355d67bfb267ee30d8ff632958aa6dd38f2111174767,,0,rq1-exact-623-20260926-5x,0
disjunctedExistence/0010.trace,c927d8f451df9ce616f8,disjunctedExistence,plain,36,2,OPTIMAL,0,5,4,unsat,30.105044763999103,,bc0131ba79baddc4a48b2f463e7800bd1b38b35d3699b66526c4693b3d1fb0b6,,0,rq1-exact-623-20260926-5x,0
disjunctedExistence/0010.trace,c927d8f451df9ce616f8,disjunctedExistence,plain,36,2,OPTIMAL,0,5,5,sat,50.944652770000175,,57b4a5d4d7b41db166cadd9b9b10e19d3cca770c91e7caa50f5a7d7bcad10b02,f4306b1c11157aa670e66d8f859b8b17819bb4a946bc77a55f0f47a1894c08de,0,rq1-exact-623-20260926-5x,0
disjunctedExistence/0012.trace,ebe4c498c82bb0200228,disjunctedExistence,plain,36,2,TIMEOUT,,,1,unsat,1.0626940820002346,,35b8af1d5d862134456dfb6c55f4af3c95a48dd6e3761d35e02d7605f4539553,,0,rq1-exact-623-20260926-5x,0
disjunctedExistence/0012.trace,ebe4c498c82bb0200228,disjunctedExistence,plain,36,2,TIMEOUT,,,2,unsat,5.229140956995252,,1fb9c4e0942740e969ca8cbfab3f84dc298835968dcd253a26b1fdef4d539b12,,0,rq1-exact-623-20260926-5x,0
disjunctedExistence/0012.trace,ebe4c498c82bb0200228,disjunctedExistence,plain,36,2,TIMEOUT,,,3,unsat,12.568552035998437,,4d5c152c67ba3bb0a9e96edbc7133490a6c42daff367152f533d745284fed000,,0,rq1-exact-623-20260926-5x,0
disjunctedExistence/0012.trace,ebe4c498c82bb0200228,disjunctedExistence,plain,36,2,TIMEOUT,,,4,unsat,31.9161873310004,,ae589f78bee69abebeda38cf8a1b76bcd68e391ebe8d53c5ad19ff4c825b5b7d,,0,rq1-exact-623-20260926-5x,0
disjunctedExistence/0012.trace,ebe4c498c82bb0200228,disjunctedExistence,plain,36,2,TIMEOUT,,,5,unsat,127.17063801699987,,96dae3da1e6bbb9aa4ea1adf7cacc7789b1859b9de225c8b9d4bc359a0a6601c,,0,rq1-exact-623-20260926-5x,0
disjunctedExistence/0012.trace,ebe4c498c82bb0200228,disjunctedExistence,plain,36,2,TIMEOUT,,,6,unsat,1056.9220692949966,,796b595cf6adbfb78bef1dca6870c7b89a9ab5f6d769bff9b89a99be6c20bc9e,,0,rq1-exact-623-20260926-5x,0
disjunctedExistence/0012.trace,ebe4c498c82bb0200228,disjunctedExistence,plain,36,2,TIMEOUT,,,7,unknown,1535.6673581930008,timeout,79689b85743bc600e615e6f67de161b01d1e3b8f7905e82bdb1b994c77cf7f13,,0,rq1-exact-623-20260926-5x,0
disjunctedExistence/0015.trace,a7269a90e48718f3ec74,disjunctedExistence,plain,36,2,TIMEOUT,,,1,unsat,1.3171856910048518,,a469e1b4a8c3d29a1ffec48fc4167daadcaa2fc67c813ba4a61ac5641e473e05,,0,rq1-exact-623-20260926-5x,0
disjunctedExistence/0015.trace,a7269a90e48718f3ec74,disjunctedExistence,plain,36,2,TIMEOUT,,,2,unsat,6.510654252000677,,6af4667fa43f93c35117d7f6022c4231bceb35009a5b2ffece39af73b15cf0aa,,0,rq1-exact-623-20260926-5x,0
disjunctedExistence/0015.trace,a7269a90e48718f3ec74,disjunctedExistence,plain,36,2,TIMEOUT,,,3,unsat,14.362395996999112,,0731b3f5593cb03e35f8b5ace0ffe13a2c941421b03f632bfe0dcb622fdb71bf,,0,rq1-exact-623-20260926-5x,0
disjunctedExistence/0015.trace,a7269a90e48718f3ec74,disjunctedExistence,plain,36,2,TIMEOUT,,,4,unsat,44.6316258270017,,5c77cf9443b39d63634a53226341d562f00166c00512373aa637f2d0b6e87dda,,0,rq1-exact-623-20260926-5x,0
disjunctedExistence/0015.trace,a7269a90e48718f3ec74,disjunctedExistence,plain,36,2,TIMEOUT,,,5,unsat,170.57627435900213,,a101f99ecb1a48ee32eb6c392b16f7ac21f024821055ff6819ac03e843a710e7,,0,rq1-exact-623-20260926-5x,0
disjunctedExistence/0015.trace,a7269a90e48718f3ec74,disjunctedExistence,plain,36,2,TIMEOUT,,,6,unsat,1273.2294053930018,,8b45a8eab64be9ffd855cb5521f4217416d5c6f33be8303259693a6642bf014e,,0,rq1-exact-623-20260926-5x,0
disjunctedExistence/0015.trace,a7269a90e48718f3ec74,disjunctedExistence,plain,36,2,TIMEOUT,,,7,unknown,1544.8429957639964,timeout,260fd16174e756484d3fee2a32a2d2f01242a23e1c94cf3f7d697e9e2bcaf437,,0,rq1-exact-623-20260926-5x,0
disjunctedExistence/0018.trace,2581a52086dc6b8708af,disjunctedExistence,plain,36,2,TIMEOUT,,,1,unsat,1.7217046540026786,,fab5789a8234c9c44ad65ab5e10a0fcf4bba93b252b00565d49fa8dea5b9bc27,,0,rq1-exact-623-20260926-5x,0
disjunctedExistence/0018.trace,2581a52086dc6b8708af,disjunctedExistence,plain,36,2,TIMEOUT,,,2,unsat,8.582792935994803,,8d252abc5886664ba7081db252970a120991c56697539f668c8b79604ac4f9cb,,0,rq1-exact-623-20260926-5x,0
disjunctedExistence/0018.trace,2581a52086dc6b8708af,disjunctedExistence,plain,36,2,TIMEOUT,,,3,unsat,20.154908920994785,,c37a4ef893b70faa14df075289fa8d1a7224645247cd41bd6cf3057ee95f3003,,0,rq1-exact-623-20260926-5x,0
disjunctedExistence/0018.trace,2581a52086dc6b8708af,disjunctedExistence,plain,36,2,TIMEOUT,,,4,unsat,49.26843568700133,,0adc210efaed68505334b1134768603214a41e14976078a6d4e62c2300a8d50d,,0,rq1-exact-623-20260926-5x,0
disjunctedExistence/0018.trace,2581a52086dc6b8708af,disjunctedExistence,plain,36,2,TIMEOUT,,,5,unsat,241.30447149799875,,9663285a90911382b49cc40aee1e54e5460f32d61febd2074c68df2cf91f8a65,,0,rq1-exact-623-20260926-5x,0
disjunctedExistence/0018.trace,2581a52086dc6b8708af,disjunctedExistence,plain,36,2,TIMEOUT,,,6,unknown,1544.7479188760044,timeout,4b6738248b65e0e4a587fc73e8b039c058f9960e36759b2dbc69ec7346b91e1b,,0,rq1-exact-623-20260926-5x,0
disjunctedExistence/0021.trace,61849b96652f201daa91,disjunctedExistence,plain,36,2,TIMEOUT,,,1,unsat,2.2599548430007417,,d7f50620780ffe783033737db62880594fbe3ece1550194f1bad15302d5a9d4b,,0,rq1-exact-623-20260926-5x,0
disjunctedExistence/0021.trace,61849b96652f201daa91,disjunctedExistence,plain,36,2,TIMEOUT,,,2,unsat,11.311520297000243,,df39a9e81547260bd4a4fd93db07523a1de401db749d0eff1372771f6270bf3b,,0,rq1-exact-623-20260926-5x,0
disjunctedExistence/0021.trace,61849b96652f201daa91,disjunctedExistence,plain,36,2,TIMEOUT,,,3,unsat,25.107383540998853,,d57b67a753b720f715393ca6d978346a33dd05e7e9dea89470ed952e6d6233be,,0,rq1-exact-623-20260926-5x,0
disjunctedExistence/0021.trace,61849b96652f201daa91,disjunctedExistence,plain,36,2,TIMEOUT,,,4,unsat,75.35331863399915,,fc1a56389fc39db4324c5bcd36533c816b4d0de8a2b0ff53e56e5687c4da8d5b,,0,rq1-exact-623-20260926-5x,0
disjunctedExistence/0021.trace,61849b96652f201daa91,disjunctedExistence,plain,36,2,TIMEOUT,,,5,unsat,362.80983864299924,,fbcc0a60dcd5f530f738da033da241a28df03cf946438134e49ece2dfec3a973,,0,rq1-exact-623-20260926-5x,0
disjunctedExistence/0021.trace,61849b96652f201daa91,disjunctedExistence,plain,36,2,TIMEOUT,,,6,unknown,1559.099384399,timeout,d89c504fe6f1d7cc61ba917cf3a8d29b56b1f3756440c45781adeaaf951e1b6c,,0,rq1-exact-623-20260926-5x,0
disjunctedExistence/0030.trace,e96be185828d458104a8,disjunctedExistence,plain,11,2,OPTIMAL,0,4,1,unsat,0.3192565459994512,,c92c3b017e1c558034c83ea4803026e9e6e3ecd51eef80349c136d538ee58e8b,,0,rq1-exact-623-20260926-5x,0
disjunctedExistence/0030.trace,e96be185828d458104a8,disjunctedExistence,plain,11,2,OPTIMAL,0,4,2,unsat,1.6913356540007953,,19f6e86be9d39db60927b438d4a5a54c2f6f89ff398133fbf9b75df2a28905d2,,0,rq1-exact-623-20260926-5x,0
disjunctedExistence/0030.trace,e96be185828d458104a8,disjunctedExistence,plain,11,2,OPTIMAL,0,4,3,unsat,3.7025994320010795,,6ea48d75e9636dbb7e698a47ca8177033fbd31671a94aea20f5bcf3eaf1ee64b,,0,rq1-exact-623-20260926-5x,0
disjunctedExistence/0030.trace,e96be185828d458104a8,disjunctedExistence,plain,11,2,OPTIMAL,0,4,4,sat,6.592930282000452,,96e38d0dbe78d8a416cb868571ada8937f0ad36e48af8f250d4bbb975863aa16,35594d2d74b73ebd7bdeb747a4ccaeb3a96fe033d81d9d215dadfc95aae6b5f3,0,rq1-exact-623-20260926-5x,0
disjunctedExistence/0033.trace,2fca850db2ef55635fc9,disjunctedExistence,plain,11,2,OPTIMAL,0,4,1,unsat,0.42876267100109544,,59dc1feb7874671169248a9c54dd58d7d9a865b2f0d797099712a03f4b55f371,,0,rq1-exact-623-20260926-5x,0
disjunctedExistence/0033.trace,2fca850db2ef55635fc9,disjunctedExistence,plain,11,2,OPTIMAL,0,4,2,unsat,2.3075537370004895,,76f737d7d748d096f49d73d48d3ae7b142fa71ec99d3325921a86edddebb31ca,,0,rq1-exact-623-20260926-5x,0
disjunctedExistence/0033.trace,2fca850db2ef55635fc9,disjunctedExistence,plain,11,2,OPTIMAL,0,4,3,unsat,5.089658265000253,,674f136549f64881556e0abf919f53d8d3a180a9b3856a731c5625244dfa1d28,,0,rq1-exact-623-20260926-5x,0
disjunctedExistence/0033.trace,2fca850db2ef55635fc9,disjunctedExistence,plain,11,2,OPTIMAL,0,4,4,sat,9.981020172001081,,62c6655e3fc007a8e74f046a5375045c688727ff464a815879a276635dd4bd9e,facb3b3a358a7ad5b5dbbe732510eebb3e2c4349743976d2eb3fadfdc2b18bb2,0,rq1-exact-623-20260926-5x,0
disjunctedExistence/0036.trace,ed241738fd0229810b69,disjunctedExistence,plain,11,2,OPTIMAL,0,4,1,unsat,0.527660540999932,,1466cd9a9baf60925dff279161ab492ca692bfc6d700236077cb7bf47b57f804,,0,rq1-exact-623-20260926-5x,0
disjunctedExistence/0036.trace,ed241738fd0229810b69,disjunctedExistence,plain,11,2,OPTIMAL,0,4,2,unsat,2.891477370000757,,a1212200f8b2b4b5f2b0595a011d22581d739e7daea16b63717748fff148e6d5,,0,rq1-exact-623-20260926-5x,0
disjunctedExistence/0036.trace,ed241738fd0229810b69,disjunctedExistence,plain,11,2,OPTIMAL,0,4,3,unsat,6.344204292000541,,a804585af2b03abc1d7be053cfa3d27580b16c74ff09e7cf412a73df4ce9f9d5,,0,rq1-exact-623-20260926-5x,0
disjunctedExistence/0036.trace,ed241738fd0229810b69,disjunctedExistence,plain,11,2,OPTIMAL,0,4,4,sat,10.919279957000072,,dcdc2986db2990e43e24149a38aa68cfb02d2993c1ed87ebcca242adfe78ca31,310071a7b3f446601870ca962d3af33c6fa4acffb2f77d0770030539fa54e675,0,rq1-exact-623-20260926-5x,0
disjunctedExistence/0042.trace,495809ce64d460d90984,disjunctedExistence,plain,11,2,OPTIMAL,0,4,1,unsat,0.835281555999245,,2910e31844a5f1ef6b6bd206f3e9b65e628706d949756b71bd8c31c636d5c381,,0,rq1-exact-623-20260926-5x,0
disjunctedExistence/0042.trace,495809ce64d460d90984,disjunctedExistence,plain,11,2,OPTIMAL,0,4,2,unsat,4.596844769001109,,d162678c1ce6fdc8e3c9e8a3c10c216d497c9a0334654645065d7a48ea231d21,,0,rq1-exact-623-20260926-5x,0
disjunctedExistence/0042.trace,495809ce64d460d90984,disjunctedExistence,plain,11,2,OPTIMAL,0,4,3,unsat,10.107520592000583,,3575f644fe60cbfb7b14125d2dbc58071db42fce47e4adce4f616566addb995e,,0,rq1-exact-623-20260926-5x,0
disjunctedExistence/0042.trace,495809ce64d460d90984,disjunctedExistence,plain,11,2,OPTIMAL,0,4,4,sat,19.530648243999167,,2c1b0b4b7277b720d7019fdc80d1c3a8a37b67e54b0d2fe53cfbf9030ab8de06,0a28f5d7fb73581429dfba6c97341d068d1973d857dd2b25c0b0e398f5bbe66e,0,rq1-exact-623-20260926-5x,0
disjunctedExistence/0045.trace,efd389d5a0dd2bf94ad8,disjunctedExistence,plain,11,2,OPTIMAL,0,4,1,unsat,1.0317626939995534,,92c2e325bfb18acea1722ae32ce2527890ff8dd5423eaae71c1cda6069741ebf,,0,rq1-exact-623-20260926-5x,0
disjunctedExistence/0045.trace,efd389d5a0dd2bf94ad8,disjunctedExistence,plain,11,2,OPTIMAL,0,4,2,unsat,5.748340234998977,,f704f84e05858f90097f4c4e27af1b9e46652af60970d1acde654aa309ec97fd,,0,rq1-exact-623-20260926-5x,0
disjunctedExistence/0045.trace,efd389d5a0dd2bf94ad8,disjunctedExistence,plain,11,2,OPTIMAL,0,4,3,unsat,13.01232423700094,,c485658f80f243a6a83d8299be1b0caa1e3d040c1e1898eef02164ca2ec27c10,,0,rq1-exact-623-20260926-5x,0
disjunctedExistence/0045.trace,efd389d5a0dd2bf94ad8,disjunctedExistence,plain,11,2,OPTIMAL,0,4,4,sat,26.63747142900138,,7383141f6b8c9af448a8c457fa1f808ec2f68305665378605ad5165d638a6bba,78b7f3572547bad0c08fa597a7a865e0691abe4e12230275cb2d58f3b576a205,0,rq1-exact-623-20260926-5x,0
disjunctedExistence/0048.trace,a8e1e8f18a3ec6e7563b,disjunctedExistence,plain,134,2,TIMEOUT,,,1,unsat,0.4922529149989714,,addd6666bccd385201ad22f293ce4638f1d0f6abe334bc7ff6ee47cf5ab0c31e,,0,rq1-exact-623-20260926-5x,0
disjunctedExistence/0048.trace,a8e1e8f18a3ec6e7563b,disjunctedExistence,plain,134,2,TIMEOUT,,,2,unsat,1.9844761039930745,,1885ddc2dab17e65ec82cb82ad12f2e3a8d2fabc33427f8cdae5390fdb903da7,,0,rq1-exact-623-20260926-5x,0
disjunctedExistence/0048.trace,a8e1e8f18a3ec6e7563b,disjunctedExistence,plain,134,2,TIMEOUT,,,3,unsat,4.239421835001849,,1923485ba940a8cced23cdb8ed24fbad5faaf791df9f4c000e4cf420581982ba,,0,rq1-exact-623-20260926-5x,0
disjunctedExistence/0048.trace,a8e1e8f18a3ec6e7563b,disjunctedExistence,plain,134,2,TIMEOUT,,,4,unsat,10.037510624002607,,8ebe1ca037108718a9f9887528b8d9483fbce8f7ed5ea3066680fe35355a0db7,,0,rq1-exact-623-20260926-5x,0
disjunctedExistence/0048.trace,a8e1e8f18a3ec6e7563b,disjunctedExistence,plain,134,2,TIMEOUT,,,5,unsat,42.26283190200047,,90720ad675ea17195d9dee8634cd3da49621448e5c18c4edc6ece7a013ef6e4c,,0,rq1-exact-623-20260926-5x,0
disjunctedExistence/0048.trace,a8e1e8f18a3ec6e7563b,disjunctedExistence,plain,134,2,TIMEOUT,,,6,unsat,411.73874964199786,,bab5973b1f41fcdff9ce4e58cbae92cf272a517f4936327477731a5cee5558a2,,0,rq1-exact-623-20260926-5x,0
disjunctedExistence/0048.trace,a8e1e8f18a3ec6e7563b,disjunctedExistence,plain,134,2,TIMEOUT,,,7,unknown,1513.0729904269974,timeout,14058e34d1596401149e62a99e1109d9f7bec6e8f2061296d1e2dced9e2b9e9f,,0,rq1-exact-623-20260926-5x,0
disjunctedExistence/0049.trace,573ab33f15e80c3e6c30,disjunctedExistence,plain,134,2,OPTIMAL,0,5,1,unsat,0.36386945500089496,,b7d111ba2b2282c8f377779b8e055f501948594158a37741ae6b06635192cc1c,,0,rq1-exact-623-20260926-5x,0
disjunctedExistence/0049.trace,573ab33f15e80c3e6c30,disjunctedExistence,plain,134,2,OPTIMAL,0,5,2,unsat,1.4783848060014861,,a5441f2cc5474222f044e892679e56810c5a6a26fef0686cbd01ec6d378da634,,0,rq1-exact-623-20260926-5x,0
disjunctedExistence/0049.trace,573ab33f15e80c3e6c30,disjunctedExistence,plain,134,2,OPTIMAL,0,5,3,unsat,3.0504009859996586,,97ea71c98c36afcae8d76a5285c8e506b3924dcc0d7056a922629c340a1aee2e,,0,rq1-exact-623-20260926-5x,0
disjunctedExistence/0049.trace,573ab33f15e80c3e6c30,disjunctedExistence,plain,134,2,OPTIMAL,0,5,4,unsat,6.8128502939998725,,dbc1fe4adca41720a824baba7788e0af3405e4b98382cebc5c99976253c755bc,,0,rq1-exact-623-20260926-5x,0
disjunctedExistence/0049.trace,573ab33f15e80c3e6c30,disjunctedExistence,plain,134,2,OPTIMAL,0,5,5,sat,12.888930126999185,,840c23526b8c7d6206e67542f37505d82bd36c8d523573bc5f122173658cd393,78c76a58d31e86907365f7fca5157c826cf63fb0559a5b572897cc5406aeab1b,0,rq1-exact-623-20260926-5x,0
disjunctedExistence/0051.trace,bd82d722f9be4d871ac8,disjunctedExistence,plain,134,2,TIMEOUT,,,1,unsat,0.6945231069985311,,3af36dc3f16dd58e5b08268655d3f09f14c05e4b5e4579fdc04582486e3f2018,,0,rq1-exact-623-20260926-5x,0
disjunctedExistence/0051.trace,bd82d722f9be4d871ac8,disjunctedExistence,plain,134,2,TIMEOUT,,,2,unsat,2.8631013150006765,,a2af67b5ceb30de50b1a8818bb8c63ac2cdbe94ba8396a31e91aa944c591b879,,0,rq1-exact-623-20260926-5x,0
disjunctedExistence/0051.trace,bd82d722f9be4d871ac8,disjunctedExistence,plain,134,2,TIMEOUT,,,3,unsat,5.918647407997923,,62b51b5ff79ab1e68c8073c7a6b8200f35e1d937f6d3bbb412be5cd0ee684ee5,,0,rq1-exact-623-20260926-5x,0
disjunctedExistence/0051.trace,bd82d722f9be4d871ac8,disjunctedExistence,plain,134,2,TIMEOUT,,,4,unsat,13.863318030998926,,b6e9927ac3a437bbbb030b428a79d039205f9a585d80e857158355b98194504f,,0,rq1-exact-623-20260926-5x,0
disjunctedExistence/0051.trace,bd82d722f9be4d871ac8,disjunctedExistence,plain,134,2,TIMEOUT,,,5,unsat,56.73185305000516,,483e868ffc6d8b7286a1591f68e89c969c5484f0a9cdd72eca6b372eda19c015,,0,rq1-exact-623-20260926-5x,0
disjunctedExistence/0051.trace,bd82d722f9be4d871ac8,disjunctedExistence,plain,134,2,TIMEOUT,,,6,unsat,428.28240621900477,,10d5569440de6e34ca9acc2d7fb8d1ff037bd75ad12e75134189f9ce3ffb96d4,,0,rq1-exact-623-20260926-5x,0
disjunctedExistence/0051.trace,bd82d722f9be4d871ac8,disjunctedExistence,plain,134,2,TIMEOUT,,,7,unknown,1518.250589354,timeout,e772feb1f95b0a74790e5bb992746d9b4ede4401c804b096390d42f3807b3ffd,,0,rq1-exact-623-20260926-5x,0
disjunctedExistence/0054.trace,6e6af6f9101502e48a78,disjunctedExistence,plain,134,2,TIMEOUT,,,1,unsat,1.5078013810052653,,89831926a2430c9d250bea7f9ff71e5b23c28a6db7ae6d8548f17df17073d4d0,,0,rq1-exact-623-20260926-5x,0
disjunctedExistence/0054.trace,6e6af6f9101502e48a78,disjunctedExistence,plain,134,2,TIMEOUT,,,2,unsat,6.343906868001795,,b189c54ead53a45f97975ba80a7b349158c7e34563a9154f07cf5494efb4b0c5,,0,rq1-exact-623-20260926-5x,0
disjunctedExistence/0054.trace,6e6af6f9101502e48a78,disjunctedExistence,plain,134,2,TIMEOUT,,,3,unsat,13.467270213994198,,2c98d930fcfeb70ca47e5c5087e45c7bf9a30f2a4a2c73db84e47b2a641dbac0,,0,rq1-exact-623-20260926-5x,0
disjunctedExistence/0054.trace,6e6af6f9101502e48a78,disjunctedExistence,plain,134,2,TIMEOUT,,,4,unsat,33.935953963999054,,9c7af756911938ba4362d5f2725a8adb304db6673e7a83dc111107242f5c4080,,0,rq1-exact-623-20260926-5x,0
disjunctedExistence/0054.trace,6e6af6f9101502e48a78,disjunctedExistence,plain,134,2,TIMEOUT,,,5,unsat,171.70961506599997,,3dd89f55edb222fc6ebf62079f11b7905d780e7df88f0fd816a1b7e79a18f7a5,,0,rq1-exact-623-20260926-5x,0
disjunctedExistence/0054.trace,6e6af6f9101502e48a78,disjunctedExistence,plain,134,2,TIMEOUT,,,6,unsat,1179.453137165001,,33efb4e6168deaf32ba6cb3b9ac0198f86f28a170d41497ffdba70cef41c2d42,,0,rq1-exact-623-20260926-5x,0
disjunctedExistence/0054.trace,6e6af6f9101502e48a78,disjunctedExistence,plain,134,2,TIMEOUT,,,7,unknown,1540.1973525379944,timeout,6df70abf9dc3c536c39c088fc3215707e0164814a25becca6a4fababefb8fa41,,0,rq1-exact-623-20260926-5x,0
disjunctedExistence/0055.trace,b5f5bfefe25ce609af09,disjunctedExistence,plain,134,2,TIMEOUT,,,1,unsat,1.0259002410020912,,41df4376f13a8f0f7e37e9abb05fc6bc2c72785174be125d9756a5aba0d5102f,,0,rq1-exact-623-20260926-5x,0
disjunctedExistence/0055.trace,b5f5bfefe25ce609af09,disjunctedExistence,plain,134,2,TIMEOUT,,,2,unsat,4.349658924002142,,9aa47a7950d577ba09d8bfa6fe8dbb14cf8357d51747721a9151f52c4cffe466,,0,rq1-exact-623-20260926-5x,0
disjunctedExistence/0055.trace,b5f5bfefe25ce609af09,disjunctedExistence,plain,134,2,TIMEOUT,,,3,unsat,9.408220639998035,,ae4a975217cb75076c0446902d38c1c96fa12bf80c9d1e57c51922327e344c38,,0,rq1-exact-623-20260926-5x,0
disjunctedExistence/0055.trace,b5f5bfefe25ce609af09,disjunctedExistence,plain,134,2,TIMEOUT,,,4,unsat,23.96156334999978,,6221ee04793c787eb4a9bfc72d036bc304c7f7e8a6cfb5262d4ef9d8992c4c06,,0,rq1-exact-623-20260926-5x,0
disjunctedExistence/0055.trace,b5f5bfefe25ce609af09,disjunctedExistence,plain,134,2,TIMEOUT,,,5,unsat,164.04287705399474,,459be4d932c71e8777ec435ee02f87a09971452f5550f8ccb49512a1293dcfa7,,0,rq1-exact-623-20260926-5x,0
disjunctedExistence/0055.trace,b5f5bfefe25ce609af09,disjunctedExistence,plain,134,2,TIMEOUT,,,6,unknown,1521.5142718510033,timeout,6de27c85ae7960bb1d47bfa291b377bd2c8bad422eafd63424ab3d169ad1b5f7,,0,rq1-exact-623-20260926-5x,0
disjunctedExistence/0057.trace,564d632676a2c8d3c020,disjunctedExistence,plain,134,2,TIMEOUT,,,1,unsat,2.0096458659972996,,fbb34cff4b73d8a4e695a89a386c29ef2b80471eb066c7419a70d8a61ea678a9,,0,rq1-exact-623-20260926-5x,0
disjunctedExistence/0057.trace,564d632676a2c8d3c020,disjunctedExistence,plain,134,2,TIMEOUT,,,2,unsat,8.548235212998406,,a5431fc82009fe80e58aa365e2e3a6b5c05b34a796d391bfc1981d778d675b60,,0,rq1-exact-623-20260926-5x,0
disjunctedExistence/0057.trace,564d632676a2c8d3c020,disjunctedExistence,plain,134,2,TIMEOUT,,,3,unsat,18.05306280500372,,e50cb88db1c0045fa934aaa1760210763fca96b3e6b840a593644a5861761056,,0,rq1-exact-623-20260926-5x,0
disjunctedExistence/0057.trace,564d632676a2c8d3c020,disjunctedExistence,plain,134,2,TIMEOUT,,,4,unsat,49.9413221260038,,0f7bf37064456b1e59b37ae884518258fa7bceea1d9362bde5e04816d0902c98,,0,rq1-exact-623-20260926-5x,0
disjunctedExistence/0057.trace,564d632676a2c8d3c020,disjunctedExistence,plain,134,2,TIMEOUT,,,5,unsat,221.20471922899742,,673302cbf534cd4893bcd6f39def178411fc8bb4e9f5fd544b3508712f822c5f,,0,rq1-exact-623-20260926-5x,0
disjunctedExistence/0057.trace,564d632676a2c8d3c020,disjunctedExistence,plain,134,2,TIMEOUT,,,6,unknown,1542.0679582390003,timeout,faffadc6200a357ca383140b98a764676b248b1df925f0eec1ce2c41f8cf84d7,,0,rq1-exact-623-20260926-5x,0
disjunctedExistence/0058.trace,4de4e6e8fff5937a2ca4,disjunctedExistence,plain,134,2,OPTIMAL,0,2,1,unsat,1.3660458430022118,,bffd29aa996dfcfe4ed016181edbc9ae25380d70ffe3fed13011ffae9232304c,,0,rq1-exact-623-20260926-5x,0
disjunctedExistence/0058.trace,4de4e6e8fff5937a2ca4,disjunctedExistence,plain,134,2,OPTIMAL,0,2,2,sat,5.834401983000134,,3e5a15ab3ca21e6ab8a7d70e05912af37d9886be06ce2ed7e0a5eb7c70a2108c,a62907710eed84b61d7d22988cf9ac12b1a0fdb9643f9dd9efae878fcbdca8fb,0,rq1-exact-623-20260926-5x,0
disjunctedExistence/0060.trace,6ce3640a3f6bdc2a9ead,disjunctedExistence,plain,134,2,TIMEOUT,,,1,unsat,2.467001730998163,,e1b05f3534dbf4e0dc656a3496ffc3eb5429132dcd273addd532b859e4a9f05e,,0,rq1-exact-623-20260926-5x,0
disjunctedExistence/0060.trace,6ce3640a3f6bdc2a9ead,disjunctedExistence,plain,134,2,TIMEOUT,,,2,unsat,10.487111269001616,,683389ed314d0bef99df15b7025aeb498ef400db1d44e31709abf8178711c6c5,,0,rq1-exact-623-20260926-5x,0
disjunctedExistence/0060.trace,6ce3640a3f6bdc2a9ead,disjunctedExistence,plain,134,2,TIMEOUT,,,3,unsat,22.669001335998473,,9a6efed34e5b2778c4ca5583734fc0ad95d579063788eb8e73967ac19fc76071,,0,rq1-exact-623-20260926-5x,0
disjunctedExistence/0060.trace,6ce3640a3f6bdc2a9ead,disjunctedExistence,plain,134,2,TIMEOUT,,,4,unsat,56.918799516002764,,33d617bdb759779243714b9e21879eb91de88b523e638f247fdc0ea78df32c8f,,0,rq1-exact-623-20260926-5x,0
disjunctedExistence/0060.trace,6ce3640a3f6bdc2a9ead,disjunctedExistence,plain,134,2,TIMEOUT,,,5,unsat,258.3866184310027,,246848beadd3835ec434021a1a3689ffcca87ce9bed3b94b534c9ce987b56754,,0,rq1-exact-623-20260926-5x,0
disjunctedExistence/0060.trace,6ce3640a3f6bdc2a9ead,disjunctedExistence,plain,134,2,TIMEOUT,,,6,unknown,1551.8154931809986,timeout,f134f52f4de4f338a7915a12686ad55901834225d5377e963ddd8879da2382a2,,0,rq1-exact-623-20260926-5x,0
disjunctedExistence/0061.trace,27aa18330c6933482c04,disjunctedExistence,plain,134,2,TIMEOUT,,,1,unsat,2.512125877001381,,a74342cfae61628f456277b233e5a71e573478765b5a56b9faa7db2c27a24b2b,,0,rq1-exact-623-20260926-5x,0
disjunctedExistence/0061.trace,27aa18330c6933482c04,disjunctedExistence,plain,134,2,TIMEOUT,,,2,unsat,10.762493902999267,,0b8903b56cda22411bd359c1228dc7d2c1ec456c5f876bf2484939606c318708,,0,rq1-exact-623-20260926-5x,0
disjunctedExistence/0061.trace,27aa18330c6933482c04,disjunctedExistence,plain,134,2,TIMEOUT,,,3,unsat,23.441441810995457,,543a3fa0f591a7abcf90041df79d1f0bebed75a3e63c2635bfdb6e1b42d397f5,,0,rq1-exact-623-20260926-5x,0
disjunctedExistence/0061.trace,27aa18330c6933482c04,disjunctedExistence,plain,134,2,TIMEOUT,,,4,unsat,57.0992608939996,,d3b3d932e1186af468b10453b51eab42f22a091660a99d8c564a9c183b11e1d4,,0,rq1-exact-623-20260926-5x,0
disjunctedExistence/0061.trace,27aa18330c6933482c04,disjunctedExistence,plain,134,2,TIMEOUT,,,5,unsat,386.7289622269964,,23f9104f5be00cde019da1a0f9fc4086ba32582798f3ebf01a786837b96b35ff,,0,rq1-exact-623-20260926-5x,0
disjunctedExistence/0061.trace,27aa18330c6933482c04,disjunctedExistence,plain,134,2,TIMEOUT,,,6,unknown,1553.0597541660027,timeout,a0c393271380106bf80fb4c283911216fbd9e203a39756690a694b65d45dcc52,,0,rq1-exact-623-20260926-5x,0
disjunctedExistence/0063.trace,f68d03d30f8f5a3b4cf0,disjunctedExistence,plain,134,2,TIMEOUT,,,1,unsat,2.9864869030061527,,cd91cf628841a931c24904ee9173f8d0799c1bf10716443de561d55e59db4b00,,0,rq1-exact-623-20260926-5x,0
disjunctedExistence/0063.trace,f68d03d30f8f5a3b4cf0,disjunctedExistence,plain,134,2,TIMEOUT,,,2,unsat,12.709763664002821,,d55379b8fdf44720e161eb2cef4f485887acfe39c991ac07b928cdf15a1aa7b2,,0,rq1-exact-623-20260926-5x,0
disjunctedExistence/0063.trace,f68d03d30f8f5a3b4cf0,disjunctedExistence,plain,134,2,TIMEOUT,,,3,unsat,26.284936777003168,,e61ce063bfd3b9dbbd1cf4c966bf9288e0caa7f91a9804307c35b5ea5991d3bb,,0,rq1-exact-623-20260926-5x,0
disjunctedExistence/0063.trace,f68d03d30f8f5a3b4cf0,disjunctedExistence,plain,134,2,TIMEOUT,,,4,unsat,78.4235310160002,,f5a22465f46384fdb4b591ecfde7ebd7b435d33a1c045263f35eb5289c4b835a,,0,rq1-exact-623-20260926-5x,0
disjunctedExistence/0063.trace,f68d03d30f8f5a3b4cf0,disjunctedExistence,plain,134,2,TIMEOUT,,,5,unsat,334.79144867300056,,d1e8522a80e5f195dd6df561ba47e032f90279b3607ee6bd3251cba12642fa4a,,0,rq1-exact-623-20260926-5x,0
disjunctedExistence/0063.trace,f68d03d30f8f5a3b4cf0,disjunctedExistence,plain,134,2,TIMEOUT,,,6,unknown,1562.447136036004,timeout,b829fd8888adf4229b255029a4e933258cd90e497838f5819acacf47b07a7eda,,0,rq1-exact-623-20260926-5x,0
disjunctedExistence/0064.trace,b3255a70593f8b89bf03,disjunctedExistence,plain,134,2,TIMEOUT,,,1,unsat,3.0324108400018304,,8f63929d3b6a6b6463c8eecfc09318298b2f02a4859b64ec446df4c0aea489ff,,0,rq1-exact-623-20260926-5x,0
disjunctedExistence/0064.trace,b3255a70593f8b89bf03,disjunctedExistence,plain,134,2,TIMEOUT,,,2,unsat,13.070613803000015,,871182285a900dd5dc1324d7d2c5e29d1461cb2e0245cec809628adbf9a48b42,,0,rq1-exact-623-20260926-5x,0
disjunctedExistence/0064.trace,b3255a70593f8b89bf03,disjunctedExistence,plain,134,2,TIMEOUT,,,3,unsat,27.4671470530011,,ceb777c839bbdc6519e1312b6064998174c368d61bd303ea0f5db7c7e9b76b57,,0,rq1-exact-623-20260926-5x,0
disjunctedExistence/0064.trace,b3255a70593f8b89bf03,disjunctedExistence,plain,134,2,TIMEOUT,,,4,unsat,76.56077546500455,,b132bba1eaa185d39bdbfa18de70426948b7b7445e3ef6d0b873aa3afd99cb38,,0,rq1-exact-623-20260926-5x,0
disjunctedExistence/0064.trace,b3255a70593f8b89bf03,disjunctedExistence,plain,134,2,TIMEOUT,,,5,unsat,317.6827815049983,,f2441fd48e9f4ed61e28418ef31c9f45e5935d781ad34aa50b69a90a7fde1478,,0,rq1-exact-623-20260926-5x,0
disjunctedExistence/0064.trace,b3255a70593f8b89bf03,disjunctedExistence,plain,134,2,TIMEOUT,,,6,unknown,1545.048393697005,timeout,51e1f890107cabb1bf04f1105ab639423f4c38088f97ce0c3205f69111c82ff8,,0,rq1-exact-623-20260926-5x,0
disjunctedExistence/0066.trace,d60d35b900aad921c0b3,disjunctedExistence,plain,134,2,TIMEOUT,,,1,unsat,3.9944261640048353,,cad85437786600dc246ef326d0f469d3f7b2f3569df2f6f2156ba5da37297956,,0,rq1-exact-623-20260926-5x,0
disjunctedExistence/0066.trace,d60d35b900aad921c0b3,disjunctedExistence,plain,134,2,TIMEOUT,,,2,unsat,16.99267678000615,,f1c2a303bd9712d386a55c3f29ce06dd3e5846c3ac4b34827caa59daa71e1ab5,,0,rq1-exact-623-20260926-5x,0
disjunctedExistence/0066.trace,d60d35b900aad921c0b3,disjunctedExistence,plain,134,2,TIMEOUT,,,3,unsat,35.714878429993405,,19e128520af766f08ef3ffb4319d2e74e0169b6e46fb9b76ec5ef38b7eba2879,,0,rq1-exact-623-20260926-5x,0
disjunctedExistence/0066.trace,d60d35b900aad921c0b3,disjunctedExistence,plain,134,2,TIMEOUT,,,4,unsat,109.92255161999492,,157b4510a0608ec182755c523389400cfd96d28910994f3dd4b1d467691cad78,,0,rq1-exact-623-20260926-5x,0
disjunctedExistence/0066.trace,d60d35b900aad921c0b3,disjunctedExistence,plain,134,2,TIMEOUT,,,5,unsat,476.19939955000154,,de899aa3c578f423521fb5c4f2505e6d858b7d79ab4d192ba8cebf603d522816,,0,rq1-exact-623-20260926-5x,0
disjunctedExistence/0066.trace,d60d35b900aad921c0b3,disjunctedExistence,plain,134,2,TIMEOUT,,,6,unknown,1584.9964211219994,timeout,baaa08d22927c03c8f7f548b2f6be0677b8fe3ed19e4119ded3195911b83f918,,0,rq1-exact-623-20260926-5x,0
disjunctedExistence/0067.trace,169677c4678b9eb857b4,disjunctedExistence,plain,134,2,OPTIMAL,0,5,1,unsat,2.731237849002355,,f4a166b5f9b333d8ea118eec2287ce1806bd7f9a29c125c86d505916605e092c,,0,rq1-exact-623-20260926-5x,0
disjunctedExistence/0067.trace,169677c4678b9eb857b4,disjunctedExistence,plain,134,2,OPTIMAL,0,5,2,unsat,11.883301280999149,,b880eb164374ecc9d32cd4d369a20b06b81bd0549791bbef712a0bbe02891b23,,0,rq1-exact-623-20260926-5x,0
disjunctedExistence/0067.trace,169677c4678b9eb857b4,disjunctedExistence,plain,134,2,OPTIMAL,0,5,3,unsat,27.831495559999894,,bc5fe19e15c577881424f353b7c5c086446ed8c7a1f5ba3db879dc54b6241434,,0,rq1-exact-623-20260926-5x,0
disjunctedExistence/0067.trace,169677c4678b9eb857b4,disjunctedExistence,plain,134,2,OPTIMAL,0,5,4,unsat,66.29390679700009,,3c266b6517b7a64c454b53e09f3de1c74e6768ca1b28c9acfc4d95ad5adb803d,,0,rq1-exact-623-20260926-5x,0
disjunctedExistence/0067.trace,169677c4678b9eb857b4,disjunctedExistence,plain,134,2,OPTIMAL,0,5,5,sat,120.92840877499839,,cbd0ec87d463aa603a5e96d042c5cbfefc6142bfb04ce144df985b886bac6e98,b1b77a87cdbf73d5064637df936c2573b59a8ca9aed7ec82440751146de2ea8b,0,rq1-exact-623-20260926-5x,0
disjunctedExistence/0069.trace,d8c299fa4defe07f41bc,disjunctedExistence,plain,134,2,TIMEOUT,,,1,unsat,4.995526831000461,,81777c20605975268b97eac67a41acd00794d785b29f75876ccb90ecb8d3a342,,0,rq1-exact-623-20260926-5x,0
disjunctedExistence/0069.trace,d8c299fa4defe07f41bc,disjunctedExistence,plain,134,2,TIMEOUT,,,2,unsat,21.617945625002903,,6c11b74b610d8f8f7549d4c571cfc807524a309ab457faaaec948731025cc65e,,0,rq1-exact-623-20260926-5x,0
disjunctedExistence/0069.trace,d8c299fa4defe07f41bc,disjunctedExistence,plain,134,2,TIMEOUT,,,3,unsat,65.79170412700478,,e1581a9b3b50606469e6ad85b957b96064bb50d6924a7b320d985a8771d3028e,,0,rq1-exact-623-20260926-5x,0
disjunctedExistence/0069.trace,d8c299fa4defe07f41bc,disjunctedExistence,plain,134,2,TIMEOUT,,,4,unsat,173.50757916500152,,6bbc8c66b3b68596b50a3012ba64f6b502da46c5b7c4b4f6eac1e0b1af420783,,0,rq1-exact-623-20260926-5x,0
disjunctedExistence/0069.trace,d8c299fa4defe07f41bc,disjunctedExistence,plain,134,2,TIMEOUT,,,5,unsat,699.4827707789955,,28c8953654105caa8bebb7acdaae5048525ae72e8491e2353d5cdc96110be7ab,,0,rq1-exact-623-20260926-5x,0
disjunctedExistence/0069.trace,d8c299fa4defe07f41bc,disjunctedExistence,plain,134,2,TIMEOUT,,,6,unknown,1605.5052529399982,timeout,7cf301649b55a14686403e2f6def622474ee538c50dd4d5b3175e6c95faf87eb,,0,rq1-exact-623-20260926-5x,0
disjunctedExistence/0070.trace,eb6384aca7bb71503784,disjunctedExistence,plain,134,2,TIMEOUT,,,1,unsat,3.4264336689957418,,c149c3ec85fec5326abbc0da205c0bcf7d8141e6b6173fab3d34482e7c841c73,,0,rq1-exact-623-20260926-5x,0
disjunctedExistence/0070.trace,eb6384aca7bb71503784,disjunctedExistence,plain,134,2,TIMEOUT,,,2,unsat,14.908928967997781,,705f7aa4027388a5259c24d00e2b6a5bfa738c07d4f81531ca44a53fe060d0fb,,0,rq1-exact-623-20260926-5x,0
disjunctedExistence/0070.trace,eb6384aca7bb71503784,disjunctedExistence,plain,134,2,TIMEOUT,,,3,unsat,68.93277981899882,,6bae4ab5fe1443570349c57c11c7b7fdcc514bbafa0730ba4dd81b3f96642f9e,,0,rq1-exact-623-20260926-5x,0
disjunctedExistence/0070.trace,eb6384aca7bb71503784,disjunctedExistence,plain,134,2,TIMEOUT,,,4,unsat,141.47110741600045,,d82b6618a3e2d244c93db9e3e18c2770070896d510fce601f82bb3bd5581158a,,0,rq1-exact-623-20260926-5x,0
disjunctedExistence/0070.trace,eb6384aca7bb71503784,disjunctedExistence,plain,134,2,TIMEOUT,,,5,unsat,538.2830052029967,,7e660066e2e30431843e90d105f38db98d60cc71c3a281622a69305a2c8b120f,,0,rq1-exact-623-20260926-5x,0
disjunctedExistence/0070.trace,eb6384aca7bb71503784,disjunctedExistence,plain,134,2,TIMEOUT,,,6,unknown,1575.069481669001,timeout,604f9b94405fe45fc88a49d4df62fa2aa27c5ac65fd1f57161c73b59eb40ea7f,,0,rq1-exact-623-20260926-5x,0
equal/0001.trace,03458c2a64614f2f246d,equal,plain,10,2,TIMEOUT,,,1,unsat,0.5877199079986895,,4d802b297d2f5bee0517719de500352c8f6976f91ed4f948125452de35eea1d5,,0,rq1-exact-623-20260926-5x,0
equal/0001.trace,03458c2a64614f2f246d,equal,plain,10,2,TIMEOUT,,,2,unsat,3.6240982649978832,,94aa05c123bdb8f67725896568ae7038e70f9a3c1b192567d15e34c1313805f5,,0,rq1-exact-623-20260926-5x,0
equal/0001.trace,03458c2a64614f2f246d,equal,plain,10,2,TIMEOUT,,,3,unsat,8.178981950997695,,69911ce97fb09fcf32f8f595a6f54259c1cbd26c424048398fbd27dcd8eeeceb,,0,rq1-exact-623-20260926-5x,0
equal/0001.trace,03458c2a64614f2f246d,equal,plain,10,2,TIMEOUT,,,4,unsat,17.19162960000176,,4fd9421782e899f8c3e05d0c03c2b89d78d8fd5aac93ffccc15e4df5283fe497,,0,rq1-exact-623-20260926-5x,0
equal/0001.trace,03458c2a64614f2f246d,equal,plain,10,2,TIMEOUT,,,5,unsat,74.55739199200252,,ae407f34248164918ab515dde5aceed1bf7f8f50cf454f2929adffa403a4e234,,0,rq1-exact-623-20260926-5x,0
equal/0001.trace,03458c2a64614f2f246d,equal,plain,10,2,TIMEOUT,,,6,unsat,395.3841799889997,,0a7fa9d87f5fb8ba800ca97c2622035da23b0470b6df8874944093755ac45bfc,,0,rq1-exact-623-20260926-5x,0
equal/0001.trace,03458c2a64614f2f246d,equal,plain,10,2,TIMEOUT,,,7,unknown,1521.941295094999,timeout,c1c68fe9d2f8db3b1c95d3226fe8b1765dd1c2335ba08a03fc4a82c80006e434,,0,rq1-exact-623-20260926-5x,0
equal/0002.trace,f7c7eb3495a4fd4e9ac2,equal,plain,10,2,TIMEOUT,,,1,unsat,0.06493544000113616,,b741b085a29d012052139c37b842c28476c6a2d515fad0cb49dd73fce849f319,,0,rq1-exact-623-20260926-5x,0
equal/0002.trace,f7c7eb3495a4fd4e9ac2,equal,plain,10,2,TIMEOUT,,,2,unsat,0.29365863899874967,,5fc0dfbd7dac4cbb77214951d10cc69825691b832557a0eb3da934a3a8c7c627,,0,rq1-exact-623-20260926-5x,0
equal/0002.trace,f7c7eb3495a4fd4e9ac2,equal,plain,10,2,TIMEOUT,,,3,unsat,0.6076915269950405,,1d0bb4e4bc4ab56a765df8a5aebed0ed49c70fd5e3f77c64399bcd37944e77ee,,0,rq1-exact-623-20260926-5x,0
equal/0002.trace,f7c7eb3495a4fd4e9ac2,equal,plain,10,2,TIMEOUT,,,4,unsat,1.1223892159978277,,c79f9e22acef6e43d57bab55fa7e78f70f5a900d2d0820e80daff7eb37a3ca43,,0,rq1-exact-623-20260926-5x,0
equal/0002.trace,f7c7eb3495a4fd4e9ac2,equal,plain,10,2,TIMEOUT,,,5,unsat,3.4646339999962947,,d9b621b9c52316bc54c5eacc7144e19360595a223d1a2d33c19f0fba12fec93f,,0,rq1-exact-623-20260926-5x,0
equal/0002.trace,f7c7eb3495a4fd4e9ac2,equal,plain,10,2,TIMEOUT,,,6,unsat,29.31676670500019,,ab94917690b6746b6644ceb14f49e94f89502999fc33d312b815353b7f239a3a,,0,rq1-exact-623-20260926-5x,0
equal/0002.trace,f7c7eb3495a4fd4e9ac2,equal,plain,10,2,TIMEOUT,,,7,unsat,311.8116727300003,,75b4fb6c775ae81a6cd6d095d9d3c9a2c30e86daa3b6c4136e0d60e6a17cd948,,0,rq1-exact-623-20260926-5x,0
equal/0002.trace,f7c7eb3495a4fd4e9ac2,equal,plain,10,2,TIMEOUT,,,8,unknown,1502.7689343590027,timeout,7e737992098e5f2fc35afe81b841623b0877a2de5c586790e52bf620cb176028,,0,rq1-exact-623-20260926-5x,0
equal/0003.trace,47165ee0bff2704724a0,equal,plain,10,2,TIMEOUT,,,1,unsat,0.7103297739995469,,b2d1fb54f254eaefad9f79c9e25f5b1d019589ffd866398272630e5ff79e878f,,0,rq1-exact-623-20260926-5x,0
equal/0003.trace,47165ee0bff2704724a0,equal,plain,10,2,TIMEOUT,,,2,unsat,4.530823518998659,,be0728f9e813659ceaecc26f68cde836b72f2a59767b63d1eec53460efe88454,,0,rq1-exact-623-20260926-5x,0
equal/0003.trace,47165ee0bff2704724a0,equal,plain,10,2,TIMEOUT,,,3,unsat,10.195201934999204,,5e5a86dd1d95533053bfee8ff873a6bf7a5614808aa6370b714d97f6c47a49e9,,0,rq1-exact-623-20260926-5x,0
equal/0003.trace,47165ee0bff2704724a0,equal,plain,10,2,TIMEOUT,,,4,unsat,23.18827816999692,,ec9d66c249bc0583ea041a3bcfefe556fb4f13879076bd558f1315d1c6416976,,0,rq1-exact-623-20260926-5x,0
equal/0003.trace,47165ee0bff2704724a0,equal,plain,10,2,TIMEOUT,,,5,unsat,88.60736636399815,,96e5275f00e844f8bf917f1bf8cac487b41b71c07e28131f57d0805e001f736a,,0,rq1-exact-623-20260926-5x,0
equal/0003.trace,47165ee0bff2704724a0,equal,plain,10,2,TIMEOUT,,,6,unsat,723.5714718950003,,304ab539dfcadab8e4ad36f0080be38de7e5bcc6186786cc23dff1f76dfbbbf0,,0,rq1-exact-623-20260926-5x,0
equal/0003.trace,47165ee0bff2704724a0,equal,plain,10,2,TIMEOUT,,,7,unknown,1533.511703002001,timeout,a692016a01fe3ade16ea7075467ffa8b327eb91032e98b8e0d139d15a52074ef,,0,rq1-exact-623-20260926-5x,0
equal/0004.trace,e46a5f755c6ef207c866,equal,plain,10,2,TIMEOUT,,,1,unsat,0.9468089580041124,,87eff6e0592143e584fed95589b2f944d871958b3c5259e1dbdbddcd6b6e2059,,0,rq1-exact-623-20260926-5x,0
equal/0004.trace,e46a5f755c6ef207c866,equal,plain,10,2,TIMEOUT,,,2,unsat,6.055116404997534,,014866a2600976db90917c1323eaa241bb11b0d2174d54da9c295188f7849059,,0,rq1-exact-623-20260926-5x,0
equal/0004.trace,e46a5f755c6ef207c866,equal,plain,10,2,TIMEOUT,,,3,unsat,13.78418500800035,,778523ffc97186644f40ce9ef050a29cf98514ffe3b00dbf7b8002c1bd191ff5,,0,rq1-exact-623-20260926-5x,0
equal/0004.trace,e46a5f755c6ef207c866,equal,plain,10,2,TIMEOUT,,,4,unsat,33.31290820599679,,7a7a6f293974741fd258ba38e4dc3a03b8b24c706adb8aec66ea0ae7f650e824,,0,rq1-exact-623-20260926-5x,0
equal/0004.trace,e46a5f755c6ef207c866,equal,plain,10,2,TIMEOUT,,,5,unsat,120.64963838500262,,bf82bfc13c1d576887fa5ec0e6f1a6a54f6d501929bb83dac4c12a5dd44a41c1,,0,rq1-exact-623-20260926-5x,0
equal/0004.trace,e46a5f755c6ef207c866,equal,plain,10,2,TIMEOUT,,,6,unsat,1033.9157787770018,,a8828cf9fcfa180bddd79695e4c384a1e68bc65a059d0f1a45c0857c70c7bb86,,0,rq1-exact-623-20260926-5x,0
equal/0004.trace,e46a5f755c6ef207c866,equal,plain,10,2,TIMEOUT,,,7,unknown,1548.9641173830023,timeout,abe510e94e4ae72f5ac79ff60b79bb24269732c2c676f63efa7d07fd68e94448,,0,rq1-exact-623-20260926-5x,0
equal/0005.trace,13353d855b8144270cd9,equal,plain,10,2,TIMEOUT,,,1,unsat,2.3782108960003825,,5e211042cc6e082eedee70a225f8aa49ee6ebed0eabe8176ae76ca50438fd98d,,0,rq1-exact-623-20260926-5x,0
equal/0005.trace,13353d855b8144270cd9,equal,plain,10,2,TIMEOUT,,,2,unsat,15.678071410002303,,42383d706435b55ebfcf5ad39fa64ac59f57f09e38ff33ace0cd8c380347015f,,0,rq1-exact-623-20260926-5x,0
equal/0005.trace,13353d855b8144270cd9,equal,plain,10,2,TIMEOUT,,,3,unsat,35.1126913549997,,8c2e8d194023967cc70564537f1e00df416ae0255a636521becd42e2ace1a080,,0,rq1-exact-623-20260926-5x,0
equal/0005.trace,13353d855b8144270cd9,equal,plain,10,2,TIMEOUT,,,4,unsat,86.05824733799818,,c249c58a59d15bf7f944531d14adfdff09e2f3a36938a55379e9f7736d600a96,,0,rq1-exact-623-20260926-5x,0
equal/0005.trace,13353d855b8144270cd9,equal,plain,10,2,TIMEOUT,,,5,unsat,370.98099566900055,,ab92d7cc666d5b5b8eb89402d4d1fb147b9c76865bcbab7ce68ec336b4faedd8,,0,rq1-exact-623-20260926-5x,0
equal/0005.trace,13353d855b8144270cd9,equal,plain,10,2,TIMEOUT,,,6,unknown,1587.884738056,timeout,20829731e66ddbbbbf5c5fc41fa8eaa41affd8171b13880c1e3dfcb2c63962d6,,0,rq1-exact-623-20260926-5x,0
equal/0006.trace,d37ea97cd95b97aee11c,equal,plain,10,2,TIMEOUT,,,1,unsat,0.25479917200209456,,138ffe8be568ca269f224f341cbe73960bbc159bb9912d581ce835c821105d8c,,0,rq1-exact-623-20260926-5x,0
equal/0006.trace,d37ea97cd95b97aee11c,equal,plain,10,2,TIMEOUT,,,2,unsat,1.5013400720017671,,947b913a92e145357059cc304584decd499490f3e4c51154777667be0922b8a2,,0,rq1-exact-623-20260926-5x,0
equal/0006.trace,d37ea97cd95b97aee11c,equal,plain,10,2,TIMEOUT,,,3,unsat,3.385477882999112,,4e5c955c210d18d9f1a497eb93b7478b4b3d0f5711e3b026ffde108a5b6b3b89,,0,rq1-exact-623-20260926-5x,0
equal/0006.trace,d37ea97cd95b97aee11c,equal,plain,10,2,TIMEOUT,,,4,unsat,7.415708693002671,,fc733afdfcb73bc27c91f3e645af7499aa4fac52e372b1dfdcb4e8d723247507,,0,rq1-exact-623-20260926-5x,0
equal/0006.trace,d37ea97cd95b97aee11c,equal,plain,10,2,TIMEOUT,,,5,unsat,28.694789978002518,,85c018eb817fb1c95a20a4f9885ce25c188570f7201da440bbe2842bc42d83a2,,0,rq1-exact-623-20260926-5x,0
equal/0006.trace,d37ea97cd95b97aee11c,equal,plain,10,2,TIMEOUT,,,6,unsat,275.5565136109981,,9e9ca14badd550389e9ac381cd093c949cd3fbc9281a7a4c73cfefc8a7a3b580,,0,rq1-exact-623-20260926-5x,0
equal/0006.trace,d37ea97cd95b97aee11c,equal,plain,10,2,TIMEOUT,,,7,unsat,1246.180420787001,,d3241e2bc8023994abf15c61b5d20f8a68eb7afae9c6a56f3af02d69df91b992,,0,rq1-exact-623-20260926-5x,0
equal/0006.trace,d37ea97cd95b97aee11c,equal,plain,10,2,TIMEOUT,,,8,unknown,1514.058347117003,timeout,bbd195036ca1eee4881b645fc9b7362f5a861f95d81e6ef7fd604b2c7dd8a22f,,0,rq1-exact-623-20260926-5x,0
equal/0007.trace,8d3be8dd445a1eb201b4,equal,plain,10,2,OPTIMAL,0,5,1,unsat,0.03501067399975,,3f090730975348245db770725be6221b1b7870d6cb7e04ad3964181a1ab2963d,,0,rq1-exact-623-20260926-5x,0
equal/0007.trace,8d3be8dd445a1eb201b4,equal,plain,10,2,OPTIMAL,0,5,2,unsat,0.11048050899989903,,8216069c2d128f1a9cb3602c84550edbfa2f7b04925fd20f6f2f7e3a5c83b6c5,,0,rq1-exact-623-20260926-5x,0
equal/0007.trace,8d3be8dd445a1eb201b4,equal,plain,10,2,OPTIMAL,0,5,3,unsat,0.2145932069997798,,f5f19fb1a365295bc817872078dd498c7d4b0889fafcc722abd60e1fbcc610be,,0,rq1-exact-623-20260926-5x,0
equal/0007.trace,8d3be8dd445a1eb201b4,equal,plain,10,2,OPTIMAL,0,5,4,unsat,0.3993643899993913,,1353ee530ad2d9650fdc904cfb9a4eca24ceab8ec76eecf65c948c355c3187bc,,0,rq1-exact-623-20260926-5x,0
equal/0007.trace,8d3be8dd445a1eb201b4,equal,plain,10,2,OPTIMAL,0,5,5,sat,0.6016204039997319,,ef42b113369d63f1f0dafe1853bea47d08751867ea19c65092e1673d2265a963,b0afa81e8ff3625f11e0cc89ccc7bc0c54704719e01b6db61b26126dbe35ae7f,0,rq1-exact-623-20260926-5x,0
equal/0008.trace,7e30d680f55a7459c961,equal,plain,5,2,OPTIMAL,0,3,1,unsat,0.25517892399966513,,29815967d9b7e9cc3d40150b8963d23d3126fa02306ef1d85ba62bbd49e29c5b,,0,rq1-exact-623-20260926-5x,0
equal/0008.trace,7e30d680f55a7459c961,equal,plain,5,2,OPTIMAL,0,3,2,unsat,1.9205919209998683,,f72d9238819be34f04b3c24f9185a8bc54d7dbedaae2093d9f73e8dcff3a087c,,0,rq1-exact-623-20260926-5x,0
equal/0008.trace,7e30d680f55a7459c961,equal,plain,5,2,OPTIMAL,0,3,3,sat,4.098804799999925,,5535982d2d21179242bbd292ae134b8ea0276269364b97226f1a3966a001cf67,e0eb6ec82871f9e380d3e434610aed1f914faed2bcc1393ab8cb3d9cb04b242f,0,rq1-exact-623-20260926-5x,0
equal/0009.trace,50e9feb9503c2776b52d,equal,plain,5,2,OPTIMAL,0,3,1,unsat,0.04086048799990749,,92375fdd08a6be6059eddda4dc0f4da65af7036db15598824a111f1964761731,,0,rq1-exact-623-20260926-5x,0
equal/0009.trace,50e9feb9503c2776b52d,equal,plain,5,2,OPTIMAL,0,3,2,unsat,0.19297505799977444,,effdadc1e616f15ba914343cff9262aa11d5d4596fa72ed2d71aa0ef0010173d,,0,rq1-exact-623-20260926-5x,0
equal/0009.trace,50e9feb9503c2776b52d,equal,plain,5,2,OPTIMAL,0,3,3,sat,0.39113257999997586,,952768ffd43420b4d6aa6c96a9585c79b1731894b1195ced12c47cac3897bd05,e0eb6ec82871f9e380d3e434610aed1f914faed2bcc1393ab8cb3d9cb04b242f,0,rq1-exact-623-20260926-5x,0
equal/0010.trace,636a77cae076759265e0,equal,plain,5,2,OPTIMAL,0,3,1,unsat,0.3607898049999676,,a43665659f6e0c3c2658a8ae177f248a7cd3dc169ad1344ee72921e71eec800d,,0,rq1-exact-623-20260926-5x,0
equal/0010.trace,636a77cae076759265e0,equal,plain,5,2,OPTIMAL,0,3,2,unsat,2.8228539369997634,,21d8e2866bb4abfae76bc88742055a1e58f697f712a7f394f9199f1d97bbf177,,0,rq1-exact-623-20260926-5x,0
equal/0010.trace,636a77cae076759265e0,equal,plain,5,2,OPTIMAL,0,3,3,sat,5.9298984750003,,8aee9040913f295b7edf95da53c25f6a62b8cdc9f53a1b2a39e7aa6e166be10d,fde27f343dd55dfb1968f1cba85fd89c2f46620b2a3dd38e4c286b3887a820f9,0,rq1-exact-623-20260926-5x,0
equal/0011.trace,b5fd41110e5b258136bf,equal,plain,5,2,OPTIMAL,0,3,1,unsat,0.4742062579998674,,884519a140b3ea91b96d23c25b8c7315b3460af299f3122545e2df5cea819ffd,,0,rq1-exact-623-20260926-5x,0
equal/0011.trace,b5fd41110e5b258136bf,equal,plain,5,2,OPTIMAL,0,3,2,unsat,3.867104610000297,,ea8e13fa2da4056fd2540b0e0009f578d2501c4f366435ef78ef1f6b763e38de,,0,rq1-exact-623-20260926-5x,0
equal/0011.trace,b5fd41110e5b258136bf,equal,plain,5,2,OPTIMAL,0,3,3,sat,8.413849569999911,,9a1d61dcbe2089df06d1f7bd3b6ddab578631156ea31be1d5fd728ac970a5070,fde27f343dd55dfb1968f1cba85fd89c2f46620b2a3dd38e4c286b3887a820f9,0,rq1-exact-623-20260926-5x,0
equal/0012.trace,0e912515376ee375cad0,equal,plain,5,2,OPTIMAL,0,3,1,unsat,1.20940764199986,,0cbc5f0c10b07b1547fe194734cff14db90477779e8affb07c507ad2cbd2d8c7,,0,rq1-exact-623-20260926-5x,0
equal/0012.trace,0e912515376ee375cad0,equal,plain,5,2,OPTIMAL,0,3,2,unsat,10.280217673000152,,a24df5e0e94d901a45cbe2efd61a7fed2f91a63a91b5382c6da405b59d76422b,,0,rq1-exact-623-20260926-5x,0
equal/0012.trace,0e912515376ee375cad0,equal,plain,5,2,OPTIMAL,0,3,3,sat,21.745573654000054,,b7e2426a0955b75cefcee1e34603f2e494a54845d29f6b0277ec0b5f7975aae5,fde27f343dd55dfb1968f1cba85fd89c2f46620b2a3dd38e4c286b3887a820f9,0,rq1-exact-623-20260926-5x,0
equal/0013.trace,30384ce1d28f59f79cf8,equal,plain,5,2,OPTIMAL,0,3,1,unsat,0.13512007100007395,,c7c12735afad8f88443afe750cb2b0cb243cb16e5b84a097b908ef70df39fff6,,0,rq1-exact-623-20260926-5x,0
equal/0013.trace,30384ce1d28f59f79cf8,equal,plain,5,2,OPTIMAL,0,3,2,unsat,0.9481128770003124,,52dd7db3367cc77bc3bc75d1f2babcd609d6f347064f18278d2358a366a44c4d,,0,rq1-exact-623-20260926-5x,0
equal/0013.trace,30384ce1d28f59f79cf8,equal,plain,5,2,OPTIMAL,0,3,3,sat,2.00455247400032,,8a73a89044498a3d9886e1de48c44a3e308764656f0e4b5f92986f573fb5779f,fde27f343dd55dfb1968f1cba85fd89c2f46620b2a3dd38e4c286b3887a820f9,0,rq1-exact-623-20260926-5x,0
equal/0014.trace,abfbead8106728f8138c,equal,plain,5,2,OPTIMAL,0,3,1,unsat,0.028969290000077308,,611625ef8f42ff18d820bc6b641fd73d6c7389b65491e33f0107ae0aef8fa731,,0,rq1-exact-623-20260926-5x,0
equal/0014.trace,abfbead8106728f8138c,equal,plain,5,2,OPTIMAL,0,3,2,unsat,0.10032107799997902,,590fc55ad17b0422ea937d2da3f365942d75a2d132ba0e2d7a8b9215d9c5cee5,,0,rq1-exact-623-20260926-5x,0
equal/0014.trace,abfbead8106728f8138c,equal,plain,5,2,OPTIMAL,0,3,3,sat,0.19810861099995236,,9e85824d282318432289f6f5cd8be8e2ca3061c9a9bd315c4fa03c2d0440d006,fde27f343dd55dfb1968f1cba85fd89c2f46620b2a3dd38e4c286b3887a820f9,0,rq1-exact-623-20260926-5x,0
equal/0015.trace,122086d65fc999b2c78a,equal,plain,18,2,OPTIMAL,0,6,1,unsat,0.3596932620002917,,463cae26f26a09c9ae85e35a0ca0c15d23645b0640fcd18f97f6cba0d6b1ba6c,,0,rq1-exact-623-20260926-5x,0
equal/0015.trace,122086d65fc999b2c78a,equal,plain,18,2,OPTIMAL,0,6,2,unsat,2.1935087190004197,,300c2082a90e55c6e0ffd37c40394624f6d396bfb170ff7a954d80673719b505,,0,rq1-exact-623-20260926-5x,0
equal/0015.trace,122086d65fc999b2c78a,equal,plain,18,2,OPTIMAL,0,6,3,unsat,4.76316312400013,,6463d002e2ba65acd7f58b52ecdd3c6d9cac595804fd7917f2bcfb00bd4b1ab5,,0,rq1-exact-623-20260926-5x,0
equal/0015.trace,122086d65fc999b2c78a,equal,plain,18,2,OPTIMAL,0,6,4,unsat,11.575016974000391,,6a7fbb95cd30aeb110f79f8809dc74570350f49bc919f56e232606ff5fa6f12a,,0,rq1-exact-623-20260926-5x,0
equal/0015.trace,122086d65fc999b2c78a,equal,plain,18,2,OPTIMAL,0,6,5,unsat,36.86328030799996,,6de0fb00bd0ce6aaf3217317e7d1c85d7a91b8924cc07afd2b5fdd22d7af59dd,,0,rq1-exact-623-20260926-5x,0
equal/0015.trace,122086d65fc999b2c78a,equal,plain,18,2,OPTIMAL,0,6,6,sat,30.82768940599999,,b071887f725828a79a3edb10ac118b9d38145495527f18462f678d9df9feed91,48d64ce5a1ef876cf6c76427d9d9efb0c9c8382f10fff3331f25db8faaee42a5,0,rq1-exact-623-20260926-5x,0
equal/0016.trace,db6be6019823b8b1b9a7,equal,plain,18,2,OPTIMAL,0,5,1,unsat,0.05056603499906487,,05fd0c1ef91eba7787a2ffe1fe7e6a3005bd8015fab5e47358cd38ee02e27aca,,0,rq1-exact-623-20260926-5x,0
equal/0016.trace,db6be6019823b8b1b9a7,equal,plain,18,2,OPTIMAL,0,5,2,unsat,0.20959557100104576,,b33f65c6a5145cfdb66d58ad4be848e60ec19dd20d2ab5b3f5067a53cff2ee6d,,0,rq1-exact-623-20260926-5x,0
equal/0016.trace,db6be6019823b8b1b9a7,equal,plain,18,2,OPTIMAL,0,5,3,unsat,0.42523712500042166,,be21df819de3e840a62704576cbeee2cc723c0a763a5c2b81dcef7498c738e7b,,0,rq1-exact-623-20260926-5x,0
equal/0016.trace,db6be6019823b8b1b9a7,equal,plain,18,2,OPTIMAL,0,5,4,unsat,0.7735811769998691,,f7ede69e5fad1e0ea5e5ec5e2981dd2e78646325640c86aba16fbe14437da1c1,,0,rq1-exact-623-20260926-5x,0
equal/0016.trace,db6be6019823b8b1b9a7,equal,plain,18,2,OPTIMAL,0,5,5,sat,1.103747466000641,,0722370eea522883f47143bda40ba0c53bc9f642d9e339608caf76bb34b09c62,e79dabd5a4eddabd7d072e0b9cd8f0005a79a4163a2f3eea91d45579f33ad622,0,rq1-exact-623-20260926-5x,0
equal/0017.trace,12ac4e2d4a1f44bce2fa,equal,plain,18,2,OPTIMAL,0,6,1,unsat,0.5090158910006721,,9029b5bb0fb972afa709b3c99dd79393cb26f860bb4dc4b85cdebca2ab511c4c,,0,rq1-exact-623-20260926-5x,0
equal/0017.trace,12ac4e2d4a1f44bce2fa,equal,plain,18,2,OPTIMAL,0,6,2,unsat,3.1605880549996073,,caabea60025b0eee91dad6827ae051c7617d96eb9bebd9983f9ac4a60adc99ad,,0,rq1-exact-623-20260926-5x,0
equal/0017.trace,12ac4e2d4a1f44bce2fa,equal,plain,18,2,OPTIMAL,0,6,3,unsat,7.208704778999163,,52bba1f2ad13bdd35fecb4d245b9577b835fe130c9bc5078f4f7d8e05f05a029,,0,rq1-exact-623-20260926-5x,0
equal/0017.trace,12ac4e2d4a1f44bce2fa,equal,plain,18,2,OPTIMAL,0,6,4,unsat,15.713469800999519,,48fbad28ff91f1911389fc1ab526db3ab9706519b8adcfd155a1186ecf3f3eae,,0,rq1-exact-623-20260926-5x,0
equal/0017.trace,12ac4e2d4a1f44bce2fa,equal,plain,18,2,OPTIMAL,0,6,5,unsat,48.23073575300077,,674e1c1a9c05ad414e750e40b70d6f585e6db10fff6bd652225025775ed3caff,,0,rq1-exact-623-20260926-5x,0
equal/0017.trace,12ac4e2d4a1f44bce2fa,equal,plain,18,2,OPTIMAL,0,6,6,sat,57.86023195300004,,03b246e7ab3e8dcda7d1aedba0b4ddbad37ee25f47123757251579b9871aa4ee,48d64ce5a1ef876cf6c76427d9d9efb0c9c8382f10fff3331f25db8faaee42a5,0,rq1-exact-623-20260926-5x,0
equal/0018.trace,05a3f055c141c640b553,equal,plain,18,2,OPTIMAL,0,6,1,unsat,0.6652379829993151,,68490d0be80a430ef7f7f0c64b27af08c1b7c53eb311e79239e9e3b8beaa6d2f,,0,rq1-exact-623-20260926-5x,0
equal/0018.trace,05a3f055c141c640b553,equal,plain,18,2,OPTIMAL,0,6,2,unsat,4.261357739000232,,55215cf5b7aa18589372313064ce406479caeb79683aabb2ddce805b5423b05e,,0,rq1-exact-623-20260926-5x,0
equal/0018.trace,05a3f055c141c640b553,equal,plain,18,2,OPTIMAL,0,6,3,unsat,9.501896818001114,,4363424c311e202a37de8b3a98020d2ae9a658b3240db7968b13a5030eadb346,,0,rq1-exact-623-20260926-5x,0
equal/0018.trace,05a3f055c141c640b553,equal,plain,18,2,OPTIMAL,0,6,4,unsat,21.591229571999065,,dc8e58b3a3d0ef6296db41cf622fb7bbce64fe78823d2dd46ab781ee7c393f73,,0,rq1-exact-623-20260926-5x,0
equal/0018.trace,05a3f055c141c640b553,equal,plain,18,2,OPTIMAL,0,6,5,unsat,84.99159627100016,,7aa6f812ac5f9f7b319ae797548b4a1374fc29c9f13cc7a96bc2a8c33e8696b0,,0,rq1-exact-623-20260926-5x,0
equal/0018.trace,05a3f055c141c640b553,equal,plain,18,2,OPTIMAL,0,6,6,sat,75.31294153099952,,4f5b9b46b2922a784af3bf2c7953aff0de575f60ff883f1047b35d028da8c3f9,241ad2fd690fcdf8f785b4ae243581f0d982d52f38ae76a68e002528a0b52af6,0,rq1-exact-623-20260926-5x,0
equal/0019.trace,30c227d02fb7ea2fb04a,equal,plain,18,2,OPTIMAL,0,6,1,unsat,1.7011784110000008,,02558a13d93b1cfc1eed88645f31b4308da74a5ba599ca092e4ea88ece8a8132,,0,rq1-exact-623-20260926-5x,0
equal/0019.trace,30c227d02fb7ea2fb04a,equal,plain,18,2,OPTIMAL,0,6,2,unsat,11.088208511999255,,a328dce92f0c8e3158274cca16eb70728e4d0b10fb9c10e4b3671b3ec868f755,,0,rq1-exact-623-20260926-5x,0
equal/0019.trace,30c227d02fb7ea2fb04a,equal,plain,18,2,OPTIMAL,0,6,3,unsat,43.01209004500015,,940882501783361ac6ca2f04c097030107543c92b9347a312cc5441e15f7a007,,0,rq1-exact-623-20260926-5x,0
equal/0019.trace,30c227d02fb7ea2fb04a,equal,plain,18,2,OPTIMAL,0,6,4,unsat,77.02388015100041,,08873c0982c187db88a687d9ff5d2f1c90eccc314c68bca8427a4eaa6fc9088c,,0,rq1-exact-623-20260926-5x,0
equal/0019.trace,30c227d02fb7ea2fb04a,equal,plain,18,2,OPTIMAL,0,6,5,unsat,230.31196982399888,,b5f157083acdd6c95b4d1f7d385b3ebcfa0b8cc1e9c179abb54157f5003a0cec,,0,rq1-exact-623-20260926-5x,0
equal/0019.trace,30c227d02fb7ea2fb04a,equal,plain,18,2,OPTIMAL,0,6,6,sat,174.99870394999925,,0a7aebbe2de2d46afd097f7a1310889d5b6e0a044028ac36d831ccb610f9091f,48d64ce5a1ef876cf6c76427d9d9efb0c9c8382f10fff3331f25db8faaee42a5,0,rq1-exact-623-20260926-5x,0
equal/0020.trace,da1e1c27dc3eeabe5b81,equal,plain,18,2,OPTIMAL,0,6,1,unsat,0.1789704080001684,,25a36bbdedc838bc63646d87e2354f96573ae59fb8db20a0e0bbeddd6b93e703,,0,rq1-exact-623-20260926-5x,0
equal/0020.trace,da1e1c27dc3eeabe5b81,equal,plain,18,2,OPTIMAL,0,6,2,unsat,1.0202656830006163,,5c05227bda1b103924eb0202db8792ae70d561ef39f546cd81d6ab4d667c6d05,,0,rq1-exact-623-20260926-5x,0
equal/0020.trace,da1e1c27dc3eeabe5b81,equal,plain,18,2,OPTIMAL,0,6,3,unsat,2.254967308999767,,438fcb7c1df992faaf40e76927ce8ac2198312f5b99c1328cc64d3238a5824c0,,0,rq1-exact-623-20260926-5x,0
equal/0020.trace,da1e1c27dc3eeabe5b81,equal,plain,18,2,OPTIMAL,0,6,4,unsat,5.475889121998989,,893c491b52d8ab31a69f68dcd8782cd3afcda2be23339bc77fb56a915bad7ef9,,0,rq1-exact-623-20260926-5x,0
equal/0020.trace,da1e1c27dc3eeabe5b81,equal,plain,18,2,OPTIMAL,0,6,5,unsat,14.009388434000357,,779d91645024472734acf5fa86d842344cb25870efa036c5aa0c7d4c98dab8d0,,0,rq1-exact-623-20260926-5x,0
equal/0020.trace,da1e1c27dc3eeabe5b81,equal,plain,18,2,OPTIMAL,0,6,6,sat,12.781435296001291,,7031b91e45e53fb4421f6c91ec9379c1839a05c942335e71bb1b49ca5490933b,241ad2fd690fcdf8f785b4ae243581f0d982d52f38ae76a68e002528a0b52af6,0,rq1-exact-623-20260926-5x,0
equal/0021.trace,6282a07dbfc51d7fda5c,equal,plain,18,2,OPTIMAL,0,5,1,unsat,0.03533967799921811,,324d196c1c3ceed197808bc194925b2236074f2eab3e2989b1e6e2d402205f93,,0,rq1-exact-623-20260926-5x,0
equal/0021.trace,6282a07dbfc51d7fda5c,equal,plain,18,2,OPTIMAL,0,5,2,unsat,0.10384861000056844,,77a57ad60d73120ea5f769df67ad65ccebd63c077dfd3b9ca9dbeedcb6647cef,,0,rq1-exact-623-20260926-5x,0
equal/0021.trace,6282a07dbfc51d7fda5c,equal,plain,18,2,OPTIMAL,0,5,3,unsat,0.21333590199901664,,875d0476958654a5189f7dd0a278c32249f18f606d2cef1df4120c04837a99ab,,0,rq1-exact-623-20260926-5x,0
equal/0021.trace,6282a07dbfc51d7fda5c,equal,plain,18,2,OPTIMAL,0,5,4,unsat,0.39140408800085424,,523d4bde36c618928dc7e9b4fefed103b81180d6af7a662ea418bf300ee3f85a,,0,rq1-exact-623-20260926-5x,0
equal/0021.trace,6282a07dbfc51d7fda5c,equal,plain,18,2,OPTIMAL,0,5,5,sat,0.549261801999819,,bb923d5d1d948160c58aa201153dc5f8cca4787796ba491daf83cf0d4a2c88ef,a9768e45dc4be82201130788fa3f1d67e967eae58f88d137d64765ee8824e517,0,rq1-exact-623-20260926-5x,0
equal/0022.trace,c4d183c3a6c7d3d5615d,equal,plain,6,2,UNSAT,,,1,unsat,0.33941153199975815,,bb2cf64be08fba7fefbe6f62ec12ae5b3347e986ccebeed14d713b1c3f9518d2,,0,rq1-exact-623-20260926-5x,0
equal/0022.trace,c4d183c3a6c7d3d5615d,equal,plain,6,2,UNSAT,,,2,unsat,2.0987130519997663,,922cc8ab58b6c84766be61c34082bae82fe59683c4783904f17417323c52ac76,,0,rq1-exact-623-20260926-5x,0
equal/0022.trace,c4d183c3a6c7d3d5615d,equal,plain,6,2,UNSAT,,,3,unsat,4.719957029999932,,cee2e17a3da2254e78e52e3ee96b8ea9e091ce2a36641eebd95369a4cf663e91,,0,rq1-exact-623-20260926-5x,0
equal/0022.trace,c4d183c3a6c7d3d5615d,equal,plain,6,2,UNSAT,,,4,unsat,11.075985658999343,,ecaa39a26772637baa4480d8c8cb88f23b0ed6020a76d8168ec56d0159f7356d,,0,rq1-exact-623-20260926-5x,0
equal/0022.trace,c4d183c3a6c7d3d5615d,equal,plain,6,2,UNSAT,,,5,unsat,43.449236685999495,,79204fa6fd2b7ef38803f92f5953304d720d76dbb75d708c3702a5a9df6afd4c,,0,rq1-exact-623-20260926-5x,0
equal/0022.trace,c4d183c3a6c7d3d5615d,equal,plain,6,2,UNSAT,,,6,unsat,231.78757835799934,,14a6c556def633726a88338bac875307b6a90639de2838e9c7a01fbdf06662ee,,0,rq1-exact-623-20260926-5x,0
equal/0023.trace,211af39d25eacebe4cc3,equal,plain,6,2,OPTIMAL,0,5,1,unsat,0.04957782000019506,,6186acf74a41eca70d1c8ef68f87c32ba3eb49fc2b07a7e700dd5aaa1ea7fa02,,0,rq1-exact-623-20260926-5x,0
equal/0023.trace,211af39d25eacebe4cc3,equal,plain,6,2,OPTIMAL,0,5,2,unsat,0.20757447400001183,,8b90f8f57d08c6c97d7db4272f090480abf4648f18c082bc325d4f22e8328d36,,0,rq1-exact-623-20260926-5x,0
equal/0023.trace,211af39d25eacebe4cc3,equal,plain,6,2,OPTIMAL,0,5,3,unsat,0.4292420419997143,,ab1aca21bdab97ea58d73090e6190801d4f366e6f23ca218e95d7d9b8b23dd88,,0,rq1-exact-623-20260926-5x,0
equal/0023.trace,211af39d25eacebe4cc3,equal,plain,6,2,OPTIMAL,0,5,4,unsat,0.7892396199999894,,543cd16603a7325dbc72b19bd9dad45609a8b0f2b636f9ccbd9a9a0d61f741c5,,0,rq1-exact-623-20260926-5x,0
equal/0023.trace,211af39d25eacebe4cc3,equal,plain,6,2,OPTIMAL,0,5,5,sat,1.2036796610000238,,a9bd1d7e6b32764ea28806c742d10c48977f39baaf5a90d2c193860efa6188a5,fc18a7ef419057a12d3bb519e0f7b8769200a1ee440ed4423e4594ec3b8ca0f4,0,rq1-exact-623-20260926-5x,0
equal/0024.trace,31cd1aa4b62e6afb9a73,equal,plain,6,2,UNSAT,,,1,unsat,0.7274988499993924,,c39cc19a836fd4159526199d1a75d00a26cd23d529042aa54d41b933c8202e08,,0,rq1-exact-623-20260926-5x,0
equal/0024.trace,31cd1aa4b62e6afb9a73,equal,plain,6,2,UNSAT,,,2,unsat,4.614734039998439,,1c054b359261962615f763c04e97d461a55b5c58a7786bd2acbd4499ba076eef,,0,rq1-exact-623-20260926-5x,0
equal/0024.trace,31cd1aa4b62e6afb9a73,equal,plain,6,2,UNSAT,,,3,unsat,10.275980198999605,,5ced736a82ba7cf2d3afcc5fe104ef120a4d42d80957795d52f31f798ecb5b48,,0,rq1-exact-623-20260926-5x,0
equal/0024.trace,31cd1aa4b62e6afb9a73,equal,plain,6,2,UNSAT,,,4,unsat,24.390964964997693,,fc7f2a467720138a141f631257709652908541a17cebc5af2e68401060cde3eb,,0,rq1-exact-623-20260926-5x,0
equal/0024.trace,31cd1aa4b62e6afb9a73,equal,plain,6,2,UNSAT,,,5,unsat,92.853459654998,,77bfb0f0dd38c64916546552168e181fdef3648588f78aa4cf6badcc23ee4f5c,,0,rq1-exact-623-20260926-5x,0
equal/0024.trace,31cd1aa4b62e6afb9a73,equal,plain,6,2,UNSAT,,,6,unsat,654.939444773001,,9860092c1022ad69c81cad0554bd67137349159bd80f8cd379eab43abbaa7fe2,,0,rq1-exact-623-20260926-5x,0
equal/0025.trace,42e8757cedd11f4eebc3,equal,plain,6,2,UNSAT,,,1,unsat,1.1270557019997796,,a3ef534725bb18e1e34687e33fdcb6597f96ec2f49979df8e194e829e8efd2e6,,0,rq1-exact-623-20260926-5x,0
equal/0025.trace,42e8757cedd11f4eebc3,equal,plain,6,2,UNSAT,,,2,unsat,6.9691797150007915,,af503b8e3629996108dcd619773f4ca29ccf2c28247fdec2715cff8bf57c44ff,,0,rq1-exact-623-20260926-5x,0
equal/0025.trace,42e8757cedd11f4eebc3,equal,plain,6,2,UNSAT,,,3,unsat,15.17902289599806,,83c017941b925b63a89ff02d2a7aea12bb0767241aa5a4af1ae4f02d466318ee,,0,rq1-exact-623-20260926-5x,0
equal/0025.trace,42e8757cedd11f4eebc3,equal,plain,6,2,UNSAT,,,4,unsat,32.90466791200015,,f9c41959d598426818cdb6a813f5d6923ce4c455c3898ce2da757bd84ecc36d0,,0,rq1-exact-623-20260926-5x,0
equal/0025.trace,42e8757cedd11f4eebc3,equal,plain,6,2,UNSAT,,,5,unsat,105.14273816599962,,842b5706b944e4c130dc358e13cc4ab503f03b0c9e68a9364d65d1bb5fbcacc2,,0,rq1-exact-623-20260926-5x,0
equal/0025.trace,42e8757cedd11f4eebc3,equal,plain,6,2,UNSAT,,,6,unsat,686.8829007000022,,ba9d17ecf05d98f229d99836e39e175089cb78f84c3c337550e02050010c9222,,0,rq1-exact-623-20260926-5x,0
equal/0026.trace,56b5ff6534122a34437f,equal,plain,6,2,TIMEOUT,,,1,unsat,2.363537441000517,,915bf561e90e3c9cb7fac52f940ee34f04dd1f3d2d9cacbd0799c741e6615d85,,0,rq1-exact-623-20260926-5x,0
equal/0026.trace,56b5ff6534122a34437f,equal,plain,6,2,TIMEOUT,,,2,unsat,15.485036988997308,,07226915e72089a0249c47365a576c3b4f9e04d9a0f3e6d238572613eb9e0ba6,,0,rq1-exact-623-20260926-5x,0
equal/0026.trace,56b5ff6534122a34437f,equal,plain,6,2,TIMEOUT,,,3,unsat,37.51921161300197,,e6d3a9011871cf56fb70ce51c1b4dde0dddc7ac10b9febff3597b18b906ca69b,,0,rq1-exact-623-20260926-5x,0
equal/0026.trace,56b5ff6534122a34437f,equal,plain,6,2,TIMEOUT,,,4,unsat,129.74220244800017,,05fd77675d97b14ecf507a4fda4dda124bb44182f222608933554d6c1e579cd7,,0,rq1-exact-623-20260926-5x,0
equal/0026.trace,56b5ff6534122a34437f,equal,plain,6,2,TIMEOUT,,,5,unsat,376.79998638100005,,e351e827a472e1314f4b516c21b8c59b7a6d4634e45f033d78b13c8822d995e4,,0,rq1-exact-623-20260926-5x,0
equal/0026.trace,56b5ff6534122a34437f,equal,plain,6,2,TIMEOUT,,,6,unknown,1587.5294608740005,timeout,a78f7794e87065579d0cab880c5fd56c2ba6479f4dc8e11455d45aa518cc8690,,0,rq1-exact-623-20260926-5x,0
equal/0027.trace,480202dabe604e43340d,equal,plain,6,2,UNSAT,,,1,unsat,0.17886848499983898,,8866ba364b6f6fb402aa8cfdbc862be7c97a3ab3d24697b3206a27ab6ad192d4,,0,rq1-exact-623-20260926-5x,0
equal/0027.trace,480202dabe604e43340d,equal,plain,6,2,UNSAT,,,2,unsat,1.0334847849999278,,9d9d7aacdca93c4a5886ecc922b07cf2ca551a53302f6e4b4fb37919214904fd,,0,rq1-exact-623-20260926-5x,0
equal/0027.trace,480202dabe604e43340d,equal,plain,6,2,UNSAT,,,3,unsat,2.261971877999713,,2313b2213120c8768efe0020bb586c7eb55bacf1dda1bc882b22e1a6fe3847cb,,0,rq1-exact-623-20260926-5x,0
equal/0027.trace,480202dabe604e43340d,equal,plain,6,2,UNSAT,,,4,unsat,4.733557388000008,,f867961a783972c6d2361c6030ac508c29f285b34013789e282e656078493376,,0,rq1-exact-623-20260926-5x,0
equal/0027.trace,480202dabe604e43340d,equal,plain,6,2,UNSAT,,,5,unsat,13.66452769099942,,3c4b6b4cff109040a8dff0d168f7757eb09d16fe6071a573aa8f5ec9f469ebd3,,0,rq1-exact-623-20260926-5x,0
equal/0027.trace,480202dabe604e43340d,equal,plain,6,2,UNSAT,,,6,unsat,95.3064406959993,,519f621aea4dea700801eedccd9a7e03c030661744528c822ea22a7ae845c27d,,0,rq1-exact-623-20260926-5x,0
equal/0028.trace,8493bbb1776742b31cb5,equal,plain,6,2,OPTIMAL,0,3,1,unsat,0.035700352999811,,28d15f3c5d5695668ddb1e8ecb50626d3a10731049d2d0882a4a524f2edd2866,,0,rq1-exact-623-20260926-5x,0
equal/0028.trace,8493bbb1776742b31cb5,equal,plain,6,2,OPTIMAL,0,3,2,unsat,0.10846715399929963,,e0cb52b5c2b1081948b1072b0fdf83b15c168b92be2c09ae29122f84482d892e,,0,rq1-exact-623-20260926-5x,0
equal/0028.trace,8493bbb1776742b31cb5,equal,plain,6,2,OPTIMAL,0,3,3,sat,0.22164728900042974,,c07cdf30b1fc9a086ee0073bc5c263da630f7c93f18d438b066fc204361d882b,ed5bcd0684bc993637b9e41e1432179502c8e319765b83df134f132b6250e82c,0,rq1-exact-623-20260926-5x,0
equal/0029.trace,f3b0418662513d949d6b,equal,plain,3,2,OPTIMAL,0,2,1,unsat,0.2490416709999863,,746b13d851a3a09a46be8dea4791e1bf7f63951e38fb4b026796ec9a946fd94c,,0,rq1-exact-623-20260926-5x,0
equal/0029.trace,f3b0418662513d949d6b,equal,plain,3,2,OPTIMAL,0,2,2,sat,1.9082615349998377,,3148305e862feb3d0d2821f94ff2131236f06461305e596cf5315e7b184dc3d7,a62907710eed84b61d7d22988cf9ac12b1a0fdb9643f9dd9efae878fcbdca8fb,0,rq1-exact-623-20260926-5x,0
equal/0030.trace,aec1283d04931703bc27,equal,plain,3,2,OPTIMAL,0,2,1,unsat,0.04036042500001713,,4d93085ca1a587ff753851608e3f6b286249a0bc3977afd96f4327e9b34d4a78,,0,rq1-exact-623-20260926-5x,0
equal/0030.trace,aec1283d04931703bc27,equal,plain,3,2,OPTIMAL,0,2,2,sat,0.19390504200009673,,544b681aa6ae06b64f550753f7fba18cd92359c45be26774ead7bc4cb58b4bb5,a62907710eed84b61d7d22988cf9ac12b1a0fdb9643f9dd9efae878fcbdca8fb,0,rq1-exact-623-20260926-5x,0
equal/0031.trace,5f4a08ff655599d1bab1,equal,plain,3,2,OPTIMAL,0,2,1,unsat,0.3594434199999341,,8e61a4d1fe23adf72e1cffcf9be8724f6aca07ae54a67542a268a682eed1050f,,0,rq1-exact-623-20260926-5x,0
equal/0031.trace,5f4a08ff655599d1bab1,equal,plain,3,2,OPTIMAL,0,2,2,sat,2.8609678789998725,,6c1ef22c061d4a9ef982621ed51d363a6432a256e1c8191c607573a7494782b3,a62907710eed84b61d7d22988cf9ac12b1a0fdb9643f9dd9efae878fcbdca8fb,0,rq1-exact-623-20260926-5x,0
equal/0032.trace,391a98a73bcabb6fa637,equal,plain,3,2,OPTIMAL,0,2,1,unsat,0.4839901559998907,,3c27aa705f907f0c4f495b47a9f5a3875df3144e69d95bc7e33cc81bd7fedd18,,0,rq1-exact-623-20260926-5x,0
equal/0032.trace,391a98a73bcabb6fa637,equal,plain,3,2,OPTIMAL,0,2,2,sat,3.8014997599998424,,92f0670376b8bdc2af0a0097ac500e891787b0480ad1b2917a36aaf0e81b8738,a62907710eed84b61d7d22988cf9ac12b1a0fdb9643f9dd9efae878fcbdca8fb,0,rq1-exact-623-20260926-5x,0
equal/0033.trace,5f8123db29b13c940d0b,equal,plain,3,2,OPTIMAL,0,2,1,unsat,1.197240734999923,,6c372b7e1b4c7e91075c93cc188f556a6b6edb59dcfd1552682d9688b6262457,,0,rq1-exact-623-20260926-5x,0
equal/0033.trace,5f8123db29b13c940d0b,equal,plain,3,2,OPTIMAL,0,2,2,sat,9.925041435000367,,a19a96385106bb702116c17d9ba3d34f53b63fdf7c29bb671c1173d449472206,a62907710eed84b61d7d22988cf9ac12b1a0fdb9643f9dd9efae878fcbdca8fb,0,rq1-exact-623-20260926-5x,0
equal/0034.trace,5a3f10028f1866e865e8,equal,plain,3,2,OPTIMAL,0,2,1,unsat,0.13865348999979688,,184f1c613d4a70c0456b41ef170ee0b9e33b070528cbd7842b3f00a5737d8a0b,,0,rq1-exact-623-20260926-5x,0
equal/0034.trace,5a3f10028f1866e865e8,equal,plain,3,2,OPTIMAL,0,2,2,sat,0.9343494290001217,,128b59cfe2a6ff9fd26713be2351ab4764192266f0ace77522f0e0cb9f0da8a0,a62907710eed84b61d7d22988cf9ac12b1a0fdb9643f9dd9efae878fcbdca8fb,0,rq1-exact-623-20260926-5x,0
equal/0035.trace,35d5b1bb91c2e0260ecc,equal,plain,3,2,OPTIMAL,0,2,1,unsat,0.028728923999551625,,0080dfe848c2851415e6a4f8d9c38d58c94c94c2b45601e1c5c7bfa6376404ee,,0,rq1-exact-623-20260926-5x,0
equal/0035.trace,35d5b1bb91c2e0260ecc,equal,plain,3,2,OPTIMAL,0,2,2,sat,0.10000046000004659,,78f961d3014e59e7c15fdd5604b664497c7f0c5b13b580be4b22b09aebcc2688,a62907710eed84b61d7d22988cf9ac12b1a0fdb9643f9dd9efae878fcbdca8fb,0,rq1-exact-623-20260926-5x,0
equal/0036.trace,44dc35c36c11c6abf3ba,equal,plain,10,2,OPTIMAL,0,5,1,unsat,0.3497353689999727,,e81182bb659252c5e94282f9f1fc88dd4ee63c4cf0489efea55a22cf6381d95a,,0,rq1-exact-623-20260926-5x,0
equal/0036.trace,44dc35c36c11c6abf3ba,equal,plain,10,2,OPTIMAL,0,5,2,unsat,2.140962794999723,,64259983385fd54a465c7f4e0354466b487ff7c42d7ff9abcad9745a30717f0d,,0,rq1-exact-623-20260926-5x,0
equal/0036.trace,44dc35c36c11c6abf3ba,equal,plain,10,2,OPTIMAL,0,5,3,unsat,4.727215696000712,,a62851954a3702ee5f9eb1ff9487469ffe6882750bd1026dcca23b9eb764e759,,0,rq1-exact-623-20260926-5x,0
equal/0036.trace,44dc35c36c11c6abf3ba,equal,plain,10,2,OPTIMAL,0,5,4,unsat,10.48188424699947,,3c1db565ef4462147e8772b406b4a9e410c269edaaa96c5745a5f9b2d9c713c6,,0,rq1-exact-623-20260926-5x,0
equal/0036.trace,44dc35c36c11c6abf3ba,equal,plain,10,2,OPTIMAL,0,5,5,sat,18.61815225800092,,5169d344f0e9e78f5922ad067035a93a60e33f6386c27fb06b095d79b3ea5a9b,cbc2ff0ffe3ae167d13787a5daaffca6627d41453877750f3e281ebd98233b48,0,rq1-exact-623-20260926-5x,0
equal/0037.trace,ceff3dc012a971096af6,equal,plain,10,2,OPTIMAL,0,5,1,unsat,0.04973036400042474,,6dc62af68a851f7236a8e149a49307256e93cb2f033f67794476c4d718628e35,,0,rq1-exact-623-20260926-5x,0
equal/0037.trace,ceff3dc012a971096af6,equal,plain,10,2,OPTIMAL,0,5,2,unsat,0.20495687299990095,,6786e1da92740ce5d192b3fd6c013027973a46f4d068cd53026fd95f4ed7d661,,0,rq1-exact-623-20260926-5x,0
equal/0037.trace,ceff3dc012a971096af6,equal,plain,10,2,OPTIMAL,0,5,3,unsat,0.4285313420004968,,a37ab1dc2045bce6d626a2c31d1491689f8d842cbbda96e5d14977b5830d7204,,0,rq1-exact-623-20260926-5x,0
equal/0037.trace,ceff3dc012a971096af6,equal,plain,10,2,OPTIMAL,0,5,4,unsat,0.7846543710002152,,bfff93b3d8c30be7a74376b2d5b228ef552893681e2241849ce4526d62fd5e27,,0,rq1-exact-623-20260926-5x,0
equal/0037.trace,ceff3dc012a971096af6,equal,plain,10,2,OPTIMAL,0,5,5,sat,1.299527699000464,,1f0a778392505438f6acdb2a1f2c00b2dc784e93ab005d4e5ead52d788583c1e,cbc2ff0ffe3ae167d13787a5daaffca6627d41453877750f3e281ebd98233b48,0,rq1-exact-623-20260926-5x,0
equal/0038.trace,fa2af2beac67a8d6d3e9,equal,plain,10,2,OPTIMAL,0,5,1,unsat,0.49865606799903617,,b2e9661190d5f91cafda7bc6d23c83c2ff56a4216ed1d4cd03a06c69fc59335e,,0,rq1-exact-623-20260926-5x,0
equal/0038.trace,fa2af2beac67a8d6d3e9,equal,plain,10,2,OPTIMAL,0,5,2,unsat,3.1342261499994493,,e45b617b7f9d9371e86f42a13534ec6d41745b25013079ce5313299db4ca852a,,0,rq1-exact-623-20260926-5x,0
equal/0038.trace,fa2af2beac67a8d6d3e9,equal,plain,10,2,OPTIMAL,0,5,3,unsat,6.887960820000444,,9d492ff7f8cafafb454076a084d654552824c99d4a9c97ec57a31c7d0e44c67b,,0,rq1-exact-623-20260926-5x,0
equal/0038.trace,fa2af2beac67a8d6d3e9,equal,plain,10,2,OPTIMAL,0,5,4,unsat,16.852692198001023,,5220b4694541667f13e084ccf65a7c716b1daf09d4f66e91aa8d29e622f96180,,0,rq1-exact-623-20260926-5x,0
equal/0038.trace,fa2af2beac67a8d6d3e9,equal,plain,10,2,OPTIMAL,0,5,5,sat,21.303383860000395,,e925d7679d8bf90a6d52841ee6a1602b0a9c27621165bee25038a13e2f978f83,e074ac6acb728800922658aa08c14722436ce8a44a835494628a497c06fec6e3,0,rq1-exact-623-20260926-5x,0
equal/0039.trace,add597a6cf2a84637bd7,equal,plain,10,2,OPTIMAL,0,5,1,unsat,0.7114583429993218,,25e1c47660dba4e8d119823b4dbfbddb6f5ce79895ee1af5d141fd1a2a814949,,0,rq1-exact-623-20260926-5x,0
equal/0039.trace,add597a6cf2a84637bd7,equal,plain,10,2,OPTIMAL,0,5,2,unsat,4.498066971998924,,0eb46923025eda7c4629aa3794df10280fa496a71a7de6eafd4b635028699ca4,,0,rq1-exact-623-20260926-5x,0
equal/0039.trace,add597a6cf2a84637bd7,equal,plain,10,2,OPTIMAL,0,5,3,unsat,9.820369156999732,,65431f6181d14ee0ff61600ffff87b61b0dd37a5258773274223e15ce789a556,,0,rq1-exact-623-20260926-5x,0
equal/0039.trace,add597a6cf2a84637bd7,equal,plain,10,2,OPTIMAL,0,5,4,unsat,23.336840833999304,,88165ce6eab7e239d470f25cccc83c53dfbb7aabb06f440f5fddd162f92f54d9,,0,rq1-exact-623-20260926-5x,0
equal/0039.trace,add597a6cf2a84637bd7,equal,plain,10,2,OPTIMAL,0,5,5,sat,32.00492079099968,,2311fb2c76b2adf79c36b6b343343b88e1318cb3df6d620175a3ad768faf079b,cbc2ff0ffe3ae167d13787a5daaffca6627d41453877750f3e281ebd98233b48,0,rq1-exact-623-20260926-5x,0
equal/0040.trace,4731f0fe07c5b760039a,equal,plain,10,2,OPTIMAL,0,5,1,unsat,1.65114392400028,,6a284ae4fb86cc88e17cf1bdd68db2cedf106fce4a10a53f14cb714f155f8d4f,,0,rq1-exact-623-20260926-5x,0
equal/0040.trace,4731f0fe07c5b760039a,equal,plain,10,2,OPTIMAL,0,5,2,unsat,10.891439041999547,,dd653518551db9f9ae5184641cccb1019297e961a7d6a3bc07dea5719bc6dcfa,,0,rq1-exact-623-20260926-5x,0
equal/0040.trace,4731f0fe07c5b760039a,equal,plain,10,2,OPTIMAL,0,5,3,unsat,23.561106863000532,,6e514bb4aa682f2c3370190ad13d20dfb241ec7659af6ea8bc698419c4265f63,,0,rq1-exact-623-20260926-5x,0
equal/0040.trace,4731f0fe07c5b760039a,equal,plain,10,2,OPTIMAL,0,5,4,unsat,60.82907369700115,,4570d2487c26cb2c7612ff7cf16bdd4c4d4c0a58ae30ed35b699547506c416c0,,0,rq1-exact-623-20260926-5x,0
equal/0040.trace,4731f0fe07c5b760039a,equal,plain,10,2,OPTIMAL,0,5,5,sat,80.59133425499931,,33994c372402139fa0bd36b0102a5d7465c0494d138f31b3f15b6a443f6cdda8,c3293aaeccddc458589e8ce16ad2e76ce80c1767a247afbbefbcb03c290cdb9a,0,rq1-exact-623-20260926-5x,0
equal/0041.trace,283e8d07dc600069b338,equal,plain,10,2,OPTIMAL,0,5,1,unsat,0.1825500490003833,,93779397323f3586adb9b4d085f47fd613881e731218d41636c2460e69d4557f,,0,rq1-exact-623-20260926-5x,0
equal/0041.trace,283e8d07dc600069b338,equal,plain,10,2,OPTIMAL,0,5,2,unsat,1.027922844999921,,85df41c4f29eda9f63179ec4b962ba832655f8b66152ed59332637a718da8b80,,0,rq1-exact-623-20260926-5x,0
equal/0041.trace,283e8d07dc600069b338,equal,plain,10,2,OPTIMAL,0,5,3,unsat,2.2580965309998646,,58cddbaf615d363d8c257b47803591bed5ee9fe79e74e52edea8c8af9c428dd4,,0,rq1-exact-623-20260926-5x,0
equal/0041.trace,283e8d07dc600069b338,equal,plain,10,2,OPTIMAL,0,5,4,unsat,4.351589784999305,,54853c93f78271ec6eee2746c176ba033fe672f94a00f9068681496b8bbc9167,,0,rq1-exact-623-20260926-5x,0
equal/0041.trace,283e8d07dc600069b338,equal,plain,10,2,OPTIMAL,0,5,5,sat,9.033162452999932,,35609005379015d5ca66c3b032057679ab3d7037f2861082208e16cfc5e2981c,cbc2ff0ffe3ae167d13787a5daaffca6627d41453877750f3e281ebd98233b48,0,rq1-exact-623-20260926-5x,0
equal/0042.trace,3fad60be09aaa2f7a135,equal,plain,10,2,OPTIMAL,0,4,1,unsat,0.03619748599976447,,a0c385b582973071f49b9dbc7cb30993b952e90b5b1dce5b126cf23887914a21,,0,rq1-exact-623-20260926-5x,0
equal/0042.trace,3fad60be09aaa2f7a135,equal,plain,10,2,OPTIMAL,0,4,2,unsat,0.11700803499934409,,7eaa8eafb3e1278f1dec5963e7c135a610aa17f499184fee88e3571322df1273,,0,rq1-exact-623-20260926-5x,0
equal/0042.trace,3fad60be09aaa2f7a135,equal,plain,10,2,OPTIMAL,0,4,3,unsat,0.22693217000050936,,02249438df46679c7731e07f35c0d08942d226dde3df30bd6f1b04d3bbe7a4bb,,0,rq1-exact-623-20260926-5x,0
equal/0042.trace,3fad60be09aaa2f7a135,equal,plain,10,2,OPTIMAL,0,4,4,sat,0.3759101969999392,,b73c691f30a159c64066aba9e176374c0dc42f91b2ffb60159b6a8ecd3924bd3,54047092a7142775d6b2220846b758cc28940140ff0a147f4e5a3ee7323652ef,0,rq1-exact-623-20260926-5x,0
increasingNumVariables/0000.trace,5896dadc8077cba9a0d2,increasingNumVariables,plain,10,2,OPTIMAL,0,5,1,unsat,0.06927041600101802,,43292bff16f6d0ab4d5e88fe5f604f80fb64d0d8cd7c561e4680136aa3fc5585,,0,rq1-exact-623-20260926-5x,0
increasingNumVariables/0000.trace,5896dadc8077cba9a0d2,increasingNumVariables,plain,10,2,OPTIMAL,0,5,2,unsat,0.31227216700062854,,24bb939fc79a465b826b8e1e0f53cba25e827670fb089b65854bcd2e2f45cea3,,0,rq1-exact-623-20260926-5x,0
increasingNumVariables/0000.trace,5896dadc8077cba9a0d2,increasingNumVariables,plain,10,2,OPTIMAL,0,5,3,unsat,0.6643977080002514,,89f25313461a6d412e1859ad24aa6012b10b4fbb4c6730fb66bcc608e05e9ca3,,0,rq1-exact-623-20260926-5x,0
increasingNumVariables/0000.trace,5896dadc8077cba9a0d2,increasingNumVariables,plain,10,2,OPTIMAL,0,5,4,unsat,1.2281622350001271,,3cfa251a4fc055bf0983351bed4779841f4f9284f55253a219e4531f92bccbf6,,0,rq1-exact-623-20260926-5x,0
increasingNumVariables/0000.trace,5896dadc8077cba9a0d2,increasingNumVariables,plain,10,2,OPTIMAL,0,5,5,sat,2.949388019000253,,8e971b975b4fbc4770d2970e41d2333ddcc8a12afa24f043dcbdd142dd5837e9,e074ac6acb728800922658aa08c14722436ce8a44a835494628a497c06fec6e3,0,rq1-exact-623-20260926-5x,0
increasingNumVariables/0001.trace,6aba1b3216f7e5ef39f5,increasingNumVariables,plain,10,2,OPTIMAL,0,5,1,unsat,0.08177551999870047,,ca38f64881c1bfb7d4c4fc5ee694670fa6e33b01c857f9a897be054da290b1f1,,0,rq1-exact-623-20260926-5x,0
increasingNumVariables/0001.trace,6aba1b3216f7e5ef39f5,increasingNumVariables,plain,10,2,OPTIMAL,0,5,2,unsat,0.40251267200073926,,8fcbfa5e0f0d26005b5e600c1045019eab4198f8388a4fd3b3cc19e57f8f6dfc,,0,rq1-exact-623-20260926-5x,0
increasingNumVariables/0001.trace,6aba1b3216f7e5ef39f5,increasingNumVariables,plain,10,2,OPTIMAL,0,5,3,unsat,0.8396740819989645,,1f018e144d7537f6484f6934e6c854dc7a1eb4b494cce350a4f100a8a95f893e,,0,rq1-exact-623-20260926-5x,0
increasingNumVariables/0001.trace,6aba1b3216f7e5ef39f5,increasingNumVariables,plain,10,2,OPTIMAL,0,5,4,unsat,1.5523722060006548,,dee0e574c9a85f378799b7e02ef981b6b511a97fd80a2dafee7400d8e9fc1942,,0,rq1-exact-623-20260926-5x,0
increasingNumVariables/0001.trace,6aba1b3216f7e5ef39f5,increasingNumVariables,plain,10,2,OPTIMAL,0,5,5,sat,2.4261981319996266,,b6d2837258a9696e7dc2b7b0605c6136e0fd8c9434976f22f1710429de793b92,c3293aaeccddc458589e8ce16ad2e76ce80c1767a247afbbefbcb03c290cdb9a,0,rq1-exact-623-20260926-5x,0
increasingNumVariables/0002.trace,ef8c17c5c57b86efe329,increasingNumVariables,plain,10,2,OPTIMAL,0,5,1,unsat,0.09867980099988927,,e38b0c76e43ac5508e6b7efe0ee779d9a00e8d91c3bec893289aedd509b3f39e,,0,rq1-exact-623-20260926-5x,0
increasingNumVariables/0002.trace,ef8c17c5c57b86efe329,increasingNumVariables,plain,10,2,OPTIMAL,0,5,2,unsat,0.503344164999362,,a41d9874d843d59b00f4a2b35382f01005916e6656993102b6f1329c8fbfb9e4,,0,rq1-exact-623-20260926-5x,0
increasingNumVariables/0002.trace,ef8c17c5c57b86efe329,increasingNumVariables,plain,10,2,OPTIMAL,0,5,3,unsat,1.0597800760006066,,6fb2538bed212e08b26f3727275e256ae8c33bc3604e8f1e24c5f9313bbc066b,,0,rq1-exact-623-20260926-5x,0
increasingNumVariables/0002.trace,ef8c17c5c57b86efe329,increasingNumVariables,plain,10,2,OPTIMAL,0,5,4,unsat,1.963425631998689,,de21f0c1a02a5f5802fa071aa0b1588d99d79039e7e56f718daa5206260ce257,,0,rq1-exact-623-20260926-5x,0
increasingNumVariables/0002.trace,ef8c17c5c57b86efe329,increasingNumVariables,plain,10,2,OPTIMAL,0,5,5,sat,2.77859997700034,,b58673f421a934dde53bd6975c33942bd7e4d066fc2dc3a12530a9e5c2a5ec8f,c3293aaeccddc458589e8ce16ad2e76ce80c1767a247afbbefbcb03c290cdb9a,0,rq1-exact-623-20260926-5x,0
increasingNumVariables/0003.trace,636a80a58c2e6c31188b,increasingNumVariables,plain,10,2,OPTIMAL,0,5,1,unsat,0.11535742799969739,,23a86605ab340f3da0634db7c87f277642f69b807dd22945b43beac1b18e85e6,,0,rq1-exact-623-20260926-5x,0
increasingNumVariables/0003.trace,636a80a58c2e6c31188b,increasingNumVariables,plain,10,2,OPTIMAL,0,5,2,unsat,0.6134707330002129,,c70ef47e32ca2f45913ac153a7b5b0915e62a37d51de1b7f18ed5cf247ff672b,,0,rq1-exact-623-20260926-5x,0
increasingNumVariables/0003.trace,636a80a58c2e6c31188b,increasingNumVariables,plain,10,2,OPTIMAL,0,5,3,unsat,1.3091705090009782,,bab548141a3422c5bcb8338cc61a30e7b6cea204bedf21b5dcbe068fc9a14c10,,0,rq1-exact-623-20260926-5x,0
increasingNumVariables/0003.trace,636a80a58c2e6c31188b,increasingNumVariables,plain,10,2,OPTIMAL,0,5,4,unsat,2.53342381100083,,d923367a06fde48c0d6cbc73dcda01511273d4ffd27a05895dd20f7bafef3fbf,,0,rq1-exact-623-20260926-5x,0
increasingNumVariables/0003.trace,636a80a58c2e6c31188b,increasingNumVariables,plain,10,2,OPTIMAL,0,5,5,sat,5.801928987999418,,c296ebf85098547604528d0033349edc0c44a62422ba396462f4015aedea31d4,c3293aaeccddc458589e8ce16ad2e76ce80c1767a247afbbefbcb03c290cdb9a,0,rq1-exact-623-20260926-5x,0
increasingNumVariables/0004.trace,bcffad2de85368372813,increasingNumVariables,plain,10,2,OPTIMAL,0,5,1,unsat,0.13003117599873804,,53b97de4b7ffedd7c362be55c440bd2f324470d5627923e156132e44937bd743,,0,rq1-exact-623-20260926-5x,0
increasingNumVariables/0004.trace,bcffad2de85368372813,increasingNumVariables,plain,10,2,OPTIMAL,0,5,2,unsat,0.7107594439985405,,9b342f21290a694abffdde9668c328f71023b2ba654fe6764011674ced2dfd93,,0,rq1-exact-623-20260926-5x,0
increasingNumVariables/0004.trace,bcffad2de85368372813,increasingNumVariables,plain,10,2,OPTIMAL,0,5,3,unsat,1.533007104000717,,f1cbbdc226e92979d20d336734fb8a4a702aa0b75c83f28a291dd623f839ec5a,,0,rq1-exact-623-20260926-5x,0
increasingNumVariables/0004.trace,bcffad2de85368372813,increasingNumVariables,plain,10,2,OPTIMAL,0,5,4,unsat,2.959524975000022,,818c59f1fb389a490a27ddc1101a788a0e88679d1be6b2982ce237d73ec386dd,,0,rq1-exact-623-20260926-5x,0
increasingNumVariables/0004.trace,bcffad2de85368372813,increasingNumVariables,plain,10,2,OPTIMAL,0,5,5,sat,4.213471245999244,,b80a87d69cf38090ca88e7d67a012e7028579d5251050b36a30b778ced35ed6d,c3293aaeccddc458589e8ce16ad2e76ce80c1767a247afbbefbcb03c290cdb9a,0,rq1-exact-623-20260926-5x,0
increasingNumVariables/0005.trace,d6a98febd624daeb5edc,increasingNumVariables,plain,10,2,OPTIMAL,0,5,1,unsat,0.1484936610004297,,165c4ba576c2edafdeabb2ffdebbbeba7080ae13594cef3dfc9ada56cdd5ee95,,0,rq1-exact-623-20260926-5x,0
increasingNumVariables/0005.trace,d6a98febd624daeb5edc,increasingNumVariables,plain,10,2,OPTIMAL,0,5,2,unsat,0.8266775609999968,,06789ba8c5b0314bd3ce8e082accf77d97d941ae5c6f41bfd9eed5dc7e2f8771,,0,rq1-exact-623-20260926-5x,0
increasingNumVariables/0005.trace,d6a98febd624daeb5edc,increasingNumVariables,plain,10,2,OPTIMAL,0,5,3,unsat,1.7664344869999695,,1ed191262c2cc2c01cdd8e8ea9482f09ee02f4632b1c6ecd656b7aae2d309a63,,0,rq1-exact-623-20260926-5x,0
increasingNumVariables/0005.trace,d6a98febd624daeb5edc,increasingNumVariables,plain,10,2,OPTIMAL,0,5,4,unsat,3.612855161999505,,97ec2c0aa16785b3b985bdce3367f7904686b625e919d5de0a211bf535bdefe9,,0,rq1-exact-623-20260926-5x,0
increasingNumVariables/0005.trace,d6a98febd624daeb5edc,increasingNumVariables,plain,10,2,OPTIMAL,0,5,5,sat,6.340947268000491,,6aea67b403df9631a89be7b18ece49693fdb7dc4e79a9c1e0315f5f173ea072b,e074ac6acb728800922658aa08c14722436ce8a44a835494628a497c06fec6e3,0,rq1-exact-623-20260926-5x,0
increasingNumVariables/0006.trace,52d19a4df2d823bdd995,increasingNumVariables,plain,10,2,OPTIMAL,0,5,1,unsat,0.1607473949998166,,8abcd3bcd0bf5b9b9183baba689653e775a9e03b539286ca4f2e0e7310d411a5,,0,rq1-exact-623-20260926-5x,0
increasingNumVariables/0006.trace,52d19a4df2d823bdd995,increasingNumVariables,plain,10,2,OPTIMAL,0,5,2,unsat,0.9092876899994735,,e2361d4d75c0965b915bd6494903a2a0e0be098e92c406019a237d5a1d2518bf,,0,rq1-exact-623-20260926-5x,0
increasingNumVariables/0006.trace,52d19a4df2d823bdd995,increasingNumVariables,plain,10,2,OPTIMAL,0,5,3,unsat,1.9909806510004273,,4f9e1fc880d4373d72f00cd5104634f334947d480d59c5e15464b7bd48ea63f7,,0,rq1-exact-623-20260926-5x,0
increasingNumVariables/0006.trace,52d19a4df2d823bdd995,increasingNumVariables,plain,10,2,OPTIMAL,0,5,4,unsat,4.375071031000516,,b08a59e7264610521fd35af06273e7d7d8dc0da287b7b42d05379002ba1f02da,,0,rq1-exact-623-20260926-5x,0
increasingNumVariables/0006.trace,52d19a4df2d823bdd995,increasingNumVariables,plain,10,2,OPTIMAL,0,5,5,sat,6.8500290460006,,acfd42755696f6e98a4df63e9e5d854363e9b5f73a3e5c37921cfc6b5d864865,e074ac6acb728800922658aa08c14722436ce8a44a835494628a497c06fec6e3,0,rq1-exact-623-20260926-5x,0
increasingNumVariables/0007.trace,b0fc01672c508978db12,increasingNumVariables,plain,10,2,OPTIMAL,0,5,1,unsat,0.17861313200046425,,d86d9b96ae48f2edfff91658243df4023c28c744169606be83e53db9f0819a88,,0,rq1-exact-623-20260926-5x,0
increasingNumVariables/0007.trace,b0fc01672c508978db12,increasingNumVariables,plain,10,2,OPTIMAL,0,5,2,unsat,1.0215324900000269,,5e0555b45e1854d4a9ff237269c58c3706415ebaaa4890a4f0919f3347004916,,0,rq1-exact-623-20260926-5x,0
increasingNumVariables/0007.trace,b0fc01672c508978db12,increasingNumVariables,plain,10,2,OPTIMAL,0,5,3,unsat,2.283361994999723,,e97688a553275cc00da357595c12b73e594058b76e15791eacc429df4224898a,,0,rq1-exact-623-20260926-5x,0
increasingNumVariables/0007.trace,b0fc01672c508978db12,increasingNumVariables,plain,10,2,OPTIMAL,0,5,4,unsat,4.71677055300097,,333336b17d8f433378dae0fd8a0610d3bcaa654983d91aa6ed373a0a5571ad3c,,0,rq1-exact-623-20260926-5x,0
increasingNumVariables/0007.trace,b0fc01672c508978db12,increasingNumVariables,plain,10,2,OPTIMAL,0,5,5,sat,6.476855533001071,,4c677a57ebdc408b1f38361c5d6f82222f63a524af758cea799cd7723f336219,cbc2ff0ffe3ae167d13787a5daaffca6627d41453877750f3e281ebd98233b48,0,rq1-exact-623-20260926-5x,0
increasingNumVariables/0008.trace,0082993d989909e8588d,increasingNumVariables,plain,11,2,OPTIMAL,0,7,1,unsat,0.07986203899963584,,3c0b1b6bb262d3e12fd1ae6a14ba53def7caae83c2d8f08824ef67ca7fe0c5ed,,0,rq1-exact-623-20260926-5x,0
increasingNumVariables/0008.trace,0082993d989909e8588d,increasingNumVariables,plain,11,2,OPTIMAL,0,7,2,unsat,0.3362649410009908,,baf030d7883e6893d651c875fb76efee80478750a3a1fc2d3e347cd88272fd94,,0,rq1-exact-623-20260926-5x,0
increasingNumVariables/0008.trace,0082993d989909e8588d,increasingNumVariables,plain,11,2,OPTIMAL,0,7,3,unsat,0.69011148699974,,afb6b96f7066aa01af5e6a039adb067e9100b7b483f2fea8c04be62b2006a5b5,,0,rq1-exact-623-20260926-5x,0
increasingNumVariables/0008.trace,0082993d989909e8588d,increasingNumVariables,plain,11,2,OPTIMAL,0,7,4,unsat,1.3227157290002651,,3a27026ca245d2cc03ac07f508622419d96741d97f74e4cb51a4443270c5bacb,,0,rq1-exact-623-20260926-5x,0
increasingNumVariables/0008.trace,0082993d989909e8588d,increasingNumVariables,plain,11,2,OPTIMAL,0,7,5,unsat,4.496836534999602,,cb1aa7ffbe152c5ef730f33f343c98e855ba471bd7b714f0f2882f6802c6a5db,,0,rq1-exact-623-20260926-5x,0
increasingNumVariables/0008.trace,0082993d989909e8588d,increasingNumVariables,plain,11,2,OPTIMAL,0,7,6,unsat,32.56186730900117,,6ae788cc76aafb64bf0cc9c0b3dd85583bc54c8b05647af022c2aa2bb79f7f0b,,0,rq1-exact-623-20260926-5x,0
increasingNumVariables/0008.trace,0082993d989909e8588d,increasingNumVariables,plain,11,2,OPTIMAL,0,7,7,sat,8.030742770999495,,c543e1e73967da087c73a93a19c9d5512311c0f1499d46914ce8cb9c4626f2fe,764dbb3bb9eaa6475bb7f68ec84a93adb84adde54655f629aaf8b18cf982a3f9,0,rq1-exact-623-20260926-5x,0
increasingNumVariables/0009.trace,e92caf9318c85add2f42,increasingNumVariables,plain,11,2,OPTIMAL,0,7,1,unsat,0.09935668800062558,,3fbc6219da3ff9a2df5e0a56bee0099c7b28a9736619e021885ed02bbb790649,,0,rq1-exact-623-20260926-5x,0
increasingNumVariables/0009.trace,e92caf9318c85add2f42,increasingNumVariables,plain,11,2,OPTIMAL,0,7,2,unsat,0.44341556299877993,,a1d5b009e052ce62f4d28a05caa9d1f84246b636ca04fd0ebb48d30d72c82ead,,0,rq1-exact-623-20260926-5x,0
increasingNumVariables/0009.trace,e92caf9318c85add2f42,increasingNumVariables,plain,11,2,OPTIMAL,0,7,3,unsat,0.9111934379998274,,4fd621c86593c6bc9d47db1be0df22a29e85fcc71b08636fed1e586ae6d56593,,0,rq1-exact-623-20260926-5x,0
increasingNumVariables/0009.trace,e92caf9318c85add2f42,increasingNumVariables,plain,11,2,OPTIMAL,0,7,4,unsat,1.7305833049995272,,92e360c186ac7c3647bd4e9aac4a9a40ef4a26032d3babe75375761fda77b876,,0,rq1-exact-623-20260926-5x,0
increasingNumVariables/0009.trace,e92caf9318c85add2f42,increasingNumVariables,plain,11,2,OPTIMAL,0,7,5,unsat,7.297283086001698,,6d97859494bab5811c62ecfc994ac3e223cee994d7cec327ddcece8d59c7f2fd,,0,rq1-exact-623-20260926-5x,0
increasingNumVariables/0009.trace,e92caf9318c85add2f42,increasingNumVariables,plain,11,2,OPTIMAL,0,7,6,unsat,50.56910571099979,,50c98fc1a1a83b20aa380188f9ac1b59647a1d36e43e988640ff9856c1347302,,0,rq1-exact-623-20260926-5x,0
increasingNumVariables/0009.trace,e92caf9318c85add2f42,increasingNumVariables,plain,11,2,OPTIMAL,0,7,7,sat,14.985134934999223,,da8af6c9762119f93fdf10189b8f821e8cd7a12e4559168b6c818797d21b5e40,f84818f08c7da242bbe751c04fa5d5b7556e36ac40e48c2498ac23b2e758a2f5,0,rq1-exact-623-20260926-5x,0
increasingNumVariables/0010.trace,01f1e8c947ddcf55767b,increasingNumVariables,plain,11,2,OPTIMAL,0,7,1,unsat,0.12164361800023471,,1deefd90e93f037b500feef50a7841d2fbb658b1a61b743db96795f1ed316a36,,0,rq1-exact-623-20260926-5x,0
increasingNumVariables/0010.trace,01f1e8c947ddcf55767b,increasingNumVariables,plain,11,2,OPTIMAL,0,7,2,unsat,0.5615757350005879,,d03ac83039ee59d7640871343297b6b2cd2cb84c2e3e61379f1aeabedbb8ee5f,,0,rq1-exact-623-20260926-5x,0
increasingNumVariables/0010.trace,01f1e8c947ddcf55767b,increasingNumVariables,plain,11,2,OPTIMAL,0,7,3,unsat,1.1853057509997598,,0ef72156d8e55a59f37746cdcbc0e15c680668292eeec67dd02fb2dca170f562,,0,rq1-exact-623-20260926-5x,0
increasingNumVariables/0010.trace,01f1e8c947ddcf55767b,increasingNumVariables,plain,11,2,OPTIMAL,0,7,4,unsat,2.554981618999591,,26b15f3f05fc8ccd1b43a89cfe8cfd74627a13ec41701f5b0573d6b2d9a62a21,,0,rq1-exact-623-20260926-5x,0
increasingNumVariables/0010.trace,01f1e8c947ddcf55767b,increasingNumVariables,plain,11,2,OPTIMAL,0,7,5,unsat,7.882633133000127,,3ea4c12c0e80e019fcf45ea3de5455e6b0505c4366412ab7ca39383336fb36ed,,0,rq1-exact-623-20260926-5x,0
increasingNumVariables/0010.trace,01f1e8c947ddcf55767b,increasingNumVariables,plain,11,2,OPTIMAL,0,7,6,unsat,68.39811144399937,,96e59d779357f385a26fc2ec8822521e1473099063ff6891821fa46887ea99e8,,0,rq1-exact-623-20260926-5x,0
increasingNumVariables/0010.trace,01f1e8c947ddcf55767b,increasingNumVariables,plain,11,2,OPTIMAL,0,7,7,sat,6.628108707000138,,9d4ac143e9bf3f8c4a5a65a5030b4f2ee57f04b0129ea70b4b4bb692b336290c,af04cb495f0dfb72b62dd96dfa5ce8185430342ef05d679cef8a1c7cee83aac0,0,rq1-exact-623-20260926-5x,0
increasingNumVariables/0011.trace,67313600d5f11108def0,increasingNumVariables,plain,11,2,OPTIMAL,0,7,1,unsat,0.14035741500083532,,6e9b33a8aa92295d44750d63117d2813510e72c7bc7b695e0c86237140ea3428,,0,rq1-exact-623-20260926-5x,0
increasingNumVariables/0011.trace,67313600d5f11108def0,increasingNumVariables,plain,11,2,OPTIMAL,0,7,2,unsat,0.6642497169996204,,789a5a2b07ab5d85a3b81c32a3c9faf3531fe178929c11cd2286fb51fcb9e895,,0,rq1-exact-623-20260926-5x,0
increasingNumVariables/0011.trace,67313600d5f11108def0,increasingNumVariables,plain,11,2,OPTIMAL,0,7,3,unsat,1.3852809619984328,,b0e248cdfb02f43ee2c3c37c5341a1a3e2d497aaa3a69d029d66574547e4fa4f,,0,rq1-exact-623-20260926-5x,0
increasingNumVariables/0011.trace,67313600d5f11108def0,increasingNumVariables,plain,11,2,OPTIMAL,0,7,4,unsat,2.882222198999443,,11b123eb7d7600931eaae0864273f94cbbfb72639ee30e4dc4f935958aedff6c,,0,rq1-exact-623-20260926-5x,0
increasingNumVariables/0011.trace,67313600d5f11108def0,increasingNumVariables,plain,11,2,OPTIMAL,0,7,5,unsat,12.072504611998738,,55efad0dcf5563b0c3d61f144c9c10eb278ac475a719ff1bbab6d28d83134981,,0,rq1-exact-623-20260926-5x,0
increasingNumVariables/0011.trace,67313600d5f11108def0,increasingNumVariables,plain,11,2,OPTIMAL,0,7,6,unsat,92.18361984100011,,c4b495b7e2612ca4b4264c5560cae3aef45f0ce58830a7f62e64c162b52c2749,,0,rq1-exact-623-20260926-5x,0
increasingNumVariables/0011.trace,67313600d5f11108def0,increasingNumVariables,plain,11,2,OPTIMAL,0,7,7,sat,11.917629240999304,,14e02c53f0cfb680b61d2e75ae62914cda47dd37309ffcf9175dc962876c5dc2,f963aec93468466c842db241f231caa41044df328c6714ec3036688a0fca587a,0,rq1-exact-623-20260926-5x,0
increasingNumVariables/0012.trace,c8094bba09cd2abab475,increasingNumVariables,plain,11,2,OPTIMAL,0,7,1,unsat,0.15836903499985056,,1c9e91adfed8f7848b120215564b2386e25433f31dff3f2de97dea500b99fba3,,0,rq1-exact-623-20260926-5x,0
increasingNumVariables/0012.trace,c8094bba09cd2abab475,increasingNumVariables,plain,11,2,OPTIMAL,0,7,2,unsat,0.7695732890006184,,50151a6c5b41a590175520041af98fee228e59089bac92c9b9d8b0fb7de7bba1,,0,rq1-exact-623-20260926-5x,0
increasingNumVariables/0012.trace,c8094bba09cd2abab475,increasingNumVariables,plain,11,2,OPTIMAL,0,7,3,unsat,1.6255595250004262,,6bba9c00ffa56de8304ca552b985e27a7aa6d6ebefce52d1b74cf736667eded4,,0,rq1-exact-623-20260926-5x,0
increasingNumVariables/0012.trace,c8094bba09cd2abab475,increasingNumVariables,plain,11,2,OPTIMAL,0,7,4,unsat,3.2208324909997827,,dec83d07fa0d422d5068316ffd9cbd48fbd84049cf001c7651668b8118c54058,,0,rq1-exact-623-20260926-5x,0
increasingNumVariables/0012.trace,c8094bba09cd2abab475,increasingNumVariables,plain,11,2,OPTIMAL,0,7,5,unsat,11.006635978999839,,bab16ed646626dd78cd4915f5868cd2f7ae31cc5697ce13985b1a7cfe2fd5881,,0,rq1-exact-623-20260926-5x,0
increasingNumVariables/0012.trace,c8094bba09cd2abab475,increasingNumVariables,plain,11,2,OPTIMAL,0,7,6,unsat,75.38050399900021,,d3ef446c460ffe7b0664e381af34107b91dc18bf53037feda16a2d9a2dd01a7f,,0,rq1-exact-623-20260926-5x,0
increasingNumVariables/0012.trace,c8094bba09cd2abab475,increasingNumVariables,plain,11,2,OPTIMAL,0,7,7,sat,19.671329816000252,,31f6f25d440efa1f223568295ed895f1fb0a38d96e679afdc17dcbd1168362aa,20ee794e71235b314c7567df35b961d3173599ac3a0a01c9987829c7d55ca985,0,rq1-exact-623-20260926-5x,0
increasingNumVariables/0013.trace,9d33f57ad962dbf252ff,increasingNumVariables,plain,11,2,OPTIMAL,0,7,1,unsat,0.18012938099855091,,748d3c599b2d061bbca89cf4f44672492df159756d17e76540f33d4a31de2dc4,,0,rq1-exact-623-20260926-5x,0
increasingNumVariables/0013.trace,9d33f57ad962dbf252ff,increasingNumVariables,plain,11,2,OPTIMAL,0,7,2,unsat,0.8822814830000425,,94dad7f21ef6c52a8dfdb2ca13460da733354368e36b479ed25256b052299284,,0,rq1-exact-623-20260926-5x,0
increasingNumVariables/0013.trace,9d33f57ad962dbf252ff,increasingNumVariables,plain,11,2,OPTIMAL,0,7,3,unsat,1.8674837380003737,,50467ad6f53a11b64124d3938e3976fbb153b4ea148ed4e01d8acf77d05e7f10,,0,rq1-exact-623-20260926-5x,0
increasingNumVariables/0013.trace,9d33f57ad962dbf252ff,increasingNumVariables,plain,11,2,OPTIMAL,0,7,4,unsat,4.106678138001371,,fedb4848502aedf524b307603a6b0b75f942b5b3762e9545e7c3b9e88ecbc027,,0,rq1-exact-623-20260926-5x,0
increasingNumVariables/0013.trace,9d33f57ad962dbf252ff,increasingNumVariables,plain,11,2,OPTIMAL,0,7,5,unsat,13.842401515001256,,f839acff859cacfa8d3eae091a0e6bd524ac9587b6609f092f2aa2507c574a9e,,0,rq1-exact-623-20260926-5x,0
increasingNumVariables/0013.trace,9d33f57ad962dbf252ff,increasingNumVariables,plain,11,2,OPTIMAL,0,7,6,unsat,112.65899115899992,,6c0774cbf1fbda387e44f2bd1b2a075e1e3457f8dc98b001c11e1c6128f53f69,,0,rq1-exact-623-20260926-5x,0
increasingNumVariables/0013.trace,9d33f57ad962dbf252ff,increasingNumVariables,plain,11,2,OPTIMAL,0,7,7,sat,23.75716428799933,,3d333a89f860508cec313e8335c3cc93eecd7a99a0e0b9f89e27d72ee841aaa1,9b8513f2031b1a8801f6fb88edce65c83fa89e85d6f65c30c00f11acc9c6bbdb,0,rq1-exact-623-20260926-5x,0
increasingNumVariables/0014.trace,2d3d37dd7fbb2fe6d21e,increasingNumVariables,plain,11,2,OPTIMAL,0,7,1,unsat,0.20215983799971582,,3985d06e9bd1caeec2d2d682446dd5148b438c3c789ade17900a770613e8f938,,0,rq1-exact-623-20260926-5x,0
increasingNumVariables/0014.trace,2d3d37dd7fbb2fe6d21e,increasingNumVariables,plain,11,2,OPTIMAL,0,7,2,unsat,0.9895991029989091,,74b00e4227a5d9484783513cf5056ea835164990baf10095c712ed5cd56bcc9e,,0,rq1-exact-623-20260926-5x,0
increasingNumVariables/0014.trace,2d3d37dd7fbb2fe6d21e,increasingNumVariables,plain,11,2,OPTIMAL,0,7,3,unsat,2.1357003310004075,,c3d2d9e1d1906eddc51730208e3128a623d73fe71226da530e264fdc8b49a003,,0,rq1-exact-623-20260926-5x,0
increasingNumVariables/0014.trace,2d3d37dd7fbb2fe6d21e,increasingNumVariables,plain,11,2,OPTIMAL,0,7,4,unsat,4.308594588999767,,e0e116ac4163dec00ac7249e75e38c07a96f20c2bd5423c8ef9c894968a08207,,0,rq1-exact-623-20260926-5x,0
increasingNumVariables/0014.trace,2d3d37dd7fbb2fe6d21e,increasingNumVariables,plain,11,2,OPTIMAL,0,7,5,unsat,16.20765921599923,,2521df9be080fe29fd731af2f926e33de8b9a181cdf8e8abe5f8ff4f0766e568,,0,rq1-exact-623-20260926-5x,0
increasingNumVariables/0014.trace,2d3d37dd7fbb2fe6d21e,increasingNumVariables,plain,11,2,OPTIMAL,0,7,6,unsat,127.57724756399875,,6117ee6043045e72cfef46c68eaba3191ccf55997ea77ad26587426e160490ac,,0,rq1-exact-623-20260926-5x,0
increasingNumVariables/0014.trace,2d3d37dd7fbb2fe6d21e,increasingNumVariables,plain,11,2,OPTIMAL,0,7,7,sat,37.29079325300154,,0a0620bc493cf2fb8a2999872e43a625b54d40be4bc6f89f1f69d995fe611407,d7ae3c1ccb27f59a944b3dfe3529ca5feb15acbbe9ea5cf1d38ec64cc100d66c,0,rq1-exact-623-20260926-5x,0
increasingNumVariables/0015.trace,e5f3e7ad63f77c0ff084,increasingNumVariables,plain,11,2,OPTIMAL,0,7,1,unsat,0.21957583199946384,,233524374c986f3b14d18b0ae8f15911826509de2a2a9526654604505bc0ddca,,0,rq1-exact-623-20260926-5x,0
increasingNumVariables/0015.trace,e5f3e7ad63f77c0ff084,increasingNumVariables,plain,11,2,OPTIMAL,0,7,2,unsat,1.1025403299991012,,1475a5182bdb25e2de6610b3e136e5964dcf6d13907205670a273b333e767c32,,0,rq1-exact-623-20260926-5x,0
increasingNumVariables/0015.trace,e5f3e7ad63f77c0ff084,increasingNumVariables,plain,11,2,OPTIMAL,0,7,3,unsat,2.331717256000047,,58901a24b2d938f92232534d44125e69815bfd415a900278af36ad73ca3f53f5,,0,rq1-exact-623-20260926-5x,0
increasingNumVariables/0015.trace,e5f3e7ad63f77c0ff084,increasingNumVariables,plain,11,2,OPTIMAL,0,7,4,unsat,5.167095670998606,,1c548b4dbf74230478387a67d033ed585258d9a9ef385dc792770295856f0790,,0,rq1-exact-623-20260926-5x,0
increasingNumVariables/0015.trace,e5f3e7ad63f77c0ff084,increasingNumVariables,plain,11,2,OPTIMAL,0,7,5,unsat,13.586189027999353,,08372a42d2e0f6b68c8f4dff9fe08ef1e99a02fd03816bd433bcaf6459384560,,0,rq1-exact-623-20260926-5x,0
increasingNumVariables/0015.trace,e5f3e7ad63f77c0ff084,increasingNumVariables,plain,11,2,OPTIMAL,0,7,6,unsat,108.60312879400044,,16894d501f80014322df3dd1d915c10864cdd22b6dd4cb22ffb0aab928253403,,0,rq1-exact-623-20260926-5x,0
increasingNumVariables/0015.trace,e5f3e7ad63f77c0ff084,increasingNumVariables,plain,11,2,OPTIMAL,0,7,7,sat,71.44810798700018,,2d607ccfff64e08b87df291cea25090f7fc18db9bedab5195b06c3c001330bd6,356ce9087287ec81bf917704ab3ffcad9b9a995854736387380df2a056e1c927,0,rq1-exact-623-20260926-5x,0
increasingNumVariables/0016.trace,8b76a491dbe9958edf48,increasingNumVariables,plain,20,2,OPTIMAL,0,7,1,unsat,0.09119156000087969,,198ab90ad0f94794606dc098a188c92136d262c321ffcf875e60b649f08f4a3a,,0,rq1-exact-623-20260926-5x,0
increasingNumVariables/0016.trace,8b76a491dbe9958edf48,increasingNumVariables,plain,20,2,OPTIMAL,0,7,2,unsat,0.35920517500017013,,bd58ffe03dd41d40e917e236e75e1afd3d0a5528d9d601c7c1934aeb8280fb65,,0,rq1-exact-623-20260926-5x,0
increasingNumVariables/0016.trace,8b76a491dbe9958edf48,increasingNumVariables,plain,20,2,OPTIMAL,0,7,3,unsat,0.7264688549985294,,fe611a784d1af5c1419ac34c97a999a05aee67e8a58950bddb9e6ad3720d798f,,0,rq1-exact-623-20260926-5x,0
increasingNumVariables/0016.trace,8b76a491dbe9958edf48,increasingNumVariables,plain,20,2,OPTIMAL,0,7,4,unsat,1.3761897799995495,,5a0e4b3139985e8131d556e546ac6e45a5379f4b1851a63767c733bf3f247f8c,,0,rq1-exact-623-20260926-5x,0
increasingNumVariables/0016.trace,8b76a491dbe9958edf48,increasingNumVariables,plain,20,2,OPTIMAL,0,7,5,unsat,4.242897701000402,,f1b583306b06a80876026bcb9ace87a1860d0d1fcf6e204f58f584fe98d51038,,0,rq1-exact-623-20260926-5x,0
increasingNumVariables/0016.trace,8b76a491dbe9958edf48,increasingNumVariables,plain,20,2,OPTIMAL,0,7,6,unsat,35.71834538300027,,f94bd109372a035367ba264066830e2cd57cec16e90ac5a3fe8b5fe356d1d8e1,,0,rq1-exact-623-20260926-5x,0
increasingNumVariables/0016.trace,8b76a491dbe9958edf48,increasingNumVariables,plain,20,2,OPTIMAL,0,7,7,sat,11.170440435000273,,6fa8241ad771099f3105ece6b433f76c48e720fc81322b47fb96826bffe58303,b5fdd6f4a07167a2b1dfbd222103790579bd7aca75180c226f987dbf28ee6c6c,0,rq1-exact-623-20260926-5x,0
increasingNumVariables/0017.trace,fe2f228675639aee1b90,increasingNumVariables,plain,20,2,TIMEOUT,,,1,unsat,0.1652652519987896,,0b50257fc826681c9a49b47ece82a4b4e88fdae28c026719303e5eae24b774ad,,0,rq1-exact-623-20260926-5x,0
increasingNumVariables/0017.trace,fe2f228675639aee1b90,increasingNumVariables,plain,20,2,TIMEOUT,,,2,unsat,0.6954357620052178,,66ba920189b98ee0b1205aa7d10b92c7ef5f4fc649157c2a9e74fd033ef30262,,0,rq1-exact-623-20260926-5x,0
increasingNumVariables/0017.trace,fe2f228675639aee1b90,increasingNumVariables,plain,20,2,TIMEOUT,,,3,unsat,1.413483443997393,,d31e59484e7a4ce8ed39bef12c33ce660c23448ded2c045d6d76f82ec4de624a,,0,rq1-exact-623-20260926-5x,0
increasingNumVariables/0017.trace,fe2f228675639aee1b90,increasingNumVariables,plain,20,2,TIMEOUT,,,4,unsat,2.862980605001212,,06b62ea517fed5956f7db5c5da96556a5b2fea767f5c18555f2d5881eae10211,,0,rq1-exact-623-20260926-5x,0
increasingNumVariables/0017.trace,fe2f228675639aee1b90,increasingNumVariables,plain,20,2,TIMEOUT,,,5,unsat,12.06689469700359,,2ebdc100028436f634423557e4dea5c89f1a6b648da454ae215bd5cbf27f0a45,,0,rq1-exact-623-20260926-5x,0
increasingNumVariables/0017.trace,fe2f228675639aee1b90,increasingNumVariables,plain,20,2,TIMEOUT,,,6,unsat,116.29337333999865,,3a7070ea599e11a8ec9df6f01825f62d69cedfc1070f5ae0d52f35a61de45d12,,0,rq1-exact-623-20260926-5x,0
increasingNumVariables/0017.trace,fe2f228675639aee1b90,increasingNumVariables,plain,20,2,TIMEOUT,,,7,unsat,1125.3312333569993,,889c010743855ec07a1f3fe0bb4ef7ec2fd7310cc264f7d8888ebdfc648086d5,,0,rq1-exact-623-20260926-5x,0
increasingNumVariables/0017.trace,fe2f228675639aee1b90,increasingNumVariables,plain,20,2,TIMEOUT,,,8,unknown,1506.1542899900014,timeout,0f6adc7ecc20dac6bc75b068446ffc66195a0d84c061bcba8017164f84e82755,,0,rq1-exact-623-20260926-5x,0
increasingNumVariables/0018.trace,ee1dbbc04bc6f0651127,increasingNumVariables,plain,20,2,TIMEOUT,,,1,unsat,0.1989286429961794,,8be40b0466a2a5e08cf19bed2cf87c367622a674caaf0441ce3c782959b00203,,0,rq1-exact-623-20260926-5x,0
increasingNumVariables/0018.trace,ee1dbbc04bc6f0651127,increasingNumVariables,plain,20,2,TIMEOUT,,,2,unsat,0.8713313019979978,,aa63c4c4dcdc0639cd2694089cfc6bc749ef46ca4b10ac6e0e8f3f039f81fb3b,,0,rq1-exact-623-20260926-5x,0
increasingNumVariables/0018.trace,ee1dbbc04bc6f0651127,increasingNumVariables,plain,20,2,TIMEOUT,,,3,unsat,1.801729423001234,,77045d833456b3a902e7df2a672f7aceb3774d92e3b48e4c27dcbfd50a76b3cc,,0,rq1-exact-623-20260926-5x,0
increasingNumVariables/0018.trace,ee1dbbc04bc6f0651127,increasingNumVariables,plain,20,2,TIMEOUT,,,4,unsat,3.658417050995922,,4003e5b95ea86caa0db219a0a326d481bb2ab7a95fcf8696c2830b90c2a2385d,,0,rq1-exact-623-20260926-5x,0
increasingNumVariables/0018.trace,ee1dbbc04bc6f0651127,increasingNumVariables,plain,20,2,TIMEOUT,,,5,unsat,16.52785317999951,,49f6d9dd7bf66a790c62739470d6d1383ca1c828ca9ddde7194b377bff24240a,,0,rq1-exact-623-20260926-5x,0
increasingNumVariables/0018.trace,ee1dbbc04bc6f0651127,increasingNumVariables,plain,20,2,TIMEOUT,,,6,unsat,134.71752274699975,,92d2347984d4182b363d0d5e1c971d43854741c9a7739403f7916b2bfed3ecc9,,0,rq1-exact-623-20260926-5x,0
increasingNumVariables/0018.trace,ee1dbbc04bc6f0651127,increasingNumVariables,plain,20,2,TIMEOUT,,,7,unsat,1263.1481706949999,,8c6c0781e89ecc2d24370c2c9f414e87dc12106c129645ec158c6fca3d2c55e8,,0,rq1-exact-623-20260926-5x,0
increasingNumVariables/0018.trace,ee1dbbc04bc6f0651127,increasingNumVariables,plain,20,2,TIMEOUT,,,8,unknown,1507.7911822300011,timeout,b3b76368230178b0c0aa4214a0cb0709b9e6bfb18c782c20f207873c1d340440,,0,rq1-exact-623-20260926-5x,0
increasingNumVariables/0019.trace,59b31b26676c47f2fe79,increasingNumVariables,plain,20,2,TIMEOUT,,,1,unsat,0.24161425199417863,,de4eb63cb6afba7ff7149f550b4d1e830fe4bf9ce9600d2ff7438b2423852c5a,,0,rq1-exact-623-20260926-5x,0
increasingNumVariables/0019.trace,59b31b26676c47f2fe79,increasingNumVariables,plain,20,2,TIMEOUT,,,2,unsat,1.059098815996549,,2f825c087e77fef2b336389517764648eb0682cc26312370a19a15ee8dce51dd,,0,rq1-exact-623-20260926-5x,0
increasingNumVariables/0019.trace,59b31b26676c47f2fe79,increasingNumVariables,plain,20,2,TIMEOUT,,,3,unsat,2.2628386719952687,,6398e5bd9d34dddc8432dd11701f6d60e64b62f77594a78afb39f15aa342f2c6,,0,rq1-exact-623-20260926-5x,0
increasingNumVariables/0019.trace,59b31b26676c47f2fe79,increasingNumVariables,plain,20,2,TIMEOUT,,,4,unsat,5.358767906000139,,33b7386d4cdb9e31cb894dc7a832243b5c71bc365120eafed4e8b42e94d134a5,,0,rq1-exact-623-20260926-5x,0
increasingNumVariables/0019.trace,59b31b26676c47f2fe79,increasingNumVariables,plain,20,2,TIMEOUT,,,5,unsat,23.254394365001644,,8ed4d92fc57ec66b73e92987e60e4241ef6c49d9dc4da2ad4e7c21f7ce229ac7,,0,rq1-exact-623-20260926-5x,0
increasingNumVariables/0019.trace,59b31b26676c47f2fe79,increasingNumVariables,plain,20,2,TIMEOUT,,,6,unsat,201.83899688500242,,496cee19567b13b0bb2b1b3a939830a5b714258ab1fa58207bc31184f3aebf55,,0,rq1-exact-623-20260926-5x,0
increasingNumVariables/0019.trace,59b31b26676c47f2fe79,increasingNumVariables,plain,20,2,TIMEOUT,,,7,unsat,1502.5608363680003,,5337499906bb5585d84932855f9ea0be8ebf7050379734a22e72141405e36451,,0,rq1-exact-623-20260926-5x,0
increasingNumVariables/0019.trace,59b31b26676c47f2fe79,increasingNumVariables,plain,20,2,TIMEOUT,,,8,unknown,1510.632312529,timeout,b5a21dce8b5e633f8d280eceb0b60005af014a23c71d70722c16e11eddc58b35,,0,rq1-exact-623-20260926-5x,0
increasingNumVariables/0020.trace,764497a2fb6d824504fa,increasingNumVariables,plain,20,2,TIMEOUT,,,1,unsat,0.3281891130027361,,64702626ae6ce34a6ff7c95c8f02a742f0653952d0cc75b3f339de32380fa770,,0,rq1-exact-623-20260926-5x,0
increasingNumVariables/0020.trace,764497a2fb6d824504fa,increasingNumVariables,plain,20,2,TIMEOUT,,,2,unsat,1.4820277269973303,,2c7a3948a91f0c01f63ead77592586dff8c246a4a8a3cb20fe15a01b44286936,,0,rq1-exact-623-20260926-5x,0
increasingNumVariables/0020.trace,764497a2fb6d824504fa,increasingNumVariables,plain,20,2,TIMEOUT,,,3,unsat,3.118865492004261,,49ca1da66225e5623488900bd8e7abf8ba4be267c3eff14f0e81d35fd8d23cef,,0,rq1-exact-623-20260926-5x,0
increasingNumVariables/0020.trace,764497a2fb6d824504fa,increasingNumVariables,plain,20,2,TIMEOUT,,,4,unsat,6.245563548000064,,158d4f084576f65773801a044a669f19a8e062c47993916835f40f54391a853a,,0,rq1-exact-623-20260926-5x,0
increasingNumVariables/0020.trace,764497a2fb6d824504fa,increasingNumVariables,plain,20,2,TIMEOUT,,,5,unsat,21.683817935998377,,176bccc9bf94c7b76a33870441ab9c77cc32d7a22d749cc6697fcf3221608151,,0,rq1-exact-623-20260926-5x,0
increasingNumVariables/0020.trace,764497a2fb6d824504fa,increasingNumVariables,plain,20,2,TIMEOUT,,,6,unsat,162.96523820899893,,63eec69b3f7c929505a096e7c9664d61089bf1a7ae809b79c84e428980c57fa8,,0,rq1-exact-623-20260926-5x,0
increasingNumVariables/0020.trace,764497a2fb6d824504fa,increasingNumVariables,plain,20,2,TIMEOUT,,,7,unsat,1341.007356012,,6a26bd34825323de36015403c1660dc97ffc9d922a938e9eb8a00a0ba98c517c,,0,rq1-exact-623-20260926-5x,0
increasingNumVariables/0020.trace,764497a2fb6d824504fa,increasingNumVariables,plain,20,2,TIMEOUT,,,8,unknown,1510.4587378990036,timeout,4b5ad0193b19bb007012f4434e52d9e2cf36da8893ccb3161e54cbf2187a24d6,,0,rq1-exact-623-20260926-5x,0
increasingNumVariables/0021.trace,621a87dd84376a016abb,increasingNumVariables,plain,20,2,TIMEOUT,,,1,unsat,0.3073537980017136,,a090c49848f0e73a34c1ff57595927429eab6a06024317f802af473b12ac2ecf,,0,rq1-exact-623-20260926-5x,0
increasingNumVariables/0021.trace,621a87dd84376a016abb,increasingNumVariables,plain,20,2,TIMEOUT,,,2,unsat,1.4096091950050322,,efdc6050e01930fdc887f115ad98b462c1b4051f71c663ea00a02828e173497b,,0,rq1-exact-623-20260926-5x,0
increasingNumVariables/0021.trace,621a87dd84376a016abb,increasingNumVariables,plain,20,2,TIMEOUT,,,3,unsat,3.012789240005077,,72718a041ef76e33a54aafdba3bda112dd1a89e8fce3734e30031e448aee3da1,,0,rq1-exact-623-20260926-5x,0
increasingNumVariables/0021.trace,621a87dd84376a016abb,increasingNumVariables,plain,20,2,TIMEOUT,,,4,unsat,6.817766116997518,,7dbf1af5bce20d3022303a200db96c2bbcb4fa2bcea1b0560dd4559ea7bfd853,,0,rq1-exact-623-20260926-5x,0
increasingNumVariables/0021.trace,621a87dd84376a016abb,increasingNumVariables,plain,20,2,TIMEOUT,,,5,unsat,25.005947762001597,,8e6f39682ac7eb23d1b1d1cfb4e570c40e943c38bc59a95b58ff6e930dd97b6d,,0,rq1-exact-623-20260926-5x,0
increasingNumVariables/0021.trace,621a87dd84376a016abb,increasingNumVariables,plain,20,2,TIMEOUT,,,6,unsat,169.42463215500175,,2f74580aa57f1be46736ca400be7cb63d51fbefff24e3fb82c33ad1cf2d361b1,,0,rq1-exact-623-20260926-5x,0
increasingNumVariables/0021.trace,621a87dd84376a016abb,increasingNumVariables,plain,20,2,TIMEOUT,,,7,unknown,1509.6485400720048,timeout,29557523fc148e51dcb6f9aab0090a6422d488bdcfd483502e18aba10047c3f4,,0,rq1-exact-623-20260926-5x,0
increasingNumVariables/0022.trace,17e40c2e0869a1a15116,increasingNumVariables,plain,20,2,TIMEOUT,,,1,unsat,0.3433349080005428,,4a558f38b1a32337ca1aeb3b03b4dfec1951e6100b481a16e4175fb40741c566,,0,rq1-exact-623-20260926-5x,0
increasingNumVariables/0022.trace,17e40c2e0869a1a15116,increasingNumVariables,plain,20,2,TIMEOUT,,,2,unsat,1.572613917000126,,ac38d01821cc29b70c0102a628b9b416c089ddb8c4480165bf7a5e904a314b0c,,0,rq1-exact-623-20260926-5x,0
increasingNumVariables/0022.trace,17e40c2e0869a1a15116,increasingNumVariables,plain,20,2,TIMEOUT,,,3,unsat,3.3457766430001357,,6da4347318f403941bf1158f50bcfa7e60c043af3b693c22aa82c98d3553214c,,0,rq1-exact-623-20260926-5x,0
increasingNumVariables/0022.trace,17e40c2e0869a1a15116,increasingNumVariables,plain,20,2,TIMEOUT,,,4,unsat,7.360357653997198,,005b30533fa35d0ecc4a2b47712e2b62e1bd85289e4b3beae74ca6b42a79faf3,,0,rq1-exact-623-20260926-5x,0
increasingNumVariables/0022.trace,17e40c2e0869a1a15116,increasingNumVariables,plain,20,2,TIMEOUT,,,5,unsat,29.88949088800291,,13e9971ace5b303432b3ecd52b10cceb6af81a08a043d635459f548db2a915c6,,0,rq1-exact-623-20260926-5x,0
increasingNumVariables/0022.trace,17e40c2e0869a1a15116,increasingNumVariables,plain,20,2,TIMEOUT,,,6,unsat,314.34419966099813,,c38d101fe2846ff2fa83fbac0875f969d8700a8983407d84e5905d509f27adb5,,0,rq1-exact-623-20260926-5x,0
increasingNumVariables/0022.trace,17e40c2e0869a1a15116,increasingNumVariables,plain,20,2,TIMEOUT,,,7,unknown,1510.854013148004,timeout,5609f9baa2d842c76e69400a78d33da4d31d0623cf1fe4ddf9809b90a8edbdd7,,0,rq1-exact-623-20260926-5x,0
increasingNumVariables/0023.trace,1ba5d4903ec780fc280b,increasingNumVariables,plain,20,2,TIMEOUT,,,1,unsat,0.384391997999046,,a453ebe69765c62d4864d44d3daa8ee363b58128d91e1f09754285126a09c45e,,0,rq1-exact-623-20260926-5x,0
increasingNumVariables/0023.trace,1ba5d4903ec780fc280b,increasingNumVariables,plain,20,2,TIMEOUT,,,2,unsat,1.806455088997609,,2ce79d305da7b2e245c1131a23031aa925cae2267feeec2dd87c053788fadccd,,0,rq1-exact-623-20260926-5x,0
increasingNumVariables/0023.trace,1ba5d4903ec780fc280b,increasingNumVariables,plain,20,2,TIMEOUT,,,3,unsat,3.890706288999354,,534ef127bae846946c47b8ba0e1a7ef2774b06d689b529f6a4f7bed35383b3c1,,0,rq1-exact-623-20260926-5x,0
increasingNumVariables/0023.trace,1ba5d4903ec780fc280b,increasingNumVariables,plain,20,2,TIMEOUT,,,4,unsat,8.783571007996215,,d21638f5e576b414abc10e0d8a868868a13a6a65d1e57eb31cd2dd434eb0eab1,,0,rq1-exact-623-20260926-5x,0
increasingNumVariables/0023.trace,1ba5d4903ec780fc280b,increasingNumVariables,plain,20,2,TIMEOUT,,,5,unsat,35.96369925900217,,fd91d5a3080a89c8900ab4c716bab46972f6a06b0266a08e49fe9eab1d7807c4,,0,rq1-exact-623-20260926-5x,0
increasingNumVariables/0023.trace,1ba5d4903ec780fc280b,increasingNumVariables,plain,20,2,TIMEOUT,,,6,unsat,257.13534792800056,,81a63f5b5ff0c6d403607cb8ebd911e1ab4430f3a09cabd5b32de98e9836c0d0,,0,rq1-exact-623-20260926-5x,0
increasingNumVariables/0023.trace,1ba5d4903ec780fc280b,increasingNumVariables,plain,20,2,TIMEOUT,,,7,unknown,1512.3081657280054,timeout,26310aab52f4f90700587d94c6952e8754f1ceeb94a7ded3dda35bfdb29ff305,,0,rq1-exact-623-20260926-5x,0
increasingNumVariables/0024.trace,9f9377e39b9d74f005d1,increasingNumVariables,plain,37,2,TIMEOUT,,,1,unsat,0.14789828100037994,,deac805eaebeb19b5be31b79c2f6ee35209d5afd5769e1213586f82659aa0f28,,0,rq1-exact-623-20260926-5x,0
increasingNumVariables/0024.trace,9f9377e39b9d74f005d1,increasingNumVariables,plain,37,2,TIMEOUT,,,2,unsat,0.5619158389963559,,7eaa406594f6070592e76bda895f9b45a8e67f34d9d760c84cb45d7a465ca13c,,0,rq1-exact-623-20260926-5x,0
increasingNumVariables/0024.trace,9f9377e39b9d74f005d1,increasingNumVariables,plain,37,2,TIMEOUT,,,3,unsat,1.1252068450048682,,5910dbf3d4b25915afd3c2f5368c30be4be7f797e4d851d5b7114ca94691bda1,,0,rq1-exact-623-20260926-5x,0
increasingNumVariables/0024.trace,9f9377e39b9d74f005d1,increasingNumVariables,plain,37,2,TIMEOUT,,,4,unsat,2.0824571220000507,,1ce7dd96ae80a3b9b365ba1505615c9ca3c57a5665dea7fb9441efc6a740bc47,,0,rq1-exact-623-20260926-5x,0
increasingNumVariables/0024.trace,9f9377e39b9d74f005d1,increasingNumVariables,plain,37,2,TIMEOUT,,,5,unsat,10.986044701996434,,6db78ac52b551cadfd13ef8f3230199fe1609028f511e029394f2b73d27d66b8,,0,rq1-exact-623-20260926-5x,0
increasingNumVariables/0024.trace,9f9377e39b9d74f005d1,increasingNumVariables,plain,37,2,TIMEOUT,,,6,unsat,99.12084381000022,,51bbe6971d09e3c7e5a3d11714f3693d5c253f02f423596695901be07b92a8ce,,0,rq1-exact-623-20260926-5x,0
increasingNumVariables/0024.trace,9f9377e39b9d74f005d1,increasingNumVariables,plain,37,2,TIMEOUT,,,7,unsat,1335.9485073399992,,68cd75f916a3b128316877d2c10e27179709bce773767d74625dd6a2abb1f604,,0,rq1-exact-623-20260926-5x,0
increasingNumVariables/0024.trace,9f9377e39b9d74f005d1,increasingNumVariables,plain,37,2,TIMEOUT,,,8,unknown,1504.6092097889996,timeout,e597b4f4b20595be7e9bcb60ba0cffd3b6f2761a06c36728a9e4af42175e49eb,,0,rq1-exact-623-20260926-5x,0
increasingNumVariables/0025.trace,62d5bbe26f6abfb6cbfc,increasingNumVariables,plain,37,2,TIMEOUT,,,1,unsat,0.18781796399707673,,016dab4216421181226fd57c071fed501405add918094b72cad97e57bc632d82,,0,rq1-exact-623-20260926-5x,0
increasingNumVariables/0025.trace,62d5bbe26f6abfb6cbfc,increasingNumVariables,plain,37,2,TIMEOUT,,,2,unsat,0.7474780210031895,,171bed30c48a649d88e6ca7a666ccec943c675b3c8aca3dcf290b56605743d5c,,0,rq1-exact-623-20260926-5x,0
increasingNumVariables/0025.trace,62d5bbe26f6abfb6cbfc,increasingNumVariables,plain,37,2,TIMEOUT,,,3,unsat,1.502148321000277,,70221bc1f885f17ec22001b2eec28168526651ca1459fb811ed6f1c8e2c6db9b,,0,rq1-exact-623-20260926-5x,0
increasingNumVariables/0025.trace,62d5bbe26f6abfb6cbfc,increasingNumVariables,plain,37,2,TIMEOUT,,,4,unsat,2.9468836939995526,,6dd2c4de9953e2d4cbca36082716ec75477587a74416896438d6494d0b3624bd,,0,rq1-exact-623-20260926-5x,0
increasingNumVariables/0025.trace,62d5bbe26f6abfb6cbfc,increasingNumVariables,plain,37,2,TIMEOUT,,,5,unsat,13.795581689002574,,68ca5afdfea83119c6ec7892425bf0220c1a674d4e18084f5d31ace5e3fad697,,0,rq1-exact-623-20260926-5x,0
increasingNumVariables/0025.trace,62d5bbe26f6abfb6cbfc,increasingNumVariables,plain,37,2,TIMEOUT,,,6,unsat,137.26446570100234,,9b52e86d68c62d9f8bb6a71cbd15ebd682ef5199b7ea92dbd3ef917ffba48ecc,,0,rq1-exact-623-20260926-5x,0
increasingNumVariables/0025.trace,62d5bbe26f6abfb6cbfc,increasingNumVariables,plain,37,2,TIMEOUT,,,7,unsat,1409.743432838004,,ba0e8110cf6bd67a3a559d6bb2a2895bf2d664bf8bbdeb7d010ef1b1e8b46369,,0,rq1-exact-623-20260926-5x,0
increasingNumVariables/0025.trace,62d5bbe26f6abfb6cbfc,increasingNumVariables,plain,37,2,TIMEOUT,,,8,unknown,1506.130516105004,timeout,6b43e1f3c6fa41acb35096567739837c97e5f648284ce56a1c71a6115da0d6ff,,0,rq1-exact-623-20260926-5x,0
increasingNumVariables/0026.trace,1363b1896c3263928b3b,increasingNumVariables,plain,37,2,TIMEOUT,,,1,unsat,0.2317704209999647,,6470f85d5e3c9c4c064a4588256cbbdc4e90bf3ca816d34827c52f44719720d0,,0,rq1-exact-623-20260926-5x,0
increasingNumVariables/0026.trace,1363b1896c3263928b3b,increasingNumVariables,plain,37,2,TIMEOUT,,,2,unsat,0.9438308860044344,,06b88ce7590ea2cad73e98e64a9902b9c222203dc048d0912c1fe472793b7639,,0,rq1-exact-623-20260926-5x,0
increasingNumVariables/0026.trace,1363b1896c3263928b3b,increasingNumVariables,plain,37,2,TIMEOUT,,,3,unsat,1.9156235140035278,,624cd569b8e64895b6cb401e661328d996130a01ce292142854c3faff303ea0d,,0,rq1-exact-623-20260926-5x,0
increasingNumVariables/0026.trace,1363b1896c3263928b3b,increasingNumVariables,plain,37,2,TIMEOUT,,,4,unsat,4.083097372997145,,c7eec2cb8d79463d89b1190776b04af591570e5b82a3acfc54d98f3f3a7bd7cf,,0,rq1-exact-623-20260926-5x,0
increasingNumVariables/0026.trace,1363b1896c3263928b3b,increasingNumVariables,plain,37,2,TIMEOUT,,,5,unsat,20.835603921994334,,18bf13647083df217276d193fe1c153d9b648830df826788464f7575e82fce96,,0,rq1-exact-623-20260926-5x,0
increasingNumVariables/0026.trace,1363b1896c3263928b3b,increasingNumVariables,plain,37,2,TIMEOUT,,,6,unsat,160.24367619999975,,e2950214492ed42446aa91ec1220f624308d4862a30c776a9aad1ebcee0aaf45,,0,rq1-exact-623-20260926-5x,0
increasingNumVariables/0026.trace,1363b1896c3263928b3b,increasingNumVariables,plain,37,2,TIMEOUT,,,7,unsat,1316.5631305269999,,91e84a4c8ea22674ed3463b1c73d01bf22db82567ada85767c7c5102565181e2,,0,rq1-exact-623-20260926-5x,0
increasingNumVariables/0026.trace,1363b1896c3263928b3b,increasingNumVariables,plain,37,2,TIMEOUT,,,8,unknown,1507.6859448670002,timeout,e3be94845edf4b9b40d5202b9938babc4cd2a8121783e81e5de726337408883b,,0,rq1-exact-623-20260926-5x,0
increasingNumVariables/0027.trace,ba026efecbda84894bb4,increasingNumVariables,plain,37,2,TIMEOUT,,,1,unsat,0.3243166780011961,,c9f5111383adb105b0b79ed5ec657a27edca2d9bb71ef7f2cb5f8cdd1afc7cc7,,0,rq1-exact-623-20260926-5x,0
increasingNumVariables/0027.trace,ba026efecbda84894bb4,increasingNumVariables,plain,37,2,TIMEOUT,,,2,unsat,1.3468495150009403,,7901b585f22de68fcbd0d24ad89f522bdd8f0c57725414366aae54f7ac73d96a,,0,rq1-exact-623-20260926-5x,0
increasingNumVariables/0027.trace,ba026efecbda84894bb4,increasingNumVariables,plain,37,2,TIMEOUT,,,3,unsat,2.7329456719962764,,598b902036f7555f82e65232e7241fd9cb4ec93165775bc0d5e489b0f4b5d615,,0,rq1-exact-623-20260926-5x,0
increasingNumVariables/0027.trace,ba026efecbda84894bb4,increasingNumVariables,plain,37,2,TIMEOUT,,,4,unsat,6.0929447180024,,95ac5799e67d808ef1cd78937079f96cf0897ff09ed99fcbce0282f77fe8b97c,,0,rq1-exact-623-20260926-5x,0
increasingNumVariables/0027.trace,ba026efecbda84894bb4,increasingNumVariables,plain,37,2,TIMEOUT,,,5,unsat,26.461499035998713,,52f1acf8dcfbdc202c788d738fcc6d9262f46a67d3047c32665437ba79f5aff6,,0,rq1-exact-623-20260926-5x,0
increasingNumVariables/0027.trace,ba026efecbda84894bb4,increasingNumVariables,plain,37,2,TIMEOUT,,,6,unsat,227.28036191299907,,acbab95787001a255749a11c95cb483e40ad32d649360c98035a775d2daf7d9d,,0,rq1-exact-623-20260926-5x,0
increasingNumVariables/0027.trace,ba026efecbda84894bb4,increasingNumVariables,plain,37,2,TIMEOUT,,,7,unknown,1507.4142396380048,timeout,e45f2e5b6393f6e81eb13133aa86103ba1a83b2993ff3f91a898890f2e2e9782,,0,rq1-exact-623-20260926-5x,0
increasingNumVariables/0028.trace,8bcddab97136a801a319,increasingNumVariables,plain,37,2,TIMEOUT,,,1,unsat,0.32135507599741686,,db0844e99376264c4e6f6b9a6557927f7481a282b75dc7abd7f863c18193cd9f,,0,rq1-exact-623-20260926-5x,0
increasingNumVariables/0028.trace,8bcddab97136a801a319,increasingNumVariables,plain,37,2,TIMEOUT,,,2,unsat,1.3509319020013209,,5beed36581ac80759608aecd4ca8f40d785ff0a222a2dc869f08c89129fcf2ee,,0,rq1-exact-623-20260926-5x,0
increasingNumVariables/0028.trace,8bcddab97136a801a319,increasingNumVariables,plain,37,2,TIMEOUT,,,3,unsat,2.9025086270048632,,ef077f6dd127e13688d441220be924330f83c5f783d2fee2437642daccea7aa4,,0,rq1-exact-623-20260926-5x,0
increasingNumVariables/0028.trace,8bcddab97136a801a319,increasingNumVariables,plain,37,2,TIMEOUT,,,4,unsat,6.210193302002153,,b275928b2106d987340f8d62593ff77fe468f5d436c98d059d35f23cb264cafb,,0,rq1-exact-623-20260926-5x,0
increasingNumVariables/0028.trace,8bcddab97136a801a319,increasingNumVariables,plain,37,2,TIMEOUT,,,5,unsat,27.081743556998845,,41f18201deed72f21488ded63f664ebff5450eaeebb4901f0f0c6aa971a9fead,,0,rq1-exact-623-20260926-5x,0
increasingNumVariables/0028.trace,8bcddab97136a801a319,increasingNumVariables,plain,37,2,TIMEOUT,,,6,unsat,215.07705644900125,,cfa75835ea62dc24c6f1edb0514f4436e233e70d5a143f6a84bb29c269b9b906,,0,rq1-exact-623-20260926-5x,0
increasingNumVariables/0028.trace,8bcddab97136a801a319,increasingNumVariables,plain,37,2,TIMEOUT,,,7,unknown,1508.8495770430018,timeout,b1915fd8a8ea63709740d43944eb7f239f35de9996779cab6f35553d5e78b7d7,,0,rq1-exact-623-20260926-5x,0
increasingNumVariables/0029.trace,0d12b271ddcde03353eb,increasingNumVariables,plain,37,2,TIMEOUT,,,1,unsat,0.3685123230025056,,3f50a0f7d95883aecb25f4f3cc838e394139423697ed7761819a5aece4d688ef,,0,rq1-exact-623-20260926-5x,0
increasingNumVariables/0029.trace,0d12b271ddcde03353eb,increasingNumVariables,plain,37,2,TIMEOUT,,,2,unsat,1.5567488460001186,,c764836ad9bc9eca2c71af338f3cfdddb355dc822de605801c48ef379d7d9678,,0,rq1-exact-623-20260926-5x,0
increasingNumVariables/0029.trace,0d12b271ddcde03353eb,increasingNumVariables,plain,37,2,TIMEOUT,,,3,unsat,3.3974660120002227,,f40df4d679316d15850694b4572329e401d477ab284d74a2500b3416117b1750,,0,rq1-exact-623-20260926-5x,0
increasingNumVariables/0029.trace,0d12b271ddcde03353eb,increasingNumVariables,plain,37,2,TIMEOUT,,,4,unsat,7.655399748997297,,7e15e04cf8f91454185f004bd8b4d4f989b3eb42685595d7cf89560cfc6c6b7a,,0,rq1-exact-623-20260926-5x,0
increasingNumVariables/0029.trace,0d12b271ddcde03353eb,increasingNumVariables,plain,37,2,TIMEOUT,,,5,unsat,39.414675514999544,,3ffe597020252709afb85e3b09e367881eceefe06df80dcaf6d6dfd267b1d41c,,0,rq1-exact-623-20260926-5x,0
increasingNumVariables/0029.trace,0d12b271ddcde03353eb,increasingNumVariables,plain,37,2,TIMEOUT,,,6,unsat,294.0355150500036,,aa7be033ea722244e6147c07fa670317eef164e7854679455194d84e147f2da6,,0,rq1-exact-623-20260926-5x,0
increasingNumVariables/0029.trace,0d12b271ddcde03353eb,increasingNumVariables,plain,37,2,TIMEOUT,,,7,unknown,1510.3499822980011,timeout,340d18405692f57048af622af0935a9dcc34335701c8fde67e6785a8bae2901b,,0,rq1-exact-623-20260926-5x,0
increasingNumVariables/0030.trace,7b07e289b414ec8ea285,increasingNumVariables,plain,37,2,TIMEOUT,,,1,unsat,0.39937476300110575,,60e75b9ed7259f9658f2fb438b5d7db96ae9bfcae5cde78cf308a94cad0e2259,,0,rq1-exact-623-20260926-5x,0
increasingNumVariables/0030.trace,7b07e289b414ec8ea285,increasingNumVariables,plain,37,2,TIMEOUT,,,2,unsat,1.6978376699989894,,4c7f20f62930ced2d8dfee03a1e3455f4b6e74f12f4b6c2ec0752b5e6d6ad782,,0,rq1-exact-623-20260926-5x,0
increasingNumVariables/0030.trace,7b07e289b414ec8ea285,increasingNumVariables,plain,37,2,TIMEOUT,,,3,unsat,3.5143507730026613,,a5d33c188e6d94cdab9661a809f3592fd3ade3109cd534ae5bac5342e0ec8acf,,0,rq1-exact-623-20260926-5x,0
increasingNumVariables/0030.trace,7b07e289b414ec8ea285,increasingNumVariables,plain,37,2,TIMEOUT,,,4,unsat,8.911353668998345,,1b541cd85f3f435596840afe0882267058640de7f1907e9f5df09ff846d3f5b5,,0,rq1-exact-623-20260926-5x,0
increasingNumVariables/0030.trace,7b07e289b414ec8ea285,increasingNumVariables,plain,37,2,TIMEOUT,,,5,unsat,30.156695717996627,,3bcd802fcab46ac2dcc0a9558129171c3dddfa0915a503653f1f288250fba807,,0,rq1-exact-623-20260926-5x,0
increasingNumVariables/0030.trace,7b07e289b414ec8ea285,increasingNumVariables,plain,37,2,TIMEOUT,,,6,unsat,245.74942397500126,,76ac569602a3d87102ef0b13892340fcc87137c5718818ef77eab46c6256ad3b,,0,rq1-exact-623-20260926-5x,0
increasingNumVariables/0030.trace,7b07e289b414ec8ea285,increasingNumVariables,plain,37,2,TIMEOUT,,,7,unknown,1511.1063403860026,timeout,0f5f8e19f3dfbd17e164156bbdd342ecdd1fde03fe3a9c586dd84134d3df5bda,,0,rq1-exact-623-20260926-5x,0
increasingNumVariables/0031.trace,3af3d5d9697d286789a6,increasingNumVariables,plain,37,2,TIMEOUT,,,1,unsat,0.5303094180053449,,4c45016bb0604af31407b14f05de4b30c23e91ad58c3f5bad361504ad152f354,,0,rq1-exact-623-20260926-5x,0
increasingNumVariables/0031.trace,3af3d5d9697d286789a6,increasingNumVariables,plain,37,2,TIMEOUT,,,2,unsat,2.2787583009994705,,cc09be9bb56f0e1d5c99503b6a0a317f7fb340a11c470a0138df35a10db532ac,,0,rq1-exact-623-20260926-5x,0
increasingNumVariables/0031.trace,3af3d5d9697d286789a6,increasingNumVariables,plain,37,2,TIMEOUT,,,3,unsat,4.556759491999401,,c9a91f935679ed545244241c6ae00a1864bef7f0d71c3f7dcf3f69c9819027a0,,0,rq1-exact-623-20260926-5x,0
increasingNumVariables/0031.trace,3af3d5d9697d286789a6,increasingNumVariables,plain,37,2,TIMEOUT,,,4,unsat,10.41919598399545,,32857cd32c31d93ab6f947ab06ce9bb7963be313f80044f82a1b9780c8c9e34f,,0,rq1-exact-623-20260926-5x,0
increasingNumVariables/0031.trace,3af3d5d9697d286789a6,increasingNumVariables,plain,37,2,TIMEOUT,,,5,unsat,44.97958158500114,,91f22a231a967f0e7a6f27bbcdcfd4b7c24816b75171a2ed92cf13d5c7b00b2e,,0,rq1-exact-623-20260926-5x,0
increasingNumVariables/0031.trace,3af3d5d9697d286789a6,increasingNumVariables,plain,37,2,TIMEOUT,,,6,unsat,463.603581192001,,95389e82013601327b8623350c207305a0457e2dde303dc76313003b4315590d,,0,rq1-exact-623-20260926-5x,0
increasingNumVariables/0031.trace,3af3d5d9697d286789a6,increasingNumVariables,plain,37,2,TIMEOUT,,,7,unknown,1512.4791483699955,timeout,6bf088aea900e8493698778da2fa983b6bbfa9b05fee9dae0e46c44e85623080,,0,rq1-exact-623-20260926-5x,0
increasingNumVariables/0032.trace,d20c54976a01453362b9,increasingNumVariables,plain,70,2,TIMEOUT,,,1,unsat,0.17077419999986887,,0e39cd580f909ec84ef57d8dda6dd9051091880ac62a8af577e6d906e0b39e31,,0,rq1-exact-623-20260926-5x,0
increasingNumVariables/0032.trace,d20c54976a01453362b9,increasingNumVariables,plain,70,2,TIMEOUT,,,2,unsat,0.6186566720061819,,7d32faf848b24b88d2454001d15a00e788945d1bb5182fed945db0de1ef887c0,,0,rq1-exact-623-20260926-5x,0
increasingNumVariables/0032.trace,d20c54976a01453362b9,increasingNumVariables,plain,70,2,TIMEOUT,,,3,unsat,1.2306446010043146,,63b831f09ed5db30184c8635528b757a57559c1f4b9e9566d582e9b53b7d1739,,0,rq1-exact-623-20260926-5x,0
increasingNumVariables/0032.trace,d20c54976a01453362b9,increasingNumVariables,plain,70,2,TIMEOUT,,,4,unsat,2.355493541996111,,30db0cf2c1f94b62d0dbb9b85117fb5d5ad01323dce656e5b64d9e81b97fc710,,0,rq1-exact-623-20260926-5x,0
increasingNumVariables/0032.trace,d20c54976a01453362b9,increasingNumVariables,plain,70,2,TIMEOUT,,,5,unsat,10.203030185002717,,f90522657b580fccbe0a8eb86dbbeaca8c87978aa706c133c746a00473a20837,,0,rq1-exact-623-20260926-5x,0
increasingNumVariables/0032.trace,d20c54976a01453362b9,increasingNumVariables,plain,70,2,TIMEOUT,,,6,unsat,75.88619108100102,,111328ed0e2bd4fa8a15fab4f101d3bcd143a4bdd2c1f515c5ee2bdee3230177,,0,rq1-exact-623-20260926-5x,0
increasingNumVariables/0032.trace,d20c54976a01453362b9,increasingNumVariables,plain,70,2,TIMEOUT,,,7,unsat,613.989638305,,5ac400e72e15afbd67a226834a670f49eb9ac4a54a9e20de81fa77c1132fcb4e,,0,rq1-exact-623-20260926-5x,0
increasingNumVariables/0032.trace,d20c54976a01453362b9,increasingNumVariables,plain,70,2,TIMEOUT,,,8,unknown,1503.2837996709932,timeout,117d7ec81c2b1cb6ff67b2187e5e977811187b446cfc0bb659d0743c74b3fa5e,,0,rq1-exact-623-20260926-5x,0
increasingNumVariables/0033.trace,a6292bb8fc17bcbcedf7,increasingNumVariables,plain,70,2,TIMEOUT,,,1,unsat,0.22367449900048086,,27012644f82d9614ef5fc5699bbaad7cfc54cfebdce5a74245860e6d8998618e,,0,rq1-exact-623-20260926-5x,0
increasingNumVariables/0033.trace,a6292bb8fc17bcbcedf7,increasingNumVariables,plain,70,2,TIMEOUT,,,2,unsat,0.8396372030038037,,773ac8de806203a619a0d495acb0302046ab555289a099db03924f57da952838,,0,rq1-exact-623-20260926-5x,0
increasingNumVariables/0033.trace,a6292bb8fc17bcbcedf7,increasingNumVariables,plain,70,2,TIMEOUT,,,3,unsat,1.6631161229961435,,e3d1e30a9741b7188f89916184b98652ddc770a39a25ce3272f5127c6f00be0d,,0,rq1-exact-623-20260926-5x,0
increasingNumVariables/0033.trace,a6292bb8fc17bcbcedf7,increasingNumVariables,plain,70,2,TIMEOUT,,,4,unsat,3.4631487540027592,,c20b89e3b9dd5a5c54f6ebf7db260066d5ab670b231acdd3d6c3045f69928698,,0,rq1-exact-623-20260926-5x,0
increasingNumVariables/0033.trace,a6292bb8fc17bcbcedf7,increasingNumVariables,plain,70,2,TIMEOUT,,,5,unsat,18.847492501998204,,35872b51842e79cc3a19af23ae96b978404bf9cc050b9b904095da34cf43ae93,,0,rq1-exact-623-20260926-5x,0
increasingNumVariables/0033.trace,a6292bb8fc17bcbcedf7,increasingNumVariables,plain,70,2,TIMEOUT,,,6,unsat,184.4231989280015,,82cfac0fba79215323c3a7bcd2abb2f1cfd651d4ec8520a5f049e61f39c1270d,,0,rq1-exact-623-20260926-5x,0
increasingNumVariables/0033.trace,a6292bb8fc17bcbcedf7,increasingNumVariables,plain,70,2,TIMEOUT,,,7,unknown,1505.428105897001,timeout,fe372213a73e4064856be0e28652d80778f0a671d0dc952fe05dd25f17a299a1,,0,rq1-exact-623-20260926-5x,0
increasingNumVariables/0034.trace,e630a8ac8154589e692b,increasingNumVariables,plain,70,2,TIMEOUT,,,1,unsat,0.18615335500362562,,2c3b3acb6a73ede11d57d8103b2f5246586db39d8788f49917aebcb5cf2c3c8f,,0,rq1-exact-623-20260926-5x,0
increasingNumVariables/0034.trace,e630a8ac8154589e692b,increasingNumVariables,plain,70,2,TIMEOUT,,,2,unsat,0.7018681699992158,,eeb0bd2ebf8f111c37b4dfa923ca09a4982adf3b5364fc6b0de925341970ec01,,0,rq1-exact-623-20260926-5x,0
increasingNumVariables/0034.trace,e630a8ac8154589e692b,increasingNumVariables,plain,70,2,TIMEOUT,,,3,unsat,1.3913034850047552,,681ba7b12435f7097047c83263d057672ba337d7d7bc8ed9b16f3b04fd663f3c,,0,rq1-exact-623-20260926-5x,0
increasingNumVariables/0034.trace,e630a8ac8154589e692b,increasingNumVariables,plain,70,2,TIMEOUT,,,4,unsat,2.9468650490016444,,680d75d4ce6e2e0a4b5404648a823224eb247f7007bd804380573f68645e2de5,,0,rq1-exact-623-20260926-5x,0
increasingNumVariables/0034.trace,e630a8ac8154589e692b,increasingNumVariables,plain,70,2,TIMEOUT,,,5,unsat,14.204507500995533,,1788cc802f7655d350604b0d1c13a90acdedb4df2f8d4df899e822186ae7202b,,0,rq1-exact-623-20260926-5x,0
increasingNumVariables/0034.trace,e630a8ac8154589e692b,increasingNumVariables,plain,70,2,TIMEOUT,,,6,unsat,121.54279763399973,,535143433c6d111eed7910116f9a8b55beadf7f440b5c358960f2854670c5c6b,,0,rq1-exact-623-20260926-5x,0
increasingNumVariables/0034.trace,e630a8ac8154589e692b,increasingNumVariables,plain,70,2,TIMEOUT,,,7,unsat,993.3415388089998,,bb5b252ad070dc44743a6fc1c01b52bda96c3815f481b85aa80d2fb35a0ad2da,,0,rq1-exact-623-20260926-5x,0
increasingNumVariables/0034.trace,e630a8ac8154589e692b,increasingNumVariables,plain,70,2,TIMEOUT,,,8,unknown,1505.5958106710023,timeout,28fb79beafd56dca900fff10efcab367378a6a414d10e881d25382ae5af2ad08,,0,rq1-exact-623-20260926-5x,0
increasingNumVariables/0035.trace,1190f115131247a7bb7c,increasingNumVariables,plain,70,2,TIMEOUT,,,1,unsat,0.3110708560052444,,d8d909755cbf3803be8febc6b0bc1cb01453c3e612b87cba642522fe35721da1,,0,rq1-exact-623-20260926-5x,0
increasingNumVariables/0035.trace,1190f115131247a7bb7c,increasingNumVariables,plain,70,2,TIMEOUT,,,2,unsat,1.2225064529993688,,9506be1063f1ae69b42f0cf67a59e355fadf0dd1ec43a80ffa901219c7f4e1b1,,0,rq1-exact-623-20260926-5x,0
increasingNumVariables/0035.trace,1190f115131247a7bb7c,increasingNumVariables,plain,70,2,TIMEOUT,,,3,unsat,2.520860126998741,,46b7b2341fd364836b3aca1faff19f389c48440807fe109c2064d912a1c8c0e2,,0,rq1-exact-623-20260926-5x,0
increasingNumVariables/0035.trace,1190f115131247a7bb7c,increasingNumVariables,plain,70,2,TIMEOUT,,,4,unsat,5.438373082994076,,3a0aa4314d8f2ae746fcfaa69b68986c38f55b41e2cd7fd3773f6f2fb5dfaef4,,0,rq1-exact-623-20260926-5x,0
increasingNumVariables/0035.trace,1190f115131247a7bb7c,increasingNumVariables,plain,70,2,TIMEOUT,,,5,unsat,25.244180337002035,,fe9aa7f2c9bcdcc776dad95db496fef19fddba7ee371a599af83d3e9548bff61,,0,rq1-exact-623-20260926-5x,0
increasingNumVariables/0035.trace,1190f115131247a7bb7c,increasingNumVariables,plain,70,2,TIMEOUT,,,6,unsat,297.8013084560007,,70154adfce71af428e7613aba025d4cf3b8cec626c8dec063e7fc5da22a15253,,0,rq1-exact-623-20260926-5x,0
increasingNumVariables/0035.trace,1190f115131247a7bb7c,increasingNumVariables,plain,70,2,TIMEOUT,,,7,unknown,1507.7908524609957,timeout,c7ee3b4581e9021ff003b80a579d06f47a90ad47556eac8805d55a04432d4a6f,,0,rq1-exact-623-20260926-5x,0
increasingNumVariables/0036.trace,930f9ca7fca84a567f96,increasingNumVariables,plain,70,2,TIMEOUT,,,1,unsat,0.2501914210006362,,0b1c22bf1f3339e2db2e26cef75f229d0c45f0a9b1e74f1facfd072757ff575c,,0,rq1-exact-623-20260926-5x,0
increasingNumVariables/0036.trace,930f9ca7fca84a567f96,increasingNumVariables,plain,70,2,TIMEOUT,,,2,unsat,0.9722555820044363,,8ae528c532f18cf736b97fa46e936819c78699ac47c604870d187d5f640d4f91,,0,rq1-exact-623-20260926-5x,0
increasingNumVariables/0036.trace,930f9ca7fca84a567f96,increasingNumVariables,plain,70,2,TIMEOUT,,,3,unsat,1.9694250699976692,,da23c08cc12e70724f78008cef16b67ab58441b6dcfdc0c48e8e755ffbc6c25c,,0,rq1-exact-623-20260926-5x,0
increasingNumVariables/0036.trace,930f9ca7fca84a567f96,increasingNumVariables,plain,70,2,TIMEOUT,,,4,unsat,4.169153446993732,,38bf75d2680bf968ebf461da1b6788b4fda6dab4e8224d1c6a437b654dfa03d6,,0,rq1-exact-623-20260926-5x,0
increasingNumVariables/0036.trace,930f9ca7fca84a567f96,increasingNumVariables,plain,70,2,TIMEOUT,,,5,unsat,18.83398719700199,,73af3bfb0ced8ba02e868c7cfd7e33de570f7f412640ef3e73e12f5ee048569a,,0,rq1-exact-623-20260926-5x,0
increasingNumVariables/0036.trace,930f9ca7fca84a567f96,increasingNumVariables,plain,70,2,TIMEOUT,,,6,unsat,156.05973170499783,,c2a4c52a3deddf6c352a73e3f85ea50f69367c01af1042025b5e9ad2f13fd7e0,,0,rq1-exact-623-20260926-5x,0
increasingNumVariables/0036.trace,930f9ca7fca84a567f96,increasingNumVariables,plain,70,2,TIMEOUT,,,7,unsat,1434.1342537200035,,3e89c0b14acfa7596921ae58c32c38f804fe4c0d54f84adbab0cbe0d95bfe0b0,,0,rq1-exact-623-20260926-5x,0
increasingNumVariables/0036.trace,930f9ca7fca84a567f96,increasingNumVariables,plain,70,2,TIMEOUT,,,8,unknown,1507.7299468789934,timeout,950bc9aaff6f86dc42237a33d93f57178a1b40db731060c55f1facc9b4ae85f6,,0,rq1-exact-623-20260926-5x,0
increasingNumVariables/0037.trace,3c2e0fd80cb1af60e50e,increasingNumVariables,plain,70,2,TIMEOUT,,,1,unsat,0.42692215900024166,,12e584cd7821361c1ddc400f5805760578729bb3ea25de1efbf8ee4b654b5643,,0,rq1-exact-623-20260926-5x,0
increasingNumVariables/0037.trace,3c2e0fd80cb1af60e50e,increasingNumVariables,plain,70,2,TIMEOUT,,,2,unsat,1.679901855000935,,718001a1713daa936bf3c20630463283a2592f3e8b2691aaeec506c65fd75cf2,,0,rq1-exact-623-20260926-5x,0
increasingNumVariables/0037.trace,3c2e0fd80cb1af60e50e,increasingNumVariables,plain,70,2,TIMEOUT,,,3,unsat,3.4779214309965027,,b2b1b6e7a5adde75798ebb5cf3a2a9e234f43650907ab6fa8f98c02a45c63d9f,,0,rq1-exact-623-20260926-5x,0
increasingNumVariables/0037.trace,3c2e0fd80cb1af60e50e,increasingNumVariables,plain,70,2,TIMEOUT,,,4,unsat,7.997938432003139,,5c4710aa55c22cbb737097f87d2c61ba6b6c16d4dcc3d9515e3e5909d334df43,,0,rq1-exact-623-20260926-5x,0
increasingNumVariables/0037.trace,3c2e0fd80cb1af60e50e,increasingNumVariables,plain,70,2,TIMEOUT,,,5,unsat,35.39649544099666,,aeb898ce941fda2918b9e7dec5d03ca9340ccea3bc787be52273b515e8e2d027,,0,rq1-exact-623-20260926-5x,0
increasingNumVariables/0037.trace,3c2e0fd80cb1af60e50e,increasingNumVariables,plain,70,2,TIMEOUT,,,6,unsat,389.825595849994,,90a3c179864de7e580ab6e9044655152e7d1bd480d34111bb7fd3e5319283306,,0,rq1-exact-623-20260926-5x,0
increasingNumVariables/0037.trace,3c2e0fd80cb1af60e50e,increasingNumVariables,plain,70,2,TIMEOUT,,,7,unknown,1510.6642085210042,timeout,e7dd311d7d398e8baef7d25f8663c5bdf5d84b939a27aa1ad4def682bd262730,,0,rq1-exact-623-20260926-5x,0
increasingNumVariables/0038.trace,46dd6c3c6fba7baab5e7,increasingNumVariables,plain,70,2,TIMEOUT,,,1,unsat,0.47264439999707974,,6a27d63257e9250e3f2332ad2375b50ca271b8348c7921239036cd3ecf99e79d,,0,rq1-exact-623-20260926-5x,0
increasingNumVariables/0038.trace,46dd6c3c6fba7baab5e7,increasingNumVariables,plain,70,2,TIMEOUT,,,2,unsat,1.8683334369998192,,dd32dcf41a4539f21adea0ce1548f91e42866e8c5f22cd66262de5e58da9bb2e,,0,rq1-exact-623-20260926-5x,0
increasingNumVariables/0038.trace,46dd6c3c6fba7baab5e7,increasingNumVariables,plain,70,2,TIMEOUT,,,3,unsat,3.868171808004263,,16909a85e9d29c5fea793a8fac56bb9da8bade17923788280061bf1beda5f924,,0,rq1-exact-623-20260926-5x,0
increasingNumVariables/0038.trace,46dd6c3c6fba7baab5e7,increasingNumVariables,plain,70,2,TIMEOUT,,,4,unsat,8.76035211099952,,e1a8fc738591d2eab24d416a00f683c651713130cd541cc031f1856deed37ca3,,0,rq1-exact-623-20260926-5x,0
increasingNumVariables/0038.trace,46dd6c3c6fba7baab5e7,increasingNumVariables,plain,70,2,TIMEOUT,,,5,unsat,40.32250953300536,,b418c0ae793cc06a5631fbe8db1aad8670ca885085370902e2d4f31786cf6004,,0,rq1-exact-623-20260926-5x,0
increasingNumVariables/0038.trace,46dd6c3c6fba7baab5e7,increasingNumVariables,plain,70,2,TIMEOUT,,,6,unsat,351.65169784599857,,d14f633b7a15f58ab4b271ff77639a0fc4d1eed62abff7cbdd62f7949f90b8c2,,0,rq1-exact-623-20260926-5x,0
increasingNumVariables/0038.trace,46dd6c3c6fba7baab5e7,increasingNumVariables,plain,70,2,TIMEOUT,,,7,unknown,1511.863510340001,timeout,cfd34b0af2a46dd8355fa88a09b8c6a1e31a52c14b839b0ba2bd844756a565d5,,0,rq1-exact-623-20260926-5x,0
increasingNumVariables/0039.trace,40155888108d5dd9689e,increasingNumVariables,plain,70,2,TIMEOUT,,,1,unsat,0.5029174419978517,,96c9f16a40f78c8700dba56bc9237a35db8daa37c10c6cc06a050acfb347c3a7,,0,rq1-exact-623-20260926-5x,0
increasingNumVariables/0039.trace,40155888108d5dd9689e,increasingNumVariables,plain,70,2,TIMEOUT,,,2,unsat,2.0310260520054726,,d8e17f3aa8299292af2aa7874ba4aae75db176e3c6054382d298e4a30b7e1f58,,0,rq1-exact-623-20260926-5x,0
increasingNumVariables/0039.trace,40155888108d5dd9689e,increasingNumVariables,plain,70,2,TIMEOUT,,,3,unsat,4.165092153001751,,64a454ae798938445e0b7407f62cf8430590a6cddebaa0e455c1242edf936ae4,,0,rq1-exact-623-20260926-5x,0
increasingNumVariables/0039.trace,40155888108d5dd9689e,increasingNumVariables,plain,70,2,TIMEOUT,,,4,unsat,9.97524144899944,,67f00c53f3e8aaac34a96fe5823bd9476446117b77db2de153be3296d25ed9fa,,0,rq1-exact-623-20260926-5x,0
increasingNumVariables/0039.trace,40155888108d5dd9689e,increasingNumVariables,plain,70,2,TIMEOUT,,,5,unsat,44.84225816599792,,864b28921657e7111536ba349b0f01db6b7d240e0a57e32e15a608c6c72d34e4,,0,rq1-exact-623-20260926-5x,0
increasingNumVariables/0039.trace,40155888108d5dd9689e,increasingNumVariables,plain,70,2,TIMEOUT,,,6,unsat,433.49157801899855,,63cd9658355c28e9a05ec3dfd2e55185150e9eba4298a0b463feb1d90140818c,,0,rq1-exact-623-20260926-5x,0
increasingNumVariables/0039.trace,40155888108d5dd9689e,increasingNumVariables,plain,70,2,TIMEOUT,,,7,unknown,1512.8179843909966,timeout,323a6f51c6aef6fe4203f604d1f88de0002f86bbea0eb87961fbf7e11fe4402d,,0,rq1-exact-623-20260926-5x,0
increasingNumVariables/0040.trace,94e91d48897b1b371d6e,increasingNumVariables,plain,135,2,TIMEOUT,,,1,unsat,0.1920655549984076,,4ec9ca7f15feea874216da9fb2b492f2d3244e813006fdd28ae9f518a8f2a105,,0,rq1-exact-623-20260926-5x,0
increasingNumVariables/0040.trace,94e91d48897b1b371d6e,increasingNumVariables,plain,135,2,TIMEOUT,,,2,unsat,0.6654740589947323,,f05ed45f61b56b8e58a7f413f4e6b75807c1f2e64105c33395017877be9cdff2,,0,rq1-exact-623-20260926-5x,0
increasingNumVariables/0040.trace,94e91d48897b1b371d6e,increasingNumVariables,plain,135,2,TIMEOUT,,,3,unsat,1.3315094440040411,,37fa563abf7aef5378dac18a85effc4ba88768d8f1bb637261c8dddae40cb511,,0,rq1-exact-623-20260926-5x,0
increasingNumVariables/0040.trace,94e91d48897b1b371d6e,increasingNumVariables,plain,135,2,TIMEOUT,,,4,unsat,2.7294597569998587,,473bea4953865335e99786f21548fb9c0ae10acafac287dfebc71d8d41bea3e7,,0,rq1-exact-623-20260926-5x,0
increasingNumVariables/0040.trace,94e91d48897b1b371d6e,increasingNumVariables,plain,135,2,TIMEOUT,,,5,unsat,14.576579774002312,,aebd76854069396fa274fe5f3885185c8d16c281a3fcdffe8cd750b0078b76c9,,0,rq1-exact-623-20260926-5x,0
increasingNumVariables/0040.trace,94e91d48897b1b371d6e,increasingNumVariables,plain,135,2,TIMEOUT,,,6,unsat,121.29053767900041,,78bbb3a12c1c671b327b8a8916a0500c464b04305e3c23993322d159605e1f68,,0,rq1-exact-623-20260926-5x,0
increasingNumVariables/0040.trace,94e91d48897b1b371d6e,increasingNumVariables,plain,135,2,TIMEOUT,,,7,unsat,999.6183329300038,,213a9a86abc6907c2413a91d38eaeb1f04ebf4e074efb99bc40a14d5d7e3a425,,0,rq1-exact-623-20260926-5x,0
increasingNumVariables/0040.trace,94e91d48897b1b371d6e,increasingNumVariables,plain,135,2,TIMEOUT,,,8,unknown,1504.972725102998,timeout,b1a0117f7b740ffe8d6d770a4b6582db0a0a1b0b062109c73c6136f07cdb22fa,,0,rq1-exact-623-20260926-5x,0
increasingNumVariables/0041.trace,d945850f52a268bc40b5,increasingNumVariables,plain,135,2,TIMEOUT,,,1,unsat,0.16894314200180816,,0f9530fd8acf97f3f4475e7ab81f47405f1cf4cac64c8760e7c01abdcc474f32,,0,rq1-exact-623-20260926-5x,0
increasingNumVariables/0041.trace,d945850f52a268bc40b5,increasingNumVariables,plain,135,2,TIMEOUT,,,2,unsat,0.5917228800026351,,8977b2b1721d1b06292e7dde48c8fb33bcb4ba8540d0610362da5b886f5a8a56,,0,rq1-exact-623-20260926-5x,0
increasingNumVariables/0041.trace,d945850f52a268bc40b5,increasingNumVariables,plain,135,2,TIMEOUT,,,3,unsat,1.1782560290012043,,26f9db0d2b1b1a2da9f7d2cebcc5bf2b3982aea88863a7baa4471700dfb8f986,,0,rq1-exact-623-20260926-5x,0
increasingNumVariables/0041.trace,d945850f52a268bc40b5,increasingNumVariables,plain,135,2,TIMEOUT,,,4,unsat,2.280200095003238,,0d27e8d8cdfffacb81fbe3f92aa499f7caeb7fd605a25b713b6c77361772416f,,0,rq1-exact-623-20260926-5x,0
increasingNumVariables/0041.trace,d945850f52a268bc40b5,increasingNumVariables,plain,135,2,TIMEOUT,,,5,unsat,8.120674883000902,,2eb2c4ca085f48cb4feefa97b0c2f662e9d97e31438b547fc9aa44007dec61dd,,0,rq1-exact-623-20260926-5x,0
increasingNumVariables/0041.trace,d945850f52a268bc40b5,increasingNumVariables,plain,135,2,TIMEOUT,,,6,unsat,114.14648577199841,,8e4816b99e45ec8850f4b403831c22c720943aea546c166d18c8ee3fd0f2d0dc,,0,rq1-exact-623-20260926-5x,0
increasingNumVariables/0041.trace,d945850f52a268bc40b5,increasingNumVariables,plain,135,2,TIMEOUT,,,7,unsat,759.5410071930019,,148f6e5092426e3a943452c6a3c780b0c5f3d7af8a6ca1aed23dfb64d8080b33,,0,rq1-exact-623-20260926-5x,0
increasingNumVariables/0041.trace,d945850f52a268bc40b5,increasingNumVariables,plain,135,2,TIMEOUT,,,8,unknown,1504.5309319160006,timeout,30a6e583c95110d44291e7d85772b8b6eae3be5df2ddada5e3121f5ddfcb4c69,,0,rq1-exact-623-20260926-5x,0
increasingNumVariables/0042.trace,ff220d694b012508e4c4,increasingNumVariables,plain,135,2,TIMEOUT,,,1,unsat,0.2982974609985831,,e02337e749a5f9adc6b397d3000bc72d54eeeca3e8dbc49cb25d85ef5fb14caf,,0,rq1-exact-623-20260926-5x,0
increasingNumVariables/0042.trace,ff220d694b012508e4c4,increasingNumVariables,plain,135,2,TIMEOUT,,,2,unsat,1.0612289350028732,,f5eab07548107f4e0f169f5d2300c9db9b5c784beabe83066710dc9c6829ad1f,,0,rq1-exact-623-20260926-5x,0
increasingNumVariables/0042.trace,ff220d694b012508e4c4,increasingNumVariables,plain,135,2,TIMEOUT,,,3,unsat,2.2071681800007354,,4626785848f242a7a78c125abb7093f5a1af3c9366408fa080093bf13c9e7168,,0,rq1-exact-623-20260926-5x,0
increasingNumVariables/0042.trace,ff220d694b012508e4c4,increasingNumVariables,plain,135,2,TIMEOUT,,,4,unsat,4.570000625004468,,0e338c5e6796a6ca518a41dc36fe4cf255dffe1a0c919fc290003972a8734d2e,,0,rq1-exact-623-20260926-5x,0
increasingNumVariables/0042.trace,ff220d694b012508e4c4,increasingNumVariables,plain,135,2,TIMEOUT,,,5,unsat,25.937952476000646,,30b36f71413d47dc7fdf170a86263594ac947c12a4bc857c520236cfb8297cc3,,0,rq1-exact-623-20260926-5x,0
increasingNumVariables/0042.trace,ff220d694b012508e4c4,increasingNumVariables,plain,135,2,TIMEOUT,,,6,unsat,249.863973739004,,b79b3a882cee01cf46c9329abfc907bee562d9ebadb2f038c12f28050f62f77a,,0,rq1-exact-623-20260926-5x,0
increasingNumVariables/0042.trace,ff220d694b012508e4c4,increasingNumVariables,plain,135,2,TIMEOUT,,,7,unknown,1506.6438725929984,timeout,64895388b10b4651570b0d6e18e22dbf84bd7e6e8a94cb1d4793f6c6e9b3a580,,0,rq1-exact-623-20260926-5x,0
increasingNumVariables/0043.trace,ab1fa8adb1d4937d2e78,increasingNumVariables,plain,135,2,TIMEOUT,,,1,unsat,0.23915831599879311,,bf45714ffb1eb04c8203f7ec6e0b3a2e18f72547dd9b108ec9c8966e3420ab44,,0,rq1-exact-623-20260926-5x,0
increasingNumVariables/0043.trace,ab1fa8adb1d4937d2e78,increasingNumVariables,plain,135,2,TIMEOUT,,,2,unsat,0.8672689339946373,,6b413a0e3c2aba085e4b1728999e4d891e599e1ba04450019d6e7e156b108181,,0,rq1-exact-623-20260926-5x,0
increasingNumVariables/0043.trace,ab1fa8adb1d4937d2e78,increasingNumVariables,plain,135,2,TIMEOUT,,,3,unsat,1.7331765810013167,,26b5dcfa186a0dbb4303cb0dc2628111df584c84a66a63fc6301241e7322242c,,0,rq1-exact-623-20260926-5x,0
increasingNumVariables/0043.trace,ab1fa8adb1d4937d2e78,increasingNumVariables,plain,135,2,TIMEOUT,,,4,unsat,3.2915649689966813,,fe6b9800da13a61b996c8ab6d684e228d40e28806df74eb09bcd15f85778af40,,0,rq1-exact-623-20260926-5x,0
increasingNumVariables/0043.trace,ab1fa8adb1d4937d2e78,increasingNumVariables,plain,135,2,TIMEOUT,,,5,unsat,11.565167192005902,,e38509e94771b74a63bbd3714ecec81d5d0350611122edabb17167e23d558d48,,0,rq1-exact-623-20260926-5x,0
increasingNumVariables/0043.trace,ab1fa8adb1d4937d2e78,increasingNumVariables,plain,135,2,TIMEOUT,,,6,unsat,100.03936113599775,,f8ffdbcb6f95f3d94de38159dbbb315d69b3b88893164529e60fa512dce96b01,,0,rq1-exact-623-20260926-5x,0
increasingNumVariables/0043.trace,ab1fa8adb1d4937d2e78,increasingNumVariables,plain,135,2,TIMEOUT,,,7,unsat,1374.425217488002,,bceeb846b6336e73e8dd579814ce801cff26211331ce974b881fe8862bac9359,,0,rq1-exact-623-20260926-5x,0
increasingNumVariables/0043.trace,ab1fa8adb1d4937d2e78,increasingNumVariables,plain,135,2,TIMEOUT,,,8,unknown,1506.7550354780033,timeout,01890ecdf61ecf25a3ac1dfd8f8990b52522d732a55439152e47a2d7625a19ae,,0,rq1-exact-623-20260926-5x,0
increasingNumVariables/0044.trace,5691c25a7be1ee4099df,increasingNumVariables,plain,135,2,TIMEOUT,,,1,unsat,0.39358010800060583,,205b4edf1bdbde4c3c29f70dacbeb988f2e9f1788ee619c7311421399d2e3d1a,,0,rq1-exact-623-20260926-5x,0
increasingNumVariables/0044.trace,5691c25a7be1ee4099df,increasingNumVariables,plain,135,2,TIMEOUT,,,2,unsat,1.4553230080055073,,8ed31981d6906b4f9b01d18566401f828efe470eaf75da3d831acd31b5248287,,0,rq1-exact-623-20260926-5x,0
increasingNumVariables/0044.trace,5691c25a7be1ee4099df,increasingNumVariables,plain,135,2,TIMEOUT,,,3,unsat,2.9747684829999343,,ab3de73e76c823925b2752339fc62a07214121a55a3ac3eef2bf247c71f7fc6c,,0,rq1-exact-623-20260926-5x,0
increasingNumVariables/0044.trace,5691c25a7be1ee4099df,increasingNumVariables,plain,135,2,TIMEOUT,,,4,unsat,6.4151691920051235,,279ff6ab46eba8cdecdab7410db5fc633c8856ece9f172bc4335b79204a75fa4,,0,rq1-exact-623-20260926-5x,0
increasingNumVariables/0044.trace,5691c25a7be1ee4099df,increasingNumVariables,plain,135,2,TIMEOUT,,,5,unsat,31.53119978599716,,0d5edffa866f4f3ea9ba0c9d75fe04c1f7e03192d873f687761bc623f7ecc7b3,,0,rq1-exact-623-20260926-5x,0
increasingNumVariables/0044.trace,5691c25a7be1ee4099df,increasingNumVariables,plain,135,2,TIMEOUT,,,6,unsat,270.36433612900146,,b6326ed922feb5286596a81f33db2d8fcd3eba34e8905632c031a829b23d0de0,,0,rq1-exact-623-20260926-5x,0
increasingNumVariables/0044.trace,5691c25a7be1ee4099df,increasingNumVariables,plain,135,2,TIMEOUT,,,7,unknown,1509.3911147570034,timeout,cf79a24baa035bf32b9fd04a5038d29a9fad565a344de1bbe11ec316229c4f57,,0,rq1-exact-623-20260926-5x,0
increasingNumVariables/0045.trace,00c506d5c65df9149f8f,increasingNumVariables,plain,135,2,TIMEOUT,,,1,unsat,0.322157567999966,,b8cc3353baf5525f2d96fd6ab0b1f7e53ed6e46fa7338944eaa59469e20e2c51,,0,rq1-exact-623-20260926-5x,0
increasingNumVariables/0045.trace,00c506d5c65df9149f8f,increasingNumVariables,plain,135,2,TIMEOUT,,,2,unsat,1.1974921970031573,,7ed423f5e93c57665c27421000922d266f6463a34c27c70c71254d95541be988,,0,rq1-exact-623-20260926-5x,0
increasingNumVariables/0045.trace,00c506d5c65df9149f8f,increasingNumVariables,plain,135,2,TIMEOUT,,,3,unsat,2.521352158000809,,5ee43f66f9da118297b3d0ceb3a656f77d8e3cf38ad6ae6e5399942699c3da96,,0,rq1-exact-623-20260926-5x,0
increasingNumVariables/0045.trace,00c506d5c65df9149f8f,increasingNumVariables,plain,135,2,TIMEOUT,,,4,unsat,5.374678962994949,,2a6c4b2120885ec9ae3bcceeac9c374b7b5bd63d06531fe58e56f4fbc88f6964,,0,rq1-exact-623-20260926-5x,0
increasingNumVariables/0045.trace,00c506d5c65df9149f8f,increasingNumVariables,plain,135,2,TIMEOUT,,,5,unsat,23.97793953999644,,23c9747788bc5828888f3a06e2d01f51914e831f7fe658de0762ad86eddd79fb,,0,rq1-exact-623-20260926-5x,0
increasingNumVariables/0045.trace,00c506d5c65df9149f8f,increasingNumVariables,plain,135,2,TIMEOUT,,,6,unsat,218.33477894700627,,36e40fd2c34082ae26cd5280a22c15e8c51c44e2ddae3cd602e3ea3fc4807779,,0,rq1-exact-623-20260926-5x,0
increasingNumVariables/0045.trace,00c506d5c65df9149f8f,increasingNumVariables,plain,135,2,TIMEOUT,,,7,unknown,1507.49314151,timeout,799a7bbcd4c5e1194e28bb7f2e31bf357584fc1adb48aff2081446bceb486b8d,,0,rq1-exact-623-20260926-5x,0
increasingNumVariables/0046.trace,b96dbb6dc3e4d021d34c,increasingNumVariables,plain,135,2,TIMEOUT,,,1,unsat,0.5123553299999912,,b431ee142eca7eea91591ffd5109e607548c222b02127ec0746d989392fcee43,,0,rq1-exact-623-20260926-5x,0
increasingNumVariables/0046.trace,b96dbb6dc3e4d021d34c,increasingNumVariables,plain,135,2,TIMEOUT,,,2,unsat,1.957190727996931,,75f25a038f2024de371edac573817e5cea390601323a2fc28475e914b95ac239,,0,rq1-exact-623-20260926-5x,0
increasingNumVariables/0046.trace,b96dbb6dc3e4d021d34c,increasingNumVariables,plain,135,2,TIMEOUT,,,3,unsat,4.149215084995376,,653cf8bc77c1c2fed5444b6b860025941d639fcf406e083620204c5c70887d47,,0,rq1-exact-623-20260926-5x,0
increasingNumVariables/0046.trace,b96dbb6dc3e4d021d34c,increasingNumVariables,plain,135,2,TIMEOUT,,,4,unsat,9.37102824599424,,aea4f244506f739066312a5938b7734ce35e6ac06080c57e2d57f6b9e60dc0af,,0,rq1-exact-623-20260926-5x,0
increasingNumVariables/0046.trace,b96dbb6dc3e4d021d34c,increasingNumVariables,plain,135,2,TIMEOUT,,,5,unsat,44.82459453499905,,117f1cb3d22a07adad9da05f47115a82447abf21d6d2d32faaedf58aa485ec5b,,0,rq1-exact-623-20260926-5x,0
increasingNumVariables/0046.trace,b96dbb6dc3e4d021d34c,increasingNumVariables,plain,135,2,TIMEOUT,,,6,unsat,386.3171136519959,,4be66ecceb2ebebf23d70828bf249ee23b4bde7d9e464f798291f4adc407fd85,,0,rq1-exact-623-20260926-5x,0
increasingNumVariables/0046.trace,b96dbb6dc3e4d021d34c,increasingNumVariables,plain,135,2,TIMEOUT,,,7,unknown,1512.1650300129986,timeout,8f4354d84843887ae92ea015576ac27327461a1848cc2f398931276086f7b4f8,,0,rq1-exact-623-20260926-5x,0
increasingNumVariables/0047.trace,6fbac21be3130b9a0018,increasingNumVariables,plain,135,2,TIMEOUT,,,1,unsat,0.40236745800211793,,1d7d362aa2e6e32050f42af07474794b38f6b8bd6c98d49ff5670c89efdcff25,,0,rq1-exact-623-20260926-5x,0
increasingNumVariables/0047.trace,6fbac21be3130b9a0018,increasingNumVariables,plain,135,2,TIMEOUT,,,2,unsat,1.4927650899990113,,0e9b3a75570bec8f7e4fd4e7908abd333b9c83b3f3b3482a4416fc76c0b564fc,,0,rq1-exact-623-20260926-5x,0
increasingNumVariables/0047.trace,6fbac21be3130b9a0018,increasingNumVariables,plain,135,2,TIMEOUT,,,3,unsat,3.1855612590006785,,86ca8c3ce04e56e8bf7f04fe18c1eea09b590f2ecc21ab8aaed00a04b983c8f9,,0,rq1-exact-623-20260926-5x,0
increasingNumVariables/0047.trace,6fbac21be3130b9a0018,increasingNumVariables,plain,135,2,TIMEOUT,,,4,unsat,7.366073575998598,,b0d0c205d461a26a2a6d2b6b60dac2c3ff13fa93cb3f9a00d7657696264ba8bb,,0,rq1-exact-623-20260926-5x,0
increasingNumVariables/0047.trace,6fbac21be3130b9a0018,increasingNumVariables,plain,135,2,TIMEOUT,,,5,unsat,31.911227803000656,,b5527b5104e57517e044f08282eff9ce93e9873fdf88605db04f8251d5a892a8,,0,rq1-exact-623-20260926-5x,0
increasingNumVariables/0047.trace,6fbac21be3130b9a0018,increasingNumVariables,plain,135,2,TIMEOUT,,,6,unsat,364.781888067002,,03f0eb7e6c5c3e0257a184ab19e12d3901df5755a35bcb63eaf15f780fbfbb9d,,0,rq1-exact-623-20260926-5x,0
increasingNumVariables/0047.trace,6fbac21be3130b9a0018,increasingNumVariables,plain,135,2,TIMEOUT,,,7,unknown,1509.3632768359967,timeout,e5c6852d634b46ff5cf29dd6a48bd88282b39139ef435a0f29bf64dc98b9ec27,,0,rq1-exact-623-20260926-5x,0
increasingNumVariables/0048.trace,da1caf66f0b1fabdacbc,increasingNumVariables,plain,264,2,TIMEOUT,,,1,unsat,0.20385359799547587,,7effef9317c05449bed40d02955d8df14d8ad0b5d50a59f6e04f5fa726c0bf18,,0,rq1-exact-623-20260926-5x,0
increasingNumVariables/0048.trace,da1caf66f0b1fabdacbc,increasingNumVariables,plain,264,2,TIMEOUT,,,2,unsat,0.6825836350035388,,e3a587d316e6477b1ed4028751dba7d6c69123f6b5e24ad2b8c302f82c491b6e,,0,rq1-exact-623-20260926-5x,0
increasingNumVariables/0048.trace,da1caf66f0b1fabdacbc,increasingNumVariables,plain,264,2,TIMEOUT,,,3,unsat,1.3310655640016194,,64bb2746df84b07b02a2ee7694e9eacac3461aa544252a6ff6be712ba236d55f,,0,rq1-exact-623-20260926-5x,0
increasingNumVariables/0048.trace,da1caf66f0b1fabdacbc,increasingNumVariables,plain,264,2,TIMEOUT,,,4,unsat,2.566969154002436,,0d87d02a10d7e4080d5e4afdb4e6c131014935026da6c286c4b03a32a65a0594,,0,rq1-exact-623-20260926-5x,0
increasingNumVariables/0048.trace,da1caf66f0b1fabdacbc,increasingNumVariables,plain,264,2,TIMEOUT,,,5,unsat,12.98552519599616,,c4744a1994c5c1eeff62171af87dfe05ded7a53f40d702219361c36e5814e607,,0,rq1-exact-623-20260926-5x,0
increasingNumVariables/0048.trace,da1caf66f0b1fabdacbc,increasingNumVariables,plain,264,2,TIMEOUT,,,6,unsat,148.5602775820007,,98b73fcaa46961a76bdb10f5448c0c9d2ece28ea69aca05f7d2e63973b99995a,,0,rq1-exact-623-20260926-5x,0
increasingNumVariables/0048.trace,da1caf66f0b1fabdacbc,increasingNumVariables,plain,264,2,TIMEOUT,,,7,unknown,1504.1080723069972,timeout,ad13ee396d9f14b1a3a18adc437dda87935e05e601d0e6b5f40595a034e23aa6,,0,rq1-exact-623-20260926-5x,0
increasingNumVariables/0049.trace,4436b1af4cf5e7366412,increasingNumVariables,plain,264,2,TIMEOUT,,,1,unsat,0.18884906000312185,,b316a72111193b2626e5a6e33cb5cd3fb7dce6bc7c217f31607ba17751f3bcc1,,0,rq1-exact-623-20260926-5x,0
increasingNumVariables/0049.trace,4436b1af4cf5e7366412,increasingNumVariables,plain,264,2,TIMEOUT,,,2,unsat,0.6368382330038003,,0129aff3131e5c34153451b9584ac78bda55df5927389ba171f90ace46e96e4e,,0,rq1-exact-623-20260926-5x,0
increasingNumVariables/0049.trace,4436b1af4cf5e7366412,increasingNumVariables,plain,264,2,TIMEOUT,,,3,unsat,1.2432973110044259,,5961bfbcb2d25b11b53ce1c7bafb54c586b57f73a8b5fb5a7a4c11cb4026bc47,,0,rq1-exact-623-20260926-5x,0
increasingNumVariables/0049.trace,4436b1af4cf5e7366412,increasingNumVariables,plain,264,2,TIMEOUT,,,4,unsat,2.293589928005531,,8402fb9b5d2abc040286b1c9a923eb28aae52bba129e17a5c6b05a019fee5f6c,,0,rq1-exact-623-20260926-5x,0
increasingNumVariables/0049.trace,4436b1af4cf5e7366412,increasingNumVariables,plain,264,2,TIMEOUT,,,5,unsat,6.813268298006733,,703251834358fa040169c17516b422f6c072514a80f2ef369acdf32db3ec8f69,,0,rq1-exact-623-20260926-5x,0
increasingNumVariables/0049.trace,4436b1af4cf5e7366412,increasingNumVariables,plain,264,2,TIMEOUT,,,6,unsat,93.12243062500056,,6c2b532916336a0de1bfb352c1a7bbfae51df51243241d17fb2e9c81a0d1be14,,0,rq1-exact-623-20260926-5x,0
increasingNumVariables/0049.trace,4436b1af4cf5e7366412,increasingNumVariables,plain,264,2,TIMEOUT,,,7,unsat,880.8705753180038,,909abcec521652ffe626c1bf279264388a96de0de96b255f55978b6af1f15e29,,0,rq1-exact-623-20260926-5x,0
increasingNumVariables/0049.trace,4436b1af4cf5e7366412,increasingNumVariables,plain,264,2,TIMEOUT,,,8,unknown,1504.7425416810001,timeout,454c870303de177fe890bb5cbfcdf48311f774ab81abbd3e7cdeeb390bffa9aa,,0,rq1-exact-623-20260926-5x,0
increasingNumVariables/0050.trace,ef809c43b07d94c7df02,increasingNumVariables,plain,264,2,TIMEOUT,,,1,unsat,0.3193716879977728,,d73c13390165cdd5a5b595eeaf4416b0ad443b134750455420c8879b13267729,,0,rq1-exact-623-20260926-5x,0
increasingNumVariables/0050.trace,ef809c43b07d94c7df02,increasingNumVariables,plain,264,2,TIMEOUT,,,2,unsat,1.113474170997506,,8171fbb68c6ce2dddbe27fecfcc5c877863a053b4fe817d2d32b079989ffee64,,0,rq1-exact-623-20260926-5x,0
increasingNumVariables/0050.trace,ef809c43b07d94c7df02,increasingNumVariables,plain,264,2,TIMEOUT,,,3,unsat,2.282921599005931,,4aa5513bf023448f1fcec1ce09fc9f6f00f51dc71698c64a015aeecccca5323f,,0,rq1-exact-623-20260926-5x,0
increasingNumVariables/0050.trace,ef809c43b07d94c7df02,increasingNumVariables,plain,264,2,TIMEOUT,,,4,unsat,4.797725172997161,,576d8eacb864020744dc8aaf1ec2ab4c9af1eb096f03d551a2a1f9680ec5e95a,,0,rq1-exact-623-20260926-5x,0
increasingNumVariables/0050.trace,ef809c43b07d94c7df02,increasingNumVariables,plain,264,2,TIMEOUT,,,5,unsat,28.743290008002077,,30d5845c70481a47d80de9b38c1f66460a102b1b4183bf7afbffeb64cd50d993,,0,rq1-exact-623-20260926-5x,0
increasingNumVariables/0050.trace,ef809c43b07d94c7df02,increasingNumVariables,plain,264,2,TIMEOUT,,,6,unsat,254.6793100839932,,581df4e37ee1d0a979fda48f99a7c03cc8879decb82310815f349eeaf3021b7e,,0,rq1-exact-623-20260926-5x,0
increasingNumVariables/0050.trace,ef809c43b07d94c7df02,increasingNumVariables,plain,264,2,TIMEOUT,,,7,unknown,1506.774482961002,timeout,817cc3767ea05b94aa1532d4f9c1e53b3696c05bd0312e8fb58a12ca3f55d527,,0,rq1-exact-623-20260926-5x,0
increasingNumVariables/0051.trace,66918c75e5f3e7570e85,increasingNumVariables,plain,264,2,TIMEOUT,,,1,unsat,0.26766687899362296,,4482e31efab09d07f1938f36d93592d0c57c8243464d3ee98985339ce4014e39,,0,rq1-exact-623-20260926-5x,0
increasingNumVariables/0051.trace,66918c75e5f3e7570e85,increasingNumVariables,plain,264,2,TIMEOUT,,,2,unsat,0.9306757579979603,,ecdea704a69b7eed276a8faa8ed67a90ead7baea42b8e4482b7ba74a6bdf73dd,,0,rq1-exact-623-20260926-5x,0
increasingNumVariables/0051.trace,66918c75e5f3e7570e85,increasingNumVariables,plain,264,2,TIMEOUT,,,3,unsat,1.8487627969952882,,a4b5239e203a347d7c54011f58ff7b1f5f337f6ce47686d7b62f4d98ab4fd688,,0,rq1-exact-623-20260926-5x,0
increasingNumVariables/0051.trace,66918c75e5f3e7570e85,increasingNumVariables,plain,264,2,TIMEOUT,,,4,unsat,3.582868433004478,,773aa2874a24230f6b55f069984214dc23fedae2c08f95cc4741f823341b2288,,0,rq1-exact-623-20260926-5x,0
increasingNumVariables/0051.trace,66918c75e5f3e7570e85,increasingNumVariables,plain,264,2,TIMEOUT,,,5,unsat,13.167345670000941,,0f0a82d8ec3fb23e387cd65f3195a9d9946fba2ac7dcbe71b96b267a78eeecd5,,0,rq1-exact-623-20260926-5x,0
increasingNumVariables/0051.trace,66918c75e5f3e7570e85,increasingNumVariables,plain,264,2,TIMEOUT,,,6,unsat,125.2397187779934,,3cdc2015873d73549b9a1b9afc17f870991299fa13cb354019a770034796b0d9,,0,rq1-exact-623-20260926-5x,0
increasingNumVariables/0051.trace,66918c75e5f3e7570e85,increasingNumVariables,plain,264,2,TIMEOUT,,,7,unsat,1348.223788796,,566a38e73acb3e63b0336b2f31d9e48dfea15eac9a05821557a388ac9b80e2dc,,0,rq1-exact-623-20260926-5x,0
increasingNumVariables/0051.trace,66918c75e5f3e7570e85,increasingNumVariables,plain,264,2,TIMEOUT,,,8,unknown,1507.0191389719985,timeout,6ce14bbad2e23b09f1bf758563e42d4cb44971382f3da0e744f5c85758d8344e,,0,rq1-exact-623-20260926-5x,0
increasingNumVariables/0052.trace,af2fc924a79816aa4530,increasingNumVariables,plain,264,2,TIMEOUT,,,1,unsat,0.4560381219998817,,e540180471ca0f3486250b096dd3f6c7d1dd832c6bf62da88bed85a7be74f00d,,0,rq1-exact-623-20260926-5x,0
increasingNumVariables/0052.trace,af2fc924a79816aa4530,increasingNumVariables,plain,264,2,TIMEOUT,,,2,unsat,1.6218511699989904,,8e0862bf71d8c24d0433875d7fc924d92b8f7ac3b9929a8369cd1ec72fac1216,,0,rq1-exact-623-20260926-5x,0
increasingNumVariables/0052.trace,af2fc924a79816aa4530,increasingNumVariables,plain,264,2,TIMEOUT,,,3,unsat,3.3743173429975286,,e10f9819e610e9ae6941bc3accf828f87266dcf3429dfe7a2184c73d7cdef110,,0,rq1-exact-623-20260926-5x,0
increasingNumVariables/0052.trace,af2fc924a79816aa4530,increasingNumVariables,plain,264,2,TIMEOUT,,,4,unsat,8.04999804199906,,fb1700e1f245846d898d5aa58decdabf4b7cb6d10cc9278b398d8bb72a2a9351,,0,rq1-exact-623-20260926-5x,0
increasingNumVariables/0052.trace,af2fc924a79816aa4530,increasingNumVariables,plain,264,2,TIMEOUT,,,5,unsat,37.48502913599805,,02346f1d835ab4625ed9ddd7d8696818818a0ca520e581e962382de811508073,,0,rq1-exact-623-20260926-5x,0
increasingNumVariables/0052.trace,af2fc924a79816aa4530,increasingNumVariables,plain,264,2,TIMEOUT,,,6,unsat,364.6698713450023,,d55f8e9660751fecb5fd6ac130f301e6a15fb50b35c7cc3e21021942a40c8a93,,0,rq1-exact-623-20260926-5x,0
increasingNumVariables/0052.trace,af2fc924a79816aa4530,increasingNumVariables,plain,264,2,TIMEOUT,,,7,unknown,1509.7257242459964,timeout,1d3ed737c05a91e9c7f36406d62dfeacbed733204a0202a9958aa2b7f7c49a7f,,0,rq1-exact-623-20260926-5x,0
increasingNumVariables/0053.trace,81da28060b04a2a59a19,increasingNumVariables,plain,264,2,TIMEOUT,,,1,unsat,0.3462878830032423,,d973f99e25330911e9c034e6e967808925391971e6cebb6aaa4678a9d2f19333,,0,rq1-exact-623-20260926-5x,0
increasingNumVariables/0053.trace,81da28060b04a2a59a19,increasingNumVariables,plain,264,2,TIMEOUT,,,2,unsat,1.241395848999673,,9dcd139683df29b8306156497786ec1aee38d90cdfd41d936c83e8471a7fc019,,0,rq1-exact-623-20260926-5x,0
increasingNumVariables/0053.trace,81da28060b04a2a59a19,increasingNumVariables,plain,264,2,TIMEOUT,,,3,unsat,2.491184881000663,,0656d36b05348c353b349796b869d7068659ba0cda53d8afa413dc0213dc06dd,,0,rq1-exact-623-20260926-5x,0
increasingNumVariables/0053.trace,81da28060b04a2a59a19,increasingNumVariables,plain,264,2,TIMEOUT,,,4,unsat,4.772517128003528,,e79cb2e024a61e2b29ad7a56d9b7639a81eb5334774ca8eafd4be283429d928d,,0,rq1-exact-623-20260926-5x,0
increasingNumVariables/0053.trace,81da28060b04a2a59a19,increasingNumVariables,plain,264,2,TIMEOUT,,,5,unsat,19.816302539999015,,126900b1616c33adc0af4c69fc72b27b32a93b15579f481f3ff43110abbbe0bb,,0,rq1-exact-623-20260926-5x,0
increasingNumVariables/0053.trace,81da28060b04a2a59a19,increasingNumVariables,plain,264,2,TIMEOUT,,,6,unsat,250.78892592299962,,2b7930d33a01226cb4df619ec9c0b23712d6dcee68993d7bf71afa4da82291ac,,0,rq1-exact-623-20260926-5x,0
increasingNumVariables/0053.trace,81da28060b04a2a59a19,increasingNumVariables,plain,264,2,TIMEOUT,,,7,unsat,1397.5104965249993,,332c5eaa006f8337fa79b83bd30c8702f9eb98e840a1ad21867e90526260aabf,,0,rq1-exact-623-20260926-5x,0
increasingNumVariables/0053.trace,81da28060b04a2a59a19,increasingNumVariables,plain,264,2,TIMEOUT,,,8,unknown,1509.2965768560025,timeout,48a9e5ccb0ad61584ef066d98ed0e0641445701431832067aa8ffde0249653ff,,0,rq1-exact-623-20260926-5x,0
increasingNumVariables/0054.trace,0d98e2af129900595cc6,increasingNumVariables,plain,264,2,TIMEOUT,,,1,unsat,0.5772595829985221,,2bc5786452c83fef8decfd014859c13d5744f403318029ed756b095790f2c090,,0,rq1-exact-623-20260926-5x,0
increasingNumVariables/0054.trace,0d98e2af129900595cc6,increasingNumVariables,plain,264,2,TIMEOUT,,,2,unsat,2.0819606500008376,,eba5ec421420645eaff2ad8458ee5873bc5bb5f9bb657c91022da1d82c2efa76,,0,rq1-exact-623-20260926-5x,0
increasingNumVariables/0054.trace,0d98e2af129900595cc6,increasingNumVariables,plain,264,2,TIMEOUT,,,3,unsat,4.289741811000567,,d49d93115994c8748bfaa31587d02da19cde3e8410787070c8a36a8f9efdc483,,0,rq1-exact-623-20260926-5x,0
increasingNumVariables/0054.trace,0d98e2af129900595cc6,increasingNumVariables,plain,264,2,TIMEOUT,,,4,unsat,9.667379200000141,,4292f062f05d7c8d07c1748da8a950f20eed1a82a83620ded959c9dbd1bcdecd,,0,rq1-exact-623-20260926-5x,0
increasingNumVariables/0054.trace,0d98e2af129900595cc6,increasingNumVariables,plain,264,2,TIMEOUT,,,5,unsat,38.63143385699368,,a71fa97e28771db4bd813b08c03f629f849e6d6c214578606e0ee09dc58bd802,,0,rq1-exact-623-20260926-5x,0
increasingNumVariables/0054.trace,0d98e2af129900595cc6,increasingNumVariables,plain,264,2,TIMEOUT,,,6,unsat,396.1531669460019,,3a8f8194cf8fd057b720c2fc02e5d189ffb858f01ca5e41297faafec8cd79e60,,0,rq1-exact-623-20260926-5x,0
increasingNumVariables/0054.trace,0d98e2af129900595cc6,increasingNumVariables,plain,264,2,TIMEOUT,,,7,unknown,1512.353143141001,timeout,bad89cb1c9de83ad7a7c5614a29a35543348f816ada48e4ee2982096f90d0044,,0,rq1-exact-623-20260926-5x,0
increasingNumVariables/0055.trace,02ab94ed395b3814f1d5,increasingNumVariables,plain,264,2,TIMEOUT,,,1,unsat,0.4368132149975281,,71d940df2fa5a617018b302025ac5fb74fbaf0ab0d95d6ed7fbe09263ef76e2b,,0,rq1-exact-623-20260926-5x,0
increasingNumVariables/0055.trace,02ab94ed395b3814f1d5,increasingNumVariables,plain,264,2,TIMEOUT,,,2,unsat,1.5911804890056374,,c5ff6c89a8d45d6c65ac1073593d1938b66d11cf9988c41f9b543f6df9979566,,0,rq1-exact-623-20260926-5x,0
increasingNumVariables/0055.trace,02ab94ed395b3814f1d5,increasingNumVariables,plain,264,2,TIMEOUT,,,3,unsat,3.186330254000495,,293c009d41d418b5d8ff37f20b251ede4fa9ddba2c7f7df7b0fde246367dcb76,,0,rq1-exact-623-20260926-5x,0
increasingNumVariables/0055.trace,02ab94ed395b3814f1d5,increasingNumVariables,plain,264,2,TIMEOUT,,,4,unsat,7.627254701998027,,d051e2699a1f62aa6dd84f1565b4d728f6ab1eadc6a99573d88cd97a5817f203,,0,rq1-exact-623-20260926-5x,0
increasingNumVariables/0055.trace,02ab94ed395b3814f1d5,increasingNumVariables,plain,264,2,TIMEOUT,,,5,unsat,41.487544363997586,,3d064ffc8cea6f8e3b317e511a13ff7020dc77bbc48d30291a408adf47d1b816,,0,rq1-exact-623-20260926-5x,0
increasingNumVariables/0055.trace,02ab94ed395b3814f1d5,increasingNumVariables,plain,264,2,TIMEOUT,,,6,unsat,308.01649198099767,,f08a001697e10e86bf73b88140cd8c8c6a6276ab374204f39e36ca185f27f19f,,0,rq1-exact-623-20260926-5x,0
increasingNumVariables/0055.trace,02ab94ed395b3814f1d5,increasingNumVariables,plain,264,2,TIMEOUT,,,7,unknown,1509.5230246700012,timeout,70ca9e18c39d7ea6fdee20a49ff33fdf384324f385abee9bf9a3052bbe2f068e,,0,rq1-exact-623-20260926-5x,0
moreDetailedTest/0001.trace,9113779f08d78d970274,moreDetailedTest,plain,10,2,TIMEOUT,,,1,unsat,0.4848257340017881,,134aabfe1ffee1d8aab1ad18dd3a3f900c240a6296c9137636ab5b39bc56c85f,,0,rq1-exact-623-20260926-5x,0
moreDetailedTest/0001.trace,9113779f08d78d970274,moreDetailedTest,plain,10,2,TIMEOUT,,,2,unsat,2.995822083998064,,bcd5ca35688a24d1e74600b719b8d07eede63b60bd9ff0d94f5dd7f041a4b724,,0,rq1-exact-623-20260926-5x,0
moreDetailedTest/0001.trace,9113779f08d78d970274,moreDetailedTest,plain,10,2,TIMEOUT,,,3,unsat,6.761248224996962,,440e695570c5e2cd260b042f7f1a71d3b0dc6b1017c5dcf5e99308f1387de666,,0,rq1-exact-623-20260926-5x,0
moreDetailedTest/0001.trace,9113779f08d78d970274,moreDetailedTest,plain,10,2,TIMEOUT,,,4,unsat,15.965334283999255,,4c7e38fc4141e230aceb6b69c12f667634e407986bdfaa9f132f5492a640ffa7,,0,rq1-exact-623-20260926-5x,0
moreDetailedTest/0001.trace,9113779f08d78d970274,moreDetailedTest,plain,10,2,TIMEOUT,,,5,unsat,59.7135627059979,,53a32a8612b111d7e0be1b80f8a7ddb68a5d9cf32bc27e748f849780411cba7e,,0,rq1-exact-623-20260926-5x,0
moreDetailedTest/0001.trace,9113779f08d78d970274,moreDetailedTest,plain,10,2,TIMEOUT,,,6,unsat,382.4189274849996,,63954c887bcf045947960e5304e2a0956d41ba90bdf380021661df1131d625fc,,0,rq1-exact-623-20260926-5x,0
moreDetailedTest/0001.trace,9113779f08d78d970274,moreDetailedTest,plain,10,2,TIMEOUT,,,7,unknown,1522.2641884250006,timeout,001445902f168d4f2e8a21464ccb39fec109bf858f471ff76098795c36d382cd,,0,rq1-exact-623-20260926-5x,0
moreDetailedTest/0002.trace,c6152dddaafc013c98f8,moreDetailedTest,plain,10,2,TIMEOUT,,,1,unsat,0.0697742569973343,,5e91798f815a20f040d2f67c1c48bd68be803e7519d08660f8597a0960331679,,0,rq1-exact-623-20260926-5x,0
moreDetailedTest/0002.trace,c6152dddaafc013c98f8,moreDetailedTest,plain,10,2,TIMEOUT,,,2,unsat,0.30423026499920525,,a2eb5fa1126a731d9dd5cd412a8a922fdf2781c25570cce471d7b3725d75e34a,,0,rq1-exact-623-20260926-5x,0
moreDetailedTest/0002.trace,c6152dddaafc013c98f8,moreDetailedTest,plain,10,2,TIMEOUT,,,3,unsat,0.6389524969999911,,8f39d9d03a80ad5106f3af466d405cef21b21c8b40bda04360fe157acb9f5391,,0,rq1-exact-623-20260926-5x,0
moreDetailedTest/0002.trace,c6152dddaafc013c98f8,moreDetailedTest,plain,10,2,TIMEOUT,,,4,unsat,1.1678038899990497,,af4a7a9ab1e20205af386cff5cbca001d2ac61277901e2348b592e88beaa3e20,,0,rq1-exact-623-20260926-5x,0
moreDetailedTest/0002.trace,c6152dddaafc013c98f8,moreDetailedTest,plain,10,2,TIMEOUT,,,5,unsat,3.3409407940052915,,37e263fc81326ea781c29e70b32608710f10c573b30a2c7513276dc49bfcb82f,,0,rq1-exact-623-20260926-5x,0
moreDetailedTest/0002.trace,c6152dddaafc013c98f8,moreDetailedTest,plain,10,2,TIMEOUT,,,6,unsat,23.75454236699443,,0caeec27aae27a77780f52f956cabec277e08afc388b3f34a3f942a8ff1560e7,,0,rq1-exact-623-20260926-5x,0
moreDetailedTest/0002.trace,c6152dddaafc013c98f8,moreDetailedTest,plain,10,2,TIMEOUT,,,7,unsat,417.8931426400013,,656136a49360bc49e2b55503fcb6ee1dd1338ce103dfe444ab327130a09475fe,,0,rq1-exact-623-20260926-5x,0
moreDetailedTest/0002.trace,c6152dddaafc013c98f8,moreDetailedTest,plain,10,2,TIMEOUT,,,8,unknown,1502.8317187630018,timeout,d7a33b042aed5c053fdcb7909982d3cb18b356207216a60a99d137e999cbefad,,0,rq1-exact-623-20260926-5x,0
moreDetailedTest/0003.trace,ec0a8b536e75f06ea5c9,moreDetailedTest,plain,10,2,TIMEOUT,,,1,unsat,0.5968824240007962,,fb73b3d7a5a5c63f4521d9da1cc6fb04a3f1750bc9b0edf4c97e1a2b1b8b0469,,0,rq1-exact-623-20260926-5x,0
moreDetailedTest/0003.trace,ec0a8b536e75f06ea5c9,moreDetailedTest,plain,10,2,TIMEOUT,,,2,unsat,3.773204713997984,,86bd3a896967843c5c367ff5d61ec8383b391ae35e6655e01034f632e846d975,,0,rq1-exact-623-20260926-5x,0
moreDetailedTest/0003.trace,ec0a8b536e75f06ea5c9,moreDetailedTest,plain,10,2,TIMEOUT,,,3,unsat,8.610630107999896,,0c893c6ae9a727bcc349a296fa72cb70bea26ed61c958691fb8e5e3b81d8c68f,,0,rq1-exact-623-20260926-5x,0
moreDetailedTest/0003.trace,ec0a8b536e75f06ea5c9,moreDetailedTest,plain,10,2,TIMEOUT,,,4,unsat,19.361451602999296,,a970d199db5c2a922bd7742f0ef6ec38acc3940051403bf266e1b1365e966484,,0,rq1-exact-623-20260926-5x,0
moreDetailedTest/0003.trace,ec0a8b536e75f06ea5c9,moreDetailedTest,plain,10,2,TIMEOUT,,,5,unsat,77.5610635219964,,df417a72b705f29fa97102cff24a4ca8b4b755617cf66d3b6a15300506b34275,,0,rq1-exact-623-20260926-5x,0
moreDetailedTest/0003.trace,ec0a8b536e75f06ea5c9,moreDetailedTest,plain,10,2,TIMEOUT,,,6,unsat,453.7988338520008,,1f4a3c7a1ff9d8e4bc8eb2fc7a6e936558c064e8aa0139221827a97b42011280,,0,rq1-exact-623-20260926-5x,0
moreDetailedTest/0003.trace,ec0a8b536e75f06ea5c9,moreDetailedTest,plain,10,2,TIMEOUT,,,7,unknown,1527.6057058549995,timeout,5e38110ab93b28ceae6388fbffc09a1903c3f25ee51bd28c4da063fc812d80aa,,0,rq1-exact-623-20260926-5x,0
moreDetailedTest/0004.trace,2f57ce79dc18adeb9f59,moreDetailedTest,plain,10,2,TIMEOUT,,,1,unsat,0.7248802710018936,,bf4558fba78b23b8df677dac1cfcc0cca917cb199f03194d8919bb76fb56146c,,0,rq1-exact-623-20260926-5x,0
moreDetailedTest/0004.trace,2f57ce79dc18adeb9f59,moreDetailedTest,plain,10,2,TIMEOUT,,,2,unsat,4.569206812004268,,8a99e548b23932e919b296a0b7d2c61ee1996f2f13ff9a6e724152754d198aec,,0,rq1-exact-623-20260926-5x,0
moreDetailedTest/0004.trace,2f57ce79dc18adeb9f59,moreDetailedTest,plain,10,2,TIMEOUT,,,3,unsat,10.268353615996602,,96f912a674efcb35b74ac9a311dccd325a83807c49f57bbe1624de3b3cb85cc9,,0,rq1-exact-623-20260926-5x,0
moreDetailedTest/0004.trace,2f57ce79dc18adeb9f59,moreDetailedTest,plain,10,2,TIMEOUT,,,4,unsat,25.462911108996195,,dcc919dd605b0daf6cc995d0fdf0a0aded83f202166d9dd4f0de4304486fbd27,,0,rq1-exact-623-20260926-5x,0
moreDetailedTest/0004.trace,2f57ce79dc18adeb9f59,moreDetailedTest,plain,10,2,TIMEOUT,,,5,unsat,92.5680908860013,,a76f3effd31208a0ef8012242e816b15ac9105b8b941ea65708047904b317492,,0,rq1-exact-623-20260926-5x,0
moreDetailedTest/0004.trace,2f57ce79dc18adeb9f59,moreDetailedTest,plain,10,2,TIMEOUT,,,6,unsat,606.3605332509978,,860d57baa2cdf0fbbf0a37eb5fd58a926630ed7c02966df326f75ce6b65a6ec0,,0,rq1-exact-623-20260926-5x,0
moreDetailedTest/0004.trace,2f57ce79dc18adeb9f59,moreDetailedTest,plain,10,2,TIMEOUT,,,7,unknown,1533.4029333590006,timeout,99544c7f7d8fca3de69f0c73aaa6952fa1a87e4379ded470ed38e435f46dcccb,,0,rq1-exact-623-20260926-5x,0
moreDetailedTest/0005.trace,bc95b96377bc16546c5d,moreDetailedTest,plain,10,2,TIMEOUT,,,1,unsat,0.8485265499984962,,0a00d43d8371b410af52aedd6c67d1a692a5a0654ffb92551609a1e5a1735776,,0,rq1-exact-623-20260926-5x,0
moreDetailedTest/0005.trace,bc95b96377bc16546c5d,moreDetailedTest,plain,10,2,TIMEOUT,,,2,unsat,5.374271097003657,,51e9100eee27981fe6dbf5c5d4b9c3c76cf0e147dded6fd4c1bef77ff3ee173a,,0,rq1-exact-623-20260926-5x,0
moreDetailedTest/0005.trace,bc95b96377bc16546c5d,moreDetailedTest,plain,10,2,TIMEOUT,,,3,unsat,12.150727288004418,,807192147f2c11ff85417edfa49f2827b5f54a06d0392be7fa289d7b30a97391,,0,rq1-exact-623-20260926-5x,0
moreDetailedTest/0005.trace,bc95b96377bc16546c5d,moreDetailedTest,plain,10,2,TIMEOUT,,,4,unsat,27.419138347002445,,43cfb58d1167bc7c8aa690d78030ff3ff2b3cdac17c007a23d25e34b26b7c581,,0,rq1-exact-623-20260926-5x,0
moreDetailedTest/0005.trace,bc95b96377bc16546c5d,moreDetailedTest,plain,10,2,TIMEOUT,,,5,unsat,103.85928622799838,,01f7a8f4e362437fd9b6318ee9aac85db72ad12c180a3938996b8d050af99246,,0,rq1-exact-623-20260926-5x,0
moreDetailedTest/0005.trace,bc95b96377bc16546c5d,moreDetailedTest,plain,10,2,TIMEOUT,,,6,unsat,855.6704306370011,,6abf62fb70546f466fe25b3bda7ee67bd85cdc72ab426f8a2e6040d2e9ae1d09,,0,rq1-exact-623-20260926-5x,0
moreDetailedTest/0005.trace,bc95b96377bc16546c5d,moreDetailedTest,plain,10,2,TIMEOUT,,,7,unknown,1539.3711531449953,timeout,99fd83c7fa024de9d51e3df62591b7db0b80baaf8f61fc3e14f4b8dfa58e8979,,0,rq1-exact-623-20260926-5x,0
moreDetailedTest/0006.trace,9bb4071d621c2001ce96,moreDetailedTest,plain,10,2,TIMEOUT,,,1,unsat,0.9570648000008077,,2b53a1008755d61e9b167fa7090785397aff8476631fb26fca4d336e32be76ae,,0,rq1-exact-623-20260926-5x,0
moreDetailedTest/0006.trace,9bb4071d621c2001ce96,moreDetailedTest,plain,10,2,TIMEOUT,,,2,unsat,6.1082275030057644,,d10c92e07d8cafd31dd5970625b9044ea1bcf8577f997ce66b078477c99aef58,,0,rq1-exact-623-20260926-5x,0
moreDetailedTest/0006.trace,9bb4071d621c2001ce96,moreDetailedTest,plain,10,2,TIMEOUT,,,3,unsat,15.92509573300049,,4641e8fde6ebdc47005b596903779143186d360c3ceae0ad6376a8719af63d68,,0,rq1-exact-623-20260926-5x,0
moreDetailedTest/0006.trace,9bb4071d621c2001ce96,moreDetailedTest,plain,10,2,TIMEOUT,,,4,unsat,38.80389441599982,,4dacc07b1b6fc5375974401f0d2812783b7e138a665dcfc16a0934f719eef757,,0,rq1-exact-623-20260926-5x,0
moreDetailedTest/0006.trace,9bb4071d621c2001ce96,moreDetailedTest,plain,10,2,TIMEOUT,,,5,unsat,144.27811821299838,,042f483737103f25475e83c96499dda2855129dfe70046bc983af23bb78292b0,,0,rq1-exact-623-20260926-5x,0
moreDetailedTest/0006.trace,9bb4071d621c2001ce96,moreDetailedTest,plain,10,2,TIMEOUT,,,6,unsat,864.497901445,,df79ffc50fa6b94ae8723497828b8da8f52fb342631f872aeab9fc7ea7e60bf5,,0,rq1-exact-623-20260926-5x,0
moreDetailedTest/0006.trace,9bb4071d621c2001ce96,moreDetailedTest,plain,10,2,TIMEOUT,,,7,unknown,1550.2090011149994,timeout,0d658e0ef9877c052de681a1afa000bf5f505906835ce11932e1cb484d8e7eb3,,0,rq1-exact-623-20260926-5x,0
moreDetailedTest/0007.trace,4d07cb81a9f83c38f78f,moreDetailedTest,plain,10,2,TIMEOUT,,,1,unsat,1.187371437998081,,e19a22b49cad518322b1086132e66ba303d3c3add989c1c2b196d67b7bbde56d,,0,rq1-exact-623-20260926-5x,0
moreDetailedTest/0007.trace,4d07cb81a9f83c38f78f,moreDetailedTest,plain,10,2,TIMEOUT,,,2,unsat,7.685238687998208,,d66fe21b940f0d8e181ad15be85233fc22f46659a31cdb4dc0cf38850aa7edc3,,0,rq1-exact-623-20260926-5x,0
moreDetailedTest/0007.trace,4d07cb81a9f83c38f78f,moreDetailedTest,plain,10,2,TIMEOUT,,,3,unsat,20.953065206005704,,3fbc51cf6de5442822a2b1a366ecd5da4867ad5f8386b6360b410b572bb00e5e,,0,rq1-exact-623-20260926-5x,0
moreDetailedTest/0007.trace,4d07cb81a9f83c38f78f,moreDetailedTest,plain,10,2,TIMEOUT,,,4,unsat,48.62251665999793,,ecfe774b2d917858ea7f1d1b58b421bcf5a8d7cc3c2e9de2eb099512f2559dcc,,0,rq1-exact-623-20260926-5x,0
moreDetailedTest/0007.trace,4d07cb81a9f83c38f78f,moreDetailedTest,plain,10,2,TIMEOUT,,,5,unsat,211.77921064900147,,2d3fda2cf091db4d7f5144443f33588459872c87cbc5ef06b479375d9bba86af,,0,rq1-exact-623-20260926-5x,0
moreDetailedTest/0007.trace,4d07cb81a9f83c38f78f,moreDetailedTest,plain,10,2,TIMEOUT,,,6,unsat,1237.9203534579938,,e82ec46838182c1c7bcfd7f10296caaa0321334a00a9645e8b79fe89f6572032,,0,rq1-exact-623-20260926-5x,0
moreDetailedTest/0007.trace,4d07cb81a9f83c38f78f,moreDetailedTest,plain,10,2,TIMEOUT,,,7,unknown,1556.135978547005,timeout,3c36be039cbfe5bd24924c38d0ce2ed511f83eb9d6f7b4979cbd5d6dc9f580cc,,0,rq1-exact-623-20260926-5x,0
moreDetailedTest/0008.trace,c0e59cdbea5060266e33,moreDetailedTest,plain,10,2,TIMEOUT,,,1,unsat,1.4300140519990236,,fed73767fd37c40299c467d51ce8c56866c6cfa139f7bc5d09485978b5af6602,,0,rq1-exact-623-20260926-5x,0
moreDetailedTest/0008.trace,c0e59cdbea5060266e33,moreDetailedTest,plain,10,2,TIMEOUT,,,2,unsat,9.31244141600473,,073d603fff58f64fe6a9b29faeaf1eb728a5b35f440ae16a8f61229923d393c6,,0,rq1-exact-623-20260926-5x,0
moreDetailedTest/0008.trace,c0e59cdbea5060266e33,moreDetailedTest,plain,10,2,TIMEOUT,,,3,unsat,20.538596056998358,,cbb46f32998f18737d5eeae9c32a557cf85cd0b2946eb109ddf6477b9c209e1d,,0,rq1-exact-623-20260926-5x,0
moreDetailedTest/0008.trace,c0e59cdbea5060266e33,moreDetailedTest,plain,10,2,TIMEOUT,,,4,unsat,56.77046373399935,,0f710484b3994691385f4272862d8af86514559bba181adfc5748f5c159e3f8a,,0,rq1-exact-623-20260926-5x,0
moreDetailedTest/0008.trace,c0e59cdbea5060266e33,moreDetailedTest,plain,10,2,TIMEOUT,,,5,unsat,216.431679178997,,e689c9a435d507941d3c2edd27da6b453ac7e30e019c8caed16cadecc0ee8b8f,,0,rq1-exact-623-20260926-5x,0
moreDetailedTest/0008.trace,c0e59cdbea5060266e33,moreDetailedTest,plain,10,2,TIMEOUT,,,6,unsat,1535.7056024589983,,1f5c356aacfcf0ccbeb7b87cfa3eee4376143ca12d5264aaf8d133d0103830ee,,0,rq1-exact-623-20260926-5x,0
moreDetailedTest/0008.trace,c0e59cdbea5060266e33,moreDetailedTest,plain,10,2,TIMEOUT,,,7,unknown,1566.6947496619978,timeout,be1924a27e136bd316169499810cf13542de94bb4e29cb2366b5806044a51573,,0,rq1-exact-623-20260926-5x,0
moreDetailedTest/0009.trace,ad3e1859ed6e562ae92a,moreDetailedTest,plain,10,2,TIMEOUT,,,1,unsat,1.6630753680001362,,71896725b2d3397e526b9d393c7b1e5f746bbcb9e464764c5f3a760f6cc1feec,,0,rq1-exact-623-20260926-5x,0
moreDetailedTest/0009.trace,ad3e1859ed6e562ae92a,moreDetailedTest,plain,10,2,TIMEOUT,,,2,unsat,10.795464172995707,,5499b7b72923abe75698063a0a6c5d7549ab14853f5446a41abf73630b1b2c38,,0,rq1-exact-623-20260926-5x,0
moreDetailedTest/0009.trace,ad3e1859ed6e562ae92a,moreDetailedTest,plain,10,2,TIMEOUT,,,3,unsat,24.132484986002964,,8962d93ce7e871f7227545d2c30e584c687998174c728212044976b33df69bcf,,0,rq1-exact-623-20260926-5x,0
moreDetailedTest/0009.trace,ad3e1859ed6e562ae92a,moreDetailedTest,plain,10,2,TIMEOUT,,,4,unsat,67.14800445199944,,5f986c0c750fce26f40a5f9dc57887619addb8946160d062b8f3178285d36b84,,0,rq1-exact-623-20260926-5x,0
moreDetailedTest/0009.trace,ad3e1859ed6e562ae92a,moreDetailedTest,plain,10,2,TIMEOUT,,,5,unsat,246.27569302399934,,4d321a152f02a01b575ed2c37db42867c3b226549c2e0cf61be953f463d0ec1d,,0,rq1-exact-623-20260926-5x,0
moreDetailedTest/0009.trace,ad3e1859ed6e562ae92a,moreDetailedTest,plain,10,2,TIMEOUT,,,6,unsat,1433.5868917509943,,33b9918af49724dbba1515ea9874c541fd15dc61b6ce03dc872de68256171286,,0,rq1-exact-623-20260926-5x,0
moreDetailedTest/0009.trace,ad3e1859ed6e562ae92a,moreDetailedTest,plain,10,2,TIMEOUT,,,7,unknown,1578.5680125489962,timeout,31a0edf6c152db14bd08f3bcba5a18c5e428ca94459d08074cd4883d4e4ef674,,0,rq1-exact-623-20260926-5x,0
moreDetailedTest/0010.trace,bea2ffbda637f43cfd23,moreDetailedTest,plain,10,2,TIMEOUT,,,1,unsat,1.8891103579953779,,d6353517b3c298cc80feeddcd1ec9bb721d0e6948069ff771889e202875bb3d7,,0,rq1-exact-623-20260926-5x,0
moreDetailedTest/0010.trace,bea2ffbda637f43cfd23,moreDetailedTest,plain,10,2,TIMEOUT,,,2,unsat,12.329628058003436,,68b8985a1f462b221bd3e86c5ce51b814dd3696715102a3c110248ab54d43296,,0,rq1-exact-623-20260926-5x,0
moreDetailedTest/0010.trace,bea2ffbda637f43cfd23,moreDetailedTest,plain,10,2,TIMEOUT,,,3,unsat,31.176679905998753,,4868e36d0acfe7979564f752364566db4da02fdad433794fdd0bf31ae739c3cd,,0,rq1-exact-623-20260926-5x,0
moreDetailedTest/0010.trace,bea2ffbda637f43cfd23,moreDetailedTest,plain,10,2,TIMEOUT,,,4,unsat,70.30457281300187,,c247a3ff783bfddf0d6916f387a36197136aec511d3c1e1e4e7c11e27ed54dc9,,0,rq1-exact-623-20260926-5x,0
moreDetailedTest/0010.trace,bea2ffbda637f43cfd23,moreDetailedTest,plain,10,2,TIMEOUT,,,5,unsat,377.7325090939994,,5e4a42da71cee86b029b77487526464d65b360f46d4f44af0d6e0af905cd0cd6,,0,rq1-exact-623-20260926-5x,0
moreDetailedTest/0010.trace,bea2ffbda637f43cfd23,moreDetailedTest,plain,10,2,TIMEOUT,,,6,unknown,1571.6513246870018,timeout,397286c4df1d9912e12ce66e8cac5b649b51c1470bbe7c2af9b71661dcb78018,,0,rq1-exact-623-20260926-5x,0
moreDetailedTest/0011.trace,ea03148b307915270f1f,moreDetailedTest,plain,10,2,TIMEOUT,,,1,unsat,2.40820820099907,,506a6e0cb39c63491d604d0d760b2acb151a85fb1f85528d8fdafc0a427550b3,,0,rq1-exact-623-20260926-5x,0
moreDetailedTest/0011.trace,ea03148b307915270f1f,moreDetailedTest,plain,10,2,TIMEOUT,,,2,unsat,15.870840786999906,,82ecb58f225e81259bc54c00ccebaba6e4d0533a3ea08833140640d9b24db896,,0,rq1-exact-623-20260926-5x,0
moreDetailedTest/0011.trace,ea03148b307915270f1f,moreDetailedTest,plain,10,2,TIMEOUT,,,3,unsat,35.59008305399766,,359504bb9d221e091d2f9667fcad7eb437e9c0d98cd2fe239ff5cc599fc27993,,0,rq1-exact-623-20260926-5x,0
moreDetailedTest/0011.trace,ea03148b307915270f1f,moreDetailedTest,plain,10,2,TIMEOUT,,,4,unsat,83.65309494000394,,291553683347aafdfe54e0ffe557f5532c9a542f7e688cf170a5bb933352037d,,0,rq1-exact-623-20260926-5x,0
moreDetailedTest/0011.trace,ea03148b307915270f1f,moreDetailedTest,plain,10,2,TIMEOUT,,,5,unsat,388.3932226980032,,e8cc552c8eb606be5b1fe5916eaeb495363b49583f4aca0f2c4f3ef951049675,,0,rq1-exact-623-20260926-5x,0
moreDetailedTest/0011.trace,ea03148b307915270f1f,moreDetailedTest,plain,10,2,TIMEOUT,,,6,unknown,1593.1415635449957,timeout,9eea9fafe516c43cccc55e3e10392f0b7eb6753d8371f8bc4b89547d5ed30003,,0,rq1-exact-623-20260926-5x,0
moreDetailedTest/0012.trace,1a0175785b656aa6a1fe,moreDetailedTest,plain,10,2,TIMEOUT,,,1,unsat,0.261631971996394,,ab3fab7005147ddb293f39456ceff73724e742944938c716a4a69f392528aa2e,,0,rq1-exact-623-20260926-5x,0
moreDetailedTest/0012.trace,1a0175785b656aa6a1fe,moreDetailedTest,plain,10,2,TIMEOUT,,,2,unsat,1.535679316999449,,6a89e021012660de00f5c225b5c815c4780cbe33b863ce1d2d6a126708e50de5,,0,rq1-exact-623-20260926-5x,0
moreDetailedTest/0012.trace,1a0175785b656aa6a1fe,moreDetailedTest,plain,10,2,TIMEOUT,,,3,unsat,3.470267533994047,,1a077bf8b4b557eb619a84375a598f0e809982b9600428f83c562389a4f3012c,,0,rq1-exact-623-20260926-5x,0
moreDetailedTest/0012.trace,1a0175785b656aa6a1fe,moreDetailedTest,plain,10,2,TIMEOUT,,,4,unsat,7.040452251996612,,abcad95fd400ecabf38f50addd6e29bece25e31c7390e7750614282521d783cd,,0,rq1-exact-623-20260926-5x,0
moreDetailedTest/0012.trace,1a0175785b656aa6a1fe,moreDetailedTest,plain,10,2,TIMEOUT,,,5,unsat,29.61923065600422,,2923f11b4142177d5244714234599bb0adaf7926a60f06b008113b9075fa2020,,0,rq1-exact-623-20260926-5x,0
moreDetailedTest/0012.trace,1a0175785b656aa6a1fe,moreDetailedTest,plain,10,2,TIMEOUT,,,6,unsat,156.35514839000098,,29cbbdf06840b33b6243903ac04c49cb0e2dc97c272d8e162cce95a922589cb9,,0,rq1-exact-623-20260926-5x,0
moreDetailedTest/0012.trace,1a0175785b656aa6a1fe,moreDetailedTest,plain,10,2,TIMEOUT,,,7,unsat,1201.4609388820027,,b9ad2880ee4af832709d5c890165f84c35af09a5b62935f8d21b9cd21f86db8b,,0,rq1-exact-623-20260926-5x,0
moreDetailedTest/0012.trace,1a0175785b656aa6a1fe,moreDetailedTest,plain,10,2,TIMEOUT,,,8,unknown,1514.0670002629995,timeout,02977e1cbd740bc107e10c0c4ae6b9c5872674fdff1f5e823577d7c0ddf40431,,0,rq1-exact-623-20260926-5x,0
moreDetailedTest/0013.trace,c1f248f6fd129f79365d,moreDetailedTest,plain,10,2,OPTIMAL,0,4,1,unsat,0.034807672999704664,,7f63e5edb29bfb06d32e95cf4b7188d9da791006c546d75dd8bf625c152f680a,,0,rq1-exact-623-20260926-5x,0
moreDetailedTest/0013.trace,c1f248f6fd129f79365d,moreDetailedTest,plain,10,2,OPTIMAL,0,4,2,unsat,0.11196305199973722,,deb5d9f62705a6c166483d3827c2856c5fc0c2e4f09eeaa64540e3447017a16f,,0,rq1-exact-623-20260926-5x,0
moreDetailedTest/0013.trace,c1f248f6fd129f79365d,moreDetailedTest,plain,10,2,OPTIMAL,0,4,3,unsat,0.2196082780001234,,fc2e05c95eb104ded3806538bb91d09d2aba54a410970768ce4e961d69523be1,,0,rq1-exact-623-20260926-5x,0
moreDetailedTest/0013.trace,c1f248f6fd129f79365d,moreDetailedTest,plain,10,2,OPTIMAL,0,4,4,sat,0.38752331499927095,,e801b822d46670362da36b428289ef86937cd1682b7fd914ebdd093396574862,93dce5c5d051801169ca22a19eabef6ed8e4141413f1c3f598462e738b5b96e5,0,rq1-exact-623-20260926-5x,0
moreDetailedTest/0014.trace,a68a8593243d1de1e50b,moreDetailedTest,plain,10,2,TIMEOUT,,,1,unsat,0.4345718120021047,,b8afac31c37d3338b1f65bfdfcf89f41166aa415515cc07dadc0d568a516392d,,0,rq1-exact-623-20260926-5x,0
moreDetailedTest/0014.trace,a68a8593243d1de1e50b,moreDetailedTest,plain,10,2,TIMEOUT,,,2,unsat,2.691783239999495,,ad35900e50e2ef670cdbca7e3ac526952d45373f604167362aa0ded0387cf427,,0,rq1-exact-623-20260926-5x,0
moreDetailedTest/0014.trace,a68a8593243d1de1e50b,moreDetailedTest,plain,10,2,TIMEOUT,,,3,unsat,6.368599898996763,,84567f074d76781f926c45bd74b33c3fa8bee03c75396808e5682697c898fbd3,,0,rq1-exact-623-20260926-5x,0
moreDetailedTest/0014.trace,a68a8593243d1de1e50b,moreDetailedTest,plain,10,2,TIMEOUT,,,4,unsat,12.852368081999884,,ce4ffb3523ad57612a13fdf4438336213e36269e3584756016fafd435ea9132b,,0,rq1-exact-623-20260926-5x,0
moreDetailedTest/0014.trace,a68a8593243d1de1e50b,moreDetailedTest,plain,10,2,TIMEOUT,,,5,unsat,38.61254667400499,,c58b219264b33c19978e59e5b01fa355bbeb1a3c4258ae1eaafe94e4645e3459,,0,rq1-exact-623-20260926-5x,0
moreDetailedTest/0014.trace,a68a8593243d1de1e50b,moreDetailedTest,plain,10,2,TIMEOUT,,,6,unsat,327.77783904600074,,601a3d33ccfe0c0bb3b6caf610f955db6eee81276967dca369296ddd1987bea6,,0,rq1-exact-623-20260926-5x,0
moreDetailedTest/0014.trace,a68a8593243d1de1e50b,moreDetailedTest,plain,10,2,TIMEOUT,,,7,unknown,1516.4017510330013,timeout,177b643eca232e24726de740c5ccb05bb310b09978eec4450ebc127900755d56,,0,rq1-exact-623-20260926-5x,0
moreDetailedTest/0015.trace,ad0f2fd062512df5acd8,moreDetailedTest,plain,5,2,OPTIMAL,0,3,1,unsat,0.24574288099984187,,81be1fff9397097888adc2bc052ce252b8dd4d7edccef9313faddc1b21582304,,0,rq1-exact-623-20260926-5x,0
moreDetailedTest/0015.trace,ad0f2fd062512df5acd8,moreDetailedTest,plain,5,2,OPTIMAL,0,3,2,unsat,1.8740570320001098,,1585b40e843b19e4760d6dae46c6a575d89b27b4a12953e40273755f77bd1e38,,0,rq1-exact-623-20260926-5x,0
moreDetailedTest/0015.trace,ad0f2fd062512df5acd8,moreDetailedTest,plain,5,2,OPTIMAL,0,3,3,sat,3.996642027999769,,33d2ac1dd6d36596782f87b3e3621bf1d0e96f0075c63fa4491a1598e36ebff2,e0eb6ec82871f9e380d3e434610aed1f914faed2bcc1393ab8cb3d9cb04b242f,0,rq1-exact-623-20260926-5x,0
moreDetailedTest/0016.trace,343d90b19e62095b2e97,moreDetailedTest,plain,5,2,OPTIMAL,0,3,1,unsat,0.039745708999817,,7e9b6176fc91191ca43b538aab78a2b09bf88fbf02992088f2ca7260c1cbd8eb,,0,rq1-exact-623-20260926-5x,0
moreDetailedTest/0016.trace,343d90b19e62095b2e97,moreDetailedTest,plain,5,2,OPTIMAL,0,3,2,unsat,0.18931344299971897,,ac4f244849156ae990d1a7cc8d05623c0912654d6a6ff0017a8b2aa0a73751de,,0,rq1-exact-623-20260926-5x,0
moreDetailedTest/0016.trace,343d90b19e62095b2e97,moreDetailedTest,plain,5,2,OPTIMAL,0,3,3,sat,0.38307443099984084,,a5cefc821f1e0f9475d73afa415346d1a38c81d46250ca61c37b1e5520ad335e,e0eb6ec82871f9e380d3e434610aed1f914faed2bcc1393ab8cb3d9cb04b242f,0,rq1-exact-623-20260926-5x,0
moreDetailedTest/0017.trace,8ed27035df40a6c24f00,moreDetailedTest,plain,5,2,OPTIMAL,0,3,1,unsat,0.3029821360000824,,5e216a3ee9f11efd6408e2ed69b0c7cbe0b92f01ce1538fd3728ed0dc4a4855d,,0,rq1-exact-623-20260926-5x,0
moreDetailedTest/0017.trace,8ed27035df40a6c24f00,moreDetailedTest,plain,5,2,OPTIMAL,0,3,2,unsat,2.38652653500003,,3b53ad7da6b4ae0c9440d021f6d3313c7b33f8e828ea46ebe68b0b11420e226a,,0,rq1-exact-623-20260926-5x,0
moreDetailedTest/0017.trace,8ed27035df40a6c24f00,moreDetailedTest,plain,5,2,OPTIMAL,0,3,3,sat,5.077508224000212,,93f7de025a83750bb582fba8a90778ac67ea8e6690c70707486de7fbb0987d3e,e0eb6ec82871f9e380d3e434610aed1f914faed2bcc1393ab8cb3d9cb04b242f,0,rq1-exact-623-20260926-5x,0
moreDetailedTest/0018.trace,e1be32f37e6eadbd6303,moreDetailedTest,plain,5,2,OPTIMAL,0,3,1,unsat,0.37073872199971447,,80a361573829345fff8c5a178f0f5f4cbbc52f155d17e28600295c42ea829d0b,,0,rq1-exact-623-20260926-5x,0
moreDetailedTest/0018.trace,e1be32f37e6eadbd6303,moreDetailedTest,plain,5,2,OPTIMAL,0,3,2,unsat,2.9674984630000836,,97d7f742161e43d75752755b6c674a6a422e53ea709dd7e194078bb27f7fe239,,0,rq1-exact-623-20260926-5x,0
moreDetailedTest/0018.trace,e1be32f37e6eadbd6303,moreDetailedTest,plain,5,2,OPTIMAL,0,3,3,sat,6.399968104999971,,44fb9839ab537ba03473ce7010156cb9a55ee337c784c1fa4bcfec61775c97c7,fde27f343dd55dfb1968f1cba85fd89c2f46620b2a3dd38e4c286b3887a820f9,0,rq1-exact-623-20260926-5x,0
moreDetailedTest/0019.trace,04cd2d4d3bd5313c31e1,moreDetailedTest,plain,5,2,OPTIMAL,0,3,1,unsat,0.4240844460000517,,db24ed0ed702a99c1082bada5e065357134b0799c6d67d2fd4bd94879180109a,,0,rq1-exact-623-20260926-5x,0
moreDetailedTest/0019.trace,04cd2d4d3bd5313c31e1,moreDetailedTest,plain,5,2,OPTIMAL,0,3,2,unsat,3.446340292000059,,372b591125ed92b7958c746541fd29a6c3eb612a4b0407fc01addbf7e677e055,,0,rq1-exact-623-20260926-5x,0
moreDetailedTest/0019.trace,04cd2d4d3bd5313c31e1,moreDetailedTest,plain,5,2,OPTIMAL,0,3,3,sat,7.35597575499969,,edf1c203a320f6a80246629ea02b607995f3de5ac8a29b897ddc4f2dafc8cb22,e0eb6ec82871f9e380d3e434610aed1f914faed2bcc1393ab8cb3d9cb04b242f,0,rq1-exact-623-20260926-5x,0
moreDetailedTest/0020.trace,869702f5eff39033c002,moreDetailedTest,plain,5,2,OPTIMAL,0,3,1,unsat,0.4762006190003376,,4950d857b8f65e82e5d10ef50eb620791ce6d87c24c8501cbbe2f5bf0b4f0f4c,,0,rq1-exact-623-20260926-5x,0
moreDetailedTest/0020.trace,869702f5eff39033c002,moreDetailedTest,plain,5,2,OPTIMAL,0,3,2,unsat,3.8993078499997864,,9eeeab1077f3128e0fcdae11fdcb0e11a561e33a371829c9a6f08be758268820,,0,rq1-exact-623-20260926-5x,0
moreDetailedTest/0020.trace,869702f5eff39033c002,moreDetailedTest,plain,5,2,OPTIMAL,0,3,3,sat,8.352968252999744,,26bfbf41f5e85ca64f3906262f9f2a8313ccbed4fecfc4d2ce914a0567987f6d,e0eb6ec82871f9e380d3e434610aed1f914faed2bcc1393ab8cb3d9cb04b242f,0,rq1-exact-623-20260926-5x,0
moreDetailedTest/0021.trace,ba69fc2aac53b337f017,moreDetailedTest,plain,5,2,OPTIMAL,0,3,1,unsat,0.5880484710000928,,9942c261bead67780896d3fba650f7e0afa03cef8f321eea8962e4b7b4809a89,,0,rq1-exact-623-20260926-5x,0
moreDetailedTest/0021.trace,ba69fc2aac53b337f017,moreDetailedTest,plain,5,2,OPTIMAL,0,3,2,unsat,4.787864516999889,,aef9690f75c5ba3842b5a96182bac764c84e0727c595467048c18464a9ece5f0,,0,rq1-exact-623-20260926-5x,0
moreDetailedTest/0021.trace,ba69fc2aac53b337f017,moreDetailedTest,plain,5,2,OPTIMAL,0,3,3,sat,10.025997380000263,,ba18be642583bdb3195af907ac5a281b3141b49deb5edc5ed66a7d982de04f64,e0eb6ec82871f9e380d3e434610aed1f914faed2bcc1393ab8cb3d9cb04b242f,0,rq1-exact-623-20260926-5x,0
moreDetailedTest/0022.trace,910985afa92558794194,moreDetailedTest,plain,5,2,OPTIMAL,0,3,1,unsat,0.7074522759999127,,b4431ef1c2da10d0dbf389eda03387ce72a8b8312b6faa5e63fc62039fcd31df,,0,rq1-exact-623-20260926-5x,0
moreDetailedTest/0022.trace,910985afa92558794194,moreDetailedTest,plain,5,2,OPTIMAL,0,3,2,unsat,5.804497245000221,,5a57d0a148ee5d720510e315f0580245dea4d8d6e6e82afe8dd74a48d034ac16,,0,rq1-exact-623-20260926-5x,0
moreDetailedTest/0022.trace,910985afa92558794194,moreDetailedTest,plain,5,2,OPTIMAL,0,3,3,sat,12.687319820999619,,45089751575dfa786a24391d043d4f3478fc638fb6aaf81f85f8e71e34759d5e,e0eb6ec82871f9e380d3e434610aed1f914faed2bcc1393ab8cb3d9cb04b242f,0,rq1-exact-623-20260926-5x,0
moreDetailedTest/0023.trace,7d390971f886c1372a73,moreDetailedTest,plain,5,2,OPTIMAL,0,3,1,unsat,0.8287608750001709,,7ba3b5e6b2e3a33bc5cb9e59f8c2ab205262c67f1570c71d28c01178d8db049f,,0,rq1-exact-623-20260926-5x,0
moreDetailedTest/0023.trace,7d390971f886c1372a73,moreDetailedTest,plain,5,2,OPTIMAL,0,3,2,unsat,6.723265463999724,,92137ba54a9a33d569127b96af387fde58c58dc0b5407622afbee4c223634da8,,0,rq1-exact-623-20260926-5x,0
moreDetailedTest/0023.trace,7d390971f886c1372a73,moreDetailedTest,plain,5,2,OPTIMAL,0,3,3,sat,14.173969787999795,,20d92d63aeeaf7cf928e1e5aaba191ae5ce55ec020de3b5cf671dc5f091714b8,fde27f343dd55dfb1968f1cba85fd89c2f46620b2a3dd38e4c286b3887a820f9,0,rq1-exact-623-20260926-5x,0
moreDetailedTest/0024.trace,659a7bae2eb5130faae7,moreDetailedTest,plain,5,2,OPTIMAL,0,3,1,unsat,0.9430881670000417,,372a018728c6869d7887c1a2746726b778f263d49c10021c94fcb142a92e3e06,,0,rq1-exact-623-20260926-5x,0
moreDetailedTest/0024.trace,659a7bae2eb5130faae7,moreDetailedTest,plain,5,2,OPTIMAL,0,3,2,unsat,7.873637513000176,,06922e47facc4232b6567bbb519b8170119199f82a5dc687ab3b61e2894d883b,,0,rq1-exact-623-20260926-5x,0
moreDetailedTest/0024.trace,659a7bae2eb5130faae7,moreDetailedTest,plain,5,2,OPTIMAL,0,3,3,sat,16.37099701499983,,ad7b886f1bf6237a8daaa03490cbba2a2a1b18365430bea74c182cf9edf9a83d,e0eb6ec82871f9e380d3e434610aed1f914faed2bcc1393ab8cb3d9cb04b242f,0,rq1-exact-623-20260926-5x,0
moreDetailedTest/0025.trace,e6165384a567f58494c2,moreDetailedTest,plain,5,2,OPTIMAL,0,3,1,unsat,1.1917580340000313,,59046b306894a2cab58fe0954789418d3f86d844ea24c6916641f1416d0cf969,,0,rq1-exact-623-20260926-5x,0
moreDetailedTest/0025.trace,e6165384a567f58494c2,moreDetailedTest,plain,5,2,OPTIMAL,0,3,2,unsat,10.256979076000334,,bc39a118ef2c8aef537a264cb98faeda62b2c289249254b5233d0ccf2030ee3c,,0,rq1-exact-623-20260926-5x,0
moreDetailedTest/0025.trace,e6165384a567f58494c2,moreDetailedTest,plain,5,2,OPTIMAL,0,3,3,sat,21.381630787000176,,b413d00e769c7fe2902f4306e4d106bdd85bb0b49e438596e8f52341dc542bcc,e0eb6ec82871f9e380d3e434610aed1f914faed2bcc1393ab8cb3d9cb04b242f,0,rq1-exact-623-20260926-5x,0
moreDetailedTest/0026.trace,d178bffac9e08a40b2a3,moreDetailedTest,plain,5,2,OPTIMAL,0,3,1,unsat,0.13423315599993657,,b74dd6ca499dbc60bf85521b8e3cef260c9bc79d0f65f418e134427333e2129b,,0,rq1-exact-623-20260926-5x,0
moreDetailedTest/0026.trace,d178bffac9e08a40b2a3,moreDetailedTest,plain,5,2,OPTIMAL,0,3,2,unsat,0.937844898000094,,b93336635f6b5a16887144299e5816c781433e5cb6edbc071a4042206bc382d8,,0,rq1-exact-623-20260926-5x,0
moreDetailedTest/0026.trace,d178bffac9e08a40b2a3,moreDetailedTest,plain,5,2,OPTIMAL,0,3,3,sat,1.9996004380000159,,b2273075655c4ed346526fdedf54a0b3084c779f7f03c562989e48508d72ef80,e0eb6ec82871f9e380d3e434610aed1f914faed2bcc1393ab8cb3d9cb04b242f,0,rq1-exact-623-20260926-5x,0
moreDetailedTest/0027.trace,1014deeb6087e9737f04,moreDetailedTest,plain,5,2,OPTIMAL,0,3,1,unsat,0.029153770999982953,,ebfec958885d0ce72fd739de365f0fd81ba0ca38b719fd51ac4f9703a00e66c5,,0,rq1-exact-623-20260926-5x,0
moreDetailedTest/0027.trace,1014deeb6087e9737f04,moreDetailedTest,plain,5,2,OPTIMAL,0,3,2,unsat,0.1000906889998987,,c07dc34b4a36dafad9103c1a9a03ea474dc85cab940673f938cf317b1288d4f3,,0,rq1-exact-623-20260926-5x,0
moreDetailedTest/0027.trace,1014deeb6087e9737f04,moreDetailedTest,plain,5,2,OPTIMAL,0,3,3,sat,0.19754911999962133,,1b4ddd10564066197359a1cb8c8dd3c596c0f472702734d0643bb769e33313cc,e0eb6ec82871f9e380d3e434610aed1f914faed2bcc1393ab8cb3d9cb04b242f,0,rq1-exact-623-20260926-5x,0
moreDetailedTest/0028.trace,cbde687230edc800cf91,moreDetailedTest,plain,5,2,OPTIMAL,0,3,1,unsat,0.19062855099991793,,a2bf5207afc0d6adb6efd48e05467a00a07ddfe8a4c9167c4b3fed81072a6685,,0,rq1-exact-623-20260926-5x,0
moreDetailedTest/0028.trace,cbde687230edc800cf91,moreDetailedTest,plain,5,2,OPTIMAL,0,3,2,unsat,1.4091081240003405,,3221142746403cd634d41a1f47225b53e8e69503e5877687cfe36e0d63f4cfe0,,0,rq1-exact-623-20260926-5x,0
moreDetailedTest/0028.trace,cbde687230edc800cf91,moreDetailedTest,plain,5,2,OPTIMAL,0,3,3,sat,2.92495881800005,,8bf3c1ec6db01337a84843e621812c9a2720ee89712c403765ada3edb4d4312d,e0eb6ec82871f9e380d3e434610aed1f914faed2bcc1393ab8cb3d9cb04b242f,0,rq1-exact-623-20260926-5x,0
moreDetailedTest/0029.trace,9331454c33a3bdf68194,moreDetailedTest,plain,18,2,OPTIMAL,0,6,1,unsat,0.35548325200034014,,a9ba92a3ab9ab028af66898461761fbfafa59c865ce79a9e7c473ebd5b8250d5,,0,rq1-exact-623-20260926-5x,0
moreDetailedTest/0029.trace,9331454c33a3bdf68194,moreDetailedTest,plain,18,2,OPTIMAL,0,6,2,unsat,2.1626397620002535,,0e9dcaa840451c2ef1dec80f8681f04bca6457cb7ad85397d4363a1eceab15d2,,0,rq1-exact-623-20260926-5x,0
moreDetailedTest/0029.trace,9331454c33a3bdf68194,moreDetailedTest,plain,18,2,OPTIMAL,0,6,3,unsat,4.686100524999347,,08964237f89e0b1567ad34b727d41063847a6462a43ca39a481e5bb2b5277e7e,,0,rq1-exact-623-20260926-5x,0
moreDetailedTest/0029.trace,9331454c33a3bdf68194,moreDetailedTest,plain,18,2,OPTIMAL,0,6,4,unsat,10.859153016999699,,08d52417c37c2a5e56b77e056f31ce1fdcc550ce4bc0a9aa5334307e884ee8ca,,0,rq1-exact-623-20260926-5x,0
moreDetailedTest/0029.trace,9331454c33a3bdf68194,moreDetailedTest,plain,18,2,OPTIMAL,0,6,5,unsat,37.21000901300067,,5a8f2f8ce95bb53538c28cda741ee3847751d2bf09ff2b225fd60b8f1edaacec,,0,rq1-exact-623-20260926-5x,0
moreDetailedTest/0029.trace,9331454c33a3bdf68194,moreDetailedTest,plain,18,2,OPTIMAL,0,6,6,sat,32.09996744700038,,188f9bf8267fc4f87c052e1fccb435080e010f231f218091be2b55c7ac618343,211cd9252b7595e6a50c524262fa4c1e6cebca9b6afd1c3d46c83d9a5cb59031,0,rq1-exact-623-20260926-5x,0
moreDetailedTest/0030.trace,b1a8e88fb4a16f6eea14,moreDetailedTest,plain,18,2,OPTIMAL,0,6,1,unsat,0.0496887000008428,,7b77ee49c53ef421d798d79a1fe7d347ac6758729d21716c9dfda2666dd01148,,0,rq1-exact-623-20260926-5x,0
moreDetailedTest/0030.trace,b1a8e88fb4a16f6eea14,moreDetailedTest,plain,18,2,OPTIMAL,0,6,2,unsat,0.20265009099966846,,58b210c8b159cb244450f11dcc11b12c4e339d68d6c9f2d0d85471e71c34c722,,0,rq1-exact-623-20260926-5x,0
moreDetailedTest/0030.trace,b1a8e88fb4a16f6eea14,moreDetailedTest,plain,18,2,OPTIMAL,0,6,3,unsat,0.4185317909996229,,49d96b7da7e673d645711a6b181ce3c4f305dffcc85518c01febbf8dea427aab,,0,rq1-exact-623-20260926-5x,0
moreDetailedTest/0030.trace,b1a8e88fb4a16f6eea14,moreDetailedTest,plain,18,2,OPTIMAL,0,6,4,unsat,0.7716745719990286,,9b590dfa6beb9f9c3e2bb30d5396a1e020ac48102a1ec2c1892195d237aa5b52,,0,rq1-exact-623-20260926-5x,0
moreDetailedTest/0030.trace,b1a8e88fb4a16f6eea14,moreDetailedTest,plain,18,2,OPTIMAL,0,6,5,unsat,2.1782125210011145,,a9fa584d30f7d7564e4a1ffc8a4a592192864104e0fa00a64c6cc16f2416b424,,0,rq1-exact-623-20260926-5x,0
moreDetailedTest/0030.trace,b1a8e88fb4a16f6eea14,moreDetailedTest,plain,18,2,OPTIMAL,0,6,6,sat,1.5099036819992762,,91b5d9d230ac806cc322bc27e2301e06d35ea9aa18de9aec87c280c28238cecd,e2c614eb740c920659615469168790b4d5a1d7fd0cd33102778bd27b9c190468,0,rq1-exact-623-20260926-5x,0
moreDetailedTest/0031.trace,c7863ea54c066b064345,moreDetailedTest,plain,18,2,OPTIMAL,0,6,1,unsat,0.41554429399911896,,618e77d81c472bcd6309bd74988ab5d210289618ccb6f91ec073f122f0540218,,0,rq1-exact-623-20260926-5x,0
moreDetailedTest/0031.trace,c7863ea54c066b064345,moreDetailedTest,plain,18,2,OPTIMAL,0,6,2,unsat,2.6670235879992106,,51c1b3a6e215814254276b597085a9357cb781437fd50e8ad581f0d9a17a2c6b,,0,rq1-exact-623-20260926-5x,0
moreDetailedTest/0031.trace,c7863ea54c066b064345,moreDetailedTest,plain,18,2,OPTIMAL,0,6,3,unsat,5.711849985000299,,86bef0f19617e3f701cab74cc3bbcea803cf045470d1498195838f660a614fca,,0,rq1-exact-623-20260926-5x,0
moreDetailedTest/0031.trace,c7863ea54c066b064345,moreDetailedTest,plain,18,2,OPTIMAL,0,6,4,unsat,13.505773154998678,,fe6b0115e2b69c2b4639a249f2dd3821ef15594ba705de7d101f195b6859d1b6,,0,rq1-exact-623-20260926-5x,0
moreDetailedTest/0031.trace,c7863ea54c066b064345,moreDetailedTest,plain,18,2,OPTIMAL,0,6,5,unsat,55.03227061899997,,ec3143fcd78d636cd10c1bac10b33bf9210032b5427249301fc869a429b68739,,0,rq1-exact-623-20260926-5x,0
moreDetailedTest/0031.trace,c7863ea54c066b064345,moreDetailedTest,plain,18,2,OPTIMAL,0,6,6,sat,75.0364483100002,,4d3921d966416592c260ac776b45fa67f02da1f858646a4882a223fdd8a88d2a,241ad2fd690fcdf8f785b4ae243581f0d982d52f38ae76a68e002528a0b52af6,0,rq1-exact-623-20260926-5x,0
moreDetailedTest/0032.trace,afbc41abeaafc980e19d,moreDetailedTest,plain,18,2,OPTIMAL,0,6,1,unsat,0.4988752929984912,,c6348faf09170374927b1fd82d1ca90b2bff91d8a60921dc97792c28eacf47c9,,0,rq1-exact-623-20260926-5x,0
moreDetailedTest/0032.trace,afbc41abeaafc980e19d,moreDetailedTest,plain,18,2,OPTIMAL,0,6,2,unsat,3.2062323869995453,,dd313d37ebb8577dbe93fb0d61f4502c2f5ebddb770fe610613baea70b7b521e,,0,rq1-exact-623-20260926-5x,0
moreDetailedTest/0032.trace,afbc41abeaafc980e19d,moreDetailedTest,plain,18,2,OPTIMAL,0,6,3,unsat,7.277926401000514,,2ab68d4f4f50f61aa7d7418e3d448a98d28abe1b1f668c9c75e01e226031597b,,0,rq1-exact-623-20260926-5x,0
moreDetailedTest/0032.trace,afbc41abeaafc980e19d,moreDetailedTest,plain,18,2,OPTIMAL,0,6,4,unsat,15.153939579999133,,9b8d07cc61017420b5600698febb9936660cd0a2d16895241dddf9a94d12d0e9,,0,rq1-exact-623-20260926-5x,0
moreDetailedTest/0032.trace,afbc41abeaafc980e19d,moreDetailedTest,plain,18,2,OPTIMAL,0,6,5,unsat,61.78272601499884,,bd1a7f341a8558628409eb6b97b4cad9f49b639e1d815e0a7c85ecf7e1aaaa4a,,0,rq1-exact-623-20260926-5x,0
moreDetailedTest/0032.trace,afbc41abeaafc980e19d,moreDetailedTest,plain,18,2,OPTIMAL,0,6,6,sat,54.55755380099981,,b62ac509f078a073716197099d29cbd6a5e21ea722e8fe410cbb8ba0a8f750d8,ebbc875b19b1f4dc7055157e3fa36df414ff24427a26e18d03887488f9a5be78,0,rq1-exact-623-20260926-5x,0
moreDetailedTest/0033.trace,264ec564c3316c0bb0f4,moreDetailedTest,plain,18,2,OPTIMAL,0,6,1,unsat,0.5777381019997847,,3856ba2570420078bb6153d8a0c636b37f8acbaae2f5a25f9ecd64bdd4d68e23,,0,rq1-exact-623-20260926-5x,0
moreDetailedTest/0033.trace,264ec564c3316c0bb0f4,moreDetailedTest,plain,18,2,OPTIMAL,0,6,2,unsat,3.6885776660001284,,37a944bb7c61451449e602a13cb8e3d7be5d055fcd95cc0d23f86091abdd1fcf,,0,rq1-exact-623-20260926-5x,0
moreDetailedTest/0033.trace,264ec564c3316c0bb0f4,moreDetailedTest,plain,18,2,OPTIMAL,0,6,3,unsat,8.075242062999678,,1a1bdc32b7bdffa88f39f1bed735866669d88e597b3cfad253b958ba8dcc83d4,,0,rq1-exact-623-20260926-5x,0
moreDetailedTest/0033.trace,264ec564c3316c0bb0f4,moreDetailedTest,plain,18,2,OPTIMAL,0,6,4,unsat,19.076551682999707,,a3feafd3a6a77acde9a230bafeef89a39db55ab49dc2ea226c6b59b1f8a55403,,0,rq1-exact-623-20260926-5x,0
moreDetailedTest/0033.trace,264ec564c3316c0bb0f4,moreDetailedTest,plain,18,2,OPTIMAL,0,6,5,unsat,66.56690007399993,,ec319f86d13e19ec4756771adefdce243b7bf393f80c71b2612d0d22d1a75ccc,,0,rq1-exact-623-20260926-5x,0
moreDetailedTest/0033.trace,264ec564c3316c0bb0f4,moreDetailedTest,plain,18,2,OPTIMAL,0,6,6,sat,78.79336867200072,,531d18585922a43337ccc6483bff133a1c4d779a506eeb2cec73b7384ba1b5f8,8921235be74d9e6b22665aff0b10d766898d7004b3a006827a9614617a6f077f,0,rq1-exact-623-20260926-5x,0
moreDetailedTest/0034.trace,9b1869d9c99aa11d6a5a,moreDetailedTest,plain,18,2,OPTIMAL,0,6,1,unsat,0.6523612929995579,,6b3d3d490356bbd1cc24a7daeda196af5ba621f751ac5e5814676c01a656f191,,0,rq1-exact-623-20260926-5x,0
moreDetailedTest/0034.trace,9b1869d9c99aa11d6a5a,moreDetailedTest,plain,18,2,OPTIMAL,0,6,2,unsat,4.205641223001294,,39a19c8f3e236fff9cfdbf780245984b2d0dbda7cb5f6cc7e25630bc77378103,,0,rq1-exact-623-20260926-5x,0
moreDetailedTest/0034.trace,9b1869d9c99aa11d6a5a,moreDetailedTest,plain,18,2,OPTIMAL,0,6,3,unsat,9.17886314899988,,0a7233270adcd5818d15f66a4e4135f45453e070f18aa3f53371275375b665da,,0,rq1-exact-623-20260926-5x,0
moreDetailedTest/0034.trace,9b1869d9c99aa11d6a5a,moreDetailedTest,plain,18,2,OPTIMAL,0,6,4,unsat,20.93070138999974,,9e625283a344665052d9e196515ee030a39f2aa10550c227989155c569ed2dbb,,0,rq1-exact-623-20260926-5x,0
moreDetailedTest/0034.trace,9b1869d9c99aa11d6a5a,moreDetailedTest,plain,18,2,OPTIMAL,0,6,5,unsat,85.55177293700035,,43d45f5384b57bb9f07368d13312b943925e769e1073d97bd73d8549374e6e34,,0,rq1-exact-623-20260926-5x,0
moreDetailedTest/0034.trace,9b1869d9c99aa11d6a5a,moreDetailedTest,plain,18,2,OPTIMAL,0,6,6,sat,123.55311929199888,,44a2667ce5a5dc9a59b3db7a703ea8f77fddc19f16c1a5ddb5788aa099bb789d,db2a937aa597c6217bb1569b8545e88d335b8522b909951370b5eb24faaf02c0,0,rq1-exact-623-20260926-5x,0
moreDetailedTest/0035.trace,b69ff8a3d8b62c1cb419,moreDetailedTest,plain,18,2,OPTIMAL,0,6,1,unsat,0.8294170169992867,,e10d6ff2c580412bafecf9bafecc8095994e5f99222ab750528f189589633de0,,0,rq1-exact-623-20260926-5x,0
moreDetailedTest/0035.trace,b69ff8a3d8b62c1cb419,moreDetailedTest,plain,18,2,OPTIMAL,0,6,2,unsat,5.332857884000987,,93ff3c972cf8e33ab60ca032c3c34ac523099521e80d019132ebc380fe5c09ee,,0,rq1-exact-623-20260926-5x,0
moreDetailedTest/0035.trace,b69ff8a3d8b62c1cb419,moreDetailedTest,plain,18,2,OPTIMAL,0,6,3,unsat,11.598131650000141,,45e727c188e04eabd1a0a8aa3112d9d6a169d8932e250c28774d4181cee7b9f1,,0,rq1-exact-623-20260926-5x,0
moreDetailedTest/0035.trace,b69ff8a3d8b62c1cb419,moreDetailedTest,plain,18,2,OPTIMAL,0,6,4,unsat,26.34382582299986,,0139a6e382bf118af6c429cba9be6be90ee39f319bdbf7dc75ba939f898c8aac,,0,rq1-exact-623-20260926-5x,0
moreDetailedTest/0035.trace,b69ff8a3d8b62c1cb419,moreDetailedTest,plain,18,2,OPTIMAL,0,6,5,unsat,99.13354194000021,,bc1d55ae02789a420d3961df7d6a9ef8e56a5c9b0d1daec0b922b8e0c729ae6c,,0,rq1-exact-623-20260926-5x,0
moreDetailedTest/0035.trace,b69ff8a3d8b62c1cb419,moreDetailedTest,plain,18,2,OPTIMAL,0,6,6,sat,86.0748108810003,,8a72f3154df0863e2eaf7ff03038b9ab57680590068697bd6238b9d3ed77bb54,9963c6a1ef7dfce68c7a305c8833496b2eb8cd746a3fab590a85592738b56e3f,0,rq1-exact-623-20260926-5x,0
moreDetailedTest/0036.trace,75c6a5a4098ac3c025f4,moreDetailedTest,plain,18,2,OPTIMAL,0,6,1,unsat,0.9852914160001092,,25ec5e453a0655d1d0d3df8dd4e548fd88928352d518f9fd9cbae5fa84e8b611,,0,rq1-exact-623-20260926-5x,0
moreDetailedTest/0036.trace,75c6a5a4098ac3c025f4,moreDetailedTest,plain,18,2,OPTIMAL,0,6,2,unsat,6.41453426499902,,4c7ba6ed635294ada27691c8d22f764db099ecd7ed718e09292c19dc764a6aa4,,0,rq1-exact-623-20260926-5x,0
moreDetailedTest/0036.trace,75c6a5a4098ac3c025f4,moreDetailedTest,plain,18,2,OPTIMAL,0,6,3,unsat,14.022599416999583,,d526bf22da4e1baa7fd957abda09e0d3920922dfc3ebbc0bc380082e25f3556a,,0,rq1-exact-623-20260926-5x,0
moreDetailedTest/0036.trace,75c6a5a4098ac3c025f4,moreDetailedTest,plain,18,2,OPTIMAL,0,6,4,unsat,35.630326608999894,,18613d22aff05a4c98171aa7677857311add4b0ca9fc498e77ea8902db51f6d7,,0,rq1-exact-623-20260926-5x,0
moreDetailedTest/0036.trace,75c6a5a4098ac3c025f4,moreDetailedTest,plain,18,2,OPTIMAL,0,6,5,unsat,122.3484927999998,,40372f714ea8eb3b414e46978ca6353297827ca6dd9966b26e7261190297fff4,,0,rq1-exact-623-20260926-5x,0
moreDetailedTest/0036.trace,75c6a5a4098ac3c025f4,moreDetailedTest,plain,18,2,OPTIMAL,0,6,6,sat,132.30137382900102,,2fcfd84d6e9a0cd03570d068ab1aa085b67309421e9c0d5f30cbfe478666a4b9,ebbc875b19b1f4dc7055157e3fa36df414ff24427a26e18d03887488f9a5be78,0,rq1-exact-623-20260926-5x,0
moreDetailedTest/0037.trace,cce3912ea88c2a1dc20a,moreDetailedTest,plain,18,2,OPTIMAL,0,6,1,unsat,1.1342265940002108,,07ea2593d836690282bcf3cc433ab49ff89703ca96f252971a6bf99082c86723,,0,rq1-exact-623-20260926-5x,0
moreDetailedTest/0037.trace,cce3912ea88c2a1dc20a,moreDetailedTest,plain,18,2,OPTIMAL,0,6,2,unsat,7.48107009100022,,e74d502087a995b01585cd985de4c9c607c89cd37349c1a43ef78f3b87367ec4,,0,rq1-exact-623-20260926-5x,0
moreDetailedTest/0037.trace,cce3912ea88c2a1dc20a,moreDetailedTest,plain,18,2,OPTIMAL,0,6,3,unsat,16.476977034999436,,57ea4e567cdfc4460b5a3208d11d8aa5d96edfe15bdc7ea704b0a51a30c251ed,,0,rq1-exact-623-20260926-5x,0
moreDetailedTest/0037.trace,cce3912ea88c2a1dc20a,moreDetailedTest,plain,18,2,OPTIMAL,0,6,4,unsat,42.820344870000554,,76dc3134c4e32c552d0c6d2767452fee015f5dca8974984945e1d6ad0d7d2a4b,,0,rq1-exact-623-20260926-5x,0
moreDetailedTest/0037.trace,cce3912ea88c2a1dc20a,moreDetailedTest,plain,18,2,OPTIMAL,0,6,5,unsat,146.35203659099898,,e5ecefd50b1e1806823e0049d1fbe0be7b888099b139c35eaddeafe08d1807a8,,0,rq1-exact-623-20260926-5x,0
moreDetailedTest/0037.trace,cce3912ea88c2a1dc20a,moreDetailedTest,plain,18,2,OPTIMAL,0,6,6,sat,157.11735902299915,,50de5d2fccd73c8426615a1892179736deefd7297de69f77fac2480e1a9a1d8c,9963c6a1ef7dfce68c7a305c8833496b2eb8cd746a3fab590a85592738b56e3f,0,rq1-exact-623-20260926-5x,0
moreDetailedTest/0038.trace,c158e33058cc9193998b,moreDetailedTest,plain,18,2,OPTIMAL,0,6,1,unsat,1.3117862639992381,,62c241bc8208a7ea669155141e93816756b5643742076dc85b9e1ba2de509323,,0,rq1-exact-623-20260926-5x,0
moreDetailedTest/0038.trace,c158e33058cc9193998b,moreDetailedTest,plain,18,2,OPTIMAL,0,6,2,unsat,8.543641521999234,,4c75d721bfdc4da0e93cec8d29d14bf60b017779f73a19cedb3531fd056ccc63,,0,rq1-exact-623-20260926-5x,0
moreDetailedTest/0038.trace,c158e33058cc9193998b,moreDetailedTest,plain,18,2,OPTIMAL,0,6,3,unsat,18.834058225000263,,b1768fc1b4a5d35c4b1cced9bc19998603c34e3023581b58783a98d25e2703c4,,0,rq1-exact-623-20260926-5x,0
moreDetailedTest/0038.trace,c158e33058cc9193998b,moreDetailedTest,plain,18,2,OPTIMAL,0,6,4,unsat,46.70891964099974,,b1d2eb5cf939da1a23e1e19be9a2f5e889595e4b2af9d9e5857f264869d2f6fd,,0,rq1-exact-623-20260926-5x,0
moreDetailedTest/0038.trace,c158e33058cc9193998b,moreDetailedTest,plain,18,2,OPTIMAL,0,6,5,unsat,174.9204340719989,,55106929bdcf7536b448f131f2da391347fb5fb5385642d86b71eff6a1311b81,,0,rq1-exact-623-20260926-5x,0
moreDetailedTest/0038.trace,c158e33058cc9193998b,moreDetailedTest,plain,18,2,OPTIMAL,0,6,6,sat,202.19885710900053,,734d0fb4b25900b0845041c3b1de0d57b927e055381d49ec0f55b5c5bded33c8,db2a937aa597c6217bb1569b8545e88d335b8522b909951370b5eb24faaf02c0,0,rq1-exact-623-20260926-5x,0
moreDetailedTest/0039.trace,3a0c91c628f464247fcc,moreDetailedTest,plain,18,2,OPTIMAL,0,6,1,unsat,1.6590063919993554,,4063d02f19aef2eeb9965ced965939ffa8f5e388c345c3fd92bf2e0dc156b864,,0,rq1-exact-623-20260926-5x,0
moreDetailedTest/0039.trace,3a0c91c628f464247fcc,moreDetailedTest,plain,18,2,OPTIMAL,0,6,2,unsat,10.856433572000242,,72366468b8f9e96253f178c8410aba5de51f5c1fdf31b1d1a4165ad2ad391317,,0,rq1-exact-623-20260926-5x,0
moreDetailedTest/0039.trace,3a0c91c628f464247fcc,moreDetailedTest,plain,18,2,OPTIMAL,0,6,3,unsat,27.68455795099908,,e50f36eb80f3a6c3603ca74d15adbeac00a27b7f38af26fab9152a704cd578e0,,0,rq1-exact-623-20260926-5x,0
moreDetailedTest/0039.trace,3a0c91c628f464247fcc,moreDetailedTest,plain,18,2,OPTIMAL,0,6,4,unsat,67.41648294100014,,ec4d6a96465cb7b583eb9068ec1fb9e0130d6d9320dd945ee7f17761618b67d0,,0,rq1-exact-623-20260926-5x,0
moreDetailedTest/0039.trace,3a0c91c628f464247fcc,moreDetailedTest,plain,18,2,OPTIMAL,0,6,5,unsat,192.22275832599917,,b34b059a2e134c729e8d2f4a56ecdc3f1a52bf642fbb9caeba875e04bf2989fc,,0,rq1-exact-623-20260926-5x,0
moreDetailedTest/0039.trace,3a0c91c628f464247fcc,moreDetailedTest,plain,18,2,OPTIMAL,0,6,6,sat,132.44646647900117,,d3815ddb64f62328c8b58f97b191a42cdb641be946afe72baa2c258965a19edb,db2a937aa597c6217bb1569b8545e88d335b8522b909951370b5eb24faaf02c0,0,rq1-exact-623-20260926-5x,0
moreDetailedTest/0040.trace,a86434fd5f31771b9bf8,moreDetailedTest,plain,18,2,OPTIMAL,0,6,1,unsat,0.1785939679994044,,88ac76b9c597d40ad79fb3e3b59acb9aec26da5252100e69d9c875b9d5be64cb,,0,rq1-exact-623-20260926-5x,0
moreDetailedTest/0040.trace,a86434fd5f31771b9bf8,moreDetailedTest,plain,18,2,OPTIMAL,0,6,2,unsat,1.0269178719991032,,4e5a300ac5c732a80622e1453471f2014fe03f7438501407727768ca6390df0a,,0,rq1-exact-623-20260926-5x,0
moreDetailedTest/0040.trace,a86434fd5f31771b9bf8,moreDetailedTest,plain,18,2,OPTIMAL,0,6,3,unsat,2.255591237000772,,ab52706f13a676e07d7725d209f60c84787efb7f43b4e7c78f3190538a74190a,,0,rq1-exact-623-20260926-5x,0
moreDetailedTest/0040.trace,a86434fd5f31771b9bf8,moreDetailedTest,plain,18,2,OPTIMAL,0,6,4,unsat,5.01526518799983,,028735cfc8ab8eaf93494337db8b923dc2c893856f9a04140137d435ac1dcbcb,,0,rq1-exact-623-20260926-5x,0
moreDetailedTest/0040.trace,a86434fd5f31771b9bf8,moreDetailedTest,plain,18,2,OPTIMAL,0,6,5,unsat,13.574350335000418,,37cc3938ec84f7fb135ffafe1450c4885f15c43c226ce652c151f4e702a79ec7,,0,rq1-exact-623-20260926-5x,0
moreDetailedTest/0040.trace,a86434fd5f31771b9bf8,moreDetailedTest,plain,18,2,OPTIMAL,0,6,6,sat,14.170260210999913,,edb53aa86d8d27b94317970b21a42e1f97acd996a3868b2921707f1de218e54b,390432d7de3010925de95381693b149de99d2c955cbf6eab902a0477cc9968ac,0,rq1-exact-623-20260926-5x,0
moreDetailedTest/0041.trace,ad7f846726a675e5d82c,moreDetailedTest,plain,18,2,OPTIMAL,0,6,1,unsat,0.03585232099976565,,f1eb5d56e463f4433b5cfa42c91192abef9e5c92abaf4932d38a6e50ffb18c2a,,0,rq1-exact-623-20260926-5x,0
moreDetailedTest/0041.trace,ad7f846726a675e5d82c,moreDetailedTest,plain,18,2,OPTIMAL,0,6,2,unsat,0.10813712500021211,,73cd5ef4ac5164d4406717d44927b3cd2c883215520116d1d2a8d12368a60b22,,0,rq1-exact-623-20260926-5x,0
moreDetailedTest/0041.trace,ad7f846726a675e5d82c,moreDetailedTest,plain,18,2,OPTIMAL,0,6,3,unsat,0.22062615399954666,,8d9adcb65bc960d22288b39dfb8891b8b05b7360e7e177185eecd82749c1e201,,0,rq1-exact-623-20260926-5x,0
moreDetailedTest/0041.trace,ad7f846726a675e5d82c,moreDetailedTest,plain,18,2,OPTIMAL,0,6,4,unsat,0.39501032900079736,,3db0a21a3f13591cb396d0863578911f165206599430ac22c10dd54bd449d471,,0,rq1-exact-623-20260926-5x,0
moreDetailedTest/0041.trace,ad7f846726a675e5d82c,moreDetailedTest,plain,18,2,OPTIMAL,0,6,5,unsat,1.0862924049997673,,32f59320ab2ae52ed8771c23d07aed8da1725699b35bda291908a84af6f58264,,0,rq1-exact-623-20260926-5x,0
moreDetailedTest/0041.trace,ad7f846726a675e5d82c,moreDetailedTest,plain,18,2,OPTIMAL,0,6,6,sat,0.8157236850001937,,4825b6a959b9301039a0b4336d4f570cd8cc98ac4e2d468e795eecec225600a5,8e693e367343594cede363aba3dacc1d86d18358e369bba5c5a0f87a12b3b228,0,rq1-exact-623-20260926-5x,0
moreDetailedTest/0042.trace,98d71d42b134dd9cfdd1,moreDetailedTest,plain,18,2,OPTIMAL,0,6,1,unsat,0.25638505300048564,,12355ac4bb334cafe3ba2910d997d8f7a4cfcb29545fc6900c38142246e2b963,,0,rq1-exact-623-20260926-5x,0
moreDetailedTest/0042.trace,98d71d42b134dd9cfdd1,moreDetailedTest,plain,18,2,OPTIMAL,0,6,2,unsat,1.554298110999298,,48b7a43135058ed1308015dae55bdf63b01b240d870484275386cd447708a75d,,0,rq1-exact-623-20260926-5x,0
moreDetailedTest/0042.trace,98d71d42b134dd9cfdd1,moreDetailedTest,plain,18,2,OPTIMAL,0,6,3,unsat,3.3830895089995465,,d732664ab5abe5e3555572ea858177ed5541841ec82462f439e953737ed13fd5,,0,rq1-exact-623-20260926-5x,0
moreDetailedTest/0042.trace,98d71d42b134dd9cfdd1,moreDetailedTest,plain,18,2,OPTIMAL,0,6,4,unsat,7.283763523999369,,cabc7c9699af2cb1e6d2f8814a1b016202e2899b88c70e7d232e73e25865cc23,,0,rq1-exact-623-20260926-5x,0
moreDetailedTest/0042.trace,98d71d42b134dd9cfdd1,moreDetailedTest,plain,18,2,OPTIMAL,0,6,5,unsat,20.3517164269997,,ec2c58727b419a2fc7d252421fcf424cf118d2639d7edba804f80a4ab5d9e99c,,0,rq1-exact-623-20260926-5x,0
moreDetailedTest/0042.trace,98d71d42b134dd9cfdd1,moreDetailedTest,plain,18,2,OPTIMAL,0,6,6,sat,18.13100919700082,,3c36df3b2de67e59ddf14ecf74d5062f56fc52783702246df9326c7c711c54a8,241ad2fd690fcdf8f785b4ae243581f0d982d52f38ae76a68e002528a0b52af6,0,rq1-exact-623-20260926-5x,0
moreDetailedTest/0043.trace,912eaf548b5996e4df12,moreDetailedTest,plain,3,2,OPTIMAL,0,2,1,unsat,0.24867711999991116,,21a2e1455d8c6382375f8daccaa2fad20719efd64ecaa811a339a2c4d579a0cd,,0,rq1-exact-623-20260926-5x,0
moreDetailedTest/0043.trace,912eaf548b5996e4df12,moreDetailedTest,plain,3,2,OPTIMAL,0,2,2,sat,1.8693822069999442,,2798b888e2e3f8c9186eb5d36fab2cafaecac88a22e162e070634306ee177304,b1f5e101b593c60918517e6397ce9e31d4fbaaa443c21f9e47f963d02ed9c3b1,0,rq1-exact-623-20260926-5x,0
moreDetailedTest/0044.trace,04b9344a241d6b3da748,moreDetailedTest,plain,3,2,OPTIMAL,0,2,1,unsat,0.03797231399994416,,a552049f7816a188e5902e772eec41c021c8df868f90745b1612a31b8a8bcd9a,,0,rq1-exact-623-20260926-5x,0
moreDetailedTest/0044.trace,04b9344a241d6b3da748,moreDetailedTest,plain,3,2,OPTIMAL,0,2,2,sat,0.17844780199993693,,ce661347d86e72b68d4899c1e4ec1fbdbb1deeb8d0e4c4d07f56692981248f23,b1f5e101b593c60918517e6397ce9e31d4fbaaa443c21f9e47f963d02ed9c3b1,0,rq1-exact-623-20260926-5x,0
moreDetailedTest/0045.trace,a5f7e4d89ccdaacc1cf8,moreDetailedTest,plain,3,2,OPTIMAL,0,2,1,unsat,0.30625429299971074,,77d27d05891134ceead35f1b2a6c4e94f73a2beffda1bea6cef1bc447a4df42b,,0,rq1-exact-623-20260926-5x,0
moreDetailedTest/0045.trace,a5f7e4d89ccdaacc1cf8,moreDetailedTest,plain,3,2,OPTIMAL,0,2,2,sat,2.3730945939996673,,fcc2d7d826dc00456761e8230014950d9a5cee4e2f1c6e61038e9deadbcfeaa0,b1f5e101b593c60918517e6397ce9e31d4fbaaa443c21f9e47f963d02ed9c3b1,0,rq1-exact-623-20260926-5x,0
moreDetailedTest/0046.trace,057a8b316b0d9183539b,moreDetailedTest,plain,3,2,OPTIMAL,0,2,1,unsat,0.3619618249999803,,cd8d76e33f98594897a1454b679a6588384118b0affaa430d9f7dccd2c8fe1cc,,0,rq1-exact-623-20260926-5x,0
moreDetailedTest/0046.trace,057a8b316b0d9183539b,moreDetailedTest,plain,3,2,OPTIMAL,0,2,2,sat,2.860117258000173,,674a85b810c34934ebcab7f080f2917172528f4885add5913bddbf83ee6628cb,b1f5e101b593c60918517e6397ce9e31d4fbaaa443c21f9e47f963d02ed9c3b1,0,rq1-exact-623-20260926-5x,0
moreDetailedTest/0047.trace,35e9c7103f9db92fd595,moreDetailedTest,plain,3,2,OPTIMAL,0,2,1,unsat,0.4164433190003365,,afefe5208a35eedb4bac8fc33a8449a239ec4ec33ecec6578d217992d436521a,,0,rq1-exact-623-20260926-5x,0
moreDetailedTest/0047.trace,35e9c7103f9db92fd595,moreDetailedTest,plain,3,2,OPTIMAL,0,2,2,sat,3.3193170380000083,,d01231604639e3c818bff4fd3dd91104e8135da4b7d2a4cdc76a90409140e6b3,b1f5e101b593c60918517e6397ce9e31d4fbaaa443c21f9e47f963d02ed9c3b1,0,rq1-exact-623-20260926-5x,0
moreDetailedTest/0048.trace,869b7c00e245ae22864c,moreDetailedTest,plain,3,2,OPTIMAL,0,2,1,unsat,0.4773990839998987,,1e3942b0da39bcc6115e859440fccbdef4fc036c99dbb99d7141ad9589f0ff94,,0,rq1-exact-623-20260926-5x,0
moreDetailedTest/0048.trace,869b7c00e245ae22864c,moreDetailedTest,plain,3,2,OPTIMAL,0,2,2,sat,3.7750445739998213,,5668865e01dbc1242c89a6daa700e6be329ed83bb1ca572c0d52e6912f601e61,b1f5e101b593c60918517e6397ce9e31d4fbaaa443c21f9e47f963d02ed9c3b1,0,rq1-exact-623-20260926-5x,0
moreDetailedTest/0049.trace,59cfae47338aca3fa9e3,moreDetailedTest,plain,3,2,OPTIMAL,0,2,1,unsat,0.5906490779998421,,375e071b01680032c84fa93d72c064e901e68d47b56731086556564c7091265c,,0,rq1-exact-623-20260926-5x,0
moreDetailedTest/0049.trace,59cfae47338aca3fa9e3,moreDetailedTest,plain,3,2,OPTIMAL,0,2,2,sat,4.785209877999932,,4a44c235c861ac37753d8f3355b13ba1da2f5d52b640e17ec609a9d03d5ad964,b1f5e101b593c60918517e6397ce9e31d4fbaaa443c21f9e47f963d02ed9c3b1,0,rq1-exact-623-20260926-5x,0
moreDetailedTest/0050.trace,467dc0d33d0f389f8e38,moreDetailedTest,plain,3,2,OPTIMAL,0,2,1,unsat,0.7209815639998851,,4c3c8de36c88d14bed0ee4a901cf5d36f8258cc2efb1a99b6ab51548fb7ed3bc,,0,rq1-exact-623-20260926-5x,0
moreDetailedTest/0050.trace,467dc0d33d0f389f8e38,moreDetailedTest,plain,3,2,OPTIMAL,0,2,2,sat,5.823017077000031,,5ca7533cef9b92e9fbde2faa35cb6e6e03459357e0560b170c63d6c8ca3527c8,b1f5e101b593c60918517e6397ce9e31d4fbaaa443c21f9e47f963d02ed9c3b1,0,rq1-exact-623-20260926-5x,0
moreDetailedTest/0051.trace,c44034219f76b7a51c64,moreDetailedTest,plain,3,2,OPTIMAL,0,2,1,unsat,0.8256007929999214,,71aa8edce3003e7f496914144a4a212238992c2e179b55548de90c920083769e,,0,rq1-exact-623-20260926-5x,0
moreDetailedTest/0051.trace,c44034219f76b7a51c64,moreDetailedTest,plain,3,2,OPTIMAL,0,2,2,sat,6.786690336999982,,9c4ab2258e91a387e40a1befb25430beb44a18f8d29e34bd2f68d0cf89733878,b1f5e101b593c60918517e6397ce9e31d4fbaaa443c21f9e47f963d02ed9c3b1,0,rq1-exact-623-20260926-5x,0
moreDetailedTest/0052.trace,24061b632268c1ec2d9b,moreDetailedTest,plain,3,2,OPTIMAL,0,2,1,unsat,0.9648566099999698,,00df34d11a08601a19a8404cd7f7ed4ff97992b8705fb29e67bcd65145084739,,0,rq1-exact-623-20260926-5x,0
moreDetailedTest/0052.trace,24061b632268c1ec2d9b,moreDetailedTest,plain,3,2,OPTIMAL,0,2,2,sat,7.9372718459999305,,3f3adef63d8426d45961df9da578cdc1ddc69a9a0548ee5ce99e265f33975447,b1f5e101b593c60918517e6397ce9e31d4fbaaa443c21f9e47f963d02ed9c3b1,0,rq1-exact-623-20260926-5x,0
moreDetailedTest/0053.trace,937cf83456a4a6c30524,moreDetailedTest,plain,3,2,OPTIMAL,0,2,1,unsat,1.1650201040001775,,e4ae7ac591e279fa7d6081710e78a81a3613d8e87ed2b169a918022a0349ab84,,0,rq1-exact-623-20260926-5x,0
moreDetailedTest/0053.trace,937cf83456a4a6c30524,moreDetailedTest,plain,3,2,OPTIMAL,0,2,2,sat,9.756491205000202,,b49b45e6a14e4b2d25e653f1ba4c90710a5c80e4a3a0d8fcbbdb3a08fa35af2a,b1f5e101b593c60918517e6397ce9e31d4fbaaa443c21f9e47f963d02ed9c3b1,0,rq1-exact-623-20260926-5x,0
moreDetailedTest/0054.trace,8adc282fe4b298cbf0c2,moreDetailedTest,plain,3,2,OPTIMAL,0,2,1,unsat,0.13470220099998187,,a315071b3fb98750b8cddb4f4d0174bbcb24f8bac60547f3890380eee6008436,,0,rq1-exact-623-20260926-5x,0
moreDetailedTest/0054.trace,8adc282fe4b298cbf0c2,moreDetailedTest,plain,3,2,OPTIMAL,0,2,2,sat,0.935450721000052,,cb63549810a8151ef87928cf58ad6e4d18b444e8ef530f23f6003f883e6cab57,b1f5e101b593c60918517e6397ce9e31d4fbaaa443c21f9e47f963d02ed9c3b1,0,rq1-exact-623-20260926-5x,0
moreDetailedTest/0055.trace,164e891ab56cc010e6b6,moreDetailedTest,plain,3,2,OPTIMAL,0,2,1,unsat,0.029258028000185732,,cba80b4ff08614a7def94bfd17908b4c3e719120f124454ba88c7eb018fe644b,,0,rq1-exact-623-20260926-5x,0
moreDetailedTest/0055.trace,164e891ab56cc010e6b6,moreDetailedTest,plain,3,2,OPTIMAL,0,2,2,sat,0.10063172600030157,,ce71617e618356890517088fbc040ec2aa81eac4251dcc35f857522a7d02da24,b1f5e101b593c60918517e6397ce9e31d4fbaaa443c21f9e47f963d02ed9c3b1,0,rq1-exact-623-20260926-5x,0
moreDetailedTest/0056.trace,38867a153d9de7d80255,moreDetailedTest,plain,3,2,OPTIMAL,0,2,1,unsat,0.18624234400022033,,9272aefa579984b31e9201652af042752c23b211e3da2c890280507703cd1319,,0,rq1-exact-623-20260926-5x,0
moreDetailedTest/0056.trace,38867a153d9de7d80255,moreDetailedTest,plain,3,2,OPTIMAL,0,2,2,sat,1.3864384690000406,,9f026b255edc89c96fa96d27edcfbc56ae0f3542742e47997fc812901bbc541b,b1f5e101b593c60918517e6397ce9e31d4fbaaa443c21f9e47f963d02ed9c3b1,0,rq1-exact-623-20260926-5x,0
moreDetailedTest/0057.trace,ec26203c41665975ef5e,moreDetailedTest,plain,18,2,OPTIMAL,0,7,1,unsat,0.33335813200028497,,aac7b2bc185f41fbdea8a7fa6d85c5281137721c0f46da6a8e005e7c2577d15e,,0,rq1-exact-623-20260926-5x,0
moreDetailedTest/0057.trace,ec26203c41665975ef5e,moreDetailedTest,plain,18,2,OPTIMAL,0,7,2,unsat,2.0573888269991585,,7f275fb1c122c73a63cd600bcbbd2398d27cdbd4cfdf6bf5b934a10281e57837,,0,rq1-exact-623-20260926-5x,0
moreDetailedTest/0057.trace,ec26203c41665975ef5e,moreDetailedTest,plain,18,2,OPTIMAL,0,7,3,unsat,4.600713992000237,,eff42bf9e91b5e65efd53902fd9452d25c5fbfd8ce6286d0d10e87dac3819325,,0,rq1-exact-623-20260926-5x,0
moreDetailedTest/0057.trace,ec26203c41665975ef5e,moreDetailedTest,plain,18,2,OPTIMAL,0,7,4,unsat,10.280445923001025,,4ce62f021901eea20969556e7cc2cfe56f8dc8101d7745f68bf42e42227aa6c7,,0,rq1-exact-623-20260926-5x,0
moreDetailedTest/0057.trace,ec26203c41665975ef5e,moreDetailedTest,plain,18,2,OPTIMAL,0,7,5,unsat,39.37753232399882,,48505daece883f0f7cf2dfd6204a1b1b5eda64bc348328055a386d7fe78d1a08,,0,rq1-exact-623-20260926-5x,0
moreDetailedTest/0057.trace,ec26203c41665975ef5e,moreDetailedTest,plain,18,2,OPTIMAL,0,7,6,unsat,273.8574693169994,,11de079705641ef00f7c82eed0477ed7e2ab214759c17a7d5b8b36c4be07caf4,,0,rq1-exact-623-20260926-5x,0
moreDetailedTest/0057.trace,ec26203c41665975ef5e,moreDetailedTest,plain,18,2,OPTIMAL,0,7,7,sat,42.77979085399966,,f34bc6743e1f1f15907dc8da82137a7befa558cbc6539bb6c67bffccd8f1eedd,a406e1ae54823a50b6b2616ad17f3374473a7caaf9ea2074baa312e3a567b621,0,rq1-exact-623-20260926-5x,0
moreDetailedTest/0058.trace,d017845ba588e27a4ed9,moreDetailedTest,plain,18,2,OPTIMAL,0,6,1,unsat,0.05046744999890507,,3ddf5fa915e5fe6fe4415b8c6683826d39f9c273583787bfe6479eba7c954737,,0,rq1-exact-623-20260926-5x,0
moreDetailedTest/0058.trace,d017845ba588e27a4ed9,moreDetailedTest,plain,18,2,OPTIMAL,0,6,2,unsat,0.20586526700026297,,ec419d015a7340caff3905fec0049b5409b64600f0a167c0e7a8335348503622,,0,rq1-exact-623-20260926-5x,0
moreDetailedTest/0058.trace,d017845ba588e27a4ed9,moreDetailedTest,plain,18,2,OPTIMAL,0,6,3,unsat,0.4285406979997788,,8389f89da5b0dd7859e5130818f6fc38412333ad2e6158b088fa646c355a583f,,0,rq1-exact-623-20260926-5x,0
moreDetailedTest/0058.trace,d017845ba588e27a4ed9,moreDetailedTest,plain,18,2,OPTIMAL,0,6,4,unsat,0.7773795840003004,,f75dfd63aa7bde4824892db416a417b50ac820ccad8e845aac6d8c9c0b81c7b2,,0,rq1-exact-623-20260926-5x,0
moreDetailedTest/0058.trace,d017845ba588e27a4ed9,moreDetailedTest,plain,18,2,OPTIMAL,0,6,5,unsat,1.7653589620003913,,17dbd0cc1bd3502a77f65c26f77ea6d935380846b9772ae63df64999a48b72fc,,0,rq1-exact-623-20260926-5x,0
moreDetailedTest/0058.trace,d017845ba588e27a4ed9,moreDetailedTest,plain,18,2,OPTIMAL,0,6,6,sat,2.388872423000066,,7a22b1e124c8e1278e02743eefcb9e4151cf458b747e58d58a967af88d74d938,0a905b9bc94d41a9f1a1ea5f39c8220d96a18b7f39204fe27d6ed424d15817f4,0,rq1-exact-623-20260926-5x,0
moreDetailedTest/0059.trace,80225365eff8385a047c,moreDetailedTest,plain,18,2,OPTIMAL,0,7,1,unsat,0.41582564700001967,,795e331ac4964ac545a0eed701206975a5712331cafd36ac07997ec8787df56d,,0,rq1-exact-623-20260926-5x,0
moreDetailedTest/0059.trace,80225365eff8385a047c,moreDetailedTest,plain,18,2,OPTIMAL,0,7,2,unsat,2.612927973001206,,7a8ec7cde54ea68348447bba62b26e8189f8b4f69ad8d05bb3e16421f78c3816,,0,rq1-exact-623-20260926-5x,0
moreDetailedTest/0059.trace,80225365eff8385a047c,moreDetailedTest,plain,18,2,OPTIMAL,0,7,3,unsat,5.92496480400041,,7c5267d86129365755870f0c5bc04fea8a478e7d8c6926a0bcc2530a3df29d22,,0,rq1-exact-623-20260926-5x,0
moreDetailedTest/0059.trace,80225365eff8385a047c,moreDetailedTest,plain,18,2,OPTIMAL,0,7,4,unsat,14.28488120199836,,1848c28cb7f1bdfaf90e0590ce13349816cad86126480178a05a7ad0f9f00710,,0,rq1-exact-623-20260926-5x,0
moreDetailedTest/0059.trace,80225365eff8385a047c,moreDetailedTest,plain,18,2,OPTIMAL,0,7,5,unsat,58.611266624000564,,cf88e005e13ee07f28e29f443983ac093585ddac28aee1b38dc1abf2910ef907,,0,rq1-exact-623-20260926-5x,0
moreDetailedTest/0059.trace,80225365eff8385a047c,moreDetailedTest,plain,18,2,OPTIMAL,0,7,6,unsat,292.3348070970005,,9bb01270d527c6646ebb219186187770a9909f8ebb04db282ee6a46ef0db0a15,,0,rq1-exact-623-20260926-5x,0
moreDetailedTest/0059.trace,80225365eff8385a047c,moreDetailedTest,plain,18,2,OPTIMAL,0,7,7,sat,203.17280298600053,,dcb73a2755dc8ade70bf2dfe0fc3f34b6b7184b79f29a5a75e10322669053f81,fb93490e55ba1fcc52dd39ae119e09000bbf8d51d4289171b87c6521266cbc7d,0,rq1-exact-623-20260926-5x,0
moreDetailedTest/0060.trace,8c7806ac0dd277c67e28,moreDetailedTest,plain,18,2,OPTIMAL,0,7,1,unsat,0.7263663199992152,,d3b963c3460198b62c631e97ad1bf39ab09e0a8f4cc2dff55697604fb1790c9e,,0,rq1-exact-623-20260926-5x,0
moreDetailedTest/0060.trace,8c7806ac0dd277c67e28,moreDetailedTest,plain,18,2,OPTIMAL,0,7,2,unsat,4.546965578003437,,642847855db1defaaeddc8be37640a9d7f8c2a13681d6f99a5c96a3c859d1cf4,,0,rq1-exact-623-20260926-5x,0
moreDetailedTest/0060.trace,8c7806ac0dd277c67e28,moreDetailedTest,plain,18,2,OPTIMAL,0,7,3,unsat,9.96144316400023,,cbc47a763d622797bacf9019b5fd24b90821922b848e53b7ecd0aea787984c1d,,0,rq1-exact-623-20260926-5x,0
moreDetailedTest/0060.trace,8c7806ac0dd277c67e28,moreDetailedTest,plain,18,2,OPTIMAL,0,7,4,unsat,23.653422126000805,,e7e7b2980042a00f959b1ebefa8bf16b157f6fae7b0e6f755a664ef1ab16976a,,0,rq1-exact-623-20260926-5x,0
moreDetailedTest/0060.trace,8c7806ac0dd277c67e28,moreDetailedTest,plain,18,2,OPTIMAL,0,7,5,unsat,76.06728671999736,,0a74de3dfbfaea4c47d2cc45b1518b6b31bab2f6386f144ee8d17276b0eb6d0d,,0,rq1-exact-623-20260926-5x,0
moreDetailedTest/0060.trace,8c7806ac0dd277c67e28,moreDetailedTest,plain,18,2,OPTIMAL,0,7,6,unsat,603.562197103005,,b7b6372a4ce28a87743dcd16fba71a2fac25d43527075743012c6000ff37f2df,,0,rq1-exact-623-20260926-5x,0
moreDetailedTest/0060.trace,8c7806ac0dd277c67e28,moreDetailedTest,plain,18,2,OPTIMAL,0,7,7,sat,221.1940688110044,,7e4ecf7b4cadd5a774ae66dd3ae973832433fdca02a98627a8bb951d21dcbd22,46252fb95afe781dd84302168797fd5351abd00a74ab510167c1d772e0053c31,0,rq1-exact-623-20260926-5x,0
moreDetailedTest/0061.trace,c050aac0240d1a753a13,moreDetailedTest,plain,18,2,OPTIMAL,0,7,1,unsat,0.8532314070034772,,e3cdb67f9c7cf24f37418b2666f8ba77240cf3e16e9935cea8b79e9efde2df3d,,0,rq1-exact-623-20260926-5x,0
moreDetailedTest/0061.trace,c050aac0240d1a753a13,moreDetailedTest,plain,18,2,OPTIMAL,0,7,2,unsat,5.446807970001828,,51595f4611b53dcf93bade57218de8f78496d7da2929eeba7b75c42a8ec78e84,,0,rq1-exact-623-20260926-5x,0
moreDetailedTest/0061.trace,c050aac0240d1a753a13,moreDetailedTest,plain,18,2,OPTIMAL,0,7,3,unsat,11.950245258994983,,931aaee95bc828794b3664405b35bf62145757bdbabae5cce390ccd9e982a475,,0,rq1-exact-623-20260926-5x,0
moreDetailedTest/0061.trace,c050aac0240d1a753a13,moreDetailedTest,plain,18,2,OPTIMAL,0,7,4,unsat,30.788745434998418,,80a4ba8bcb45003214715a0f5e847ca96a217722bb8cf21a66ca487ecb1780bb,,0,rq1-exact-623-20260926-5x,0
moreDetailedTest/0061.trace,c050aac0240d1a753a13,moreDetailedTest,plain,18,2,OPTIMAL,0,7,5,unsat,130.55466446100036,,ac17e72d28846d7477b716ab240bdc03a4eb5bdf5435dccf5d2b9b0b6d8f9663,,0,rq1-exact-623-20260926-5x,0
moreDetailedTest/0061.trace,c050aac0240d1a753a13,moreDetailedTest,plain,18,2,OPTIMAL,0,7,6,unsat,797.8261830659976,,885f11566a2eab4077e062f9a917ca26b2ea90b388417e86ef7da98c586e5aa8,,0,rq1-exact-623-20260926-5x,0
moreDetailedTest/0061.trace,c050aac0240d1a753a13,moreDetailedTest,plain,18,2,OPTIMAL,0,7,7,sat,438.0413531689992,,c9877a156a0515a527f2c669f1ef81f0a3d7bd0b79e98e4b1c3f4ebe33cfc646,59f44a8afc84a41998f3491b96cddedd0d619e70ab5fd71deabd33679288b30f,0,rq1-exact-623-20260926-5x,0
moreDetailedTest/0062.trace,ab480f0ce11630028cbc,moreDetailedTest,plain,18,2,OPTIMAL,0,7,1,unsat,0.9840054790038266,,e75ec8114958cf56480119ad0f3be8ed9b865010ac8e619671e56a3c47e05cad,,0,rq1-exact-623-20260926-5x,0
moreDetailedTest/0062.trace,ab480f0ce11630028cbc,moreDetailedTest,plain,18,2,OPTIMAL,0,7,2,unsat,6.202135702995292,,4c822bfdcf033acd39c84d6ea6ada24f36a2faa08b6c546a5d71b5c58d64b471,,0,rq1-exact-623-20260926-5x,0
moreDetailedTest/0062.trace,ab480f0ce11630028cbc,moreDetailedTest,plain,18,2,OPTIMAL,0,7,3,unsat,13.702229599002749,,e3a7e95a85b856b0b2097abea31a56d16cd6fa1af9af7db923f0225956c83ff0,,0,rq1-exact-623-20260926-5x,0
moreDetailedTest/0062.trace,ab480f0ce11630028cbc,moreDetailedTest,plain,18,2,OPTIMAL,0,7,4,unsat,34.99096413799998,,ce0f19d4de47d99331bae5ce9fab170bd894d8ad01b8f20388e8556a9074dfba,,0,rq1-exact-623-20260926-5x,0
moreDetailedTest/0062.trace,ab480f0ce11630028cbc,moreDetailedTest,plain,18,2,OPTIMAL,0,7,5,unsat,118.42084920300113,,51546ce6f851dea063c160543d38aaac2cad6d0270bdda5532d89feffb39cf02,,0,rq1-exact-623-20260926-5x,0
moreDetailedTest/0062.trace,ab480f0ce11630028cbc,moreDetailedTest,plain,18,2,OPTIMAL,0,7,6,unsat,1068.710325619999,,d719088081b43e33a74a7a6b2d5e7df4815a37377a9e18049d2a9266b6e97f53,,0,rq1-exact-623-20260926-5x,0
moreDetailedTest/0062.trace,ab480f0ce11630028cbc,moreDetailedTest,plain,18,2,OPTIMAL,0,7,7,sat,145.46237771800224,,ad5eebf2c8fe3cddfb5cd621c174cbb5546ec754f7cca5f01292b34e5ecb47ee,0f423571a80f4a9e97c4a4648a88b291f579dc8cd8944f50c3eab9de6285bd31,0,rq1-exact-623-20260926-5x,0
moreDetailedTest/0063.trace,41e12737886684b6110a,moreDetailedTest,plain,18,2,OPTIMAL,0,7,1,unsat,1.2263598240024294,,e6cb8d2781f360785a5b8f79c34c36411733026363049e5795a7479b3636aaaa,,0,rq1-exact-623-20260926-5x,0
moreDetailedTest/0063.trace,41e12737886684b6110a,moreDetailedTest,plain,18,2,OPTIMAL,0,7,2,unsat,7.821863204000692,,070c2610d972abe566b0908e836205f50ee2f91bfd2ebb833b2b4011a2938d27,,0,rq1-exact-623-20260926-5x,0
moreDetailedTest/0063.trace,41e12737886684b6110a,moreDetailedTest,plain,18,2,OPTIMAL,0,7,3,unsat,17.79912902799697,,7daaaeac2ff5afb1e453d64a213fb64d979e8746de8a3985be6c57e0692715b4,,0,rq1-exact-623-20260926-5x,0
moreDetailedTest/0063.trace,41e12737886684b6110a,moreDetailedTest,plain,18,2,OPTIMAL,0,7,4,unsat,54.30763806000323,,030427677cc5a7ca249b3be966a583b984b9eeaa0f53075fcf738753b1ea4ae3,,0,rq1-exact-623-20260926-5x,0
moreDetailedTest/0063.trace,41e12737886684b6110a,moreDetailedTest,plain,18,2,OPTIMAL,0,7,5,unsat,176.48579585199332,,bda5915615bfab5a284195c6e1fcdc43e67292c581666d24acb2363f72e2b7ad,,0,rq1-exact-623-20260926-5x,0
moreDetailedTest/0063.trace,41e12737886684b6110a,moreDetailedTest,plain,18,2,OPTIMAL,0,7,6,unsat,1207.4864145350002,,db3b149d4540e68c9615762b38b77bbce7c31f157bbabb94307a1aaa48378dff,,0,rq1-exact-623-20260926-5x,0
moreDetailedTest/0063.trace,41e12737886684b6110a,moreDetailedTest,plain,18,2,OPTIMAL,0,7,7,sat,720.7148044679998,,30a2f69a5eafc32c774ddd0b36efec78b52764239c1eef7a2e6290ca5fb1337c,f5f25efb30d1e72b1657722cb01a98e1ea88397b53b16346ae48c996572bb689,0,rq1-exact-623-20260926-5x,0
moreDetailedTest/0064.trace,bc32d642fa8290ccdc3e,moreDetailedTest,plain,18,2,TIMEOUT,,,1,unsat,1.7249424629990244,,95b6f89caa09e01efaa39450dae74b1070d326be579b1f775ec098a9e237a8b8,,0,rq1-exact-623-20260926-5x,0
moreDetailedTest/0064.trace,bc32d642fa8290ccdc3e,moreDetailedTest,plain,18,2,TIMEOUT,,,2,unsat,11.010219257004792,,88fe7a2e4cbe85dbd53bf141394d59c8461f4cc788fc6af164fe20b00cbbabff,,0,rq1-exact-623-20260926-5x,0
moreDetailedTest/0064.trace,bc32d642fa8290ccdc3e,moreDetailedTest,plain,18,2,TIMEOUT,,,3,unsat,24.06867571699695,,b0479c4ad6a913aa43ee8651d4988758ddd2e8ea5d5ba2ef1e5c9a99338c97e3,,0,rq1-exact-623-20260926-5x,0
moreDetailedTest/0064.trace,bc32d642fa8290ccdc3e,moreDetailedTest,plain,18,2,TIMEOUT,,,4,unsat,55.803292215998226,,5bfd8acc538bef98dfabd57b754745b352776f848079b0345732a0ff2b127077,,0,rq1-exact-623-20260926-5x,0
moreDetailedTest/0064.trace,bc32d642fa8290ccdc3e,moreDetailedTest,plain,18,2,TIMEOUT,,,5,unsat,214.6796877109955,,4e7c08d29590eb361016d055c8ad938d2975df95068ceceefbed40eb92343639,,0,rq1-exact-623-20260926-5x,0
moreDetailedTest/0064.trace,bc32d642fa8290ccdc3e,moreDetailedTest,plain,18,2,TIMEOUT,,,6,unknown,1561.9896706050058,timeout,f1c07f63ddd3c9c4540f80049105889ab68447fd7a6f435509c0d2e5f7964c6b,,0,rq1-exact-623-20260926-5x,0
moreDetailedTest/0065.trace,0b41545393c3fe19d4e9,moreDetailedTest,plain,18,2,TIMEOUT,,,1,unsat,1.7365927889986779,,28c2b789bf39f01f70a16d10ed33ebe1339f0213c5ee85856f7144cb4fa2d032,,0,rq1-exact-623-20260926-5x,0
moreDetailedTest/0065.trace,0b41545393c3fe19d4e9,moreDetailedTest,plain,18,2,TIMEOUT,,,2,unsat,11.17424773699895,,4bb57033a67480591a1f5148f318d364403a7cf55dacd37137d9a6a6c10b23ba,,0,rq1-exact-623-20260926-5x,0
moreDetailedTest/0065.trace,0b41545393c3fe19d4e9,moreDetailedTest,plain,18,2,TIMEOUT,,,3,unsat,25.04921390399977,,7ee2cccc3fbd53fcd0ef6e7758c8d221ce7e9013b527bd19728d5e7ae1333e1b,,0,rq1-exact-623-20260926-5x,0
moreDetailedTest/0065.trace,0b41545393c3fe19d4e9,moreDetailedTest,plain,18,2,TIMEOUT,,,4,unsat,60.11826581499918,,ec964c8844cf12f1064e55e489654ff5b853b20fac2d344353b7cb64ca03cbe2,,0,rq1-exact-623-20260926-5x,0
moreDetailedTest/0065.trace,0b41545393c3fe19d4e9,moreDetailedTest,plain,18,2,TIMEOUT,,,5,unsat,267.13786253099533,,6743ce885b7741ae42a291c91e30975ad1f27d734e9966f08aa357a2c892b331,,0,rq1-exact-623-20260926-5x,0
moreDetailedTest/0065.trace,0b41545393c3fe19d4e9,moreDetailedTest,plain,18,2,TIMEOUT,,,6,unknown,1563.8272891300003,timeout,fad77ea57ac1d70d29110536f9fdb45b5ead5715d83951146a114ff0f179adfa,,0,rq1-exact-623-20260926-5x,0
moreDetailedTest/0066.trace,73a522a7830f19e9ba4e,moreDetailedTest,plain,18,2,OPTIMAL,0,7,1,unsat,2.0378657939945697,,c95b59576b4ff04f168bb2384c9d0c7ff4f80131236306244e859c3edc7ffaaa,,0,rq1-exact-623-20260926-5x,0
moreDetailedTest/0066.trace,73a522a7830f19e9ba4e,moreDetailedTest,plain,18,2,OPTIMAL,0,7,2,unsat,12.833351986999332,,3c284db8dd52939ad23eaee19d32df8240d59c3ba2c77140df0d605b7fe345f8,,0,rq1-exact-623-20260926-5x,0
moreDetailedTest/0066.trace,73a522a7830f19e9ba4e,moreDetailedTest,plain,18,2,OPTIMAL,0,7,3,unsat,27.305393452996213,,931cae8e1c9ed660851d0fd6fc2e506b95af141054ac10ad7d09b53bbd25aac7,,0,rq1-exact-623-20260926-5x,0
moreDetailedTest/0066.trace,73a522a7830f19e9ba4e,moreDetailedTest,plain,18,2,OPTIMAL,0,7,4,unsat,75.61241925800277,,131a9b30840816643322bd5ceed92912d29684421174f243ab2d0479898ef85f,,0,rq1-exact-623-20260926-5x,0
moreDetailedTest/0066.trace,73a522a7830f19e9ba4e,moreDetailedTest,plain,18,2,OPTIMAL,0,7,5,unsat,252.27804984200338,,c3233a54f0df39d566035920cc1941ab9821738cc6fe3ee3631f1b3e1adfe088,,0,rq1-exact-623-20260926-5x,0
moreDetailedTest/0066.trace,73a522a7830f19e9ba4e,moreDetailedTest,plain,18,2,OPTIMAL,0,7,6,unsat,876.1467358099981,,3c9587210a7c016f8748d2d08859d62665de9a10eee25e82c9f0b1358fdccad3,,0,rq1-exact-623-20260926-5x,0
moreDetailedTest/0066.trace,73a522a7830f19e9ba4e,moreDetailedTest,plain,18,2,OPTIMAL,0,7,7,sat,288.62433604800026,,0b28129e8a8d571125ebe9a0284ac3055b40a96b6490acc0874a95eefdb11048,6713dff48da78ac9af27cd70d943a689f7e2a5e436957f7cfd1aa8fcd100e5d8,0,rq1-exact-623-20260926-5x,0
moreDetailedTest/0067.trace,697c60c3afa130838b37,moreDetailedTest,plain,18,2,TIMEOUT,,,1,unsat,2.4073544459970435,,ddc9ac448555bf2f4733c3d083256e9da24f617af4e1c5d9d8f5166c5abdd233,,0,rq1-exact-623-20260926-5x,0
moreDetailedTest/0067.trace,697c60c3afa130838b37,moreDetailedTest,plain,18,2,TIMEOUT,,,2,unsat,15.74279252300039,,ff1f9a5361caa1d0230325513d44d847998bcf141d5603d8e365f81d4606e82f,,0,rq1-exact-623-20260926-5x,0
moreDetailedTest/0067.trace,697c60c3afa130838b37,moreDetailedTest,plain,18,2,TIMEOUT,,,3,unsat,35.481185158998414,,fd8978f527fd842b247f3d9767b17108839b68b961bf469b29992913a252b85c,,0,rq1-exact-623-20260926-5x,0
moreDetailedTest/0067.trace,697c60c3afa130838b37,moreDetailedTest,plain,18,2,TIMEOUT,,,4,unsat,80.96745977499813,,7e67e5b35d879100bc28b13cad491a4a22dd51576a5755d6068cd2ec8feb84eb,,0,rq1-exact-623-20260926-5x,0
moreDetailedTest/0067.trace,697c60c3afa130838b37,moreDetailedTest,plain,18,2,TIMEOUT,,,5,unsat,468.38372112900106,,38d0b5986fa7b689bc6b201ea0e66f83070923886e7528fe1865dd60ffaa30ce,,0,rq1-exact-623-20260926-5x,0
moreDetailedTest/0067.trace,697c60c3afa130838b37,moreDetailedTest,plain,18,2,TIMEOUT,,,6,unknown,1588.8597976730016,timeout,73c418387acd1027efbe33d44fbffa6f2fc2119222e98dc63cc1ac81e7e09396,,0,rq1-exact-623-20260926-5x,0
moreDetailedTest/0068.trace,1406d08a61f293e5f14a,moreDetailedTest,plain,18,2,OPTIMAL,0,7,1,unsat,0.18404560499948275,,5e003cc1d5616bd34989c1e7ff1514527dae1f1f43d6b8e09bedbbeeb77bb253,,0,rq1-exact-623-20260926-5x,0
moreDetailedTest/0068.trace,1406d08a61f293e5f14a,moreDetailedTest,plain,18,2,OPTIMAL,0,7,2,unsat,1.0300132789998315,,eed270851336acda0023ebbdd72885a2f375124f68ed4c2a90bd53b4587c901e,,0,rq1-exact-623-20260926-5x,0
moreDetailedTest/0068.trace,1406d08a61f293e5f14a,moreDetailedTest,plain,18,2,OPTIMAL,0,7,3,unsat,2.312424010000541,,2c76b7583d8ff11598fdf3ad6bd8a23d75ca468d043bff05736d5e75178c64c2,,0,rq1-exact-623-20260926-5x,0
moreDetailedTest/0068.trace,1406d08a61f293e5f14a,moreDetailedTest,plain,18,2,OPTIMAL,0,7,4,unsat,4.4490428879998944,,e598a4a34d467ba4037f1813f785173ea98742c240a7eaba2214f2821e980569,,0,rq1-exact-623-20260926-5x,0
moreDetailedTest/0068.trace,1406d08a61f293e5f14a,moreDetailedTest,plain,18,2,OPTIMAL,0,7,5,unsat,16.27542566699958,,9737d9be6cd8dfd09d858efa9a51ac7a5a8e1252f64ce0ecc121c413cbb241ad,,0,rq1-exact-623-20260926-5x,0
moreDetailedTest/0068.trace,1406d08a61f293e5f14a,moreDetailedTest,plain,18,2,OPTIMAL,0,7,6,unsat,75.032703158,,ec2fc55b5e18556a97ca017ffe54c70e930c390795a22e49eeac808d9f33161a,,0,rq1-exact-623-20260926-5x,0
moreDetailedTest/0068.trace,1406d08a61f293e5f14a,moreDetailedTest,plain,18,2,OPTIMAL,0,7,7,sat,36.15401414699954,,96dd9f90625418dbc0bc992913d4f06d805aafc35f00e7a2c559e0220c6b306f,cc99a392a6b6dc4fd2e85b49d76e5ade8817dc7b84d6b3127788b7a023a1b772,0,rq1-exact-623-20260926-5x,0
moreDetailedTest/0069.trace,ef127c9e947efc2a1007,moreDetailedTest,plain,18,2,OPTIMAL,0,3,1,unsat,0.03517324600034044,,162de646ac07dac2c4aee96b778104518f3a5e1f9c23035708f87705a462fd57,,0,rq1-exact-623-20260926-5x,0
moreDetailedTest/0069.trace,ef127c9e947efc2a1007,moreDetailedTest,plain,18,2,OPTIMAL,0,3,2,unsat,0.10540725399914663,,06f50460e1b2c4c79e0ffcffca9ae10e72a746acc151dfcb780b42630ce10958,,0,rq1-exact-623-20260926-5x,0
moreDetailedTest/0069.trace,ef127c9e947efc2a1007,moreDetailedTest,plain,18,2,OPTIMAL,0,3,3,sat,0.2169883269998536,,753c72e042f16fe60a64ba33534890797a76cae2cbae98e4640b1c25091af6ba,e525d3f08dd9f78c5e9d1c5c092ef86307e108ff4bfddd00e4f641512d168c0a,0,rq1-exact-623-20260926-5x,0
moreDetailedTest/0070.trace,d2462a41121ba33de67e,moreDetailedTest,plain,18,2,OPTIMAL,0,7,1,unsat,0.2547588100005669,,b18325a77b11253d38dd7dfb27c4dab272fac3f06fb4b333ccf71bf48014b895,,0,rq1-exact-623-20260926-5x,0
moreDetailedTest/0070.trace,d2462a41121ba33de67e,moreDetailedTest,plain,18,2,OPTIMAL,0,7,2,unsat,1.52525166399937,,1a04accc364af0768b7252480286bec2c7296188b9fae22ba6fab7ee2a93e129,,0,rq1-exact-623-20260926-5x,0
moreDetailedTest/0070.trace,d2462a41121ba33de67e,moreDetailedTest,plain,18,2,OPTIMAL,0,7,3,unsat,3.305272847001106,,a5a1f8617ffc934828fc02d9eb32c2f569988db068d7b1edf56caf32e8b309b4,,0,rq1-exact-623-20260926-5x,0
moreDetailedTest/0070.trace,d2462a41121ba33de67e,moreDetailedTest,plain,18,2,OPTIMAL,0,7,4,unsat,6.889822690000074,,2b568ff253174ad88f4837a94aafd47ffd87a0de240b6997a5388fdf6cef5419,,0,rq1-exact-623-20260926-5x,0
moreDetailedTest/0070.trace,d2462a41121ba33de67e,moreDetailedTest,plain,18,2,OPTIMAL,0,7,5,unsat,24.03695124600017,,6cf0169743b9c5c6c95368ada5c69b4896f7c1349a09db9c633ed36e73e55c53,,0,rq1-exact-623-20260926-5x,0
moreDetailedTest/0070.trace,d2462a41121ba33de67e,moreDetailedTest,plain,18,2,OPTIMAL,0,7,6,unsat,188.64387855199857,,b05c2a1de33645c0469a663ddbce227ab08ac0939df761f1dfd2186477a4f1d2,,0,rq1-exact-623-20260926-5x,0
moreDetailedTest/0070.trace,d2462a41121ba33de67e,moreDetailedTest,plain,18,2,OPTIMAL,0,7,7,sat,44.53494937600044,,fa2395ad717b563f12c678eca3b8cf3d43902f01f1263b92be6f7407877b030c,a4925290797e521b71937ecf6d5db0cef77a982873b4599d158a9a886cb66b6a,0,rq1-exact-623-20260926-5x,0
moreDetailedTest/0071.trace,cca318a7985234e2c1b5,moreDetailedTest,plain,67,2,TIMEOUT,,,1,unsat,0.5257255389951752,,92824ca6c01e08d45309c732139a285d122b83057088f339b2d1dcbde33a2242,,0,rq1-exact-623-20260926-5x,0
moreDetailedTest/0071.trace,cca318a7985234e2c1b5,moreDetailedTest,plain,67,2,TIMEOUT,,,2,unsat,2.794789467996452,,e0745a0eb655ef4e96c41c0fe9419d4cc43077c896428636e2410555b13c5914,,0,rq1-exact-623-20260926-5x,0
moreDetailedTest/0071.trace,cca318a7985234e2c1b5,moreDetailedTest,plain,67,2,TIMEOUT,,,3,unsat,6.188143955994747,,e5f2397c4b6c6050b7dba55b52f2389931359eeeb21cfa50e65bd39099a8bd67,,0,rq1-exact-623-20260926-5x,0
moreDetailedTest/0071.trace,cca318a7985234e2c1b5,moreDetailedTest,plain,67,2,TIMEOUT,,,4,unsat,13.15737493299821,,6ef92ccfde75011afa46a59b2ead4723cf4ce91f0b4e95c5bb788dffa2f30814,,0,rq1-exact-623-20260926-5x,0
moreDetailedTest/0071.trace,cca318a7985234e2c1b5,moreDetailedTest,plain,67,2,TIMEOUT,,,5,unsat,50.23778705699806,,4301b2880e4ed7f5a86d95b347eafb21a0867044b985a90fcbfd0900b04fc781,,0,rq1-exact-623-20260926-5x,0
moreDetailedTest/0071.trace,cca318a7985234e2c1b5,moreDetailedTest,plain,67,2,TIMEOUT,,,6,unsat,432.2030635569972,,2c94ebd3e87da11040a4c61ef0095484ca6d35691c191287b946b726dd089870,,0,rq1-exact-623-20260926-5x,0
moreDetailedTest/0071.trace,cca318a7985234e2c1b5,moreDetailedTest,plain,67,2,TIMEOUT,,,7,unknown,1519.6871210739992,timeout,f3ba5446ae5a04ed8f5aea2b53d108f298288fdaa520ecf09d876217b8aab3bf,,0,rq1-exact-623-20260926-5x,0
moreDetailedTest/0072.trace,9b247afc59861424cece,moreDetailedTest,plain,67,2,OPTIMAL,0,2,1,unsat,0.053598401998897316,,f6dddbb6b46c35e0fc8053498b7b63dff7531273286a54e69227c23f328e3870,,0,rq1-exact-623-20260926-5x,0
moreDetailedTest/0072.trace,9b247afc59861424cece,moreDetailedTest,plain,67,2,OPTIMAL,0,2,2,sat,0.1967685050003638,,dc637ae4c0b0a349d15358b5b44d41696f68c509daf79853b01d79c734f67f66,a62907710eed84b61d7d22988cf9ac12b1a0fdb9643f9dd9efae878fcbdca8fb,0,rq1-exact-623-20260926-5x,0
moreDetailedTest/0073.trace,4f8c3e333485aafa9f1f,moreDetailedTest,plain,67,2,TIMEOUT,,,1,unsat,0.6310816930053988,,b43966a54c032796072930b5dc907970ee1160343acb067e5a1f5388e358a86a,,0,rq1-exact-623-20260926-5x,0
moreDetailedTest/0073.trace,4f8c3e333485aafa9f1f,moreDetailedTest,plain,67,2,TIMEOUT,,,2,unsat,3.4146575959966867,,0f89c64f47c1c8832fd7ff815415cf000baeabf4b57bc28811c8c68fa10ce210,,0,rq1-exact-623-20260926-5x,0
moreDetailedTest/0073.trace,4f8c3e333485aafa9f1f,moreDetailedTest,plain,67,2,TIMEOUT,,,3,unsat,7.74065736799821,,08f98486c16bd18040ee62de3d4c6f714613082a44b21b4a007147b879cf86eb,,0,rq1-exact-623-20260926-5x,0
moreDetailedTest/0073.trace,4f8c3e333485aafa9f1f,moreDetailedTest,plain,67,2,TIMEOUT,,,4,unsat,20.25879884800088,,32a006113b9d8b5556abb6f32fc26f482e5386de1fb811a0283952da60559d4e,,0,rq1-exact-623-20260926-5x,0
moreDetailedTest/0073.trace,4f8c3e333485aafa9f1f,moreDetailedTest,plain,67,2,TIMEOUT,,,5,unsat,66.5590490579998,,e9ecad740edb53edb09af135fc0452c6f52cd283f291708b7023ed29fc130b25,,0,rq1-exact-623-20260926-5x,0
moreDetailedTest/0073.trace,4f8c3e333485aafa9f1f,moreDetailedTest,plain,67,2,TIMEOUT,,,6,unsat,512.2526922109973,,be91ed518032e8d868781cd7d13632b2d9c2aacfe6d50143b616e2f8ca6a59aa,,0,rq1-exact-623-20260926-5x,0
moreDetailedTest/0073.trace,4f8c3e333485aafa9f1f,moreDetailedTest,plain,67,2,TIMEOUT,,,7,unknown,1523.6684355949983,timeout,fa031ddcfe7141889cd17d6d9e3df7389111c6b7723faf3c80491c5422a1640c,,0,rq1-exact-623-20260926-5x,0
moreDetailedTest/0074.trace,fd0f205a7cabdf1542c3,moreDetailedTest,plain,67,2,TIMEOUT,,,1,unsat,0.7847882889982429,,a3cba85e86862f4b8777a31cee9baeffae8b253f2b1463f59301ff22b19df367,,0,rq1-exact-623-20260926-5x,0
moreDetailedTest/0074.trace,fd0f205a7cabdf1542c3,moreDetailedTest,plain,67,2,TIMEOUT,,,2,unsat,4.272497507998196,,98245d3d11cbec682fdf5efc593f7b656012dfa95664234c6292a66e708e62d7,,0,rq1-exact-623-20260926-5x,0
moreDetailedTest/0074.trace,fd0f205a7cabdf1542c3,moreDetailedTest,plain,67,2,TIMEOUT,,,3,unsat,9.608333217001928,,2650db0908d0bf6e5116f3493908b148df24170ff148d8fe2dc55cf2f818c506,,0,rq1-exact-623-20260926-5x,0
moreDetailedTest/0074.trace,fd0f205a7cabdf1542c3,moreDetailedTest,plain,67,2,TIMEOUT,,,4,unsat,23.98772726400057,,a0aeb157fad1500a039cf7d7aa6fb42c9f9e50bf73cd4732af0633951aca56a6,,0,rq1-exact-623-20260926-5x,0
moreDetailedTest/0074.trace,fd0f205a7cabdf1542c3,moreDetailedTest,plain,67,2,TIMEOUT,,,5,unsat,70.79660922799667,,8c2583b1165fd810a3c496df9d6b4e402533df1b6ee57011ea4fc486cafb19db,,0,rq1-exact-623-20260926-5x,0
moreDetailedTest/0074.trace,fd0f205a7cabdf1542c3,moreDetailedTest,plain,67,2,TIMEOUT,,,6,unsat,540.8543076499991,,a695357464c059f7b6e773ae2150620e994f5193b64bfac7e297c835894c792e,,0,rq1-exact-623-20260926-5x,0
moreDetailedTest/0074.trace,fd0f205a7cabdf1542c3,moreDetailedTest,plain,67,2,TIMEOUT,,,7,unknown,1530.2261669250001,timeout,10a11a089ca8e8767a7df3dd68b97736162162689b9231ae92dd8c7dd37c4bc0,,0,rq1-exact-623-20260926-5x,0
moreDetailedTest/0075.trace,27332588d6ff2e5e177e,moreDetailedTest,plain,67,2,TIMEOUT,,,1,unsat,0.8626544040016597,,d835e6bd25439cadcfd681e53c6185ec945375dc730ee991e7d6560b3b8b2af8,,0,rq1-exact-623-20260926-5x,0
moreDetailedTest/0075.trace,27332588d6ff2e5e177e,moreDetailedTest,plain,67,2,TIMEOUT,,,2,unsat,4.725466679999954,,5f29dda5cef2d57c32acf4cbf97ab26f7e94e64f9ad919d163d10372c28f3bea,,0,rq1-exact-623-20260926-5x,0
moreDetailedTest/0075.trace,27332588d6ff2e5e177e,moreDetailedTest,plain,67,2,TIMEOUT,,,3,unsat,10.468874597005197,,c95e2d2ca2ef7cb6f397c5fb94546fa41b9d046bc4e72eed6521e402b7a9703d,,0,rq1-exact-623-20260926-5x,0
moreDetailedTest/0075.trace,27332588d6ff2e5e177e,moreDetailedTest,plain,67,2,TIMEOUT,,,4,unsat,27.330828548998397,,9ba8e70e8ecc7c1e7c68c7ed4c35db9843aeb607ca8c50bbd3218a1b2fca9fbf,,0,rq1-exact-623-20260926-5x,0
moreDetailedTest/0075.trace,27332588d6ff2e5e177e,moreDetailedTest,plain,67,2,TIMEOUT,,,5,unsat,113.64076891200239,,aaead7d0f39c7a6459b854f6ad9cdaefbe605d78d706747485d53165fdc4f86f,,0,rq1-exact-623-20260926-5x,0
moreDetailedTest/0075.trace,27332588d6ff2e5e177e,moreDetailedTest,plain,67,2,TIMEOUT,,,6,unsat,755.4282015450008,,34eb6fea4f2f246f140d9530e3158db0d90f0bf2296c5aeac4dcf802f3f40211,,0,rq1-exact-623-20260926-5x,0
moreDetailedTest/0075.trace,27332588d6ff2e5e177e,moreDetailedTest,plain,67,2,TIMEOUT,,,7,unknown,1534.943959093005,timeout,fae5f76d4342c15a067835e02b8549117fd6ef69f97bdb74f7a8d02f122e3fb8,,0,rq1-exact-623-20260926-5x,0
moreDetailedTest/0076.trace,ad5490d0208a8af107ae,moreDetailedTest,plain,67,2,TIMEOUT,,,1,unsat,0.9966856530008954,,467bbc71bd76ffb286c26521b880be69777763c31672122378b778e50b72e6c5,,0,rq1-exact-623-20260926-5x,0
moreDetailedTest/0076.trace,ad5490d0208a8af107ae,moreDetailedTest,plain,67,2,TIMEOUT,,,2,unsat,5.423072113997478,,281e73508ed2d75837875b8af7fdf8937d5dc8818bfa7aac5c0f523f284bf55e,,0,rq1-exact-623-20260926-5x,0
moreDetailedTest/0076.trace,ad5490d0208a8af107ae,moreDetailedTest,plain,67,2,TIMEOUT,,,3,unsat,12.072444067001925,,8c59224679dd692579d5f0b6dcd896a1f8de80af3ced1f7494550cbebd60ae73,,0,rq1-exact-623-20260926-5x,0
moreDetailedTest/0076.trace,ad5490d0208a8af107ae,moreDetailedTest,plain,67,2,TIMEOUT,,,4,unsat,28.27546805699967,,4f9d7e425429fb52333bdaf8834f0465b673270255b7202365ca7655aff328b2,,0,rq1-exact-623-20260926-5x,0
moreDetailedTest/0076.trace,ad5490d0208a8af107ae,moreDetailedTest,plain,67,2,TIMEOUT,,,5,unsat,119.04484838799544,,f9ba3bac93ea56a36038a3bec94c21aa000e4e76d9a94e30753da515f941ac41,,0,rq1-exact-623-20260926-5x,0
moreDetailedTest/0076.trace,ad5490d0208a8af107ae,moreDetailedTest,plain,67,2,TIMEOUT,,,6,unsat,1076.4616775070026,,acb55580327e6784aefc9249e8b67fd5c9758e3997f3ffa60daf223416e59860,,0,rq1-exact-623-20260926-5x,0
moreDetailedTest/0076.trace,ad5490d0208a8af107ae,moreDetailedTest,plain,67,2,TIMEOUT,,,7,unknown,1539.357253903996,timeout,0a48cde7d9ee0bab96595a4bc986955228b270f05a932eaad16e4790932baacc,,0,rq1-exact-623-20260926-5x,0
moreDetailedTest/0077.trace,2cd97894418df120b043,moreDetailedTest,plain,67,2,TIMEOUT,,,1,unsat,1.265592789000948,,4bde345b20343765c69f4ca2d3b7a0c28f6d5dd452e869eb76c84d3d43ac6edd,,0,rq1-exact-623-20260926-5x,0
moreDetailedTest/0077.trace,2cd97894418df120b043,moreDetailedTest,plain,67,2,TIMEOUT,,,2,unsat,6.980096488005074,,fbdf652c0ceef5dc8933f146fcd9b820e0972d177a800cdf0b0c9635536b9691,,0,rq1-exact-623-20260926-5x,0
moreDetailedTest/0077.trace,2cd97894418df120b043,moreDetailedTest,plain,67,2,TIMEOUT,,,3,unsat,15.500154610002937,,c1f830738c11e7752ba7747e1f37c2960a3984c544ce859ad43e6f34f0e98625,,0,rq1-exact-623-20260926-5x,0
moreDetailedTest/0077.trace,2cd97894418df120b043,moreDetailedTest,plain,67,2,TIMEOUT,,,4,unsat,37.602508107003814,,a840f70b35cbd58f25a67e1a50b095a9c37acaacc620a35768ac07c6bacbcb34,,0,rq1-exact-623-20260926-5x,0
moreDetailedTest/0077.trace,2cd97894418df120b043,moreDetailedTest,plain,67,2,TIMEOUT,,,5,unsat,144.23176941800193,,e2aad48eb0d87060dd232ca9a4956946ad8344c0f458ee94e0cf483dadbe14f5,,0,rq1-exact-623-20260926-5x,0
moreDetailedTest/0077.trace,2cd97894418df120b043,moreDetailedTest,plain,67,2,TIMEOUT,,,6,unsat,727.4465574610003,,97132f8dccd85f978490a87235eed92b1af513c6e006313722c3fdb7c6cb6176,,0,rq1-exact-623-20260926-5x,0
moreDetailedTest/0077.trace,2cd97894418df120b043,moreDetailedTest,plain,67,2,TIMEOUT,,,7,unknown,1533.3960148330007,timeout,bd0ef1db21a3bcd8bba8f0cfb2f743f38fc0479f0950ed02245c32566244822a,,0,rq1-exact-623-20260926-5x,0
moreDetailedTest/0078.trace,de683b3fca448924021a,moreDetailedTest,plain,67,2,TIMEOUT,,,1,unsat,1.4350772420002613,,7b0b5876a87f70ef69032877253fdf90ba005650c22775b6a9de1a74e71b099c,,0,rq1-exact-623-20260926-5x,0
moreDetailedTest/0078.trace,de683b3fca448924021a,moreDetailedTest,plain,67,2,TIMEOUT,,,2,unsat,8.048111021002114,,8087ffcb66e6f6a338382afa99543bddcda88b3ffe1f7cb17a91aaa88f4da5c7,,0,rq1-exact-623-20260926-5x,0
moreDetailedTest/0078.trace,de683b3fca448924021a,moreDetailedTest,plain,67,2,TIMEOUT,,,3,unsat,18.881932304997463,,9d27b98f214b8ca78498d7e5f3762c8050af2b8dea37945aed59e0da61376a37,,0,rq1-exact-623-20260926-5x,0
moreDetailedTest/0078.trace,de683b3fca448924021a,moreDetailedTest,plain,67,2,TIMEOUT,,,4,unsat,48.30171463799343,,2cb2090a6b00bb57a3f7d8348b29ccde6d51769509826aa56f38735ca2cf8473,,0,rq1-exact-623-20260926-5x,0
moreDetailedTest/0078.trace,de683b3fca448924021a,moreDetailedTest,plain,67,2,TIMEOUT,,,5,unsat,217.11212461099785,,aea4f81a14502e6b7a81f73bb776d9aab64706b521f4a0c4012c9b838bc8cf68,,0,rq1-exact-623-20260926-5x,0
moreDetailedTest/0078.trace,de683b3fca448924021a,moreDetailedTest,plain,67,2,TIMEOUT,,,6,unknown,1543.1609888370003,timeout,593a876c44505bb3504a92df65a8e3fbbe803431f3461ce212e44f50e4f42244,,0,rq1-exact-623-20260926-5x,0
moreDetailedTest/0079.trace,cc7f497f4fcf57fb22f4,moreDetailedTest,plain,67,2,TIMEOUT,,,1,unsat,1.2089254469974549,,b2c7e34bf61f7580c78e1d1c23bd42b05f8e9cf06be08cabf20d2faf87067851,,0,rq1-exact-623-20260926-5x,0
moreDetailedTest/0079.trace,cc7f497f4fcf57fb22f4,moreDetailedTest,plain,67,2,TIMEOUT,,,2,unsat,6.752827559997968,,6e07731c697248bdf04cc526bfa8dcade18cabff27b1f5fdcc0b71b8fd777ea4,,0,rq1-exact-623-20260926-5x,0
moreDetailedTest/0079.trace,cc7f497f4fcf57fb22f4,moreDetailedTest,plain,67,2,TIMEOUT,,,3,unsat,15.03971943900251,,10eeec83b6c01a83e5ba5c569370f0b6d6f872a1252927bbc059016cf0fae354,,0,rq1-exact-623-20260926-5x,0
moreDetailedTest/0079.trace,cc7f497f4fcf57fb22f4,moreDetailedTest,plain,67,2,TIMEOUT,,,4,unsat,38.595500260002154,,321bec59e7005a8b472512d2e269efec77bcb07c28119d76dbe0888b20e92052,,0,rq1-exact-623-20260926-5x,0
moreDetailedTest/0079.trace,cc7f497f4fcf57fb22f4,moreDetailedTest,plain,67,2,TIMEOUT,,,5,unsat,157.91675534899696,,13a61da9e7a5803d0e53f7b9a76fac05b85e260a0e2d8ea099e386a10e6f185e,,0,rq1-exact-623-20260926-5x,0
moreDetailedTest/0079.trace,cc7f497f4fcf57fb22f4,moreDetailedTest,plain,67,2,TIMEOUT,,,6,unsat,813.443758733003,,d2b7e9a0c5c7986df145267ca7272c757d337e86dadadf008eab5e89d60d49f8,,0,rq1-exact-623-20260926-5x,0
moreDetailedTest/0079.trace,cc7f497f4fcf57fb22f4,moreDetailedTest,plain,67,2,TIMEOUT,,,7,unknown,1547.358868962001,timeout,60e0446deb2959b31135e02e228aeea67c28610b7c5590b0367c7d847ac07aca,,0,rq1-exact-623-20260926-5x,0
moreDetailedTest/0080.trace,cac71131d3f3d1ccf9c0,moreDetailedTest,plain,67,2,TIMEOUT,,,1,unsat,2.18301803599752,,efb0209f2cce404630a2a7133d659da26c144176255aa1ef7ec664802a8232b3,,0,rq1-exact-623-20260926-5x,0
moreDetailedTest/0080.trace,cac71131d3f3d1ccf9c0,moreDetailedTest,plain,67,2,TIMEOUT,,,2,unsat,12.192724988999544,,e9eb383627cc1d6b2091b2918fa85b2a14f3c8be4a00ff73181923c8552ebdce,,0,rq1-exact-623-20260926-5x,0
moreDetailedTest/0080.trace,cac71131d3f3d1ccf9c0,moreDetailedTest,plain,67,2,TIMEOUT,,,3,unsat,26.83020321300137,,0765ca7db28046dc0645a83a365dd3d898d99067bfbf74c88e126817963d735c,,0,rq1-exact-623-20260926-5x,0
moreDetailedTest/0080.trace,cac71131d3f3d1ccf9c0,moreDetailedTest,plain,67,2,TIMEOUT,,,4,unsat,73.50588963899645,,ee30386807563851eecbf85ac17b2ec136d51ab74c7611ff116602cbef74566f,,0,rq1-exact-623-20260926-5x,0
moreDetailedTest/0080.trace,cac71131d3f3d1ccf9c0,moreDetailedTest,plain,67,2,TIMEOUT,,,5,unsat,344.11510951299715,,d55f621199472914c212f7943aa1da1945fe43732f44be6018005accad818dbe,,0,rq1-exact-623-20260926-5x,0
moreDetailedTest/0080.trace,cac71131d3f3d1ccf9c0,moreDetailedTest,plain,67,2,TIMEOUT,,,6,unknown,1571.358254052997,timeout,936941b13849cc4c3d4001e8c5acbe0e424c986dea820c14658e6d3106023247,,0,rq1-exact-623-20260926-5x,0
moreDetailedTest/0081.trace,98eedcec895812c7375e,moreDetailedTest,plain,67,2,TIMEOUT,,,1,unsat,2.4592182880005566,,ab90fdf397202ef2ba4ab63b04822bad626c7f0e1602bee48bc1aa174359d561,,0,rq1-exact-623-20260926-5x,0
moreDetailedTest/0081.trace,98eedcec895812c7375e,moreDetailedTest,plain,67,2,TIMEOUT,,,2,unsat,13.868982538995624,,f65630d136091e07c0665fdb25a99e221d3dbfbd6a9d5c6617d93c5f1985f501,,0,rq1-exact-623-20260926-5x,0
moreDetailedTest/0081.trace,98eedcec895812c7375e,moreDetailedTest,plain,67,2,TIMEOUT,,,3,unsat,35.08897665300174,,2e0e05b935fa1a6d75fea23da9835264502a2e273ee0d0306a8735c1c8def514,,0,rq1-exact-623-20260926-5x,0
moreDetailedTest/0081.trace,98eedcec895812c7375e,moreDetailedTest,plain,67,2,TIMEOUT,,,4,unsat,86.22035623899865,,2b2ecf8afb9d5cf711c90b086e0f9c09215d50c7fd2235be0b94b8f5bb89450c,,0,rq1-exact-623-20260926-5x,0
moreDetailedTest/0081.trace,98eedcec895812c7375e,moreDetailedTest,plain,67,2,TIMEOUT,,,5,unsat,342.95873619600025,,8f98387450c06ffb1b781bd8baec4f25cc6a39eed09c54444df87a2666f69ca7,,0,rq1-exact-623-20260926-5x,0
moreDetailedTest/0081.trace,98eedcec895812c7375e,moreDetailedTest,plain,67,2,TIMEOUT,,,6,unknown,1575.4127788670012,timeout,0493ad6aba756b686dcf71ae91a96e4a7ec356c99b4075a2bc05529a6ba20791,,0,rq1-exact-623-20260926-5x,0
moreDetailedTest/0082.trace,03616bd80d527c019edf,moreDetailedTest,plain,67,2,OPTIMAL,0,2,1,unsat,0.19184820000009495,,85bfeaf3469308eef2094f44d2077ecd391c4a633c15f9a00e75b4176c7a3fbf,,0,rq1-exact-623-20260926-5x,0
moreDetailedTest/0082.trace,03616bd80d527c019edf,moreDetailedTest,plain,67,2,OPTIMAL,0,2,2,sat,0.9584901830003218,,aa2f205968b4d4a4808a0d80436a8bd6a96f215aadf26c36203772f25454eece,a62907710eed84b61d7d22988cf9ac12b1a0fdb9643f9dd9efae878fcbdca8fb,0,rq1-exact-623-20260926-5x,0
moreDetailedTest/0083.trace,fa39b8d3956cf5f41b71,moreDetailedTest,plain,67,2,OPTIMAL,0,2,1,unsat,0.0312749820004683,,d5400002d9e573f4c6342508dd702aaa9f1781e4bd7b1f388c14970552689695,,0,rq1-exact-623-20260926-5x,0
moreDetailedTest/0083.trace,fa39b8d3956cf5f41b71,moreDetailedTest,plain,67,2,OPTIMAL,0,2,2,sat,0.07004172099914285,,41f19e5efdf35cc382c8c8b2cf7c28aeef19de352eff7a841e3860632a0f3715,a62907710eed84b61d7d22988cf9ac12b1a0fdb9643f9dd9efae878fcbdca8fb,0,rq1-exact-623-20260926-5x,0
moreDetailedTest/0084.trace,b6a64a178fa289e22da0,moreDetailedTest,plain,67,2,TIMEOUT,,,1,unsat,0.3904197179945186,,fd1862c7941f0b4a350fb4353ee32262227360b6029d9e72ab22b014bb23675b,,0,rq1-exact-623-20260926-5x,0
moreDetailedTest/0084.trace,b6a64a178fa289e22da0,moreDetailedTest,plain,67,2,TIMEOUT,,,2,unsat,2.0702718870015815,,cdd05ec7e8d0a1fefe8e8b475100fc4bf58c7e267805f852c5c863afa41b3cd5,,0,rq1-exact-623-20260926-5x,0
moreDetailedTest/0084.trace,b6a64a178fa289e22da0,moreDetailedTest,plain,67,2,TIMEOUT,,,3,unsat,4.703231571002107,,548f4371fc357cf804580c03cdefd78eec3a20eea20847ff7e00fd2222d20750,,0,rq1-exact-623-20260926-5x,0
moreDetailedTest/0084.trace,b6a64a178fa289e22da0,moreDetailedTest,plain,67,2,TIMEOUT,,,4,unsat,9.823294929999975,,08de7da893df8f243f0fd5699165271f2e34bedcf14b9650f03d4f59eff8499c,,0,rq1-exact-623-20260926-5x,0
moreDetailedTest/0084.trace,b6a64a178fa289e22da0,moreDetailedTest,plain,67,2,TIMEOUT,,,5,unsat,44.82531447600195,,a0e17900c5e93f49c628e3b9ac90b9bc6aa28ceedb0d34d5ea7277a754bd05ef,,0,rq1-exact-623-20260926-5x,0
moreDetailedTest/0084.trace,b6a64a178fa289e22da0,moreDetailedTest,plain,67,2,TIMEOUT,,,6,unsat,294.8963447279966,,4b8f078cbe22e53a8d7f63388be9fd5ea44fbc53375afd90bd0b61b9392660fe,,0,rq1-exact-623-20260926-5x,0
moreDetailedTest/0084.trace,b6a64a178fa289e22da0,moreDetailedTest,plain,67,2,TIMEOUT,,,7,unknown,1514.5295577209981,timeout,cee14f031185fb0add8558e622a81997f0134074f32f03292c2584a9d72c971d,,0,rq1-exact-623-20260926-5x,0
moreDetailedTest/0085.trace,8e8d4a225faa8eb7d2c1,moreDetailedTest,plain,6,2,UNSAT,,,1,unsat,0.3344728749998467,,af25de0fb553754e37a3e6f726935abd077c1ad60989d48eb1ca9820d23e9efe,,0,rq1-exact-623-20260926-5x,0
moreDetailedTest/0085.trace,8e8d4a225faa8eb7d2c1,moreDetailedTest,plain,6,2,UNSAT,,,2,unsat,2.070051689000138,,2927f03f4d0b3fbbdb7a980dae5e6c2aa36e2264200b94ebf35f2148cd144fcd,,0,rq1-exact-623-20260926-5x,0
moreDetailedTest/0085.trace,8e8d4a225faa8eb7d2c1,moreDetailedTest,plain,6,2,UNSAT,,,3,unsat,4.686534596000456,,98333f402e856fcfc532bac277254dd304375be63ead1a0620dfb68927e1b026,,0,rq1-exact-623-20260926-5x,0
moreDetailedTest/0085.trace,8e8d4a225faa8eb7d2c1,moreDetailedTest,plain,6,2,UNSAT,,,4,unsat,10.773591944000145,,b960f0100471f8a3bae83284999abce206c7d7e3bdfe57bbf9b9ea4180a26237,,0,rq1-exact-623-20260926-5x,0
moreDetailedTest/0085.trace,8e8d4a225faa8eb7d2c1,moreDetailedTest,plain,6,2,UNSAT,,,5,unsat,36.568448353999884,,5a0272ae47e91c8a8daf135f739d1bf92e2a0adbce8719deb4de7c69f5571b39,,0,rq1-exact-623-20260926-5x,0
moreDetailedTest/0085.trace,8e8d4a225faa8eb7d2c1,moreDetailedTest,plain,6,2,UNSAT,,,6,unsat,209.01333747399985,,bbf0887b0325903c116df40dbdd77ba8e7f2348dc66df38068bcae007cd1fb95,,0,rq1-exact-623-20260926-5x,0
moreDetailedTest/0086.trace,cd6a351bd2b8c33f3a3f,moreDetailedTest,plain,6,2,UNSAT,,,1,unsat,0.05004175200019745,,9f8418278924c7dda39d96e5f350071e7fe5175939e371c66ad899b4c91d5614,,0,rq1-exact-623-20260926-5x,0
moreDetailedTest/0086.trace,cd6a351bd2b8c33f3a3f,moreDetailedTest,plain,6,2,UNSAT,,,2,unsat,0.21124676899989936,,955906f54386d355b97b4debbbf19cd74e6fa114a54c06c6defedb5273aad883,,0,rq1-exact-623-20260926-5x,0
moreDetailedTest/0086.trace,cd6a351bd2b8c33f3a3f,moreDetailedTest,plain,6,2,UNSAT,,,3,unsat,0.4354064589997506,,3c32fb0821ec725ddf7ecd2e10309f00048ab6d06661dcd694044743e43e45db,,0,rq1-exact-623-20260926-5x,0
moreDetailedTest/0086.trace,cd6a351bd2b8c33f3a3f,moreDetailedTest,plain,6,2,UNSAT,,,4,unsat,0.7931757300002573,,cc39fe38a953c029bd77cfa17dd924e9edd750cfbaaf7c48a6b146b5877fb09e,,0,rq1-exact-623-20260926-5x,0
moreDetailedTest/0086.trace,cd6a351bd2b8c33f3a3f,moreDetailedTest,plain,6,2,UNSAT,,,5,unsat,1.979483615999925,,a2d69581db4858b49873e5758617507ac12bb10ed8a46373bcc6aa3477251110,,0,rq1-exact-623-20260926-5x,0
moreDetailedTest/0086.trace,cd6a351bd2b8c33f3a3f,moreDetailedTest,plain,6,2,UNSAT,,,6,unsat,15.287848793999729,,9251661cf608a604fedd8180a2db2b1a7bea0c6630b8c333f59e0bdf7b053276,,0,rq1-exact-623-20260926-5x,0
moreDetailedTest/0087.trace,ddccb2973191229f0629,moreDetailedTest,plain,6,2,UNSAT,,,1,unsat,0.4072636479995708,,1fa020ff42250924626155b0c2c2e9f5c887dfa0fbe048da24e7242eff852ef2,,0,rq1-exact-623-20260926-5x,0
moreDetailedTest/0087.trace,ddccb2973191229f0629,moreDetailedTest,plain,6,2,UNSAT,,,2,unsat,2.603921366000577,,a8de8bbde988b77cfba9a8807feaa98bcb68edfd512d9eaa4e31db1bbf932929,,0,rq1-exact-623-20260926-5x,0
moreDetailedTest/0087.trace,ddccb2973191229f0629,moreDetailedTest,plain,6,2,UNSAT,,,3,unsat,5.762269372999981,,de1c076bc0890c7a85124d5c62c4ba0f3aa4bb9c565c6a7b7a37a4327baa497d,,0,rq1-exact-623-20260926-5x,0
moreDetailedTest/0087.trace,ddccb2973191229f0629,moreDetailedTest,plain,6,2,UNSAT,,,4,unsat,12.981148173999827,,174364ac9fd91e20ddccb4faec1a12e5a80a905bb58d2f8ff4bb5058b0c21889,,0,rq1-exact-623-20260926-5x,0
moreDetailedTest/0087.trace,ddccb2973191229f0629,moreDetailedTest,plain,6,2,UNSAT,,,5,unsat,54.100764343000264,,925dfd92bb1133f15aaeae4d21992e69778e8541ecdd17bb07657601773d0d4a,,0,rq1-exact-623-20260926-5x,0
moreDetailedTest/0087.trace,ddccb2973191229f0629,moreDetailedTest,plain,6,2,UNSAT,,,6,unsat,288.4053478730002,,4fede033850c67b24494e81193c5cce3af563dbfa7d0df2cba24be3e647b23df,,0,rq1-exact-623-20260926-5x,0
moreDetailedTest/0088.trace,76316d7a3e764f7ecf3a,moreDetailedTest,plain,6,2,UNSAT,,,1,unsat,0.8601601420014049,,c2c7105df92056d89d9c64147977dae81da71fe3678dae456d9c7325da124fd1,,0,rq1-exact-623-20260926-5x,0
moreDetailedTest/0088.trace,76316d7a3e764f7ecf3a,moreDetailedTest,plain,6,2,UNSAT,,,2,unsat,5.409977496998181,,31fe7a306711cdce66470167da9accf6f228afcf794bcf2808eb7c094513803e,,0,rq1-exact-623-20260926-5x,0
moreDetailedTest/0088.trace,76316d7a3e764f7ecf3a,moreDetailedTest,plain,6,2,UNSAT,,,3,unsat,12.12802101300258,,3a115fe38d9733e46fb300931f943c3b48faddc093bb6ff525d3dd6746340d6a,,0,rq1-exact-623-20260926-5x,0
moreDetailedTest/0088.trace,76316d7a3e764f7ecf3a,moreDetailedTest,plain,6,2,UNSAT,,,4,unsat,25.78417792000255,,e35f9f0cd14e0a475bde9a351fb25d4d7ecbbae1200396a9ad5ccf9c0624ffdf,,0,rq1-exact-623-20260926-5x,0
moreDetailedTest/0088.trace,76316d7a3e764f7ecf3a,moreDetailedTest,plain,6,2,UNSAT,,,5,unsat,101.0853887719968,,7966e1599df10e602a01080874ceac4a71cba18ec9a1ff471337144247e43a81,,0,rq1-exact-623-20260926-5x,0
moreDetailedTest/0088.trace,76316d7a3e764f7ecf3a,moreDetailedTest,plain,6,2,UNSAT,,,6,unsat,692.45627341,,e1e63822e7dba7fd64cd1ff398ba39fc0dc4e9cfdc8eb83cb652f46a148b8dd3,,0,rq1-exact-623-20260926-5x,0
moreDetailedTest/0089.trace,0a0da6d3ccd18b414141,moreDetailedTest,plain,6,2,UNSAT,,,1,unsat,0.9766630670019367,,c103f3d5f9b0dee695e1ac0c1d2732984bcfe3168e860508fcb9feb8ea6a6b03,,0,rq1-exact-623-20260926-5x,0
moreDetailedTest/0089.trace,0a0da6d3ccd18b414141,moreDetailedTest,plain,6,2,UNSAT,,,2,unsat,6.014958530999138,,d6a378b9884a72704a2c5f7a696f4945d9da5631f6cffea1b49cfe88dc09dae1,,0,rq1-exact-623-20260926-5x,0
moreDetailedTest/0089.trace,0a0da6d3ccd18b414141,moreDetailedTest,plain,6,2,UNSAT,,,3,unsat,12.877976429997943,,b0c74c69382b573d55acd17495edf95f9ca869eed13409690adfe6735a4c2788,,0,rq1-exact-623-20260926-5x,0
moreDetailedTest/0089.trace,0a0da6d3ccd18b414141,moreDetailedTest,plain,6,2,UNSAT,,,4,unsat,28.6719431370002,,85876f136b0b1d031dc768e10348405dfcaed1e6bcdd9714fb5239eeef5c47c3,,0,rq1-exact-623-20260926-5x,0
moreDetailedTest/0089.trace,0a0da6d3ccd18b414141,moreDetailedTest,plain,6,2,UNSAT,,,5,unsat,99.56636559499748,,ef7b11003bddcd09562e0fd7aa6d59ca2b76bfbc5290b5fd0932d2b9d8565603,,0,rq1-exact-623-20260926-5x,0
moreDetailedTest/0089.trace,0a0da6d3ccd18b414141,moreDetailedTest,plain,6,2,UNSAT,,,6,unsat,868.9091165169993,,2fe987ab663607a855c8f729e4b3c8a2f60b63f5255170461cfb8817b04db55c,,0,rq1-exact-623-20260926-5x,0
moreDetailedTest/0090.trace,29beb468a1c38447a74d,moreDetailedTest,plain,6,2,UNSAT,,,1,unsat,0.969433709000441,,7ea5c715cf5fbc1a3d23fbc5b0d16239b5fd7cbd351e7abd8da0b84c6779a89b,,0,rq1-exact-623-20260926-5x,0
moreDetailedTest/0090.trace,29beb468a1c38447a74d,moreDetailedTest,plain,6,2,UNSAT,,,2,unsat,6.156329968998762,,9c1f730f9fbe107e1f79116ba62c45f5ca117ad13776569e15c46f98393fa7b7,,0,rq1-exact-623-20260926-5x,0
moreDetailedTest/0090.trace,29beb468a1c38447a74d,moreDetailedTest,plain,6,2,UNSAT,,,3,unsat,14.067469976998837,,36677e01fcd865026508d6a85458d21f29dd1abd7812f6e8dba3276dbe34aeca,,0,rq1-exact-623-20260926-5x,0
moreDetailedTest/0090.trace,29beb468a1c38447a74d,moreDetailedTest,plain,6,2,UNSAT,,,4,unsat,31.425860200000898,,c8c4e01913cd3d26a90c6d42bbb773f484915f1221b5cce81cf3c4e9e68dc2b5,,0,rq1-exact-623-20260926-5x,0
moreDetailedTest/0090.trace,29beb468a1c38447a74d,moreDetailedTest,plain,6,2,UNSAT,,,5,unsat,149.7924306419991,,0f2de2e9f4ba1c06e468e49bb57c77a93620123c244e6332b883d196c5ddc9e1,,0,rq1-exact-623-20260926-5x,0
moreDetailedTest/0090.trace,29beb468a1c38447a74d,moreDetailedTest,plain,6,2,UNSAT,,,6,unsat,990.9292751640023,,4e9dc732837d23a1620ec2fa4da5089498148d280d15c4112eeccce7a422156c,,0,rq1-exact-623-20260926-5x,0
moreDetailedTest/0091.trace,6b07a04478839def6bba,moreDetailedTest,plain,6,2,UNSAT,,,1,unsat,1.1760606779971567,,5348fe1ee828121feb431f6412ac4b4bdbbe251ce6fb7cda3493165e32467033,,0,rq1-exact-623-20260926-5x,0
moreDetailedTest/0091.trace,6b07a04478839def6bba,moreDetailedTest,plain,6,2,UNSAT,,,2,unsat,7.629241705999448,,5791e8c40848881c5eed1655395b06da981e388a71181a5a977a561770547147,,0,rq1-exact-623-20260926-5x,0
moreDetailedTest/0091.trace,6b07a04478839def6bba,moreDetailedTest,plain,6,2,UNSAT,,,3,unsat,16.75383294099811,,eae3f3dfe30f6afcbe010a08c458d27531ea28317905e1bebf7647bffb5b6afc,,0,rq1-exact-623-20260926-5x,0
moreDetailedTest/0091.trace,6b07a04478839def6bba,moreDetailedTest,plain,6,2,UNSAT,,,4,unsat,40.143439316001604,,862af7a0c4ee73956f90b4ab3ba456f675f8dcc331a94e7eea023e9ba1309896,,0,rq1-exact-623-20260926-5x,0
moreDetailedTest/0091.trace,6b07a04478839def6bba,moreDetailedTest,plain,6,2,UNSAT,,,5,unsat,160.16534636000142,,520568cd925a089afcfcde54b5499001bb1d12ab280ffa1b5c477fa0ee6d7d31,,0,rq1-exact-623-20260926-5x,0
moreDetailedTest/0091.trace,6b07a04478839def6bba,moreDetailedTest,plain,6,2,UNSAT,,,6,unsat,1089.0926980990007,,3031e40bb0483a9fc5bbc3f2dbf5c86f6dec258c670394aa42e4e039a2648269,,0,rq1-exact-623-20260926-5x,0
moreDetailedTest/0092.trace,d4f5e83ecf71878393df,moreDetailedTest,plain,6,2,UNSAT,,,1,unsat,1.4285436880018096,,ae08923b59d0e5f5083738ec4551ef37319f33c58e70679759e61c363dcd2433,,0,rq1-exact-623-20260926-5x,0
moreDetailedTest/0092.trace,d4f5e83ecf71878393df,moreDetailedTest,plain,6,2,UNSAT,,,2,unsat,9.298233786998026,,008874d0a5ef43a0fc0d67066eb3f01e603b9eaa10d345545d00d3242925b7ba,,0,rq1-exact-623-20260926-5x,0
moreDetailedTest/0092.trace,d4f5e83ecf71878393df,moreDetailedTest,plain,6,2,UNSAT,,,3,unsat,20.975096656999085,,b63414bfb86a6d898b5bd9b3cd893b1cb77482983b4fccb3dd44198e09c02653,,0,rq1-exact-623-20260926-5x,0
moreDetailedTest/0092.trace,d4f5e83ecf71878393df,moreDetailedTest,plain,6,2,UNSAT,,,4,unsat,53.17603685299764,,fed44d545eefe12e97a78b4bbdae0b2c89dc7d145ffd8729a4d3e0244c513b04,,0,rq1-exact-623-20260926-5x,0
moreDetailedTest/0092.trace,d4f5e83ecf71878393df,moreDetailedTest,plain,6,2,UNSAT,,,5,unsat,198.65153094200286,,c238da35a9260504a6614f77f54c0f487a8d585e2b340b85b62a2a9b713f4234,,0,rq1-exact-623-20260926-5x,0
moreDetailedTest/0092.trace,d4f5e83ecf71878393df,moreDetailedTest,plain,6,2,UNSAT,,,6,unsat,1131.9921074479971,,e38ec10c412f86294a952b77d9f0a0bc52316fd1ac07924d685620cd7bb37d30,,0,rq1-exact-623-20260926-5x,0
moreDetailedTest/0093.trace,ae76e98082b702a3aa03,moreDetailedTest,plain,6,2,TIMEOUT,,,1,unsat,1.667648108999856,,f66e5fe949764ca2bd3e95a88cdfc78c8efdf58daf193c9a81e187083fcdf709,,0,rq1-exact-623-20260926-5x,0
moreDetailedTest/0093.trace,ae76e98082b702a3aa03,moreDetailedTest,plain,6,2,TIMEOUT,,,2,unsat,10.843239890000405,,cd5bb681c37110316ef4e3c077b87b43b5072ed2035f93728b752de4577630ae,,0,rq1-exact-623-20260926-5x,0
moreDetailedTest/0093.trace,ae76e98082b702a3aa03,moreDetailedTest,plain,6,2,TIMEOUT,,,3,unsat,24.362512963998597,,17b73fa03125ebca154abd51c8eb11f06d22672fd675c43dd5483c4a8d7d4c91,,0,rq1-exact-623-20260926-5x,0
moreDetailedTest/0093.trace,ae76e98082b702a3aa03,moreDetailedTest,plain,6,2,TIMEOUT,,,4,unsat,57.68270055799803,,175b8374d0d3a70e01d410df71e7b4ee8f84c726b60bc5d2237f0335da376b56,,0,rq1-exact-623-20260926-5x,0
moreDetailedTest/0093.trace,ae76e98082b702a3aa03,moreDetailedTest,plain,6,2,TIMEOUT,,,5,unsat,263.6577687159988,,2f01c88e9e243d5153e7ecec1bac4bd23458134c2d02cded6f87b556036af3ba,,0,rq1-exact-623-20260926-5x,0
moreDetailedTest/0093.trace,ae76e98082b702a3aa03,moreDetailedTest,plain,6,2,TIMEOUT,,,6,unknown,1571.976276499001,timeout,abc9f850a363f34d81fec5004edc9e331634259d044b15a8ae659e036a9dde5b,,0,rq1-exact-623-20260926-5x,0
moreDetailedTest/0094.trace,5241eb946294e4f61ea7,moreDetailedTest,plain,6,2,UNSAT,,,1,unsat,1.8582499740005005,,126eef4391757cb48a69f5088793992906f660760b22558abce39e67e50709b7,,0,rq1-exact-623-20260926-5x,0
moreDetailedTest/0094.trace,5241eb946294e4f61ea7,moreDetailedTest,plain,6,2,UNSAT,,,2,unsat,12.136220849002711,,53d01a7ce4b8927f3a26717ebf604472d8d3d69eb807f90ec93a2e9b378efdc8,,0,rq1-exact-623-20260926-5x,0
moreDetailedTest/0094.trace,5241eb946294e4f61ea7,moreDetailedTest,plain,6,2,UNSAT,,,3,unsat,27.2801781019989,,c6c582a0d45e8090970ba373c9f49de93cf5bb205ad46905c2fad8bad37eb1d8,,0,rq1-exact-623-20260926-5x,0
moreDetailedTest/0094.trace,5241eb946294e4f61ea7,moreDetailedTest,plain,6,2,UNSAT,,,4,unsat,66.2655361319994,,876e1f2cc6560e86a8bed4a9f98ae151758bcda70ae864c3b93af13a9d161cd0,,0,rq1-exact-623-20260926-5x,0
moreDetailedTest/0094.trace,5241eb946294e4f61ea7,moreDetailedTest,plain,6,2,UNSAT,,,5,unsat,343.4694144239984,,e9d570f14cc0a556f93491d2def5900320cb56a296ff29fa78cca0500db74de5,,0,rq1-exact-623-20260926-5x,0
moreDetailedTest/0094.trace,5241eb946294e4f61ea7,moreDetailedTest,plain,6,2,UNSAT,,,6,unsat,1548.150999278998,,7b3420da8b39c92dcbce5bceb088366b4e8dbbe04969a68400b598ad033fca7e,,0,rq1-exact-623-20260926-5x,0
moreDetailedTest/0095.trace,6ab2017833d10d182c77,moreDetailedTest,plain,6,2,TIMEOUT,,,1,unsat,2.401149502999033,,b87c6c7e9afd1f83fd000b3cc329ac81ffc5f229b3be555f00a53ca71699ef06,,0,rq1-exact-623-20260926-5x,0
moreDetailedTest/0095.trace,6ab2017833d10d182c77,moreDetailedTest,plain,6,2,TIMEOUT,,,2,unsat,15.703089107999403,,cc717eb19aa8f1856a9f88209533fa8b7889537994314b5f108ea7fcf6613252,,0,rq1-exact-623-20260926-5x,0
moreDetailedTest/0095.trace,6ab2017833d10d182c77,moreDetailedTest,plain,6,2,TIMEOUT,,,3,unsat,35.104217649997736,,98c72b956859e995875ee274713c37ce07a8b71867f9a2f2c8fe4e8892de357f,,0,rq1-exact-623-20260926-5x,0
moreDetailedTest/0095.trace,6ab2017833d10d182c77,moreDetailedTest,plain,6,2,TIMEOUT,,,4,unsat,98.43810597400079,,2bbcf0a9907f37324a3890b129be184ab27f559a8efdfb8535078f01c6f823f8,,0,rq1-exact-623-20260926-5x,0
moreDetailedTest/0095.trace,6ab2017833d10d182c77,moreDetailedTest,plain,6,2,TIMEOUT,,,5,unsat,434.1859950679973,,bc10ae94d234a996fcf09d980f14e3adcb58bda08c21e2cc5cac02b86baa0e10,,0,rq1-exact-623-20260926-5x,0
moreDetailedTest/0095.trace,6ab2017833d10d182c77,moreDetailedTest,plain,6,2,TIMEOUT,,,6,unknown,1589.8796807730032,timeout,6167e0721891064daffce301ffbae823f169d8050fa96735d06cb83f7374319d,,0,rq1-exact-623-20260926-5x,0
moreDetailedTest/0096.trace,af2f370326c6f6a3e3a6,moreDetailedTest,plain,6,2,UNSAT,,,1,unsat,0.17919451299985667,,54133a4aad41029db8844d4004d6c7f1170d94af6908e02b5c81c14d085a8761,,0,rq1-exact-623-20260926-5x,0
moreDetailedTest/0096.trace,af2f370326c6f6a3e3a6,moreDetailedTest,plain,6,2,UNSAT,,,2,unsat,1.0187546880006266,,95806742b043c6fe7573bfe8c67b848fe3961f991c5d25a1edb7fd0f305e9177,,0,rq1-exact-623-20260926-5x,0
moreDetailedTest/0096.trace,af2f370326c6f6a3e3a6,moreDetailedTest,plain,6,2,UNSAT,,,3,unsat,2.265794109000126,,13e1413dce0c19fdaa776a9eedbc57266518d4fdd17e0e61c035899f199ae237,,0,rq1-exact-623-20260926-5x,0
moreDetailedTest/0096.trace,af2f370326c6f6a3e3a6,moreDetailedTest,plain,6,2,UNSAT,,,4,unsat,4.874174572999436,,c784bab7932451a26fb5cbb62932d5d6468a900445cf66670acc4fccda11ad82,,0,rq1-exact-623-20260926-5x,0
moreDetailedTest/0096.trace,af2f370326c6f6a3e3a6,moreDetailedTest,plain,6,2,UNSAT,,,5,unsat,20.261907166000128,,d1e872e47e5deba27e58518ce26db68bb4bf2b6d289f419489d29b0e7b12f70f,,0,rq1-exact-623-20260926-5x,0
moreDetailedTest/0096.trace,af2f370326c6f6a3e3a6,moreDetailedTest,plain,6,2,UNSAT,,,6,unsat,140.27222296200034,,acb588ec1a15c3515137d075c23739b73349a5afaf4ad58b4edb2dae3bbb6f48,,0,rq1-exact-623-20260926-5x,0
moreDetailedTest/0097.trace,f93be01319fbf248fb1c,moreDetailedTest,plain,6,2,OPTIMAL,0,5,1,unsat,0.034709918999396905,,115129d3de54434ff739df7f6e35dc837d56b9dda52458e3e5c1d6d09317ad69,,0,rq1-exact-623-20260926-5x,0
moreDetailedTest/0097.trace,f93be01319fbf248fb1c,moreDetailedTest,plain,6,2,OPTIMAL,0,5,2,unsat,0.10898368300058792,,5b370b2ba3d04281128581992535cbe81fd4bc67f1fda433eeae77e94fe808f4,,0,rq1-exact-623-20260926-5x,0
moreDetailedTest/0097.trace,f93be01319fbf248fb1c,moreDetailedTest,plain,6,2,OPTIMAL,0,5,3,unsat,0.213967882000361,,0259d61a385fd1a79a3beba11930c92fd8cbd100ed15ca960a24972d82d2eb7e,,0,rq1-exact-623-20260926-5x,0
moreDetailedTest/0097.trace,f93be01319fbf248fb1c,moreDetailedTest,plain,6,2,OPTIMAL,0,5,4,unsat,0.397487906000606,,fbfefc103fda0531b3267cfbb3bae6aa88c6ece066e6d83e5802df09c8640fad,,0,rq1-exact-623-20260926-5x,0
moreDetailedTest/0097.trace,f93be01319fbf248fb1c,moreDetailedTest,plain,6,2,OPTIMAL,0,5,5,sat,0.5645782740002687,,7ef8d13b6dd2716bb1d9bfea4ff04d1c6bf1d3c76d58583fc1d1247cf01251d5,8b5db4207e9e1239f8aaf327cc1c6dd6c7bff191c9a93280c12c711e49d6dfbc,0,rq1-exact-623-20260926-5x,0
moreDetailedTest/0098.trace,93aa739cfc44a49c987d,moreDetailedTest,plain,6,2,UNSAT,,,1,unsat,0.2577859040002295,,05c269d64f0796fba2b182ca4b96b15faf5b61330e324aba688a0c1d4dba1b84,,0,rq1-exact-623-20260926-5x,0
moreDetailedTest/0098.trace,93aa739cfc44a49c987d,moreDetailedTest,plain,6,2,UNSAT,,,2,unsat,1.5590795090001848,,496b42f36fa966d9f10471e16cbf4cef1139dc31c71a899b8ba6397f5479fed7,,0,rq1-exact-623-20260926-5x,0
moreDetailedTest/0098.trace,93aa739cfc44a49c987d,moreDetailedTest,plain,6,2,UNSAT,,,3,unsat,3.5031583960007993,,0f04f9472e35940c0ed68bb7bf4d5e72876e3f1e0b1b0f347e7b0040f5aef639,,0,rq1-exact-623-20260926-5x,0
moreDetailedTest/0098.trace,93aa739cfc44a49c987d,moreDetailedTest,plain,6,2,UNSAT,,,4,unsat,7.142699750999782,,37c18e390ed09c9b50ab93fe6b616eae53ff1afdf60fe6601c098235e5042914,,0,rq1-exact-623-20260926-5x,0
moreDetailedTest/0098.trace,93aa739cfc44a49c987d,moreDetailedTest,plain,6,2,UNSAT,,,5,unsat,23.85086846899958,,49688c858850974c8af265212a2248f86a1d346165ae963c85f1187298674363,,0,rq1-exact-623-20260926-5x,0
moreDetailedTest/0098.trace,93aa739cfc44a49c987d,moreDetailedTest,plain,6,2,UNSAT,,,6,unsat,208.03999553500034,,ee3f7ac44a04f328b949117a2af0e627014f969f6cfbdba367f7d39011fa356b,,0,rq1-exact-623-20260926-5x,0
moreDetailedTest/0099.trace,f2875ac6787e500882f6,moreDetailedTest,plain,3,2,OPTIMAL,0,2,1,unsat,0.2534209830000691,,7007a44cb34d225713f5e17dc94c3138bbbe094e5529d0f75b934fcff4ef0b8b,,0,rq1-exact-623-20260926-5x,0
moreDetailedTest/0099.trace,f2875ac6787e500882f6,moreDetailedTest,plain,3,2,OPTIMAL,0,2,2,sat,1.9126121669996792,,636cbaa1a970d4680350b5af17251f3efbaf2ec989e0cc99da9c7d58bde547da,a62907710eed84b61d7d22988cf9ac12b1a0fdb9643f9dd9efae878fcbdca8fb,0,rq1-exact-623-20260926-5x,0
moreDetailedTest/0100.trace,0591ced12ad27cdbb648,moreDetailedTest,plain,3,2,OPTIMAL,0,2,1,unsat,0.040383085999792456,,63ad0b12053716e8f0444332a24c7d65688a6279ecc34fa19b47e4014e057426,,0,rq1-exact-623-20260926-5x,0
moreDetailedTest/0100.trace,0591ced12ad27cdbb648,moreDetailedTest,plain,3,2,OPTIMAL,0,2,2,sat,0.1938533909999478,,fe35ae9d682901393328168f8470f6a092da5f7a5fdadb16afa02b406268f9d8,a62907710eed84b61d7d22988cf9ac12b1a0fdb9643f9dd9efae878fcbdca8fb,0,rq1-exact-623-20260926-5x,0
moreDetailedTest/0101.trace,e60e6e2dde256c668bbc,moreDetailedTest,plain,3,2,OPTIMAL,0,2,1,unsat,0.30682853700000123,,65ed87e0de6d47aacd5737dc0cf791719ef07f5404beb448992b904b43749f01,,0,rq1-exact-623-20260926-5x,0
moreDetailedTest/0101.trace,e60e6e2dde256c668bbc,moreDetailedTest,plain,3,2,OPTIMAL,0,2,2,sat,2.3533000000002176,,334a2301a80c196776c771c1f7231d7b4ea7846b03f3dc9de1a3ba79a5dd8dea,a62907710eed84b61d7d22988cf9ac12b1a0fdb9643f9dd9efae878fcbdca8fb,0,rq1-exact-623-20260926-5x,0
moreDetailedTest/0102.trace,e0f613dd820256de7134,moreDetailedTest,plain,3,2,OPTIMAL,0,2,1,unsat,0.3604266950001147,,5ee556ba5dbfcd656317e245115b6a6b59bda8a0e3402b465bb9bf099b77a6cc,,0,rq1-exact-623-20260926-5x,0
moreDetailedTest/0102.trace,e0f613dd820256de7134,moreDetailedTest,plain,3,2,OPTIMAL,0,2,2,sat,2.832366618999913,,b274c4f0b0b2d65760eb59710faa0e3bdf8ab1a3998d6cd5d4d993477806b3fd,a62907710eed84b61d7d22988cf9ac12b1a0fdb9643f9dd9efae878fcbdca8fb,0,rq1-exact-623-20260926-5x,0
moreDetailedTest/0103.trace,cb2e8aa2e8afbf3da3d4,moreDetailedTest,plain,3,2,OPTIMAL,0,2,1,unsat,0.41919155999994473,,81895a970d0d713ce70bdb8bbc349ee4769bf2c4b7092a95bf304e365e1b65e9,,0,rq1-exact-623-20260926-5x,0
moreDetailedTest/0103.trace,cb2e8aa2e8afbf3da3d4,moreDetailedTest,plain,3,2,OPTIMAL,0,2,2,sat,3.3190479300001243,,35764876a57444c6566bc1e5d0a9c4d0b62ee690832b06dd89c5fcef1edcc388,a62907710eed84b61d7d22988cf9ac12b1a0fdb9643f9dd9efae878fcbdca8fb,0,rq1-exact-623-20260926-5x,0
moreDetailedTest/0104.trace,664d3e2067cee2770e7a,moreDetailedTest,plain,3,2,OPTIMAL,0,2,1,unsat,0.4821325769999021,,38e70755cfa34f3ca031e9e2269144ad580275f3fcfbe15ffba298738513c34b,,0,rq1-exact-623-20260926-5x,0
moreDetailedTest/0104.trace,664d3e2067cee2770e7a,moreDetailedTest,plain,3,2,OPTIMAL,0,2,2,sat,3.8036064349998924,,1c9a712a27989d8146aaadf9c154ce0e21237e2a4e07291e0377228424c99400,a62907710eed84b61d7d22988cf9ac12b1a0fdb9643f9dd9efae878fcbdca8fb,0,rq1-exact-623-20260926-5x,0
moreDetailedTest/0105.trace,275fb26fd00456f18f75,moreDetailedTest,plain,3,2,OPTIMAL,0,2,1,unsat,0.5960671590000857,,8ea4721b0b4f6c99c7a3e49b44b35aaf8f5ec514d596c3fa0de987db6c007685,,0,rq1-exact-623-20260926-5x,0
moreDetailedTest/0105.trace,275fb26fd00456f18f75,moreDetailedTest,plain,3,2,OPTIMAL,0,2,2,sat,4.850705053999718,,583b76ca43cd7be6e5afbfd1739fed78ff58269b6709a44c85998d8489024db6,a62907710eed84b61d7d22988cf9ac12b1a0fdb9643f9dd9efae878fcbdca8fb,0,rq1-exact-623-20260926-5x,0
moreDetailedTest/0106.trace,f707e5cb87f766e1e0be,moreDetailedTest,plain,3,2,OPTIMAL,0,2,1,unsat,0.7075890860000982,,247453d5423e7227545282d12b873a564e788551061fa50c7897c58ac1bb519c,,0,rq1-exact-623-20260926-5x,0
moreDetailedTest/0106.trace,f707e5cb87f766e1e0be,moreDetailedTest,plain,3,2,OPTIMAL,0,2,2,sat,5.825611584999933,,6555508b06a0d39c93c08c7d27feee7dfd6f0b2d1aecc01e8aabe417bea76036,a62907710eed84b61d7d22988cf9ac12b1a0fdb9643f9dd9efae878fcbdca8fb,0,rq1-exact-623-20260926-5x,0
moreDetailedTest/0107.trace,cd1fe2524940dbfbccc7,moreDetailedTest,plain,3,2,OPTIMAL,0,2,1,unsat,0.8296808299999157,,a130418a779ed41917c9e85536c79709d9e2872e5613d81ef66825799e999ba0,,0,rq1-exact-623-20260926-5x,0
moreDetailedTest/0107.trace,cd1fe2524940dbfbccc7,moreDetailedTest,plain,3,2,OPTIMAL,0,2,2,sat,6.755854668999746,,64dfdd74bf1938a70862bb3e44c0cad9703e9078a32620c57a6466aed7ebcfe0,a62907710eed84b61d7d22988cf9ac12b1a0fdb9643f9dd9efae878fcbdca8fb,0,rq1-exact-623-20260926-5x,0
moreDetailedTest/0108.trace,37683c79ab28e3131bb5,moreDetailedTest,plain,3,2,OPTIMAL,0,2,1,unsat,0.9555393990003722,,ef6daa010173acbb23140f0db298c755b4e8213ea22c4966def6cc84ab6a7ee6,,0,rq1-exact-623-20260926-5x,0
moreDetailedTest/0108.trace,37683c79ab28e3131bb5,moreDetailedTest,plain,3,2,OPTIMAL,0,2,2,sat,7.833217611999771,,c7a44ebb4d8c189ee69eb98c5c549e18448c74659a7ba9a0a65448ee433b8eb3,a62907710eed84b61d7d22988cf9ac12b1a0fdb9643f9dd9efae878fcbdca8fb,0,rq1-exact-623-20260926-5x,0
moreDetailedTest/0109.trace,0085a9ea6c48240aaab1,moreDetailedTest,plain,3,2,OPTIMAL,0,2,1,unsat,1.1847677349996957,,f958d3944d529816e11addb72b2452f99e5d6abfd53d4c8a44281bc8cb8f6afa,,0,rq1-exact-623-20260926-5x,0
moreDetailedTest/0109.trace,0085a9ea6c48240aaab1,moreDetailedTest,plain,3,2,OPTIMAL,0,2,2,sat,9.822108397999727,,094a7fc69b97aeec6a6adba2f323f30a99ac8757bdb95269bf738d1c8e4481c2,a62907710eed84b61d7d22988cf9ac12b1a0fdb9643f9dd9efae878fcbdca8fb,0,rq1-exact-623-20260926-5x,0
moreDetailedTest/0110.trace,17e0ef27f6c23a6347c5,moreDetailedTest,plain,3,2,OPTIMAL,0,2,1,unsat,0.1323659900003804,,f96193412cd11b0ab3a888cd5458a7a22c1aca7c3246c9ac0c687d6aeb2aaec4,,0,rq1-exact-623-20260926-5x,0
moreDetailedTest/0110.trace,17e0ef27f6c23a6347c5,moreDetailedTest,plain,3,2,OPTIMAL,0,2,2,sat,0.9180996340001002,,82da36c20fc7d14dac4fff5953da5bff1b7e5bee9869fbd99b2fdc4123a7131f,a62907710eed84b61d7d22988cf9ac12b1a0fdb9643f9dd9efae878fcbdca8fb,0,rq1-exact-623-20260926-5x,0
moreDetailedTest/0111.trace,44ccbe06e3ac6a3cf2ce,moreDetailedTest,plain,3,2,OPTIMAL,0,2,1,unsat,0.029170145000080083,,8ac082388c76fb4a919f724e96a4d5a6674c08f8232b69bd0762fcd9f28c83d9,,0,rq1-exact-623-20260926-5x,0
moreDetailedTest/0111.trace,44ccbe06e3ac6a3cf2ce,moreDetailedTest,plain,3,2,OPTIMAL,0,2,2,sat,0.10160472099960316,,e52ff285d8a5c9c673347f97d26ddb74a46d9256c8b4f3cf8702579dd7aa3f87,a62907710eed84b61d7d22988cf9ac12b1a0fdb9643f9dd9efae878fcbdca8fb,0,rq1-exact-623-20260926-5x,0
moreDetailedTest/0112.trace,9d3f48e0b859234415cb,moreDetailedTest,plain,3,2,OPTIMAL,0,2,1,unsat,0.18987904799996613,,23c28952dd763c8f975162060d680180269e2a7df568b3e2856a0695d92745c5,,0,rq1-exact-623-20260926-5x,0
moreDetailedTest/0112.trace,9d3f48e0b859234415cb,moreDetailedTest,plain,3,2,OPTIMAL,0,2,2,sat,1.4013052639998023,,511e079221d38a1206078d627d5c2d1b217939a36c5bc5fa9d64e3f459429ef9,a62907710eed84b61d7d22988cf9ac12b1a0fdb9643f9dd9efae878fcbdca8fb,0,rq1-exact-623-20260926-5x,0
moreDetailedTest/0113.trace,89f90aca89ce46fada60,moreDetailedTest,plain,10,2,OPTIMAL,0,5,1,unsat,0.34338770199974533,,81d32c18e37d26ef512a26e57194aa5deaa5f9b64fc5ebf0d5e1f8b3cc681a5c,,0,rq1-exact-623-20260926-5x,0
moreDetailedTest/0113.trace,89f90aca89ce46fada60,moreDetailedTest,plain,10,2,OPTIMAL,0,5,2,unsat,2.1027376310012187,,d4c0f4f44dc85edf614ea601e97a849c467efcfcdf3e8dd6a407f547eb78e57b,,0,rq1-exact-623-20260926-5x,0
moreDetailedTest/0113.trace,89f90aca89ce46fada60,moreDetailedTest,plain,10,2,OPTIMAL,0,5,3,unsat,4.60956807599905,,80595a51a383b629e7b3d11890628e18a16e8efae079cd20a931a653001a94f1,,0,rq1-exact-623-20260926-5x,0
moreDetailedTest/0113.trace,89f90aca89ce46fada60,moreDetailedTest,plain,10,2,OPTIMAL,0,5,4,unsat,11.947899639000752,,19d144391f01f7174b910be10f12edf855885e389432b501c5f1335e1aca1c96,,0,rq1-exact-623-20260926-5x,0
moreDetailedTest/0113.trace,89f90aca89ce46fada60,moreDetailedTest,plain,10,2,OPTIMAL,0,5,5,sat,12.946531513000082,,af4a0c69f8558865fb6105535bb26c483dd49361ed93d5b92a501361cd6eac93,e074ac6acb728800922658aa08c14722436ce8a44a835494628a497c06fec6e3,0,rq1-exact-623-20260926-5x,0
moreDetailedTest/0114.trace,cf506f689ba7dbe47466,moreDetailedTest,plain,10,2,OPTIMAL,0,5,1,unsat,0.05000320399994962,,9e6693d80b317c32c10725f3b838207dbae35e884c7780ce6e4fbe8759266f12,,0,rq1-exact-623-20260926-5x,0
moreDetailedTest/0114.trace,cf506f689ba7dbe47466,moreDetailedTest,plain,10,2,OPTIMAL,0,5,2,unsat,0.20350749600038398,,41006d6559a64c885b0c50cd704456edaf6fbe43ccd016b2b13b3136adf80013,,0,rq1-exact-623-20260926-5x,0
moreDetailedTest/0114.trace,cf506f689ba7dbe47466,moreDetailedTest,plain,10,2,OPTIMAL,0,5,3,unsat,0.4173766809999506,,28eb5b5d6d0e6e2bb60f3011231b423251d2a8ce6b20ea85dbaebbc46e8c479c,,0,rq1-exact-623-20260926-5x,0
moreDetailedTest/0114.trace,cf506f689ba7dbe47466,moreDetailedTest,plain,10,2,OPTIMAL,0,5,4,unsat,0.7688865689997328,,a798bd0bf4f6d53798c7202ab6d696e116f4d6405a4b76dd042507c9e9992fa4,,0,rq1-exact-623-20260926-5x,0
moreDetailedTest/0114.trace,cf506f689ba7dbe47466,moreDetailedTest,plain,10,2,OPTIMAL,0,5,5,sat,1.2497334420004336,,b8ecd89e2a8ffa9891044d290ec1d4c4bf03416c324513a866ed912ee310bf76,cbc2ff0ffe3ae167d13787a5daaffca6627d41453877750f3e281ebd98233b48,0,rq1-exact-623-20260926-5x,0
moreDetailedTest/0115.trace,4e5b8c5bf5d9ab5d8de0,moreDetailedTest,plain,10,2,OPTIMAL,0,5,1,unsat,0.4240621740009374,,51b0c09c788f09573b29bca182de64b70497c87b70febecf8c09f0841c66014e,,0,rq1-exact-623-20260926-5x,0
moreDetailedTest/0115.trace,4e5b8c5bf5d9ab5d8de0,moreDetailedTest,plain,10,2,OPTIMAL,0,5,2,unsat,2.6531535369995254,,24f5e2ad465d2e913201898aa8f2130369193a5652ea361c9c322d82054955cb,,0,rq1-exact-623-20260926-5x,0
moreDetailedTest/0115.trace,4e5b8c5bf5d9ab5d8de0,moreDetailedTest,plain,10,2,OPTIMAL,0,5,3,unsat,6.093099992000134,,57f3476bedf2b2b9e77bc1252db459090ba90b67ed32fec5d8afa8fb0d3d4859,,0,rq1-exact-623-20260926-5x,0
moreDetailedTest/0115.trace,4e5b8c5bf5d9ab5d8de0,moreDetailedTest,plain,10,2,OPTIMAL,0,5,4,unsat,13.093188258999362,,64ba6d18e2c56ec3e0147eafc2d2807086cb546e4e3ce0d58a912726482c702e,,0,rq1-exact-623-20260926-5x,0
moreDetailedTest/0115.trace,4e5b8c5bf5d9ab5d8de0,moreDetailedTest,plain,10,2,OPTIMAL,0,5,5,sat,18.957139506001113,,bc0bfa18c75e23b537bf0695e1cd596762149c7fb79af29b5ddab690641accff,c3293aaeccddc458589e8ce16ad2e76ce80c1767a247afbbefbcb03c290cdb9a,0,rq1-exact-623-20260926-5x,0
moreDetailedTest/0116.trace,ed07dcbf455f3c49ab95,moreDetailedTest,plain,10,2,OPTIMAL,0,5,1,unsat,0.48908753099931346,,1cb49592fdb667b40e8c838abc87baf8eb4a11b9a950b1cf7d490da00e97eb36,,0,rq1-exact-623-20260926-5x,0
moreDetailedTest/0116.trace,ed07dcbf455f3c49ab95,moreDetailedTest,plain,10,2,OPTIMAL,0,5,2,unsat,3.117693063000843,,b260d30b86781681fa1c4bf3064555ccb873b21c7e125ae5400fa1f6ad1ec2a1,,0,rq1-exact-623-20260926-5x,0
moreDetailedTest/0116.trace,ed07dcbf455f3c49ab95,moreDetailedTest,plain,10,2,OPTIMAL,0,5,3,unsat,7.138828459999786,,c8836ca2292c906df6c8d3bc925432ed29e79705f4e5de15c1225b5bb4e3fbd9,,0,rq1-exact-623-20260926-5x,0
moreDetailedTest/0116.trace,ed07dcbf455f3c49ab95,moreDetailedTest,plain,10,2,OPTIMAL,0,5,4,unsat,15.172585310001523,,d30ce4e86e3262a90548b80c527849dbf5aab31b27f866fa53c4e7409039d467,,0,rq1-exact-623-20260926-5x,0
moreDetailedTest/0116.trace,ed07dcbf455f3c49ab95,moreDetailedTest,plain,10,2,OPTIMAL,0,5,5,sat,27.43569121800101,,5c2a41ec78ba5e0c115de2985798bdf775f4c4990ef0172415a0d6194f99a4aa,cbc2ff0ffe3ae167d13787a5daaffca6627d41453877750f3e281ebd98233b48,0,rq1-exact-623-20260926-5x,0
moreDetailedTest/0117.trace,78547ca6e4c8571867bd,moreDetailedTest,plain,10,2,OPTIMAL,0,5,1,unsat,0.5823545260009269,,5e2b4f607a1fee7dcd1730ee3edb50bf22d0de903303aa0e56c49073d694259b,,0,rq1-exact-623-20260926-5x,0
moreDetailedTest/0117.trace,78547ca6e4c8571867bd,moreDetailedTest,plain,10,2,OPTIMAL,0,5,2,unsat,3.6902326109993737,,ccafcda199a0cca06a47ba9b0ceefff81ca052145313587fa80eec2321556f76,,0,rq1-exact-623-20260926-5x,0
moreDetailedTest/0117.trace,78547ca6e4c8571867bd,moreDetailedTest,plain,10,2,OPTIMAL,0,5,3,unsat,8.110401077999995,,66eda6eb2443474eeb48af0b056bad044cc41ed67e58dbfbe43a88ffcb29f576,,0,rq1-exact-623-20260926-5x,0
moreDetailedTest/0117.trace,78547ca6e4c8571867bd,moreDetailedTest,plain,10,2,OPTIMAL,0,5,4,unsat,20.43322118300057,,fa4628aa32b5ae716c64d1d6d1341f98fe5fefd26cfbc450eb5d00b8dd573d77,,0,rq1-exact-623-20260926-5x,0
moreDetailedTest/0117.trace,78547ca6e4c8571867bd,moreDetailedTest,plain,10,2,OPTIMAL,0,5,5,sat,40.65499027499936,,98ef685932e0e2fa4b77ddde5f2bb3ebce9ba1179e71fac73435466825d578ec,c3293aaeccddc458589e8ce16ad2e76ce80c1767a247afbbefbcb03c290cdb9a,0,rq1-exact-623-20260926-5x,0
moreDetailedTest/0118.trace,06ece7520a754859230b,moreDetailedTest,plain,10,2,OPTIMAL,0,5,1,unsat,0.6613020180002422,,e6fa9f5c9d98a31fb23735885b270a073aecda4178be3f2b65abfe2ae6e88108,,0,rq1-exact-623-20260926-5x,0
moreDetailedTest/0118.trace,06ece7520a754859230b,moreDetailedTest,plain,10,2,OPTIMAL,0,5,2,unsat,4.151702748999924,,24022e80c99f3b637b153f686929f10d4566d5b137205ccea7921e018b82d884,,0,rq1-exact-623-20260926-5x,0
moreDetailedTest/0118.trace,06ece7520a754859230b,moreDetailedTest,plain,10,2,OPTIMAL,0,5,3,unsat,9.983058552999864,,500eb0465a9b984bb61a0f0289fa5ed37537a9fd12ca2d73792f9ef39f76fc4c,,0,rq1-exact-623-20260926-5x,0
moreDetailedTest/0118.trace,06ece7520a754859230b,moreDetailedTest,plain,10,2,OPTIMAL,0,5,4,unsat,20.23162298599982,,f4aa60295c8887e76a7a782415d861536d794474dc860118395e0e8f41d33ce9,,0,rq1-exact-623-20260926-5x,0
moreDetailedTest/0118.trace,06ece7520a754859230b,moreDetailedTest,plain,10,2,OPTIMAL,0,5,5,sat,34.73125565300052,,81eb5e10b7c0754d7d32225c1b3d48f4d3978275bcfb990dfab409d415ffc104,cbc2ff0ffe3ae167d13787a5daaffca6627d41453877750f3e281ebd98233b48,0,rq1-exact-623-20260926-5x,0
moreDetailedTest/0119.trace,f501b31851e1457a51b1,moreDetailedTest,plain,10,2,OPTIMAL,0,5,1,unsat,0.8486559129996749,,a1febd05a1cc8594210feb423b73d00b96ecd1e2593ee7eed5cf2f154dbc664b,,0,rq1-exact-623-20260926-5x,0
moreDetailedTest/0119.trace,f501b31851e1457a51b1,moreDetailedTest,plain,10,2,OPTIMAL,0,5,2,unsat,5.359331178999128,,45d3b6f3884d2918698aaa795032c5f51735a7796825262f37faf56c4a69745f,,0,rq1-exact-623-20260926-5x,0
moreDetailedTest/0119.trace,f501b31851e1457a51b1,moreDetailedTest,plain,10,2,OPTIMAL,0,5,3,unsat,12.3830729780002,,69b98ee5df0d3ab40ea612e30d0fff1ebe62fa3496e54d923fd7d6b9ae300699,,0,rq1-exact-623-20260926-5x,0
moreDetailedTest/0119.trace,f501b31851e1457a51b1,moreDetailedTest,plain,10,2,OPTIMAL,0,5,4,unsat,25.105397371000436,,ce6944846d82a170529ae51ad706a0867d5dc4da5ec216d07fbacfa310460eb8,,0,rq1-exact-623-20260926-5x,0
moreDetailedTest/0119.trace,f501b31851e1457a51b1,moreDetailedTest,plain,10,2,OPTIMAL,0,5,5,sat,34.674205827999685,,578f4f3d2a10fa6c0058b0cec1e3dea71a9e5c012fe4fa7d69b71c7345d2d323,c3293aaeccddc458589e8ce16ad2e76ce80c1767a247afbbefbcb03c290cdb9a,0,rq1-exact-623-20260926-5x,0
moreDetailedTest/0120.trace,f79d1ac7ec5a40fc45e9,moreDetailedTest,plain,10,2,OPTIMAL,0,5,1,unsat,0.9706040709988883,,4cb76bc8931561deff626ef2cfb515f5f7b1913f7ad7737852fdbe128d95428a,,0,rq1-exact-623-20260926-5x,0
moreDetailedTest/0120.trace,f79d1ac7ec5a40fc45e9,moreDetailedTest,plain,10,2,OPTIMAL,0,5,2,unsat,6.259771286000614,,1128a38378a769abf0990be06904d79ab6e7be7dc6f4b1237cc0e7e4ca532dc6,,0,rq1-exact-623-20260926-5x,0
moreDetailedTest/0120.trace,f79d1ac7ec5a40fc45e9,moreDetailedTest,plain,10,2,OPTIMAL,0,5,3,unsat,13.707608126000196,,4936ab9ec6831cd77450bacb22dfcdfc77fafb998b69556b7ec62ceab1d5eb78,,0,rq1-exact-623-20260926-5x,0
moreDetailedTest/0120.trace,f79d1ac7ec5a40fc45e9,moreDetailedTest,plain,10,2,OPTIMAL,0,5,4,unsat,33.70777025800089,,c7ccde2c95b75b125f22e263e20ee75f2f795bf7e59e2bd52c731a831985ebcb,,0,rq1-exact-623-20260926-5x,0
moreDetailedTest/0120.trace,f79d1ac7ec5a40fc45e9,moreDetailedTest,plain,10,2,OPTIMAL,0,5,5,sat,70.90553968199856,,940c42124b65552ecb1ebfad23ec05d4fcefbb3e15f0db0af3f2aaff684ce9c4,e074ac6acb728800922658aa08c14722436ce8a44a835494628a497c06fec6e3,0,rq1-exact-623-20260926-5x,0
moreDetailedTest/0121.trace,5421e0dfeab0c2c39b9c,moreDetailedTest,plain,10,2,OPTIMAL,0,5,1,unsat,1.1442026650001935,,cfca6232e8eafb104d2000addc534eac754ef5bfcb15d56fec33fbd5961e9eaf,,0,rq1-exact-623-20260926-5x,0
moreDetailedTest/0121.trace,5421e0dfeab0c2c39b9c,moreDetailedTest,plain,10,2,OPTIMAL,0,5,2,unsat,7.4402780439995695,,535ef3e1a7b30df219a13152b4d11c8bae62206bfa1922d49bfe027299cd92a7,,0,rq1-exact-623-20260926-5x,0
moreDetailedTest/0121.trace,5421e0dfeab0c2c39b9c,moreDetailedTest,plain,10,2,OPTIMAL,0,5,3,unsat,16.105785393001497,,2cbd48c05dee7848647e138c5d1dcf41fd724e8471a76bec224d203daa977ff5,,0,rq1-exact-623-20260926-5x,0
moreDetailedTest/0121.trace,5421e0dfeab0c2c39b9c,moreDetailedTest,plain,10,2,OPTIMAL,0,5,4,unsat,53.71343791400068,,e8d9756aa9998b7bb885f52f416021a7f608bb314786b21cc6e79cdd70fc6e56,,0,rq1-exact-623-20260926-5x,0
moreDetailedTest/0121.trace,5421e0dfeab0c2c39b9c,moreDetailedTest,plain,10,2,OPTIMAL,0,5,5,sat,112.76093664899963,,c90efe60a23316f6c8ba7b54142ba53efe74794b499da65c687bd01f59874de2,cbc2ff0ffe3ae167d13787a5daaffca6627d41453877750f3e281ebd98233b48,0,rq1-exact-623-20260926-5x,0
moreDetailedTest/0122.trace,39f7312fa9aa3fd038ab,moreDetailedTest,plain,10,2,OPTIMAL,0,5,1,unsat,1.3190701479998097,,928cf72d059f1395cac74e9aba18786bb96acf4a77bc4be7e2c8bf4f44943e5b,,0,rq1-exact-623-20260926-5x,0
moreDetailedTest/0122.trace,39f7312fa9aa3fd038ab,moreDetailedTest,plain,10,2,OPTIMAL,0,5,2,unsat,8.564425372998812,,e86080b5d68d40c3b56232f33ff820cb086f45b44852b404a3f0f297c624e9c4,,0,rq1-exact-623-20260926-5x,0
moreDetailedTest/0122.trace,39f7312fa9aa3fd038ab,moreDetailedTest,plain,10,2,OPTIMAL,0,5,3,unsat,23.841644342999643,,190f16f32080d63725b716f0bd32fe3353f4ea132c36f00ed0029cc299ac2eda,,0,rq1-exact-623-20260926-5x,0
moreDetailedTest/0122.trace,39f7312fa9aa3fd038ab,moreDetailedTest,plain,10,2,OPTIMAL,0,5,4,unsat,42.68814091499917,,4bf259c55455196d70c8fc728c226ad1c6a410fecba68da6d99c2da99f1865de,,0,rq1-exact-623-20260926-5x,0
moreDetailedTest/0122.trace,39f7312fa9aa3fd038ab,moreDetailedTest,plain,10,2,OPTIMAL,0,5,5,sat,109.61603117400045,,4aa36ba5b1d223059b816387cee6f14a4dc6b8ba8c089955e82b647745a411cc,c3293aaeccddc458589e8ce16ad2e76ce80c1767a247afbbefbcb03c290cdb9a,0,rq1-exact-623-20260926-5x,0
moreDetailedTest/0123.trace,672d263691c969825894,moreDetailedTest,plain,10,2,OPTIMAL,0,5,1,unsat,1.6419313860005786,,0c7886b606d7e1e11c56a0a0f68497240f5bf096a262c236e63ce4f8414f17b8,,0,rq1-exact-623-20260926-5x,0
moreDetailedTest/0123.trace,672d263691c969825894,moreDetailedTest,plain,10,2,OPTIMAL,0,5,2,unsat,10.867609926999648,,0aa886c050174e09f60e98107d126f0b5506e0dc9957036314691e46f55a0675,,0,rq1-exact-623-20260926-5x,0
moreDetailedTest/0123.trace,672d263691c969825894,moreDetailedTest,plain,10,2,OPTIMAL,0,5,3,unsat,42.05581783799971,,4d4d44ff4041fd662b73e7ceda1e9fa56a37b3cd87ae334b717f9efbeb9bc968,,0,rq1-exact-623-20260926-5x,0
moreDetailedTest/0123.trace,672d263691c969825894,moreDetailedTest,plain,10,2,OPTIMAL,0,5,4,unsat,61.87142767899968,,47ccaf020b8417f4c4a12e493533bacf19792561ef1a5ba95abb76c305a5d126,,0,rq1-exact-623-20260926-5x,0
moreDetailedTest/0123.trace,672d263691c969825894,moreDetailedTest,plain,10,2,OPTIMAL,0,5,5,sat,151.774597353,,31c4eb652d3882ea089827466c2930faaa8573da68a6777bd847c880dc222847,e074ac6acb728800922658aa08c14722436ce8a44a835494628a497c06fec6e3,0,rq1-exact-623-20260926-5x,0
moreDetailedTest/0124.trace,7fcf69ad8e859d3300d2,moreDetailedTest,plain,10,2,OPTIMAL,0,5,1,unsat,0.1761969510007475,,c6d57e66b5fe4c63fa771b8417b0e546dd750b8925dc077cf0eb3b03325d5f98,,0,rq1-exact-623-20260926-5x,0
moreDetailedTest/0124.trace,7fcf69ad8e859d3300d2,moreDetailedTest,plain,10,2,OPTIMAL,0,5,2,unsat,1.0115815789995395,,0b5812f77cc75fd3bcb934615597b07d2a4d386c7301f82f12be16236e3499ce,,0,rq1-exact-623-20260926-5x,0
moreDetailedTest/0124.trace,7fcf69ad8e859d3300d2,moreDetailedTest,plain,10,2,OPTIMAL,0,5,3,unsat,2.1959332509995875,,11fc957e361c71825776fbd5a1da8cdf8ad551f1751d6e5462735e7b42277f23,,0,rq1-exact-623-20260926-5x,0
moreDetailedTest/0124.trace,7fcf69ad8e859d3300d2,moreDetailedTest,plain,10,2,OPTIMAL,0,5,4,unsat,4.437931489999755,,14f8f52e2958f603dba3d44dfeea7c02311cc39ff7ab17667a68547333ae8178,,0,rq1-exact-623-20260926-5x,0
moreDetailedTest/0124.trace,7fcf69ad8e859d3300d2,moreDetailedTest,plain,10,2,OPTIMAL,0,5,5,sat,7.763898861998314,,7a8f960c8a59dfc23152bab8aa6d76ae326f5ac1fe27bf3234594f9bcc30fbf2,c3293aaeccddc458589e8ce16ad2e76ce80c1767a247afbbefbcb03c290cdb9a,0,rq1-exact-623-20260926-5x,0
moreDetailedTest/0125.trace,afe0c9fae97be1fc6574,moreDetailedTest,plain,10,2,OPTIMAL,0,3,1,unsat,0.03467479800019646,,2d23bfb1703813a66b10088e324b580dac30552a74fd7ec3e4c9e5ebd9590e86,,0,rq1-exact-623-20260926-5x,0
moreDetailedTest/0125.trace,afe0c9fae97be1fc6574,moreDetailedTest,plain,10,2,OPTIMAL,0,3,2,unsat,0.10491039899989119,,31bad16b8bcad130ede7fbcd23ce4c07407d041a2bf8badced72c9e3b4030bec,,0,rq1-exact-623-20260926-5x,0
moreDetailedTest/0125.trace,afe0c9fae97be1fc6574,moreDetailedTest,plain,10,2,OPTIMAL,0,3,3,sat,0.21247701100037375,,58cdbcf0ad5ea79a00cb32fd5de5c221135b677059fb1b575b3af51cc9cd8bbf,893c4a1d950f691c9d675deda133948eae4abf621b5cdf5971b0f125c862bc34,0,rq1-exact-623-20260926-5x,0
moreDetailedTest/0126.trace,5c327d32ac994641f028,moreDetailedTest,plain,10,2,OPTIMAL,0,5,1,unsat,0.25651966799887305,,e5c59421574be4a1b70e900132003d84071daac8de608564e28f826a9188b430,,0,rq1-exact-623-20260926-5x,0
moreDetailedTest/0126.trace,5c327d32ac994641f028,moreDetailedTest,plain,10,2,OPTIMAL,0,5,2,unsat,1.5316853169988462,,78064c5685c264195fefeb61b923527563c3f23683c9c52234ce1286115b677a,,0,rq1-exact-623-20260926-5x,0
moreDetailedTest/0126.trace,5c327d32ac994641f028,moreDetailedTest,plain,10,2,OPTIMAL,0,5,3,unsat,3.388472778000505,,2eafdd1e9f00b642ecd05d6110cfad520c91b70eb583b68faa2d15d5ed0a7e31,,0,rq1-exact-623-20260926-5x,0
moreDetailedTest/0126.trace,5c327d32ac994641f028,moreDetailedTest,plain,10,2,OPTIMAL,0,5,4,unsat,7.11422106200007,,69d4e6b157d4161612f6c8223e79caee729c4707392d391861dc61e60d8d0392,,0,rq1-exact-623-20260926-5x,0
moreDetailedTest/0126.trace,5c327d32ac994641f028,moreDetailedTest,plain,10,2,OPTIMAL,0,5,5,sat,11.482094459999644,,a6768b4f866cc4737ced7fe34aa335193ab612ad66b8bc75b6464112b5b225d3,c3293aaeccddc458589e8ce16ad2e76ce80c1767a247afbbefbcb03c290cdb9a,0,rq1-exact-623-20260926-5x,0
peterson/base/liveness1.trace,a63c39fc3e1adff5eb98,peterson,required,18,2,OPTIMAL,0,5,1,unsat,0.32775964899997234,,ba633b835942c76e28b18f880ac80705f3bb9fe6b1253edc45c48d346e6d6998,,0,rq1-exact-623-20260926-5x,0
peterson/base/liveness1.trace,a63c39fc3e1adff5eb98,peterson,required,18,2,OPTIMAL,0,5,2,unsat,0.8920843250000416,,8a1cc827778af7ee5280e3b4848bdbd5792ad52a7299e1dc935cb78a19dc36f1,,0,rq1-exact-623-20260926-5x,0
peterson/base/liveness1.trace,a63c39fc3e1adff5eb98,peterson,required,18,2,OPTIMAL,0,5,3,unsat,1.5615668349998941,,734a7d92b78896daef1f2219dea300c00f13362dfb9f675a2379154baf3d96e2,,0,rq1-exact-623-20260926-5x,0
peterson/base/liveness1.trace,a63c39fc3e1adff5eb98,peterson,required,18,2,OPTIMAL,0,5,4,unsat,2.414560528000038,,956698a4e387a8b93e11f0de24113a05fc1ea18b93168f787021ea4fb91caf86,,0,rq1-exact-623-20260926-5x,0
peterson/base/liveness1.trace,a63c39fc3e1adff5eb98,peterson,required,18,2,OPTIMAL,0,5,5,sat,3.4085856230001355,,b0d1fa1aa26fb0bb31e6dbce217e92328f2e5b5179e8b0d650c6744ab5136f21,0ad4d590bb484b67388f5f59c7910c9913ae73a8bc3df425940c951663e0ab27,0,rq1-exact-623-20260926-5x,0
peterson/base/liveness2.trace,31dcf524545766e45c22,peterson,required,18,2,OPTIMAL,0,5,1,unsat,0.3293291900008626,,59c487b98472543af34d696da384b3e3f61d7b94f048f42a9013b65fa5d74beb,,0,rq1-exact-623-20260926-5x,0
peterson/base/liveness2.trace,31dcf524545766e45c22,peterson,required,18,2,OPTIMAL,0,5,2,unsat,0.8850172889997339,,e6cde829bc9ea68d3dd964bd51e808f81132f963481c99a8a64b88984559d358,,0,rq1-exact-623-20260926-5x,0
peterson/base/liveness2.trace,31dcf524545766e45c22,peterson,required,18,2,OPTIMAL,0,5,3,unsat,1.5671329630004038,,c9c98495136614df7cb958e304b51bd5a7a5a98ac0dc7eea35e49b7e393418bb,,0,rq1-exact-623-20260926-5x,0
peterson/base/liveness2.trace,31dcf524545766e45c22,peterson,required,18,2,OPTIMAL,0,5,4,unsat,2.438015665999046,,e1f1fa826cb5dcea9591b626422e715525ba1477f6e98f810723de28bb1a8002,,0,rq1-exact-623-20260926-5x,0
peterson/base/liveness2.trace,31dcf524545766e45c22,peterson,required,18,2,OPTIMAL,0,5,5,sat,3.526455934999831,,35c5e8d29f1ab40904e4d4b4774462aff9f9083bfd40bf5a254ff8780aa4413a,453259842d3e4cb4d4a5d6ef4610140e13014545060e5af2e6706751d79aaee4,0,rq1-exact-623-20260926-5x,0
peterson/base/liveness3.trace,030d8818bd14abc85f03,peterson,required,18,2,OPTIMAL,0,5,1,unsat,0.34473835499920824,,28848fac113895fafa66f658df9819fde78ed50e2e135e216708c7651c00019f,,0,rq1-exact-623-20260926-5x,0
peterson/base/liveness3.trace,030d8818bd14abc85f03,peterson,required,18,2,OPTIMAL,0,5,2,unsat,0.9317780170003971,,c59a297a0777563f39e8034d0ebe68cfbc36afd90a9ca9fa4fc275f8486b93e9,,0,rq1-exact-623-20260926-5x,0
peterson/base/liveness3.trace,030d8818bd14abc85f03,peterson,required,18,2,OPTIMAL,0,5,3,unsat,1.6324817090007855,,2819a6a858540447e4eab6410c80d7b1092cbf7c2e2756696461beb85e39126e,,0,rq1-exact-623-20260926-5x,0
peterson/base/liveness3.trace,030d8818bd14abc85f03,peterson,required,18,2,OPTIMAL,0,5,4,unsat,2.5467114120001497,,7870cc94e67d33988598abbe6815ea8d3b2f6ebbe86a96615277ebca0b8a2e0d,,0,rq1-exact-623-20260926-5x,0
peterson/base/liveness3.trace,030d8818bd14abc85f03,peterson,required,18,2,OPTIMAL,0,5,5,sat,3.6611564020004153,,b9173df8baab4a9d952816f767c75ee628669fd56c361f94143f58a2931dccd3,0ad4d590bb484b67388f5f59c7910c9913ae73a8bc3df425940c951663e0ab27,0,rq1-exact-623-20260926-5x,0
peterson/base/liveness4.trace,8221071a3237812623b7,peterson,required,18,2,OPTIMAL,0,5,1,unsat,0.32804266899984214,,474cc6402d30eec05bd8dead44859dc5c04c6be3092877d1ecd37276fdc752b1,,0,rq1-exact-623-20260926-5x,0
peterson/base/liveness4.trace,8221071a3237812623b7,peterson,required,18,2,OPTIMAL,0,5,2,unsat,0.885960208999677,,4fc329a8306eca1890c27de84c9dd6d8f4b28e9dd65a646cd722c02db4b3435f,,0,rq1-exact-623-20260926-5x,0
peterson/base/liveness4.trace,8221071a3237812623b7,peterson,required,18,2,OPTIMAL,0,5,3,unsat,1.5711641600009898,,23ce1dbedb0323d78c83cbe535563304e940359968b5983753671b2808c290ff,,0,rq1-exact-623-20260926-5x,0
peterson/base/liveness4.trace,8221071a3237812623b7,peterson,required,18,2,OPTIMAL,0,5,4,unsat,2.405889749999915,,e092468b3bc6429886de9b0b11f51a8b1fc995ea138225d20b146f59dc0b7e08,,0,rq1-exact-623-20260926-5x,0
peterson/base/liveness4.trace,8221071a3237812623b7,peterson,required,18,2,OPTIMAL,0,5,5,sat,3.469769624998662,,f5b1cddc7a32fbb9f32320c7691133b5fa71973ac8cf7940c33cb5f757de9435,0ad4d590bb484b67388f5f59c7910c9913ae73a8bc3df425940c951663e0ab27,0,rq1-exact-623-20260926-5x,0
peterson/base/liveness5.trace,df25a30799c46be6061b,peterson,required,18,2,OPTIMAL,0,5,1,unsat,0.33410356599961233,,71aac24ac884c00574b53027fe81bf8cd0175566d98adad1883b76275483d8c5,,0,rq1-exact-623-20260926-5x,0
peterson/base/liveness5.trace,df25a30799c46be6061b,peterson,required,18,2,OPTIMAL,0,5,2,unsat,0.9052334019997943,,c770cf364b2d5ee2d281f0de40880586e557ee0c143188f2f9c146f35e539ec8,,0,rq1-exact-623-20260926-5x,0
peterson/base/liveness5.trace,df25a30799c46be6061b,peterson,required,18,2,OPTIMAL,0,5,3,unsat,1.5833612589995028,,2e86b74dc4c84c6a6e3104f37c1674b6cd3b51cc93824e239d65cd2bbc713606,,0,rq1-exact-623-20260926-5x,0
peterson/base/liveness5.trace,df25a30799c46be6061b,peterson,required,18,2,OPTIMAL,0,5,4,unsat,2.4731889470003807,,174ac825cfaff1d60bc88cecc48f0f429385f50a8d1b9c398ffc0c09dba14354,,0,rq1-exact-623-20260926-5x,0
peterson/base/liveness5.trace,df25a30799c46be6061b,peterson,required,18,2,OPTIMAL,0,5,5,sat,3.5934150890007004,,55d59342d07307150ba95258822616dc87a365d6be8ceabac1b34973148b5563,0ad4d590bb484b67388f5f59c7910c9913ae73a8bc3df425940c951663e0ab27,0,rq1-exact-623-20260926-5x,0
peterson/base/safety1.trace,9c6672e8811b0165369a,peterson,required,18,2,OPTIMAL,0,5,1,unsat,0.3396722960005718,,162905626dff49e06e79b883870480a8b1993cb1b73e955e69afe9a7d4dd1c7b,,0,rq1-exact-623-20260926-5x,0
peterson/base/safety1.trace,9c6672e8811b0165369a,peterson,required,18,2,OPTIMAL,0,5,2,unsat,0.9332212310000614,,269a11a37fed621ad13886f38cf39506829fc806b5a3f9234cffd9ec0169123e,,0,rq1-exact-623-20260926-5x,0
peterson/base/safety1.trace,9c6672e8811b0165369a,peterson,required,18,2,OPTIMAL,0,5,3,unsat,1.6256709000008414,,a883fddf3b1f2c1b6e1785f5b74aecb55e16243c7ac6e77327888712be7c8989,,0,rq1-exact-623-20260926-5x,0
peterson/base/safety1.trace,9c6672e8811b0165369a,peterson,required,18,2,OPTIMAL,0,5,4,unsat,2.5926119979994837,,5c4d0791d173d5220e67e42edbb37d31139d24415680c0f773b3dd9fe151ce57,,0,rq1-exact-623-20260926-5x,0
peterson/base/safety1.trace,9c6672e8811b0165369a,peterson,required,18,2,OPTIMAL,0,5,5,sat,3.7962481640006445,,7bb661b1bf8ddbfdcad48da011470bb02092c479227d86f8191dc388d374e975,c89383e29abc5ccb753377be98cdbb77bbd95973d0527f6f818ecaab410e3911,0,rq1-exact-623-20260926-5x,0
peterson/base/safety2.trace,062ac14612499f1586d1,peterson,required,18,2,OPTIMAL,0,5,1,unsat,0.3311317469997448,,6eee2bb16fb04d5444516f51dfc5b9388718e3cd2f88fe1aed51f5c1ebbab543,,0,rq1-exact-623-20260926-5x,0
peterson/base/safety2.trace,062ac14612499f1586d1,peterson,required,18,2,OPTIMAL,0,5,2,unsat,0.9013428000016575,,ed00dc5286d090ceb2548e16d0799f572e6f926d73889f97bcf74965f6a038a5,,0,rq1-exact-623-20260926-5x,0
peterson/base/safety2.trace,062ac14612499f1586d1,peterson,required,18,2,OPTIMAL,0,5,3,unsat,1.5851021969992871,,7348e31ac1e2b6208312e2b516b1fafad04ea5c55dc22e2c8f69a2971e6a4cdd,,0,rq1-exact-623-20260926-5x,0
peterson/base/safety2.trace,062ac14612499f1586d1,peterson,required,18,2,OPTIMAL,0,5,4,unsat,2.497579893000875,,25cdc01682029242c622f55a87ad47a6a6d01796bd470a069fc5799299d7df71,,0,rq1-exact-623-20260926-5x,0
peterson/base/safety2.trace,062ac14612499f1586d1,peterson,required,18,2,OPTIMAL,0,5,5,sat,3.7759261610008252,,8454e40320a2ac7889cad76cd47fd5f78810d1c328278c63deb29552691fa80b,6e7c43c5b4040a094c26a59233ef83edadd804bab75fd9bc3d5675024f065bb1,0,rq1-exact-623-20260926-5x,0
peterson/base/safety3.trace,b189263367e0ea986989,peterson,required,18,2,OPTIMAL,0,5,1,unsat,0.3332534379987919,,7287fbb2e84310755c5541fa58161e1544000841a879251a22ecbd43b204836e,,0,rq1-exact-623-20260926-5x,0
peterson/base/safety3.trace,b189263367e0ea986989,peterson,required,18,2,OPTIMAL,0,5,2,unsat,0.9165849250002793,,9065b05b9954950c4092b9a86bb92d069f3f6a6d9478316ae87a6e713ee0bec5,,0,rq1-exact-623-20260926-5x,0
peterson/base/safety3.trace,b189263367e0ea986989,peterson,required,18,2,OPTIMAL,0,5,3,unsat,1.5916202070002328,,6254756f3533cf0f5e54ef5a4a2c18a8a0768831ccee4d93245ca5998a186b23,,0,rq1-exact-623-20260926-5x,0
peterson/base/safety3.trace,b189263367e0ea986989,peterson,required,18,2,OPTIMAL,0,5,4,unsat,2.503043644999707,,8c2372c36ab325b4dd8b94143ef14806a9812259cb0bc950a9e3e869e008bac3,,0,rq1-exact-623-20260926-5x,0
peterson/base/safety3.trace,b189263367e0ea986989,peterson,required,18,2,OPTIMAL,0,5,5,sat,3.5509906059996865,,2a1f59843c6244ffd2a8779c011af4dd53d89adf143359f6565afa414ec1adeb,6e7c43c5b4040a094c26a59233ef83edadd804bab75fd9bc3d5675024f065bb1,0,rq1-exact-623-20260926-5x,0
peterson/base/safety4.trace,d46883438be2d1c89d36,peterson,required,18,2,OPTIMAL,0,5,1,unsat,0.326959211999565,,5d32f972e270e46b3e12fe8e6836bcee90482ac7b771f3e97be6b70f987c5826,,0,rq1-exact-623-20260926-5x,0
peterson/base/safety4.trace,d46883438be2d1c89d36,peterson,required,18,2,OPTIMAL,0,5,2,unsat,0.8940107580001495,,6327fe42119f561460ac09c7b2204f782bbee1248b332f53a6de82c1cf6436ac,,0,rq1-exact-623-20260926-5x,0
peterson/base/safety4.trace,d46883438be2d1c89d36,peterson,required,18,2,OPTIMAL,0,5,3,unsat,1.5691534919988044,,ac2d165a4af2fea82e9694d3c83f11851b7c9c48b96f4026f9d9926a4f2cdb06,,0,rq1-exact-623-20260926-5x,0
peterson/base/safety4.trace,d46883438be2d1c89d36,peterson,required,18,2,OPTIMAL,0,5,4,unsat,2.4569950420009263,,677e9946de66d0534fd562a24cb838e406df1026952d266f26b8c172c6da22d9,,0,rq1-exact-623-20260926-5x,0
peterson/base/safety4.trace,d46883438be2d1c89d36,peterson,required,18,2,OPTIMAL,0,5,5,sat,3.535009410999919,,796d13751772f2db2acd6094efddef1b7ec861655a62fef67d03e493d53775bc,228d267837b05e3dd36621c6e779dca686db1cff90cf5e7d889646d2eb805327,0,rq1-exact-623-20260926-5x,0
peterson/base/safety5.trace,35d760183fdbb009f050,peterson,required,18,2,OPTIMAL,0,5,1,unsat,0.3224690660008491,,1359ccd1905068cc1d1b75748b24845fc2b9e589de17964212b1c4ea97c66087,,0,rq1-exact-623-20260926-5x,0
peterson/base/safety5.trace,35d760183fdbb009f050,peterson,required,18,2,OPTIMAL,0,5,2,unsat,0.8847578469994914,,aa95975f0bf892d862faeaba986fa9d4db149e4a76f47e5df0a5015e84645269,,0,rq1-exact-623-20260926-5x,0
peterson/base/safety5.trace,35d760183fdbb009f050,peterson,required,18,2,OPTIMAL,0,5,3,unsat,1.5502439800002321,,bb552d7924290e615695d1d9fc6b0d324ec55c87fa932091e876639a6c8c4d08,,0,rq1-exact-623-20260926-5x,0
peterson/base/safety5.trace,35d760183fdbb009f050,peterson,required,18,2,OPTIMAL,0,5,4,unsat,2.441950854999959,,15c88fc23284649d2e4b21c70297e7fc7915dc58bd8584a729e02d885bd03bc5,,0,rq1-exact-623-20260926-5x,0
peterson/base/safety5.trace,35d760183fdbb009f050,peterson,required,18,2,OPTIMAL,0,5,5,sat,3.5731464559994492,,1f0d83268da46151d91fff2d02bb9c998e8f989a3da3a6ea9598e48b03af496b,87900176e16a6af04b9e7b30defd9422d5244f88eb158cecba4ffd9a67a79a23,0,rq1-exact-623-20260926-5x,0
peterson/constrained/liveness1.trace,1e562c263b0ea638b85f,peterson,required,18,2,OPTIMAL,0,5,1,unsat,0.3286299240007793,,4cc35b5daffb5a39851557cee71ece8507d694496dbc410b45621e50860a0c2a,,0,rq1-exact-623-20260926-5x,0
peterson/constrained/liveness1.trace,1e562c263b0ea638b85f,peterson,required,18,2,OPTIMAL,0,5,2,unsat,0.8887888320005004,,24ab1957f380b560e51ced0147548c8793e2112ab28eaf538e92e561f94177cf,,0,rq1-exact-623-20260926-5x,0
peterson/constrained/liveness1.trace,1e562c263b0ea638b85f,peterson,required,18,2,OPTIMAL,0,5,3,unsat,1.5618017220003821,,a27a96e4c0067847458b848a8320554dabd7c084c39457fae89f1c713c15ad51,,0,rq1-exact-623-20260926-5x,0
peterson/constrained/liveness1.trace,1e562c263b0ea638b85f,peterson,required,18,2,OPTIMAL,0,5,4,unsat,2.4305727610008034,,0522c5e470b6a5421fcf8e99dcf6898b02ff56b24354d49059bdcb04c244439c,,0,rq1-exact-623-20260926-5x,0
peterson/constrained/liveness1.trace,1e562c263b0ea638b85f,peterson,required,18,2,OPTIMAL,0,5,5,sat,3.437245012999483,,db4065f8dc94d1251a0d93d1875ca7e21f420e1822a1efb6fc3e44ce4033d115,0ad4d590bb484b67388f5f59c7910c9913ae73a8bc3df425940c951663e0ab27,0,rq1-exact-623-20260926-5x,0
peterson/constrained/liveness2.trace,2ea61bf5aa156a44e922,peterson,required,18,2,OPTIMAL,0,5,1,unsat,0.32899973600069643,,a1a1c063d5b5a6bd5cbac074b5cac43877e486d23f172861eb6cb867af41663d,,0,rq1-exact-623-20260926-5x,0
peterson/constrained/liveness2.trace,2ea61bf5aa156a44e922,peterson,required,18,2,OPTIMAL,0,5,2,unsat,0.8979295499993896,,32186ab5089b5ef5206285a83673d774755675fa81ee433ed16789f92aa76269,,0,rq1-exact-623-20260926-5x,0
peterson/constrained/liveness2.trace,2ea61bf5aa156a44e922,peterson,required,18,2,OPTIMAL,0,5,3,unsat,1.5675590329992701,,fba25b45f666cb9f52362d46878e503093f722ec9918093f49f43abd309bca74,,0,rq1-exact-623-20260926-5x,0
peterson/constrained/liveness2.trace,2ea61bf5aa156a44e922,peterson,required,18,2,OPTIMAL,0,5,4,unsat,2.4491721029990003,,f1452adda93ca958cd2344996d59d5930c5955fdc86542688a25ed6536fe4444,,0,rq1-exact-623-20260926-5x,0
peterson/constrained/liveness2.trace,2ea61bf5aa156a44e922,peterson,required,18,2,OPTIMAL,0,5,5,sat,3.495857308000268,,3dc1f065338919e8cae03a0319ba2f2f8c711a3b4fd9c4eba3047c2a5b2ea5f0,75732f1b5bbc31f6bc4286909090bc1fcc7934ce0ca31d30d972490c47a18b9d,0,rq1-exact-623-20260926-5x,0
peterson/constrained/liveness3.trace,185ac245fe2aa9809d5f,peterson,required,18,2,OPTIMAL,0,5,1,unsat,0.3362751679997018,,3b8eb5a0a57cd7e9f660094f73918870a2ee51f5f27cf1f21b12103684bc49a6,,0,rq1-exact-623-20260926-5x,0
peterson/constrained/liveness3.trace,185ac245fe2aa9809d5f,peterson,required,18,2,OPTIMAL,0,5,2,unsat,0.912458966999111,,a582f7b26c21ddedd15e7ccf77e5afdde1efd1d6c75340ff1943c7d64ef1e759,,0,rq1-exact-623-20260926-5x,0
peterson/constrained/liveness3.trace,185ac245fe2aa9809d5f,peterson,required,18,2,OPTIMAL,0,5,3,unsat,1.6020395820014528,,d1749132fc2f244b90405b4e6506dc302356a3ee5d93a6ff203511d89ea32eba,,0,rq1-exact-623-20260926-5x,0
peterson/constrained/liveness3.trace,185ac245fe2aa9809d5f,peterson,required,18,2,OPTIMAL,0,5,4,unsat,2.496633650000149,,86a713c8dcd72f48b2b864792f1fc8fa21061bd332a8e54bdf77f6b040793b57,,0,rq1-exact-623-20260926-5x,0
peterson/constrained/liveness3.trace,185ac245fe2aa9809d5f,peterson,required,18,2,OPTIMAL,0,5,5,sat,3.5120280739993177,,979d6bc700587de17cea8365c2a9d7d813036ada921b76f53ecbf24a47e2ef8c,bdc05e3523623991981155b841bc41f26a772f9118a478b5d7f9921845eca92a,0,rq1-exact-623-20260926-5x,0
peterson/constrained/liveness4.trace,c2b974c479bce70e26d4,peterson,required,18,2,OPTIMAL,0,5,1,unsat,0.3262291709997953,,d33e65aaaa8343eefab4c46ca00b46415f3276fd188c32a96a8a294ceddda94e,,0,rq1-exact-623-20260926-5x,0
peterson/constrained/liveness4.trace,c2b974c479bce70e26d4,peterson,required,18,2,OPTIMAL,0,5,2,unsat,0.885549403999903,,c69f5305358448e238db67fd0a0ea809c095f4d5153bc224f66e31502d07ee88,,0,rq1-exact-623-20260926-5x,0
peterson/constrained/liveness4.trace,c2b974c479bce70e26d4,peterson,required,18,2,OPTIMAL,0,5,3,unsat,1.548555925999608,,229386f8aea460d0abd4463aa94577eade821d04a4fc8d8c78813ba5418bb70b,,0,rq1-exact-623-20260926-5x,0
peterson/constrained/liveness4.trace,c2b974c479bce70e26d4,peterson,required,18,2,OPTIMAL,0,5,4,unsat,2.4194221409998136,,bd42d704e8101cae688d35a84cb56ada2d945914a9cfedf581f6c50eaeb6bac0,,0,rq1-exact-623-20260926-5x,0
peterson/constrained/liveness4.trace,c2b974c479bce70e26d4,peterson,required,18,2,OPTIMAL,0,5,5,sat,3.472439454999403,,f3661d1920ca6fa7004ed23fd9e3c20559c1126f579b8e4fc23faeb19ea04679,0ad4d590bb484b67388f5f59c7910c9913ae73a8bc3df425940c951663e0ab27,0,rq1-exact-623-20260926-5x,0
peterson/constrained/liveness5.trace,52e46b84b30322585353,peterson,required,18,2,OPTIMAL,0,5,1,unsat,0.3220334659999935,,480537ad18fa60e06a86e2fd340619854338519adb4ce01966ef64828a1eeea0,,0,rq1-exact-623-20260926-5x,0
peterson/constrained/liveness5.trace,52e46b84b30322585353,peterson,required,18,2,OPTIMAL,0,5,2,unsat,0.873152967000351,,17b746dea701af3cf732672e38f96670c68291e11b36a40ebd5c3aac9071ff9e,,0,rq1-exact-623-20260926-5x,0
peterson/constrained/liveness5.trace,52e46b84b30322585353,peterson,required,18,2,OPTIMAL,0,5,3,unsat,1.535313379001309,,fdebfdd15701b3c74366d1b0cb8d7a41c8306cab3bbb44c8add64efe2c3a6b8c,,0,rq1-exact-623-20260926-5x,0
peterson/constrained/liveness5.trace,52e46b84b30322585353,peterson,required,18,2,OPTIMAL,0,5,4,unsat,2.4170445229992765,,0f53b102f1d1e3493d1d61460ec1552376188a902853df3bce304d7838a9657a,,0,rq1-exact-623-20260926-5x,0
peterson/constrained/liveness5.trace,52e46b84b30322585353,peterson,required,18,2,OPTIMAL,0,5,5,sat,3.4283139989984193,,2abc88c2c0bed80379e8734a15ec8dc39bcde839d30abcb0a38ec0853ceebc0b,75732f1b5bbc31f6bc4286909090bc1fcc7934ce0ca31d30d972490c47a18b9d,0,rq1-exact-623-20260926-5x,0
peterson/constrained/safety1.trace,33d068e59828a15b8698,peterson,required,18,2,OPTIMAL,0,5,1,unsat,0.3319259250001778,,162905626dff49e06e79b883870480a8b1993cb1b73e955e69afe9a7d4dd1c7b,,0,rq1-exact-623-20260926-5x,0
peterson/constrained/safety1.trace,33d068e59828a15b8698,peterson,required,18,2,OPTIMAL,0,5,2,unsat,0.9113794370005053,,269a11a37fed621ad13886f38cf39506829fc806b5a3f9234cffd9ec0169123e,,0,rq1-exact-623-20260926-5x,0
peterson/constrained/safety1.trace,33d068e59828a15b8698,peterson,required,18,2,OPTIMAL,0,5,3,unsat,1.6066599099995074,,a883fddf3b1f2c1b6e1785f5b74aecb55e16243c7ac6e77327888712be7c8989,,0,rq1-exact-623-20260926-5x,0
peterson/constrained/safety1.trace,33d068e59828a15b8698,peterson,required,18,2,OPTIMAL,0,5,4,unsat,2.536853499001154,,5c4d0791d173d5220e67e42edbb37d31139d24415680c0f773b3dd9fe151ce57,,0,rq1-exact-623-20260926-5x,0
peterson/constrained/safety1.trace,33d068e59828a15b8698,peterson,required,18,2,OPTIMAL,0,5,5,sat,3.793669159000274,,7bb661b1bf8ddbfdcad48da011470bb02092c479227d86f8191dc388d374e975,c89383e29abc5ccb753377be98cdbb77bbd95973d0527f6f818ecaab410e3911,0,rq1-exact-623-20260926-5x,0
peterson/constrained/safety2.trace,b0e4f9a20b668fc055c5,peterson,required,18,2,OPTIMAL,0,5,1,unsat,0.3260978399994201,,6eee2bb16fb04d5444516f51dfc5b9388718e3cd2f88fe1aed51f5c1ebbab543,,0,rq1-exact-623-20260926-5x,0
peterson/constrained/safety2.trace,b0e4f9a20b668fc055c5,peterson,required,18,2,OPTIMAL,0,5,2,unsat,0.8965760160008358,,ed00dc5286d090ceb2548e16d0799f572e6f926d73889f97bcf74965f6a038a5,,0,rq1-exact-623-20260926-5x,0
peterson/constrained/safety2.trace,b0e4f9a20b668fc055c5,peterson,required,18,2,OPTIMAL,0,5,3,unsat,1.5661838959986198,,7348e31ac1e2b6208312e2b516b1fafad04ea5c55dc22e2c8f69a2971e6a4cdd,,0,rq1-exact-623-20260926-5x,0
peterson/constrained/safety2.trace,b0e4f9a20b668fc055c5,peterson,required,18,2,OPTIMAL,0,5,4,unsat,2.4839156399993954,,25cdc01682029242c622f55a87ad47a6a6d01796bd470a069fc5799299d7df71,,0,rq1-exact-623-20260926-5x,0
peterson/constrained/safety2.trace,b0e4f9a20b668fc055c5,peterson,required,18,2,OPTIMAL,0,5,5,sat,3.706151153999599,,8454e40320a2ac7889cad76cd47fd5f78810d1c328278c63deb29552691fa80b,6e7c43c5b4040a094c26a59233ef83edadd804bab75fd9bc3d5675024f065bb1,0,rq1-exact-623-20260926-5x,0
peterson/constrained/safety3.trace,aecc3323e63adc79c2e9,peterson,required,18,2,OPTIMAL,0,5,1,unsat,0.33128323199889564,,7287fbb2e84310755c5541fa58161e1544000841a879251a22ecbd43b204836e,,0,rq1-exact-623-20260926-5x,0
peterson/constrained/safety3.trace,aecc3323e63adc79c2e9,peterson,required,18,2,OPTIMAL,0,5,2,unsat,0.9130977620006888,,9065b05b9954950c4092b9a86bb92d069f3f6a6d9478316ae87a6e713ee0bec5,,0,rq1-exact-623-20260926-5x,0
peterson/constrained/safety3.trace,aecc3323e63adc79c2e9,peterson,required,18,2,OPTIMAL,0,5,3,unsat,1.6462887790003151,,6254756f3533cf0f5e54ef5a4a2c18a8a0768831ccee4d93245ca5998a186b23,,0,rq1-exact-623-20260926-5x,0
peterson/constrained/safety3.trace,aecc3323e63adc79c2e9,peterson,required,18,2,OPTIMAL,0,5,4,unsat,2.4966749289997097,,8c2372c36ab325b4dd8b94143ef14806a9812259cb0bc950a9e3e869e008bac3,,0,rq1-exact-623-20260926-5x,0
peterson/constrained/safety3.trace,aecc3323e63adc79c2e9,peterson,required,18,2,OPTIMAL,0,5,5,sat,3.5927167650006595,,2a1f59843c6244ffd2a8779c011af4dd53d89adf143359f6565afa414ec1adeb,6e7c43c5b4040a094c26a59233ef83edadd804bab75fd9bc3d5675024f065bb1,0,rq1-exact-623-20260926-5x,0
peterson/constrained/safety4.trace,7126c463df8e3493c784,peterson,required,18,2,OPTIMAL,0,5,1,unsat,0.3272065159999329,,5d32f972e270e46b3e12fe8e6836bcee90482ac7b771f3e97be6b70f987c5826,,0,rq1-exact-623-20260926-5x,0
peterson/constrained/safety4.trace,7126c463df8e3493c784,peterson,required,18,2,OPTIMAL,0,5,2,unsat,0.9000333389994921,,6327fe42119f561460ac09c7b2204f782bbee1248b332f53a6de82c1cf6436ac,,0,rq1-exact-623-20260926-5x,0
peterson/constrained/safety4.trace,7126c463df8e3493c784,peterson,required,18,2,OPTIMAL,0,5,3,unsat,1.5830958930000634,,ac2d165a4af2fea82e9694d3c83f11851b7c9c48b96f4026f9d9926a4f2cdb06,,0,rq1-exact-623-20260926-5x,0
peterson/constrained/safety4.trace,7126c463df8e3493c784,peterson,required,18,2,OPTIMAL,0,5,4,unsat,2.487890074999086,,677e9946de66d0534fd562a24cb838e406df1026952d266f26b8c172c6da22d9,,0,rq1-exact-623-20260926-5x,0
peterson/constrained/safety4.trace,7126c463df8e3493c784,peterson,required,18,2,OPTIMAL,0,5,5,sat,3.5419406590008293,,796d13751772f2db2acd6094efddef1b7ec861655a62fef67d03e493d53775bc,228d267837b05e3dd36621c6e779dca686db1cff90cf5e7d889646d2eb805327,0,rq1-exact-623-20260926-5x,0
peterson/constrained/safety5.trace,737f1c685f8c68d646fb,peterson,required,18,2,OPTIMAL,0,5,1,unsat,0.3198074749998341,,1359ccd1905068cc1d1b75748b24845fc2b9e589de17964212b1c4ea97c66087,,0,rq1-exact-623-20260926-5x,0
peterson/constrained/safety5.trace,737f1c685f8c68d646fb,peterson,required,18,2,OPTIMAL,0,5,2,unsat,0.8827805840010114,,aa95975f0bf892d862faeaba986fa9d4db149e4a76f47e5df0a5015e84645269,,0,rq1-exact-623-20260926-5x,0
peterson/constrained/safety5.trace,737f1c685f8c68d646fb,peterson,required,18,2,OPTIMAL,0,5,3,unsat,1.5319374489990878,,bb552d7924290e615695d1d9fc6b0d324ec55c87fa932091e876639a6c8c4d08,,0,rq1-exact-623-20260926-5x,0
peterson/constrained/safety5.trace,737f1c685f8c68d646fb,peterson,required,18,2,OPTIMAL,0,5,4,unsat,2.4196136190003017,,15c88fc23284649d2e4b21c70297e7fc7915dc58bd8584a729e02d885bd03bc5,,0,rq1-exact-623-20260926-5x,0
peterson/constrained/safety5.trace,737f1c685f8c68d646fb,peterson,required,18,2,OPTIMAL,0,5,5,sat,3.6372898270001315,,1f0d83268da46151d91fff2d02bb9c998e8f989a3da3a6ea9598e48b03af496b,87900176e16a6af04b9e7b30defd9422d5244f88eb158cecba4ffd9a67a79a23,0,rq1-exact-623-20260926-5x,0
peterson/extra_traces/liveness1.trace,d632cec3ee39cbf92b31,peterson,required,18,2,OPTIMAL,0,5,1,unsat,0.4227796880004462,,54911f2d8df5b0bb788d9ee6c401e923135b5afdafacdd712fe124dd590515b6,,0,rq1-exact-623-20260926-5x,0
peterson/extra_traces/liveness1.trace,d632cec3ee39cbf92b31,peterson,required,18,2,OPTIMAL,0,5,2,unsat,1.1623697899995022,,e05d05f46755c7a45d06b8fdcaa69476d97844b8e27a949a0c259d45c1b4a740,,0,rq1-exact-623-20260926-5x,0
peterson/extra_traces/liveness1.trace,d632cec3ee39cbf92b31,peterson,required,18,2,OPTIMAL,0,5,3,unsat,2.0369696779998776,,45aef61d14b3852f2b8ada1941b479e741d6bbe03dd656fb0ad2f40e16b02131,,0,rq1-exact-623-20260926-5x,0
peterson/extra_traces/liveness1.trace,d632cec3ee39cbf92b31,peterson,required,18,2,OPTIMAL,0,5,4,unsat,3.1799509520005813,,19d7baccd3e9df41bf4a18bb38c1e3d937c82266d508fc6197790622af272da4,,0,rq1-exact-623-20260926-5x,0
peterson/extra_traces/liveness1.trace,d632cec3ee39cbf92b31,peterson,required,18,2,OPTIMAL,0,5,5,sat,4.560023331998309,,960eaef333779f586caab528eb39dbcd55c0e963fe1ac0ae0f3fdaeb262259e7,453259842d3e4cb4d4a5d6ef4610140e13014545060e5af2e6706751d79aaee4,0,rq1-exact-623-20260926-5x,0
peterson/extra_traces/liveness2.trace,8fe71c6f9f74b31bd64d,peterson,required,18,2,OPTIMAL,0,5,1,unsat,0.42197945800035086,,ebc0cef697a4642206d55cde684e7b5e173d54125ab8787d154d89eb3eee4c4b,,0,rq1-exact-623-20260926-5x,0
peterson/extra_traces/liveness2.trace,8fe71c6f9f74b31bd64d,peterson,required,18,2,OPTIMAL,0,5,2,unsat,1.1541314930000226,,99fc6496d441cf19156462cbeebbb18303023d67cfba121b8cf18457dd8a684e,,0,rq1-exact-623-20260926-5x,0
peterson/extra_traces/liveness2.trace,8fe71c6f9f74b31bd64d,peterson,required,18,2,OPTIMAL,0,5,3,unsat,2.0238095100012288,,d1d93b054f6a45760339ceaae071ae535d5c7aff409a04ef648b4d11db5bcd8b,,0,rq1-exact-623-20260926-5x,0
peterson/extra_traces/liveness2.trace,8fe71c6f9f74b31bd64d,peterson,required,18,2,OPTIMAL,0,5,4,unsat,3.172558389000187,,f8a92a0768083a5aba4f2d5bce13a1f70bcf1466c5798405286bafb7b0201ecb,,0,rq1-exact-623-20260926-5x,0
peterson/extra_traces/liveness2.trace,8fe71c6f9f74b31bd64d,peterson,required,18,2,OPTIMAL,0,5,5,sat,4.584830990999762,,c64305fd69612636bc1d6067b67db65a09283b61a1af77c51b9af5e74c92e0c2,0ad4d590bb484b67388f5f59c7910c9913ae73a8bc3df425940c951663e0ab27,0,rq1-exact-623-20260926-5x,0
peterson/extra_traces/liveness3.trace,9e5cc7483eb166800552,peterson,required,18,2,OPTIMAL,0,5,1,unsat,0.4294996409989835,,68ec5732ba44744ddb8942f35d1c0bc8ae3116b5ba07bc0e7a78a68f2773ce8d,,0,rq1-exact-623-20260926-5x,0
peterson/extra_traces/liveness3.trace,9e5cc7483eb166800552,peterson,required,18,2,OPTIMAL,0,5,2,unsat,1.173865704000491,,377957bcab83088b864581901527e634f9aa8237eaef30568a9c5fa636bedc77,,0,rq1-exact-623-20260926-5x,0
peterson/extra_traces/liveness3.trace,9e5cc7483eb166800552,peterson,required,18,2,OPTIMAL,0,5,3,unsat,2.050944915999935,,463cae5a5907174efb4646a1aa46312d6aecdfa098540b8cd5d2a44cae94c170,,0,rq1-exact-623-20260926-5x,0
peterson/extra_traces/liveness3.trace,9e5cc7483eb166800552,peterson,required,18,2,OPTIMAL,0,5,4,unsat,3.2136768010004744,,29c5fd525d053bba33867e48e1e4c152585dd53af4a73e99defcba968e579f7e,,0,rq1-exact-623-20260926-5x,0
peterson/extra_traces/liveness3.trace,9e5cc7483eb166800552,peterson,required,18,2,OPTIMAL,0,5,5,sat,4.609715145999871,,cfdec8d1f1dbe30b881dca49b6fdd0889bdb3fad564942fd30962b0091d6009b,0ad4d590bb484b67388f5f59c7910c9913ae73a8bc3df425940c951663e0ab27,0,rq1-exact-623-20260926-5x,0
peterson/extra_traces/liveness4.trace,76fe95162dce52e49b57,peterson,required,18,2,OPTIMAL,0,5,1,unsat,0.422273400999984,,22f0b582ae108799519ee5c4263342e90758d4f04a79ddf0c60f2fbbca6428d1,,0,rq1-exact-623-20260926-5x,0
peterson/extra_traces/liveness4.trace,76fe95162dce52e49b57,peterson,required,18,2,OPTIMAL,0,5,2,unsat,1.1613681559992983,,e28172b06282bc26e4383a13a4e4fa60810998a5a1681b2ba3ba57fb480f5e52,,0,rq1-exact-623-20260926-5x,0
peterson/extra_traces/liveness4.trace,76fe95162dce52e49b57,peterson,required,18,2,OPTIMAL,0,5,3,unsat,2.0311323730002186,,1fe2d8859d1098acc3c1defbf58a2bd263cd6958871e4af0850ffd342452e9fe,,0,rq1-exact-623-20260926-5x,0
peterson/extra_traces/liveness4.trace,76fe95162dce52e49b57,peterson,required,18,2,OPTIMAL,0,5,4,unsat,3.1706360509997467,,daf0386ba77db0f04abbe42acb3f65770f8053f2dcc665031685d1c4f8b483d1,,0,rq1-exact-623-20260926-5x,0
peterson/extra_traces/liveness4.trace,76fe95162dce52e49b57,peterson,required,18,2,OPTIMAL,0,5,5,sat,4.550976704000277,,76f68e543e314d6d9d83430c7a61c20085f8ee5f449c09baeb01fde903013bba,bdc05e3523623991981155b841bc41f26a772f9118a478b5d7f9921845eca92a,0,rq1-exact-623-20260926-5x,0
peterson/extra_traces/liveness5.trace,f1b4986a7263db78b46c,peterson,required,18,2,OPTIMAL,0,5,1,unsat,0.42289302199969825,,22f0b582ae108799519ee5c4263342e90758d4f04a79ddf0c60f2fbbca6428d1,,0,rq1-exact-623-20260926-5x,0
peterson/extra_traces/liveness5.trace,f1b4986a7263db78b46c,peterson,required,18,2,OPTIMAL,0,5,2,unsat,1.1639284930006397,,e28172b06282bc26e4383a13a4e4fa60810998a5a1681b2ba3ba57fb480f5e52,,0,rq1-exact-623-20260926-5x,0
peterson/extra_traces/liveness5.trace,f1b4986a7263db78b46c,peterson,required,18,2,OPTIMAL,0,5,3,unsat,2.025595823000913,,1fe2d8859d1098acc3c1defbf58a2bd263cd6958871e4af0850ffd342452e9fe,,0,rq1-exact-623-20260926-5x,0
peterson/extra_traces/liveness5.trace,f1b4986a7263db78b46c,peterson,required,18,2,OPTIMAL,0,5,4,unsat,3.1881866629992146,,daf0386ba77db0f04abbe42acb3f65770f8053f2dcc665031685d1c4f8b483d1,,0,rq1-exact-623-20260926-5x,0
peterson/extra_traces/liveness5.trace,f1b4986a7263db78b46c,peterson,required,18,2,OPTIMAL,0,5,5,sat,4.505530328000532,,76f68e543e314d6d9d83430c7a61c20085f8ee5f449c09baeb01fde903013bba,bdc05e3523623991981155b841bc41f26a772f9118a478b5d7f9921845eca92a,0,rq1-exact-623-20260926-5x,0
peterson/extra_traces/safety1.trace,bb5a7babc59ad95167c0,peterson,required,18,2,OPTIMAL,0,5,1,unsat,0.4219853129998228,,ae2a4a1f9209d4b60c149253c64c93affb24e88a409d0b7f17ba60e98f46849b,,0,rq1-exact-623-20260926-5x,0
peterson/extra_traces/safety1.trace,bb5a7babc59ad95167c0,peterson,required,18,2,OPTIMAL,0,5,2,unsat,1.172237385999324,,f545719ea163ef341cb8d216161714634fcead2434c29ab2223382978dcda86c,,0,rq1-exact-623-20260926-5x,0
peterson/extra_traces/safety1.trace,bb5a7babc59ad95167c0,peterson,required,18,2,OPTIMAL,0,5,3,unsat,2.0531463970000914,,d70022da53cf98b187cbe88b1e8961bd59941974c422751b27760ba674170c55,,0,rq1-exact-623-20260926-5x,0
peterson/extra_traces/safety1.trace,bb5a7babc59ad95167c0,peterson,required,18,2,OPTIMAL,0,5,4,unsat,3.2358762939984445,,69cfccac6ef6902f92fd3bcd85238a54d2f9a9865dbeeb241f7a023986570f21,,0,rq1-exact-623-20260926-5x,0
peterson/extra_traces/safety1.trace,bb5a7babc59ad95167c0,peterson,required,18,2,OPTIMAL,0,5,5,sat,4.642058232000636,,ec459a15339107bce80ceeebad7e48419fb322bc54232ec3a6f1513a3f645b76,82fa4641fa59f6ebfc06325cdc6c491a4a980d12e538018b4e69c503714b3d2d,0,rq1-exact-623-20260926-5x,0
peterson/extra_traces/safety2.trace,5ec7cf5ab45aebf23432,peterson,required,18,2,OPTIMAL,0,5,1,unsat,0.4206436320000648,,09b804254141230db056763ebfab64d932b86b413703549f2bb2b702803ff7e4,,0,rq1-exact-623-20260926-5x,0
peterson/extra_traces/safety2.trace,5ec7cf5ab45aebf23432,peterson,required,18,2,OPTIMAL,0,5,2,unsat,1.1740210110001499,,a6a4cb78ade03558e6f5ae647aa794bc274b452faf7dc241bee7d9fee73a499a,,0,rq1-exact-623-20260926-5x,0
peterson/extra_traces/safety2.trace,5ec7cf5ab45aebf23432,peterson,required,18,2,OPTIMAL,0,5,3,unsat,2.038748339000449,,7d1b4af1314875fd93328a09b878d18e411971316db4c0fa14235202577eed92,,0,rq1-exact-623-20260926-5x,0
peterson/extra_traces/safety2.trace,5ec7cf5ab45aebf23432,peterson,required,18,2,OPTIMAL,0,5,4,unsat,3.2164237839988346,,2516346eadab88a1f04b53e2d36d8504e3b84b21fd9a85c9f9f6b39f3275bbf4,,0,rq1-exact-623-20260926-5x,0
peterson/extra_traces/safety2.trace,5ec7cf5ab45aebf23432,peterson,required,18,2,OPTIMAL,0,5,5,sat,4.650715067000419,,68856dd18a299a17068fcd020518ed137f8c684f27b1c1f12b60b150916a32ce,c76be56cc8e0f8785311a088b1a503e314d620211356213c9a97425ef699fdb4,0,rq1-exact-623-20260926-5x,0
peterson/extra_traces/safety3.trace,3a19b01cc3a433f0f33b,peterson,required,18,2,OPTIMAL,0,5,1,unsat,0.4309436570001708,,54b1ce56ea4ecc3746ab9266a19650550147bd535acb873fab8890641a44a784,,0,rq1-exact-623-20260926-5x,0
peterson/extra_traces/safety3.trace,3a19b01cc3a433f0f33b,peterson,required,18,2,OPTIMAL,0,5,2,unsat,1.2075182029984717,,b2b8bbb79c687bf88a8585c1c38dd929abc7274774b6443dac7edfac83866438,,0,rq1-exact-623-20260926-5x,0
peterson/extra_traces/safety3.trace,3a19b01cc3a433f0f33b,peterson,required,18,2,OPTIMAL,0,5,3,unsat,2.095656216999487,,687cd349b8e29d2704831fc292665314b3f2938de22f04e5d073e9c129eef712,,0,rq1-exact-623-20260926-5x,0
peterson/extra_traces/safety3.trace,3a19b01cc3a433f0f33b,peterson,required,18,2,OPTIMAL,0,5,4,unsat,3.2833707429999777,,6d7a3937c8fde5f648156b0ee8d5914d0742e6997e0b67a5164098aee4ce9fac,,0,rq1-exact-623-20260926-5x,0
peterson/extra_traces/safety3.trace,3a19b01cc3a433f0f33b,peterson,required,18,2,OPTIMAL,0,5,5,sat,4.688782409999476,,5b9523a72f86cec9c8d74a3ce5540956502cd0e815ee1318a2be080948e9658b,0a7c298a133ad6d30e262293a4e073cf27c984e0b492e03ff57dd02fa139000d,0,rq1-exact-623-20260926-5x,0
peterson/extra_traces/safety4.trace,ca8f9fd932ce6a1734f4,peterson,required,18,2,OPTIMAL,0,5,1,unsat,0.43164570599947183,,ed6219c6c68253798d6ab3c913d52e86540b9f49d9b034ab20e877a37421bcbd,,0,rq1-exact-623-20260926-5x,0
peterson/extra_traces/safety4.trace,ca8f9fd932ce6a1734f4,peterson,required,18,2,OPTIMAL,0,5,2,unsat,1.1948208829999203,,4ee90f0b0625c9c062dad9bdd0130a7e109708ed0f728bda4456abaf3b325936,,0,rq1-exact-623-20260926-5x,0
peterson/extra_traces/safety4.trace,ca8f9fd932ce6a1734f4,peterson,required,18,2,OPTIMAL,0,5,3,unsat,2.080464168000617,,a66061d83f2109cbcc48c380547b700c6d1803e3048ee30b5c3bb7e3b9cc69dd,,0,rq1-exact-623-20260926-5x,0
peterson/extra_traces/safety4.trace,ca8f9fd932ce6a1734f4,peterson,required,18,2,OPTIMAL,0,5,4,unsat,3.2618528849998256,,0a60b05453e228e79498da2d1e6ea8b45653f6b5f353071e022195907e877bd9,,0,rq1-exact-623-20260926-5x,0
peterson/extra_traces/safety4.trace,ca8f9fd932ce6a1734f4,peterson,required,18,2,OPTIMAL,0,5,5,sat,4.7215473809992545,,89af3577a949c915c450eb6f165182abff321aea37ad1bdebb13ee5a8cd16daf,e79eefa0be105e2b7158644adb4e2dcbf28ddb971ff9b17a5271020818418412,0,rq1-exact-623-20260926-5x,0
peterson/extra_traces/safety5.trace,789b515b651b46c94266,peterson,required,18,2,OPTIMAL,0,5,1,unsat,0.4278095299996494,,ed6219c6c68253798d6ab3c913d52e86540b9f49d9b034ab20e877a37421bcbd,,0,rq1-exact-623-20260926-5x,0
peterson/extra_traces/safety5.trace,789b515b651b46c94266,peterson,required,18,2,OPTIMAL,0,5,2,unsat,1.2075902779997705,,4ee90f0b0625c9c062dad9bdd0130a7e109708ed0f728bda4456abaf3b325936,,0,rq1-exact-623-20260926-5x,0
peterson/extra_traces/safety5.trace,789b515b651b46c94266,peterson,required,18,2,OPTIMAL,0,5,3,unsat,2.115252943000087,,a66061d83f2109cbcc48c380547b700c6d1803e3048ee30b5c3bb7e3b9cc69dd,,0,rq1-exact-623-20260926-5x,0
peterson/extra_traces/safety5.trace,789b515b651b46c94266,peterson,required,18,2,OPTIMAL,0,5,4,unsat,3.3202996679992793,,0a60b05453e228e79498da2d1e6ea8b45653f6b5f353071e022195907e877bd9,,0,rq1-exact-623-20260926-5x,0
peterson/extra_traces/safety5.trace,789b515b651b46c94266,peterson,required,18,2,OPTIMAL,0,5,5,sat,4.927207384000212,,89af3577a949c915c450eb6f165182abff321aea37ad1bdebb13ee5a8cd16daf,e79eefa0be105e2b7158644adb4e2dcbf28ddb971ff9b17a5271020818418412,0,rq1-exact-623-20260926-5x,0
robot/RAtrace/final21.trace,3ffb9939f106bdcb7990,robot,repair,2050,2,OPTIMAL,5,9,1,unsat,0.06021441899997626,,8f183b54df276c1f01c5ca89df4805123d2b2858b00992d99c7a09dde874e4d6,,5,rq1-exact-623-20260926-5x,0
robot/RAtrace/final21.trace,3ffb9939f106bdcb7990,robot,repair,2050,2,OPTIMAL,5,9,2,unsat,0.19984722699996382,,89e2cc37441245269dd5134ea5865ffb8036d622fe0d0d781582ae5375deebb3,,5,rq1-exact-623-20260926-5x,0
robot/RAtrace/final21.trace,3ffb9939f106bdcb7990,robot,repair,2050,2,OPTIMAL,5,9,3,unsat,0.41877937599997495,,16ddef4e813448f1c2c5dcd08aab32a4989422ed1932bd9a2a7e36a7819f137e,,5,rq1-exact-623-20260926-5x,0
robot/RAtrace/final21.trace,3ffb9939f106bdcb7990,robot,repair,2050,2,OPTIMAL,5,9,4,unsat,0.6919657220000772,,a54a82eeb82007fba905057e949784fe98e54de10686ea027680cce314e372f1,,5,rq1-exact-623-20260926-5x,0
robot/RAtrace/final21.trace,3ffb9939f106bdcb7990,robot,repair,2050,2,OPTIMAL,5,9,5,unsat,1.0357982479999919,,1d52438decbd7bf173381989062bda1c0ad85f234e1e5c3ee13094e17a5e7dda,,5,rq1-exact-623-20260926-5x,0
robot/RAtrace/final21.trace,3ffb9939f106bdcb7990,robot,repair,2050,2,OPTIMAL,5,9,6,unsat,1.4407228459999715,,26355e952986d6dac025552d8b79471eab84ebb534b479307cc0a77172dd2019,,5,rq1-exact-623-20260926-5x,0
robot/RAtrace/final21.trace,3ffb9939f106bdcb7990,robot,repair,2050,2,OPTIMAL,5,9,7,unsat,2.021632770999986,,451d3ad18536ad1a6f050719b672e272118be41f0e60d1fc5b2e3fef0e0ba3d4,,5,rq1-exact-623-20260926-5x,0
robot/RAtrace/final21.trace,3ffb9939f106bdcb7990,robot,repair,2050,2,OPTIMAL,5,9,8,unsat,2.924092714000153,,4f3afb0eb50748c6ad4f835f0ee3221b42206719d9814a36c5321a67785b8333,,5,rq1-exact-623-20260926-5x,0
robot/RAtrace/final21.trace,3ffb9939f106bdcb7990,robot,repair,2050,2,OPTIMAL,5,9,9,sat,3.158626298999934,,e9e191ab5f85d277a585de1deb8c7fa438541a4627b33c64b4290b739f648468,9d78c43146f601e71a9532e057211632f744df121668f882df8082d4ad0322ca,5,rq1-exact-623-20260926-5x,0
robot/RAtrace/final22.trace,38bfcd4b828d2a989b03,robot,repair,2050,2,OPTIMAL,5,9,1,unsat,0.06921887799762771,,d29ce1ed7715ef3af0e1c7b7e8e5653fb55776960afe4d065da688bbc3c53c39,,5,rq1-exact-623-20260926-5x,0
robot/RAtrace/final22.trace,38bfcd4b828d2a989b03,robot,repair,2050,2,OPTIMAL,5,9,2,unsat,0.23571990400159848,,b24570042d24b8aad4f164f8a52275f61415a66f2e012b8212aaa9ce535b48eb,,5,rq1-exact-623-20260926-5x,0
robot/RAtrace/final22.trace,38bfcd4b828d2a989b03,robot,repair,2050,2,OPTIMAL,5,9,3,unsat,0.49171738999939407,,87f6604d2f7cf05acb45e6da32179830bcedcc29d2a461fd1e03cf9a470e56b3,,5,rq1-exact-623-20260926-5x,0
robot/RAtrace/final22.trace,38bfcd4b828d2a989b03,robot,repair,2050,2,OPTIMAL,5,9,4,unsat,0.8148536410008091,,bf6b5f00b44578abf75dcfda56416810d9b53245888e2e00cfe35c1da46af1cc,,5,rq1-exact-623-20260926-5x,0
robot/RAtrace/final22.trace,38bfcd4b828d2a989b03,robot,repair,2050,2,OPTIMAL,5,9,5,unsat,1.2045144889998483,,b7c3d68544b6d278c12fbd7a477ac3b42862d109a03eebf23742e004ceede193,,5,rq1-exact-623-20260926-5x,0
robot/RAtrace/final22.trace,38bfcd4b828d2a989b03,robot,repair,2050,2,OPTIMAL,5,9,6,unsat,1.7636668410013954,,7d4e49a1c8b16db63611d737f461d28ffc61b873ba635ea61c2624531ceb750a,,5,rq1-exact-623-20260926-5x,0
robot/RAtrace/final22.trace,38bfcd4b828d2a989b03,robot,repair,2050,2,OPTIMAL,5,9,7,unsat,2.3711245829981635,,11d5daf02479e5df655e17c346fa9afa74e3c94d15766f165d453c0dd193a973,,5,rq1-exact-623-20260926-5x,0
robot/RAtrace/final22.trace,38bfcd4b828d2a989b03,robot,repair,2050,2,OPTIMAL,5,9,8,unsat,3.316873931998998,,b1f08c0b04226e8e313a3ba96f8a143fb4c78ebacf6b7d30288da6c122a1366a,,5,rq1-exact-623-20260926-5x,0
robot/RAtrace/final22.trace,38bfcd4b828d2a989b03,robot,repair,2050,2,OPTIMAL,5,9,9,sat,3.6869750330006354,,126b4bd3c902518e0084cc5105fd00b2d0479abff2154d9d4c3ed153e09fc7fe,b4857e1218efd8c7fb0fef4f598d87ba3a1146769870f3246c11c53a78bd3ee6,5,rq1-exact-623-20260926-5x,0
robot/RAtrace/final3.trace,f222f931632022e55c8f,robot,repair,2050,2,OPTIMAL,5,9,1,unsat,0.05696743500084267,,5eab9838e3f5977eaa6713ddf81d88cd6f276804bed18ef333177b257a8f7a9b,,5,rq1-exact-623-20260926-5x,0
robot/RAtrace/final3.trace,f222f931632022e55c8f,robot,repair,2050,2,OPTIMAL,5,9,2,unsat,0.17789295600232435,,919eb7a99c3ea8ab7f2f933ad44eb8921734b7596fcf72cb677eb22b7ddfee1e,,5,rq1-exact-623-20260926-5x,0
robot/RAtrace/final3.trace,f222f931632022e55c8f,robot,repair,2050,2,OPTIMAL,5,9,3,unsat,0.37075732100129244,,f4bb92508c097580a96833e1fa314ab5b2a79ca8ccea1ef4340a5ec69562f85c,,5,rq1-exact-623-20260926-5x,0
robot/RAtrace/final3.trace,f222f931632022e55c8f,robot,repair,2050,2,OPTIMAL,5,9,4,unsat,0.6111282300007588,,fd8795307d0033eebed8b63fa8680cfd970934baef8a6fec1e7e61da915ebf96,,5,rq1-exact-623-20260926-5x,0
robot/RAtrace/final3.trace,f222f931632022e55c8f,robot,repair,2050,2,OPTIMAL,5,9,5,unsat,0.9141830480002682,,1a81bc2ae1edbcbd9b1a107e6d4088ecbbb0a72102e499ce53aed2e6b5998e16,,5,rq1-exact-623-20260926-5x,0
robot/RAtrace/final3.trace,f222f931632022e55c8f,robot,repair,2050,2,OPTIMAL,5,9,6,unsat,1.2991342269997403,,9036882153bb47c31c6b16f12e5fb676e7498fa05da9588067c0b04667a32d7e,,5,rq1-exact-623-20260926-5x,0
robot/RAtrace/final3.trace,f222f931632022e55c8f,robot,repair,2050,2,OPTIMAL,5,9,7,unsat,1.7624150040028326,,877e3b7f27560a79029a2a08f59dc4dd5e3c401f2cfadc54797b0cc7c73e3138,,5,rq1-exact-623-20260926-5x,0
robot/RAtrace/final3.trace,f222f931632022e55c8f,robot,repair,2050,2,OPTIMAL,5,9,8,unsat,2.556330480001634,,af0c102ebabe1f4c155e101f04715db8781d5349c29db778205b20e87aafb7fe,,5,rq1-exact-623-20260926-5x,0
robot/RAtrace/final3.trace,f222f931632022e55c8f,robot,repair,2050,2,OPTIMAL,5,9,9,sat,2.8785209080015193,,9a9d2ee93e5189f3df221ebca5b4f05a5fc887c1e9e9d73cbf01fbb9823e7812,921ee255bc1a95723163df18dfc1edead25be369acd1cef2146bafc87cdb977e,5,rq1-exact-623-20260926-5x,0
robot/RAtrace/final4.trace,9d1a01c3fac0f7ecb545,robot,repair,2050,2,OPTIMAL,5,9,1,unsat,0.07536251599958632,,c3f7448fdb29ec0153f9afa16a525a88e4e9659e8248e236986c232bd1b5071a,,5,rq1-exact-623-20260926-5x,0
robot/RAtrace/final4.trace,9d1a01c3fac0f7ecb545,robot,repair,2050,2,OPTIMAL,5,9,2,unsat,0.2617237380000006,,b92bf94c37e949888f4c96c0c23598d0400bce977ac10043ba85838d4c7103ff,,5,rq1-exact-623-20260926-5x,0
robot/RAtrace/final4.trace,9d1a01c3fac0f7ecb545,robot,repair,2050,2,OPTIMAL,5,9,3,unsat,0.546624291997432,,e56f2fa93303e264d42af9805fd6c97f7ab9053f91e710f50a963f68c0a2ccda,,5,rq1-exact-623-20260926-5x,0
robot/RAtrace/final4.trace,9d1a01c3fac0f7ecb545,robot,repair,2050,2,OPTIMAL,5,9,4,unsat,0.9191504179980257,,37286edb220298df9c2021bb5c769aa92ddc7fbbf28c7b2b623ef71c3118fdd1,,5,rq1-exact-623-20260926-5x,0
robot/RAtrace/final4.trace,9d1a01c3fac0f7ecb545,robot,repair,2050,2,OPTIMAL,5,9,5,unsat,1.3746096210015821,,6795e84b76fec1686776978caae987e4e037ed0136e10e94f280fc58e41454a0,,5,rq1-exact-623-20260926-5x,0
robot/RAtrace/final4.trace,9d1a01c3fac0f7ecb545,robot,repair,2050,2,OPTIMAL,5,9,6,unsat,1.9517824149988883,,1824ef2875bc82cfe293b346a549b66aa03f33987933337c8c0ccaea23d720b2,,5,rq1-exact-623-20260926-5x,0
robot/RAtrace/final4.trace,9d1a01c3fac0f7ecb545,robot,repair,2050,2,OPTIMAL,5,9,7,unsat,2.7348259360005613,,5b31abc6a60e368d386945f87b8690c270d7aec3fa50ace20c539a452f44500b,,5,rq1-exact-623-20260926-5x,0
robot/RAtrace/final4.trace,9d1a01c3fac0f7ecb545,robot,repair,2050,2,OPTIMAL,5,9,8,unsat,3.8900566330012225,,dfe50f6ea14fb3241ccf1271dddc6800e31f41f095f9a88404aba11a583ca71b,,5,rq1-exact-623-20260926-5x,0
robot/RAtrace/final4.trace,9d1a01c3fac0f7ecb545,robot,repair,2050,2,OPTIMAL,5,9,9,sat,4.37392590699892,,90ed11dd2cdce1e179661604685a1dc9c5ad2240b4163ae772d597dca7fd5f8c,f85e101f4c12348965a06172a82ca33e68c491a4f21dedb6e3ef5238b7bf7233,5,rq1-exact-623-20260926-5x,0
robot/RAtrace/final42.trace,2aeee502621873343295,robot,repair,2050,2,OPTIMAL,5,9,1,unsat,0.0676163300013286,,a8252fe0fc1a01534433d1af339478f2bd0432173dc07455e8564d906d73f419,,5,rq1-exact-623-20260926-5x,0
robot/RAtrace/final42.trace,2aeee502621873343295,robot,repair,2050,2,OPTIMAL,5,9,2,unsat,0.22787700099797803,,7af681ec93d7250fd77603f7bce50eae53909d31ea56ef43ce4f0d235396f659,,5,rq1-exact-623-20260926-5x,0
robot/RAtrace/final42.trace,2aeee502621873343295,robot,repair,2050,2,OPTIMAL,5,9,3,unsat,0.47371397899769363,,714e2edb9e65918ebe33847def1934fb0a42c6722d5be3cbfffd08753e090104,,5,rq1-exact-623-20260926-5x,0
robot/RAtrace/final42.trace,2aeee502621873343295,robot,repair,2050,2,OPTIMAL,5,9,4,unsat,0.7886958679991949,,392dc748bb378ee470b03b60ba37b4e15cc363ebf6c40c1186e24fa57ba74cf6,,5,rq1-exact-623-20260926-5x,0
robot/RAtrace/final42.trace,2aeee502621873343295,robot,repair,2050,2,OPTIMAL,5,9,5,unsat,1.1841623630025424,,b9f666de7c2db8ae2bd1529f8abefd664ff26f208a7f886f12b816c87daa3052,,5,rq1-exact-623-20260926-5x,0
robot/RAtrace/final42.trace,2aeee502621873343295,robot,repair,2050,2,OPTIMAL,5,9,6,unsat,1.673964244000672,,b2d60a19007b603dfe0efe8347d93a10caa42ac40b51d457d0c5366f966554f1,,5,rq1-exact-623-20260926-5x,0
robot/RAtrace/final42.trace,2aeee502621873343295,robot,repair,2050,2,OPTIMAL,5,9,7,unsat,2.314290987000277,,5e9aefdc778ef9b36929a1f8f3776e427cf6ad1dce50293b61345d14637efc8b,,5,rq1-exact-623-20260926-5x,0
robot/RAtrace/final42.trace,2aeee502621873343295,robot,repair,2050,2,OPTIMAL,5,9,8,unsat,3.3403616410032555,,6beda6fcd48d0c2f89800f564c3d446a74177b46a8968d50a5cfe9caee66609a,,5,rq1-exact-623-20260926-5x,0
robot/RAtrace/final42.trace,2aeee502621873343295,robot,repair,2050,2,OPTIMAL,5,9,9,sat,3.605946951000078,,352ce14a940cc447711907776f97dc6572ad94c324aa1b8d7396af08937c4857,6d0c86174c2fae4bfee0eeac037ef1b478d4f494767bf15069c8b65eafe1f96e,5,rq1-exact-623-20260926-5x,0
robot/RAtrace/final43.trace,f50acc9cc66c6bce4788,robot,repair,2050,2,OPTIMAL,5,9,1,unsat,0.07111211200026446,,5e2f539284125d7df1c322475b06e458262f0aea2adb370d555ffbc8c482c324,,5,rq1-exact-623-20260926-5x,0
robot/RAtrace/final43.trace,f50acc9cc66c6bce4788,robot,repair,2050,2,OPTIMAL,5,9,2,unsat,0.23980141100037144,,5b266acdd95f9e96a62ec0a5e38be576119979bab557a8ea6f6b27c54e7aab99,,5,rq1-exact-623-20260926-5x,0
robot/RAtrace/final43.trace,f50acc9cc66c6bce4788,robot,repair,2050,2,OPTIMAL,5,9,3,unsat,0.5069978060000722,,37a896a1a9df918ee1f54f0561ca4f0065fe523744b3b65151b81365e49b443c,,5,rq1-exact-623-20260926-5x,0
robot/RAtrace/final43.trace,f50acc9cc66c6bce4788,robot,repair,2050,2,OPTIMAL,5,9,4,unsat,0.8437445979998301,,c3a35af9ad0a681e345869b428030646486c466f72bb48f7face77bbec547838,,5,rq1-exact-623-20260926-5x,0
robot/RAtrace/final43.trace,f50acc9cc66c6bce4788,robot,repair,2050,2,OPTIMAL,5,9,5,unsat,1.2595553190003557,,4ce1e68ac8d4cf15196b9da0028992b5c3172bb267c5105dc27a42c0d5ec9482,,5,rq1-exact-623-20260926-5x,0
robot/RAtrace/final43.trace,f50acc9cc66c6bce4788,robot,repair,2050,2,OPTIMAL,5,9,6,unsat,1.8135553279989836,,764279188ed1f1e36b74d4b7cff8431f82efda28314d4b414fa4305be88f3755,,5,rq1-exact-623-20260926-5x,0
robot/RAtrace/final43.trace,f50acc9cc66c6bce4788,robot,repair,2050,2,OPTIMAL,5,9,7,unsat,2.521437817000333,,2717b5257bed15c36cceb7723c04109af3c393e5ff2b60d82df19a173e067843,,5,rq1-exact-623-20260926-5x,0
robot/RAtrace/final43.trace,f50acc9cc66c6bce4788,robot,repair,2050,2,OPTIMAL,5,9,8,unsat,3.980168648999097,,866a89d9d066cf665932c08b55216d6d9717f0b53817ab8df8328d8d9644d502,,5,rq1-exact-623-20260926-5x,0
robot/RAtrace/final43.trace,f50acc9cc66c6bce4788,robot,repair,2050,2,OPTIMAL,5,9,9,sat,4.287964052000461,,6e630533901ddb25a4c6e07dc09ba84bb924ca145ca5deb4071505440e875883,9cf414b9587041a210c59832ceae143cc8f04d0803798bcbbd462ab39641ba8e,5,rq1-exact-623-20260926-5x,0
robot/RAtrace/final44.trace,c3d56c54651500fd80d4,robot,repair,2050,2,OPTIMAL,5,9,1,unsat,0.07480114700229024,,e6f1c3a0772d3f74536d62e15b158722b23fbbb8aa32e59156f71fd37e7dcb1c,,5,rq1-exact-623-20260926-5x,0
robot/RAtrace/final44.trace,c3d56c54651500fd80d4,robot,repair,2050,2,OPTIMAL,5,9,2,unsat,0.2583735849984805,,e6567c83b0b76d53242dd159e3ace43a1d4c69299e029a6a7792cf0c6422f8dc,,5,rq1-exact-623-20260926-5x,0
robot/RAtrace/final44.trace,c3d56c54651500fd80d4,robot,repair,2050,2,OPTIMAL,5,9,3,unsat,0.5425684279980487,,a1121f9c2df7c63a19b05fff80434f81f20f365291c32c9e8335bd0707885e9f,,5,rq1-exact-623-20260926-5x,0
robot/RAtrace/final44.trace,c3d56c54651500fd80d4,robot,repair,2050,2,OPTIMAL,5,9,4,unsat,0.900937778998923,,ab31a8e67e1c1826667e01215b91c451c559f2d323d6783d6f5997de5718601d,,5,rq1-exact-623-20260926-5x,0
robot/RAtrace/final44.trace,c3d56c54651500fd80d4,robot,repair,2050,2,OPTIMAL,5,9,5,unsat,1.3428171600025962,,c916a767c304613e3b7820ec8266ea4c4e6808689b6b287006ed89cc720fbc66,,5,rq1-exact-623-20260926-5x,0
robot/RAtrace/final44.trace,c3d56c54651500fd80d4,robot,repair,2050,2,OPTIMAL,5,9,6,unsat,1.9111867850006092,,1a1164cc42ed4e40e980ae4a69522922e003b59604a99d21354314d5c587c4dd,,5,rq1-exact-623-20260926-5x,0
robot/RAtrace/final44.trace,c3d56c54651500fd80d4,robot,repair,2050,2,OPTIMAL,5,9,7,unsat,2.8566065990016796,,9b8a4632e7ed34a316fed0e7678781024e13ad2e9a57ce45fe83edbb720c98c6,,5,rq1-exact-623-20260926-5x,0
robot/RAtrace/final44.trace,c3d56c54651500fd80d4,robot,repair,2050,2,OPTIMAL,5,9,8,unsat,4.131099272002757,,0670f04960584ba416a829961eaef139c50d6ba6a8e949df4898c4def17ad93c,,5,rq1-exact-623-20260926-5x,0
robot/RAtrace/final44.trace,c3d56c54651500fd80d4,robot,repair,2050,2,OPTIMAL,5,9,9,sat,4.487507943998935,,e32ce91dc95e8c3a524a222650b4e1b254cd3b2881ddd93f2ad83acd86cf83e2,223ff696f77335af23446ed55aae06cbb238e1825bb5da59657882a9957b8a59,5,rq1-exact-623-20260926-5x,0
robot/RAtrace/final45.trace,f113a759461b5dd25510,robot,repair,2050,2,OPTIMAL,5,9,1,unsat,0.08699562800029526,,aadcd79a71d778f59b687bdab4c298efaac9e98d488d0f0ea15b86b24b8a56ed,,5,rq1-exact-623-20260926-5x,0
robot/RAtrace/final45.trace,f113a759461b5dd25510,robot,repair,2050,2,OPTIMAL,5,9,2,unsat,0.31290513800195185,,c445c4349006552d785021234f32fbdf86c2f4163d18d3081eae840e8a5864e3,,5,rq1-exact-623-20260926-5x,0
robot/RAtrace/final45.trace,f113a759461b5dd25510,robot,repair,2050,2,OPTIMAL,5,9,3,unsat,0.6555283130001044,,0eb065d1656fcabc5965ad24e433e72ae3fc6c6bf3a526de1a273fb37b500e8d,,5,rq1-exact-623-20260926-5x,0
robot/RAtrace/final45.trace,f113a759461b5dd25510,robot,repair,2050,2,OPTIMAL,5,9,4,unsat,1.0960716510016937,,914a40989fb3238b0c7afe3e791459596b98d23c915bb5ccf16eb32ab3b73a77,,5,rq1-exact-623-20260926-5x,0
robot/RAtrace/final45.trace,f113a759461b5dd25510,robot,repair,2050,2,OPTIMAL,5,9,5,unsat,1.6413236840016907,,a8b6431a619ec8451d4996ad2e0363e0e412006b0e7c4cb56ff9e808f06fe836,,5,rq1-exact-623-20260926-5x,0
robot/RAtrace/final45.trace,f113a759461b5dd25510,robot,repair,2050,2,OPTIMAL,5,9,6,unsat,2.3584038549997786,,3ec758bae795c12428716b89f9aae37b31d73c1ace1e735abbfe282f3336393d,,5,rq1-exact-623-20260926-5x,0
robot/RAtrace/final45.trace,f113a759461b5dd25510,robot,repair,2050,2,OPTIMAL,5,9,7,unsat,3.571785528998589,,924998dd6a0c0a88f39f02dcb31a6fc097b230c57565c59fdebc9af811e020a6,,5,rq1-exact-623-20260926-5x,0
robot/RAtrace/final45.trace,f113a759461b5dd25510,robot,repair,2050,2,OPTIMAL,5,9,8,unsat,5.52801653500137,,191afb8d612bbebf20c3adfbe0b4be0f40268b150b23d9dbe4ec0e1683f0edfe,,5,rq1-exact-623-20260926-5x,0
robot/RAtrace/final45.trace,f113a759461b5dd25510,robot,repair,2050,2,OPTIMAL,5,9,9,sat,5.224190879001981,,1ebe511203e71e2279f6095f5882c35f6c37b090f827db3d835462e8db3ffc40,32988c243540a4562efa3aa85415efcb0f3fa4943fe0346caf9aaaada3690ee9,5,rq1-exact-623-20260926-5x,0
robot/RAtrace/final46.trace,3432f38a459e0914d0f0,robot,repair,2050,2,OPTIMAL,5,9,1,unsat,0.09836257400093018,,76f1f392f4ec282e84054dfad6dbe741afca6db0bef7b60576d1b57df3935ca9,,5,rq1-exact-623-20260926-5x,0
robot/RAtrace/final46.trace,3432f38a459e0914d0f0,robot,repair,2050,2,OPTIMAL,5,9,2,unsat,0.36916041799850063,,7bbe6db8b99ce5b4f6b8550dfa97560431c01faf2352199430c7006f09c069c9,,5,rq1-exact-623-20260926-5x,0
robot/RAtrace/final46.trace,3432f38a459e0914d0f0,robot,repair,2050,2,OPTIMAL,5,9,3,unsat,0.7661315200020908,,7bd55932b4edaef0050ccc3e8f5aca6d9720fafa080395e5609aa30928f04170,,5,rq1-exact-623-20260926-5x,0
robot/RAtrace/final46.trace,3432f38a459e0914d0f0,robot,repair,2050,2,OPTIMAL,5,9,4,unsat,1.27554542299913,,a3e3ac1dd09d35e0ac0cb1a21bc23d463609600277ffd55b4b09184a334b40ae,,5,rq1-exact-623-20260926-5x,0
robot/RAtrace/final46.trace,3432f38a459e0914d0f0,robot,repair,2050,2,OPTIMAL,5,9,5,unsat,1.9105589110004075,,e8ba2a5c271644c765a533f3866d544db5a01048e4d07f93f0a1967f9347a0a2,,5,rq1-exact-623-20260926-5x,0
robot/RAtrace/final46.trace,3432f38a459e0914d0f0,robot,repair,2050,2,OPTIMAL,5,9,6,unsat,2.765467230001377,,ea4a38401030eb1ff78c8a0baaafba47ade135318f5e80fe6149f09bcd1690c0,,5,rq1-exact-623-20260926-5x,0
robot/RAtrace/final46.trace,3432f38a459e0914d0f0,robot,repair,2050,2,OPTIMAL,5,9,7,unsat,3.6938193169989972,,54ec264b57ae6fffb24a57cf399947bd21266b77d00579fe777b8650fcf36b96,,5,rq1-exact-623-20260926-5x,0
robot/RAtrace/final46.trace,3432f38a459e0914d0f0,robot,repair,2050,2,OPTIMAL,5,9,8,unsat,5.409860995001509,,db3adda3e21a023e076c6ffaad6de8babdfe27fa771b2631c108796cc1d2bdb2,,5,rq1-exact-623-20260926-5x,0
robot/RAtrace/final46.trace,3432f38a459e0914d0f0,robot,repair,2050,2,OPTIMAL,5,9,9,sat,5.6801856359998055,,6601312a973b539940e5178c3bac34da655fcb2d8c5c31d75cf61330a4e4594c,19dadea12e7b6c9ea8ecfe8ae088be098c9236a64e5aa5254824babc50610ba7,5,rq1-exact-623-20260926-5x,0
robot/RAtrace/final47.trace,bbd334a4709742b90d65,robot,repair,2050,2,OPTIMAL,5,9,1,unsat,0.13112763300159713,,454c5a63f1c973210509eca685afc2b021a8cc19f36d04edc746c97130c7b985,,5,rq1-exact-623-20260926-5x,0
robot/RAtrace/final47.trace,bbd334a4709742b90d65,robot,repair,2050,2,OPTIMAL,5,9,2,unsat,0.5201808100027847,,09c604889f7c8f672b6b90720007bd27b1afe03bb14927c0961ea2e58884b47b,,5,rq1-exact-623-20260926-5x,0
robot/RAtrace/final47.trace,bbd334a4709742b90d65,robot,repair,2050,2,OPTIMAL,5,9,3,unsat,1.0958095310015779,,817b09ce68ba528198c04458eedf402d5c54d76b83d1e70ae178ea90f8292cb7,,5,rq1-exact-623-20260926-5x,0
robot/RAtrace/final47.trace,bbd334a4709742b90d65,robot,repair,2050,2,OPTIMAL,5,9,4,unsat,1.8358935920005024,,181bdec8dd786f4d560110d3bce4a7a8a787f8bcb0e44abadb14738836b8da74,,5,rq1-exact-623-20260926-5x,0
robot/RAtrace/final47.trace,bbd334a4709742b90d65,robot,repair,2050,2,OPTIMAL,5,9,5,unsat,2.7617505349990097,,47616cb6e7e6817d65b1260ecf68f7e5d9c0bc07dd4e350b9cffd10e20f95fd9,,5,rq1-exact-623-20260926-5x,0
robot/RAtrace/final47.trace,bbd334a4709742b90d65,robot,repair,2050,2,OPTIMAL,5,9,6,unsat,3.991674545999558,,0dad56be6503a53d15cd12fd825ee41ddb8940d644ce5d5aa4a5d6e65668bc21,,5,rq1-exact-623-20260926-5x,0
robot/RAtrace/final47.trace,bbd334a4709742b90d65,robot,repair,2050,2,OPTIMAL,5,9,7,unsat,5.770844590999332,,491e819e07d40ac0aa7a55d85aa1de184f592ce80ad4eebb56dd9258d95e7e97,,5,rq1-exact-623-20260926-5x,0
robot/RAtrace/final47.trace,bbd334a4709742b90d65,robot,repair,2050,2,OPTIMAL,5,9,8,unsat,7.753979559998697,,7d38659ddcd41f985ada86159500c58ec3e9b5251b62650eb937f74f2529ebaf,,5,rq1-exact-623-20260926-5x,0
robot/RAtrace/final47.trace,bbd334a4709742b90d65,robot,repair,2050,2,OPTIMAL,5,9,9,sat,8.685833358002128,,af91c5a4d7ff3c6fa3ffbca478f9d2d3ce8d51179bdad44686cb089cc9797c7a,fe512651ec7cf0a3282a86e7e26e664b1e96e45422c7e2fef9adbd7d7ccf4013,5,rq1-exact-623-20260926-5x,0
robot/RRtrace/order.trace,cc207e348afe23a7065c,robot,repair,1026,2,OPTIMAL,4,9,1,unsat,0.05889545300306054,,80805a33243a65ef83a6ccdfb554affe05562568bb52cbf6d63d40a0c578cd14,,4,rq1-exact-623-20260926-5x,0
robot/RRtrace/order.trace,cc207e348afe23a7065c,robot,repair,1026,2,OPTIMAL,4,9,2,unsat,0.18324629199923947,,f14d659cde97c23f88f30a37740fb543be2ce7a944f3b73739f596623f825e50,,4,rq1-exact-623-20260926-5x,0
robot/RRtrace/order.trace,cc207e348afe23a7065c,robot,repair,1026,2,OPTIMAL,4,9,3,unsat,0.3835030829977768,,4f7a54b618d7a828df57a8924c7551c850422e7a00e6f46be002816625593807,,4,rq1-exact-623-20260926-5x,0
robot/RRtrace/order.trace,cc207e348afe23a7065c,robot,repair,1026,2,OPTIMAL,4,9,4,unsat,0.6362375719982083,,d26b7c42122ce7dc58606ce460a687c9240355773cfbb4679736bc652fabe2b7,,4,rq1-exact-623-20260926-5x,0
robot/RRtrace/order.trace,cc207e348afe23a7065c,robot,repair,1026,2,OPTIMAL,4,9,5,unsat,0.9531706010020571,,be8a1c3001886c617acb3d2f7d112c5f01a0ee33d4b0fbbf8eee467b116c24ec,,4,rq1-exact-623-20260926-5x,0
robot/RRtrace/order.trace,cc207e348afe23a7065c,robot,repair,1026,2,OPTIMAL,4,9,6,unsat,1.3549162079980306,,7f83deff42bc22be2ada15c2b40861e0a260e37062cebf6637aa7b98a1c58228,,4,rq1-exact-623-20260926-5x,0
robot/RRtrace/order.trace,cc207e348afe23a7065c,robot,repair,1026,2,OPTIMAL,4,9,7,unsat,2.0169757809999282,,26b0cd37b8069ca772b15276268c34c15eb1dcd5ae232d111d740d9bc925de9b,,4,rq1-exact-623-20260926-5x,0
robot/RRtrace/order.trace,cc207e348afe23a7065c,robot,repair,1026,2,OPTIMAL,4,9,8,unsat,3.053151939999225,,ed1152528a27ca44fa556f4154ebcd4326a47d0e84891e8d0731dd84ab18ab89,,4,rq1-exact-623-20260926-5x,0
robot/RRtrace/order.trace,cc207e348afe23a7065c,robot,repair,1026,2,OPTIMAL,4,9,9,sat,3.0624380860026577,,8d628cabb10e366d700a358a0ee00399b760e3b7689533efb1b1365f838c2f1f,0169659d7f00a62ccc6b14da9410a50329aa8b044e20a4520e429b13a8a1f394,4,rq1-exact-623-20260926-5x,0
robot/RRtrace/order1.trace,4508d3d3bc0474c0740e,robot,repair,2050,2,OPTIMAL,4,9,1,unsat,0.04732488700028625,,16f3d54ab1e0cdb2482af8f849f8a74b4e12bfca61a350d2c635314d13bb1f52,,4,rq1-exact-623-20260926-5x,0
robot/RRtrace/order1.trace,4508d3d3bc0474c0740e,robot,repair,2050,2,OPTIMAL,4,9,2,unsat,0.13226466000196524,,a652bf8fe8d60b71e0bda61720895fa3b87d62ad17c5c1247b8659686d3ea918,,4,rq1-exact-623-20260926-5x,0
robot/RRtrace/order1.trace,4508d3d3bc0474c0740e,robot,repair,2050,2,OPTIMAL,4,9,3,unsat,0.2764735960008693,,87d1bb2bf61390f7ef23ba7ef2c7a059e0c7815010c09288d2280c997777a816,,4,rq1-exact-623-20260926-5x,0
robot/RRtrace/order1.trace,4508d3d3bc0474c0740e,robot,repair,2050,2,OPTIMAL,4,9,4,unsat,0.4620721820028848,,90cf50f2bd59d0f58ab1a2c3981de994f57b56b780b2cc9bb8ba306abc70c7fc,,4,rq1-exact-623-20260926-5x,0
robot/RRtrace/order1.trace,4508d3d3bc0474c0740e,robot,repair,2050,2,OPTIMAL,4,9,5,unsat,0.6931887850005296,,a71aae09160eba3cfc7b4f612419642d72345a56f435ee62fae889023920fdf6,,4,rq1-exact-623-20260926-5x,0
robot/RRtrace/order1.trace,4508d3d3bc0474c0740e,robot,repair,2050,2,OPTIMAL,4,9,6,unsat,1.0093904060013301,,c9b96079e7d30dc8c2b83ad4fba020a91ff6770260a0f144cdf44397bce4cf97,,4,rq1-exact-623-20260926-5x,0
robot/RRtrace/order1.trace,4508d3d3bc0474c0740e,robot,repair,2050,2,OPTIMAL,4,9,7,unsat,1.453182883997215,,843254d43629531b2ed12cb6a68cacf0ed5e5cac76b3d10db7a25af06aade29f,,4,rq1-exact-623-20260926-5x,0
robot/RRtrace/order1.trace,4508d3d3bc0474c0740e,robot,repair,2050,2,OPTIMAL,4,9,8,unsat,2.094188340000983,,f4b1a025ba805aa811afdf2aa957301208c1620a0cef68dabf1a83cc9db070d4,,4,rq1-exact-623-20260926-5x,0
robot/RRtrace/order1.trace,4508d3d3bc0474c0740e,robot,repair,2050,2,OPTIMAL,4,9,9,sat,2.266108174000692,,c7bc81c7827e912d6d322d17339a35d3a7efcdbb20cc765176fa4e7b00b85b8c,01d4720fc46e542cfa6af1f1b9919eb46abc5a882374d06db3ce8a3f3d0a9726,4,rq1-exact-623-20260926-5x,0
robot/RRtrace/order10.trace,235e11ee7d1460264e48,robot,repair,2050,2,OPTIMAL,4,9,1,unsat,0.11286448900136747,,6fc41e4ca21c940c6d3752670422dd9439e0f9df16f984dfc204da47b5756723,,4,rq1-exact-623-20260926-5x,0
robot/RRtrace/order10.trace,235e11ee7d1460264e48,robot,repair,2050,2,OPTIMAL,4,9,2,unsat,0.4409011429997918,,04d99c0c46395016694152aa8bc99cdbf4de31588ba220565b39b4cc10c44ece,,4,rq1-exact-623-20260926-5x,0
robot/RRtrace/order10.trace,235e11ee7d1460264e48,robot,repair,2050,2,OPTIMAL,4,9,3,unsat,0.9289869669992186,,ff9f61db83a9e512252cd556664c45dfbd17f064a0c98ba1399bc9a51edce946,,4,rq1-exact-623-20260926-5x,0
robot/RRtrace/order10.trace,235e11ee7d1460264e48,robot,repair,2050,2,OPTIMAL,4,9,4,unsat,1.5537766390007164,,732e57e89d201f4f2ff4d7e337ef6924dac87589404773b0fb4d258ae378c358,,4,rq1-exact-623-20260926-5x,0
robot/RRtrace/order10.trace,235e11ee7d1460264e48,robot,repair,2050,2,OPTIMAL,4,9,5,unsat,2.355889597998612,,cb5197e2a98379f0c5c845fd7a41e9d028b6f593eca52fcc50818506d601d8a9,,4,rq1-exact-623-20260926-5x,0
robot/RRtrace/order10.trace,235e11ee7d1460264e48,robot,repair,2050,2,OPTIMAL,4,9,6,unsat,3.4408972220007854,,3e9d68999bbd4b20d4cb12ec4a68fba8604f7a00e2837b8691e79b31775149b8,,4,rq1-exact-623-20260926-5x,0
robot/RRtrace/order10.trace,235e11ee7d1460264e48,robot,repair,2050,2,OPTIMAL,4,9,7,unsat,4.827552332000778,,ddf13bc0f58ff574566c95d1647645614d366b777303a7b307b7bb4f92167c55,,4,rq1-exact-623-20260926-5x,0
robot/RRtrace/order10.trace,235e11ee7d1460264e48,robot,repair,2050,2,OPTIMAL,4,9,8,unsat,8.429508948000148,,3e38357615c83f2900294e99063cf59c712514fd3d3a9a240a0ca6fba3d7f1bb,,4,rq1-exact-623-20260926-5x,0
robot/RRtrace/order10.trace,235e11ee7d1460264e48,robot,repair,2050,2,OPTIMAL,4,9,9,sat,7.163043047999963,,d8ea34a8550dc6b53004485a127d96a4dac34b821e08ef0a47544bc453cc167e,b1f1c716c144171b79675e51b322ef5d5a21fb181a3a85099822d753eafbf3bc,4,rq1-exact-623-20260926-5x,0
robot/RRtrace/order2.trace,438bed87f564cb022474,robot,repair,2050,2,OPTIMAL,4,9,1,unsat,0.07390505399985159,,f54b1c8d8af3db6b793780ec7b494400b6d357a7ad181226bda744b0f21b8401,,4,rq1-exact-623-20260926-5x,0
robot/RRtrace/order2.trace,438bed87f564cb022474,robot,repair,2050,2,OPTIMAL,4,9,2,unsat,0.2606864520000727,,38870c2b3ea5db2af37a34e56247c12187d8fa9337f00d166f6086f46746fe58,,4,rq1-exact-623-20260926-5x,0
robot/RRtrace/order2.trace,438bed87f564cb022474,robot,repair,2050,2,OPTIMAL,4,9,3,unsat,0.550236772000062,,7b42b6c3bea6567e2c2098515caa721256003813c89f079840067f78cf4efd63,,4,rq1-exact-623-20260926-5x,0
robot/RRtrace/order2.trace,438bed87f564cb022474,robot,repair,2050,2,OPTIMAL,4,9,4,unsat,0.919290379999893,,624969135d9acae5534bfe21c87b52df095f008aae76fdabb447b702a78caa21,,4,rq1-exact-623-20260926-5x,0
robot/RRtrace/order2.trace,438bed87f564cb022474,robot,repair,2050,2,OPTIMAL,4,9,5,unsat,1.370666970000002,,08c919dc07d7f9884007a917d791ad060abcdfab2de93deacd2ed25f0c98d5fa,,4,rq1-exact-623-20260926-5x,0
robot/RRtrace/order2.trace,438bed87f564cb022474,robot,repair,2050,2,OPTIMAL,4,9,6,unsat,2.021844045999842,,eca8893bcb58e40594aa246979ae6ec60124c0c4860955ec0156ed4938da8e1f,,4,rq1-exact-623-20260926-5x,0
robot/RRtrace/order2.trace,438bed87f564cb022474,robot,repair,2050,2,OPTIMAL,4,9,7,unsat,2.806794716000013,,69602af8022eba0d9263bcdc5e4a0fdfdd8817a6d4101ab1be946f350666ef5c,,4,rq1-exact-623-20260926-5x,0
robot/RRtrace/order2.trace,438bed87f564cb022474,robot,repair,2050,2,OPTIMAL,4,9,8,unsat,4.10972674300001,,4e1c706b0673167196b2a84ed81b283649f6ac23910059c2ce86a96ab4874a5f,,4,rq1-exact-623-20260926-5x,0
robot/RRtrace/order2.trace,438bed87f564cb022474,robot,repair,2050,2,OPTIMAL,4,9,9,sat,4.334181085999944,,39169d66a0e172ac88d6e3c80296d57bf55bf1eb74c3961bf095709af0ae0379,2bb3e41c726eed5f4030965414e847e18ed5d77265d3d07c86fe85378540d7a9,4,rq1-exact-623-20260926-5x,0
robot/RRtrace/order4.trace,3ce0fe212a336c7da20f,robot,repair,2050,2,OPTIMAL,4,9,1,unsat,0.06355079300010402,,c7f5ca2262dec02ef0adb38bfbe3b29cf5bf2522db4d9f265a34819f30f891a1,,4,rq1-exact-623-20260926-5x,0
robot/RRtrace/order4.trace,3ce0fe212a336c7da20f,robot,repair,2050,2,OPTIMAL,4,9,2,unsat,0.2057337339992955,,d3b736ffd8f7856e6418de1b8c61cb076d6fb2bf0310702b405858d98c650bb0,,4,rq1-exact-623-20260926-5x,0
robot/RRtrace/order4.trace,3ce0fe212a336c7da20f,robot,repair,2050,2,OPTIMAL,4,9,3,unsat,0.4303054029987834,,fadf5e3e2e29f5e718f962e0c33d6110b372b2b7d4f2e40ff490a5b385fc1669,,4,rq1-exact-623-20260926-5x,0
robot/RRtrace/order4.trace,3ce0fe212a336c7da20f,robot,repair,2050,2,OPTIMAL,4,9,4,unsat,0.7207174699997267,,2917f0b686626f5c8f12c52199f81253d6e34b0b30f1d05cdc09ec58299450b4,,4,rq1-exact-623-20260926-5x,0
robot/RRtrace/order4.trace,3ce0fe212a336c7da20f,robot,repair,2050,2,OPTIMAL,4,9,5,unsat,1.0711723189997429,,c404c0fde0f7ac3181d9fb59de5a72eb1cd3e5578069ef7a356ea53cfa69ef2d,,4,rq1-exact-623-20260926-5x,0
robot/RRtrace/order4.trace,3ce0fe212a336c7da20f,robot,repair,2050,2,OPTIMAL,4,9,6,unsat,1.5585453669991693,,e7849b586fca4c8a9ea72d3951de448b2b9fca2f25487e5d0fdd99cf58faf155,,4,rq1-exact-623-20260926-5x,0
robot/RRtrace/order4.trace,3ce0fe212a336c7da20f,robot,repair,2050,2,OPTIMAL,4,9,7,unsat,2.162952675998895,,599fcf846a958db9591e17617f4aae7d813b30be6b1357246a6b0945fb6f481d,,4,rq1-exact-623-20260926-5x,0
robot/RRtrace/order4.trace,3ce0fe212a336c7da20f,robot,repair,2050,2,OPTIMAL,4,9,8,unsat,3.4531904949999443,,e764034cecbed7c28aebccc87b55ea9b2a8aa3c1ff13f41e665b8a9b96360392,,4,rq1-exact-623-20260926-5x,0
robot/RRtrace/order4.trace,3ce0fe212a336c7da20f,robot,repair,2050,2,OPTIMAL,4,9,9,sat,3.6296594489995186,,de59b55bc1b800631628ce1dbf5b5e6d33e8b70abb32437b1ec4b3225d48b7b6,33fbe637911b2e1640424a0d59f6f479e0f860f02f101bfe345211e392830526,4,rq1-exact-623-20260926-5x,0
robot/RRtrace/order5.trace,86250e7045c98dd92667,robot,repair,2050,2,OPTIMAL,4,9,1,unsat,0.07144275400059996,,dbfe5dcee06d9d3f9ed74d1b42e019f24592c5b5f853e4cc9a7817690330fc6c,,4,rq1-exact-623-20260926-5x,0
robot/RRtrace/order5.trace,86250e7045c98dd92667,robot,repair,2050,2,OPTIMAL,4,9,2,unsat,0.24412694499915233,,8a0fe982787025c7f1bb4dd2c1c4a5ff29dbef8fb552a6265d7fd283c83c647d,,4,rq1-exact-623-20260926-5x,0
robot/RRtrace/order5.trace,86250e7045c98dd92667,robot,repair,2050,2,OPTIMAL,4,9,3,unsat,0.5046468460022879,,fb453049fe7e5f598668634bc13d2e006dc90bb51a1189e181601671f70f6a24,,4,rq1-exact-623-20260926-5x,0
robot/RRtrace/order5.trace,86250e7045c98dd92667,robot,repair,2050,2,OPTIMAL,4,9,4,unsat,0.8358000260013796,,3cb8ff124008fff5f828982e13c739319dd6197f2b147a0adef2fef502fe18bf,,4,rq1-exact-623-20260926-5x,0
robot/RRtrace/order5.trace,86250e7045c98dd92667,robot,repair,2050,2,OPTIMAL,4,9,5,unsat,1.2431821460013452,,7193017f0922ae9ffe0f8bbcafae08e37d8dd4941ba04c687fa2ad9766ec6e27,,4,rq1-exact-623-20260926-5x,0
robot/RRtrace/order5.trace,86250e7045c98dd92667,robot,repair,2050,2,OPTIMAL,4,9,6,unsat,1.8197262389985553,,9e599a3982d5f9f286f7a820f326145047d8ecfa365a4e9a847ed16bb36823d4,,4,rq1-exact-623-20260926-5x,0
robot/RRtrace/order5.trace,86250e7045c98dd92667,robot,repair,2050,2,OPTIMAL,4,9,7,unsat,2.6314298219986085,,2232b0cce3bd137c89f420e9b6eff3d1c3835d2937816a7465b11cf88ff12e1a,,4,rq1-exact-623-20260926-5x,0
robot/RRtrace/order5.trace,86250e7045c98dd92667,robot,repair,2050,2,OPTIMAL,4,9,8,unsat,4.382475124999473,,6530d9b46274739c25424ea532f4ba03ac0d63900482a31ea686b03629b1af9f,,4,rq1-exact-623-20260926-5x,0
robot/RRtrace/order5.trace,86250e7045c98dd92667,robot,repair,2050,2,OPTIMAL,4,9,9,sat,4.176505881001503,,9b54184615f5b06020229cde7ee16b3e7b0f19dd74e28a02b0510b648af2765f,59daca9f4f78e379082a4ba8e85a92af37499ae193717d9f4bc90a4d44a129b4,4,rq1-exact-623-20260926-5x,0
robot/RRtrace/order6.trace,2c1d66d5560acdeccd5a,robot,repair,2050,2,OPTIMAL,4,9,1,unsat,0.08603132200005348,,832e6bf374ded41540ba3e9c55fa765b8436043426302a57dabca5575451e4f2,,4,rq1-exact-623-20260926-5x,0
robot/RRtrace/order6.trace,2c1d66d5560acdeccd5a,robot,repair,2050,2,OPTIMAL,4,9,2,unsat,0.3088871059990197,,1e05b09e2d5ecced50608392d276b38047f3b0b71e11f32f9c955f7764f48d94,,4,rq1-exact-623-20260926-5x,0
robot/RRtrace/order6.trace,2c1d66d5560acdeccd5a,robot,repair,2050,2,OPTIMAL,4,9,3,unsat,0.6556888380000601,,07fd8a4f7545da334a54f4fd40c4db8b3f2adb6db333c774aa882015e6b84bc0,,4,rq1-exact-623-20260926-5x,0
robot/RRtrace/order6.trace,2c1d66d5560acdeccd5a,robot,repair,2050,2,OPTIMAL,4,9,4,unsat,1.1000455700013845,,8cf4c8ee909ed483b08ccef02762fd1362bd3c0f65893436b172d3b151c566af,,4,rq1-exact-623-20260926-5x,0
robot/RRtrace/order6.trace,2c1d66d5560acdeccd5a,robot,repair,2050,2,OPTIMAL,4,9,5,unsat,1.661917462002748,,17d79af91e6cb8cdf5879f935353fcf3c6ebd16dea647eae123fbc5c8755682d,,4,rq1-exact-623-20260926-5x,0
robot/RRtrace/order6.trace,2c1d66d5560acdeccd5a,robot,repair,2050,2,OPTIMAL,4,9,6,unsat,2.434057431000838,,85819a20acfa2befedec988b4f8c14024a724ee610199fd540a28b5201f04a3d,,4,rq1-exact-623-20260926-5x,0
robot/RRtrace/order6.trace,2c1d66d5560acdeccd5a,robot,repair,2050,2,OPTIMAL,4,9,7,unsat,3.476963175002311,,566535bf7bc974e6b358f11e84573ea0150908ebee8f1068d332dc5502735f44,,4,rq1-exact-623-20260926-5x,0
robot/RRtrace/order6.trace,2c1d66d5560acdeccd5a,robot,repair,2050,2,OPTIMAL,4,9,8,unsat,5.650133781000477,,8a34f1ec3cae3385f6bc25bb7296f49a9598797b7117c1c422c3f68b58a0b22f,,4,rq1-exact-623-20260926-5x,0
robot/RRtrace/order6.trace,2c1d66d5560acdeccd5a,robot,repair,2050,2,OPTIMAL,4,9,9,sat,5.636718171997927,,75971b4e8ca4bc3369943477179e7151541de8e19a380803d56f5fe3ba9ef19a,dcbd89ee5e5986209fd934691b7dbdbf9ec8cf228996fc678b201e5e86dfd7b5,4,rq1-exact-623-20260926-5x,0
robot/RRtrace/order7.trace,bc8e49b9864f5083b2f3,robot,repair,2050,2,OPTIMAL,4,9,1,unsat,0.08922326899846666,,b3b4de4a724a625bdd63318a1b4131f1e8521085bf2dd7886929d482093b244c,,4,rq1-exact-623-20260926-5x,0
robot/RRtrace/order7.trace,bc8e49b9864f5083b2f3,robot,repair,2050,2,OPTIMAL,4,9,2,unsat,0.3285522870028217,,8628ba01edfa62124c059598601202af8839a28d3bdc8c8ca45d4075f26d4cfb,,4,rq1-exact-623-20260926-5x,0
robot/RRtrace/order7.trace,bc8e49b9864f5083b2f3,robot,repair,2050,2,OPTIMAL,4,9,3,unsat,0.6916995350002253,,79d41cd5079ba715ebcc19d33d2f3b74481716426ad5b0de3adb3e100cbca1a0,,4,rq1-exact-623-20260926-5x,0
robot/RRtrace/order7.trace,bc8e49b9864f5083b2f3,robot,repair,2050,2,OPTIMAL,4,9,4,unsat,1.1587204440002097,,072275922a04907acb82ea9a4acdb5698a3abc05d73ea6bbd6a9b1d58654b624,,4,rq1-exact-623-20260926-5x,0
robot/RRtrace/order7.trace,bc8e49b9864f5083b2f3,robot,repair,2050,2,OPTIMAL,4,9,5,unsat,1.7438464629994996,,4098509723682d9b7c043cb1750cac731c567899d99ca2dd404260df02bd23f6,,4,rq1-exact-623-20260926-5x,0
robot/RRtrace/order7.trace,bc8e49b9864f5083b2f3,robot,repair,2050,2,OPTIMAL,4,9,6,unsat,2.5637672289994953,,0ad4b8af63f63c9461c12736160aff6ca3947cfa325445ba72b41f4528352849,,4,rq1-exact-623-20260926-5x,0
robot/RRtrace/order7.trace,bc8e49b9864f5083b2f3,robot,repair,2050,2,OPTIMAL,4,9,7,unsat,3.440580485999817,,d1b3b3185cddaf71ddc0fabe48a3ce31f499dcca1f645d29a1eb8937b8187fec,,4,rq1-exact-623-20260926-5x,0
robot/RRtrace/order7.trace,bc8e49b9864f5083b2f3,robot,repair,2050,2,OPTIMAL,4,9,8,unsat,5.131146006002382,,e145e8f14bc9c1de19e7ed6058013fe02e7842ffeae2acc8a15499a5991d2113,,4,rq1-exact-623-20260926-5x,0
robot/RRtrace/order7.trace,bc8e49b9864f5083b2f3,robot,repair,2050,2,OPTIMAL,4,9,9,sat,5.2038739640011045,,caa98c1173a7fafb244ce6bd31e907fdfb773e86eba88029604eade2119ba457,fe1b85ef9e2e41434b00ea731a53de4e6e2b5b03fcc62f3842fef74dc1f808af,4,rq1-exact-623-20260926-5x,0
robot/RRtrace/order8.trace,d0b7e260465503cb2fec,robot,repair,2050,2,OPTIMAL,4,9,1,unsat,0.09828584199931356,,45731db12df6b20fbfd5bfea69ea2103c15fb0be7dd9fd39d00351f5dcc0aea8,,4,rq1-exact-623-20260926-5x,0
robot/RRtrace/order8.trace,d0b7e260465503cb2fec,robot,repair,2050,2,OPTIMAL,4,9,2,unsat,0.3668489279989444,,b257ea35c6f9a2cca41142a29ee8af36f3a7548f1b2643a1f9c2af0f02dd91d2,,4,rq1-exact-623-20260926-5x,0
robot/RRtrace/order8.trace,d0b7e260465503cb2fec,robot,repair,2050,2,OPTIMAL,4,9,3,unsat,0.7659907070010377,,c2084e070c7549719785ba858b46bdb88bfb5835f6c17bfcb2b557aea4caccbc,,4,rq1-exact-623-20260926-5x,0
robot/RRtrace/order8.trace,d0b7e260465503cb2fec,robot,repair,2050,2,OPTIMAL,4,9,4,unsat,1.2759642759992857,,267cba29f80899d2fb0c144b2feb4bdbe33d6136c6aa42d724e5c39481ae0099,,4,rq1-exact-623-20260926-5x,0
robot/RRtrace/order8.trace,d0b7e260465503cb2fec,robot,repair,2050,2,OPTIMAL,4,9,5,unsat,1.9605012020001595,,971e21cb88674097347d08059e91f3b0bb8feea235185f288d825f54515f761f,,4,rq1-exact-623-20260926-5x,0
robot/RRtrace/order8.trace,d0b7e260465503cb2fec,robot,repair,2050,2,OPTIMAL,4,9,6,unsat,2.7387022170005366,,9943094eeb78c12124fa07471eb89fd60fbc141ae97c9442c955de3be7754473,,4,rq1-exact-623-20260926-5x,0
robot/RRtrace/order8.trace,d0b7e260465503cb2fec,robot,repair,2050,2,OPTIMAL,4,9,7,unsat,3.9931792300012603,,8900748f10e066885115893d5a88ef2022fc44e10c9a749d661855fac9a1c1f2,,4,rq1-exact-623-20260926-5x,0
robot/RRtrace/order8.trace,d0b7e260465503cb2fec,robot,repair,2050,2,OPTIMAL,4,9,8,unsat,5.656752556998981,,96f6288cabc709138f642383c0ec1664045558839e8b108437cce6da0af67040,,4,rq1-exact-623-20260926-5x,0
robot/RRtrace/order8.trace,d0b7e260465503cb2fec,robot,repair,2050,2,OPTIMAL,4,9,9,sat,5.751064806001523,,a14751ab804e11f0fd408dc83ddb7845eb31e3fa39dccc520405b5b2297c2a49,36f18a2801b261fd191fd9bf948ed25dc1621a65affffdc0cb9a183e53a841e0,4,rq1-exact-623-20260926-5x,0
robot/RRtrace/order9.trace,cfa1bd4dac2755a3e196,robot,repair,2050,2,OPTIMAL,4,9,1,unsat,0.10658974899706664,,30413c8ff01c0e919fee2a8e4003ce76550ee7ca084390c02bfe7a37f011c129,,4,rq1-exact-623-20260926-5x,0
robot/RRtrace/order9.trace,cfa1bd4dac2755a3e196,robot,repair,2050,2,OPTIMAL,4,9,2,unsat,0.4050559240022267,,b34825f79656a67744cc7b547490ea7bb9ed409ccbb92f9b5fa1a9e074f74c02,,4,rq1-exact-623-20260926-5x,0
robot/RRtrace/order9.trace,cfa1bd4dac2755a3e196,robot,repair,2050,2,OPTIMAL,4,9,3,unsat,0.8671723380030016,,f1547b535c7073682154fff6ee34601d9b990e7f6c618dff15fd940e8ef129c4,,4,rq1-exact-623-20260926-5x,0
robot/RRtrace/order9.trace,cfa1bd4dac2755a3e196,robot,repair,2050,2,OPTIMAL,4,9,4,unsat,1.4298253699998895,,f7e7858cfe2b88cd74185c32d75c88a019e8066d7de3bc6fadbfa33d402450c1,,4,rq1-exact-623-20260926-5x,0
robot/RRtrace/order9.trace,cfa1bd4dac2755a3e196,robot,repair,2050,2,OPTIMAL,4,9,5,unsat,2.1942840560004697,,5d4a01fafdfb2a50662866d94ceda4e8f9ead45f495c91c80992d9db97b9c37f,,4,rq1-exact-623-20260926-5x,0
robot/RRtrace/order9.trace,cfa1bd4dac2755a3e196,robot,repair,2050,2,OPTIMAL,4,9,6,unsat,3.1124040209979285,,699e223a128d75bcf893815ab2b5b299450a11e28ae93e61b244af385a513426,,4,rq1-exact-623-20260926-5x,0
robot/RRtrace/order9.trace,cfa1bd4dac2755a3e196,robot,repair,2050,2,OPTIMAL,4,9,7,unsat,4.371938512998895,,dbd98723504deea6521ea3c985baf52d00dd71d78a91fe66e35e6f0b6a2a6ba0,,4,rq1-exact-623-20260926-5x,0
robot/RRtrace/order9.trace,cfa1bd4dac2755a3e196,robot,repair,2050,2,OPTIMAL,4,9,8,unsat,6.808953502000804,,4d493c048621b35cb1a68e4a80d05b599556050c92ad5bc61c1e06fcfa0fb36b,,4,rq1-exact-623-20260926-5x,0
robot/RRtrace/order9.trace,cfa1bd4dac2755a3e196,robot,repair,2050,2,OPTIMAL,4,9,9,sat,6.659254162001162,,4e76e5dfa1c718f3a464f62c4a6628f23b22b83166175083407c4ccdd6ce5a09,d32cdc87013aac09884847b735be89c7254fa3d7124beb28e7205f37b19d2098,4,rq1-exact-623-20260926-5x,0
voting_machine/voting10.trace,12c9f0b8ee00e13027c9,voting_machine,nnf_template,13,2,OPTIMAL,0,4,1,unsat,0.10193142999992233,,143ca91658147c223721517c0d1c45ef270bc4966dd0633b49d6a5894d59b815,,0,rq1-exact-623-20260926-5x,0
voting_machine/voting10.trace,12c9f0b8ee00e13027c9,voting_machine,nnf_template,13,2,OPTIMAL,0,4,2,unsat,0.2760372699999607,,21779e282a30970ac20e4b93d142c7e5c2ebfdef8305849b25c1b90478daaacc,,0,rq1-exact-623-20260926-5x,0
voting_machine/voting10.trace,12c9f0b8ee00e13027c9,voting_machine,nnf_template,13,2,OPTIMAL,0,4,3,unsat,0.5049547090000033,,ec1148e225e356ff6135636429f1855e794d3a634b88741b8583017ccb57bd24,,0,rq1-exact-623-20260926-5x,0
voting_machine/voting10.trace,12c9f0b8ee00e13027c9,voting_machine,nnf_template,13,2,OPTIMAL,0,4,4,sat,0.7932543759998225,,f91d66c3a0a0fc942f5f7393771e1f68810dad205208dd709a0ac4ca2b43b295,a96e3d5584c64b4c920adad88a9edcc6aa7a936dacb4c37b19a28413b52c4d88,0,rq1-exact-623-20260926-5x,0
voting_machine/voting13.trace,7014cc912d5a3039b90f,voting_machine,nnf_template,13,2,OPTIMAL,0,4,1,unsat,0.16944198799865262,,6d2a804d800662585db9755cd8afb83ea3fcb7409857275d8808d4589002cbe6,,0,rq1-exact-623-20260926-5x,0
voting_machine/voting13.trace,7014cc912d5a3039b90f,voting_machine,nnf_template,13,2,OPTIMAL,0,4,2,unsat,0.49380322599972715,,0822c5fcaaff65a5e1c0bed5f8a82ffcfe3a3b936c6e79c6b1d663ebbf0003a9,,0,rq1-exact-623-20260926-5x,0
voting_machine/voting13.trace,7014cc912d5a3039b90f,voting_machine,nnf_template,13,2,OPTIMAL,0,4,3,unsat,0.8949016730002768,,a4c9e2a0c0ee829a26a4887e4200fc765f6525cb961b04358279e39c47bc0887,,0,rq1-exact-623-20260926-5x,0
voting_machine/voting13.trace,7014cc912d5a3039b90f,voting_machine,nnf_template,13,2,OPTIMAL,0,4,4,sat,1.4200248409997585,,7a0aa4b1b0e4a691ed0ae447379431d63848724aee1814c4c63101490e1aac0d,2dbd55d77fe510d33d55c906d33f11c37753ac4fe3f0552cf9a6dd911470c578,0,rq1-exact-623-20260926-5x,0
voting_machine/voting14.trace,865d1c03c33c6d3fcc95,voting_machine,nnf_template,13,2,OPTIMAL,0,4,1,unsat,0.07565685200097505,,242e8ca299cd4475db4d5e5a3c468952244bbd5c0c119a7a0985362946164260,,0,rq1-exact-623-20260926-5x,0
voting_machine/voting14.trace,865d1c03c33c6d3fcc95,voting_machine,nnf_template,13,2,OPTIMAL,0,4,2,unsat,0.1904873929997848,,bda48ffc4de99eb2e8eba8a1f5f8ff7c270d940469daa08636a0cb38b03da43d,,0,rq1-exact-623-20260926-5x,0
voting_machine/voting14.trace,865d1c03c33c6d3fcc95,voting_machine,nnf_template,13,2,OPTIMAL,0,4,3,unsat,0.3367856219992973,,9590a8f12d64349c4eee7abe52287417f821c53f97fff00f30bd54a4aa3bf250,,0,rq1-exact-623-20260926-5x,0
voting_machine/voting14.trace,865d1c03c33c6d3fcc95,voting_machine,nnf_template,13,2,OPTIMAL,0,4,4,sat,0.5377854479993402,,bba3d792de6cb3d133de212ca398c77ef5c2f88ba0121261e5c0cd143ee30134,5e0ee94423fe751c52528f3981bdf7637808b87df704ec3c0f62e426c302ff56,0,rq1-exact-623-20260926-5x,0
voting_machine/voting2.trace,6baaf710704a9700a3b2,voting_machine,nnf_template,13,2,OPTIMAL,0,4,1,unsat,0.08954773900040891,,f04a390399f2355dfb56d9d5a7ba093e7047538848683c2e10b399f4e4ec6112,,0,rq1-exact-623-20260926-5x,0
voting_machine/voting2.trace,6baaf710704a9700a3b2,voting_machine,nnf_template,13,2,OPTIMAL,0,4,2,unsat,0.23324991399931605,,46814bf9530709752dfc45a899f50f86b5e8b3fd7bd0c22fd6bd1c28a63bee7a,,0,rq1-exact-623-20260926-5x,0
voting_machine/voting2.trace,6baaf710704a9700a3b2,voting_machine,nnf_template,13,2,OPTIMAL,0,4,3,unsat,0.41573943000003055,,7458577a6fccab10dfc3bbbc552f00561734c03365cef002db6ead4b938d55e5,,0,rq1-exact-623-20260926-5x,0
voting_machine/voting2.trace,6baaf710704a9700a3b2,voting_machine,nnf_template,13,2,OPTIMAL,0,4,4,sat,0.6524221620002209,,7acf1fe72190ff7dd770e0bcf0a78420505dd68f258f18c179e11588b6c59ddc,c706e3520afc8846d3c4198f6c332e248543faa5e5ae87ca5592c540bfa24a4a,0,rq1-exact-623-20260926-5x,0
voting_machine/voting3.trace,2c7bf427b7b648c43f98,voting_machine,nnf_template,13,2,OPTIMAL,0,4,1,unsat,0.10653096900023229,,4c3900a0f33f8a510fd2d8eb2a0629164ba0a1ff022461549a6ac0f231002e18,,0,rq1-exact-623-20260926-5x,0
voting_machine/voting3.trace,2c7bf427b7b648c43f98,voting_machine,nnf_template,13,2,OPTIMAL,0,4,2,unsat,0.2910184920001484,,0891473ca09d0c0e9d899d08113555d49bd224b357ca32828fcb9e18c44671fc,,0,rq1-exact-623-20260926-5x,0
voting_machine/voting3.trace,2c7bf427b7b648c43f98,voting_machine,nnf_template,13,2,OPTIMAL,0,4,3,unsat,0.5229204839997692,,453f8da48f707a8c60b8c086cb4d286b0905bc2d14da0b72cf0b371287427f06,,0,rq1-exact-623-20260926-5x,0
voting_machine/voting3.trace,2c7bf427b7b648c43f98,voting_machine,nnf_template,13,2,OPTIMAL,0,4,4,sat,0.8325422809994052,,e3893b50bdc6a78f9a42e02da5d1e5cd96f057a337123cb6b47d48a1cdf223c9,a96e3d5584c64b4c920adad88a9edcc6aa7a936dacb4c37b19a28413b52c4d88,0,rq1-exact-623-20260926-5x,0
voting_machine/voting4.trace,b22831e331f533294ef3,voting_machine,nnf_template,13,2,OPTIMAL,0,4,1,unsat,0.12070491400118044,,b232631a5b474d6d4e8f29f21de610d81a093bf7c78da412f85decb494922d09,,0,rq1-exact-623-20260926-5x,0
voting_machine/voting4.trace,b22831e331f533294ef3,voting_machine,nnf_template,13,2,OPTIMAL,0,4,2,unsat,0.3376927209992573,,c57e8731746b3d19cab1fa654e45c9343eabfd1f3d728348474dc1214bd910d6,,0,rq1-exact-623-20260926-5x,0
voting_machine/voting4.trace,b22831e331f533294ef3,voting_machine,nnf_template,13,2,OPTIMAL,0,4,3,unsat,0.6127434899990476,,ab5947dd5a8e4d50cfba68f7b5b4398842cfd11bf829b1d6523c6888cb9dd59e,,0,rq1-exact-623-20260926-5x,0
voting_machine/voting4.trace,b22831e331f533294ef3,voting_machine,nnf_template,13,2,OPTIMAL,0,4,4,sat,0.9735685079995164,,ca54e7d26a9ec91a2918cef67d84d74579917e9fb3b320eae5b5f40072fd7652,2dbd55d77fe510d33d55c906d33f11c37753ac4fe3f0552cf9a6dd911470c578,0,rq1-exact-623-20260926-5x,0
voting_machine/voting5.trace,1402d79f5ef590ae98c5,voting_machine,nnf_template,13,2,OPTIMAL,0,4,1,unsat,0.11780690100022184,,156cfe975ed1181491328ad7f3b616d4fedaba92fd34738ff99f58524cc0fda3,,0,rq1-exact-623-20260926-5x,0
voting_machine/voting5.trace,1402d79f5ef590ae98c5,voting_machine,nnf_template,13,2,OPTIMAL,0,4,2,unsat,0.32468858399988676,,f100eeaded53b16e77b8a02edd9634df2b57775afda38a29555bf27c236a414b,,0,rq1-exact-623-20260926-5x,0
voting_machine/voting5.trace,1402d79f5ef590ae98c5,voting_machine,nnf_template,13,2,OPTIMAL,0,4,3,unsat,0.5783740489987395,,7ac50f5f5bb2704f4211fe2b0a821692c4013f2c9e2765a261027d795e2281ef,,0,rq1-exact-623-20260926-5x,0
voting_machine/voting5.trace,1402d79f5ef590ae98c5,voting_machine,nnf_template,13,2,OPTIMAL,0,4,4,sat,0.9229056860003766,,6f66c0df324f003abaa3bd1110dfdff748b43289300e6ecc7fc22a0a7af653ac,2dbd55d77fe510d33d55c906d33f11c37753ac4fe3f0552cf9a6dd911470c578,0,rq1-exact-623-20260926-5x,0
voting_machine/voting7.trace,f69191aac2a47484fa19,voting_machine,nnf_template,13,2,OPTIMAL,0,4,1,unsat,0.13203712799986533,,02327a521e4b3cdb1aaea0133a7d26cbb2bc6a211fa5b08dcd78d0a90ef00bcb,,0,rq1-exact-623-20260926-5x,0
voting_machine/voting7.trace,f69191aac2a47484fa19,voting_machine,nnf_template,13,2,OPTIMAL,0,4,2,unsat,0.37161335599921586,,aeba7d4f62799fe30e27bca7bc2c567f9e180f6465c1306a63fbcb50ff3b339b,,0,rq1-exact-623-20260926-5x,0
voting_machine/voting7.trace,f69191aac2a47484fa19,voting_machine,nnf_template,13,2,OPTIMAL,0,4,3,unsat,0.6721652239994,,ea142f1f3f535c225dc3c340643e60ae8dfbdf8a640f63e82e5b2271a7cb5b1a,,0,rq1-exact-623-20260926-5x,0
voting_machine/voting7.trace,f69191aac2a47484fa19,voting_machine,nnf_template,13,2,OPTIMAL,0,4,4,sat,1.058203255999615,,dc9f0dc1a576484f4ddcf8484c33a35d675111fc103b9665850a504b62c43798,a96e3d5584c64b4c920adad88a9edcc6aa7a936dacb4c37b19a28413b52c4d88,0,rq1-exact-623-20260926-5x,0
voting_machine/voting8.trace,7f0928c51bbbfe8c9076,voting_machine,nnf_template,13,2,OPTIMAL,0,4,1,unsat,0.15065335699910065,,cb6c2ac5a42d9df19e443682538731b521e25883403f8adc810f237032388d2e,,0,rq1-exact-623-20260926-5x,0
voting_machine/voting8.trace,7f0928c51bbbfe8c9076,voting_machine,nnf_template,13,2,OPTIMAL,0,4,2,unsat,0.43010694199983845,,04bed5be6e218813c40a02b90cc334ac604e844488d9ddde720e66ef742dfcff,,0,rq1-exact-623-20260926-5x,0
voting_machine/voting8.trace,7f0928c51bbbfe8c9076,voting_machine,nnf_template,13,2,OPTIMAL,0,4,3,unsat,0.7818347479988006,,b5dc317ef495a97a922befcbc4f18fd6a3a15bf2f6cfc2414c1f663b4c0f90e9,,0,rq1-exact-623-20260926-5x,0
voting_machine/voting8.trace,7f0928c51bbbfe8c9076,voting_machine,nnf_template,13,2,OPTIMAL,0,4,4,sat,1.2544904940004926,,b8b564bcc47fc20a57a76991ffefc3e4b5366e9ba41405140bf0439d02061831,a96e3d5584c64b4c920adad88a9edcc6aa7a936dacb4c37b19a28413b52c4d88,0,rq1-exact-623-20260926-5x,0
voting_machine/voting9.trace,4a9a09db14154c7f683d,voting_machine,nnf_template,13,2,OPTIMAL,0,4,1,unsat,0.1345061390002229,,d28f09e7111a1b4fa59b1c7d0a721840904f5bf8eb7ea812e212c5ec100fa20c,,0,rq1-exact-623-20260926-5x,0
voting_machine/voting9.trace,4a9a09db14154c7f683d,voting_machine,nnf_template,13,2,OPTIMAL,0,4,2,unsat,0.38165723599922785,,78df54d441de50a57e3e39efc133af7ef4950335be86581433d42a49fe62aeef,,0,rq1-exact-623-20260926-5x,0
voting_machine/voting9.trace,4a9a09db14154c7f683d,voting_machine,nnf_template,13,2,OPTIMAL,0,4,3,unsat,0.6893780199989124,,fa066e5fd49052eef7ba7c74966e7c09373e8e9c07fabbf6b5850eeb871c5754,,0,rq1-exact-623-20260926-5x,0
voting_machine/voting9.trace,4a9a09db14154c7f683d,voting_machine,nnf_template,13,2,OPTIMAL,0,4,4,sat,1.1023800790007954,,33a8330e54f798e541492f41951a818aa69ddfe66b18b7dae0d7cf0788bbede2,a96e3d5584c64b4c920adad88a9edcc6aa7a936dacb4c37b19a28413b52c4d88,0,rq1-exact-623-20260926-5x,0
weakening/weaken_antecedent/weaken_antecedent_100_10_10.trace,f5454ea1bf73726a15f4,weakening,weakening_b2,10,2,OPTIMAL,0,6,1,unsat,0.6111423710008239,,763c1a36976fd2ef077c05fe306ddb9657027632ae9a2295354d88ea4d6fe936,,0,rq1-exact-623-20260926-5x,0
weakening/weaken_antecedent/weaken_antecedent_100_10_10.trace,f5454ea1bf73726a15f4,weakening,weakening_b2,10,2,OPTIMAL,0,6,2,unsat,2.9982428060011443,,c44c5b3d7604e55daf0682df50c2ce7d04150cb871215bfcead99fba29d4966a,,0,rq1-exact-623-20260926-5x,0
weakening/weaken_antecedent/weaken_antecedent_100_10_10.trace,f5454ea1bf73726a15f4,weakening,weakening_b2,10,2,OPTIMAL,0,6,3,unsat,5.929520955000044,,f08bd0aa7f2762e31c70d6cf96e918db9d8e2781a4bea5712df7e4b501dfcb48,,0,rq1-exact-623-20260926-5x,0
weakening/weaken_antecedent/weaken_antecedent_100_10_10.trace,f5454ea1bf73726a15f4,weakening,weakening_b2,10,2,OPTIMAL,0,6,4,unsat,9.946515004998219,,2f5e75a2d52bc2e6c23794024662089b7ac503ef1cabef9891604520a5509acf,,0,rq1-exact-623-20260926-5x,0
weakening/weaken_antecedent/weaken_antecedent_100_10_10.trace,f5454ea1bf73726a15f4,weakening,weakening_b2,10,2,OPTIMAL,0,6,5,unsat,14.695951513000182,,2d8e6b29b03fdcddf5b4692e0691717095b2be65d659dc06c77218f50e66e688,,0,rq1-exact-623-20260926-5x,0
weakening/weaken_antecedent/weaken_antecedent_100_10_10.trace,f5454ea1bf73726a15f4,weakening,weakening_b2,10,2,OPTIMAL,0,6,6,sat,21.977415309000207,,0d868442e4c6ff98910a5d28e64fe455bd70fbf586a05c27e3e754cf5748ce2d,ca6e819a01c59e40965f67709220259ac05025a8dc83d17e3336c94b196d05fc,0,rq1-exact-623-20260926-5x,0
weakening/weaken_antecedent/weaken_antecedent_10_100_100.trace,fd8aa4ce9838b08220c7,weakening,weakening_b2,10,2,OPTIMAL,0,6,1,unsat,0.6137498789994424,,42f99ff753f6f3f94258c84fffdf9f219e9d1e3358f4a0141e67ea8d3dd64ea3,,0,rq1-exact-623-20260926-5x,0
weakening/weaken_antecedent/weaken_antecedent_10_100_100.trace,fd8aa4ce9838b08220c7,weakening,weakening_b2,10,2,OPTIMAL,0,6,2,unsat,2.992140008000206,,7070ef8f1dad9bf0734b7e7cdfdae5830f2d852c2668605b9ab72165a7dd5168,,0,rq1-exact-623-20260926-5x,0
weakening/weaken_antecedent/weaken_antecedent_10_100_100.trace,fd8aa4ce9838b08220c7,weakening,weakening_b2,10,2,OPTIMAL,0,6,3,unsat,5.782354123999539,,0f5f9d8357dcbfd33d33ebff93a02cbd6d1b2d18a93417d6e0def9a68ba472cd,,0,rq1-exact-623-20260926-5x,0
weakening/weaken_antecedent/weaken_antecedent_10_100_100.trace,fd8aa4ce9838b08220c7,weakening,weakening_b2,10,2,OPTIMAL,0,6,4,unsat,9.668935662000877,,2053f89712d2aa1fe5119ad87ca1c5246f34d1456fb2149520161637846c698e,,0,rq1-exact-623-20260926-5x,0
weakening/weaken_antecedent/weaken_antecedent_10_100_100.trace,fd8aa4ce9838b08220c7,weakening,weakening_b2,10,2,OPTIMAL,0,6,5,unsat,14.29251211600058,,33b70ffb359df2e50570a2507839199076cd86f179e37a3719abd2b070901d2c,,0,rq1-exact-623-20260926-5x,0
weakening/weaken_antecedent/weaken_antecedent_10_100_100.trace,fd8aa4ce9838b08220c7,weakening,weakening_b2,10,2,OPTIMAL,0,6,6,sat,21.737048741999388,,4050b38f169e4188a01b7fdf0bb9b2d3e11a696fc2ea64e4c9dec3027ec56d44,ce4ff0b9c509b10ee3bdf30514e42bb23b193658cb9a9102f964eae89142b342,0,rq1-exact-623-20260926-5x,0
weakening/weaken_antecedent/weaken_antecedent_10_10_10.trace,bb72cbb333bdefa33749,weakening,weakening_b2,10,2,OPTIMAL,0,6,1,unsat,0.07684578000021247,,eb1f6281c1890105609816de1dab2ae60fe22ac2a0dc06f01d10be8e5ec26fcf,,0,rq1-exact-623-20260926-5x,0
weakening/weaken_antecedent/weaken_antecedent_10_10_10.trace,bb72cbb333bdefa33749,weakening,weakening_b2,10,2,OPTIMAL,0,6,2,unsat,0.292406524000171,,355debf48844a2394d89adb379714d910f1ed54f1b7dacbc0203a41a15eda8da,,0,rq1-exact-623-20260926-5x,0
weakening/weaken_antecedent/weaken_antecedent_10_10_10.trace,bb72cbb333bdefa33749,weakening,weakening_b2,10,2,OPTIMAL,0,6,3,unsat,0.5674623570000676,,ce38cbcaa7df05b84039dbb26c40c4490ac6e0a838cb18aa9f3724fb4ef44bac,,0,rq1-exact-623-20260926-5x,0
weakening/weaken_antecedent/weaken_antecedent_10_10_10.trace,bb72cbb333bdefa33749,weakening,weakening_b2,10,2,OPTIMAL,0,6,4,unsat,0.93493476499998,,4c31393d8286683d02a53d8ffeaf941b40a3cb5e99f5ca7a183b4e6c693d3a23,,0,rq1-exact-623-20260926-5x,0
weakening/weaken_antecedent/weaken_antecedent_10_10_10.trace,bb72cbb333bdefa33749,weakening,weakening_b2,10,2,OPTIMAL,0,6,5,unsat,1.3692315129999315,,586bda3c58568a3a3a0f1acb4bde15f6708c92ceb5bbb1831586dbd6013475a2,,0,rq1-exact-623-20260926-5x,0
weakening/weaken_antecedent/weaken_antecedent_10_10_10.trace,bb72cbb333bdefa33749,weakening,weakening_b2,10,2,OPTIMAL,0,6,6,sat,1.9189596109999911,,52629812c5923a7da49fa58adeebe5673620f5e3a76098920a1fa5bd72921a8e,ce4ff0b9c509b10ee3bdf30514e42bb23b193658cb9a9102f964eae89142b342,0,rq1-exact-623-20260926-5x,0
weakening/weaken_antecedent/weaken_antecedent_10_15_15.trace,451412990dd1f0e22fa7,weakening,weakening_b2,10,2,OPTIMAL,0,6,1,unsat,0.10840616999848862,,0432d8e26aba00bb425cb163655a7dc602345dfe787cafee243706fb83b9298a,,0,rq1-exact-623-20260926-5x,0
weakening/weaken_antecedent/weaken_antecedent_10_15_15.trace,451412990dd1f0e22fa7,weakening,weakening_b2,10,2,OPTIMAL,0,6,2,unsat,0.44193878899932315,,dbe9313de152d0899b995cb9ffbe7d5c72e470821a0894b1a03fb363c60b2510,,0,rq1-exact-623-20260926-5x,0
weakening/weaken_antecedent/weaken_antecedent_10_15_15.trace,451412990dd1f0e22fa7,weakening,weakening_b2,10,2,OPTIMAL,0,6,3,unsat,0.8628938129986636,,b39e68ae78e2c8480992f7fca95189fe551efe35680809ccf1f91050c3d3edf8,,0,rq1-exact-623-20260926-5x,0
weakening/weaken_antecedent/weaken_antecedent_10_15_15.trace,451412990dd1f0e22fa7,weakening,weakening_b2,10,2,OPTIMAL,0,6,4,unsat,1.4287670210014767,,06b6e8b9176e90e4d4423e8a24a462b35898e2f3683fcdebc27de9fff971c4aa,,0,rq1-exact-623-20260926-5x,0
weakening/weaken_antecedent/weaken_antecedent_10_15_15.trace,451412990dd1f0e22fa7,weakening,weakening_b2,10,2,OPTIMAL,0,6,5,unsat,2.1320356849992095,,299acdcc0726c6f2b610c76a6a2ce8a324f2361df81cd5b16c36c25af15ab79b,,0,rq1-exact-623-20260926-5x,0
weakening/weaken_antecedent/weaken_antecedent_10_15_15.trace,451412990dd1f0e22fa7,weakening,weakening_b2,10,2,OPTIMAL,0,6,6,sat,2.9577726959996653,,6b01cf5e599e4b81bdad39052cd69d7b76dedbf39735be525298afbd39f0cefd,7fc5cc0ecb8d1db49a8711e0de40867e76afce4dbd1b701a730bcd6976afc712,0,rq1-exact-623-20260926-5x,0
weakening/weaken_antecedent/weaken_antecedent_10_20_20.trace,fecfc3a8b55bf72b01ba,weakening,weakening_b2,10,2,OPTIMAL,0,6,1,unsat,0.137278731999686,,05ae8930ade7095688aadfc6ba3ce7aae6f2ca1c18e92f5f99e38b95c5376e53,,0,rq1-exact-623-20260926-5x,0
weakening/weaken_antecedent/weaken_antecedent_10_20_20.trace,fecfc3a8b55bf72b01ba,weakening,weakening_b2,10,2,OPTIMAL,0,6,2,unsat,0.5893593869986944,,242a7b9e9a82cc87c8e6001e135e39ba6e94876400472fd411b0c01d56010459,,0,rq1-exact-623-20260926-5x,0
weakening/weaken_antecedent/weaken_antecedent_10_20_20.trace,fecfc3a8b55bf72b01ba,weakening,weakening_b2,10,2,OPTIMAL,0,6,3,unsat,1.1572698460004176,,6e632a8c01e366ebaeb57243f26110f9e009cf48c21cb028a78ef2435bb38da4,,0,rq1-exact-623-20260926-5x,0
weakening/weaken_antecedent/weaken_antecedent_10_20_20.trace,fecfc3a8b55bf72b01ba,weakening,weakening_b2,10,2,OPTIMAL,0,6,4,unsat,1.940750730000218,,f2be58c068c34edc97a1d5758a4a34d8a7f0a7a3fc6fcb12a7e9bda47c36ca9d,,0,rq1-exact-623-20260926-5x,0
weakening/weaken_antecedent/weaken_antecedent_10_20_20.trace,fecfc3a8b55bf72b01ba,weakening,weakening_b2,10,2,OPTIMAL,0,6,5,unsat,2.886440545998994,,f67fd58cb5d21545d7c0d92041e50b143cfa82cf4c39c089cf4276984cb8d085,,0,rq1-exact-623-20260926-5x,0
weakening/weaken_antecedent/weaken_antecedent_10_20_20.trace,fecfc3a8b55bf72b01ba,weakening,weakening_b2,10,2,OPTIMAL,0,6,6,sat,4.08122247099891,,f28303c2c811b10dfe42745880781fe25762d35275eec316bf794907a9abadc3,d688d114bc9fe11ef5116110e38ca11f7bdf6746134c898eb1447720e707ea40,0,rq1-exact-623-20260926-5x,0
weakening/weaken_antecedent/weaken_antecedent_10_25_25.trace,e77c3193677b9a99e55e,weakening,weakening_b2,10,2,OPTIMAL,0,6,1,unsat,0.17113803700158314,,e7b82096d065c61a331d820dde4c7306bde8b77075a2e6aefaed28db1d127ec0,,0,rq1-exact-623-20260926-5x,0
weakening/weaken_antecedent/weaken_antecedent_10_25_25.trace,e77c3193677b9a99e55e,weakening,weakening_b2,10,2,OPTIMAL,0,6,2,unsat,0.7511126670015074,,cf9562c1ab834bd89cd5e56d733d00fb66be641a22f0e4d4eb2fbf0e803d1323,,0,rq1-exact-623-20260926-5x,0
weakening/weaken_antecedent/weaken_antecedent_10_25_25.trace,e77c3193677b9a99e55e,weakening,weakening_b2,10,2,OPTIMAL,0,6,3,unsat,1.4691268429996853,,371ef4fa94e6bacd03ced3a8665d956fcada69b9ae1b6832945b010a09209d78,,0,rq1-exact-623-20260926-5x,0
weakening/weaken_antecedent/weaken_antecedent_10_25_25.trace,e77c3193677b9a99e55e,weakening,weakening_b2,10,2,OPTIMAL,0,6,4,unsat,2.4256913810004335,,1f2dcc44d3c09f6291e4ba690cb1b11fb0c2a9f733c2b6c2d8944fcdb5d0da31,,0,rq1-exact-623-20260926-5x,0
weakening/weaken_antecedent/weaken_antecedent_10_25_25.trace,e77c3193677b9a99e55e,weakening,weakening_b2,10,2,OPTIMAL,0,6,5,unsat,3.548343153001042,,31766c4d7b015b4177b074e89e38e5b02f28c1288ee40487d9a04ead5d538a8d,,0,rq1-exact-623-20260926-5x,0
weakening/weaken_antecedent/weaken_antecedent_10_25_25.trace,e77c3193677b9a99e55e,weakening,weakening_b2,10,2,OPTIMAL,0,6,6,sat,4.971608044999812,,08d8d8fe557348fb5faf4912ac2f5d2763a80222570ed820e810ee218cf87ba6,7fc5cc0ecb8d1db49a8711e0de40867e76afce4dbd1b701a730bcd6976afc712,0,rq1-exact-623-20260926-5x,0
weakening/weaken_antecedent/weaken_antecedent_10_30_30.trace,e34dfadd98fff0afca4f,weakening,weakening_b2,10,2,OPTIMAL,0,6,1,unsat,0.1955220929994539,,4084036a031558fc2fd8ecaee1bf33c0684f8996745b2d12fe050c15f9e32c63,,0,rq1-exact-623-20260926-5x,0
weakening/weaken_antecedent/weaken_antecedent_10_30_30.trace,e34dfadd98fff0afca4f,weakening,weakening_b2,10,2,OPTIMAL,0,6,2,unsat,0.8828383749996647,,b6ba46745e5e5d9aac1aba56e257ab6154a608c0b295d5479af8cb5e7839e235,,0,rq1-exact-623-20260926-5x,0
weakening/weaken_antecedent/weaken_antecedent_10_30_30.trace,e34dfadd98fff0afca4f,weakening,weakening_b2,10,2,OPTIMAL,0,6,3,unsat,1.7149898180005039,,7587fadb874713983ab52bc173680eba1d3bb2244b46842f4dfa6405a064a79d,,0,rq1-exact-623-20260926-5x,0
weakening/weaken_antecedent/weaken_antecedent_10_30_30.trace,e34dfadd98fff0afca4f,weakening,weakening_b2,10,2,OPTIMAL,0,6,4,unsat,2.8422059960003025,,28ab959ab4bde384d07e3f30ff10a1aa07f99b84f7c2563966d2d3071892bcdc,,0,rq1-exact-623-20260926-5x,0
weakening/weaken_antecedent/weaken_antecedent_10_30_30.trace,e34dfadd98fff0afca4f,weakening,weakening_b2,10,2,OPTIMAL,0,6,5,unsat,4.231493364000016,,77cdd7b3c8d9d6ecbdb8a59ae2db654f4c5a0f7229dce3635d201b2437830501,,0,rq1-exact-623-20260926-5x,0
weakening/weaken_antecedent/weaken_antecedent_10_30_30.trace,e34dfadd98fff0afca4f,weakening,weakening_b2,10,2,OPTIMAL,0,6,6,sat,6.027861161999681,,e782c0358503cd9cb9ab8a41bed94d54bc47a49a01a20f03df6cdb6917697b27,6c4bdab268727f46facf6231f7a1c47663cadafeca3dc6967b1abf35f6c74710,0,rq1-exact-623-20260926-5x,0
weakening/weaken_antecedent/weaken_antecedent_10_35_35.trace,9e026bb3cd6c0def732b,weakening,weakening_b2,10,2,OPTIMAL,0,6,1,unsat,0.22563500900105282,,2ed621ba1ce59c73909f58330da335b6c324f28948ec313bf44bd64149c296cb,,0,rq1-exact-623-20260926-5x,0
weakening/weaken_antecedent/weaken_antecedent_10_35_35.trace,9e026bb3cd6c0def732b,weakening,weakening_b2,10,2,OPTIMAL,0,6,2,unsat,1.0331178269989323,,df1d43cff9ce0a663f1157ea021c41950650111418aec837e8f28574be599bf2,,0,rq1-exact-623-20260926-5x,0
weakening/weaken_antecedent/weaken_antecedent_10_35_35.trace,9e026bb3cd6c0def732b,weakening,weakening_b2,10,2,OPTIMAL,0,6,3,unsat,2.0086882670002524,,fdbbc2457aa3697ccb9b5c7d902975bfcbc05aaed0c9645c4eab0c4331cdf4b3,,0,rq1-exact-623-20260926-5x,0
weakening/weaken_antecedent/weaken_antecedent_10_35_35.trace,9e026bb3cd6c0def732b,weakening,weakening_b2,10,2,OPTIMAL,0,6,4,unsat,3.351877955001328,,9c2f6e186175de186caecf55205b856800108f3f4e91a2966949a492fab3ff43,,0,rq1-exact-623-20260926-5x,0
weakening/weaken_antecedent/weaken_antecedent_10_35_35.trace,9e026bb3cd6c0def732b,weakening,weakening_b2,10,2,OPTIMAL,0,6,5,unsat,4.98845624400019,,0c1666ebbaec5bb086297eb78a9b96f51d9be94923cb0e301dea14282c8bea21,,0,rq1-exact-623-20260926-5x,0
weakening/weaken_antecedent/weaken_antecedent_10_35_35.trace,9e026bb3cd6c0def732b,weakening,weakening_b2,10,2,OPTIMAL,0,6,6,sat,7.18461994000063,,2cec80b8e021dbf230c243a955a86f9e41e40a38aa035fbc0faf297b7b56addf,d688d114bc9fe11ef5116110e38ca11f7bdf6746134c898eb1447720e707ea40,0,rq1-exact-623-20260926-5x,0
weakening/weaken_antecedent/weaken_antecedent_10_40_40.trace,79534239429b93cc2f46,weakening,weakening_b2,10,2,OPTIMAL,0,6,1,unsat,0.2542164099995716,,d16a7b414ac33eb22e426fcea7d0d2a43d6f4c4c08efccd4b0b3f683db3dd7f8,,0,rq1-exact-623-20260926-5x,0
weakening/weaken_antecedent/weaken_antecedent_10_40_40.trace,79534239429b93cc2f46,weakening,weakening_b2,10,2,OPTIMAL,0,6,2,unsat,1.1761763119993702,,cb7dfed3376ac1df162844e47acd5ab5791aa6e71db2e7a6b95802d0a5a9933e,,0,rq1-exact-623-20260926-5x,0
weakening/weaken_antecedent/weaken_antecedent_10_40_40.trace,79534239429b93cc2f46,weakening,weakening_b2,10,2,OPTIMAL,0,6,3,unsat,2.3158889390015247,,449a7408045f5baca5dceae1e842786a7bf73859ff0d1b80ba7d3541ab506f7c,,0,rq1-exact-623-20260926-5x,0
weakening/weaken_antecedent/weaken_antecedent_10_40_40.trace,79534239429b93cc2f46,weakening,weakening_b2,10,2,OPTIMAL,0,6,4,unsat,3.8491585770007077,,bc1b710879feea94827b7a104f8bc6a59c9da797efb4e0851ec3464f46c3dfda,,0,rq1-exact-623-20260926-5x,0
weakening/weaken_antecedent/weaken_antecedent_10_40_40.trace,79534239429b93cc2f46,weakening,weakening_b2,10,2,OPTIMAL,0,6,5,unsat,5.722934985999018,,6fe3227453d76dd626d396083b495ec8231fcafc8c0ff7b9f3561f07512e9290,,0,rq1-exact-623-20260926-5x,0
weakening/weaken_antecedent/weaken_antecedent_10_40_40.trace,79534239429b93cc2f46,weakening,weakening_b2,10,2,OPTIMAL,0,6,6,sat,8.447149608000473,,a9a528a4eb1457e4dd2e5aacd2966614e208ef893b83b017341924109d18ccb2,ce4ff0b9c509b10ee3bdf30514e42bb23b193658cb9a9102f964eae89142b342,0,rq1-exact-623-20260926-5x,0
weakening/weaken_antecedent/weaken_antecedent_10_45_45.trace,78aaca1d0dbddbe016a6,weakening,weakening_b2,10,2,OPTIMAL,0,6,1,unsat,0.2924384279995138,,06b5231d1cc4412f38ab2a203ae1b7d16ae753b90e75cc5b72bab4a1c55934ce,,0,rq1-exact-623-20260926-5x,0
weakening/weaken_antecedent/weaken_antecedent_10_45_45.trace,78aaca1d0dbddbe016a6,weakening,weakening_b2,10,2,OPTIMAL,0,6,2,unsat,1.353908147000766,,f1387d975a647fbac291106b41a5fbc4e2f390d7b1d0502f37ed5f98378adb81,,0,rq1-exact-623-20260926-5x,0
weakening/weaken_antecedent/weaken_antecedent_10_45_45.trace,78aaca1d0dbddbe016a6,weakening,weakening_b2,10,2,OPTIMAL,0,6,3,unsat,2.641369869999835,,794076202b4ea7cae32cf4baa759d8da03d263f8367cb1547bcd18a667fa5dcd,,0,rq1-exact-623-20260926-5x,0
weakening/weaken_antecedent/weaken_antecedent_10_45_45.trace,78aaca1d0dbddbe016a6,weakening,weakening_b2,10,2,OPTIMAL,0,6,4,unsat,4.423297408999133,,ec37c2a05bd1578642d3b5ae173c9cbcf951d92e21e5e11c96076763be866884,,0,rq1-exact-623-20260926-5x,0
weakening/weaken_antecedent/weaken_antecedent_10_45_45.trace,78aaca1d0dbddbe016a6,weakening,weakening_b2,10,2,OPTIMAL,0,6,5,unsat,6.5752942909984995,,d32329fa0773c17e4de050f99ca35c8168dc081241a294240b2e9fc3ed4db0d9,,0,rq1-exact-623-20260926-5x,0
weakening/weaken_antecedent/weaken_antecedent_10_45_45.trace,78aaca1d0dbddbe016a6,weakening,weakening_b2,10,2,OPTIMAL,0,6,6,sat,9.645844737000516,,5cb4fa8c2d8ef7defcdf50722b21f2a8cadead4763c3597a0328a33ef44c075e,05a21db2bc36697663308be46c5ef2a140fcf05024688590be8389bd85008ea5,0,rq1-exact-623-20260926-5x,0
weakening/weaken_antecedent/weaken_antecedent_10_50_50.trace,6647e3534ca7a3803f98,weakening,weakening_b2,10,2,OPTIMAL,0,6,1,unsat,0.3174172239996551,,57b26a51256464bb54dfc75f9d4f9805898964fc5c78c638bf787767dcc2a701,,0,rq1-exact-623-20260926-5x,0
weakening/weaken_antecedent/weaken_antecedent_10_50_50.trace,6647e3534ca7a3803f98,weakening,weakening_b2,10,2,OPTIMAL,0,6,2,unsat,1.4832438840003306,,3776f34bffcf18e890e423451ac660999e5e5e267a81a0a31cb062d51ef37313,,0,rq1-exact-623-20260926-5x,0
weakening/weaken_antecedent/weaken_antecedent_10_50_50.trace,6647e3534ca7a3803f98,weakening,weakening_b2,10,2,OPTIMAL,0,6,3,unsat,2.89594814100019,,b069f1410f90241b43e8aff58ce7de7be87c1d36c80d236939835fd635444cc0,,0,rq1-exact-623-20260926-5x,0
weakening/weaken_antecedent/weaken_antecedent_10_50_50.trace,6647e3534ca7a3803f98,weakening,weakening_b2,10,2,OPTIMAL,0,6,4,unsat,4.8191392379994795,,6c7e4755ed2a12a091b5259c14784152f8f622da546d7d8d88139aa69f815126,,0,rq1-exact-623-20260926-5x,0
weakening/weaken_antecedent/weaken_antecedent_10_50_50.trace,6647e3534ca7a3803f98,weakening,weakening_b2,10,2,OPTIMAL,0,6,5,unsat,7.172764369999641,,323158516b0c4a140c6b2ea2798cd78d6e9cbc8e80a4d6c432e5492ec7d0bb00,,0,rq1-exact-623-20260926-5x,0
weakening/weaken_antecedent/weaken_antecedent_10_50_50.trace,6647e3534ca7a3803f98,weakening,weakening_b2,10,2,OPTIMAL,0,6,6,sat,10.884262847999707,,5aef7ce45fc66dede8d033f99a4aec9675ff10f618320bb1d18c059e597014a8,05a21db2bc36697663308be46c5ef2a140fcf05024688590be8389bd85008ea5,0,rq1-exact-623-20260926-5x,0
weakening/weaken_antecedent/weaken_antecedent_10_55_55.trace,bb10f2465cd5320093b6,weakening,weakening_b2,10,2,OPTIMAL,0,6,1,unsat,0.3440414550004789,,d7db95f6fc98f4274d11d7f9ccda0420cc4ea987ea61ab977c7cb2553dd6740d,,0,rq1-exact-623-20260926-5x,0
weakening/weaken_antecedent/weaken_antecedent_10_55_55.trace,bb10f2465cd5320093b6,weakening,weakening_b2,10,2,OPTIMAL,0,6,2,unsat,1.6347110400001839,,d178e9bff4bdb8ef8d57660b696dc7fe152597de988a162a41f478c4121ca0ba,,0,rq1-exact-623-20260926-5x,0
weakening/weaken_antecedent/weaken_antecedent_10_55_55.trace,bb10f2465cd5320093b6,weakening,weakening_b2,10,2,OPTIMAL,0,6,3,unsat,3.1927700550004374,,580709a35603b368b9fe454fee4176b6c04389d1de1367d1d1b22d896ac2b948,,0,rq1-exact-623-20260926-5x,0
weakening/weaken_antecedent/weaken_antecedent_10_55_55.trace,bb10f2465cd5320093b6,weakening,weakening_b2,10,2,OPTIMAL,0,6,4,unsat,5.3680785879987525,,5b204bf639cbf031dfa1cbe772be476f4790db9edf5d7243a952b1279617b15d,,0,rq1-exact-623-20260926-5x,0
weakening/weaken_antecedent/weaken_antecedent_10_55_55.trace,bb10f2465cd5320093b6,weakening,weakening_b2,10,2,OPTIMAL,0,6,5,unsat,7.952374399001201,,9a15e6f3b709fda4dfb24b8ce55f18394df67104f5c10062edf58d6355cbc9b4,,0,rq1-exact-623-20260926-5x,0
weakening/weaken_antecedent/weaken_antecedent_10_55_55.trace,bb10f2465cd5320093b6,weakening,weakening_b2,10,2,OPTIMAL,0,6,6,sat,11.331729925999753,,80edef44f8441e8fe02fbcb2ea0c59e3fda2941b3487578336c990927352a01e,d688d114bc9fe11ef5116110e38ca11f7bdf6746134c898eb1447720e707ea40,0,rq1-exact-623-20260926-5x,0
weakening/weaken_antecedent/weaken_antecedent_10_5_5.trace,57cfdb895280cec1f973,weakening,weakening_b2,10,2,OPTIMAL,0,6,1,unsat,0.04817156700119085,,ede933e1a1364756c389d0482214fee025bc67ed448ac6f2bb5aa2915a405a35,,0,rq1-exact-623-20260926-5x,0
weakening/weaken_antecedent/weaken_antecedent_10_5_5.trace,57cfdb895280cec1f973,weakening,weakening_b2,10,2,OPTIMAL,0,6,2,unsat,0.14923187600106758,,088e2a3ce19f5cc172659fe57e8ad7ae93ed00865b8c247e2869982a3a1ce056,,0,rq1-exact-623-20260926-5x,0
weakening/weaken_antecedent/weaken_antecedent_10_5_5.trace,57cfdb895280cec1f973,weakening,weakening_b2,10,2,OPTIMAL,0,6,3,unsat,0.2880483250010002,,45fac47ce3ae4c465d3a48ef788bfb6526a4975c4fdb48c4c48cb1b5ffcf2509,,0,rq1-exact-623-20260926-5x,0
weakening/weaken_antecedent/weaken_antecedent_10_5_5.trace,57cfdb895280cec1f973,weakening,weakening_b2,10,2,OPTIMAL,0,6,4,unsat,0.47677529500106175,,c9eb8d1713615fabb29d1fdf73ffbe71dec6f257af6d14d61489e30c15c6dc61,,0,rq1-exact-623-20260926-5x,0
weakening/weaken_antecedent/weaken_antecedent_10_5_5.trace,57cfdb895280cec1f973,weakening,weakening_b2,10,2,OPTIMAL,0,6,5,unsat,0.7017589049992239,,ad912a029d64fdc9473e7c793c1920b36ebb16a28d720ab53dfc3dd5436fa10c,,0,rq1-exact-623-20260926-5x,0
weakening/weaken_antecedent/weaken_antecedent_10_5_5.trace,57cfdb895280cec1f973,weakening,weakening_b2,10,2,OPTIMAL,0,6,6,sat,0.9706113060001371,,de91cfb9668ed281013d7ce87938451d99a130083da64e401951ba17aef7f124,ca6e819a01c59e40965f67709220259ac05025a8dc83d17e3336c94b196d05fc,0,rq1-exact-623-20260926-5x,0
weakening/weaken_antecedent/weaken_antecedent_10_60_60.trace,50947d4aeb6a0af208a7,weakening,weakening_b2,10,2,OPTIMAL,0,6,1,unsat,0.3787327549998736,,682e2702740b1fc4c788cd3dbdd04df0a11a0a378b8478aa94ba85aab5e71da2,,0,rq1-exact-623-20260926-5x,0
weakening/weaken_antecedent/weaken_antecedent_10_60_60.trace,50947d4aeb6a0af208a7,weakening,weakening_b2,10,2,OPTIMAL,0,6,2,unsat,1.8087358089996997,,c4c5d536b5496b62da3ded7fe783194e6a68b913532116c1bff86bc3cb75a7ef,,0,rq1-exact-623-20260926-5x,0
weakening/weaken_antecedent/weaken_antecedent_10_60_60.trace,50947d4aeb6a0af208a7,weakening,weakening_b2,10,2,OPTIMAL,0,6,3,unsat,3.5177906139997503,,48afff46ea11855e8248d8b8e83f15a5a5917e0708b896fa5583bb9d11539f40,,0,rq1-exact-623-20260926-5x,0
weakening/weaken_antecedent/weaken_antecedent_10_60_60.trace,50947d4aeb6a0af208a7,weakening,weakening_b2,10,2,OPTIMAL,0,6,4,unsat,5.867351156000041,,744ebb04ce221940cb6451d3067b83631cc34537e8e06053bc63186bd4aabb57,,0,rq1-exact-623-20260926-5x,0
weakening/weaken_antecedent/weaken_antecedent_10_60_60.trace,50947d4aeb6a0af208a7,weakening,weakening_b2,10,2,OPTIMAL,0,6,5,unsat,8.75884354200025,,3a3a713ba4276876a7c1248a50f22c4033d9278a1aefff977e5a5d504ed70f87,,0,rq1-exact-623-20260926-5x,0
weakening/weaken_antecedent/weaken_antecedent_10_60_60.trace,50947d4aeb6a0af208a7,weakening,weakening_b2,10,2,OPTIMAL,0,6,6,sat,12.99655513000016,,479f1559f10e595c4af2f0dd4dd7653345829e3ced1f01f16d44e5ac09bf7a17,ca6e819a01c59e40965f67709220259ac05025a8dc83d17e3336c94b196d05fc,0,rq1-exact-623-20260926-5x,0
weakening/weaken_antecedent/weaken_antecedent_10_65_65.trace,61612fb7e2ae4d2b81d5,weakening,weakening_b2,10,2,OPTIMAL,0,6,1,unsat,0.4033814689992141,,498f96a330856195842f6319ff61ebc3aeaf635a1e1390d4e7d81c643dd2cb92,,0,rq1-exact-623-20260926-5x,0
weakening/weaken_antecedent/weaken_antecedent_10_65_65.trace,61612fb7e2ae4d2b81d5,weakening,weakening_b2,10,2,OPTIMAL,0,6,2,unsat,1.9310696809989167,,dc74c7da0c0db9ea47188729d9a07f62c9d6b78256cc66ed38b757b93fe4ca99,,0,rq1-exact-623-20260926-5x,0
weakening/weaken_antecedent/weaken_antecedent_10_65_65.trace,61612fb7e2ae4d2b81d5,weakening,weakening_b2,10,2,OPTIMAL,0,6,3,unsat,3.7747648549993755,,181af26937f5a9093b08153d279699b24b448a1effa101a67ffad6d0c7866096,,0,rq1-exact-623-20260926-5x,0
weakening/weaken_antecedent/weaken_antecedent_10_65_65.trace,61612fb7e2ae4d2b81d5,weakening,weakening_b2,10,2,OPTIMAL,0,6,4,unsat,6.3087281710013485,,1e4ce8235d3b387ca0cc0d905b9db98f1505ff2225a57cf8b50bec6d35f94d25,,0,rq1-exact-623-20260926-5x,0
weakening/weaken_antecedent/weaken_antecedent_10_65_65.trace,61612fb7e2ae4d2b81d5,weakening,weakening_b2,10,2,OPTIMAL,0,6,5,unsat,9.494025257999965,,ba8f5cb33e8dbd01567c3ce3f604fa657c9fc5cffefe920c4d75f516f81e2fc1,,0,rq1-exact-623-20260926-5x,0
weakening/weaken_antecedent/weaken_antecedent_10_65_65.trace,61612fb7e2ae4d2b81d5,weakening,weakening_b2,10,2,OPTIMAL,0,6,6,sat,13.38127268900098,,750011e06ea6d1c962a6347bb40b04ea57299a52a69ec1b2187148f5dd17c6bf,7fc5cc0ecb8d1db49a8711e0de40867e76afce4dbd1b701a730bcd6976afc712,0,rq1-exact-623-20260926-5x,0
weakening/weaken_antecedent/weaken_antecedent_10_70_70.trace,e63a70abe0f251729484,weakening,weakening_b2,10,2,OPTIMAL,0,6,1,unsat,0.438410995000595,,d84fd467ffb5670634858e0c7616cf6971c1e9b0fe2a6ff7e013e9d81cbc0565,,0,rq1-exact-623-20260926-5x,0
weakening/weaken_antecedent/weaken_antecedent_10_70_70.trace,e63a70abe0f251729484,weakening,weakening_b2,10,2,OPTIMAL,0,6,2,unsat,2.095373683998332,,c08cdfe844841217b8dcd20d745f4cb863ad8ad950c31e4374e0d3b1e8e2ae36,,0,rq1-exact-623-20260926-5x,0
weakening/weaken_antecedent/weaken_antecedent_10_70_70.trace,e63a70abe0f251729484,weakening,weakening_b2,10,2,OPTIMAL,0,6,3,unsat,4.072945386000356,,f2df12516f28704a5480bdc44be48d14198202d71069630bbb238ee80fb3f570,,0,rq1-exact-623-20260926-5x,0
weakening/weaken_antecedent/weaken_antecedent_10_70_70.trace,e63a70abe0f251729484,weakening,weakening_b2,10,2,OPTIMAL,0,6,4,unsat,6.802336127000672,,2f8604edcd72311454001348ff5271dbfe3b9807d46382943d3d4a2a30fac6ca,,0,rq1-exact-623-20260926-5x,0
weakening/weaken_antecedent/weaken_antecedent_10_70_70.trace,e63a70abe0f251729484,weakening,weakening_b2,10,2,OPTIMAL,0,6,5,unsat,10.130587105999439,,004cbc31b71c1afef1b43d307f7b12cc9624366cfacc37575b1b95b8b542e1ac,,0,rq1-exact-623-20260926-5x,0
weakening/weaken_antecedent/weaken_antecedent_10_70_70.trace,e63a70abe0f251729484,weakening,weakening_b2,10,2,OPTIMAL,0,6,6,sat,14.32022260299891,,a95fa75454f2cfb25f8927f8fcc6bad3692d0db60bb43b01edcf318a1b1d244d,d688d114bc9fe11ef5116110e38ca11f7bdf6746134c898eb1447720e707ea40,0,rq1-exact-623-20260926-5x,0
weakening/weaken_antecedent/weaken_antecedent_10_75_75.trace,2718f54d9882d74790c7,weakening,weakening_b2,10,2,OPTIMAL,0,6,1,unsat,0.4598319579999952,,644d42cc61e5879cc4061a66d6fbb94e32119b79a4a3b64d64863717e17cbc5e,,0,rq1-exact-623-20260926-5x,0
weakening/weaken_antecedent/weaken_antecedent_10_75_75.trace,2718f54d9882d74790c7,weakening,weakening_b2,10,2,OPTIMAL,0,6,2,unsat,2.2010915060000116,,48a147a69c15074e21bb9775adeb88fcde1d240068c698a034a5dde48a40622d,,0,rq1-exact-623-20260926-5x,0
weakening/weaken_antecedent/weaken_antecedent_10_75_75.trace,2718f54d9882d74790c7,weakening,weakening_b2,10,2,OPTIMAL,0,6,3,unsat,4.301946816000054,,dc44d31c12ae62f76e94196a961dd9db1f124dbeb7cbe014f776fdb813bf3d0f,,0,rq1-exact-623-20260926-5x,0
weakening/weaken_antecedent/weaken_antecedent_10_75_75.trace,2718f54d9882d74790c7,weakening,weakening_b2,10,2,OPTIMAL,0,6,4,unsat,7.077421355999832,,d84b66c3cafe28881f14e675b1f4f57c5e9df76a4f5a8c14c6bcc284eb65548f,,0,rq1-exact-623-20260926-5x,0
weakening/weaken_antecedent/weaken_antecedent_10_75_75.trace,2718f54d9882d74790c7,weakening,weakening_b2,10,2,OPTIMAL,0,6,5,unsat,10.698937512999692,,68868b3800b93a9434eda0af527940b788c1d1977d31dfc9626f5cd913339072,,0,rq1-exact-623-20260926-5x,0
weakening/weaken_antecedent/weaken_antecedent_10_75_75.trace,2718f54d9882d74790c7,weakening,weakening_b2,10,2,OPTIMAL,0,6,6,sat,15.695754423000835,,51d4973b012be2da4dcdfb0bd7050e697aac3b452e01446096418523ce0a1c0b,d688d114bc9fe11ef5116110e38ca11f7bdf6746134c898eb1447720e707ea40,0,rq1-exact-623-20260926-5x,0
weakening/weaken_antecedent/weaken_antecedent_10_80_80.trace,ad6f0e498f917f8cdc0a,weakening,weakening_b2,10,2,OPTIMAL,0,6,1,unsat,0.4947380140001769,,499e8d5517d4d6157a36a1646dae4f9b580a247da870818090c51408a53d645f,,0,rq1-exact-623-20260926-5x,0
weakening/weaken_antecedent/weaken_antecedent_10_80_80.trace,ad6f0e498f917f8cdc0a,weakening,weakening_b2,10,2,OPTIMAL,0,6,2,unsat,2.4189499789990805,,e76a934e8a207febedbfb52cd58e0e49cf967acc60292a09272a20f7ac0e6b18,,0,rq1-exact-623-20260926-5x,0
weakening/weaken_antecedent/weaken_antecedent_10_80_80.trace,ad6f0e498f917f8cdc0a,weakening,weakening_b2,10,2,OPTIMAL,0,6,3,unsat,4.692725646998952,,3c4fe2a1f314231431cab8f719b808263d69ed736419a6e8f6cbc1d18201dddf,,0,rq1-exact-623-20260926-5x,0
weakening/weaken_antecedent/weaken_antecedent_10_80_80.trace,ad6f0e498f917f8cdc0a,weakening,weakening_b2,10,2,OPTIMAL,0,6,4,unsat,7.850648741999976,,884c358fe61748857b56ab3abc20e4c0ccb715ec55755fdb3188c0ff6167dcef,,0,rq1-exact-623-20260926-5x,0
weakening/weaken_antecedent/weaken_antecedent_10_80_80.trace,ad6f0e498f917f8cdc0a,weakening,weakening_b2,10,2,OPTIMAL,0,6,5,unsat,11.592331822001142,,03e4271337f7a16313e859bbec9805122af5d491443cfbc553a2437115f52832,,0,rq1-exact-623-20260926-5x,0
weakening/weaken_antecedent/weaken_antecedent_10_80_80.trace,ad6f0e498f917f8cdc0a,weakening,weakening_b2,10,2,OPTIMAL,0,6,6,sat,16.980712073998802,,bdce6302f92d40728e046ec8eaee0bf681e3c680dcdf24c4b077535cbb6f88cf,1fe94bf28269d22f7e39e294715492609b6c4ff38faae52db1ad508852f5189e,0,rq1-exact-623-20260926-5x,0
weakening/weaken_antecedent/weaken_antecedent_10_85_85.trace,bfc76f8bc09c5a408da0,weakening,weakening_b2,10,2,OPTIMAL,0,6,1,unsat,0.5127267059997394,,58ca62dfa0ff793406ca04a56a9490b3c8695cf04828fd1398ee5fc7848cc6d9,,0,rq1-exact-623-20260926-5x,0
weakening/weaken_antecedent/weaken_antecedent_10_85_85.trace,bfc76f8bc09c5a408da0,weakening,weakening_b2,10,2,OPTIMAL,0,6,2,unsat,2.4912780719987495,,885a577df42fbab2997c9a2bcd987c571c5ef54fd722a3e7a2b6453ea85993b7,,0,rq1-exact-623-20260926-5x,0
weakening/weaken_antecedent/weaken_antecedent_10_85_85.trace,bfc76f8bc09c5a408da0,weakening,weakening_b2,10,2,OPTIMAL,0,6,3,unsat,4.875896947000001,,22063fc137f223455c1e608993fa840806123a31b8945267010c10182b9f7dfa,,0,rq1-exact-623-20260926-5x,0
weakening/weaken_antecedent/weaken_antecedent_10_85_85.trace,bfc76f8bc09c5a408da0,weakening,weakening_b2,10,2,OPTIMAL,0,6,4,unsat,8.210177607999867,,5fa90930ec6ece1d415d5274a3019da4585fcedd58af2ae76d07a6afcbbab315,,0,rq1-exact-623-20260926-5x,0
weakening/weaken_antecedent/weaken_antecedent_10_85_85.trace,bfc76f8bc09c5a408da0,weakening,weakening_b2,10,2,OPTIMAL,0,6,5,unsat,12.263856714998838,,5dfdcc0e63c6c67437dd390d8931ec19f874b2240f548cab0e5ae4e0a4710b81,,0,rq1-exact-623-20260926-5x,0
weakening/weaken_antecedent/weaken_antecedent_10_85_85.trace,bfc76f8bc09c5a408da0,weakening,weakening_b2,10,2,OPTIMAL,0,6,6,sat,18.658363205999194,,4bcbdffc8b80bb576d61d7785c7214357ec65f4cc67f7f7783083a2d9801c21a,05a21db2bc36697663308be46c5ef2a140fcf05024688590be8389bd85008ea5,0,rq1-exact-623-20260926-5x,0
weakening/weaken_antecedent/weaken_antecedent_10_90_90.trace,30a46ff0334b550bbaf8,weakening,weakening_b2,10,2,OPTIMAL,0,6,1,unsat,0.5485564610007714,,0332ffc135821cb34c00f5827d6fb6a84f828390ab04ee7b0bf36a78cca6fb1d,,0,rq1-exact-623-20260926-5x,0
weakening/weaken_antecedent/weaken_antecedent_10_90_90.trace,30a46ff0334b550bbaf8,weakening,weakening_b2,10,2,OPTIMAL,0,6,2,unsat,2.6473623820002103,,71673c00c25fa5513b1061633af50e6232c471b9c636d4c973e75cde3b736251,,0,rq1-exact-623-20260926-5x,0
weakening/weaken_antecedent/weaken_antecedent_10_90_90.trace,30a46ff0334b550bbaf8,weakening,weakening_b2,10,2,OPTIMAL,0,6,3,unsat,5.207467013000496,,51e7024d41b57850cff8adde6d572c75ceb58c0837587745e78de789a4084f63,,0,rq1-exact-623-20260926-5x,0
weakening/weaken_antecedent/weaken_antecedent_10_90_90.trace,30a46ff0334b550bbaf8,weakening,weakening_b2,10,2,OPTIMAL,0,6,4,unsat,8.721612198000003,,1c0bd14c24140094171d9e0a33bc8e3dbb753f03630259db7dce7c96d6d4e443,,0,rq1-exact-623-20260926-5x,0
weakening/weaken_antecedent/weaken_antecedent_10_90_90.trace,30a46ff0334b550bbaf8,weakening,weakening_b2,10,2,OPTIMAL,0,6,5,unsat,13.116222328000731,,a42bf1d868fe18774e7f7d673ea105ef745e8822892166671573a1d0affb99cf,,0,rq1-exact-623-20260926-5x,0
weakening/weaken_antecedent/weaken_antecedent_10_90_90.trace,30a46ff0334b550bbaf8,weakening,weakening_b2,10,2,OPTIMAL,0,6,6,sat,18.696367631000612,,ffce8ab7598f1d346eebf82481ca695165ad4d272dd1ab4298c3f5a2485ba0ee,ce4ff0b9c509b10ee3bdf30514e42bb23b193658cb9a9102f964eae89142b342,0,rq1-exact-623-20260926-5x,0
weakening/weaken_antecedent/weaken_antecedent_10_95_95.trace,cc25f10c49139840dbf9,weakening,weakening_b2,10,2,OPTIMAL,0,6,1,unsat,0.5781912689999444,,8ee0ffe7cd12ad706ca954850b7e8b63eb3dd7019a65f80142a591dc8c01226c,,0,rq1-exact-623-20260926-5x,0
weakening/weaken_antecedent/weaken_antecedent_10_95_95.trace,cc25f10c49139840dbf9,weakening,weakening_b2,10,2,OPTIMAL,0,6,2,unsat,2.7866352139999435,,c4994aded3bfe77af217ebe578265eb0380ff7d407be98bab172a3f0836ac30e,,0,rq1-exact-623-20260926-5x,0
weakening/weaken_antecedent/weaken_antecedent_10_95_95.trace,cc25f10c49139840dbf9,weakening,weakening_b2,10,2,OPTIMAL,0,6,3,unsat,5.499932780000563,,1235b11b625a48e25ebdca5d66ecbaf240623865b36f53024d9d68b3845ab3d6,,0,rq1-exact-623-20260926-5x,0
weakening/weaken_antecedent/weaken_antecedent_10_95_95.trace,cc25f10c49139840dbf9,weakening,weakening_b2,10,2,OPTIMAL,0,6,4,unsat,9.193494885999826,,5596a298ee891becedf9638cc8244ad636b5a64f7e2fb850b1ccc97d0c4fc127,,0,rq1-exact-623-20260926-5x,0
weakening/weaken_antecedent/weaken_antecedent_10_95_95.trace,cc25f10c49139840dbf9,weakening,weakening_b2,10,2,OPTIMAL,0,6,5,unsat,13.580582911999954,,b470eacc56a51ff682fa20ed6ca80291f737dc4e64b4b938c2f502432153f928,,0,rq1-exact-623-20260926-5x,0
weakening/weaken_antecedent/weaken_antecedent_10_95_95.trace,cc25f10c49139840dbf9,weakening,weakening_b2,10,2,OPTIMAL,0,6,6,sat,19.992010736999873,,baf9b84cf11ca39e496664d8e34e78f74c6185aab7e5ec6eb59f4923305f7cd1,1fe94bf28269d22f7e39e294715492609b6c4ff38faae52db1ad508852f5189e,0,rq1-exact-623-20260926-5x,0
weakening/weaken_antecedent/weaken_antecedent_15_10_10.trace,90e98865fc7fc1ebc9ac,weakening,weakening_b2,10,2,OPTIMAL,0,6,1,unsat,0.11382835599943064,,3086465453f4982414bd46aed53a0d4f17cb817bb156e244bbd373a72c724dfa,,0,rq1-exact-623-20260926-5x,0
weakening/weaken_antecedent/weaken_antecedent_15_10_10.trace,90e98865fc7fc1ebc9ac,weakening,weakening_b2,10,2,OPTIMAL,0,6,2,unsat,0.47129648800000723,,51324a616f0bd1b8cce70985a44089ec208a96b33ea5d8af924da765df561486,,0,rq1-exact-623-20260926-5x,0
weakening/weaken_antecedent/weaken_antecedent_15_10_10.trace,90e98865fc7fc1ebc9ac,weakening,weakening_b2,10,2,OPTIMAL,0,6,3,unsat,0.9169011230005708,,e68f8f5ad7cf1203984a879a9d5262c1e266a9baa740bf1b3f405cc147202707,,0,rq1-exact-623-20260926-5x,0
weakening/weaken_antecedent/weaken_antecedent_15_10_10.trace,90e98865fc7fc1ebc9ac,weakening,weakening_b2,10,2,OPTIMAL,0,6,4,unsat,1.516577046000748,,f0fdf9edb3a9f60bc31dbe7f01ab81b65eb53d882e3c35c7909c61863800978a,,0,rq1-exact-623-20260926-5x,0
weakening/weaken_antecedent/weaken_antecedent_15_10_10.trace,90e98865fc7fc1ebc9ac,weakening,weakening_b2,10,2,OPTIMAL,0,6,5,unsat,2.2456003649986087,,fa2d46ce4bf9a79f4744132e1925e5bde920538d055af2e1329c2093fb48daf9,,0,rq1-exact-623-20260926-5x,0
weakening/weaken_antecedent/weaken_antecedent_15_10_10.trace,90e98865fc7fc1ebc9ac,weakening,weakening_b2,10,2,OPTIMAL,0,6,6,sat,3.0979599230013264,,8de39f0e92c3f8c8b2a5e95cbfcc81720f387adf1cdc011d625d39f44aee6205,05a21db2bc36697663308be46c5ef2a140fcf05024688590be8389bd85008ea5,0,rq1-exact-623-20260926-5x,0
weakening/weaken_antecedent/weaken_antecedent_20_10_10.trace,526fdbc4663984158625,weakening,weakening_b2,10,2,OPTIMAL,0,6,1,unsat,0.13607386700095958,,2e8efd64824e9e6f6186d7afb18956ee30c6b338e975786a08a8aae30de139a0,,0,rq1-exact-623-20260926-5x,0
weakening/weaken_antecedent/weaken_antecedent_20_10_10.trace,526fdbc4663984158625,weakening,weakening_b2,10,2,OPTIMAL,0,6,2,unsat,0.5870166200002132,,4bac3bec6559092fd34fc95ef8a930cf9933722a8589a65437ff232baedeb1e0,,0,rq1-exact-623-20260926-5x,0
weakening/weaken_antecedent/weaken_antecedent_20_10_10.trace,526fdbc4663984158625,weakening,weakening_b2,10,2,OPTIMAL,0,6,3,unsat,1.1407244160000118,,2c5a42bc273f4d114fe32bf3c2efbca6ffcc367f2aa8071a11bc40ca32387bd1,,0,rq1-exact-623-20260926-5x,0
weakening/weaken_antecedent/weaken_antecedent_20_10_10.trace,526fdbc4663984158625,weakening,weakening_b2,10,2,OPTIMAL,0,6,4,unsat,1.9027939500010689,,91a7bed9b26817a4666292fcd53de843be1bdd62c65b624d630901760f76c37f,,0,rq1-exact-623-20260926-5x,0
weakening/weaken_antecedent/weaken_antecedent_20_10_10.trace,526fdbc4663984158625,weakening,weakening_b2,10,2,OPTIMAL,0,6,5,unsat,2.7994810770014737,,654c4417b48057b72c7f63aaa2fa3497615ffeee17eae18ec4a6c986f38d355b,,0,rq1-exact-623-20260926-5x,0
weakening/weaken_antecedent/weaken_antecedent_20_10_10.trace,526fdbc4663984158625,weakening,weakening_b2,10,2,OPTIMAL,0,6,6,sat,4.005867125000805,,9b041d7a4b03b7025fe8d8b500db5d49b2eedf8b6892d352d9348f08ea48e3a3,1fe94bf28269d22f7e39e294715492609b6c4ff38faae52db1ad508852f5189e,0,rq1-exact-623-20260926-5x,0
weakening/weaken_antecedent/weaken_antecedent_25_10_10.trace,6fc698254d3ae6b826b0,weakening,weakening_b2,10,2,OPTIMAL,0,6,1,unsat,0.17171745399900828,,48c587d29c93f13214b3dd4286c3e4ff6ac28452e635a2fb06af7fb319c81ff6,,0,rq1-exact-623-20260926-5x,0
weakening/weaken_antecedent/weaken_antecedent_25_10_10.trace,6fc698254d3ae6b826b0,weakening,weakening_b2,10,2,OPTIMAL,0,6,2,unsat,0.7597889730004681,,efa492b8e9a0c4608da0d8895520578de8155a8c40d22572b8db1f8aaf49d512,,0,rq1-exact-623-20260926-5x,0
weakening/weaken_antecedent/weaken_antecedent_25_10_10.trace,6fc698254d3ae6b826b0,weakening,weakening_b2,10,2,OPTIMAL,0,6,3,unsat,1.4891995119996864,,6acfc3a8ea32e16e1640fc1ef09504d0cc209d292f137128a1c4b46eb388d075,,0,rq1-exact-623-20260926-5x,0
weakening/weaken_antecedent/weaken_antecedent_25_10_10.trace,6fc698254d3ae6b826b0,weakening,weakening_b2,10,2,OPTIMAL,0,6,4,unsat,2.4722299509994627,,d3d20a40b7536722da2286a629154ae8325ae28c94ab95dafcced8c7feb63208,,0,rq1-exact-623-20260926-5x,0
weakening/weaken_antecedent/weaken_antecedent_25_10_10.trace,6fc698254d3ae6b826b0,weakening,weakening_b2,10,2,OPTIMAL,0,6,5,unsat,3.63769441399927,,d511753c123ea5c3dd5fb73836767e92b5f5758d7f61aaecfd7d8e535e05e644,,0,rq1-exact-623-20260926-5x,0
weakening/weaken_antecedent/weaken_antecedent_25_10_10.trace,6fc698254d3ae6b826b0,weakening,weakening_b2,10,2,OPTIMAL,0,6,6,sat,5.1251232939994225,,10ea53b61ed71e90143521b6411b615de7a49a818f1fcbc8c7b009cb18ae4030,7fc5cc0ecb8d1db49a8711e0de40867e76afce4dbd1b701a730bcd6976afc712,0,rq1-exact-623-20260926-5x,0
weakening/weaken_antecedent/weaken_antecedent_30_10_10.trace,58cb4485935e36ebb776,weakening,weakening_b2,10,2,OPTIMAL,0,6,1,unsat,0.19690499500029546,,dbf6c1de2e102afdd5786911e8214da063e7568522202fddbd34cee9a11de76a,,0,rq1-exact-623-20260926-5x,0
weakening/weaken_antecedent/weaken_antecedent_30_10_10.trace,58cb4485935e36ebb776,weakening,weakening_b2,10,2,OPTIMAL,0,6,2,unsat,0.8856650300003821,,754ad3527855c288ad43d1846c8ffcb85848f5ec369ce8563236771b4b43512d,,0,rq1-exact-623-20260926-5x,0
weakening/weaken_antecedent/weaken_antecedent_30_10_10.trace,58cb4485935e36ebb776,weakening,weakening_b2,10,2,OPTIMAL,0,6,3,unsat,1.7279689599999983,,3d58ff01dd8c938a974f37f6ad79d8835dd801a2fd27b2ec5672af159a3f4c49,,0,rq1-exact-623-20260926-5x,0
weakening/weaken_antecedent/weaken_antecedent_30_10_10.trace,58cb4485935e36ebb776,weakening,weakening_b2,10,2,OPTIMAL,0,6,4,unsat,2.8583325849995163,,e922ac9b2045d26296e742bcaf55f39c927a45f7f5ee6dbd5edc03931fa37311,,0,rq1-exact-623-20260926-5x,0
weakening/weaken_antecedent/weaken_antecedent_30_10_10.trace,58cb4485935e36ebb776,weakening,weakening_b2,10,2,OPTIMAL,0,6,5,unsat,4.2950918469996395,,3dfd0a6f835e99c637ea8917d5678b0cd1869bd4d9616adf2ea71a4d2f87c88d,,0,rq1-exact-623-20260926-5x,0
weakening/weaken_antecedent/weaken_antecedent_30_10_10.trace,58cb4485935e36ebb776,weakening,weakening_b2,10,2,OPTIMAL,0,6,6,sat,6.169379331000528,,f7ead029596a0ebce30d39b7de548c905df9e72b8c33f5a4928588a24b92fbf8,1fe94bf28269d22f7e39e294715492609b6c4ff38faae52db1ad508852f5189e,0,rq1-exact-623-20260926-5x,0
weakening/weaken_antecedent/weaken_antecedent_35_10_10.trace,87f751a13660ef227768,weakening,weakening_b2,10,2,OPTIMAL,0,6,1,unsat,0.23121469800025807,,9949e44aa743808cdca94bd221309b526a3719aa24522dbc64593d05b1260a1d,,0,rq1-exact-623-20260926-5x,0
weakening/weaken_antecedent/weaken_antecedent_35_10_10.trace,87f751a13660ef227768,weakening,weakening_b2,10,2,OPTIMAL,0,6,2,unsat,1.0631956190009078,,cbcf849091760de9cd28f56d1f91b45017c803ad071158005f180b9c41c9fbcd,,0,rq1-exact-623-20260926-5x,0
weakening/weaken_antecedent/weaken_antecedent_35_10_10.trace,87f751a13660ef227768,weakening,weakening_b2,10,2,OPTIMAL,0,6,3,unsat,2.0697611159994267,,736b8991d42ec9953dddfbd927190890887c4dcfeed596897160bd082ad3afb7,,0,rq1-exact-623-20260926-5x,0
weakening/weaken_antecedent/weaken_antecedent_35_10_10.trace,87f751a13660ef227768,weakening,weakening_b2,10,2,OPTIMAL,0,6,4,unsat,3.4398875570004748,,d187b206131ea0ada9be51c990addbdcbbb911117af2f952dce430d31316f9fc,,0,rq1-exact-623-20260926-5x,0
weakening/weaken_antecedent/weaken_antecedent_35_10_10.trace,87f751a13660ef227768,weakening,weakening_b2,10,2,OPTIMAL,0,6,5,unsat,5.153360768999846,,13cd5542ed7b7fa82cf28350dcd19b2916cc775e653aa23370673419339d80d3,,0,rq1-exact-623-20260926-5x,0
weakening/weaken_antecedent/weaken_antecedent_35_10_10.trace,87f751a13660ef227768,weakening,weakening_b2,10,2,OPTIMAL,0,6,6,sat,7.407008307000069,,47fece90c7433cb6a0f403db0e42ac246b913fd986676614b2c8dbc9643f272e,ca6e819a01c59e40965f67709220259ac05025a8dc83d17e3336c94b196d05fc,0,rq1-exact-623-20260926-5x,0
weakening/weaken_antecedent/weaken_antecedent_40_10_10.trace,e28a9510bbd4bbdff60c,weakening,weakening_b2,10,2,OPTIMAL,0,6,1,unsat,0.25706364500001655,,ff19d9e0522ffe00eeac5b90d2fbbbb5f10af2e9ba50d8523cdd3383e3be8853,,0,rq1-exact-623-20260926-5x,0
weakening/weaken_antecedent/weaken_antecedent_40_10_10.trace,e28a9510bbd4bbdff60c,weakening,weakening_b2,10,2,OPTIMAL,0,6,2,unsat,1.1917292890011595,,b451a557f62f65ae1cb047431834ab03ac1c2d6a5d85d78009354d3a3e443f76,,0,rq1-exact-623-20260926-5x,0
weakening/weaken_antecedent/weaken_antecedent_40_10_10.trace,e28a9510bbd4bbdff60c,weakening,weakening_b2,10,2,OPTIMAL,0,6,3,unsat,2.317203051001343,,b62c750cf656d13b4848cf8efcaa5f54a505f85de642af427d44952c4cb767bc,,0,rq1-exact-623-20260926-5x,0
weakening/weaken_antecedent/weaken_antecedent_40_10_10.trace,e28a9510bbd4bbdff60c,weakening,weakening_b2,10,2,OPTIMAL,0,6,4,unsat,3.8536212330000126,,15df63eaf49efa72f20988b0d13ebeb2b0727cd27703f0ad7a8171ef1fd2ab17,,0,rq1-exact-623-20260926-5x,0
weakening/weaken_antecedent/weaken_antecedent_40_10_10.trace,e28a9510bbd4bbdff60c,weakening,weakening_b2,10,2,OPTIMAL,0,6,5,unsat,5.783024573000148,,e654c945360e185965fc00f286da108bd9cf5b525f60352690d2782557420189,,0,rq1-exact-623-20260926-5x,0
weakening/weaken_antecedent/weaken_antecedent_40_10_10.trace,e28a9510bbd4bbdff60c,weakening,weakening_b2,10,2,OPTIMAL,0,6,6,sat,8.279566073000751,,d282f7f35112246e38b216c945bdf629a5c2741ab84971bd91c8c0dbd4c9a5b6,d688d114bc9fe11ef5116110e38ca11f7bdf6746134c898eb1447720e707ea40,0,rq1-exact-623-20260926-5x,0
weakening/weaken_antecedent/weaken_antecedent_45_10_10.trace,2dc4662797c90160d2fa,weakening,weakening_b2,10,2,OPTIMAL,0,6,1,unsat,0.2868210379992888,,6c570f673e0ac656a3fd62fcdf70754a2a416146e838beadcbd1e51f34a7adff,,0,rq1-exact-623-20260926-5x,0
weakening/weaken_antecedent/weaken_antecedent_45_10_10.trace,2dc4662797c90160d2fa,weakening,weakening_b2,10,2,OPTIMAL,0,6,2,unsat,1.3401570539999739,,5d05caeb0d7c46dee7b4d509183803224dbea99eb41f4afe6d27ee10d4b3a5e1,,0,rq1-exact-623-20260926-5x,0
weakening/weaken_antecedent/weaken_antecedent_45_10_10.trace,2dc4662797c90160d2fa,weakening,weakening_b2,10,2,OPTIMAL,0,6,3,unsat,2.6373854370003755,,d932ce51fcfbf7eb8825aaf03af31308341a681aa19e2a7059b826f1a115a5ec,,0,rq1-exact-623-20260926-5x,0
weakening/weaken_antecedent/weaken_antecedent_45_10_10.trace,2dc4662797c90160d2fa,weakening,weakening_b2,10,2,OPTIMAL,0,6,4,unsat,4.404043092000393,,cd8e7c893cb2a044c5db70a3eb964fa552befb324763c7d29797887773fc1788,,0,rq1-exact-623-20260926-5x,0
weakening/weaken_antecedent/weaken_antecedent_45_10_10.trace,2dc4662797c90160d2fa,weakening,weakening_b2,10,2,OPTIMAL,0,6,5,unsat,6.576845108999805,,38bd06ba7f9e7c501a5a5c269051b2d248eae46678aed1e3df463ac468573f0c,,0,rq1-exact-623-20260926-5x,0
weakening/weaken_antecedent/weaken_antecedent_45_10_10.trace,2dc4662797c90160d2fa,weakening,weakening_b2,10,2,OPTIMAL,0,6,6,sat,9.389870012999381,,244cbf7e407a2706686fc98f9e9f25db9f540dd517a6c1d7eb9b37a2cdf33f91,05a21db2bc36697663308be46c5ef2a140fcf05024688590be8389bd85008ea5,0,rq1-exact-623-20260926-5x,0
weakening/weaken_antecedent/weaken_antecedent_50_10_10.trace,7c81d26efd471539bded,weakening,weakening_b2,10,2,OPTIMAL,0,6,1,unsat,0.31380631899992295,,6df223587181f5eaed7b8af01a205ea1494455d6e9e99fb510cefae5a83edf7e,,0,rq1-exact-623-20260926-5x,0
weakening/weaken_antecedent/weaken_antecedent_50_10_10.trace,7c81d26efd471539bded,weakening,weakening_b2,10,2,OPTIMAL,0,6,2,unsat,1.4873664030001237,,9bce2ea441f71ad0269f5091865da3e85c24106c270da07340647fddabb3f913,,0,rq1-exact-623-20260926-5x,0
weakening/weaken_antecedent/weaken_antecedent_50_10_10.trace,7c81d26efd471539bded,weakening,weakening_b2,10,2,OPTIMAL,0,6,3,unsat,2.9073230100002547,,361d29223e525a07c5482bc672a44630ea78eb08dba93e3c50ab211b92c7d8d4,,0,rq1-exact-623-20260926-5x,0
weakening/weaken_antecedent/weaken_antecedent_50_10_10.trace,7c81d26efd471539bded,weakening,weakening_b2,10,2,OPTIMAL,0,6,4,unsat,4.902694518999851,,21fad4b3eb512ce5d767d6765f76307f048d175616f17c78dbce55f89171ae17,,0,rq1-exact-623-20260926-5x,0
weakening/weaken_antecedent/weaken_antecedent_50_10_10.trace,7c81d26efd471539bded,weakening,weakening_b2,10,2,OPTIMAL,0,6,5,unsat,7.272528961000717,,f13427061b491778ce6a160548ec9627e42f3b3ebccb289bb82e5224f8f59944,,0,rq1-exact-623-20260926-5x,0
weakening/weaken_antecedent/weaken_antecedent_50_10_10.trace,7c81d26efd471539bded,weakening,weakening_b2,10,2,OPTIMAL,0,6,6,sat,10.291047161001188,,4b6873ff9ace6b8fd77db8749059a0b1725c52573e25fdf249bc9fcf5fcfd1a4,d688d114bc9fe11ef5116110e38ca11f7bdf6746134c898eb1447720e707ea40,0,rq1-exact-623-20260926-5x,0
weakening/weaken_antecedent/weaken_antecedent_55_10_10.trace,8386211f1cab26a291a6,weakening,weakening_b2,10,2,OPTIMAL,0,6,1,unsat,0.34269312399919727,,6352df77d52a425ff89c187545a9b1c6a592caeb9aa27d54164abdac902789f1,,0,rq1-exact-623-20260926-5x,0
weakening/weaken_antecedent/weaken_antecedent_55_10_10.trace,8386211f1cab26a291a6,weakening,weakening_b2,10,2,OPTIMAL,0,6,2,unsat,1.6466771149989654,,9ef668bea38b06aadc7aa8c03421c2878c3d42e56a80098933fcf519095c9b52,,0,rq1-exact-623-20260926-5x,0
weakening/weaken_antecedent/weaken_antecedent_55_10_10.trace,8386211f1cab26a291a6,weakening,weakening_b2,10,2,OPTIMAL,0,6,3,unsat,3.2076153449997946,,d7a555d60a48ef853fc11d2627d1deacf60afbc09fdd5306e2ec187f16aec5ef,,0,rq1-exact-623-20260926-5x,0
weakening/weaken_antecedent/weaken_antecedent_55_10_10.trace,8386211f1cab26a291a6,weakening,weakening_b2,10,2,OPTIMAL,0,6,4,unsat,5.369837460999406,,60fafbc62b494ba8d4a441c6fb03701137914832cfd67a41b153012f46259bb2,,0,rq1-exact-623-20260926-5x,0
weakening/weaken_antecedent/weaken_antecedent_55_10_10.trace,8386211f1cab26a291a6,weakening,weakening_b2,10,2,OPTIMAL,0,6,5,unsat,8.118670017000113,,bf46a681fea443a83fc3d0385ccc719181df6ef7e4f758e3b4d931b102e6fd03,,0,rq1-exact-623-20260926-5x,0
weakening/weaken_antecedent/weaken_antecedent_55_10_10.trace,8386211f1cab26a291a6,weakening,weakening_b2,10,2,OPTIMAL,0,6,6,sat,11.34386787999938,,f7a814f01ddb1bf76139f32e2b148a25cbfce1edf82ada51d6116cc93435630b,05a21db2bc36697663308be46c5ef2a140fcf05024688590be8389bd85008ea5,0,rq1-exact-623-20260926-5x,0
weakening/weaken_antecedent/weaken_antecedent_5_10_10.trace,13b14a3461d6ce770109,weakening,weakening_b2,10,2,OPTIMAL,0,6,1,unsat,0.04878628400001617,,7244e4b0cb4d2905aba17e8916e26a07b14ad46aec9278ca0a122f675f143ea3,,0,rq1-exact-623-20260926-5x,0
weakening/weaken_antecedent/weaken_antecedent_5_10_10.trace,13b14a3461d6ce770109,weakening,weakening_b2,10,2,OPTIMAL,0,6,2,unsat,0.15051515300001483,,3c6eb227def37422407b86d898a7cce97499e446128f575029af6ed1d7cca112,,0,rq1-exact-623-20260926-5x,0
weakening/weaken_antecedent/weaken_antecedent_5_10_10.trace,13b14a3461d6ce770109,weakening,weakening_b2,10,2,OPTIMAL,0,6,3,unsat,0.290373969999564,,de5930346de7bca86f874f305f57620be4ee7e67ea69179b48b6a42d83abf005,,0,rq1-exact-623-20260926-5x,0
weakening/weaken_antecedent/weaken_antecedent_5_10_10.trace,13b14a3461d6ce770109,weakening,weakening_b2,10,2,OPTIMAL,0,6,4,unsat,0.4833866150001995,,f47d05b395d5bfb9ff17745938193a878d3209b80f23b3db10785505af12ebad,,0,rq1-exact-623-20260926-5x,0
weakening/weaken_antecedent/weaken_antecedent_5_10_10.trace,13b14a3461d6ce770109,weakening,weakening_b2,10,2,OPTIMAL,0,6,5,unsat,0.7074978580003517,,94445388672686baa14aa34806dfefc1bdce68b3273e2a6119e84356bdab9464,,0,rq1-exact-623-20260926-5x,0
weakening/weaken_antecedent/weaken_antecedent_5_10_10.trace,13b14a3461d6ce770109,weakening,weakening_b2,10,2,OPTIMAL,0,6,6,sat,0.996335652000198,,4605563be41318870c9fbc4d79b9e40a0876429f1e29f33017794ccb1ed35a82,d688d114bc9fe11ef5116110e38ca11f7bdf6746134c898eb1447720e707ea40,0,rq1-exact-623-20260926-5x,0
weakening/weaken_antecedent/weaken_antecedent_60_10_10.trace,33a9059cfafdc618f0ea,weakening,weakening_b2,10,2,OPTIMAL,0,6,1,unsat,0.3725313350005308,,a4e417ebafb645f9b7a6eff18a769edf73511cc70d5444b2c8f83ff31b3a5e72,,0,rq1-exact-623-20260926-5x,0
weakening/weaken_antecedent/weaken_antecedent_60_10_10.trace,33a9059cfafdc618f0ea,weakening,weakening_b2,10,2,OPTIMAL,0,6,2,unsat,1.7920749010008876,,148d89ae7053dc6fe0a3d4a0039b70d41640884ad724292a54658d680ca41148,,0,rq1-exact-623-20260926-5x,0
weakening/weaken_antecedent/weaken_antecedent_60_10_10.trace,33a9059cfafdc618f0ea,weakening,weakening_b2,10,2,OPTIMAL,0,6,3,unsat,3.4866047739997157,,330d7dce713a6d44a13c685627d6d08bd2c2d638302c6903e0d2d39f3f3fa323,,0,rq1-exact-623-20260926-5x,0
weakening/weaken_antecedent/weaken_antecedent_60_10_10.trace,33a9059cfafdc618f0ea,weakening,weakening_b2,10,2,OPTIMAL,0,6,4,unsat,5.87645059299939,,f217b6fb273ce46762562bb7d3a9d082782993ca7f60b46614bc2eac429c7462,,0,rq1-exact-623-20260926-5x,0
weakening/weaken_antecedent/weaken_antecedent_60_10_10.trace,33a9059cfafdc618f0ea,weakening,weakening_b2,10,2,OPTIMAL,0,6,5,unsat,8.819693411000117,,aaca99c8dfc3fd39e0018dc953b5994ba51c5132957ce80a1a993355889ef9b1,,0,rq1-exact-623-20260926-5x,0
weakening/weaken_antecedent/weaken_antecedent_60_10_10.trace,33a9059cfafdc618f0ea,weakening,weakening_b2,10,2,OPTIMAL,0,6,6,sat,12.622884704998796,,169496e91838ff5c4e4496ed0ac5dab83aff12a544c3f6a8b5d3120a2f8df1a6,05a21db2bc36697663308be46c5ef2a140fcf05024688590be8389bd85008ea5,0,rq1-exact-623-20260926-5x,0
weakening/weaken_antecedent/weaken_antecedent_65_10_10.trace,7445a7c7ae1b3a417fff,weakening,weakening_b2,10,2,OPTIMAL,0,6,1,unsat,0.39939439699992363,,93b00b7149ade9f16f9ce5aebfeb936aaca4a8cd7d29fd6c6a9ce5d21002d60a,,0,rq1-exact-623-20260926-5x,0
weakening/weaken_antecedent/weaken_antecedent_65_10_10.trace,7445a7c7ae1b3a417fff,weakening,weakening_b2,10,2,OPTIMAL,0,6,2,unsat,1.9235936210006912,,ebbda5fa8d1be1fd0d4cb7c09ab23e114f7511141cf332e09562db3803af625a,,0,rq1-exact-623-20260926-5x,0
weakening/weaken_antecedent/weaken_antecedent_65_10_10.trace,7445a7c7ae1b3a417fff,weakening,weakening_b2,10,2,OPTIMAL,0,6,3,unsat,3.7439960969986714,,28fa8a050b3add6e1d1e1695a0e6542e0c1382069c3e3b1fa74470aaf7253d92,,0,rq1-exact-623-20260926-5x,0
weakening/weaken_antecedent/weaken_antecedent_65_10_10.trace,7445a7c7ae1b3a417fff,weakening,weakening_b2,10,2,OPTIMAL,0,6,4,unsat,6.310215249000976,,3d11a8dcf2f5cbe5708eea85e8144a39cd400b46e342c1a1bc71d2a5f2503230,,0,rq1-exact-623-20260926-5x,0
weakening/weaken_antecedent/weaken_antecedent_65_10_10.trace,7445a7c7ae1b3a417fff,weakening,weakening_b2,10,2,OPTIMAL,0,6,5,unsat,9.456756995999967,,a5b37a990ce9e6458aea12de3f595c36315378e2da786ac5e5c2eb390895ca0b,,0,rq1-exact-623-20260926-5x,0
weakening/weaken_antecedent/weaken_antecedent_65_10_10.trace,7445a7c7ae1b3a417fff,weakening,weakening_b2,10,2,OPTIMAL,0,6,6,sat,13.177348048000567,,4ee9f0e9ef74fb7fdfd576f38fc67f782a49e8efd09007f8bb8466a4ceb4c96b,1fe94bf28269d22f7e39e294715492609b6c4ff38faae52db1ad508852f5189e,0,rq1-exact-623-20260926-5x,0
weakening/weaken_antecedent/weaken_antecedent_70_10_10.trace,eba9b3aa816199a8d9df,weakening,weakening_b2,10,2,OPTIMAL,0,6,1,unsat,0.42632572700131277,,fdb8e63f04cf74102579e23dc1e6372340e473fce38adfc8856c39c3c77193e6,,0,rq1-exact-623-20260926-5x,0
weakening/weaken_antecedent/weaken_antecedent_70_10_10.trace,eba9b3aa816199a8d9df,weakening,weakening_b2,10,2,OPTIMAL,0,6,2,unsat,2.075160443999266,,108554343357040fbf23982cd12c7302fa962081cbe312a1dc20b98f2d52ab14,,0,rq1-exact-623-20260926-5x,0
weakening/weaken_antecedent/weaken_antecedent_70_10_10.trace,eba9b3aa816199a8d9df,weakening,weakening_b2,10,2,OPTIMAL,0,6,3,unsat,4.038405478999266,,ebcb81dd270fda38358147b68234e2de62a7b1d51128abf3fb581fc40f4e5736,,0,rq1-exact-623-20260926-5x,0
weakening/weaken_antecedent/weaken_antecedent_70_10_10.trace,eba9b3aa816199a8d9df,weakening,weakening_b2,10,2,OPTIMAL,0,6,4,unsat,6.824161881999316,,a6cd10d469c06bd59451ff48923c6716f41ffefc8fda71f6f68bb96a98920377,,0,rq1-exact-623-20260926-5x,0
weakening/weaken_antecedent/weaken_antecedent_70_10_10.trace,eba9b3aa816199a8d9df,weakening,weakening_b2,10,2,OPTIMAL,0,6,5,unsat,10.145619418999559,,70676377827b86742ea5714e5bf6f6fca49eee16eae97ec1dbe9ee4f1bf10bc2,,0,rq1-exact-623-20260926-5x,0
weakening/weaken_antecedent/weaken_antecedent_70_10_10.trace,eba9b3aa816199a8d9df,weakening,weakening_b2,10,2,OPTIMAL,0,6,6,sat,14.727027603999886,,54ccf1eb01e05ab68a2651d12d8489ed48afe62ca1bf4e0888a06a817034e760,6c4bdab268727f46facf6231f7a1c47663cadafeca3dc6967b1abf35f6c74710,0,rq1-exact-623-20260926-5x,0
weakening/weaken_antecedent/weaken_antecedent_75_10_10.trace,61ebee9fc33b10dba7b9,weakening,weakening_b2,10,2,OPTIMAL,0,6,1,unsat,0.4540387829993051,,c535671f41481e8b539979a52446ead71d42623db025ab6969124af1c5b31d16,,0,rq1-exact-623-20260926-5x,0
weakening/weaken_antecedent/weaken_antecedent_75_10_10.trace,61ebee9fc33b10dba7b9,weakening,weakening_b2,10,2,OPTIMAL,0,6,2,unsat,2.2036392589998286,,ed7e45fd4778c4eeacd2f1e53756c7534f2692358f477a4eb40f3119360dd455,,0,rq1-exact-623-20260926-5x,0
weakening/weaken_antecedent/weaken_antecedent_75_10_10.trace,61ebee9fc33b10dba7b9,weakening,weakening_b2,10,2,OPTIMAL,0,6,3,unsat,4.3282503169994015,,bae2ad272e42479c12f2f38155c0c140d813466f40f6ca3fbee12005a0e6c78f,,0,rq1-exact-623-20260926-5x,0
weakening/weaken_antecedent/weaken_antecedent_75_10_10.trace,61ebee9fc33b10dba7b9,weakening,weakening_b2,10,2,OPTIMAL,0,6,4,unsat,7.242049134000808,,172bb33ea415a5d864c9c493b167c1dfe74af68b391c4fabde8b1df658514317,,0,rq1-exact-623-20260926-5x,0
weakening/weaken_antecedent/weaken_antecedent_75_10_10.trace,61ebee9fc33b10dba7b9,weakening,weakening_b2,10,2,OPTIMAL,0,6,5,unsat,10.852489034000428,,3623f359984a4f2f7b52768595fc9869c3d82b9e8ae1acff5ffa98c2ef1cfa8b,,0,rq1-exact-623-20260926-5x,0
weakening/weaken_antecedent/weaken_antecedent_75_10_10.trace,61ebee9fc33b10dba7b9,weakening,weakening_b2,10,2,OPTIMAL,0,6,6,sat,15.199890896999932,,c21e85aa446ec1624cf8f7d44b21ca760b5380487075344dbc24a0c4381b9093,7fc5cc0ecb8d1db49a8711e0de40867e76afce4dbd1b701a730bcd6976afc712,0,rq1-exact-623-20260926-5x,0
weakening/weaken_antecedent/weaken_antecedent_80_10_10.trace,36b6e6b35275776982c2,weakening,weakening_b2,10,2,OPTIMAL,0,6,1,unsat,0.4948150459986209,,1b6e7089e1ac5072052b9ebdfceff1eccd463391d0056f4fb73ae2d208c1e530,,0,rq1-exact-623-20260926-5x,0
weakening/weaken_antecedent/weaken_antecedent_80_10_10.trace,36b6e6b35275776982c2,weakening,weakening_b2,10,2,OPTIMAL,0,6,2,unsat,2.3742892400005076,,42ae7ac9f7015020d30e449962dcd7c92cae504bad0704d39b058fa27b548314,,0,rq1-exact-623-20260926-5x,0
weakening/weaken_antecedent/weaken_antecedent_80_10_10.trace,36b6e6b35275776982c2,weakening,weakening_b2,10,2,OPTIMAL,0,6,3,unsat,4.685156419000123,,851bc0987678ee024740f59ecfde630636c8dce710ce2c58b3e854a6ff5ce0c4,,0,rq1-exact-623-20260926-5x,0
weakening/weaken_antecedent/weaken_antecedent_80_10_10.trace,36b6e6b35275776982c2,weakening,weakening_b2,10,2,OPTIMAL,0,6,4,unsat,7.857059118001416,,ae0c03ad10ff9c10039f3f460b6f9d5a0f8ecc8e400a0241f2b95ff28505dce7,,0,rq1-exact-623-20260926-5x,0
weakening/weaken_antecedent/weaken_antecedent_80_10_10.trace,36b6e6b35275776982c2,weakening,weakening_b2,10,2,OPTIMAL,0,6,5,unsat,11.676429138999083,,88c4725765d849b78f10c796e683f1f57e23bfe102b15e29ad86e43f866a1a72,,0,rq1-exact-623-20260926-5x,0
weakening/weaken_antecedent/weaken_antecedent_80_10_10.trace,36b6e6b35275776982c2,weakening,weakening_b2,10,2,OPTIMAL,0,6,6,sat,17.14028735100146,,cb861b532ed7b1e27eafe97787a3915673ef6a3c8741ddb5c708ea6f68518e9c,d688d114bc9fe11ef5116110e38ca11f7bdf6746134c898eb1447720e707ea40,0,rq1-exact-623-20260926-5x,0
weakening/weaken_antecedent/weaken_antecedent_85_10_10.trace,8339e8a77c71d6020391,weakening,weakening_b2,10,2,OPTIMAL,0,6,1,unsat,0.5131804840002587,,f0d16a026165be5a4c322ab969e76b6db589ca01fddd8002eaf08a0185ffa424,,0,rq1-exact-623-20260926-5x,0
weakening/weaken_antecedent/weaken_antecedent_85_10_10.trace,8339e8a77c71d6020391,weakening,weakening_b2,10,2,OPTIMAL,0,6,2,unsat,2.495275680999839,,52ae3430de5c85c76b4e3f774329f29f7e8a9910bed8da2483e52e46e90633e5,,0,rq1-exact-623-20260926-5x,0
weakening/weaken_antecedent/weaken_antecedent_85_10_10.trace,8339e8a77c71d6020391,weakening,weakening_b2,10,2,OPTIMAL,0,6,3,unsat,4.919010228000843,,2568e1cb6f61c952072b35d8596fea96ec3fdf62a3b000ceb3d937056c94c35b,,0,rq1-exact-623-20260926-5x,0
weakening/weaken_antecedent/weaken_antecedent_85_10_10.trace,8339e8a77c71d6020391,weakening,weakening_b2,10,2,OPTIMAL,0,6,4,unsat,8.338354899000478,,92abbfe77f8868f24aa8920bf844a819fcc5028d1b9d09c4ef6b146b203309e5,,0,rq1-exact-623-20260926-5x,0
weakening/weaken_antecedent/weaken_antecedent_85_10_10.trace,8339e8a77c71d6020391,weakening,weakening_b2,10,2,OPTIMAL,0,6,5,unsat,12.405848222000714,,1dbf0aa8cd8c7ffc494ae55d32b81250b9fa120f43f74b38cde3387c67d057f1,,0,rq1-exact-623-20260926-5x,0
weakening/weaken_antecedent/weaken_antecedent_85_10_10.trace,8339e8a77c71d6020391,weakening,weakening_b2,10,2,OPTIMAL,0,6,6,sat,16.9888378859996,,f038a7b78361c483bb5f99beb0e4b540bc70ce66c73483b5af35439a22be9f6c,ca6e819a01c59e40965f67709220259ac05025a8dc83d17e3336c94b196d05fc,0,rq1-exact-623-20260926-5x,0
weakening/weaken_antecedent/weaken_antecedent_90_10_10.trace,5a5b46a8543856de8a27,weakening,weakening_b2,10,2,OPTIMAL,0,6,1,unsat,0.537299167999663,,5124b09acce60cb5fbc3a178a7376c495f2ed5c94ca3b4c34cd14a8d386f2703,,0,rq1-exact-623-20260926-5x,0
weakening/weaken_antecedent/weaken_antecedent_90_10_10.trace,5a5b46a8543856de8a27,weakening,weakening_b2,10,2,OPTIMAL,0,6,2,unsat,2.6293671849998645,,ea6cf7c7d155f6db6d21cbe588fab5e5184038dd357d81235511f10487e8d216,,0,rq1-exact-623-20260926-5x,0
weakening/weaken_antecedent/weaken_antecedent_90_10_10.trace,5a5b46a8543856de8a27,weakening,weakening_b2,10,2,OPTIMAL,0,6,3,unsat,5.181022302000201,,d49d1e1420f9efeafb9d8c8400cb38859b465c09696b9b10264ab5501b77b4b2,,0,rq1-exact-623-20260926-5x,0
weakening/weaken_antecedent/weaken_antecedent_90_10_10.trace,5a5b46a8543856de8a27,weakening,weakening_b2,10,2,OPTIMAL,0,6,4,unsat,8.719521330000134,,b87008117a4af04b98d483dcba0f8ff16118fe5df640b73028a238efae118e71,,0,rq1-exact-623-20260926-5x,0
weakening/weaken_antecedent/weaken_antecedent_90_10_10.trace,5a5b46a8543856de8a27,weakening,weakening_b2,10,2,OPTIMAL,0,6,5,unsat,12.906991480000215,,570a72b8c611cd01e1244d62f606b29ab03bca03423ebca904d5b39ad24b1b46,,0,rq1-exact-623-20260926-5x,0
weakening/weaken_antecedent/weaken_antecedent_90_10_10.trace,5a5b46a8543856de8a27,weakening,weakening_b2,10,2,OPTIMAL,0,6,6,sat,18.697375744000965,,ac870db99cbb2fb20734ca0f4ec7de164be458d600c050429d30ae3ec6889289,ce4ff0b9c509b10ee3bdf30514e42bb23b193658cb9a9102f964eae89142b342,0,rq1-exact-623-20260926-5x,0
weakening/weaken_antecedent/weaken_antecedent_95_10_10.trace,7ada8647c2fabdb500b3,weakening,weakening_b2,10,2,OPTIMAL,0,6,1,unsat,0.5872695150010259,,362146eea0c39e608beece1cbf9cc0c03c4edd50a363f397a6b0ee47e0310406,,0,rq1-exact-623-20260926-5x,0
weakening/weaken_antecedent/weaken_antecedent_95_10_10.trace,7ada8647c2fabdb500b3,weakening,weakening_b2,10,2,OPTIMAL,0,6,2,unsat,2.874465421000423,,646d53ca1bae65bc0a3d77da9481fd3dae6252cb5f585349192657bd302ad7ef,,0,rq1-exact-623-20260926-5x,0
weakening/weaken_antecedent/weaken_antecedent_95_10_10.trace,7ada8647c2fabdb500b3,weakening,weakening_b2,10,2,OPTIMAL,0,6,3,unsat,5.619470984000145,,e556ec993716007181a8d56f4c71866e8eb5ad91bd983d748f340d66e34ba061,,0,rq1-exact-623-20260926-5x,0
weakening/weaken_antecedent/weaken_antecedent_95_10_10.trace,7ada8647c2fabdb500b3,weakening,weakening_b2,10,2,OPTIMAL,0,6,4,unsat,9.516893549000088,,dfa3becc7774322ecf89b4b34374ba3d6969b35e4052f7991fbc60fb7eda7676,,0,rq1-exact-623-20260926-5x,0
weakening/weaken_antecedent/weaken_antecedent_95_10_10.trace,7ada8647c2fabdb500b3,weakening,weakening_b2,10,2,OPTIMAL,0,6,5,unsat,14.044071008000174,,af1020a05477f58b928ee81f98a864ce6a05eeb061694c90867897f0ef2d76cd,,0,rq1-exact-623-20260926-5x,0
weakening/weaken_antecedent/weaken_antecedent_95_10_10.trace,7ada8647c2fabdb500b3,weakening,weakening_b2,10,2,OPTIMAL,0,6,6,sat,20.009412817998964,,9fc04994103dc469bf7e4321f46ab6c46eeac3d29ed3db0baf3ee2d46910c11a,1fe94bf28269d22f7e39e294715492609b6c4ff38faae52db1ad508852f5189e,0,rq1-exact-623-20260926-5x,0
weakening/weaken_consequent/weaken_consequent_100_10_10.trace,c65ff10cc78114950a3b,weakening,weakening_b3,18,3,OPTIMAL,0,7,1,unsat,0.6038345220003976,,db8fb0639dbe866baaa8d89f7429de750be52121da51149b3e28c820b60106f8,,0,rq1-exact-623-20260926-5x,0
weakening/weaken_consequent/weaken_consequent_100_10_10.trace,c65ff10cc78114950a3b,weakening,weakening_b3,18,3,OPTIMAL,0,7,2,unsat,2.970883688001777,,ca4a769898fc4822dfac8f605139cff596be25c03f835dda4fe5afc6cf4cde10,,0,rq1-exact-623-20260926-5x,0
weakening/weaken_consequent/weaken_consequent_100_10_10.trace,c65ff10cc78114950a3b,weakening,weakening_b3,18,3,OPTIMAL,0,7,3,unsat,5.8437825839992,,0a1aed719a7517d07a3f3f5cd07072da47f75c8290af60d0ef627003c5c3bea1,,0,rq1-exact-623-20260926-5x,0
weakening/weaken_consequent/weaken_consequent_100_10_10.trace,c65ff10cc78114950a3b,weakening,weakening_b3,18,3,OPTIMAL,0,7,4,unsat,9.38510193500042,,d4a1366d2a27747acfa3936e88020064fa7db0e43903cbb969d8f38f47a3d28d,,0,rq1-exact-623-20260926-5x,0
weakening/weaken_consequent/weaken_consequent_100_10_10.trace,c65ff10cc78114950a3b,weakening,weakening_b3,18,3,OPTIMAL,0,7,5,unsat,14.635034593000455,,66f2837eb8d44a69e8e15f9c04e9bf477cdfb2acbbf458d6aad0e3c80feafe4b,,0,rq1-exact-623-20260926-5x,0
weakening/weaken_consequent/weaken_consequent_100_10_10.trace,c65ff10cc78114950a3b,weakening,weakening_b3,18,3,OPTIMAL,0,7,6,unsat,20.701560520001294,,9e7b2789e72183582652ffb5409782e82d542221842f0042776ed53fccd1f4ee,,0,rq1-exact-623-20260926-5x,0
weakening/weaken_consequent/weaken_consequent_100_10_10.trace,c65ff10cc78114950a3b,weakening,weakening_b3,18,3,OPTIMAL,0,7,7,sat,27.975892337000914,,39f4d6f592e20ad0ad01cab2b1adcd3c53dd51ec1c32c3158a4b15dec452b0ff,cff2f08273541d2dd42ddc463e502f205c7951bf3925c0f4f8a6a34858a481b2,0,rq1-exact-623-20260926-5x,0
weakening/weaken_consequent/weaken_consequent_10_100_100.trace,43c637fbc350d2bb8b92,weakening,weakening_b3,18,3,OPTIMAL,0,7,1,unsat,0.6156368640004075,,cdfb74fb22d03c0557308ff30a321854962924d8ae0165e283a6048bc411a2eb,,0,rq1-exact-623-20260926-5x,0
weakening/weaken_consequent/weaken_consequent_10_100_100.trace,43c637fbc350d2bb8b92,weakening,weakening_b3,18,3,OPTIMAL,0,7,2,unsat,2.9894593749995693,,aa94c6b2031ae5bd2689b5e1f8e31a844ca8d354b942f2a3c1ef80f62a42c5f3,,0,rq1-exact-623-20260926-5x,0
weakening/weaken_consequent/weaken_consequent_10_100_100.trace,43c637fbc350d2bb8b92,weakening,weakening_b3,18,3,OPTIMAL,0,7,3,unsat,5.817742450000878,,fa8a18ee84ac6ed34b604b242cff75d0efa53efd32d6247e24b882da488a486b,,0,rq1-exact-623-20260926-5x,0
weakening/weaken_consequent/weaken_consequent_10_100_100.trace,43c637fbc350d2bb8b92,weakening,weakening_b3,18,3,OPTIMAL,0,7,4,unsat,9.292878304000624,,f28e6486935706303a3ef3374eb053faacd036538524d3cccb334e555371876e,,0,rq1-exact-623-20260926-5x,0
weakening/weaken_consequent/weaken_consequent_10_100_100.trace,43c637fbc350d2bb8b92,weakening,weakening_b3,18,3,OPTIMAL,0,7,5,unsat,14.648677977998886,,17cbb884430a53b623280cc2ea0fb3854d5c20812f75952e29619f0955ff59f0,,0,rq1-exact-623-20260926-5x,0
weakening/weaken_consequent/weaken_consequent_10_100_100.trace,43c637fbc350d2bb8b92,weakening,weakening_b3,18,3,OPTIMAL,0,7,6,unsat,20.691606226999284,,bc024efbfeb72ecbf3ebeaaff5ac9208a467c525113fa3ba06a3350f777329b3,,0,rq1-exact-623-20260926-5x,0
weakening/weaken_consequent/weaken_consequent_10_100_100.trace,43c637fbc350d2bb8b92,weakening,weakening_b3,18,3,OPTIMAL,0,7,7,sat,28.35652072599987,,59c307e4fcbb6969704f63a3fc0de0d0b5c2eaa59b03764d2be588fcebaa54f9,6ca90a122c4d44a0f8135f3163c74c4470566f8dbe06fcc713cf1339aae0c245,0,rq1-exact-623-20260926-5x,0
weakening/weaken_consequent/weaken_consequent_10_10_10.trace,3c4cfbe0a51a781d6cef,weakening,weakening_b3,18,3,OPTIMAL,0,7,1,unsat,0.0764350290000948,,de8fa1011fc6f0aab42d2efa0286e799087fa20c64eba3eacb96ac8778baa205,,0,rq1-exact-623-20260926-5x,0
weakening/weaken_consequent/weaken_consequent_10_10_10.trace,3c4cfbe0a51a781d6cef,weakening,weakening_b3,18,3,OPTIMAL,0,7,2,unsat,0.291123510000034,,871deac00f050d25e895d474370017f9bf11c029d3f90cbe2f0c8f02c11f489b,,0,rq1-exact-623-20260926-5x,0
weakening/weaken_consequent/weaken_consequent_10_10_10.trace,3c4cfbe0a51a781d6cef,weakening,weakening_b3,18,3,OPTIMAL,0,7,3,unsat,0.568495804000122,,cf5ae972eec76fd42671ed2bf38b5f18ceeb7745007b0b707a4f2a1e6dd67df3,,0,rq1-exact-623-20260926-5x,0
weakening/weaken_consequent/weaken_consequent_10_10_10.trace,3c4cfbe0a51a781d6cef,weakening,weakening_b3,18,3,OPTIMAL,0,7,4,unsat,0.907832992999829,,855c8363e6e7df213a216c228b6801ef6407133bdae12f788f7b7c2d5765d0bf,,0,rq1-exact-623-20260926-5x,0
weakening/weaken_consequent/weaken_consequent_10_10_10.trace,3c4cfbe0a51a781d6cef,weakening,weakening_b3,18,3,OPTIMAL,0,7,5,unsat,1.3635952279998946,,7def784fb6df58c2ab6b6486eb282bf9b7c8ac9bab8e5119386dcd9c714f884d,,0,rq1-exact-623-20260926-5x,0
weakening/weaken_consequent/weaken_consequent_10_10_10.trace,3c4cfbe0a51a781d6cef,weakening,weakening_b3,18,3,OPTIMAL,0,7,6,unsat,1.9127226609998615,,a241ec293811727791eaf6ea6eb9651a7ad6de8c84bc2e7059965295d06cd25c,,0,rq1-exact-623-20260926-5x,0
weakening/weaken_consequent/weaken_consequent_10_10_10.trace,3c4cfbe0a51a781d6cef,weakening,weakening_b3,18,3,OPTIMAL,0,7,7,sat,2.5318948459998865,,9f4d0bcb528471585ef73bb778c319f42a272d5340fce255bc62f9d376303966,9c3aa472444bcb9ef34657471cb9d3bb32f1c175d71c8b697d81905dbecfb2c5,0,rq1-exact-623-20260926-5x,0
weakening/weaken_consequent/weaken_consequent_10_15_15.trace,5766f526a30f17ff70f4,weakening,weakening_b3,18,3,OPTIMAL,0,7,1,unsat,0.10941099999945436,,c00313929595ab9208433b952e81ad328b9f39cb65f1b5d18cfe20e6a56cddaf,,0,rq1-exact-623-20260926-5x,0
weakening/weaken_consequent/weaken_consequent_10_15_15.trace,5766f526a30f17ff70f4,weakening,weakening_b3,18,3,OPTIMAL,0,7,2,unsat,0.44506606300092244,,25f6726cdb9bd47ddfdf42aab17bebb1d6dac07cbefcb3a73be364dfed9eb4b0,,0,rq1-exact-623-20260926-5x,0
weakening/weaken_consequent/weaken_consequent_10_15_15.trace,5766f526a30f17ff70f4,weakening,weakening_b3,18,3,OPTIMAL,0,7,3,unsat,0.873924180999893,,a6b9a18ca59e46736d97ea5e4afea55710a0c4d655228a5b148aeef3447ced30,,0,rq1-exact-623-20260926-5x,0
weakening/weaken_consequent/weaken_consequent_10_15_15.trace,5766f526a30f17ff70f4,weakening,weakening_b3,18,3,OPTIMAL,0,7,4,unsat,1.3925383480000164,,bb25ea8451de43447d423f6445b698849448dd714ecff9d024b977f2a14498d9,,0,rq1-exact-623-20260926-5x,0
weakening/weaken_consequent/weaken_consequent_10_15_15.trace,5766f526a30f17ff70f4,weakening,weakening_b3,18,3,OPTIMAL,0,7,5,unsat,2.1461333079987526,,8f0a21c6de32d46461c06d4b3e43c685340c70260e882180ff6f0a0ff8ce3147,,0,rq1-exact-623-20260926-5x,0
weakening/weaken_consequent/weaken_consequent_10_15_15.trace,5766f526a30f17ff70f4,weakening,weakening_b3,18,3,OPTIMAL,0,7,6,unsat,2.978849130000526,,27bf244e78c00169ca40be5c0debaeac576e9425a05acb33f83ee7b934a6f0e1,,0,rq1-exact-623-20260926-5x,0
weakening/weaken_consequent/weaken_consequent_10_15_15.trace,5766f526a30f17ff70f4,weakening,weakening_b3,18,3,OPTIMAL,0,7,7,sat,4.116816646001098,,112331c1d367d51d15388db55607d60ffd7153f1e715257cc3c9549b8c6e2656,10e068397b03c67c9198d2b11ce652c6605afbd93cea7f47a4b737fa0849e085,0,rq1-exact-623-20260926-5x,0
weakening/weaken_consequent/weaken_consequent_10_20_20.trace,2856116df8f035204a75,weakening,weakening_b3,18,3,OPTIMAL,0,7,1,unsat,0.13819684900045104,,5e0138e6a00f77b544e562c0648c88ef4af9fd5dc54dec8ae96a050501adb477,,0,rq1-exact-623-20260926-5x,0
weakening/weaken_consequent/weaken_consequent_10_20_20.trace,2856116df8f035204a75,weakening,weakening_b3,18,3,OPTIMAL,0,7,2,unsat,0.5875820800010843,,d5c44639f9b6767906a701df2f31575b079370a4169a60762a92d1ee92aaffe5,,0,rq1-exact-623-20260926-5x,0
weakening/weaken_consequent/weaken_consequent_10_20_20.trace,2856116df8f035204a75,weakening,weakening_b3,18,3,OPTIMAL,0,7,3,unsat,1.1544869389999803,,ae70ef9442f042992cdb65a5f55dc1972faa8ad19f1000b21a8c6cbb67478e46,,0,rq1-exact-623-20260926-5x,0
weakening/weaken_consequent/weaken_consequent_10_20_20.trace,2856116df8f035204a75,weakening,weakening_b3,18,3,OPTIMAL,0,7,4,unsat,1.8468860280008812,,38c5bc13e791afc2fdbb5bf786b45ae079570b7a5e2305c7e3dd080546dd58fc,,0,rq1-exact-623-20260926-5x,0
weakening/weaken_consequent/weaken_consequent_10_20_20.trace,2856116df8f035204a75,weakening,weakening_b3,18,3,OPTIMAL,0,7,5,unsat,2.8407487610002136,,34101557fdcf84464471c02e1939ff00fa0f73873072dd38419f2225c3a18624,,0,rq1-exact-623-20260926-5x,0
weakening/weaken_consequent/weaken_consequent_10_20_20.trace,2856116df8f035204a75,weakening,weakening_b3,18,3,OPTIMAL,0,7,6,unsat,4.112952629999199,,b894058a620c7c80492f597a30e206e831326b372ff3d35141eb90064e4e887e,,0,rq1-exact-623-20260926-5x,0
weakening/weaken_consequent/weaken_consequent_10_20_20.trace,2856116df8f035204a75,weakening,weakening_b3,18,3,OPTIMAL,0,7,7,sat,5.4362196840011165,,671c456bb38b432c47644b827f876dad32a4d6479ab38b0394d623087c917c76,30f4c393c64d416527877a271d4693e8e9a66f8262cde5b3d5774aeff4b062af,0,rq1-exact-623-20260926-5x,0
weakening/weaken_consequent/weaken_consequent_10_25_25.trace,1026f7672af1b63c292c,weakening,weakening_b3,18,3,OPTIMAL,0,7,1,unsat,0.16712058800112572,,f60f543e86b5cc566edd49e669f76c51e0b875b4c02e2e9e0ea682f9d4a40951,,0,rq1-exact-623-20260926-5x,0
weakening/weaken_consequent/weaken_consequent_10_25_25.trace,1026f7672af1b63c292c,weakening,weakening_b3,18,3,OPTIMAL,0,7,2,unsat,0.7262229090010806,,ab109650e87102f7777c98eb15dec6d3469e14b2b2309b2e35eb366c0d034271,,0,rq1-exact-623-20260926-5x,0
weakening/weaken_consequent/weaken_consequent_10_25_25.trace,1026f7672af1b63c292c,weakening,weakening_b3,18,3,OPTIMAL,0,7,3,unsat,1.433688560000519,,603917c47f7abcef05c853dccb5a629d80e6fb7fae23b9ae64e3aeb006d78942,,0,rq1-exact-623-20260926-5x,0
weakening/weaken_consequent/weaken_consequent_10_25_25.trace,1026f7672af1b63c292c,weakening,weakening_b3,18,3,OPTIMAL,0,7,4,unsat,2.301053993000096,,af7d32e9b341d1d72b12135efda1317d8ed4a57313e7908c9b67a3460f3f63b8,,0,rq1-exact-623-20260926-5x,0
weakening/weaken_consequent/weaken_consequent_10_25_25.trace,1026f7672af1b63c292c,weakening,weakening_b3,18,3,OPTIMAL,0,7,5,unsat,3.5709507989995473,,fd2f5d2b10329612ecefd4130bdfe2dc109cd22e4d55d31609b8bfc137285a78,,0,rq1-exact-623-20260926-5x,0
weakening/weaken_consequent/weaken_consequent_10_25_25.trace,1026f7672af1b63c292c,weakening,weakening_b3,18,3,OPTIMAL,0,7,6,unsat,5.101977583999542,,490672fc83adc1b7faa7bcd264799b61751fbdf206c90f168af65156101384b8,,0,rq1-exact-623-20260926-5x,0
weakening/weaken_consequent/weaken_consequent_10_25_25.trace,1026f7672af1b63c292c,weakening,weakening_b3,18,3,OPTIMAL,0,7,7,sat,6.974901202000183,,d5ebaff213d82bcb4f5b039f6783d8d1048095fd8d5bd177cd59cddb0fa05efa,0923cb485a8b4574856c0ae10734b2a742a7c00ce6b0e5c1376324c18ac5ad20,0,rq1-exact-623-20260926-5x,0
weakening/weaken_consequent/weaken_consequent_10_30_30.trace,1c05638b707195e863fb,weakening,weakening_b3,18,3,OPTIMAL,0,7,1,unsat,0.19827880900083983,,6e96b4c6d629ac759774d8ff605b61b49e0a738cb6f589954de8d99bfab51691,,0,rq1-exact-623-20260926-5x,0
weakening/weaken_consequent/weaken_consequent_10_30_30.trace,1c05638b707195e863fb,weakening,weakening_b3,18,3,OPTIMAL,0,7,2,unsat,0.8853125860005093,,1eef95dbdcb6de2b11b64f6bbfe155ce3cd9ebfd72120c2d361d46ac5189ccc1,,0,rq1-exact-623-20260926-5x,0
weakening/weaken_consequent/weaken_consequent_10_30_30.trace,1c05638b707195e863fb,weakening,weakening_b3,18,3,OPTIMAL,0,7,3,unsat,1.7444469900001423,,c97e18cccc66ca6098e8f75cfc42b3fead0b3c1e2c3e71773d7c7ba4e5c0b7e5,,0,rq1-exact-623-20260926-5x,0
weakening/weaken_consequent/weaken_consequent_10_30_30.trace,1c05638b707195e863fb,weakening,weakening_b3,18,3,OPTIMAL,0,7,4,unsat,2.7806733550005447,,fa31db729c9c408a236124f2e8ba89f7fbb619619a923c05fbe0ff27c2c37e35,,0,rq1-exact-623-20260926-5x,0
weakening/weaken_consequent/weaken_consequent_10_30_30.trace,1c05638b707195e863fb,weakening,weakening_b3,18,3,OPTIMAL,0,7,5,unsat,4.290693467000892,,7551a7d234b45f681b8957c25ee8f48c3179895f57caf32f3c8a88e77f378046,,0,rq1-exact-623-20260926-5x,0
weakening/weaken_consequent/weaken_consequent_10_30_30.trace,1c05638b707195e863fb,weakening,weakening_b3,18,3,OPTIMAL,0,7,6,unsat,6.05235291200006,,c8fb9cd3af28d1943fc4242c8a3c2ce36ba78125c4319c4dd399629b0b1ac0f8,,0,rq1-exact-623-20260926-5x,0
weakening/weaken_consequent/weaken_consequent_10_30_30.trace,1c05638b707195e863fb,weakening,weakening_b3,18,3,OPTIMAL,0,7,7,sat,8.539984103999814,,4c941976d15d887c03c96627ea4f8206218da7972f5ab1ee200de9a46145ca86,e0780b5d964def64c2c97c0f5d0ad4509c69dd23fff22caebdbad5ad06975092,0,rq1-exact-623-20260926-5x,0
weakening/weaken_consequent/weaken_consequent_10_35_35.trace,cb42365e4721e700b982,weakening,weakening_b3,18,3,OPTIMAL,0,7,1,unsat,0.22905068200088863,,d49c1a2f37eb50dff894da0cadad09fa5a952a17442e986f1e51b3d6384940d9,,0,rq1-exact-623-20260926-5x,0
weakening/weaken_consequent/weaken_consequent_10_35_35.trace,cb42365e4721e700b982,weakening,weakening_b3,18,3,OPTIMAL,0,7,2,unsat,1.033191025000633,,0ba9afa13a414bdbf096316a2d02057cc8ff0ed31c69cded32121b08e60cac5c,,0,rq1-exact-623-20260926-5x,0
weakening/weaken_consequent/weaken_consequent_10_35_35.trace,cb42365e4721e700b982,weakening,weakening_b3,18,3,OPTIMAL,0,7,3,unsat,2.0378479959999822,,5a4a6030d4472c44b1ec07c6e2ffdd5f78c3e22ec1bc5caa23dd40da40868e8f,,0,rq1-exact-623-20260926-5x,0
weakening/weaken_consequent/weaken_consequent_10_35_35.trace,cb42365e4721e700b982,weakening,weakening_b3,18,3,OPTIMAL,0,7,4,unsat,3.2716962129998137,,6b6e12b00ce9b16f27572357eb2da1bd7c6ec3debb856398836951ed3c8334d0,,0,rq1-exact-623-20260926-5x,0
weakening/weaken_consequent/weaken_consequent_10_35_35.trace,cb42365e4721e700b982,weakening,weakening_b3,18,3,OPTIMAL,0,7,5,unsat,5.050915291998535,,29844b9e04050cfa3be878493c9608c2f6a9c28c7b027aaadec4ff1b8293723a,,0,rq1-exact-623-20260926-5x,0
weakening/weaken_consequent/weaken_consequent_10_35_35.trace,cb42365e4721e700b982,weakening,weakening_b3,18,3,OPTIMAL,0,7,6,unsat,7.406926121000652,,5300577b0625470d3b9bb7f0236ae1f058207e544bfec12e9ef06509abfa193d,,0,rq1-exact-623-20260926-5x,0
weakening/weaken_consequent/weaken_consequent_10_35_35.trace,cb42365e4721e700b982,weakening,weakening_b3,18,3,OPTIMAL,0,7,7,sat,9.465852978999465,,56ff1192bba834928a6ef2fdc9a1545d984cc2f79d93132286099fd3cd063cc1,6ca90a122c4d44a0f8135f3163c74c4470566f8dbe06fcc713cf1339aae0c245,0,rq1-exact-623-20260926-5x,0
weakening/weaken_consequent/weaken_consequent_10_40_40.trace,d028c7e9d9a93f6df2c8,weakening,weakening_b3,18,3,OPTIMAL,0,7,1,unsat,0.2690300220001518,,8ddaf8420ec5decd1f0b07161287bde2af04383081ef3ecf05de00a726426ad4,,0,rq1-exact-623-20260926-5x,0
weakening/weaken_consequent/weaken_consequent_10_40_40.trace,d028c7e9d9a93f6df2c8,weakening,weakening_b3,18,3,OPTIMAL,0,7,2,unsat,1.2351777849999053,,3272f1aae6df48b3a0ce637b95500d8b72bba340a853061e826a846e1d2d586b,,0,rq1-exact-623-20260926-5x,0
weakening/weaken_consequent/weaken_consequent_10_40_40.trace,d028c7e9d9a93f6df2c8,weakening,weakening_b3,18,3,OPTIMAL,0,7,3,unsat,2.431079783000314,,4ebcc23603b862586913f4b454fb17433226c1879f656f345f174879d9f00d0f,,0,rq1-exact-623-20260926-5x,0
weakening/weaken_consequent/weaken_consequent_10_40_40.trace,d028c7e9d9a93f6df2c8,weakening,weakening_b3,18,3,OPTIMAL,0,7,4,unsat,3.869942284998615,,6bee56e9b28cc6d443a84c7be8dfecc7271b7f4649617b2d664c03fb7a10a6ca,,0,rq1-exact-623-20260926-5x,0
weakening/weaken_consequent/weaken_consequent_10_40_40.trace,d028c7e9d9a93f6df2c8,weakening,weakening_b3,18,3,OPTIMAL,0,7,5,unsat,5.957091395999669,,5dbfd17d9c80655e639f7859123e32a91da32db7716230a1dca44d78642ded8d,,0,rq1-exact-623-20260926-5x,0
weakening/weaken_consequent/weaken_consequent_10_40_40.trace,d028c7e9d9a93f6df2c8,weakening,weakening_b3,18,3,OPTIMAL,0,7,6,unsat,8.811286763999306,,6d8fa2d422d7e3deff4e99ccca0de889ea908e669bce97c3b3bccef70f4ff7e2,,0,rq1-exact-623-20260926-5x,0
weakening/weaken_consequent/weaken_consequent_10_40_40.trace,d028c7e9d9a93f6df2c8,weakening,weakening_b3,18,3,OPTIMAL,0,7,7,sat,11.3934997260003,,998016424038da900a0e6ae9bbd0d124013b5fcd3708849e34ce393b160b120b,6ca90a122c4d44a0f8135f3163c74c4470566f8dbe06fcc713cf1339aae0c245,0,rq1-exact-623-20260926-5x,0
weakening/weaken_consequent/weaken_consequent_10_45_45.trace,a10c1c6944dfa7462fb4,weakening,weakening_b3,18,3,OPTIMAL,0,7,1,unsat,0.2871483340004488,,c3a469f0ec8f1508b20dd481105fcfcd0507d8392750ba7778b4a1ed36803753,,0,rq1-exact-623-20260926-5x,0
weakening/weaken_consequent/weaken_consequent_10_45_45.trace,a10c1c6944dfa7462fb4,weakening,weakening_b3,18,3,OPTIMAL,0,7,2,unsat,1.3202861200006737,,aebd58baec19f720f5efeef4ec6bc59f8092b962c19003ec7a009b33bb549977,,0,rq1-exact-623-20260926-5x,0
weakening/weaken_consequent/weaken_consequent_10_45_45.trace,a10c1c6944dfa7462fb4,weakening,weakening_b3,18,3,OPTIMAL,0,7,3,unsat,2.6193524450009136,,3c0de37a76486645cf6cfafe745df81169d430be01fd07aefec865a744882073,,0,rq1-exact-623-20260926-5x,0
weakening/weaken_consequent/weaken_consequent_10_45_45.trace,a10c1c6944dfa7462fb4,weakening,weakening_b3,18,3,OPTIMAL,0,7,4,unsat,4.198073481000392,,3fc186e4e587bcfe3122c89a09bd81c14466ebeae4db6ea215d6f81e007c4f54,,0,rq1-exact-623-20260926-5x,0
weakening/weaken_consequent/weaken_consequent_10_45_45.trace,a10c1c6944dfa7462fb4,weakening,weakening_b3,18,3,OPTIMAL,0,7,5,unsat,6.4881822260013,,0022fcd757a328b70ad9216869ca21fecdcb44e9c80207c30f90d912f7c4b708,,0,rq1-exact-623-20260926-5x,0
weakening/weaken_consequent/weaken_consequent_10_45_45.trace,a10c1c6944dfa7462fb4,weakening,weakening_b3,18,3,OPTIMAL,0,7,6,unsat,9.60587230300007,,bc0af4d4682a85077621f10dd75277e3790a8ff9152fa91994ce9091334a7e8d,,0,rq1-exact-623-20260926-5x,0
weakening/weaken_consequent/weaken_consequent_10_45_45.trace,a10c1c6944dfa7462fb4,weakening,weakening_b3,18,3,OPTIMAL,0,7,7,sat,12.493332306999946,,3f57b5e307de78573cbab9e7db6abced9d9b1c48dc18a1d0b68e660ea4bfefd8,66dfe1a622f3d17cf4351b6ff02f5c7aa471b10442c9879b6af7d2c73318fb77,0,rq1-exact-623-20260926-5x,0
weakening/weaken_consequent/weaken_consequent_10_50_50.trace,cd60845c3169c4d329d8,weakening,weakening_b3,18,3,OPTIMAL,0,7,1,unsat,0.3154977260001033,,e8c8f0983357ede20b6684a3cba156da4c37b512b6bd179a5f95722f7fb038af,,0,rq1-exact-623-20260926-5x,0
weakening/weaken_consequent/weaken_consequent_10_50_50.trace,cd60845c3169c4d329d8,weakening,weakening_b3,18,3,OPTIMAL,0,7,2,unsat,1.4509775400001672,,9f66459e2f8995aeba02856b93909dfdb802cdc400f24f583ed8c26fe52262cd,,0,rq1-exact-623-20260926-5x,0
weakening/weaken_consequent/weaken_consequent_10_50_50.trace,cd60845c3169c4d329d8,weakening,weakening_b3,18,3,OPTIMAL,0,7,3,unsat,2.876810736999687,,7cc3c2321ae1eef31f2e0371b058712de11a427ee903113d01294e8bc4aa466c,,0,rq1-exact-623-20260926-5x,0
weakening/weaken_consequent/weaken_consequent_10_50_50.trace,cd60845c3169c4d329d8,weakening,weakening_b3,18,3,OPTIMAL,0,7,4,unsat,4.595428448999883,,1a8406860e4051a2a34632c2593b36b9f4474ce90734310db2c95174f97a7d20,,0,rq1-exact-623-20260926-5x,0
weakening/weaken_consequent/weaken_consequent_10_50_50.trace,cd60845c3169c4d329d8,weakening,weakening_b3,18,3,OPTIMAL,0,7,5,unsat,7.199692199999845,,a78f04f440e30327cba0f16e5cb1d59267497e2e3b87057095c61c8e81be53df,,0,rq1-exact-623-20260926-5x,0
weakening/weaken_consequent/weaken_consequent_10_50_50.trace,cd60845c3169c4d329d8,weakening,weakening_b3,18,3,OPTIMAL,0,7,6,unsat,10.06741384399902,,be43b83dd71d448205e0f52844a3910596f5a8e5406a262d2afe7ecee4f6cf10,,0,rq1-exact-623-20260926-5x,0
weakening/weaken_consequent/weaken_consequent_10_50_50.trace,cd60845c3169c4d329d8,weakening,weakening_b3,18,3,OPTIMAL,0,7,7,sat,13.966722080998807,,6c8c63a87b4eb135a4b3a0263d2f92731540312eefcdb64e2fa07f27d57994c6,66dfe1a622f3d17cf4351b6ff02f5c7aa471b10442c9879b6af7d2c73318fb77,0,rq1-exact-623-20260926-5x,0
weakening/weaken_consequent/weaken_consequent_10_55_55.trace,a10f3949abe87114ffc1,weakening,weakening_b3,18,3,OPTIMAL,0,7,1,unsat,0.3437287720007589,,40ae7446b26f8e01718e7a69ea5362d9aee9623df7308e3c456a4850f24410e8,,0,rq1-exact-623-20260926-5x,0
weakening/weaken_consequent/weaken_consequent_10_55_55.trace,a10f3949abe87114ffc1,weakening,weakening_b3,18,3,OPTIMAL,0,7,2,unsat,1.621800801000063,,cdbc9cb7f283196f1cbf778256ae7a2dad18566166c1810b21467972d387a8cd,,0,rq1-exact-623-20260926-5x,0
weakening/weaken_consequent/weaken_consequent_10_55_55.trace,a10f3949abe87114ffc1,weakening,weakening_b3,18,3,OPTIMAL,0,7,3,unsat,3.1596768330000486,,f891d672decfcea9b8ea627054efc33e783ca2f1173ffc1c68de544d4370c52f,,0,rq1-exact-623-20260926-5x,0
weakening/weaken_consequent/weaken_consequent_10_55_55.trace,a10f3949abe87114ffc1,weakening,weakening_b3,18,3,OPTIMAL,0,7,4,unsat,5.077547179000248,,1c0cba63ac6b443776f1f7208920b014a67607a95094ba1c16184b10f66bb73c,,0,rq1-exact-623-20260926-5x,0
weakening/weaken_consequent/weaken_consequent_10_55_55.trace,a10f3949abe87114ffc1,weakening,weakening_b3,18,3,OPTIMAL,0,7,5,unsat,7.917559398998492,,401f33bf1bcbc0d11a7a242e996a337daf63c3ebe40e71012fdd557a9c5a2cab,,0,rq1-exact-623-20260926-5x,0
weakening/weaken_consequent/weaken_consequent_10_55_55.trace,a10f3949abe87114ffc1,weakening,weakening_b3,18,3,OPTIMAL,0,7,6,unsat,11.173681805001252,,cef83bd68951ec768977dd039393efb21bba8268ff8180c6bc3cbe87654394eb,,0,rq1-exact-623-20260926-5x,0
weakening/weaken_consequent/weaken_consequent_10_55_55.trace,a10f3949abe87114ffc1,weakening,weakening_b3,18,3,OPTIMAL,0,7,7,sat,15.140866871999606,,f1a36a60ab983d0392463533ff45a8f1f2af709fded81808b36da9cb9525fcb3,66dfe1a622f3d17cf4351b6ff02f5c7aa471b10442c9879b6af7d2c73318fb77,0,rq1-exact-623-20260926-5x,0
weakening/weaken_consequent/weaken_consequent_10_5_5.trace,08848ba23570916e193a,weakening,weakening_b3,18,3,OPTIMAL,0,7,1,unsat,0.05118226700142259,,5b621e38e50b4f8c8c7c044a3bb78b9d0da79fe3cc2e01343135c3a76443af76,,0,rq1-exact-623-20260926-5x,0
weakening/weaken_consequent/weaken_consequent_10_5_5.trace,08848ba23570916e193a,weakening,weakening_b3,18,3,OPTIMAL,0,7,2,unsat,0.1592729080002755,,00ca43da40d1c1d458b52f91a1be315d8c3afc1464ffd2e7d672c2ed714ab1b0,,0,rq1-exact-623-20260926-5x,0
weakening/weaken_consequent/weaken_consequent_10_5_5.trace,08848ba23570916e193a,weakening,weakening_b3,18,3,OPTIMAL,0,7,3,unsat,0.3079239150010835,,a3a31c5c4b20335aac5634639b9c5995a8a49143e9cc7a9d01d58ee94765fb42,,0,rq1-exact-623-20260926-5x,0
weakening/weaken_consequent/weaken_consequent_10_5_5.trace,08848ba23570916e193a,weakening,weakening_b3,18,3,OPTIMAL,0,7,4,unsat,0.49423496300005354,,4f7b338bdde251183cfdcf6fd4d2b88cf2c7ae31b0b2c05eb377631fea42d4ee,,0,rq1-exact-623-20260926-5x,0
weakening/weaken_consequent/weaken_consequent_10_5_5.trace,08848ba23570916e193a,weakening,weakening_b3,18,3,OPTIMAL,0,7,5,unsat,0.75429118700049,,16ada4af69a4249b50750e7eec7631dd1db86f8f8ce25c25fbb82ec7d12a8d5e,,0,rq1-exact-623-20260926-5x,0
weakening/weaken_consequent/weaken_consequent_10_5_5.trace,08848ba23570916e193a,weakening,weakening_b3,18,3,OPTIMAL,0,7,6,unsat,1.0550441870000213,,bb0f7e6dac09448eb3b16ae48ccc544e40b716ac7d1662609f48e6b27dd223a8,,0,rq1-exact-623-20260926-5x,0
weakening/weaken_consequent/weaken_consequent_10_5_5.trace,08848ba23570916e193a,weakening,weakening_b3,18,3,OPTIMAL,0,7,7,sat,1.3989049909996538,,abce90376898a1de1e65bee19752b0f45c410ad8079623ac54028617d4145bce,bf861190cca96c469d101efa7297c2bbf71ade94f18f69ed0203cf205095838c,0,rq1-exact-623-20260926-5x,0
weakening/weaken_consequent/weaken_consequent_10_60_60.trace,b1a17eb4c883bc098d19,weakening,weakening_b3,18,3,OPTIMAL,0,7,1,unsat,0.3754933929994877,,82e4398f7257162c092c224ba52377b41c83fed910ef04b1f27a2aaea9b3247e,,0,rq1-exact-623-20260926-5x,0
weakening/weaken_consequent/weaken_consequent_10_60_60.trace,b1a17eb4c883bc098d19,weakening,weakening_b3,18,3,OPTIMAL,0,7,2,unsat,1.7720087629986665,,6aa268d31cc29f7170e7c651c78c70cbec59accf0362218f9613e1fe41fd7703,,0,rq1-exact-623-20260926-5x,0
weakening/weaken_consequent/weaken_consequent_10_60_60.trace,b1a17eb4c883bc098d19,weakening,weakening_b3,18,3,OPTIMAL,0,7,3,unsat,3.472720367000875,,d1324be8adca22bd891fc2de31650e17f9cc22f43cb5c279730645c38234ee72,,0,rq1-exact-623-20260926-5x,0
weakening/weaken_consequent/weaken_consequent_10_60_60.trace,b1a17eb4c883bc098d19,weakening,weakening_b3,18,3,OPTIMAL,0,7,4,unsat,5.578551193000749,,c01f1e7c28385f2f5d12f27f5c28107841e45c83b9a278fe365dacdf05c4f106,,0,rq1-exact-623-20260926-5x,0
weakening/weaken_consequent/weaken_consequent_10_60_60.trace,b1a17eb4c883bc098d19,weakening,weakening_b3,18,3,OPTIMAL,0,7,5,unsat,8.681773170001179,,d1c71bcf38c438b67e567a1800f0414b5a37124e1f6461cbfde9f64b2b2732d4,,0,rq1-exact-623-20260926-5x,0
weakening/weaken_consequent/weaken_consequent_10_60_60.trace,b1a17eb4c883bc098d19,weakening,weakening_b3,18,3,OPTIMAL,0,7,6,unsat,12.789931609999257,,8dfb5cc10b3a3e591db9206f32d380e7c708079c9d75811225e7d254640bf4b6,,0,rq1-exact-623-20260926-5x,0
weakening/weaken_consequent/weaken_consequent_10_60_60.trace,b1a17eb4c883bc098d19,weakening,weakening_b3,18,3,OPTIMAL,0,7,7,sat,16.716156141999818,,7be6513a2534bde45dc2bd4bfa10ee8583e4cf0bad6f75cbe9055f47650cade9,9d063d9e82e3cb01f8007d83951b8f666354a34c347b943422b42ac87b3f351b,0,rq1-exact-623-20260926-5x,0
weakening/weaken_consequent/weaken_consequent_10_65_65.trace,498c5398ec0ad3966cdc,weakening,weakening_b3,18,3,OPTIMAL,0,7,1,unsat,0.4018799610003043,,7d185096cfc193b737558e74260b01dd013c67c1ac18c71dc6625115d0a48255,,0,rq1-exact-623-20260926-5x,0
weakening/weaken_consequent/weaken_consequent_10_65_65.trace,498c5398ec0ad3966cdc,weakening,weakening_b3,18,3,OPTIMAL,0,7,2,unsat,1.9194565990001138,,c4e6a1402743b732e703df3de86e9c94b6912bb7c888d0675778606c63764c9f,,0,rq1-exact-623-20260926-5x,0
weakening/weaken_consequent/weaken_consequent_10_65_65.trace,498c5398ec0ad3966cdc,weakening,weakening_b3,18,3,OPTIMAL,0,7,3,unsat,3.770556008999847,,da7fc6fba6551d207e1778828569dd7f69c74cefbe63b56f7f132b43a6ef219e,,0,rq1-exact-623-20260926-5x,0
weakening/weaken_consequent/weaken_consequent_10_65_65.trace,498c5398ec0ad3966cdc,weakening,weakening_b3,18,3,OPTIMAL,0,7,4,unsat,6.066321690999757,,a3c3834f05213f82592fe5aa6057a384e64972f17e7e0852263f9b05639f7265,,0,rq1-exact-623-20260926-5x,0
weakening/weaken_consequent/weaken_consequent_10_65_65.trace,498c5398ec0ad3966cdc,weakening,weakening_b3,18,3,OPTIMAL,0,7,5,unsat,9.410409304000495,,cb177470d8b40362b6ea1f91eb95e3e2eb700d9eeaa41d5837cb103677f61f5f,,0,rq1-exact-623-20260926-5x,0
weakening/weaken_consequent/weaken_consequent_10_65_65.trace,498c5398ec0ad3966cdc,weakening,weakening_b3,18,3,OPTIMAL,0,7,6,unsat,13.710785149000003,,7a53cf6801fd818e8e97653fb3907a349d6062cdce0cd97674b1b5eec77a5725,,0,rq1-exact-623-20260926-5x,0
weakening/weaken_consequent/weaken_consequent_10_65_65.trace,498c5398ec0ad3966cdc,weakening,weakening_b3,18,3,OPTIMAL,0,7,7,sat,18.278783363000912,,6e58e6e91052840ace6b3291bcf56c8bad493605097daa9f3d2afe0ea222d5be,469dbcfed41927b905324a1417efa61953dbe14836f9dbae3744f9ba3415c927,0,rq1-exact-623-20260926-5x,0
weakening/weaken_consequent/weaken_consequent_10_70_70.trace,4f16f3afa5edeeea7b20,weakening,weakening_b3,18,3,OPTIMAL,0,7,1,unsat,0.4330600110006344,,a4e1856e34cb8a02da2d8da33b8705aa1736bb0701a5374f510350246ba1faf5,,0,rq1-exact-623-20260926-5x,0
weakening/weaken_consequent/weaken_consequent_10_70_70.trace,4f16f3afa5edeeea7b20,weakening,weakening_b3,18,3,OPTIMAL,0,7,2,unsat,2.0723962770007347,,048ab2e51ba74cc058a6fa147bfc541898e92b5c68316f9944f0657ad13ff71e,,0,rq1-exact-623-20260926-5x,0
weakening/weaken_consequent/weaken_consequent_10_70_70.trace,4f16f3afa5edeeea7b20,weakening,weakening_b3,18,3,OPTIMAL,0,7,3,unsat,4.056154559999413,,cf5fc37ee8a8530f096c9300c4a9a0e883d3c4991e13f109db60a62d96938e37,,0,rq1-exact-623-20260926-5x,0
weakening/weaken_consequent/weaken_consequent_10_70_70.trace,4f16f3afa5edeeea7b20,weakening,weakening_b3,18,3,OPTIMAL,0,7,4,unsat,6.545353551999142,,b86dc1bd69dec345ab815349948e2399270bc20c86ba1865b82986d91bc6adc8,,0,rq1-exact-623-20260926-5x,0
weakening/weaken_consequent/weaken_consequent_10_70_70.trace,4f16f3afa5edeeea7b20,weakening,weakening_b3,18,3,OPTIMAL,0,7,5,unsat,10.140985132999049,,dd75c1acb2cb9121bdef780ea920df0c2fa8289e70a7b7808d1c38257705faca,,0,rq1-exact-623-20260926-5x,0
weakening/weaken_consequent/weaken_consequent_10_70_70.trace,4f16f3afa5edeeea7b20,weakening,weakening_b3,18,3,OPTIMAL,0,7,6,unsat,14.274812712999847,,d6e4d8989a541864611cae8c53dcaefe1c493742c7d56ce9a8cac337c7efc1ea,,0,rq1-exact-623-20260926-5x,0
weakening/weaken_consequent/weaken_consequent_10_70_70.trace,4f16f3afa5edeeea7b20,weakening,weakening_b3,18,3,OPTIMAL,0,7,7,sat,21.014712940999743,,76d6f7056348874e9a01d8008143605785a4b6c4bcb5145590e9a1a0a4a51625,0923cb485a8b4574856c0ae10734b2a742a7c00ce6b0e5c1376324c18ac5ad20,0,rq1-exact-623-20260926-5x,0
weakening/weaken_consequent/weaken_consequent_10_75_75.trace,dc075dd3eac981e15980,weakening,weakening_b3,18,3,OPTIMAL,0,7,1,unsat,0.46907966599974316,,bd1a813e3a237e63e8cc961b2cb654e5843f006856cac9e1e14da7eab0a754d6,,0,rq1-exact-623-20260926-5x,0
weakening/weaken_consequent/weaken_consequent_10_75_75.trace,dc075dd3eac981e15980,weakening,weakening_b3,18,3,OPTIMAL,0,7,2,unsat,2.2310128649987746,,02f74cd4dede46547441d62814fbf60930d1a6a30afc1b00e1de9803457d6cfa,,0,rq1-exact-623-20260926-5x,0
weakening/weaken_consequent/weaken_consequent_10_75_75.trace,dc075dd3eac981e15980,weakening,weakening_b3,18,3,OPTIMAL,0,7,3,unsat,4.390426019001097,,6d526650f1f4531fe5dbc8b4f976bce3dbbe127184bc3fc93ab00a9cca84d141,,0,rq1-exact-623-20260926-5x,0
weakening/weaken_consequent/weaken_consequent_10_75_75.trace,dc075dd3eac981e15980,weakening,weakening_b3,18,3,OPTIMAL,0,7,4,unsat,7.026963391001118,,739a2f3baf21dcc43246da554ec73e509cce512cbfdfe311630c6be68f2b3984,,0,rq1-exact-623-20260926-5x,0
weakening/weaken_consequent/weaken_consequent_10_75_75.trace,dc075dd3eac981e15980,weakening,weakening_b3,18,3,OPTIMAL,0,7,5,unsat,10.965047874000447,,0bf0c95885db693d5fed2890fc5b58b965ddffec91f66229d76afed557a319dd,,0,rq1-exact-623-20260926-5x,0
weakening/weaken_consequent/weaken_consequent_10_75_75.trace,dc075dd3eac981e15980,weakening,weakening_b3,18,3,OPTIMAL,0,7,6,unsat,15.648577084000863,,eeb3275fb95aff16f5667c7647b4af5dfa542928144520ef7ad44a576708dd7c,,0,rq1-exact-623-20260926-5x,0
weakening/weaken_consequent/weaken_consequent_10_75_75.trace,dc075dd3eac981e15980,weakening,weakening_b3,18,3,OPTIMAL,0,7,7,sat,20.77481128999898,,6d03be59b649658d226e26a75ac8dc34fadc2c5c5725f68d3d2721d5f9933903,9d063d9e82e3cb01f8007d83951b8f666354a34c347b943422b42ac87b3f351b,0,rq1-exact-623-20260926-5x,0
weakening/weaken_consequent/weaken_consequent_10_80_80.trace,235a6e2b977868d48da2,weakening,weakening_b3,18,3,OPTIMAL,0,7,1,unsat,0.4883506749993103,,1a52eace9812c72c22e9890942c89ad06a5993a8087ea81e7cda58c19143318c,,0,rq1-exact-623-20260926-5x,0
weakening/weaken_consequent/weaken_consequent_10_80_80.trace,235a6e2b977868d48da2,weakening,weakening_b3,18,3,OPTIMAL,0,7,2,unsat,2.323701422999875,,b0adb36bc2c77cb3a3829ceda6607026bb72e075394c4e656bde84689d82c919,,0,rq1-exact-623-20260926-5x,0
weakening/weaken_consequent/weaken_consequent_10_80_80.trace,235a6e2b977868d48da2,weakening,weakening_b3,18,3,OPTIMAL,0,7,3,unsat,4.591249466999216,,f41186a9769a92f0c19dcc8e0340842620fe816389c297bfe55c71bcf2a7d5be,,0,rq1-exact-623-20260926-5x,0
weakening/weaken_consequent/weaken_consequent_10_80_80.trace,235a6e2b977868d48da2,weakening,weakening_b3,18,3,OPTIMAL,0,7,4,unsat,7.341984787999536,,c1762bc1caf67e334c97e214d6a59ede00e400df7718ea540b7e3a8fc37313d0,,0,rq1-exact-623-20260926-5x,0
weakening/weaken_consequent/weaken_consequent_10_80_80.trace,235a6e2b977868d48da2,weakening,weakening_b3,18,3,OPTIMAL,0,7,5,unsat,11.46193533800033,,073f78bcade006879515eea081e100294cf3e9236d2031231ed5aad307209e50,,0,rq1-exact-623-20260926-5x,0
weakening/weaken_consequent/weaken_consequent_10_80_80.trace,235a6e2b977868d48da2,weakening,weakening_b3,18,3,OPTIMAL,0,7,6,unsat,16.1372477219993,,75890698fef05fe77f4d15a5cadbb201f28e851b062f0b48fdfd6823dcb2fb3e,,0,rq1-exact-623-20260926-5x,0
weakening/weaken_consequent/weaken_consequent_10_80_80.trace,235a6e2b977868d48da2,weakening,weakening_b3,18,3,OPTIMAL,0,7,7,sat,21.662580288000754,,6da217b4ad4841fd6916e827c3e1f8f9529ec6536601253342c9a3c10e8db3b0,9d063d9e82e3cb01f8007d83951b8f666354a34c347b943422b42ac87b3f351b,0,rq1-exact-623-20260926-5x,0
weakening/weaken_consequent/weaken_consequent_10_85_85.trace,eb75ee9db7d287368115,weakening,weakening_b3,18,3,OPTIMAL,0,7,1,unsat,0.5262537010003143,,c3a01b5631ade40cf38fa7e06da44c3f1ae25c3dc16dba83f96aa2990f011d69,,0,rq1-exact-623-20260926-5x,0
weakening/weaken_consequent/weaken_consequent_10_85_85.trace,eb75ee9db7d287368115,weakening,weakening_b3,18,3,OPTIMAL,0,7,2,unsat,2.511462221000329,,5353d4951e63c4fbf54309e577ac2e24bfd9273d64611fbec9a855f30a8a3b4e,,0,rq1-exact-623-20260926-5x,0
weakening/weaken_consequent/weaken_consequent_10_85_85.trace,eb75ee9db7d287368115,weakening,weakening_b3,18,3,OPTIMAL,0,7,3,unsat,4.963306417001149,,7574a901f6185a32f7581c3863993c3160b1d3e6c6aee0378816dd92377a3890,,0,rq1-exact-623-20260926-5x,0
weakening/weaken_consequent/weaken_consequent_10_85_85.trace,eb75ee9db7d287368115,weakening,weakening_b3,18,3,OPTIMAL,0,7,4,unsat,7.929765963999671,,cbfb7e2fcbb29854408668214da6ac33b64046eafa0c151a77aceafb84c710f3,,0,rq1-exact-623-20260926-5x,0
weakening/weaken_consequent/weaken_consequent_10_85_85.trace,eb75ee9db7d287368115,weakening,weakening_b3,18,3,OPTIMAL,0,7,5,unsat,12.457474412998636,,014139f844213343b6fecf2b7e054b4741b5ba5e9385becff3c5e1a758310bce,,0,rq1-exact-623-20260926-5x,0
weakening/weaken_consequent/weaken_consequent_10_85_85.trace,eb75ee9db7d287368115,weakening,weakening_b3,18,3,OPTIMAL,0,7,6,unsat,17.889729716000147,,9c3407e1177ef6369a2afda975017639834e3680270c6ee2e34415055b2d9c30,,0,rq1-exact-623-20260926-5x,0
weakening/weaken_consequent/weaken_consequent_10_85_85.trace,eb75ee9db7d287368115,weakening,weakening_b3,18,3,OPTIMAL,0,7,7,sat,23.263053741000476,,5e7b456d5d1288759811286a47743f702c57f8543d3b683cce3b6f53f9b5b809,1a923dd23c6abc38c47327dffb04dc4805e8f043d29d64afe5edcb88da52fc5b,0,rq1-exact-623-20260926-5x,0
weakening/weaken_consequent/weaken_consequent_10_90_90.trace,20c194c77791e38503e9,weakening,weakening_b3,18,3,OPTIMAL,0,7,1,unsat,0.5525683240011858,,36bb89b49da4669444a207dd74c5df04f009c761862aa8dc91c6531b9f13ddc8,,0,rq1-exact-623-20260926-5x,0
weakening/weaken_consequent/weaken_consequent_10_90_90.trace,20c194c77791e38503e9,weakening,weakening_b3,18,3,OPTIMAL,0,7,2,unsat,2.6681883109995397,,fd19346ec3ff23b7369223b41bee0ad90611a9e7f70f75e4ae9689e2f95bc397,,0,rq1-exact-623-20260926-5x,0
weakening/weaken_consequent/weaken_consequent_10_90_90.trace,20c194c77791e38503e9,weakening,weakening_b3,18,3,OPTIMAL,0,7,3,unsat,5.261634372000117,,124584ae885933920fd870aebc2e0d50dd625235af5536593af51a25c595c339,,0,rq1-exact-623-20260926-5x,0
weakening/weaken_consequent/weaken_consequent_10_90_90.trace,20c194c77791e38503e9,weakening,weakening_b3,18,3,OPTIMAL,0,7,4,unsat,8.404522428001655,,7a63ddc7ad5bcc28954365b260665cce568b48b5cd997cbcf1c88424250a66ba,,0,rq1-exact-623-20260926-5x,0
weakening/weaken_consequent/weaken_consequent_10_90_90.trace,20c194c77791e38503e9,weakening,weakening_b3,18,3,OPTIMAL,0,7,5,unsat,13.039390331001414,,9e9e5a7d4ad8838eda40439c220fc9c5f121517f2ade5d6182369b2e54776f19,,0,rq1-exact-623-20260926-5x,0
weakening/weaken_consequent/weaken_consequent_10_90_90.trace,20c194c77791e38503e9,weakening,weakening_b3,18,3,OPTIMAL,0,7,6,unsat,18.78817390599943,,9a931ddb83194fa18cf107e27f46d2be8bd9e7bdbc09e38462474fe4850d67c2,,0,rq1-exact-623-20260926-5x,0
weakening/weaken_consequent/weaken_consequent_10_90_90.trace,20c194c77791e38503e9,weakening,weakening_b3,18,3,OPTIMAL,0,7,7,sat,25.325695835999795,,272bed95280b0e688ec9a0853824837916657868625b5d3568322c4de226d198,e0780b5d964def64c2c97c0f5d0ad4509c69dd23fff22caebdbad5ad06975092,0,rq1-exact-623-20260926-5x,0
weakening/weaken_consequent/weaken_consequent_10_95_95.trace,31605c67b8b773bdee9c,weakening,weakening_b3,18,3,OPTIMAL,0,7,1,unsat,0.5819993980003346,,a2a02fb03bc071ef36e8a02687ec1dd8b5cd4eb358914799b9c1b5c1e811e7ec,,0,rq1-exact-623-20260926-5x,0
weakening/weaken_consequent/weaken_consequent_10_95_95.trace,31605c67b8b773bdee9c,weakening,weakening_b3,18,3,OPTIMAL,0,7,2,unsat,2.7927359209988936,,a26ea150279639ffe6f14526d43e71c03d0ea2ac93808ecd060ae9be6f499710,,0,rq1-exact-623-20260926-5x,0
weakening/weaken_consequent/weaken_consequent_10_95_95.trace,31605c67b8b773bdee9c,weakening,weakening_b3,18,3,OPTIMAL,0,7,3,unsat,5.508517201000359,,8058f6b8ada58132e0b68b8028bea13c1771a84e605f2ee385f5edc422299312,,0,rq1-exact-623-20260926-5x,0
weakening/weaken_consequent/weaken_consequent_10_95_95.trace,31605c67b8b773bdee9c,weakening,weakening_b3,18,3,OPTIMAL,0,7,4,unsat,8.799381300001187,,a7f5d10ac8ebb1f2ad78a0bb846266b6b16a9cdbef35dae4a6d263f4f008f3f1,,0,rq1-exact-623-20260926-5x,0
weakening/weaken_consequent/weaken_consequent_10_95_95.trace,31605c67b8b773bdee9c,weakening,weakening_b3,18,3,OPTIMAL,0,7,5,unsat,13.667919105999317,,19ddccc180cda9097ebd666729e5bb9f9de8ec038ab7f951829b86ce610295f1,,0,rq1-exact-623-20260926-5x,0
weakening/weaken_consequent/weaken_consequent_10_95_95.trace,31605c67b8b773bdee9c,weakening,weakening_b3,18,3,OPTIMAL,0,7,6,unsat,19.640730052000436,,80fad29f414c8b9ee3a09ee75e3144a0a462bfd66973024b0d89fe9d6be79f3c,,0,rq1-exact-623-20260926-5x,0
weakening/weaken_consequent/weaken_consequent_10_95_95.trace,31605c67b8b773bdee9c,weakening,weakening_b3,18,3,OPTIMAL,0,7,7,sat,27.458735283998976,,00b0a1ef46ac7d17594f4d749e7d40cf0816edec72246f961ee5a3244dbfab03,30f4c393c64d416527877a271d4693e8e9a66f8262cde5b3d5774aeff4b062af,0,rq1-exact-623-20260926-5x,0
weakening/weaken_consequent/weaken_consequent_15_10_10.trace,17d1c0adb5f7045c9c1d,weakening,weakening_b3,18,3,OPTIMAL,0,7,1,unsat,0.10831886400046642,,27845d8f2ce6eade8c16e715b1c646d51b085052f0d82d033cebe229e6a1a909,,0,rq1-exact-623-20260926-5x,0
weakening/weaken_consequent/weaken_consequent_15_10_10.trace,17d1c0adb5f7045c9c1d,weakening,weakening_b3,18,3,OPTIMAL,0,7,2,unsat,0.4394006639995496,,35397af76802bb7df28363da6a9e6563939003b27609074109685f884498129b,,0,rq1-exact-623-20260926-5x,0
weakening/weaken_consequent/weaken_consequent_15_10_10.trace,17d1c0adb5f7045c9c1d,weakening,weakening_b3,18,3,OPTIMAL,0,7,3,unsat,0.8646622650012432,,38706215b47572c5032871bca764b94cb3eedbaa82002ea9955bbe440eabf2c2,,0,rq1-exact-623-20260926-5x,0
weakening/weaken_consequent/weaken_consequent_15_10_10.trace,17d1c0adb5f7045c9c1d,weakening,weakening_b3,18,3,OPTIMAL,0,7,4,unsat,1.3824434260004637,,2b91b95c0818c47fbf898da6c190a830bd106c7745354b54e7649190612201a8,,0,rq1-exact-623-20260926-5x,0
weakening/weaken_consequent/weaken_consequent_15_10_10.trace,17d1c0adb5f7045c9c1d,weakening,weakening_b3,18,3,OPTIMAL,0,7,5,unsat,2.1080924850011797,,32442345b659449071c47251650c00673aebd3e969e251c4eb0d674711babb8c,,0,rq1-exact-623-20260926-5x,0
weakening/weaken_consequent/weaken_consequent_15_10_10.trace,17d1c0adb5f7045c9c1d,weakening,weakening_b3,18,3,OPTIMAL,0,7,6,unsat,2.9508474510002998,,73294a587959b5259826aaa162861c6c235d1c99fd9ddaa2313d11dcf5d98130,,0,rq1-exact-623-20260926-5x,0
weakening/weaken_consequent/weaken_consequent_15_10_10.trace,17d1c0adb5f7045c9c1d,weakening,weakening_b3,18,3,OPTIMAL,0,7,7,sat,3.9975800950014673,,d162551866afded0ae218eccf29c961211516eb7db0586a685faf1e288c5cdcd,cf53687dfccd6db43c5778eb4dd6bbd896c6708ff7103612547d34e9cee0bf57,0,rq1-exact-623-20260926-5x,0
weakening/weaken_consequent/weaken_consequent_20_10_10.trace,ca81946c43ffa15817b4,weakening,weakening_b3,18,3,OPTIMAL,0,7,1,unsat,0.13917926199974318,,72afae995f19fa95212af9c1faf7e366ca7a3e2a8674f3af9dbf36c9b864fb29,,0,rq1-exact-623-20260926-5x,0
weakening/weaken_consequent/weaken_consequent_20_10_10.trace,ca81946c43ffa15817b4,weakening,weakening_b3,18,3,OPTIMAL,0,7,2,unsat,0.5973803329998191,,98468aab078eef8f8b989a922497a3131a811e0db14fa62805cb1ef8ba6bcfe1,,0,rq1-exact-623-20260926-5x,0
weakening/weaken_consequent/weaken_consequent_20_10_10.trace,ca81946c43ffa15817b4,weakening,weakening_b3,18,3,OPTIMAL,0,7,3,unsat,1.1646922750005615,,1a49fa3f944c0ae183e442b22017ceed46318cfb903f5cc3efc36ea1469e5533,,0,rq1-exact-623-20260926-5x,0
weakening/weaken_consequent/weaken_consequent_20_10_10.trace,ca81946c43ffa15817b4,weakening,weakening_b3,18,3,OPTIMAL,0,7,4,unsat,1.865658655999141,,1f2cef2c7f3ee9c263bf9cb949fd0745ae0229392e07893ccf9eabe4ccaa9f9e,,0,rq1-exact-623-20260926-5x,0
weakening/weaken_consequent/weaken_consequent_20_10_10.trace,ca81946c43ffa15817b4,weakening,weakening_b3,18,3,OPTIMAL,0,7,5,unsat,2.885091352998643,,5ab7db8d3f71c7c9416606520174e3786ed12413c2fb9ec078731cbea21b2290,,0,rq1-exact-623-20260926-5x,0
weakening/weaken_consequent/weaken_consequent_20_10_10.trace,ca81946c43ffa15817b4,weakening,weakening_b3,18,3,OPTIMAL,0,7,6,unsat,4.053974309001205,,b866c1da03151d46b255cea5e326e24f05bfd42bee910ba3e36c284413c4d5ac,,0,rq1-exact-623-20260926-5x,0
weakening/weaken_consequent/weaken_consequent_20_10_10.trace,ca81946c43ffa15817b4,weakening,weakening_b3,18,3,OPTIMAL,0,7,7,sat,5.483130913999048,,579ffece3bb7a216668b1532a69de0464e02a72668e39943f6a6193513e5301c,98c70fa8f525725cb8b8bd99ff3581ac58807c502d353faf99feb31a434baf58,0,rq1-exact-623-20260926-5x,0
weakening/weaken_consequent/weaken_consequent_25_10_10.trace,73c9d4d45278fd4857f3,weakening,weakening_b3,18,3,OPTIMAL,0,7,1,unsat,0.16646748499988462,,40b8f7116bd195cf94482f00ff55de154a6eec3bf7277182241b462ae2228d8b,,0,rq1-exact-623-20260926-5x,0
weakening/weaken_consequent/weaken_consequent_25_10_10.trace,73c9d4d45278fd4857f3,weakening,weakening_b3,18,3,OPTIMAL,0,7,2,unsat,0.7360598120012583,,bff0669be02045f4513a785b9953ede1bc31656ced0a6cf9724f174057a04be4,,0,rq1-exact-623-20260926-5x,0
weakening/weaken_consequent/weaken_consequent_25_10_10.trace,73c9d4d45278fd4857f3,weakening,weakening_b3,18,3,OPTIMAL,0,7,3,unsat,1.4394479479997244,,9bd1cbb1ede4e91a4cd54aa793575fea5471c2f1f3734c8c574d46079e1f723a,,0,rq1-exact-623-20260926-5x,0
weakening/weaken_consequent/weaken_consequent_25_10_10.trace,73c9d4d45278fd4857f3,weakening,weakening_b3,18,3,OPTIMAL,0,7,4,unsat,2.29531827000028,,e947690d9077653af2e363f8bd34be6db2f7efdacfc30fe0e81849bef07dace1,,0,rq1-exact-623-20260926-5x,0
weakening/weaken_consequent/weaken_consequent_25_10_10.trace,73c9d4d45278fd4857f3,weakening,weakening_b3,18,3,OPTIMAL,0,7,5,unsat,3.5504831109992665,,5f96fdfc58759e7a7c56249fadd1f11b8209f366b4ee612393c5df986d3e4d0c,,0,rq1-exact-623-20260926-5x,0
weakening/weaken_consequent/weaken_consequent_25_10_10.trace,73c9d4d45278fd4857f3,weakening,weakening_b3,18,3,OPTIMAL,0,7,6,unsat,5.065353870000763,,81816608ef90353da37385f64f1fa31430244fca17a1c45183b3b5bb9a9398ec,,0,rq1-exact-623-20260926-5x,0
weakening/weaken_consequent/weaken_consequent_25_10_10.trace,73c9d4d45278fd4857f3,weakening,weakening_b3,18,3,OPTIMAL,0,7,7,sat,6.779718789999606,,406d191bf42ed2aafeedcfcc9b019f4c45126be434e24e94746ba1582e28485e,d20b21a099f71f2c4195f0440859d4104102725f6ad341a4a1edc35855e5b96e,0,rq1-exact-623-20260926-5x,0
weakening/weaken_consequent/weaken_consequent_30_10_10.trace,d3bc10f770ca4db366af,weakening,weakening_b3,18,3,OPTIMAL,0,7,1,unsat,0.1971151280013146,,7aea6ea6ef78aaaec6b5afee100fae4c5da9444dd4fe3a19694673444037fd85,,0,rq1-exact-623-20260926-5x,0
weakening/weaken_consequent/weaken_consequent_30_10_10.trace,d3bc10f770ca4db366af,weakening,weakening_b3,18,3,OPTIMAL,0,7,2,unsat,0.8881858959994133,,1daaf37c78894ac7e8b52c0d6b535866aff0d9d9f2236050a587ba1b368c6aac,,0,rq1-exact-623-20260926-5x,0
weakening/weaken_consequent/weaken_consequent_30_10_10.trace,d3bc10f770ca4db366af,weakening,weakening_b3,18,3,OPTIMAL,0,7,3,unsat,1.734482305999336,,4d92373c731d069ae0860c3c9a172fd5c9e69d936be6d80192c3ebb76c199e80,,0,rq1-exact-623-20260926-5x,0
weakening/weaken_consequent/weaken_consequent_30_10_10.trace,d3bc10f770ca4db366af,weakening,weakening_b3,18,3,OPTIMAL,0,7,4,unsat,2.780709366999872,,85a29baaede66777e2eabd67906a09631bf3f7270826f4f3f5fd391c7e3da3e9,,0,rq1-exact-623-20260926-5x,0
weakening/weaken_consequent/weaken_consequent_30_10_10.trace,d3bc10f770ca4db366af,weakening,weakening_b3,18,3,OPTIMAL,0,7,5,unsat,4.300515375998657,,eca4d201bd1d6ba74ab251a4a66357099f45ec04fbc61368011deddd51f9ae0a,,0,rq1-exact-623-20260926-5x,0
weakening/weaken_consequent/weaken_consequent_30_10_10.trace,d3bc10f770ca4db366af,weakening,weakening_b3,18,3,OPTIMAL,0,7,6,unsat,6.0471398739991855,,8dfc7e81623ea78631b4c37e4fe87da9b869cbb2a72dbf49a5d5bc744e2e319f,,0,rq1-exact-623-20260926-5x,0
weakening/weaken_consequent/weaken_consequent_30_10_10.trace,d3bc10f770ca4db366af,weakening,weakening_b3,18,3,OPTIMAL,0,7,7,sat,8.199545284000124,,fc35d992b260a2080f1a41e85dace7e2a080dd2538575a01461e3f59ba1b94af,6ca90a122c4d44a0f8135f3163c74c4470566f8dbe06fcc713cf1339aae0c245,0,rq1-exact-623-20260926-5x,0
weakening/weaken_consequent/weaken_consequent_35_10_10.trace,30fe5093e6fe9ff1d2fe,weakening,weakening_b3,18,3,OPTIMAL,0,7,1,unsat,0.23072074399897247,,05fd8a3bb032d6399cb3ab5904d094203965f72464e55d7582c3416f806003a1,,0,rq1-exact-623-20260926-5x,0
weakening/weaken_consequent/weaken_consequent_35_10_10.trace,30fe5093e6fe9ff1d2fe,weakening,weakening_b3,18,3,OPTIMAL,0,7,2,unsat,1.0420892370002548,,6fdd573211a0128717b02e9a0b3a94cbf2b34351504f32180e583c6b131aeac3,,0,rq1-exact-623-20260926-5x,0
weakening/weaken_consequent/weaken_consequent_35_10_10.trace,30fe5093e6fe9ff1d2fe,weakening,weakening_b3,18,3,OPTIMAL,0,7,3,unsat,2.0592900379997445,,27f3b08237204efe2806fabc7aa40c78559cfa9d824602908ba3511fb84c00c2,,0,rq1-exact-623-20260926-5x,0
weakening/weaken_consequent/weaken_consequent_35_10_10.trace,30fe5093e6fe9ff1d2fe,weakening,weakening_b3,18,3,OPTIMAL,0,7,4,unsat,3.289181671998449,,4d3896ad6c1fe0217b8755b7f1a4abce2fdab8c2138ace254564d43ba515cc7f,,0,rq1-exact-623-20260926-5x,0
weakening/weaken_consequent/weaken_consequent_35_10_10.trace,30fe5093e6fe9ff1d2fe,weakening,weakening_b3,18,3,OPTIMAL,0,7,5,unsat,5.071642779001195,,5148964925ba1929e3e59233b367ce10ce25dd799436390b450fe1f9a0f79134,,0,rq1-exact-623-20260926-5x,0
weakening/weaken_consequent/weaken_consequent_35_10_10.trace,30fe5093e6fe9ff1d2fe,weakening,weakening_b3,18,3,OPTIMAL,0,7,6,unsat,7.189707988000009,,c903aa8bc4076c00dcba30cf9c00d83369a04326ae7c179343be54a39a73b8a0,,0,rq1-exact-623-20260926-5x,0
weakening/weaken_consequent/weaken_consequent_35_10_10.trace,30fe5093e6fe9ff1d2fe,weakening,weakening_b3,18,3,OPTIMAL,0,7,7,sat,10.06506280100075,,8b4533ab2d222f538a4d01881d55660ed9c032590ccedba0bc04cd70b1543bd8,0923cb485a8b4574856c0ae10734b2a742a7c00ce6b0e5c1376324c18ac5ad20,0,rq1-exact-623-20260926-5x,0
weakening/weaken_consequent/weaken_consequent_40_10_10.trace,c81099111a2c614af03b,weakening,weakening_b3,18,3,OPTIMAL,0,7,1,unsat,0.25244657800067216,,b30a980db76ee97b0b52e3f2a1354494a6ac065dceb45814a2cd8fc0a2487c83,,0,rq1-exact-623-20260926-5x,0
weakening/weaken_consequent/weaken_consequent_40_10_10.trace,c81099111a2c614af03b,weakening,weakening_b3,18,3,OPTIMAL,0,7,2,unsat,1.1574098629989749,,499028a0f6c5a77f1ecdca7ba1f3395ed6d4ea72aba747db256380b3d531b7e6,,0,rq1-exact-623-20260926-5x,0
weakening/weaken_consequent/weaken_consequent_40_10_10.trace,c81099111a2c614af03b,weakening,weakening_b3,18,3,OPTIMAL,0,7,3,unsat,2.3002098519991705,,4c306a2d5413c5bc8ade41e88d079737953560f6f61c066199db425458b5bc55,,0,rq1-exact-623-20260926-5x,0
weakening/weaken_consequent/weaken_consequent_40_10_10.trace,c81099111a2c614af03b,weakening,weakening_b3,18,3,OPTIMAL,0,7,4,unsat,3.6339116929993907,,a8026bb06c13d4517b7cfce9fce46adc845c2da7efdc57d2d02df56c4c5dd4c1,,0,rq1-exact-623-20260926-5x,0
weakening/weaken_consequent/weaken_consequent_40_10_10.trace,c81099111a2c614af03b,weakening,weakening_b3,18,3,OPTIMAL,0,7,5,unsat,5.662111421999725,,3a229618b56cebd81ea88eed83b1d0321cbc6dfc77b685838eaf5b7e9feb1d44,,0,rq1-exact-623-20260926-5x,0
weakening/weaken_consequent/weaken_consequent_40_10_10.trace,c81099111a2c614af03b,weakening,weakening_b3,18,3,OPTIMAL,0,7,6,unsat,8.041137267999147,,c0acca7cb8ca75f7622c4585bba202f8214273a13de7abceb697220a9b5b9ff9,,0,rq1-exact-623-20260926-5x,0
weakening/weaken_consequent/weaken_consequent_40_10_10.trace,c81099111a2c614af03b,weakening,weakening_b3,18,3,OPTIMAL,0,7,7,sat,10.81308123099916,,525cdedba3afb83344bc9bdf2a8cd7ba9e658414973200f324220afef24680d2,66dfe1a622f3d17cf4351b6ff02f5c7aa471b10442c9879b6af7d2c73318fb77,0,rq1-exact-623-20260926-5x,0
weakening/weaken_consequent/weaken_consequent_45_10_10.trace,7d10755d217afdb66feb,weakening,weakening_b3,18,3,OPTIMAL,0,7,1,unsat,0.28561709899986454,,c6bb8b0e2caef3acf04bb01d4ff5aee076c70c25bfe6862b8901c0ff0f754f74,,0,rq1-exact-623-20260926-5x,0
weakening/weaken_consequent/weaken_consequent_45_10_10.trace,7d10755d217afdb66feb,weakening,weakening_b3,18,3,OPTIMAL,0,7,2,unsat,1.323916403000112,,07668f301c4b3183ef37258d45df648eacb27d505770ff03ac6225483f757960,,0,rq1-exact-623-20260926-5x,0
weakening/weaken_consequent/weaken_consequent_45_10_10.trace,7d10755d217afdb66feb,weakening,weakening_b3,18,3,OPTIMAL,0,7,3,unsat,2.6075199780007097,,79c1a7c2e4da0466f5efa71bb7e9fb7809166794ed033416652d0476abae03b6,,0,rq1-exact-623-20260926-5x,0
weakening/weaken_consequent/weaken_consequent_45_10_10.trace,7d10755d217afdb66feb,weakening,weakening_b3,18,3,OPTIMAL,0,7,4,unsat,4.1819586619985785,,37b7f6735da7d3375ad2344f783c9f15a1c0fa21c361835e34fe2c388e643189,,0,rq1-exact-623-20260926-5x,0
weakening/weaken_consequent/weaken_consequent_45_10_10.trace,7d10755d217afdb66feb,weakening,weakening_b3,18,3,OPTIMAL,0,7,5,unsat,6.469403119999697,,66cfe74f6fe1ae410a03441b2fe0173e338d29b2f82363ab5ea90a16c62ccac0,,0,rq1-exact-623-20260926-5x,0
weakening/weaken_consequent/weaken_consequent_45_10_10.trace,7d10755d217afdb66feb,weakening,weakening_b3,18,3,OPTIMAL,0,7,6,unsat,9.182254744999227,,6c34b9ff2a3c82a108098e5cd87fd777a8bfbc8a46fec1dd3115bfce83ed7db1,,0,rq1-exact-623-20260926-5x,0
weakening/weaken_consequent/weaken_consequent_45_10_10.trace,7d10755d217afdb66feb,weakening,weakening_b3,18,3,OPTIMAL,0,7,7,sat,12.167635292998966,,49b816172634d347f69bd080426704404020e45ab44b2a5aede257d05d05b7c2,9d063d9e82e3cb01f8007d83951b8f666354a34c347b943422b42ac87b3f351b,0,rq1-exact-623-20260926-5x,0
weakening/weaken_consequent/weaken_consequent_50_10_10.trace,047fb6e917b544904ae0,weakening,weakening_b3,18,3,OPTIMAL,0,7,1,unsat,0.3072763969994412,,0a6a696d1b36bbca5a8ead30d9a2576e05999f8ae5e0fe2e28ee4c9a22bb492f,,0,rq1-exact-623-20260926-5x,0
weakening/weaken_consequent/weaken_consequent_50_10_10.trace,047fb6e917b544904ae0,weakening,weakening_b3,18,3,OPTIMAL,0,7,2,unsat,1.448457607999444,,7bd7e925318e2cc1df2bfe04109be9987a2c399357509814490fb86a7a8c58c2,,0,rq1-exact-623-20260926-5x,0
weakening/weaken_consequent/weaken_consequent_50_10_10.trace,047fb6e917b544904ae0,weakening,weakening_b3,18,3,OPTIMAL,0,7,3,unsat,2.8135974169999827,,aecade0d357e032352f6d624758ec126a3b3c3bf7cefe88386d9bc4fc065e1df,,0,rq1-exact-623-20260926-5x,0
weakening/weaken_consequent/weaken_consequent_50_10_10.trace,047fb6e917b544904ae0,weakening,weakening_b3,18,3,OPTIMAL,0,7,4,unsat,4.530547362001016,,fe76fe1338076f2d546405310dc6994ce57624ae3c6510b83232ecc7d9465d61,,0,rq1-exact-623-20260926-5x,0
weakening/weaken_consequent/weaken_consequent_50_10_10.trace,047fb6e917b544904ae0,weakening,weakening_b3,18,3,OPTIMAL,0,7,5,unsat,6.955440988000191,,3094c0a690d301b6916a7f27401c194c14193598671099c40a0806d1560a4769,,0,rq1-exact-623-20260926-5x,0
weakening/weaken_consequent/weaken_consequent_50_10_10.trace,047fb6e917b544904ae0,weakening,weakening_b3,18,3,OPTIMAL,0,7,6,unsat,9.88583728499907,,b0807364b8d714a9bef4ff0de71182e23b45b31d98c5addfce7e1c9f801ab544,,0,rq1-exact-623-20260926-5x,0
weakening/weaken_consequent/weaken_consequent_50_10_10.trace,047fb6e917b544904ae0,weakening,weakening_b3,18,3,OPTIMAL,0,7,7,sat,13.27471868900102,,a8850d921f32293617f174c2f7e5d191226c8faff69c8bd1be9174f4df03cfc3,6f035ff5a4ee67b1e1ecccf2655e2ff2d8c27932369a7e07d20cd1f21ec70b3f,0,rq1-exact-623-20260926-5x,0
weakening/weaken_consequent/weaken_consequent_55_10_10.trace,77b4dec37f96314ff448,weakening,weakening_b3,18,3,OPTIMAL,0,7,1,unsat,0.3402497500010213,,c1fb56dbac6e526721940c96183dc9d492af42b35ad1c3452718c0d63f0837da,,0,rq1-exact-623-20260926-5x,0
weakening/weaken_consequent/weaken_consequent_55_10_10.trace,77b4dec37f96314ff448,weakening,weakening_b3,18,3,OPTIMAL,0,7,2,unsat,1.6350468290002027,,288477a315af4f3249e8a604525b4b9e00819afa2e96578663e9b967736151cd,,0,rq1-exact-623-20260926-5x,0
weakening/weaken_consequent/weaken_consequent_55_10_10.trace,77b4dec37f96314ff448,weakening,weakening_b3,18,3,OPTIMAL,0,7,3,unsat,3.1923967319999065,,0ba44f54d2523dd0f8845bf33c0ce8fe4bbcea4109a13746018e81b5a4a60a25,,0,rq1-exact-623-20260926-5x,0
weakening/weaken_consequent/weaken_consequent_55_10_10.trace,77b4dec37f96314ff448,weakening,weakening_b3,18,3,OPTIMAL,0,7,4,unsat,5.104118305000156,,90ea867a95261c1b01ab64fdc7db602651f066e79517334cf195d6a5a5bafac0,,0,rq1-exact-623-20260926-5x,0
weakening/weaken_consequent/weaken_consequent_55_10_10.trace,77b4dec37f96314ff448,weakening,weakening_b3,18,3,OPTIMAL,0,7,5,unsat,8.041297997999209,,d96cd3cd8237a4fb1dcd6c2f7214dc142f842fc0cc839fd7bc8c818c7507cfa9,,0,rq1-exact-623-20260926-5x,0
weakening/weaken_consequent/weaken_consequent_55_10_10.trace,77b4dec37f96314ff448,weakening,weakening_b3,18,3,OPTIMAL,0,7,6,unsat,11.223331580999002,,cc7e9742846396b96caae8206dcebb9c619cd3ff39fdf1c4d789b9335f19e3ce,,0,rq1-exact-623-20260926-5x,0
weakening/weaken_consequent/weaken_consequent_55_10_10.trace,77b4dec37f96314ff448,weakening,weakening_b3,18,3,OPTIMAL,0,7,7,sat,15.042467090999708,,207e4b94fc8ecdaea0eea77981d69ae65b51535e7c0a3b71d2a4ee25e3c77033,6ca90a122c4d44a0f8135f3163c74c4470566f8dbe06fcc713cf1339aae0c245,0,rq1-exact-623-20260926-5x,0
weakening/weaken_consequent/weaken_consequent_5_10_10.trace,ad14754b4eec23e233c0,weakening,weakening_b3,18,3,OPTIMAL,0,7,1,unsat,0.04911001899927214,,d407e074ca04687c9925bd78703bc4abb11bc0052c5cefd5c301be7bb01ff25c,,0,rq1-exact-623-20260926-5x,0
weakening/weaken_consequent/weaken_consequent_5_10_10.trace,ad14754b4eec23e233c0,weakening,weakening_b3,18,3,OPTIMAL,0,7,2,unsat,0.1511873529998411,,ab074a406986358a4ef0f125b1d6c85e41b45069cb0da85b0e79a47b81dc5be2,,0,rq1-exact-623-20260926-5x,0
weakening/weaken_consequent/weaken_consequent_5_10_10.trace,ad14754b4eec23e233c0,weakening,weakening_b3,18,3,OPTIMAL,0,7,3,unsat,0.29229917699922225,,7eadd9795a286513e898f36fad96fd075c2585255aa16b559e56d71e346db8f3,,0,rq1-exact-623-20260926-5x,0
weakening/weaken_consequent/weaken_consequent_5_10_10.trace,ad14754b4eec23e233c0,weakening,weakening_b3,18,3,OPTIMAL,0,7,4,unsat,0.4706060359985713,,f0b599e0934e79d5f5b13da12a646ed9ddfa0d00e5394849ed106bc181e18e12,,0,rq1-exact-623-20260926-5x,0
weakening/weaken_consequent/weaken_consequent_5_10_10.trace,ad14754b4eec23e233c0,weakening,weakening_b3,18,3,OPTIMAL,0,7,5,unsat,0.7279386480004177,,8ac15118720662321cec6f23e403bd35d7aa00644e6f3bda18cc6460fdac30a3,,0,rq1-exact-623-20260926-5x,0
weakening/weaken_consequent/weaken_consequent_5_10_10.trace,ad14754b4eec23e233c0,weakening,weakening_b3,18,3,OPTIMAL,0,7,6,unsat,1.0115694220003206,,1c4a6817d705f765b586424cc3f7823e6f6254f58dcb59427d13f748f331ac09,,0,rq1-exact-623-20260926-5x,0
weakening/weaken_consequent/weaken_consequent_5_10_10.trace,ad14754b4eec23e233c0,weakening,weakening_b3,18,3,OPTIMAL,0,7,7,sat,1.3411523370014038,,48d00c2b2ac71cb9490cf80fe3916a94c22926877faa371cda6cda55ce280416,e0780b5d964def64c2c97c0f5d0ad4509c69dd23fff22caebdbad5ad06975092,0,rq1-exact-623-20260926-5x,0
weakening/weaken_consequent/weaken_consequent_60_10_10.trace,ec862a306449e47c8783,weakening,weakening_b3,18,3,OPTIMAL,0,7,1,unsat,0.3728916330001084,,9938406535834518b7cf205e7b926cfa872fb3dd8e287984b309a8990a1893c0,,0,rq1-exact-623-20260926-5x,0
weakening/weaken_consequent/weaken_consequent_60_10_10.trace,ec862a306449e47c8783,weakening,weakening_b3,18,3,OPTIMAL,0,7,2,unsat,1.7849354129994026,,dbd6c0474a73b0045a18402993c17fe9d63840fc4836db19888298f621229be0,,0,rq1-exact-623-20260926-5x,0
weakening/weaken_consequent/weaken_consequent_60_10_10.trace,ec862a306449e47c8783,weakening,weakening_b3,18,3,OPTIMAL,0,7,3,unsat,3.506666616000075,,9e420354e7cd4342ac43a042d84d235ec57560774b8e5f2c27bfb14cfbe9fce4,,0,rq1-exact-623-20260926-5x,0
weakening/weaken_consequent/weaken_consequent_60_10_10.trace,ec862a306449e47c8783,weakening,weakening_b3,18,3,OPTIMAL,0,7,4,unsat,5.608326260000467,,fdaa70cbf2000f967e2033ca88e814a85f735209100256de5b5dd16de56af99b,,0,rq1-exact-623-20260926-5x,0
weakening/weaken_consequent/weaken_consequent_60_10_10.trace,ec862a306449e47c8783,weakening,weakening_b3,18,3,OPTIMAL,0,7,5,unsat,8.710136875999524,,44826f681ce9fc05b7192cfabda403f396dc94c31219d05ca8b4e3fcf5fdf91e,,0,rq1-exact-623-20260926-5x,0
weakening/weaken_consequent/weaken_consequent_60_10_10.trace,ec862a306449e47c8783,weakening,weakening_b3,18,3,OPTIMAL,0,7,6,unsat,12.44364176199997,,ff8ceebd56dafc03334cecfb73b9001d2784561c2b8b36917864320af7a49ebb,,0,rq1-exact-623-20260926-5x,0
weakening/weaken_consequent/weaken_consequent_60_10_10.trace,ec862a306449e47c8783,weakening,weakening_b3,18,3,OPTIMAL,0,7,7,sat,16.488707106998845,,759f45910d23f742ca1e98160961b74edfc2802bfb9589c482d571971e734828,17833dc47e86ef24bfeb69b24d7c469ca1a21f6ff325ce292683c28fc3a3d46d,0,rq1-exact-623-20260926-5x,0
weakening/weaken_consequent/weaken_consequent_65_10_10.trace,636e9443b846f9fff265,weakening,weakening_b3,18,3,OPTIMAL,0,7,1,unsat,0.41750425399914093,,c8b6fee392d7c0ef00d52bc7af1f3df58c69bb7b558fd169094d84309564226d,,0,rq1-exact-623-20260926-5x,0
weakening/weaken_consequent/weaken_consequent_65_10_10.trace,636e9443b846f9fff265,weakening,weakening_b3,18,3,OPTIMAL,0,7,2,unsat,1.9957330750003166,,57d47df33b1bc9f1320c29832708003c271c1a5e069f56a02fe9dd5089910c23,,0,rq1-exact-623-20260926-5x,0
weakening/weaken_consequent/weaken_consequent_65_10_10.trace,636e9443b846f9fff265,weakening,weakening_b3,18,3,OPTIMAL,0,7,3,unsat,3.92782112399982,,920ac405b4cc6bb050cfe9efbce3c6f1aa2f42dda0c51de8559844186ecd2e39,,0,rq1-exact-623-20260926-5x,0
weakening/weaken_consequent/weaken_consequent_65_10_10.trace,636e9443b846f9fff265,weakening,weakening_b3,18,3,OPTIMAL,0,7,4,unsat,6.315320345000146,,d123b9694ece2b50b6dde768b8dfc9c465eac22989953ea28146f9d859f515e7,,0,rq1-exact-623-20260926-5x,0
weakening/weaken_consequent/weaken_consequent_65_10_10.trace,636e9443b846f9fff265,weakening,weakening_b3,18,3,OPTIMAL,0,7,5,unsat,9.811205076999613,,341c3c8b2db8ef872416395e3ddfd7276b2ef071d278c280212bf74959c28c78,,0,rq1-exact-623-20260926-5x,0
weakening/weaken_consequent/weaken_consequent_65_10_10.trace,636e9443b846f9fff265,weakening,weakening_b3,18,3,OPTIMAL,0,7,6,unsat,13.668507648999366,,20788a1ddc4af4d0a8a25988943f60fa76d281a18999a7d22713986d654ad616,,0,rq1-exact-623-20260926-5x,0
weakening/weaken_consequent/weaken_consequent_65_10_10.trace,636e9443b846f9fff265,weakening,weakening_b3,18,3,OPTIMAL,0,7,7,sat,19.080682477000664,,8cbaafce7c0c5b8e77b2bc2e30583ee567b53e47d82976bde9b9f7e3bcb6b889,30f4c393c64d416527877a271d4693e8e9a66f8262cde5b3d5774aeff4b062af,0,rq1-exact-623-20260926-5x,0
weakening/weaken_consequent/weaken_consequent_70_10_10.trace,d7ed52aa45e7937eca81,weakening,weakening_b3,18,3,OPTIMAL,0,7,1,unsat,0.43204002600032254,,780aa1d84ec834a4103f55119af1718abc7359a801854bfb6727b8027f2d56a3,,0,rq1-exact-623-20260926-5x,0
weakening/weaken_consequent/weaken_consequent_70_10_10.trace,d7ed52aa45e7937eca81,weakening,weakening_b3,18,3,OPTIMAL,0,7,2,unsat,2.0756670430000668,,673f8ac7e6deaaddba0d2aab0d9c8f535cc1b79ce7b884d1dce33a030b811d41,,0,rq1-exact-623-20260926-5x,0
weakening/weaken_consequent/weaken_consequent_70_10_10.trace,d7ed52aa45e7937eca81,weakening,weakening_b3,18,3,OPTIMAL,0,7,3,unsat,4.068804930999249,,8f23a62d38cb7ecd47464666f304b65e6b3873a5a3ca3148288a250ddaa4748f,,0,rq1-exact-623-20260926-5x,0
weakening/weaken_consequent/weaken_consequent_70_10_10.trace,d7ed52aa45e7937eca81,weakening,weakening_b3,18,3,OPTIMAL,0,7,4,unsat,6.530510295999193,,9423e813491d7757274a30263949e47d11c0c1cb26803da23550f70c50be292f,,0,rq1-exact-623-20260926-5x,0
weakening/weaken_consequent/weaken_consequent_70_10_10.trace,d7ed52aa45e7937eca81,weakening,weakening_b3,18,3,OPTIMAL,0,7,5,unsat,10.152366356998755,,3607e95f642adfc33d4533fd278390aa00055f6bf7cfdff58ccdc70c4ee098f4,,0,rq1-exact-623-20260926-5x,0
weakening/weaken_consequent/weaken_consequent_70_10_10.trace,d7ed52aa45e7937eca81,weakening,weakening_b3,18,3,OPTIMAL,0,7,6,unsat,14.54680200400071,,88adf21123fb3901ed69efdc9618edfd946f789828b2f0164bc1dc42fe207e23,,0,rq1-exact-623-20260926-5x,0
weakening/weaken_consequent/weaken_consequent_70_10_10.trace,d7ed52aa45e7937eca81,weakening,weakening_b3,18,3,OPTIMAL,0,7,7,sat,19.239989444000457,,86d2dbfc0177629b9239bc8e0d5d57a08f6fbcf29f3596f2f6707bcf1d86d52c,c6d8172a86218aab93e7e8b89cbae35cf15ee4f15c619d909620d5511df36dab,0,rq1-exact-623-20260926-5x,0
weakening/weaken_consequent/weaken_consequent_75_10_10.trace,eb1fcfbfefa398e68e73,weakening,weakening_b3,18,3,OPTIMAL,0,7,1,unsat,0.45724460299970815,,71bcc3288b44a8e725f7acb012a041307a5a90aaec06cf554fb7024af4e21e5a,,0,rq1-exact-623-20260926-5x,0
weakening/weaken_consequent/weaken_consequent_75_10_10.trace,eb1fcfbfefa398e68e73,weakening,weakening_b3,18,3,OPTIMAL,0,7,2,unsat,2.1947514429994044,,1b80fe89a7a979bc848db40ca07b89b8dd790586a07cffe98de44898282f4af7,,0,rq1-exact-623-20260926-5x,0
weakening/weaken_consequent/weaken_consequent_75_10_10.trace,eb1fcfbfefa398e68e73,weakening,weakening_b3,18,3,OPTIMAL,0,7,3,unsat,4.336719738999818,,a333cee842e3ff9715ee9f4b091c3a9493f9764dff60782a5f7890b5f06e2943,,0,rq1-exact-623-20260926-5x,0
weakening/weaken_consequent/weaken_consequent_75_10_10.trace,eb1fcfbfefa398e68e73,weakening,weakening_b3,18,3,OPTIMAL,0,7,4,unsat,6.9780988010006695,,c95fe81d2096825fd95ed8a3fcfe880760ecae082eefdfa66ddae42442102e19,,0,rq1-exact-623-20260926-5x,0
weakening/weaken_consequent/weaken_consequent_75_10_10.trace,eb1fcfbfefa398e68e73,weakening,weakening_b3,18,3,OPTIMAL,0,7,5,unsat,10.889819645000898,,90f38ade84cc4c703440d4f6d82bb67c22710afb6250e90fb0484ad6fc80baad,,0,rq1-exact-623-20260926-5x,0
weakening/weaken_consequent/weaken_consequent_75_10_10.trace,eb1fcfbfefa398e68e73,weakening,weakening_b3,18,3,OPTIMAL,0,7,6,unsat,15.410942294998677,,a8d41b0f8c501b086ad901f424bbb2b89a72f95dda6ee4c62120e8339f10d0a8,,0,rq1-exact-623-20260926-5x,0
weakening/weaken_consequent/weaken_consequent_75_10_10.trace,eb1fcfbfefa398e68e73,weakening,weakening_b3,18,3,OPTIMAL,0,7,7,sat,20.528330334998827,,19bb3541d1623dbe44d5c190f3f391ae0002531caec9a92f49b8d4a286f9a53d,10e068397b03c67c9198d2b11ce652c6605afbd93cea7f47a4b737fa0849e085,0,rq1-exact-623-20260926-5x,0
weakening/weaken_consequent/weaken_consequent_80_10_10.trace,e0b31320f5f545121cfd,weakening,weakening_b3,18,3,OPTIMAL,0,7,1,unsat,0.48024196999904234,,87a4b3baeb9f90a689d29520f965316585df7ac57945030af1294ac493c4491b,,0,rq1-exact-623-20260926-5x,0
weakening/weaken_consequent/weaken_consequent_80_10_10.trace,e0b31320f5f545121cfd,weakening,weakening_b3,18,3,OPTIMAL,0,7,2,unsat,2.333111170999473,,4ddb1e68b1a2697e848f65ae41f6e67206d9d374006cd6954bc8a7cdf37f5916,,0,rq1-exact-623-20260926-5x,0
weakening/weaken_consequent/weaken_consequent_80_10_10.trace,e0b31320f5f545121cfd,weakening,weakening_b3,18,3,OPTIMAL,0,7,3,unsat,4.626578598999913,,706290b7ac260111fd7ecd8352e149c95132fd5a51dc1b7de914dd8e8fe2d313,,0,rq1-exact-623-20260926-5x,0
weakening/weaken_consequent/weaken_consequent_80_10_10.trace,e0b31320f5f545121cfd,weakening,weakening_b3,18,3,OPTIMAL,0,7,4,unsat,7.3995664450012555,,98a9204b5ccb5c78fccf68b0787bf55c3df6f8aeac20a17e5ccc3ddac3d7d35f,,0,rq1-exact-623-20260926-5x,0
weakening/weaken_consequent/weaken_consequent_80_10_10.trace,e0b31320f5f545121cfd,weakening,weakening_b3,18,3,OPTIMAL,0,7,5,unsat,11.369563632999416,,5d9bdf5274eca6887614cc7e47d72ce144c8a9b21abafc6da246f81dad1b81ad,,0,rq1-exact-623-20260926-5x,0
weakening/weaken_consequent/weaken_consequent_80_10_10.trace,e0b31320f5f545121cfd,weakening,weakening_b3,18,3,OPTIMAL,0,7,6,unsat,16.361554289000196,,a2f3b88b708ced9f46b592e894ceacd890b493737ce61c826152b4fa0b2170c4,,0,rq1-exact-623-20260926-5x,0
weakening/weaken_consequent/weaken_consequent_80_10_10.trace,e0b31320f5f545121cfd,weakening,weakening_b3,18,3,OPTIMAL,0,7,7,sat,23.083829731998776,,aa3fba94b7610b4e5aef91807aa5752449617069d4b8f354e0cc060e903f8e61,469dbcfed41927b905324a1417efa61953dbe14836f9dbae3744f9ba3415c927,0,rq1-exact-623-20260926-5x,0
weakening/weaken_consequent/weaken_consequent_85_10_10.trace,8c6c7e14cab153c30425,weakening,weakening_b3,18,3,OPTIMAL,0,7,1,unsat,0.5199324339992017,,82b857a6fae0424abad3784c6cb7e76dba9fa765018b5e4e397e84f30e6fe903,,0,rq1-exact-623-20260926-5x,0
weakening/weaken_consequent/weaken_consequent_85_10_10.trace,8c6c7e14cab153c30425,weakening,weakening_b3,18,3,OPTIMAL,0,7,2,unsat,2.5228129949991853,,07ba9a926260eba84626e1f0c811f07b43ad982d044165488e67309a32d8e176,,0,rq1-exact-623-20260926-5x,0
weakening/weaken_consequent/weaken_consequent_85_10_10.trace,8c6c7e14cab153c30425,weakening,weakening_b3,18,3,OPTIMAL,0,7,3,unsat,4.981345176000104,,262a286c3b92bc2ca1b2c5e4133240202fce92d6b1d3fce130da67452cc5d702,,0,rq1-exact-623-20260926-5x,0
weakening/weaken_consequent/weaken_consequent_85_10_10.trace,8c6c7e14cab153c30425,weakening,weakening_b3,18,3,OPTIMAL,0,7,4,unsat,7.996409789999234,,7d6f63f0848ac032831d62ff96d2ab4c62187df692be7071770a269012134934,,0,rq1-exact-623-20260926-5x,0
weakening/weaken_consequent/weaken_consequent_85_10_10.trace,8c6c7e14cab153c30425,weakening,weakening_b3,18,3,OPTIMAL,0,7,5,unsat,12.394082841999989,,04749500c50e82dad546ae6b5e8fdf1d6875a9120c009fb445d06595cfab2567,,0,rq1-exact-623-20260926-5x,0
weakening/weaken_consequent/weaken_consequent_85_10_10.trace,8c6c7e14cab153c30425,weakening,weakening_b3,18,3,OPTIMAL,0,7,6,unsat,17.593454092000684,,f31e75b5ad2454ed392dbdc58c7494dff0d33d36179ee809d13702853a843c3f,,0,rq1-exact-623-20260926-5x,0
weakening/weaken_consequent/weaken_consequent_85_10_10.trace,8c6c7e14cab153c30425,weakening,weakening_b3,18,3,OPTIMAL,0,7,7,sat,23.725515258000087,,61d07110e7d3246ebdb344b015beb255d580903605eeaa282271b1b049431184,6ca90a122c4d44a0f8135f3163c74c4470566f8dbe06fcc713cf1339aae0c245,0,rq1-exact-623-20260926-5x,0
weakening/weaken_consequent/weaken_consequent_90_10_10.trace,0d995223325c7bac77c9,weakening,weakening_b3,18,3,OPTIMAL,0,7,1,unsat,0.5570217740005319,,7426b80a31718abb8752103bcc68312d45de6c5d2d5489c5033b74c3659b1dfa,,0,rq1-exact-623-20260926-5x,0
weakening/weaken_consequent/weaken_consequent_90_10_10.trace,0d995223325c7bac77c9,weakening,weakening_b3,18,3,OPTIMAL,0,7,2,unsat,2.6962655740007904,,9c97406a95e3d6ba360a85d5cd24182dac9ccecebd19673fc264a4db1673a910,,0,rq1-exact-623-20260926-5x,0
weakening/weaken_consequent/weaken_consequent_90_10_10.trace,0d995223325c7bac77c9,weakening,weakening_b3,18,3,OPTIMAL,0,7,3,unsat,5.319383400999868,,edbcb63f8dbfcf5002fe63ab9e5f8356f4cc8fd018275dbe0b2ce8bf6f713e84,,0,rq1-exact-623-20260926-5x,0
weakening/weaken_consequent/weaken_consequent_90_10_10.trace,0d995223325c7bac77c9,weakening,weakening_b3,18,3,OPTIMAL,0,7,4,unsat,8.559199387998888,,c075526289f08cb4ce9d630cbdabdaf1e1167186bfaffb883d7e0fc775489450,,0,rq1-exact-623-20260926-5x,0
weakening/weaken_consequent/weaken_consequent_90_10_10.trace,0d995223325c7bac77c9,weakening,weakening_b3,18,3,OPTIMAL,0,7,5,unsat,13.319551505001073,,ff695410e04d0ca5dbaee0b83854acb7358f04de216df73135b01d2ca09663b7,,0,rq1-exact-623-20260926-5x,0
weakening/weaken_consequent/weaken_consequent_90_10_10.trace,0d995223325c7bac77c9,weakening,weakening_b3,18,3,OPTIMAL,0,7,6,unsat,18.838338961000773,,ce034472640286bf17c01073c80e45a6d3c95b99380aa541b326c5d5268ce51e,,0,rq1-exact-623-20260926-5x,0
weakening/weaken_consequent/weaken_consequent_90_10_10.trace,0d995223325c7bac77c9,weakening,weakening_b3,18,3,OPTIMAL,0,7,7,sat,25.26861590200133,,7d52f8592dc95516a6a5a9365b4b8a2bdffdcb02771e30444bddf160c14eb818,30f4c393c64d416527877a271d4693e8e9a66f8262cde5b3d5774aeff4b062af,0,rq1-exact-623-20260926-5x,0
weakening/weaken_consequent/weaken_consequent_95_10_10.trace,4bc8c15d2e31f7367f1b,weakening,weakening_b3,18,3,OPTIMAL,0,7,1,unsat,0.5723596520001593,,c4e05c2e4b98c2c47458f21c3a9b9790e3d250269a73af641e7be43d26386fc7,,0,rq1-exact-623-20260926-5x,0
weakening/weaken_consequent/weaken_consequent_95_10_10.trace,4bc8c15d2e31f7367f1b,weakening,weakening_b3,18,3,OPTIMAL,0,7,2,unsat,2.776099533000888,,547827245257b64dfecfa377b1e7aaef5313a7c3436a6b6c6730c65de66b4d66,,0,rq1-exact-623-20260926-5x,0
weakening/weaken_consequent/weaken_consequent_95_10_10.trace,4bc8c15d2e31f7367f1b,weakening,weakening_b3,18,3,OPTIMAL,0,7,3,unsat,5.497882456998923,,4e7c66f4e0c4da46385f6d551ef5004f13ec60bd95d7d6a489e0ff5fe61b8445,,0,rq1-exact-623-20260926-5x,0
weakening/weaken_consequent/weaken_consequent_95_10_10.trace,4bc8c15d2e31f7367f1b,weakening,weakening_b3,18,3,OPTIMAL,0,7,4,unsat,8.852316533999328,,13d83165701511056903d74362e5aaa1e0f8668c83aa5ef208f115b0ab12863c,,0,rq1-exact-623-20260926-5x,0
weakening/weaken_consequent/weaken_consequent_95_10_10.trace,4bc8c15d2e31f7367f1b,weakening,weakening_b3,18,3,OPTIMAL,0,7,5,unsat,13.801470744001563,,4e1b159679a53a8f8f4fdb92f07d904cafc020a3dd84660f9abf5fc3328e5a3d,,0,rq1-exact-623-20260926-5x,0
weakening/weaken_consequent/weaken_consequent_95_10_10.trace,4bc8c15d2e31f7367f1b,weakening,weakening_b3,18,3,OPTIMAL,0,7,6,unsat,19.408504363000247,,17ef98d7e953e883701d53c4b0a588996bf3df392b0ab96064d3b4c53fee1a5c,,0,rq1-exact-623-20260926-5x,0
weakening/weaken_consequent/weaken_consequent_95_10_10.trace,4bc8c15d2e31f7367f1b,weakening,weakening_b3,18,3,OPTIMAL,0,7,7,sat,25.991827042000295,,2e5b3146761ccd4e2a50f1456d7b85ff34de22d18ebe30cc7ff9959f94e62a1b,10e068397b03c67c9198d2b11ce652c6605afbd93cea7f47a4b737fa0849e085,0,rq1-exact-623-20260926-5x,0
